# metres; Y up; ground-centred pivot
mtllib 16_Barril_Cerrado.mtl
v -0.4160000 0.4475000 0.0000000
v -0.4160000 0.4475000 0.0000000
v -0.4160000 0.5125000 0.0000000
v -0.4160000 0.5125000 0.0000000
v -0.4080067 0.4475000 -0.0811576
v -0.4080067 0.4475000 -0.0811576
v -0.4080067 0.4475000 0.0811576
v -0.4080067 0.4475000 0.0811576
v -0.4080067 0.5125000 -0.0811576
v -0.4080067 0.5125000 -0.0811576
v -0.4080067 0.5125000 0.0811576
v -0.4080067 0.5125000 0.0811576
v -0.4000000 0.5400000 0.0000000
v -0.3923141 0.5400000 -0.0780361
v -0.3923141 0.5400000 0.0780361
v -0.3920000 0.4475000 0.0000000
v -0.3920000 0.4475000 0.0000000
v -0.3920000 0.5125000 0.0000000
v -0.3920000 0.5125000 0.0000000
v -0.3900000 0.3100000 0.0000000
v -0.3844678 0.4475000 -0.0764754
v -0.3844678 0.4475000 -0.0764754
v -0.3844678 0.4475000 0.0764754
v -0.3844678 0.4475000 0.0764754
v -0.3844678 0.5125000 -0.0764754
v -0.3844678 0.5125000 -0.0764754
v -0.3844678 0.5125000 0.0764754
v -0.3844678 0.5125000 0.0764754
v -0.3843339 0.4475000 -0.1591963
v -0.3843339 0.4475000 -0.1591963
v -0.3843339 0.4475000 0.1591963
v -0.3843339 0.4475000 0.1591963
v -0.3843339 0.5125000 -0.1591963
v -0.3843339 0.5125000 -0.1591963
v -0.3843339 0.5125000 0.1591963
v -0.3843339 0.5125000 0.1591963
v -0.3825063 0.3100000 -0.0760852
v -0.3825063 0.3100000 0.0760852
v -0.3700000 0.8200000 0.0000000
v -0.3695518 0.5400000 -0.1530734
v -0.3695518 0.5400000 0.1530734
v -0.3650000 0.0675000 0.0000000
v -0.3650000 0.0675000 0.0000000
v -0.3650000 0.1325000 0.0000000
v -0.3650000 0.1325000 0.0000000
v -0.3628906 0.8200000 -0.0721834
v -0.3628906 0.8200000 0.0721834
v -0.3621608 0.4475000 -0.1500119
v -0.3621608 0.4475000 -0.1500119
v -0.3621608 0.4475000 0.1500119
v -0.3621608 0.4475000 0.1500119
v -0.3621608 0.5125000 -0.1500119
v -0.3621608 0.5125000 -0.1500119
v -0.3621608 0.5125000 0.1500119
v -0.3621608 0.5125000 0.1500119
v -0.3603130 0.3100000 -0.1492465
v -0.3603130 0.3100000 0.1492465
v -0.3579866 0.0675000 -0.0712080
v -0.3579866 0.0675000 -0.0712080
v -0.3579866 0.0675000 0.0712080
v -0.3579866 0.0675000 0.0712080
v -0.3579866 0.1325000 -0.0712080
v -0.3579866 0.1325000 -0.0712080
v -0.3579866 0.1325000 0.0712080
v -0.3579866 0.1325000 0.0712080
v -0.3560000 0.8775000 0.0000000
v -0.3560000 0.8775000 0.0000000
v -0.3560000 0.9425000 0.0000000
v -0.3560000 0.9425000 0.0000000
v -0.3491596 0.8775000 -0.0694522
v -0.3491596 0.8775000 -0.0694522
v -0.3491596 0.8775000 0.0694522
v -0.3491596 0.8775000 0.0694522
v -0.3491596 0.9425000 -0.0694522
v -0.3491596 0.9425000 -0.0694522
v -0.3491596 0.9425000 0.0694522
v -0.3491596 0.9425000 0.0694522
v -0.3458914 0.4475000 -0.2311172
v -0.3458914 0.4475000 -0.2311172
v -0.3458914 0.4475000 0.2311172
v -0.3458914 0.4475000 0.2311172
v -0.3458914 0.5125000 -0.2311172
v -0.3458914 0.5125000 -0.2311172
v -0.3458914 0.5125000 0.2311172
v -0.3458914 0.5125000 0.2311172
v -0.3418354 0.8200000 -0.1415929
v -0.3418354 0.8200000 0.1415929
v -0.3410000 0.0675000 0.0000000
v -0.3410000 0.0675000 0.0000000
v -0.3410000 0.1325000 0.0000000
v -0.3410000 0.1325000 0.0000000
v -0.3400000 0.0400000 0.0000000
v -0.3372160 0.0675000 -0.1396795
v -0.3372160 0.0675000 -0.1396795
v -0.3372160 0.0675000 0.1396795
v -0.3372160 0.0675000 0.1396795
v -0.3372160 0.1325000 -0.1396795
v -0.3372160 0.1325000 -0.1396795
v -0.3372160 0.1325000 0.1396795
v -0.3372160 0.1325000 0.1396795
v -0.3344478 0.0675000 -0.0665258
v -0.3344478 0.0675000 -0.0665258
v -0.3344478 0.0675000 0.0665258
v -0.3344478 0.0675000 0.0665258
v -0.3344478 0.1325000 -0.0665258
v -0.3344478 0.1325000 -0.0665258
v -0.3344478 0.1325000 0.0665258
v -0.3344478 0.1325000 0.0665258
v -0.3334670 0.0400000 -0.0663307
v -0.3334670 0.0400000 0.0663307
v -0.3325878 0.5400000 -0.2222281
v -0.3325878 0.5400000 0.2222281
v -0.3320000 0.8775000 0.0000000
v -0.3320000 0.8775000 0.0000000
v -0.3320000 0.9425000 0.0000000
v -0.3320000 0.9425000 0.0000000
v -0.3289011 0.8775000 -0.1362353
v -0.3289011 0.8775000 -0.1362353
v -0.3289011 0.8775000 0.1362353
v -0.3289011 0.8775000 0.1362353
v -0.3289011 0.9425000 -0.1362353
v -0.3289011 0.9425000 -0.1362353
v -0.3289011 0.9425000 0.1362353
v -0.3289011 0.9425000 0.1362353
v -0.3259361 0.4475000 -0.2177835
v -0.3259361 0.4475000 -0.2177835
v -0.3259361 0.4475000 0.2177835
v -0.3259361 0.4475000 0.2177835
v -0.3259361 0.5125000 -0.2177835
v -0.3259361 0.5125000 -0.2177835
v -0.3259361 0.5125000 0.2177835
v -0.3259361 0.5125000 0.2177835
v -0.3256207 0.8775000 -0.0647700
v -0.3256207 0.8775000 -0.0647700
v -0.3256207 0.8775000 0.0647700
v -0.3256207 0.8775000 0.0647700
v -0.3256207 0.9425000 -0.0647700
v -0.3256207 0.9425000 -0.0647700
v -0.3256207 0.9425000 0.0647700
v -0.3256207 0.9425000 0.0647700
v -0.3242731 0.3100000 -0.2166724
v -0.3242731 0.3100000 0.2166724
v -0.3200000 1.0000000 0.0000000
v -0.3200000 1.0000000 0.0000000
v -0.3150429 0.0675000 -0.1304951
v -0.3150429 0.0675000 -0.1304951
v -0.3150429 0.0675000 0.1304951
v -0.3150429 0.0675000 0.1304951
v -0.3150429 0.1325000 -0.1304951
v -0.3150429 0.1325000 -0.1304951
v -0.3150429 0.1325000 0.1304951
v -0.3150429 0.1325000 0.1304951
v -0.3141190 0.0400000 -0.1301124
v -0.3141190 0.0400000 0.1301124
v -0.3138513 1.0000000 -0.0624289
v -0.3138513 1.0000000 -0.0624289
v -0.3138513 1.0000000 0.0624289
v -0.3138513 1.0000000 0.0624289
v -0.3076438 0.8200000 -0.2055610
v -0.3076438 0.8200000 0.2055610
v -0.3067280 0.8775000 -0.1270509
v -0.3067280 0.8775000 -0.1270509
v -0.3067280 0.8775000 0.1270509
v -0.3067280 0.8775000 0.1270509
v -0.3067280 0.9425000 -0.1270509
v -0.3067280 0.9425000 -0.1270509
v -0.3067280 0.9425000 0.1270509
v -0.3067280 0.9425000 0.1270509
v -0.3034864 0.0675000 -0.2027831
v -0.3034864 0.0675000 -0.2027831
v -0.3034864 0.0675000 0.2027831
v -0.3034864 0.0675000 0.2027831
v -0.3034864 0.1325000 -0.2027831
v -0.3034864 0.1325000 -0.2027831
v -0.3034864 0.1325000 0.2027831
v -0.3034864 0.1325000 0.2027831
v -0.2960032 0.8775000 -0.1977830
v -0.2960032 0.8775000 -0.1977830
v -0.2960032 0.8775000 0.1977830
v -0.2960032 0.8775000 0.1977830
v -0.2960032 0.9425000 -0.1977830
v -0.2960032 0.9425000 -0.1977830
v -0.2960032 0.9425000 0.1977830
v -0.2960032 0.9425000 0.1977830
v -0.2956415 1.0000000 -0.1224587
v -0.2956415 1.0000000 -0.1224587
v -0.2956415 1.0000000 0.1224587
v -0.2956415 1.0000000 0.1224587
v -0.2941564 0.4475000 -0.2941564
v -0.2941564 0.4475000 -0.2941564
v -0.2941564 0.4475000 0.2941564
v -0.2941564 0.4475000 0.2941564
v -0.2941564 0.5125000 -0.2941564
v -0.2941564 0.5125000 -0.2941564
v -0.2941564 0.5125000 0.2941564
v -0.2941564 0.5125000 0.2941564
v -0.2900000 0.0000000 0.0000000
v -0.2900000 0.0000000 0.0000000
v -0.2844277 0.0000000 -0.0565762
v -0.2844277 0.0000000 -0.0565762
v -0.2844277 0.0000000 0.0565762
v -0.2844277 0.0000000 0.0565762
v -0.2835311 0.0675000 -0.1894494
v -0.2835311 0.0675000 -0.1894494
v -0.2835311 0.0675000 0.1894494
v -0.2835311 0.0675000 0.1894494
v -0.2835311 0.1325000 -0.1894494
v -0.2835311 0.1325000 -0.1894494
v -0.2835311 0.1325000 0.1894494
v -0.2835311 0.1325000 0.1894494
v -0.2828427 0.5400000 -0.2828427
v -0.2828427 0.5400000 0.2828427
v -0.2826997 0.0400000 -0.1888939
v -0.2826997 0.0400000 0.1888939
v -0.2771859 0.4475000 -0.2771859
v -0.2771859 0.4475000 -0.2771859
v -0.2771859 0.4475000 0.2771859
v -0.2771859 0.4475000 0.2771859
v -0.2771859 0.5125000 -0.2771859
v -0.2771859 0.5125000 -0.2771859
v -0.2771859 0.5125000 0.2771859
v -0.2771859 0.5125000 0.2771859
v -0.2760479 0.8775000 -0.1844493
v -0.2760479 0.8775000 -0.1844493
v -0.2760479 0.8775000 0.1844493
v -0.2760479 0.8775000 0.1844493
v -0.2760479 0.9425000 -0.1844493
v -0.2760479 0.9425000 -0.1844493
v -0.2760479 0.9425000 0.1844493
v -0.2760479 0.9425000 0.1844493
v -0.2757716 0.3100000 -0.2757716
v -0.2757716 0.3100000 0.2757716
v -0.2725000 0.9948500 -0.1966108
v -0.2725000 0.9948500 -0.1966108
v -0.2725000 0.9948500 -0.1966108
v -0.2725000 0.9948500 0.1966108
v -0.2725000 0.9948500 0.1966108
v -0.2725000 0.9948500 0.1966108
v -0.2725000 1.0151500 -0.1966108
v -0.2725000 1.0151500 -0.1966108
v -0.2725000 1.0151500 -0.1966108
v -0.2725000 1.0151500 0.1966108
v -0.2725000 1.0151500 0.1966108
v -0.2725000 1.0151500 0.1966108
v -0.2679251 0.0000000 -0.1109782
v -0.2679251 0.0000000 -0.1109782
v -0.2679251 0.0000000 0.1109782
v -0.2679251 0.0000000 0.1109782
v -0.2660703 1.0000000 -0.1777825
v -0.2660703 1.0000000 -0.1777825
v -0.2660703 1.0000000 0.1777825
v -0.2660703 1.0000000 0.1777825
v -0.2651500 0.9875000 -0.1966108
v -0.2651500 0.9875000 -0.1966108
v -0.2651500 0.9875000 0.1966108
v -0.2651500 0.9875000 0.1966108
v -0.2651500 0.9948500 -0.2039608
v -0.2651500 0.9948500 0.2039608
v -0.2651500 1.0151500 -0.2039608
v -0.2651500 1.0151500 0.2039608
v -0.2651500 1.0225000 -0.1966108
v -0.2651500 1.0225000 -0.1966108
v -0.2651500 1.0225000 0.1966108
v -0.2651500 1.0225000 0.1966108
v -0.2616295 0.8200000 -0.2616295
v -0.2616295 0.8200000 0.2616295
v -0.2580940 0.0675000 -0.2580940
v -0.2580940 0.0675000 -0.2580940
v -0.2580940 0.0675000 0.2580940
v -0.2580940 0.0675000 0.2580940
v -0.2580940 0.1325000 -0.2580940
v -0.2580940 0.1325000 -0.2580940
v -0.2580940 0.1325000 0.2580940
v -0.2580940 0.1325000 0.2580940
v -0.2517300 0.8775000 -0.2517300
v -0.2517300 0.8775000 -0.2517300
v -0.2517300 0.8775000 0.2517300
v -0.2517300 0.8775000 0.2517300
v -0.2517300 0.9425000 -0.2517300
v -0.2517300 0.9425000 -0.2517300
v -0.2517300 0.9425000 0.2517300
v -0.2517300 0.9425000 0.2517300
v -0.2411262 0.0000000 -0.1611154
v -0.2411262 0.0000000 -0.1611154
v -0.2411262 0.0000000 0.1611154
v -0.2411262 0.0000000 0.1611154
v -0.2411234 0.0675000 -0.2411234
v -0.2411234 0.0675000 -0.2411234
v -0.2411234 0.0675000 0.2411234
v -0.2411234 0.0675000 0.2411234
v -0.2411234 0.1325000 -0.2411234
v -0.2411234 0.1325000 -0.2411234
v -0.2411234 0.1325000 0.2411234
v -0.2411234 0.1325000 0.2411234
v -0.2404163 0.0400000 -0.2404163
v -0.2404163 0.0400000 0.2404163
v -0.2347595 0.8775000 -0.2347595
v -0.2347595 0.8775000 -0.2347595
v -0.2347595 0.8775000 0.2347595
v -0.2347595 0.8775000 0.2347595
v -0.2347595 0.9425000 -0.2347595
v -0.2347595 0.9425000 -0.2347595
v -0.2347595 0.9425000 0.2347595
v -0.2347595 0.9425000 0.2347595
v -0.2311172 0.4475000 -0.3458914
v -0.2311172 0.4475000 -0.3458914
v -0.2311172 0.4475000 0.3458914
v -0.2311172 0.4475000 0.3458914
v -0.2311172 0.5125000 -0.3458914
v -0.2311172 0.5125000 -0.3458914
v -0.2311172 0.5125000 0.3458914
v -0.2311172 0.5125000 0.3458914
v -0.2262742 1.0000000 -0.2262742
v -0.2262742 1.0000000 -0.2262742
v -0.2262742 1.0000000 0.2262742
v -0.2262742 1.0000000 0.2262742
v -0.2222281 0.5400000 -0.3325878
v -0.2222281 0.5400000 0.3325878
v -0.2177835 0.4475000 -0.3259361
v -0.2177835 0.4475000 -0.3259361
v -0.2177835 0.4475000 0.3259361
v -0.2177835 0.4475000 0.3259361
v -0.2177835 0.5125000 -0.3259361
v -0.2177835 0.5125000 -0.3259361
v -0.2177835 0.5125000 0.3259361
v -0.2177835 0.5125000 0.3259361
v -0.2166724 0.3100000 -0.3242731
v -0.2166724 0.3100000 0.3242731
v -0.2055610 0.8200000 -0.3076438
v -0.2055610 0.8200000 0.3076438
v -0.2050610 0.0000000 -0.2050610
v -0.2050610 0.0000000 -0.2050610
v -0.2050610 0.0000000 0.2050610
v -0.2050610 0.0000000 0.2050610
v -0.2027831 0.0675000 -0.3034864
v -0.2027831 0.0675000 -0.3034864
v -0.2027831 0.0675000 0.3034864
v -0.2027831 0.0675000 0.3034864
v -0.2027831 0.1325000 -0.3034864
v -0.2027831 0.1325000 -0.3034864
v -0.2027831 0.1325000 0.3034864
v -0.2027831 0.1325000 0.3034864
v -0.1977830 0.8775000 -0.2960032
v -0.1977830 0.8775000 -0.2960032
v -0.1977830 0.8775000 0.2960032
v -0.1977830 0.8775000 0.2960032
v -0.1977830 0.9425000 -0.2960032
v -0.1977830 0.9425000 -0.2960032
v -0.1977830 0.9425000 0.2960032
v -0.1977830 0.9425000 0.2960032
v -0.1894494 0.0675000 -0.2835311
v -0.1894494 0.0675000 -0.2835311
v -0.1894494 0.0675000 0.2835311
v -0.1894494 0.0675000 0.2835311
v -0.1894494 0.1325000 -0.2835311
v -0.1894494 0.1325000 -0.2835311
v -0.1894494 0.1325000 0.2835311
v -0.1894494 0.1325000 0.2835311
v -0.1888939 0.0400000 -0.2826997
v -0.1888939 0.0400000 0.2826997
v -0.1844493 0.8775000 -0.2760479
v -0.1844493 0.8775000 -0.2760479
v -0.1844493 0.8775000 0.2760479
v -0.1844493 0.8775000 0.2760479
v -0.1844493 0.9425000 -0.2760479
v -0.1844493 0.9425000 -0.2760479
v -0.1844493 0.9425000 0.2760479
v -0.1844493 0.9425000 0.2760479
v -0.1777825 1.0000000 -0.2660703
v -0.1777825 1.0000000 -0.2660703
v -0.1777825 1.0000000 0.2660703
v -0.1777825 1.0000000 0.2660703
v -0.1748500 0.9875000 -0.1966108
v -0.1748500 0.9875000 -0.1966108
v -0.1748500 0.9875000 0.1966108
v -0.1748500 0.9875000 0.1966108
v -0.1748500 0.9948500 -0.2039608
v -0.1748500 0.9948500 0.2039608
v -0.1748500 1.0151500 -0.2039608
v -0.1748500 1.0151500 0.2039608
v -0.1748500 1.0225000 -0.1966108
v -0.1748500 1.0225000 -0.1966108
v -0.1748500 1.0225000 0.1966108
v -0.1748500 1.0225000 0.1966108
v -0.1675000 0.9948500 -0.1966108
v -0.1675000 0.9948500 -0.1966108
v -0.1675000 0.9948500 -0.1966108
v -0.1675000 0.9948500 0.1966108
v -0.1675000 0.9948500 0.1966108
v -0.1675000 0.9948500 0.1966108
v -0.1675000 1.0151500 -0.1966108
v -0.1675000 1.0151500 -0.1966108
v -0.1675000 1.0151500 -0.1966108
v -0.1675000 1.0151500 0.1966108
v -0.1675000 1.0151500 0.1966108
v -0.1675000 1.0151500 0.1966108
v -0.1625000 0.9948500 -0.2717557
v -0.1625000 0.9948500 -0.2717557
v -0.1625000 0.9948500 0.2717557
v -0.1625000 0.9948500 0.2717557
v -0.1625000 1.0151500 -0.2717557
v -0.1625000 1.0151500 -0.2717557
v -0.1625000 1.0151500 0.2717557
v -0.1625000 1.0151500 0.2717557
v -0.1611154 0.0000000 -0.2411262
v -0.1611154 0.0000000 -0.2411262
v -0.1611154 0.0000000 0.2411262
v -0.1611154 0.0000000 0.2411262
v -0.1591963 0.4475000 -0.3843339
v -0.1591963 0.4475000 -0.3843339
v -0.1591963 0.4475000 0.3843339
v -0.1591963 0.4475000 0.3843339
v -0.1591963 0.5125000 -0.3843339
v -0.1591963 0.5125000 -0.3843339
v -0.1591963 0.5125000 0.3843339
v -0.1591963 0.5125000 0.3843339
v -0.1551500 0.9875000 -0.2717557
v -0.1551500 0.9875000 0.2717557
v -0.1551500 0.9948500 -0.2791057
v -0.1551500 0.9948500 -0.2791057
v -0.1551500 0.9948500 0.2791057
v -0.1551500 0.9948500 0.2791057
v -0.1551500 1.0151500 -0.2791057
v -0.1551500 1.0151500 -0.2791057
v -0.1551500 1.0151500 -0.2791057
v -0.1551500 1.0151500 0.2791057
v -0.1551500 1.0151500 0.2791057
v -0.1551500 1.0151500 0.2791057
v -0.1551500 1.0225000 -0.2717557
v -0.1551500 1.0225000 0.2717557
v -0.1530734 0.5400000 -0.3695518
v -0.1530734 0.5400000 0.3695518
v -0.1500119 0.4475000 -0.3621608
v -0.1500119 0.4475000 -0.3621608
v -0.1500119 0.4475000 0.3621608
v -0.1500119 0.4475000 0.3621608
v -0.1500119 0.5125000 -0.3621608
v -0.1500119 0.5125000 -0.3621608
v -0.1500119 0.5125000 0.3621608
v -0.1500119 0.5125000 0.3621608
v -0.1492465 0.3100000 -0.3603130
v -0.1492465 0.3100000 0.3603130
v -0.1415929 0.8200000 -0.3418354
v -0.1415929 0.8200000 0.3418354
v -0.1396795 0.0675000 -0.3372160
v -0.1396795 0.0675000 -0.3372160
v -0.1396795 0.0675000 0.3372160
v -0.1396795 0.0675000 0.3372160
v -0.1396795 0.1325000 -0.3372160
v -0.1396795 0.1325000 -0.3372160
v -0.1396795 0.1325000 0.3372160
v -0.1396795 0.1325000 0.3372160
v -0.1362353 0.8775000 -0.3289011
v -0.1362353 0.8775000 -0.3289011
v -0.1362353 0.8775000 0.3289011
v -0.1362353 0.8775000 0.3289011
v -0.1362353 0.9425000 -0.3289011
v -0.1362353 0.9425000 -0.3289011
v -0.1362353 0.9425000 0.3289011
v -0.1362353 0.9425000 0.3289011
v -0.1304951 0.0675000 -0.3150429
v -0.1304951 0.0675000 -0.3150429
v -0.1304951 0.0675000 0.3150429
v -0.1304951 0.0675000 0.3150429
v -0.1304951 0.1325000 -0.3150429
v -0.1304951 0.1325000 -0.3150429
v -0.1304951 0.1325000 0.3150429
v -0.1304951 0.1325000 0.3150429
v -0.1301124 0.0400000 -0.3141190
v -0.1301124 0.0400000 0.3141190
v -0.1270509 0.8775000 -0.3067280
v -0.1270509 0.8775000 -0.3067280
v -0.1270509 0.8775000 0.3067280
v -0.1270509 0.8775000 0.3067280
v -0.1270509 0.9425000 -0.3067280
v -0.1270509 0.9425000 -0.3067280
v -0.1270509 0.9425000 0.3067280
v -0.1270509 0.9425000 0.3067280
v -0.1224587 1.0000000 -0.2956415
v -0.1224587 1.0000000 -0.2956415
v -0.1224587 1.0000000 0.2956415
v -0.1224587 1.0000000 0.2956415
v -0.1109782 0.0000000 -0.2679251
v -0.1109782 0.0000000 -0.2679251
v -0.1109782 0.0000000 0.2679251
v -0.1109782 0.0000000 0.2679251
v -0.0811576 0.4475000 -0.4080067
v -0.0811576 0.4475000 -0.4080067
v -0.0811576 0.4475000 0.4080067
v -0.0811576 0.4475000 0.4080067
v -0.0811576 0.5125000 -0.4080067
v -0.0811576 0.5125000 -0.4080067
v -0.0811576 0.5125000 0.4080067
v -0.0811576 0.5125000 0.4080067
v -0.0780361 0.5400000 -0.3923141
v -0.0780361 0.5400000 0.3923141
v -0.0764754 0.4475000 -0.3844678
v -0.0764754 0.4475000 -0.3844678
v -0.0764754 0.4475000 0.3844678
v -0.0764754 0.4475000 0.3844678
v -0.0764754 0.5125000 -0.3844678
v -0.0764754 0.5125000 -0.3844678
v -0.0764754 0.5125000 0.3844678
v -0.0764754 0.5125000 0.3844678
v -0.0760852 0.3100000 -0.3825063
v -0.0760852 0.3100000 0.3825063
v -0.0721834 0.8200000 -0.3628906
v -0.0721834 0.8200000 0.3628906
v -0.0712080 0.0675000 -0.3579866
v -0.0712080 0.0675000 -0.3579866
v -0.0712080 0.0675000 0.3579866
v -0.0712080 0.0675000 0.3579866
v -0.0712080 0.1325000 -0.3579866
v -0.0712080 0.1325000 -0.3579866
v -0.0712080 0.1325000 0.3579866
v -0.0712080 0.1325000 0.3579866
v -0.0694522 0.8775000 -0.3491596
v -0.0694522 0.8775000 -0.3491596
v -0.0694522 0.8775000 0.3491596
v -0.0694522 0.8775000 0.3491596
v -0.0694522 0.9425000 -0.3491596
v -0.0694522 0.9425000 -0.3491596
v -0.0694522 0.9425000 0.3491596
v -0.0694522 0.9425000 0.3491596
v -0.0665258 0.0675000 -0.3344478
v -0.0665258 0.0675000 -0.3344478
v -0.0665258 0.0675000 0.3344478
v -0.0665258 0.0675000 0.3344478
v -0.0665258 0.1325000 -0.3344478
v -0.0665258 0.1325000 -0.3344478
v -0.0665258 0.1325000 0.3344478
v -0.0665258 0.1325000 0.3344478
v -0.0663307 0.0400000 -0.3334670
v -0.0663307 0.0400000 0.3334670
v -0.0648500 0.9875000 -0.2717557
v -0.0648500 0.9875000 0.2717557
v -0.0648500 0.9948500 -0.2791057
v -0.0648500 0.9948500 -0.2791057
v -0.0648500 0.9948500 -0.2791057
v -0.0648500 0.9948500 0.2791057
v -0.0648500 0.9948500 0.2791057
v -0.0648500 0.9948500 0.2791057
v -0.0648500 1.0151500 -0.2791057
v -0.0648500 1.0151500 -0.2791057
v -0.0648500 1.0151500 -0.2791057
v -0.0648500 1.0151500 0.2791057
v -0.0648500 1.0151500 0.2791057
v -0.0648500 1.0151500 0.2791057
v -0.0648500 1.0225000 -0.2717557
v -0.0648500 1.0225000 0.2717557
v -0.0647700 0.8775000 -0.3256207
v -0.0647700 0.8775000 -0.3256207
v -0.0647700 0.8775000 0.3256207
v -0.0647700 0.8775000 0.3256207
v -0.0647700 0.9425000 -0.3256207
v -0.0647700 0.9425000 -0.3256207
v -0.0647700 0.9425000 0.3256207
v -0.0647700 0.9425000 0.3256207
v -0.0624289 1.0000000 -0.3138513
v -0.0624289 1.0000000 -0.3138513
v -0.0624289 1.0000000 0.3138513
v -0.0624289 1.0000000 0.3138513
v -0.0575000 0.9948500 -0.2717557
v -0.0575000 0.9948500 -0.2717557
v -0.0575000 0.9948500 0.2717557
v -0.0575000 0.9948500 0.2717557
v -0.0575000 1.0151500 -0.2717557
v -0.0575000 1.0151500 -0.2717557
v -0.0575000 1.0151500 0.2717557
v -0.0575000 1.0151500 0.2717557
v -0.0565762 0.0000000 -0.2844277
v -0.0565762 0.0000000 -0.2844277
v -0.0565762 0.0000000 0.2844277
v -0.0565762 0.0000000 0.2844277
v -0.0525000 0.9948500 -0.2926500
v -0.0525000 0.9948500 -0.2926500
v -0.0525000 0.9948500 0.2926500
v -0.0525000 0.9948500 0.2926500
v -0.0525000 1.0151500 -0.2926500
v -0.0525000 1.0151500 -0.2926500
v -0.0525000 1.0151500 0.2926500
v -0.0525000 1.0151500 0.2926500
v -0.0451500 0.9875000 -0.2926500
v -0.0451500 0.9875000 0.2926500
v -0.0451500 0.9948500 -0.3000000
v -0.0451500 0.9948500 -0.3000000
v -0.0451500 0.9948500 0.3000000
v -0.0451500 0.9948500 0.3000000
v -0.0451500 1.0151500 -0.3000000
v -0.0451500 1.0151500 -0.3000000
v -0.0451500 1.0151500 -0.3000000
v -0.0451500 1.0151500 0.3000000
v -0.0451500 1.0151500 0.3000000
v -0.0451500 1.0151500 0.3000000
v -0.0451500 1.0225000 -0.2926500
v -0.0451500 1.0225000 0.2926500
v -0.0000000 0.0000000 -0.2900000
v -0.0000000 0.0000000 -0.2900000
v 0.0000000 0.0000000 0.0000000
v 0.0000000 0.0000000 0.2900000
v 0.0000000 0.0000000 0.2900000
v -0.0000000 0.0400000 -0.3400000
v 0.0000000 0.0400000 0.3400000
v -0.0000000 0.0675000 -0.3650000
v -0.0000000 0.0675000 -0.3650000
v -0.0000000 0.0675000 -0.3410000
v -0.0000000 0.0675000 -0.3410000
v 0.0000000 0.0675000 0.3410000
v 0.0000000 0.0675000 0.3410000
v 0.0000000 0.0675000 0.3650000
v 0.0000000 0.0675000 0.3650000
v -0.0000000 0.1325000 -0.3650000
v -0.0000000 0.1325000 -0.3650000
v -0.0000000 0.1325000 -0.3410000
v -0.0000000 0.1325000 -0.3410000
v 0.0000000 0.1325000 0.3410000
v 0.0000000 0.1325000 0.3410000
v 0.0000000 0.1325000 0.3650000
v 0.0000000 0.1325000 0.3650000
v -0.0000000 0.3100000 -0.3900000
v 0.0000000 0.3100000 0.3900000
v -0.0000000 0.4475000 -0.4160000
v -0.0000000 0.4475000 -0.4160000
v -0.0000000 0.4475000 -0.3920000
v -0.0000000 0.4475000 -0.3920000
v 0.0000000 0.4475000 0.3920000
v 0.0000000 0.4475000 0.3920000
v 0.0000000 0.4475000 0.4160000
v 0.0000000 0.4475000 0.4160000
v -0.0000000 0.5125000 -0.4160000
v -0.0000000 0.5125000 -0.4160000
v -0.0000000 0.5125000 -0.3920000
v -0.0000000 0.5125000 -0.3920000
v 0.0000000 0.5125000 0.3920000
v 0.0000000 0.5125000 0.3920000
v 0.0000000 0.5125000 0.4160000
v 0.0000000 0.5125000 0.4160000
v -0.0000000 0.5400000 -0.4000000
v 0.0000000 0.5400000 0.4000000
v -0.0000000 0.8200000 -0.3700000
v 0.0000000 0.8200000 0.3700000
v -0.0000000 0.8775000 -0.3560000
v -0.0000000 0.8775000 -0.3560000
v -0.0000000 0.8775000 -0.3320000
v -0.0000000 0.8775000 -0.3320000
v 0.0000000 0.8775000 0.3320000
v 0.0000000 0.8775000 0.3320000
v 0.0000000 0.8775000 0.3560000
v 0.0000000 0.8775000 0.3560000
v -0.0000000 0.9425000 -0.3560000
v -0.0000000 0.9425000 -0.3560000
v -0.0000000 0.9425000 -0.3320000
v -0.0000000 0.9425000 -0.3320000
v 0.0000000 0.9425000 0.3320000
v 0.0000000 0.9425000 0.3320000
v 0.0000000 0.9425000 0.3560000
v 0.0000000 0.9425000 0.3560000
v -0.0000000 1.0000000 -0.3200000
v -0.0000000 1.0000000 -0.3200000
v 0.0000000 1.0000000 0.0000000
v 0.0000000 1.0000000 0.3200000
v 0.0000000 1.0000000 0.3200000
v 0.0451500 0.9875000 -0.2926500
v 0.0451500 0.9875000 0.2926500
v 0.0451500 0.9948500 -0.3000000
v 0.0451500 0.9948500 -0.3000000
v 0.0451500 0.9948500 -0.3000000
v 0.0451500 0.9948500 0.3000000
v 0.0451500 0.9948500 0.3000000
v 0.0451500 0.9948500 0.3000000
v 0.0451500 1.0151500 -0.3000000
v 0.0451500 1.0151500 -0.3000000
v 0.0451500 1.0151500 -0.3000000
v 0.0451500 1.0151500 0.3000000
v 0.0451500 1.0151500 0.3000000
v 0.0451500 1.0151500 0.3000000
v 0.0451500 1.0225000 -0.2926500
v 0.0451500 1.0225000 0.2926500
v 0.0525000 0.9948500 -0.2926500
v 0.0525000 0.9948500 -0.2926500
v 0.0525000 0.9948500 0.2926500
v 0.0525000 0.9948500 0.2926500
v 0.0525000 1.0151500 -0.2926500
v 0.0525000 1.0151500 -0.2926500
v 0.0525000 1.0151500 0.2926500
v 0.0525000 1.0151500 0.2926500
v 0.0565762 0.0000000 -0.2844277
v 0.0565762 0.0000000 -0.2844277
v 0.0565762 0.0000000 0.2844277
v 0.0565762 0.0000000 0.2844277
v 0.0575000 0.9948500 -0.2717557
v 0.0575000 0.9948500 -0.2717557
v 0.0575000 0.9948500 0.2717557
v 0.0575000 0.9948500 0.2717557
v 0.0575000 1.0151500 -0.2717557
v 0.0575000 1.0151500 -0.2717557
v 0.0575000 1.0151500 0.2717557
v 0.0575000 1.0151500 0.2717557
v 0.0624289 1.0000000 -0.3138513
v 0.0624289 1.0000000 -0.3138513
v 0.0624289 1.0000000 0.3138513
v 0.0624289 1.0000000 0.3138513
v 0.0647700 0.8775000 -0.3256207
v 0.0647700 0.8775000 -0.3256207
v 0.0647700 0.8775000 0.3256207
v 0.0647700 0.8775000 0.3256207
v 0.0647700 0.9425000 -0.3256207
v 0.0647700 0.9425000 -0.3256207
v 0.0647700 0.9425000 0.3256207
v 0.0647700 0.9425000 0.3256207
v 0.0648500 0.9875000 -0.2717557
v 0.0648500 0.9875000 0.2717557
v 0.0648500 0.9948500 -0.2791057
v 0.0648500 0.9948500 -0.2791057
v 0.0648500 0.9948500 0.2791057
v 0.0648500 0.9948500 0.2791057
v 0.0648500 1.0151500 -0.2791057
v 0.0648500 1.0151500 -0.2791057
v 0.0648500 1.0151500 -0.2791057
v 0.0648500 1.0151500 0.2791057
v 0.0648500 1.0151500 0.2791057
v 0.0648500 1.0151500 0.2791057
v 0.0648500 1.0225000 -0.2717557
v 0.0648500 1.0225000 0.2717557
v 0.0663307 0.0400000 -0.3334670
v 0.0663307 0.0400000 0.3334670
v 0.0665258 0.0675000 -0.3344478
v 0.0665258 0.0675000 -0.3344478
v 0.0665258 0.0675000 0.3344478
v 0.0665258 0.0675000 0.3344478
v 0.0665258 0.1325000 -0.3344478
v 0.0665258 0.1325000 -0.3344478
v 0.0665258 0.1325000 0.3344478
v 0.0665258 0.1325000 0.3344478
v 0.0694522 0.8775000 -0.3491596
v 0.0694522 0.8775000 -0.3491596
v 0.0694522 0.8775000 0.3491596
v 0.0694522 0.8775000 0.3491596
v 0.0694522 0.9425000 -0.3491596
v 0.0694522 0.9425000 -0.3491596
v 0.0694522 0.9425000 0.3491596
v 0.0694522 0.9425000 0.3491596
v 0.0712080 0.0675000 -0.3579866
v 0.0712080 0.0675000 -0.3579866
v 0.0712080 0.0675000 0.3579866
v 0.0712080 0.0675000 0.3579866
v 0.0712080 0.1325000 -0.3579866
v 0.0712080 0.1325000 -0.3579866
v 0.0712080 0.1325000 0.3579866
v 0.0712080 0.1325000 0.3579866
v 0.0721834 0.8200000 -0.3628906
v 0.0721834 0.8200000 0.3628906
v 0.0760852 0.3100000 -0.3825063
v 0.0760852 0.3100000 0.3825063
v 0.0764754 0.4475000 -0.3844678
v 0.0764754 0.4475000 -0.3844678
v 0.0764754 0.4475000 0.3844678
v 0.0764754 0.4475000 0.3844678
v 0.0764754 0.5125000 -0.3844678
v 0.0764754 0.5125000 -0.3844678
v 0.0764754 0.5125000 0.3844678
v 0.0764754 0.5125000 0.3844678
v 0.0780361 0.5400000 -0.3923141
v 0.0780361 0.5400000 0.3923141
v 0.0811576 0.4475000 -0.4080067
v 0.0811576 0.4475000 -0.4080067
v 0.0811576 0.4475000 0.4080067
v 0.0811576 0.4475000 0.4080067
v 0.0811576 0.5125000 -0.4080067
v 0.0811576 0.5125000 -0.4080067
v 0.0811576 0.5125000 0.4080067
v 0.0811576 0.5125000 0.4080067
v 0.1109782 0.0000000 -0.2679251
v 0.1109782 0.0000000 -0.2679251
v 0.1109782 0.0000000 0.2679251
v 0.1109782 0.0000000 0.2679251
v 0.1224587 1.0000000 -0.2956415
v 0.1224587 1.0000000 -0.2956415
v 0.1224587 1.0000000 0.2956415
v 0.1224587 1.0000000 0.2956415
v 0.1270509 0.8775000 -0.3067280
v 0.1270509 0.8775000 -0.3067280
v 0.1270509 0.8775000 0.3067280
v 0.1270509 0.8775000 0.3067280
v 0.1270509 0.9425000 -0.3067280
v 0.1270509 0.9425000 -0.3067280
v 0.1270509 0.9425000 0.3067280
v 0.1270509 0.9425000 0.3067280
v 0.1301124 0.0400000 -0.3141190
v 0.1301124 0.0400000 0.3141190
v 0.1304951 0.0675000 -0.3150429
v 0.1304951 0.0675000 -0.3150429
v 0.1304951 0.0675000 0.3150429
v 0.1304951 0.0675000 0.3150429
v 0.1304951 0.1325000 -0.3150429
v 0.1304951 0.1325000 -0.3150429
v 0.1304951 0.1325000 0.3150429
v 0.1304951 0.1325000 0.3150429
v 0.1362353 0.8775000 -0.3289011
v 0.1362353 0.8775000 -0.3289011
v 0.1362353 0.8775000 0.3289011
v 0.1362353 0.8775000 0.3289011
v 0.1362353 0.9425000 -0.3289011
v 0.1362353 0.9425000 -0.3289011
v 0.1362353 0.9425000 0.3289011
v 0.1362353 0.9425000 0.3289011
v 0.1396795 0.0675000 -0.3372160
v 0.1396795 0.0675000 -0.3372160
v 0.1396795 0.0675000 0.3372160
v 0.1396795 0.0675000 0.3372160
v 0.1396795 0.1325000 -0.3372160
v 0.1396795 0.1325000 -0.3372160
v 0.1396795 0.1325000 0.3372160
v 0.1396795 0.1325000 0.3372160
v 0.1415929 0.8200000 -0.3418354
v 0.1415929 0.8200000 0.3418354
v 0.1492465 0.3100000 -0.3603130
v 0.1492465 0.3100000 0.3603130
v 0.1500119 0.4475000 -0.3621608
v 0.1500119 0.4475000 -0.3621608
v 0.1500119 0.4475000 0.3621608
v 0.1500119 0.4475000 0.3621608
v 0.1500119 0.5125000 -0.3621608
v 0.1500119 0.5125000 -0.3621608
v 0.1500119 0.5125000 0.3621608
v 0.1500119 0.5125000 0.3621608
v 0.1530734 0.5400000 -0.3695518
v 0.1530734 0.5400000 0.3695518
v 0.1551500 0.9875000 -0.2717557
v 0.1551500 0.9875000 0.2717557
v 0.1551500 0.9948500 -0.2791057
v 0.1551500 0.9948500 -0.2791057
v 0.1551500 0.9948500 -0.2791057
v 0.1551500 0.9948500 0.2791057
v 0.1551500 0.9948500 0.2791057
v 0.1551500 0.9948500 0.2791057
v 0.1551500 1.0151500 -0.2791057
v 0.1551500 1.0151500 -0.2791057
v 0.1551500 1.0151500 -0.2791057
v 0.1551500 1.0151500 0.2791057
v 0.1551500 1.0151500 0.2791057
v 0.1551500 1.0151500 0.2791057
v 0.1551500 1.0225000 -0.2717557
v 0.1551500 1.0225000 0.2717557
v 0.1591963 0.4475000 -0.3843339
v 0.1591963 0.4475000 -0.3843339
v 0.1591963 0.4475000 0.3843339
v 0.1591963 0.4475000 0.3843339
v 0.1591963 0.5125000 -0.3843339
v 0.1591963 0.5125000 -0.3843339
v 0.1591963 0.5125000 0.3843339
v 0.1591963 0.5125000 0.3843339
v 0.1611154 0.0000000 -0.2411262
v 0.1611154 0.0000000 -0.2411262
v 0.1611154 0.0000000 0.2411262
v 0.1611154 0.0000000 0.2411262
v 0.1625000 0.9948500 -0.2717557
v 0.1625000 0.9948500 -0.2717557
v 0.1625000 0.9948500 0.2717557
v 0.1625000 0.9948500 0.2717557
v 0.1625000 1.0151500 -0.2717557
v 0.1625000 1.0151500 -0.2717557
v 0.1625000 1.0151500 0.2717557
v 0.1625000 1.0151500 0.2717557
v 0.1675000 0.9948500 -0.1966108
v 0.1675000 0.9948500 -0.1966108
v 0.1675000 0.9948500 -0.1966108
v 0.1675000 0.9948500 0.1966108
v 0.1675000 0.9948500 0.1966108
v 0.1675000 0.9948500 0.1966108
v 0.1675000 1.0151500 -0.1966108
v 0.1675000 1.0151500 -0.1966108
v 0.1675000 1.0151500 -0.1966108
v 0.1675000 1.0151500 0.1966108
v 0.1675000 1.0151500 0.1966108
v 0.1675000 1.0151500 0.1966108
v 0.1748500 0.9875000 -0.1966108
v 0.1748500 0.9875000 -0.1966108
v 0.1748500 0.9875000 0.1966108
v 0.1748500 0.9875000 0.1966108
v 0.1748500 0.9948500 -0.2039608
v 0.1748500 0.9948500 0.2039608
v 0.1748500 1.0151500 -0.2039608
v 0.1748500 1.0151500 0.2039608
v 0.1748500 1.0225000 -0.1966108
v 0.1748500 1.0225000 -0.1966108
v 0.1748500 1.0225000 0.1966108
v 0.1748500 1.0225000 0.1966108
v 0.1777825 1.0000000 -0.2660703
v 0.1777825 1.0000000 -0.2660703
v 0.1777825 1.0000000 0.2660703
v 0.1777825 1.0000000 0.2660703
v 0.1844493 0.8775000 -0.2760479
v 0.1844493 0.8775000 -0.2760479
v 0.1844493 0.8775000 0.2760479
v 0.1844493 0.8775000 0.2760479
v 0.1844493 0.9425000 -0.2760479
v 0.1844493 0.9425000 -0.2760479
v 0.1844493 0.9425000 0.2760479
v 0.1844493 0.9425000 0.2760479
v 0.1888939 0.0400000 -0.2826997
v 0.1888939 0.0400000 0.2826997
v 0.1894494 0.0675000 -0.2835311
v 0.1894494 0.0675000 -0.2835311
v 0.1894494 0.0675000 0.2835311
v 0.1894494 0.0675000 0.2835311
v 0.1894494 0.1325000 -0.2835311
v 0.1894494 0.1325000 -0.2835311
v 0.1894494 0.1325000 0.2835311
v 0.1894494 0.1325000 0.2835311
v 0.1977830 0.8775000 -0.2960032
v 0.1977830 0.8775000 -0.2960032
v 0.1977830 0.8775000 0.2960032
v 0.1977830 0.8775000 0.2960032
v 0.1977830 0.9425000 -0.2960032
v 0.1977830 0.9425000 -0.2960032
v 0.1977830 0.9425000 0.2960032
v 0.1977830 0.9425000 0.2960032
v 0.2027831 0.0675000 -0.3034864
v 0.2027831 0.0675000 -0.3034864
v 0.2027831 0.0675000 0.3034864
v 0.2027831 0.0675000 0.3034864
v 0.2027831 0.1325000 -0.3034864
v 0.2027831 0.1325000 -0.3034864
v 0.2027831 0.1325000 0.3034864
v 0.2027831 0.1325000 0.3034864
v 0.2050610 0.0000000 -0.2050610
v 0.2050610 0.0000000 -0.2050610
v 0.2050610 0.0000000 0.2050610
v 0.2050610 0.0000000 0.2050610
v 0.2055610 0.8200000 -0.3076438
v 0.2055610 0.8200000 0.3076438
v 0.2166724 0.3100000 -0.3242731
v 0.2166724 0.3100000 0.3242731
v 0.2177835 0.4475000 -0.3259361
v 0.2177835 0.4475000 -0.3259361
v 0.2177835 0.4475000 0.3259361
v 0.2177835 0.4475000 0.3259361
v 0.2177835 0.5125000 -0.3259361
v 0.2177835 0.5125000 -0.3259361
v 0.2177835 0.5125000 0.3259361
v 0.2177835 0.5125000 0.3259361
v 0.2222281 0.5400000 -0.3325878
v 0.2222281 0.5400000 0.3325878
v 0.2262742 1.0000000 -0.2262742
v 0.2262742 1.0000000 -0.2262742
v 0.2262742 1.0000000 0.2262742
v 0.2262742 1.0000000 0.2262742
v 0.2311172 0.4475000 -0.3458914
v 0.2311172 0.4475000 -0.3458914
v 0.2311172 0.4475000 0.3458914
v 0.2311172 0.4475000 0.3458914
v 0.2311172 0.5125000 -0.3458914
v 0.2311172 0.5125000 -0.3458914
v 0.2311172 0.5125000 0.3458914
v 0.2311172 0.5125000 0.3458914
v 0.2347595 0.8775000 -0.2347595
v 0.2347595 0.8775000 -0.2347595
v 0.2347595 0.8775000 0.2347595
v 0.2347595 0.8775000 0.2347595
v 0.2347595 0.9425000 -0.2347595
v 0.2347595 0.9425000 -0.2347595
v 0.2347595 0.9425000 0.2347595
v 0.2347595 0.9425000 0.2347595
v 0.2404163 0.0400000 -0.2404163
v 0.2404163 0.0400000 0.2404163
v 0.2411234 0.0675000 -0.2411234
v 0.2411234 0.0675000 -0.2411234
v 0.2411234 0.0675000 0.2411234
v 0.2411234 0.0675000 0.2411234
v 0.2411234 0.1325000 -0.2411234
v 0.2411234 0.1325000 -0.2411234
v 0.2411234 0.1325000 0.2411234
v 0.2411234 0.1325000 0.2411234
v 0.2411262 0.0000000 -0.1611154
v 0.2411262 0.0000000 -0.1611154
v 0.2411262 0.0000000 0.1611154
v 0.2411262 0.0000000 0.1611154
v 0.2517300 0.8775000 -0.2517300
v 0.2517300 0.8775000 -0.2517300
v 0.2517300 0.8775000 0.2517300
v 0.2517300 0.8775000 0.2517300
v 0.2517300 0.9425000 -0.2517300
v 0.2517300 0.9425000 -0.2517300
v 0.2517300 0.9425000 0.2517300
v 0.2517300 0.9425000 0.2517300
v 0.2580940 0.0675000 -0.2580940
v 0.2580940 0.0675000 -0.2580940
v 0.2580940 0.0675000 0.2580940
v 0.2580940 0.0675000 0.2580940
v 0.2580940 0.1325000 -0.2580940
v 0.2580940 0.1325000 -0.2580940
v 0.2580940 0.1325000 0.2580940
v 0.2580940 0.1325000 0.2580940
v 0.2616295 0.8200000 -0.2616295
v 0.2616295 0.8200000 0.2616295
v 0.2651500 0.9875000 -0.1966108
v 0.2651500 0.9875000 -0.1966108
v 0.2651500 0.9875000 0.1966108
v 0.2651500 0.9875000 0.1966108
v 0.2651500 0.9948500 -0.2039608
v 0.2651500 0.9948500 0.2039608
v 0.2651500 1.0151500 -0.2039608
v 0.2651500 1.0151500 0.2039608
v 0.2651500 1.0225000 -0.1966108
v 0.2651500 1.0225000 -0.1966108
v 0.2651500 1.0225000 0.1966108
v 0.2651500 1.0225000 0.1966108
v 0.2660703 1.0000000 -0.1777825
v 0.2660703 1.0000000 -0.1777825
v 0.2660703 1.0000000 0.1777825
v 0.2660703 1.0000000 0.1777825
v 0.2679251 0.0000000 -0.1109782
v 0.2679251 0.0000000 -0.1109782
v 0.2679251 0.0000000 0.1109782
v 0.2679251 0.0000000 0.1109782
v 0.2725000 0.9948500 -0.1966108
v 0.2725000 0.9948500 -0.1966108
v 0.2725000 0.9948500 -0.1966108
v 0.2725000 0.9948500 0.1966108
v 0.2725000 0.9948500 0.1966108
v 0.2725000 0.9948500 0.1966108
v 0.2725000 1.0151500 -0.1966108
v 0.2725000 1.0151500 -0.1966108
v 0.2725000 1.0151500 -0.1966108
v 0.2725000 1.0151500 0.1966108
v 0.2725000 1.0151500 0.1966108
v 0.2725000 1.0151500 0.1966108
v 0.2757716 0.3100000 -0.2757716
v 0.2757716 0.3100000 0.2757716
v 0.2760479 0.8775000 -0.1844493
v 0.2760479 0.8775000 -0.1844493
v 0.2760479 0.8775000 0.1844493
v 0.2760479 0.8775000 0.1844493
v 0.2760479 0.9425000 -0.1844493
v 0.2760479 0.9425000 -0.1844493
v 0.2760479 0.9425000 0.1844493
v 0.2760479 0.9425000 0.1844493
v 0.2771859 0.4475000 -0.2771859
v 0.2771859 0.4475000 -0.2771859
v 0.2771859 0.4475000 0.2771859
v 0.2771859 0.4475000 0.2771859
v 0.2771859 0.5125000 -0.2771859
v 0.2771859 0.5125000 -0.2771859
v 0.2771859 0.5125000 0.2771859
v 0.2771859 0.5125000 0.2771859
v 0.2826997 0.0400000 -0.1888939
v 0.2826997 0.0400000 0.1888939
v 0.2828427 0.5400000 -0.2828427
v 0.2828427 0.5400000 0.2828427
v 0.2835311 0.0675000 -0.1894494
v 0.2835311 0.0675000 -0.1894494
v 0.2835311 0.0675000 0.1894494
v 0.2835311 0.0675000 0.1894494
v 0.2835311 0.1325000 -0.1894494
v 0.2835311 0.1325000 -0.1894494
v 0.2835311 0.1325000 0.1894494
v 0.2835311 0.1325000 0.1894494
v 0.2844277 0.0000000 -0.0565762
v 0.2844277 0.0000000 -0.0565762
v 0.2844277 0.0000000 0.0565762
v 0.2844277 0.0000000 0.0565762
v 0.2900000 0.0000000 0.0000000
v 0.2900000 0.0000000 -0.0000000
v 0.2900000 0.0000000 -0.0000000
v 0.2941564 0.4475000 -0.2941564
v 0.2941564 0.4475000 -0.2941564
v 0.2941564 0.4475000 0.2941564
v 0.2941564 0.4475000 0.2941564
v 0.2941564 0.5125000 -0.2941564
v 0.2941564 0.5125000 -0.2941564
v 0.2941564 0.5125000 0.2941564
v 0.2941564 0.5125000 0.2941564
v 0.2956415 1.0000000 -0.1224587
v 0.2956415 1.0000000 -0.1224587
v 0.2956415 1.0000000 0.1224587
v 0.2956415 1.0000000 0.1224587
v 0.2960032 0.8775000 -0.1977830
v 0.2960032 0.8775000 -0.1977830
v 0.2960032 0.8775000 0.1977830
v 0.2960032 0.8775000 0.1977830
v 0.2960032 0.9425000 -0.1977830
v 0.2960032 0.9425000 -0.1977830
v 0.2960032 0.9425000 0.1977830
v 0.2960032 0.9425000 0.1977830
v 0.3034864 0.0675000 -0.2027831
v 0.3034864 0.0675000 -0.2027831
v 0.3034864 0.0675000 0.2027831
v 0.3034864 0.0675000 0.2027831
v 0.3034864 0.1325000 -0.2027831
v 0.3034864 0.1325000 -0.2027831
v 0.3034864 0.1325000 0.2027831
v 0.3034864 0.1325000 0.2027831
v 0.3067280 0.8775000 -0.1270509
v 0.3067280 0.8775000 -0.1270509
v 0.3067280 0.8775000 0.1270509
v 0.3067280 0.8775000 0.1270509
v 0.3067280 0.9425000 -0.1270509
v 0.3067280 0.9425000 -0.1270509
v 0.3067280 0.9425000 0.1270509
v 0.3067280 0.9425000 0.1270509
v 0.3076438 0.8200000 -0.2055610
v 0.3076438 0.8200000 0.2055610
v 0.3138513 1.0000000 -0.0624289
v 0.3138513 1.0000000 -0.0624289
v 0.3138513 1.0000000 0.0624289
v 0.3138513 1.0000000 0.0624289
v 0.3141190 0.0400000 -0.1301124
v 0.3141190 0.0400000 0.1301124
v 0.3150429 0.0675000 -0.1304951
v 0.3150429 0.0675000 -0.1304951
v 0.3150429 0.0675000 0.1304951
v 0.3150429 0.0675000 0.1304951
v 0.3150429 0.1325000 -0.1304951
v 0.3150429 0.1325000 -0.1304951
v 0.3150429 0.1325000 0.1304951
v 0.3150429 0.1325000 0.1304951
v 0.3200000 1.0000000 -0.0000000
v 0.3200000 1.0000000 0.0000000
v 0.3200000 1.0000000 -0.0000000
v 0.3242731 0.3100000 -0.2166724
v 0.3242731 0.3100000 0.2166724
v 0.3256207 0.8775000 -0.0647700
v 0.3256207 0.8775000 -0.0647700
v 0.3256207 0.8775000 0.0647700
v 0.3256207 0.8775000 0.0647700
v 0.3256207 0.9425000 -0.0647700
v 0.3256207 0.9425000 -0.0647700
v 0.3256207 0.9425000 0.0647700
v 0.3256207 0.9425000 0.0647700
v 0.3259361 0.4475000 -0.2177835
v 0.3259361 0.4475000 -0.2177835
v 0.3259361 0.4475000 0.2177835
v 0.3259361 0.4475000 0.2177835
v 0.3259361 0.5125000 -0.2177835
v 0.3259361 0.5125000 -0.2177835
v 0.3259361 0.5125000 0.2177835
v 0.3259361 0.5125000 0.2177835
v 0.3289011 0.8775000 -0.1362353
v 0.3289011 0.8775000 -0.1362353
v 0.3289011 0.8775000 0.1362353
v 0.3289011 0.8775000 0.1362353
v 0.3289011 0.9425000 -0.1362353
v 0.3289011 0.9425000 -0.1362353
v 0.3289011 0.9425000 0.1362353
v 0.3289011 0.9425000 0.1362353
v 0.3320000 0.8775000 0.0000000
v 0.3320000 0.8775000 -0.0000000
v 0.3320000 0.8775000 0.0000000
v 0.3320000 0.9425000 0.0000000
v 0.3320000 0.9425000 -0.0000000
v 0.3320000 0.9425000 0.0000000
v 0.3325878 0.5400000 -0.2222281
v 0.3325878 0.5400000 0.2222281
v 0.3334670 0.0400000 -0.0663307
v 0.3334670 0.0400000 0.0663307
v 0.3344478 0.0675000 -0.0665258
v 0.3344478 0.0675000 -0.0665258
v 0.3344478 0.0675000 0.0665258
v 0.3344478 0.0675000 0.0665258
v 0.3344478 0.1325000 -0.0665258
v 0.3344478 0.1325000 -0.0665258
v 0.3344478 0.1325000 0.0665258
v 0.3344478 0.1325000 0.0665258
v 0.3372160 0.0675000 -0.1396795
v 0.3372160 0.0675000 -0.1396795
v 0.3372160 0.0675000 0.1396795
v 0.3372160 0.0675000 0.1396795
v 0.3372160 0.1325000 -0.1396795
v 0.3372160 0.1325000 -0.1396795
v 0.3372160 0.1325000 0.1396795
v 0.3372160 0.1325000 0.1396795
v 0.3400000 0.0400000 0.0000000
v 0.3400000 0.0400000 -0.0000000
v 0.3410000 0.0675000 0.0000000
v 0.3410000 0.0675000 -0.0000000
v 0.3410000 0.0675000 0.0000000
v 0.3410000 0.1325000 0.0000000
v 0.3410000 0.1325000 -0.0000000
v 0.3410000 0.1325000 -0.0000000
v 0.3418354 0.8200000 -0.1415929
v 0.3418354 0.8200000 0.1415929
v 0.3458914 0.4475000 -0.2311172
v 0.3458914 0.4475000 -0.2311172
v 0.3458914 0.4475000 0.2311172
v 0.3458914 0.4475000 0.2311172
v 0.3458914 0.5125000 -0.2311172
v 0.3458914 0.5125000 -0.2311172
v 0.3458914 0.5125000 0.2311172
v 0.3458914 0.5125000 0.2311172
v 0.3491596 0.8775000 -0.0694522
v 0.3491596 0.8775000 -0.0694522
v 0.3491596 0.8775000 0.0694522
v 0.3491596 0.8775000 0.0694522
v 0.3491596 0.9425000 -0.0694522
v 0.3491596 0.9425000 -0.0694522
v 0.3491596 0.9425000 0.0694522
v 0.3491596 0.9425000 0.0694522
v 0.3560000 0.8775000 0.0000000
v 0.3560000 0.8775000 0.0000000
v 0.3560000 0.8775000 -0.0000000
v 0.3560000 0.9425000 0.0000000
v 0.3560000 0.9425000 0.0000000
v 0.3560000 0.9425000 -0.0000000
v 0.3579866 0.0675000 -0.0712080
v 0.3579866 0.0675000 -0.0712080
v 0.3579866 0.0675000 0.0712080
v 0.3579866 0.0675000 0.0712080
v 0.3579866 0.1325000 -0.0712080
v 0.3579866 0.1325000 -0.0712080
v 0.3579866 0.1325000 0.0712080
v 0.3579866 0.1325000 0.0712080
v 0.3603130 0.3100000 -0.1492465
v 0.3603130 0.3100000 0.1492465
v 0.3621608 0.4475000 -0.1500119
v 0.3621608 0.4475000 -0.1500119
v 0.3621608 0.4475000 0.1500119
v 0.3621608 0.4475000 0.1500119
v 0.3621608 0.5125000 -0.1500119
v 0.3621608 0.5125000 -0.1500119
v 0.3621608 0.5125000 0.1500119
v 0.3621608 0.5125000 0.1500119
v 0.3628906 0.8200000 -0.0721834
v 0.3628906 0.8200000 0.0721834
v 0.3650000 0.0675000 -0.0000000
v 0.3650000 0.0675000 0.0000000
v 0.3650000 0.0675000 -0.0000000
v 0.3650000 0.1325000 0.0000000
v 0.3650000 0.1325000 0.0000000
v 0.3650000 0.1325000 -0.0000000
v 0.3695518 0.5400000 -0.1530734
v 0.3695518 0.5400000 0.1530734
v 0.3700000 0.8200000 0.0000000
v 0.3700000 0.8200000 -0.0000000
v 0.3825063 0.3100000 -0.0760852
v 0.3825063 0.3100000 0.0760852
v 0.3843339 0.4475000 -0.1591963
v 0.3843339 0.4475000 -0.1591963
v 0.3843339 0.4475000 0.1591963
v 0.3843339 0.4475000 0.1591963
v 0.3843339 0.5125000 -0.1591963
v 0.3843339 0.5125000 -0.1591963
v 0.3843339 0.5125000 0.1591963
v 0.3843339 0.5125000 0.1591963
v 0.3844678 0.4475000 -0.0764754
v 0.3844678 0.4475000 -0.0764754
v 0.3844678 0.4475000 0.0764754
v 0.3844678 0.4475000 0.0764754
v 0.3844678 0.5125000 -0.0764754
v 0.3844678 0.5125000 -0.0764754
v 0.3844678 0.5125000 0.0764754
v 0.3844678 0.5125000 0.0764754
v 0.3900000 0.3100000 0.0000000
v 0.3900000 0.3100000 -0.0000000
v 0.3920000 0.4475000 0.0000000
v 0.3920000 0.4475000 -0.0000000
v 0.3920000 0.4475000 -0.0000000
v 0.3920000 0.5125000 0.0000000
v 0.3920000 0.5125000 -0.0000000
v 0.3920000 0.5125000 -0.0000000
v 0.3923141 0.5400000 -0.0780361
v 0.3923141 0.5400000 0.0780361
v 0.4000000 0.5400000 0.0000000
v 0.4000000 0.5400000 -0.0000000
v 0.4080067 0.4475000 -0.0811576
v 0.4080067 0.4475000 -0.0811576
v 0.4080067 0.4475000 0.0811576
v 0.4080067 0.4475000 0.0811576
v 0.4080067 0.5125000 -0.0811576
v 0.4080067 0.5125000 -0.0811576
v 0.4080067 0.5125000 0.0811576
v 0.4080067 0.5125000 0.0811576
v 0.4160000 0.4475000 0.0000000
v 0.4160000 0.4475000 0.0000000
v 0.4160000 0.4475000 -0.0000000
v 0.4160000 0.5125000 -0.0000000
v 0.4160000 0.5125000 0.0000000
v 0.4160000 0.5125000 -0.0000000
vt 0.5000000 -0.0203125
vt 0.0000000 0.5000000
vt 0.5000000 0.0203125
vt 0.0000000 0.5000000
vt 0.5312500 -0.0203125
vt 0.0096074 0.4024548
vt 0.4687500 -0.0203125
vt 0.0096074 0.5975452
vt 0.5312500 0.0203125
vt 0.0096074 0.4024548
vt 0.4687500 0.0203125
vt 0.0096074 0.5975452
vt 0.5000000 0.3625000
vt 0.5312500 0.3625000
vt 0.4687500 0.3625000
vt 0.0288462 0.5000000
vt 0.5000000 -0.0203125
vt 0.0288462 0.5000000
vt 0.5000000 0.0203125
vt 0.5000000 0.2187500
vt 0.0378992 0.4080824
vt 0.5312500 -0.0203125
vt 0.0378992 0.5919176
vt 0.4687500 -0.0203125
vt 0.0378992 0.4080824
vt 0.5312500 0.0203125
vt 0.0378992 0.5919176
vt 0.4687500 0.0203125
vt 0.5625000 -0.0203125
vt 0.0380602 0.3086583
vt 0.4375000 -0.0203125
vt 0.0380602 0.6913417
vt 0.5625000 0.0203125
vt 0.0380602 0.3086583
vt 0.4375000 0.0203125
vt 0.0380602 0.6913417
vt 0.5312500 0.2187500
vt 0.4687500 0.2187500
vt 0.5000000 0.5375000
vt 0.5625000 0.3625000
vt 0.4375000 0.3625000
vt 0.5000000 -0.0203125
vt 0.0000000 0.5000000
vt 0.5000000 0.0203125
vt 0.0000000 0.5000000
vt 0.5312500 0.5375000
vt 0.4687500 0.5375000
vt 0.0647106 0.3196972
vt 0.5625000 -0.0203125
vt 0.0647106 0.6803028
vt 0.4375000 -0.0203125
vt 0.0647106 0.3196972
vt 0.5625000 0.0203125
vt 0.0647106 0.6803028
vt 0.4375000 0.0203125
vt 0.5625000 0.2187500
vt 0.4375000 0.2187500
vt 0.5312500 -0.0203125
vt 0.0096074 0.4024548
vt 0.4687500 -0.0203125
vt 0.0096074 0.5975452
vt 0.5312500 0.0203125
vt 0.0096074 0.4024548
vt 0.4687500 0.0203125
vt 0.0096074 0.5975452
vt 0.5000000 -0.0203125
vt 0.0000000 0.5000000
vt 0.5000000 0.0203125
vt 0.0000000 0.5000000
vt 0.5312500 -0.0203125
vt 0.0096074 0.4024548
vt 0.4687500 -0.0203125
vt 0.0096074 0.5975452
vt 0.5312500 0.0203125
vt 0.0096074 0.4024548
vt 0.4687500 0.0203125
vt 0.0096074 0.5975452
vt 0.5937500 -0.0203125
vt 0.0842652 0.2222149
vt 0.4062500 -0.0203125
vt 0.0842652 0.7777851
vt 0.5937500 0.0203125
vt 0.0842652 0.2222149
vt 0.4062500 0.0203125
vt 0.0842652 0.7777851
vt 0.5625000 0.5375000
vt 0.4375000 0.5375000
vt 0.0328767 0.5000000
vt 0.5000000 -0.0203125
vt 0.0328767 0.5000000
vt 0.5000000 0.0203125
vt 0.5000000 0.0500000
vt 0.5625000 -0.0203125
vt 0.0380602 0.3086583
vt 0.4375000 -0.0203125
vt 0.0380602 0.6913417
vt 0.5625000 0.0203125
vt 0.0380602 0.3086583
vt 0.4375000 0.0203125
vt 0.0380602 0.6913417
vt 0.0418524 0.4088688
vt 0.5312500 -0.0203125
vt 0.0418524 0.5911312
vt 0.4687500 -0.0203125
vt 0.0418524 0.4088688
vt 0.5312500 0.0203125
vt 0.0418524 0.5911312
vt 0.4687500 0.0203125
vt 0.5312500 0.0500000
vt 0.4687500 0.0500000
vt 0.5937500 0.3625000
vt 0.4062500 0.3625000
vt 0.0337079 0.5000000
vt 0.5000000 -0.0203125
vt 0.0337079 0.5000000
vt 0.5000000 0.0203125
vt 0.5625000 -0.0203125
vt 0.0380602 0.3086583
vt 0.4375000 -0.0203125
vt 0.0380602 0.6913417
vt 0.5625000 0.0203125
vt 0.0380602 0.3086583
vt 0.4375000 0.0203125
vt 0.0380602 0.6913417
vt 0.1082499 0.2382409
vt 0.5937500 -0.0203125
vt 0.1082499 0.7617591
vt 0.4062500 -0.0203125
vt 0.1082499 0.2382409
vt 0.5937500 0.0203125
vt 0.1082499 0.7617591
vt 0.4062500 0.0203125
vt 0.0426675 0.4090309
vt 0.5312500 -0.0203125
vt 0.0426675 0.5909691
vt 0.4687500 -0.0203125
vt 0.0426675 0.4090309
vt 0.5312500 0.0203125
vt 0.0426675 0.5909691
vt 0.4687500 0.0203125
vt 0.5937500 0.2187500
vt 0.4062500 0.2187500
vt 0.5000000 0.6500000
vt 0.1000000 0.5000000
vt 0.0684344 0.3212397
vt 0.5625000 -0.0203125
vt 0.0684344 0.6787603
vt 0.4375000 -0.0203125
vt 0.0684344 0.3212397
vt 0.5625000 0.0203125
vt 0.0684344 0.6787603
vt 0.4375000 0.0203125
vt 0.5625000 0.0500000
vt 0.4375000 0.0500000
vt 0.5312500 0.6500000
vt 0.1076859 0.4219639
vt 0.4687500 0.6500000
vt 0.1076859 0.5780361
vt 0.5937500 0.5375000
vt 0.4062500 0.5375000
vt 0.0692022 0.3215577
vt 0.5625000 -0.0203125
vt 0.0692022 0.6784423
vt 0.4375000 -0.0203125
vt 0.0692022 0.3215577
vt 0.5625000 0.0203125
vt 0.0692022 0.6784423
vt 0.4375000 0.0203125
vt 0.5937500 -0.0203125
vt 0.0842652 0.2222149
vt 0.4062500 -0.0203125
vt 0.0842652 0.7777851
vt 0.5937500 0.0203125
vt 0.0842652 0.2222149
vt 0.4062500 0.0203125
vt 0.0842652 0.7777851
vt 0.5937500 -0.0203125
vt 0.0842652 0.2222149
vt 0.4062500 -0.0203125
vt 0.0842652 0.7777851
vt 0.5937500 0.0203125
vt 0.0842652 0.2222149
vt 0.4062500 0.0203125
vt 0.0842652 0.7777851
vt 0.5625000 0.6500000
vt 0.1304482 0.3469266
vt 0.4375000 0.6500000
vt 0.1304482 0.6530734
vt 0.6250000 -0.0203125
vt 0.1464466 0.1464466
vt 0.3750000 -0.0203125
vt 0.1464466 0.8535534
vt 0.6250000 0.0203125
vt 0.1464466 0.1464466
vt 0.3750000 0.0203125
vt 0.1464466 0.8535534
vt 0.1375000 0.5000000
vt 0.5000000 0.0250000
vt 0.1444653 0.4292798
vt 0.5312500 0.0250000
vt 0.1444653 0.5707202
vt 0.4687500 0.0250000
vt 0.1116012 0.2404802
vt 0.5937500 -0.0203125
vt 0.1116012 0.7595198
vt 0.4062500 -0.0203125
vt 0.1116012 0.2404802
vt 0.5937500 0.0203125
vt 0.1116012 0.7595198
vt 0.4062500 0.0203125
vt 0.6250000 0.3625000
vt 0.3750000 0.3625000
vt 0.5937500 0.0500000
vt 0.4062500 0.0500000
vt 0.1668439 0.1668439
vt 0.6250000 -0.0203125
vt 0.1668439 0.8331561
vt 0.3750000 -0.0203125
vt 0.1668439 0.1668439
vt 0.6250000 0.0203125
vt 0.1668439 0.8331561
vt 0.3750000 0.0203125
vt 0.1122923 0.2409420
vt 0.5937500 -0.0203125
vt 0.1122923 0.7590580
vt 0.4062500 -0.0203125
vt 0.1122923 0.2409420
vt 0.5937500 0.0203125
vt 0.1122923 0.7590580
vt 0.4062500 0.0203125
vt 0.6250000 0.2187500
vt 0.3750000 0.2187500
vt 0.1276492 0.0504032
vt 0.1381492 0.0482415
vt 0.1381492 0.0504032
vt 0.1276492 0.1660566
vt 0.1381492 0.0482415
vt 0.1381492 0.1660566
vt 0.1276492 0.0504032
vt 0.1671492 0.0482415
vt 0.1671492 0.0504032
vt 0.1276492 0.1660566
vt 0.1671492 0.0482415
vt 0.1671492 0.1660566
vt 0.1650937 0.3612773
vt 0.5625000 0.0250000
vt 0.1650937 0.6387227
vt 0.4375000 0.0250000
vt 0.5937500 0.6500000
vt 0.1674122 0.2777719
vt 0.4062500 0.6500000
vt 0.1674122 0.7222281
vt 0.1276492 0.0504032
vt 0.1381492 0.0504032
vt 0.1276492 0.0504032
vt 0.1381492 0.1660566
vt 0.1381492 0.0504032
vt 0.1381492 0.0504032
vt 0.1671492 0.0504032
vt 0.1671492 0.0504032
vt 0.1381492 0.0504032
vt 0.1776492 0.0504032
vt 0.1381492 0.1660566
vt 0.1776492 0.0504032
vt 0.6250000 0.5375000
vt 0.3750000 0.5375000
vt 0.6250000 -0.0203125
vt 0.1464466 0.1464466
vt 0.3750000 -0.0203125
vt 0.1464466 0.8535534
vt 0.6250000 0.0203125
vt 0.1464466 0.1464466
vt 0.3750000 0.0203125
vt 0.1464466 0.8535534
vt 0.6250000 -0.0203125
vt 0.1464466 0.1464466
vt 0.3750000 -0.0203125
vt 0.1464466 0.8535534
vt 0.6250000 0.0203125
vt 0.1464466 0.1464466
vt 0.3750000 0.0203125
vt 0.1464466 0.8535534
vt 0.1985923 0.2986058
vt 0.5937500 0.0250000
vt 0.1985923 0.7013942
vt 0.4062500 0.0250000
vt 0.1696940 0.1696940
vt 0.6250000 -0.0203125
vt 0.1696940 0.8303060
vt 0.3750000 -0.0203125
vt 0.1696940 0.1696940
vt 0.6250000 0.0203125
vt 0.1696940 0.8303060
vt 0.3750000 0.0203125
vt 0.6250000 0.0500000
vt 0.3750000 0.0500000
vt 0.1702817 0.1702817
vt 0.6250000 -0.0203125
vt 0.1702817 0.8297183
vt 0.3750000 -0.0203125
vt 0.1702817 0.1702817
vt 0.6250000 0.0203125
vt 0.1702817 0.8297183
vt 0.3750000 0.0203125
vt 0.6562500 -0.0203125
vt 0.2222149 0.0842652
vt 0.3437500 -0.0203125
vt 0.2222149 0.9157348
vt 0.6562500 0.0203125
vt 0.2222149 0.0842652
vt 0.3437500 0.0203125
vt 0.2222149 0.9157348
vt 0.6250000 0.6500000
vt 0.2171573 0.2171573
vt 0.3750000 0.6500000
vt 0.2171573 0.7828427
vt 0.6562500 0.3625000
vt 0.3437500 0.3625000
vt 0.2382409 0.1082499
vt 0.6562500 -0.0203125
vt 0.2382409 0.8917501
vt 0.3437500 -0.0203125
vt 0.2382409 0.1082499
vt 0.6562500 0.0203125
vt 0.2382409 0.8917501
vt 0.3437500 0.0203125
vt 0.6562500 0.2187500
vt 0.3437500 0.2187500
vt 0.6562500 0.5375000
vt 0.3437500 0.5375000
vt 0.2436738 0.2436738
vt 0.6250000 0.0250000
vt 0.2436738 0.7563262
vt 0.3750000 0.0250000
vt 0.6562500 -0.0203125
vt 0.2222149 0.0842652
vt 0.3437500 -0.0203125
vt 0.2222149 0.9157348
vt 0.6562500 0.0203125
vt 0.2222149 0.0842652
vt 0.3437500 0.0203125
vt 0.2222149 0.9157348
vt 0.6562500 -0.0203125
vt 0.2222149 0.0842652
vt 0.3437500 -0.0203125
vt 0.2222149 0.9157348
vt 0.6562500 0.0203125
vt 0.2222149 0.0842652
vt 0.3437500 0.0203125
vt 0.2222149 0.9157348
vt 0.2404802 0.1116012
vt 0.6562500 -0.0203125
vt 0.2404802 0.8883988
vt 0.3437500 -0.0203125
vt 0.2404802 0.1116012
vt 0.6562500 0.0203125
vt 0.2404802 0.8883988
vt 0.3437500 0.0203125
vt 0.6562500 0.0500000
vt 0.3437500 0.0500000
vt 0.2409420 0.1122923
vt 0.6562500 -0.0203125
vt 0.2409420 0.8877077
vt 0.3437500 -0.0203125
vt 0.2409420 0.1122923
vt 0.6562500 0.0203125
vt 0.2409420 0.8877077
vt 0.3437500 0.0203125
vt 0.6562500 0.6500000
vt 0.2777719 0.1674122
vt 0.3437500 0.6500000
vt 0.2777719 0.8325878
vt 0.1276492 0.0769621
vt 0.2671492 0.0504032
vt 0.1276492 0.0769621
vt 0.2671492 0.1660566
vt 0.1381492 0.0769621
vt 0.1381492 0.0769621
vt 0.1671492 0.0769621
vt 0.1671492 0.0769621
vt 0.1776492 0.0769621
vt 0.2671492 0.0504032
vt 0.1776492 0.0769621
vt 0.2671492 0.1660566
vt 0.1381492 0.0504032
vt 0.1381492 0.0791238
vt 0.2776492 0.0504032
vt 0.1381492 0.0791238
vt 0.1381492 0.1660566
vt 0.2776492 0.1660566
vt 0.1671492 0.0504032
vt 0.1671492 0.0791238
vt 0.2776492 0.0504032
vt 0.1671492 0.0791238
vt 0.1671492 0.1660566
vt 0.2776492 0.1660566
vt 0.0518097 0.0689948
vt 0.0623097 0.0689948
vt 0.0518097 0.2288511
vt 0.0623097 0.2288511
vt 0.0518097 0.0689948
vt 0.0913097 0.0689948
vt 0.0518097 0.2288511
vt 0.0913097 0.2288511
vt 0.2986058 0.1985923
vt 0.6562500 0.0250000
vt 0.2986058 0.8014077
vt 0.3437500 0.0250000
vt 0.6875000 -0.0203125
vt 0.3086583 0.0380602
vt 0.3125000 -0.0203125
vt 0.3086583 0.9619398
vt 0.6875000 0.0203125
vt 0.3086583 0.0380602
vt 0.3125000 0.0203125
vt 0.3086583 0.9619398
vt 0.0623097 0.0689948
vt 0.0623097 0.2288511
vt 0.0623097 0.0668331
vt 0.0623097 0.0689948
vt 0.0623097 0.0689948
vt 0.0623097 0.2310129
vt 0.0623097 0.0668331
vt 0.0913097 0.0668331
vt 0.0913097 0.0689948
vt 0.0623097 0.2310129
vt 0.0913097 0.0689948
vt 0.0913097 0.2310129
vt 0.0623097 0.0689948
vt 0.0623097 0.2288511
vt 0.6875000 0.3625000
vt 0.3125000 0.3625000
vt 0.3196972 0.0647106
vt 0.6875000 -0.0203125
vt 0.3196972 0.9352894
vt 0.3125000 -0.0203125
vt 0.3196972 0.0647106
vt 0.6875000 0.0203125
vt 0.3196972 0.9352894
vt 0.3125000 0.0203125
vt 0.6875000 0.2187500
vt 0.3125000 0.2187500
vt 0.6875000 0.5375000
vt 0.3125000 0.5375000
vt 0.6875000 -0.0203125
vt 0.3086583 0.0380602
vt 0.3125000 -0.0203125
vt 0.3086583 0.9619398
vt 0.6875000 0.0203125
vt 0.3086583 0.0380602
vt 0.3125000 0.0203125
vt 0.3086583 0.9619398
vt 0.6875000 -0.0203125
vt 0.3086583 0.0380602
vt 0.3125000 -0.0203125
vt 0.3086583 0.9619398
vt 0.6875000 0.0203125
vt 0.3086583 0.0380602
vt 0.3125000 0.0203125
vt 0.3086583 0.9619398
vt 0.3212397 0.0684344
vt 0.6875000 -0.0203125
vt 0.3212397 0.9315656
vt 0.3125000 -0.0203125
vt 0.3212397 0.0684344
vt 0.6875000 0.0203125
vt 0.3212397 0.9315656
vt 0.3125000 0.0203125
vt 0.6875000 0.0500000
vt 0.3125000 0.0500000
vt 0.3215577 0.0692022
vt 0.6875000 -0.0203125
vt 0.3215577 0.9307978
vt 0.3125000 -0.0203125
vt 0.3215577 0.0692022
vt 0.6875000 0.0203125
vt 0.3215577 0.9307978
vt 0.3125000 0.0203125
vt 0.6875000 0.6500000
vt 0.3469266 0.1304482
vt 0.3125000 0.6500000
vt 0.3469266 0.8695518
vt 0.3612773 0.1650937
vt 0.6875000 0.0250000
vt 0.3125000 0.0250000
vt 0.3612773 0.8349063
vt 0.7187500 -0.0203125
vt 0.4024548 0.0096074
vt 0.2812500 -0.0203125
vt 0.4024548 0.9903926
vt 0.7187500 0.0203125
vt 0.4024548 0.0096074
vt 0.2812500 0.0203125
vt 0.4024548 0.9903926
vt 0.7187500 0.3625000
vt 0.2812500 0.3625000
vt 0.4080824 0.0378992
vt 0.7187500 -0.0203125
vt 0.4080824 0.9621008
vt 0.2812500 -0.0203125
vt 0.4080824 0.0378992
vt 0.7187500 0.0203125
vt 0.4080824 0.9621008
vt 0.2812500 0.0203125
vt 0.7187500 0.2187500
vt 0.2812500 0.2187500
vt 0.7187500 0.5375000
vt 0.2812500 0.5375000
vt 0.7187500 -0.0203125
vt 0.4024548 0.0096074
vt 0.2812500 -0.0203125
vt 0.4024548 0.9903926
vt 0.7187500 0.0203125
vt 0.4024548 0.0096074
vt 0.2812500 0.0203125
vt 0.4024548 0.9903926
vt 0.7187500 -0.0203125
vt 0.4024548 0.0096074
vt 0.2812500 -0.0203125
vt 0.4024548 0.9903926
vt 0.7187500 0.0203125
vt 0.4024548 0.0096074
vt 0.2812500 0.0203125
vt 0.4024548 0.9903926
vt 0.4088688 0.0418524
vt 0.7187500 -0.0203125
vt 0.4088688 0.9581476
vt 0.2812500 -0.0203125
vt 0.4088688 0.0418524
vt 0.7187500 0.0203125
vt 0.4088688 0.9581476
vt 0.2812500 0.0203125
vt 0.7187500 0.0500000
vt 0.2812500 0.0500000
vt 0.1913097 0.0689948
vt 0.1913097 0.2288511
vt 0.0623097 0.0668331
vt 0.0623097 0.0955537
vt 0.1913097 0.0668331
vt 0.0623097 0.0955537
vt 0.0623097 0.2310129
vt 0.1913097 0.2310129
vt 0.0913097 0.0668331
vt 0.0913097 0.0955537
vt 0.1913097 0.0668331
vt 0.0913097 0.0955537
vt 0.0913097 0.2310129
vt 0.1913097 0.2310129
vt 0.1913097 0.0689948
vt 0.1913097 0.2288511
vt 0.4090309 0.0426675
vt 0.7187500 -0.0203125
vt 0.4090309 0.9573325
vt 0.2812500 -0.0203125
vt 0.4090309 0.0426675
vt 0.7187500 0.0203125
vt 0.4090309 0.9573325
vt 0.2812500 0.0203125
vt 0.7187500 0.6500000
vt 0.4219639 0.1076859
vt 0.2812500 0.6500000
vt 0.4219639 0.8923141
vt 0.0623097 0.0689948
vt 0.2018097 0.0689948
vt 0.0623097 0.2288511
vt 0.2018097 0.2288511
vt 0.0913097 0.0689948
vt 0.2018097 0.0689948
vt 0.0913097 0.2288511
vt 0.2018097 0.2288511
vt 0.4292798 0.1444653
vt 0.7187500 0.0250000
vt 0.2812500 0.0250000
vt 0.4292798 0.8555347
vt 0.0750069 0.1145328
vt 0.0855069 0.1145328
vt 0.0750069 0.2866798
vt 0.0855069 0.2866798
vt 0.0750069 0.1145328
vt 0.1145069 0.1145328
vt 0.0750069 0.2866798
vt 0.1145069 0.2866798
vt 0.0855069 0.1145328
vt 0.0855069 0.2866798
vt 0.0855069 0.1123710
vt 0.0855069 0.1145328
vt 0.0855069 0.1145328
vt 0.0855069 0.2888416
vt 0.0855069 0.1123710
vt 0.1145069 0.1123710
vt 0.1145069 0.1145328
vt 0.0855069 0.2888416
vt 0.1145069 0.1145328
vt 0.1145069 0.2888416
vt 0.0855069 0.1145328
vt 0.0855069 0.2866798
vt 0.5000000 0.1375000
vt 0.7500000 0.0250000
vt 0.5000000 0.5000000
vt 0.2500000 0.0250000
vt 0.5000000 0.8625000
vt 0.7500000 0.0500000
vt 0.2500000 0.0500000
vt 0.5000000 0.0000000
vt 0.7500000 -0.0203125
vt 0.5000000 0.0328767
vt 0.7500000 -0.0203125
vt 0.5000000 0.9671233
vt 0.2500000 -0.0203125
vt 0.5000000 1.0000000
vt 0.2500000 -0.0203125
vt 0.7500000 0.0203125
vt 0.5000000 0.0000000
vt 0.7500000 0.0203125
vt 0.5000000 0.0328767
vt 0.2500000 0.0203125
vt 0.5000000 0.9671233
vt 0.2500000 0.0203125
vt 0.5000000 1.0000000
vt 0.7500000 0.2187500
vt 0.2500000 0.2187500
vt 0.5000000 0.0000000
vt 0.7500000 -0.0203125
vt 0.5000000 0.0288462
vt 0.7500000 -0.0203125
vt 0.5000000 0.9711538
vt 0.2500000 -0.0203125
vt 0.5000000 1.0000000
vt 0.2500000 -0.0203125
vt 0.7500000 0.0203125
vt 0.5000000 0.0000000
vt 0.7500000 0.0203125
vt 0.5000000 0.0288462
vt 0.2500000 0.0203125
vt 0.5000000 0.9711538
vt 0.2500000 0.0203125
vt 0.5000000 1.0000000
vt 0.7500000 0.3625000
vt 0.2500000 0.3625000
vt 0.7500000 0.5375000
vt 0.2500000 0.5375000
vt 0.5000000 0.0000000
vt 0.7500000 -0.0203125
vt 0.5000000 0.0337079
vt 0.7500000 -0.0203125
vt 0.5000000 0.9662921
vt 0.2500000 -0.0203125
vt 0.5000000 1.0000000
vt 0.2500000 -0.0203125
vt 0.7500000 0.0203125
vt 0.5000000 0.0000000
vt 0.7500000 0.0203125
vt 0.5000000 0.0337079
vt 0.2500000 0.0203125
vt 0.5000000 0.9662921
vt 0.2500000 0.0203125
vt 0.5000000 1.0000000
vt 0.7500000 0.6500000
vt 0.5000000 0.1000000
vt 0.5000000 0.5000000
vt 0.2500000 0.6500000
vt 0.5000000 0.9000000
vt 0.2145069 0.1145328
vt 0.2145069 0.2866798
vt 0.0855069 0.1123710
vt 0.0855069 0.1410916
vt 0.2145069 0.1123710
vt 0.0855069 0.1410916
vt 0.0855069 0.2888416
vt 0.2145069 0.2888416
vt 0.1145069 0.1123710
vt 0.1145069 0.1410916
vt 0.2145069 0.1123710
vt 0.1145069 0.1410916
vt 0.1145069 0.2888416
vt 0.2145069 0.2888416
vt 0.2145069 0.1145328
vt 0.2145069 0.2866798
vt 0.0855069 0.1145328
vt 0.2250069 0.1145328
vt 0.0855069 0.2866798
vt 0.2250069 0.2866798
vt 0.1145069 0.1145328
vt 0.2250069 0.1145328
vt 0.1145069 0.2866798
vt 0.2250069 0.2866798
vt 0.5707202 0.1444653
vt 0.7812500 0.0250000
vt 0.2187500 0.0250000
vt 0.5707202 0.8555347
vt 0.0443262 0.0890004
vt 0.0548262 0.0890004
vt 0.0443262 0.2488567
vt 0.0548262 0.2488567
vt 0.0443262 0.0890004
vt 0.0838262 0.0890004
vt 0.0443262 0.2488567
vt 0.0838262 0.2488567
vt 0.5780361 0.1076859
vt 0.7812500 0.6500000
vt 0.5780361 0.8923141
vt 0.2187500 0.6500000
vt 0.7812500 -0.0203125
vt 0.5909691 0.0426675
vt 0.2187500 -0.0203125
vt 0.5909691 0.9573325
vt 0.7812500 0.0203125
vt 0.5909691 0.0426675
vt 0.2187500 0.0203125
vt 0.5909691 0.9573325
vt 0.0548262 0.0890004
vt 0.0548262 0.2488567
vt 0.0548262 0.0868386
vt 0.0548262 0.0890004
vt 0.0548262 0.0890004
vt 0.0548262 0.2510185
vt 0.0548262 0.0868386
vt 0.0838262 0.0868386
vt 0.0838262 0.0890004
vt 0.0548262 0.2510185
vt 0.0838262 0.0890004
vt 0.0838262 0.2510185
vt 0.0548262 0.0890004
vt 0.0548262 0.2488567
vt 0.7812500 0.0500000
vt 0.2187500 0.0500000
vt 0.7812500 -0.0203125
vt 0.5911312 0.0418524
vt 0.2187500 -0.0203125
vt 0.5911312 0.9581476
vt 0.7812500 0.0203125
vt 0.5911312 0.0418524
vt 0.2187500 0.0203125
vt 0.5911312 0.9581476
vt 0.5975452 0.0096074
vt 0.7812500 -0.0203125
vt 0.5975452 0.9903926
vt 0.2187500 -0.0203125
vt 0.5975452 0.0096074
vt 0.7812500 0.0203125
vt 0.5975452 0.9903926
vt 0.2187500 0.0203125
vt 0.5975452 0.0096074
vt 0.7812500 -0.0203125
vt 0.5975452 0.9903926
vt 0.2187500 -0.0203125
vt 0.5975452 0.0096074
vt 0.7812500 0.0203125
vt 0.5975452 0.9903926
vt 0.2187500 0.0203125
vt 0.7812500 0.5375000
vt 0.2187500 0.5375000
vt 0.7812500 0.2187500
vt 0.2187500 0.2187500
vt 0.7812500 -0.0203125
vt 0.5919176 0.0378992
vt 0.2187500 -0.0203125
vt 0.5919176 0.9621008
vt 0.7812500 0.0203125
vt 0.5919176 0.0378992
vt 0.2187500 0.0203125
vt 0.5919176 0.9621008
vt 0.7812500 0.3625000
vt 0.2187500 0.3625000
vt 0.5975452 0.0096074
vt 0.7812500 -0.0203125
vt 0.5975452 0.9903926
vt 0.2187500 -0.0203125
vt 0.5975452 0.0096074
vt 0.7812500 0.0203125
vt 0.5975452 0.9903926
vt 0.2187500 0.0203125
vt 0.6387227 0.1650937
vt 0.8125000 0.0250000
vt 0.1875000 0.0250000
vt 0.6387227 0.8349063
vt 0.6530734 0.1304482
vt 0.8125000 0.6500000
vt 0.6530734 0.8695518
vt 0.1875000 0.6500000
vt 0.8125000 -0.0203125
vt 0.6784423 0.0692022
vt 0.1875000 -0.0203125
vt 0.6784423 0.9307978
vt 0.8125000 0.0203125
vt 0.6784423 0.0692022
vt 0.1875000 0.0203125
vt 0.6784423 0.9307978
vt 0.8125000 0.0500000
vt 0.1875000 0.0500000
vt 0.8125000 -0.0203125
vt 0.6787603 0.0684344
vt 0.1875000 -0.0203125
vt 0.6787603 0.9315656
vt 0.8125000 0.0203125
vt 0.6787603 0.0684344
vt 0.1875000 0.0203125
vt 0.6787603 0.9315656
vt 0.6913417 0.0380602
vt 0.8125000 -0.0203125
vt 0.6913417 0.9619398
vt 0.1875000 -0.0203125
vt 0.6913417 0.0380602
vt 0.8125000 0.0203125
vt 0.6913417 0.9619398
vt 0.1875000 0.0203125
vt 0.6913417 0.0380602
vt 0.8125000 -0.0203125
vt 0.6913417 0.9619398
vt 0.1875000 -0.0203125
vt 0.6913417 0.0380602
vt 0.8125000 0.0203125
vt 0.6913417 0.9619398
vt 0.1875000 0.0203125
vt 0.8125000 0.5375000
vt 0.1875000 0.5375000
vt 0.8125000 0.2187500
vt 0.1875000 0.2187500
vt 0.8125000 -0.0203125
vt 0.6803028 0.0647106
vt 0.1875000 -0.0203125
vt 0.6803028 0.9352894
vt 0.8125000 0.0203125
vt 0.6803028 0.0647106
vt 0.1875000 0.0203125
vt 0.6803028 0.9352894
vt 0.8125000 0.3625000
vt 0.1875000 0.3625000
vt 0.1838262 0.0890004
vt 0.1838262 0.2488567
vt 0.0548262 0.0868386
vt 0.0548262 0.1155592
vt 0.1838262 0.0868386
vt 0.0548262 0.1155592
vt 0.0548262 0.2510185
vt 0.1838262 0.2510185
vt 0.0838262 0.0868386
vt 0.0838262 0.1155592
vt 0.1838262 0.0868386
vt 0.0838262 0.1155592
vt 0.0838262 0.2510185
vt 0.1838262 0.2510185
vt 0.1838262 0.0890004
vt 0.1838262 0.2488567
vt 0.6913417 0.0380602
vt 0.8125000 -0.0203125
vt 0.6913417 0.9619398
vt 0.1875000 -0.0203125
vt 0.6913417 0.0380602
vt 0.8125000 0.0203125
vt 0.6913417 0.9619398
vt 0.1875000 0.0203125
vt 0.7013942 0.1985923
vt 0.8437500 0.0250000
vt 0.1562500 0.0250000
vt 0.7013942 0.8014077
vt 0.0548262 0.0890004
vt 0.1943262 0.0890004
vt 0.0548262 0.2488567
vt 0.1943262 0.2488567
vt 0.0838262 0.0890004
vt 0.1943262 0.0890004
vt 0.0838262 0.2488567
vt 0.1943262 0.2488567
vt 0.0462670 0.1274589
vt 0.0567670 0.1252971
vt 0.0567670 0.1274589
vt 0.0462670 0.2431123
vt 0.0567670 0.1252971
vt 0.0567670 0.2431123
vt 0.0462670 0.1274589
vt 0.0857670 0.1252971
vt 0.0857670 0.1274589
vt 0.0462670 0.2431123
vt 0.0857670 0.1252971
vt 0.0857670 0.2431123
vt 0.0462670 0.1274589
vt 0.0567670 0.1274589
vt 0.0462670 0.1274589
vt 0.0567670 0.2431123
vt 0.0567670 0.1274589
vt 0.0567670 0.1274589
vt 0.0857670 0.1274589
vt 0.0857670 0.1274589
vt 0.0567670 0.1274589
vt 0.0962670 0.1274589
vt 0.0567670 0.2431123
vt 0.0962670 0.1274589
vt 0.7222281 0.1674122
vt 0.8437500 0.6500000
vt 0.7222281 0.8325878
vt 0.1562500 0.6500000
vt 0.8437500 -0.0203125
vt 0.7590580 0.1122923
vt 0.1562500 -0.0203125
vt 0.7590580 0.8877077
vt 0.8437500 0.0203125
vt 0.7590580 0.1122923
vt 0.1562500 0.0203125
vt 0.7590580 0.8877077
vt 0.8437500 0.0500000
vt 0.1562500 0.0500000
vt 0.8437500 -0.0203125
vt 0.7595198 0.1116012
vt 0.1562500 -0.0203125
vt 0.7595198 0.8883988
vt 0.8437500 0.0203125
vt 0.7595198 0.1116012
vt 0.1562500 0.0203125
vt 0.7595198 0.8883988
vt 0.7777851 0.0842652
vt 0.8437500 -0.0203125
vt 0.7777851 0.9157348
vt 0.1562500 -0.0203125
vt 0.7777851 0.0842652
vt 0.8437500 0.0203125
vt 0.7777851 0.9157348
vt 0.1562500 0.0203125
vt 0.7777851 0.0842652
vt 0.8437500 -0.0203125
vt 0.7777851 0.9157348
vt 0.1562500 -0.0203125
vt 0.7777851 0.0842652
vt 0.8437500 0.0203125
vt 0.7777851 0.9157348
vt 0.1562500 0.0203125
vt 0.7563262 0.2436738
vt 0.8750000 0.0250000
vt 0.1250000 0.0250000
vt 0.7563262 0.7563262
vt 0.8437500 0.5375000
vt 0.1562500 0.5375000
vt 0.8437500 0.2187500
vt 0.1562500 0.2187500
vt 0.8437500 -0.0203125
vt 0.7617591 0.1082499
vt 0.1562500 -0.0203125
vt 0.7617591 0.8917501
vt 0.8437500 0.0203125
vt 0.7617591 0.1082499
vt 0.1562500 0.0203125
vt 0.7617591 0.8917501
vt 0.8437500 0.3625000
vt 0.1562500 0.3625000
vt 0.7828427 0.2171573
vt 0.8750000 0.6500000
vt 0.7828427 0.7828427
vt 0.1250000 0.6500000
vt 0.7777851 0.0842652
vt 0.8437500 -0.0203125
vt 0.7777851 0.9157348
vt 0.1562500 -0.0203125
vt 0.7777851 0.0842652
vt 0.8437500 0.0203125
vt 0.7777851 0.9157348
vt 0.1562500 0.0203125
vt 0.8750000 -0.0203125
vt 0.8297183 0.1702817
vt 0.1250000 -0.0203125
vt 0.8297183 0.8297183
vt 0.8750000 0.0203125
vt 0.8297183 0.1702817
vt 0.1250000 0.0203125
vt 0.8297183 0.8297183
vt 0.8750000 0.0500000
vt 0.1250000 0.0500000
vt 0.8750000 -0.0203125
vt 0.8303060 0.1696940
vt 0.1250000 -0.0203125
vt 0.8303060 0.8303060
vt 0.8750000 0.0203125
vt 0.8303060 0.1696940
vt 0.1250000 0.0203125
vt 0.8303060 0.8303060
vt 0.8014077 0.2986058
vt 0.9062500 0.0250000
vt 0.0937500 0.0250000
vt 0.8014077 0.7013942
vt 0.8535534 0.1464466
vt 0.8750000 -0.0203125
vt 0.8535534 0.8535534
vt 0.1250000 -0.0203125
vt 0.8535534 0.1464466
vt 0.8750000 0.0203125
vt 0.8535534 0.8535534
vt 0.1250000 0.0203125
vt 0.8535534 0.1464466
vt 0.8750000 -0.0203125
vt 0.8535534 0.8535534
vt 0.1250000 -0.0203125
vt 0.8535534 0.1464466
vt 0.8750000 0.0203125
vt 0.8535534 0.8535534
vt 0.1250000 0.0203125
vt 0.8750000 0.5375000
vt 0.1250000 0.5375000
vt 0.0462670 0.1540177
vt 0.1857670 0.1274589
vt 0.0462670 0.1540177
vt 0.1857670 0.2431123
vt 0.0567670 0.1540177
vt 0.0567670 0.1540177
vt 0.0857670 0.1540177
vt 0.0857670 0.1540177
vt 0.0962670 0.1540177
vt 0.1857670 0.1274589
vt 0.0962670 0.1540177
vt 0.1857670 0.2431123
vt 0.8325878 0.2777719
vt 0.9062500 0.6500000
vt 0.8325878 0.7222281
vt 0.0937500 0.6500000
vt 0.8349063 0.3612773
vt 0.9375000 0.0250000
vt 0.0625000 0.0250000
vt 0.8349063 0.6387227
vt 0.0567670 0.1274589
vt 0.0567670 0.1561794
vt 0.1962670 0.1274589
vt 0.0567670 0.1561794
vt 0.0567670 0.2431123
vt 0.1962670 0.2431123
vt 0.0857670 0.1274589
vt 0.0857670 0.1561794
vt 0.1962670 0.1274589
vt 0.0857670 0.1561794
vt 0.0857670 0.2431123
vt 0.1962670 0.2431123
vt 0.8750000 0.2187500
vt 0.1250000 0.2187500
vt 0.9062500 -0.0203125
vt 0.8877077 0.2409420
vt 0.0937500 -0.0203125
vt 0.8877077 0.7590580
vt 0.9062500 0.0203125
vt 0.8877077 0.2409420
vt 0.0937500 0.0203125
vt 0.8877077 0.7590580
vt 0.8750000 -0.0203125
vt 0.8331561 0.1668439
vt 0.1250000 -0.0203125
vt 0.8331561 0.8331561
vt 0.8750000 0.0203125
vt 0.8331561 0.1668439
vt 0.1250000 0.0203125
vt 0.8331561 0.8331561
vt 0.9062500 0.0500000
vt 0.0937500 0.0500000
vt 0.8750000 0.3625000
vt 0.1250000 0.3625000
vt 0.9062500 -0.0203125
vt 0.8883988 0.2404802
vt 0.0937500 -0.0203125
vt 0.8883988 0.7595198
vt 0.9062500 0.0203125
vt 0.8883988 0.2404802
vt 0.0937500 0.0203125
vt 0.8883988 0.7595198
vt 0.8555347 0.4292798
vt 0.9687500 0.0250000
vt 0.0312500 0.0250000
vt 0.8555347 0.5707202
vt 0.0000000 0.0250000
vt 0.8625000 0.5000000
vt 1.0000000 0.0250000
vt 0.8535534 0.1464466
vt 0.8750000 -0.0203125
vt 0.8535534 0.8535534
vt 0.1250000 -0.0203125
vt 0.8535534 0.1464466
vt 0.8750000 0.0203125
vt 0.8535534 0.8535534
vt 0.1250000 0.0203125
vt 0.8695518 0.3469266
vt 0.9375000 0.6500000
vt 0.8695518 0.6530734
vt 0.0625000 0.6500000
vt 0.9157348 0.2222149
vt 0.9062500 -0.0203125
vt 0.9157348 0.7777851
vt 0.0937500 -0.0203125
vt 0.9157348 0.2222149
vt 0.9062500 0.0203125
vt 0.9157348 0.7777851
vt 0.0937500 0.0203125
vt 0.9157348 0.2222149
vt 0.9062500 -0.0203125
vt 0.9157348 0.7777851
vt 0.0937500 -0.0203125
vt 0.9157348 0.2222149
vt 0.9062500 0.0203125
vt 0.9157348 0.7777851
vt 0.0937500 0.0203125
vt 0.9375000 -0.0203125
vt 0.9307978 0.3215577
vt 0.0625000 -0.0203125
vt 0.9307978 0.6784423
vt 0.9375000 0.0203125
vt 0.9307978 0.3215577
vt 0.0625000 0.0203125
vt 0.9307978 0.6784423
vt 0.9062500 0.5375000
vt 0.0937500 0.5375000
vt 0.8923141 0.4219639
vt 0.9687500 0.6500000
vt 0.8923141 0.5780361
vt 0.0312500 0.6500000
vt 0.9375000 0.0500000
vt 0.0625000 0.0500000
vt 0.9375000 -0.0203125
vt 0.9315656 0.3212397
vt 0.0625000 -0.0203125
vt 0.9315656 0.6787603
vt 0.9375000 0.0203125
vt 0.9315656 0.3212397
vt 0.0625000 0.0203125
vt 0.9315656 0.6787603
vt 0.9000000 0.5000000
vt 0.0000000 0.6500000
vt 1.0000000 0.6500000
vt 0.9062500 0.2187500
vt 0.0937500 0.2187500
vt 0.9687500 -0.0203125
vt 0.9573325 0.4090309
vt 0.0312500 -0.0203125
vt 0.9573325 0.5909691
vt 0.9687500 0.0203125
vt 0.9573325 0.4090309
vt 0.0312500 0.0203125
vt 0.9573325 0.5909691
vt 0.9062500 -0.0203125
vt 0.8917501 0.2382409
vt 0.0937500 -0.0203125
vt 0.8917501 0.7617591
vt 0.9062500 0.0203125
vt 0.8917501 0.2382409
vt 0.0937500 0.0203125
vt 0.8917501 0.7617591
vt 0.9619398 0.3086583
vt 0.9375000 -0.0203125
vt 0.9619398 0.6913417
vt 0.0625000 -0.0203125
vt 0.9619398 0.3086583
vt 0.9375000 0.0203125
vt 0.9619398 0.6913417
vt 0.0625000 0.0203125
vt 0.0000000 -0.0203125
vt 1.0000000 -0.0203125
vt 0.9662921 0.5000000
vt 0.0000000 0.0203125
vt 1.0000000 0.0203125
vt 0.9662921 0.5000000
vt 0.9062500 0.3625000
vt 0.0937500 0.3625000
vt 0.9687500 0.0500000
vt 0.0312500 0.0500000
vt 0.9687500 -0.0203125
vt 0.9581476 0.4088688
vt 0.0312500 -0.0203125
vt 0.9581476 0.5911312
vt 0.9687500 0.0203125
vt 0.9581476 0.4088688
vt 0.0312500 0.0203125
vt 0.9581476 0.5911312
vt 0.9619398 0.3086583
vt 0.9375000 -0.0203125
vt 0.9619398 0.6913417
vt 0.0625000 -0.0203125
vt 0.9619398 0.3086583
vt 0.9375000 0.0203125
vt 0.9619398 0.6913417
vt 0.0625000 0.0203125
vt 0.0000000 0.0500000
vt 1.0000000 0.0500000
vt 0.0000000 -0.0203125
vt 1.0000000 -0.0203125
vt 0.9671233 0.5000000
vt 0.0000000 0.0203125
vt 1.0000000 0.0203125
vt 0.9671233 0.5000000
vt 0.9375000 0.5375000
vt 0.0625000 0.5375000
vt 0.9157348 0.2222149
vt 0.9062500 -0.0203125
vt 0.9157348 0.7777851
vt 0.0937500 -0.0203125
vt 0.9157348 0.2222149
vt 0.9062500 0.0203125
vt 0.9157348 0.7777851
vt 0.0937500 0.0203125
vt 0.9903926 0.4024548
vt 0.9687500 -0.0203125
vt 0.9903926 0.5975452
vt 0.0312500 -0.0203125
vt 0.9903926 0.4024548
vt 0.9687500 0.0203125
vt 0.9903926 0.5975452
vt 0.0312500 0.0203125
vt 1.0000000 0.5000000
vt 0.0000000 -0.0203125
vt 1.0000000 -0.0203125
vt 1.0000000 0.5000000
vt 0.0000000 0.0203125
vt 1.0000000 0.0203125
vt 0.9903926 0.4024548
vt 0.9687500 -0.0203125
vt 0.9903926 0.5975452
vt 0.0312500 -0.0203125
vt 0.9903926 0.4024548
vt 0.9687500 0.0203125
vt 0.9903926 0.5975452
vt 0.0312500 0.0203125
vt 0.9375000 0.2187500
vt 0.0625000 0.2187500
vt 0.9375000 -0.0203125
vt 0.9352894 0.3196972
vt 0.0625000 -0.0203125
vt 0.9352894 0.6803028
vt 0.9375000 0.0203125
vt 0.9352894 0.3196972
vt 0.0625000 0.0203125
vt 0.9352894 0.6803028
vt 0.9687500 0.5375000
vt 0.0312500 0.5375000
vt 1.0000000 0.5000000
vt 0.0000000 -0.0203125
vt 1.0000000 -0.0203125
vt 1.0000000 0.5000000
vt 0.0000000 0.0203125
vt 1.0000000 0.0203125
vt 0.9375000 0.3625000
vt 0.0625000 0.3625000
vt 0.0000000 0.5375000
vt 1.0000000 0.5375000
vt 0.9687500 0.2187500
vt 0.0312500 0.2187500
vt 0.9619398 0.3086583
vt 0.9375000 -0.0203125
vt 0.9619398 0.6913417
vt 0.0625000 -0.0203125
vt 0.9619398 0.3086583
vt 0.9375000 0.0203125
vt 0.9619398 0.6913417
vt 0.0625000 0.0203125
vt 0.9687500 -0.0203125
vt 0.9621008 0.4080824
vt 0.0312500 -0.0203125
vt 0.9621008 0.5919176
vt 0.9687500 0.0203125
vt 0.9621008 0.4080824
vt 0.0312500 0.0203125
vt 0.9621008 0.5919176
vt 0.0000000 0.2187500
vt 1.0000000 0.2187500
vt 0.0000000 -0.0203125
vt 1.0000000 -0.0203125
vt 0.9711538 0.5000000
vt 0.0000000 0.0203125
vt 1.0000000 0.0203125
vt 0.9711538 0.5000000
vt 0.9687500 0.3625000
vt 0.0312500 0.3625000
vt 0.0000000 0.3625000
vt 1.0000000 0.3625000
vt 0.9903926 0.4024548
vt 0.9687500 -0.0203125
vt 0.9903926 0.5975452
vt 0.0312500 -0.0203125
vt 0.9903926 0.4024548
vt 0.9687500 0.0203125
vt 0.9903926 0.5975452
vt 0.0312500 0.0203125
vt 1.0000000 0.5000000
vt 0.0000000 -0.0203125
vt 1.0000000 -0.0203125
vt 1.0000000 0.5000000
vt 0.0000000 0.0203125
vt 1.0000000 0.0203125
vn -1.0000000 0.0000000 0.0000000
vn 0.0000000 -1.0000000 0.0000000
vn -1.0000000 0.0000000 0.0000000
vn 0.0000000 1.0000000 0.0000000
vn -0.9807853 0.0000000 -0.1950903
vn 0.0000000 -1.0000000 0.0000000
vn -0.9807853 0.0000000 0.1950903
vn 0.0000000 -1.0000000 0.0000000
vn -0.9807853 0.0000000 -0.1950903
vn 0.0000000 1.0000000 0.0000000
vn -0.9807853 0.0000000 0.1950903
vn 0.0000000 1.0000000 0.0000000
vn -0.9994994 0.0316371 0.0000000
vn -0.9802943 0.0316371 -0.1949927
vn -0.9802943 0.0316371 0.1949927
vn 0.0000000 -1.0000000 0.0000000
vn 1.0000000 0.0000000 -0.0000000
vn 0.0000000 1.0000000 0.0000000
vn 1.0000000 0.0000000 -0.0000000
vn -0.9935906 -0.1130387 0.0000000
vn 0.0000000 -1.0000000 0.0000000
vn 0.9807853 0.0000000 0.1950903
vn 0.0000000 -1.0000000 0.0000000
vn 0.9807853 0.0000000 -0.1950903
vn 0.0000000 1.0000000 0.0000000
vn 0.9807853 0.0000000 0.1950903
vn 0.0000000 1.0000000 0.0000000
vn 0.9807853 0.0000000 -0.1950903
vn -0.9238795 0.0000000 -0.3826834
vn 0.0000000 -1.0000000 0.0000000
vn -0.9238795 0.0000000 0.3826834
vn 0.0000000 -1.0000000 0.0000000
vn -0.9238795 0.0000000 -0.3826834
vn 0.0000000 1.0000000 0.0000000
vn -0.9238795 0.0000000 0.3826834
vn 0.0000000 1.0000000 0.0000000
vn -0.9744990 -0.1130387 -0.1938399
vn -0.9744990 -0.1130387 0.1938399
vn -0.9822224 0.1877209 0.0000000
vn -0.9234171 0.0316371 -0.3824919
vn -0.9234171 0.0316371 0.3824919
vn -1.0000000 0.0000000 0.0000000
vn 0.0000000 -1.0000000 0.0000000
vn -1.0000000 0.0000000 0.0000000
vn 0.0000000 1.0000000 0.0000000
vn -0.9633493 0.1877209 -0.1916221
vn -0.9633493 0.1877209 0.1916221
vn 0.0000000 -1.0000000 0.0000000
vn 0.9238795 0.0000000 0.3826834
vn 0.0000000 -1.0000000 0.0000000
vn 0.9238795 0.0000000 -0.3826834
vn 0.0000000 1.0000000 0.0000000
vn 0.9238795 0.0000000 0.3826834
vn 0.0000000 1.0000000 0.0000000
vn 0.9238795 0.0000000 -0.3826834
vn -0.9179580 -0.1130387 -0.3802307
vn -0.9179580 -0.1130387 0.3802307
vn -0.9807853 0.0000000 -0.1950903
vn 0.0000000 -1.0000000 0.0000000
vn -0.9807853 0.0000000 0.1950903
vn 0.0000000 -1.0000000 0.0000000
vn -0.9807853 0.0000000 -0.1950903
vn 0.0000000 1.0000000 0.0000000
vn -0.9807853 0.0000000 0.1950903
vn 0.0000000 1.0000000 0.0000000
vn -1.0000000 0.0000000 0.0000000
vn 0.0000000 -1.0000000 0.0000000
vn -1.0000000 0.0000000 0.0000000
vn 0.0000000 1.0000000 0.0000000
vn -0.9807853 0.0000000 -0.1950903
vn 0.0000000 -1.0000000 0.0000000
vn -0.9807853 0.0000000 0.1950903
vn 0.0000000 -1.0000000 0.0000000
vn -0.9807853 0.0000000 -0.1950903
vn 0.0000000 1.0000000 0.0000000
vn -0.9807853 0.0000000 0.1950903
vn 0.0000000 1.0000000 0.0000000
vn -0.8314696 0.0000000 -0.5555702
vn 0.0000000 -1.0000000 0.0000000
vn -0.8314696 0.0000000 0.5555702
vn 0.0000000 -1.0000000 0.0000000
vn -0.8314696 0.0000000 -0.5555702
vn 0.0000000 1.0000000 0.0000000
vn -0.8314696 0.0000000 0.5555702
vn 0.0000000 1.0000000 0.0000000
vn -0.9074552 0.1877209 -0.3758802
vn -0.9074552 0.1877209 0.3758802
vn 0.0000000 -1.0000000 0.0000000
vn 1.0000000 0.0000000 -0.0000000
vn 0.0000000 1.0000000 0.0000000
vn 1.0000000 0.0000000 -0.0000000
vn -0.8579229 -0.5137784 0.0000000
vn -0.9238795 0.0000000 -0.3826834
vn 0.0000000 -1.0000000 0.0000000
vn -0.9238795 0.0000000 0.3826834
vn 0.0000000 -1.0000000 0.0000000
vn -0.9238795 0.0000000 -0.3826834
vn 0.0000000 1.0000000 0.0000000
vn -0.9238795 0.0000000 0.3826834
vn 0.0000000 1.0000000 0.0000000
vn 0.0000000 -1.0000000 0.0000000
vn 0.9807853 0.0000000 0.1950903
vn 0.0000000 -1.0000000 0.0000000
vn 0.9807853 0.0000000 -0.1950903
vn 0.0000000 1.0000000 0.0000000
vn 0.9807853 0.0000000 0.1950903
vn 0.0000000 1.0000000 0.0000000
vn 0.9807853 0.0000000 -0.1950903
vn -0.8414382 -0.5137784 -0.1673725
vn -0.8414382 -0.5137784 0.1673725
vn -0.8310534 0.0316371 -0.5552921
vn -0.8310534 0.0316371 0.5552921
vn 0.0000000 -1.0000000 0.0000000
vn 1.0000000 0.0000000 -0.0000000
vn 0.0000000 1.0000000 0.0000000
vn 1.0000000 0.0000000 -0.0000000
vn -0.9238795 0.0000000 -0.3826834
vn 0.0000000 -1.0000000 0.0000000
vn -0.9238795 0.0000000 0.3826834
vn 0.0000000 -1.0000000 0.0000000
vn -0.9238795 0.0000000 -0.3826834
vn 0.0000000 1.0000000 0.0000000
vn -0.9238795 0.0000000 0.3826834
vn 0.0000000 1.0000000 0.0000000
vn 0.0000000 -1.0000000 0.0000000
vn 0.8314696 0.0000000 0.5555702
vn 0.0000000 -1.0000000 0.0000000
vn 0.8314696 0.0000000 -0.5555702
vn 0.0000000 1.0000000 0.0000000
vn 0.8314696 0.0000000 0.5555702
vn 0.0000000 1.0000000 0.0000000
vn 0.8314696 0.0000000 -0.5555702
vn 0.0000000 -1.0000000 0.0000000
vn 0.9807853 0.0000000 0.1950903
vn 0.0000000 -1.0000000 0.0000000
vn 0.9807853 0.0000000 -0.1950903
vn 0.0000000 1.0000000 0.0000000
vn 0.9807853 0.0000000 0.1950903
vn 0.0000000 1.0000000 0.0000000
vn 0.9807853 0.0000000 -0.1950903
vn -0.8261404 -0.1130387 -0.5520094
vn -0.8261404 -0.1130387 0.5520094
vn -0.9635179 0.2676439 0.0000000
vn 0.0000000 1.0000000 0.0000000
vn 0.0000000 -1.0000000 0.0000000
vn 0.9238795 0.0000000 0.3826834
vn 0.0000000 -1.0000000 0.0000000
vn 0.9238795 0.0000000 -0.3826834
vn 0.0000000 1.0000000 0.0000000
vn 0.9238795 0.0000000 0.3826834
vn 0.0000000 1.0000000 0.0000000
vn 0.9238795 0.0000000 -0.3826834
vn -0.7926175 -0.5137784 -0.3283129
vn -0.7926175 -0.5137784 0.3283129
vn -0.9450042 0.2676439 -0.1879730
vn 0.0000000 1.0000000 0.0000000
vn -0.9450042 0.2676439 0.1879730
vn 0.0000000 1.0000000 0.0000000
vn -0.8166881 0.1877209 -0.5456935
vn -0.8166881 0.1877209 0.5456935
vn 0.0000000 -1.0000000 0.0000000
vn 0.9238795 0.0000000 0.3826834
vn 0.0000000 -1.0000000 0.0000000
vn 0.9238795 0.0000000 -0.3826834
vn 0.0000000 1.0000000 0.0000000
vn 0.9238795 0.0000000 0.3826834
vn 0.0000000 1.0000000 0.0000000
vn 0.9238795 0.0000000 -0.3826834
vn -0.8314696 0.0000000 -0.5555702
vn 0.0000000 -1.0000000 0.0000000
vn -0.8314696 0.0000000 0.5555702
vn 0.0000000 -1.0000000 0.0000000
vn -0.8314696 0.0000000 -0.5555702
vn 0.0000000 1.0000000 0.0000000
vn -0.8314696 0.0000000 0.5555702
vn 0.0000000 1.0000000 0.0000000
vn -0.8314696 0.0000000 -0.5555702
vn 0.0000000 -1.0000000 0.0000000
vn -0.8314696 0.0000000 0.5555702
vn 0.0000000 -1.0000000 0.0000000
vn -0.8314696 0.0000000 -0.5555702
vn 0.0000000 1.0000000 0.0000000
vn -0.8314696 0.0000000 0.5555702
vn 0.0000000 1.0000000 0.0000000
vn -0.8901745 0.2676439 -0.3687223
vn 0.0000000 1.0000000 0.0000000
vn -0.8901745 0.2676439 0.3687223
vn 0.0000000 1.0000000 0.0000000
vn -0.7071068 0.0000000 -0.7071068
vn 0.0000000 -1.0000000 0.0000000
vn -0.7071068 0.0000000 0.7071068
vn 0.0000000 -1.0000000 0.0000000
vn -0.7071068 0.0000000 -0.7071068
vn 0.0000000 1.0000000 0.0000000
vn -0.7071068 0.0000000 0.7071068
vn 0.0000000 1.0000000 0.0000000
vn -0.3310069 -0.9436283 0.0000000
vn -0.3310069 -0.9436283 0.0000000
vn -0.3246467 -0.9436283 -0.0645763
vn -0.3246467 -0.9436283 -0.0645763
vn -0.3246467 -0.9436283 0.0645763
vn -0.3246467 -0.9436283 0.0645763
vn 0.0000000 -1.0000000 0.0000000
vn 0.8314696 0.0000000 0.5555702
vn 0.0000000 -1.0000000 0.0000000
vn 0.8314696 0.0000000 -0.5555702
vn 0.0000000 1.0000000 0.0000000
vn 0.8314696 0.0000000 0.5555702
vn 0.0000000 1.0000000 0.0000000
vn 0.8314696 0.0000000 -0.5555702
vn -0.7067528 0.0316371 -0.7067528
vn -0.7067528 0.0316371 0.7067528
vn -0.7133369 -0.5137784 -0.4766365
vn -0.7133369 -0.5137784 0.4766365
vn 0.0000000 -1.0000000 0.0000000
vn 0.7071068 0.0000000 0.7071068
vn 0.0000000 -1.0000000 0.0000000
vn 0.7071068 0.0000000 -0.7071068
vn 0.0000000 1.0000000 0.0000000
vn 0.7071068 0.0000000 0.7071068
vn 0.0000000 1.0000000 0.0000000
vn 0.7071068 0.0000000 -0.7071068
vn 0.0000000 -1.0000000 0.0000000
vn 0.8314696 0.0000000 0.5555702
vn 0.0000000 -1.0000000 0.0000000
vn 0.8314696 0.0000000 -0.5555702
vn 0.0000000 1.0000000 0.0000000
vn 0.8314696 0.0000000 0.5555702
vn 0.0000000 1.0000000 0.0000000
vn 0.8314696 0.0000000 -0.5555702
vn -0.7025746 -0.1130387 -0.7025746
vn -0.7025746 -0.1130387 0.7025746
vn -0.9239186 -0.3818930 -0.0230687
vn -0.9239186 -0.3818930 -0.0230687
vn -0.9239186 -0.3818930 -0.0230687
vn -0.9882924 -0.1514901 0.0181340
vn -0.9882924 -0.1514901 0.0181340
vn -0.9882924 -0.1514901 0.0181340
vn -0.9663990 0.2568909 -0.0089482
vn -0.9663990 0.2568909 -0.0089482
vn -0.9663990 0.2568909 -0.0089482
vn -0.9662858 0.2568608 0.0177302
vn -0.9662858 0.2568608 0.0177302
vn -0.9662858 0.2568608 0.0177302
vn -0.3058105 -0.9436283 -0.1266709
vn -0.3058105 -0.9436283 -0.1266709
vn -0.3058105 -0.9436283 0.1266709
vn -0.3058105 -0.9436283 0.1266709
vn -0.8011359 0.2676439 -0.5353019
vn 0.0000000 1.0000000 0.0000000
vn -0.8011359 0.2676439 0.5353019
vn 0.0000000 1.0000000 0.0000000
vn -0.0394215 -0.9991765 -0.0096100
vn -0.0394215 -0.9991765 -0.0096100
vn -0.1375536 -0.9903498 0.0169214
vn -0.1375536 -0.9903498 0.0169214
vn -0.0558007 -0.3793038 -0.9235881
vn -0.0558007 -0.3793038 0.9235881
vn -0.0636981 0.2496779 -0.9662316
vn -0.0636981 0.2496779 0.9662316
vn -0.0750439 0.9970124 -0.0182940
vn -0.0750439 0.9970124 -0.0182940
vn -0.0750533 0.9971368 0.0092328
vn -0.0750533 0.9971368 0.0092328
vn -0.6945361 0.1877209 -0.6945361
vn -0.6945361 0.1877209 0.6945361
vn -0.7071068 0.0000000 -0.7071068
vn 0.0000000 -1.0000000 0.0000000
vn -0.7071068 0.0000000 0.7071068
vn 0.0000000 -1.0000000 0.0000000
vn -0.7071068 0.0000000 -0.7071068
vn 0.0000000 1.0000000 0.0000000
vn -0.7071068 0.0000000 0.7071068
vn 0.0000000 1.0000000 0.0000000
vn -0.7071068 0.0000000 -0.7071068
vn 0.0000000 -1.0000000 0.0000000
vn -0.7071068 0.0000000 0.7071068
vn 0.0000000 -1.0000000 0.0000000
vn -0.7071068 0.0000000 -0.7071068
vn 0.0000000 1.0000000 0.0000000
vn -0.7071068 0.0000000 0.7071068
vn 0.0000000 1.0000000 0.0000000
vn -0.2752222 -0.9436283 -0.1838976
vn -0.2752222 -0.9436283 -0.1838976
vn -0.2752222 -0.9436283 0.1838976
vn -0.2752222 -0.9436283 0.1838976
vn 0.0000000 -1.0000000 0.0000000
vn 0.7071068 0.0000000 0.7071068
vn 0.0000000 -1.0000000 0.0000000
vn 0.7071068 0.0000000 -0.7071068
vn 0.0000000 1.0000000 0.0000000
vn 0.7071068 0.0000000 0.7071068
vn 0.0000000 1.0000000 0.0000000
vn 0.7071068 0.0000000 -0.7071068
vn -0.6066431 -0.5137784 -0.6066431
vn -0.6066431 -0.5137784 0.6066431
vn 0.0000000 -1.0000000 0.0000000
vn 0.7071068 0.0000000 0.7071068
vn 0.0000000 -1.0000000 0.0000000
vn 0.7071068 0.0000000 -0.7071068
vn 0.0000000 1.0000000 0.0000000
vn 0.7071068 0.0000000 0.7071068
vn 0.0000000 1.0000000 0.0000000
vn 0.7071068 0.0000000 -0.7071068
vn -0.5555702 0.0000000 -0.8314696
vn 0.0000000 -1.0000000 0.0000000
vn -0.5555702 0.0000000 0.8314696
vn 0.0000000 -1.0000000 0.0000000
vn -0.5555702 0.0000000 -0.8314696
vn 0.0000000 1.0000000 0.0000000
vn -0.5555702 0.0000000 0.8314696
vn 0.0000000 1.0000000 0.0000000
vn -0.6813100 0.2676439 -0.6813100
vn 0.0000000 1.0000000 0.0000000
vn -0.6813100 0.2676439 0.6813100
vn 0.0000000 1.0000000 0.0000000
vn -0.5552921 0.0316371 -0.8310534
vn -0.5552921 0.0316371 0.8310534
vn 0.0000000 -1.0000000 0.0000000
vn 0.5555702 0.0000000 0.8314696
vn 0.0000000 -1.0000000 0.0000000
vn 0.5555702 0.0000000 -0.8314696
vn 0.0000000 1.0000000 0.0000000
vn 0.5555702 0.0000000 0.8314696
vn 0.0000000 1.0000000 0.0000000
vn 0.5555702 0.0000000 -0.8314696
vn -0.5520094 -0.1130387 -0.8261404
vn -0.5520094 -0.1130387 0.8261404
vn -0.5456935 0.1877209 -0.8166881
vn -0.5456935 0.1877209 0.8166881
vn -0.2340573 -0.9436283 -0.2340573
vn -0.2340573 -0.9436283 -0.2340573
vn -0.2340573 -0.9436283 0.2340573
vn -0.2340573 -0.9436283 0.2340573
vn -0.5555702 0.0000000 -0.8314696
vn 0.0000000 -1.0000000 0.0000000
vn -0.5555702 0.0000000 0.8314696
vn 0.0000000 -1.0000000 0.0000000
vn -0.5555702 0.0000000 -0.8314696
vn 0.0000000 1.0000000 0.0000000
vn -0.5555702 0.0000000 0.8314696
vn 0.0000000 1.0000000 0.0000000
vn -0.5555702 0.0000000 -0.8314696
vn 0.0000000 -1.0000000 0.0000000
vn -0.5555702 0.0000000 0.8314696
vn 0.0000000 -1.0000000 0.0000000
vn -0.5555702 0.0000000 -0.8314696
vn 0.0000000 1.0000000 0.0000000
vn -0.5555702 0.0000000 0.8314696
vn 0.0000000 1.0000000 0.0000000
vn 0.0000000 -1.0000000 0.0000000
vn 0.5555702 0.0000000 0.8314696
vn 0.0000000 -1.0000000 0.0000000
vn 0.5555702 0.0000000 -0.8314696
vn 0.0000000 1.0000000 0.0000000
vn 0.5555702 0.0000000 0.8314696
vn 0.0000000 1.0000000 0.0000000
vn 0.5555702 0.0000000 -0.8314696
vn -0.4766365 -0.5137784 -0.7133369
vn -0.4766365 -0.5137784 0.7133369
vn 0.0000000 -1.0000000 0.0000000
vn 0.5555702 0.0000000 0.8314696
vn 0.0000000 -1.0000000 0.0000000
vn 0.5555702 0.0000000 -0.8314696
vn 0.0000000 1.0000000 0.0000000
vn 0.5555702 0.0000000 0.8314696
vn 0.0000000 1.0000000 0.0000000
vn 0.5555702 0.0000000 -0.8314696
vn -0.5353019 0.2676439 -0.8011359
vn 0.0000000 1.0000000 0.0000000
vn -0.5353019 0.2676439 0.8011359
vn 0.0000000 1.0000000 0.0000000
vn 0.0737669 -0.9966747 -0.0346118
vn 0.0737669 -0.9966747 -0.0346118
vn 0.0744113 -0.9970720 0.0176187
vn 0.0744113 -0.9970720 0.0176187
vn 0.0741948 -0.1510974 -0.9857305
vn 0.0741948 -0.1510974 0.9857305
vn 0.0725509 0.2562241 -0.9638908
vn 0.0725509 0.2562241 0.9638908
vn 0.0390697 0.9990683 -0.0183317
vn 0.0390697 0.9990683 -0.0183317
vn 0.1354034 0.9902717 0.0320601
vn 0.1354034 0.9902717 0.0320601
vn 0.9226363 -0.3854373 -0.0134258
vn 0.9226363 -0.3854373 -0.0134258
vn 0.9226363 -0.3854373 -0.0134258
vn 0.9882218 -0.1526652 0.0105379
vn 0.9882218 -0.1526652 0.0105379
vn 0.9882218 -0.1526652 0.0105379
vn 0.9667522 0.2552496 -0.0154186
vn 0.9667522 0.2552496 -0.0154186
vn 0.9667522 0.2552496 -0.0154186
vn 0.9668352 0.2535906 0.0303558
vn 0.9668352 0.2535906 0.0303558
vn 0.9668352 0.2535906 0.0303558
vn -0.9234436 -0.3833663 -0.0167972
vn -0.9234436 -0.3833663 -0.0167972
vn -0.9883690 -0.1515018 0.0131875
vn -0.9883690 -0.1515018 0.0131875
vn -0.9664173 0.2568957 -0.0064906
vn -0.9664173 0.2568957 -0.0064906
vn -0.9663573 0.2568798 0.0128939
vn -0.9663573 0.2568798 0.0128939
vn -0.1838976 -0.9436283 -0.2752222
vn -0.1838976 -0.9436283 -0.2752222
vn -0.1838976 -0.9436283 0.2752222
vn -0.1838976 -0.9436283 0.2752222
vn -0.3826834 0.0000000 -0.9238795
vn 0.0000000 -1.0000000 0.0000000
vn -0.3826834 0.0000000 0.9238795
vn 0.0000000 -1.0000000 0.0000000
vn -0.3826834 0.0000000 -0.9238795
vn 0.0000000 1.0000000 0.0000000
vn -0.3826834 0.0000000 0.9238795
vn 0.0000000 1.0000000 0.0000000
vn -0.0393270 -0.9992021 -0.0069714
vn -0.1378564 -0.9903758 0.0123008
vn -0.0558007 -0.3793038 -0.9235881
vn -0.0558007 -0.3793038 -0.9235881
vn -0.0558007 -0.3793038 0.9235881
vn -0.0558007 -0.3793038 0.9235881
vn -0.0636981 0.2496779 -0.9662316
vn -0.0636981 0.2496779 -0.9662316
vn -0.0636981 0.2496779 -0.9662316
vn -0.0636981 0.2496779 0.9662316
vn -0.0636981 0.2496779 0.9662316
vn -0.0636981 0.2496779 0.9662316
vn -0.0750499 0.9970910 -0.0133039
vn -0.0750548 0.9971569 0.0066971
vn -0.3824919 0.0316371 -0.9234171
vn -0.3824919 0.0316371 0.9234171
vn 0.0000000 -1.0000000 0.0000000
vn 0.3826834 0.0000000 0.9238795
vn 0.0000000 -1.0000000 0.0000000
vn 0.3826834 0.0000000 -0.9238795
vn 0.0000000 1.0000000 0.0000000
vn 0.3826834 0.0000000 0.9238795
vn 0.0000000 1.0000000 0.0000000
vn 0.3826834 0.0000000 -0.9238795
vn -0.3802307 -0.1130387 -0.9179580
vn -0.3802307 -0.1130387 0.9179580
vn -0.3758802 0.1877209 -0.9074552
vn -0.3758802 0.1877209 0.9074552
vn -0.3826834 0.0000000 -0.9238795
vn 0.0000000 -1.0000000 0.0000000
vn -0.3826834 0.0000000 0.9238795
vn 0.0000000 -1.0000000 0.0000000
vn -0.3826834 0.0000000 -0.9238795
vn 0.0000000 1.0000000 0.0000000
vn -0.3826834 0.0000000 0.9238795
vn 0.0000000 1.0000000 0.0000000
vn -0.3826834 0.0000000 -0.9238795
vn 0.0000000 -1.0000000 0.0000000
vn -0.3826834 0.0000000 0.9238795
vn 0.0000000 -1.0000000 0.0000000
vn -0.3826834 0.0000000 -0.9238795
vn 0.0000000 1.0000000 0.0000000
vn -0.3826834 0.0000000 0.9238795
vn 0.0000000 1.0000000 0.0000000
vn 0.0000000 -1.0000000 0.0000000
vn 0.3826834 0.0000000 0.9238795
vn 0.0000000 -1.0000000 0.0000000
vn 0.3826834 0.0000000 -0.9238795
vn 0.0000000 1.0000000 0.0000000
vn 0.3826834 0.0000000 0.9238795
vn 0.0000000 1.0000000 0.0000000
vn 0.3826834 0.0000000 -0.9238795
vn -0.3283129 -0.5137784 -0.7926175
vn -0.3283129 -0.5137784 0.7926175
vn 0.0000000 -1.0000000 0.0000000
vn 0.3826834 0.0000000 0.9238795
vn 0.0000000 -1.0000000 0.0000000
vn 0.3826834 0.0000000 -0.9238795
vn 0.0000000 1.0000000 0.0000000
vn 0.3826834 0.0000000 0.9238795
vn 0.0000000 1.0000000 0.0000000
vn 0.3826834 0.0000000 -0.9238795
vn -0.3687223 0.2676439 -0.8901745
vn 0.0000000 1.0000000 0.0000000
vn -0.3687223 0.2676439 0.8901745
vn 0.0000000 1.0000000 0.0000000
vn -0.1266709 -0.9436283 -0.3058105
vn -0.1266709 -0.9436283 -0.3058105
vn -0.1266709 -0.9436283 0.3058105
vn -0.1266709 -0.9436283 0.3058105
vn -0.1950903 0.0000000 -0.9807853
vn 0.0000000 -1.0000000 0.0000000
vn -0.1950903 0.0000000 0.9807853
vn 0.0000000 -1.0000000 0.0000000
vn -0.1950903 0.0000000 -0.9807853
vn 0.0000000 1.0000000 0.0000000
vn -0.1950903 0.0000000 0.9807853
vn 0.0000000 1.0000000 0.0000000
vn -0.1949927 0.0316371 -0.9802943
vn -0.1949927 0.0316371 0.9802943
vn 0.0000000 -1.0000000 0.0000000
vn 0.1950903 0.0000000 0.9807853
vn 0.0000000 -1.0000000 0.0000000
vn 0.1950903 0.0000000 -0.9807853
vn 0.0000000 1.0000000 0.0000000
vn 0.1950903 0.0000000 0.9807853
vn 0.0000000 1.0000000 0.0000000
vn 0.1950903 0.0000000 -0.9807853
vn -0.1938399 -0.1130387 -0.9744990
vn -0.1938399 -0.1130387 0.9744990
vn -0.1916221 0.1877209 -0.9633493
vn -0.1916221 0.1877209 0.9633493
vn -0.1950903 0.0000000 -0.9807853
vn 0.0000000 -1.0000000 0.0000000
vn -0.1950903 0.0000000 0.9807853
vn 0.0000000 -1.0000000 0.0000000
vn -0.1950903 0.0000000 -0.9807853
vn 0.0000000 1.0000000 0.0000000
vn -0.1950903 0.0000000 0.9807853
vn 0.0000000 1.0000000 0.0000000
vn -0.1950903 0.0000000 -0.9807853
vn 0.0000000 -1.0000000 0.0000000
vn -0.1950903 0.0000000 0.9807853
vn 0.0000000 -1.0000000 0.0000000
vn -0.1950903 0.0000000 -0.9807853
vn 0.0000000 1.0000000 0.0000000
vn -0.1950903 0.0000000 0.9807853
vn 0.0000000 1.0000000 0.0000000
vn 0.0000000 -1.0000000 0.0000000
vn 0.1950903 0.0000000 0.9807853
vn 0.0000000 -1.0000000 0.0000000
vn 0.1950903 0.0000000 -0.9807853
vn 0.0000000 1.0000000 0.0000000
vn 0.1950903 0.0000000 0.9807853
vn 0.0000000 1.0000000 0.0000000
vn 0.1950903 0.0000000 -0.9807853
vn -0.1673725 -0.5137784 -0.8414382
vn -0.1673725 -0.5137784 0.8414382
vn 0.0741231 -0.9969284 -0.0252903
vn 0.0745897 -0.9971320 0.0128102
vn 0.0741948 -0.1510974 -0.9857305
vn 0.0741948 -0.1510974 -0.9857305
vn 0.0741948 -0.1510974 -0.9857305
vn 0.0741948 -0.1510974 0.9857305
vn 0.0741948 -0.1510974 0.9857305
vn 0.0741948 -0.1510974 0.9857305
vn 0.0725509 0.2562241 -0.9638908
vn 0.0725509 0.2562241 -0.9638908
vn 0.0725509 0.2562241 -0.9638908
vn 0.0725509 0.2562241 0.9638908
vn 0.0725509 0.2562241 0.9638908
vn 0.0725509 0.2562241 0.9638908
vn 0.0390728 0.9991474 -0.0133314
vn 0.1362932 0.9903920 0.0234073
vn 0.0000000 -1.0000000 0.0000000
vn 0.1950903 0.0000000 0.9807853
vn 0.0000000 -1.0000000 0.0000000
vn 0.1950903 0.0000000 -0.9807853
vn 0.0000000 1.0000000 0.0000000
vn 0.1950903 0.0000000 0.9807853
vn 0.0000000 1.0000000 0.0000000
vn 0.1950903 0.0000000 -0.9807853
vn -0.1879730 0.2676439 -0.9450042
vn 0.0000000 1.0000000 0.0000000
vn -0.1879730 0.2676439 0.9450042
vn 0.0000000 1.0000000 0.0000000
vn 0.9224741 -0.3859358 -0.0097509
vn 0.9224741 -0.3859358 -0.0097509
vn 0.9882968 -0.1523513 0.0076471
vn 0.9882968 -0.1523513 0.0076471
vn 0.9666894 0.2557072 -0.0112038
vn 0.9666894 0.2557072 -0.0112038
vn 0.9668167 0.2545088 0.0221538
vn 0.9668167 0.2545088 0.0221538
vn -0.0645763 -0.9436283 -0.3246467
vn -0.0645763 -0.9436283 -0.3246467
vn -0.0645763 -0.9436283 0.3246467
vn -0.0645763 -0.9436283 0.3246467
vn -0.9233499 -0.3836418 -0.0156166
vn -0.9233499 -0.3836418 -0.0156166
vn -0.9883807 -0.1515036 0.0122578
vn -0.9883807 -0.1515036 0.0122578
vn -0.9664201 0.2568965 -0.0060301
vn -0.9664201 0.2568965 -0.0060301
vn -0.9663683 0.2568827 0.0119848
vn -0.9663683 0.2568827 0.0119848
vn -0.0393093 -0.9992061 -0.0064769
vn -0.1379129 -0.9903784 0.0114327
vn -0.0558007 -0.3793038 -0.9235881
vn -0.0558007 -0.3793038 -0.9235881
vn -0.0558007 -0.3793038 0.9235881
vn -0.0558007 -0.3793038 0.9235881
vn -0.0636981 0.2496779 -0.9662316
vn -0.0636981 0.2496779 -0.9662316
vn -0.0636981 0.2496779 -0.9662316
vn -0.0636981 0.2496779 0.9662316
vn -0.0636981 0.2496779 0.9662316
vn -0.0636981 0.2496779 0.9662316
vn -0.0750508 0.9971030 -0.0123660
vn -0.0750551 0.9971600 0.0062219
vn -0.0000000 -0.9436283 -0.3310069
vn -0.0000000 -0.9436283 -0.3310069
vn 0.0000000 -1.0000000 0.0000000
vn 0.0000000 -0.9436283 0.3310069
vn 0.0000000 -0.9436283 0.3310069
vn -0.0000000 -0.5137784 -0.8579229
vn 0.0000000 -0.5137784 0.8579229
vn 0.0000000 -1.0000000 0.0000000
vn -0.0000000 0.0000000 -1.0000000
vn 0.0000000 -1.0000000 0.0000000
vn 0.0000000 0.0000000 1.0000000
vn 0.0000000 -1.0000000 0.0000000
vn -0.0000000 0.0000000 -1.0000000
vn 0.0000000 -1.0000000 0.0000000
vn 0.0000000 0.0000000 1.0000000
vn -0.0000000 0.0000000 -1.0000000
vn 0.0000000 1.0000000 0.0000000
vn 0.0000000 0.0000000 1.0000000
vn 0.0000000 1.0000000 0.0000000
vn -0.0000000 0.0000000 -1.0000000
vn 0.0000000 1.0000000 0.0000000
vn 0.0000000 0.0000000 1.0000000
vn 0.0000000 1.0000000 0.0000000
vn -0.0000000 -0.1130387 -0.9935906
vn 0.0000000 -0.1130387 0.9935906
vn 0.0000000 -1.0000000 0.0000000
vn -0.0000000 0.0000000 -1.0000000
vn 0.0000000 -1.0000000 0.0000000
vn 0.0000000 0.0000000 1.0000000
vn 0.0000000 -1.0000000 0.0000000
vn -0.0000000 0.0000000 -1.0000000
vn 0.0000000 -1.0000000 0.0000000
vn 0.0000000 0.0000000 1.0000000
vn -0.0000000 0.0000000 -1.0000000
vn 0.0000000 1.0000000 0.0000000
vn 0.0000000 0.0000000 1.0000000
vn 0.0000000 1.0000000 0.0000000
vn -0.0000000 0.0000000 -1.0000000
vn 0.0000000 1.0000000 0.0000000
vn 0.0000000 0.0000000 1.0000000
vn 0.0000000 1.0000000 0.0000000
vn -0.0000000 0.0316371 -0.9994994
vn 0.0000000 0.0316371 0.9994994
vn -0.0000000 0.1877209 -0.9822224
vn 0.0000000 0.1877209 0.9822224
vn 0.0000000 -1.0000000 0.0000000
vn -0.0000000 0.0000000 -1.0000000
vn 0.0000000 -1.0000000 0.0000000
vn 0.0000000 0.0000000 1.0000000
vn 0.0000000 -1.0000000 0.0000000
vn -0.0000000 0.0000000 -1.0000000
vn 0.0000000 -1.0000000 0.0000000
vn 0.0000000 0.0000000 1.0000000
vn -0.0000000 0.0000000 -1.0000000
vn 0.0000000 1.0000000 0.0000000
vn 0.0000000 0.0000000 1.0000000
vn 0.0000000 1.0000000 0.0000000
vn -0.0000000 0.0000000 -1.0000000
vn 0.0000000 1.0000000 0.0000000
vn 0.0000000 0.0000000 1.0000000
vn 0.0000000 1.0000000 0.0000000
vn -0.0000000 0.2676439 -0.9635179
vn 0.0000000 1.0000000 0.0000000
vn 0.0000000 1.0000000 0.0000000
vn 0.0000000 0.2676439 0.9635179
vn 0.0000000 1.0000000 0.0000000
vn 0.0741897 -0.9969666 -0.0235281
vn 0.0746230 -0.9971407 0.0119066
vn 0.0741948 -0.1510974 -0.9857305
vn 0.0741948 -0.1510974 -0.9857305
vn 0.0741948 -0.1510974 -0.9857305
vn 0.0741948 -0.1510974 0.9857305
vn 0.0741948 -0.1510974 0.9857305
vn 0.0741948 -0.1510974 0.9857305
vn 0.0725509 0.2562241 -0.9638908
vn 0.0725509 0.2562241 -0.9638908
vn 0.0725509 0.2562241 -0.9638908
vn 0.0725509 0.2562241 0.9638908
vn 0.0725509 0.2562241 0.9638908
vn 0.0725509 0.2562241 0.9638908
vn 0.0390733 0.9991595 -0.0123915
vn 0.1364601 0.9904063 0.0217731
vn 0.9224423 -0.3860287 -0.0090612
vn 0.9224423 -0.3860287 -0.0090612
vn 0.9883099 -0.1522924 0.0071052
vn 0.9883099 -0.1522924 0.0071052
vn 0.9666756 0.2557926 -0.0104124
vn 0.9666756 0.2557926 -0.0104124
vn 0.9668058 0.2546801 0.0206056
vn 0.9668058 0.2546801 0.0206056
vn 0.0645763 -0.9436283 -0.3246467
vn 0.0645763 -0.9436283 -0.3246467
vn 0.0645763 -0.9436283 0.3246467
vn 0.0645763 -0.9436283 0.3246467
vn -0.9234436 -0.3833663 -0.0167972
vn -0.9234436 -0.3833663 -0.0167972
vn -0.9883690 -0.1515018 0.0131875
vn -0.9883690 -0.1515018 0.0131875
vn -0.9664173 0.2568957 -0.0064906
vn -0.9664173 0.2568957 -0.0064906
vn -0.9663573 0.2568798 0.0128939
vn -0.9663573 0.2568798 0.0128939
vn 0.0000000 1.0000000 0.0000000
vn 0.1879730 0.2676439 -0.9450042
vn 0.0000000 1.0000000 0.0000000
vn 0.1879730 0.2676439 0.9450042
vn -0.1950903 0.0000000 0.9807853
vn 0.0000000 -1.0000000 0.0000000
vn -0.1950903 0.0000000 -0.9807853
vn 0.0000000 -1.0000000 0.0000000
vn -0.1950903 0.0000000 0.9807853
vn 0.0000000 1.0000000 0.0000000
vn -0.1950903 0.0000000 -0.9807853
vn 0.0000000 1.0000000 0.0000000
vn -0.0393270 -0.9992021 -0.0069714
vn -0.1378564 -0.9903758 0.0123008
vn -0.0558007 -0.3793038 -0.9235881
vn -0.0558007 -0.3793038 -0.9235881
vn -0.0558007 -0.3793038 0.9235881
vn -0.0558007 -0.3793038 0.9235881
vn -0.0636981 0.2496779 -0.9662316
vn -0.0636981 0.2496779 -0.9662316
vn -0.0636981 0.2496779 -0.9662316
vn -0.0636981 0.2496779 0.9662316
vn -0.0636981 0.2496779 0.9662316
vn -0.0636981 0.2496779 0.9662316
vn -0.0750499 0.9970910 -0.0133039
vn -0.0750548 0.9971569 0.0066971
vn 0.1673725 -0.5137784 -0.8414382
vn 0.1673725 -0.5137784 0.8414382
vn -0.1950903 0.0000000 0.9807853
vn 0.0000000 -1.0000000 0.0000000
vn -0.1950903 0.0000000 -0.9807853
vn 0.0000000 -1.0000000 0.0000000
vn -0.1950903 0.0000000 0.9807853
vn 0.0000000 1.0000000 0.0000000
vn -0.1950903 0.0000000 -0.9807853
vn 0.0000000 1.0000000 0.0000000
vn 0.0000000 -1.0000000 0.0000000
vn 0.1950903 0.0000000 -0.9807853
vn 0.0000000 -1.0000000 0.0000000
vn 0.1950903 0.0000000 0.9807853
vn 0.0000000 1.0000000 0.0000000
vn 0.1950903 0.0000000 -0.9807853
vn 0.0000000 1.0000000 0.0000000
vn 0.1950903 0.0000000 0.9807853
vn 0.0000000 -1.0000000 0.0000000
vn 0.1950903 0.0000000 -0.9807853
vn 0.0000000 -1.0000000 0.0000000
vn 0.1950903 0.0000000 0.9807853
vn 0.0000000 1.0000000 0.0000000
vn 0.1950903 0.0000000 -0.9807853
vn 0.0000000 1.0000000 0.0000000
vn 0.1950903 0.0000000 0.9807853
vn 0.1916221 0.1877209 -0.9633493
vn 0.1916221 0.1877209 0.9633493
vn 0.1938399 -0.1130387 -0.9744990
vn 0.1938399 -0.1130387 0.9744990
vn -0.1950903 0.0000000 0.9807853
vn 0.0000000 -1.0000000 0.0000000
vn -0.1950903 0.0000000 -0.9807853
vn 0.0000000 -1.0000000 0.0000000
vn -0.1950903 0.0000000 0.9807853
vn 0.0000000 1.0000000 0.0000000
vn -0.1950903 0.0000000 -0.9807853
vn 0.0000000 1.0000000 0.0000000
vn 0.1949927 0.0316371 -0.9802943
vn 0.1949927 0.0316371 0.9802943
vn 0.0000000 -1.0000000 0.0000000
vn 0.1950903 0.0000000 -0.9807853
vn 0.0000000 -1.0000000 0.0000000
vn 0.1950903 0.0000000 0.9807853
vn 0.0000000 1.0000000 0.0000000
vn 0.1950903 0.0000000 -0.9807853
vn 0.0000000 1.0000000 0.0000000
vn 0.1950903 0.0000000 0.9807853
vn 0.1266709 -0.9436283 -0.3058105
vn 0.1266709 -0.9436283 -0.3058105
vn 0.1266709 -0.9436283 0.3058105
vn 0.1266709 -0.9436283 0.3058105
vn 0.0000000 1.0000000 0.0000000
vn 0.3687223 0.2676439 -0.8901745
vn 0.0000000 1.0000000 0.0000000
vn 0.3687223 0.2676439 0.8901745
vn -0.3826834 0.0000000 0.9238795
vn 0.0000000 -1.0000000 0.0000000
vn -0.3826834 0.0000000 -0.9238795
vn 0.0000000 -1.0000000 0.0000000
vn -0.3826834 0.0000000 0.9238795
vn 0.0000000 1.0000000 0.0000000
vn -0.3826834 0.0000000 -0.9238795
vn 0.0000000 1.0000000 0.0000000
vn 0.3283129 -0.5137784 -0.7926175
vn 0.3283129 -0.5137784 0.7926175
vn -0.3826834 0.0000000 0.9238795
vn 0.0000000 -1.0000000 0.0000000
vn -0.3826834 0.0000000 -0.9238795
vn 0.0000000 -1.0000000 0.0000000
vn -0.3826834 0.0000000 0.9238795
vn 0.0000000 1.0000000 0.0000000
vn -0.3826834 0.0000000 -0.9238795
vn 0.0000000 1.0000000 0.0000000
vn 0.0000000 -1.0000000 0.0000000
vn 0.3826834 0.0000000 -0.9238795
vn 0.0000000 -1.0000000 0.0000000
vn 0.3826834 0.0000000 0.9238795
vn 0.0000000 1.0000000 0.0000000
vn 0.3826834 0.0000000 -0.9238795
vn 0.0000000 1.0000000 0.0000000
vn 0.3826834 0.0000000 0.9238795
vn 0.0000000 -1.0000000 0.0000000
vn 0.3826834 0.0000000 -0.9238795
vn 0.0000000 -1.0000000 0.0000000
vn 0.3826834 0.0000000 0.9238795
vn 0.0000000 1.0000000 0.0000000
vn 0.3826834 0.0000000 -0.9238795
vn 0.0000000 1.0000000 0.0000000
vn 0.3826834 0.0000000 0.9238795
vn 0.3758802 0.1877209 -0.9074552
vn 0.3758802 0.1877209 0.9074552
vn 0.3802307 -0.1130387 -0.9179580
vn 0.3802307 -0.1130387 0.9179580
vn -0.3826834 0.0000000 0.9238795
vn 0.0000000 -1.0000000 0.0000000
vn -0.3826834 0.0000000 -0.9238795
vn 0.0000000 -1.0000000 0.0000000
vn -0.3826834 0.0000000 0.9238795
vn 0.0000000 1.0000000 0.0000000
vn -0.3826834 0.0000000 -0.9238795
vn 0.0000000 1.0000000 0.0000000
vn 0.3824919 0.0316371 -0.9234171
vn 0.3824919 0.0316371 0.9234171
vn 0.0741231 -0.9969284 -0.0252903
vn 0.0745897 -0.9971320 0.0128102
vn 0.0741948 -0.1510974 -0.9857305
vn 0.0741948 -0.1510974 -0.9857305
vn 0.0741948 -0.1510974 -0.9857305
vn 0.0741948 -0.1510974 0.9857305
vn 0.0741948 -0.1510974 0.9857305
vn 0.0741948 -0.1510974 0.9857305
vn 0.0725509 0.2562241 -0.9638908
vn 0.0725509 0.2562241 -0.9638908
vn 0.0725509 0.2562241 -0.9638908
vn 0.0725509 0.2562241 0.9638908
vn 0.0725509 0.2562241 0.9638908
vn 0.0725509 0.2562241 0.9638908
vn 0.0390728 0.9991474 -0.0133314
vn 0.1362932 0.9903920 0.0234073
vn 0.0000000 -1.0000000 0.0000000
vn 0.3826834 0.0000000 -0.9238795
vn 0.0000000 -1.0000000 0.0000000
vn 0.3826834 0.0000000 0.9238795
vn 0.0000000 1.0000000 0.0000000
vn 0.3826834 0.0000000 -0.9238795
vn 0.0000000 1.0000000 0.0000000
vn 0.3826834 0.0000000 0.9238795
vn 0.1838976 -0.9436283 -0.2752222
vn 0.1838976 -0.9436283 -0.2752222
vn 0.1838976 -0.9436283 0.2752222
vn 0.1838976 -0.9436283 0.2752222
vn 0.9224741 -0.3859358 -0.0097509
vn 0.9224741 -0.3859358 -0.0097509
vn 0.9882968 -0.1523513 0.0076471
vn 0.9882968 -0.1523513 0.0076471
vn 0.9666894 0.2557072 -0.0112038
vn 0.9666894 0.2557072 -0.0112038
vn 0.9668167 0.2545088 0.0221538
vn 0.9668167 0.2545088 0.0221538
vn -0.9239186 -0.3818930 -0.0230687
vn -0.9239186 -0.3818930 -0.0230687
vn -0.9239186 -0.3818930 -0.0230687
vn -0.9882924 -0.1514901 0.0181340
vn -0.9882924 -0.1514901 0.0181340
vn -0.9882924 -0.1514901 0.0181340
vn -0.9663990 0.2568909 -0.0089482
vn -0.9663990 0.2568909 -0.0089482
vn -0.9663990 0.2568909 -0.0089482
vn -0.9662858 0.2568608 0.0177302
vn -0.9662858 0.2568608 0.0177302
vn -0.9662858 0.2568608 0.0177302
vn -0.0394215 -0.9991765 -0.0096100
vn -0.0394215 -0.9991765 -0.0096100
vn -0.1375536 -0.9903498 0.0169214
vn -0.1375536 -0.9903498 0.0169214
vn -0.0558007 -0.3793038 -0.9235881
vn -0.0558007 -0.3793038 0.9235881
vn -0.0636981 0.2496779 -0.9662316
vn -0.0636981 0.2496779 0.9662316
vn -0.0750439 0.9970124 -0.0182940
vn -0.0750439 0.9970124 -0.0182940
vn -0.0750533 0.9971368 0.0092328
vn -0.0750533 0.9971368 0.0092328
vn 0.0000000 1.0000000 0.0000000
vn 0.5353019 0.2676439 -0.8011359
vn 0.0000000 1.0000000 0.0000000
vn 0.5353019 0.2676439 0.8011359
vn -0.5555702 0.0000000 0.8314696
vn 0.0000000 -1.0000000 0.0000000
vn -0.5555702 0.0000000 -0.8314696
vn 0.0000000 -1.0000000 0.0000000
vn -0.5555702 0.0000000 0.8314696
vn 0.0000000 1.0000000 0.0000000
vn -0.5555702 0.0000000 -0.8314696
vn 0.0000000 1.0000000 0.0000000
vn 0.4766365 -0.5137784 -0.7133369
vn 0.4766365 -0.5137784 0.7133369
vn -0.5555702 0.0000000 0.8314696
vn 0.0000000 -1.0000000 0.0000000
vn -0.5555702 0.0000000 -0.8314696
vn 0.0000000 -1.0000000 0.0000000
vn -0.5555702 0.0000000 0.8314696
vn 0.0000000 1.0000000 0.0000000
vn -0.5555702 0.0000000 -0.8314696
vn 0.0000000 1.0000000 0.0000000
vn 0.0000000 -1.0000000 0.0000000
vn 0.5555702 0.0000000 -0.8314696
vn 0.0000000 -1.0000000 0.0000000
vn 0.5555702 0.0000000 0.8314696
vn 0.0000000 1.0000000 0.0000000
vn 0.5555702 0.0000000 -0.8314696
vn 0.0000000 1.0000000 0.0000000
vn 0.5555702 0.0000000 0.8314696
vn 0.0000000 -1.0000000 0.0000000
vn 0.5555702 0.0000000 -0.8314696
vn 0.0000000 -1.0000000 0.0000000
vn 0.5555702 0.0000000 0.8314696
vn 0.0000000 1.0000000 0.0000000
vn 0.5555702 0.0000000 -0.8314696
vn 0.0000000 1.0000000 0.0000000
vn 0.5555702 0.0000000 0.8314696
vn 0.2340573 -0.9436283 -0.2340573
vn 0.2340573 -0.9436283 -0.2340573
vn 0.2340573 -0.9436283 0.2340573
vn 0.2340573 -0.9436283 0.2340573
vn 0.5456935 0.1877209 -0.8166881
vn 0.5456935 0.1877209 0.8166881
vn 0.5520094 -0.1130387 -0.8261404
vn 0.5520094 -0.1130387 0.8261404
vn -0.5555702 0.0000000 0.8314696
vn 0.0000000 -1.0000000 0.0000000
vn -0.5555702 0.0000000 -0.8314696
vn 0.0000000 -1.0000000 0.0000000
vn -0.5555702 0.0000000 0.8314696
vn 0.0000000 1.0000000 0.0000000
vn -0.5555702 0.0000000 -0.8314696
vn 0.0000000 1.0000000 0.0000000
vn 0.5552921 0.0316371 -0.8310534
vn 0.5552921 0.0316371 0.8310534
vn 0.0000000 1.0000000 0.0000000
vn 0.6813100 0.2676439 -0.6813100
vn 0.0000000 1.0000000 0.0000000
vn 0.6813100 0.2676439 0.6813100
vn 0.0000000 -1.0000000 0.0000000
vn 0.5555702 0.0000000 -0.8314696
vn 0.0000000 -1.0000000 0.0000000
vn 0.5555702 0.0000000 0.8314696
vn 0.0000000 1.0000000 0.0000000
vn 0.5555702 0.0000000 -0.8314696
vn 0.0000000 1.0000000 0.0000000
vn 0.5555702 0.0000000 0.8314696
vn -0.7071068 0.0000000 0.7071068
vn 0.0000000 -1.0000000 0.0000000
vn -0.7071068 0.0000000 -0.7071068
vn 0.0000000 -1.0000000 0.0000000
vn -0.7071068 0.0000000 0.7071068
vn 0.0000000 1.0000000 0.0000000
vn -0.7071068 0.0000000 -0.7071068
vn 0.0000000 1.0000000 0.0000000
vn 0.6066431 -0.5137784 -0.6066431
vn 0.6066431 -0.5137784 0.6066431
vn -0.7071068 0.0000000 0.7071068
vn 0.0000000 -1.0000000 0.0000000
vn -0.7071068 0.0000000 -0.7071068
vn 0.0000000 -1.0000000 0.0000000
vn -0.7071068 0.0000000 0.7071068
vn 0.0000000 1.0000000 0.0000000
vn -0.7071068 0.0000000 -0.7071068
vn 0.0000000 1.0000000 0.0000000
vn 0.2752222 -0.9436283 -0.1838976
vn 0.2752222 -0.9436283 -0.1838976
vn 0.2752222 -0.9436283 0.1838976
vn 0.2752222 -0.9436283 0.1838976
vn 0.0000000 -1.0000000 0.0000000
vn 0.7071068 0.0000000 -0.7071068
vn 0.0000000 -1.0000000 0.0000000
vn 0.7071068 0.0000000 0.7071068
vn 0.0000000 1.0000000 0.0000000
vn 0.7071068 0.0000000 -0.7071068
vn 0.0000000 1.0000000 0.0000000
vn 0.7071068 0.0000000 0.7071068
vn 0.0000000 -1.0000000 0.0000000
vn 0.7071068 0.0000000 -0.7071068
vn 0.0000000 -1.0000000 0.0000000
vn 0.7071068 0.0000000 0.7071068
vn 0.0000000 1.0000000 0.0000000
vn 0.7071068 0.0000000 -0.7071068
vn 0.0000000 1.0000000 0.0000000
vn 0.7071068 0.0000000 0.7071068
vn 0.6945361 0.1877209 -0.6945361
vn 0.6945361 0.1877209 0.6945361
vn 0.0737669 -0.9966747 -0.0346118
vn 0.0737669 -0.9966747 -0.0346118
vn 0.0744113 -0.9970720 0.0176187
vn 0.0744113 -0.9970720 0.0176187
vn 0.0741948 -0.1510974 -0.9857305
vn 0.0741948 -0.1510974 0.9857305
vn 0.0725509 0.2562241 -0.9638908
vn 0.0725509 0.2562241 0.9638908
vn 0.0390697 0.9990683 -0.0183317
vn 0.0390697 0.9990683 -0.0183317
vn 0.1354034 0.9902717 0.0320601
vn 0.1354034 0.9902717 0.0320601
vn 0.0000000 1.0000000 0.0000000
vn 0.8011359 0.2676439 -0.5353019
vn 0.0000000 1.0000000 0.0000000
vn 0.8011359 0.2676439 0.5353019
vn 0.3058105 -0.9436283 -0.1266709
vn 0.3058105 -0.9436283 -0.1266709
vn 0.3058105 -0.9436283 0.1266709
vn 0.3058105 -0.9436283 0.1266709
vn 0.9226363 -0.3854373 -0.0134258
vn 0.9226363 -0.3854373 -0.0134258
vn 0.9226363 -0.3854373 -0.0134258
vn 0.9882218 -0.1526652 0.0105379
vn 0.9882218 -0.1526652 0.0105379
vn 0.9882218 -0.1526652 0.0105379
vn 0.9667522 0.2552496 -0.0154186
vn 0.9667522 0.2552496 -0.0154186
vn 0.9667522 0.2552496 -0.0154186
vn 0.9668352 0.2535906 0.0303558
vn 0.9668352 0.2535906 0.0303558
vn 0.9668352 0.2535906 0.0303558
vn 0.7025746 -0.1130387 -0.7025746
vn 0.7025746 -0.1130387 0.7025746
vn -0.8314696 0.0000000 0.5555702
vn 0.0000000 -1.0000000 0.0000000
vn -0.8314696 0.0000000 -0.5555702
vn 0.0000000 -1.0000000 0.0000000
vn -0.8314696 0.0000000 0.5555702
vn 0.0000000 1.0000000 0.0000000
vn -0.8314696 0.0000000 -0.5555702
vn 0.0000000 1.0000000 0.0000000
vn -0.7071068 0.0000000 0.7071068
vn 0.0000000 -1.0000000 0.0000000
vn -0.7071068 0.0000000 -0.7071068
vn 0.0000000 -1.0000000 0.0000000
vn -0.7071068 0.0000000 0.7071068
vn 0.0000000 1.0000000 0.0000000
vn -0.7071068 0.0000000 -0.7071068
vn 0.0000000 1.0000000 0.0000000
vn 0.7133369 -0.5137784 -0.4766365
vn 0.7133369 -0.5137784 0.4766365
vn 0.7067528 0.0316371 -0.7067528
vn 0.7067528 0.0316371 0.7067528
vn -0.8314696 0.0000000 0.5555702
vn 0.0000000 -1.0000000 0.0000000
vn -0.8314696 0.0000000 -0.5555702
vn 0.0000000 -1.0000000 0.0000000
vn -0.8314696 0.0000000 0.5555702
vn 0.0000000 1.0000000 0.0000000
vn -0.8314696 0.0000000 -0.5555702
vn 0.0000000 1.0000000 0.0000000
vn 0.3246467 -0.9436283 -0.0645763
vn 0.3246467 -0.9436283 -0.0645763
vn 0.3246467 -0.9436283 0.0645763
vn 0.3246467 -0.9436283 0.0645763
vn 0.3310069 -0.9436283 0.0000000
vn 0.3310069 -0.9436283 -0.0000000
vn 0.3310069 -0.9436283 -0.0000000
vn 0.0000000 -1.0000000 0.0000000
vn 0.7071068 0.0000000 -0.7071068
vn 0.0000000 -1.0000000 0.0000000
vn 0.7071068 0.0000000 0.7071068
vn 0.0000000 1.0000000 0.0000000
vn 0.7071068 0.0000000 -0.7071068
vn 0.0000000 1.0000000 0.0000000
vn 0.7071068 0.0000000 0.7071068
vn 0.0000000 1.0000000 0.0000000
vn 0.8901745 0.2676439 -0.3687223
vn 0.0000000 1.0000000 0.0000000
vn 0.8901745 0.2676439 0.3687223
vn 0.0000000 -1.0000000 0.0000000
vn 0.8314696 0.0000000 -0.5555702
vn 0.0000000 -1.0000000 0.0000000
vn 0.8314696 0.0000000 0.5555702
vn 0.0000000 1.0000000 0.0000000
vn 0.8314696 0.0000000 -0.5555702
vn 0.0000000 1.0000000 0.0000000
vn 0.8314696 0.0000000 0.5555702
vn 0.0000000 -1.0000000 0.0000000
vn 0.8314696 0.0000000 -0.5555702
vn 0.0000000 -1.0000000 0.0000000
vn 0.8314696 0.0000000 0.5555702
vn 0.0000000 1.0000000 0.0000000
vn 0.8314696 0.0000000 -0.5555702
vn 0.0000000 1.0000000 0.0000000
vn 0.8314696 0.0000000 0.5555702
vn -0.9238795 0.0000000 0.3826834
vn 0.0000000 -1.0000000 0.0000000
vn -0.9238795 0.0000000 -0.3826834
vn 0.0000000 -1.0000000 0.0000000
vn -0.9238795 0.0000000 0.3826834
vn 0.0000000 1.0000000 0.0000000
vn -0.9238795 0.0000000 -0.3826834
vn 0.0000000 1.0000000 0.0000000
vn 0.8166881 0.1877209 -0.5456935
vn 0.8166881 0.1877209 0.5456935
vn 0.0000000 1.0000000 0.0000000
vn 0.9450042 0.2676439 -0.1879730
vn 0.0000000 1.0000000 0.0000000
vn 0.9450042 0.2676439 0.1879730
vn 0.7926175 -0.5137784 -0.3283129
vn 0.7926175 -0.5137784 0.3283129
vn -0.9238795 0.0000000 0.3826834
vn 0.0000000 -1.0000000 0.0000000
vn -0.9238795 0.0000000 -0.3826834
vn 0.0000000 -1.0000000 0.0000000
vn -0.9238795 0.0000000 0.3826834
vn 0.0000000 1.0000000 0.0000000
vn -0.9238795 0.0000000 -0.3826834
vn 0.0000000 1.0000000 0.0000000
vn 0.0000000 1.0000000 0.0000000
vn 0.9635179 0.2676439 0.0000000
vn 0.9635179 0.2676439 -0.0000000
vn 0.8261404 -0.1130387 -0.5520094
vn 0.8261404 -0.1130387 0.5520094
vn -0.9807853 0.0000000 0.1950903
vn 0.0000000 -1.0000000 0.0000000
vn -0.9807853 0.0000000 -0.1950903
vn 0.0000000 -1.0000000 0.0000000
vn -0.9807853 0.0000000 0.1950903
vn 0.0000000 1.0000000 0.0000000
vn -0.9807853 0.0000000 -0.1950903
vn 0.0000000 1.0000000 0.0000000
vn -0.8314696 0.0000000 0.5555702
vn 0.0000000 -1.0000000 0.0000000
vn -0.8314696 0.0000000 -0.5555702
vn 0.0000000 -1.0000000 0.0000000
vn -0.8314696 0.0000000 0.5555702
vn 0.0000000 1.0000000 0.0000000
vn -0.8314696 0.0000000 -0.5555702
vn 0.0000000 1.0000000 0.0000000
vn 0.0000000 -1.0000000 0.0000000
vn 0.9238795 0.0000000 -0.3826834
vn 0.0000000 -1.0000000 0.0000000
vn 0.9238795 0.0000000 0.3826834
vn 0.0000000 1.0000000 0.0000000
vn 0.9238795 0.0000000 -0.3826834
vn 0.0000000 1.0000000 0.0000000
vn 0.9238795 0.0000000 0.3826834
vn -1.0000000 0.0000000 0.0000000
vn -1.0000000 0.0000000 0.0000000
vn 0.0000000 -1.0000000 0.0000000
vn -1.0000000 0.0000000 0.0000000
vn -1.0000000 0.0000000 0.0000000
vn 0.0000000 1.0000000 0.0000000
vn 0.8310534 0.0316371 -0.5552921
vn 0.8310534 0.0316371 0.5552921
vn 0.8414382 -0.5137784 -0.1673725
vn 0.8414382 -0.5137784 0.1673725
vn -0.9807853 0.0000000 0.1950903
vn 0.0000000 -1.0000000 0.0000000
vn -0.9807853 0.0000000 -0.1950903
vn 0.0000000 -1.0000000 0.0000000
vn -0.9807853 0.0000000 0.1950903
vn 0.0000000 1.0000000 0.0000000
vn -0.9807853 0.0000000 -0.1950903
vn 0.0000000 1.0000000 0.0000000
vn 0.0000000 -1.0000000 0.0000000
vn 0.9238795 0.0000000 -0.3826834
vn 0.0000000 -1.0000000 0.0000000
vn 0.9238795 0.0000000 0.3826834
vn 0.0000000 1.0000000 0.0000000
vn 0.9238795 0.0000000 -0.3826834
vn 0.0000000 1.0000000 0.0000000
vn 0.9238795 0.0000000 0.3826834
vn 0.8579229 -0.5137784 0.0000000
vn 0.8579229 -0.5137784 -0.0000000
vn -1.0000000 0.0000000 0.0000000
vn -1.0000000 0.0000000 0.0000000
vn 0.0000000 -1.0000000 0.0000000
vn -1.0000000 0.0000000 0.0000000
vn -1.0000000 0.0000000 0.0000000
vn 0.0000000 1.0000000 0.0000000
vn 0.9074552 0.1877209 -0.3758802
vn 0.9074552 0.1877209 0.3758802
vn 0.0000000 -1.0000000 0.0000000
vn 0.8314696 0.0000000 -0.5555702
vn 0.0000000 -1.0000000 0.0000000
vn 0.8314696 0.0000000 0.5555702
vn 0.0000000 1.0000000 0.0000000
vn 0.8314696 0.0000000 -0.5555702
vn 0.0000000 1.0000000 0.0000000
vn 0.8314696 0.0000000 0.5555702
vn 0.0000000 -1.0000000 0.0000000
vn 0.9807853 0.0000000 -0.1950903
vn 0.0000000 -1.0000000 0.0000000
vn 0.9807853 0.0000000 0.1950903
vn 0.0000000 1.0000000 0.0000000
vn 0.9807853 0.0000000 -0.1950903
vn 0.0000000 1.0000000 0.0000000
vn 0.9807853 0.0000000 0.1950903
vn 0.0000000 -1.0000000 0.0000000
vn 1.0000000 0.0000000 0.0000000
vn 1.0000000 0.0000000 -0.0000000
vn 0.0000000 1.0000000 0.0000000
vn 1.0000000 0.0000000 0.0000000
vn 1.0000000 0.0000000 -0.0000000
vn 0.0000000 -1.0000000 0.0000000
vn 0.9807853 0.0000000 -0.1950903
vn 0.0000000 -1.0000000 0.0000000
vn 0.9807853 0.0000000 0.1950903
vn 0.0000000 1.0000000 0.0000000
vn 0.9807853 0.0000000 -0.1950903
vn 0.0000000 1.0000000 0.0000000
vn 0.9807853 0.0000000 0.1950903
vn 0.9179580 -0.1130387 -0.3802307
vn 0.9179580 -0.1130387 0.3802307
vn -0.9238795 0.0000000 0.3826834
vn 0.0000000 -1.0000000 0.0000000
vn -0.9238795 0.0000000 -0.3826834
vn 0.0000000 -1.0000000 0.0000000
vn -0.9238795 0.0000000 0.3826834
vn 0.0000000 1.0000000 0.0000000
vn -0.9238795 0.0000000 -0.3826834
vn 0.0000000 1.0000000 0.0000000
vn 0.9633493 0.1877209 -0.1916221
vn 0.9633493 0.1877209 0.1916221
vn 0.0000000 -1.0000000 0.0000000
vn 1.0000000 0.0000000 0.0000000
vn 1.0000000 0.0000000 -0.0000000
vn 0.0000000 1.0000000 0.0000000
vn 1.0000000 0.0000000 0.0000000
vn 1.0000000 0.0000000 -0.0000000
vn 0.9234171 0.0316371 -0.3824919
vn 0.9234171 0.0316371 0.3824919
vn 0.9822224 0.1877209 0.0000000
vn 0.9822224 0.1877209 -0.0000000
vn 0.9744990 -0.1130387 -0.1938399
vn 0.9744990 -0.1130387 0.1938399
vn 0.0000000 -1.0000000 0.0000000
vn 0.9238795 0.0000000 -0.3826834
vn 0.0000000 -1.0000000 0.0000000
vn 0.9238795 0.0000000 0.3826834
vn 0.0000000 1.0000000 0.0000000
vn 0.9238795 0.0000000 -0.3826834
vn 0.0000000 1.0000000 0.0000000
vn 0.9238795 0.0000000 0.3826834
vn -0.9807853 0.0000000 0.1950903
vn 0.0000000 -1.0000000 0.0000000
vn -0.9807853 0.0000000 -0.1950903
vn 0.0000000 -1.0000000 0.0000000
vn -0.9807853 0.0000000 0.1950903
vn 0.0000000 1.0000000 0.0000000
vn -0.9807853 0.0000000 -0.1950903
vn 0.0000000 1.0000000 0.0000000
vn 0.9935906 -0.1130387 0.0000000
vn 0.9935906 -0.1130387 -0.0000000
vn -1.0000000 0.0000000 0.0000000
vn -1.0000000 0.0000000 0.0000000
vn 0.0000000 -1.0000000 0.0000000
vn -1.0000000 0.0000000 0.0000000
vn -1.0000000 0.0000000 0.0000000
vn 0.0000000 1.0000000 0.0000000
vn 0.9802943 0.0316371 -0.1949927
vn 0.9802943 0.0316371 0.1949927
vn 0.9994994 0.0316371 0.0000000
vn 0.9994994 0.0316371 -0.0000000
vn 0.0000000 -1.0000000 0.0000000
vn 0.9807853 0.0000000 -0.1950903
vn 0.0000000 -1.0000000 0.0000000
vn 0.9807853 0.0000000 0.1950903
vn 0.0000000 1.0000000 0.0000000
vn 0.9807853 0.0000000 -0.1950903
vn 0.0000000 1.0000000 0.0000000
vn 0.9807853 0.0000000 0.1950903
vn 0.0000000 -1.0000000 0.0000000
vn 1.0000000 0.0000000 0.0000000
vn 1.0000000 0.0000000 -0.0000000
vn 0.0000000 1.0000000 0.0000000
vn 1.0000000 0.0000000 0.0000000
vn 1.0000000 0.0000000 -0.0000000
o 16_Barril_Cerrado_Iron
usemtl Iron
s 1
f 1177/1177/1177 1207/1207/1207 1160/1160/1160
f 1177/1177/1177 1225/1225/1225 1207/1207/1207
f 1160/1160/1160 1167/1167/1167 1113/1113/1113
f 1160/1160/1160 1207/1207/1207 1167/1167/1167
f 1113/1113/1113 1088/1088/1088 1054/1054/1054
f 1113/1113/1113 1167/1167/1167 1088/1088/1088
f 1054/1054/1054 989/989/989 970/970/970
f 1054/1054/1054 1088/1088/1088 989/989/989
f 970/970/970 921/921/921 906/906/906
f 970/970/970 989/989/989 921/921/921
f 906/906/906 809/809/809 794/794/794
f 906/906/906 921/921/921 809/809/809
f 794/794/794 745/745/745 730/730/730
f 794/794/794 809/809/809 745/745/745
f 730/730/730 610/610/610 608/608/608
f 730/730/730 745/745/745 610/610/610
f 608/608/608 512/512/512 527/527/527
f 608/608/608 610/610/610 512/512/512
f 527/527/527 448/448/448 463/463/463
f 527/527/527 512/512/512 448/448/448
f 463/463/463 338/338/338 353/353/353
f 463/463/463 448/448/448 338/338/338
f 353/353/353 270/270/270 289/289/289
f 353/353/353 338/338/338 270/270/270
f 289/289/289 172/172/172 205/205/205
f 289/289/289 270/270/270 172/172/172
f 205/205/205 96/96/96 147/147/147
f 205/205/205 172/172/172 96/96/96
f 147/147/147 61/61/61 103/103/103
f 147/147/147 96/96/96 61/61/61
f 103/103/103 43/43/43 88/88/88
f 103/103/103 61/61/61 43/43/43
f 88/88/88 59/59/59 101/101/101
f 88/88/88 43/43/43 59/59/59
f 101/101/101 94/94/94 145/145/145
f 101/101/101 59/59/59 94/94/94
f 145/145/145 170/170/170 203/203/203
f 145/145/145 94/94/94 170/170/170
f 203/203/203 268/268/268 287/287/287
f 203/203/203 170/170/170 268/268/268
f 287/287/287 336/336/336 351/351/351
f 287/287/287 268/268/268 336/336/336
f 351/351/351 446/446/446 461/461/461
f 351/351/351 336/336/336 446/446/446
f 461/461/461 510/510/510 525/525/525
f 461/461/461 446/446/446 510/510/510
f 525/525/525 604/604/604 606/606/606
f 525/525/525 510/510/510 604/604/604
f 606/606/606 743/743/743 728/728/728
f 606/606/606 604/604/604 743/743/743
f 728/728/728 807/807/807 792/792/792
f 728/728/728 743/743/743 807/807/807
f 792/792/792 919/919/919 904/904/904
f 792/792/792 807/807/807 919/919/919
f 904/904/904 987/987/987 968/968/968
f 904/904/904 919/919/919 987/987/987
f 968/968/968 1086/1086/1086 1052/1052/1052
f 968/968/968 987/987/987 1086/1086/1086
f 1052/1052/1052 1165/1165/1165 1111/1111/1111
f 1052/1052/1052 1086/1086/1086 1165/1165/1165
f 1111/1111/1111 1205/1205/1205 1158/1158/1158
f 1111/1111/1111 1165/1165/1165 1205/1205/1205
f 1158/1158/1158 1225/1225/1225 1177/1177/1177
f 1158/1158/1158 1205/1205/1205 1225/1225/1225
f 1226/1226/1226 1212/1212/1212 1208/1208/1208
f 1226/1226/1226 1229/1229/1229 1212/1212/1212
f 1208/1208/1208 1172/1172/1172 1168/1168/1168
f 1208/1208/1208 1212/1212/1212 1172/1172/1172
f 1168/1168/1168 1093/1093/1093 1089/1089/1089
f 1168/1168/1168 1172/1172/1172 1093/1093/1093
f 1089/1089/1089 994/994/994 990/990/990
f 1089/1089/1089 1093/1093/1093 994/994/994
f 990/990/990 926/926/926 922/922/922
f 990/990/990 994/994/994 926/926/926
f 922/922/922 814/814/814 810/810/810
f 922/922/922 926/926/926 814/814/814
f 810/810/810 750/750/750 746/746/746
f 810/810/810 814/814/814 750/750/750
f 746/746/746 618/618/618 611/611/611
f 746/746/746 750/750/750 618/618/618
f 611/611/611 515/515/515 511/511/511
f 611/611/611 618/618/618 515/515/515
f 511/511/511 451/451/451 447/447/447
f 511/511/511 515/515/515 451/451/451
f 447/447/447 341/341/341 337/337/337
f 447/447/447 451/451/451 341/341/341
f 337/337/337 273/273/273 269/269/269
f 337/337/337 341/341/341 273/273/273
f 269/269/269 175/175/175 171/171/171
f 269/269/269 273/273/273 175/175/175
f 171/171/171 99/99/99 95/95/95
f 171/171/171 175/175/175 99/99/99
f 95/95/95 64/64/64 60/60/60
f 95/95/95 99/99/99 64/64/64
f 60/60/60 44/44/44 42/42/42
f 60/60/60 64/64/64 44/44/44
f 42/42/42 62/62/62 58/58/58
f 42/42/42 44/44/44 62/62/62
f 58/58/58 97/97/97 93/93/93
f 58/58/58 62/62/62 97/97/97
f 93/93/93 173/173/173 169/169/169
f 93/93/93 97/97/97 173/173/173
f 169/169/169 271/271/271 267/267/267
f 169/169/169 173/173/173 271/271/271
f 267/267/267 339/339/339 335/335/335
f 267/267/267 271/271/271 339/339/339
f 335/335/335 449/449/449 445/445/445
f 335/335/335 339/339/339 449/449/449
f 445/445/445 513/513/513 509/509/509
f 445/445/445 449/449/449 513/513/513
f 509/509/509 612/612/612 605/605/605
f 509/509/509 513/513/513 612/612/612
f 605/605/605 748/748/748 744/744/744
f 605/605/605 612/612/612 748/748/748
f 744/744/744 812/812/812 808/808/808
f 744/744/744 748/748/748 812/812/812
f 808/808/808 924/924/924 920/920/920
f 808/808/808 812/812/812 924/924/924
f 920/920/920 992/992/992 988/988/988
f 920/920/920 924/924/924 992/992/992
f 988/988/988 1091/1091/1091 1087/1087/1087
f 988/988/988 992/992/992 1091/1091/1091
f 1087/1087/1087 1170/1170/1170 1166/1166/1166
f 1087/1087/1087 1091/1091/1091 1170/1170/1170
f 1166/1166/1166 1210/1210/1210 1206/1206/1206
f 1166/1166/1166 1170/1170/1170 1210/1210/1210
f 1206/1206/1206 1230/1230/1230 1227/1227/1227
f 1206/1206/1206 1210/1210/1210 1230/1230/1230
f 1228/1228/1228 1164/1164/1164 1211/1211/1211
f 1228/1228/1228 1180/1180/1180 1164/1164/1164
f 1211/1211/1211 1117/1117/1117 1171/1171/1171
f 1211/1211/1211 1164/1164/1164 1117/1117/1117
f 1171/1171/1171 1058/1058/1058 1092/1092/1092
f 1171/1171/1171 1117/1117/1117 1058/1058/1058
f 1092/1092/1092 974/974/974 993/993/993
f 1092/1092/1092 1058/1058/1058 974/974/974
f 993/993/993 910/910/910 925/925/925
f 993/993/993 974/974/974 910/910/910
f 925/925/925 798/798/798 813/813/813
f 925/925/925 910/910/910 798/798/798
f 813/813/813 734/734/734 749/749/749
f 813/813/813 798/798/798 734/734/734
f 749/749/749 617/617/617 619/619/619
f 749/749/749 734/734/734 617/617/617
f 619/619/619 531/531/531 516/516/516
f 619/619/619 617/617/617 531/531/531
f 516/516/516 467/467/467 452/452/452
f 516/516/516 531/531/531 467/467/467
f 452/452/452 357/357/357 342/342/342
f 452/452/452 467/467/467 357/357/357
f 342/342/342 293/293/293 274/274/274
f 342/342/342 357/357/357 293/293/293
f 274/274/274 209/209/209 176/176/176
f 274/274/274 293/293/293 209/209/209
f 176/176/176 151/151/151 100/100/100
f 176/176/176 209/209/209 151/151/151
f 100/100/100 107/107/107 65/65/65
f 100/100/100 151/151/151 107/107/107
f 65/65/65 90/90/90 45/45/45
f 65/65/65 107/107/107 90/90/90
f 45/45/45 105/105/105 63/63/63
f 45/45/45 90/90/90 105/105/105
f 63/63/63 149/149/149 98/98/98
f 63/63/63 105/105/105 149/149/149
f 98/98/98 207/207/207 174/174/174
f 98/98/98 149/149/149 207/207/207
f 174/174/174 291/291/291 272/272/272
f 174/174/174 207/207/207 291/291/291
f 272/272/272 355/355/355 340/340/340
f 272/272/272 291/291/291 355/355/355
f 340/340/340 465/465/465 450/450/450
f 340/340/340 355/355/355 465/465/465
f 450/450/450 529/529/529 514/514/514
f 450/450/450 465/465/465 529/529/529
f 514/514/514 615/615/615 613/613/613
f 514/514/514 529/529/529 615/615/615
f 613/613/613 732/732/732 747/747/747
f 613/613/613 615/615/615 732/732/732
f 747/747/747 796/796/796 811/811/811
f 747/747/747 732/732/732 796/796/796
f 811/811/811 908/908/908 923/923/923
f 811/811/811 796/796/796 908/908/908
f 923/923/923 972/972/972 991/991/991
f 923/923/923 908/908/908 972/972/972
f 991/991/991 1056/1056/1056 1090/1090/1090
f 991/991/991 972/972/972 1056/1056/1056
f 1090/1090/1090 1115/1115/1115 1169/1169/1169
f 1090/1090/1090 1056/1056/1056 1115/1115/1115
f 1169/1169/1169 1162/1162/1162 1209/1209/1209
f 1169/1169/1169 1115/1115/1115 1162/1162/1162
f 1209/1209/1209 1180/1180/1180 1228/1228/1228
f 1209/1209/1209 1162/1162/1162 1180/1180/1180
f 1178/1178/1178 1159/1159/1159 1163/1163/1163
f 1178/1178/1178 1175/1175/1175 1159/1159/1159
f 1163/1163/1163 1112/1112/1112 1116/1116/1116
f 1163/1163/1163 1159/1159/1159 1112/1112/1112
f 1116/1116/1116 1053/1053/1053 1057/1057/1057
f 1116/1116/1116 1112/1112/1112 1053/1053/1053
f 1057/1057/1057 969/969/969 973/973/973
f 1057/1057/1057 1053/1053/1053 969/969/969
f 973/973/973 905/905/905 909/909/909
f 973/973/973 969/969/969 905/905/905
f 909/909/909 793/793/793 797/797/797
f 909/909/909 905/905/905 793/793/793
f 797/797/797 729/729/729 733/733/733
f 797/797/797 793/793/793 729/729/729
f 733/733/733 609/609/609 616/616/616
f 733/733/733 729/729/729 609/609/609
f 616/616/616 528/528/528 532/532/532
f 616/616/616 609/609/609 528/528/528
f 532/532/532 464/464/464 468/468/468
f 532/532/532 528/528/528 464/464/464
f 468/468/468 354/354/354 358/358/358
f 468/468/468 464/464/464 354/354/354
f 358/358/358 290/290/290 294/294/294
f 358/358/358 354/354/354 290/290/290
f 294/294/294 206/206/206 210/210/210
f 294/294/294 290/290/290 206/206/206
f 210/210/210 148/148/148 152/152/152
f 210/210/210 206/206/206 148/148/148
f 152/152/152 104/104/104 108/108/108
f 152/152/152 148/148/148 104/104/104
f 108/108/108 89/89/89 91/91/91
f 108/108/108 104/104/104 89/89/89
f 91/91/91 102/102/102 106/106/106
f 91/91/91 89/89/89 102/102/102
f 106/106/106 146/146/146 150/150/150
f 106/106/106 102/102/102 146/146/146
f 150/150/150 204/204/204 208/208/208
f 150/150/150 146/146/146 204/204/204
f 208/208/208 288/288/288 292/292/292
f 208/208/208 204/204/204 288/288/288
f 292/292/292 352/352/352 356/356/356
f 292/292/292 288/288/288 352/352/352
f 356/356/356 462/462/462 466/466/466
f 356/356/356 352/352/352 462/462/462
f 466/466/466 526/526/526 530/530/530
f 466/466/466 462/462/462 526/526/526
f 530/530/530 607/607/607 614/614/614
f 530/530/530 526/526/526 607/607/607
f 614/614/614 727/727/727 731/731/731
f 614/614/614 607/607/607 727/727/727
f 731/731/731 791/791/791 795/795/795
f 731/731/731 727/727/727 791/791/791
f 795/795/795 903/903/903 907/907/907
f 795/795/795 791/791/791 903/903/903
f 907/907/907 967/967/967 971/971/971
f 907/907/907 903/903/903 967/967/967
f 971/971/971 1051/1051/1051 1055/1055/1055
f 971/971/971 967/967/967 1051/1051/1051
f 1055/1055/1055 1110/1110/1110 1114/1114/1114
f 1055/1055/1055 1051/1051/1051 1110/1110/1110
f 1114/1114/1114 1157/1157/1157 1161/1161/1161
f 1114/1114/1114 1110/1110/1110 1157/1157/1157
f 1161/1161/1161 1176/1176/1176 1179/1179/1179
f 1161/1161/1161 1157/1157/1157 1176/1176/1176
f 1257/1257/1257 1267/1267/1267 1248/1248/1248
f 1257/1257/1257 1273/1273/1273 1267/1267/1267
f 1248/1248/1248 1239/1239/1239 1218/1218/1218
f 1248/1248/1248 1267/1267/1267 1239/1239/1239
f 1218/1218/1218 1185/1185/1185 1134/1134/1134
f 1218/1218/1218 1239/1239/1239 1185/1185/1185
f 1134/1134/1134 1068/1068/1068 1042/1042/1042
f 1134/1134/1134 1185/1185/1185 1068/1068/1068
f 1042/1042/1042 951/951/951 938/938/938
f 1042/1042/1042 1068/1068/1068 951/951/951
f 938/938/938 847/847/847 822/822/822
f 938/938/938 951/951/951 847/847/847
f 822/822/822 767/767/767 758/758/758
f 822/822/822 847/847/847 767/767/767
f 758/758/758 628/628/628 626/626/626
f 758/758/758 767/767/767 628/628/628
f 626/626/626 490/490/490 499/499/499
f 626/626/626 628/628/628 490/490/490
f 499/499/499 412/412/412 435/435/435
f 499/499/499 490/490/490 412/412/412
f 435/435/435 308/308/308 321/321/321
f 435/435/435 412/412/412 308/308/308
f 321/321/321 192/192/192 217/217/217
f 321/321/321 308/308/308 192/192/192
f 217/217/217 81/81/81 127/127/127
f 217/217/217 192/192/192 81/81/81
f 127/127/127 32/32/32 50/50/50
f 127/127/127 81/81/81 32/32/32
f 50/50/50 8/8/8 23/23/23
f 50/50/50 32/32/32 8/8/8
f 23/23/23 2/2/2 16/16/16
f 23/23/23 8/8/8 2/2/2
f 16/16/16 6/6/6 21/21/21
f 16/16/16 2/2/2 6/6/6
f 21/21/21 30/30/30 48/48/48
f 21/21/21 6/6/6 30/30/30
f 48/48/48 79/79/79 125/125/125
f 48/48/48 30/30/30 79/79/79
f 125/125/125 190/190/190 215/215/215
f 125/125/125 79/79/79 190/190/190
f 215/215/215 306/306/306 319/319/319
f 215/215/215 190/190/190 306/306/306
f 319/319/319 410/410/410 433/433/433
f 319/319/319 306/306/306 410/410/410
f 433/433/433 488/488/488 497/497/497
f 433/433/433 410/410/410 488/488/488
f 497/497/497 622/622/622 624/624/624
f 497/497/497 488/488/488 622/622/622
f 624/624/624 765/765/765 756/756/756
f 624/624/624 622/622/622 765/765/765
f 756/756/756 845/845/845 820/820/820
f 756/756/756 765/765/765 845/845/845
f 820/820/820 949/949/949 936/936/936
f 820/820/820 845/845/845 949/949/949
f 936/936/936 1066/1066/1066 1040/1040/1040
f 936/936/936 949/949/949 1066/1066/1066
f 1040/1040/1040 1183/1183/1183 1132/1132/1132
f 1040/1040/1040 1066/1066/1066 1183/1183/1183
f 1132/1132/1132 1237/1237/1237 1216/1216/1216
f 1132/1132/1132 1183/1183/1183 1237/1237/1237
f 1216/1216/1216 1265/1265/1265 1246/1246/1246
f 1216/1216/1216 1237/1237/1237 1265/1265/1265
f 1246/1246/1246 1273/1273/1273 1257/1257/1257
f 1246/1246/1246 1265/1265/1265 1273/1273/1273
f 1274/1274/1274 1272/1272/1272 1268/1268/1268
f 1274/1274/1274 1277/1277/1277 1272/1272/1272
f 1268/1268/1268 1244/1244/1244 1240/1240/1240
f 1268/1268/1268 1272/1272/1272 1244/1244/1244
f 1240/1240/1240 1190/1190/1190 1186/1186/1186
f 1240/1240/1240 1244/1244/1244 1190/1190/1190
f 1186/1186/1186 1073/1073/1073 1069/1069/1069
f 1186/1186/1186 1190/1190/1190 1073/1073/1073
f 1069/1069/1069 956/956/956 952/952/952
f 1069/1069/1069 1073/1073/1073 956/956/956
f 952/952/952 852/852/852 848/848/848
f 952/952/952 956/956/956 852/852/852
f 848/848/848 772/772/772 768/768/768
f 848/848/848 852/852/852 772/772/772
f 768/768/768 636/636/636 629/629/629
f 768/768/768 772/772/772 636/636/636
f 629/629/629 493/493/493 489/489/489
f 629/629/629 636/636/636 493/493/493
f 489/489/489 415/415/415 411/411/411
f 489/489/489 493/493/493 415/415/415
f 411/411/411 311/311/311 307/307/307
f 411/411/411 415/415/415 311/311/311
f 307/307/307 195/195/195 191/191/191
f 307/307/307 311/311/311 195/195/195
f 191/191/191 84/84/84 80/80/80
f 191/191/191 195/195/195 84/84/84
f 80/80/80 35/35/35 31/31/31
f 80/80/80 84/84/84 35/35/35
f 31/31/31 11/11/11 7/7/7
f 31/31/31 35/35/35 11/11/11
f 7/7/7 3/3/3 1/1/1
f 7/7/7 11/11/11 3/3/3
f 1/1/1 9/9/9 5/5/5
f 1/1/1 3/3/3 9/9/9
f 5/5/5 33/33/33 29/29/29
f 5/5/5 9/9/9 33/33/33
f 29/29/29 82/82/82 78/78/78
f 29/29/29 33/33/33 82/82/82
f 78/78/78 193/193/193 189/189/189
f 78/78/78 82/82/82 193/193/193
f 189/189/189 309/309/309 305/305/305
f 189/189/189 193/193/193 309/309/309
f 305/305/305 413/413/413 409/409/409
f 305/305/305 309/309/309 413/413/413
f 409/409/409 491/491/491 487/487/487
f 409/409/409 413/413/413 491/491/491
f 487/487/487 630/630/630 623/623/623
f 487/487/487 491/491/491 630/630/630
f 623/623/623 770/770/770 766/766/766
f 623/623/623 630/630/630 770/770/770
f 766/766/766 850/850/850 846/846/846
f 766/766/766 770/770/770 850/850/850
f 846/846/846 954/954/954 950/950/950
f 846/846/846 850/850/850 954/954/954
f 950/950/950 1071/1071/1071 1067/1067/1067
f 950/950/950 954/954/954 1071/1071/1071
f 1067/1067/1067 1188/1188/1188 1184/1184/1184
f 1067/1067/1067 1071/1071/1071 1188/1188/1188
f 1184/1184/1184 1242/1242/1242 1238/1238/1238
f 1184/1184/1184 1188/1188/1188 1242/1242/1242
f 1238/1238/1238 1270/1270/1270 1266/1266/1266
f 1238/1238/1238 1242/1242/1242 1270/1270/1270
f 1266/1266/1266 1278/1278/1278 1275/1275/1275
f 1266/1266/1266 1270/1270/1270 1278/1278/1278
f 1276/1276/1276 1252/1252/1252 1271/1271/1271
f 1276/1276/1276 1260/1260/1260 1252/1252/1252
f 1271/1271/1271 1222/1222/1222 1243/1243/1243
f 1271/1271/1271 1252/1252/1252 1222/1222/1222
f 1243/1243/1243 1138/1138/1138 1189/1189/1189
f 1243/1243/1243 1222/1222/1222 1138/1138/1138
f 1189/1189/1189 1046/1046/1046 1072/1072/1072
f 1189/1189/1189 1138/1138/1138 1046/1046/1046
f 1072/1072/1072 942/942/942 955/955/955
f 1072/1072/1072 1046/1046/1046 942/942/942
f 955/955/955 826/826/826 851/851/851
f 955/955/955 942/942/942 826/826/826
f 851/851/851 762/762/762 771/771/771
f 851/851/851 826/826/826 762/762/762
f 771/771/771 635/635/635 637/637/637
f 771/771/771 762/762/762 635/635/635
f 637/637/637 503/503/503 494/494/494
f 637/637/637 635/635/635 503/503/503
f 494/494/494 439/439/439 416/416/416
f 494/494/494 503/503/503 439/439/439
f 416/416/416 325/325/325 312/312/312
f 416/416/416 439/439/439 325/325/325
f 312/312/312 221/221/221 196/196/196
f 312/312/312 325/325/325 221/221/221
f 196/196/196 131/131/131 85/85/85
f 196/196/196 221/221/221 131/131/131
f 85/85/85 54/54/54 36/36/36
f 85/85/85 131/131/131 54/54/54
f 36/36/36 27/27/27 12/12/12
f 36/36/36 54/54/54 27/27/27
f 12/12/12 18/18/18 4/4/4
f 12/12/12 27/27/27 18/18/18
f 4/4/4 25/25/25 10/10/10
f 4/4/4 18/18/18 25/25/25
f 10/10/10 52/52/52 34/34/34
f 10/10/10 25/25/25 52/52/52
f 34/34/34 129/129/129 83/83/83
f 34/34/34 52/52/52 129/129/129
f 83/83/83 219/219/219 194/194/194
f 83/83/83 129/129/129 219/219/219
f 194/194/194 323/323/323 310/310/310
f 194/194/194 219/219/219 323/323/323
f 310/310/310 437/437/437 414/414/414
f 310/310/310 323/323/323 437/437/437
f 414/414/414 501/501/501 492/492/492
f 414/414/414 437/437/437 501/501/501
f 492/492/492 633/633/633 631/631/631
f 492/492/492 501/501/501 633/633/633
f 631/631/631 760/760/760 769/769/769
f 631/631/631 633/633/633 760/760/760
f 769/769/769 824/824/824 849/849/849
f 769/769/769 760/760/760 824/824/824
f 849/849/849 940/940/940 953/953/953
f 849/849/849 824/824/824 940/940/940
f 953/953/953 1044/1044/1044 1070/1070/1070
f 953/953/953 940/940/940 1044/1044/1044
f 1070/1070/1070 1136/1136/1136 1187/1187/1187
f 1070/1070/1070 1044/1044/1044 1136/1136/1136
f 1187/1187/1187 1220/1220/1220 1241/1241/1241
f 1187/1187/1187 1136/1136/1136 1220/1220/1220
f 1241/1241/1241 1250/1250/1250 1269/1269/1269
f 1241/1241/1241 1220/1220/1220 1250/1250/1250
f 1269/1269/1269 1260/1260/1260 1276/1276/1276
f 1269/1269/1269 1250/1250/1250 1260/1260/1260
f 1258/1258/1258 1247/1247/1247 1251/1251/1251
f 1258/1258/1258 1255/1255/1255 1247/1247/1247
f 1251/1251/1251 1217/1217/1217 1221/1221/1221
f 1251/1251/1251 1247/1247/1247 1217/1217/1217
f 1221/1221/1221 1133/1133/1133 1137/1137/1137
f 1221/1221/1221 1217/1217/1217 1133/1133/1133
f 1137/1137/1137 1041/1041/1041 1045/1045/1045
f 1137/1137/1137 1133/1133/1133 1041/1041/1041
f 1045/1045/1045 937/937/937 941/941/941
f 1045/1045/1045 1041/1041/1041 937/937/937
f 941/941/941 821/821/821 825/825/825
f 941/941/941 937/937/937 821/821/821
f 825/825/825 757/757/757 761/761/761
f 825/825/825 821/821/821 757/757/757
f 761/761/761 627/627/627 634/634/634
f 761/761/761 757/757/757 627/627/627
f 634/634/634 500/500/500 504/504/504
f 634/634/634 627/627/627 500/500/500
f 504/504/504 436/436/436 440/440/440
f 504/504/504 500/500/500 436/436/436
f 440/440/440 322/322/322 326/326/326
f 440/440/440 436/436/436 322/322/322
f 326/326/326 218/218/218 222/222/222
f 326/326/326 322/322/322 218/218/218
f 222/222/222 128/128/128 132/132/132
f 222/222/222 218/218/218 128/128/128
f 132/132/132 51/51/51 55/55/55
f 132/132/132 128/128/128 51/51/51
f 55/55/55 24/24/24 28/28/28
f 55/55/55 51/51/51 24/24/24
f 28/28/28 17/17/17 19/19/19
f 28/28/28 24/24/24 17/17/17
f 19/19/19 22/22/22 26/26/26
f 19/19/19 17/17/17 22/22/22
f 26/26/26 49/49/49 53/53/53
f 26/26/26 22/22/22 49/49/49
f 53/53/53 126/126/126 130/130/130
f 53/53/53 49/49/49 126/126/126
f 130/130/130 216/216/216 220/220/220
f 130/130/130 126/126/126 216/216/216
f 220/220/220 320/320/320 324/324/324
f 220/220/220 216/216/216 320/320/320
f 324/324/324 434/434/434 438/438/438
f 324/324/324 320/320/320 434/434/434
f 438/438/438 498/498/498 502/502/502
f 438/438/438 434/434/434 498/498/498
f 502/502/502 625/625/625 632/632/632
f 502/502/502 498/498/498 625/625/625
f 632/632/632 755/755/755 759/759/759
f 632/632/632 625/625/625 755/755/755
f 759/759/759 819/819/819 823/823/823
f 759/759/759 755/755/755 819/819/819
f 823/823/823 935/935/935 939/939/939
f 823/823/823 819/819/819 935/935/935
f 939/939/939 1039/1039/1039 1043/1043/1043
f 939/939/939 935/935/935 1039/1039/1039
f 1043/1043/1043 1131/1131/1131 1135/1135/1135
f 1043/1043/1043 1039/1039/1039 1131/1131/1131
f 1135/1135/1135 1215/1215/1215 1219/1219/1219
f 1135/1135/1135 1131/1131/1131 1215/1215/1215
f 1219/1219/1219 1245/1245/1245 1249/1249/1249
f 1219/1219/1219 1215/1215/1215 1245/1245/1245
f 1249/1249/1249 1256/1256/1256 1259/1259/1259
f 1249/1249/1249 1245/1245/1245 1256/1256/1256
f 1149/1149/1149 1193/1193/1193 1126/1126/1126
f 1149/1149/1149 1199/1199/1199 1193/1193/1193
f 1126/1126/1126 1141/1141/1141 1097/1097/1097
f 1126/1126/1126 1193/1193/1193 1141/1141/1141
f 1097/1097/1097 1080/1080/1080 1034/1034/1034
f 1097/1097/1097 1141/1141/1141 1080/1080/1080
f 1034/1034/1034 981/981/981 960/960/960
f 1034/1034/1034 1080/1080/1080 981/981/981
f 960/960/960 913/913/913 896/896/896
f 960/960/960 981/981/981 913/913/913
f 896/896/896 801/801/801 784/784/784
f 896/896/896 913/913/913 801/801/801
f 784/784/784 737/737/737 706/706/706
f 784/784/784 801/801/801 737/737/737
f 706/706/706 648/648/648 646/646/646
f 706/706/706 737/737/737 648/648/648
f 646/646/646 520/520/520 553/553/553
f 646/646/646 648/648/648 520/520/520
f 553/553/553 456/456/456 473/473/473
f 553/553/553 520/520/520 456/456/456
f 473/473/473 346/346/346 363/363/363
f 473/473/473 456/456/456 346/346/346
f 363/363/363 278/278/278 299/299/299
f 363/363/363 346/346/346 278/278/278
f 299/299/299 180/180/180 225/225/225
f 299/299/299 278/278/278 180/180/180
f 225/225/225 120/120/120 163/163/163
f 225/225/225 180/180/180 120/120/120
f 163/163/163 73/73/73 135/135/135
f 163/163/163 120/120/120 73/73/73
f 135/135/135 67/67/67 113/113/113
f 135/135/135 73/73/73 67/67/67
f 113/113/113 71/71/71 133/133/133
f 113/113/113 67/67/67 71/71/71
f 133/133/133 118/118/118 161/161/161
f 133/133/133 71/71/71 118/118/118
f 161/161/161 178/178/178 223/223/223
f 161/161/161 118/118/118 178/178/178
f 223/223/223 276/276/276 297/297/297
f 223/223/223 178/178/178 276/276/276
f 297/297/297 344/344/344 361/361/361
f 297/297/297 276/276/276 344/344/344
f 361/361/361 454/454/454 471/471/471
f 361/361/361 344/344/344 454/454/454
f 471/471/471 518/518/518 551/551/551
f 471/471/471 454/454/454 518/518/518
f 551/551/551 642/642/642 644/644/644
f 551/551/551 518/518/518 642/642/642
f 644/644/644 735/735/735 704/704/704
f 644/644/644 642/642/642 735/735/735
f 704/704/704 799/799/799 782/782/782
f 704/704/704 735/735/735 799/799/799
f 782/782/782 911/911/911 894/894/894
f 782/782/782 799/799/799 911/911/911
f 894/894/894 979/979/979 958/958/958
f 894/894/894 911/911/911 979/979/979
f 958/958/958 1078/1078/1078 1032/1032/1032
f 958/958/958 979/979/979 1078/1078/1078
f 1032/1032/1032 1139/1139/1139 1095/1095/1095
f 1032/1032/1032 1078/1078/1078 1139/1139/1139
f 1095/1095/1095 1191/1191/1191 1124/1124/1124
f 1095/1095/1095 1139/1139/1139 1191/1191/1191
f 1124/1124/1124 1199/1199/1199 1149/1149/1149
f 1124/1124/1124 1191/1191/1191 1199/1199/1199
f 1200/1200/1200 1198/1198/1198 1194/1194/1194
f 1200/1200/1200 1203/1203/1203 1198/1198/1198
f 1194/1194/1194 1146/1146/1146 1142/1142/1142
f 1194/1194/1194 1198/1198/1198 1146/1146/1146
f 1142/1142/1142 1085/1085/1085 1081/1081/1081
f 1142/1142/1142 1146/1146/1146 1085/1085/1085
f 1081/1081/1081 986/986/986 982/982/982
f 1081/1081/1081 1085/1085/1085 986/986/986
f 982/982/982 918/918/918 914/914/914
f 982/982/982 986/986/986 918/918/918
f 914/914/914 806/806/806 802/802/802
f 914/914/914 918/918/918 806/806/806
f 802/802/802 742/742/742 738/738/738
f 802/802/802 806/806/806 742/742/742
f 738/738/738 656/656/656 649/649/649
f 738/738/738 742/742/742 656/656/656
f 649/649/649 523/523/523 519/519/519
f 649/649/649 656/656/656 523/523/523
f 519/519/519 459/459/459 455/455/455
f 519/519/519 523/523/523 459/459/459
f 455/455/455 349/349/349 345/345/345
f 455/455/455 459/459/459 349/349/349
f 345/345/345 281/281/281 277/277/277
f 345/345/345 349/349/349 281/281/281
f 277/277/277 183/183/183 179/179/179
f 277/277/277 281/281/281 183/183/183
f 179/179/179 123/123/123 119/119/119
f 179/179/179 183/183/183 123/123/123
f 119/119/119 76/76/76 72/72/72
f 119/119/119 123/123/123 76/76/76
f 72/72/72 68/68/68 66/66/66
f 72/72/72 76/76/76 68/68/68
f 66/66/66 74/74/74 70/70/70
f 66/66/66 68/68/68 74/74/74
f 70/70/70 121/121/121 117/117/117
f 70/70/70 74/74/74 121/121/121
f 117/117/117 181/181/181 177/177/177
f 117/117/117 121/121/121 181/181/181
f 177/177/177 279/279/279 275/275/275
f 177/177/177 181/181/181 279/279/279
f 275/275/275 347/347/347 343/343/343
f 275/275/275 279/279/279 347/347/347
f 343/343/343 457/457/457 453/453/453
f 343/343/343 347/347/347 457/457/457
f 453/453/453 521/521/521 517/517/517
f 453/453/453 457/457/457 521/521/521
f 517/517/517 650/650/650 643/643/643
f 517/517/517 521/521/521 650/650/650
f 643/643/643 740/740/740 736/736/736
f 643/643/643 650/650/650 740/740/740
f 736/736/736 804/804/804 800/800/800
f 736/736/736 740/740/740 804/804/804
f 800/800/800 916/916/916 912/912/912
f 800/800/800 804/804/804 916/916/916
f 912/912/912 984/984/984 980/980/980
f 912/912/912 916/916/916 984/984/984
f 980/980/980 1083/1083/1083 1079/1079/1079
f 980/980/980 984/984/984 1083/1083/1083
f 1079/1079/1079 1144/1144/1144 1140/1140/1140
f 1079/1079/1079 1083/1083/1083 1144/1144/1144
f 1140/1140/1140 1196/1196/1196 1192/1192/1192
f 1140/1140/1140 1144/1144/1144 1196/1196/1196
f 1192/1192/1192 1204/1204/1204 1201/1201/1201
f 1192/1192/1192 1196/1196/1196 1204/1204/1204
f 1202/1202/1202 1130/1130/1130 1197/1197/1197
f 1202/1202/1202 1152/1152/1152 1130/1130/1130
f 1197/1197/1197 1101/1101/1101 1145/1145/1145
f 1197/1197/1197 1130/1130/1130 1101/1101/1101
f 1145/1145/1145 1038/1038/1038 1084/1084/1084
f 1145/1145/1145 1101/1101/1101 1038/1038/1038
f 1084/1084/1084 964/964/964 985/985/985
f 1084/1084/1084 1038/1038/1038 964/964/964
f 985/985/985 900/900/900 917/917/917
f 985/985/985 964/964/964 900/900/900
f 917/917/917 788/788/788 805/805/805
f 917/917/917 900/900/900 788/788/788
f 805/805/805 710/710/710 741/741/741
f 805/805/805 788/788/788 710/710/710
f 741/741/741 655/655/655 657/657/657
f 741/741/741 710/710/710 655/655/655
f 657/657/657 557/557/557 524/524/524
f 657/657/657 655/655/655 557/557/557
f 524/524/524 477/477/477 460/460/460
f 524/524/524 557/557/557 477/477/477
f 460/460/460 367/367/367 350/350/350
f 460/460/460 477/477/477 367/367/367
f 350/350/350 303/303/303 282/282/282
f 350/350/350 367/367/367 303/303/303
f 282/282/282 229/229/229 184/184/184
f 282/282/282 303/303/303 229/229/229
f 184/184/184 167/167/167 124/124/124
f 184/184/184 229/229/229 167/167/167
f 124/124/124 139/139/139 77/77/77
f 124/124/124 167/167/167 139/139/139
f 77/77/77 115/115/115 69/69/69
f 77/77/77 139/139/139 115/115/115
f 69/69/69 137/137/137 75/75/75
f 69/69/69 115/115/115 137/137/137
f 75/75/75 165/165/165 122/122/122
f 75/75/75 137/137/137 165/165/165
f 122/122/122 227/227/227 182/182/182
f 122/122/122 165/165/165 227/227/227
f 182/182/182 301/301/301 280/280/280
f 182/182/182 227/227/227 301/301/301
f 280/280/280 365/365/365 348/348/348
f 280/280/280 301/301/301 365/365/365
f 348/348/348 475/475/475 458/458/458
f 348/348/348 365/365/365 475/475/475
f 458/458/458 555/555/555 522/522/522
f 458/458/458 475/475/475 555/555/555
f 522/522/522 653/653/653 651/651/651
f 522/522/522 555/555/555 653/653/653
f 651/651/651 708/708/708 739/739/739
f 651/651/651 653/653/653 708/708/708
f 739/739/739 786/786/786 803/803/803
f 739/739/739 708/708/708 786/786/786
f 803/803/803 898/898/898 915/915/915
f 803/803/803 786/786/786 898/898/898
f 915/915/915 962/962/962 983/983/983
f 915/915/915 898/898/898 962/962/962
f 983/983/983 1036/1036/1036 1082/1082/1082
f 983/983/983 962/962/962 1036/1036/1036
f 1082/1082/1082 1099/1099/1099 1143/1143/1143
f 1082/1082/1082 1036/1036/1036 1099/1099/1099
f 1143/1143/1143 1128/1128/1128 1195/1195/1195
f 1143/1143/1143 1099/1099/1099 1128/1128/1128
f 1195/1195/1195 1152/1152/1152 1202/1202/1202
f 1195/1195/1195 1128/1128/1128 1152/1152/1152
f 1150/1150/1150 1125/1125/1125 1129/1129/1129
f 1150/1150/1150 1147/1147/1147 1125/1125/1125
f 1129/1129/1129 1096/1096/1096 1100/1100/1100
f 1129/1129/1129 1125/1125/1125 1096/1096/1096
f 1100/1100/1100 1033/1033/1033 1037/1037/1037
f 1100/1100/1100 1096/1096/1096 1033/1033/1033
f 1037/1037/1037 959/959/959 963/963/963
f 1037/1037/1037 1033/1033/1033 959/959/959
f 963/963/963 895/895/895 899/899/899
f 963/963/963 959/959/959 895/895/895
f 899/899/899 783/783/783 787/787/787
f 899/899/899 895/895/895 783/783/783
f 787/787/787 705/705/705 709/709/709
f 787/787/787 783/783/783 705/705/705
f 709/709/709 647/647/647 654/654/654
f 709/709/709 705/705/705 647/647/647
f 654/654/654 554/554/554 558/558/558
f 654/654/654 647/647/647 554/554/554
f 558/558/558 474/474/474 478/478/478
f 558/558/558 554/554/554 474/474/474
f 478/478/478 364/364/364 368/368/368
f 478/478/478 474/474/474 364/364/364
f 368/368/368 300/300/300 304/304/304
f 368/368/368 364/364/364 300/300/300
f 304/304/304 226/226/226 230/230/230
f 304/304/304 300/300/300 226/226/226
f 230/230/230 164/164/164 168/168/168
f 230/230/230 226/226/226 164/164/164
f 168/168/168 136/136/136 140/140/140
f 168/168/168 164/164/164 136/136/136
f 140/140/140 114/114/114 116/116/116
f 140/140/140 136/136/136 114/114/114
f 116/116/116 134/134/134 138/138/138
f 116/116/116 114/114/114 134/134/134
f 138/138/138 162/162/162 166/166/166
f 138/138/138 134/134/134 162/162/162
f 166/166/166 224/224/224 228/228/228
f 166/166/166 162/162/162 224/224/224
f 228/228/228 298/298/298 302/302/302
f 228/228/228 224/224/224 298/298/298
f 302/302/302 362/362/362 366/366/366
f 302/302/302 298/298/298 362/362/362
f 366/366/366 472/472/472 476/476/476
f 366/366/366 362/362/362 472/472/472
f 476/476/476 552/552/552 556/556/556
f 476/476/476 472/472/472 552/552/552
f 556/556/556 645/645/645 652/652/652
f 556/556/556 552/552/552 645/645/645
f 652/652/652 703/703/703 707/707/707
f 652/652/652 645/645/645 703/703/703
f 707/707/707 781/781/781 785/785/785
f 707/707/707 703/703/703 781/781/781
f 785/785/785 893/893/893 897/897/897
f 785/785/785 781/781/781 893/893/893
f 897/897/897 957/957/957 961/961/961
f 897/897/897 893/893/893 957/957/957
f 961/961/961 1031/1031/1031 1035/1035/1035
f 961/961/961 957/957/957 1031/1031/1031
f 1035/1035/1035 1094/1094/1094 1098/1098/1098
f 1035/1035/1035 1031/1031/1031 1094/1094/1094
f 1098/1098/1098 1123/1123/1123 1127/1127/1127
f 1098/1098/1098 1094/1094/1094 1123/1123/1123
f 1127/1127/1127 1148/1148/1148 1151/1151/1151
f 1127/1127/1127 1123/1123/1123 1148/1148/1148
o 16_Barril_Cerrado_Wood
usemtl Wood
s 1
f 599/599/599 1064/1064/1064 1062/1062/1062
f 599/599/599 1062/1062/1062 1016/1016/1016
f 599/599/599 1016/1016/1016 978/978/978
f 599/599/599 978/978/978 930/930/930
f 599/599/599 930/930/930 856/856/856
f 599/599/599 856/856/856 776/776/776
f 599/599/599 776/776/776 690/690/690
f 599/599/599 690/690/690 601/601/601
f 599/599/599 601/601/601 574/574/574
f 599/599/599 574/574/574 486/486/486
f 599/599/599 486/486/486 407/407/407
f 599/599/599 407/407/407 333/333/333
f 599/599/599 333/333/333 285/285/285
f 599/599/599 285/285/285 247/247/247
f 599/599/599 247/247/247 201/201/201
f 599/599/599 201/201/201 197/197/197
f 599/599/599 197/197/197 199/199/199
f 599/599/599 199/199/199 245/245/245
f 599/599/599 245/245/245 283/283/283
f 599/599/599 283/283/283 331/331/331
f 599/599/599 331/331/331 405/405/405
f 599/599/599 405/405/405 483/483/483
f 599/599/599 483/483/483 571/571/571
f 599/599/599 571/571/571 597/597/597
f 599/599/599 597/597/597 687/687/687
f 599/599/599 687/687/687 773/773/773
f 599/599/599 773/773/773 853/853/853
f 599/599/599 853/853/853 927/927/927
f 599/599/599 927/927/927 975/975/975
f 599/599/599 975/975/975 1013/1013/1013
f 599/599/599 1013/1013/1013 1059/1059/1059
f 599/599/599 1059/1059/1059 1064/1064/1064
f 1063/1063/1063 1156/1156/1156 1061/1061/1061
f 1063/1063/1063 1173/1173/1173 1156/1156/1156
f 1061/1061/1061 1109/1109/1109 1015/1015/1015
f 1061/1061/1061 1156/1156/1156 1109/1109/1109
f 1015/1015/1015 1048/1048/1048 977/977/977
f 1015/1015/1015 1109/1109/1109 1048/1048/1048
f 977/977/977 966/966/966 929/929/929
f 977/977/977 1048/1048/1048 966/966/966
f 929/929/929 902/902/902 855/855/855
f 929/929/929 966/966/966 902/902/902
f 855/855/855 790/790/790 775/775/775
f 855/855/855 902/902/902 790/790/790
f 775/775/775 726/726/726 689/689/689
f 775/775/775 790/790/790 726/726/726
f 689/689/689 603/603/603 600/600/600
f 689/689/689 726/726/726 603/603/603
f 600/600/600 534/534/534 573/573/573
f 600/600/600 603/603/603 534/534/534
f 573/573/573 470/470/470 485/485/485
f 573/573/573 534/534/534 470/470/470
f 485/485/485 360/360/360 408/408/408
f 485/485/485 470/470/470 360/360/360
f 408/408/408 296/296/296 334/334/334
f 408/408/408 360/360/360 296/296/296
f 334/334/334 214/214/214 286/286/286
f 334/334/334 296/296/296 214/214/214
f 286/286/286 154/154/154 248/248/248
f 286/286/286 214/214/214 154/154/154
f 248/248/248 110/110/110 202/202/202
f 248/248/248 154/154/154 110/110/110
f 202/202/202 92/92/92 198/198/198
f 202/202/202 110/110/110 92/92/92
f 198/198/198 109/109/109 200/200/200
f 198/198/198 92/92/92 109/109/109
f 200/200/200 153/153/153 246/246/246
f 200/200/200 109/109/109 153/153/153
f 246/246/246 213/213/213 284/284/284
f 246/246/246 153/153/153 213/213/213
f 284/284/284 295/295/295 332/332/332
f 284/284/284 213/213/213 295/295/295
f 332/332/332 359/359/359 406/406/406
f 332/332/332 295/295/295 359/359/359
f 406/406/406 469/469/469 484/484/484
f 406/406/406 359/359/359 469/469/469
f 484/484/484 533/533/533 572/572/572
f 484/484/484 469/469/469 533/533/533
f 572/572/572 602/602/602 598/598/598
f 572/572/572 533/533/533 602/602/602
f 598/598/598 725/725/725 688/688/688
f 598/598/598 602/602/602 725/725/725
f 688/688/688 789/789/789 774/774/774
f 688/688/688 725/725/725 789/789/789
f 774/774/774 901/901/901 854/854/854
f 774/774/774 789/789/789 901/901/901
f 854/854/854 965/965/965 928/928/928
f 854/854/854 901/901/901 965/965/965
f 928/928/928 1047/1047/1047 976/976/976
f 928/928/928 965/965/965 1047/1047/1047
f 976/976/976 1108/1108/1108 1014/1014/1014
f 976/976/976 1047/1047/1047 1108/1108/1108
f 1014/1014/1014 1155/1155/1155 1060/1060/1060
f 1014/1014/1014 1108/1108/1108 1155/1155/1155
f 1060/1060/1060 1174/1174/1174 1065/1065/1065
f 1060/1060/1060 1155/1155/1155 1174/1174/1174
f 1173/1173/1173 1236/1236/1236 1156/1156/1156
f 1173/1173/1173 1253/1253/1253 1236/1236/1236
f 1156/1156/1156 1214/1214/1214 1109/1109/1109
f 1156/1156/1156 1236/1236/1236 1214/1214/1214
f 1109/1109/1109 1122/1122/1122 1048/1048/1048
f 1109/1109/1109 1214/1214/1214 1122/1122/1122
f 1048/1048/1048 1030/1030/1030 966/966/966
f 1048/1048/1048 1122/1122/1122 1030/1030/1030
f 966/966/966 934/934/934 902/902/902
f 966/966/966 1030/1030/1030 934/934/934
f 902/902/902 818/818/818 790/790/790
f 902/902/902 934/934/934 818/818/818
f 790/790/790 754/754/754 726/726/726
f 790/790/790 818/818/818 754/754/754
f 726/726/726 621/621/621 603/603/603
f 726/726/726 754/754/754 621/621/621
f 603/603/603 506/506/506 534/534/534
f 603/603/603 621/621/621 506/506/506
f 534/534/534 442/442/442 470/470/470
f 534/534/534 506/506/506 442/442/442
f 470/470/470 328/328/328 360/360/360
f 470/470/470 442/442/442 328/328/328
f 360/360/360 232/232/232 296/296/296
f 360/360/360 328/328/328 232/232/232
f 296/296/296 142/142/142 214/214/214
f 296/296/296 232/232/232 142/142/142
f 214/214/214 57/57/57 154/154/154
f 214/214/214 142/142/142 57/57/57
f 154/154/154 38/38/38 110/110/110
f 154/154/154 57/57/57 38/38/38
f 110/110/110 20/20/20 92/92/92
f 110/110/110 38/38/38 20/20/20
f 92/92/92 37/37/37 109/109/109
f 92/92/92 20/20/20 37/37/37
f 109/109/109 56/56/56 153/153/153
f 109/109/109 37/37/37 56/56/56
f 153/153/153 141/141/141 213/213/213
f 153/153/153 56/56/56 141/141/141
f 213/213/213 231/231/231 295/295/295
f 213/213/213 141/141/141 231/231/231
f 295/295/295 327/327/327 359/359/359
f 295/295/295 231/231/231 327/327/327
f 359/359/359 441/441/441 469/469/469
f 359/359/359 327/327/327 441/441/441
f 469/469/469 505/505/505 533/533/533
f 469/469/469 441/441/441 505/505/505
f 533/533/533 620/620/620 602/602/602
f 533/533/533 505/505/505 620/620/620
f 602/602/602 753/753/753 725/725/725
f 602/602/602 620/620/620 753/753/753
f 725/725/725 817/817/817 789/789/789
f 725/725/725 753/753/753 817/817/817
f 789/789/789 933/933/933 901/901/901
f 789/789/789 817/817/817 933/933/933
f 901/901/901 1029/1029/1029 965/965/965
f 901/901/901 933/933/933 1029/1029/1029
f 965/965/965 1121/1121/1121 1047/1047/1047
f 965/965/965 1029/1029/1029 1121/1121/1121
f 1047/1047/1047 1213/1213/1213 1108/1108/1108
f 1047/1047/1047 1121/1121/1121 1213/1213/1213
f 1108/1108/1108 1235/1235/1235 1155/1155/1155
f 1108/1108/1108 1213/1213/1213 1235/1235/1235
f 1155/1155/1155 1254/1254/1254 1174/1174/1174
f 1155/1155/1155 1235/1235/1235 1254/1254/1254
f 1253/1253/1253 1262/1262/1262 1236/1236/1236
f 1253/1253/1253 1263/1263/1263 1262/1262/1262
f 1236/1236/1236 1232/1232/1232 1214/1214/1214
f 1236/1236/1236 1262/1262/1262 1232/1232/1232
f 1214/1214/1214 1154/1154/1154 1122/1122/1122
f 1214/1214/1214 1232/1232/1232 1154/1154/1154
f 1122/1122/1122 1050/1050/1050 1030/1030/1030
f 1122/1122/1122 1154/1154/1154 1050/1050/1050
f 1030/1030/1030 944/944/944 934/934/934
f 1030/1030/1030 1050/1050/1050 944/944/944
f 934/934/934 828/828/828 818/818/818
f 934/934/934 944/944/944 828/828/828
f 818/818/818 764/764/764 754/754/754
f 818/818/818 828/828/828 764/764/764
f 754/754/754 639/639/639 621/621/621
f 754/754/754 764/764/764 639/639/639
f 621/621/621 496/496/496 506/506/506
f 621/621/621 639/639/639 496/496/496
f 506/506/506 432/432/432 442/442/442
f 506/506/506 496/496/496 432/432/432
f 442/442/442 318/318/318 328/328/328
f 442/442/442 432/432/432 318/318/318
f 328/328/328 212/212/212 232/232/232
f 328/328/328 318/318/318 212/212/212
f 232/232/232 112/112/112 142/142/142
f 232/232/232 212/212/212 112/112/112
f 142/142/142 41/41/41 57/57/57
f 142/142/142 112/112/112 41/41/41
f 57/57/57 15/15/15 38/38/38
f 57/57/57 41/41/41 15/15/15
f 38/38/38 13/13/13 20/20/20
f 38/38/38 15/15/15 13/13/13
f 20/20/20 14/14/14 37/37/37
f 20/20/20 13/13/13 14/14/14
f 37/37/37 40/40/40 56/56/56
f 37/37/37 14/14/14 40/40/40
f 56/56/56 111/111/111 141/141/141
f 56/56/56 40/40/40 111/111/111
f 141/141/141 211/211/211 231/231/231
f 141/141/141 111/111/111 211/211/211
f 231/231/231 317/317/317 327/327/327
f 231/231/231 211/211/211 317/317/317
f 327/327/327 431/431/431 441/441/441
f 327/327/327 317/317/317 431/431/431
f 441/441/441 495/495/495 505/505/505
f 441/441/441 431/431/431 495/495/495
f 505/505/505 638/638/638 620/620/620
f 505/505/505 495/495/495 638/638/638
f 620/620/620 763/763/763 753/753/753
f 620/620/620 638/638/638 763/763/763
f 753/753/753 827/827/827 817/817/817
f 753/753/753 763/763/763 827/827/827
f 817/817/817 943/943/943 933/933/933
f 817/817/817 827/827/827 943/943/943
f 933/933/933 1049/1049/1049 1029/1029/1029
f 933/933/933 943/943/943 1049/1049/1049
f 1029/1029/1029 1153/1153/1153 1121/1121/1121
f 1029/1029/1029 1049/1049/1049 1153/1153/1153
f 1121/1121/1121 1231/1231/1231 1213/1213/1213
f 1121/1121/1121 1153/1153/1153 1231/1231/1231
f 1213/1213/1213 1261/1261/1261 1235/1235/1235
f 1213/1213/1213 1231/1231/1231 1261/1261/1261
f 1235/1235/1235 1264/1264/1264 1254/1254/1254
f 1235/1235/1235 1261/1261/1261 1264/1264/1264
f 1263/1263/1263 1224/1224/1224 1262/1262/1262
f 1263/1263/1263 1233/1233/1233 1224/1224/1224
f 1262/1262/1262 1182/1182/1182 1232/1232/1232
f 1262/1262/1262 1224/1224/1224 1182/1182/1182
f 1232/1232/1232 1103/1103/1103 1154/1154/1154
f 1232/1232/1232 1182/1182/1182 1103/1103/1103
f 1154/1154/1154 996/996/996 1050/1050/1050
f 1154/1154/1154 1103/1103/1103 996/996/996
f 1050/1050/1050 932/932/932 944/944/944
f 1050/1050/1050 996/996/996 932/932/932
f 944/944/944 816/816/816 828/828/828
f 944/944/944 932/932/932 816/816/816
f 828/828/828 752/752/752 764/764/764
f 828/828/828 816/816/816 752/752/752
f 764/764/764 641/641/641 639/639/639
f 764/764/764 752/752/752 641/641/641
f 639/639/639 508/508/508 496/496/496
f 639/639/639 641/641/641 508/508/508
f 496/496/496 444/444/444 432/432/432
f 496/496/496 508/508/508 444/444/444
f 432/432/432 330/330/330 318/318/318
f 432/432/432 444/444/444 330/330/330
f 318/318/318 266/266/266 212/212/212
f 318/318/318 330/330/330 266/266/266
f 212/212/212 160/160/160 112/112/112
f 212/212/212 266/266/266 160/160/160
f 112/112/112 87/87/87 41/41/41
f 112/112/112 160/160/160 87/87/87
f 41/41/41 47/47/47 15/15/15
f 41/41/41 87/87/87 47/47/47
f 15/15/15 39/39/39 13/13/13
f 15/15/15 47/47/47 39/39/39
f 13/13/13 46/46/46 14/14/14
f 13/13/13 39/39/39 46/46/46
f 14/14/14 86/86/86 40/40/40
f 14/14/14 46/46/46 86/86/86
f 40/40/40 159/159/159 111/111/111
f 40/40/40 86/86/86 159/159/159
f 111/111/111 265/265/265 211/211/211
f 111/111/111 159/159/159 265/265/265
f 211/211/211 329/329/329 317/317/317
f 211/211/211 265/265/265 329/329/329
f 317/317/317 443/443/443 431/431/431
f 317/317/317 329/329/329 443/443/443
f 431/431/431 507/507/507 495/495/495
f 431/431/431 443/443/443 507/507/507
f 495/495/495 640/640/640 638/638/638
f 495/495/495 507/507/507 640/640/640
f 638/638/638 751/751/751 763/763/763
f 638/638/638 640/640/640 751/751/751
f 763/763/763 815/815/815 827/827/827
f 763/763/763 751/751/751 815/815/815
f 827/827/827 931/931/931 943/943/943
f 827/827/827 815/815/815 931/931/931
f 943/943/943 995/995/995 1049/1049/1049
f 943/943/943 931/931/931 995/995/995
f 1049/1049/1049 1102/1102/1102 1153/1153/1153
f 1049/1049/1049 995/995/995 1102/1102/1102
f 1153/1153/1153 1181/1181/1181 1231/1231/1231
f 1153/1153/1153 1102/1102/1102 1181/1181/1181
f 1231/1231/1231 1223/1223/1223 1261/1261/1261
f 1231/1231/1231 1181/1181/1181 1223/1223/1223
f 1261/1261/1261 1234/1234/1234 1264/1264/1264
f 1261/1261/1261 1223/1223/1223 1234/1234/1234
f 1233/1233/1233 1107/1107/1107 1224/1224/1224
f 1233/1233/1233 1119/1119/1119 1107/1107/1107
f 1224/1224/1224 1077/1077/1077 1182/1182/1182
f 1224/1224/1224 1107/1107/1107 1077/1077/1077
f 1182/1182/1182 1012/1012/1012 1103/1103/1103
f 1182/1182/1182 1077/1077/1077 1012/1012/1012
f 1103/1103/1103 948/948/948 996/996/996
f 1103/1103/1103 1012/1012/1012 948/948/948
f 996/996/996 892/892/892 932/932/932
f 996/996/996 948/948/948 892/892/892
f 932/932/932 780/780/780 816/816/816
f 932/932/932 892/892/892 780/780/780
f 816/816/816 702/702/702 752/752/752
f 816/816/816 780/780/780 702/702/702
f 752/752/752 661/661/661 641/641/641
f 752/752/752 702/702/702 661/661/661
f 641/641/641 561/561/561 508/508/508
f 641/641/641 661/661/661 561/561/561
f 508/508/508 481/481/481 444/444/444
f 508/508/508 561/561/561 481/481/481
f 444/444/444 371/371/371 330/330/330
f 444/444/444 481/481/481 371/371/371
f 330/330/330 315/315/315 266/266/266
f 330/330/330 371/371/371 315/315/315
f 266/266/266 251/251/251 160/160/160
f 266/266/266 315/315/315 251/251/251
f 160/160/160 187/187/187 87/87/87
f 160/160/160 251/251/251 187/187/187
f 87/87/87 157/157/157 47/47/47
f 87/87/87 187/187/187 157/157/157
f 47/47/47 143/143/143 39/39/39
f 47/47/47 157/157/157 143/143/143
f 39/39/39 155/155/155 46/46/46
f 39/39/39 143/143/143 155/155/155
f 46/46/46 185/185/185 86/86/86
f 46/46/46 155/155/155 185/185/185
f 86/86/86 249/249/249 159/159/159
f 86/86/86 185/185/185 249/249/249
f 159/159/159 313/313/313 265/265/265
f 159/159/159 249/249/249 313/313/313
f 265/265/265 369/369/369 329/329/329
f 265/265/265 313/313/313 369/369/369
f 329/329/329 479/479/479 443/443/443
f 329/329/329 369/369/369 479/479/479
f 443/443/443 559/559/559 507/507/507
f 443/443/443 479/479/479 559/559/559
f 507/507/507 658/658/658 640/640/640
f 507/507/507 559/559/559 658/658/658
f 640/640/640 700/700/700 751/751/751
f 640/640/640 658/658/658 700/700/700
f 751/751/751 778/778/778 815/815/815
f 751/751/751 700/700/700 778/778/778
f 815/815/815 890/890/890 931/931/931
f 815/815/815 778/778/778 890/890/890
f 931/931/931 946/946/946 995/995/995
f 931/931/931 890/890/890 946/946/946
f 995/995/995 1010/1010/1010 1102/1102/1102
f 995/995/995 946/946/946 1010/1010/1010
f 1102/1102/1102 1075/1075/1075 1181/1181/1181
f 1102/1102/1102 1010/1010/1010 1075/1075/1075
f 1181/1181/1181 1105/1105/1105 1223/1223/1223
f 1181/1181/1181 1075/1075/1075 1105/1105/1105
f 1223/1223/1223 1120/1120/1120 1234/1234/1234
f 1223/1223/1223 1105/1105/1105 1120/1120/1120
f 1118/1118/1118 660/660/660 1106/1106/1106
f 1106/1106/1106 660/660/660 1076/1076/1076
f 1076/1076/1076 660/660/660 1011/1011/1011
f 1011/1011/1011 660/660/660 947/947/947
f 947/947/947 660/660/660 891/891/891
f 891/891/891 660/660/660 779/779/779
f 779/779/779 660/660/660 701/701/701
f 701/701/701 660/660/660 662/662/662
f 662/662/662 660/660/660 562/562/562
f 562/562/562 660/660/660 482/482/482
f 482/482/482 660/660/660 372/372/372
f 372/372/372 660/660/660 316/316/316
f 316/316/316 660/660/660 252/252/252
f 252/252/252 660/660/660 188/188/188
f 188/188/188 660/660/660 158/158/158
f 158/158/158 660/660/660 144/144/144
f 144/144/144 660/660/660 156/156/156
f 156/156/156 660/660/660 186/186/186
f 186/186/186 660/660/660 250/250/250
f 250/250/250 660/660/660 314/314/314
f 314/314/314 660/660/660 370/370/370
f 370/370/370 660/660/660 480/480/480
f 480/480/480 660/660/660 560/560/560
f 560/560/560 660/660/660 659/659/659
f 659/659/659 660/660/660 699/699/699
f 699/699/699 660/660/660 777/777/777
f 777/777/777 660/660/660 889/889/889
f 889/889/889 660/660/660 945/945/945
f 945/945/945 660/660/660 1009/1009/1009
f 1009/1009/1009 660/660/660 1074/1074/1074
f 1074/1074/1074 660/660/660 1104/1104/1104
f 1104/1104/1104 660/660/660 1118/1118/1118
f 394/394/394 383/383/383 380/380/380
f 253/253/253 234/234/234 257/257/257
f 260/260/260 264/264/264 243/243/243
f 392/392/392 379/379/379 381/381/381
f 259/259/259 240/240/240 262/262/262
f 255/255/255 258/258/258 237/237/237
f 373/373/373 377/377/377 386/386/386
f 375/375/375 388/388/388 378/378/378
f 241/241/241 235/235/235 238/238/238
f 241/241/241 238/238/238 244/244/244
f 263/263/263 384/384/384 382/382/382
f 263/263/263 382/382/382 261/261/261
f 263/263/263 239/239/239 242/242/242
f 263/263/263 261/261/261 239/239/239
f 260/260/260 243/243/243 237/237/237
f 260/260/260 237/237/237 258/258/258
f 260/260/260 383/383/383 264/264/264
f 260/260/260 380/380/380 383/383/383
f 392/392/392 377/377/377 379/379/379
f 392/392/392 386/386/386 377/377/377
f 391/391/391 389/389/389 385/385/385
f 391/391/391 395/395/395 389/389/389
f 393/393/393 382/382/382 384/384/384
f 393/393/393 384/384/384 396/396/396
f 259/259/259 262/262/262 381/381/381
f 259/259/259 381/381/381 379/379/379
f 259/259/259 379/379/379 377/377/377
f 259/259/259 377/377/377 257/257/257
f 259/259/259 234/234/234 240/240/240
f 259/259/259 257/257/257 234/234/234
f 378/378/378 260/260/260 258/258/258
f 378/378/378 380/380/380 260/260/260
f 378/378/378 388/388/388 394/394/394
f 378/378/378 394/394/394 380/380/380
f 256/256/256 236/236/236 233/233/233
f 256/256/256 233/233/233 254/254/254
f 373/373/373 257/257/257 377/377/377
f 373/373/373 253/253/253 257/257/257
f 375/375/375 378/378/378 258/258/258
f 375/375/375 258/258/258 255/255/255
f 376/376/376 387/387/387 390/390/390
f 376/376/376 374/374/374 387/387/387
f 376/376/376 256/256/256 254/254/254
f 376/376/376 254/254/254 374/374/374
f 570/570/570 550/550/550 548/548/548
f 417/417/417 397/397/397 419/419/419
f 426/426/426 430/430/430 403/403/403
f 568/568/568 545/545/545 549/549/549
f 423/423/423 401/401/401 429/429/429
f 418/418/418 422/422/422 399/399/399
f 535/535/535 539/539/539 564/564/564
f 536/536/536 566/566/566 542/542/542
f 402/402/402 398/398/398 400/400/400
f 402/402/402 400/400/400 404/404/404
f 430/430/430 550/550/550 549/549/549
f 430/430/430 549/549/549 429/429/429
f 430/430/430 401/401/401 403/403/403
f 430/430/430 429/429/429 401/401/401
f 428/428/428 404/404/404 400/400/400
f 428/428/428 400/400/400 422/422/422
f 426/426/426 550/550/550 430/430/430
f 426/426/426 548/548/548 550/550/550
f 567/567/567 537/537/537 543/543/543
f 567/567/567 563/563/563 537/537/537
f 567/567/567 565/565/565 563/563/563
f 567/567/567 569/569/569 565/565/565
f 568/568/568 549/549/549 550/550/550
f 568/568/568 550/550/550 570/570/570
f 423/423/423 429/429/429 549/549/549
f 423/423/423 549/549/549 545/545/545
f 425/425/425 544/544/544 538/538/538
f 425/425/425 538/538/538 420/420/420
f 424/424/424 398/398/398 402/402/402
f 424/424/424 419/419/419 398/398/398
f 540/540/540 427/427/427 421/421/421
f 540/540/540 546/546/546 427/427/427
f 541/541/541 565/565/565 569/569/569
f 541/541/541 569/569/569 547/547/547
f 418/418/418 399/399/399 397/397/397
f 418/418/418 397/397/397 417/417/417
f 535/535/535 419/419/419 539/539/539
f 535/535/535 417/417/417 419/419/419
f 536/536/536 542/542/542 422/422/422
f 536/536/536 422/422/422 418/418/418
f 536/536/536 564/564/564 566/566/566
f 536/536/536 535/535/535 564/564/564
f 536/536/536 418/418/418 417/417/417
f 536/536/536 417/417/417 535/535/535
f 686/686/686 678/678/678 676/676/676
f 583/583/583 575/575/575 585/585/585
f 592/592/592 596/596/596 581/581/581
f 684/684/684 673/673/673 677/677/677
f 589/589/589 579/579/579 595/595/595
f 584/584/584 588/588/588 577/577/577
f 663/663/663 667/667/667 680/680/680
f 664/664/664 682/682/682 670/670/670
f 580/580/580 576/576/576 578/578/578
f 580/580/580 578/578/578 582/582/582
f 596/596/596 678/678/678 677/677/677
f 596/596/596 677/677/677 595/595/595
f 596/596/596 579/579/579 581/581/581
f 596/596/596 595/595/595 579/579/579
f 594/594/594 582/582/582 578/578/578
f 594/594/594 578/578/578 588/588/588
f 592/592/592 678/678/678 596/596/596
f 592/592/592 676/676/676 678/678/678
f 683/683/683 665/665/665 671/671/671
f 683/683/683 679/679/679 665/665/665
f 683/683/683 681/681/681 679/679/679
f 683/683/683 685/685/685 681/681/681
f 684/684/684 677/677/677 678/678/678
f 684/684/684 678/678/678 686/686/686
f 589/589/589 595/595/595 677/677/677
f 589/589/589 677/677/677 673/673/673
f 591/591/591 672/672/672 666/666/666
f 591/591/591 666/666/666 586/586/586
f 590/590/590 576/576/576 580/580/580
f 590/590/590 585/585/585 576/576/576
f 668/668/668 593/593/593 587/587/587
f 668/668/668 674/674/674 593/593/593
f 669/669/669 681/681/681 685/685/685
f 669/669/669 685/685/685 675/675/675
f 584/584/584 577/577/577 575/575/575
f 584/584/584 575/575/575 583/583/583
f 663/663/663 585/585/585 667/667/667
f 663/663/663 583/583/583 585/585/585
f 664/664/664 670/670/670 588/588/588
f 664/664/664 588/588/588 584/584/584
f 664/664/664 680/680/680 682/682/682
f 664/664/664 663/663/663 680/680/680
f 664/664/664 584/584/584 583/583/583
f 664/664/664 583/583/583 663/663/663
f 864/864/864 844/844/844 842/842/842
f 711/711/711 691/691/691 713/713/713
f 720/720/720 724/724/724 697/697/697
f 862/862/862 839/839/839 843/843/843
f 717/717/717 695/695/695 723/723/723
f 712/712/712 716/716/716 693/693/693
f 829/829/829 833/833/833 858/858/858
f 830/830/830 860/860/860 836/836/836
f 696/696/696 692/692/692 694/694/694
f 696/696/696 694/694/694 698/698/698
f 724/724/724 844/844/844 843/843/843
f 724/724/724 843/843/843 723/723/723
f 724/724/724 695/695/695 697/697/697
f 724/724/724 723/723/723 695/695/695
f 722/722/722 698/698/698 694/694/694
f 722/722/722 694/694/694 716/716/716
f 720/720/720 844/844/844 724/724/724
f 720/720/720 842/842/842 844/844/844
f 861/861/861 831/831/831 837/837/837
f 861/861/861 857/857/857 831/831/831
f 861/861/861 859/859/859 857/857/857
f 861/861/861 863/863/863 859/859/859
f 862/862/862 843/843/843 844/844/844
f 862/862/862 844/844/844 864/864/864
f 717/717/717 723/723/723 843/843/843
f 717/717/717 843/843/843 839/839/839
f 719/719/719 838/838/838 832/832/832
f 719/719/719 832/832/832 714/714/714
f 718/718/718 692/692/692 696/696/696
f 718/718/718 713/713/713 692/692/692
f 834/834/834 721/721/721 715/715/715
f 834/834/834 840/840/840 721/721/721
f 835/835/835 859/859/859 863/863/863
f 835/835/835 863/863/863 841/841/841
f 712/712/712 693/693/693 691/691/691
f 712/712/712 691/691/691 711/711/711
f 829/829/829 713/713/713 833/833/833
f 829/829/829 711/711/711 713/713/713
f 830/830/830 836/836/836 716/716/716
f 830/830/830 716/716/716 712/712/712
f 830/830/830 858/858/858 860/860/860
f 830/830/830 829/829/829 858/858/858
f 830/830/830 712/712/712 711/711/711
f 830/830/830 711/711/711 829/829/829
f 1026/1026/1026 1007/1007/1007 1004/1004/1004
f 877/877/877 866/866/866 881/881/881
f 884/884/884 888/888/888 875/875/875
f 1024/1024/1024 1003/1003/1003 1005/1005/1005
f 883/883/883 872/872/872 886/886/886
f 879/879/879 882/882/882 869/869/869
f 997/997/997 1001/1001/1001 1018/1018/1018
f 999/999/999 1020/1020/1020 1002/1002/1002
f 873/873/873 867/867/867 870/870/870
f 873/873/873 870/870/870 876/876/876
f 887/887/887 1008/1008/1008 1006/1006/1006
f 887/887/887 1006/1006/1006 885/885/885
f 887/887/887 871/871/871 874/874/874
f 887/887/887 885/885/885 871/871/871
f 884/884/884 875/875/875 869/869/869
f 884/884/884 869/869/869 882/882/882
f 884/884/884 1007/1007/1007 888/888/888
f 884/884/884 1004/1004/1004 1007/1007/1007
f 1024/1024/1024 1001/1001/1001 1003/1003/1003
f 1024/1024/1024 1018/1018/1018 1001/1001/1001
f 1023/1023/1023 1021/1021/1021 1017/1017/1017
f 1023/1023/1023 1027/1027/1027 1021/1021/1021
f 1025/1025/1025 1006/1006/1006 1008/1008/1008
f 1025/1025/1025 1008/1008/1008 1028/1028/1028
f 883/883/883 886/886/886 1005/1005/1005
f 883/883/883 1005/1005/1005 1003/1003/1003
f 883/883/883 1003/1003/1003 1001/1001/1001
f 883/883/883 1001/1001/1001 881/881/881
f 883/883/883 866/866/866 872/872/872
f 883/883/883 881/881/881 866/866/866
f 1002/1002/1002 884/884/884 882/882/882
f 1002/1002/1002 1004/1004/1004 884/884/884
f 1002/1002/1002 1020/1020/1020 1026/1026/1026
f 1002/1002/1002 1026/1026/1026 1004/1004/1004
f 880/880/880 868/868/868 865/865/865
f 880/880/880 865/865/865 878/878/878
f 997/997/997 881/881/881 1001/1001/1001
f 997/997/997 877/877/877 881/881/881
f 999/999/999 1002/1002/1002 882/882/882
f 999/999/999 882/882/882 879/879/879
f 1000/1000/1000 1019/1019/1019 1022/1022/1022
f 1000/1000/1000 998/998/998 1019/1019/1019
f 1000/1000/1000 880/880/880 878/878/878
f 1000/1000/1000 878/878/878 998/998/998
