# metres; Y up; ground-centred pivot
mtllib 17_Barril_Abierto.mtl
v -0.4160000 0.4475000 0.0000000
v -0.4160000 0.4475000 0.0000000
v -0.4160000 0.5125000 0.0000000
v -0.4160000 0.5125000 0.0000000
v -0.4080067 0.4475000 -0.0811576
v -0.4080067 0.4475000 -0.0811576
v -0.4080067 0.4475000 0.0811576
v -0.4080067 0.4475000 0.0811576
v -0.4080067 0.5125000 -0.0811576
v -0.4080067 0.5125000 -0.0811576
v -0.4080067 0.5125000 0.0811576
v -0.4080067 0.5125000 0.0811576
v -0.4000000 0.5400000 0.0000000
v -0.3923141 0.5400000 -0.0780361
v -0.3923141 0.5400000 0.0780361
v -0.3920000 0.4475000 0.0000000
v -0.3920000 0.4475000 0.0000000
v -0.3920000 0.5125000 0.0000000
v -0.3920000 0.5125000 0.0000000
v -0.3900000 0.3100000 0.0000000
v -0.3844678 0.4475000 -0.0764754
v -0.3844678 0.4475000 -0.0764754
v -0.3844678 0.4475000 0.0764754
v -0.3844678 0.4475000 0.0764754
v -0.3844678 0.5125000 -0.0764754
v -0.3844678 0.5125000 -0.0764754
v -0.3844678 0.5125000 0.0764754
v -0.3844678 0.5125000 0.0764754
v -0.3843339 0.4475000 -0.1591963
v -0.3843339 0.4475000 -0.1591963
v -0.3843339 0.4475000 0.1591963
v -0.3843339 0.4475000 0.1591963
v -0.3843339 0.5125000 -0.1591963
v -0.3843339 0.5125000 -0.1591963
v -0.3843339 0.5125000 0.1591963
v -0.3843339 0.5125000 0.1591963
v -0.3825063 0.3100000 -0.0760852
v -0.3825063 0.3100000 0.0760852
v -0.3700000 0.8200000 0.0000000
v -0.3695518 0.5400000 -0.1530734
v -0.3695518 0.5400000 0.1530734
v -0.3650000 0.0675000 0.0000000
v -0.3650000 0.0675000 0.0000000
v -0.3650000 0.1325000 0.0000000
v -0.3650000 0.1325000 0.0000000
v -0.3628906 0.8200000 -0.0721834
v -0.3628906 0.8200000 0.0721834
v -0.3621608 0.4475000 -0.1500119
v -0.3621608 0.4475000 -0.1500119
v -0.3621608 0.4475000 0.1500119
v -0.3621608 0.4475000 0.1500119
v -0.3621608 0.5125000 -0.1500119
v -0.3621608 0.5125000 -0.1500119
v -0.3621608 0.5125000 0.1500119
v -0.3621608 0.5125000 0.1500119
v -0.3603130 0.3100000 -0.1492465
v -0.3603130 0.3100000 0.1492465
v -0.3579866 0.0675000 -0.0712080
v -0.3579866 0.0675000 -0.0712080
v -0.3579866 0.0675000 0.0712080
v -0.3579866 0.0675000 0.0712080
v -0.3579866 0.1325000 -0.0712080
v -0.3579866 0.1325000 -0.0712080
v -0.3579866 0.1325000 0.0712080
v -0.3579866 0.1325000 0.0712080
v -0.3560000 0.8775000 0.0000000
v -0.3560000 0.8775000 0.0000000
v -0.3560000 0.9425000 0.0000000
v -0.3560000 0.9425000 0.0000000
v -0.3500000 0.5300000 0.0000000
v -0.3491596 0.8775000 -0.0694522
v -0.3491596 0.8775000 -0.0694522
v -0.3491596 0.8775000 0.0694522
v -0.3491596 0.8775000 0.0694522
v -0.3491596 0.9425000 -0.0694522
v -0.3491596 0.9425000 -0.0694522
v -0.3491596 0.9425000 0.0694522
v -0.3491596 0.9425000 0.0694522
v -0.3458914 0.4475000 -0.2311172
v -0.3458914 0.4475000 -0.2311172
v -0.3458914 0.4475000 0.2311172
v -0.3458914 0.4475000 0.2311172
v -0.3458914 0.5125000 -0.2311172
v -0.3458914 0.5125000 -0.2311172
v -0.3458914 0.5125000 0.2311172
v -0.3458914 0.5125000 0.2311172
v -0.3432748 0.5300000 -0.0682816
v -0.3432748 0.5300000 0.0682816
v -0.3418354 0.8200000 -0.1415929
v -0.3418354 0.8200000 0.1415929
v -0.3410000 0.0675000 0.0000000
v -0.3410000 0.0675000 0.0000000
v -0.3410000 0.1325000 0.0000000
v -0.3410000 0.1325000 0.0000000
v -0.3400000 0.0400000 0.0000000
v -0.3372160 0.0675000 -0.1396795
v -0.3372160 0.0675000 -0.1396795
v -0.3372160 0.0675000 0.1396795
v -0.3372160 0.0675000 0.1396795
v -0.3372160 0.1325000 -0.1396795
v -0.3372160 0.1325000 -0.1396795
v -0.3372160 0.1325000 0.1396795
v -0.3372160 0.1325000 0.1396795
v -0.3344478 0.0675000 -0.0665258
v -0.3344478 0.0675000 -0.0665258
v -0.3344478 0.0675000 0.0665258
v -0.3344478 0.0675000 0.0665258
v -0.3344478 0.1325000 -0.0665258
v -0.3344478 0.1325000 -0.0665258
v -0.3344478 0.1325000 0.0665258
v -0.3344478 0.1325000 0.0665258
v -0.3334670 0.0400000 -0.0663307
v -0.3334670 0.0400000 0.0663307
v -0.3325878 0.5400000 -0.2222281
v -0.3325878 0.5400000 0.2222281
v -0.3320000 0.8775000 0.0000000
v -0.3320000 0.8775000 0.0000000
v -0.3320000 0.9425000 0.0000000
v -0.3320000 0.9425000 0.0000000
v -0.3300000 0.2400000 0.0000000
v -0.3289011 0.8775000 -0.1362353
v -0.3289011 0.8775000 -0.1362353
v -0.3289011 0.8775000 0.1362353
v -0.3289011 0.8775000 0.1362353
v -0.3289011 0.9425000 -0.1362353
v -0.3289011 0.9425000 -0.1362353
v -0.3289011 0.9425000 0.1362353
v -0.3289011 0.9425000 0.1362353
v -0.3259361 0.4475000 -0.2177835
v -0.3259361 0.4475000 -0.2177835
v -0.3259361 0.4475000 0.2177835
v -0.3259361 0.4475000 0.2177835
v -0.3259361 0.5125000 -0.2177835
v -0.3259361 0.5125000 -0.2177835
v -0.3259361 0.5125000 0.2177835
v -0.3259361 0.5125000 0.2177835
v -0.3256207 0.8775000 -0.0647700
v -0.3256207 0.8775000 -0.0647700
v -0.3256207 0.8775000 0.0647700
v -0.3256207 0.8775000 0.0647700
v -0.3256207 0.9425000 -0.0647700
v -0.3256207 0.9425000 -0.0647700
v -0.3256207 0.9425000 0.0647700
v -0.3256207 0.9425000 0.0647700
v -0.3242731 0.3100000 -0.2166724
v -0.3242731 0.3100000 0.2166724
v -0.3236591 0.2400000 -0.0643798
v -0.3236591 0.2400000 0.0643798
v -0.3233578 0.5300000 -0.1339392
v -0.3233578 0.5300000 0.1339392
v -0.3200000 0.8000000 0.0000000
v -0.3200000 1.0000000 0.0000000
v -0.3200000 1.0000000 0.0000000
v -0.3150429 0.0675000 -0.1304951
v -0.3150429 0.0675000 -0.1304951
v -0.3150429 0.0675000 0.1304951
v -0.3150429 0.0675000 0.1304951
v -0.3150429 0.1325000 -0.1304951
v -0.3150429 0.1325000 -0.1304951
v -0.3150429 0.1325000 0.1304951
v -0.3150429 0.1325000 0.1304951
v -0.3141190 0.0400000 -0.1301124
v -0.3141190 0.0400000 0.1301124
v -0.3138513 0.8000000 -0.0624289
v -0.3138513 0.8000000 0.0624289
v -0.3138513 1.0000000 -0.0624289
v -0.3138513 1.0000000 -0.0624289
v -0.3138513 1.0000000 0.0624289
v -0.3138513 1.0000000 0.0624289
v -0.3076438 0.8200000 -0.2055610
v -0.3076438 0.8200000 0.2055610
v -0.3067280 0.8775000 -0.1270509
v -0.3067280 0.8775000 -0.1270509
v -0.3067280 0.8775000 0.1270509
v -0.3067280 0.8775000 0.1270509
v -0.3067280 0.9425000 -0.1270509
v -0.3067280 0.9425000 -0.1270509
v -0.3067280 0.9425000 0.1270509
v -0.3067280 0.9425000 0.1270509
v -0.3048802 0.2400000 -0.1262855
v -0.3048802 0.2400000 0.1262855
v -0.3034864 0.0675000 -0.2027831
v -0.3034864 0.0675000 -0.2027831
v -0.3034864 0.0675000 0.2027831
v -0.3034864 0.0675000 0.2027831
v -0.3034864 0.1325000 -0.2027831
v -0.3034864 0.1325000 -0.2027831
v -0.3034864 0.1325000 0.2027831
v -0.3034864 0.1325000 0.2027831
v -0.2960032 0.8775000 -0.1977830
v -0.2960032 0.8775000 -0.1977830
v -0.2960032 0.8775000 0.1977830
v -0.2960032 0.8775000 0.1977830
v -0.2960032 0.9425000 -0.1977830
v -0.2960032 0.9425000 -0.1977830
v -0.2960032 0.9425000 0.1977830
v -0.2960032 0.9425000 0.1977830
v -0.2956415 0.8000000 -0.1224587
v -0.2956415 0.8000000 0.1224587
v -0.2956415 1.0000000 -0.1224587
v -0.2956415 1.0000000 -0.1224587
v -0.2956415 1.0000000 0.1224587
v -0.2956415 1.0000000 0.1224587
v -0.2941564 0.4475000 -0.2941564
v -0.2941564 0.4475000 -0.2941564
v -0.2941564 0.4475000 0.2941564
v -0.2941564 0.4475000 0.2941564
v -0.2941564 0.5125000 -0.2941564
v -0.2941564 0.5125000 -0.2941564
v -0.2941564 0.5125000 0.2941564
v -0.2941564 0.5125000 0.2941564
v -0.2910144 0.5300000 -0.1944496
v -0.2910144 0.5300000 0.1944496
v -0.2900000 0.0000000 0.0000000
v -0.2900000 0.0000000 0.0000000
v -0.2844277 0.0000000 -0.0565762
v -0.2844277 0.0000000 -0.0565762
v -0.2844277 0.0000000 0.0565762
v -0.2844277 0.0000000 0.0565762
v -0.2835311 0.0675000 -0.1894494
v -0.2835311 0.0675000 -0.1894494
v -0.2835311 0.0675000 0.1894494
v -0.2835311 0.0675000 0.1894494
v -0.2835311 0.1325000 -0.1894494
v -0.2835311 0.1325000 -0.1894494
v -0.2835311 0.1325000 0.1894494
v -0.2835311 0.1325000 0.1894494
v -0.2828427 0.5400000 -0.2828427
v -0.2828427 0.5400000 0.2828427
v -0.2826997 0.0400000 -0.1888939
v -0.2826997 0.0400000 0.1888939
v -0.2800000 1.0000000 0.0000000
v -0.2800000 1.0000000 0.0000000
v -0.2771859 0.4475000 -0.2771859
v -0.2771859 0.4475000 -0.2771859
v -0.2771859 0.4475000 0.2771859
v -0.2771859 0.4475000 0.2771859
v -0.2771859 0.5125000 -0.2771859
v -0.2771859 0.5125000 -0.2771859
v -0.2771859 0.5125000 0.2771859
v -0.2771859 0.5125000 0.2771859
v -0.2760479 0.8775000 -0.1844493
v -0.2760479 0.8775000 -0.1844493
v -0.2760479 0.8775000 0.1844493
v -0.2760479 0.8775000 0.1844493
v -0.2760479 0.9425000 -0.1844493
v -0.2760479 0.9425000 -0.1844493
v -0.2760479 0.9425000 0.1844493
v -0.2760479 0.9425000 0.1844493
v -0.2757716 0.3100000 -0.2757716
v -0.2757716 0.3100000 0.2757716
v -0.2746199 1.0000000 -0.0546253
v -0.2746199 1.0000000 -0.0546253
v -0.2746199 1.0000000 0.0546253
v -0.2746199 1.0000000 0.0546253
v -0.2743850 0.2400000 -0.1833382
v -0.2743850 0.2400000 0.1833382
v -0.2679251 0.0000000 -0.1109782
v -0.2679251 0.0000000 -0.1109782
v -0.2679251 0.0000000 0.1109782
v -0.2679251 0.0000000 0.1109782
v -0.2660703 0.8000000 -0.1777825
v -0.2660703 0.8000000 0.1777825
v -0.2660703 1.0000000 -0.1777825
v -0.2660703 1.0000000 -0.1777825
v -0.2660703 1.0000000 0.1777825
v -0.2660703 1.0000000 0.1777825
v -0.2616295 0.8200000 -0.2616295
v -0.2616295 0.8200000 0.2616295
v -0.2600000 0.1000000 0.0000000
v -0.2600000 0.1000000 0.0000000
v -0.2586863 1.0000000 -0.1071514
v -0.2586863 1.0000000 -0.1071514
v -0.2586863 1.0000000 0.1071514
v -0.2586863 1.0000000 0.1071514
v -0.2580940 0.0675000 -0.2580940
v -0.2580940 0.0675000 -0.2580940
v -0.2580940 0.0675000 0.2580940
v -0.2580940 0.0675000 0.2580940
v -0.2580940 0.1325000 -0.2580940
v -0.2580940 0.1325000 -0.2580940
v -0.2580940 0.1325000 0.2580940
v -0.2580940 0.1325000 0.2580940
v -0.2550042 0.1000000 -0.0507235
v -0.2550042 0.1000000 -0.0507235
v -0.2550042 0.1000000 0.0507235
v -0.2550042 0.1000000 0.0507235
v -0.2517300 0.8775000 -0.2517300
v -0.2517300 0.8775000 -0.2517300
v -0.2517300 0.8775000 0.2517300
v -0.2517300 0.8775000 0.2517300
v -0.2517300 0.9425000 -0.2517300
v -0.2517300 0.9425000 -0.2517300
v -0.2517300 0.9425000 0.2517300
v -0.2517300 0.9425000 0.2517300
v -0.2474874 0.5300000 -0.2474874
v -0.2474874 0.5300000 0.2474874
v -0.2411262 0.0000000 -0.1611154
v -0.2411262 0.0000000 -0.1611154
v -0.2411262 0.0000000 0.1611154
v -0.2411262 0.0000000 0.1611154
v -0.2411234 0.0675000 -0.2411234
v -0.2411234 0.0675000 -0.2411234
v -0.2411234 0.0675000 0.2411234
v -0.2411234 0.0675000 0.2411234
v -0.2411234 0.1325000 -0.2411234
v -0.2411234 0.1325000 -0.2411234
v -0.2411234 0.1325000 0.2411234
v -0.2411234 0.1325000 0.2411234
v -0.2404163 0.0400000 -0.2404163
v -0.2404163 0.0400000 0.2404163
v -0.2402087 0.1000000 -0.0994977
v -0.2402087 0.1000000 -0.0994977
v -0.2402087 0.1000000 0.0994977
v -0.2402087 0.1000000 0.0994977
v -0.2347595 0.8775000 -0.2347595
v -0.2347595 0.8775000 -0.2347595
v -0.2347595 0.8775000 0.2347595
v -0.2347595 0.8775000 0.2347595
v -0.2347595 0.9425000 -0.2347595
v -0.2347595 0.9425000 -0.2347595
v -0.2347595 0.9425000 0.2347595
v -0.2347595 0.9425000 0.2347595
v -0.2333452 0.2400000 -0.2333452
v -0.2333452 0.2400000 0.2333452
v -0.2328115 1.0000000 -0.1555597
v -0.2328115 1.0000000 -0.1555597
v -0.2328115 1.0000000 0.1555597
v -0.2328115 1.0000000 0.1555597
v -0.2311172 0.4475000 -0.3458914
v -0.2311172 0.4475000 -0.3458914
v -0.2311172 0.4475000 0.3458914
v -0.2311172 0.4475000 0.3458914
v -0.2311172 0.5125000 -0.3458914
v -0.2311172 0.5125000 -0.3458914
v -0.2311172 0.5125000 0.3458914
v -0.2311172 0.5125000 0.3458914
v -0.2262742 0.8000000 -0.2262742
v -0.2262742 0.8000000 0.2262742
v -0.2262742 1.0000000 -0.2262742
v -0.2262742 1.0000000 -0.2262742
v -0.2262742 1.0000000 0.2262742
v -0.2262742 1.0000000 0.2262742
v -0.2222281 0.5400000 -0.3325878
v -0.2222281 0.5400000 0.3325878
v -0.2177835 0.4475000 -0.3259361
v -0.2177835 0.4475000 -0.3259361
v -0.2177835 0.4475000 0.3259361
v -0.2177835 0.4475000 0.3259361
v -0.2177835 0.5125000 -0.3259361
v -0.2177835 0.5125000 -0.3259361
v -0.2177835 0.5125000 0.3259361
v -0.2177835 0.5125000 0.3259361
v -0.2166724 0.3100000 -0.3242731
v -0.2166724 0.3100000 0.3242731
v -0.2161821 0.1000000 -0.1444483
v -0.2161821 0.1000000 -0.1444483
v -0.2161821 0.1000000 0.1444483
v -0.2161821 0.1000000 0.1444483
v -0.2055610 0.8200000 -0.3076438
v -0.2055610 0.8200000 0.3076438
v -0.2050610 0.0000000 -0.2050610
v -0.2050610 0.0000000 -0.2050610
v -0.2050610 0.0000000 0.2050610
v -0.2050610 0.0000000 0.2050610
v -0.2027831 0.0675000 -0.3034864
v -0.2027831 0.0675000 -0.3034864
v -0.2027831 0.0675000 0.3034864
v -0.2027831 0.0675000 0.3034864
v -0.2027831 0.1325000 -0.3034864
v -0.2027831 0.1325000 -0.3034864
v -0.2027831 0.1325000 0.3034864
v -0.2027831 0.1325000 0.3034864
v -0.1979899 1.0000000 -0.1979899
v -0.1979899 1.0000000 -0.1979899
v -0.1979899 1.0000000 0.1979899
v -0.1979899 1.0000000 0.1979899
v -0.1977830 0.8775000 -0.2960032
v -0.1977830 0.8775000 -0.2960032
v -0.1977830 0.8775000 0.2960032
v -0.1977830 0.8775000 0.2960032
v -0.1977830 0.9425000 -0.2960032
v -0.1977830 0.9425000 -0.2960032
v -0.1977830 0.9425000 0.2960032
v -0.1977830 0.9425000 0.2960032
v -0.1944496 0.5300000 -0.2910144
v -0.1944496 0.5300000 0.2910144
v -0.1894494 0.0675000 -0.2835311
v -0.1894494 0.0675000 -0.2835311
v -0.1894494 0.0675000 0.2835311
v -0.1894494 0.0675000 0.2835311
v -0.1894494 0.1325000 -0.2835311
v -0.1894494 0.1325000 -0.2835311
v -0.1894494 0.1325000 0.2835311
v -0.1894494 0.1325000 0.2835311
v -0.1888939 0.0400000 -0.2826997
v -0.1888939 0.0400000 0.2826997
v -0.1844493 0.8775000 -0.2760479
v -0.1844493 0.8775000 -0.2760479
v -0.1844493 0.8775000 0.2760479
v -0.1844493 0.8775000 0.2760479
v -0.1844493 0.9425000 -0.2760479
v -0.1844493 0.9425000 -0.2760479
v -0.1844493 0.9425000 0.2760479
v -0.1844493 0.9425000 0.2760479
v -0.1838478 0.1000000 -0.1838478
v -0.1838478 0.1000000 -0.1838478
v -0.1838478 0.1000000 0.1838478
v -0.1838478 0.1000000 0.1838478
v -0.1833382 0.2400000 -0.2743850
v -0.1833382 0.2400000 0.2743850
v -0.1777825 0.8000000 -0.2660703
v -0.1777825 0.8000000 0.2660703
v -0.1777825 1.0000000 -0.2660703
v -0.1777825 1.0000000 -0.2660703
v -0.1777825 1.0000000 0.2660703
v -0.1777825 1.0000000 0.2660703
v -0.1611154 0.0000000 -0.2411262
v -0.1611154 0.0000000 -0.2411262
v -0.1611154 0.0000000 0.2411262
v -0.1611154 0.0000000 0.2411262
v -0.1591963 0.4475000 -0.3843339
v -0.1591963 0.4475000 -0.3843339
v -0.1591963 0.4475000 0.3843339
v -0.1591963 0.4475000 0.3843339
v -0.1591963 0.5125000 -0.3843339
v -0.1591963 0.5125000 -0.3843339
v -0.1591963 0.5125000 0.3843339
v -0.1591963 0.5125000 0.3843339
v -0.1555597 1.0000000 -0.2328115
v -0.1555597 1.0000000 -0.2328115
v -0.1555597 1.0000000 0.2328115
v -0.1555597 1.0000000 0.2328115
v -0.1530734 0.5400000 -0.3695518
v -0.1530734 0.5400000 0.3695518
v -0.1500119 0.4475000 -0.3621608
v -0.1500119 0.4475000 -0.3621608
v -0.1500119 0.4475000 0.3621608
v -0.1500119 0.4475000 0.3621608
v -0.1500119 0.5125000 -0.3621608
v -0.1500119 0.5125000 -0.3621608
v -0.1500119 0.5125000 0.3621608
v -0.1500119 0.5125000 0.3621608
v -0.1492465 0.3100000 -0.3603130
v -0.1492465 0.3100000 0.3603130
v -0.1444483 0.1000000 -0.2161821
v -0.1444483 0.1000000 -0.2161821
v -0.1444483 0.1000000 0.2161821
v -0.1444483 0.1000000 0.2161821
v -0.1415929 0.8200000 -0.3418354
v -0.1415929 0.8200000 0.3418354
v -0.1396795 0.0675000 -0.3372160
v -0.1396795 0.0675000 -0.3372160
v -0.1396795 0.0675000 0.3372160
v -0.1396795 0.0675000 0.3372160
v -0.1396795 0.1325000 -0.3372160
v -0.1396795 0.1325000 -0.3372160
v -0.1396795 0.1325000 0.3372160
v -0.1396795 0.1325000 0.3372160
v -0.1362353 0.8775000 -0.3289011
v -0.1362353 0.8775000 -0.3289011
v -0.1362353 0.8775000 0.3289011
v -0.1362353 0.8775000 0.3289011
v -0.1362353 0.9425000 -0.3289011
v -0.1362353 0.9425000 -0.3289011
v -0.1362353 0.9425000 0.3289011
v -0.1362353 0.9425000 0.3289011
v -0.1339392 0.5300000 -0.3233578
v -0.1339392 0.5300000 0.3233578
v -0.1304951 0.0675000 -0.3150429
v -0.1304951 0.0675000 -0.3150429
v -0.1304951 0.0675000 0.3150429
v -0.1304951 0.0675000 0.3150429
v -0.1304951 0.1325000 -0.3150429
v -0.1304951 0.1325000 -0.3150429
v -0.1304951 0.1325000 0.3150429
v -0.1304951 0.1325000 0.3150429
v -0.1301124 0.0400000 -0.3141190
v -0.1301124 0.0400000 0.3141190
v -0.1270509 0.8775000 -0.3067280
v -0.1270509 0.8775000 -0.3067280
v -0.1270509 0.8775000 0.3067280
v -0.1270509 0.8775000 0.3067280
v -0.1270509 0.9425000 -0.3067280
v -0.1270509 0.9425000 -0.3067280
v -0.1270509 0.9425000 0.3067280
v -0.1270509 0.9425000 0.3067280
v -0.1262855 0.2400000 -0.3048802
v -0.1262855 0.2400000 0.3048802
v -0.1224587 0.8000000 -0.2956415
v -0.1224587 0.8000000 0.2956415
v -0.1224587 1.0000000 -0.2956415
v -0.1224587 1.0000000 -0.2956415
v -0.1224587 1.0000000 0.2956415
v -0.1224587 1.0000000 0.2956415
v -0.1109782 0.0000000 -0.2679251
v -0.1109782 0.0000000 -0.2679251
v -0.1109782 0.0000000 0.2679251
v -0.1109782 0.0000000 0.2679251
v -0.1071514 1.0000000 -0.2586863
v -0.1071514 1.0000000 -0.2586863
v -0.1071514 1.0000000 0.2586863
v -0.1071514 1.0000000 0.2586863
v -0.0994977 0.1000000 -0.2402087
v -0.0994977 0.1000000 -0.2402087
v -0.0994977 0.1000000 0.2402087
v -0.0994977 0.1000000 0.2402087
v -0.0811576 0.4475000 -0.4080067
v -0.0811576 0.4475000 -0.4080067
v -0.0811576 0.4475000 0.4080067
v -0.0811576 0.4475000 0.4080067
v -0.0811576 0.5125000 -0.4080067
v -0.0811576 0.5125000 -0.4080067
v -0.0811576 0.5125000 0.4080067
v -0.0811576 0.5125000 0.4080067
v -0.0780361 0.5400000 -0.3923141
v -0.0780361 0.5400000 0.3923141
v -0.0764754 0.4475000 -0.3844678
v -0.0764754 0.4475000 -0.3844678
v -0.0764754 0.4475000 0.3844678
v -0.0764754 0.4475000 0.3844678
v -0.0764754 0.5125000 -0.3844678
v -0.0764754 0.5125000 -0.3844678
v -0.0764754 0.5125000 0.3844678
v -0.0764754 0.5125000 0.3844678
v -0.0760852 0.3100000 -0.3825063
v -0.0760852 0.3100000 0.3825063
v -0.0721834 0.8200000 -0.3628906
v -0.0721834 0.8200000 0.3628906
v -0.0712080 0.0675000 -0.3579866
v -0.0712080 0.0675000 -0.3579866
v -0.0712080 0.0675000 0.3579866
v -0.0712080 0.0675000 0.3579866
v -0.0712080 0.1325000 -0.3579866
v -0.0712080 0.1325000 -0.3579866
v -0.0712080 0.1325000 0.3579866
v -0.0712080 0.1325000 0.3579866
v -0.0694522 0.8775000 -0.3491596
v -0.0694522 0.8775000 -0.3491596
v -0.0694522 0.8775000 0.3491596
v -0.0694522 0.8775000 0.3491596
v -0.0694522 0.9425000 -0.3491596
v -0.0694522 0.9425000 -0.3491596
v -0.0694522 0.9425000 0.3491596
v -0.0694522 0.9425000 0.3491596
v -0.0682816 0.5300000 -0.3432748
v -0.0682816 0.5300000 0.3432748
v -0.0665258 0.0675000 -0.3344478
v -0.0665258 0.0675000 -0.3344478
v -0.0665258 0.0675000 0.3344478
v -0.0665258 0.0675000 0.3344478
v -0.0665258 0.1325000 -0.3344478
v -0.0665258 0.1325000 -0.3344478
v -0.0665258 0.1325000 0.3344478
v -0.0665258 0.1325000 0.3344478
v -0.0663307 0.0400000 -0.3334670
v -0.0663307 0.0400000 0.3334670
v -0.0647700 0.8775000 -0.3256207
v -0.0647700 0.8775000 -0.3256207
v -0.0647700 0.8775000 0.3256207
v -0.0647700 0.8775000 0.3256207
v -0.0647700 0.9425000 -0.3256207
v -0.0647700 0.9425000 -0.3256207
v -0.0647700 0.9425000 0.3256207
v -0.0647700 0.9425000 0.3256207
v -0.0643798 0.2400000 -0.3236591
v -0.0643798 0.2400000 0.3236591
v -0.0624289 0.8000000 -0.3138513
v -0.0624289 0.8000000 0.3138513
v -0.0624289 1.0000000 -0.3138513
v -0.0624289 1.0000000 -0.3138513
v -0.0624289 1.0000000 0.3138513
v -0.0624289 1.0000000 0.3138513
v -0.0565762 0.0000000 -0.2844277
v -0.0565762 0.0000000 -0.2844277
v -0.0565762 0.0000000 0.2844277
v -0.0565762 0.0000000 0.2844277
v -0.0546253 1.0000000 -0.2746199
v -0.0546253 1.0000000 -0.2746199
v -0.0546253 1.0000000 0.2746199
v -0.0546253 1.0000000 0.2746199
v -0.0507235 0.1000000 -0.2550042
v -0.0507235 0.1000000 -0.2550042
v -0.0507235 0.1000000 0.2550042
v -0.0507235 0.1000000 0.2550042
v -0.0000000 0.0000000 -0.2900000
v -0.0000000 0.0000000 -0.2900000
v 0.0000000 0.0000000 0.0000000
v 0.0000000 0.0000000 0.2900000
v 0.0000000 0.0000000 0.2900000
v -0.0000000 0.0400000 -0.3400000
v 0.0000000 0.0400000 0.3400000
v -0.0000000 0.0675000 -0.3650000
v -0.0000000 0.0675000 -0.3650000
v -0.0000000 0.0675000 -0.3410000
v -0.0000000 0.0675000 -0.3410000
v 0.0000000 0.0675000 0.3410000
v 0.0000000 0.0675000 0.3410000
v 0.0000000 0.0675000 0.3650000
v 0.0000000 0.0675000 0.3650000
v -0.0000000 0.1000000 -0.2600000
v -0.0000000 0.1000000 -0.2600000
v 0.0000000 0.1000000 0.0000000
v 0.0000000 0.1000000 0.2600000
v 0.0000000 0.1000000 0.2600000
v -0.0000000 0.1325000 -0.3650000
v -0.0000000 0.1325000 -0.3650000
v -0.0000000 0.1325000 -0.3410000
v -0.0000000 0.1325000 -0.3410000
v 0.0000000 0.1325000 0.3410000
v 0.0000000 0.1325000 0.3410000
v 0.0000000 0.1325000 0.3650000
v 0.0000000 0.1325000 0.3650000
v -0.0000000 0.2400000 -0.3300000
v 0.0000000 0.2400000 0.3300000
v -0.0000000 0.3100000 -0.3900000
v 0.0000000 0.3100000 0.3900000
v -0.0000000 0.4475000 -0.4160000
v -0.0000000 0.4475000 -0.4160000
v -0.0000000 0.4475000 -0.3920000
v -0.0000000 0.4475000 -0.3920000
v 0.0000000 0.4475000 0.3920000
v 0.0000000 0.4475000 0.3920000
v 0.0000000 0.4475000 0.4160000
v 0.0000000 0.4475000 0.4160000
v -0.0000000 0.5125000 -0.4160000
v -0.0000000 0.5125000 -0.4160000
v -0.0000000 0.5125000 -0.3920000
v -0.0000000 0.5125000 -0.3920000
v 0.0000000 0.5125000 0.3920000
v 0.0000000 0.5125000 0.3920000
v 0.0000000 0.5125000 0.4160000
v 0.0000000 0.5125000 0.4160000
v -0.0000000 0.5300000 -0.3500000
v 0.0000000 0.5300000 0.3500000
v -0.0000000 0.5400000 -0.4000000
v 0.0000000 0.5400000 0.4000000
v -0.0000000 0.8000000 -0.3200000
v 0.0000000 0.8000000 0.3200000
v -0.0000000 0.8200000 -0.3700000
v 0.0000000 0.8200000 0.3700000
v -0.0000000 0.8775000 -0.3560000
v -0.0000000 0.8775000 -0.3560000
v -0.0000000 0.8775000 -0.3320000
v -0.0000000 0.8775000 -0.3320000
v 0.0000000 0.8775000 0.3320000
v 0.0000000 0.8775000 0.3320000
v 0.0000000 0.8775000 0.3560000
v 0.0000000 0.8775000 0.3560000
v -0.0000000 0.9425000 -0.3560000
v -0.0000000 0.9425000 -0.3560000
v -0.0000000 0.9425000 -0.3320000
v -0.0000000 0.9425000 -0.3320000
v 0.0000000 0.9425000 0.3320000
v 0.0000000 0.9425000 0.3320000
v 0.0000000 0.9425000 0.3560000
v 0.0000000 0.9425000 0.3560000
v -0.0000000 1.0000000 -0.3200000
v -0.0000000 1.0000000 -0.3200000
v -0.0000000 1.0000000 -0.2800000
v -0.0000000 1.0000000 -0.2800000
v 0.0000000 1.0000000 0.2800000
v 0.0000000 1.0000000 0.2800000
v 0.0000000 1.0000000 0.3200000
v 0.0000000 1.0000000 0.3200000
v 0.0507235 0.1000000 -0.2550042
v 0.0507235 0.1000000 -0.2550042
v 0.0507235 0.1000000 0.2550042
v 0.0507235 0.1000000 0.2550042
v 0.0546253 1.0000000 -0.2746199
v 0.0546253 1.0000000 -0.2746199
v 0.0546253 1.0000000 0.2746199
v 0.0546253 1.0000000 0.2746199
v 0.0565762 0.0000000 -0.2844277
v 0.0565762 0.0000000 -0.2844277
v 0.0565762 0.0000000 0.2844277
v 0.0565762 0.0000000 0.2844277
v 0.0624289 0.8000000 -0.3138513
v 0.0624289 0.8000000 0.3138513
v 0.0624289 1.0000000 -0.3138513
v 0.0624289 1.0000000 -0.3138513
v 0.0624289 1.0000000 0.3138513
v 0.0624289 1.0000000 0.3138513
v 0.0643798 0.2400000 -0.3236591
v 0.0643798 0.2400000 0.3236591
v 0.0647700 0.8775000 -0.3256207
v 0.0647700 0.8775000 -0.3256207
v 0.0647700 0.8775000 0.3256207
v 0.0647700 0.8775000 0.3256207
v 0.0647700 0.9425000 -0.3256207
v 0.0647700 0.9425000 -0.3256207
v 0.0647700 0.9425000 0.3256207
v 0.0647700 0.9425000 0.3256207
v 0.0663307 0.0400000 -0.3334670
v 0.0663307 0.0400000 0.3334670
v 0.0665258 0.0675000 -0.3344478
v 0.0665258 0.0675000 -0.3344478
v 0.0665258 0.0675000 0.3344478
v 0.0665258 0.0675000 0.3344478
v 0.0665258 0.1325000 -0.3344478
v 0.0665258 0.1325000 -0.3344478
v 0.0665258 0.1325000 0.3344478
v 0.0665258 0.1325000 0.3344478
v 0.0682816 0.5300000 -0.3432748
v 0.0682816 0.5300000 0.3432748
v 0.0694522 0.8775000 -0.3491596
v 0.0694522 0.8775000 -0.3491596
v 0.0694522 0.8775000 0.3491596
v 0.0694522 0.8775000 0.3491596
v 0.0694522 0.9425000 -0.3491596
v 0.0694522 0.9425000 -0.3491596
v 0.0694522 0.9425000 0.3491596
v 0.0694522 0.9425000 0.3491596
v 0.0712080 0.0675000 -0.3579866
v 0.0712080 0.0675000 -0.3579866
v 0.0712080 0.0675000 0.3579866
v 0.0712080 0.0675000 0.3579866
v 0.0712080 0.1325000 -0.3579866
v 0.0712080 0.1325000 -0.3579866
v 0.0712080 0.1325000 0.3579866
v 0.0712080 0.1325000 0.3579866
v 0.0721834 0.8200000 -0.3628906
v 0.0721834 0.8200000 0.3628906
v 0.0760852 0.3100000 -0.3825063
v 0.0760852 0.3100000 0.3825063
v 0.0764754 0.4475000 -0.3844678
v 0.0764754 0.4475000 -0.3844678
v 0.0764754 0.4475000 0.3844678
v 0.0764754 0.4475000 0.3844678
v 0.0764754 0.5125000 -0.3844678
v 0.0764754 0.5125000 -0.3844678
v 0.0764754 0.5125000 0.3844678
v 0.0764754 0.5125000 0.3844678
v 0.0780361 0.5400000 -0.3923141
v 0.0780361 0.5400000 0.3923141
v 0.0811576 0.4475000 -0.4080067
v 0.0811576 0.4475000 -0.4080067
v 0.0811576 0.4475000 0.4080067
v 0.0811576 0.4475000 0.4080067
v 0.0811576 0.5125000 -0.4080067
v 0.0811576 0.5125000 -0.4080067
v 0.0811576 0.5125000 0.4080067
v 0.0811576 0.5125000 0.4080067
v 0.0994977 0.1000000 -0.2402087
v 0.0994977 0.1000000 -0.2402087
v 0.0994977 0.1000000 0.2402087
v 0.0994977 0.1000000 0.2402087
v 0.1071514 1.0000000 -0.2586863
v 0.1071514 1.0000000 -0.2586863
v 0.1071514 1.0000000 0.2586863
v 0.1071514 1.0000000 0.2586863
v 0.1109782 0.0000000 -0.2679251
v 0.1109782 0.0000000 -0.2679251
v 0.1109782 0.0000000 0.2679251
v 0.1109782 0.0000000 0.2679251
v 0.1224587 0.8000000 -0.2956415
v 0.1224587 0.8000000 0.2956415
v 0.1224587 1.0000000 -0.2956415
v 0.1224587 1.0000000 -0.2956415
v 0.1224587 1.0000000 0.2956415
v 0.1224587 1.0000000 0.2956415
v 0.1262855 0.2400000 -0.3048802
v 0.1262855 0.2400000 0.3048802
v 0.1270509 0.8775000 -0.3067280
v 0.1270509 0.8775000 -0.3067280
v 0.1270509 0.8775000 0.3067280
v 0.1270509 0.8775000 0.3067280
v 0.1270509 0.9425000 -0.3067280
v 0.1270509 0.9425000 -0.3067280
v 0.1270509 0.9425000 0.3067280
v 0.1270509 0.9425000 0.3067280
v 0.1301124 0.0400000 -0.3141190
v 0.1301124 0.0400000 0.3141190
v 0.1304951 0.0675000 -0.3150429
v 0.1304951 0.0675000 -0.3150429
v 0.1304951 0.0675000 0.3150429
v 0.1304951 0.0675000 0.3150429
v 0.1304951 0.1325000 -0.3150429
v 0.1304951 0.1325000 -0.3150429
v 0.1304951 0.1325000 0.3150429
v 0.1304951 0.1325000 0.3150429
v 0.1339392 0.5300000 -0.3233578
v 0.1339392 0.5300000 0.3233578
v 0.1362353 0.8775000 -0.3289011
v 0.1362353 0.8775000 -0.3289011
v 0.1362353 0.8775000 0.3289011
v 0.1362353 0.8775000 0.3289011
v 0.1362353 0.9425000 -0.3289011
v 0.1362353 0.9425000 -0.3289011
v 0.1362353 0.9425000 0.3289011
v 0.1362353 0.9425000 0.3289011
v 0.1396795 0.0675000 -0.3372160
v 0.1396795 0.0675000 -0.3372160
v 0.1396795 0.0675000 0.3372160
v 0.1396795 0.0675000 0.3372160
v 0.1396795 0.1325000 -0.3372160
v 0.1396795 0.1325000 -0.3372160
v 0.1396795 0.1325000 0.3372160
v 0.1396795 0.1325000 0.3372160
v 0.1415929 0.8200000 -0.3418354
v 0.1415929 0.8200000 0.3418354
v 0.1444483 0.1000000 -0.2161821
v 0.1444483 0.1000000 -0.2161821
v 0.1444483 0.1000000 0.2161821
v 0.1444483 0.1000000 0.2161821
v 0.1492465 0.3100000 -0.3603130
v 0.1492465 0.3100000 0.3603130
v 0.1500119 0.4475000 -0.3621608
v 0.1500119 0.4475000 -0.3621608
v 0.1500119 0.4475000 0.3621608
v 0.1500119 0.4475000 0.3621608
v 0.1500119 0.5125000 -0.3621608
v 0.1500119 0.5125000 -0.3621608
v 0.1500119 0.5125000 0.3621608
v 0.1500119 0.5125000 0.3621608
v 0.1530734 0.5400000 -0.3695518
v 0.1530734 0.5400000 0.3695518
v 0.1555597 1.0000000 -0.2328115
v 0.1555597 1.0000000 -0.2328115
v 0.1555597 1.0000000 0.2328115
v 0.1555597 1.0000000 0.2328115
v 0.1591963 0.4475000 -0.3843339
v 0.1591963 0.4475000 -0.3843339
v 0.1591963 0.4475000 0.3843339
v 0.1591963 0.4475000 0.3843339
v 0.1591963 0.5125000 -0.3843339
v 0.1591963 0.5125000 -0.3843339
v 0.1591963 0.5125000 0.3843339
v 0.1591963 0.5125000 0.3843339
v 0.1611154 0.0000000 -0.2411262
v 0.1611154 0.0000000 -0.2411262
v 0.1611154 0.0000000 0.2411262
v 0.1611154 0.0000000 0.2411262
v 0.1777825 0.8000000 -0.2660703
v 0.1777825 0.8000000 0.2660703
v 0.1777825 1.0000000 -0.2660703
v 0.1777825 1.0000000 -0.2660703
v 0.1777825 1.0000000 0.2660703
v 0.1777825 1.0000000 0.2660703
v 0.1833382 0.2400000 -0.2743850
v 0.1833382 0.2400000 0.2743850
v 0.1838478 0.1000000 -0.1838478
v 0.1838478 0.1000000 -0.1838478
v 0.1838478 0.1000000 0.1838478
v 0.1838478 0.1000000 0.1838478
v 0.1844493 0.8775000 -0.2760479
v 0.1844493 0.8775000 -0.2760479
v 0.1844493 0.8775000 0.2760479
v 0.1844493 0.8775000 0.2760479
v 0.1844493 0.9425000 -0.2760479
v 0.1844493 0.9425000 -0.2760479
v 0.1844493 0.9425000 0.2760479
v 0.1844493 0.9425000 0.2760479
v 0.1888939 0.0400000 -0.2826997
v 0.1888939 0.0400000 0.2826997
v 0.1894494 0.0675000 -0.2835311
v 0.1894494 0.0675000 -0.2835311
v 0.1894494 0.0675000 0.2835311
v 0.1894494 0.0675000 0.2835311
v 0.1894494 0.1325000 -0.2835311
v 0.1894494 0.1325000 -0.2835311
v 0.1894494 0.1325000 0.2835311
v 0.1894494 0.1325000 0.2835311
v 0.1944496 0.5300000 -0.2910144
v 0.1944496 0.5300000 0.2910144
v 0.1977830 0.8775000 -0.2960032
v 0.1977830 0.8775000 -0.2960032
v 0.1977830 0.8775000 0.2960032
v 0.1977830 0.8775000 0.2960032
v 0.1977830 0.9425000 -0.2960032
v 0.1977830 0.9425000 -0.2960032
v 0.1977830 0.9425000 0.2960032
v 0.1977830 0.9425000 0.2960032
v 0.1979899 1.0000000 -0.1979899
v 0.1979899 1.0000000 -0.1979899
v 0.1979899 1.0000000 0.1979899
v 0.1979899 1.0000000 0.1979899
v 0.2027831 0.0675000 -0.3034864
v 0.2027831 0.0675000 -0.3034864
v 0.2027831 0.0675000 0.3034864
v 0.2027831 0.0675000 0.3034864
v 0.2027831 0.1325000 -0.3034864
v 0.2027831 0.1325000 -0.3034864
v 0.2027831 0.1325000 0.3034864
v 0.2027831 0.1325000 0.3034864
v 0.2050610 0.0000000 -0.2050610
v 0.2050610 0.0000000 -0.2050610
v 0.2050610 0.0000000 0.2050610
v 0.2050610 0.0000000 0.2050610
v 0.2055610 0.8200000 -0.3076438
v 0.2055610 0.8200000 0.3076438
v 0.2161821 0.1000000 -0.1444483
v 0.2161821 0.1000000 -0.1444483
v 0.2161821 0.1000000 0.1444483
v 0.2161821 0.1000000 0.1444483
v 0.2166724 0.3100000 -0.3242731
v 0.2166724 0.3100000 0.3242731
v 0.2177835 0.4475000 -0.3259361
v 0.2177835 0.4475000 -0.3259361
v 0.2177835 0.4475000 0.3259361
v 0.2177835 0.4475000 0.3259361
v 0.2177835 0.5125000 -0.3259361
v 0.2177835 0.5125000 -0.3259361
v 0.2177835 0.5125000 0.3259361
v 0.2177835 0.5125000 0.3259361
v 0.2222281 0.5400000 -0.3325878
v 0.2222281 0.5400000 0.3325878
v 0.2262742 0.8000000 -0.2262742
v 0.2262742 0.8000000 0.2262742
v 0.2262742 1.0000000 -0.2262742
v 0.2262742 1.0000000 -0.2262742
v 0.2262742 1.0000000 0.2262742
v 0.2262742 1.0000000 0.2262742
v 0.2311172 0.4475000 -0.3458914
v 0.2311172 0.4475000 -0.3458914
v 0.2311172 0.4475000 0.3458914
v 0.2311172 0.4475000 0.3458914
v 0.2311172 0.5125000 -0.3458914
v 0.2311172 0.5125000 -0.3458914
v 0.2311172 0.5125000 0.3458914
v 0.2311172 0.5125000 0.3458914
v 0.2328115 1.0000000 -0.1555597
v 0.2328115 1.0000000 -0.1555597
v 0.2328115 1.0000000 0.1555597
v 0.2328115 1.0000000 0.1555597
v 0.2333452 0.2400000 -0.2333452
v 0.2333452 0.2400000 0.2333452
v 0.2347595 0.8775000 -0.2347595
v 0.2347595 0.8775000 -0.2347595
v 0.2347595 0.8775000 0.2347595
v 0.2347595 0.8775000 0.2347595
v 0.2347595 0.9425000 -0.2347595
v 0.2347595 0.9425000 -0.2347595
v 0.2347595 0.9425000 0.2347595
v 0.2347595 0.9425000 0.2347595
v 0.2402087 0.1000000 -0.0994977
v 0.2402087 0.1000000 -0.0994977
v 0.2402087 0.1000000 0.0994977
v 0.2402087 0.1000000 0.0994977
v 0.2404163 0.0400000 -0.2404163
v 0.2404163 0.0400000 0.2404163
v 0.2411234 0.0675000 -0.2411234
v 0.2411234 0.0675000 -0.2411234
v 0.2411234 0.0675000 0.2411234
v 0.2411234 0.0675000 0.2411234
v 0.2411234 0.1325000 -0.2411234
v 0.2411234 0.1325000 -0.2411234
v 0.2411234 0.1325000 0.2411234
v 0.2411234 0.1325000 0.2411234
v 0.2411262 0.0000000 -0.1611154
v 0.2411262 0.0000000 -0.1611154
v 0.2411262 0.0000000 0.1611154
v 0.2411262 0.0000000 0.1611154
v 0.2474874 0.5300000 -0.2474874
v 0.2474874 0.5300000 0.2474874
v 0.2517300 0.8775000 -0.2517300
v 0.2517300 0.8775000 -0.2517300
v 0.2517300 0.8775000 0.2517300
v 0.2517300 0.8775000 0.2517300
v 0.2517300 0.9425000 -0.2517300
v 0.2517300 0.9425000 -0.2517300
v 0.2517300 0.9425000 0.2517300
v 0.2517300 0.9425000 0.2517300
v 0.2550042 0.1000000 -0.0507235
v 0.2550042 0.1000000 -0.0507235
v 0.2550042 0.1000000 0.0507235
v 0.2550042 0.1000000 0.0507235
v 0.2580940 0.0675000 -0.2580940
v 0.2580940 0.0675000 -0.2580940
v 0.2580940 0.0675000 0.2580940
v 0.2580940 0.0675000 0.2580940
v 0.2580940 0.1325000 -0.2580940
v 0.2580940 0.1325000 -0.2580940
v 0.2580940 0.1325000 0.2580940
v 0.2580940 0.1325000 0.2580940
v 0.2586863 1.0000000 -0.1071514
v 0.2586863 1.0000000 -0.1071514
v 0.2586863 1.0000000 0.1071514
v 0.2586863 1.0000000 0.1071514
v 0.2600000 0.1000000 0.0000000
v 0.2600000 0.1000000 -0.0000000
v 0.2600000 0.1000000 -0.0000000
v 0.2616295 0.8200000 -0.2616295
v 0.2616295 0.8200000 0.2616295
v 0.2660703 0.8000000 -0.1777825
v 0.2660703 0.8000000 0.1777825
v 0.2660703 1.0000000 -0.1777825
v 0.2660703 1.0000000 -0.1777825
v 0.2660703 1.0000000 0.1777825
v 0.2660703 1.0000000 0.1777825
v 0.2679251 0.0000000 -0.1109782
v 0.2679251 0.0000000 -0.1109782
v 0.2679251 0.0000000 0.1109782
v 0.2679251 0.0000000 0.1109782
v 0.2743850 0.2400000 -0.1833382
v 0.2743850 0.2400000 0.1833382
v 0.2746199 1.0000000 -0.0546253
v 0.2746199 1.0000000 -0.0546253
v 0.2746199 1.0000000 0.0546253
v 0.2746199 1.0000000 0.0546253
v 0.2757716 0.3100000 -0.2757716
v 0.2757716 0.3100000 0.2757716
v 0.2760479 0.8775000 -0.1844493
v 0.2760479 0.8775000 -0.1844493
v 0.2760479 0.8775000 0.1844493
v 0.2760479 0.8775000 0.1844493
v 0.2760479 0.9425000 -0.1844493
v 0.2760479 0.9425000 -0.1844493
v 0.2760479 0.9425000 0.1844493
v 0.2760479 0.9425000 0.1844493
v 0.2771859 0.4475000 -0.2771859
v 0.2771859 0.4475000 -0.2771859
v 0.2771859 0.4475000 0.2771859
v 0.2771859 0.4475000 0.2771859
v 0.2771859 0.5125000 -0.2771859
v 0.2771859 0.5125000 -0.2771859
v 0.2771859 0.5125000 0.2771859
v 0.2771859 0.5125000 0.2771859
v 0.2800000 1.0000000 0.0000000
v 0.2800000 1.0000000 -0.0000000
v 0.2800000 1.0000000 -0.0000000
v 0.2826997 0.0400000 -0.1888939
v 0.2826997 0.0400000 0.1888939
v 0.2828427 0.5400000 -0.2828427
v 0.2828427 0.5400000 0.2828427
v 0.2835311 0.0675000 -0.1894494
v 0.2835311 0.0675000 -0.1894494
v 0.2835311 0.0675000 0.1894494
v 0.2835311 0.0675000 0.1894494
v 0.2835311 0.1325000 -0.1894494
v 0.2835311 0.1325000 -0.1894494
v 0.2835311 0.1325000 0.1894494
v 0.2835311 0.1325000 0.1894494
v 0.2844277 0.0000000 -0.0565762
v 0.2844277 0.0000000 -0.0565762
v 0.2844277 0.0000000 0.0565762
v 0.2844277 0.0000000 0.0565762
v 0.2900000 0.0000000 0.0000000
v 0.2900000 0.0000000 0.0000000
v 0.2900000 0.0000000 -0.0000000
v 0.2910144 0.5300000 -0.1944496
v 0.2910144 0.5300000 0.1944496
v 0.2941564 0.4475000 -0.2941564
v 0.2941564 0.4475000 -0.2941564
v 0.2941564 0.4475000 0.2941564
v 0.2941564 0.4475000 0.2941564
v 0.2941564 0.5125000 -0.2941564
v 0.2941564 0.5125000 -0.2941564
v 0.2941564 0.5125000 0.2941564
v 0.2941564 0.5125000 0.2941564
v 0.2956415 0.8000000 -0.1224587
v 0.2956415 0.8000000 0.1224587
v 0.2956415 1.0000000 -0.1224587
v 0.2956415 1.0000000 -0.1224587
v 0.2956415 1.0000000 0.1224587
v 0.2956415 1.0000000 0.1224587
v 0.2960032 0.8775000 -0.1977830
v 0.2960032 0.8775000 -0.1977830
v 0.2960032 0.8775000 0.1977830
v 0.2960032 0.8775000 0.1977830
v 0.2960032 0.9425000 -0.1977830
v 0.2960032 0.9425000 -0.1977830
v 0.2960032 0.9425000 0.1977830
v 0.2960032 0.9425000 0.1977830
v 0.3034864 0.0675000 -0.2027831
v 0.3034864 0.0675000 -0.2027831
v 0.3034864 0.0675000 0.2027831
v 0.3034864 0.0675000 0.2027831
v 0.3034864 0.1325000 -0.2027831
v 0.3034864 0.1325000 -0.2027831
v 0.3034864 0.1325000 0.2027831
v 0.3034864 0.1325000 0.2027831
v 0.3048802 0.2400000 -0.1262855
v 0.3048802 0.2400000 0.1262855
v 0.3067280 0.8775000 -0.1270509
v 0.3067280 0.8775000 -0.1270509
v 0.3067280 0.8775000 0.1270509
v 0.3067280 0.8775000 0.1270509
v 0.3067280 0.9425000 -0.1270509
v 0.3067280 0.9425000 -0.1270509
v 0.3067280 0.9425000 0.1270509
v 0.3067280 0.9425000 0.1270509
v 0.3076438 0.8200000 -0.2055610
v 0.3076438 0.8200000 0.2055610
v 0.3138513 0.8000000 -0.0624289
v 0.3138513 0.8000000 0.0624289
v 0.3138513 1.0000000 -0.0624289
v 0.3138513 1.0000000 -0.0624289
v 0.3138513 1.0000000 0.0624289
v 0.3138513 1.0000000 0.0624289
v 0.3141190 0.0400000 -0.1301124
v 0.3141190 0.0400000 0.1301124
v 0.3150429 0.0675000 -0.1304951
v 0.3150429 0.0675000 -0.1304951
v 0.3150429 0.0675000 0.1304951
v 0.3150429 0.0675000 0.1304951
v 0.3150429 0.1325000 -0.1304951
v 0.3150429 0.1325000 -0.1304951
v 0.3150429 0.1325000 0.1304951
v 0.3150429 0.1325000 0.1304951
v 0.3200000 0.8000000 0.0000000
v 0.3200000 0.8000000 -0.0000000
v 0.3200000 1.0000000 0.0000000
v 0.3200000 1.0000000 0.0000000
v 0.3200000 1.0000000 -0.0000000
v 0.3233578 0.5300000 -0.1339392
v 0.3233578 0.5300000 0.1339392
v 0.3236591 0.2400000 -0.0643798
v 0.3236591 0.2400000 0.0643798
v 0.3242731 0.3100000 -0.2166724
v 0.3242731 0.3100000 0.2166724
v 0.3256207 0.8775000 -0.0647700
v 0.3256207 0.8775000 -0.0647700
v 0.3256207 0.8775000 0.0647700
v 0.3256207 0.8775000 0.0647700
v 0.3256207 0.9425000 -0.0647700
v 0.3256207 0.9425000 -0.0647700
v 0.3256207 0.9425000 0.0647700
v 0.3256207 0.9425000 0.0647700
v 0.3259361 0.4475000 -0.2177835
v 0.3259361 0.4475000 -0.2177835
v 0.3259361 0.4475000 0.2177835
v 0.3259361 0.4475000 0.2177835
v 0.3259361 0.5125000 -0.2177835
v 0.3259361 0.5125000 -0.2177835
v 0.3259361 0.5125000 0.2177835
v 0.3259361 0.5125000 0.2177835
v 0.3289011 0.8775000 -0.1362353
v 0.3289011 0.8775000 -0.1362353
v 0.3289011 0.8775000 0.1362353
v 0.3289011 0.8775000 0.1362353
v 0.3289011 0.9425000 -0.1362353
v 0.3289011 0.9425000 -0.1362353
v 0.3289011 0.9425000 0.1362353
v 0.3289011 0.9425000 0.1362353
v 0.3300000 0.2400000 0.0000000
v 0.3300000 0.2400000 -0.0000000
v 0.3320000 0.8775000 0.0000000
v 0.3320000 0.8775000 -0.0000000
v 0.3320000 0.8775000 0.0000000
v 0.3320000 0.9425000 0.0000000
v 0.3320000 0.9425000 -0.0000000
v 0.3320000 0.9425000 -0.0000000
v 0.3325878 0.5400000 -0.2222281
v 0.3325878 0.5400000 0.2222281
v 0.3334670 0.0400000 -0.0663307
v 0.3334670 0.0400000 0.0663307
v 0.3344478 0.0675000 -0.0665258
v 0.3344478 0.0675000 -0.0665258
v 0.3344478 0.0675000 0.0665258
v 0.3344478 0.0675000 0.0665258
v 0.3344478 0.1325000 -0.0665258
v 0.3344478 0.1325000 -0.0665258
v 0.3344478 0.1325000 0.0665258
v 0.3344478 0.1325000 0.0665258
v 0.3372160 0.0675000 -0.1396795
v 0.3372160 0.0675000 -0.1396795
v 0.3372160 0.0675000 0.1396795
v 0.3372160 0.0675000 0.1396795
v 0.3372160 0.1325000 -0.1396795
v 0.3372160 0.1325000 -0.1396795
v 0.3372160 0.1325000 0.1396795
v 0.3372160 0.1325000 0.1396795
v 0.3400000 0.0400000 0.0000000
v 0.3400000 0.0400000 -0.0000000
v 0.3410000 0.0675000 0.0000000
v 0.3410000 0.0675000 -0.0000000
v 0.3410000 0.0675000 -0.0000000
v 0.3410000 0.1325000 0.0000000
v 0.3410000 0.1325000 -0.0000000
v 0.3410000 0.1325000 0.0000000
v 0.3418354 0.8200000 -0.1415929
v 0.3418354 0.8200000 0.1415929
v 0.3432748 0.5300000 -0.0682816
v 0.3432748 0.5300000 0.0682816
v 0.3458914 0.4475000 -0.2311172
v 0.3458914 0.4475000 -0.2311172
v 0.3458914 0.4475000 0.2311172
v 0.3458914 0.4475000 0.2311172
v 0.3458914 0.5125000 -0.2311172
v 0.3458914 0.5125000 -0.2311172
v 0.3458914 0.5125000 0.2311172
v 0.3458914 0.5125000 0.2311172
v 0.3491596 0.8775000 -0.0694522
v 0.3491596 0.8775000 -0.0694522
v 0.3491596 0.8775000 0.0694522
v 0.3491596 0.8775000 0.0694522
v 0.3491596 0.9425000 -0.0694522
v 0.3491596 0.9425000 -0.0694522
v 0.3491596 0.9425000 0.0694522
v 0.3491596 0.9425000 0.0694522
v 0.3500000 0.5300000 0.0000000
v 0.3500000 0.5300000 -0.0000000
v 0.3560000 0.8775000 -0.0000000
v 0.3560000 0.8775000 0.0000000
v 0.3560000 0.8775000 -0.0000000
v 0.3560000 0.9425000 0.0000000
v 0.3560000 0.9425000 0.0000000
v 0.3560000 0.9425000 -0.0000000
v 0.3579866 0.0675000 -0.0712080
v 0.3579866 0.0675000 -0.0712080
v 0.3579866 0.0675000 0.0712080
v 0.3579866 0.0675000 0.0712080
v 0.3579866 0.1325000 -0.0712080
v 0.3579866 0.1325000 -0.0712080
v 0.3579866 0.1325000 0.0712080
v 0.3579866 0.1325000 0.0712080
v 0.3603130 0.3100000 -0.1492465
v 0.3603130 0.3100000 0.1492465
v 0.3621608 0.4475000 -0.1500119
v 0.3621608 0.4475000 -0.1500119
v 0.3621608 0.4475000 0.1500119
v 0.3621608 0.4475000 0.1500119
v 0.3621608 0.5125000 -0.1500119
v 0.3621608 0.5125000 -0.1500119
v 0.3621608 0.5125000 0.1500119
v 0.3621608 0.5125000 0.1500119
v 0.3628906 0.8200000 -0.0721834
v 0.3628906 0.8200000 0.0721834
v 0.3650000 0.0675000 -0.0000000
v 0.3650000 0.0675000 0.0000000
v 0.3650000 0.0675000 -0.0000000
v 0.3650000 0.1325000 0.0000000
v 0.3650000 0.1325000 0.0000000
v 0.3650000 0.1325000 -0.0000000
v 0.3695518 0.5400000 -0.1530734
v 0.3695518 0.5400000 0.1530734
v 0.3700000 0.8200000 0.0000000
v 0.3700000 0.8200000 -0.0000000
v 0.3825063 0.3100000 -0.0760852
v 0.3825063 0.3100000 0.0760852
v 0.3843339 0.4475000 -0.1591963
v 0.3843339 0.4475000 -0.1591963
v 0.3843339 0.4475000 0.1591963
v 0.3843339 0.4475000 0.1591963
v 0.3843339 0.5125000 -0.1591963
v 0.3843339 0.5125000 -0.1591963
v 0.3843339 0.5125000 0.1591963
v 0.3843339 0.5125000 0.1591963
v 0.3844678 0.4475000 -0.0764754
v 0.3844678 0.4475000 -0.0764754
v 0.3844678 0.4475000 0.0764754
v 0.3844678 0.4475000 0.0764754
v 0.3844678 0.5125000 -0.0764754
v 0.3844678 0.5125000 -0.0764754
v 0.3844678 0.5125000 0.0764754
v 0.3844678 0.5125000 0.0764754
v 0.3900000 0.3100000 0.0000000
v 0.3900000 0.3100000 -0.0000000
v 0.3920000 0.4475000 0.0000000
v 0.3920000 0.4475000 -0.0000000
v 0.3920000 0.4475000 -0.0000000
v 0.3920000 0.5125000 0.0000000
v 0.3920000 0.5125000 -0.0000000
v 0.3920000 0.5125000 0.0000000
v 0.3923141 0.5400000 -0.0780361
v 0.3923141 0.5400000 0.0780361
v 0.4000000 0.5400000 0.0000000
v 0.4000000 0.5400000 -0.0000000
v 0.4080067 0.4475000 -0.0811576
v 0.4080067 0.4475000 -0.0811576
v 0.4080067 0.4475000 0.0811576
v 0.4080067 0.4475000 0.0811576
v 0.4080067 0.5125000 -0.0811576
v 0.4080067 0.5125000 -0.0811576
v 0.4080067 0.5125000 0.0811576
v 0.4080067 0.5125000 0.0811576
v 0.4160000 0.4475000 -0.0000000
v 0.4160000 0.4475000 0.0000000
v 0.4160000 0.4475000 -0.0000000
v 0.4160000 0.5125000 0.0000000
v 0.4160000 0.5125000 0.0000000
v 0.4160000 0.5125000 -0.0000000
vt 0.5000000 -0.0203125
vt 0.0000000 0.5000000
vt 0.5000000 0.0203125
vt 0.0000000 0.5000000
vt 0.5312500 -0.0203125
vt 0.0096074 0.4024548
vt 0.4687500 -0.0203125
vt 0.0096074 0.5975452
vt 0.5312500 0.0203125
vt 0.0096074 0.4024548
vt 0.4687500 0.0203125
vt 0.0096074 0.5975452
vt 0.5000000 0.3625000
vt 0.5312500 0.3625000
vt 0.4687500 0.3625000
vt 0.0288462 0.5000000
vt 0.5000000 -0.0203125
vt 0.0288462 0.5000000
vt 0.5000000 0.0203125
vt 0.5000000 0.2187500
vt 0.0378992 0.4080824
vt 0.5312500 -0.0203125
vt 0.0378992 0.5919176
vt 0.4687500 -0.0203125
vt 0.0378992 0.4080824
vt 0.5312500 0.0203125
vt 0.0378992 0.5919176
vt 0.4687500 0.0203125
vt 0.5625000 -0.0203125
vt 0.0380602 0.3086583
vt 0.4375000 -0.0203125
vt 0.0380602 0.6913417
vt 0.5625000 0.0203125
vt 0.0380602 0.3086583
vt 0.4375000 0.0203125
vt 0.0380602 0.6913417
vt 0.5312500 0.2187500
vt 0.4687500 0.2187500
vt 0.5000000 0.5375000
vt 0.5625000 0.3625000
vt 0.4375000 0.3625000
vt 0.5000000 -0.0203125
vt 0.0000000 0.5000000
vt 0.5000000 0.0203125
vt 0.0000000 0.5000000
vt 0.5312500 0.5375000
vt 0.4687500 0.5375000
vt 0.0647106 0.3196972
vt 0.5625000 -0.0203125
vt 0.0647106 0.6803028
vt 0.4375000 -0.0203125
vt 0.0647106 0.3196972
vt 0.5625000 0.0203125
vt 0.0647106 0.6803028
vt 0.4375000 0.0203125
vt 0.5625000 0.2187500
vt 0.4375000 0.2187500
vt 0.5312500 -0.0203125
vt 0.0096074 0.4024548
vt 0.4687500 -0.0203125
vt 0.0096074 0.5975452
vt 0.5312500 0.0203125
vt 0.0096074 0.4024548
vt 0.4687500 0.0203125
vt 0.0096074 0.5975452
vt 0.5000000 -0.0203125
vt 0.0000000 0.5000000
vt 0.5000000 0.0203125
vt 0.0000000 0.5000000
vt 0.5000000 0.3562500
vt 0.5312500 -0.0203125
vt 0.0096074 0.4024548
vt 0.4687500 -0.0203125
vt 0.0096074 0.5975452
vt 0.5312500 0.0203125
vt 0.0096074 0.4024548
vt 0.4687500 0.0203125
vt 0.0096074 0.5975452
vt 0.5937500 -0.0203125
vt 0.0842652 0.2222149
vt 0.4062500 -0.0203125
vt 0.0842652 0.7777851
vt 0.5937500 0.0203125
vt 0.0842652 0.2222149
vt 0.4062500 0.0203125
vt 0.0842652 0.7777851
vt 0.5312500 0.3562500
vt 0.4687500 0.3562500
vt 0.5625000 0.5375000
vt 0.4375000 0.5375000
vt 0.0328767 0.5000000
vt 0.5000000 -0.0203125
vt 0.0328767 0.5000000
vt 0.5000000 0.0203125
vt 0.5000000 0.0500000
vt 0.5625000 -0.0203125
vt 0.0380602 0.3086583
vt 0.4375000 -0.0203125
vt 0.0380602 0.6913417
vt 0.5625000 0.0203125
vt 0.0380602 0.3086583
vt 0.4375000 0.0203125
vt 0.0380602 0.6913417
vt 0.0418524 0.4088688
vt 0.5312500 -0.0203125
vt 0.0418524 0.5911312
vt 0.4687500 -0.0203125
vt 0.0418524 0.4088688
vt 0.5312500 0.0203125
vt 0.0418524 0.5911312
vt 0.4687500 0.0203125
vt 0.5312500 0.0500000
vt 0.4687500 0.0500000
vt 0.5937500 0.3625000
vt 0.4062500 0.3625000
vt 0.0337079 0.5000000
vt 0.5000000 -0.0203125
vt 0.0337079 0.5000000
vt 0.5000000 0.0203125
vt 0.5000000 0.1750000
vt 0.5625000 -0.0203125
vt 0.0380602 0.3086583
vt 0.4375000 -0.0203125
vt 0.0380602 0.6913417
vt 0.5625000 0.0203125
vt 0.0380602 0.3086583
vt 0.4375000 0.0203125
vt 0.0380602 0.6913417
vt 0.1082499 0.2382409
vt 0.5937500 -0.0203125
vt 0.1082499 0.7617591
vt 0.4062500 -0.0203125
vt 0.1082499 0.2382409
vt 0.5937500 0.0203125
vt 0.1082499 0.7617591
vt 0.4062500 0.0203125
vt 0.0426675 0.4090309
vt 0.5312500 -0.0203125
vt 0.0426675 0.5909691
vt 0.4687500 -0.0203125
vt 0.0426675 0.4090309
vt 0.5312500 0.0203125
vt 0.0426675 0.5909691
vt 0.4687500 0.0203125
vt 0.5937500 0.2187500
vt 0.4062500 0.2187500
vt 0.5312500 0.1750000
vt 0.4687500 0.1750000
vt 0.5625000 0.3562500
vt 0.4375000 0.3562500
vt 0.5000000 0.5250000
vt 0.5000000 0.6500000
vt 0.1000000 0.5000000
vt 0.0684344 0.3212397
vt 0.5625000 -0.0203125
vt 0.0684344 0.6787603
vt 0.4375000 -0.0203125
vt 0.0684344 0.3212397
vt 0.5625000 0.0203125
vt 0.0684344 0.6787603
vt 0.4375000 0.0203125
vt 0.5625000 0.0500000
vt 0.4375000 0.0500000
vt 0.5312500 0.5250000
vt 0.4687500 0.5250000
vt 0.5312500 0.6500000
vt 0.1076859 0.4219639
vt 0.4687500 0.6500000
vt 0.1076859 0.5780361
vt 0.5937500 0.5375000
vt 0.4062500 0.5375000
vt 0.0692022 0.3215577
vt 0.5625000 -0.0203125
vt 0.0692022 0.6784423
vt 0.4375000 -0.0203125
vt 0.0692022 0.3215577
vt 0.5625000 0.0203125
vt 0.0692022 0.6784423
vt 0.4375000 0.0203125
vt 0.5625000 0.1750000
vt 0.4375000 0.1750000
vt 0.5937500 -0.0203125
vt 0.0842652 0.2222149
vt 0.4062500 -0.0203125
vt 0.0842652 0.7777851
vt 0.5937500 0.0203125
vt 0.0842652 0.2222149
vt 0.4062500 0.0203125
vt 0.0842652 0.7777851
vt 0.5937500 -0.0203125
vt 0.0842652 0.2222149
vt 0.4062500 -0.0203125
vt 0.0842652 0.7777851
vt 0.5937500 0.0203125
vt 0.0842652 0.2222149
vt 0.4062500 0.0203125
vt 0.0842652 0.7777851
vt 0.5625000 0.5250000
vt 0.4375000 0.5250000
vt 0.5625000 0.6500000
vt 0.1304482 0.3469266
vt 0.4375000 0.6500000
vt 0.1304482 0.6530734
vt 0.6250000 -0.0203125
vt 0.1464466 0.1464466
vt 0.3750000 -0.0203125
vt 0.1464466 0.8535534
vt 0.6250000 0.0203125
vt 0.1464466 0.1464466
vt 0.3750000 0.0203125
vt 0.1464466 0.8535534
vt 0.5937500 0.3562500
vt 0.4062500 0.3562500
vt 0.1375000 0.5000000
vt 0.5000000 0.0250000
vt 0.1444653 0.4292798
vt 0.5312500 0.0250000
vt 0.1444653 0.5707202
vt 0.4687500 0.0250000
vt 0.1116012 0.2404802
vt 0.5937500 -0.0203125
vt 0.1116012 0.7595198
vt 0.4062500 -0.0203125
vt 0.1116012 0.2404802
vt 0.5937500 0.0203125
vt 0.1116012 0.7595198
vt 0.4062500 0.0203125
vt 0.6250000 0.3625000
vt 0.3750000 0.3625000
vt 0.5937500 0.0500000
vt 0.4062500 0.0500000
vt 0.1500000 0.5000000
vt 0.5000000 0.6500000
vt 0.1668439 0.1668439
vt 0.6250000 -0.0203125
vt 0.1668439 0.8331561
vt 0.3750000 -0.0203125
vt 0.1668439 0.1668439
vt 0.6250000 0.0203125
vt 0.1668439 0.8331561
vt 0.3750000 0.0203125
vt 0.1122923 0.2409420
vt 0.5937500 -0.0203125
vt 0.1122923 0.7590580
vt 0.4062500 -0.0203125
vt 0.1122923 0.2409420
vt 0.5937500 0.0203125
vt 0.1122923 0.7590580
vt 0.4062500 0.0203125
vt 0.6250000 0.2187500
vt 0.3750000 0.2187500
vt 0.1567252 0.4317184
vt 0.5312500 0.6500000
vt 0.1567252 0.5682816
vt 0.4687500 0.6500000
vt 0.5937500 0.1750000
vt 0.4062500 0.1750000
vt 0.1650937 0.3612773
vt 0.5625000 0.0250000
vt 0.1650937 0.6387227
vt 0.4375000 0.0250000
vt 0.5937500 0.5250000
vt 0.4062500 0.5250000
vt 0.5937500 0.6500000
vt 0.1674122 0.2777719
vt 0.4062500 0.6500000
vt 0.1674122 0.7222281
vt 0.6250000 0.5375000
vt 0.3750000 0.5375000
vt 0.1750000 0.5000000
vt 0.5000000 0.0875000
vt 0.1766422 0.3660608
vt 0.5625000 0.6500000
vt 0.1766422 0.6339392
vt 0.4375000 0.6500000
vt 0.6250000 -0.0203125
vt 0.1464466 0.1464466
vt 0.3750000 -0.0203125
vt 0.1464466 0.8535534
vt 0.6250000 0.0203125
vt 0.1464466 0.1464466
vt 0.3750000 0.0203125
vt 0.1464466 0.8535534
vt 0.1812448 0.4365956
vt 0.5312500 0.0875000
vt 0.1812448 0.5634044
vt 0.4687500 0.0875000
vt 0.6250000 -0.0203125
vt 0.1464466 0.1464466
vt 0.3750000 -0.0203125
vt 0.1464466 0.8535534
vt 0.6250000 0.0203125
vt 0.1464466 0.1464466
vt 0.3750000 0.0203125
vt 0.1464466 0.8535534
vt 0.6250000 0.3562500
vt 0.3750000 0.3562500
vt 0.1985923 0.2986058
vt 0.5937500 0.0250000
vt 0.1985923 0.7013942
vt 0.4062500 0.0250000
vt 0.1696940 0.1696940
vt 0.6250000 -0.0203125
vt 0.1696940 0.8303060
vt 0.3750000 -0.0203125
vt 0.1696940 0.1696940
vt 0.6250000 0.0203125
vt 0.1696940 0.8303060
vt 0.3750000 0.0203125
vt 0.6250000 0.0500000
vt 0.3750000 0.0500000
vt 0.1997392 0.3756279
vt 0.5625000 0.0875000
vt 0.1997392 0.6243721
vt 0.4375000 0.0875000
vt 0.1702817 0.1702817
vt 0.6250000 -0.0203125
vt 0.1702817 0.8297183
vt 0.3750000 -0.0203125
vt 0.1702817 0.1702817
vt 0.6250000 0.0203125
vt 0.1702817 0.8297183
vt 0.3750000 0.0203125
vt 0.6250000 0.1750000
vt 0.3750000 0.1750000
vt 0.2089856 0.3055504
vt 0.5937500 0.6500000
vt 0.2089856 0.6944496
vt 0.4062500 0.6500000
vt 0.6562500 -0.0203125
vt 0.2222149 0.0842652
vt 0.3437500 -0.0203125
vt 0.2222149 0.9157348
vt 0.6562500 0.0203125
vt 0.2222149 0.0842652
vt 0.3437500 0.0203125
vt 0.2222149 0.9157348
vt 0.6250000 0.5250000
vt 0.3750000 0.5250000
vt 0.6250000 0.6500000
vt 0.2171573 0.2171573
vt 0.3750000 0.6500000
vt 0.2171573 0.7828427
vt 0.6562500 0.3625000
vt 0.3437500 0.3625000
vt 0.2382409 0.1082499
vt 0.6562500 -0.0203125
vt 0.2382409 0.8917501
vt 0.3437500 -0.0203125
vt 0.2382409 0.1082499
vt 0.6562500 0.0203125
vt 0.2382409 0.8917501
vt 0.3437500 0.0203125
vt 0.6562500 0.2187500
vt 0.3437500 0.2187500
vt 0.2297724 0.3194397
vt 0.5937500 0.0875000
vt 0.2297724 0.6805603
vt 0.4062500 0.0875000
vt 0.6562500 0.5375000
vt 0.3437500 0.5375000
vt 0.2436738 0.2436738
vt 0.6250000 0.0250000
vt 0.2436738 0.7563262
vt 0.3750000 0.0250000
vt 0.6562500 -0.0203125
vt 0.2222149 0.0842652
vt 0.3437500 -0.0203125
vt 0.2222149 0.9157348
vt 0.6562500 0.0203125
vt 0.2222149 0.0842652
vt 0.3437500 0.0203125
vt 0.2222149 0.9157348
vt 0.2525126 0.2525126
vt 0.6250000 0.6500000
vt 0.2525126 0.7474874
vt 0.3750000 0.6500000
vt 0.6562500 -0.0203125
vt 0.2222149 0.0842652
vt 0.3437500 -0.0203125
vt 0.2222149 0.9157348
vt 0.6562500 0.0203125
vt 0.2222149 0.0842652
vt 0.3437500 0.0203125
vt 0.2222149 0.9157348
vt 0.6562500 0.3562500
vt 0.3437500 0.3562500
vt 0.2404802 0.1116012
vt 0.6562500 -0.0203125
vt 0.2404802 0.8883988
vt 0.3437500 -0.0203125
vt 0.2404802 0.1116012
vt 0.6562500 0.0203125
vt 0.2404802 0.8883988
vt 0.3437500 0.0203125
vt 0.6562500 0.0500000
vt 0.3437500 0.0500000
vt 0.2409420 0.1122923
vt 0.6562500 -0.0203125
vt 0.2409420 0.8877077
vt 0.3437500 -0.0203125
vt 0.2409420 0.1122923
vt 0.6562500 0.0203125
vt 0.2409420 0.8877077
vt 0.3437500 0.0203125
vt 0.2701903 0.2701903
vt 0.6250000 0.0875000
vt 0.2701903 0.7298097
vt 0.3750000 0.0875000
vt 0.6562500 0.1750000
vt 0.3437500 0.1750000
vt 0.6562500 0.5250000
vt 0.3437500 0.5250000
vt 0.6562500 0.6500000
vt 0.2777719 0.1674122
vt 0.3437500 0.6500000
vt 0.2777719 0.8325878
vt 0.2986058 0.1985923
vt 0.6562500 0.0250000
vt 0.2986058 0.8014077
vt 0.3437500 0.0250000
vt 0.6875000 -0.0203125
vt 0.3086583 0.0380602
vt 0.3125000 -0.0203125
vt 0.3086583 0.9619398
vt 0.6875000 0.0203125
vt 0.3086583 0.0380602
vt 0.3125000 0.0203125
vt 0.3086583 0.9619398
vt 0.3055504 0.2089856
vt 0.6562500 0.6500000
vt 0.3055504 0.7910144
vt 0.3437500 0.6500000
vt 0.6875000 0.3625000
vt 0.3125000 0.3625000
vt 0.3196972 0.0647106
vt 0.6875000 -0.0203125
vt 0.3196972 0.9352894
vt 0.3125000 -0.0203125
vt 0.3196972 0.0647106
vt 0.6875000 0.0203125
vt 0.3196972 0.9352894
vt 0.3125000 0.0203125
vt 0.6875000 0.2187500
vt 0.3125000 0.2187500
vt 0.3194397 0.2297724
vt 0.6562500 0.0875000
vt 0.3194397 0.7702276
vt 0.3437500 0.0875000
vt 0.6875000 0.5375000
vt 0.3125000 0.5375000
vt 0.6875000 -0.0203125
vt 0.3086583 0.0380602
vt 0.3125000 -0.0203125
vt 0.3086583 0.9619398
vt 0.6875000 0.0203125
vt 0.3086583 0.0380602
vt 0.3125000 0.0203125
vt 0.3086583 0.9619398
vt 0.6875000 -0.0203125
vt 0.3086583 0.0380602
vt 0.3125000 -0.0203125
vt 0.3086583 0.9619398
vt 0.6875000 0.0203125
vt 0.3086583 0.0380602
vt 0.3125000 0.0203125
vt 0.3086583 0.9619398
vt 0.6875000 0.3562500
vt 0.3125000 0.3562500
vt 0.3212397 0.0684344
vt 0.6875000 -0.0203125
vt 0.3212397 0.9315656
vt 0.3125000 -0.0203125
vt 0.3212397 0.0684344
vt 0.6875000 0.0203125
vt 0.3212397 0.9315656
vt 0.3125000 0.0203125
vt 0.6875000 0.0500000
vt 0.3125000 0.0500000
vt 0.3215577 0.0692022
vt 0.6875000 -0.0203125
vt 0.3215577 0.9307978
vt 0.3125000 -0.0203125
vt 0.3215577 0.0692022
vt 0.6875000 0.0203125
vt 0.3215577 0.9307978
vt 0.3125000 0.0203125
vt 0.6875000 0.1750000
vt 0.3125000 0.1750000
vt 0.6875000 0.5250000
vt 0.3125000 0.5250000
vt 0.6875000 0.6500000
vt 0.3469266 0.1304482
vt 0.3125000 0.6500000
vt 0.3469266 0.8695518
vt 0.3612773 0.1650937
vt 0.6875000 0.0250000
vt 0.3125000 0.0250000
vt 0.3612773 0.8349063
vt 0.3660608 0.1766422
vt 0.6875000 0.6500000
vt 0.3660608 0.8233578
vt 0.3125000 0.6500000
vt 0.3756279 0.1997392
vt 0.6875000 0.0875000
vt 0.3756279 0.8002608
vt 0.3125000 0.0875000
vt 0.7187500 -0.0203125
vt 0.4024548 0.0096074
vt 0.2812500 -0.0203125
vt 0.4024548 0.9903926
vt 0.7187500 0.0203125
vt 0.4024548 0.0096074
vt 0.2812500 0.0203125
vt 0.4024548 0.9903926
vt 0.7187500 0.3625000
vt 0.2812500 0.3625000
vt 0.4080824 0.0378992
vt 0.7187500 -0.0203125
vt 0.4080824 0.9621008
vt 0.2812500 -0.0203125
vt 0.4080824 0.0378992
vt 0.7187500 0.0203125
vt 0.4080824 0.9621008
vt 0.2812500 0.0203125
vt 0.7187500 0.2187500
vt 0.2812500 0.2187500
vt 0.7187500 0.5375000
vt 0.2812500 0.5375000
vt 0.7187500 -0.0203125
vt 0.4024548 0.0096074
vt 0.2812500 -0.0203125
vt 0.4024548 0.9903926
vt 0.7187500 0.0203125
vt 0.4024548 0.0096074
vt 0.2812500 0.0203125
vt 0.4024548 0.9903926
vt 0.7187500 -0.0203125
vt 0.4024548 0.0096074
vt 0.2812500 -0.0203125
vt 0.4024548 0.9903926
vt 0.7187500 0.0203125
vt 0.4024548 0.0096074
vt 0.2812500 0.0203125
vt 0.4024548 0.9903926
vt 0.7187500 0.3562500
vt 0.2812500 0.3562500
vt 0.4088688 0.0418524
vt 0.7187500 -0.0203125
vt 0.4088688 0.9581476
vt 0.2812500 -0.0203125
vt 0.4088688 0.0418524
vt 0.7187500 0.0203125
vt 0.4088688 0.9581476
vt 0.2812500 0.0203125
vt 0.7187500 0.0500000
vt 0.2812500 0.0500000
vt 0.4090309 0.0426675
vt 0.7187500 -0.0203125
vt 0.4090309 0.9573325
vt 0.2812500 -0.0203125
vt 0.4090309 0.0426675
vt 0.7187500 0.0203125
vt 0.4090309 0.9573325
vt 0.2812500 0.0203125
vt 0.7187500 0.1750000
vt 0.2812500 0.1750000
vt 0.7187500 0.5250000
vt 0.2812500 0.5250000
vt 0.7187500 0.6500000
vt 0.4219639 0.1076859
vt 0.2812500 0.6500000
vt 0.4219639 0.8923141
vt 0.4292798 0.1444653
vt 0.7187500 0.0250000
vt 0.2812500 0.0250000
vt 0.4292798 0.8555347
vt 0.4317184 0.1567252
vt 0.7187500 0.6500000
vt 0.4317184 0.8432748
vt 0.2812500 0.6500000
vt 0.4365956 0.1812448
vt 0.7187500 0.0875000
vt 0.4365956 0.8187552
vt 0.2812500 0.0875000
vt 0.5000000 0.1375000
vt 0.7500000 0.0250000
vt 0.5000000 0.5000000
vt 0.2500000 0.0250000
vt 0.5000000 0.8625000
vt 0.7500000 0.0500000
vt 0.2500000 0.0500000
vt 0.5000000 0.0000000
vt 0.7500000 -0.0203125
vt 0.5000000 0.0328767
vt 0.7500000 -0.0203125
vt 0.5000000 0.9671233
vt 0.2500000 -0.0203125
vt 0.5000000 1.0000000
vt 0.2500000 -0.0203125
vt 0.7500000 0.0875000
vt 0.5000000 0.1750000
vt 0.5000000 0.5000000
vt 0.2500000 0.0875000
vt 0.5000000 0.8250000
vt 0.7500000 0.0203125
vt 0.5000000 0.0000000
vt 0.7500000 0.0203125
vt 0.5000000 0.0328767
vt 0.2500000 0.0203125
vt 0.5000000 0.9671233
vt 0.2500000 0.0203125
vt 0.5000000 1.0000000
vt 0.7500000 0.1750000
vt 0.2500000 0.1750000
vt 0.7500000 0.2187500
vt 0.2500000 0.2187500
vt 0.5000000 0.0000000
vt 0.7500000 -0.0203125
vt 0.5000000 0.0288462
vt 0.7500000 -0.0203125
vt 0.5000000 0.9711538
vt 0.2500000 -0.0203125
vt 0.5000000 1.0000000
vt 0.2500000 -0.0203125
vt 0.7500000 0.0203125
vt 0.5000000 0.0000000
vt 0.7500000 0.0203125
vt 0.5000000 0.0288462
vt 0.2500000 0.0203125
vt 0.5000000 0.9711538
vt 0.2500000 0.0203125
vt 0.5000000 1.0000000
vt 0.7500000 0.3562500
vt 0.2500000 0.3562500
vt 0.7500000 0.3625000
vt 0.2500000 0.3625000
vt 0.7500000 0.5250000
vt 0.2500000 0.5250000
vt 0.7500000 0.5375000
vt 0.2500000 0.5375000
vt 0.5000000 0.0000000
vt 0.7500000 -0.0203125
vt 0.5000000 0.0337079
vt 0.7500000 -0.0203125
vt 0.5000000 0.9662921
vt 0.2500000 -0.0203125
vt 0.5000000 1.0000000
vt 0.2500000 -0.0203125
vt 0.7500000 0.0203125
vt 0.5000000 0.0000000
vt 0.7500000 0.0203125
vt 0.5000000 0.0337079
vt 0.2500000 0.0203125
vt 0.5000000 0.9662921
vt 0.2500000 0.0203125
vt 0.5000000 1.0000000
vt 0.7500000 0.6500000
vt 0.5000000 0.1000000
vt 0.7500000 0.6500000
vt 0.5000000 0.1500000
vt 0.2500000 0.6500000
vt 0.5000000 0.8500000
vt 0.2500000 0.6500000
vt 0.5000000 0.9000000
vt 0.7812500 0.0875000
vt 0.5634044 0.1812448
vt 0.2187500 0.0875000
vt 0.5634044 0.8187552
vt 0.7812500 0.6500000
vt 0.5682816 0.1567252
vt 0.2187500 0.6500000
vt 0.5682816 0.8432748
vt 0.5707202 0.1444653
vt 0.7812500 0.0250000
vt 0.2187500 0.0250000
vt 0.5707202 0.8555347
vt 0.7812500 0.5250000
vt 0.2187500 0.5250000
vt 0.5780361 0.1076859
vt 0.7812500 0.6500000
vt 0.5780361 0.8923141
vt 0.2187500 0.6500000
vt 0.7812500 0.1750000
vt 0.2187500 0.1750000
vt 0.7812500 -0.0203125
vt 0.5909691 0.0426675
vt 0.2187500 -0.0203125
vt 0.5909691 0.9573325
vt 0.7812500 0.0203125
vt 0.5909691 0.0426675
vt 0.2187500 0.0203125
vt 0.5909691 0.9573325
vt 0.7812500 0.0500000
vt 0.2187500 0.0500000
vt 0.7812500 -0.0203125
vt 0.5911312 0.0418524
vt 0.2187500 -0.0203125
vt 0.5911312 0.9581476
vt 0.7812500 0.0203125
vt 0.5911312 0.0418524
vt 0.2187500 0.0203125
vt 0.5911312 0.9581476
vt 0.7812500 0.3562500
vt 0.2187500 0.3562500
vt 0.5975452 0.0096074
vt 0.7812500 -0.0203125
vt 0.5975452 0.9903926
vt 0.2187500 -0.0203125
vt 0.5975452 0.0096074
vt 0.7812500 0.0203125
vt 0.5975452 0.9903926
vt 0.2187500 0.0203125
vt 0.5975452 0.0096074
vt 0.7812500 -0.0203125
vt 0.5975452 0.9903926
vt 0.2187500 -0.0203125
vt 0.5975452 0.0096074
vt 0.7812500 0.0203125
vt 0.5975452 0.9903926
vt 0.2187500 0.0203125
vt 0.7812500 0.5375000
vt 0.2187500 0.5375000
vt 0.7812500 0.2187500
vt 0.2187500 0.2187500
vt 0.7812500 -0.0203125
vt 0.5919176 0.0378992
vt 0.2187500 -0.0203125
vt 0.5919176 0.9621008
vt 0.7812500 0.0203125
vt 0.5919176 0.0378992
vt 0.2187500 0.0203125
vt 0.5919176 0.9621008
vt 0.7812500 0.3625000
vt 0.2187500 0.3625000
vt 0.5975452 0.0096074
vt 0.7812500 -0.0203125
vt 0.5975452 0.9903926
vt 0.2187500 -0.0203125
vt 0.5975452 0.0096074
vt 0.7812500 0.0203125
vt 0.5975452 0.9903926
vt 0.2187500 0.0203125
vt 0.8125000 0.0875000
vt 0.6243721 0.1997392
vt 0.1875000 0.0875000
vt 0.6243721 0.8002608
vt 0.8125000 0.6500000
vt 0.6339392 0.1766422
vt 0.1875000 0.6500000
vt 0.6339392 0.8233578
vt 0.6387227 0.1650937
vt 0.8125000 0.0250000
vt 0.1875000 0.0250000
vt 0.6387227 0.8349063
vt 0.8125000 0.5250000
vt 0.1875000 0.5250000
vt 0.6530734 0.1304482
vt 0.8125000 0.6500000
vt 0.6530734 0.8695518
vt 0.1875000 0.6500000
vt 0.8125000 0.1750000
vt 0.1875000 0.1750000
vt 0.8125000 -0.0203125
vt 0.6784423 0.0692022
vt 0.1875000 -0.0203125
vt 0.6784423 0.9307978
vt 0.8125000 0.0203125
vt 0.6784423 0.0692022
vt 0.1875000 0.0203125
vt 0.6784423 0.9307978
vt 0.8125000 0.0500000
vt 0.1875000 0.0500000
vt 0.8125000 -0.0203125
vt 0.6787603 0.0684344
vt 0.1875000 -0.0203125
vt 0.6787603 0.9315656
vt 0.8125000 0.0203125
vt 0.6787603 0.0684344
vt 0.1875000 0.0203125
vt 0.6787603 0.9315656
vt 0.8125000 0.3562500
vt 0.1875000 0.3562500
vt 0.6913417 0.0380602
vt 0.8125000 -0.0203125
vt 0.6913417 0.9619398
vt 0.1875000 -0.0203125
vt 0.6913417 0.0380602
vt 0.8125000 0.0203125
vt 0.6913417 0.9619398
vt 0.1875000 0.0203125
vt 0.6913417 0.0380602
vt 0.8125000 -0.0203125
vt 0.6913417 0.9619398
vt 0.1875000 -0.0203125
vt 0.6913417 0.0380602
vt 0.8125000 0.0203125
vt 0.6913417 0.9619398
vt 0.1875000 0.0203125
vt 0.8125000 0.5375000
vt 0.1875000 0.5375000
vt 0.8437500 0.0875000
vt 0.6805603 0.2297724
vt 0.1562500 0.0875000
vt 0.6805603 0.7702276
vt 0.8125000 0.2187500
vt 0.1875000 0.2187500
vt 0.8125000 -0.0203125
vt 0.6803028 0.0647106
vt 0.1875000 -0.0203125
vt 0.6803028 0.9352894
vt 0.8125000 0.0203125
vt 0.6803028 0.0647106
vt 0.1875000 0.0203125
vt 0.6803028 0.9352894
vt 0.8125000 0.3625000
vt 0.1875000 0.3625000
vt 0.8437500 0.6500000
vt 0.6944496 0.2089856
vt 0.1562500 0.6500000
vt 0.6944496 0.7910144
vt 0.6913417 0.0380602
vt 0.8125000 -0.0203125
vt 0.6913417 0.9619398
vt 0.1875000 -0.0203125
vt 0.6913417 0.0380602
vt 0.8125000 0.0203125
vt 0.6913417 0.9619398
vt 0.1875000 0.0203125
vt 0.7013942 0.1985923
vt 0.8437500 0.0250000
vt 0.1562500 0.0250000
vt 0.7013942 0.8014077
vt 0.8437500 0.5250000
vt 0.1562500 0.5250000
vt 0.7222281 0.1674122
vt 0.8437500 0.6500000
vt 0.7222281 0.8325878
vt 0.1562500 0.6500000
vt 0.8437500 0.1750000
vt 0.1562500 0.1750000
vt 0.8750000 0.0875000
vt 0.7298097 0.2701903
vt 0.1250000 0.0875000
vt 0.7298097 0.7298097
vt 0.8437500 -0.0203125
vt 0.7590580 0.1122923
vt 0.1562500 -0.0203125
vt 0.7590580 0.8877077
vt 0.8437500 0.0203125
vt 0.7590580 0.1122923
vt 0.1562500 0.0203125
vt 0.7590580 0.8877077
vt 0.8437500 0.0500000
vt 0.1562500 0.0500000
vt 0.8437500 -0.0203125
vt 0.7595198 0.1116012
vt 0.1562500 -0.0203125
vt 0.7595198 0.8883988
vt 0.8437500 0.0203125
vt 0.7595198 0.1116012
vt 0.1562500 0.0203125
vt 0.7595198 0.8883988
vt 0.8437500 0.3562500
vt 0.1562500 0.3562500
vt 0.7777851 0.0842652
vt 0.8437500 -0.0203125
vt 0.7777851 0.9157348
vt 0.1562500 -0.0203125
vt 0.7777851 0.0842652
vt 0.8437500 0.0203125
vt 0.7777851 0.9157348
vt 0.1562500 0.0203125
vt 0.8750000 0.6500000
vt 0.7474874 0.2525126
vt 0.1250000 0.6500000
vt 0.7474874 0.7474874
vt 0.7777851 0.0842652
vt 0.8437500 -0.0203125
vt 0.7777851 0.9157348
vt 0.1562500 -0.0203125
vt 0.7777851 0.0842652
vt 0.8437500 0.0203125
vt 0.7777851 0.9157348
vt 0.1562500 0.0203125
vt 0.7563262 0.2436738
vt 0.8750000 0.0250000
vt 0.1250000 0.0250000
vt 0.7563262 0.7563262
vt 0.8437500 0.5375000
vt 0.1562500 0.5375000
vt 0.9062500 0.0875000
vt 0.7702276 0.3194397
vt 0.0937500 0.0875000
vt 0.7702276 0.6805603
vt 0.8437500 0.2187500
vt 0.1562500 0.2187500
vt 0.8437500 -0.0203125
vt 0.7617591 0.1082499
vt 0.1562500 -0.0203125
vt 0.7617591 0.8917501
vt 0.8437500 0.0203125
vt 0.7617591 0.1082499
vt 0.1562500 0.0203125
vt 0.7617591 0.8917501
vt 0.8437500 0.3625000
vt 0.1562500 0.3625000
vt 0.8750000 0.5250000
vt 0.1250000 0.5250000
vt 0.7828427 0.2171573
vt 0.8750000 0.6500000
vt 0.7828427 0.7828427
vt 0.1250000 0.6500000
vt 0.7777851 0.0842652
vt 0.8437500 -0.0203125
vt 0.7777851 0.9157348
vt 0.1562500 -0.0203125
vt 0.7777851 0.0842652
vt 0.8437500 0.0203125
vt 0.7777851 0.9157348
vt 0.1562500 0.0203125
vt 0.9062500 0.6500000
vt 0.7910144 0.3055504
vt 0.0937500 0.6500000
vt 0.7910144 0.6944496
vt 0.8750000 0.1750000
vt 0.1250000 0.1750000
vt 0.8750000 -0.0203125
vt 0.8297183 0.1702817
vt 0.1250000 -0.0203125
vt 0.8297183 0.8297183
vt 0.8750000 0.0203125
vt 0.8297183 0.1702817
vt 0.1250000 0.0203125
vt 0.8297183 0.8297183
vt 0.9375000 0.0875000
vt 0.8002608 0.3756279
vt 0.0625000 0.0875000
vt 0.8002608 0.6243721
vt 0.8750000 0.0500000
vt 0.1250000 0.0500000
vt 0.8750000 -0.0203125
vt 0.8303060 0.1696940
vt 0.1250000 -0.0203125
vt 0.8303060 0.8303060
vt 0.8750000 0.0203125
vt 0.8303060 0.1696940
vt 0.1250000 0.0203125
vt 0.8303060 0.8303060
vt 0.8014077 0.2986058
vt 0.9062500 0.0250000
vt 0.0937500 0.0250000
vt 0.8014077 0.7013942
vt 0.8750000 0.3562500
vt 0.1250000 0.3562500
vt 0.8535534 0.1464466
vt 0.8750000 -0.0203125
vt 0.8535534 0.8535534
vt 0.1250000 -0.0203125
vt 0.8535534 0.1464466
vt 0.8750000 0.0203125
vt 0.8535534 0.8535534
vt 0.1250000 0.0203125
vt 0.9687500 0.0875000
vt 0.8187552 0.4365956
vt 0.0312500 0.0875000
vt 0.8187552 0.5634044
vt 0.8535534 0.1464466
vt 0.8750000 -0.0203125
vt 0.8535534 0.8535534
vt 0.1250000 -0.0203125
vt 0.8535534 0.1464466
vt 0.8750000 0.0203125
vt 0.8535534 0.8535534
vt 0.1250000 0.0203125
vt 0.9375000 0.6500000
vt 0.8233578 0.3660608
vt 0.0625000 0.6500000
vt 0.8233578 0.6339392
vt 0.0000000 0.0875000
vt 1.0000000 0.0875000
vt 0.8250000 0.5000000
vt 0.8750000 0.5375000
vt 0.1250000 0.5375000
vt 0.9062500 0.5250000
vt 0.0937500 0.5250000
vt 0.8325878 0.2777719
vt 0.9062500 0.6500000
vt 0.8325878 0.7222281
vt 0.0937500 0.6500000
vt 0.8349063 0.3612773
vt 0.9375000 0.0250000
vt 0.0625000 0.0250000
vt 0.8349063 0.6387227
vt 0.9062500 0.1750000
vt 0.0937500 0.1750000
vt 0.9687500 0.6500000
vt 0.8432748 0.4317184
vt 0.0312500 0.6500000
vt 0.8432748 0.5682816
vt 0.8750000 0.2187500
vt 0.1250000 0.2187500
vt 0.9062500 -0.0203125
vt 0.8877077 0.2409420
vt 0.0937500 -0.0203125
vt 0.8877077 0.7590580
vt 0.9062500 0.0203125
vt 0.8877077 0.2409420
vt 0.0937500 0.0203125
vt 0.8877077 0.7590580
vt 0.8750000 -0.0203125
vt 0.8331561 0.1668439
vt 0.1250000 -0.0203125
vt 0.8331561 0.8331561
vt 0.8750000 0.0203125
vt 0.8331561 0.1668439
vt 0.1250000 0.0203125
vt 0.8331561 0.8331561
vt 0.0000000 0.6500000
vt 1.0000000 0.6500000
vt 0.8500000 0.5000000
vt 0.9062500 0.0500000
vt 0.0937500 0.0500000
vt 0.8750000 0.3625000
vt 0.1250000 0.3625000
vt 0.9062500 -0.0203125
vt 0.8883988 0.2404802
vt 0.0937500 -0.0203125
vt 0.8883988 0.7595198
vt 0.9062500 0.0203125
vt 0.8883988 0.2404802
vt 0.0937500 0.0203125
vt 0.8883988 0.7595198
vt 0.8555347 0.4292798
vt 0.9687500 0.0250000
vt 0.0312500 0.0250000
vt 0.8555347 0.5707202
vt 0.0000000 0.0250000
vt 0.8625000 0.5000000
vt 1.0000000 0.0250000
vt 0.9062500 0.3562500
vt 0.0937500 0.3562500
vt 0.8535534 0.1464466
vt 0.8750000 -0.0203125
vt 0.8535534 0.8535534
vt 0.1250000 -0.0203125
vt 0.8535534 0.1464466
vt 0.8750000 0.0203125
vt 0.8535534 0.8535534
vt 0.1250000 0.0203125
vt 0.9375000 0.5250000
vt 0.0625000 0.5250000
vt 0.8695518 0.3469266
vt 0.9375000 0.6500000
vt 0.8695518 0.6530734
vt 0.0625000 0.6500000
vt 0.9157348 0.2222149
vt 0.9062500 -0.0203125
vt 0.9157348 0.7777851
vt 0.0937500 -0.0203125
vt 0.9157348 0.2222149
vt 0.9062500 0.0203125
vt 0.9157348 0.7777851
vt 0.0937500 0.0203125
vt 0.9157348 0.2222149
vt 0.9062500 -0.0203125
vt 0.9157348 0.7777851
vt 0.0937500 -0.0203125
vt 0.9157348 0.2222149
vt 0.9062500 0.0203125
vt 0.9157348 0.7777851
vt 0.0937500 0.0203125
vt 0.9375000 0.1750000
vt 0.0625000 0.1750000
vt 0.9375000 -0.0203125
vt 0.9307978 0.3215577
vt 0.0625000 -0.0203125
vt 0.9307978 0.6784423
vt 0.9375000 0.0203125
vt 0.9307978 0.3215577
vt 0.0625000 0.0203125
vt 0.9307978 0.6784423
vt 0.9062500 0.5375000
vt 0.0937500 0.5375000
vt 0.9687500 0.5250000
vt 0.0312500 0.5250000
vt 0.8923141 0.4219639
vt 0.9687500 0.6500000
vt 0.8923141 0.5780361
vt 0.0312500 0.6500000
vt 0.9375000 0.0500000
vt 0.0625000 0.0500000
vt 0.9375000 -0.0203125
vt 0.9315656 0.3212397
vt 0.0625000 -0.0203125
vt 0.9315656 0.6787603
vt 0.9375000 0.0203125
vt 0.9315656 0.3212397
vt 0.0625000 0.0203125
vt 0.9315656 0.6787603
vt 0.0000000 0.5250000
vt 1.0000000 0.5250000
vt 0.9000000 0.5000000
vt 0.0000000 0.6500000
vt 1.0000000 0.6500000
vt 0.9375000 0.3562500
vt 0.0625000 0.3562500
vt 0.9687500 0.1750000
vt 0.0312500 0.1750000
vt 0.9062500 0.2187500
vt 0.0937500 0.2187500
vt 0.9687500 -0.0203125
vt 0.9573325 0.4090309
vt 0.0312500 -0.0203125
vt 0.9573325 0.5909691
vt 0.9687500 0.0203125
vt 0.9573325 0.4090309
vt 0.0312500 0.0203125
vt 0.9573325 0.5909691
vt 0.9062500 -0.0203125
vt 0.8917501 0.2382409
vt 0.0937500 -0.0203125
vt 0.8917501 0.7617591
vt 0.9062500 0.0203125
vt 0.8917501 0.2382409
vt 0.0937500 0.0203125
vt 0.8917501 0.7617591
vt 0.9619398 0.3086583
vt 0.9375000 -0.0203125
vt 0.9619398 0.6913417
vt 0.0625000 -0.0203125
vt 0.9619398 0.3086583
vt 0.9375000 0.0203125
vt 0.9619398 0.6913417
vt 0.0625000 0.0203125
vt 0.0000000 0.1750000
vt 1.0000000 0.1750000
vt 0.0000000 -0.0203125
vt 1.0000000 -0.0203125
vt 0.9662921 0.5000000
vt 0.0000000 0.0203125
vt 1.0000000 0.0203125
vt 0.9662921 0.5000000
vt 0.9062500 0.3625000
vt 0.0937500 0.3625000
vt 0.9687500 0.0500000
vt 0.0312500 0.0500000
vt 0.9687500 -0.0203125
vt 0.9581476 0.4088688
vt 0.0312500 -0.0203125
vt 0.9581476 0.5911312
vt 0.9687500 0.0203125
vt 0.9581476 0.4088688
vt 0.0312500 0.0203125
vt 0.9581476 0.5911312
vt 0.9619398 0.3086583
vt 0.9375000 -0.0203125
vt 0.9619398 0.6913417
vt 0.0625000 -0.0203125
vt 0.9619398 0.3086583
vt 0.9375000 0.0203125
vt 0.9619398 0.6913417
vt 0.0625000 0.0203125
vt 0.0000000 0.0500000
vt 1.0000000 0.0500000
vt 0.0000000 -0.0203125
vt 1.0000000 -0.0203125
vt 0.9671233 0.5000000
vt 0.0000000 0.0203125
vt 1.0000000 0.0203125
vt 0.9671233 0.5000000
vt 0.9375000 0.5375000
vt 0.0625000 0.5375000
vt 0.9687500 0.3562500
vt 0.0312500 0.3562500
vt 0.9157348 0.2222149
vt 0.9062500 -0.0203125
vt 0.9157348 0.7777851
vt 0.0937500 -0.0203125
vt 0.9157348 0.2222149
vt 0.9062500 0.0203125
vt 0.9157348 0.7777851
vt 0.0937500 0.0203125
vt 0.9903926 0.4024548
vt 0.9687500 -0.0203125
vt 0.9903926 0.5975452
vt 0.0312500 -0.0203125
vt 0.9903926 0.4024548
vt 0.9687500 0.0203125
vt 0.9903926 0.5975452
vt 0.0312500 0.0203125
vt 0.0000000 0.3562500
vt 1.0000000 0.3562500
vt 1.0000000 0.5000000
vt 0.0000000 -0.0203125
vt 1.0000000 -0.0203125
vt 1.0000000 0.5000000
vt 0.0000000 0.0203125
vt 1.0000000 0.0203125
vt 0.9903926 0.4024548
vt 0.9687500 -0.0203125
vt 0.9903926 0.5975452
vt 0.0312500 -0.0203125
vt 0.9903926 0.4024548
vt 0.9687500 0.0203125
vt 0.9903926 0.5975452
vt 0.0312500 0.0203125
vt 0.9375000 0.2187500
vt 0.0625000 0.2187500
vt 0.9375000 -0.0203125
vt 0.9352894 0.3196972
vt 0.0625000 -0.0203125
vt 0.9352894 0.6803028
vt 0.9375000 0.0203125
vt 0.9352894 0.3196972
vt 0.0625000 0.0203125
vt 0.9352894 0.6803028
vt 0.9687500 0.5375000
vt 0.0312500 0.5375000
vt 1.0000000 0.5000000
vt 0.0000000 -0.0203125
vt 1.0000000 -0.0203125
vt 1.0000000 0.5000000
vt 0.0000000 0.0203125
vt 1.0000000 0.0203125
vt 0.9375000 0.3625000
vt 0.0625000 0.3625000
vt 0.0000000 0.5375000
vt 1.0000000 0.5375000
vt 0.9687500 0.2187500
vt 0.0312500 0.2187500
vt 0.9619398 0.3086583
vt 0.9375000 -0.0203125
vt 0.9619398 0.6913417
vt 0.0625000 -0.0203125
vt 0.9619398 0.3086583
vt 0.9375000 0.0203125
vt 0.9619398 0.6913417
vt 0.0625000 0.0203125
vt 0.9687500 -0.0203125
vt 0.9621008 0.4080824
vt 0.0312500 -0.0203125
vt 0.9621008 0.5919176
vt 0.9687500 0.0203125
vt 0.9621008 0.4080824
vt 0.0312500 0.0203125
vt 0.9621008 0.5919176
vt 0.0000000 0.2187500
vt 1.0000000 0.2187500
vt 0.0000000 -0.0203125
vt 1.0000000 -0.0203125
vt 0.9711538 0.5000000
vt 0.0000000 0.0203125
vt 1.0000000 0.0203125
vt 0.9711538 0.5000000
vt 0.9687500 0.3625000
vt 0.0312500 0.3625000
vt 0.0000000 0.3625000
vt 1.0000000 0.3625000
vt 0.9903926 0.4024548
vt 0.9687500 -0.0203125
vt 0.9903926 0.5975452
vt 0.0312500 -0.0203125
vt 0.9903926 0.4024548
vt 0.9687500 0.0203125
vt 0.9903926 0.5975452
vt 0.0312500 0.0203125
vt 1.0000000 0.5000000
vt 0.0000000 -0.0203125
vt 1.0000000 -0.0203125
vt 1.0000000 0.5000000
vt 0.0000000 0.0203125
vt 1.0000000 0.0203125
vn -1.0000000 0.0000000 0.0000000
vn 0.0000000 -1.0000000 0.0000000
vn -1.0000000 0.0000000 0.0000000
vn 0.0000000 1.0000000 0.0000000
vn -0.9807853 0.0000000 -0.1950903
vn 0.0000000 -1.0000000 0.0000000
vn -0.9807853 0.0000000 0.1950903
vn 0.0000000 -1.0000000 0.0000000
vn -0.9807853 0.0000000 -0.1950903
vn 0.0000000 1.0000000 0.0000000
vn -0.9807853 0.0000000 0.1950903
vn 0.0000000 1.0000000 0.0000000
vn -0.9994994 0.0316371 0.0000000
vn -0.9802943 0.0316371 -0.1949927
vn -0.9802943 0.0316371 0.1949927
vn 0.0000000 -1.0000000 0.0000000
vn 1.0000000 0.0000000 -0.0000000
vn 0.0000000 1.0000000 0.0000000
vn 1.0000000 0.0000000 -0.0000000
vn -0.9935906 -0.1130387 0.0000000
vn 0.0000000 -1.0000000 0.0000000
vn 0.9807853 0.0000000 0.1950903
vn 0.0000000 -1.0000000 0.0000000
vn 0.9807853 0.0000000 -0.1950903
vn 0.0000000 1.0000000 0.0000000
vn 0.9807853 0.0000000 0.1950903
vn 0.0000000 1.0000000 0.0000000
vn 0.9807853 0.0000000 -0.1950903
vn -0.9238795 0.0000000 -0.3826834
vn 0.0000000 -1.0000000 0.0000000
vn -0.9238795 0.0000000 0.3826834
vn 0.0000000 -1.0000000 0.0000000
vn -0.9238795 0.0000000 -0.3826834
vn 0.0000000 1.0000000 0.0000000
vn -0.9238795 0.0000000 0.3826834
vn 0.0000000 1.0000000 0.0000000
vn -0.9744990 -0.1130387 -0.1938399
vn -0.9744990 -0.1130387 0.1938399
vn -0.9822224 0.1877209 0.0000000
vn -0.9234171 0.0316371 -0.3824919
vn -0.9234171 0.0316371 0.3824919
vn -1.0000000 0.0000000 0.0000000
vn 0.0000000 -1.0000000 0.0000000
vn -1.0000000 0.0000000 0.0000000
vn 0.0000000 1.0000000 0.0000000
vn -0.9633493 0.1877209 -0.1916221
vn -0.9633493 0.1877209 0.1916221
vn 0.0000000 -1.0000000 0.0000000
vn 0.9238795 0.0000000 0.3826834
vn 0.0000000 -1.0000000 0.0000000
vn 0.9238795 0.0000000 -0.3826834
vn 0.0000000 1.0000000 0.0000000
vn 0.9238795 0.0000000 0.3826834
vn 0.0000000 1.0000000 0.0000000
vn 0.9238795 0.0000000 -0.3826834
vn -0.9179580 -0.1130387 -0.3802307
vn -0.9179580 -0.1130387 0.3802307
vn -0.9807853 0.0000000 -0.1950903
vn 0.0000000 -1.0000000 0.0000000
vn -0.9807853 0.0000000 0.1950903
vn 0.0000000 -1.0000000 0.0000000
vn -0.9807853 0.0000000 -0.1950903
vn 0.0000000 1.0000000 0.0000000
vn -0.9807853 0.0000000 0.1950903
vn 0.0000000 1.0000000 0.0000000
vn -1.0000000 0.0000000 0.0000000
vn 0.0000000 -1.0000000 0.0000000
vn -1.0000000 0.0000000 0.0000000
vn 0.0000000 1.0000000 0.0000000
vn 0.9997816 -0.0208988 -0.0000000
vn -0.9807853 0.0000000 -0.1950903
vn 0.0000000 -1.0000000 0.0000000
vn -0.9807853 0.0000000 0.1950903
vn 0.0000000 -1.0000000 0.0000000
vn -0.9807853 0.0000000 -0.1950903
vn 0.0000000 1.0000000 0.0000000
vn -0.9807853 0.0000000 0.1950903
vn 0.0000000 1.0000000 0.0000000
vn -0.8314696 0.0000000 -0.5555702
vn 0.0000000 -1.0000000 0.0000000
vn -0.8314696 0.0000000 0.5555702
vn 0.0000000 -1.0000000 0.0000000
vn -0.8314696 0.0000000 -0.5555702
vn 0.0000000 1.0000000 0.0000000
vn -0.8314696 0.0000000 0.5555702
vn 0.0000000 1.0000000 0.0000000
vn 0.9805711 -0.0208988 0.1950477
vn 0.9805711 -0.0208988 -0.1950477
vn -0.9074552 0.1877209 -0.3758802
vn -0.9074552 0.1877209 0.3758802
vn 0.0000000 -1.0000000 0.0000000
vn 1.0000000 0.0000000 -0.0000000
vn 0.0000000 1.0000000 0.0000000
vn 1.0000000 0.0000000 -0.0000000
vn -0.8579229 -0.5137784 0.0000000
vn -0.9238795 0.0000000 -0.3826834
vn 0.0000000 -1.0000000 0.0000000
vn -0.9238795 0.0000000 0.3826834
vn 0.0000000 -1.0000000 0.0000000
vn -0.9238795 0.0000000 -0.3826834
vn 0.0000000 1.0000000 0.0000000
vn -0.9238795 0.0000000 0.3826834
vn 0.0000000 1.0000000 0.0000000
vn 0.0000000 -1.0000000 0.0000000
vn 0.9807853 0.0000000 0.1950903
vn 0.0000000 -1.0000000 0.0000000
vn 0.9807853 0.0000000 -0.1950903
vn 0.0000000 1.0000000 0.0000000
vn 0.9807853 0.0000000 0.1950903
vn 0.0000000 1.0000000 0.0000000
vn 0.9807853 0.0000000 -0.1950903
vn -0.8414382 -0.5137784 -0.1673725
vn -0.8414382 -0.5137784 0.1673725
vn -0.8310534 0.0316371 -0.5552921
vn -0.8310534 0.0316371 0.5552921
vn 0.0000000 -1.0000000 0.0000000
vn 1.0000000 0.0000000 -0.0000000
vn 0.0000000 1.0000000 0.0000000
vn 1.0000000 0.0000000 -0.0000000
vn 0.9647638 0.2631174 -0.0000000
vn -0.9238795 0.0000000 -0.3826834
vn 0.0000000 -1.0000000 0.0000000
vn -0.9238795 0.0000000 0.3826834
vn 0.0000000 -1.0000000 0.0000000
vn -0.9238795 0.0000000 -0.3826834
vn 0.0000000 1.0000000 0.0000000
vn -0.9238795 0.0000000 0.3826834
vn 0.0000000 1.0000000 0.0000000
vn 0.0000000 -1.0000000 0.0000000
vn 0.8314696 0.0000000 0.5555702
vn 0.0000000 -1.0000000 0.0000000
vn 0.8314696 0.0000000 -0.5555702
vn 0.0000000 1.0000000 0.0000000
vn 0.8314696 0.0000000 0.5555702
vn 0.0000000 1.0000000 0.0000000
vn 0.8314696 0.0000000 -0.5555702
vn 0.0000000 -1.0000000 0.0000000
vn 0.9807853 0.0000000 0.1950903
vn 0.0000000 -1.0000000 0.0000000
vn 0.9807853 0.0000000 -0.1950903
vn 0.0000000 1.0000000 0.0000000
vn 0.9807853 0.0000000 0.1950903
vn 0.0000000 1.0000000 0.0000000
vn 0.9807853 0.0000000 -0.1950903
vn -0.8261404 -0.1130387 -0.5520094
vn -0.8261404 -0.1130387 0.5520094
vn 0.9462262 0.2631174 0.1882161
vn 0.9462262 0.2631174 -0.1882161
vn 0.9236778 -0.0208988 0.3825999
vn 0.9236778 -0.0208988 -0.3825999
vn 0.9881614 -0.1534181 -0.0000000
vn -0.9635179 0.2676439 0.0000000
vn 0.0000000 1.0000000 0.0000000
vn 0.0000000 -1.0000000 0.0000000
vn 0.9238795 0.0000000 0.3826834
vn 0.0000000 -1.0000000 0.0000000
vn 0.9238795 0.0000000 -0.3826834
vn 0.0000000 1.0000000 0.0000000
vn 0.9238795 0.0000000 0.3826834
vn 0.0000000 1.0000000 0.0000000
vn 0.9238795 0.0000000 -0.3826834
vn -0.7926175 -0.5137784 -0.3283129
vn -0.7926175 -0.5137784 0.3283129
vn 0.9691741 -0.1534181 0.1927807
vn 0.9691741 -0.1534181 -0.1927807
vn -0.9450042 0.2676439 -0.1879730
vn 0.0000000 1.0000000 0.0000000
vn -0.9450042 0.2676439 0.1879730
vn 0.0000000 1.0000000 0.0000000
vn -0.8166881 0.1877209 -0.5456935
vn -0.8166881 0.1877209 0.5456935
vn 0.0000000 -1.0000000 0.0000000
vn 0.9238795 0.0000000 0.3826834
vn 0.0000000 -1.0000000 0.0000000
vn 0.9238795 0.0000000 -0.3826834
vn 0.0000000 1.0000000 0.0000000
vn 0.9238795 0.0000000 0.3826834
vn 0.0000000 1.0000000 0.0000000
vn 0.9238795 0.0000000 -0.3826834
vn 0.8913255 0.2631174 0.3691991
vn 0.8913255 0.2631174 -0.3691991
vn -0.8314696 0.0000000 -0.5555702
vn 0.0000000 -1.0000000 0.0000000
vn -0.8314696 0.0000000 0.5555702
vn 0.0000000 -1.0000000 0.0000000
vn -0.8314696 0.0000000 -0.5555702
vn 0.0000000 1.0000000 0.0000000
vn -0.8314696 0.0000000 0.5555702
vn 0.0000000 1.0000000 0.0000000
vn -0.8314696 0.0000000 -0.5555702
vn 0.0000000 -1.0000000 0.0000000
vn -0.8314696 0.0000000 0.5555702
vn 0.0000000 -1.0000000 0.0000000
vn -0.8314696 0.0000000 -0.5555702
vn 0.0000000 1.0000000 0.0000000
vn -0.8314696 0.0000000 0.5555702
vn 0.0000000 1.0000000 0.0000000
vn 0.9129421 -0.1534181 0.3781530
vn 0.9129421 -0.1534181 -0.3781530
vn -0.8901745 0.2676439 -0.3687223
vn 0.0000000 1.0000000 0.0000000
vn -0.8901745 0.2676439 0.3687223
vn 0.0000000 1.0000000 0.0000000
vn -0.7071068 0.0000000 -0.7071068
vn 0.0000000 -1.0000000 0.0000000
vn -0.7071068 0.0000000 0.7071068
vn 0.0000000 -1.0000000 0.0000000
vn -0.7071068 0.0000000 -0.7071068
vn 0.0000000 1.0000000 0.0000000
vn -0.7071068 0.0000000 0.7071068
vn 0.0000000 1.0000000 0.0000000
vn 0.8312880 -0.0208988 0.5554489
vn 0.8312880 -0.0208988 -0.5554489
vn -0.3310069 -0.9436283 0.0000000
vn -0.3310069 -0.9436283 0.0000000
vn -0.3246467 -0.9436283 -0.0645763
vn -0.3246467 -0.9436283 -0.0645763
vn -0.3246467 -0.9436283 0.0645763
vn -0.3246467 -0.9436283 0.0645763
vn 0.0000000 -1.0000000 0.0000000
vn 0.8314696 0.0000000 0.5555702
vn 0.0000000 -1.0000000 0.0000000
vn 0.8314696 0.0000000 -0.5555702
vn 0.0000000 1.0000000 0.0000000
vn 0.8314696 0.0000000 0.5555702
vn 0.0000000 1.0000000 0.0000000
vn 0.8314696 0.0000000 -0.5555702
vn -0.7067528 0.0316371 -0.7067528
vn -0.7067528 0.0316371 0.7067528
vn -0.7133369 -0.5137784 -0.4766365
vn -0.7133369 -0.5137784 0.4766365
vn 0.0000000 1.0000000 0.0000000
vn 0.9805807 -0.1961161 -0.0000000
vn 0.0000000 -1.0000000 0.0000000
vn 0.7071068 0.0000000 0.7071068
vn 0.0000000 -1.0000000 0.0000000
vn 0.7071068 0.0000000 -0.7071068
vn 0.0000000 1.0000000 0.0000000
vn 0.7071068 0.0000000 0.7071068
vn 0.0000000 1.0000000 0.0000000
vn 0.7071068 0.0000000 -0.7071068
vn 0.0000000 -1.0000000 0.0000000
vn 0.8314696 0.0000000 0.5555702
vn 0.0000000 -1.0000000 0.0000000
vn 0.8314696 0.0000000 -0.5555702
vn 0.0000000 1.0000000 0.0000000
vn 0.8314696 0.0000000 0.5555702
vn 0.0000000 1.0000000 0.0000000
vn 0.8314696 0.0000000 -0.5555702
vn -0.7025746 -0.1130387 -0.7025746
vn -0.7025746 -0.1130387 0.7025746
vn 0.0000000 1.0000000 0.0000000
vn 0.9617391 -0.1961161 0.1913018
vn 0.0000000 1.0000000 0.0000000
vn 0.9617391 -0.1961161 -0.1913018
vn 0.8021718 0.2631174 0.5359941
vn 0.8021718 0.2631174 -0.5359941
vn -0.3058105 -0.9436283 -0.1266709
vn -0.3058105 -0.9436283 -0.1266709
vn -0.3058105 -0.9436283 0.1266709
vn -0.3058105 -0.9436283 0.1266709
vn 0.8216261 -0.1534181 0.5489930
vn 0.8216261 -0.1534181 -0.5489930
vn -0.8011359 0.2676439 -0.5353019
vn 0.0000000 1.0000000 0.0000000
vn -0.8011359 0.2676439 0.5353019
vn 0.0000000 1.0000000 0.0000000
vn -0.6945361 0.1877209 -0.6945361
vn -0.6945361 0.1877209 0.6945361
vn 0.0000000 1.0000000 0.0000000
vn 0.8944272 0.4472136 -0.0000000
vn 0.0000000 1.0000000 0.0000000
vn 0.9059384 -0.1961161 0.3752520
vn 0.0000000 1.0000000 0.0000000
vn 0.9059384 -0.1961161 -0.3752520
vn -0.7071068 0.0000000 -0.7071068
vn 0.0000000 -1.0000000 0.0000000
vn -0.7071068 0.0000000 0.7071068
vn 0.0000000 -1.0000000 0.0000000
vn -0.7071068 0.0000000 -0.7071068
vn 0.0000000 1.0000000 0.0000000
vn -0.7071068 0.0000000 0.7071068
vn 0.0000000 1.0000000 0.0000000
vn 0.0000000 1.0000000 0.0000000
vn 0.8772410 0.4472136 0.1744941
vn 0.0000000 1.0000000 0.0000000
vn 0.8772410 0.4472136 -0.1744941
vn -0.7071068 0.0000000 -0.7071068
vn 0.0000000 -1.0000000 0.0000000
vn -0.7071068 0.0000000 0.7071068
vn 0.0000000 -1.0000000 0.0000000
vn -0.7071068 0.0000000 -0.7071068
vn 0.0000000 1.0000000 0.0000000
vn -0.7071068 0.0000000 0.7071068
vn 0.0000000 1.0000000 0.0000000
vn 0.7069523 -0.0208988 0.7069523
vn 0.7069523 -0.0208988 -0.7069523
vn -0.2752222 -0.9436283 -0.1838976
vn -0.2752222 -0.9436283 -0.1838976
vn -0.2752222 -0.9436283 0.1838976
vn -0.2752222 -0.9436283 0.1838976
vn 0.0000000 -1.0000000 0.0000000
vn 0.7071068 0.0000000 0.7071068
vn 0.0000000 -1.0000000 0.0000000
vn 0.7071068 0.0000000 -0.7071068
vn 0.0000000 1.0000000 0.0000000
vn 0.7071068 0.0000000 0.7071068
vn 0.0000000 1.0000000 0.0000000
vn 0.7071068 0.0000000 -0.7071068
vn -0.6066431 -0.5137784 -0.6066431
vn -0.6066431 -0.5137784 0.6066431
vn 0.0000000 1.0000000 0.0000000
vn 0.8263430 0.4472136 0.3422825
vn 0.0000000 1.0000000 0.0000000
vn 0.8263430 0.4472136 -0.3422825
vn 0.0000000 -1.0000000 0.0000000
vn 0.7071068 0.0000000 0.7071068
vn 0.0000000 -1.0000000 0.0000000
vn 0.7071068 0.0000000 -0.7071068
vn 0.0000000 1.0000000 0.0000000
vn 0.7071068 0.0000000 0.7071068
vn 0.0000000 1.0000000 0.0000000
vn 0.7071068 0.0000000 -0.7071068
vn 0.6821910 0.2631174 0.6821910
vn 0.6821910 0.2631174 -0.6821910
vn 0.0000000 1.0000000 0.0000000
vn 0.8153230 -0.1961161 0.5447814
vn 0.0000000 1.0000000 0.0000000
vn 0.8153230 -0.1961161 -0.5447814
vn -0.5555702 0.0000000 -0.8314696
vn 0.0000000 -1.0000000 0.0000000
vn -0.5555702 0.0000000 0.8314696
vn 0.0000000 -1.0000000 0.0000000
vn -0.5555702 0.0000000 -0.8314696
vn 0.0000000 1.0000000 0.0000000
vn -0.5555702 0.0000000 0.8314696
vn 0.0000000 1.0000000 0.0000000
vn 0.6987356 -0.1534181 0.6987356
vn 0.6987356 -0.1534181 -0.6987356
vn -0.6813100 0.2676439 -0.6813100
vn 0.0000000 1.0000000 0.0000000
vn -0.6813100 0.2676439 0.6813100
vn 0.0000000 1.0000000 0.0000000
vn -0.5552921 0.0316371 -0.8310534
vn -0.5552921 0.0316371 0.8310534
vn 0.0000000 -1.0000000 0.0000000
vn 0.5555702 0.0000000 0.8314696
vn 0.0000000 -1.0000000 0.0000000
vn 0.5555702 0.0000000 -0.8314696
vn 0.0000000 1.0000000 0.0000000
vn 0.5555702 0.0000000 0.8314696
vn 0.0000000 1.0000000 0.0000000
vn 0.5555702 0.0000000 -0.8314696
vn -0.5520094 -0.1130387 -0.8261404
vn -0.5520094 -0.1130387 0.8261404
vn 0.0000000 1.0000000 0.0000000
vn 0.7436890 0.4472136 0.4969171
vn 0.0000000 1.0000000 0.0000000
vn 0.7436890 0.4472136 -0.4969171
vn -0.5456935 0.1877209 -0.8166881
vn -0.5456935 0.1877209 0.8166881
vn -0.2340573 -0.9436283 -0.2340573
vn -0.2340573 -0.9436283 -0.2340573
vn -0.2340573 -0.9436283 0.2340573
vn -0.2340573 -0.9436283 0.2340573
vn -0.5555702 0.0000000 -0.8314696
vn 0.0000000 -1.0000000 0.0000000
vn -0.5555702 0.0000000 0.8314696
vn 0.0000000 -1.0000000 0.0000000
vn -0.5555702 0.0000000 -0.8314696
vn 0.0000000 1.0000000 0.0000000
vn -0.5555702 0.0000000 0.8314696
vn 0.0000000 1.0000000 0.0000000
vn 0.0000000 1.0000000 0.0000000
vn 0.6933752 -0.1961161 0.6933752
vn 0.0000000 1.0000000 0.0000000
vn 0.6933752 -0.1961161 -0.6933752
vn -0.5555702 0.0000000 -0.8314696
vn 0.0000000 -1.0000000 0.0000000
vn -0.5555702 0.0000000 0.8314696
vn 0.0000000 -1.0000000 0.0000000
vn -0.5555702 0.0000000 -0.8314696
vn 0.0000000 1.0000000 0.0000000
vn -0.5555702 0.0000000 0.8314696
vn 0.0000000 1.0000000 0.0000000
vn 0.5554489 -0.0208988 0.8312880
vn 0.5554489 -0.0208988 -0.8312880
vn 0.0000000 -1.0000000 0.0000000
vn 0.5555702 0.0000000 0.8314696
vn 0.0000000 -1.0000000 0.0000000
vn 0.5555702 0.0000000 -0.8314696
vn 0.0000000 1.0000000 0.0000000
vn 0.5555702 0.0000000 0.8314696
vn 0.0000000 1.0000000 0.0000000
vn 0.5555702 0.0000000 -0.8314696
vn -0.4766365 -0.5137784 -0.7133369
vn -0.4766365 -0.5137784 0.7133369
vn 0.0000000 -1.0000000 0.0000000
vn 0.5555702 0.0000000 0.8314696
vn 0.0000000 -1.0000000 0.0000000
vn 0.5555702 0.0000000 -0.8314696
vn 0.0000000 1.0000000 0.0000000
vn 0.5555702 0.0000000 0.8314696
vn 0.0000000 1.0000000 0.0000000
vn 0.5555702 0.0000000 -0.8314696
vn 0.0000000 1.0000000 0.0000000
vn 0.6324555 0.4472136 0.6324555
vn 0.0000000 1.0000000 0.0000000
vn 0.6324555 0.4472136 -0.6324555
vn 0.5359941 0.2631174 0.8021718
vn 0.5359941 0.2631174 -0.8021718
vn 0.5489930 -0.1534181 0.8216261
vn 0.5489930 -0.1534181 -0.8216261
vn -0.5353019 0.2676439 -0.8011359
vn 0.0000000 1.0000000 0.0000000
vn -0.5353019 0.2676439 0.8011359
vn 0.0000000 1.0000000 0.0000000
vn -0.1838976 -0.9436283 -0.2752222
vn -0.1838976 -0.9436283 -0.2752222
vn -0.1838976 -0.9436283 0.2752222
vn -0.1838976 -0.9436283 0.2752222
vn -0.3826834 0.0000000 -0.9238795
vn 0.0000000 -1.0000000 0.0000000
vn -0.3826834 0.0000000 0.9238795
vn 0.0000000 -1.0000000 0.0000000
vn -0.3826834 0.0000000 -0.9238795
vn 0.0000000 1.0000000 0.0000000
vn -0.3826834 0.0000000 0.9238795
vn 0.0000000 1.0000000 0.0000000
vn 0.0000000 1.0000000 0.0000000
vn 0.5447814 -0.1961161 0.8153230
vn 0.0000000 1.0000000 0.0000000
vn 0.5447814 -0.1961161 -0.8153230
vn -0.3824919 0.0316371 -0.9234171
vn -0.3824919 0.0316371 0.9234171
vn 0.0000000 -1.0000000 0.0000000
vn 0.3826834 0.0000000 0.9238795
vn 0.0000000 -1.0000000 0.0000000
vn 0.3826834 0.0000000 -0.9238795
vn 0.0000000 1.0000000 0.0000000
vn 0.3826834 0.0000000 0.9238795
vn 0.0000000 1.0000000 0.0000000
vn 0.3826834 0.0000000 -0.9238795
vn -0.3802307 -0.1130387 -0.9179580
vn -0.3802307 -0.1130387 0.9179580
vn 0.0000000 1.0000000 0.0000000
vn 0.4969171 0.4472136 0.7436890
vn 0.0000000 1.0000000 0.0000000
vn 0.4969171 0.4472136 -0.7436890
vn -0.3758802 0.1877209 -0.9074552
vn -0.3758802 0.1877209 0.9074552
vn -0.3826834 0.0000000 -0.9238795
vn 0.0000000 -1.0000000 0.0000000
vn -0.3826834 0.0000000 0.9238795
vn 0.0000000 -1.0000000 0.0000000
vn -0.3826834 0.0000000 -0.9238795
vn 0.0000000 1.0000000 0.0000000
vn -0.3826834 0.0000000 0.9238795
vn 0.0000000 1.0000000 0.0000000
vn -0.3826834 0.0000000 -0.9238795
vn 0.0000000 -1.0000000 0.0000000
vn -0.3826834 0.0000000 0.9238795
vn 0.0000000 -1.0000000 0.0000000
vn -0.3826834 0.0000000 -0.9238795
vn 0.0000000 1.0000000 0.0000000
vn -0.3826834 0.0000000 0.9238795
vn 0.0000000 1.0000000 0.0000000
vn 0.3825999 -0.0208988 0.9236778
vn 0.3825999 -0.0208988 -0.9236778
vn 0.0000000 -1.0000000 0.0000000
vn 0.3826834 0.0000000 0.9238795
vn 0.0000000 -1.0000000 0.0000000
vn 0.3826834 0.0000000 -0.9238795
vn 0.0000000 1.0000000 0.0000000
vn 0.3826834 0.0000000 0.9238795
vn 0.0000000 1.0000000 0.0000000
vn 0.3826834 0.0000000 -0.9238795
vn -0.3283129 -0.5137784 -0.7926175
vn -0.3283129 -0.5137784 0.7926175
vn 0.0000000 -1.0000000 0.0000000
vn 0.3826834 0.0000000 0.9238795
vn 0.0000000 -1.0000000 0.0000000
vn 0.3826834 0.0000000 -0.9238795
vn 0.0000000 1.0000000 0.0000000
vn 0.3826834 0.0000000 0.9238795
vn 0.0000000 1.0000000 0.0000000
vn 0.3826834 0.0000000 -0.9238795
vn 0.3691991 0.2631174 0.8913255
vn 0.3691991 0.2631174 -0.8913255
vn 0.3781530 -0.1534181 0.9129421
vn 0.3781530 -0.1534181 -0.9129421
vn -0.3687223 0.2676439 -0.8901745
vn 0.0000000 1.0000000 0.0000000
vn -0.3687223 0.2676439 0.8901745
vn 0.0000000 1.0000000 0.0000000
vn -0.1266709 -0.9436283 -0.3058105
vn -0.1266709 -0.9436283 -0.3058105
vn -0.1266709 -0.9436283 0.3058105
vn -0.1266709 -0.9436283 0.3058105
vn 0.0000000 1.0000000 0.0000000
vn 0.3752520 -0.1961161 0.9059384
vn 0.0000000 1.0000000 0.0000000
vn 0.3752520 -0.1961161 -0.9059384
vn 0.0000000 1.0000000 0.0000000
vn 0.3422825 0.4472136 0.8263430
vn 0.0000000 1.0000000 0.0000000
vn 0.3422825 0.4472136 -0.8263430
vn -0.1950903 0.0000000 -0.9807853
vn 0.0000000 -1.0000000 0.0000000
vn -0.1950903 0.0000000 0.9807853
vn 0.0000000 -1.0000000 0.0000000
vn -0.1950903 0.0000000 -0.9807853
vn 0.0000000 1.0000000 0.0000000
vn -0.1950903 0.0000000 0.9807853
vn 0.0000000 1.0000000 0.0000000
vn -0.1949927 0.0316371 -0.9802943
vn -0.1949927 0.0316371 0.9802943
vn 0.0000000 -1.0000000 0.0000000
vn 0.1950903 0.0000000 0.9807853
vn 0.0000000 -1.0000000 0.0000000
vn 0.1950903 0.0000000 -0.9807853
vn 0.0000000 1.0000000 0.0000000
vn 0.1950903 0.0000000 0.9807853
vn 0.0000000 1.0000000 0.0000000
vn 0.1950903 0.0000000 -0.9807853
vn -0.1938399 -0.1130387 -0.9744990
vn -0.1938399 -0.1130387 0.9744990
vn -0.1916221 0.1877209 -0.9633493
vn -0.1916221 0.1877209 0.9633493
vn -0.1950903 0.0000000 -0.9807853
vn 0.0000000 -1.0000000 0.0000000
vn -0.1950903 0.0000000 0.9807853
vn 0.0000000 -1.0000000 0.0000000
vn -0.1950903 0.0000000 -0.9807853
vn 0.0000000 1.0000000 0.0000000
vn -0.1950903 0.0000000 0.9807853
vn 0.0000000 1.0000000 0.0000000
vn -0.1950903 0.0000000 -0.9807853
vn 0.0000000 -1.0000000 0.0000000
vn -0.1950903 0.0000000 0.9807853
vn 0.0000000 -1.0000000 0.0000000
vn -0.1950903 0.0000000 -0.9807853
vn 0.0000000 1.0000000 0.0000000
vn -0.1950903 0.0000000 0.9807853
vn 0.0000000 1.0000000 0.0000000
vn 0.1950477 -0.0208988 0.9805711
vn 0.1950477 -0.0208988 -0.9805711
vn 0.0000000 -1.0000000 0.0000000
vn 0.1950903 0.0000000 0.9807853
vn 0.0000000 -1.0000000 0.0000000
vn 0.1950903 0.0000000 -0.9807853
vn 0.0000000 1.0000000 0.0000000
vn 0.1950903 0.0000000 0.9807853
vn 0.0000000 1.0000000 0.0000000
vn 0.1950903 0.0000000 -0.9807853
vn -0.1673725 -0.5137784 -0.8414382
vn -0.1673725 -0.5137784 0.8414382
vn 0.0000000 -1.0000000 0.0000000
vn 0.1950903 0.0000000 0.9807853
vn 0.0000000 -1.0000000 0.0000000
vn 0.1950903 0.0000000 -0.9807853
vn 0.0000000 1.0000000 0.0000000
vn 0.1950903 0.0000000 0.9807853
vn 0.0000000 1.0000000 0.0000000
vn 0.1950903 0.0000000 -0.9807853
vn 0.1882161 0.2631174 0.9462262
vn 0.1882161 0.2631174 -0.9462262
vn 0.1927807 -0.1534181 0.9691741
vn 0.1927807 -0.1534181 -0.9691741
vn -0.1879730 0.2676439 -0.9450042
vn 0.0000000 1.0000000 0.0000000
vn -0.1879730 0.2676439 0.9450042
vn 0.0000000 1.0000000 0.0000000
vn -0.0645763 -0.9436283 -0.3246467
vn -0.0645763 -0.9436283 -0.3246467
vn -0.0645763 -0.9436283 0.3246467
vn -0.0645763 -0.9436283 0.3246467
vn 0.0000000 1.0000000 0.0000000
vn 0.1913018 -0.1961161 0.9617391
vn 0.0000000 1.0000000 0.0000000
vn 0.1913018 -0.1961161 -0.9617391
vn 0.0000000 1.0000000 0.0000000
vn 0.1744941 0.4472136 0.8772410
vn 0.0000000 1.0000000 0.0000000
vn 0.1744941 0.4472136 -0.8772410
vn -0.0000000 -0.9436283 -0.3310069
vn -0.0000000 -0.9436283 -0.3310069
vn 0.0000000 -1.0000000 0.0000000
vn 0.0000000 -0.9436283 0.3310069
vn 0.0000000 -0.9436283 0.3310069
vn -0.0000000 -0.5137784 -0.8579229
vn 0.0000000 -0.5137784 0.8579229
vn 0.0000000 -1.0000000 0.0000000
vn -0.0000000 0.0000000 -1.0000000
vn 0.0000000 -1.0000000 0.0000000
vn 0.0000000 0.0000000 1.0000000
vn 0.0000000 -1.0000000 0.0000000
vn -0.0000000 0.0000000 -1.0000000
vn 0.0000000 -1.0000000 0.0000000
vn 0.0000000 0.0000000 1.0000000
vn 0.0000000 0.4472136 0.8944272
vn 0.0000000 1.0000000 0.0000000
vn 0.0000000 1.0000000 0.0000000
vn -0.0000000 0.4472136 -0.8944272
vn 0.0000000 1.0000000 0.0000000
vn -0.0000000 0.0000000 -1.0000000
vn 0.0000000 1.0000000 0.0000000
vn 0.0000000 0.0000000 1.0000000
vn 0.0000000 1.0000000 0.0000000
vn -0.0000000 0.0000000 -1.0000000
vn 0.0000000 1.0000000 0.0000000
vn 0.0000000 0.0000000 1.0000000
vn 0.0000000 1.0000000 0.0000000
vn 0.0000000 0.2631174 0.9647638
vn -0.0000000 0.2631174 -0.9647638
vn -0.0000000 -0.1130387 -0.9935906
vn 0.0000000 -0.1130387 0.9935906
vn 0.0000000 -1.0000000 0.0000000
vn -0.0000000 0.0000000 -1.0000000
vn 0.0000000 -1.0000000 0.0000000
vn 0.0000000 0.0000000 1.0000000
vn 0.0000000 -1.0000000 0.0000000
vn -0.0000000 0.0000000 -1.0000000
vn 0.0000000 -1.0000000 0.0000000
vn 0.0000000 0.0000000 1.0000000
vn -0.0000000 0.0000000 -1.0000000
vn 0.0000000 1.0000000 0.0000000
vn 0.0000000 0.0000000 1.0000000
vn 0.0000000 1.0000000 0.0000000
vn -0.0000000 0.0000000 -1.0000000
vn 0.0000000 1.0000000 0.0000000
vn 0.0000000 0.0000000 1.0000000
vn 0.0000000 1.0000000 0.0000000
vn 0.0000000 -0.0208988 0.9997816
vn -0.0000000 -0.0208988 -0.9997816
vn -0.0000000 0.0316371 -0.9994994
vn 0.0000000 0.0316371 0.9994994
vn 0.0000000 -0.1534181 0.9881614
vn -0.0000000 -0.1534181 -0.9881614
vn -0.0000000 0.1877209 -0.9822224
vn 0.0000000 0.1877209 0.9822224
vn 0.0000000 -1.0000000 0.0000000
vn -0.0000000 0.0000000 -1.0000000
vn 0.0000000 -1.0000000 0.0000000
vn 0.0000000 0.0000000 1.0000000
vn 0.0000000 -1.0000000 0.0000000
vn -0.0000000 0.0000000 -1.0000000
vn 0.0000000 -1.0000000 0.0000000
vn 0.0000000 0.0000000 1.0000000
vn -0.0000000 0.0000000 -1.0000000
vn 0.0000000 1.0000000 0.0000000
vn 0.0000000 0.0000000 1.0000000
vn 0.0000000 1.0000000 0.0000000
vn -0.0000000 0.0000000 -1.0000000
vn 0.0000000 1.0000000 0.0000000
vn 0.0000000 0.0000000 1.0000000
vn 0.0000000 1.0000000 0.0000000
vn -0.0000000 0.2676439 -0.9635179
vn 0.0000000 1.0000000 0.0000000
vn 0.0000000 -0.1961161 0.9805807
vn 0.0000000 1.0000000 0.0000000
vn -0.0000000 -0.1961161 -0.9805807
vn 0.0000000 1.0000000 0.0000000
vn 0.0000000 0.2676439 0.9635179
vn 0.0000000 1.0000000 0.0000000
vn -0.1744941 0.4472136 0.8772410
vn 0.0000000 1.0000000 0.0000000
vn -0.1744941 0.4472136 -0.8772410
vn 0.0000000 1.0000000 0.0000000
vn -0.1913018 -0.1961161 0.9617391
vn 0.0000000 1.0000000 0.0000000
vn -0.1913018 -0.1961161 -0.9617391
vn 0.0000000 1.0000000 0.0000000
vn 0.0645763 -0.9436283 -0.3246467
vn 0.0645763 -0.9436283 -0.3246467
vn 0.0645763 -0.9436283 0.3246467
vn 0.0645763 -0.9436283 0.3246467
vn -0.1927807 -0.1534181 0.9691741
vn -0.1927807 -0.1534181 -0.9691741
vn 0.0000000 1.0000000 0.0000000
vn 0.1879730 0.2676439 -0.9450042
vn 0.0000000 1.0000000 0.0000000
vn 0.1879730 0.2676439 0.9450042
vn -0.1882161 0.2631174 0.9462262
vn -0.1882161 0.2631174 -0.9462262
vn -0.1950903 0.0000000 0.9807853
vn 0.0000000 -1.0000000 0.0000000
vn -0.1950903 0.0000000 -0.9807853
vn 0.0000000 -1.0000000 0.0000000
vn -0.1950903 0.0000000 0.9807853
vn 0.0000000 1.0000000 0.0000000
vn -0.1950903 0.0000000 -0.9807853
vn 0.0000000 1.0000000 0.0000000
vn 0.1673725 -0.5137784 -0.8414382
vn 0.1673725 -0.5137784 0.8414382
vn -0.1950903 0.0000000 0.9807853
vn 0.0000000 -1.0000000 0.0000000
vn -0.1950903 0.0000000 -0.9807853
vn 0.0000000 -1.0000000 0.0000000
vn -0.1950903 0.0000000 0.9807853
vn 0.0000000 1.0000000 0.0000000
vn -0.1950903 0.0000000 -0.9807853
vn 0.0000000 1.0000000 0.0000000
vn -0.1950477 -0.0208988 0.9805711
vn -0.1950477 -0.0208988 -0.9805711
vn 0.0000000 -1.0000000 0.0000000
vn 0.1950903 0.0000000 -0.9807853
vn 0.0000000 -1.0000000 0.0000000
vn 0.1950903 0.0000000 0.9807853
vn 0.0000000 1.0000000 0.0000000
vn 0.1950903 0.0000000 -0.9807853
vn 0.0000000 1.0000000 0.0000000
vn 0.1950903 0.0000000 0.9807853
vn 0.0000000 -1.0000000 0.0000000
vn 0.1950903 0.0000000 -0.9807853
vn 0.0000000 -1.0000000 0.0000000
vn 0.1950903 0.0000000 0.9807853
vn 0.0000000 1.0000000 0.0000000
vn 0.1950903 0.0000000 -0.9807853
vn 0.0000000 1.0000000 0.0000000
vn 0.1950903 0.0000000 0.9807853
vn 0.1916221 0.1877209 -0.9633493
vn 0.1916221 0.1877209 0.9633493
vn 0.1938399 -0.1130387 -0.9744990
vn 0.1938399 -0.1130387 0.9744990
vn -0.1950903 0.0000000 0.9807853
vn 0.0000000 -1.0000000 0.0000000
vn -0.1950903 0.0000000 -0.9807853
vn 0.0000000 -1.0000000 0.0000000
vn -0.1950903 0.0000000 0.9807853
vn 0.0000000 1.0000000 0.0000000
vn -0.1950903 0.0000000 -0.9807853
vn 0.0000000 1.0000000 0.0000000
vn 0.1949927 0.0316371 -0.9802943
vn 0.1949927 0.0316371 0.9802943
vn 0.0000000 -1.0000000 0.0000000
vn 0.1950903 0.0000000 -0.9807853
vn 0.0000000 -1.0000000 0.0000000
vn 0.1950903 0.0000000 0.9807853
vn 0.0000000 1.0000000 0.0000000
vn 0.1950903 0.0000000 -0.9807853
vn 0.0000000 1.0000000 0.0000000
vn 0.1950903 0.0000000 0.9807853
vn -0.3422825 0.4472136 0.8263430
vn 0.0000000 1.0000000 0.0000000
vn -0.3422825 0.4472136 -0.8263430
vn 0.0000000 1.0000000 0.0000000
vn -0.3752520 -0.1961161 0.9059384
vn 0.0000000 1.0000000 0.0000000
vn -0.3752520 -0.1961161 -0.9059384
vn 0.0000000 1.0000000 0.0000000
vn 0.1266709 -0.9436283 -0.3058105
vn 0.1266709 -0.9436283 -0.3058105
vn 0.1266709 -0.9436283 0.3058105
vn 0.1266709 -0.9436283 0.3058105
vn -0.3781530 -0.1534181 0.9129421
vn -0.3781530 -0.1534181 -0.9129421
vn 0.0000000 1.0000000 0.0000000
vn 0.3687223 0.2676439 -0.8901745
vn 0.0000000 1.0000000 0.0000000
vn 0.3687223 0.2676439 0.8901745
vn -0.3691991 0.2631174 0.8913255
vn -0.3691991 0.2631174 -0.8913255
vn -0.3826834 0.0000000 0.9238795
vn 0.0000000 -1.0000000 0.0000000
vn -0.3826834 0.0000000 -0.9238795
vn 0.0000000 -1.0000000 0.0000000
vn -0.3826834 0.0000000 0.9238795
vn 0.0000000 1.0000000 0.0000000
vn -0.3826834 0.0000000 -0.9238795
vn 0.0000000 1.0000000 0.0000000
vn 0.3283129 -0.5137784 -0.7926175
vn 0.3283129 -0.5137784 0.7926175
vn -0.3826834 0.0000000 0.9238795
vn 0.0000000 -1.0000000 0.0000000
vn -0.3826834 0.0000000 -0.9238795
vn 0.0000000 -1.0000000 0.0000000
vn -0.3826834 0.0000000 0.9238795
vn 0.0000000 1.0000000 0.0000000
vn -0.3826834 0.0000000 -0.9238795
vn 0.0000000 1.0000000 0.0000000
vn -0.3825999 -0.0208988 0.9236778
vn -0.3825999 -0.0208988 -0.9236778
vn 0.0000000 -1.0000000 0.0000000
vn 0.3826834 0.0000000 -0.9238795
vn 0.0000000 -1.0000000 0.0000000
vn 0.3826834 0.0000000 0.9238795
vn 0.0000000 1.0000000 0.0000000
vn 0.3826834 0.0000000 -0.9238795
vn 0.0000000 1.0000000 0.0000000
vn 0.3826834 0.0000000 0.9238795
vn 0.0000000 -1.0000000 0.0000000
vn 0.3826834 0.0000000 -0.9238795
vn 0.0000000 -1.0000000 0.0000000
vn 0.3826834 0.0000000 0.9238795
vn 0.0000000 1.0000000 0.0000000
vn 0.3826834 0.0000000 -0.9238795
vn 0.0000000 1.0000000 0.0000000
vn 0.3826834 0.0000000 0.9238795
vn 0.3758802 0.1877209 -0.9074552
vn 0.3758802 0.1877209 0.9074552
vn -0.4969171 0.4472136 0.7436890
vn 0.0000000 1.0000000 0.0000000
vn -0.4969171 0.4472136 -0.7436890
vn 0.0000000 1.0000000 0.0000000
vn 0.3802307 -0.1130387 -0.9179580
vn 0.3802307 -0.1130387 0.9179580
vn -0.3826834 0.0000000 0.9238795
vn 0.0000000 -1.0000000 0.0000000
vn -0.3826834 0.0000000 -0.9238795
vn 0.0000000 -1.0000000 0.0000000
vn -0.3826834 0.0000000 0.9238795
vn 0.0000000 1.0000000 0.0000000
vn -0.3826834 0.0000000 -0.9238795
vn 0.0000000 1.0000000 0.0000000
vn 0.3824919 0.0316371 -0.9234171
vn 0.3824919 0.0316371 0.9234171
vn -0.5447814 -0.1961161 0.8153230
vn 0.0000000 1.0000000 0.0000000
vn -0.5447814 -0.1961161 -0.8153230
vn 0.0000000 1.0000000 0.0000000
vn 0.0000000 -1.0000000 0.0000000
vn 0.3826834 0.0000000 -0.9238795
vn 0.0000000 -1.0000000 0.0000000
vn 0.3826834 0.0000000 0.9238795
vn 0.0000000 1.0000000 0.0000000
vn 0.3826834 0.0000000 -0.9238795
vn 0.0000000 1.0000000 0.0000000
vn 0.3826834 0.0000000 0.9238795
vn 0.1838976 -0.9436283 -0.2752222
vn 0.1838976 -0.9436283 -0.2752222
vn 0.1838976 -0.9436283 0.2752222
vn 0.1838976 -0.9436283 0.2752222
vn -0.5489930 -0.1534181 0.8216261
vn -0.5489930 -0.1534181 -0.8216261
vn 0.0000000 1.0000000 0.0000000
vn 0.5353019 0.2676439 -0.8011359
vn 0.0000000 1.0000000 0.0000000
vn 0.5353019 0.2676439 0.8011359
vn -0.5359941 0.2631174 0.8021718
vn -0.5359941 0.2631174 -0.8021718
vn -0.6324555 0.4472136 0.6324555
vn 0.0000000 1.0000000 0.0000000
vn -0.6324555 0.4472136 -0.6324555
vn 0.0000000 1.0000000 0.0000000
vn -0.5555702 0.0000000 0.8314696
vn 0.0000000 -1.0000000 0.0000000
vn -0.5555702 0.0000000 -0.8314696
vn 0.0000000 -1.0000000 0.0000000
vn -0.5555702 0.0000000 0.8314696
vn 0.0000000 1.0000000 0.0000000
vn -0.5555702 0.0000000 -0.8314696
vn 0.0000000 1.0000000 0.0000000
vn 0.4766365 -0.5137784 -0.7133369
vn 0.4766365 -0.5137784 0.7133369
vn -0.5555702 0.0000000 0.8314696
vn 0.0000000 -1.0000000 0.0000000
vn -0.5555702 0.0000000 -0.8314696
vn 0.0000000 -1.0000000 0.0000000
vn -0.5555702 0.0000000 0.8314696
vn 0.0000000 1.0000000 0.0000000
vn -0.5555702 0.0000000 -0.8314696
vn 0.0000000 1.0000000 0.0000000
vn -0.5554489 -0.0208988 0.8312880
vn -0.5554489 -0.0208988 -0.8312880
vn 0.0000000 -1.0000000 0.0000000
vn 0.5555702 0.0000000 -0.8314696
vn 0.0000000 -1.0000000 0.0000000
vn 0.5555702 0.0000000 0.8314696
vn 0.0000000 1.0000000 0.0000000
vn 0.5555702 0.0000000 -0.8314696
vn 0.0000000 1.0000000 0.0000000
vn 0.5555702 0.0000000 0.8314696
vn -0.6933752 -0.1961161 0.6933752
vn 0.0000000 1.0000000 0.0000000
vn -0.6933752 -0.1961161 -0.6933752
vn 0.0000000 1.0000000 0.0000000
vn 0.0000000 -1.0000000 0.0000000
vn 0.5555702 0.0000000 -0.8314696
vn 0.0000000 -1.0000000 0.0000000
vn 0.5555702 0.0000000 0.8314696
vn 0.0000000 1.0000000 0.0000000
vn 0.5555702 0.0000000 -0.8314696
vn 0.0000000 1.0000000 0.0000000
vn 0.5555702 0.0000000 0.8314696
vn 0.2340573 -0.9436283 -0.2340573
vn 0.2340573 -0.9436283 -0.2340573
vn 0.2340573 -0.9436283 0.2340573
vn 0.2340573 -0.9436283 0.2340573
vn 0.5456935 0.1877209 -0.8166881
vn 0.5456935 0.1877209 0.8166881
vn -0.7436890 0.4472136 0.4969171
vn 0.0000000 1.0000000 0.0000000
vn -0.7436890 0.4472136 -0.4969171
vn 0.0000000 1.0000000 0.0000000
vn 0.5520094 -0.1130387 -0.8261404
vn 0.5520094 -0.1130387 0.8261404
vn -0.5555702 0.0000000 0.8314696
vn 0.0000000 -1.0000000 0.0000000
vn -0.5555702 0.0000000 -0.8314696
vn 0.0000000 -1.0000000 0.0000000
vn -0.5555702 0.0000000 0.8314696
vn 0.0000000 1.0000000 0.0000000
vn -0.5555702 0.0000000 -0.8314696
vn 0.0000000 1.0000000 0.0000000
vn 0.5552921 0.0316371 -0.8310534
vn 0.5552921 0.0316371 0.8310534
vn -0.6987356 -0.1534181 0.6987356
vn -0.6987356 -0.1534181 -0.6987356
vn 0.0000000 1.0000000 0.0000000
vn 0.6813100 0.2676439 -0.6813100
vn 0.0000000 1.0000000 0.0000000
vn 0.6813100 0.2676439 0.6813100
vn 0.0000000 -1.0000000 0.0000000
vn 0.5555702 0.0000000 -0.8314696
vn 0.0000000 -1.0000000 0.0000000
vn 0.5555702 0.0000000 0.8314696
vn 0.0000000 1.0000000 0.0000000
vn 0.5555702 0.0000000 -0.8314696
vn 0.0000000 1.0000000 0.0000000
vn 0.5555702 0.0000000 0.8314696
vn -0.8153230 -0.1961161 0.5447814
vn 0.0000000 1.0000000 0.0000000
vn -0.8153230 -0.1961161 -0.5447814
vn 0.0000000 1.0000000 0.0000000
vn -0.6821910 0.2631174 0.6821910
vn -0.6821910 0.2631174 -0.6821910
vn -0.7071068 0.0000000 0.7071068
vn 0.0000000 -1.0000000 0.0000000
vn -0.7071068 0.0000000 -0.7071068
vn 0.0000000 -1.0000000 0.0000000
vn -0.7071068 0.0000000 0.7071068
vn 0.0000000 1.0000000 0.0000000
vn -0.7071068 0.0000000 -0.7071068
vn 0.0000000 1.0000000 0.0000000
vn -0.8263430 0.4472136 0.3422825
vn 0.0000000 1.0000000 0.0000000
vn -0.8263430 0.4472136 -0.3422825
vn 0.0000000 1.0000000 0.0000000
vn 0.6066431 -0.5137784 -0.6066431
vn 0.6066431 -0.5137784 0.6066431
vn -0.7071068 0.0000000 0.7071068
vn 0.0000000 -1.0000000 0.0000000
vn -0.7071068 0.0000000 -0.7071068
vn 0.0000000 -1.0000000 0.0000000
vn -0.7071068 0.0000000 0.7071068
vn 0.0000000 1.0000000 0.0000000
vn -0.7071068 0.0000000 -0.7071068
vn 0.0000000 1.0000000 0.0000000
vn 0.2752222 -0.9436283 -0.1838976
vn 0.2752222 -0.9436283 -0.1838976
vn 0.2752222 -0.9436283 0.1838976
vn 0.2752222 -0.9436283 0.1838976
vn -0.7069523 -0.0208988 0.7069523
vn -0.7069523 -0.0208988 -0.7069523
vn 0.0000000 -1.0000000 0.0000000
vn 0.7071068 0.0000000 -0.7071068
vn 0.0000000 -1.0000000 0.0000000
vn 0.7071068 0.0000000 0.7071068
vn 0.0000000 1.0000000 0.0000000
vn 0.7071068 0.0000000 -0.7071068
vn 0.0000000 1.0000000 0.0000000
vn 0.7071068 0.0000000 0.7071068
vn -0.8772410 0.4472136 0.1744941
vn 0.0000000 1.0000000 0.0000000
vn -0.8772410 0.4472136 -0.1744941
vn 0.0000000 1.0000000 0.0000000
vn 0.0000000 -1.0000000 0.0000000
vn 0.7071068 0.0000000 -0.7071068
vn 0.0000000 -1.0000000 0.0000000
vn 0.7071068 0.0000000 0.7071068
vn 0.0000000 1.0000000 0.0000000
vn 0.7071068 0.0000000 -0.7071068
vn 0.0000000 1.0000000 0.0000000
vn 0.7071068 0.0000000 0.7071068
vn -0.9059384 -0.1961161 0.3752520
vn 0.0000000 1.0000000 0.0000000
vn -0.9059384 -0.1961161 -0.3752520
vn 0.0000000 1.0000000 0.0000000
vn -0.8944272 0.4472136 0.0000000
vn -0.8944272 0.4472136 0.0000000
vn 0.0000000 1.0000000 0.0000000
vn 0.6945361 0.1877209 -0.6945361
vn 0.6945361 0.1877209 0.6945361
vn -0.8216261 -0.1534181 0.5489930
vn -0.8216261 -0.1534181 -0.5489930
vn 0.0000000 1.0000000 0.0000000
vn 0.8011359 0.2676439 -0.5353019
vn 0.0000000 1.0000000 0.0000000
vn 0.8011359 0.2676439 0.5353019
vn 0.3058105 -0.9436283 -0.1266709
vn 0.3058105 -0.9436283 -0.1266709
vn 0.3058105 -0.9436283 0.1266709
vn 0.3058105 -0.9436283 0.1266709
vn -0.8021718 0.2631174 0.5359941
vn -0.8021718 0.2631174 -0.5359941
vn -0.9617391 -0.1961161 0.1913018
vn 0.0000000 1.0000000 0.0000000
vn -0.9617391 -0.1961161 -0.1913018
vn 0.0000000 1.0000000 0.0000000
vn 0.7025746 -0.1130387 -0.7025746
vn 0.7025746 -0.1130387 0.7025746
vn -0.8314696 0.0000000 0.5555702
vn 0.0000000 -1.0000000 0.0000000
vn -0.8314696 0.0000000 -0.5555702
vn 0.0000000 -1.0000000 0.0000000
vn -0.8314696 0.0000000 0.5555702
vn 0.0000000 1.0000000 0.0000000
vn -0.8314696 0.0000000 -0.5555702
vn 0.0000000 1.0000000 0.0000000
vn -0.7071068 0.0000000 0.7071068
vn 0.0000000 -1.0000000 0.0000000
vn -0.7071068 0.0000000 -0.7071068
vn 0.0000000 -1.0000000 0.0000000
vn -0.7071068 0.0000000 0.7071068
vn 0.0000000 1.0000000 0.0000000
vn -0.7071068 0.0000000 -0.7071068
vn 0.0000000 1.0000000 0.0000000
vn -0.9805807 -0.1961161 0.0000000
vn -0.9805807 -0.1961161 0.0000000
vn 0.0000000 1.0000000 0.0000000
vn 0.7133369 -0.5137784 -0.4766365
vn 0.7133369 -0.5137784 0.4766365
vn 0.7067528 0.0316371 -0.7067528
vn 0.7067528 0.0316371 0.7067528
vn -0.8314696 0.0000000 0.5555702
vn 0.0000000 -1.0000000 0.0000000
vn -0.8314696 0.0000000 -0.5555702
vn 0.0000000 -1.0000000 0.0000000
vn -0.8314696 0.0000000 0.5555702
vn 0.0000000 1.0000000 0.0000000
vn -0.8314696 0.0000000 -0.5555702
vn 0.0000000 1.0000000 0.0000000
vn 0.3246467 -0.9436283 -0.0645763
vn 0.3246467 -0.9436283 -0.0645763
vn 0.3246467 -0.9436283 0.0645763
vn 0.3246467 -0.9436283 0.0645763
vn 0.3310069 -0.9436283 0.0000000
vn 0.3310069 -0.9436283 0.0000000
vn 0.3310069 -0.9436283 -0.0000000
vn -0.8312880 -0.0208988 0.5554489
vn -0.8312880 -0.0208988 -0.5554489
vn 0.0000000 -1.0000000 0.0000000
vn 0.7071068 0.0000000 -0.7071068
vn 0.0000000 -1.0000000 0.0000000
vn 0.7071068 0.0000000 0.7071068
vn 0.0000000 1.0000000 0.0000000
vn 0.7071068 0.0000000 -0.7071068
vn 0.0000000 1.0000000 0.0000000
vn 0.7071068 0.0000000 0.7071068
vn -0.9129421 -0.1534181 0.3781530
vn -0.9129421 -0.1534181 -0.3781530
vn 0.0000000 1.0000000 0.0000000
vn 0.8901745 0.2676439 -0.3687223
vn 0.0000000 1.0000000 0.0000000
vn 0.8901745 0.2676439 0.3687223
vn 0.0000000 -1.0000000 0.0000000
vn 0.8314696 0.0000000 -0.5555702
vn 0.0000000 -1.0000000 0.0000000
vn 0.8314696 0.0000000 0.5555702
vn 0.0000000 1.0000000 0.0000000
vn 0.8314696 0.0000000 -0.5555702
vn 0.0000000 1.0000000 0.0000000
vn 0.8314696 0.0000000 0.5555702
vn 0.0000000 -1.0000000 0.0000000
vn 0.8314696 0.0000000 -0.5555702
vn 0.0000000 -1.0000000 0.0000000
vn 0.8314696 0.0000000 0.5555702
vn 0.0000000 1.0000000 0.0000000
vn 0.8314696 0.0000000 -0.5555702
vn 0.0000000 1.0000000 0.0000000
vn 0.8314696 0.0000000 0.5555702
vn -0.8913255 0.2631174 0.3691991
vn -0.8913255 0.2631174 -0.3691991
vn -0.9238795 0.0000000 0.3826834
vn 0.0000000 -1.0000000 0.0000000
vn -0.9238795 0.0000000 -0.3826834
vn 0.0000000 -1.0000000 0.0000000
vn -0.9238795 0.0000000 0.3826834
vn 0.0000000 1.0000000 0.0000000
vn -0.9238795 0.0000000 -0.3826834
vn 0.0000000 1.0000000 0.0000000
vn 0.8166881 0.1877209 -0.5456935
vn 0.8166881 0.1877209 0.5456935
vn -0.9691741 -0.1534181 0.1927807
vn -0.9691741 -0.1534181 -0.1927807
vn 0.0000000 1.0000000 0.0000000
vn 0.9450042 0.2676439 -0.1879730
vn 0.0000000 1.0000000 0.0000000
vn 0.9450042 0.2676439 0.1879730
vn 0.7926175 -0.5137784 -0.3283129
vn 0.7926175 -0.5137784 0.3283129
vn -0.9238795 0.0000000 0.3826834
vn 0.0000000 -1.0000000 0.0000000
vn -0.9238795 0.0000000 -0.3826834
vn 0.0000000 -1.0000000 0.0000000
vn -0.9238795 0.0000000 0.3826834
vn 0.0000000 1.0000000 0.0000000
vn -0.9238795 0.0000000 -0.3826834
vn 0.0000000 1.0000000 0.0000000
vn -0.9881614 -0.1534181 0.0000000
vn -0.9881614 -0.1534181 0.0000000
vn 0.0000000 1.0000000 0.0000000
vn 0.9635179 0.2676439 0.0000000
vn 0.9635179 0.2676439 -0.0000000
vn -0.9236778 -0.0208988 0.3825999
vn -0.9236778 -0.0208988 -0.3825999
vn -0.9462262 0.2631174 0.1882161
vn -0.9462262 0.2631174 -0.1882161
vn 0.8261404 -0.1130387 -0.5520094
vn 0.8261404 -0.1130387 0.5520094
vn -0.9807853 0.0000000 0.1950903
vn 0.0000000 -1.0000000 0.0000000
vn -0.9807853 0.0000000 -0.1950903
vn 0.0000000 -1.0000000 0.0000000
vn -0.9807853 0.0000000 0.1950903
vn 0.0000000 1.0000000 0.0000000
vn -0.9807853 0.0000000 -0.1950903
vn 0.0000000 1.0000000 0.0000000
vn -0.8314696 0.0000000 0.5555702
vn 0.0000000 -1.0000000 0.0000000
vn -0.8314696 0.0000000 -0.5555702
vn 0.0000000 -1.0000000 0.0000000
vn -0.8314696 0.0000000 0.5555702
vn 0.0000000 1.0000000 0.0000000
vn -0.8314696 0.0000000 -0.5555702
vn 0.0000000 1.0000000 0.0000000
vn 0.0000000 -1.0000000 0.0000000
vn 0.9238795 0.0000000 -0.3826834
vn 0.0000000 -1.0000000 0.0000000
vn 0.9238795 0.0000000 0.3826834
vn 0.0000000 1.0000000 0.0000000
vn 0.9238795 0.0000000 -0.3826834
vn 0.0000000 1.0000000 0.0000000
vn 0.9238795 0.0000000 0.3826834
vn -0.9647638 0.2631174 0.0000000
vn -0.9647638 0.2631174 0.0000000
vn -1.0000000 0.0000000 0.0000000
vn -1.0000000 0.0000000 0.0000000
vn 0.0000000 -1.0000000 0.0000000
vn -1.0000000 0.0000000 0.0000000
vn -1.0000000 0.0000000 0.0000000
vn 0.0000000 1.0000000 0.0000000
vn 0.8310534 0.0316371 -0.5552921
vn 0.8310534 0.0316371 0.5552921
vn 0.8414382 -0.5137784 -0.1673725
vn 0.8414382 -0.5137784 0.1673725
vn -0.9807853 0.0000000 0.1950903
vn 0.0000000 -1.0000000 0.0000000
vn -0.9807853 0.0000000 -0.1950903
vn 0.0000000 -1.0000000 0.0000000
vn -0.9807853 0.0000000 0.1950903
vn 0.0000000 1.0000000 0.0000000
vn -0.9807853 0.0000000 -0.1950903
vn 0.0000000 1.0000000 0.0000000
vn 0.0000000 -1.0000000 0.0000000
vn 0.9238795 0.0000000 -0.3826834
vn 0.0000000 -1.0000000 0.0000000
vn 0.9238795 0.0000000 0.3826834
vn 0.0000000 1.0000000 0.0000000
vn 0.9238795 0.0000000 -0.3826834
vn 0.0000000 1.0000000 0.0000000
vn 0.9238795 0.0000000 0.3826834
vn 0.8579229 -0.5137784 0.0000000
vn 0.8579229 -0.5137784 -0.0000000
vn -1.0000000 0.0000000 0.0000000
vn -1.0000000 0.0000000 0.0000000
vn 0.0000000 -1.0000000 0.0000000
vn -1.0000000 0.0000000 0.0000000
vn -1.0000000 0.0000000 0.0000000
vn 0.0000000 1.0000000 0.0000000
vn 0.9074552 0.1877209 -0.3758802
vn 0.9074552 0.1877209 0.3758802
vn -0.9805711 -0.0208988 0.1950477
vn -0.9805711 -0.0208988 -0.1950477
vn 0.0000000 -1.0000000 0.0000000
vn 0.8314696 0.0000000 -0.5555702
vn 0.0000000 -1.0000000 0.0000000
vn 0.8314696 0.0000000 0.5555702
vn 0.0000000 1.0000000 0.0000000
vn 0.8314696 0.0000000 -0.5555702
vn 0.0000000 1.0000000 0.0000000
vn 0.8314696 0.0000000 0.5555702
vn 0.0000000 -1.0000000 0.0000000
vn 0.9807853 0.0000000 -0.1950903
vn 0.0000000 -1.0000000 0.0000000
vn 0.9807853 0.0000000 0.1950903
vn 0.0000000 1.0000000 0.0000000
vn 0.9807853 0.0000000 -0.1950903
vn 0.0000000 1.0000000 0.0000000
vn 0.9807853 0.0000000 0.1950903
vn -0.9997816 -0.0208988 0.0000000
vn -0.9997816 -0.0208988 0.0000000
vn 0.0000000 -1.0000000 0.0000000
vn 1.0000000 0.0000000 0.0000000
vn 1.0000000 0.0000000 -0.0000000
vn 0.0000000 1.0000000 0.0000000
vn 1.0000000 0.0000000 0.0000000
vn 1.0000000 0.0000000 -0.0000000
vn 0.0000000 -1.0000000 0.0000000
vn 0.9807853 0.0000000 -0.1950903
vn 0.0000000 -1.0000000 0.0000000
vn 0.9807853 0.0000000 0.1950903
vn 0.0000000 1.0000000 0.0000000
vn 0.9807853 0.0000000 -0.1950903
vn 0.0000000 1.0000000 0.0000000
vn 0.9807853 0.0000000 0.1950903
vn 0.9179580 -0.1130387 -0.3802307
vn 0.9179580 -0.1130387 0.3802307
vn -0.9238795 0.0000000 0.3826834
vn 0.0000000 -1.0000000 0.0000000
vn -0.9238795 0.0000000 -0.3826834
vn 0.0000000 -1.0000000 0.0000000
vn -0.9238795 0.0000000 0.3826834
vn 0.0000000 1.0000000 0.0000000
vn -0.9238795 0.0000000 -0.3826834
vn 0.0000000 1.0000000 0.0000000
vn 0.9633493 0.1877209 -0.1916221
vn 0.9633493 0.1877209 0.1916221
vn 0.0000000 -1.0000000 0.0000000
vn 1.0000000 0.0000000 0.0000000
vn 1.0000000 0.0000000 -0.0000000
vn 0.0000000 1.0000000 0.0000000
vn 1.0000000 0.0000000 0.0000000
vn 1.0000000 0.0000000 -0.0000000
vn 0.9234171 0.0316371 -0.3824919
vn 0.9234171 0.0316371 0.3824919
vn 0.9822224 0.1877209 0.0000000
vn 0.9822224 0.1877209 -0.0000000
vn 0.9744990 -0.1130387 -0.1938399
vn 0.9744990 -0.1130387 0.1938399
vn 0.0000000 -1.0000000 0.0000000
vn 0.9238795 0.0000000 -0.3826834
vn 0.0000000 -1.0000000 0.0000000
vn 0.9238795 0.0000000 0.3826834
vn 0.0000000 1.0000000 0.0000000
vn 0.9238795 0.0000000 -0.3826834
vn 0.0000000 1.0000000 0.0000000
vn 0.9238795 0.0000000 0.3826834
vn -0.9807853 0.0000000 0.1950903
vn 0.0000000 -1.0000000 0.0000000
vn -0.9807853 0.0000000 -0.1950903
vn 0.0000000 -1.0000000 0.0000000
vn -0.9807853 0.0000000 0.1950903
vn 0.0000000 1.0000000 0.0000000
vn -0.9807853 0.0000000 -0.1950903
vn 0.0000000 1.0000000 0.0000000
vn 0.9935906 -0.1130387 0.0000000
vn 0.9935906 -0.1130387 -0.0000000
vn -1.0000000 0.0000000 0.0000000
vn -1.0000000 0.0000000 0.0000000
vn 0.0000000 -1.0000000 0.0000000
vn -1.0000000 0.0000000 0.0000000
vn -1.0000000 0.0000000 0.0000000
vn 0.0000000 1.0000000 0.0000000
vn 0.9802943 0.0316371 -0.1949927
vn 0.9802943 0.0316371 0.1949927
vn 0.9994994 0.0316371 0.0000000
vn 0.9994994 0.0316371 -0.0000000
vn 0.0000000 -1.0000000 0.0000000
vn 0.9807853 0.0000000 -0.1950903
vn 0.0000000 -1.0000000 0.0000000
vn 0.9807853 0.0000000 0.1950903
vn 0.0000000 1.0000000 0.0000000
vn 0.9807853 0.0000000 -0.1950903
vn 0.0000000 1.0000000 0.0000000
vn 0.9807853 0.0000000 0.1950903
vn 0.0000000 -1.0000000 0.0000000
vn 1.0000000 0.0000000 0.0000000
vn 1.0000000 0.0000000 -0.0000000
vn 0.0000000 1.0000000 0.0000000
vn 1.0000000 0.0000000 0.0000000
vn 1.0000000 0.0000000 -0.0000000
o 17_Barril_Abierto_Iron
usemtl Iron
s 1
f 1168/1168/1168 1202/1202/1202 1151/1151/1151
f 1168/1168/1168 1220/1220/1220 1202/1202/1202
f 1151/1151/1151 1158/1158/1158 1096/1096/1096
f 1151/1151/1151 1202/1202/1202 1158/1158/1158
f 1096/1096/1096 1067/1067/1067 1029/1029/1029
f 1096/1096/1096 1158/1158/1158 1067/1067/1067
f 1029/1029/1029 970/970/970 945/945/945
f 1029/1029/1029 1067/1067/1067 970/970/970
f 945/945/945 880/880/880 859/859/859
f 945/945/945 970/970/970 880/880/880
f 859/859/859 794/794/794 777/777/777
f 859/859/859 880/880/880 794/794/794
f 777/777/777 716/716/716 699/699/699
f 777/777/777 794/794/794 716/716/716
f 699/699/699 599/599/599 597/597/597
f 699/699/699 716/716/716 599/599/599
f 597/597/597 533/533/533 550/550/550
f 597/597/597 599/599/599 533/533/533
f 550/550/550 455/455/455 472/472/472
f 550/550/550 533/533/533 455/455/455
f 472/472/472 369/369/369 390/390/390
f 472/472/472 455/455/455 369/369/369
f 390/390/390 279/279/279 304/304/304
f 390/390/390 369/369/369 279/279/279
f 304/304/304 185/185/185 222/222/222
f 304/304/304 279/279/279 185/185/185
f 222/222/222 99/99/99 156/156/156
f 222/222/222 185/185/185 99/99/99
f 156/156/156 61/61/61 106/106/106
f 156/156/156 99/99/99 61/61/61
f 106/106/106 43/43/43 91/91/91
f 106/106/106 61/61/61 43/43/43
f 91/91/91 59/59/59 104/104/104
f 91/91/91 43/43/43 59/59/59
f 104/104/104 97/97/97 154/154/154
f 104/104/104 59/59/59 97/97/97
f 154/154/154 183/183/183 220/220/220
f 154/154/154 97/97/97 183/183/183
f 220/220/220 277/277/277 302/302/302
f 220/220/220 183/183/183 277/277/277
f 302/302/302 367/367/367 388/388/388
f 302/302/302 277/277/277 367/367/367
f 388/388/388 453/453/453 470/470/470
f 388/388/388 367/367/367 453/453/453
f 470/470/470 531/531/531 548/548/548
f 470/470/470 453/453/453 531/531/531
f 548/548/548 593/593/593 595/595/595
f 548/548/548 531/531/531 593/593/593
f 595/595/595 714/714/714 697/697/697
f 595/595/595 593/593/593 714/714/714
f 697/697/697 792/792/792 775/775/775
f 697/697/697 714/714/714 792/792/792
f 775/775/775 878/878/878 857/857/857
f 775/775/775 792/792/792 878/878/878
f 857/857/857 968/968/968 943/943/943
f 857/857/857 878/878/878 968/968/968
f 943/943/943 1065/1065/1065 1027/1027/1027
f 943/943/943 968/968/968 1065/1065/1065
f 1027/1027/1027 1156/1156/1156 1094/1094/1094
f 1027/1027/1027 1065/1065/1065 1156/1156/1156
f 1094/1094/1094 1200/1200/1200 1149/1149/1149
f 1094/1094/1094 1156/1156/1156 1200/1200/1200
f 1149/1149/1149 1220/1220/1220 1168/1168/1168
f 1149/1149/1149 1200/1200/1200 1220/1220/1220
f 1221/1221/1221 1207/1207/1207 1203/1203/1203
f 1221/1221/1221 1224/1224/1224 1207/1207/1207
f 1203/1203/1203 1163/1163/1163 1159/1159/1159
f 1203/1203/1203 1207/1207/1207 1163/1163/1163
f 1159/1159/1159 1072/1072/1072 1068/1068/1068
f 1159/1159/1159 1163/1163/1163 1072/1072/1072
f 1068/1068/1068 975/975/975 971/971/971
f 1068/1068/1068 1072/1072/1072 975/975/975
f 971/971/971 885/885/885 881/881/881
f 971/971/971 975/975/975 885/885/885
f 881/881/881 799/799/799 795/795/795
f 881/881/881 885/885/885 799/799/799
f 795/795/795 721/721/721 717/717/717
f 795/795/795 799/799/799 721/721/721
f 717/717/717 612/612/612 600/600/600
f 717/717/717 721/721/721 612/612/612
f 600/600/600 536/536/536 532/532/532
f 600/600/600 612/612/612 536/536/536
f 532/532/532 458/458/458 454/454/454
f 532/532/532 536/536/536 458/458/458
f 454/454/454 372/372/372 368/368/368
f 454/454/454 458/458/458 372/372/372
f 368/368/368 282/282/282 278/278/278
f 368/368/368 372/372/372 282/282/282
f 278/278/278 188/188/188 184/184/184
f 278/278/278 282/282/282 188/188/188
f 184/184/184 102/102/102 98/98/98
f 184/184/184 188/188/188 102/102/102
f 98/98/98 64/64/64 60/60/60
f 98/98/98 102/102/102 64/64/64
f 60/60/60 44/44/44 42/42/42
f 60/60/60 64/64/64 44/44/44
f 42/42/42 62/62/62 58/58/58
f 42/42/42 44/44/44 62/62/62
f 58/58/58 100/100/100 96/96/96
f 58/58/58 62/62/62 100/100/100
f 96/96/96 186/186/186 182/182/182
f 96/96/96 100/100/100 186/186/186
f 182/182/182 280/280/280 276/276/276
f 182/182/182 186/186/186 280/280/280
f 276/276/276 370/370/370 366/366/366
f 276/276/276 280/280/280 370/370/370
f 366/366/366 456/456/456 452/452/452
f 366/366/366 370/370/370 456/456/456
f 452/452/452 534/534/534 530/530/530
f 452/452/452 456/456/456 534/534/534
f 530/530/530 606/606/606 594/594/594
f 530/530/530 534/534/534 606/606/606
f 594/594/594 719/719/719 715/715/715
f 594/594/594 606/606/606 719/719/719
f 715/715/715 797/797/797 793/793/793
f 715/715/715 719/719/719 797/797/797
f 793/793/793 883/883/883 879/879/879
f 793/793/793 797/797/797 883/883/883
f 879/879/879 973/973/973 969/969/969
f 879/879/879 883/883/883 973/973/973
f 969/969/969 1070/1070/1070 1066/1066/1066
f 969/969/969 973/973/973 1070/1070/1070
f 1066/1066/1066 1161/1161/1161 1157/1157/1157
f 1066/1066/1066 1070/1070/1070 1161/1161/1161
f 1157/1157/1157 1205/1205/1205 1201/1201/1201
f 1157/1157/1157 1161/1161/1161 1205/1205/1205
f 1201/1201/1201 1225/1225/1225 1222/1222/1222
f 1201/1201/1201 1205/1205/1205 1225/1225/1225
f 1223/1223/1223 1155/1155/1155 1206/1206/1206
f 1223/1223/1223 1171/1171/1171 1155/1155/1155
f 1206/1206/1206 1100/1100/1100 1162/1162/1162
f 1206/1206/1206 1155/1155/1155 1100/1100/1100
f 1162/1162/1162 1033/1033/1033 1071/1071/1071
f 1162/1162/1162 1100/1100/1100 1033/1033/1033
f 1071/1071/1071 949/949/949 974/974/974
f 1071/1071/1071 1033/1033/1033 949/949/949
f 974/974/974 863/863/863 884/884/884
f 974/974/974 949/949/949 863/863/863
f 884/884/884 781/781/781 798/798/798
f 884/884/884 863/863/863 781/781/781
f 798/798/798 703/703/703 720/720/720
f 798/798/798 781/781/781 703/703/703
f 720/720/720 611/611/611 613/613/613
f 720/720/720 703/703/703 611/611/611
f 613/613/613 554/554/554 537/537/537
f 613/613/613 611/611/611 554/554/554
f 537/537/537 476/476/476 459/459/459
f 537/537/537 554/554/554 476/476/476
f 459/459/459 394/394/394 373/373/373
f 459/459/459 476/476/476 394/394/394
f 373/373/373 308/308/308 283/283/283
f 373/373/373 394/394/394 308/308/308
f 283/283/283 226/226/226 189/189/189
f 283/283/283 308/308/308 226/226/226
f 189/189/189 160/160/160 103/103/103
f 189/189/189 226/226/226 160/160/160
f 103/103/103 110/110/110 65/65/65
f 103/103/103 160/160/160 110/110/110
f 65/65/65 93/93/93 45/45/45
f 65/65/65 110/110/110 93/93/93
f 45/45/45 108/108/108 63/63/63
f 45/45/45 93/93/93 108/108/108
f 63/63/63 158/158/158 101/101/101
f 63/63/63 108/108/108 158/158/158
f 101/101/101 224/224/224 187/187/187
f 101/101/101 158/158/158 224/224/224
f 187/187/187 306/306/306 281/281/281
f 187/187/187 224/224/224 306/306/306
f 281/281/281 392/392/392 371/371/371
f 281/281/281 306/306/306 392/392/392
f 371/371/371 474/474/474 457/457/457
f 371/371/371 392/392/392 474/474/474
f 457/457/457 552/552/552 535/535/535
f 457/457/457 474/474/474 552/552/552
f 535/535/535 609/609/609 607/607/607
f 535/535/535 552/552/552 609/609/609
f 607/607/607 701/701/701 718/718/718
f 607/607/607 609/609/609 701/701/701
f 718/718/718 779/779/779 796/796/796
f 718/718/718 701/701/701 779/779/779
f 796/796/796 861/861/861 882/882/882
f 796/796/796 779/779/779 861/861/861
f 882/882/882 947/947/947 972/972/972
f 882/882/882 861/861/861 947/947/947
f 972/972/972 1031/1031/1031 1069/1069/1069
f 972/972/972 947/947/947 1031/1031/1031
f 1069/1069/1069 1098/1098/1098 1160/1160/1160
f 1069/1069/1069 1031/1031/1031 1098/1098/1098
f 1160/1160/1160 1153/1153/1153 1204/1204/1204
f 1160/1160/1160 1098/1098/1098 1153/1153/1153
f 1204/1204/1204 1171/1171/1171 1223/1223/1223
f 1204/1204/1204 1153/1153/1153 1171/1171/1171
f 1169/1169/1169 1150/1150/1150 1154/1154/1154
f 1169/1169/1169 1166/1166/1166 1150/1150/1150
f 1154/1154/1154 1095/1095/1095 1099/1099/1099
f 1154/1154/1154 1150/1150/1150 1095/1095/1095
f 1099/1099/1099 1028/1028/1028 1032/1032/1032
f 1099/1099/1099 1095/1095/1095 1028/1028/1028
f 1032/1032/1032 944/944/944 948/948/948
f 1032/1032/1032 1028/1028/1028 944/944/944
f 948/948/948 858/858/858 862/862/862
f 948/948/948 944/944/944 858/858/858
f 862/862/862 776/776/776 780/780/780
f 862/862/862 858/858/858 776/776/776
f 780/780/780 698/698/698 702/702/702
f 780/780/780 776/776/776 698/698/698
f 702/702/702 598/598/598 610/610/610
f 702/702/702 698/698/698 598/598/598
f 610/610/610 551/551/551 555/555/555
f 610/610/610 598/598/598 551/551/551
f 555/555/555 473/473/473 477/477/477
f 555/555/555 551/551/551 473/473/473
f 477/477/477 391/391/391 395/395/395
f 477/477/477 473/473/473 391/391/391
f 395/395/395 305/305/305 309/309/309
f 395/395/395 391/391/391 305/305/305
f 309/309/309 223/223/223 227/227/227
f 309/309/309 305/305/305 223/223/223
f 227/227/227 157/157/157 161/161/161
f 227/227/227 223/223/223 157/157/157
f 161/161/161 107/107/107 111/111/111
f 161/161/161 157/157/157 107/107/107
f 111/111/111 92/92/92 94/94/94
f 111/111/111 107/107/107 92/92/92
f 94/94/94 105/105/105 109/109/109
f 94/94/94 92/92/92 105/105/105
f 109/109/109 155/155/155 159/159/159
f 109/109/109 105/105/105 155/155/155
f 159/159/159 221/221/221 225/225/225
f 159/159/159 155/155/155 221/221/221
f 225/225/225 303/303/303 307/307/307
f 225/225/225 221/221/221 303/303/303
f 307/307/307 389/389/389 393/393/393
f 307/307/307 303/303/303 389/389/389
f 393/393/393 471/471/471 475/475/475
f 393/393/393 389/389/389 471/471/471
f 475/475/475 549/549/549 553/553/553
f 475/475/475 471/471/471 549/549/549
f 553/553/553 596/596/596 608/608/608
f 553/553/553 549/549/549 596/596/596
f 608/608/608 696/696/696 700/700/700
f 608/608/608 596/596/596 696/696/696
f 700/700/700 774/774/774 778/778/778
f 700/700/700 696/696/696 774/774/774
f 778/778/778 856/856/856 860/860/860
f 778/778/778 774/774/774 856/856/856
f 860/860/860 942/942/942 946/946/946
f 860/860/860 856/856/856 942/942/942
f 946/946/946 1026/1026/1026 1030/1030/1030
f 946/946/946 942/942/942 1026/1026/1026
f 1030/1030/1030 1093/1093/1093 1097/1097/1097
f 1030/1030/1030 1026/1026/1026 1093/1093/1093
f 1097/1097/1097 1148/1148/1148 1152/1152/1152
f 1097/1097/1097 1093/1093/1093 1148/1148/1148
f 1152/1152/1152 1167/1167/1167 1170/1170/1170
f 1152/1152/1152 1148/1148/1148 1167/1167/1167
f 1252/1252/1252 1262/1262/1262 1243/1243/1243
f 1252/1252/1252 1268/1268/1268 1262/1262/1262
f 1243/1243/1243 1234/1234/1234 1213/1213/1213
f 1243/1243/1243 1262/1262/1262 1234/1234/1234
f 1213/1213/1213 1178/1178/1178 1123/1123/1123
f 1213/1213/1213 1234/1234/1234 1178/1178/1178
f 1123/1123/1123 1045/1045/1045 1014/1014/1014
f 1123/1123/1123 1178/1178/1178 1045/1045/1045
f 1014/1014/1014 916/916/916 901/901/901
f 1014/1014/1014 1045/1045/1045 916/916/916
f 901/901/901 824/824/824 811/811/811
f 901/901/901 916/916/916 824/824/824
f 811/811/811 738/738/738 729/729/729
f 811/811/811 824/824/824 738/738/738
f 729/729/729 624/624/624 622/622/622
f 729/729/729 738/738/738 624/624/624
f 622/622/622 511/511/511 520/520/520
f 622/622/622 624/624/624 511/511/511
f 520/520/520 425/425/425 438/438/438
f 520/520/520 511/511/511 425/425/425
f 438/438/438 333/333/333 348/348/348
f 438/438/438 425/425/425 333/333/333
f 348/348/348 207/207/207 236/236/236
f 348/348/348 333/333/333 207/207/207
f 236/236/236 82/82/82 131/131/131
f 236/236/236 207/207/207 82/82/82
f 131/131/131 32/32/32 50/50/50
f 131/131/131 82/82/82 32/32/32
f 50/50/50 8/8/8 23/23/23
f 50/50/50 32/32/32 8/8/8
f 23/23/23 2/2/2 16/16/16
f 23/23/23 8/8/8 2/2/2
f 16/16/16 6/6/6 21/21/21
f 16/16/16 2/2/2 6/6/6
f 21/21/21 30/30/30 48/48/48
f 21/21/21 6/6/6 30/30/30
f 48/48/48 80/80/80 129/129/129
f 48/48/48 30/30/30 80/80/80
f 129/129/129 205/205/205 234/234/234
f 129/129/129 80/80/80 205/205/205
f 234/234/234 331/331/331 346/346/346
f 234/234/234 205/205/205 331/331/331
f 346/346/346 423/423/423 436/436/436
f 346/346/346 331/331/331 423/423/423
f 436/436/436 509/509/509 518/518/518
f 436/436/436 423/423/423 509/509/509
f 518/518/518 618/618/618 620/620/620
f 518/518/518 509/509/509 618/618/618
f 620/620/620 736/736/736 727/727/727
f 620/620/620 618/618/618 736/736/736
f 727/727/727 822/822/822 809/809/809
f 727/727/727 736/736/736 822/822/822
f 809/809/809 914/914/914 899/899/899
f 809/809/809 822/822/822 914/914/914
f 899/899/899 1043/1043/1043 1012/1012/1012
f 899/899/899 914/914/914 1043/1043/1043
f 1012/1012/1012 1176/1176/1176 1121/1121/1121
f 1012/1012/1012 1043/1043/1043 1176/1176/1176
f 1121/1121/1121 1232/1232/1232 1211/1211/1211
f 1121/1121/1121 1176/1176/1176 1232/1232/1232
f 1211/1211/1211 1260/1260/1260 1241/1241/1241
f 1211/1211/1211 1232/1232/1232 1260/1260/1260
f 1241/1241/1241 1268/1268/1268 1252/1252/1252
f 1241/1241/1241 1260/1260/1260 1268/1268/1268
f 1269/1269/1269 1267/1267/1267 1263/1263/1263
f 1269/1269/1269 1272/1272/1272 1267/1267/1267
f 1263/1263/1263 1239/1239/1239 1235/1235/1235
f 1263/1263/1263 1267/1267/1267 1239/1239/1239
f 1235/1235/1235 1183/1183/1183 1179/1179/1179
f 1235/1235/1235 1239/1239/1239 1183/1183/1183
f 1179/1179/1179 1050/1050/1050 1046/1046/1046
f 1179/1179/1179 1183/1183/1183 1050/1050/1050
f 1046/1046/1046 921/921/921 917/917/917
f 1046/1046/1046 1050/1050/1050 921/921/921
f 917/917/917 829/829/829 825/825/825
f 917/917/917 921/921/921 829/829/829
f 825/825/825 743/743/743 739/739/739
f 825/825/825 829/829/829 743/743/743
f 739/739/739 632/632/632 625/625/625
f 739/739/739 743/743/743 632/632/632
f 625/625/625 514/514/514 510/510/510
f 625/625/625 632/632/632 514/514/514
f 510/510/510 428/428/428 424/424/424
f 510/510/510 514/514/514 428/428/428
f 424/424/424 336/336/336 332/332/332
f 424/424/424 428/428/428 336/336/336
f 332/332/332 210/210/210 206/206/206
f 332/332/332 336/336/336 210/210/210
f 206/206/206 85/85/85 81/81/81
f 206/206/206 210/210/210 85/85/85
f 81/81/81 35/35/35 31/31/31
f 81/81/81 85/85/85 35/35/35
f 31/31/31 11/11/11 7/7/7
f 31/31/31 35/35/35 11/11/11
f 7/7/7 3/3/3 1/1/1
f 7/7/7 11/11/11 3/3/3
f 1/1/1 9/9/9 5/5/5
f 1/1/1 3/3/3 9/9/9
f 5/5/5 33/33/33 29/29/29
f 5/5/5 9/9/9 33/33/33
f 29/29/29 83/83/83 79/79/79
f 29/29/29 33/33/33 83/83/83
f 79/79/79 208/208/208 204/204/204
f 79/79/79 83/83/83 208/208/208
f 204/204/204 334/334/334 330/330/330
f 204/204/204 208/208/208 334/334/334
f 330/330/330 426/426/426 422/422/422
f 330/330/330 334/334/334 426/426/426
f 422/422/422 512/512/512 508/508/508
f 422/422/422 426/426/426 512/512/512
f 508/508/508 626/626/626 619/619/619
f 508/508/508 512/512/512 626/626/626
f 619/619/619 741/741/741 737/737/737
f 619/619/619 626/626/626 741/741/741
f 737/737/737 827/827/827 823/823/823
f 737/737/737 741/741/741 827/827/827
f 823/823/823 919/919/919 915/915/915
f 823/823/823 827/827/827 919/919/919
f 915/915/915 1048/1048/1048 1044/1044/1044
f 915/915/915 919/919/919 1048/1048/1048
f 1044/1044/1044 1181/1181/1181 1177/1177/1177
f 1044/1044/1044 1048/1048/1048 1181/1181/1181
f 1177/1177/1177 1237/1237/1237 1233/1233/1233
f 1177/1177/1177 1181/1181/1181 1237/1237/1237
f 1233/1233/1233 1265/1265/1265 1261/1261/1261
f 1233/1233/1233 1237/1237/1237 1265/1265/1265
f 1261/1261/1261 1273/1273/1273 1270/1270/1270
f 1261/1261/1261 1265/1265/1265 1273/1273/1273
f 1271/1271/1271 1247/1247/1247 1266/1266/1266
f 1271/1271/1271 1255/1255/1255 1247/1247/1247
f 1266/1266/1266 1217/1217/1217 1238/1238/1238
f 1266/1266/1266 1247/1247/1247 1217/1217/1217
f 1238/1238/1238 1127/1127/1127 1182/1182/1182
f 1238/1238/1238 1217/1217/1217 1127/1127/1127
f 1182/1182/1182 1018/1018/1018 1049/1049/1049
f 1182/1182/1182 1127/1127/1127 1018/1018/1018
f 1049/1049/1049 905/905/905 920/920/920
f 1049/1049/1049 1018/1018/1018 905/905/905
f 920/920/920 815/815/815 828/828/828
f 920/920/920 905/905/905 815/815/815
f 828/828/828 733/733/733 742/742/742
f 828/828/828 815/815/815 733/733/733
f 742/742/742 631/631/631 633/633/633
f 742/742/742 733/733/733 631/631/631
f 633/633/633 524/524/524 515/515/515
f 633/633/633 631/631/631 524/524/524
f 515/515/515 442/442/442 429/429/429
f 515/515/515 524/524/524 442/442/442
f 429/429/429 352/352/352 337/337/337
f 429/429/429 442/442/442 352/352/352
f 337/337/337 240/240/240 211/211/211
f 337/337/337 352/352/352 240/240/240
f 211/211/211 135/135/135 86/86/86
f 211/211/211 240/240/240 135/135/135
f 86/86/86 54/54/54 36/36/36
f 86/86/86 135/135/135 54/54/54
f 36/36/36 27/27/27 12/12/12
f 36/36/36 54/54/54 27/27/27
f 12/12/12 18/18/18 4/4/4
f 12/12/12 27/27/27 18/18/18
f 4/4/4 25/25/25 10/10/10
f 4/4/4 18/18/18 25/25/25
f 10/10/10 52/52/52 34/34/34
f 10/10/10 25/25/25 52/52/52
f 34/34/34 133/133/133 84/84/84
f 34/34/34 52/52/52 133/133/133
f 84/84/84 238/238/238 209/209/209
f 84/84/84 133/133/133 238/238/238
f 209/209/209 350/350/350 335/335/335
f 209/209/209 238/238/238 350/350/350
f 335/335/335 440/440/440 427/427/427
f 335/335/335 350/350/350 440/440/440
f 427/427/427 522/522/522 513/513/513
f 427/427/427 440/440/440 522/522/522
f 513/513/513 629/629/629 627/627/627
f 513/513/513 522/522/522 629/629/629
f 627/627/627 731/731/731 740/740/740
f 627/627/627 629/629/629 731/731/731
f 740/740/740 813/813/813 826/826/826
f 740/740/740 731/731/731 813/813/813
f 826/826/826 903/903/903 918/918/918
f 826/826/826 813/813/813 903/903/903
f 918/918/918 1016/1016/1016 1047/1047/1047
f 918/918/918 903/903/903 1016/1016/1016
f 1047/1047/1047 1125/1125/1125 1180/1180/1180
f 1047/1047/1047 1016/1016/1016 1125/1125/1125
f 1180/1180/1180 1215/1215/1215 1236/1236/1236
f 1180/1180/1180 1125/1125/1125 1215/1215/1215
f 1236/1236/1236 1245/1245/1245 1264/1264/1264
f 1236/1236/1236 1215/1215/1215 1245/1245/1245
f 1264/1264/1264 1255/1255/1255 1271/1271/1271
f 1264/1264/1264 1245/1245/1245 1255/1255/1255
f 1253/1253/1253 1242/1242/1242 1246/1246/1246
f 1253/1253/1253 1250/1250/1250 1242/1242/1242
f 1246/1246/1246 1212/1212/1212 1216/1216/1216
f 1246/1246/1246 1242/1242/1242 1212/1212/1212
f 1216/1216/1216 1122/1122/1122 1126/1126/1126
f 1216/1216/1216 1212/1212/1212 1122/1122/1122
f 1126/1126/1126 1013/1013/1013 1017/1017/1017
f 1126/1126/1126 1122/1122/1122 1013/1013/1013
f 1017/1017/1017 900/900/900 904/904/904
f 1017/1017/1017 1013/1013/1013 900/900/900
f 904/904/904 810/810/810 814/814/814
f 904/904/904 900/900/900 810/810/810
f 814/814/814 728/728/728 732/732/732
f 814/814/814 810/810/810 728/728/728
f 732/732/732 623/623/623 630/630/630
f 732/732/732 728/728/728 623/623/623
f 630/630/630 521/521/521 525/525/525
f 630/630/630 623/623/623 521/521/521
f 525/525/525 439/439/439 443/443/443
f 525/525/525 521/521/521 439/439/439
f 443/443/443 349/349/349 353/353/353
f 443/443/443 439/439/439 349/349/349
f 353/353/353 237/237/237 241/241/241
f 353/353/353 349/349/349 237/237/237
f 241/241/241 132/132/132 136/136/136
f 241/241/241 237/237/237 132/132/132
f 136/136/136 51/51/51 55/55/55
f 136/136/136 132/132/132 51/51/51
f 55/55/55 24/24/24 28/28/28
f 55/55/55 51/51/51 24/24/24
f 28/28/28 17/17/17 19/19/19
f 28/28/28 24/24/24 17/17/17
f 19/19/19 22/22/22 26/26/26
f 19/19/19 17/17/17 22/22/22
f 26/26/26 49/49/49 53/53/53
f 26/26/26 22/22/22 49/49/49
f 53/53/53 130/130/130 134/134/134
f 53/53/53 49/49/49 130/130/130
f 134/134/134 235/235/235 239/239/239
f 134/134/134 130/130/130 235/235/235
f 239/239/239 347/347/347 351/351/351
f 239/239/239 235/235/235 347/347/347
f 351/351/351 437/437/437 441/441/441
f 351/351/351 347/347/347 437/437/437
f 441/441/441 519/519/519 523/523/523
f 441/441/441 437/437/437 519/519/519
f 523/523/523 621/621/621 628/628/628
f 523/523/523 519/519/519 621/621/621
f 628/628/628 726/726/726 730/730/730
f 628/628/628 621/621/621 726/726/726
f 730/730/730 808/808/808 812/812/812
f 730/730/730 726/726/726 808/808/808
f 812/812/812 898/898/898 902/902/902
f 812/812/812 808/808/808 898/898/898
f 902/902/902 1011/1011/1011 1015/1015/1015
f 902/902/902 898/898/898 1011/1011/1011
f 1015/1015/1015 1120/1120/1120 1124/1124/1124
f 1015/1015/1015 1011/1011/1011 1120/1120/1120
f 1124/1124/1124 1210/1210/1210 1214/1214/1214
f 1124/1124/1124 1120/1120/1120 1210/1210/1210
f 1214/1214/1214 1240/1240/1240 1244/1244/1244
f 1214/1214/1214 1210/1210/1210 1240/1240/1240
f 1244/1244/1244 1251/1251/1251 1254/1254/1254
f 1244/1244/1244 1240/1240/1240 1251/1251/1251
f 1140/1140/1140 1186/1186/1186 1115/1115/1115
f 1140/1140/1140 1194/1194/1194 1186/1186/1186
f 1115/1115/1115 1130/1130/1130 1078/1078/1078
f 1115/1115/1115 1186/1186/1186 1130/1130/1130
f 1078/1078/1078 1059/1059/1059 1006/1006/1006
f 1078/1078/1078 1130/1130/1130 1059/1059/1059
f 1006/1006/1006 958/958/958 931/931/931
f 1006/1006/1006 1059/1059/1059 958/958/958
f 931/931/931 868/868/868 849/849/849
f 931/931/931 958/958/958 868/868/868
f 849/849/849 786/786/786 767/767/767
f 849/849/849 868/868/868 786/786/786
f 767/767/767 708/708/708 689/689/689
f 767/767/767 786/786/786 708/708/708
f 689/689/689 648/648/648 646/646/646
f 689/689/689 708/708/708 648/648/648
f 646/646/646 541/541/541 560/560/560
f 646/646/646 648/648/648 541/541/541
f 560/560/560 463/463/463 482/482/482
f 560/560/560 541/541/541 463/463/463
f 482/482/482 381/381/381 400/400/400
f 482/482/482 463/463/463 381/381/381
f 400/400/400 291/291/291 318/318/318
f 400/400/400 381/381/381 291/291/291
f 318/318/318 193/193/193 244/244/244
f 318/318/318 291/291/291 193/193/193
f 244/244/244 124/124/124 174/174/174
f 244/244/244 193/193/193 124/124/124
f 174/174/174 74/74/74 139/139/139
f 174/174/174 124/124/124 74/74/74
f 139/139/139 67/67/67 116/116/116
f 139/139/139 74/74/74 67/67/67
f 116/116/116 72/72/72 137/137/137
f 116/116/116 67/67/67 72/72/72
f 137/137/137 122/122/122 172/172/172
f 137/137/137 72/72/72 122/122/122
f 172/172/172 191/191/191 242/242/242
f 172/172/172 122/122/122 191/191/191
f 242/242/242 289/289/289 316/316/316
f 242/242/242 191/191/191 289/289/289
f 316/316/316 379/379/379 398/398/398
f 316/316/316 289/289/289 379/379/379
f 398/398/398 461/461/461 480/480/480
f 398/398/398 379/379/379 461/461/461
f 480/480/480 539/539/539 558/558/558
f 480/480/480 461/461/461 539/539/539
f 558/558/558 642/642/642 644/644/644
f 558/558/558 539/539/539 642/642/642
f 644/644/644 706/706/706 687/687/687
f 644/644/644 642/642/642 706/706/706
f 687/687/687 784/784/784 765/765/765
f 687/687/687 706/706/706 784/784/784
f 765/765/765 866/866/866 847/847/847
f 765/765/765 784/784/784 866/866/866
f 847/847/847 956/956/956 929/929/929
f 847/847/847 866/866/866 956/956/956
f 929/929/929 1057/1057/1057 1004/1004/1004
f 929/929/929 956/956/956 1057/1057/1057
f 1004/1004/1004 1128/1128/1128 1076/1076/1076
f 1004/1004/1004 1057/1057/1057 1128/1128/1128
f 1076/1076/1076 1184/1184/1184 1113/1113/1113
f 1076/1076/1076 1128/1128/1128 1184/1184/1184
f 1113/1113/1113 1194/1194/1194 1140/1140/1140
f 1113/1113/1113 1184/1184/1184 1194/1194/1194
f 1195/1195/1195 1191/1191/1191 1187/1187/1187
f 1195/1195/1195 1198/1198/1198 1191/1191/1191
f 1187/1187/1187 1135/1135/1135 1131/1131/1131
f 1187/1187/1187 1191/1191/1191 1135/1135/1135
f 1131/1131/1131 1064/1064/1064 1060/1060/1060
f 1131/1131/1131 1135/1135/1135 1064/1064/1064
f 1060/1060/1060 963/963/963 959/959/959
f 1060/1060/1060 1064/1064/1064 963/963/963
f 959/959/959 873/873/873 869/869/869
f 959/959/959 963/963/963 873/873/873
f 869/869/869 791/791/791 787/787/787
f 869/869/869 873/873/873 791/791/791
f 787/787/787 713/713/713 709/709/709
f 787/787/787 791/791/791 713/713/713
f 709/709/709 656/656/656 649/649/649
f 709/709/709 713/713/713 656/656/656
f 649/649/649 544/544/544 540/540/540
f 649/649/649 656/656/656 544/544/544
f 540/540/540 466/466/466 462/462/462
f 540/540/540 544/544/544 466/466/466
f 462/462/462 384/384/384 380/380/380
f 462/462/462 466/466/466 384/384/384
f 380/380/380 294/294/294 290/290/290
f 380/380/380 384/384/384 294/294/294
f 290/290/290 196/196/196 192/192/192
f 290/290/290 294/294/294 196/196/196
f 192/192/192 127/127/127 123/123/123
f 192/192/192 196/196/196 127/127/127
f 123/123/123 77/77/77 73/73/73
f 123/123/123 127/127/127 77/77/77
f 73/73/73 68/68/68 66/66/66
f 73/73/73 77/77/77 68/68/68
f 66/66/66 75/75/75 71/71/71
f 66/66/66 68/68/68 75/75/75
f 71/71/71 125/125/125 121/121/121
f 71/71/71 75/75/75 125/125/125
f 121/121/121 194/194/194 190/190/190
f 121/121/121 125/125/125 194/194/194
f 190/190/190 292/292/292 288/288/288
f 190/190/190 194/194/194 292/292/292
f 288/288/288 382/382/382 378/378/378
f 288/288/288 292/292/292 382/382/382
f 378/378/378 464/464/464 460/460/460
f 378/378/378 382/382/382 464/464/464
f 460/460/460 542/542/542 538/538/538
f 460/460/460 464/464/464 542/542/542
f 538/538/538 650/650/650 643/643/643
f 538/538/538 542/542/542 650/650/650
f 643/643/643 711/711/711 707/707/707
f 643/643/643 650/650/650 711/711/711
f 707/707/707 789/789/789 785/785/785
f 707/707/707 711/711/711 789/789/789
f 785/785/785 871/871/871 867/867/867
f 785/785/785 789/789/789 871/871/871
f 867/867/867 961/961/961 957/957/957
f 867/867/867 871/871/871 961/961/961
f 957/957/957 1062/1062/1062 1058/1058/1058
f 957/957/957 961/961/961 1062/1062/1062
f 1058/1058/1058 1133/1133/1133 1129/1129/1129
f 1058/1058/1058 1062/1062/1062 1133/1133/1133
f 1129/1129/1129 1189/1189/1189 1185/1185/1185
f 1129/1129/1129 1133/1133/1133 1189/1189/1189
f 1185/1185/1185 1199/1199/1199 1196/1196/1196
f 1185/1185/1185 1189/1189/1189 1199/1199/1199
f 1197/1197/1197 1119/1119/1119 1190/1190/1190
f 1197/1197/1197 1143/1143/1143 1119/1119/1119
f 1190/1190/1190 1082/1082/1082 1134/1134/1134
f 1190/1190/1190 1119/1119/1119 1082/1082/1082
f 1134/1134/1134 1010/1010/1010 1063/1063/1063
f 1134/1134/1134 1082/1082/1082 1010/1010/1010
f 1063/1063/1063 935/935/935 962/962/962
f 1063/1063/1063 1010/1010/1010 935/935/935
f 962/962/962 853/853/853 872/872/872
f 962/962/962 935/935/935 853/853/853
f 872/872/872 771/771/771 790/790/790
f 872/872/872 853/853/853 771/771/771
f 790/790/790 693/693/693 712/712/712
f 790/790/790 771/771/771 693/693/693
f 712/712/712 655/655/655 657/657/657
f 712/712/712 693/693/693 655/655/655
f 657/657/657 564/564/564 545/545/545
f 657/657/657 655/655/655 564/564/564
f 545/545/545 486/486/486 467/467/467
f 545/545/545 564/564/564 486/486/486
f 467/467/467 404/404/404 385/385/385
f 467/467/467 486/486/486 404/404/404
f 385/385/385 322/322/322 295/295/295
f 385/385/385 404/404/404 322/322/322
f 295/295/295 248/248/248 197/197/197
f 295/295/295 322/322/322 248/248/248
f 197/197/197 178/178/178 128/128/128
f 197/197/197 248/248/248 178/178/178
f 128/128/128 143/143/143 78/78/78
f 128/128/128 178/178/178 143/143/143
f 78/78/78 118/118/118 69/69/69
f 78/78/78 143/143/143 118/118/118
f 69/69/69 141/141/141 76/76/76
f 69/69/69 118/118/118 141/141/141
f 76/76/76 176/176/176 126/126/126
f 76/76/76 141/141/141 176/176/176
f 126/126/126 246/246/246 195/195/195
f 126/126/126 176/176/176 246/246/246
f 195/195/195 320/320/320 293/293/293
f 195/195/195 246/246/246 320/320/320
f 293/293/293 402/402/402 383/383/383
f 293/293/293 320/320/320 402/402/402
f 383/383/383 484/484/484 465/465/465
f 383/383/383 402/402/402 484/484/484
f 465/465/465 562/562/562 543/543/543
f 465/465/465 484/484/484 562/562/562
f 543/543/543 653/653/653 651/651/651
f 543/543/543 562/562/562 653/653/653
f 651/651/651 691/691/691 710/710/710
f 651/651/651 653/653/653 691/691/691
f 710/710/710 769/769/769 788/788/788
f 710/710/710 691/691/691 769/769/769
f 788/788/788 851/851/851 870/870/870
f 788/788/788 769/769/769 851/851/851
f 870/870/870 933/933/933 960/960/960
f 870/870/870 851/851/851 933/933/933
f 960/960/960 1008/1008/1008 1061/1061/1061
f 960/960/960 933/933/933 1008/1008/1008
f 1061/1061/1061 1080/1080/1080 1132/1132/1132
f 1061/1061/1061 1008/1008/1008 1080/1080/1080
f 1132/1132/1132 1117/1117/1117 1188/1188/1188
f 1132/1132/1132 1080/1080/1080 1117/1117/1117
f 1188/1188/1188 1143/1143/1143 1197/1197/1197
f 1188/1188/1188 1117/1117/1117 1143/1143/1143
f 1141/1141/1141 1114/1114/1114 1118/1118/1118
f 1141/1141/1141 1138/1138/1138 1114/1114/1114
f 1118/1118/1118 1077/1077/1077 1081/1081/1081
f 1118/1118/1118 1114/1114/1114 1077/1077/1077
f 1081/1081/1081 1005/1005/1005 1009/1009/1009
f 1081/1081/1081 1077/1077/1077 1005/1005/1005
f 1009/1009/1009 930/930/930 934/934/934
f 1009/1009/1009 1005/1005/1005 930/930/930
f 934/934/934 848/848/848 852/852/852
f 934/934/934 930/930/930 848/848/848
f 852/852/852 766/766/766 770/770/770
f 852/852/852 848/848/848 766/766/766
f 770/770/770 688/688/688 692/692/692
f 770/770/770 766/766/766 688/688/688
f 692/692/692 647/647/647 654/654/654
f 692/692/692 688/688/688 647/647/647
f 654/654/654 561/561/561 565/565/565
f 654/654/654 647/647/647 561/561/561
f 565/565/565 483/483/483 487/487/487
f 565/565/565 561/561/561 483/483/483
f 487/487/487 401/401/401 405/405/405
f 487/487/487 483/483/483 401/401/401
f 405/405/405 319/319/319 323/323/323
f 405/405/405 401/401/401 319/319/319
f 323/323/323 245/245/245 249/249/249
f 323/323/323 319/319/319 245/245/245
f 249/249/249 175/175/175 179/179/179
f 249/249/249 245/245/245 175/175/175
f 179/179/179 140/140/140 144/144/144
f 179/179/179 175/175/175 140/140/140
f 144/144/144 117/117/117 119/119/119
f 144/144/144 140/140/140 117/117/117
f 119/119/119 138/138/138 142/142/142
f 119/119/119 117/117/117 138/138/138
f 142/142/142 173/173/173 177/177/177
f 142/142/142 138/138/138 173/173/173
f 177/177/177 243/243/243 247/247/247
f 177/177/177 173/173/173 243/243/243
f 247/247/247 317/317/317 321/321/321
f 247/247/247 243/243/243 317/317/317
f 321/321/321 399/399/399 403/403/403
f 321/321/321 317/317/317 399/399/399
f 403/403/403 481/481/481 485/485/485
f 403/403/403 399/399/399 481/481/481
f 485/485/485 559/559/559 563/563/563
f 485/485/485 481/481/481 559/559/559
f 563/563/563 645/645/645 652/652/652
f 563/563/563 559/559/559 645/645/645
f 652/652/652 686/686/686 690/690/690
f 652/652/652 645/645/645 686/686/686
f 690/690/690 764/764/764 768/768/768
f 690/690/690 686/686/686 764/764/764
f 768/768/768 846/846/846 850/850/850
f 768/768/768 764/764/764 846/846/846
f 850/850/850 928/928/928 932/932/932
f 850/850/850 846/846/846 928/928/928
f 932/932/932 1003/1003/1003 1007/1007/1007
f 932/932/932 928/928/928 1003/1003/1003
f 1007/1007/1007 1075/1075/1075 1079/1079/1079
f 1007/1007/1007 1003/1003/1003 1075/1075/1075
f 1079/1079/1079 1112/1112/1112 1116/1116/1116
f 1079/1079/1079 1075/1075/1075 1112/1112/1112
f 1116/1116/1116 1139/1139/1139 1142/1142/1142
f 1116/1116/1116 1112/1112/1112 1139/1139/1139
o 17_Barril_Abierto_Wood
usemtl Wood
s 1
f 588/588/588 1039/1039/1039 1037/1037/1037
f 588/588/588 1037/1037/1037 994/994/994
f 588/588/588 994/994/994 953/953/953
f 588/588/588 953/953/953 889/889/889
f 588/588/588 889/889/889 833/833/833
f 588/588/588 833/833/833 755/755/755
f 588/588/588 755/755/755 677/677/677
f 588/588/588 677/677/677 590/590/590
f 588/588/588 590/590/590 577/577/577
f 588/588/588 577/577/577 499/499/499
f 588/588/588 499/499/499 420/420/420
f 588/588/588 420/420/420 364/364/364
f 588/588/588 364/364/364 300/300/300
f 588/588/588 300/300/300 260/260/260
f 588/588/588 260/260/260 218/218/218
f 588/588/588 218/218/218 214/214/214
f 588/588/588 214/214/214 216/216/216
f 588/588/588 216/216/216 258/258/258
f 588/588/588 258/258/258 298/298/298
f 588/588/588 298/298/298 362/362/362
f 588/588/588 362/362/362 418/418/418
f 588/588/588 418/418/418 496/496/496
f 588/588/588 496/496/496 574/574/574
f 588/588/588 574/574/574 586/586/586
f 588/588/588 586/586/586 674/674/674
f 588/588/588 674/674/674 752/752/752
f 588/588/588 752/752/752 830/830/830
f 588/588/588 830/830/830 886/886/886
f 588/588/588 886/886/886 950/950/950
f 588/588/588 950/950/950 991/991/991
f 588/588/588 991/991/991 1034/1034/1034
f 588/588/588 1034/1034/1034 1039/1039/1039
f 1038/1038/1038 1147/1147/1147 1036/1036/1036
f 1038/1038/1038 1164/1164/1164 1147/1147/1147
f 1036/1036/1036 1092/1092/1092 993/993/993
f 1036/1036/1036 1147/1147/1147 1092/1092/1092
f 993/993/993 1023/1023/1023 952/952/952
f 993/993/993 1092/1092/1092 1023/1023/1023
f 952/952/952 941/941/941 888/888/888
f 952/952/952 1023/1023/1023 941/941/941
f 888/888/888 855/855/855 832/832/832
f 888/888/888 941/941/941 855/855/855
f 832/832/832 773/773/773 754/754/754
f 832/832/832 855/855/855 773/773/773
f 754/754/754 695/695/695 676/676/676
f 754/754/754 773/773/773 695/695/695
f 676/676/676 592/592/592 589/589/589
f 676/676/676 695/695/695 592/592/592
f 589/589/589 557/557/557 576/576/576
f 589/589/589 592/592/592 557/557/557
f 576/576/576 479/479/479 498/498/498
f 576/576/576 557/557/557 479/479/479
f 498/498/498 397/397/397 421/421/421
f 498/498/498 479/479/479 397/397/397
f 421/421/421 311/311/311 365/365/365
f 421/421/421 397/397/397 311/311/311
f 365/365/365 231/231/231 301/301/301
f 365/365/365 311/311/311 231/231/231
f 301/301/301 163/163/163 261/261/261
f 301/301/301 231/231/231 163/163/163
f 261/261/261 113/113/113 219/219/219
f 261/261/261 163/163/163 113/113/113
f 219/219/219 95/95/95 215/215/215
f 219/219/219 113/113/113 95/95/95
f 215/215/215 112/112/112 217/217/217
f 215/215/215 95/95/95 112/112/112
f 217/217/217 162/162/162 259/259/259
f 217/217/217 112/112/112 162/162/162
f 259/259/259 230/230/230 299/299/299
f 259/259/259 162/162/162 230/230/230
f 299/299/299 310/310/310 363/363/363
f 299/299/299 230/230/230 310/310/310
f 363/363/363 396/396/396 419/419/419
f 363/363/363 310/310/310 396/396/396
f 419/419/419 478/478/478 497/497/497
f 419/419/419 396/396/396 478/478/478
f 497/497/497 556/556/556 575/575/575
f 497/497/497 478/478/478 556/556/556
f 575/575/575 591/591/591 587/587/587
f 575/575/575 556/556/556 591/591/591
f 587/587/587 694/694/694 675/675/675
f 587/587/587 591/591/591 694/694/694
f 675/675/675 772/772/772 753/753/753
f 675/675/675 694/694/694 772/772/772
f 753/753/753 854/854/854 831/831/831
f 753/753/753 772/772/772 854/854/854
f 831/831/831 940/940/940 887/887/887
f 831/831/831 854/854/854 940/940/940
f 887/887/887 1022/1022/1022 951/951/951
f 887/887/887 940/940/940 1022/1022/1022
f 951/951/951 1091/1091/1091 992/992/992
f 951/951/951 1022/1022/1022 1091/1091/1091
f 992/992/992 1146/1146/1146 1035/1035/1035
f 992/992/992 1091/1091/1091 1146/1146/1146
f 1035/1035/1035 1165/1165/1165 1040/1040/1040
f 1035/1035/1035 1146/1146/1146 1165/1165/1165
f 1164/1164/1164 1231/1231/1231 1147/1147/1147
f 1164/1164/1164 1248/1248/1248 1231/1231/1231
f 1147/1147/1147 1209/1209/1209 1092/1092/1092
f 1147/1147/1147 1231/1231/1231 1209/1209/1209
f 1092/1092/1092 1111/1111/1111 1023/1023/1023
f 1092/1092/1092 1209/1209/1209 1111/1111/1111
f 1023/1023/1023 1002/1002/1002 941/941/941
f 1023/1023/1023 1111/1111/1111 1002/1002/1002
f 941/941/941 897/897/897 855/855/855
f 941/941/941 1002/1002/1002 897/897/897
f 855/855/855 807/807/807 773/773/773
f 855/855/855 897/897/897 807/807/807
f 773/773/773 725/725/725 695/695/695
f 773/773/773 807/807/807 725/725/725
f 695/695/695 617/617/617 592/592/592
f 695/695/695 725/725/725 617/617/617
f 592/592/592 527/527/527 557/557/557
f 592/592/592 617/617/617 527/527/527
f 557/557/557 445/445/445 479/479/479
f 557/557/557 527/527/527 445/445/445
f 479/479/479 355/355/355 397/397/397
f 479/479/479 445/445/445 355/355/355
f 397/397/397 251/251/251 311/311/311
f 397/397/397 355/355/355 251/251/251
f 311/311/311 146/146/146 231/231/231
f 311/311/311 251/251/251 146/146/146
f 231/231/231 57/57/57 163/163/163
f 231/231/231 146/146/146 57/57/57
f 163/163/163 38/38/38 113/113/113
f 163/163/163 57/57/57 38/38/38
f 113/113/113 20/20/20 95/95/95
f 113/113/113 38/38/38 20/20/20
f 95/95/95 37/37/37 112/112/112
f 95/95/95 20/20/20 37/37/37
f 112/112/112 56/56/56 162/162/162
f 112/112/112 37/37/37 56/56/56
f 162/162/162 145/145/145 230/230/230
f 162/162/162 56/56/56 145/145/145
f 230/230/230 250/250/250 310/310/310
f 230/230/230 145/145/145 250/250/250
f 310/310/310 354/354/354 396/396/396
f 310/310/310 250/250/250 354/354/354
f 396/396/396 444/444/444 478/478/478
f 396/396/396 354/354/354 444/444/444
f 478/478/478 526/526/526 556/556/556
f 478/478/478 444/444/444 526/526/526
f 556/556/556 616/616/616 591/591/591
f 556/556/556 526/526/526 616/616/616
f 591/591/591 724/724/724 694/694/694
f 591/591/591 616/616/616 724/724/724
f 694/694/694 806/806/806 772/772/772
f 694/694/694 724/724/724 806/806/806
f 772/772/772 896/896/896 854/854/854
f 772/772/772 806/806/806 896/896/896
f 854/854/854 1001/1001/1001 940/940/940
f 854/854/854 896/896/896 1001/1001/1001
f 940/940/940 1110/1110/1110 1022/1022/1022
f 940/940/940 1001/1001/1001 1110/1110/1110
f 1022/1022/1022 1208/1208/1208 1091/1091/1091
f 1022/1022/1022 1110/1110/1110 1208/1208/1208
f 1091/1091/1091 1230/1230/1230 1146/1146/1146
f 1091/1091/1091 1208/1208/1208 1230/1230/1230
f 1146/1146/1146 1249/1249/1249 1165/1165/1165
f 1146/1146/1146 1230/1230/1230 1249/1249/1249
f 1248/1248/1248 1257/1257/1257 1231/1231/1231
f 1248/1248/1248 1258/1258/1258 1257/1257/1257
f 1231/1231/1231 1227/1227/1227 1209/1209/1209
f 1231/1231/1231 1257/1257/1257 1227/1227/1227
f 1209/1209/1209 1145/1145/1145 1111/1111/1111
f 1209/1209/1209 1227/1227/1227 1145/1145/1145
f 1111/1111/1111 1025/1025/1025 1002/1002/1002
f 1111/1111/1111 1145/1145/1145 1025/1025/1025
f 1002/1002/1002 907/907/907 897/897/897
f 1002/1002/1002 1025/1025/1025 907/907/907
f 897/897/897 817/817/817 807/807/807
f 897/897/897 907/907/907 817/817/817
f 807/807/807 735/735/735 725/725/725
f 807/807/807 817/817/817 735/735/735
f 725/725/725 637/637/637 617/617/617
f 725/725/725 735/735/735 637/637/637
f 617/617/617 517/517/517 527/527/527
f 617/617/617 637/637/637 517/517/517
f 527/527/527 435/435/435 445/445/445
f 527/527/527 517/517/517 435/435/435
f 445/445/445 345/345/345 355/355/355
f 445/445/445 435/435/435 345/345/345
f 355/355/355 229/229/229 251/251/251
f 355/355/355 345/345/345 229/229/229
f 251/251/251 115/115/115 146/146/146
f 251/251/251 229/229/229 115/115/115
f 146/146/146 41/41/41 57/57/57
f 146/146/146 115/115/115 41/41/41
f 57/57/57 15/15/15 38/38/38
f 57/57/57 41/41/41 15/15/15
f 38/38/38 13/13/13 20/20/20
f 38/38/38 15/15/15 13/13/13
f 20/20/20 14/14/14 37/37/37
f 20/20/20 13/13/13 14/14/14
f 37/37/37 40/40/40 56/56/56
f 37/37/37 14/14/14 40/40/40
f 56/56/56 114/114/114 145/145/145
f 56/56/56 40/40/40 114/114/114
f 145/145/145 228/228/228 250/250/250
f 145/145/145 114/114/114 228/228/228
f 250/250/250 344/344/344 354/354/354
f 250/250/250 228/228/228 344/344/344
f 354/354/354 434/434/434 444/444/444
f 354/354/354 344/344/344 434/434/434
f 444/444/444 516/516/516 526/526/526
f 444/444/444 434/434/434 516/516/516
f 526/526/526 636/636/636 616/616/616
f 526/526/526 516/516/516 636/636/636
f 616/616/616 734/734/734 724/724/724
f 616/616/616 636/636/636 734/734/734
f 724/724/724 816/816/816 806/806/806
f 724/724/724 734/734/734 816/816/816
f 806/806/806 906/906/906 896/896/896
f 806/806/806 816/816/816 906/906/906
f 896/896/896 1024/1024/1024 1001/1001/1001
f 896/896/896 906/906/906 1024/1024/1024
f 1001/1001/1001 1144/1144/1144 1110/1110/1110
f 1001/1001/1001 1024/1024/1024 1144/1144/1144
f 1110/1110/1110 1226/1226/1226 1208/1208/1208
f 1110/1110/1110 1144/1144/1144 1226/1226/1226
f 1208/1208/1208 1256/1256/1256 1230/1230/1230
f 1208/1208/1208 1226/1226/1226 1256/1256/1256
f 1230/1230/1230 1259/1259/1259 1249/1249/1249
f 1230/1230/1230 1256/1256/1256 1259/1259/1259
f 1258/1258/1258 1219/1219/1219 1257/1257/1257
f 1258/1258/1258 1228/1228/1228 1219/1219/1219
f 1257/1257/1257 1173/1173/1173 1227/1227/1227
f 1257/1257/1257 1219/1219/1219 1173/1173/1173
f 1227/1227/1227 1084/1084/1084 1145/1145/1145
f 1227/1227/1227 1173/1173/1173 1084/1084/1084
f 1145/1145/1145 984/984/984 1025/1025/1025
f 1145/1145/1145 1084/1084/1084 984/984/984
f 1025/1025/1025 891/891/891 907/907/907
f 1025/1025/1025 984/984/984 891/891/891
f 907/907/907 801/801/801 817/817/817
f 907/907/907 891/891/891 801/801/801
f 817/817/817 723/723/723 735/735/735
f 817/817/817 801/801/801 723/723/723
f 735/735/735 641/641/641 637/637/637
f 735/735/735 723/723/723 641/641/641
f 637/637/637 529/529/529 517/517/517
f 637/637/637 641/641/641 529/529/529
f 517/517/517 451/451/451 435/435/435
f 517/517/517 529/529/529 451/451/451
f 435/435/435 361/361/361 345/345/345
f 435/435/435 451/451/451 361/361/361
f 345/345/345 269/269/269 229/229/229
f 345/345/345 361/361/361 269/269/269
f 229/229/229 171/171/171 115/115/115
f 229/229/229 269/269/269 171/171/171
f 115/115/115 90/90/90 41/41/41
f 115/115/115 171/171/171 90/90/90
f 41/41/41 47/47/47 15/15/15
f 41/41/41 90/90/90 47/47/47
f 15/15/15 39/39/39 13/13/13
f 15/15/15 47/47/47 39/39/39
f 13/13/13 46/46/46 14/14/14
f 13/13/13 39/39/39 46/46/46
f 14/14/14 89/89/89 40/40/40
f 14/14/14 46/46/46 89/89/89
f 40/40/40 170/170/170 114/114/114
f 40/40/40 89/89/89 170/170/170
f 114/114/114 268/268/268 228/228/228
f 114/114/114 170/170/170 268/268/268
f 228/228/228 360/360/360 344/344/344
f 228/228/228 268/268/268 360/360/360
f 344/344/344 450/450/450 434/434/434
f 344/344/344 360/360/360 450/450/450
f 434/434/434 528/528/528 516/516/516
f 434/434/434 450/450/450 528/528/528
f 516/516/516 640/640/640 636/636/636
f 516/516/516 528/528/528 640/640/640
f 636/636/636 722/722/722 734/734/734
f 636/636/636 640/640/640 722/722/722
f 734/734/734 800/800/800 816/816/816
f 734/734/734 722/722/722 800/800/800
f 816/816/816 890/890/890 906/906/906
f 816/816/816 800/800/800 890/890/890
f 906/906/906 983/983/983 1024/1024/1024
f 906/906/906 890/890/890 983/983/983
f 1024/1024/1024 1083/1083/1083 1144/1144/1144
f 1024/1024/1024 983/983/983 1083/1083/1083
f 1144/1144/1144 1172/1172/1172 1226/1226/1226
f 1144/1144/1144 1083/1083/1083 1172/1172/1172
f 1226/1226/1226 1218/1218/1218 1256/1256/1256
f 1226/1226/1226 1172/1172/1172 1218/1218/1218
f 1256/1256/1256 1229/1229/1229 1259/1259/1259
f 1256/1256/1256 1218/1218/1218 1229/1229/1229
f 1228/1228/1228 1090/1090/1090 1219/1219/1219
f 1228/1228/1228 1104/1104/1104 1090/1090/1090
f 1219/1219/1219 1056/1056/1056 1173/1173/1173
f 1219/1219/1219 1090/1090/1090 1056/1056/1056
f 1173/1173/1173 990/990/990 1084/1084/1084
f 1173/1173/1173 1056/1056/1056 990/990/990
f 1084/1084/1084 913/913/913 984/984/984
f 1084/1084/1084 990/990/990 913/913/913
f 984/984/984 839/839/839 891/891/891
f 984/984/984 913/913/913 839/839/839
f 891/891/891 761/761/761 801/801/801
f 891/891/891 839/839/839 761/761/761
f 801/801/801 683/683/683 723/723/723
f 801/801/801 761/761/761 683/683/683
f 723/723/723 664/664/664 641/641/641
f 723/723/723 683/683/683 664/664/664
f 641/641/641 572/572/572 529/529/529
f 641/641/641 664/664/664 572/572/572
f 529/529/529 494/494/494 451/451/451
f 529/529/529 572/572/572 494/494/494
f 451/451/451 416/416/416 361/361/361
f 451/451/451 494/494/494 416/416/416
f 361/361/361 342/342/342 269/269/269
f 361/361/361 416/416/416 342/342/342
f 269/269/269 266/266/266 171/171/171
f 269/269/269 342/342/342 266/266/266
f 171/171/171 202/202/202 90/90/90
f 171/171/171 266/266/266 202/202/202
f 90/90/90 168/168/168 47/47/47
f 90/90/90 202/202/202 168/168/168
f 47/47/47 152/152/152 39/39/39
f 47/47/47 168/168/168 152/152/152
f 39/39/39 166/166/166 46/46/46
f 39/39/39 152/152/152 166/166/166
f 46/46/46 200/200/200 89/89/89
f 46/46/46 166/166/166 200/200/200
f 89/89/89 264/264/264 170/170/170
f 89/89/89 200/200/200 264/264/264
f 170/170/170 340/340/340 268/268/268
f 170/170/170 264/264/264 340/340/340
f 268/268/268 414/414/414 360/360/360
f 268/268/268 340/340/340 414/414/414
f 360/360/360 492/492/492 450/450/450
f 360/360/360 414/414/414 492/492/492
f 450/450/450 570/570/570 528/528/528
f 450/450/450 492/492/492 570/570/570
f 528/528/528 658/658/658 640/640/640
f 528/528/528 570/570/570 658/658/658
f 640/640/640 681/681/681 722/722/722
f 640/640/640 658/658/658 681/681/681
f 722/722/722 759/759/759 800/800/800
f 722/722/722 681/681/681 759/759/759
f 800/800/800 837/837/837 890/890/890
f 800/800/800 759/759/759 837/837/837
f 890/890/890 911/911/911 983/983/983
f 890/890/890 837/837/837 911/911/911
f 983/983/983 988/988/988 1083/1083/1083
f 983/983/983 911/911/911 988/988/988
f 1083/1083/1083 1054/1054/1054 1172/1172/1172
f 1083/1083/1083 988/988/988 1054/1054/1054
f 1172/1172/1172 1088/1088/1088 1218/1218/1218
f 1172/1172/1172 1054/1054/1054 1088/1088/1088
f 1218/1218/1218 1105/1105/1105 1229/1229/1229
f 1218/1218/1218 1088/1088/1088 1105/1105/1105
f 1103/1103/1103 1000/1000/1000 1089/1089/1089
f 1103/1103/1103 1021/1021/1021 1000/1000/1000
f 1089/1089/1089 979/979/979 1055/1055/1055
f 1089/1089/1089 1000/1000/1000 979/979/979
f 1055/1055/1055 925/925/925 989/989/989
f 1055/1055/1055 979/979/979 925/925/925
f 989/989/989 877/877/877 912/912/912
f 989/989/989 925/925/925 877/877/877
f 912/912/912 821/821/821 838/838/838
f 912/912/912 877/877/877 821/821/821
f 838/838/838 751/751/751 760/760/760
f 838/838/838 821/821/821 751/751/751
f 760/760/760 673/673/673 682/682/682
f 760/760/760 751/751/751 673/673/673
f 682/682/682 663/663/663 665/665/665
f 682/682/682 673/673/673 663/663/663
f 665/665/665 580/580/580 573/573/573
f 665/665/665 663/663/663 580/580/580
f 573/573/573 502/502/502 495/495/495
f 573/573/573 580/580/580 502/502/502
f 495/495/495 432/432/432 417/417/417
f 495/495/495 502/502/502 432/432/432
f 417/417/417 376/376/376 343/343/343
f 417/417/417 432/432/432 376/376/376
f 343/343/343 328/328/328 267/267/267
f 343/343/343 376/376/376 328/328/328
f 267/267/267 274/274/274 203/203/203
f 267/267/267 328/328/328 274/274/274
f 203/203/203 254/254/254 169/169/169
f 203/203/203 274/274/274 254/254/254
f 169/169/169 232/232/232 153/153/153
f 169/169/169 254/254/254 232/232/232
f 153/153/153 252/252/252 167/167/167
f 153/153/153 232/232/232 252/252/252
f 167/167/167 272/272/272 201/201/201
f 167/167/167 252/252/252 272/272/272
f 201/201/201 326/326/326 265/265/265
f 201/201/201 272/272/272 326/326/326
f 265/265/265 374/374/374 341/341/341
f 265/265/265 326/326/326 374/374/374
f 341/341/341 430/430/430 415/415/415
f 341/341/341 374/374/374 430/430/430
f 415/415/415 500/500/500 493/493/493
f 415/415/415 430/430/430 500/500/500
f 493/493/493 578/578/578 571/571/571
f 493/493/493 500/500/500 578/578/578
f 571/571/571 661/661/661 659/659/659
f 571/571/571 578/578/578 661/661/661
f 659/659/659 671/671/671 680/680/680
f 659/659/659 661/661/661 671/671/671
f 680/680/680 749/749/749 758/758/758
f 680/680/680 671/671/671 749/749/749
f 758/758/758 819/819/819 836/836/836
f 758/758/758 749/749/749 819/819/819
f 836/836/836 875/875/875 910/910/910
f 836/836/836 819/819/819 875/875/875
f 910/910/910 923/923/923 987/987/987
f 910/910/910 875/875/875 923/923/923
f 987/987/987 977/977/977 1053/1053/1053
f 987/987/987 923/923/923 977/977/977
f 1053/1053/1053 998/998/998 1087/1087/1087
f 1053/1053/1053 977/977/977 998/998/998
f 1087/1087/1087 1021/1021/1021 1103/1103/1103
f 1087/1087/1087 998/998/998 1021/1021/1021
f 1019/1019/1019 1086/1086/1086 999/999/999
f 1019/1019/1019 1101/1101/1101 1086/1086/1086
f 999/999/999 1052/1052/1052 978/978/978
f 999/999/999 1086/1086/1086 1052/1052/1052
f 978/978/978 986/986/986 924/924/924
f 978/978/978 1052/1052/1052 986/986/986
f 924/924/924 909/909/909 876/876/876
f 924/924/924 986/986/986 909/909/909
f 876/876/876 835/835/835 820/820/820
f 876/876/876 909/909/909 835/835/835
f 820/820/820 757/757/757 750/750/750
f 820/820/820 835/835/835 757/757/757
f 750/750/750 679/679/679 672/672/672
f 750/750/750 757/757/757 679/679/679
f 672/672/672 639/639/639 662/662/662
f 672/672/672 679/679/679 639/639/639
f 662/662/662 569/569/569 581/581/581
f 662/662/662 639/639/639 569/569/569
f 581/581/581 491/491/491 503/503/503
f 581/581/581 569/569/569 491/491/491
f 503/503/503 413/413/413 433/433/433
f 503/503/503 491/491/491 413/413/413
f 433/433/433 339/339/339 377/377/377
f 433/433/433 413/413/413 339/339/339
f 377/377/377 263/263/263 329/329/329
f 377/377/377 339/339/339 263/263/263
f 329/329/329 199/199/199 275/275/275
f 329/329/329 263/263/263 199/199/199
f 275/275/275 165/165/165 255/255/255
f 275/275/275 199/199/199 165/165/165
f 255/255/255 151/151/151 233/233/233
f 255/255/255 165/165/165 151/151/151
f 233/233/233 164/164/164 253/253/253
f 233/233/233 151/151/151 164/164/164
f 253/253/253 198/198/198 273/273/273
f 253/253/253 164/164/164 198/198/198
f 273/273/273 262/262/262 327/327/327
f 273/273/273 198/198/198 262/262/262
f 327/327/327 338/338/338 375/375/375
f 327/327/327 262/262/262 338/338/338
f 375/375/375 412/412/412 431/431/431
f 375/375/375 338/338/338 412/412/412
f 431/431/431 490/490/490 501/501/501
f 431/431/431 412/412/412 490/490/490
f 501/501/501 568/568/568 579/579/579
f 501/501/501 490/490/490 568/568/568
f 579/579/579 638/638/638 660/660/660
f 579/579/579 568/568/568 638/638/638
f 660/660/660 678/678/678 670/670/670
f 660/660/660 638/638/638 678/678/678
f 670/670/670 756/756/756 748/748/748
f 670/670/670 678/678/678 756/756/756
f 748/748/748 834/834/834 818/818/818
f 748/748/748 756/756/756 834/834/834
f 818/818/818 908/908/908 874/874/874
f 818/818/818 834/834/834 908/908/908
f 874/874/874 985/985/985 922/922/922
f 874/874/874 908/908/908 985/985/985
f 922/922/922 1051/1051/1051 976/976/976
f 922/922/922 985/985/985 1051/1051/1051
f 976/976/976 1085/1085/1085 997/997/997
f 976/976/976 1051/1051/1051 1085/1085/1085
f 997/997/997 1102/1102/1102 1020/1020/1020
f 997/997/997 1085/1085/1085 1102/1102/1102
f 1101/1101/1101 1175/1175/1175 1086/1086/1086
f 1101/1101/1101 1192/1192/1192 1175/1175/1175
f 1086/1086/1086 1107/1107/1107 1052/1052/1052
f 1086/1086/1086 1175/1175/1175 1107/1107/1107
f 1052/1052/1052 1042/1042/1042 986/986/986
f 1052/1052/1052 1107/1107/1107 1042/1042/1042
f 986/986/986 955/955/955 909/909/909
f 986/986/986 1042/1042/1042 955/955/955
f 909/909/909 865/865/865 835/835/835
f 909/909/909 955/955/955 865/865/865
f 835/835/835 783/783/783 757/757/757
f 835/835/835 865/865/865 783/783/783
f 757/757/757 705/705/705 679/679/679
f 757/757/757 783/783/783 705/705/705
f 679/679/679 635/635/635 639/639/639
f 679/679/679 705/705/705 635/635/635
f 639/639/639 547/547/547 569/569/569
f 639/639/639 635/635/635 547/547/547
f 569/569/569 469/469/469 491/491/491
f 569/569/569 547/547/547 469/469/469
f 491/491/491 387/387/387 413/413/413
f 491/491/491 469/469/469 387/387/387
f 413/413/413 297/297/297 339/339/339
f 413/413/413 387/387/387 297/297/297
f 339/339/339 213/213/213 263/263/263
f 339/339/339 297/297/297 213/213/213
f 263/263/263 150/150/150 199/199/199
f 263/263/263 213/213/213 150/150/150
f 199/199/199 88/88/88 165/165/165
f 199/199/199 150/150/150 88/88/88
f 165/165/165 70/70/70 151/151/151
f 165/165/165 88/88/88 70/70/70
f 151/151/151 87/87/87 164/164/164
f 151/151/151 70/70/70 87/87/87
f 164/164/164 149/149/149 198/198/198
f 164/164/164 87/87/87 149/149/149
f 198/198/198 212/212/212 262/262/262
f 198/198/198 149/149/149 212/212/212
f 262/262/262 296/296/296 338/338/338
f 262/262/262 212/212/212 296/296/296
f 338/338/338 386/386/386 412/412/412
f 338/338/338 296/296/296 386/386/386
f 412/412/412 468/468/468 490/490/490
f 412/412/412 386/386/386 468/468/468
f 490/490/490 546/546/546 568/568/568
f 490/490/490 468/468/468 546/546/546
f 568/568/568 634/634/634 638/638/638
f 568/568/568 546/546/546 634/634/634
f 638/638/638 704/704/704 678/678/678
f 638/638/638 634/634/634 704/704/704
f 678/678/678 782/782/782 756/756/756
f 678/678/678 704/704/704 782/782/782
f 756/756/756 864/864/864 834/834/834
f 756/756/756 782/782/782 864/864/864
f 834/834/834 954/954/954 908/908/908
f 834/834/834 864/864/864 954/954/954
f 908/908/908 1041/1041/1041 985/985/985
f 908/908/908 954/954/954 1041/1041/1041
f 985/985/985 1106/1106/1106 1051/1051/1051
f 985/985/985 1041/1041/1041 1106/1106/1106
f 1051/1051/1051 1174/1174/1174 1085/1085/1085
f 1051/1051/1051 1106/1106/1106 1174/1174/1174
f 1085/1085/1085 1193/1193/1193 1102/1102/1102
f 1085/1085/1085 1174/1174/1174 1193/1193/1193
f 1192/1192/1192 1109/1109/1109 1175/1175/1175
f 1192/1192/1192 1136/1136/1136 1109/1109/1109
f 1175/1175/1175 1074/1074/1074 1107/1107/1107
f 1175/1175/1175 1109/1109/1109 1074/1074/1074
f 1107/1107/1107 996/996/996 1042/1042/1042
f 1107/1107/1107 1074/1074/1074 996/996/996
f 1042/1042/1042 927/927/927 955/955/955
f 1042/1042/1042 996/996/996 927/927/927
f 955/955/955 841/841/841 865/865/865
f 955/955/955 927/927/927 841/841/841
f 865/865/865 763/763/763 783/783/783
f 865/865/865 841/841/841 763/763/763
f 783/783/783 685/685/685 705/705/705
f 783/783/783 763/763/763 685/685/685
f 705/705/705 615/615/615 635/635/635
f 705/705/705 685/685/685 615/615/615
f 635/635/635 567/567/567 547/547/547
f 635/635/635 615/615/615 567/567/567
f 547/547/547 489/489/489 469/469/469
f 547/547/547 567/567/567 489/489/489
f 469/469/469 411/411/411 387/387/387
f 469/469/469 489/489/489 411/411/411
f 387/387/387 325/325/325 297/297/297
f 387/387/387 411/411/411 325/325/325
f 297/297/297 257/257/257 213/213/213
f 297/297/297 325/325/325 257/257/257
f 213/213/213 181/181/181 150/150/150
f 213/213/213 257/257/257 181/181/181
f 150/150/150 148/148/148 88/88/88
f 150/150/150 181/181/181 148/148/148
f 88/88/88 120/120/120 70/70/70
f 88/88/88 148/148/148 120/120/120
f 70/70/70 147/147/147 87/87/87
f 70/70/70 120/120/120 147/147/147
f 87/87/87 180/180/180 149/149/149
f 87/87/87 147/147/147 180/180/180
f 149/149/149 256/256/256 212/212/212
f 149/149/149 180/180/180 256/256/256
f 212/212/212 324/324/324 296/296/296
f 212/212/212 256/256/256 324/324/324
f 296/296/296 410/410/410 386/386/386
f 296/296/296 324/324/324 410/410/410
f 386/386/386 488/488/488 468/468/468
f 386/386/386 410/410/410 488/488/488
f 468/468/468 566/566/566 546/546/546
f 468/468/468 488/488/488 566/566/566
f 546/546/546 614/614/614 634/634/634
f 546/546/546 566/566/566 614/614/614
f 634/634/634 684/684/684 704/704/704
f 634/634/634 614/614/614 684/684/684
f 704/704/704 762/762/762 782/782/782
f 704/704/704 684/684/684 762/762/762
f 782/782/782 840/840/840 864/864/864
f 782/782/782 762/762/762 840/840/840
f 864/864/864 926/926/926 954/954/954
f 864/864/864 840/840/840 926/926/926
f 954/954/954 995/995/995 1041/1041/1041
f 954/954/954 926/926/926 995/995/995
f 1041/1041/1041 1073/1073/1073 1106/1106/1106
f 1041/1041/1041 995/995/995 1073/1073/1073
f 1106/1106/1106 1108/1108/1108 1174/1174/1174
f 1106/1106/1106 1073/1073/1073 1108/1108/1108
f 1174/1174/1174 1137/1137/1137 1193/1193/1193
f 1174/1174/1174 1108/1108/1108 1137/1137/1137
f 1136/1136/1136 966/966/966 1109/1109/1109
f 1136/1136/1136 980/980/980 966/966/966
f 1109/1109/1109 938/938/938 1074/1074/1074
f 1109/1109/1109 966/966/966 938/938/938
f 1074/1074/1074 894/894/894 996/996/996
f 1074/1074/1074 938/938/938 894/894/894
f 996/996/996 844/844/844 927/927/927
f 996/996/996 894/894/894 844/844/844
f 927/927/927 804/804/804 841/841/841
f 927/927/927 844/844/844 804/804/804
f 841/841/841 746/746/746 763/763/763
f 841/841/841 804/804/804 746/746/746
f 763/763/763 668/668/668 685/685/685
f 763/763/763 746/746/746 668/668/668
f 685/685/685 604/604/604 615/615/615
f 685/685/685 668/668/668 604/604/604
f 615/615/615 585/585/585 567/567/567
f 615/615/615 604/604/604 585/585/585
f 567/567/567 507/507/507 489/489/489
f 567/567/567 585/585/585 507/507/507
f 489/489/489 449/449/449 411/411/411
f 489/489/489 507/507/507 449/449/449
f 411/411/411 409/409/409 325/325/325
f 411/411/411 449/449/449 409/409/409
f 325/325/325 359/359/359 257/257/257
f 325/325/325 409/409/409 359/359/359
f 257/257/257 315/315/315 181/181/181
f 257/257/257 359/359/359 315/315/315
f 181/181/181 287/287/287 148/148/148
f 181/181/181 315/315/315 287/287/287
f 148/148/148 271/271/271 120/120/120
f 148/148/148 287/287/287 271/271/271
f 120/120/120 285/285/285 147/147/147
f 120/120/120 271/271/271 285/285/285
f 147/147/147 313/313/313 180/180/180
f 147/147/147 285/285/285 313/313/313
f 180/180/180 357/357/357 256/256/256
f 180/180/180 313/313/313 357/357/357
f 256/256/256 407/407/407 324/324/324
f 256/256/256 357/357/357 407/407/407
f 324/324/324 447/447/447 410/410/410
f 324/324/324 407/407/407 447/447/447
f 410/410/410 505/505/505 488/488/488
f 410/410/410 447/447/447 505/505/505
f 488/488/488 583/583/583 566/566/566
f 488/488/488 505/505/505 583/583/583
f 566/566/566 601/601/601 614/614/614
f 566/566/566 583/583/583 601/601/601
f 614/614/614 666/666/666 684/684/684
f 614/614/614 601/601/601 666/666/666
f 684/684/684 744/744/744 762/762/762
f 684/684/684 666/666/666 744/744/744
f 762/762/762 802/802/802 840/840/840
f 762/762/762 744/744/744 802/802/802
f 840/840/840 842/842/842 926/926/926
f 840/840/840 802/802/802 842/842/842
f 926/926/926 892/892/892 995/995/995
f 926/926/926 842/842/842 892/892/892
f 995/995/995 936/936/936 1073/1073/1073
f 995/995/995 892/892/892 936/936/936
f 1073/1073/1073 964/964/964 1108/1108/1108
f 1073/1073/1073 936/936/936 964/964/964
f 1108/1108/1108 981/981/981 1137/1137/1137
f 1108/1108/1108 964/964/964 981/981/981
f 982/982/982 603/603/603 967/967/967
f 967/967/967 603/603/603 939/939/939
f 939/939/939 603/603/603 895/895/895
f 895/895/895 603/603/603 845/845/845
f 845/845/845 603/603/603 805/805/805
f 805/805/805 603/603/603 747/747/747
f 747/747/747 603/603/603 669/669/669
f 669/669/669 603/603/603 605/605/605
f 605/605/605 603/603/603 584/584/584
f 584/584/584 603/603/603 506/506/506
f 506/506/506 603/603/603 448/448/448
f 448/448/448 603/603/603 408/408/408
f 408/408/408 603/603/603 358/358/358
f 358/358/358 603/603/603 314/314/314
f 314/314/314 603/603/603 286/286/286
f 286/286/286 603/603/603 270/270/270
f 270/270/270 603/603/603 284/284/284
f 284/284/284 603/603/603 312/312/312
f 312/312/312 603/603/603 356/356/356
f 356/356/356 603/603/603 406/406/406
f 406/406/406 603/603/603 446/446/446
f 446/446/446 603/603/603 504/504/504
f 504/504/504 603/603/603 582/582/582
f 582/582/582 603/603/603 602/602/602
f 602/602/602 603/603/603 667/667/667
f 667/667/667 603/603/603 745/745/745
f 745/745/745 603/603/603 803/803/803
f 803/803/803 603/603/603 843/843/843
f 843/843/843 603/603/603 893/893/893
f 893/893/893 603/603/603 937/937/937
f 937/937/937 603/603/603 965/965/965
f 965/965/965 603/603/603 982/982/982
