# metres; Y up; ground-centred pivot
mtllib 19_Caja_Abierta.mtl
v -0.4700000 0.1120000 -0.4080000
v -0.4700000 0.1120000 -0.4080000
v -0.4700000 0.1120000 0.4080000
v -0.4700000 0.1120000 0.4080000
v -0.4700000 0.2480000 -0.4080000
v -0.4700000 0.2480000 -0.4080000
v -0.4700000 0.2480000 0.4080000
v -0.4700000 0.2480000 0.4080000
v -0.4700000 0.3220000 -0.4080000
v -0.4700000 0.3220000 -0.4080000
v -0.4700000 0.3220000 0.4080000
v -0.4700000 0.3220000 0.4080000
v -0.4700000 0.4580000 -0.4080000
v -0.4700000 0.4580000 -0.4080000
v -0.4700000 0.4580000 0.4080000
v -0.4700000 0.4580000 0.4080000
v -0.4700000 0.5320000 -0.4080000
v -0.4700000 0.5320000 -0.4080000
v -0.4700000 0.5320000 0.4080000
v -0.4700000 0.5320000 0.4080000
v -0.4700000 0.6680000 -0.4080000
v -0.4700000 0.6680000 -0.4080000
v -0.4700000 0.6680000 0.4080000
v -0.4700000 0.6680000 0.4080000
v -0.4580000 0.1000000 -0.4080000
v -0.4580000 0.1000000 0.4080000
v -0.4580000 0.1120000 -0.4200000
v -0.4580000 0.1120000 -0.4200000
v -0.4580000 0.1120000 0.4200000
v -0.4580000 0.1120000 0.4200000
v -0.4580000 0.2480000 -0.4200000
v -0.4580000 0.2480000 -0.4200000
v -0.4580000 0.2480000 -0.4200000
v -0.4580000 0.2480000 0.4200000
v -0.4580000 0.2480000 0.4200000
v -0.4580000 0.2480000 0.4200000
v -0.4580000 0.2600000 -0.4080000
v -0.4580000 0.2600000 0.4080000
v -0.4580000 0.3100000 -0.4080000
v -0.4580000 0.3100000 0.4080000
v -0.4580000 0.3220000 -0.4200000
v -0.4580000 0.3220000 -0.4200000
v -0.4580000 0.3220000 0.4200000
v -0.4580000 0.3220000 0.4200000
v -0.4580000 0.4580000 -0.4200000
v -0.4580000 0.4580000 -0.4200000
v -0.4580000 0.4580000 -0.4200000
v -0.4580000 0.4580000 0.4200000
v -0.4580000 0.4580000 0.4200000
v -0.4580000 0.4580000 0.4200000
v -0.4580000 0.4700000 -0.4080000
v -0.4580000 0.4700000 0.4080000
v -0.4580000 0.5200000 -0.4080000
v -0.4580000 0.5200000 0.4080000
v -0.4580000 0.5320000 -0.4200000
v -0.4580000 0.5320000 -0.4200000
v -0.4580000 0.5320000 0.4200000
v -0.4580000 0.5320000 0.4200000
v -0.4580000 0.6680000 -0.4200000
v -0.4580000 0.6680000 -0.4200000
v -0.4580000 0.6680000 -0.4200000
v -0.4580000 0.6680000 0.4200000
v -0.4580000 0.6680000 0.4200000
v -0.4580000 0.6680000 0.4200000
v -0.4580000 0.6800000 -0.4080000
v -0.4580000 0.6800000 0.4080000
v -0.4500000 0.0168000 -0.4232000
v -0.4500000 0.0168000 -0.4232000
v -0.4500000 0.0168000 -0.3768000
v -0.4500000 0.0168000 -0.3768000
v -0.4500000 0.0168000 0.3768000
v -0.4500000 0.0168000 0.3768000
v -0.4500000 0.0168000 0.4232000
v -0.4500000 0.0168000 0.4232000
v -0.4500000 0.0350000 -0.4150000
v -0.4500000 0.0350000 -0.4150000
v -0.4500000 0.0350000 -0.2850000
v -0.4500000 0.0350000 -0.2850000
v -0.4500000 0.0350000 -0.2850000
v -0.4500000 0.0350000 -0.2400000
v -0.4500000 0.0350000 -0.2400000
v -0.4500000 0.0350000 -0.1100000
v -0.4500000 0.0350000 -0.1100000
v -0.4500000 0.0350000 -0.1100000
v -0.4500000 0.0350000 -0.0650000
v -0.4500000 0.0350000 -0.0650000
v -0.4500000 0.0350000 0.0650000
v -0.4500000 0.0350000 0.0650000
v -0.4500000 0.0350000 0.0650000
v -0.4500000 0.0350000 0.1100000
v -0.4500000 0.0350000 0.1100000
v -0.4500000 0.0350000 0.2400000
v -0.4500000 0.0350000 0.2400000
v -0.4500000 0.0350000 0.2400000
v -0.4500000 0.0350000 0.2850000
v -0.4500000 0.0350000 0.2850000
v -0.4500000 0.0350000 0.4150000
v -0.4500000 0.0350000 0.4150000
v -0.4500000 0.0350000 0.4150000
v -0.4500000 0.0850000 -0.4150000
v -0.4500000 0.0850000 -0.4150000
v -0.4500000 0.0850000 -0.4150000
v -0.4500000 0.0850000 -0.2850000
v -0.4500000 0.0850000 -0.2850000
v -0.4500000 0.0850000 -0.2850000
v -0.4500000 0.0850000 -0.2400000
v -0.4500000 0.0850000 -0.2400000
v -0.4500000 0.0850000 -0.2400000
v -0.4500000 0.0850000 -0.1100000
v -0.4500000 0.0850000 -0.1100000
v -0.4500000 0.0850000 -0.1100000
v -0.4500000 0.0850000 -0.0650000
v -0.4500000 0.0850000 -0.0650000
v -0.4500000 0.0850000 -0.0650000
v -0.4500000 0.0850000 0.0650000
v -0.4500000 0.0850000 0.0650000
v -0.4500000 0.0850000 0.0650000
v -0.4500000 0.0850000 0.1100000
v -0.4500000 0.0850000 0.1100000
v -0.4500000 0.0850000 0.1100000
v -0.4500000 0.0850000 0.2400000
v -0.4500000 0.0850000 0.2400000
v -0.4500000 0.0850000 0.2400000
v -0.4500000 0.0850000 0.2850000
v -0.4500000 0.0850000 0.2850000
v -0.4500000 0.0850000 0.2850000
v -0.4500000 0.0850000 0.4150000
v -0.4500000 0.0850000 0.4150000
v -0.4500000 0.0850000 0.4150000
v -0.4500000 0.1120000 -0.4280000
v -0.4500000 0.1120000 -0.4280000
v -0.4500000 0.1120000 -0.3920000
v -0.4500000 0.1120000 -0.3920000
v -0.4500000 0.1120000 -0.3920000
v -0.4500000 0.1120000 0.3920000
v -0.4500000 0.1120000 0.3920000
v -0.4500000 0.1120000 0.4280000
v -0.4500000 0.1120000 0.4280000
v -0.4500000 0.1120000 0.4280000
v -0.4500000 0.2480000 -0.4280000
v -0.4500000 0.2480000 -0.4280000
v -0.4500000 0.2480000 -0.4280000
v -0.4500000 0.2480000 -0.3920000
v -0.4500000 0.2480000 -0.3920000
v -0.4500000 0.2480000 -0.3920000
v -0.4500000 0.2480000 0.3920000
v -0.4500000 0.2480000 0.3920000
v -0.4500000 0.2480000 0.3920000
v -0.4500000 0.2480000 0.4280000
v -0.4500000 0.2480000 0.4280000
v -0.4500000 0.2480000 0.4280000
v -0.4500000 0.3220000 -0.4280000
v -0.4500000 0.3220000 -0.4280000
v -0.4500000 0.3220000 -0.3920000
v -0.4500000 0.3220000 -0.3920000
v -0.4500000 0.3220000 -0.3920000
v -0.4500000 0.3220000 0.3920000
v -0.4500000 0.3220000 0.3920000
v -0.4500000 0.3220000 0.4280000
v -0.4500000 0.3220000 0.4280000
v -0.4500000 0.3220000 0.4280000
v -0.4500000 0.4580000 -0.4280000
v -0.4500000 0.4580000 -0.4280000
v -0.4500000 0.4580000 -0.4280000
v -0.4500000 0.4580000 -0.3920000
v -0.4500000 0.4580000 -0.3920000
v -0.4500000 0.4580000 -0.3920000
v -0.4500000 0.4580000 0.3920000
v -0.4500000 0.4580000 0.3920000
v -0.4500000 0.4580000 0.3920000
v -0.4500000 0.4580000 0.4280000
v -0.4500000 0.4580000 0.4280000
v -0.4500000 0.4580000 0.4280000
v -0.4500000 0.5320000 -0.4280000
v -0.4500000 0.5320000 -0.4280000
v -0.4500000 0.5320000 -0.3920000
v -0.4500000 0.5320000 -0.3920000
v -0.4500000 0.5320000 -0.3920000
v -0.4500000 0.5320000 0.3920000
v -0.4500000 0.5320000 0.3920000
v -0.4500000 0.5320000 0.4280000
v -0.4500000 0.5320000 0.4280000
v -0.4500000 0.5320000 0.4280000
v -0.4500000 0.6680000 -0.4280000
v -0.4500000 0.6680000 -0.4280000
v -0.4500000 0.6680000 -0.4280000
v -0.4500000 0.6680000 -0.3920000
v -0.4500000 0.6680000 -0.3920000
v -0.4500000 0.6680000 -0.3920000
v -0.4500000 0.6680000 0.3920000
v -0.4500000 0.6680000 0.3920000
v -0.4500000 0.6680000 0.3920000
v -0.4500000 0.6680000 0.4280000
v -0.4500000 0.6680000 0.4280000
v -0.4500000 0.6680000 0.4280000
v -0.4500000 0.7832000 -0.4232000
v -0.4500000 0.7832000 -0.4232000
v -0.4500000 0.7832000 -0.3768000
v -0.4500000 0.7832000 -0.3768000
v -0.4500000 0.7832000 0.3768000
v -0.4500000 0.7832000 0.3768000
v -0.4500000 0.7832000 0.4232000
v -0.4500000 0.7832000 0.4232000
v -0.4380000 0.1000000 -0.4280000
v -0.4380000 0.1000000 -0.3920000
v -0.4380000 0.1000000 0.3920000
v -0.4380000 0.1000000 0.4280000
v -0.4380000 0.1120000 -0.4400000
v -0.4380000 0.1120000 -0.4400000
v -0.4380000 0.1120000 -0.3800000
v -0.4380000 0.1120000 -0.3800000
v -0.4380000 0.1120000 0.3800000
v -0.4380000 0.1120000 0.3800000
v -0.4380000 0.1120000 0.4400000
v -0.4380000 0.1120000 0.4400000
v -0.4380000 0.2480000 -0.4400000
v -0.4380000 0.2480000 -0.4400000
v -0.4380000 0.2480000 -0.3800000
v -0.4380000 0.2480000 -0.3800000
v -0.4380000 0.2480000 0.3800000
v -0.4380000 0.2480000 0.3800000
v -0.4380000 0.2480000 0.4400000
v -0.4380000 0.2480000 0.4400000
v -0.4380000 0.2600000 -0.4280000
v -0.4380000 0.2600000 -0.3920000
v -0.4380000 0.2600000 0.3920000
v -0.4380000 0.2600000 0.4280000
v -0.4380000 0.3100000 -0.4280000
v -0.4380000 0.3100000 -0.3920000
v -0.4380000 0.3100000 0.3920000
v -0.4380000 0.3100000 0.4280000
v -0.4380000 0.3220000 -0.4400000
v -0.4380000 0.3220000 -0.4400000
v -0.4380000 0.3220000 -0.3800000
v -0.4380000 0.3220000 -0.3800000
v -0.4380000 0.3220000 0.3800000
v -0.4380000 0.3220000 0.3800000
v -0.4380000 0.3220000 0.4400000
v -0.4380000 0.3220000 0.4400000
v -0.4380000 0.4580000 -0.4400000
v -0.4380000 0.4580000 -0.4400000
v -0.4380000 0.4580000 -0.3800000
v -0.4380000 0.4580000 -0.3800000
v -0.4380000 0.4580000 0.3800000
v -0.4380000 0.4580000 0.3800000
v -0.4380000 0.4580000 0.4400000
v -0.4380000 0.4580000 0.4400000
v -0.4380000 0.4700000 -0.4280000
v -0.4380000 0.4700000 -0.3920000
v -0.4380000 0.4700000 0.3920000
v -0.4380000 0.4700000 0.4280000
v -0.4380000 0.5200000 -0.4280000
v -0.4380000 0.5200000 -0.3920000
v -0.4380000 0.5200000 0.3920000
v -0.4380000 0.5200000 0.4280000
v -0.4380000 0.5320000 -0.4400000
v -0.4380000 0.5320000 -0.4400000
v -0.4380000 0.5320000 -0.3800000
v -0.4380000 0.5320000 -0.3800000
v -0.4380000 0.5320000 0.3800000
v -0.4380000 0.5320000 0.3800000
v -0.4380000 0.5320000 0.4400000
v -0.4380000 0.5320000 0.4400000
v -0.4380000 0.6680000 -0.4400000
v -0.4380000 0.6680000 -0.4400000
v -0.4380000 0.6680000 -0.3800000
v -0.4380000 0.6680000 -0.3800000
v -0.4380000 0.6680000 0.3800000
v -0.4380000 0.6680000 0.3800000
v -0.4380000 0.6680000 0.4400000
v -0.4380000 0.6680000 0.4400000
v -0.4380000 0.6800000 -0.4280000
v -0.4380000 0.6800000 -0.3920000
v -0.4380000 0.6800000 0.3920000
v -0.4380000 0.6800000 0.4280000
v -0.4350000 0.0200000 -0.4150000
v -0.4350000 0.0200000 -0.2850000
v -0.4350000 0.0200000 -0.2400000
v -0.4350000 0.0200000 -0.1100000
v -0.4350000 0.0200000 -0.0650000
v -0.4350000 0.0200000 0.0650000
v -0.4350000 0.0200000 0.1100000
v -0.4350000 0.0200000 0.2400000
v -0.4350000 0.0200000 0.2850000
v -0.4350000 0.0200000 0.4150000
v -0.4350000 0.0350000 -0.4300000
v -0.4350000 0.0350000 -0.4300000
v -0.4350000 0.0350000 -0.2700000
v -0.4350000 0.0350000 -0.2700000
v -0.4350000 0.0350000 -0.2550000
v -0.4350000 0.0350000 -0.2550000
v -0.4350000 0.0350000 -0.0950000
v -0.4350000 0.0350000 -0.0950000
v -0.4350000 0.0350000 -0.0800000
v -0.4350000 0.0350000 -0.0800000
v -0.4350000 0.0350000 0.0800000
v -0.4350000 0.0350000 0.0800000
v -0.4350000 0.0350000 0.0950000
v -0.4350000 0.0350000 0.0950000
v -0.4350000 0.0350000 0.2550000
v -0.4350000 0.0350000 0.2550000
v -0.4350000 0.0350000 0.2700000
v -0.4350000 0.0350000 0.2700000
v -0.4350000 0.0350000 0.4300000
v -0.4350000 0.0350000 0.4300000
v -0.4350000 0.0850000 -0.4300000
v -0.4350000 0.0850000 -0.4300000
v -0.4350000 0.0850000 -0.2700000
v -0.4350000 0.0850000 -0.2700000
v -0.4350000 0.0850000 -0.2550000
v -0.4350000 0.0850000 -0.2550000
v -0.4350000 0.0850000 -0.0950000
v -0.4350000 0.0850000 -0.0950000
v -0.4350000 0.0850000 -0.0800000
v -0.4350000 0.0850000 -0.0800000
v -0.4350000 0.0850000 0.0800000
v -0.4350000 0.0850000 0.0800000
v -0.4350000 0.0850000 0.0950000
v -0.4350000 0.0850000 0.0950000
v -0.4350000 0.0850000 0.2550000
v -0.4350000 0.0850000 0.2550000
v -0.4350000 0.0850000 0.2700000
v -0.4350000 0.0850000 0.2700000
v -0.4350000 0.0850000 0.4300000
v -0.4350000 0.0850000 0.4300000
v -0.4350000 0.1000000 -0.4150000
v -0.4350000 0.1000000 -0.2850000
v -0.4350000 0.1000000 -0.2400000
v -0.4350000 0.1000000 -0.1100000
v -0.4350000 0.1000000 -0.0650000
v -0.4350000 0.1000000 0.0650000
v -0.4350000 0.1000000 0.1100000
v -0.4350000 0.1000000 0.2400000
v -0.4350000 0.1000000 0.2850000
v -0.4350000 0.1000000 0.4150000
v -0.4332000 0.0000000 -0.4232000
v -0.4332000 0.0000000 -0.3768000
v -0.4332000 0.0000000 0.3768000
v -0.4332000 0.0000000 0.4232000
v -0.4332000 0.0168000 -0.4400000
v -0.4332000 0.0168000 -0.4400000
v -0.4332000 0.0168000 -0.3600000
v -0.4332000 0.0168000 -0.3600000
v -0.4332000 0.0168000 0.3600000
v -0.4332000 0.0168000 0.3600000
v -0.4332000 0.0168000 0.4400000
v -0.4332000 0.0168000 0.4400000
v -0.4332000 0.7832000 -0.4400000
v -0.4332000 0.7832000 -0.4400000
v -0.4332000 0.7832000 -0.4400000
v -0.4332000 0.7832000 -0.3600000
v -0.4332000 0.7832000 -0.3600000
v -0.4332000 0.7832000 -0.3600000
v -0.4332000 0.7832000 0.3600000
v -0.4332000 0.7832000 0.3600000
v -0.4332000 0.7832000 0.3600000
v -0.4332000 0.7832000 0.4400000
v -0.4332000 0.7832000 0.4400000
v -0.4332000 0.7832000 0.4400000
v -0.4332000 0.8000000 -0.4232000
v -0.4332000 0.8000000 -0.3768000
v -0.4332000 0.8000000 0.3768000
v -0.4332000 0.8000000 0.4232000
v -0.4220000 0.1000000 -0.4080000
v -0.4220000 0.1000000 0.4080000
v -0.4220000 0.1120000 -0.4200000
v -0.4220000 0.1120000 -0.4200000
v -0.4220000 0.1120000 -0.4200000
v -0.4220000 0.1120000 0.4200000
v -0.4220000 0.1120000 0.4200000
v -0.4220000 0.1120000 0.4200000
v -0.4220000 0.2480000 -0.4200000
v -0.4220000 0.2480000 -0.4200000
v -0.4220000 0.2480000 -0.4200000
v -0.4220000 0.2480000 0.4200000
v -0.4220000 0.2480000 0.4200000
v -0.4220000 0.2480000 0.4200000
v -0.4220000 0.2600000 -0.4080000
v -0.4220000 0.2600000 0.4080000
v -0.4220000 0.3100000 -0.4080000
v -0.4220000 0.3100000 0.4080000
v -0.4220000 0.3220000 -0.4200000
v -0.4220000 0.3220000 -0.4200000
v -0.4220000 0.3220000 -0.4200000
v -0.4220000 0.3220000 0.4200000
v -0.4220000 0.3220000 0.4200000
v -0.4220000 0.3220000 0.4200000
v -0.4220000 0.4580000 -0.4200000
v -0.4220000 0.4580000 -0.4200000
v -0.4220000 0.4580000 -0.4200000
v -0.4220000 0.4580000 0.4200000
v -0.4220000 0.4580000 0.4200000
v -0.4220000 0.4580000 0.4200000
v -0.4220000 0.4700000 -0.4080000
v -0.4220000 0.4700000 0.4080000
v -0.4220000 0.5200000 -0.4080000
v -0.4220000 0.5200000 0.4080000
v -0.4220000 0.5320000 -0.4200000
v -0.4220000 0.5320000 -0.4200000
v -0.4220000 0.5320000 -0.4200000
v -0.4220000 0.5320000 0.4200000
v -0.4220000 0.5320000 0.4200000
v -0.4220000 0.5320000 0.4200000
v -0.4220000 0.6680000 -0.4200000
v -0.4220000 0.6680000 -0.4200000
v -0.4220000 0.6680000 -0.4200000
v -0.4220000 0.6680000 0.4200000
v -0.4220000 0.6680000 0.4200000
v -0.4220000 0.6680000 0.4200000
v -0.4220000 0.6800000 -0.4080000
v -0.4220000 0.6800000 0.4080000
v -0.4100000 0.1120000 -0.4080000
v -0.4100000 0.1120000 -0.4080000
v -0.4100000 0.1120000 0.4080000
v -0.4100000 0.1120000 0.4080000
v -0.4100000 0.2480000 -0.4080000
v -0.4100000 0.2480000 -0.4080000
v -0.4100000 0.2480000 0.4080000
v -0.4100000 0.2480000 0.4080000
v -0.4100000 0.3220000 -0.4080000
v -0.4100000 0.3220000 -0.4080000
v -0.4100000 0.3220000 0.4080000
v -0.4100000 0.3220000 0.4080000
v -0.4100000 0.4580000 -0.4080000
v -0.4100000 0.4580000 -0.4080000
v -0.4100000 0.4580000 0.4080000
v -0.4100000 0.4580000 0.4080000
v -0.4100000 0.5320000 -0.4080000
v -0.4100000 0.5320000 -0.4080000
v -0.4100000 0.5320000 0.4080000
v -0.4100000 0.5320000 0.4080000
v -0.4100000 0.6680000 -0.4080000
v -0.4100000 0.6680000 -0.4080000
v -0.4100000 0.6680000 0.4080000
v -0.4100000 0.6680000 0.4080000
v -0.3868000 0.0000000 -0.4232000
v -0.3868000 0.0000000 -0.3768000
v -0.3868000 0.0000000 0.3768000
v -0.3868000 0.0000000 0.4232000
v -0.3868000 0.0168000 -0.4400000
v -0.3868000 0.0168000 -0.4400000
v -0.3868000 0.0168000 -0.4400000
v -0.3868000 0.0168000 -0.3600000
v -0.3868000 0.0168000 -0.3600000
v -0.3868000 0.0168000 -0.3600000
v -0.3868000 0.0168000 0.3600000
v -0.3868000 0.0168000 0.3600000
v -0.3868000 0.0168000 0.3600000
v -0.3868000 0.0168000 0.4400000
v -0.3868000 0.0168000 0.4400000
v -0.3868000 0.0168000 0.4400000
v -0.3868000 0.7832000 -0.4400000
v -0.3868000 0.7832000 -0.4400000
v -0.3868000 0.7832000 -0.4400000
v -0.3868000 0.7832000 -0.3600000
v -0.3868000 0.7832000 -0.3600000
v -0.3868000 0.7832000 -0.3600000
v -0.3868000 0.7832000 0.3600000
v -0.3868000 0.7832000 0.3600000
v -0.3868000 0.7832000 0.3600000
v -0.3868000 0.7832000 0.4400000
v -0.3868000 0.7832000 0.4400000
v -0.3868000 0.7832000 0.4400000
v -0.3868000 0.8000000 -0.4232000
v -0.3868000 0.8000000 -0.3768000
v -0.3868000 0.8000000 0.3768000
v -0.3868000 0.8000000 0.4232000
v -0.3700000 0.0168000 -0.4232000
v -0.3700000 0.0168000 -0.4232000
v -0.3700000 0.0168000 -0.3768000
v -0.3700000 0.0168000 -0.3768000
v -0.3700000 0.0168000 0.3768000
v -0.3700000 0.0168000 0.3768000
v -0.3700000 0.0168000 0.4232000
v -0.3700000 0.0168000 0.4232000
v -0.3700000 0.7832000 -0.4232000
v -0.3700000 0.7832000 -0.4232000
v -0.3700000 0.7832000 -0.3768000
v -0.3700000 0.7832000 -0.3768000
v -0.3700000 0.7832000 0.3768000
v -0.3700000 0.7832000 0.3768000
v -0.3700000 0.7832000 0.4232000
v -0.3700000 0.7832000 0.4232000
v 0.3700000 0.0168000 -0.4232000
v 0.3700000 0.0168000 -0.4232000
v 0.3700000 0.0168000 -0.3768000
v 0.3700000 0.0168000 -0.3768000
v 0.3700000 0.0168000 0.3768000
v 0.3700000 0.0168000 0.3768000
v 0.3700000 0.0168000 0.4232000
v 0.3700000 0.0168000 0.4232000
v 0.3700000 0.7832000 -0.4232000
v 0.3700000 0.7832000 -0.4232000
v 0.3700000 0.7832000 -0.3768000
v 0.3700000 0.7832000 -0.3768000
v 0.3700000 0.7832000 0.3768000
v 0.3700000 0.7832000 0.3768000
v 0.3700000 0.7832000 0.4232000
v 0.3700000 0.7832000 0.4232000
v 0.3868000 0.0000000 -0.4232000
v 0.3868000 0.0000000 -0.3768000
v 0.3868000 0.0000000 0.3768000
v 0.3868000 0.0000000 0.4232000
v 0.3868000 0.0168000 -0.4400000
v 0.3868000 0.0168000 -0.4400000
v 0.3868000 0.0168000 -0.3600000
v 0.3868000 0.0168000 -0.3600000
v 0.3868000 0.0168000 0.3600000
v 0.3868000 0.0168000 0.3600000
v 0.3868000 0.0168000 0.4400000
v 0.3868000 0.0168000 0.4400000
v 0.3868000 0.7832000 -0.4400000
v 0.3868000 0.7832000 -0.4400000
v 0.3868000 0.7832000 -0.4400000
v 0.3868000 0.7832000 -0.3600000
v 0.3868000 0.7832000 -0.3600000
v 0.3868000 0.7832000 -0.3600000
v 0.3868000 0.7832000 0.3600000
v 0.3868000 0.7832000 0.3600000
v 0.3868000 0.7832000 0.3600000
v 0.3868000 0.7832000 0.4400000
v 0.3868000 0.7832000 0.4400000
v 0.3868000 0.7832000 0.4400000
v 0.3868000 0.8000000 -0.4232000
v 0.3868000 0.8000000 -0.3768000
v 0.3868000 0.8000000 0.3768000
v 0.3868000 0.8000000 0.4232000
v 0.4100000 0.1120000 -0.4080000
v 0.4100000 0.1120000 -0.4080000
v 0.4100000 0.1120000 0.4080000
v 0.4100000 0.1120000 0.4080000
v 0.4100000 0.2480000 -0.4080000
v 0.4100000 0.2480000 -0.4080000
v 0.4100000 0.2480000 0.4080000
v 0.4100000 0.2480000 0.4080000
v 0.4100000 0.3220000 -0.4080000
v 0.4100000 0.3220000 -0.4080000
v 0.4100000 0.3220000 0.4080000
v 0.4100000 0.3220000 0.4080000
v 0.4100000 0.4580000 -0.4080000
v 0.4100000 0.4580000 -0.4080000
v 0.4100000 0.4580000 0.4080000
v 0.4100000 0.4580000 0.4080000
v 0.4100000 0.5320000 -0.4080000
v 0.4100000 0.5320000 -0.4080000
v 0.4100000 0.5320000 0.4080000
v 0.4100000 0.5320000 0.4080000
v 0.4100000 0.6680000 -0.4080000
v 0.4100000 0.6680000 -0.4080000
v 0.4100000 0.6680000 0.4080000
v 0.4100000 0.6680000 0.4080000
v 0.4220000 0.1000000 -0.4080000
v 0.4220000 0.1000000 0.4080000
v 0.4220000 0.1120000 -0.4200000
v 0.4220000 0.1120000 -0.4200000
v 0.4220000 0.1120000 0.4200000
v 0.4220000 0.1120000 0.4200000
v 0.4220000 0.2480000 -0.4200000
v 0.4220000 0.2480000 -0.4200000
v 0.4220000 0.2480000 -0.4200000
v 0.4220000 0.2480000 0.4200000
v 0.4220000 0.2480000 0.4200000
v 0.4220000 0.2480000 0.4200000
v 0.4220000 0.2600000 -0.4080000
v 0.4220000 0.2600000 0.4080000
v 0.4220000 0.3100000 -0.4080000
v 0.4220000 0.3100000 0.4080000
v 0.4220000 0.3220000 -0.4200000
v 0.4220000 0.3220000 -0.4200000
v 0.4220000 0.3220000 0.4200000
v 0.4220000 0.3220000 0.4200000
v 0.4220000 0.4580000 -0.4200000
v 0.4220000 0.4580000 -0.4200000
v 0.4220000 0.4580000 -0.4200000
v 0.4220000 0.4580000 0.4200000
v 0.4220000 0.4580000 0.4200000
v 0.4220000 0.4580000 0.4200000
v 0.4220000 0.4700000 -0.4080000
v 0.4220000 0.4700000 0.4080000
v 0.4220000 0.5200000 -0.4080000
v 0.4220000 0.5200000 0.4080000
v 0.4220000 0.5320000 -0.4200000
v 0.4220000 0.5320000 -0.4200000
v 0.4220000 0.5320000 0.4200000
v 0.4220000 0.5320000 0.4200000
v 0.4220000 0.6680000 -0.4200000
v 0.4220000 0.6680000 -0.4200000
v 0.4220000 0.6680000 -0.4200000
v 0.4220000 0.6680000 0.4200000
v 0.4220000 0.6680000 0.4200000
v 0.4220000 0.6680000 0.4200000
v 0.4220000 0.6800000 -0.4080000
v 0.4220000 0.6800000 0.4080000
v 0.4332000 0.0000000 -0.4232000
v 0.4332000 0.0000000 -0.3768000
v 0.4332000 0.0000000 0.3768000
v 0.4332000 0.0000000 0.4232000
v 0.4332000 0.0168000 -0.4400000
v 0.4332000 0.0168000 -0.4400000
v 0.4332000 0.0168000 -0.4400000
v 0.4332000 0.0168000 -0.3600000
v 0.4332000 0.0168000 -0.3600000
v 0.4332000 0.0168000 -0.3600000
v 0.4332000 0.0168000 0.3600000
v 0.4332000 0.0168000 0.3600000
v 0.4332000 0.0168000 0.3600000
v 0.4332000 0.0168000 0.4400000
v 0.4332000 0.0168000 0.4400000
v 0.4332000 0.0168000 0.4400000
v 0.4332000 0.7832000 -0.4400000
v 0.4332000 0.7832000 -0.4400000
v 0.4332000 0.7832000 -0.4400000
v 0.4332000 0.7832000 -0.3600000
v 0.4332000 0.7832000 -0.3600000
v 0.4332000 0.7832000 -0.3600000
v 0.4332000 0.7832000 0.3600000
v 0.4332000 0.7832000 0.3600000
v 0.4332000 0.7832000 0.3600000
v 0.4332000 0.7832000 0.4400000
v 0.4332000 0.7832000 0.4400000
v 0.4332000 0.7832000 0.4400000
v 0.4332000 0.8000000 -0.4232000
v 0.4332000 0.8000000 -0.3768000
v 0.4332000 0.8000000 0.3768000
v 0.4332000 0.8000000 0.4232000
v 0.4350000 0.0200000 -0.4150000
v 0.4350000 0.0200000 -0.2850000
v 0.4350000 0.0200000 -0.2400000
v 0.4350000 0.0200000 -0.1100000
v 0.4350000 0.0200000 -0.0650000
v 0.4350000 0.0200000 0.0650000
v 0.4350000 0.0200000 0.1100000
v 0.4350000 0.0200000 0.2400000
v 0.4350000 0.0200000 0.2850000
v 0.4350000 0.0200000 0.4150000
v 0.4350000 0.0350000 -0.4300000
v 0.4350000 0.0350000 -0.4300000
v 0.4350000 0.0350000 -0.2700000
v 0.4350000 0.0350000 -0.2700000
v 0.4350000 0.0350000 -0.2550000
v 0.4350000 0.0350000 -0.2550000
v 0.4350000 0.0350000 -0.0950000
v 0.4350000 0.0350000 -0.0950000
v 0.4350000 0.0350000 -0.0800000
v 0.4350000 0.0350000 -0.0800000
v 0.4350000 0.0350000 0.0800000
v 0.4350000 0.0350000 0.0800000
v 0.4350000 0.0350000 0.0950000
v 0.4350000 0.0350000 0.0950000
v 0.4350000 0.0350000 0.2550000
v 0.4350000 0.0350000 0.2550000
v 0.4350000 0.0350000 0.2700000
v 0.4350000 0.0350000 0.2700000
v 0.4350000 0.0350000 0.4300000
v 0.4350000 0.0350000 0.4300000
v 0.4350000 0.0850000 -0.4300000
v 0.4350000 0.0850000 -0.4300000
v 0.4350000 0.0850000 -0.2700000
v 0.4350000 0.0850000 -0.2700000
v 0.4350000 0.0850000 -0.2550000
v 0.4350000 0.0850000 -0.2550000
v 0.4350000 0.0850000 -0.0950000
v 0.4350000 0.0850000 -0.0950000
v 0.4350000 0.0850000 -0.0800000
v 0.4350000 0.0850000 -0.0800000
v 0.4350000 0.0850000 0.0800000
v 0.4350000 0.0850000 0.0800000
v 0.4350000 0.0850000 0.0950000
v 0.4350000 0.0850000 0.0950000
v 0.4350000 0.0850000 0.2550000
v 0.4350000 0.0850000 0.2550000
v 0.4350000 0.0850000 0.2700000
v 0.4350000 0.0850000 0.2700000
v 0.4350000 0.0850000 0.4300000
v 0.4350000 0.0850000 0.4300000
v 0.4350000 0.1000000 -0.4150000
v 0.4350000 0.1000000 -0.2850000
v 0.4350000 0.1000000 -0.2400000
v 0.4350000 0.1000000 -0.1100000
v 0.4350000 0.1000000 -0.0650000
v 0.4350000 0.1000000 0.0650000
v 0.4350000 0.1000000 0.1100000
v 0.4350000 0.1000000 0.2400000
v 0.4350000 0.1000000 0.2850000
v 0.4350000 0.1000000 0.4150000
v 0.4380000 0.1000000 -0.4280000
v 0.4380000 0.1000000 -0.3920000
v 0.4380000 0.1000000 0.3920000
v 0.4380000 0.1000000 0.4280000
v 0.4380000 0.1120000 -0.4400000
v 0.4380000 0.1120000 -0.4400000
v 0.4380000 0.1120000 -0.3800000
v 0.4380000 0.1120000 -0.3800000
v 0.4380000 0.1120000 0.3800000
v 0.4380000 0.1120000 0.3800000
v 0.4380000 0.1120000 0.4400000
v 0.4380000 0.1120000 0.4400000
v 0.4380000 0.2480000 -0.4400000
v 0.4380000 0.2480000 -0.4400000
v 0.4380000 0.2480000 -0.3800000
v 0.4380000 0.2480000 -0.3800000
v 0.4380000 0.2480000 0.3800000
v 0.4380000 0.2480000 0.3800000
v 0.4380000 0.2480000 0.4400000
v 0.4380000 0.2480000 0.4400000
v 0.4380000 0.2600000 -0.4280000
v 0.4380000 0.2600000 -0.3920000
v 0.4380000 0.2600000 0.3920000
v 0.4380000 0.2600000 0.4280000
v 0.4380000 0.3100000 -0.4280000
v 0.4380000 0.3100000 -0.3920000
v 0.4380000 0.3100000 0.3920000
v 0.4380000 0.3100000 0.4280000
v 0.4380000 0.3220000 -0.4400000
v 0.4380000 0.3220000 -0.4400000
v 0.4380000 0.3220000 -0.3800000
v 0.4380000 0.3220000 -0.3800000
v 0.4380000 0.3220000 0.3800000
v 0.4380000 0.3220000 0.3800000
v 0.4380000 0.3220000 0.4400000
v 0.4380000 0.3220000 0.4400000
v 0.4380000 0.4580000 -0.4400000
v 0.4380000 0.4580000 -0.4400000
v 0.4380000 0.4580000 -0.3800000
v 0.4380000 0.4580000 -0.3800000
v 0.4380000 0.4580000 0.3800000
v 0.4380000 0.4580000 0.3800000
v 0.4380000 0.4580000 0.4400000
v 0.4380000 0.4580000 0.4400000
v 0.4380000 0.4700000 -0.4280000
v 0.4380000 0.4700000 -0.3920000
v 0.4380000 0.4700000 0.3920000
v 0.4380000 0.4700000 0.4280000
v 0.4380000 0.5200000 -0.4280000
v 0.4380000 0.5200000 -0.3920000
v 0.4380000 0.5200000 0.3920000
v 0.4380000 0.5200000 0.4280000
v 0.4380000 0.5320000 -0.4400000
v 0.4380000 0.5320000 -0.4400000
v 0.4380000 0.5320000 -0.3800000
v 0.4380000 0.5320000 -0.3800000
v 0.4380000 0.5320000 0.3800000
v 0.4380000 0.5320000 0.3800000
v 0.4380000 0.5320000 0.4400000
v 0.4380000 0.5320000 0.4400000
v 0.4380000 0.6680000 -0.4400000
v 0.4380000 0.6680000 -0.4400000
v 0.4380000 0.6680000 -0.3800000
v 0.4380000 0.6680000 -0.3800000
v 0.4380000 0.6680000 0.3800000
v 0.4380000 0.6680000 0.3800000
v 0.4380000 0.6680000 0.4400000
v 0.4380000 0.6680000 0.4400000
v 0.4380000 0.6800000 -0.4280000
v 0.4380000 0.6800000 -0.3920000
v 0.4380000 0.6800000 0.3920000
v 0.4380000 0.6800000 0.4280000
v 0.4500000 0.0168000 -0.4232000
v 0.4500000 0.0168000 -0.4232000
v 0.4500000 0.0168000 -0.3768000
v 0.4500000 0.0168000 -0.3768000
v 0.4500000 0.0168000 0.3768000
v 0.4500000 0.0168000 0.3768000
v 0.4500000 0.0168000 0.4232000
v 0.4500000 0.0168000 0.4232000
v 0.4500000 0.0350000 -0.4150000
v 0.4500000 0.0350000 -0.4150000
v 0.4500000 0.0350000 -0.2850000
v 0.4500000 0.0350000 -0.2850000
v 0.4500000 0.0350000 -0.2850000
v 0.4500000 0.0350000 -0.2400000
v 0.4500000 0.0350000 -0.2400000
v 0.4500000 0.0350000 -0.1100000
v 0.4500000 0.0350000 -0.1100000
v 0.4500000 0.0350000 -0.1100000
v 0.4500000 0.0350000 -0.0650000
v 0.4500000 0.0350000 -0.0650000
v 0.4500000 0.0350000 0.0650000
v 0.4500000 0.0350000 0.0650000
v 0.4500000 0.0350000 0.0650000
v 0.4500000 0.0350000 0.1100000
v 0.4500000 0.0350000 0.1100000
v 0.4500000 0.0350000 0.2400000
v 0.4500000 0.0350000 0.2400000
v 0.4500000 0.0350000 0.2400000
v 0.4500000 0.0350000 0.2850000
v 0.4500000 0.0350000 0.2850000
v 0.4500000 0.0350000 0.4150000
v 0.4500000 0.0350000 0.4150000
v 0.4500000 0.0350000 0.4150000
v 0.4500000 0.0850000 -0.4150000
v 0.4500000 0.0850000 -0.4150000
v 0.4500000 0.0850000 -0.4150000
v 0.4500000 0.0850000 -0.2850000
v 0.4500000 0.0850000 -0.2850000
v 0.4500000 0.0850000 -0.2850000
v 0.4500000 0.0850000 -0.2400000
v 0.4500000 0.0850000 -0.2400000
v 0.4500000 0.0850000 -0.2400000
v 0.4500000 0.0850000 -0.1100000
v 0.4500000 0.0850000 -0.1100000
v 0.4500000 0.0850000 -0.1100000
v 0.4500000 0.0850000 -0.0650000
v 0.4500000 0.0850000 -0.0650000
v 0.4500000 0.0850000 -0.0650000
v 0.4500000 0.0850000 0.0650000
v 0.4500000 0.0850000 0.0650000
v 0.4500000 0.0850000 0.0650000
v 0.4500000 0.0850000 0.1100000
v 0.4500000 0.0850000 0.1100000
v 0.4500000 0.0850000 0.1100000
v 0.4500000 0.0850000 0.2400000
v 0.4500000 0.0850000 0.2400000
v 0.4500000 0.0850000 0.2400000
v 0.4500000 0.0850000 0.2850000
v 0.4500000 0.0850000 0.2850000
v 0.4500000 0.0850000 0.2850000
v 0.4500000 0.0850000 0.4150000
v 0.4500000 0.0850000 0.4150000
v 0.4500000 0.0850000 0.4150000
v 0.4500000 0.1120000 -0.4280000
v 0.4500000 0.1120000 -0.4280000
v 0.4500000 0.1120000 -0.3920000
v 0.4500000 0.1120000 -0.3920000
v 0.4500000 0.1120000 -0.3920000
v 0.4500000 0.1120000 0.3920000
v 0.4500000 0.1120000 0.3920000
v 0.4500000 0.1120000 0.4280000
v 0.4500000 0.1120000 0.4280000
v 0.4500000 0.1120000 0.4280000
v 0.4500000 0.2480000 -0.4280000
v 0.4500000 0.2480000 -0.4280000
v 0.4500000 0.2480000 -0.4280000
v 0.4500000 0.2480000 -0.3920000
v 0.4500000 0.2480000 -0.3920000
v 0.4500000 0.2480000 -0.3920000
v 0.4500000 0.2480000 0.3920000
v 0.4500000 0.2480000 0.3920000
v 0.4500000 0.2480000 0.3920000
v 0.4500000 0.2480000 0.4280000
v 0.4500000 0.2480000 0.4280000
v 0.4500000 0.2480000 0.4280000
v 0.4500000 0.3220000 -0.4280000
v 0.4500000 0.3220000 -0.4280000
v 0.4500000 0.3220000 -0.3920000
v 0.4500000 0.3220000 -0.3920000
v 0.4500000 0.3220000 -0.3920000
v 0.4500000 0.3220000 0.3920000
v 0.4500000 0.3220000 0.3920000
v 0.4500000 0.3220000 0.4280000
v 0.4500000 0.3220000 0.4280000
v 0.4500000 0.3220000 0.4280000
v 0.4500000 0.4580000 -0.4280000
v 0.4500000 0.4580000 -0.4280000
v 0.4500000 0.4580000 -0.4280000
v 0.4500000 0.4580000 -0.3920000
v 0.4500000 0.4580000 -0.3920000
v 0.4500000 0.4580000 -0.3920000
v 0.4500000 0.4580000 0.3920000
v 0.4500000 0.4580000 0.3920000
v 0.4500000 0.4580000 0.3920000
v 0.4500000 0.4580000 0.4280000
v 0.4500000 0.4580000 0.4280000
v 0.4500000 0.4580000 0.4280000
v 0.4500000 0.5320000 -0.4280000
v 0.4500000 0.5320000 -0.4280000
v 0.4500000 0.5320000 -0.3920000
v 0.4500000 0.5320000 -0.3920000
v 0.4500000 0.5320000 -0.3920000
v 0.4500000 0.5320000 0.3920000
v 0.4500000 0.5320000 0.3920000
v 0.4500000 0.5320000 0.4280000
v 0.4500000 0.5320000 0.4280000
v 0.4500000 0.5320000 0.4280000
v 0.4500000 0.6680000 -0.4280000
v 0.4500000 0.6680000 -0.4280000
v 0.4500000 0.6680000 -0.4280000
v 0.4500000 0.6680000 -0.3920000
v 0.4500000 0.6680000 -0.3920000
v 0.4500000 0.6680000 -0.3920000
v 0.4500000 0.6680000 0.3920000
v 0.4500000 0.6680000 0.3920000
v 0.4500000 0.6680000 0.3920000
v 0.4500000 0.6680000 0.4280000
v 0.4500000 0.6680000 0.4280000
v 0.4500000 0.6680000 0.4280000
v 0.4500000 0.7832000 -0.4232000
v 0.4500000 0.7832000 -0.4232000
v 0.4500000 0.7832000 -0.3768000
v 0.4500000 0.7832000 -0.3768000
v 0.4500000 0.7832000 0.3768000
v 0.4500000 0.7832000 0.3768000
v 0.4500000 0.7832000 0.4232000
v 0.4500000 0.7832000 0.4232000
v 0.4580000 0.1000000 -0.4080000
v 0.4580000 0.1000000 0.4080000
v 0.4580000 0.1120000 -0.4200000
v 0.4580000 0.1120000 -0.4200000
v 0.4580000 0.1120000 -0.4200000
v 0.4580000 0.1120000 0.4200000
v 0.4580000 0.1120000 0.4200000
v 0.4580000 0.1120000 0.4200000
v 0.4580000 0.2480000 -0.4200000
v 0.4580000 0.2480000 -0.4200000
v 0.4580000 0.2480000 -0.4200000
v 0.4580000 0.2480000 0.4200000
v 0.4580000 0.2480000 0.4200000
v 0.4580000 0.2480000 0.4200000
v 0.4580000 0.2600000 -0.4080000
v 0.4580000 0.2600000 0.4080000
v 0.4580000 0.3100000 -0.4080000
v 0.4580000 0.3100000 0.4080000
v 0.4580000 0.3220000 -0.4200000
v 0.4580000 0.3220000 -0.4200000
v 0.4580000 0.3220000 -0.4200000
v 0.4580000 0.3220000 0.4200000
v 0.4580000 0.3220000 0.4200000
v 0.4580000 0.3220000 0.4200000
v 0.4580000 0.4580000 -0.4200000
v 0.4580000 0.4580000 -0.4200000
v 0.4580000 0.4580000 -0.4200000
v 0.4580000 0.4580000 0.4200000
v 0.4580000 0.4580000 0.4200000
v 0.4580000 0.4580000 0.4200000
v 0.4580000 0.4700000 -0.4080000
v 0.4580000 0.4700000 0.4080000
v 0.4580000 0.5200000 -0.4080000
v 0.4580000 0.5200000 0.4080000
v 0.4580000 0.5320000 -0.4200000
v 0.4580000 0.5320000 -0.4200000
v 0.4580000 0.5320000 -0.4200000
v 0.4580000 0.5320000 0.4200000
v 0.4580000 0.5320000 0.4200000
v 0.4580000 0.5320000 0.4200000
v 0.4580000 0.6680000 -0.4200000
v 0.4580000 0.6680000 -0.4200000
v 0.4580000 0.6680000 -0.4200000
v 0.4580000 0.6680000 0.4200000
v 0.4580000 0.6680000 0.4200000
v 0.4580000 0.6680000 0.4200000
v 0.4580000 0.6800000 -0.4080000
v 0.4580000 0.6800000 0.4080000
v 0.4700000 0.1120000 -0.4080000
v 0.4700000 0.1120000 -0.4080000
v 0.4700000 0.1120000 0.4080000
v 0.4700000 0.1120000 0.4080000
v 0.4700000 0.2480000 -0.4080000
v 0.4700000 0.2480000 -0.4080000
v 0.4700000 0.2480000 0.4080000
v 0.4700000 0.2480000 0.4080000
v 0.4700000 0.3220000 -0.4080000
v 0.4700000 0.3220000 -0.4080000
v 0.4700000 0.3220000 0.4080000
v 0.4700000 0.3220000 0.4080000
v 0.4700000 0.4580000 -0.4080000
v 0.4700000 0.4580000 -0.4080000
v 0.4700000 0.4580000 0.4080000
v 0.4700000 0.4580000 0.4080000
v 0.4700000 0.5320000 -0.4080000
v 0.4700000 0.5320000 -0.4080000
v 0.4700000 0.5320000 0.4080000
v 0.4700000 0.5320000 0.4080000
v 0.4700000 0.6680000 -0.4080000
v 0.4700000 0.6680000 -0.4080000
v 0.4700000 0.6680000 0.4080000
v 0.4700000 0.6680000 0.4080000
vt 0.0262295 0.0533090
vt 0.0433724 0.0533090
vt 0.0262295 0.2933090
vt 0.0433724 0.2933090
vt 0.0262295 0.0533090
vt 0.2376581 0.0533090
vt 0.0262295 0.2933090
vt 0.2376581 0.2933090
vt 0.0698427 0.0381441
vt 0.0869856 0.0381441
vt 0.0698427 0.2781441
vt 0.0869856 0.2781441
vt 0.0698427 0.0381441
vt 0.2812713 0.0381441
vt 0.0698427 0.2781441
vt 0.2812713 0.2781441
vt 0.0928412 0.0653684
vt 0.1099841 0.0653684
vt 0.0928412 0.3053684
vt 0.1099841 0.3053684
vt 0.0928412 0.0653684
vt 0.3042698 0.0653684
vt 0.0928412 0.3053684
vt 0.3042698 0.3053684
vt 0.0433724 0.0533090
vt 0.0433724 0.2933090
vt 0.0433724 0.0497796
vt 0.0433724 0.0533090
vt 0.0433724 0.0533090
vt 0.0433724 0.2968385
vt 0.0433724 0.0497796
vt 0.0433724 0.0933090
vt 0.2376581 0.0497796
vt 0.0433724 0.0933090
vt 0.0433724 0.2968385
vt 0.2376581 0.2968385
vt 0.0433724 0.0533090
vt 0.0433724 0.2933090
vt 0.0869856 0.0381441
vt 0.0869856 0.2781441
vt 0.0869856 0.0346147
vt 0.0869856 0.0381441
vt 0.0869856 0.0381441
vt 0.0869856 0.2816735
vt 0.0869856 0.0346147
vt 0.0869856 0.0781441
vt 0.2812713 0.0346147
vt 0.0869856 0.0781441
vt 0.0869856 0.2816735
vt 0.2812713 0.2816735
vt 0.0869856 0.0381441
vt 0.0869856 0.2781441
vt 0.1099841 0.0653684
vt 0.1099841 0.3053684
vt 0.1099841 0.0618390
vt 0.1099841 0.0653684
vt 0.1099841 0.0653684
vt 0.1099841 0.3088978
vt 0.1099841 0.0618390
vt 0.1099841 0.1053684
vt 0.3042698 0.0618390
vt 0.1099841 0.1053684
vt 0.1099841 0.3088978
vt 0.3042698 0.3088978
vt 0.1099841 0.0653684
vt 0.1099841 0.3053684
vt 0.1006119 0.0807278
vt 0.1006119 0.0856690
vt 0.1668977 0.0807278
vt 0.1668977 0.0856690
vt 0.1371861 0.0667737
vt 0.1371861 0.0717149
vt 0.2034718 0.0667737
vt 0.2034718 0.0717149
vt 0.0902404 0.0299730
vt 0.0902404 0.0343847
vt 0.0902404 0.0299730
vt 0.0902404 0.0726200
vt 0.2759547 0.0299730
vt 0.1200524 0.1013954
vt 0.1200524 0.1058072
vt 0.1200524 0.1013954
vt 0.1200524 0.1440425
vt 0.3057667 0.1013954
vt 0.1382983 0.1021131
vt 0.1382983 0.1065249
vt 0.1382983 0.1021131
vt 0.1382983 0.1447602
vt 0.3240126 0.1021131
vt 0.0908870 0.1054411
vt 0.0908870 0.1098529
vt 0.0908870 0.1054411
vt 0.0908870 0.1480882
vt 0.2766013 0.1054411
vt 0.0499207 0.0406087
vt 0.0499207 0.0450205
vt 0.0499207 0.0406087
vt 0.0499207 0.0832558
vt 0.2356349 0.0406087
vt 0.0902404 0.0299730
vt 0.1616690 0.0299730
vt 0.1616690 0.0343847
vt 0.1616690 0.0299730
vt 0.1616690 0.0726200
vt 0.2759547 0.0299730
vt 0.1200524 0.1013954
vt 0.1914809 0.1013954
vt 0.1914809 0.1058072
vt 0.1914809 0.1013954
vt 0.1914809 0.1440425
vt 0.3057667 0.1013954
vt 0.1382983 0.1021131
vt 0.2097269 0.1021131
vt 0.2097269 0.1065249
vt 0.2097269 0.1021131
vt 0.2097269 0.1447602
vt 0.3240126 0.1021131
vt 0.0908870 0.1054411
vt 0.1623156 0.1054411
vt 0.1623156 0.1098529
vt 0.1623156 0.1054411
vt 0.1623156 0.1480882
vt 0.2766013 0.1054411
vt 0.0499207 0.0406087
vt 0.1213492 0.0406087
vt 0.1213492 0.0450205
vt 0.1213492 0.0406087
vt 0.1213492 0.0832558
vt 0.2356349 0.0406087
vt 0.0482769 0.0321907
vt 0.0482769 0.0357201
vt 0.0482769 0.0321907
vt 0.0997054 0.0321907
vt 0.0997054 0.0357201
vt 0.0792692 0.0363880
vt 0.0792692 0.0399174
vt 0.0792692 0.0363880
vt 0.1306977 0.0363880
vt 0.1306977 0.0399174
vt 0.0482769 0.0321907
vt 0.0482769 0.0757201
vt 0.2425626 0.0321907
vt 0.0997054 0.0321907
vt 0.0997054 0.0757201
vt 0.2425626 0.0321907
vt 0.0792692 0.0363880
vt 0.0792692 0.0799174
vt 0.2735549 0.0363880
vt 0.1306977 0.0363880
vt 0.1306977 0.0799174
vt 0.2735549 0.0363880
vt 0.1441226 0.0549714
vt 0.1441226 0.0585008
vt 0.1441226 0.0549714
vt 0.1955512 0.0549714
vt 0.1955512 0.0585008
vt 0.1078099 0.1033223
vt 0.1078099 0.1068517
vt 0.1078099 0.1033223
vt 0.1592385 0.1033223
vt 0.1592385 0.1068517
vt 0.1441226 0.0549714
vt 0.1441226 0.0985008
vt 0.3384083 0.0549714
vt 0.1955512 0.0549714
vt 0.1955512 0.0985008
vt 0.3384083 0.0549714
vt 0.1078099 0.1033223
vt 0.1078099 0.1468517
vt 0.3020956 0.1033223
vt 0.1592385 0.1033223
vt 0.1592385 0.1468517
vt 0.3020956 0.1033223
vt 0.0413861 0.0571266
vt 0.0413861 0.0606560
vt 0.0413861 0.0571266
vt 0.0928147 0.0571266
vt 0.0928147 0.0606560
vt 0.1086367 0.1226342
vt 0.1086367 0.1261636
vt 0.1086367 0.1226342
vt 0.1600652 0.1226342
vt 0.1600652 0.1261636
vt 0.0413861 0.0571266
vt 0.0413861 0.1006560
vt 0.2356718 0.0571266
vt 0.0928147 0.0571266
vt 0.0928147 0.1006560
vt 0.2356718 0.0571266
vt 0.1086367 0.1226342
vt 0.1086367 0.1661636
vt 0.3029224 0.1226342
vt 0.1600652 0.1226342
vt 0.1600652 0.1661636
vt 0.3029224 0.1226342
vt 0.1006119 0.0807278
vt 0.1006119 0.3110808
vt 0.1668977 0.0807278
vt 0.1668977 0.3110808
vt 0.1371861 0.0667737
vt 0.1371861 0.2971266
vt 0.2034718 0.0667737
vt 0.2034718 0.2971266
vt 0.0482769 0.0357201
vt 0.0997054 0.0357201
vt 0.0792692 0.0399174
vt 0.1306977 0.0399174
vt 0.0311340 0.0357201
vt 0.0482769 0.0357201
vt 0.0482769 0.0357201
vt 0.1168483 0.0357201
vt 0.0621263 0.0399174
vt 0.0792692 0.0399174
vt 0.0792692 0.0399174
vt 0.1478406 0.0399174
vt 0.0311340 0.0357201
vt 0.2425626 0.0357201
vt 0.1168483 0.0357201
vt 0.2425626 0.0357201
vt 0.0621263 0.0399174
vt 0.2735549 0.0399174
vt 0.1478406 0.0399174
vt 0.2735549 0.0399174
vt 0.0482769 0.0357201
vt 0.0997054 0.0357201
vt 0.0792692 0.0399174
vt 0.1306977 0.0399174
vt 0.1441226 0.0585008
vt 0.1955512 0.0585008
vt 0.1078099 0.1068517
vt 0.1592385 0.1068517
vt 0.1269797 0.0585008
vt 0.1441226 0.0585008
vt 0.1441226 0.0585008
vt 0.2126940 0.0585008
vt 0.0906671 0.1068517
vt 0.1078099 0.1068517
vt 0.1078099 0.1068517
vt 0.1763814 0.1068517
vt 0.1269797 0.0585008
vt 0.3384083 0.0585008
vt 0.2126940 0.0585008
vt 0.3384083 0.0585008
vt 0.0906671 0.1068517
vt 0.3020956 0.1068517
vt 0.1763814 0.1068517
vt 0.3020956 0.1068517
vt 0.1441226 0.0585008
vt 0.1955512 0.0585008
vt 0.1078099 0.1068517
vt 0.1592385 0.1068517
vt 0.0413861 0.0606560
vt 0.0928147 0.0606560
vt 0.1086367 0.1261636
vt 0.1600652 0.1261636
vt 0.0242433 0.0606560
vt 0.0413861 0.0606560
vt 0.0413861 0.0606560
vt 0.1099576 0.0606560
vt 0.0914938 0.1261636
vt 0.1086367 0.1261636
vt 0.1086367 0.1261636
vt 0.1772081 0.1261636
vt 0.0242433 0.0606560
vt 0.2356718 0.0606560
vt 0.1099576 0.0606560
vt 0.2356718 0.0606560
vt 0.0914938 0.1261636
vt 0.3029224 0.1261636
vt 0.1772081 0.1261636
vt 0.3029224 0.1261636
vt 0.0413861 0.0606560
vt 0.0928147 0.0606560
vt 0.1086367 0.1261636
vt 0.1600652 0.1261636
vt 0.0902404 0.0343847
vt 0.2759547 0.0343847
vt 0.1200524 0.1058072
vt 0.3057667 0.1058072
vt 0.1382983 0.1065249
vt 0.3240126 0.1065249
vt 0.0908870 0.1098529
vt 0.2766013 0.1098529
vt 0.0499207 0.0450205
vt 0.2356349 0.0450205
vt 0.0688118 0.0343847
vt 0.0902404 0.0343847
vt 0.0902404 0.0343847
vt 0.2973832 0.0343847
vt 0.0986238 0.1058072
vt 0.1200524 0.1058072
vt 0.1200524 0.1058072
vt 0.3271952 0.1058072
vt 0.1168698 0.1065249
vt 0.1382983 0.1065249
vt 0.1382983 0.1065249
vt 0.3454412 0.1065249
vt 0.0694584 0.1098529
vt 0.0908870 0.1098529
vt 0.0908870 0.1098529
vt 0.2980299 0.1098529
vt 0.0284921 0.0450205
vt 0.0499207 0.0450205
vt 0.0499207 0.0450205
vt 0.2570635 0.0450205
vt 0.0688118 0.0343847
vt 0.1616690 0.0343847
vt 0.1616690 0.0343847
vt 0.2973832 0.0343847
vt 0.0986238 0.1058072
vt 0.1914809 0.1058072
vt 0.1914809 0.1058072
vt 0.3271952 0.1058072
vt 0.1168698 0.1065249
vt 0.2097269 0.1065249
vt 0.2097269 0.1065249
vt 0.3454412 0.1065249
vt 0.0694584 0.1098529
vt 0.1623156 0.1098529
vt 0.1623156 0.1098529
vt 0.2980299 0.1098529
vt 0.0284921 0.0450205
vt 0.1213492 0.0450205
vt 0.1213492 0.0450205
vt 0.2570635 0.0450205
vt 0.0902404 0.0343847
vt 0.2759547 0.0343847
vt 0.1200524 0.1058072
vt 0.3057667 0.1058072
vt 0.1382983 0.1065249
vt 0.3240126 0.1065249
vt 0.0908870 0.1098529
vt 0.2766013 0.1098529
vt 0.0499207 0.0450205
vt 0.2356349 0.0450205
vt 0.1006119 0.0856690
vt 0.1668977 0.0856690
vt 0.1371861 0.0717149
vt 0.2034718 0.0717149
vt 0.0766119 0.0856690
vt 0.1006119 0.0856690
vt 0.1006119 0.0856690
vt 0.1908977 0.0856690
vt 0.1131861 0.0717149
vt 0.1371861 0.0717149
vt 0.1371861 0.0717149
vt 0.2274718 0.0717149
vt 0.0766119 0.0856690
vt 0.0766119 0.3110808
vt 0.1006119 0.3110808
vt 0.1006119 0.3110808
vt 0.1908977 0.0856690
vt 0.1908977 0.3110808
vt 0.1131861 0.0717149
vt 0.1131861 0.2971266
vt 0.1371861 0.2971266
vt 0.1371861 0.2971266
vt 0.2274718 0.0717149
vt 0.2274718 0.2971266
vt 0.1006119 0.0856690
vt 0.1668977 0.0856690
vt 0.1371861 0.0717149
vt 0.2034718 0.0717149
vt 0.0948010 0.0533090
vt 0.0948010 0.2933090
vt 0.0433724 0.0497796
vt 0.0948010 0.0497796
vt 0.0948010 0.0533090
vt 0.0433724 0.2968385
vt 0.0948010 0.0533090
vt 0.0948010 0.2968385
vt 0.0948010 0.0497796
vt 0.0948010 0.0933090
vt 0.2376581 0.0497796
vt 0.0948010 0.0933090
vt 0.0948010 0.2968385
vt 0.2376581 0.2968385
vt 0.0948010 0.0533090
vt 0.0948010 0.2933090
vt 0.1384142 0.0381441
vt 0.1384142 0.2781441
vt 0.0869856 0.0346147
vt 0.1384142 0.0346147
vt 0.1384142 0.0381441
vt 0.0869856 0.2816735
vt 0.1384142 0.0381441
vt 0.1384142 0.2816735
vt 0.1384142 0.0346147
vt 0.1384142 0.0781441
vt 0.2812713 0.0346147
vt 0.1384142 0.0781441
vt 0.1384142 0.2816735
vt 0.2812713 0.2816735
vt 0.1384142 0.0381441
vt 0.1384142 0.2781441
vt 0.1614126 0.0653684
vt 0.1614126 0.3053684
vt 0.1099841 0.0618390
vt 0.1614126 0.0618390
vt 0.1614126 0.0653684
vt 0.1099841 0.3088978
vt 0.1614126 0.0653684
vt 0.1614126 0.3088978
vt 0.1614126 0.0618390
vt 0.1614126 0.1053684
vt 0.3042698 0.0618390
vt 0.1614126 0.1053684
vt 0.1614126 0.3088978
vt 0.3042698 0.3088978
vt 0.1614126 0.0653684
vt 0.1614126 0.3053684
vt 0.0433724 0.0533090
vt 0.1119438 0.0533090
vt 0.0433724 0.2933090
vt 0.1119438 0.2933090
vt 0.1119438 0.0533090
vt 0.2376581 0.0533090
vt 0.1119438 0.2933090
vt 0.2376581 0.2933090
vt 0.0869856 0.0381441
vt 0.1555570 0.0381441
vt 0.0869856 0.2781441
vt 0.1555570 0.2781441
vt 0.1555570 0.0381441
vt 0.2812713 0.0381441
vt 0.1555570 0.2781441
vt 0.2812713 0.2781441
vt 0.1099841 0.0653684
vt 0.1785555 0.0653684
vt 0.1099841 0.3053684
vt 0.1785555 0.3053684
vt 0.1785555 0.0653684
vt 0.3042698 0.0653684
vt 0.1785555 0.3053684
vt 0.3042698 0.3053684
vt 0.1006119 0.0993161
vt 0.1668977 0.0993161
vt 0.1371861 0.0853619
vt 0.2034718 0.0853619
vt 0.0766119 0.0856690
vt 0.0766119 0.0993161
vt 0.1668977 0.0856690
vt 0.1668977 0.0856690
vt 0.1908977 0.0856690
vt 0.1908977 0.0993161
vt 0.1131861 0.0717149
vt 0.1131861 0.0853619
vt 0.2034718 0.0717149
vt 0.2034718 0.0717149
vt 0.2274718 0.0717149
vt 0.2274718 0.0853619
vt 0.0766119 0.0993161
vt 0.0766119 0.3110808
vt 0.1668977 0.3110808
vt 0.1668977 0.3110808
vt 0.1908977 0.0993161
vt 0.1908977 0.3110808
vt 0.1131861 0.0853619
vt 0.1131861 0.2971266
vt 0.2034718 0.2971266
vt 0.2034718 0.2971266
vt 0.2274718 0.0853619
vt 0.2274718 0.2971266
vt 0.1006119 0.0993161
vt 0.1668977 0.0993161
vt 0.1371861 0.0853619
vt 0.2034718 0.0853619
vt 0.1006119 0.0856690
vt 0.1006119 0.1042573
vt 0.1668977 0.0856690
vt 0.1668977 0.1042573
vt 0.1371861 0.0717149
vt 0.1371861 0.0903031
vt 0.2034718 0.0717149
vt 0.2034718 0.0903031
vt 0.1006119 0.1042573
vt 0.1006119 0.3110808
vt 0.1668977 0.1042573
vt 0.1668977 0.3110808
vt 0.1371861 0.0903031
vt 0.1371861 0.2971266
vt 0.2034718 0.0903031
vt 0.2034718 0.2971266
vt 0.0478103 0.0254673
vt 0.0478103 0.0304085
vt 0.1140960 0.0254673
vt 0.1140960 0.0304085
vt 0.1197181 0.0550316
vt 0.1197181 0.0599728
vt 0.1860038 0.0550316
vt 0.1860038 0.0599728
vt 0.0478103 0.0254673
vt 0.0478103 0.2558202
vt 0.1140960 0.0254673
vt 0.1140960 0.2558202
vt 0.1197181 0.0550316
vt 0.1197181 0.2853845
vt 0.1860038 0.0550316
vt 0.1860038 0.2853845
vt 0.0478103 0.0304085
vt 0.1140960 0.0304085
vt 0.1197181 0.0599728
vt 0.1860038 0.0599728
vt 0.0238103 0.0304085
vt 0.0478103 0.0304085
vt 0.0478103 0.0304085
vt 0.1380960 0.0304085
vt 0.0957181 0.0599728
vt 0.1197181 0.0599728
vt 0.1197181 0.0599728
vt 0.2100038 0.0599728
vt 0.0238103 0.0304085
vt 0.0238103 0.2558202
vt 0.0478103 0.2558202
vt 0.0478103 0.2558202
vt 0.1380960 0.0304085
vt 0.1380960 0.2558202
vt 0.0957181 0.0599728
vt 0.0957181 0.2853845
vt 0.1197181 0.2853845
vt 0.1197181 0.2853845
vt 0.2100038 0.0599728
vt 0.2100038 0.2853845
vt 0.0478103 0.0304085
vt 0.1140960 0.0304085
vt 0.1197181 0.0599728
vt 0.1860038 0.0599728
vt 0.0361591 0.0592839
vt 0.0533019 0.0592839
vt 0.0361591 0.2992839
vt 0.0533019 0.2992839
vt 0.0361591 0.0592839
vt 0.2475876 0.0592839
vt 0.0361591 0.2992839
vt 0.2475876 0.2992839
vt 0.1222447 0.0533505
vt 0.1393875 0.0533505
vt 0.1222447 0.2933505
vt 0.1393875 0.2933505
vt 0.1222447 0.0533505
vt 0.3336732 0.0533505
vt 0.1222447 0.2933505
vt 0.3336732 0.2933505
vt 0.0892177 0.0503417
vt 0.1063605 0.0503417
vt 0.0892177 0.2903417
vt 0.1063605 0.2903417
vt 0.0892177 0.0503417
vt 0.3006463 0.0503417
vt 0.0892177 0.2903417
vt 0.3006463 0.2903417
vt 0.0533019 0.0592839
vt 0.0533019 0.2992839
vt 0.0533019 0.0557545
vt 0.0533019 0.0592839
vt 0.0533019 0.0592839
vt 0.0533019 0.3028133
vt 0.0533019 0.0557545
vt 0.0533019 0.0992839
vt 0.2475876 0.0557545
vt 0.0533019 0.0992839
vt 0.0533019 0.3028133
vt 0.2475876 0.3028133
vt 0.0533019 0.0592839
vt 0.0533019 0.2992839
vt 0.1393875 0.0533505
vt 0.1393875 0.2933505
vt 0.1393875 0.0498211
vt 0.1393875 0.0533505
vt 0.1393875 0.0533505
vt 0.1393875 0.2968799
vt 0.1393875 0.0498211
vt 0.1393875 0.0933505
vt 0.3336732 0.0498211
vt 0.1393875 0.0933505
vt 0.1393875 0.2968799
vt 0.3336732 0.2968799
vt 0.1393875 0.0533505
vt 0.1393875 0.2933505
vt 0.1063605 0.0503417
vt 0.1063605 0.2903417
vt 0.1063605 0.0468123
vt 0.1063605 0.0503417
vt 0.1063605 0.0503417
vt 0.1063605 0.2938711
vt 0.1063605 0.0468123
vt 0.1063605 0.0903417
vt 0.3006463 0.0468123
vt 0.1063605 0.0903417
vt 0.1063605 0.2938711
vt 0.3006463 0.2938711
vt 0.1063605 0.0503417
vt 0.1063605 0.2903417
vt 0.0478103 0.0440555
vt 0.1140960 0.0440555
vt 0.1197181 0.0736198
vt 0.1860038 0.0736198
vt 0.0238103 0.0304085
vt 0.0238103 0.0440555
vt 0.1140960 0.0304085
vt 0.1140960 0.0304085
vt 0.1380960 0.0304085
vt 0.1380960 0.0440555
vt 0.0957181 0.0599728
vt 0.0957181 0.0736198
vt 0.1860038 0.0599728
vt 0.1860038 0.0599728
vt 0.2100038 0.0599728
vt 0.2100038 0.0736198
vt 0.0238103 0.0440555
vt 0.0238103 0.2558202
vt 0.1140960 0.2558202
vt 0.1140960 0.2558202
vt 0.1380960 0.0440555
vt 0.1380960 0.2558202
vt 0.0957181 0.0736198
vt 0.0957181 0.2853845
vt 0.1860038 0.2853845
vt 0.1860038 0.2853845
vt 0.2100038 0.0736198
vt 0.2100038 0.2853845
vt 0.0478103 0.0440555
vt 0.1140960 0.0440555
vt 0.1197181 0.0736198
vt 0.1860038 0.0736198
vt 0.0902404 0.2902671
vt 0.2759547 0.2902671
vt 0.1200524 0.3616895
vt 0.3057667 0.3616895
vt 0.1382983 0.3624072
vt 0.3240126 0.3624072
vt 0.0908870 0.3657352
vt 0.2766013 0.3657352
vt 0.0499207 0.3009028
vt 0.2356349 0.3009028
vt 0.0688118 0.2902671
vt 0.0902404 0.2902671
vt 0.0902404 0.2902671
vt 0.2973832 0.2902671
vt 0.0986238 0.3616895
vt 0.1200524 0.3616895
vt 0.1200524 0.3616895
vt 0.3271952 0.3616895
vt 0.1168698 0.3624072
vt 0.1382983 0.3624072
vt 0.1382983 0.3624072
vt 0.3454412 0.3624072
vt 0.0694584 0.3657352
vt 0.0908870 0.3657352
vt 0.0908870 0.3657352
vt 0.2980299 0.3657352
vt 0.0284921 0.3009028
vt 0.0499207 0.3009028
vt 0.0499207 0.3009028
vt 0.2570635 0.3009028
vt 0.0688118 0.2902671
vt 0.1616690 0.2902671
vt 0.1616690 0.2902671
vt 0.2973832 0.2902671
vt 0.0986238 0.3616895
vt 0.1914809 0.3616895
vt 0.1914809 0.3616895
vt 0.3271952 0.3616895
vt 0.1168698 0.3624072
vt 0.2097269 0.3624072
vt 0.2097269 0.3624072
vt 0.3454412 0.3624072
vt 0.0694584 0.3657352
vt 0.1623156 0.3657352
vt 0.1623156 0.3657352
vt 0.2980299 0.3657352
vt 0.0284921 0.3009028
vt 0.1213492 0.3009028
vt 0.1213492 0.3009028
vt 0.2570635 0.3009028
vt 0.0902404 0.2902671
vt 0.2759547 0.2902671
vt 0.1200524 0.3616895
vt 0.3057667 0.3616895
vt 0.1382983 0.3624072
vt 0.3240126 0.3624072
vt 0.0908870 0.3657352
vt 0.2766013 0.3657352
vt 0.0499207 0.3009028
vt 0.2356349 0.3009028
vt 0.0482769 0.2933672
vt 0.0997054 0.2933672
vt 0.0792692 0.2975644
vt 0.1306977 0.2975644
vt 0.0311340 0.2933672
vt 0.0482769 0.2933672
vt 0.0482769 0.2933672
vt 0.1168483 0.2933672
vt 0.0621263 0.2975644
vt 0.0792692 0.2975644
vt 0.0792692 0.2975644
vt 0.1478406 0.2975644
vt 0.0311340 0.2933672
vt 0.2425626 0.2933672
vt 0.1168483 0.2933672
vt 0.2425626 0.2933672
vt 0.0621263 0.2975644
vt 0.2735549 0.2975644
vt 0.1478406 0.2975644
vt 0.2735549 0.2975644
vt 0.0482769 0.2933672
vt 0.0997054 0.2933672
vt 0.0792692 0.2975644
vt 0.1306977 0.2975644
vt 0.1441226 0.3161479
vt 0.1955512 0.3161479
vt 0.1078099 0.3644987
vt 0.1592385 0.3644987
vt 0.1269797 0.3161479
vt 0.1441226 0.3161479
vt 0.1441226 0.3161479
vt 0.2126940 0.3161479
vt 0.0906671 0.3644987
vt 0.1078099 0.3644987
vt 0.1078099 0.3644987
vt 0.1763814 0.3644987
vt 0.1269797 0.3161479
vt 0.3384083 0.3161479
vt 0.2126940 0.3161479
vt 0.3384083 0.3161479
vt 0.0906671 0.3644987
vt 0.3020956 0.3644987
vt 0.1763814 0.3644987
vt 0.3020956 0.3644987
vt 0.1441226 0.3161479
vt 0.1955512 0.3161479
vt 0.1078099 0.3644987
vt 0.1592385 0.3644987
vt 0.0413861 0.3183030
vt 0.0928147 0.3183030
vt 0.1086367 0.3838107
vt 0.1600652 0.3838107
vt 0.0242433 0.3183030
vt 0.0413861 0.3183030
vt 0.0413861 0.3183030
vt 0.1099576 0.3183030
vt 0.0914938 0.3838107
vt 0.1086367 0.3838107
vt 0.1086367 0.3838107
vt 0.1772081 0.3838107
vt 0.0242433 0.3183030
vt 0.2356718 0.3183030
vt 0.1099576 0.3183030
vt 0.2356718 0.3183030
vt 0.0914938 0.3838107
vt 0.3029224 0.3838107
vt 0.1772081 0.3838107
vt 0.3029224 0.3838107
vt 0.0413861 0.3183030
vt 0.0928147 0.3183030
vt 0.1086367 0.3838107
vt 0.1600652 0.3838107
vt 0.0478103 0.0304085
vt 0.0478103 0.0489967
vt 0.1140960 0.0304085
vt 0.1140960 0.0489967
vt 0.1197181 0.0599728
vt 0.1197181 0.0785610
vt 0.1860038 0.0599728
vt 0.1860038 0.0785610
vt 0.0902404 0.0343847
vt 0.0902404 0.2946789
vt 0.0902404 0.0726200
vt 0.0902404 0.2946789
vt 0.2759547 0.2946789
vt 0.1200524 0.1058072
vt 0.1200524 0.3661013
vt 0.1200524 0.1440425
vt 0.1200524 0.3661013
vt 0.3057667 0.3661013
vt 0.1382983 0.1065249
vt 0.1382983 0.3668190
vt 0.1382983 0.1447602
vt 0.1382983 0.3668190
vt 0.3240126 0.3668190
vt 0.0908870 0.1098529
vt 0.0908870 0.3701470
vt 0.0908870 0.1480882
vt 0.0908870 0.3701470
vt 0.2766013 0.3701470
vt 0.0499207 0.0450205
vt 0.0499207 0.3053146
vt 0.0499207 0.0832558
vt 0.0499207 0.3053146
vt 0.2356349 0.3053146
vt 0.0902404 0.2946789
vt 0.1616690 0.0343847
vt 0.1616690 0.2946789
vt 0.1616690 0.0726200
vt 0.1616690 0.2946789
vt 0.2759547 0.2946789
vt 0.1200524 0.3661013
vt 0.1914809 0.1058072
vt 0.1914809 0.3661013
vt 0.1914809 0.1440425
vt 0.1914809 0.3661013
vt 0.3057667 0.3661013
vt 0.1382983 0.3668190
vt 0.2097269 0.1065249
vt 0.2097269 0.3668190
vt 0.2097269 0.1447602
vt 0.2097269 0.3668190
vt 0.3240126 0.3668190
vt 0.0908870 0.3701470
vt 0.1623156 0.1098529
vt 0.1623156 0.3701470
vt 0.1623156 0.1480882
vt 0.1623156 0.3701470
vt 0.2766013 0.3701470
vt 0.0499207 0.3053146
vt 0.1213492 0.0450205
vt 0.1213492 0.3053146
vt 0.1213492 0.0832558
vt 0.1213492 0.3053146
vt 0.2356349 0.3053146
vt 0.0482769 0.0357201
vt 0.0482769 0.2968966
vt 0.0482769 0.2968966
vt 0.0997054 0.0357201
vt 0.0997054 0.2968966
vt 0.0792692 0.0399174
vt 0.0792692 0.3010938
vt 0.0792692 0.3010938
vt 0.1306977 0.0399174
vt 0.1306977 0.3010938
vt 0.0482769 0.0757201
vt 0.0482769 0.2968966
vt 0.2425626 0.2968966
vt 0.0997054 0.0757201
vt 0.0997054 0.2968966
vt 0.2425626 0.2968966
vt 0.0792692 0.0799174
vt 0.0792692 0.3010938
vt 0.2735549 0.3010938
vt 0.1306977 0.0799174
vt 0.1306977 0.3010938
vt 0.2735549 0.3010938
vt 0.1441226 0.0585008
vt 0.1441226 0.3196773
vt 0.1441226 0.3196773
vt 0.1955512 0.0585008
vt 0.1955512 0.3196773
vt 0.1078099 0.1068517
vt 0.1078099 0.3680281
vt 0.1078099 0.3680281
vt 0.1592385 0.1068517
vt 0.1592385 0.3680281
vt 0.1441226 0.0985008
vt 0.1441226 0.3196773
vt 0.3384083 0.3196773
vt 0.1955512 0.0985008
vt 0.1955512 0.3196773
vt 0.3384083 0.3196773
vt 0.1078099 0.1468517
vt 0.1078099 0.3680281
vt 0.3020956 0.3680281
vt 0.1592385 0.1468517
vt 0.1592385 0.3680281
vt 0.3020956 0.3680281
vt 0.0413861 0.0606560
vt 0.0413861 0.3218324
vt 0.0413861 0.3218324
vt 0.0928147 0.0606560
vt 0.0928147 0.3218324
vt 0.1086367 0.1261636
vt 0.1086367 0.3873401
vt 0.1086367 0.3873401
vt 0.1600652 0.1261636
vt 0.1600652 0.3873401
vt 0.0413861 0.1006560
vt 0.0413861 0.3218324
vt 0.2356718 0.3218324
vt 0.0928147 0.1006560
vt 0.0928147 0.3218324
vt 0.2356718 0.3218324
vt 0.1086367 0.1661636
vt 0.1086367 0.3873401
vt 0.3029224 0.3873401
vt 0.1600652 0.1661636
vt 0.1600652 0.3873401
vt 0.3029224 0.3873401
vt 0.0478103 0.0489967
vt 0.0478103 0.2558202
vt 0.1140960 0.0489967
vt 0.1140960 0.2558202
vt 0.1197181 0.0785610
vt 0.1197181 0.2853845
vt 0.1860038 0.0785610
vt 0.1860038 0.2853845
vt 0.1047305 0.0592839
vt 0.1047305 0.2992839
vt 0.0533019 0.0557545
vt 0.1047305 0.0557545
vt 0.1047305 0.0592839
vt 0.0533019 0.3028133
vt 0.1047305 0.0592839
vt 0.1047305 0.3028133
vt 0.1047305 0.0557545
vt 0.1047305 0.0992839
vt 0.2475876 0.0557545
vt 0.1047305 0.0992839
vt 0.1047305 0.3028133
vt 0.2475876 0.3028133
vt 0.1047305 0.0592839
vt 0.1047305 0.2992839
vt 0.1908161 0.0533505
vt 0.1908161 0.2933505
vt 0.1393875 0.0498211
vt 0.1908161 0.0498211
vt 0.1908161 0.0533505
vt 0.1393875 0.2968799
vt 0.1908161 0.0533505
vt 0.1908161 0.2968799
vt 0.1908161 0.0498211
vt 0.1908161 0.0933505
vt 0.3336732 0.0498211
vt 0.1908161 0.0933505
vt 0.1908161 0.2968799
vt 0.3336732 0.2968799
vt 0.1908161 0.0533505
vt 0.1908161 0.2933505
vt 0.1577891 0.0503417
vt 0.1577891 0.2903417
vt 0.1063605 0.0468123
vt 0.1577891 0.0468123
vt 0.1577891 0.0503417
vt 0.1063605 0.2938711
vt 0.1577891 0.0503417
vt 0.1577891 0.2938711
vt 0.1577891 0.0468123
vt 0.1577891 0.0903417
vt 0.3006463 0.0468123
vt 0.1577891 0.0903417
vt 0.1577891 0.2938711
vt 0.3006463 0.2938711
vt 0.1577891 0.0503417
vt 0.1577891 0.2903417
vt 0.0533019 0.0592839
vt 0.1218733 0.0592839
vt 0.0533019 0.2992839
vt 0.1218733 0.2992839
vt 0.1218733 0.0592839
vt 0.2475876 0.0592839
vt 0.1218733 0.2992839
vt 0.2475876 0.2992839
vt 0.1393875 0.0533505
vt 0.2079589 0.0533505
vt 0.1393875 0.2933505
vt 0.2079589 0.2933505
vt 0.2079589 0.0533505
vt 0.3336732 0.0533505
vt 0.2079589 0.2933505
vt 0.3336732 0.2933505
vt 0.1063605 0.0503417
vt 0.1749320 0.0503417
vt 0.1063605 0.2903417
vt 0.1749320 0.2903417
vt 0.1749320 0.0503417
vt 0.3006463 0.0503417
vt 0.1749320 0.2903417
vt 0.3006463 0.2903417
vn -0.9890174 -0.1456418 -0.0251595
vn -0.9890174 -0.1456418 -0.0251595
vn -0.9990038 -0.0422114 0.0144783
vn -0.9990038 -0.0422114 0.0144783
vn -0.9967027 0.0808137 -0.0072752
vn -0.9967027 0.0808137 -0.0072752
vn -0.9966251 0.0808074 0.0144438
vn -0.9966251 0.0808074 0.0144438
vn -0.9890174 -0.1456418 -0.0251595
vn -0.9890174 -0.1456418 -0.0251595
vn -0.9990038 -0.0422114 0.0144783
vn -0.9990038 -0.0422114 0.0144783
vn -0.9967027 0.0808137 -0.0072752
vn -0.9967027 0.0808137 -0.0072752
vn -0.9966251 0.0808074 0.0144438
vn -0.9966251 0.0808074 0.0144438
vn -0.9890174 -0.1456418 -0.0251595
vn -0.9890174 -0.1456418 -0.0251595
vn -0.9990038 -0.0422114 0.0144783
vn -0.9990038 -0.0422114 0.0144783
vn -0.9967027 0.0808137 -0.0072752
vn -0.9967027 0.0808137 -0.0072752
vn -0.9966251 0.0808074 0.0144438
vn -0.9966251 0.0808074 0.0144438
vn -0.1422826 -0.9897917 -0.0082483
vn -0.3699718 -0.9289802 0.0108021
vn -0.2274652 -0.1291019 -0.9651903
vn -0.2274652 -0.1291019 -0.9651903
vn -0.1409680 -0.0800089 0.9867759
vn -0.1409680 -0.0800089 0.9867759
vn -0.2349358 0.0694881 -0.9695239
vn -0.2349358 0.0694881 -0.9695239
vn -0.2349358 0.0694881 -0.9695239
vn -0.3627504 0.0613099 0.9298673
vn -0.3627504 0.0613099 0.9298673
vn -0.3627504 0.0613099 0.9298673
vn -0.1422826 0.9897917 -0.0082483
vn -0.3671629 0.9299674 0.0187602
vn -0.1422826 -0.9897917 -0.0082483
vn -0.3699718 -0.9289802 0.0108021
vn -0.2274652 -0.1291019 -0.9651903
vn -0.2274652 -0.1291019 -0.9651903
vn -0.1409680 -0.0800089 0.9867759
vn -0.1409680 -0.0800089 0.9867759
vn -0.2349358 0.0694881 -0.9695239
vn -0.2349358 0.0694881 -0.9695239
vn -0.2349358 0.0694881 -0.9695239
vn -0.3627504 0.0613099 0.9298673
vn -0.3627504 0.0613099 0.9298673
vn -0.3627504 0.0613099 0.9298673
vn -0.1422826 0.9897917 -0.0082483
vn -0.3671629 0.9299674 0.0187602
vn -0.1422826 -0.9897917 -0.0082483
vn -0.3699718 -0.9289802 0.0108021
vn -0.2274652 -0.1291019 -0.9651903
vn -0.2274652 -0.1291019 -0.9651903
vn -0.1409680 -0.0800089 0.9867759
vn -0.1409680 -0.0800089 0.9867759
vn -0.2349358 0.0694881 -0.9695239
vn -0.2349358 0.0694881 -0.9695239
vn -0.2349358 0.0694881 -0.9695239
vn -0.3627504 0.0613099 0.9298673
vn -0.3627504 0.0613099 0.9298673
vn -0.3627504 0.0613099 0.9298673
vn -0.1422826 0.9897917 -0.0082483
vn -0.3671629 0.9299674 0.0187602
vn -0.9241929 -0.0269455 -0.3809742
vn -0.9241929 -0.0269455 -0.3809742
vn -0.9663846 -0.0104771 0.2568871
vn -0.9663846 -0.0104771 0.2568871
vn -0.9241929 -0.0269455 -0.3809742
vn -0.9241929 -0.0269455 -0.3809742
vn -0.9663846 -0.0104771 0.2568871
vn -0.9663846 -0.0104771 0.2568871
vn -0.9382414 -0.3191955 -0.1334818
vn -0.9382414 -0.3191955 -0.1334818
vn -0.9864242 -0.1286640 0.1020439
vn -0.9864242 -0.1286640 0.1020439
vn -0.9864242 -0.1286640 0.1020439
vn -0.9382414 -0.3191955 -0.1334818
vn -0.9382414 -0.3191955 -0.1334818
vn -0.9864242 -0.1286640 0.1020439
vn -0.9864242 -0.1286640 0.1020439
vn -0.9864242 -0.1286640 0.1020439
vn -0.9382414 -0.3191955 -0.1334818
vn -0.9382414 -0.3191955 -0.1334818
vn -0.9864242 -0.1286640 0.1020439
vn -0.9864242 -0.1286640 0.1020439
vn -0.9864242 -0.1286640 0.1020439
vn -0.9382414 -0.3191955 -0.1334818
vn -0.9382414 -0.3191955 -0.1334818
vn -0.9864242 -0.1286640 0.1020439
vn -0.9864242 -0.1286640 0.1020439
vn -0.9864242 -0.1286640 0.1020439
vn -0.9382414 -0.3191955 -0.1334818
vn -0.9382414 -0.3191955 -0.1334818
vn -0.9864242 -0.1286640 0.1020439
vn -0.9864242 -0.1286640 0.1020439
vn -0.9864242 -0.1286640 0.1020439
vn -0.9730179 0.2245426 -0.0530737
vn -0.9730179 0.2245426 -0.0530737
vn -0.9730179 0.2245426 -0.0530737
vn -0.9694785 0.2237258 0.1002909
vn -0.9694785 0.2237258 0.1002909
vn -0.9694785 0.2237258 0.1002909
vn -0.9730179 0.2245426 -0.0530737
vn -0.9730179 0.2245426 -0.0530737
vn -0.9730179 0.2245426 -0.0530737
vn -0.9694785 0.2237258 0.1002909
vn -0.9694785 0.2237258 0.1002909
vn -0.9694785 0.2237258 0.1002909
vn -0.9730179 0.2245426 -0.0530737
vn -0.9730179 0.2245426 -0.0530737
vn -0.9730179 0.2245426 -0.0530737
vn -0.9694785 0.2237258 0.1002909
vn -0.9694785 0.2237258 0.1002909
vn -0.9694785 0.2237258 0.1002909
vn -0.9730179 0.2245426 -0.0530737
vn -0.9730179 0.2245426 -0.0530737
vn -0.9730179 0.2245426 -0.0530737
vn -0.9694785 0.2237258 0.1002909
vn -0.9694785 0.2237258 0.1002909
vn -0.9694785 0.2237258 0.1002909
vn -0.9730179 0.2245426 -0.0530737
vn -0.9730179 0.2245426 -0.0530737
vn -0.9730179 0.2245426 -0.0530737
vn -0.9694785 0.2237258 0.1002909
vn -0.9694785 0.2237258 0.1002909
vn -0.9694785 0.2237258 0.1002909
vn -0.9323954 -0.1025147 -0.3465972
vn -0.9323954 -0.1025147 -0.3465972
vn -0.9693284 -0.0409575 0.2423321
vn -0.9693284 -0.0409575 0.2423321
vn -0.9693284 -0.0409575 0.2423321
vn -0.9323954 -0.1025147 -0.3465972
vn -0.9323954 -0.1025147 -0.3465972
vn -0.9693284 -0.0409575 0.2423321
vn -0.9693284 -0.0409575 0.2423321
vn -0.9693284 -0.0409575 0.2423321
vn -0.9867759 0.0800089 -0.1409680
vn -0.9867759 0.0800089 -0.1409680
vn -0.9867759 0.0800089 -0.1409680
vn -0.9671550 0.0784180 0.2417888
vn -0.9671550 0.0784180 0.2417888
vn -0.9671550 0.0784180 0.2417888
vn -0.9867759 0.0800089 -0.1409680
vn -0.9867759 0.0800089 -0.1409680
vn -0.9867759 0.0800089 -0.1409680
vn -0.9671550 0.0784180 0.2417888
vn -0.9671550 0.0784180 0.2417888
vn -0.9671550 0.0784180 0.2417888
vn -0.9323954 -0.1025147 -0.3465972
vn -0.9323954 -0.1025147 -0.3465972
vn -0.9693284 -0.0409575 0.2423321
vn -0.9693284 -0.0409575 0.2423321
vn -0.9693284 -0.0409575 0.2423321
vn -0.9323954 -0.1025147 -0.3465972
vn -0.9323954 -0.1025147 -0.3465972
vn -0.9693284 -0.0409575 0.2423321
vn -0.9693284 -0.0409575 0.2423321
vn -0.9693284 -0.0409575 0.2423321
vn -0.9867759 0.0800089 -0.1409680
vn -0.9867759 0.0800089 -0.1409680
vn -0.9867759 0.0800089 -0.1409680
vn -0.9671550 0.0784180 0.2417888
vn -0.9671550 0.0784180 0.2417888
vn -0.9671550 0.0784180 0.2417888
vn -0.9867759 0.0800089 -0.1409680
vn -0.9867759 0.0800089 -0.1409680
vn -0.9867759 0.0800089 -0.1409680
vn -0.9671550 0.0784180 0.2417888
vn -0.9671550 0.0784180 0.2417888
vn -0.9671550 0.0784180 0.2417888
vn -0.9323954 -0.1025147 -0.3465972
vn -0.9323954 -0.1025147 -0.3465972
vn -0.9693284 -0.0409575 0.2423321
vn -0.9693284 -0.0409575 0.2423321
vn -0.9693284 -0.0409575 0.2423321
vn -0.9323954 -0.1025147 -0.3465972
vn -0.9323954 -0.1025147 -0.3465972
vn -0.9693284 -0.0409575 0.2423321
vn -0.9693284 -0.0409575 0.2423321
vn -0.9693284 -0.0409575 0.2423321
vn -0.9867759 0.0800089 -0.1409680
vn -0.9867759 0.0800089 -0.1409680
vn -0.9867759 0.0800089 -0.1409680
vn -0.9671550 0.0784180 0.2417888
vn -0.9671550 0.0784180 0.2417888
vn -0.9671550 0.0784180 0.2417888
vn -0.9867759 0.0800089 -0.1409680
vn -0.9867759 0.0800089 -0.1409680
vn -0.9867759 0.0800089 -0.1409680
vn -0.9671550 0.0784180 0.2417888
vn -0.9671550 0.0784180 0.2417888
vn -0.9671550 0.0784180 0.2417888
vn -0.9882328 0.0211980 -0.1514809
vn -0.9882328 0.0211980 -0.1514809
vn -0.9662301 0.0207261 0.2568460
vn -0.9662301 0.0207261 0.2568460
vn -0.9882328 0.0211980 -0.1514809
vn -0.9882328 0.0211980 -0.1514809
vn -0.9662301 0.0207261 0.2568460
vn -0.9662301 0.0207261 0.2568460
vn -0.0076878 -0.9898046 -0.1422243
vn -0.0227198 -0.9704621 0.2401813
vn -0.0076878 -0.9898046 -0.1422243
vn -0.0227198 -0.9704621 0.2401813
vn -0.0123749 -0.1474949 -0.9889854
vn -0.0123749 -0.1474949 -0.9889854
vn -0.0123749 -0.1474949 0.9889854
vn -0.0123749 -0.1474949 0.9889854
vn -0.0123749 -0.1474949 -0.9889854
vn -0.0123749 -0.1474949 -0.9889854
vn -0.0123749 -0.1474949 0.9889854
vn -0.0123749 -0.1474949 0.9889854
vn -0.0129298 0.0803103 -0.9966860
vn -0.0129298 0.0803103 -0.9966860
vn -0.0129298 0.0803103 0.9966860
vn -0.0129298 0.0803103 0.9966860
vn -0.0129298 0.0803103 -0.9966860
vn -0.0129298 0.0803103 -0.9966860
vn -0.0129298 0.0803103 0.9966860
vn -0.0129298 0.0803103 0.9966860
vn -0.0076878 0.9898046 -0.1422243
vn -0.0227198 0.9704621 0.2401813
vn -0.0076878 0.9898046 -0.1422243
vn -0.0227198 0.9704621 0.2401813
vn -0.0076878 -0.9898046 -0.1422243
vn -0.0227198 -0.9704621 0.2401813
vn -0.0076878 -0.9898046 -0.1422243
vn -0.0227198 -0.9704621 0.2401813
vn -0.0123749 -0.1474949 -0.9889854
vn -0.0123749 -0.1474949 -0.9889854
vn -0.0123749 -0.1474949 0.9889854
vn -0.0123749 -0.1474949 0.9889854
vn -0.0123749 -0.1474949 -0.9889854
vn -0.0123749 -0.1474949 -0.9889854
vn -0.0123749 -0.1474949 0.9889854
vn -0.0123749 -0.1474949 0.9889854
vn -0.0129298 0.0803103 -0.9966860
vn -0.0129298 0.0803103 -0.9966860
vn -0.0129298 0.0803103 0.9966860
vn -0.0129298 0.0803103 0.9966860
vn -0.0129298 0.0803103 -0.9966860
vn -0.0129298 0.0803103 -0.9966860
vn -0.0129298 0.0803103 0.9966860
vn -0.0129298 0.0803103 0.9966860
vn -0.0076878 0.9898046 -0.1422243
vn -0.0227198 0.9704621 0.2401813
vn -0.0076878 0.9898046 -0.1422243
vn -0.0227198 0.9704621 0.2401813
vn -0.0076878 -0.9898046 -0.1422243
vn -0.0227198 -0.9704621 0.2401813
vn -0.0076878 -0.9898046 -0.1422243
vn -0.0227198 -0.9704621 0.2401813
vn -0.0123749 -0.1474949 -0.9889854
vn -0.0123749 -0.1474949 -0.9889854
vn -0.0123749 -0.1474949 0.9889854
vn -0.0123749 -0.1474949 0.9889854
vn -0.0123749 -0.1474949 -0.9889854
vn -0.0123749 -0.1474949 -0.9889854
vn -0.0123749 -0.1474949 0.9889854
vn -0.0123749 -0.1474949 0.9889854
vn -0.0129298 0.0803103 -0.9966860
vn -0.0129298 0.0803103 -0.9966860
vn -0.0129298 0.0803103 0.9966860
vn -0.0129298 0.0803103 0.9966860
vn -0.0129298 0.0803103 -0.9966860
vn -0.0129298 0.0803103 -0.9966860
vn -0.0129298 0.0803103 0.9966860
vn -0.0129298 0.0803103 0.9966860
vn -0.0076878 0.9898046 -0.1422243
vn -0.0227198 0.9704621 0.2401813
vn -0.0076878 0.9898046 -0.1422243
vn -0.0227198 0.9704621 0.2401813
vn -0.0089951 -0.9984513 -0.0549009
vn -0.0314850 -0.9943551 0.1013246
vn -0.0089951 -0.9984513 -0.0549009
vn -0.0314850 -0.9943551 0.1013246
vn -0.0089951 -0.9984513 -0.0549009
vn -0.0314850 -0.9943551 0.1013246
vn -0.0089951 -0.9984513 -0.0549009
vn -0.0314850 -0.9943551 0.1013246
vn -0.0089951 -0.9984513 -0.0549009
vn -0.0314850 -0.9943551 0.1013246
vn -0.0129428 -0.3494569 -0.9368630
vn -0.0129428 -0.3494569 -0.9368630
vn -0.0083278 -0.2248517 0.9743574
vn -0.0083278 -0.2248517 0.9743574
vn -0.0129428 -0.3494569 -0.9368630
vn -0.0129428 -0.3494569 -0.9368630
vn -0.0083278 -0.2248517 0.9743574
vn -0.0083278 -0.2248517 0.9743574
vn -0.0129428 -0.3494569 -0.9368630
vn -0.0129428 -0.3494569 -0.9368630
vn -0.0083278 -0.2248517 0.9743574
vn -0.0083278 -0.2248517 0.9743574
vn -0.0129428 -0.3494569 -0.9368630
vn -0.0129428 -0.3494569 -0.9368630
vn -0.0083278 -0.2248517 0.9743574
vn -0.0083278 -0.2248517 0.9743574
vn -0.0129428 -0.3494569 -0.9368630
vn -0.0129428 -0.3494569 -0.9368630
vn -0.0083278 -0.2248517 0.9743574
vn -0.0083278 -0.2248517 0.9743574
vn -0.0146414 0.2234404 -0.9746076
vn -0.0146414 0.2234404 -0.9746076
vn -0.0288496 0.2220168 0.9746160
vn -0.0288496 0.2220168 0.9746160
vn -0.0146414 0.2234404 -0.9746076
vn -0.0146414 0.2234404 -0.9746076
vn -0.0288496 0.2220168 0.9746160
vn -0.0288496 0.2220168 0.9746160
vn -0.0146414 0.2234404 -0.9746076
vn -0.0146414 0.2234404 -0.9746076
vn -0.0288496 0.2220168 0.9746160
vn -0.0288496 0.2220168 0.9746160
vn -0.0146414 0.2234404 -0.9746076
vn -0.0146414 0.2234404 -0.9746076
vn -0.0288496 0.2220168 0.9746160
vn -0.0288496 0.2220168 0.9746160
vn -0.0146414 0.2234404 -0.9746076
vn -0.0146414 0.2234404 -0.9746076
vn -0.0288496 0.2220168 0.9746160
vn -0.0288496 0.2220168 0.9746160
vn -0.0168568 0.9945505 -0.1028845
vn -0.0160004 0.9946442 0.1021118
vn -0.0168568 0.9945505 -0.1028845
vn -0.0160004 0.9946442 0.1021118
vn -0.0168568 0.9945505 -0.1028845
vn -0.0160004 0.9946442 0.1021118
vn -0.0168568 0.9945505 -0.1028845
vn -0.0160004 0.9946442 0.1021118
vn -0.0168568 0.9945505 -0.1028845
vn -0.0160004 0.9946442 0.1021118
vn -0.1677894 -0.9714389 -0.1677894
vn -0.3523606 -0.9135411 0.2031861
vn -0.1677894 -0.9714389 -0.1677894
vn -0.3523606 -0.9135411 0.2031861
vn -0.2530165 -0.0354068 -0.9668138
vn -0.2530165 -0.0354068 -0.9668138
vn -0.2530165 -0.0354068 0.9668138
vn -0.2530165 -0.0354068 0.9668138
vn -0.2530165 -0.0354068 -0.9668138
vn -0.2530165 -0.0354068 -0.9668138
vn -0.2530165 -0.0354068 0.9668138
vn -0.2530165 -0.0354068 0.9668138
vn -0.2549634 0.0180330 -0.9667825
vn -0.2549634 0.0180330 -0.9667825
vn -0.2549634 0.0180330 -0.9667825
vn -0.2549634 0.0180330 0.9667825
vn -0.2549634 0.0180330 0.9667825
vn -0.2549634 0.0180330 0.9667825
vn -0.2549634 0.0180330 -0.9667825
vn -0.2549634 0.0180330 -0.9667825
vn -0.2549634 0.0180330 -0.9667825
vn -0.2549634 0.0180330 0.9667825
vn -0.2549634 0.0180330 0.9667825
vn -0.2549634 0.0180330 0.9667825
vn -0.1677894 0.9714389 -0.1677894
vn -0.3523606 0.9135411 0.2031861
vn -0.1677894 0.9714389 -0.1677894
vn -0.3523606 0.9135411 0.2031861
vn 0.2400076 -0.9704656 -0.0243486
vn 0.2412738 -0.9703788 0.0123279
vn 0.1462405 -0.0474293 -0.9881114
vn 0.1462405 -0.0474293 -0.9881114
vn 0.1462405 -0.0474293 -0.9881114
vn 0.2417888 -0.0784180 0.9671550
vn 0.2417888 -0.0784180 0.9671550
vn 0.2417888 -0.0784180 0.9671550
vn 0.3627504 0.0613099 -0.9298673
vn 0.3627504 0.0613099 -0.9298673
vn 0.3627504 0.0613099 -0.9298673
vn 0.2349358 0.0694881 0.9695239
vn 0.2349358 0.0694881 0.9695239
vn 0.2349358 0.0694881 0.9695239
vn 0.2400076 0.9704656 -0.0243486
vn 0.2425295 0.9701182 0.0070812
vn 0.2400076 -0.9704656 -0.0243486
vn 0.2412738 -0.9703788 0.0123279
vn 0.1462405 -0.0474293 -0.9881114
vn 0.1462405 -0.0474293 -0.9881114
vn 0.1462405 -0.0474293 -0.9881114
vn 0.2417888 -0.0784180 0.9671550
vn 0.2417888 -0.0784180 0.9671550
vn 0.2417888 -0.0784180 0.9671550
vn 0.3627504 0.0613099 -0.9298673
vn 0.3627504 0.0613099 -0.9298673
vn 0.3627504 0.0613099 -0.9298673
vn 0.2349358 0.0694881 0.9695239
vn 0.2349358 0.0694881 0.9695239
vn 0.2349358 0.0694881 0.9695239
vn 0.2400076 0.9704656 -0.0243486
vn 0.2425295 0.9701182 0.0070812
vn 0.2400076 -0.9704656 -0.0243486
vn 0.2412738 -0.9703788 0.0123279
vn 0.1462405 -0.0474293 -0.9881114
vn 0.1462405 -0.0474293 -0.9881114
vn 0.1462405 -0.0474293 -0.9881114
vn 0.2417888 -0.0784180 0.9671550
vn 0.2417888 -0.0784180 0.9671550
vn 0.2417888 -0.0784180 0.9671550
vn 0.3627504 0.0613099 -0.9298673
vn 0.3627504 0.0613099 -0.9298673
vn 0.3627504 0.0613099 -0.9298673
vn 0.2349358 0.0694881 0.9695239
vn 0.2349358 0.0694881 0.9695239
vn 0.2349358 0.0694881 0.9695239
vn 0.2400076 0.9704656 -0.0243486
vn 0.2425295 0.9701182 0.0070812
vn 0.9890174 -0.1456418 -0.0251595
vn 0.9890174 -0.1456418 -0.0251595
vn 0.9990038 -0.0422114 0.0144783
vn 0.9990038 -0.0422114 0.0144783
vn 0.9967027 0.0808137 -0.0072752
vn 0.9967027 0.0808137 -0.0072752
vn 0.9966251 0.0808074 0.0144438
vn 0.9966251 0.0808074 0.0144438
vn 0.9890174 -0.1456418 -0.0251595
vn 0.9890174 -0.1456418 -0.0251595
vn 0.9990038 -0.0422114 0.0144783
vn 0.9990038 -0.0422114 0.0144783
vn 0.9967027 0.0808137 -0.0072752
vn 0.9967027 0.0808137 -0.0072752
vn 0.9966251 0.0808074 0.0144438
vn 0.9966251 0.0808074 0.0144438
vn 0.9890174 -0.1456418 -0.0251595
vn 0.9890174 -0.1456418 -0.0251595
vn 0.9990038 -0.0422114 0.0144783
vn 0.9990038 -0.0422114 0.0144783
vn 0.9967027 0.0808137 -0.0072752
vn 0.9967027 0.0808137 -0.0072752
vn 0.9966251 0.0808074 0.0144438
vn 0.9966251 0.0808074 0.0144438
vn 0.2031861 -0.9135411 -0.3523606
vn 0.2263601 -0.9473765 0.2263601
vn 0.2031861 -0.9135411 -0.3523606
vn 0.2263601 -0.9473765 0.2263601
vn 0.1528596 -0.0123349 -0.9881709
vn 0.1528596 -0.0123349 -0.9881709
vn 0.1528596 -0.0123349 -0.9881709
vn 0.1528596 -0.0123349 0.9881709
vn 0.1528596 -0.0123349 0.9881709
vn 0.1528596 -0.0123349 0.9881709
vn 0.1528596 -0.0123349 -0.9881709
vn 0.1528596 -0.0123349 -0.9881709
vn 0.1528596 -0.0123349 -0.9881709
vn 0.1528596 -0.0123349 0.9881709
vn 0.1528596 -0.0123349 0.9881709
vn 0.1528596 -0.0123349 0.9881709
vn 0.3851252 0.0157072 -0.9227307
vn 0.3851252 0.0157072 -0.9227307
vn 0.3851252 0.0157072 -0.9227307
vn 0.3851252 0.0157072 0.9227307
vn 0.3851252 0.0157072 0.9227307
vn 0.3851252 0.0157072 0.9227307
vn 0.3851252 0.0157072 -0.9227307
vn 0.3851252 0.0157072 -0.9227307
vn 0.3851252 0.0157072 -0.9227307
vn 0.3851252 0.0157072 0.9227307
vn 0.3851252 0.0157072 0.9227307
vn 0.3851252 0.0157072 0.9227307
vn 0.2031861 0.9135411 -0.3523606
vn 0.2263601 0.9473765 0.2263601
vn 0.2031861 0.9135411 -0.3523606
vn 0.2263601 0.9473765 0.2263601
vn 0.9241929 -0.0269455 -0.3809742
vn 0.9241929 -0.0269455 -0.3809742
vn 0.9663846 -0.0104771 0.2568871
vn 0.9663846 -0.0104771 0.2568871
vn 0.9241929 -0.0269455 -0.3809742
vn 0.9241929 -0.0269455 -0.3809742
vn 0.9663846 -0.0104771 0.2568871
vn 0.9663846 -0.0104771 0.2568871
vn 0.9882328 0.0211980 -0.1514809
vn 0.9882328 0.0211980 -0.1514809
vn 0.9662301 0.0207261 0.2568460
vn 0.9662301 0.0207261 0.2568460
vn 0.9882328 0.0211980 -0.1514809
vn 0.9882328 0.0211980 -0.1514809
vn 0.9662301 0.0207261 0.2568460
vn 0.9662301 0.0207261 0.2568460
vn -0.9241929 -0.0269455 -0.3809742
vn -0.9241929 -0.0269455 -0.3809742
vn -0.9663846 -0.0104771 0.2568871
vn -0.9663846 -0.0104771 0.2568871
vn -0.9241929 -0.0269455 -0.3809742
vn -0.9241929 -0.0269455 -0.3809742
vn -0.9663846 -0.0104771 0.2568871
vn -0.9663846 -0.0104771 0.2568871
vn -0.9882328 0.0211980 -0.1514809
vn -0.9882328 0.0211980 -0.1514809
vn -0.9662301 0.0207261 0.2568460
vn -0.9662301 0.0207261 0.2568460
vn -0.9882328 0.0211980 -0.1514809
vn -0.9882328 0.0211980 -0.1514809
vn -0.9662301 0.0207261 0.2568460
vn -0.9662301 0.0207261 0.2568460
vn -0.1677894 -0.9714389 -0.1677894
vn -0.3523606 -0.9135411 0.2031861
vn -0.1677894 -0.9714389 -0.1677894
vn -0.3523606 -0.9135411 0.2031861
vn -0.2530165 -0.0354068 -0.9668138
vn -0.2530165 -0.0354068 -0.9668138
vn -0.2530165 -0.0354068 0.9668138
vn -0.2530165 -0.0354068 0.9668138
vn -0.2530165 -0.0354068 -0.9668138
vn -0.2530165 -0.0354068 -0.9668138
vn -0.2530165 -0.0354068 0.9668138
vn -0.2530165 -0.0354068 0.9668138
vn -0.2549634 0.0180330 -0.9667825
vn -0.2549634 0.0180330 -0.9667825
vn -0.2549634 0.0180330 -0.9667825
vn -0.2549634 0.0180330 0.9667825
vn -0.2549634 0.0180330 0.9667825
vn -0.2549634 0.0180330 0.9667825
vn -0.2549634 0.0180330 -0.9667825
vn -0.2549634 0.0180330 -0.9667825
vn -0.2549634 0.0180330 -0.9667825
vn -0.2549634 0.0180330 0.9667825
vn -0.2549634 0.0180330 0.9667825
vn -0.2549634 0.0180330 0.9667825
vn -0.1677894 0.9714389 -0.1677894
vn -0.3523606 0.9135411 0.2031861
vn -0.1677894 0.9714389 -0.1677894
vn -0.3523606 0.9135411 0.2031861
vn -0.9890174 -0.1456418 -0.0251595
vn -0.9890174 -0.1456418 -0.0251595
vn -0.9990038 -0.0422114 0.0144783
vn -0.9990038 -0.0422114 0.0144783
vn -0.9967027 0.0808137 -0.0072752
vn -0.9967027 0.0808137 -0.0072752
vn -0.9966251 0.0808074 0.0144438
vn -0.9966251 0.0808074 0.0144438
vn -0.9890174 -0.1456418 -0.0251595
vn -0.9890174 -0.1456418 -0.0251595
vn -0.9990038 -0.0422114 0.0144783
vn -0.9990038 -0.0422114 0.0144783
vn -0.9967027 0.0808137 -0.0072752
vn -0.9967027 0.0808137 -0.0072752
vn -0.9966251 0.0808074 0.0144438
vn -0.9966251 0.0808074 0.0144438
vn -0.9890174 -0.1456418 -0.0251595
vn -0.9890174 -0.1456418 -0.0251595
vn -0.9990038 -0.0422114 0.0144783
vn -0.9990038 -0.0422114 0.0144783
vn -0.9967027 0.0808137 -0.0072752
vn -0.9967027 0.0808137 -0.0072752
vn -0.9966251 0.0808074 0.0144438
vn -0.9966251 0.0808074 0.0144438
vn -0.1422826 -0.9897917 -0.0082483
vn -0.3699718 -0.9289802 0.0108021
vn -0.2274652 -0.1291019 -0.9651903
vn -0.2274652 -0.1291019 -0.9651903
vn -0.1409680 -0.0800089 0.9867759
vn -0.1409680 -0.0800089 0.9867759
vn -0.2349358 0.0694881 -0.9695239
vn -0.2349358 0.0694881 -0.9695239
vn -0.2349358 0.0694881 -0.9695239
vn -0.3627504 0.0613099 0.9298673
vn -0.3627504 0.0613099 0.9298673
vn -0.3627504 0.0613099 0.9298673
vn -0.1422826 0.9897917 -0.0082483
vn -0.3671629 0.9299674 0.0187602
vn -0.1422826 -0.9897917 -0.0082483
vn -0.3699718 -0.9289802 0.0108021
vn -0.2274652 -0.1291019 -0.9651903
vn -0.2274652 -0.1291019 -0.9651903
vn -0.1409680 -0.0800089 0.9867759
vn -0.1409680 -0.0800089 0.9867759
vn -0.2349358 0.0694881 -0.9695239
vn -0.2349358 0.0694881 -0.9695239
vn -0.2349358 0.0694881 -0.9695239
vn -0.3627504 0.0613099 0.9298673
vn -0.3627504 0.0613099 0.9298673
vn -0.3627504 0.0613099 0.9298673
vn -0.1422826 0.9897917 -0.0082483
vn -0.3671629 0.9299674 0.0187602
vn -0.1422826 -0.9897917 -0.0082483
vn -0.3699718 -0.9289802 0.0108021
vn -0.2274652 -0.1291019 -0.9651903
vn -0.2274652 -0.1291019 -0.9651903
vn -0.1409680 -0.0800089 0.9867759
vn -0.1409680 -0.0800089 0.9867759
vn -0.2349358 0.0694881 -0.9695239
vn -0.2349358 0.0694881 -0.9695239
vn -0.2349358 0.0694881 -0.9695239
vn -0.3627504 0.0613099 0.9298673
vn -0.3627504 0.0613099 0.9298673
vn -0.3627504 0.0613099 0.9298673
vn -0.1422826 0.9897917 -0.0082483
vn -0.3671629 0.9299674 0.0187602
vn 0.2031861 -0.9135411 -0.3523606
vn 0.2263601 -0.9473765 0.2263601
vn 0.2031861 -0.9135411 -0.3523606
vn 0.2263601 -0.9473765 0.2263601
vn 0.1528596 -0.0123349 -0.9881709
vn 0.1528596 -0.0123349 -0.9881709
vn 0.1528596 -0.0123349 -0.9881709
vn 0.1528596 -0.0123349 0.9881709
vn 0.1528596 -0.0123349 0.9881709
vn 0.1528596 -0.0123349 0.9881709
vn 0.1528596 -0.0123349 -0.9881709
vn 0.1528596 -0.0123349 -0.9881709
vn 0.1528596 -0.0123349 -0.9881709
vn 0.1528596 -0.0123349 0.9881709
vn 0.1528596 -0.0123349 0.9881709
vn 0.1528596 -0.0123349 0.9881709
vn 0.3851252 0.0157072 -0.9227307
vn 0.3851252 0.0157072 -0.9227307
vn 0.3851252 0.0157072 -0.9227307
vn 0.3851252 0.0157072 0.9227307
vn 0.3851252 0.0157072 0.9227307
vn 0.3851252 0.0157072 0.9227307
vn 0.3851252 0.0157072 -0.9227307
vn 0.3851252 0.0157072 -0.9227307
vn 0.3851252 0.0157072 -0.9227307
vn 0.3851252 0.0157072 0.9227307
vn 0.3851252 0.0157072 0.9227307
vn 0.3851252 0.0157072 0.9227307
vn 0.2031861 0.9135411 -0.3523606
vn 0.2263601 0.9473765 0.2263601
vn 0.2031861 0.9135411 -0.3523606
vn 0.2263601 0.9473765 0.2263601
vn 0.0151229 -0.9829893 -0.1830394
vn 0.0160004 -0.9946442 0.1021118
vn 0.0151229 -0.9829893 -0.1830394
vn 0.0160004 -0.9946442 0.1021118
vn 0.0151229 -0.9829893 -0.1830394
vn 0.0160004 -0.9946442 0.1021118
vn 0.0151229 -0.9829893 -0.1830394
vn 0.0160004 -0.9946442 0.1021118
vn 0.0151229 -0.9829893 -0.1830394
vn 0.0160004 -0.9946442 0.1021118
vn 0.0168044 -0.1293209 -0.9914604
vn 0.0168044 -0.1293209 -0.9914604
vn 0.0165129 -0.2248288 0.9742583
vn 0.0165129 -0.2248288 0.9742583
vn 0.0168044 -0.1293209 -0.9914604
vn 0.0168044 -0.1293209 -0.9914604
vn 0.0165129 -0.2248288 0.9742583
vn 0.0165129 -0.2248288 0.9742583
vn 0.0168044 -0.1293209 -0.9914604
vn 0.0168044 -0.1293209 -0.9914604
vn 0.0165129 -0.2248288 0.9742583
vn 0.0165129 -0.2248288 0.9742583
vn 0.0168044 -0.1293209 -0.9914604
vn 0.0168044 -0.1293209 -0.9914604
vn 0.0165129 -0.2248288 0.9742583
vn 0.0165129 -0.2248288 0.9742583
vn 0.0168044 -0.1293209 -0.9914604
vn 0.0168044 -0.1293209 -0.9914604
vn 0.0165129 -0.2248288 0.9742583
vn 0.0165129 -0.2248288 0.9742583
vn 0.0165129 0.2248288 -0.9742583
vn 0.0165129 0.2248288 -0.9742583
vn 0.0146414 0.2234404 0.9746076
vn 0.0146414 0.2234404 0.9746076
vn 0.0165129 0.2248288 -0.9742583
vn 0.0165129 0.2248288 -0.9742583
vn 0.0146414 0.2234404 0.9746076
vn 0.0146414 0.2234404 0.9746076
vn 0.0165129 0.2248288 -0.9742583
vn 0.0165129 0.2248288 -0.9742583
vn 0.0146414 0.2234404 0.9746076
vn 0.0146414 0.2234404 0.9746076
vn 0.0165129 0.2248288 -0.9742583
vn 0.0165129 0.2248288 -0.9742583
vn 0.0146414 0.2234404 0.9746076
vn 0.0146414 0.2234404 0.9746076
vn 0.0165129 0.2248288 -0.9742583
vn 0.0165129 0.2248288 -0.9742583
vn 0.0146414 0.2234404 0.9746076
vn 0.0146414 0.2234404 0.9746076
vn 0.0085013 0.9946558 -0.1028954
vn 0.0314850 0.9943551 0.1013246
vn 0.0085013 0.9946558 -0.1028954
vn 0.0314850 0.9943551 0.1013246
vn 0.0085013 0.9946558 -0.1028954
vn 0.0314850 0.9943551 0.1013246
vn 0.0085013 0.9946558 -0.1028954
vn 0.0314850 0.9943551 0.1013246
vn 0.0085013 0.9946558 -0.1028954
vn 0.0314850 0.9943551 0.1013246
vn 0.0100699 -0.9289496 -0.3700693
vn 0.0114934 -0.9703675 0.2413604
vn 0.0100699 -0.9289496 -0.3700693
vn 0.0114934 -0.9703675 0.2413604
vn 0.0135002 -0.0422120 -0.9990175
vn 0.0135002 -0.0422120 -0.9990175
vn 0.0070815 -0.0424893 0.9990718
vn 0.0070815 -0.0424893 0.9990718
vn 0.0135002 -0.0422120 -0.9990175
vn 0.0135002 -0.0422120 -0.9990175
vn 0.0070815 -0.0424893 0.9990718
vn 0.0070815 -0.0424893 0.9990718
vn 0.0134681 0.0808085 -0.9966386
vn 0.0134681 0.0808085 -0.9966386
vn 0.0255232 0.0798050 0.9964837
vn 0.0255232 0.0798050 0.9964837
vn 0.0134681 0.0808085 -0.9966386
vn 0.0134681 0.0808085 -0.9966386
vn 0.0255232 0.0798050 0.9964837
vn 0.0255232 0.0798050 0.9964837
vn 0.0100699 0.9289496 -0.3700693
vn 0.0114934 0.9703675 0.2413604
vn 0.0100699 0.9289496 -0.3700693
vn 0.0114934 0.9703675 0.2413604
vn 0.0100699 -0.9289496 -0.3700693
vn 0.0114934 -0.9703675 0.2413604
vn 0.0100699 -0.9289496 -0.3700693
vn 0.0114934 -0.9703675 0.2413604
vn 0.0135002 -0.0422120 -0.9990175
vn 0.0135002 -0.0422120 -0.9990175
vn 0.0070815 -0.0424893 0.9990718
vn 0.0070815 -0.0424893 0.9990718
vn 0.0135002 -0.0422120 -0.9990175
vn 0.0135002 -0.0422120 -0.9990175
vn 0.0070815 -0.0424893 0.9990718
vn 0.0070815 -0.0424893 0.9990718
vn 0.0134681 0.0808085 -0.9966386
vn 0.0134681 0.0808085 -0.9966386
vn 0.0255232 0.0798050 0.9964837
vn 0.0255232 0.0798050 0.9964837
vn 0.0134681 0.0808085 -0.9966386
vn 0.0134681 0.0808085 -0.9966386
vn 0.0255232 0.0798050 0.9964837
vn 0.0255232 0.0798050 0.9964837
vn 0.0100699 0.9289496 -0.3700693
vn 0.0114934 0.9703675 0.2413604
vn 0.0100699 0.9289496 -0.3700693
vn 0.0114934 0.9703675 0.2413604
vn 0.0100699 -0.9289496 -0.3700693
vn 0.0114934 -0.9703675 0.2413604
vn 0.0100699 -0.9289496 -0.3700693
vn 0.0114934 -0.9703675 0.2413604
vn 0.0135002 -0.0422120 -0.9990175
vn 0.0135002 -0.0422120 -0.9990175
vn 0.0070815 -0.0424893 0.9990718
vn 0.0070815 -0.0424893 0.9990718
vn 0.0135002 -0.0422120 -0.9990175
vn 0.0135002 -0.0422120 -0.9990175
vn 0.0070815 -0.0424893 0.9990718
vn 0.0070815 -0.0424893 0.9990718
vn 0.0134681 0.0808085 -0.9966386
vn 0.0134681 0.0808085 -0.9966386
vn 0.0255232 0.0798050 0.9964837
vn 0.0255232 0.0798050 0.9964837
vn 0.0134681 0.0808085 -0.9966386
vn 0.0134681 0.0808085 -0.9966386
vn 0.0255232 0.0798050 0.9964837
vn 0.0255232 0.0798050 0.9964837
vn 0.0100699 0.9289496 -0.3700693
vn 0.0114934 0.9703675 0.2413604
vn 0.0100699 0.9289496 -0.3700693
vn 0.0114934 0.9703675 0.2413604
vn 0.9241929 -0.0269455 -0.3809742
vn 0.9241929 -0.0269455 -0.3809742
vn 0.9663846 -0.0104771 0.2568871
vn 0.9663846 -0.0104771 0.2568871
vn 0.9241929 -0.0269455 -0.3809742
vn 0.9241929 -0.0269455 -0.3809742
vn 0.9663846 -0.0104771 0.2568871
vn 0.9663846 -0.0104771 0.2568871
vn 0.9370574 -0.3398120 -0.0803192
vn 0.9370574 -0.3398120 -0.0803192
vn 0.9864242 -0.1286640 0.1020439
vn 0.9864242 -0.1286640 0.1020439
vn 0.9864242 -0.1286640 0.1020439
vn 0.9370574 -0.3398120 -0.0803192
vn 0.9370574 -0.3398120 -0.0803192
vn 0.9864242 -0.1286640 0.1020439
vn 0.9864242 -0.1286640 0.1020439
vn 0.9864242 -0.1286640 0.1020439
vn 0.9370574 -0.3398120 -0.0803192
vn 0.9370574 -0.3398120 -0.0803192
vn 0.9864242 -0.1286640 0.1020439
vn 0.9864242 -0.1286640 0.1020439
vn 0.9864242 -0.1286640 0.1020439
vn 0.9370574 -0.3398120 -0.0803192
vn 0.9370574 -0.3398120 -0.0803192
vn 0.9864242 -0.1286640 0.1020439
vn 0.9864242 -0.1286640 0.1020439
vn 0.9864242 -0.1286640 0.1020439
vn 0.9370574 -0.3398120 -0.0803192
vn 0.9370574 -0.3398120 -0.0803192
vn 0.9864242 -0.1286640 0.1020439
vn 0.9864242 -0.1286640 0.1020439
vn 0.9864242 -0.1286640 0.1020439
vn 0.9723736 0.2153579 -0.0900588
vn 0.9723736 0.2153579 -0.0900588
vn 0.9723736 0.2153579 -0.0900588
vn 0.9694785 0.2237258 0.1002909
vn 0.9694785 0.2237258 0.1002909
vn 0.9694785 0.2237258 0.1002909
vn 0.9723736 0.2153579 -0.0900588
vn 0.9723736 0.2153579 -0.0900588
vn 0.9723736 0.2153579 -0.0900588
vn 0.9694785 0.2237258 0.1002909
vn 0.9694785 0.2237258 0.1002909
vn 0.9694785 0.2237258 0.1002909
vn 0.9723736 0.2153579 -0.0900588
vn 0.9723736 0.2153579 -0.0900588
vn 0.9723736 0.2153579 -0.0900588
vn 0.9694785 0.2237258 0.1002909
vn 0.9694785 0.2237258 0.1002909
vn 0.9694785 0.2237258 0.1002909
vn 0.9723736 0.2153579 -0.0900588
vn 0.9723736 0.2153579 -0.0900588
vn 0.9723736 0.2153579 -0.0900588
vn 0.9694785 0.2237258 0.1002909
vn 0.9694785 0.2237258 0.1002909
vn 0.9694785 0.2237258 0.1002909
vn 0.9723736 0.2153579 -0.0900588
vn 0.9723736 0.2153579 -0.0900588
vn 0.9723736 0.2153579 -0.0900588
vn 0.9694785 0.2237258 0.1002909
vn 0.9694785 0.2237258 0.1002909
vn 0.9694785 0.2237258 0.1002909
vn 0.9651903 -0.1291019 -0.2274652
vn 0.9651903 -0.1291019 -0.2274652
vn 0.9693284 -0.0409575 0.2423321
vn 0.9693284 -0.0409575 0.2423321
vn 0.9693284 -0.0409575 0.2423321
vn 0.9651903 -0.1291019 -0.2274652
vn 0.9651903 -0.1291019 -0.2274652
vn 0.9693284 -0.0409575 0.2423321
vn 0.9693284 -0.0409575 0.2423321
vn 0.9693284 -0.0409575 0.2423321
vn 0.9695239 0.0694881 -0.2349358
vn 0.9695239 0.0694881 -0.2349358
vn 0.9695239 0.0694881 -0.2349358
vn 0.9671550 0.0784180 0.2417888
vn 0.9671550 0.0784180 0.2417888
vn 0.9671550 0.0784180 0.2417888
vn 0.9695239 0.0694881 -0.2349358
vn 0.9695239 0.0694881 -0.2349358
vn 0.9695239 0.0694881 -0.2349358
vn 0.9671550 0.0784180 0.2417888
vn 0.9671550 0.0784180 0.2417888
vn 0.9671550 0.0784180 0.2417888
vn 0.9651903 -0.1291019 -0.2274652
vn 0.9651903 -0.1291019 -0.2274652
vn 0.9693284 -0.0409575 0.2423321
vn 0.9693284 -0.0409575 0.2423321
vn 0.9693284 -0.0409575 0.2423321
vn 0.9651903 -0.1291019 -0.2274652
vn 0.9651903 -0.1291019 -0.2274652
vn 0.9693284 -0.0409575 0.2423321
vn 0.9693284 -0.0409575 0.2423321
vn 0.9693284 -0.0409575 0.2423321
vn 0.9695239 0.0694881 -0.2349358
vn 0.9695239 0.0694881 -0.2349358
vn 0.9695239 0.0694881 -0.2349358
vn 0.9671550 0.0784180 0.2417888
vn 0.9671550 0.0784180 0.2417888
vn 0.9671550 0.0784180 0.2417888
vn 0.9695239 0.0694881 -0.2349358
vn 0.9695239 0.0694881 -0.2349358
vn 0.9695239 0.0694881 -0.2349358
vn 0.9671550 0.0784180 0.2417888
vn 0.9671550 0.0784180 0.2417888
vn 0.9671550 0.0784180 0.2417888
vn 0.9651903 -0.1291019 -0.2274652
vn 0.9651903 -0.1291019 -0.2274652
vn 0.9693284 -0.0409575 0.2423321
vn 0.9693284 -0.0409575 0.2423321
vn 0.9693284 -0.0409575 0.2423321
vn 0.9651903 -0.1291019 -0.2274652
vn 0.9651903 -0.1291019 -0.2274652
vn 0.9693284 -0.0409575 0.2423321
vn 0.9693284 -0.0409575 0.2423321
vn 0.9693284 -0.0409575 0.2423321
vn 0.9695239 0.0694881 -0.2349358
vn 0.9695239 0.0694881 -0.2349358
vn 0.9695239 0.0694881 -0.2349358
vn 0.9671550 0.0784180 0.2417888
vn 0.9671550 0.0784180 0.2417888
vn 0.9671550 0.0784180 0.2417888
vn 0.9695239 0.0694881 -0.2349358
vn 0.9695239 0.0694881 -0.2349358
vn 0.9695239 0.0694881 -0.2349358
vn 0.9671550 0.0784180 0.2417888
vn 0.9671550 0.0784180 0.2417888
vn 0.9671550 0.0784180 0.2417888
vn 0.9882328 0.0211980 -0.1514809
vn 0.9882328 0.0211980 -0.1514809
vn 0.9662301 0.0207261 0.2568460
vn 0.9662301 0.0207261 0.2568460
vn 0.9882328 0.0211980 -0.1514809
vn 0.9882328 0.0211980 -0.1514809
vn 0.9662301 0.0207261 0.2568460
vn 0.9662301 0.0207261 0.2568460
vn 0.2400076 -0.9704656 -0.0243486
vn 0.2412738 -0.9703788 0.0123279
vn 0.1462405 -0.0474293 -0.9881114
vn 0.1462405 -0.0474293 -0.9881114
vn 0.1462405 -0.0474293 -0.9881114
vn 0.2417888 -0.0784180 0.9671550
vn 0.2417888 -0.0784180 0.9671550
vn 0.2417888 -0.0784180 0.9671550
vn 0.3627504 0.0613099 -0.9298673
vn 0.3627504 0.0613099 -0.9298673
vn 0.3627504 0.0613099 -0.9298673
vn 0.2349358 0.0694881 0.9695239
vn 0.2349358 0.0694881 0.9695239
vn 0.2349358 0.0694881 0.9695239
vn 0.2400076 0.9704656 -0.0243486
vn 0.2425295 0.9701182 0.0070812
vn 0.2400076 -0.9704656 -0.0243486
vn 0.2412738 -0.9703788 0.0123279
vn 0.1462405 -0.0474293 -0.9881114
vn 0.1462405 -0.0474293 -0.9881114
vn 0.1462405 -0.0474293 -0.9881114
vn 0.2417888 -0.0784180 0.9671550
vn 0.2417888 -0.0784180 0.9671550
vn 0.2417888 -0.0784180 0.9671550
vn 0.3627504 0.0613099 -0.9298673
vn 0.3627504 0.0613099 -0.9298673
vn 0.3627504 0.0613099 -0.9298673
vn 0.2349358 0.0694881 0.9695239
vn 0.2349358 0.0694881 0.9695239
vn 0.2349358 0.0694881 0.9695239
vn 0.2400076 0.9704656 -0.0243486
vn 0.2425295 0.9701182 0.0070812
vn 0.2400076 -0.9704656 -0.0243486
vn 0.2412738 -0.9703788 0.0123279
vn 0.1462405 -0.0474293 -0.9881114
vn 0.1462405 -0.0474293 -0.9881114
vn 0.1462405 -0.0474293 -0.9881114
vn 0.2417888 -0.0784180 0.9671550
vn 0.2417888 -0.0784180 0.9671550
vn 0.2417888 -0.0784180 0.9671550
vn 0.3627504 0.0613099 -0.9298673
vn 0.3627504 0.0613099 -0.9298673
vn 0.3627504 0.0613099 -0.9298673
vn 0.2349358 0.0694881 0.9695239
vn 0.2349358 0.0694881 0.9695239
vn 0.2349358 0.0694881 0.9695239
vn 0.2400076 0.9704656 -0.0243486
vn 0.2425295 0.9701182 0.0070812
vn 0.9890174 -0.1456418 -0.0251595
vn 0.9890174 -0.1456418 -0.0251595
vn 0.9990038 -0.0422114 0.0144783
vn 0.9990038 -0.0422114 0.0144783
vn 0.9967027 0.0808137 -0.0072752
vn 0.9967027 0.0808137 -0.0072752
vn 0.9966251 0.0808074 0.0144438
vn 0.9966251 0.0808074 0.0144438
vn 0.9890174 -0.1456418 -0.0251595
vn 0.9890174 -0.1456418 -0.0251595
vn 0.9990038 -0.0422114 0.0144783
vn 0.9990038 -0.0422114 0.0144783
vn 0.9967027 0.0808137 -0.0072752
vn 0.9967027 0.0808137 -0.0072752
vn 0.9966251 0.0808074 0.0144438
vn 0.9966251 0.0808074 0.0144438
vn 0.9890174 -0.1456418 -0.0251595
vn 0.9890174 -0.1456418 -0.0251595
vn 0.9990038 -0.0422114 0.0144783
vn 0.9990038 -0.0422114 0.0144783
vn 0.9967027 0.0808137 -0.0072752
vn 0.9967027 0.0808137 -0.0072752
vn 0.9966251 0.0808074 0.0144438
vn 0.9966251 0.0808074 0.0144438
o 19_Caja_Abierta_Wood
usemtl Wood
s 1
f 276/276/276 75/75/75 286/286/286
f 309/309/309 327/327/327 105/105/105
f 791/791/791 656/656/656 676/676/676
f 306/306/306 100/100/100 326/326/326
f 659/659/659 796/796/796 677/677/677
f 277/277/277 289/289/289 79/79/79
f 626/626/626 636/636/636 767/767/767
f 627/627/627 770/770/770 639/639/639
f 102/102/102 76/76/76 78/78/78
f 102/102/102 78/78/78 104/104/104
f 327/327/327 677/677/677 676/676/676
f 327/327/327 676/676/676 326/326/326
f 327/327/327 100/100/100 105/105/105
f 327/327/327 326/326/326 100/100/100
f 308/308/308 103/103/103 77/77/77
f 308/308/308 77/77/77 288/288/288
f 793/793/793 637/637/637 657/657/657
f 793/793/793 767/767/767 637/637/637
f 791/791/791 676/676/676 677/677/677
f 791/791/791 677/677/677 796/796/796
f 306/306/306 326/326/326 676/676/676
f 306/306/306 676/676/676 656/656/656
f 307/307/307 657/657/657 637/637/637
f 307/307/307 637/637/637 287/287/287
f 307/307/307 75/75/75 101/101/101
f 307/307/307 287/287/287 75/75/75
f 768/768/768 766/766/766 792/792/792
f 768/768/768 792/792/792 794/794/794
f 658/658/658 769/769/769 795/795/795
f 658/658/658 638/638/638 769/769/769
f 659/659/659 677/677/677 327/327/327
f 659/659/659 327/327/327 309/309/309
f 658/658/658 308/308/308 288/288/288
f 658/658/658 288/288/288 638/638/638
f 277/277/277 79/79/79 75/75/75
f 277/277/277 75/75/75 276/276/276
f 626/626/626 286/286/286 636/636/636
f 626/626/626 276/276/276 286/286/286
f 627/627/627 767/767/767 770/770/770
f 627/627/627 626/626/626 767/767/767
f 627/627/627 639/639/639 289/289/289
f 627/627/627 289/289/289 277/277/277
f 627/627/627 277/277/277 276/276/276
f 627/627/627 276/276/276 626/626/626
f 278/278/278 80/80/80 290/290/290
f 313/313/313 329/329/329 111/111/111
f 797/797/797 660/660/660 678/678/678
f 310/310/310 106/106/106 328/328/328
f 663/663/663 802/802/802 679/679/679
f 279/279/279 293/293/293 84/84/84
f 628/628/628 640/640/640 772/772/772
f 629/629/629 775/775/775 643/643/643
f 108/108/108 81/81/81 83/83/83
f 108/108/108 83/83/83 110/110/110
f 329/329/329 679/679/679 678/678/678
f 329/329/329 678/678/678 328/328/328
f 329/329/329 106/106/106 111/111/111
f 329/329/329 328/328/328 106/106/106
f 312/312/312 109/109/109 82/82/82
f 312/312/312 82/82/82 292/292/292
f 799/799/799 641/641/641 661/661/661
f 799/799/799 772/772/772 641/641/641
f 797/797/797 678/678/678 679/679/679
f 797/797/797 679/679/679 802/802/802
f 310/310/310 328/328/328 678/678/678
f 310/310/310 678/678/678 660/660/660
f 311/311/311 661/661/661 641/641/641
f 311/311/311 641/641/641 291/291/291
f 311/311/311 80/80/80 107/107/107
f 311/311/311 291/291/291 80/80/80
f 773/773/773 771/771/771 798/798/798
f 773/773/773 798/798/798 800/800/800
f 662/662/662 774/774/774 801/801/801
f 662/662/662 642/642/642 774/774/774
f 663/663/663 679/679/679 329/329/329
f 663/663/663 329/329/329 313/313/313
f 662/662/662 312/312/312 292/292/292
f 662/662/662 292/292/292 642/642/642
f 279/279/279 84/84/84 80/80/80
f 279/279/279 80/80/80 278/278/278
f 628/628/628 290/290/290 640/640/640
f 628/628/628 278/278/278 290/290/290
f 629/629/629 772/772/772 775/775/775
f 629/629/629 628/628/628 772/772/772
f 629/629/629 643/643/643 293/293/293
f 629/629/629 293/293/293 279/279/279
f 629/629/629 279/279/279 278/278/278
f 629/629/629 278/278/278 628/628/628
f 280/280/280 85/85/85 294/294/294
f 317/317/317 331/331/331 117/117/117
f 803/803/803 664/664/664 680/680/680
f 314/314/314 112/112/112 330/330/330
f 667/667/667 808/808/808 681/681/681
f 281/281/281 297/297/297 89/89/89
f 630/630/630 644/644/644 777/777/777
f 631/631/631 780/780/780 647/647/647
f 114/114/114 86/86/86 88/88/88
f 114/114/114 88/88/88 116/116/116
f 331/331/331 681/681/681 680/680/680
f 331/331/331 680/680/680 330/330/330
f 331/331/331 112/112/112 117/117/117
f 331/331/331 330/330/330 112/112/112
f 316/316/316 115/115/115 87/87/87
f 316/316/316 87/87/87 296/296/296
f 805/805/805 645/645/645 665/665/665
f 805/805/805 777/777/777 645/645/645
f 803/803/803 680/680/680 681/681/681
f 803/803/803 681/681/681 808/808/808
f 314/314/314 330/330/330 680/680/680
f 314/314/314 680/680/680 664/664/664
f 315/315/315 665/665/665 645/645/645
f 315/315/315 645/645/645 295/295/295
f 315/315/315 85/85/85 113/113/113
f 315/315/315 295/295/295 85/85/85
f 778/778/778 776/776/776 804/804/804
f 778/778/778 804/804/804 806/806/806
f 666/666/666 779/779/779 807/807/807
f 666/666/666 646/646/646 779/779/779
f 667/667/667 681/681/681 331/331/331
f 667/667/667 331/331/331 317/317/317
f 666/666/666 316/316/316 296/296/296
f 666/666/666 296/296/296 646/646/646
f 281/281/281 89/89/89 85/85/85
f 281/281/281 85/85/85 280/280/280
f 630/630/630 294/294/294 644/644/644
f 630/630/630 280/280/280 294/294/294
f 631/631/631 777/777/777 780/780/780
f 631/631/631 630/630/630 777/777/777
f 631/631/631 647/647/647 297/297/297
f 631/631/631 297/297/297 281/281/281
f 631/631/631 281/281/281 280/280/280
f 631/631/631 280/280/280 630/630/630
f 282/282/282 90/90/90 298/298/298
f 321/321/321 333/333/333 123/123/123
f 809/809/809 668/668/668 682/682/682
f 318/318/318 118/118/118 332/332/332
f 671/671/671 814/814/814 683/683/683
f 283/283/283 301/301/301 94/94/94
f 632/632/632 648/648/648 782/782/782
f 633/633/633 785/785/785 651/651/651
f 120/120/120 91/91/91 93/93/93
f 120/120/120 93/93/93 122/122/122
f 333/333/333 683/683/683 682/682/682
f 333/333/333 682/682/682 332/332/332
f 333/333/333 118/118/118 123/123/123
f 333/333/333 332/332/332 118/118/118
f 320/320/320 121/121/121 92/92/92
f 320/320/320 92/92/92 300/300/300
f 811/811/811 649/649/649 669/669/669
f 811/811/811 782/782/782 649/649/649
f 809/809/809 682/682/682 683/683/683
f 809/809/809 683/683/683 814/814/814
f 318/318/318 332/332/332 682/682/682
f 318/318/318 682/682/682 668/668/668
f 319/319/319 669/669/669 649/649/649
f 319/319/319 649/649/649 299/299/299
f 319/319/319 90/90/90 119/119/119
f 319/319/319 299/299/299 90/90/90
f 783/783/783 781/781/781 810/810/810
f 783/783/783 810/810/810 812/812/812
f 670/670/670 784/784/784 813/813/813
f 670/670/670 650/650/650 784/784/784
f 671/671/671 683/683/683 333/333/333
f 671/671/671 333/333/333 321/321/321
f 670/670/670 320/320/320 300/300/300
f 670/670/670 300/300/300 650/650/650
f 283/283/283 94/94/94 90/90/90
f 283/283/283 90/90/90 282/282/282
f 632/632/632 298/298/298 648/648/648
f 632/632/632 282/282/282 298/298/298
f 633/633/633 782/782/782 785/785/785
f 633/633/633 632/632/632 782/782/782
f 633/633/633 651/651/651 301/301/301
f 633/633/633 301/301/301 283/283/283
f 633/633/633 283/283/283 282/282/282
f 633/633/633 282/282/282 632/632/632
f 284/284/284 95/95/95 302/302/302
f 325/325/325 335/335/335 129/129/129
f 815/815/815 672/672/672 684/684/684
f 322/322/322 124/124/124 334/334/334
f 675/675/675 820/820/820 685/685/685
f 285/285/285 305/305/305 99/99/99
f 634/634/634 652/652/652 787/787/787
f 635/635/635 790/790/790 655/655/655
f 126/126/126 96/96/96 98/98/98
f 126/126/126 98/98/98 128/128/128
f 335/335/335 685/685/685 684/684/684
f 335/335/335 684/684/684 334/334/334
f 335/335/335 124/124/124 129/129/129
f 335/335/335 334/334/334 124/124/124
f 324/324/324 127/127/127 97/97/97
f 324/324/324 97/97/97 304/304/304
f 817/817/817 653/653/653 673/673/673
f 817/817/817 787/787/787 653/653/653
f 815/815/815 684/684/684 685/685/685
f 815/815/815 685/685/685 820/820/820
f 322/322/322 334/334/334 684/684/684
f 322/322/322 684/684/684 672/672/672
f 323/323/323 673/673/673 653/653/653
f 323/323/323 653/653/653 303/303/303
f 323/323/323 95/95/95 125/125/125
f 323/323/323 303/303/303 95/95/95
f 788/788/788 786/786/786 816/816/816
f 788/788/788 816/816/816 818/818/818
f 674/674/674 789/789/789 819/819/819
f 674/674/674 654/654/654 789/789/789
f 675/675/675 685/685/685 335/335/335
f 675/675/675 335/335/335 325/325/325
f 674/674/674 324/324/324 304/304/304
f 674/674/674 304/304/304 654/654/654
f 285/285/285 99/99/99 95/95/95
f 285/285/285 95/95/95 284/284/284
f 634/634/634 302/302/302 652/652/652
f 634/634/634 284/284/284 302/302/302
f 635/635/635 787/787/787 790/790/790
f 635/635/635 634/634/634 787/787/787
f 635/635/635 655/655/655 305/305/305
f 635/635/635 305/305/305 285/285/285
f 635/635/635 285/285/285 284/284/284
f 635/635/635 284/284/284 634/634/634
f 336/336/336 67/67/67 340/340/340
f 352/352/352 361/361/361 198/198/198
f 452/452/452 464/464/464 476/476/476
f 465/465/465 456/456/456 478/478/478
f 337/337/337 343/343/343 69/69/69
f 348/348/348 196/196/196 360/360/360
f 436/436/436 441/441/441 469/469/469
f 437/437/437 471/471/471 445/445/445
f 197/197/197 68/68/68 70/70/70
f 197/197/197 70/70/70 199/199/199
f 361/361/361 196/196/196 198/198/198
f 361/361/361 360/360/360 196/196/196
f 470/470/470 477/477/477 479/479/479
f 470/470/470 468/468/468 477/477/477
f 457/457/457 444/444/444 470/470/470
f 457/457/457 470/470/470 479/479/479
f 353/353/353 199/199/199 70/70/70
f 353/353/353 70/70/70 343/343/343
f 351/351/351 443/443/443 455/455/455
f 351/351/351 342/342/342 443/443/443
f 453/453/453 477/477/477 468/468/468
f 453/453/453 468/468/468 440/440/440
f 465/465/465 352/352/352 456/456/456
f 465/465/465 361/361/361 352/352/352
f 465/465/465 360/360/360 361/361/361
f 465/465/465 464/464/464 360/360/360
f 465/465/465 478/478/478 476/476/476
f 465/465/465 476/476/476 464/464/464
f 337/337/337 69/69/69 67/67/67
f 337/337/337 67/67/67 336/336/336
f 348/348/348 360/360/360 464/464/464
f 348/348/348 464/464/464 452/452/452
f 349/349/349 68/68/68 197/197/197
f 349/349/349 340/340/340 68/68/68
f 350/350/350 454/454/454 442/442/442
f 350/350/350 442/442/442 341/341/341
f 436/436/436 340/340/340 441/441/441
f 436/436/436 336/336/336 340/340/340
f 437/437/437 445/445/445 343/343/343
f 437/437/437 343/343/343 337/337/337
f 437/437/437 337/337/337 336/336/336
f 437/437/437 336/336/336 436/436/436
f 437/437/437 469/469/469 471/471/471
f 437/437/437 436/436/436 469/469/469
f 338/338/338 71/71/71 344/344/344
f 358/358/358 363/363/363 202/202/202
f 458/458/458 466/466/466 480/480/480
f 467/467/467 462/462/462 482/482/482
f 339/339/339 347/347/347 73/73/73
f 354/354/354 200/200/200 362/362/362
f 438/438/438 447/447/447 473/473/473
f 439/439/439 475/475/475 451/451/451
f 201/201/201 72/72/72 74/74/74
f 201/201/201 74/74/74 203/203/203
f 363/363/363 200/200/200 202/202/202
f 363/363/363 362/362/362 200/200/200
f 474/474/474 481/481/481 483/483/483
f 474/474/474 472/472/472 481/481/481
f 463/463/463 450/450/450 474/474/474
f 463/463/463 474/474/474 483/483/483
f 359/359/359 203/203/203 74/74/74
f 359/359/359 74/74/74 347/347/347
f 357/357/357 449/449/449 461/461/461
f 357/357/357 346/346/346 449/449/449
f 459/459/459 481/481/481 472/472/472
f 459/459/459 472/472/472 446/446/446
f 467/467/467 358/358/358 462/462/462
f 467/467/467 363/363/363 358/358/358
f 467/467/467 362/362/362 363/363/363
f 467/467/467 466/466/466 362/362/362
f 467/467/467 482/482/482 480/480/480
f 467/467/467 480/480/480 466/466/466
f 339/339/339 73/73/73 71/71/71
f 339/339/339 71/71/71 338/338/338
f 354/354/354 362/362/362 466/466/466
f 354/354/354 466/466/466 458/458/458
f 355/355/355 72/72/72 201/201/201
f 355/355/355 344/344/344 72/72/72
f 356/356/356 460/460/460 448/448/448
f 356/356/356 448/448/448 345/345/345
f 438/438/438 344/344/344 447/447/447
f 438/438/438 338/338/338 344/344/344
f 439/439/439 451/451/451 347/347/347
f 439/439/439 347/347/347 339/339/339
f 439/439/439 339/339/339 338/338/338
f 439/439/439 338/338/338 438/438/438
f 439/439/439 473/473/473 475/475/475
f 439/439/439 438/438/438 473/473/473
f 500/500/500 484/484/484 504/504/504
f 516/516/516 525/525/525 494/494/494
f 610/610/610 622/622/622 887/887/887
f 623/623/623 614/614/614 889/889/889
f 501/501/501 507/507/507 486/486/486
f 512/512/512 492/492/492 524/524/524
f 594/594/594 599/599/599 759/759/759
f 595/595/595 761/761/761 603/603/603
f 493/493/493 485/485/485 487/487/487
f 493/493/493 487/487/487 495/495/495
f 525/525/525 492/492/492 494/494/494
f 525/525/525 524/524/524 492/492/492
f 760/760/760 888/888/888 890/890/890
f 760/760/760 758/758/758 888/888/888
f 615/615/615 602/602/602 760/760/760
f 615/615/615 760/760/760 890/890/890
f 517/517/517 495/495/495 487/487/487
f 517/517/517 487/487/487 507/507/507
f 515/515/515 601/601/601 613/613/613
f 515/515/515 506/506/506 601/601/601
f 611/611/611 888/888/888 758/758/758
f 611/611/611 758/758/758 598/598/598
f 623/623/623 516/516/516 614/614/614
f 623/623/623 525/525/525 516/516/516
f 623/623/623 524/524/524 525/525/525
f 623/623/623 622/622/622 524/524/524
f 623/623/623 889/889/889 887/887/887
f 623/623/623 887/887/887 622/622/622
f 501/501/501 486/486/486 484/484/484
f 501/501/501 484/484/484 500/500/500
f 512/512/512 524/524/524 622/622/622
f 512/512/512 622/622/622 610/610/610
f 513/513/513 485/485/485 493/493/493
f 513/513/513 504/504/504 485/485/485
f 514/514/514 612/612/612 600/600/600
f 514/514/514 600/600/600 505/505/505
f 594/594/594 504/504/504 599/599/599
f 594/594/594 500/500/500 504/504/504
f 595/595/595 603/603/603 507/507/507
f 595/595/595 507/507/507 501/501/501
f 595/595/595 501/501/501 500/500/500
f 595/595/595 500/500/500 594/594/594
f 595/595/595 759/759/759 761/761/761
f 595/595/595 594/594/594 759/759/759
f 502/502/502 488/488/488 508/508/508
f 522/522/522 527/527/527 498/498/498
f 616/616/616 624/624/624 891/891/891
f 625/625/625 620/620/620 893/893/893
f 503/503/503 511/511/511 490/490/490
f 518/518/518 496/496/496 526/526/526
f 596/596/596 605/605/605 763/763/763
f 597/597/597 765/765/765 609/609/609
f 497/497/497 489/489/489 491/491/491
f 497/497/497 491/491/491 499/499/499
f 527/527/527 496/496/496 498/498/498
f 527/527/527 526/526/526 496/496/496
f 764/764/764 892/892/892 894/894/894
f 764/764/764 762/762/762 892/892/892
f 621/621/621 608/608/608 764/764/764
f 621/621/621 764/764/764 894/894/894
f 523/523/523 499/499/499 491/491/491
f 523/523/523 491/491/491 511/511/511
f 521/521/521 607/607/607 619/619/619
f 521/521/521 510/510/510 607/607/607
f 617/617/617 892/892/892 762/762/762
f 617/617/617 762/762/762 604/604/604
f 625/625/625 522/522/522 620/620/620
f 625/625/625 527/527/527 522/522/522
f 625/625/625 526/526/526 527/527/527
f 625/625/625 624/624/624 526/526/526
f 625/625/625 893/893/893 891/891/891
f 625/625/625 891/891/891 624/624/624
f 503/503/503 490/490/490 488/488/488
f 503/503/503 488/488/488 502/502/502
f 518/518/518 526/526/526 624/624/624
f 518/518/518 624/624/624 616/616/616
f 519/519/519 489/489/489 497/497/497
f 519/519/519 508/508/508 489/489/489
f 520/520/520 618/618/618 606/606/606
f 520/520/520 606/606/606 509/509/509
f 596/596/596 508/508/508 605/605/605
f 596/596/596 502/502/502 508/508/508
f 597/597/597 609/609/609 511/511/511
f 597/597/597 511/511/511 503/503/503
f 597/597/597 503/503/503 502/502/502
f 597/597/597 502/502/502 596/596/596
f 597/597/597 763/763/763 765/765/765
f 597/597/597 596/596/596 763/763/763
f 204/204/204 130/130/130 208/208/208
f 707/707/707 700/700/700 835/835/835
f 218/218/218 225/225/225 143/143/143
f 832/832/832 698/698/698 706/706/706
f 216/216/216 140/140/140 224/224/224
f 205/205/205 211/211/211 133/133/133
f 686/686/686 690/690/690 822/822/822
f 687/687/687 825/825/825 693/693/693
f 141/141/141 131/131/131 134/134/134
f 141/141/141 134/134/134 144/144/144
f 225/225/225 140/140/140 143/143/143
f 225/225/225 224/224/224 140/140/140
f 707/707/707 224/224/224 225/225/225
f 707/707/707 706/706/706 224/224/224
f 219/219/219 145/145/145 132/132/132
f 219/219/219 132/132/132 210/210/210
f 219/219/219 210/210/210 692/692/692
f 219/219/219 692/692/692 701/701/701
f 218/218/218 707/707/707 225/225/225
f 218/218/218 700/700/700 707/707/707
f 823/823/823 701/701/701 692/692/692
f 823/823/823 836/836/836 701/701/701
f 831/831/831 834/834/834 824/824/824
f 831/831/831 824/824/824 821/821/821
f 833/833/833 822/822/822 691/691/691
f 833/833/833 691/691/691 699/699/699
f 832/832/832 706/706/706 707/707/707
f 832/832/832 707/707/707 835/835/835
f 216/216/216 224/224/224 706/706/706
f 216/216/216 706/706/706 698/698/698
f 217/217/217 699/699/699 691/691/691
f 217/217/217 691/691/691 209/209/209
f 217/217/217 130/130/130 142/142/142
f 217/217/217 209/209/209 130/130/130
f 205/205/205 133/133/133 130/130/130
f 205/205/205 130/130/130 204/204/204
f 686/686/686 208/208/208 690/690/690
f 686/686/686 204/204/204 208/208/208
f 687/687/687 822/822/822 825/825/825
f 687/687/687 686/686/686 822/822/822
f 687/687/687 693/693/693 211/211/211
f 687/687/687 211/211/211 205/205/205
f 687/687/687 205/205/205 204/204/204
f 687/687/687 204/204/204 686/686/686
f 206/206/206 135/135/135 212/212/212
f 709/709/709 704/704/704 841/841/841
f 222/222/222 227/227/227 149/149/149
f 838/838/838 702/702/702 708/708/708
f 220/220/220 146/146/146 226/226/226
f 207/207/207 215/215/215 138/138/138
f 688/688/688 694/694/694 827/827/827
f 689/689/689 830/830/830 697/697/697
f 147/147/147 136/136/136 139/139/139
f 147/147/147 139/139/139 150/150/150
f 227/227/227 146/146/146 149/149/149
f 227/227/227 226/226/226 146/146/146
f 709/709/709 226/226/226 227/227/227
f 709/709/709 708/708/708 226/226/226
f 223/223/223 151/151/151 137/137/137
f 223/223/223 137/137/137 214/214/214
f 223/223/223 214/214/214 696/696/696
f 223/223/223 696/696/696 705/705/705
f 222/222/222 709/709/709 227/227/227
f 222/222/222 704/704/704 709/709/709
f 828/828/828 705/705/705 696/696/696
f 828/828/828 842/842/842 705/705/705
f 837/837/837 840/840/840 829/829/829
f 837/837/837 829/829/829 826/826/826
f 839/839/839 827/827/827 695/695/695
f 839/839/839 695/695/695 703/703/703
f 838/838/838 708/708/708 709/709/709
f 838/838/838 709/709/709 841/841/841
f 220/220/220 226/226/226 708/708/708
f 220/220/220 708/708/708 702/702/702
f 221/221/221 703/703/703 695/695/695
f 221/221/221 695/695/695 213/213/213
f 221/221/221 135/135/135 148/148/148
f 221/221/221 213/213/213 135/135/135
f 207/207/207 138/138/138 135/135/135
f 207/207/207 135/135/135 206/206/206
f 688/688/688 212/212/212 694/694/694
f 688/688/688 206/206/206 212/212/212
f 689/689/689 827/827/827 830/830/830
f 689/689/689 688/688/688 827/827/827
f 689/689/689 697/697/697 215/215/215
f 689/689/689 215/215/215 207/207/207
f 689/689/689 207/207/207 206/206/206
f 689/689/689 206/206/206 688/688/688
f 35/35/35 38/38/38 7/7/7
f 25/25/25 1/1/1 27/27/27
f 372/372/372 378/378/378 416/416/416
f 364/364/364 367/367/367 413/413/413
f 376/376/376 418/418/418 379/379/379
f 31/31/31 5/5/5 37/37/37
f 26/26/26 30/30/30 3/3/3
f 365/365/365 415/415/415 371/371/371
f 414/414/414 412/412/412 417/417/417
f 414/414/414 417/417/417 419/419/419
f 6/6/6 2/2/2 4/4/4
f 6/6/6 4/4/4 8/8/8
f 38/38/38 5/5/5 7/7/7
f 38/38/38 37/37/37 5/5/5
f 36/36/36 4/4/4 30/30/30
f 36/36/36 8/8/8 4/4/4
f 379/379/379 418/418/418 416/416/416
f 379/379/379 416/416/416 378/378/378
f 379/379/379 37/37/37 38/38/38
f 379/379/379 378/378/378 37/37/37
f 374/374/374 417/417/417 412/412/412
f 374/374/374 412/412/412 366/366/366
f 364/364/364 27/27/27 367/367/367
f 364/364/364 25/25/25 27/27/27
f 376/376/376 379/379/379 38/38/38
f 376/376/376 38/38/38 35/35/35
f 377/377/377 414/414/414 419/419/419
f 377/377/377 369/369/369 414/414/414
f 375/375/375 34/34/34 29/29/29
f 375/375/375 29/29/29 370/370/370
f 31/31/31 37/37/37 378/378/378
f 31/31/31 378/378/378 372/372/372
f 33/33/33 2/2/2 6/6/6
f 33/33/33 27/27/27 2/2/2
f 32/32/32 373/373/373 368/368/368
f 32/32/32 368/368/368 28/28/28
f 26/26/26 3/3/3 1/1/1
f 26/26/26 1/1/1 25/25/25
f 365/365/365 371/371/371 30/30/30
f 365/365/365 30/30/30 26/26/26
f 365/365/365 413/413/413 415/415/415
f 365/365/365 364/364/364 413/413/413
f 365/365/365 25/25/25 364/364/364
f 365/365/365 26/26/26 25/25/25
f 562/562/562 565/565/565 534/534/534
f 552/552/552 528/528/528 554/554/554
f 903/903/903 909/909/909 947/947/947
f 895/895/895 898/898/898 944/944/944
f 907/907/907 949/949/949 910/910/910
f 558/558/558 532/532/532 564/564/564
f 553/553/553 557/557/557 530/530/530
f 896/896/896 946/946/946 902/902/902
f 945/945/945 943/943/943 948/948/948
f 945/945/945 948/948/948 950/950/950
f 533/533/533 529/529/529 531/531/531
f 533/533/533 531/531/531 535/535/535
f 565/565/565 532/532/532 534/534/534
f 565/565/565 564/564/564 532/532/532
f 563/563/563 531/531/531 557/557/557
f 563/563/563 535/535/535 531/531/531
f 910/910/910 949/949/949 947/947/947
f 910/910/910 947/947/947 909/909/909
f 910/910/910 564/564/564 565/565/565
f 910/910/910 909/909/909 564/564/564
f 905/905/905 948/948/948 943/943/943
f 905/905/905 943/943/943 897/897/897
f 895/895/895 554/554/554 898/898/898
f 895/895/895 552/552/552 554/554/554
f 907/907/907 910/910/910 565/565/565
f 907/907/907 565/565/565 562/562/562
f 908/908/908 945/945/945 950/950/950
f 908/908/908 900/900/900 945/945/945
f 906/906/906 561/561/561 556/556/556
f 906/906/906 556/556/556 901/901/901
f 558/558/558 564/564/564 909/909/909
f 558/558/558 909/909/909 903/903/903
f 560/560/560 529/529/529 533/533/533
f 560/560/560 554/554/554 529/529/529
f 559/559/559 904/904/904 899/899/899
f 559/559/559 899/899/899 555/555/555
f 553/553/553 530/530/530 528/528/528
f 553/553/553 528/528/528 552/552/552
f 896/896/896 902/902/902 557/557/557
f 896/896/896 557/557/557 553/553/553
f 896/896/896 944/944/944 946/946/946
f 896/896/896 895/895/895 944/944/944
f 896/896/896 552/552/552 895/895/895
f 896/896/896 553/553/553 552/552/552
f 228/228/228 152/152/152 232/232/232
f 731/731/731 724/724/724 857/857/857
f 242/242/242 249/249/249 165/165/165
f 854/854/854 722/722/722 730/730/730
f 240/240/240 162/162/162 248/248/248
f 229/229/229 235/235/235 155/155/155
f 710/710/710 714/714/714 844/844/844
f 711/711/711 847/847/847 717/717/717
f 163/163/163 153/153/153 156/156/156
f 163/163/163 156/156/156 166/166/166
f 249/249/249 162/162/162 165/165/165
f 249/249/249 248/248/248 162/162/162
f 731/731/731 248/248/248 249/249/249
f 731/731/731 730/730/730 248/248/248
f 243/243/243 167/167/167 154/154/154
f 243/243/243 154/154/154 234/234/234
f 243/243/243 234/234/234 716/716/716
f 243/243/243 716/716/716 725/725/725
f 242/242/242 731/731/731 249/249/249
f 242/242/242 724/724/724 731/731/731
f 845/845/845 725/725/725 716/716/716
f 845/845/845 858/858/858 725/725/725
f 853/853/853 856/856/856 846/846/846
f 853/853/853 846/846/846 843/843/843
f 855/855/855 844/844/844 715/715/715
f 855/855/855 715/715/715 723/723/723
f 854/854/854 730/730/730 731/731/731
f 854/854/854 731/731/731 857/857/857
f 240/240/240 248/248/248 730/730/730
f 240/240/240 730/730/730 722/722/722
f 241/241/241 723/723/723 715/715/715
f 241/241/241 715/715/715 233/233/233
f 241/241/241 152/152/152 164/164/164
f 241/241/241 233/233/233 152/152/152
f 229/229/229 155/155/155 152/152/152
f 229/229/229 152/152/152 228/228/228
f 710/710/710 232/232/232 714/714/714
f 710/710/710 228/228/228 232/232/232
f 711/711/711 844/844/844 847/847/847
f 711/711/711 710/710/710 844/844/844
f 711/711/711 717/717/717 235/235/235
f 711/711/711 235/235/235 229/229/229
f 711/711/711 229/229/229 228/228/228
f 711/711/711 228/228/228 710/710/710
f 230/230/230 157/157/157 236/236/236
f 733/733/733 728/728/728 863/863/863
f 246/246/246 251/251/251 171/171/171
f 860/860/860 726/726/726 732/732/732
f 244/244/244 168/168/168 250/250/250
f 231/231/231 239/239/239 160/160/160
f 712/712/712 718/718/718 849/849/849
f 713/713/713 852/852/852 721/721/721
f 169/169/169 158/158/158 161/161/161
f 169/169/169 161/161/161 172/172/172
f 251/251/251 168/168/168 171/171/171
f 251/251/251 250/250/250 168/168/168
f 733/733/733 250/250/250 251/251/251
f 733/733/733 732/732/732 250/250/250
f 247/247/247 173/173/173 159/159/159
f 247/247/247 159/159/159 238/238/238
f 247/247/247 238/238/238 720/720/720
f 247/247/247 720/720/720 729/729/729
f 246/246/246 733/733/733 251/251/251
f 246/246/246 728/728/728 733/733/733
f 850/850/850 729/729/729 720/720/720
f 850/850/850 864/864/864 729/729/729
f 859/859/859 862/862/862 851/851/851
f 859/859/859 851/851/851 848/848/848
f 861/861/861 849/849/849 719/719/719
f 861/861/861 719/719/719 727/727/727
f 860/860/860 732/732/732 733/733/733
f 860/860/860 733/733/733 863/863/863
f 244/244/244 250/250/250 732/732/732
f 244/244/244 732/732/732 726/726/726
f 245/245/245 727/727/727 719/719/719
f 245/245/245 719/719/719 237/237/237
f 245/245/245 157/157/157 170/170/170
f 245/245/245 237/237/237 157/157/157
f 231/231/231 160/160/160 157/157/157
f 231/231/231 157/157/157 230/230/230
f 712/712/712 236/236/236 718/718/718
f 712/712/712 230/230/230 236/236/236
f 713/713/713 849/849/849 852/852/852
f 713/713/713 712/712/712 849/849/849
f 713/713/713 721/721/721 239/239/239
f 713/713/713 239/239/239 231/231/231
f 713/713/713 231/231/231 230/230/230
f 713/713/713 230/230/230 712/712/712
f 49/49/49 52/52/52 15/15/15
f 39/39/39 9/9/9 41/41/41
f 388/388/388 394/394/394 424/424/424
f 380/380/380 383/383/383 421/421/421
f 392/392/392 426/426/426 395/395/395
f 45/45/45 13/13/13 51/51/51
f 40/40/40 44/44/44 11/11/11
f 381/381/381 423/423/423 387/387/387
f 422/422/422 420/420/420 425/425/425
f 422/422/422 425/425/425 427/427/427
f 14/14/14 10/10/10 12/12/12
f 14/14/14 12/12/12 16/16/16
f 52/52/52 13/13/13 15/15/15
f 52/52/52 51/51/51 13/13/13
f 50/50/50 12/12/12 44/44/44
f 50/50/50 16/16/16 12/12/12
f 395/395/395 426/426/426 424/424/424
f 395/395/395 424/424/424 394/394/394
f 395/395/395 51/51/51 52/52/52
f 395/395/395 394/394/394 51/51/51
f 390/390/390 425/425/425 420/420/420
f 390/390/390 420/420/420 382/382/382
f 380/380/380 41/41/41 383/383/383
f 380/380/380 39/39/39 41/41/41
f 392/392/392 395/395/395 52/52/52
f 392/392/392 52/52/52 49/49/49
f 393/393/393 422/422/422 427/427/427
f 393/393/393 385/385/385 422/422/422
f 391/391/391 48/48/48 43/43/43
f 391/391/391 43/43/43 386/386/386
f 45/45/45 51/51/51 394/394/394
f 45/45/45 394/394/394 388/388/388
f 47/47/47 10/10/10 14/14/14
f 47/47/47 41/41/41 10/10/10
f 46/46/46 389/389/389 384/384/384
f 46/46/46 384/384/384 42/42/42
f 40/40/40 11/11/11 9/9/9
f 40/40/40 9/9/9 39/39/39
f 381/381/381 387/387/387 44/44/44
f 381/381/381 44/44/44 40/40/40
f 381/381/381 421/421/421 423/423/423
f 381/381/381 380/380/380 421/421/421
f 381/381/381 39/39/39 380/380/380
f 381/381/381 40/40/40 39/39/39
f 576/576/576 579/579/579 542/542/542
f 566/566/566 536/536/536 568/568/568
f 919/919/919 925/925/925 955/955/955
f 911/911/911 914/914/914 952/952/952
f 923/923/923 957/957/957 926/926/926
f 572/572/572 540/540/540 578/578/578
f 567/567/567 571/571/571 538/538/538
f 912/912/912 954/954/954 918/918/918
f 953/953/953 951/951/951 956/956/956
f 953/953/953 956/956/956 958/958/958
f 541/541/541 537/537/537 539/539/539
f 541/541/541 539/539/539 543/543/543
f 579/579/579 540/540/540 542/542/542
f 579/579/579 578/578/578 540/540/540
f 577/577/577 539/539/539 571/571/571
f 577/577/577 543/543/543 539/539/539
f 926/926/926 957/957/957 955/955/955
f 926/926/926 955/955/955 925/925/925
f 926/926/926 578/578/578 579/579/579
f 926/926/926 925/925/925 578/578/578
f 921/921/921 956/956/956 951/951/951
f 921/921/921 951/951/951 913/913/913
f 911/911/911 568/568/568 914/914/914
f 911/911/911 566/566/566 568/568/568
f 923/923/923 926/926/926 579/579/579
f 923/923/923 579/579/579 576/576/576
f 924/924/924 953/953/953 958/958/958
f 924/924/924 916/916/916 953/953/953
f 922/922/922 575/575/575 570/570/570
f 922/922/922 570/570/570 917/917/917
f 572/572/572 578/578/578 925/925/925
f 572/572/572 925/925/925 919/919/919
f 574/574/574 537/537/537 541/541/541
f 574/574/574 568/568/568 537/537/537
f 573/573/573 920/920/920 915/915/915
f 573/573/573 915/915/915 569/569/569
f 567/567/567 538/538/538 536/536/536
f 567/567/567 536/536/536 566/566/566
f 912/912/912 918/918/918 571/571/571
f 912/912/912 571/571/571 567/567/567
f 912/912/912 952/952/952 954/954/954
f 912/912/912 911/911/911 952/952/952
f 912/912/912 566/566/566 911/911/911
f 912/912/912 567/567/567 566/566/566
f 252/252/252 174/174/174 256/256/256
f 755/755/755 748/748/748 879/879/879
f 266/266/266 273/273/273 187/187/187
f 876/876/876 746/746/746 754/754/754
f 264/264/264 184/184/184 272/272/272
f 253/253/253 259/259/259 177/177/177
f 734/734/734 738/738/738 866/866/866
f 735/735/735 869/869/869 741/741/741
f 185/185/185 175/175/175 178/178/178
f 185/185/185 178/178/178 188/188/188
f 273/273/273 184/184/184 187/187/187
f 273/273/273 272/272/272 184/184/184
f 755/755/755 272/272/272 273/273/273
f 755/755/755 754/754/754 272/272/272
f 267/267/267 189/189/189 176/176/176
f 267/267/267 176/176/176 258/258/258
f 267/267/267 258/258/258 740/740/740
f 267/267/267 740/740/740 749/749/749
f 266/266/266 755/755/755 273/273/273
f 266/266/266 748/748/748 755/755/755
f 867/867/867 749/749/749 740/740/740
f 867/867/867 880/880/880 749/749/749
f 875/875/875 878/878/878 868/868/868
f 875/875/875 868/868/868 865/865/865
f 877/877/877 866/866/866 739/739/739
f 877/877/877 739/739/739 747/747/747
f 876/876/876 754/754/754 755/755/755
f 876/876/876 755/755/755 879/879/879
f 264/264/264 272/272/272 754/754/754
f 264/264/264 754/754/754 746/746/746
f 265/265/265 747/747/747 739/739/739
f 265/265/265 739/739/739 257/257/257
f 265/265/265 174/174/174 186/186/186
f 265/265/265 257/257/257 174/174/174
f 253/253/253 177/177/177 174/174/174
f 253/253/253 174/174/174 252/252/252
f 734/734/734 256/256/256 738/738/738
f 734/734/734 252/252/252 256/256/256
f 735/735/735 866/866/866 869/869/869
f 735/735/735 734/734/734 866/866/866
f 735/735/735 741/741/741 259/259/259
f 735/735/735 259/259/259 253/253/253
f 735/735/735 253/253/253 252/252/252
f 735/735/735 252/252/252 734/734/734
f 254/254/254 179/179/179 260/260/260
f 757/757/757 752/752/752 885/885/885
f 270/270/270 275/275/275 193/193/193
f 882/882/882 750/750/750 756/756/756
f 268/268/268 190/190/190 274/274/274
f 255/255/255 263/263/263 182/182/182
f 736/736/736 742/742/742 871/871/871
f 737/737/737 874/874/874 745/745/745
f 191/191/191 180/180/180 183/183/183
f 191/191/191 183/183/183 194/194/194
f 275/275/275 190/190/190 193/193/193
f 275/275/275 274/274/274 190/190/190
f 757/757/757 274/274/274 275/275/275
f 757/757/757 756/756/756 274/274/274
f 271/271/271 195/195/195 181/181/181
f 271/271/271 181/181/181 262/262/262
f 271/271/271 262/262/262 744/744/744
f 271/271/271 744/744/744 753/753/753
f 270/270/270 757/757/757 275/275/275
f 270/270/270 752/752/752 757/757/757
f 872/872/872 753/753/753 744/744/744
f 872/872/872 886/886/886 753/753/753
f 881/881/881 884/884/884 873/873/873
f 881/881/881 873/873/873 870/870/870
f 883/883/883 871/871/871 743/743/743
f 883/883/883 743/743/743 751/751/751
f 882/882/882 756/756/756 757/757/757
f 882/882/882 757/757/757 885/885/885
f 268/268/268 274/274/274 756/756/756
f 268/268/268 756/756/756 750/750/750
f 269/269/269 751/751/751 743/743/743
f 269/269/269 743/743/743 261/261/261
f 269/269/269 179/179/179 192/192/192
f 269/269/269 261/261/261 179/179/179
f 255/255/255 182/182/182 179/179/179
f 255/255/255 179/179/179 254/254/254
f 736/736/736 260/260/260 742/742/742
f 736/736/736 254/254/254 260/260/260
f 737/737/737 871/871/871 874/874/874
f 737/737/737 736/736/736 871/871/871
f 737/737/737 745/745/745 263/263/263
f 737/737/737 263/263/263 255/255/255
f 737/737/737 255/255/255 254/254/254
f 737/737/737 254/254/254 736/736/736
f 63/63/63 66/66/66 23/23/23
f 53/53/53 17/17/17 55/55/55
f 404/404/404 410/410/410 432/432/432
f 396/396/396 399/399/399 429/429/429
f 408/408/408 434/434/434 411/411/411
f 59/59/59 21/21/21 65/65/65
f 54/54/54 58/58/58 19/19/19
f 397/397/397 431/431/431 403/403/403
f 430/430/430 428/428/428 433/433/433
f 430/430/430 433/433/433 435/435/435
f 22/22/22 18/18/18 20/20/20
f 22/22/22 20/20/20 24/24/24
f 66/66/66 21/21/21 23/23/23
f 66/66/66 65/65/65 21/21/21
f 64/64/64 20/20/20 58/58/58
f 64/64/64 24/24/24 20/20/20
f 411/411/411 434/434/434 432/432/432
f 411/411/411 432/432/432 410/410/410
f 411/411/411 65/65/65 66/66/66
f 411/411/411 410/410/410 65/65/65
f 406/406/406 433/433/433 428/428/428
f 406/406/406 428/428/428 398/398/398
f 396/396/396 55/55/55 399/399/399
f 396/396/396 53/53/53 55/55/55
f 408/408/408 411/411/411 66/66/66
f 408/408/408 66/66/66 63/63/63
f 409/409/409 430/430/430 435/435/435
f 409/409/409 401/401/401 430/430/430
f 407/407/407 62/62/62 57/57/57
f 407/407/407 57/57/57 402/402/402
f 59/59/59 65/65/65 410/410/410
f 59/59/59 410/410/410 404/404/404
f 61/61/61 18/18/18 22/22/22
f 61/61/61 55/55/55 18/18/18
f 60/60/60 405/405/405 400/400/400
f 60/60/60 400/400/400 56/56/56
f 54/54/54 19/19/19 17/17/17
f 54/54/54 17/17/17 53/53/53
f 397/397/397 403/403/403 58/58/58
f 397/397/397 58/58/58 54/54/54
f 397/397/397 429/429/429 431/431/431
f 397/397/397 396/396/396 429/429/429
f 397/397/397 53/53/53 396/396/396
f 397/397/397 54/54/54 53/53/53
f 590/590/590 593/593/593 550/550/550
f 580/580/580 544/544/544 582/582/582
f 935/935/935 941/941/941 963/963/963
f 927/927/927 930/930/930 960/960/960
f 939/939/939 965/965/965 942/942/942
f 586/586/586 548/548/548 592/592/592
f 581/581/581 585/585/585 546/546/546
f 928/928/928 962/962/962 934/934/934
f 961/961/961 959/959/959 964/964/964
f 961/961/961 964/964/964 966/966/966
f 549/549/549 545/545/545 547/547/547
f 549/549/549 547/547/547 551/551/551
f 593/593/593 548/548/548 550/550/550
f 593/593/593 592/592/592 548/548/548
f 591/591/591 547/547/547 585/585/585
f 591/591/591 551/551/551 547/547/547
f 942/942/942 965/965/965 963/963/963
f 942/942/942 963/963/963 941/941/941
f 942/942/942 592/592/592 593/593/593
f 942/942/942 941/941/941 592/592/592
f 937/937/937 964/964/964 959/959/959
f 937/937/937 959/959/959 929/929/929
f 927/927/927 582/582/582 930/930/930
f 927/927/927 580/580/580 582/582/582
f 939/939/939 942/942/942 593/593/593
f 939/939/939 593/593/593 590/590/590
f 940/940/940 961/961/961 966/966/966
f 940/940/940 932/932/932 961/961/961
f 938/938/938 589/589/589 584/584/584
f 938/938/938 584/584/584 933/933/933
f 586/586/586 592/592/592 941/941/941
f 586/586/586 941/941/941 935/935/935
f 588/588/588 545/545/545 549/549/549
f 588/588/588 582/582/582 545/545/545
f 587/587/587 936/936/936 931/931/931
f 587/587/587 931/931/931 583/583/583
f 581/581/581 546/546/546 544/544/544
f 581/581/581 544/544/544 580/580/580
f 928/928/928 934/934/934 585/585/585
f 928/928/928 585/585/585 581/581/581
f 928/928/928 960/960/960 962/962/962
f 928/928/928 927/927/927 960/960/960
f 928/928/928 580/580/580 927/927/927
f 928/928/928 581/581/581 580/580/580
