# metres; Y up; ground-centred pivot
mtllib 20_Tablones_Apilados.mtl
v -0.8000000 0.0582500 -0.2942500
v -0.8000000 0.0582500 -0.2942500
v -0.8000000 0.0582500 -0.1857500
v -0.8000000 0.0582500 -0.1857500
v -0.8000000 0.0582500 -0.1857500
v -0.8000000 0.0582500 -0.1342500
v -0.8000000 0.0582500 -0.1342500
v -0.8000000 0.0582500 -0.0257500
v -0.8000000 0.0582500 -0.0257500
v -0.8000000 0.0582500 -0.0257500
v -0.8000000 0.0582500 0.0257500
v -0.8000000 0.0582500 0.0257500
v -0.8000000 0.0582500 0.1342500
v -0.8000000 0.0582500 0.1342500
v -0.8000000 0.0582500 0.1342500
v -0.8000000 0.0582500 0.1857500
v -0.8000000 0.0582500 0.1857500
v -0.8000000 0.0582500 0.2942500
v -0.8000000 0.0582500 0.2942500
v -0.8000000 0.0582500 0.2942500
v -0.8000000 0.1017500 -0.2942500
v -0.8000000 0.1017500 -0.2942500
v -0.8000000 0.1017500 -0.2942500
v -0.8000000 0.1017500 -0.1857500
v -0.8000000 0.1017500 -0.1857500
v -0.8000000 0.1017500 -0.1857500
v -0.8000000 0.1017500 -0.1342500
v -0.8000000 0.1017500 -0.1342500
v -0.8000000 0.1017500 -0.1342500
v -0.8000000 0.1017500 -0.0257500
v -0.8000000 0.1017500 -0.0257500
v -0.8000000 0.1017500 -0.0257500
v -0.8000000 0.1017500 0.0257500
v -0.8000000 0.1017500 0.0257500
v -0.8000000 0.1017500 0.0257500
v -0.8000000 0.1017500 0.1342500
v -0.8000000 0.1017500 0.1342500
v -0.8000000 0.1017500 0.1342500
v -0.8000000 0.1017500 0.1857500
v -0.8000000 0.1017500 0.1857500
v -0.8000000 0.1017500 0.1857500
v -0.8000000 0.1017500 0.2942500
v -0.8000000 0.1017500 0.2942500
v -0.8000000 0.1017500 0.2942500
v -0.8000000 0.2482500 -0.2942500
v -0.8000000 0.2482500 -0.2942500
v -0.8000000 0.2482500 -0.1857500
v -0.8000000 0.2482500 -0.1857500
v -0.8000000 0.2482500 -0.1857500
v -0.8000000 0.2482500 -0.1342500
v -0.8000000 0.2482500 -0.1342500
v -0.8000000 0.2482500 -0.0257500
v -0.8000000 0.2482500 -0.0257500
v -0.8000000 0.2482500 -0.0257500
v -0.8000000 0.2482500 0.0257500
v -0.8000000 0.2482500 0.0257500
v -0.8000000 0.2482500 0.1342500
v -0.8000000 0.2482500 0.1342500
v -0.8000000 0.2482500 0.1342500
v -0.8000000 0.2482500 0.1857500
v -0.8000000 0.2482500 0.1857500
v -0.8000000 0.2482500 0.2942500
v -0.8000000 0.2482500 0.2942500
v -0.8000000 0.2482500 0.2942500
v -0.8000000 0.2917500 -0.2942500
v -0.8000000 0.2917500 -0.2942500
v -0.8000000 0.2917500 -0.2942500
v -0.8000000 0.2917500 -0.1857500
v -0.8000000 0.2917500 -0.1857500
v -0.8000000 0.2917500 -0.1857500
v -0.8000000 0.2917500 -0.1342500
v -0.8000000 0.2917500 -0.1342500
v -0.8000000 0.2917500 -0.1342500
v -0.8000000 0.2917500 -0.0257500
v -0.8000000 0.2917500 -0.0257500
v -0.8000000 0.2917500 -0.0257500
v -0.8000000 0.2917500 0.0257500
v -0.8000000 0.2917500 0.0257500
v -0.8000000 0.2917500 0.0257500
v -0.8000000 0.2917500 0.1342500
v -0.8000000 0.2917500 0.1342500
v -0.8000000 0.2917500 0.1342500
v -0.8000000 0.2917500 0.1857500
v -0.8000000 0.2917500 0.1857500
v -0.8000000 0.2917500 0.1857500
v -0.8000000 0.2917500 0.2942500
v -0.8000000 0.2917500 0.2942500
v -0.8000000 0.2917500 0.2942500
v -0.7842500 0.0425000 -0.2942500
v -0.7842500 0.0425000 -0.1857500
v -0.7842500 0.0425000 -0.1342500
v -0.7842500 0.0425000 -0.0257500
v -0.7842500 0.0425000 0.0257500
v -0.7842500 0.0425000 0.1342500
v -0.7842500 0.0425000 0.1857500
v -0.7842500 0.0425000 0.2942500
v -0.7842500 0.0582500 -0.3100000
v -0.7842500 0.0582500 -0.3100000
v -0.7842500 0.0582500 -0.1700000
v -0.7842500 0.0582500 -0.1700000
v -0.7842500 0.0582500 -0.1500000
v -0.7842500 0.0582500 -0.1500000
v -0.7842500 0.0582500 -0.0100000
v -0.7842500 0.0582500 -0.0100000
v -0.7842500 0.0582500 0.0100000
v -0.7842500 0.0582500 0.0100000
v -0.7842500 0.0582500 0.1500000
v -0.7842500 0.0582500 0.1500000
v -0.7842500 0.0582500 0.1700000
v -0.7842500 0.0582500 0.1700000
v -0.7842500 0.0582500 0.3100000
v -0.7842500 0.0582500 0.3100000
v -0.7842500 0.1017500 -0.3100000
v -0.7842500 0.1017500 -0.3100000
v -0.7842500 0.1017500 -0.1700000
v -0.7842500 0.1017500 -0.1700000
v -0.7842500 0.1017500 -0.1500000
v -0.7842500 0.1017500 -0.1500000
v -0.7842500 0.1017500 -0.0100000
v -0.7842500 0.1017500 -0.0100000
v -0.7842500 0.1017500 0.0100000
v -0.7842500 0.1017500 0.0100000
v -0.7842500 0.1017500 0.1500000
v -0.7842500 0.1017500 0.1500000
v -0.7842500 0.1017500 0.1700000
v -0.7842500 0.1017500 0.1700000
v -0.7842500 0.1017500 0.3100000
v -0.7842500 0.1017500 0.3100000
v -0.7842500 0.1175000 -0.2942500
v -0.7842500 0.1175000 -0.1857500
v -0.7842500 0.1175000 -0.1342500
v -0.7842500 0.1175000 -0.0257500
v -0.7842500 0.1175000 0.0257500
v -0.7842500 0.1175000 0.1342500
v -0.7842500 0.1175000 0.1857500
v -0.7842500 0.1175000 0.2942500
v -0.7842500 0.2325000 -0.2942500
v -0.7842500 0.2325000 -0.1857500
v -0.7842500 0.2325000 -0.1342500
v -0.7842500 0.2325000 -0.0257500
v -0.7842500 0.2325000 0.0257500
v -0.7842500 0.2325000 0.1342500
v -0.7842500 0.2325000 0.1857500
v -0.7842500 0.2325000 0.2942500
v -0.7842500 0.2482500 -0.3100000
v -0.7842500 0.2482500 -0.3100000
v -0.7842500 0.2482500 -0.1700000
v -0.7842500 0.2482500 -0.1700000
v -0.7842500 0.2482500 -0.1500000
v -0.7842500 0.2482500 -0.1500000
v -0.7842500 0.2482500 -0.0100000
v -0.7842500 0.2482500 -0.0100000
v -0.7842500 0.2482500 0.0100000
v -0.7842500 0.2482500 0.0100000
v -0.7842500 0.2482500 0.1500000
v -0.7842500 0.2482500 0.1500000
v -0.7842500 0.2482500 0.1700000
v -0.7842500 0.2482500 0.1700000
v -0.7842500 0.2482500 0.3100000
v -0.7842500 0.2482500 0.3100000
v -0.7842500 0.2917500 -0.3100000
v -0.7842500 0.2917500 -0.3100000
v -0.7842500 0.2917500 -0.1700000
v -0.7842500 0.2917500 -0.1700000
v -0.7842500 0.2917500 -0.1500000
v -0.7842500 0.2917500 -0.1500000
v -0.7842500 0.2917500 -0.0100000
v -0.7842500 0.2917500 -0.0100000
v -0.7842500 0.2917500 0.0100000
v -0.7842500 0.2917500 0.0100000
v -0.7842500 0.2917500 0.1500000
v -0.7842500 0.2917500 0.1500000
v -0.7842500 0.2917500 0.1700000
v -0.7842500 0.2917500 0.1700000
v -0.7842500 0.2917500 0.3100000
v -0.7842500 0.2917500 0.3100000
v -0.7842500 0.3075000 -0.2942500
v -0.7842500 0.3075000 -0.1857500
v -0.7842500 0.3075000 -0.1342500
v -0.7842500 0.3075000 -0.0257500
v -0.7842500 0.3075000 0.0257500
v -0.7842500 0.3075000 0.1342500
v -0.7842500 0.3075000 0.1857500
v -0.7842500 0.3075000 0.2942500
v -0.7200000 0.1532500 -0.2942500
v -0.7200000 0.1532500 -0.2942500
v -0.7200000 0.1532500 -0.1857500
v -0.7200000 0.1532500 -0.1857500
v -0.7200000 0.1532500 -0.1857500
v -0.7200000 0.1532500 -0.1342500
v -0.7200000 0.1532500 -0.1342500
v -0.7200000 0.1532500 -0.0257500
v -0.7200000 0.1532500 -0.0257500
v -0.7200000 0.1532500 -0.0257500
v -0.7200000 0.1532500 0.0257500
v -0.7200000 0.1532500 0.0257500
v -0.7200000 0.1532500 0.1342500
v -0.7200000 0.1532500 0.1342500
v -0.7200000 0.1532500 0.1342500
v -0.7200000 0.1532500 0.1857500
v -0.7200000 0.1532500 0.1857500
v -0.7200000 0.1532500 0.2942500
v -0.7200000 0.1532500 0.2942500
v -0.7200000 0.1532500 0.2942500
v -0.7200000 0.1967500 -0.2942500
v -0.7200000 0.1967500 -0.2942500
v -0.7200000 0.1967500 -0.2942500
v -0.7200000 0.1967500 -0.1857500
v -0.7200000 0.1967500 -0.1857500
v -0.7200000 0.1967500 -0.1857500
v -0.7200000 0.1967500 -0.1342500
v -0.7200000 0.1967500 -0.1342500
v -0.7200000 0.1967500 -0.1342500
v -0.7200000 0.1967500 -0.0257500
v -0.7200000 0.1967500 -0.0257500
v -0.7200000 0.1967500 -0.0257500
v -0.7200000 0.1967500 0.0257500
v -0.7200000 0.1967500 0.0257500
v -0.7200000 0.1967500 0.0257500
v -0.7200000 0.1967500 0.1342500
v -0.7200000 0.1967500 0.1342500
v -0.7200000 0.1967500 0.1342500
v -0.7200000 0.1967500 0.1857500
v -0.7200000 0.1967500 0.1857500
v -0.7200000 0.1967500 0.1857500
v -0.7200000 0.1967500 0.2942500
v -0.7200000 0.1967500 0.2942500
v -0.7200000 0.1967500 0.2942500
v -0.7200000 0.3432500 -0.2942500
v -0.7200000 0.3432500 -0.2942500
v -0.7200000 0.3432500 -0.1857500
v -0.7200000 0.3432500 -0.1857500
v -0.7200000 0.3432500 -0.1857500
v -0.7200000 0.3432500 -0.1342500
v -0.7200000 0.3432500 -0.1342500
v -0.7200000 0.3432500 -0.0257500
v -0.7200000 0.3432500 -0.0257500
v -0.7200000 0.3432500 -0.0257500
v -0.7200000 0.3432500 0.0257500
v -0.7200000 0.3432500 0.0257500
v -0.7200000 0.3432500 0.1342500
v -0.7200000 0.3432500 0.1342500
v -0.7200000 0.3432500 0.1342500
v -0.7200000 0.3432500 0.1857500
v -0.7200000 0.3432500 0.1857500
v -0.7200000 0.3432500 0.2942500
v -0.7200000 0.3432500 0.2942500
v -0.7200000 0.3432500 0.2942500
v -0.7200000 0.3867500 -0.2942500
v -0.7200000 0.3867500 -0.2942500
v -0.7200000 0.3867500 -0.2942500
v -0.7200000 0.3867500 -0.1857500
v -0.7200000 0.3867500 -0.1857500
v -0.7200000 0.3867500 -0.1857500
v -0.7200000 0.3867500 -0.1342500
v -0.7200000 0.3867500 -0.1342500
v -0.7200000 0.3867500 -0.1342500
v -0.7200000 0.3867500 -0.0257500
v -0.7200000 0.3867500 -0.0257500
v -0.7200000 0.3867500 -0.0257500
v -0.7200000 0.3867500 0.0257500
v -0.7200000 0.3867500 0.0257500
v -0.7200000 0.3867500 0.0257500
v -0.7200000 0.3867500 0.1342500
v -0.7200000 0.3867500 0.1342500
v -0.7200000 0.3867500 0.1342500
v -0.7200000 0.3867500 0.1857500
v -0.7200000 0.3867500 0.1857500
v -0.7200000 0.3867500 0.1857500
v -0.7200000 0.3867500 0.2942500
v -0.7200000 0.3867500 0.2942500
v -0.7200000 0.3867500 0.2942500
v -0.7042500 0.1375000 -0.2942500
v -0.7042500 0.1375000 -0.1857500
v -0.7042500 0.1375000 -0.1342500
v -0.7042500 0.1375000 -0.0257500
v -0.7042500 0.1375000 0.0257500
v -0.7042500 0.1375000 0.1342500
v -0.7042500 0.1375000 0.1857500
v -0.7042500 0.1375000 0.2942500
v -0.7042500 0.1532500 -0.3100000
v -0.7042500 0.1532500 -0.3100000
v -0.7042500 0.1532500 -0.1700000
v -0.7042500 0.1532500 -0.1700000
v -0.7042500 0.1532500 -0.1500000
v -0.7042500 0.1532500 -0.1500000
v -0.7042500 0.1532500 -0.0100000
v -0.7042500 0.1532500 -0.0100000
v -0.7042500 0.1532500 0.0100000
v -0.7042500 0.1532500 0.0100000
v -0.7042500 0.1532500 0.1500000
v -0.7042500 0.1532500 0.1500000
v -0.7042500 0.1532500 0.1700000
v -0.7042500 0.1532500 0.1700000
v -0.7042500 0.1532500 0.3100000
v -0.7042500 0.1532500 0.3100000
v -0.7042500 0.1967500 -0.3100000
v -0.7042500 0.1967500 -0.3100000
v -0.7042500 0.1967500 -0.1700000
v -0.7042500 0.1967500 -0.1700000
v -0.7042500 0.1967500 -0.1500000
v -0.7042500 0.1967500 -0.1500000
v -0.7042500 0.1967500 -0.0100000
v -0.7042500 0.1967500 -0.0100000
v -0.7042500 0.1967500 0.0100000
v -0.7042500 0.1967500 0.0100000
v -0.7042500 0.1967500 0.1500000
v -0.7042500 0.1967500 0.1500000
v -0.7042500 0.1967500 0.1700000
v -0.7042500 0.1967500 0.1700000
v -0.7042500 0.1967500 0.3100000
v -0.7042500 0.1967500 0.3100000
v -0.7042500 0.2125000 -0.2942500
v -0.7042500 0.2125000 -0.1857500
v -0.7042500 0.2125000 -0.1342500
v -0.7042500 0.2125000 -0.0257500
v -0.7042500 0.2125000 0.0257500
v -0.7042500 0.2125000 0.1342500
v -0.7042500 0.2125000 0.1857500
v -0.7042500 0.2125000 0.2942500
v -0.7042500 0.3275000 -0.2942500
v -0.7042500 0.3275000 -0.1857500
v -0.7042500 0.3275000 -0.1342500
v -0.7042500 0.3275000 -0.0257500
v -0.7042500 0.3275000 0.0257500
v -0.7042500 0.3275000 0.1342500
v -0.7042500 0.3275000 0.1857500
v -0.7042500 0.3275000 0.2942500
v -0.7042500 0.3432500 -0.3100000
v -0.7042500 0.3432500 -0.3100000
v -0.7042500 0.3432500 -0.1700000
v -0.7042500 0.3432500 -0.1700000
v -0.7042500 0.3432500 -0.1500000
v -0.7042500 0.3432500 -0.1500000
v -0.7042500 0.3432500 -0.0100000
v -0.7042500 0.3432500 -0.0100000
v -0.7042500 0.3432500 0.0100000
v -0.7042500 0.3432500 0.0100000
v -0.7042500 0.3432500 0.1500000
v -0.7042500 0.3432500 0.1500000
v -0.7042500 0.3432500 0.1700000
v -0.7042500 0.3432500 0.1700000
v -0.7042500 0.3432500 0.3100000
v -0.7042500 0.3432500 0.3100000
v -0.7042500 0.3867500 -0.3100000
v -0.7042500 0.3867500 -0.3100000
v -0.7042500 0.3867500 -0.1700000
v -0.7042500 0.3867500 -0.1700000
v -0.7042500 0.3867500 -0.1500000
v -0.7042500 0.3867500 -0.1500000
v -0.7042500 0.3867500 -0.0100000
v -0.7042500 0.3867500 -0.0100000
v -0.7042500 0.3867500 0.0100000
v -0.7042500 0.3867500 0.0100000
v -0.7042500 0.3867500 0.1500000
v -0.7042500 0.3867500 0.1500000
v -0.7042500 0.3867500 0.1700000
v -0.7042500 0.3867500 0.1700000
v -0.7042500 0.3867500 0.3100000
v -0.7042500 0.3867500 0.3100000
v -0.7042500 0.4025000 -0.2942500
v -0.7042500 0.4025000 -0.1857500
v -0.7042500 0.4025000 -0.1342500
v -0.7042500 0.4025000 -0.0257500
v -0.7042500 0.4025000 0.0257500
v -0.7042500 0.4025000 0.1342500
v -0.7042500 0.4025000 0.1857500
v -0.7042500 0.4025000 0.2942500
v -0.5850000 0.0120000 -0.3380000
v -0.5850000 0.0120000 0.3380000
v -0.5850000 0.0580000 -0.3380000
v -0.5850000 0.0580000 0.3380000
v -0.5730000 0.0000000 -0.3380000
v -0.5730000 0.0000000 -0.3380000
v -0.5730000 0.0000000 0.3380000
v -0.5730000 0.0000000 0.3380000
v -0.5730000 0.0120000 -0.3500000
v -0.5730000 0.0120000 -0.3500000
v -0.5730000 0.0120000 0.3500000
v -0.5730000 0.0120000 0.3500000
v -0.5730000 0.0580000 -0.3500000
v -0.5730000 0.0580000 -0.3500000
v -0.5730000 0.0580000 -0.3500000
v -0.5730000 0.0580000 0.3500000
v -0.5730000 0.0580000 0.3500000
v -0.5730000 0.0580000 0.3500000
v -0.5730000 0.0700000 -0.3380000
v -0.5730000 0.0700000 -0.3380000
v -0.5730000 0.0700000 0.3380000
v -0.5730000 0.0700000 0.3380000
v -0.4670000 0.0000000 -0.3380000
v -0.4670000 0.0000000 -0.3380000
v -0.4670000 0.0000000 0.3380000
v -0.4670000 0.0000000 0.3380000
v -0.4670000 0.0120000 -0.3500000
v -0.4670000 0.0120000 -0.3500000
v -0.4670000 0.0120000 -0.3500000
v -0.4670000 0.0120000 0.3500000
v -0.4670000 0.0120000 0.3500000
v -0.4670000 0.0120000 0.3500000
v -0.4670000 0.0580000 -0.3500000
v -0.4670000 0.0580000 -0.3500000
v -0.4670000 0.0580000 -0.3500000
v -0.4670000 0.0580000 0.3500000
v -0.4670000 0.0580000 0.3500000
v -0.4670000 0.0580000 0.3500000
v -0.4670000 0.0700000 -0.3380000
v -0.4670000 0.0700000 -0.3380000
v -0.4670000 0.0700000 0.3380000
v -0.4670000 0.0700000 0.3380000
v -0.4550000 0.0120000 -0.3380000
v -0.4550000 0.0120000 0.3380000
v -0.4550000 0.0580000 -0.3380000
v -0.4550000 0.0580000 0.3380000
v 0.4550000 0.0120000 -0.3380000
v 0.4550000 0.0120000 0.3380000
v 0.4550000 0.0580000 -0.3380000
v 0.4550000 0.0580000 0.3380000
v 0.4670000 0.0000000 -0.3380000
v 0.4670000 0.0000000 -0.3380000
v 0.4670000 0.0000000 0.3380000
v 0.4670000 0.0000000 0.3380000
v 0.4670000 0.0120000 -0.3500000
v 0.4670000 0.0120000 -0.3500000
v 0.4670000 0.0120000 0.3500000
v 0.4670000 0.0120000 0.3500000
v 0.4670000 0.0580000 -0.3500000
v 0.4670000 0.0580000 -0.3500000
v 0.4670000 0.0580000 -0.3500000
v 0.4670000 0.0580000 0.3500000
v 0.4670000 0.0580000 0.3500000
v 0.4670000 0.0580000 0.3500000
v 0.4670000 0.0700000 -0.3380000
v 0.4670000 0.0700000 -0.3380000
v 0.4670000 0.0700000 0.3380000
v 0.4670000 0.0700000 0.3380000
v 0.5730000 0.0000000 -0.3380000
v 0.5730000 0.0000000 -0.3380000
v 0.5730000 0.0000000 0.3380000
v 0.5730000 0.0000000 0.3380000
v 0.5730000 0.0120000 -0.3500000
v 0.5730000 0.0120000 -0.3500000
v 0.5730000 0.0120000 -0.3500000
v 0.5730000 0.0120000 0.3500000
v 0.5730000 0.0120000 0.3500000
v 0.5730000 0.0120000 0.3500000
v 0.5730000 0.0580000 -0.3500000
v 0.5730000 0.0580000 -0.3500000
v 0.5730000 0.0580000 -0.3500000
v 0.5730000 0.0580000 0.3500000
v 0.5730000 0.0580000 0.3500000
v 0.5730000 0.0580000 0.3500000
v 0.5730000 0.0700000 -0.3380000
v 0.5730000 0.0700000 -0.3380000
v 0.5730000 0.0700000 0.3380000
v 0.5730000 0.0700000 0.3380000
v 0.5850000 0.0120000 -0.3380000
v 0.5850000 0.0120000 0.3380000
v 0.5850000 0.0580000 -0.3380000
v 0.5850000 0.0580000 0.3380000
v 0.7842500 0.0425000 -0.2942500
v 0.7842500 0.0425000 -0.1857500
v 0.7842500 0.0425000 -0.1342500
v 0.7842500 0.0425000 -0.0257500
v 0.7842500 0.0425000 0.0257500
v 0.7842500 0.0425000 0.1342500
v 0.7842500 0.0425000 0.1857500
v 0.7842500 0.0425000 0.2942500
v 0.7842500 0.0582500 -0.3100000
v 0.7842500 0.0582500 -0.3100000
v 0.7842500 0.0582500 -0.1700000
v 0.7842500 0.0582500 -0.1700000
v 0.7842500 0.0582500 -0.1500000
v 0.7842500 0.0582500 -0.1500000
v 0.7842500 0.0582500 -0.0100000
v 0.7842500 0.0582500 -0.0100000
v 0.7842500 0.0582500 0.0100000
v 0.7842500 0.0582500 0.0100000
v 0.7842500 0.0582500 0.1500000
v 0.7842500 0.0582500 0.1500000
v 0.7842500 0.0582500 0.1700000
v 0.7842500 0.0582500 0.1700000
v 0.7842500 0.0582500 0.3100000
v 0.7842500 0.0582500 0.3100000
v 0.7842500 0.1017500 -0.3100000
v 0.7842500 0.1017500 -0.3100000
v 0.7842500 0.1017500 -0.1700000
v 0.7842500 0.1017500 -0.1700000
v 0.7842500 0.1017500 -0.1500000
v 0.7842500 0.1017500 -0.1500000
v 0.7842500 0.1017500 -0.0100000
v 0.7842500 0.1017500 -0.0100000
v 0.7842500 0.1017500 0.0100000
v 0.7842500 0.1017500 0.0100000
v 0.7842500 0.1017500 0.1500000
v 0.7842500 0.1017500 0.1500000
v 0.7842500 0.1017500 0.1700000
v 0.7842500 0.1017500 0.1700000
v 0.7842500 0.1017500 0.3100000
v 0.7842500 0.1017500 0.3100000
v 0.7842500 0.1175000 -0.2942500
v 0.7842500 0.1175000 -0.1857500
v 0.7842500 0.1175000 -0.1342500
v 0.7842500 0.1175000 -0.0257500
v 0.7842500 0.1175000 0.0257500
v 0.7842500 0.1175000 0.1342500
v 0.7842500 0.1175000 0.1857500
v 0.7842500 0.1175000 0.2942500
v 0.7842500 0.1375000 -0.2942500
v 0.7842500 0.1375000 -0.1857500
v 0.7842500 0.1375000 -0.1342500
v 0.7842500 0.1375000 -0.0257500
v 0.7842500 0.1375000 0.0257500
v 0.7842500 0.1375000 0.1342500
v 0.7842500 0.1375000 0.1857500
v 0.7842500 0.1375000 0.2942500
v 0.7842500 0.1532500 -0.3100000
v 0.7842500 0.1532500 -0.3100000
v 0.7842500 0.1532500 -0.1700000
v 0.7842500 0.1532500 -0.1700000
v 0.7842500 0.1532500 -0.1500000
v 0.7842500 0.1532500 -0.1500000
v 0.7842500 0.1532500 -0.0100000
v 0.7842500 0.1532500 -0.0100000
v 0.7842500 0.1532500 0.0100000
v 0.7842500 0.1532500 0.0100000
v 0.7842500 0.1532500 0.1500000
v 0.7842500 0.1532500 0.1500000
v 0.7842500 0.1532500 0.1700000
v 0.7842500 0.1532500 0.1700000
v 0.7842500 0.1532500 0.3100000
v 0.7842500 0.1532500 0.3100000
v 0.7842500 0.1967500 -0.3100000
v 0.7842500 0.1967500 -0.3100000
v 0.7842500 0.1967500 -0.1700000
v 0.7842500 0.1967500 -0.1700000
v 0.7842500 0.1967500 -0.1500000
v 0.7842500 0.1967500 -0.1500000
v 0.7842500 0.1967500 -0.0100000
v 0.7842500 0.1967500 -0.0100000
v 0.7842500 0.1967500 0.0100000
v 0.7842500 0.1967500 0.0100000
v 0.7842500 0.1967500 0.1500000
v 0.7842500 0.1967500 0.1500000
v 0.7842500 0.1967500 0.1700000
v 0.7842500 0.1967500 0.1700000
v 0.7842500 0.1967500 0.3100000
v 0.7842500 0.1967500 0.3100000
v 0.7842500 0.2125000 -0.2942500
v 0.7842500 0.2125000 -0.1857500
v 0.7842500 0.2125000 -0.1342500
v 0.7842500 0.2125000 -0.0257500
v 0.7842500 0.2125000 0.0257500
v 0.7842500 0.2125000 0.1342500
v 0.7842500 0.2125000 0.1857500
v 0.7842500 0.2125000 0.2942500
v 0.7842500 0.2325000 -0.2942500
v 0.7842500 0.2325000 -0.1857500
v 0.7842500 0.2325000 -0.1342500
v 0.7842500 0.2325000 -0.0257500
v 0.7842500 0.2325000 0.0257500
v 0.7842500 0.2325000 0.1342500
v 0.7842500 0.2325000 0.1857500
v 0.7842500 0.2325000 0.2942500
v 0.7842500 0.2482500 -0.3100000
v 0.7842500 0.2482500 -0.3100000
v 0.7842500 0.2482500 -0.1700000
v 0.7842500 0.2482500 -0.1700000
v 0.7842500 0.2482500 -0.1500000
v 0.7842500 0.2482500 -0.1500000
v 0.7842500 0.2482500 -0.0100000
v 0.7842500 0.2482500 -0.0100000
v 0.7842500 0.2482500 0.0100000
v 0.7842500 0.2482500 0.0100000
v 0.7842500 0.2482500 0.1500000
v 0.7842500 0.2482500 0.1500000
v 0.7842500 0.2482500 0.1700000
v 0.7842500 0.2482500 0.1700000
v 0.7842500 0.2482500 0.3100000
v 0.7842500 0.2482500 0.3100000
v 0.7842500 0.2917500 -0.3100000
v 0.7842500 0.2917500 -0.3100000
v 0.7842500 0.2917500 -0.1700000
v 0.7842500 0.2917500 -0.1700000
v 0.7842500 0.2917500 -0.1500000
v 0.7842500 0.2917500 -0.1500000
v 0.7842500 0.2917500 -0.0100000
v 0.7842500 0.2917500 -0.0100000
v 0.7842500 0.2917500 0.0100000
v 0.7842500 0.2917500 0.0100000
v 0.7842500 0.2917500 0.1500000
v 0.7842500 0.2917500 0.1500000
v 0.7842500 0.2917500 0.1700000
v 0.7842500 0.2917500 0.1700000
v 0.7842500 0.2917500 0.3100000
v 0.7842500 0.2917500 0.3100000
v 0.7842500 0.3075000 -0.2942500
v 0.7842500 0.3075000 -0.1857500
v 0.7842500 0.3075000 -0.1342500
v 0.7842500 0.3075000 -0.0257500
v 0.7842500 0.3075000 0.0257500
v 0.7842500 0.3075000 0.1342500
v 0.7842500 0.3075000 0.1857500
v 0.7842500 0.3075000 0.2942500
v 0.7842500 0.3275000 -0.2942500
v 0.7842500 0.3275000 -0.1857500
v 0.7842500 0.3275000 -0.1342500
v 0.7842500 0.3275000 -0.0257500
v 0.7842500 0.3275000 0.0257500
v 0.7842500 0.3275000 0.1342500
v 0.7842500 0.3275000 0.1857500
v 0.7842500 0.3275000 0.2942500
v 0.7842500 0.3432500 -0.3100000
v 0.7842500 0.3432500 -0.3100000
v 0.7842500 0.3432500 -0.1700000
v 0.7842500 0.3432500 -0.1700000
v 0.7842500 0.3432500 -0.1500000
v 0.7842500 0.3432500 -0.1500000
v 0.7842500 0.3432500 -0.0100000
v 0.7842500 0.3432500 -0.0100000
v 0.7842500 0.3432500 0.0100000
v 0.7842500 0.3432500 0.0100000
v 0.7842500 0.3432500 0.1500000
v 0.7842500 0.3432500 0.1500000
v 0.7842500 0.3432500 0.1700000
v 0.7842500 0.3432500 0.1700000
v 0.7842500 0.3432500 0.3100000
v 0.7842500 0.3432500 0.3100000
v 0.7842500 0.3867500 -0.3100000
v 0.7842500 0.3867500 -0.3100000
v 0.7842500 0.3867500 -0.1700000
v 0.7842500 0.3867500 -0.1700000
v 0.7842500 0.3867500 -0.1500000
v 0.7842500 0.3867500 -0.1500000
v 0.7842500 0.3867500 -0.0100000
v 0.7842500 0.3867500 -0.0100000
v 0.7842500 0.3867500 0.0100000
v 0.7842500 0.3867500 0.0100000
v 0.7842500 0.3867500 0.1500000
v 0.7842500 0.3867500 0.1500000
v 0.7842500 0.3867500 0.1700000
v 0.7842500 0.3867500 0.1700000
v 0.7842500 0.3867500 0.3100000
v 0.7842500 0.3867500 0.3100000
v 0.7842500 0.4025000 -0.2942500
v 0.7842500 0.4025000 -0.1857500
v 0.7842500 0.4025000 -0.1342500
v 0.7842500 0.4025000 -0.0257500
v 0.7842500 0.4025000 0.0257500
v 0.7842500 0.4025000 0.1342500
v 0.7842500 0.4025000 0.1857500
v 0.7842500 0.4025000 0.2942500
v 0.8000000 0.0582500 -0.2942500
v 0.8000000 0.0582500 -0.2942500
v 0.8000000 0.0582500 -0.1857500
v 0.8000000 0.0582500 -0.1857500
v 0.8000000 0.0582500 -0.1857500
v 0.8000000 0.0582500 -0.1342500
v 0.8000000 0.0582500 -0.1342500
v 0.8000000 0.0582500 -0.0257500
v 0.8000000 0.0582500 -0.0257500
v 0.8000000 0.0582500 -0.0257500
v 0.8000000 0.0582500 0.0257500
v 0.8000000 0.0582500 0.0257500
v 0.8000000 0.0582500 0.1342500
v 0.8000000 0.0582500 0.1342500
v 0.8000000 0.0582500 0.1342500
v 0.8000000 0.0582500 0.1857500
v 0.8000000 0.0582500 0.1857500
v 0.8000000 0.0582500 0.2942500
v 0.8000000 0.0582500 0.2942500
v 0.8000000 0.0582500 0.2942500
v 0.8000000 0.1017500 -0.2942500
v 0.8000000 0.1017500 -0.2942500
v 0.8000000 0.1017500 -0.2942500
v 0.8000000 0.1017500 -0.1857500
v 0.8000000 0.1017500 -0.1857500
v 0.8000000 0.1017500 -0.1857500
v 0.8000000 0.1017500 -0.1342500
v 0.8000000 0.1017500 -0.1342500
v 0.8000000 0.1017500 -0.1342500
v 0.8000000 0.1017500 -0.0257500
v 0.8000000 0.1017500 -0.0257500
v 0.8000000 0.1017500 -0.0257500
v 0.8000000 0.1017500 0.0257500
v 0.8000000 0.1017500 0.0257500
v 0.8000000 0.1017500 0.0257500
v 0.8000000 0.1017500 0.1342500
v 0.8000000 0.1017500 0.1342500
v 0.8000000 0.1017500 0.1342500
v 0.8000000 0.1017500 0.1857500
v 0.8000000 0.1017500 0.1857500
v 0.8000000 0.1017500 0.1857500
v 0.8000000 0.1017500 0.2942500
v 0.8000000 0.1017500 0.2942500
v 0.8000000 0.1017500 0.2942500
v 0.8000000 0.1532500 -0.2942500
v 0.8000000 0.1532500 -0.2942500
v 0.8000000 0.1532500 -0.1857500
v 0.8000000 0.1532500 -0.1857500
v 0.8000000 0.1532500 -0.1857500
v 0.8000000 0.1532500 -0.1342500
v 0.8000000 0.1532500 -0.1342500
v 0.8000000 0.1532500 -0.0257500
v 0.8000000 0.1532500 -0.0257500
v 0.8000000 0.1532500 -0.0257500
v 0.8000000 0.1532500 0.0257500
v 0.8000000 0.1532500 0.0257500
v 0.8000000 0.1532500 0.1342500
v 0.8000000 0.1532500 0.1342500
v 0.8000000 0.1532500 0.1342500
v 0.8000000 0.1532500 0.1857500
v 0.8000000 0.1532500 0.1857500
v 0.8000000 0.1532500 0.2942500
v 0.8000000 0.1532500 0.2942500
v 0.8000000 0.1532500 0.2942500
v 0.8000000 0.1967500 -0.2942500
v 0.8000000 0.1967500 -0.2942500
v 0.8000000 0.1967500 -0.2942500
v 0.8000000 0.1967500 -0.1857500
v 0.8000000 0.1967500 -0.1857500
v 0.8000000 0.1967500 -0.1857500
v 0.8000000 0.1967500 -0.1342500
v 0.8000000 0.1967500 -0.1342500
v 0.8000000 0.1967500 -0.1342500
v 0.8000000 0.1967500 -0.0257500
v 0.8000000 0.1967500 -0.0257500
v 0.8000000 0.1967500 -0.0257500
v 0.8000000 0.1967500 0.0257500
v 0.8000000 0.1967500 0.0257500
v 0.8000000 0.1967500 0.0257500
v 0.8000000 0.1967500 0.1342500
v 0.8000000 0.1967500 0.1342500
v 0.8000000 0.1967500 0.1342500
v 0.8000000 0.1967500 0.1857500
v 0.8000000 0.1967500 0.1857500
v 0.8000000 0.1967500 0.1857500
v 0.8000000 0.1967500 0.2942500
v 0.8000000 0.1967500 0.2942500
v 0.8000000 0.1967500 0.2942500
v 0.8000000 0.2482500 -0.2942500
v 0.8000000 0.2482500 -0.2942500
v 0.8000000 0.2482500 -0.1857500
v 0.8000000 0.2482500 -0.1857500
v 0.8000000 0.2482500 -0.1857500
v 0.8000000 0.2482500 -0.1342500
v 0.8000000 0.2482500 -0.1342500
v 0.8000000 0.2482500 -0.0257500
v 0.8000000 0.2482500 -0.0257500
v 0.8000000 0.2482500 -0.0257500
v 0.8000000 0.2482500 0.0257500
v 0.8000000 0.2482500 0.0257500
v 0.8000000 0.2482500 0.1342500
v 0.8000000 0.2482500 0.1342500
v 0.8000000 0.2482500 0.1342500
v 0.8000000 0.2482500 0.1857500
v 0.8000000 0.2482500 0.1857500
v 0.8000000 0.2482500 0.2942500
v 0.8000000 0.2482500 0.2942500
v 0.8000000 0.2482500 0.2942500
v 0.8000000 0.2917500 -0.2942500
v 0.8000000 0.2917500 -0.2942500
v 0.8000000 0.2917500 -0.2942500
v 0.8000000 0.2917500 -0.1857500
v 0.8000000 0.2917500 -0.1857500
v 0.8000000 0.2917500 -0.1857500
v 0.8000000 0.2917500 -0.1342500
v 0.8000000 0.2917500 -0.1342500
v 0.8000000 0.2917500 -0.1342500
v 0.8000000 0.2917500 -0.0257500
v 0.8000000 0.2917500 -0.0257500
v 0.8000000 0.2917500 -0.0257500
v 0.8000000 0.2917500 0.0257500
v 0.8000000 0.2917500 0.0257500
v 0.8000000 0.2917500 0.0257500
v 0.8000000 0.2917500 0.1342500
v 0.8000000 0.2917500 0.1342500
v 0.8000000 0.2917500 0.1342500
v 0.8000000 0.2917500 0.1857500
v 0.8000000 0.2917500 0.1857500
v 0.8000000 0.2917500 0.1857500
v 0.8000000 0.2917500 0.2942500
v 0.8000000 0.2917500 0.2942500
v 0.8000000 0.2917500 0.2942500
v 0.8000000 0.3432500 -0.2942500
v 0.8000000 0.3432500 -0.2942500
v 0.8000000 0.3432500 -0.1857500
v 0.8000000 0.3432500 -0.1857500
v 0.8000000 0.3432500 -0.1857500
v 0.8000000 0.3432500 -0.1342500
v 0.8000000 0.3432500 -0.1342500
v 0.8000000 0.3432500 -0.0257500
v 0.8000000 0.3432500 -0.0257500
v 0.8000000 0.3432500 -0.0257500
v 0.8000000 0.3432500 0.0257500
v 0.8000000 0.3432500 0.0257500
v 0.8000000 0.3432500 0.1342500
v 0.8000000 0.3432500 0.1342500
v 0.8000000 0.3432500 0.1342500
v 0.8000000 0.3432500 0.1857500
v 0.8000000 0.3432500 0.1857500
v 0.8000000 0.3432500 0.2942500
v 0.8000000 0.3432500 0.2942500
v 0.8000000 0.3432500 0.2942500
v 0.8000000 0.3867500 -0.2942500
v 0.8000000 0.3867500 -0.2942500
v 0.8000000 0.3867500 -0.2942500
v 0.8000000 0.3867500 -0.1857500
v 0.8000000 0.3867500 -0.1857500
v 0.8000000 0.3867500 -0.1857500
v 0.8000000 0.3867500 -0.1342500
v 0.8000000 0.3867500 -0.1342500
v 0.8000000 0.3867500 -0.1342500
v 0.8000000 0.3867500 -0.0257500
v 0.8000000 0.3867500 -0.0257500
v 0.8000000 0.3867500 -0.0257500
v 0.8000000 0.3867500 0.0257500
v 0.8000000 0.3867500 0.0257500
v 0.8000000 0.3867500 0.0257500
v 0.8000000 0.3867500 0.1342500
v 0.8000000 0.3867500 0.1342500
v 0.8000000 0.3867500 0.1342500
v 0.8000000 0.3867500 0.1857500
v 0.8000000 0.3867500 0.1857500
v 0.8000000 0.3867500 0.1857500
v 0.8000000 0.3867500 0.2942500
v 0.8000000 0.3867500 0.2942500
v 0.8000000 0.3867500 0.2942500
vt 0.1237280 0.0213366
vt 0.1237280 0.0259690
vt 0.1237280 0.0213366
vt 0.1237280 0.0578808
vt 0.2787280 0.0213366
vt 0.0967853 0.0430001
vt 0.0967853 0.0476324
vt 0.0967853 0.0430001
vt 0.0967853 0.0795442
vt 0.2517853 0.0430001
vt 0.0983910 0.1024853
vt 0.0983910 0.1071177
vt 0.0983910 0.1024853
vt 0.0983910 0.1390294
vt 0.2533910 0.1024853
vt 0.0738282 0.1044565
vt 0.0738282 0.1090888
vt 0.0738282 0.1044565
vt 0.0738282 0.1410006
vt 0.2288282 0.1044565
vt 0.1237280 0.0213366
vt 0.1858709 0.0213366
vt 0.1858709 0.0259690
vt 0.1858709 0.0213366
vt 0.1858709 0.0578808
vt 0.2787280 0.0213366
vt 0.0967853 0.0430001
vt 0.1589282 0.0430001
vt 0.1589282 0.0476324
vt 0.1589282 0.0430001
vt 0.1589282 0.0795442
vt 0.2517853 0.0430001
vt 0.0983910 0.1024853
vt 0.1605339 0.1024853
vt 0.1605339 0.1071177
vt 0.1605339 0.1024853
vt 0.1605339 0.1390294
vt 0.2533910 0.1024853
vt 0.0738282 0.1044565
vt 0.1359710 0.1044565
vt 0.1359710 0.1090888
vt 0.1359710 0.1044565
vt 0.1359710 0.1410006
vt 0.2288282 0.1044565
vt 0.1058385 0.0599701
vt 0.1058385 0.0646024
vt 0.1058385 0.0599701
vt 0.1058385 0.0965142
vt 0.2608385 0.0599701
vt 0.1026645 0.0422344
vt 0.1026645 0.0468668
vt 0.1026645 0.0422344
vt 0.1026645 0.0787785
vt 0.2576645 0.0422344
vt 0.0889338 0.1285626
vt 0.0889338 0.1331950
vt 0.0889338 0.1285626
vt 0.0889338 0.1651068
vt 0.2439338 0.1285626
vt 0.1103224 0.1259653
vt 0.1103224 0.1305976
vt 0.1103224 0.1259653
vt 0.1103224 0.1625094
vt 0.2653224 0.1259653
vt 0.1058385 0.0599701
vt 0.1679813 0.0599701
vt 0.1679813 0.0646024
vt 0.1679813 0.0599701
vt 0.1679813 0.0965142
vt 0.2608385 0.0599701
vt 0.1026645 0.0422344
vt 0.1648073 0.0422344
vt 0.1648073 0.0468668
vt 0.1648073 0.0422344
vt 0.1648073 0.0787785
vt 0.2576645 0.0422344
vt 0.0889338 0.1285626
vt 0.1510766 0.1285626
vt 0.1510766 0.1331950
vt 0.1510766 0.1285626
vt 0.1510766 0.1651068
vt 0.2439338 0.1285626
vt 0.1103224 0.1259653
vt 0.1724653 0.1259653
vt 0.1724653 0.1305976
vt 0.1724653 0.1259653
vt 0.1724653 0.1625094
vt 0.2653224 0.1259653
vt 0.1237280 0.0259690
vt 0.2787280 0.0259690
vt 0.0967853 0.0476324
vt 0.2517853 0.0476324
vt 0.0983910 0.1071177
vt 0.2533910 0.1071177
vt 0.0738282 0.1090888
vt 0.2288282 0.1090888
vt 0.1012280 0.0259690
vt 0.1237280 0.0259690
vt 0.1237280 0.0259690
vt 0.3012280 0.0259690
vt 0.0742853 0.0476324
vt 0.0967853 0.0476324
vt 0.0967853 0.0476324
vt 0.2742853 0.0476324
vt 0.0758910 0.1071177
vt 0.0983910 0.1071177
vt 0.0983910 0.1071177
vt 0.2758910 0.1071177
vt 0.0513282 0.1090888
vt 0.0738282 0.1090888
vt 0.0738282 0.1090888
vt 0.2513282 0.1090888
vt 0.1012280 0.0259690
vt 0.1858709 0.0259690
vt 0.1858709 0.0259690
vt 0.3012280 0.0259690
vt 0.0742853 0.0476324
vt 0.1589282 0.0476324
vt 0.1589282 0.0476324
vt 0.2742853 0.0476324
vt 0.0758910 0.1071177
vt 0.1605339 0.1071177
vt 0.1605339 0.1071177
vt 0.2758910 0.1071177
vt 0.0513282 0.1090888
vt 0.1359710 0.1090888
vt 0.1359710 0.1090888
vt 0.2513282 0.1090888
vt 0.1237280 0.0259690
vt 0.2787280 0.0259690
vt 0.0967853 0.0476324
vt 0.2517853 0.0476324
vt 0.0983910 0.1071177
vt 0.2533910 0.1071177
vt 0.0738282 0.1090888
vt 0.2288282 0.1090888
vt 0.1058385 0.0646024
vt 0.2608385 0.0646024
vt 0.1026645 0.0468668
vt 0.2576645 0.0468668
vt 0.0889338 0.1331950
vt 0.2439338 0.1331950
vt 0.1103224 0.1305976
vt 0.2653224 0.1305976
vt 0.0833385 0.0646024
vt 0.1058385 0.0646024
vt 0.1058385 0.0646024
vt 0.2833385 0.0646024
vt 0.0801645 0.0468668
vt 0.1026645 0.0468668
vt 0.1026645 0.0468668
vt 0.2801645 0.0468668
vt 0.0664338 0.1331950
vt 0.0889338 0.1331950
vt 0.0889338 0.1331950
vt 0.2664338 0.1331950
vt 0.0878224 0.1305976
vt 0.1103224 0.1305976
vt 0.1103224 0.1305976
vt 0.2878224 0.1305976
vt 0.0833385 0.0646024
vt 0.1679813 0.0646024
vt 0.1679813 0.0646024
vt 0.2833385 0.0646024
vt 0.0801645 0.0468668
vt 0.1648073 0.0468668
vt 0.1648073 0.0468668
vt 0.2801645 0.0468668
vt 0.0664338 0.1331950
vt 0.1510766 0.1331950
vt 0.1510766 0.1331950
vt 0.2664338 0.1331950
vt 0.0878224 0.1305976
vt 0.1724653 0.1305976
vt 0.1724653 0.1305976
vt 0.2878224 0.1305976
vt 0.1058385 0.0646024
vt 0.2608385 0.0646024
vt 0.1026645 0.0468668
vt 0.2576645 0.0468668
vt 0.0889338 0.1331950
vt 0.2439338 0.1331950
vt 0.1103224 0.1305976
vt 0.2653224 0.1305976
vt 0.1271227 0.0343925
vt 0.1271227 0.0390248
vt 0.1271227 0.0343925
vt 0.1271227 0.0709366
vt 0.2821227 0.0343925
vt 0.1235852 0.1211195
vt 0.1235852 0.1257519
vt 0.1235852 0.1211195
vt 0.1235852 0.1576636
vt 0.2785852 0.1211195
vt 0.1132980 0.0414834
vt 0.1132980 0.0461157
vt 0.1132980 0.0414834
vt 0.1132980 0.0780275
vt 0.2682980 0.0414834
vt 0.0506651 0.0843134
vt 0.0506651 0.0889457
vt 0.0506651 0.0843134
vt 0.0506651 0.1208575
vt 0.2056651 0.0843134
vt 0.1271227 0.0343925
vt 0.1892655 0.0343925
vt 0.1892655 0.0390248
vt 0.1892655 0.0343925
vt 0.1892655 0.0709366
vt 0.2821227 0.0343925
vt 0.1235852 0.1211195
vt 0.1857280 0.1211195
vt 0.1857280 0.1257519
vt 0.1857280 0.1211195
vt 0.1857280 0.1576636
vt 0.2785852 0.1211195
vt 0.1132980 0.0414834
vt 0.1754409 0.0414834
vt 0.1754409 0.0461157
vt 0.1754409 0.0414834
vt 0.1754409 0.0780275
vt 0.2682980 0.0414834
vt 0.0506651 0.0843134
vt 0.1128080 0.0843134
vt 0.1128080 0.0889457
vt 0.1128080 0.0843134
vt 0.1128080 0.1208575
vt 0.2056651 0.0843134
vt 0.1012300 0.0996061
vt 0.1012300 0.1042384
vt 0.1012300 0.0996061
vt 0.1012300 0.1361502
vt 0.2562300 0.0996061
vt 0.1384063 0.0748856
vt 0.1384063 0.0795179
vt 0.1384063 0.0748856
vt 0.1384063 0.1114297
vt 0.2934063 0.0748856
vt 0.0733447 0.0706451
vt 0.0733447 0.0752774
vt 0.0733447 0.0706451
vt 0.0733447 0.1071892
vt 0.2283447 0.0706451
vt 0.0576574 0.0670729
vt 0.0576574 0.0717052
vt 0.0576574 0.0670729
vt 0.0576574 0.1036170
vt 0.2126574 0.0670729
vt 0.1012300 0.0996061
vt 0.1633729 0.0996061
vt 0.1633729 0.1042384
vt 0.1633729 0.0996061
vt 0.1633729 0.1361502
vt 0.2562300 0.0996061
vt 0.1384063 0.0748856
vt 0.2005492 0.0748856
vt 0.2005492 0.0795179
vt 0.2005492 0.0748856
vt 0.2005492 0.1114297
vt 0.2934063 0.0748856
vt 0.0733447 0.0706451
vt 0.1354875 0.0706451
vt 0.1354875 0.0752774
vt 0.1354875 0.0706451
vt 0.1354875 0.1071892
vt 0.2283447 0.0706451
vt 0.0576574 0.0670729
vt 0.1198003 0.0670729
vt 0.1198003 0.0717052
vt 0.1198003 0.0670729
vt 0.1198003 0.1036170
vt 0.2126574 0.0670729
vt 0.1271227 0.0390248
vt 0.2821227 0.0390248
vt 0.1235852 0.1257519
vt 0.2785852 0.1257519
vt 0.1132980 0.0461157
vt 0.2682980 0.0461157
vt 0.0506651 0.0889457
vt 0.2056651 0.0889457
vt 0.1046227 0.0390248
vt 0.1271227 0.0390248
vt 0.1271227 0.0390248
vt 0.3046227 0.0390248
vt 0.1010852 0.1257519
vt 0.1235852 0.1257519
vt 0.1235852 0.1257519
vt 0.3010852 0.1257519
vt 0.0907980 0.0461157
vt 0.1132980 0.0461157
vt 0.1132980 0.0461157
vt 0.2907980 0.0461157
vt 0.0281651 0.0889457
vt 0.0506651 0.0889457
vt 0.0506651 0.0889457
vt 0.2281651 0.0889457
vt 0.1046227 0.0390248
vt 0.1892655 0.0390248
vt 0.1892655 0.0390248
vt 0.3046227 0.0390248
vt 0.1010852 0.1257519
vt 0.1857280 0.1257519
vt 0.1857280 0.1257519
vt 0.3010852 0.1257519
vt 0.0907980 0.0461157
vt 0.1754409 0.0461157
vt 0.1754409 0.0461157
vt 0.2907980 0.0461157
vt 0.0281651 0.0889457
vt 0.1128080 0.0889457
vt 0.1128080 0.0889457
vt 0.2281651 0.0889457
vt 0.1271227 0.0390248
vt 0.2821227 0.0390248
vt 0.1235852 0.1257519
vt 0.2785852 0.1257519
vt 0.1132980 0.0461157
vt 0.2682980 0.0461157
vt 0.0506651 0.0889457
vt 0.2056651 0.0889457
vt 0.1012300 0.1042384
vt 0.2562300 0.1042384
vt 0.1384063 0.0795179
vt 0.2934063 0.0795179
vt 0.0733447 0.0752774
vt 0.2283447 0.0752774
vt 0.0576574 0.0717052
vt 0.2126574 0.0717052
vt 0.0787300 0.1042384
vt 0.1012300 0.1042384
vt 0.1012300 0.1042384
vt 0.2787300 0.1042384
vt 0.1159063 0.0795179
vt 0.1384063 0.0795179
vt 0.1384063 0.0795179
vt 0.3159063 0.0795179
vt 0.0508447 0.0752774
vt 0.0733447 0.0752774
vt 0.0733447 0.0752774
vt 0.2508447 0.0752774
vt 0.0351574 0.0717052
vt 0.0576574 0.0717052
vt 0.0576574 0.0717052
vt 0.2351574 0.0717052
vt 0.0787300 0.1042384
vt 0.1633729 0.1042384
vt 0.1633729 0.1042384
vt 0.2787300 0.1042384
vt 0.1159063 0.0795179
vt 0.2005492 0.0795179
vt 0.2005492 0.0795179
vt 0.3159063 0.0795179
vt 0.0508447 0.0752774
vt 0.1354875 0.0752774
vt 0.1354875 0.0752774
vt 0.2508447 0.0752774
vt 0.0351574 0.0717052
vt 0.1198003 0.0717052
vt 0.1198003 0.0717052
vt 0.2351574 0.0717052
vt 0.1012300 0.1042384
vt 0.2562300 0.1042384
vt 0.1384063 0.0795179
vt 0.2934063 0.0795179
vt 0.0733447 0.0752774
vt 0.2283447 0.0752774
vt 0.0576574 0.0717052
vt 0.2126574 0.0717052
vt 0.0772009 0.0551610
vt 0.0772009 0.2539845
vt 0.1429152 0.0551610
vt 0.1429152 0.2539845
vt 0.0600581 0.0551610
vt 0.0772009 0.0551610
vt 0.0600581 0.2539845
vt 0.0772009 0.2539845
vt 0.0772009 0.0516316
vt 0.0772009 0.0551610
vt 0.0772009 0.0551610
vt 0.0772009 0.2575140
vt 0.0772009 0.0516316
vt 0.1429152 0.0516316
vt 0.1429152 0.0551610
vt 0.0772009 0.2575140
vt 0.1429152 0.0551610
vt 0.1429152 0.2575140
vt 0.0772009 0.0551610
vt 0.1600581 0.0551610
vt 0.0772009 0.2539845
vt 0.1600581 0.2539845
vt 0.0600581 0.0551610
vt 0.2286295 0.0551610
vt 0.0600581 0.2539845
vt 0.2286295 0.2539845
vt 0.0772009 0.0516316
vt 0.0772009 0.0863375
vt 0.2286295 0.0516316
vt 0.0772009 0.0863375
vt 0.0772009 0.2575140
vt 0.2286295 0.2575140
vt 0.1429152 0.0516316
vt 0.1429152 0.0863375
vt 0.2286295 0.0516316
vt 0.1429152 0.0863375
vt 0.1429152 0.2575140
vt 0.2286295 0.2575140
vt 0.1600581 0.0551610
vt 0.2286295 0.0551610
vt 0.1600581 0.2539845
vt 0.2286295 0.2539845
vt 0.0772009 0.0551610
vt 0.0772009 0.2539845
vt 0.1429152 0.0551610
vt 0.1429152 0.2539845
vt 0.1406519 0.0690996
vt 0.1406519 0.2679231
vt 0.2063661 0.0690996
vt 0.2063661 0.2679231
vt 0.1235090 0.0690996
vt 0.1406519 0.0690996
vt 0.1235090 0.2679231
vt 0.1406519 0.2679231
vt 0.1406519 0.0655701
vt 0.1406519 0.0690996
vt 0.1406519 0.0690996
vt 0.1406519 0.2714525
vt 0.1406519 0.0655701
vt 0.2063661 0.0655701
vt 0.2063661 0.0690996
vt 0.1406519 0.2714525
vt 0.2063661 0.0690996
vt 0.2063661 0.2714525
vt 0.1406519 0.0690996
vt 0.2235090 0.0690996
vt 0.1406519 0.2679231
vt 0.2235090 0.2679231
vt 0.1235090 0.0690996
vt 0.2920804 0.0690996
vt 0.1235090 0.2679231
vt 0.2920804 0.2679231
vt 0.1406519 0.0655701
vt 0.1406519 0.1002760
vt 0.2920804 0.0655701
vt 0.1406519 0.1002760
vt 0.1406519 0.2714525
vt 0.2920804 0.2714525
vt 0.2063661 0.0655701
vt 0.2063661 0.1002760
vt 0.2920804 0.0655701
vt 0.2063661 0.1002760
vt 0.2063661 0.2714525
vt 0.2920804 0.2714525
vt 0.2235090 0.0690996
vt 0.2920804 0.0690996
vt 0.2235090 0.2679231
vt 0.2920804 0.2679231
vt 0.1406519 0.0690996
vt 0.1406519 0.2679231
vt 0.2063661 0.0690996
vt 0.2063661 0.2679231
vt 0.1237280 0.4872925
vt 0.2787280 0.4872925
vt 0.0967853 0.5089560
vt 0.2517853 0.5089560
vt 0.0983910 0.5684412
vt 0.2533910 0.5684412
vt 0.0738282 0.5704124
vt 0.2288282 0.5704124
vt 0.1012280 0.4872925
vt 0.1237280 0.4872925
vt 0.1237280 0.4872925
vt 0.3012280 0.4872925
vt 0.0742853 0.5089560
vt 0.0967853 0.5089560
vt 0.0967853 0.5089560
vt 0.2742853 0.5089560
vt 0.0758910 0.5684412
vt 0.0983910 0.5684412
vt 0.0983910 0.5684412
vt 0.2758910 0.5684412
vt 0.0513282 0.5704124
vt 0.0738282 0.5704124
vt 0.0738282 0.5704124
vt 0.2513282 0.5704124
vt 0.1012280 0.4872925
vt 0.1858709 0.4872925
vt 0.1858709 0.4872925
vt 0.3012280 0.4872925
vt 0.0742853 0.5089560
vt 0.1589282 0.5089560
vt 0.1589282 0.5089560
vt 0.2742853 0.5089560
vt 0.0758910 0.5684412
vt 0.1605339 0.5684412
vt 0.1605339 0.5684412
vt 0.2758910 0.5684412
vt 0.0513282 0.5704124
vt 0.1359710 0.5704124
vt 0.1359710 0.5704124
vt 0.2513282 0.5704124
vt 0.1237280 0.4872925
vt 0.2787280 0.4872925
vt 0.0967853 0.5089560
vt 0.2517853 0.5089560
vt 0.0983910 0.5684412
vt 0.2533910 0.5684412
vt 0.0738282 0.5704124
vt 0.2288282 0.5704124
vt 0.1271227 0.4768190
vt 0.2821227 0.4768190
vt 0.1235852 0.5635460
vt 0.2785852 0.5635460
vt 0.1132980 0.4839098
vt 0.2682980 0.4839098
vt 0.0506651 0.5267399
vt 0.2056651 0.5267399
vt 0.1046227 0.4768190
vt 0.1271227 0.4768190
vt 0.1271227 0.4768190
vt 0.3046227 0.4768190
vt 0.1010852 0.5635460
vt 0.1235852 0.5635460
vt 0.1235852 0.5635460
vt 0.3010852 0.5635460
vt 0.0907980 0.4839098
vt 0.1132980 0.4839098
vt 0.1132980 0.4839098
vt 0.2907980 0.4839098
vt 0.0281651 0.5267399
vt 0.0506651 0.5267399
vt 0.0506651 0.5267399
vt 0.2281651 0.5267399
vt 0.1046227 0.4768190
vt 0.1892655 0.4768190
vt 0.1892655 0.4768190
vt 0.3046227 0.4768190
vt 0.1010852 0.5635460
vt 0.1857280 0.5635460
vt 0.1857280 0.5635460
vt 0.3010852 0.5635460
vt 0.0907980 0.4839098
vt 0.1754409 0.4839098
vt 0.1754409 0.4839098
vt 0.2907980 0.4839098
vt 0.0281651 0.5267399
vt 0.1128080 0.5267399
vt 0.1128080 0.5267399
vt 0.2281651 0.5267399
vt 0.1271227 0.4768190
vt 0.2821227 0.4768190
vt 0.1235852 0.5635460
vt 0.2785852 0.5635460
vt 0.1132980 0.4839098
vt 0.2682980 0.4839098
vt 0.0506651 0.5267399
vt 0.2056651 0.5267399
vt 0.1058385 0.5259259
vt 0.2608385 0.5259259
vt 0.1026645 0.5081903
vt 0.2576645 0.5081903
vt 0.0889338 0.5945185
vt 0.2439338 0.5945185
vt 0.1103224 0.5919212
vt 0.2653224 0.5919212
vt 0.0833385 0.5259259
vt 0.1058385 0.5259259
vt 0.1058385 0.5259259
vt 0.2833385 0.5259259
vt 0.0801645 0.5081903
vt 0.1026645 0.5081903
vt 0.1026645 0.5081903
vt 0.2801645 0.5081903
vt 0.0664338 0.5945185
vt 0.0889338 0.5945185
vt 0.0889338 0.5945185
vt 0.2664338 0.5945185
vt 0.0878224 0.5919212
vt 0.1103224 0.5919212
vt 0.1103224 0.5919212
vt 0.2878224 0.5919212
vt 0.0833385 0.5259259
vt 0.1679813 0.5259259
vt 0.1679813 0.5259259
vt 0.2833385 0.5259259
vt 0.0801645 0.5081903
vt 0.1648073 0.5081903
vt 0.1648073 0.5081903
vt 0.2801645 0.5081903
vt 0.0664338 0.5945185
vt 0.1510766 0.5945185
vt 0.1510766 0.5945185
vt 0.2664338 0.5945185
vt 0.0878224 0.5919212
vt 0.1724653 0.5919212
vt 0.1724653 0.5919212
vt 0.2878224 0.5919212
vt 0.1058385 0.5259259
vt 0.2608385 0.5259259
vt 0.1026645 0.5081903
vt 0.2576645 0.5081903
vt 0.0889338 0.5945185
vt 0.2439338 0.5945185
vt 0.1103224 0.5919212
vt 0.2653224 0.5919212
vt 0.1012300 0.5420326
vt 0.2562300 0.5420326
vt 0.1384063 0.5173120
vt 0.2934063 0.5173120
vt 0.0733447 0.5130715
vt 0.2283447 0.5130715
vt 0.0576574 0.5094993
vt 0.2126574 0.5094993
vt 0.0787300 0.5420326
vt 0.1012300 0.5420326
vt 0.1012300 0.5420326
vt 0.2787300 0.5420326
vt 0.1159063 0.5173120
vt 0.1384063 0.5173120
vt 0.1384063 0.5173120
vt 0.3159063 0.5173120
vt 0.0508447 0.5130715
vt 0.0733447 0.5130715
vt 0.0733447 0.5130715
vt 0.2508447 0.5130715
vt 0.0351574 0.5094993
vt 0.0576574 0.5094993
vt 0.0576574 0.5094993
vt 0.2351574 0.5094993
vt 0.0787300 0.5420326
vt 0.1633729 0.5420326
vt 0.1633729 0.5420326
vt 0.2787300 0.5420326
vt 0.1159063 0.5173120
vt 0.2005492 0.5173120
vt 0.2005492 0.5173120
vt 0.3159063 0.5173120
vt 0.0508447 0.5130715
vt 0.1354875 0.5130715
vt 0.1354875 0.5130715
vt 0.2508447 0.5130715
vt 0.0351574 0.5094993
vt 0.1198003 0.5094993
vt 0.1198003 0.5094993
vt 0.2351574 0.5094993
vt 0.1012300 0.5420326
vt 0.2562300 0.5420326
vt 0.1384063 0.5173120
vt 0.2934063 0.5173120
vt 0.0733447 0.5130715
vt 0.2283447 0.5130715
vt 0.0576574 0.5094993
vt 0.2126574 0.5094993
vt 0.1237280 0.0259690
vt 0.1237280 0.4919249
vt 0.1237280 0.0578808
vt 0.1237280 0.4919249
vt 0.2787280 0.4919249
vt 0.0967853 0.0476324
vt 0.0967853 0.5135883
vt 0.0967853 0.0795442
vt 0.0967853 0.5135883
vt 0.2517853 0.5135883
vt 0.0983910 0.1071177
vt 0.0983910 0.5730736
vt 0.0983910 0.1390294
vt 0.0983910 0.5730736
vt 0.2533910 0.5730736
vt 0.0738282 0.1090888
vt 0.0738282 0.5750447
vt 0.0738282 0.1410006
vt 0.0738282 0.5750447
vt 0.2288282 0.5750447
vt 0.1237280 0.4919249
vt 0.1858709 0.0259690
vt 0.1858709 0.4919249
vt 0.1858709 0.0578808
vt 0.1858709 0.4919249
vt 0.2787280 0.4919249
vt 0.0967853 0.5135883
vt 0.1589282 0.0476324
vt 0.1589282 0.5135883
vt 0.1589282 0.0795442
vt 0.1589282 0.5135883
vt 0.2517853 0.5135883
vt 0.0983910 0.5730736
vt 0.1605339 0.1071177
vt 0.1605339 0.5730736
vt 0.1605339 0.1390294
vt 0.1605339 0.5730736
vt 0.2533910 0.5730736
vt 0.0738282 0.5750447
vt 0.1359710 0.1090888
vt 0.1359710 0.5750447
vt 0.1359710 0.1410006
vt 0.1359710 0.5750447
vt 0.2288282 0.5750447
vt 0.1271227 0.0390248
vt 0.1271227 0.4814513
vt 0.1271227 0.0709366
vt 0.1271227 0.4814513
vt 0.2821227 0.4814513
vt 0.1235852 0.1257519
vt 0.1235852 0.5681783
vt 0.1235852 0.1576636
vt 0.1235852 0.5681783
vt 0.2785852 0.5681783
vt 0.1132980 0.0461157
vt 0.1132980 0.4885422
vt 0.1132980 0.0780275
vt 0.1132980 0.4885422
vt 0.2682980 0.4885422
vt 0.0506651 0.0889457
vt 0.0506651 0.5313722
vt 0.0506651 0.1208575
vt 0.0506651 0.5313722
vt 0.2056651 0.5313722
vt 0.1271227 0.4814513
vt 0.1892655 0.0390248
vt 0.1892655 0.4814513
vt 0.1892655 0.0709366
vt 0.1892655 0.4814513
vt 0.2821227 0.4814513
vt 0.1235852 0.5681783
vt 0.1857280 0.1257519
vt 0.1857280 0.5681783
vt 0.1857280 0.1576636
vt 0.1857280 0.5681783
vt 0.2785852 0.5681783
vt 0.1132980 0.4885422
vt 0.1754409 0.0461157
vt 0.1754409 0.4885422
vt 0.1754409 0.0780275
vt 0.1754409 0.4885422
vt 0.2682980 0.4885422
vt 0.0506651 0.5313722
vt 0.1128080 0.0889457
vt 0.1128080 0.5313722
vt 0.1128080 0.1208575
vt 0.1128080 0.5313722
vt 0.2056651 0.5313722
vt 0.1058385 0.0646024
vt 0.1058385 0.5305583
vt 0.1058385 0.0965142
vt 0.1058385 0.5305583
vt 0.2608385 0.5305583
vt 0.1026645 0.0468668
vt 0.1026645 0.5128226
vt 0.1026645 0.0787785
vt 0.1026645 0.5128226
vt 0.2576645 0.5128226
vt 0.0889338 0.1331950
vt 0.0889338 0.5991509
vt 0.0889338 0.1651068
vt 0.0889338 0.5991509
vt 0.2439338 0.5991509
vt 0.1103224 0.1305976
vt 0.1103224 0.5965535
vt 0.1103224 0.1625094
vt 0.1103224 0.5965535
vt 0.2653224 0.5965535
vt 0.1058385 0.5305583
vt 0.1679813 0.0646024
vt 0.1679813 0.5305583
vt 0.1679813 0.0965142
vt 0.1679813 0.5305583
vt 0.2608385 0.5305583
vt 0.1026645 0.5128226
vt 0.1648073 0.0468668
vt 0.1648073 0.5128226
vt 0.1648073 0.0787785
vt 0.1648073 0.5128226
vt 0.2576645 0.5128226
vt 0.0889338 0.5991509
vt 0.1510766 0.1331950
vt 0.1510766 0.5991509
vt 0.1510766 0.1651068
vt 0.1510766 0.5991509
vt 0.2439338 0.5991509
vt 0.1103224 0.5965535
vt 0.1724653 0.1305976
vt 0.1724653 0.5965535
vt 0.1724653 0.1625094
vt 0.1724653 0.5965535
vt 0.2653224 0.5965535
vt 0.1012300 0.1042384
vt 0.1012300 0.5466649
vt 0.1012300 0.1361502
vt 0.1012300 0.5466649
vt 0.2562300 0.5466649
vt 0.1384063 0.0795179
vt 0.1384063 0.5219444
vt 0.1384063 0.1114297
vt 0.1384063 0.5219444
vt 0.2934063 0.5219444
vt 0.0733447 0.0752774
vt 0.0733447 0.5177039
vt 0.0733447 0.1071892
vt 0.0733447 0.5177039
vt 0.2283447 0.5177039
vt 0.0576574 0.0717052
vt 0.0576574 0.5141317
vt 0.0576574 0.1036170
vt 0.0576574 0.5141317
vt 0.2126574 0.5141317
vt 0.1012300 0.5466649
vt 0.1633729 0.1042384
vt 0.1633729 0.5466649
vt 0.1633729 0.1361502
vt 0.1633729 0.5466649
vt 0.2562300 0.5466649
vt 0.1384063 0.5219444
vt 0.2005492 0.0795179
vt 0.2005492 0.5219444
vt 0.2005492 0.1114297
vt 0.2005492 0.5219444
vt 0.2934063 0.5219444
vt 0.0733447 0.5177039
vt 0.1354875 0.0752774
vt 0.1354875 0.5177039
vt 0.1354875 0.1071892
vt 0.1354875 0.5177039
vt 0.2283447 0.5177039
vt 0.0576574 0.5141317
vt 0.1198003 0.0717052
vt 0.1198003 0.5141317
vt 0.1198003 0.1036170
vt 0.1198003 0.5141317
vt 0.2126574 0.5141317
vn -0.9250104 -0.3475789 -0.1534425
vn -0.9250104 -0.3475789 -0.1534425
vn -0.9807861 -0.1503395 0.1243250
vn -0.9807861 -0.1503395 0.1243250
vn -0.9807861 -0.1503395 0.1243250
vn -0.9250104 -0.3475789 -0.1534425
vn -0.9250104 -0.3475789 -0.1534425
vn -0.9807861 -0.1503395 0.1243250
vn -0.9807861 -0.1503395 0.1243250
vn -0.9807861 -0.1503395 0.1243250
vn -0.9250104 -0.3475789 -0.1534425
vn -0.9250104 -0.3475789 -0.1534425
vn -0.9807861 -0.1503395 0.1243250
vn -0.9807861 -0.1503395 0.1243250
vn -0.9807861 -0.1503395 0.1243250
vn -0.9250104 -0.3475789 -0.1534425
vn -0.9250104 -0.3475789 -0.1534425
vn -0.9807861 -0.1503395 0.1243250
vn -0.9807861 -0.1503395 0.1243250
vn -0.9807861 -0.1503395 0.1243250
vn -0.9643776 0.2563535 -0.0652586
vn -0.9643776 0.2563535 -0.0652586
vn -0.9643776 0.2563535 -0.0652586
vn -0.9592663 0.2549948 0.1215971
vn -0.9592663 0.2549948 0.1215971
vn -0.9592663 0.2549948 0.1215971
vn -0.9643776 0.2563535 -0.0652586
vn -0.9643776 0.2563535 -0.0652586
vn -0.9643776 0.2563535 -0.0652586
vn -0.9592663 0.2549948 0.1215971
vn -0.9592663 0.2549948 0.1215971
vn -0.9592663 0.2549948 0.1215971
vn -0.9643776 0.2563535 -0.0652586
vn -0.9643776 0.2563535 -0.0652586
vn -0.9643776 0.2563535 -0.0652586
vn -0.9592663 0.2549948 0.1215971
vn -0.9592663 0.2549948 0.1215971
vn -0.9592663 0.2549948 0.1215971
vn -0.9643776 0.2563535 -0.0652586
vn -0.9643776 0.2563535 -0.0652586
vn -0.9643776 0.2563535 -0.0652586
vn -0.9592663 0.2549948 0.1215971
vn -0.9592663 0.2549948 0.1215971
vn -0.9592663 0.2549948 0.1215971
vn -0.9250104 -0.3475789 -0.1534425
vn -0.9250104 -0.3475789 -0.1534425
vn -0.9807861 -0.1503395 0.1243250
vn -0.9807861 -0.1503395 0.1243250
vn -0.9807861 -0.1503395 0.1243250
vn -0.9250104 -0.3475789 -0.1534425
vn -0.9250104 -0.3475789 -0.1534425
vn -0.9807861 -0.1503395 0.1243250
vn -0.9807861 -0.1503395 0.1243250
vn -0.9807861 -0.1503395 0.1243250
vn -0.9250104 -0.3475789 -0.1534425
vn -0.9250104 -0.3475789 -0.1534425
vn -0.9807861 -0.1503395 0.1243250
vn -0.9807861 -0.1503395 0.1243250
vn -0.9807861 -0.1503395 0.1243250
vn -0.9250104 -0.3475789 -0.1534425
vn -0.9250104 -0.3475789 -0.1534425
vn -0.9807861 -0.1503395 0.1243250
vn -0.9807861 -0.1503395 0.1243250
vn -0.9807861 -0.1503395 0.1243250
vn -0.9643776 0.2563535 -0.0652586
vn -0.9643776 0.2563535 -0.0652586
vn -0.9643776 0.2563535 -0.0652586
vn -0.9592663 0.2549948 0.1215971
vn -0.9592663 0.2549948 0.1215971
vn -0.9592663 0.2549948 0.1215971
vn -0.9643776 0.2563535 -0.0652586
vn -0.9643776 0.2563535 -0.0652586
vn -0.9643776 0.2563535 -0.0652586
vn -0.9592663 0.2549948 0.1215971
vn -0.9592663 0.2549948 0.1215971
vn -0.9592663 0.2549948 0.1215971
vn -0.9643776 0.2563535 -0.0652586
vn -0.9643776 0.2563535 -0.0652586
vn -0.9643776 0.2563535 -0.0652586
vn -0.9592663 0.2549948 0.1215971
vn -0.9592663 0.2549948 0.1215971
vn -0.9592663 0.2549948 0.1215971
vn -0.9643776 0.2563535 -0.0652586
vn -0.9643776 0.2563535 -0.0652586
vn -0.9643776 0.2563535 -0.0652586
vn -0.9592663 0.2549948 0.1215971
vn -0.9592663 0.2549948 0.1215971
vn -0.9592663 0.2549948 0.1215971
vn -0.0053195 -0.9976829 -0.0678267
vn -0.0183156 -0.9920295 0.1246679
vn -0.0053195 -0.9976829 -0.0678267
vn -0.0183156 -0.9920295 0.1246679
vn -0.0053195 -0.9976829 -0.0678267
vn -0.0183156 -0.9920295 0.1246679
vn -0.0053195 -0.9976829 -0.0678267
vn -0.0183156 -0.9920295 0.1246679
vn -0.0072592 -0.3862707 -0.9223569
vn -0.0072592 -0.3862707 -0.9223569
vn -0.0048279 -0.2568982 0.9664264
vn -0.0048279 -0.2568982 0.9664264
vn -0.0072592 -0.3862707 -0.9223569
vn -0.0072592 -0.3862707 -0.9223569
vn -0.0048279 -0.2568982 0.9664264
vn -0.0048279 -0.2568982 0.9664264
vn -0.0072592 -0.3862707 -0.9223569
vn -0.0072592 -0.3862707 -0.9223569
vn -0.0048279 -0.2568982 0.9664264
vn -0.0048279 -0.2568982 0.9664264
vn -0.0072592 -0.3862707 -0.9223569
vn -0.0072592 -0.3862707 -0.9223569
vn -0.0048279 -0.2568982 0.9664264
vn -0.0048279 -0.2568982 0.9664264
vn -0.0083437 0.2560151 -0.9666368
vn -0.0083437 0.2560151 -0.9666368
vn -0.0165468 0.2551263 0.9667661
vn -0.0165468 0.2551263 0.9667661
vn -0.0083437 0.2560151 -0.9666368
vn -0.0083437 0.2560151 -0.9666368
vn -0.0165468 0.2551263 0.9667661
vn -0.0165468 0.2551263 0.9667661
vn -0.0083437 0.2560151 -0.9666368
vn -0.0083437 0.2560151 -0.9666368
vn -0.0165468 0.2551263 0.9667661
vn -0.0165468 0.2551263 0.9667661
vn -0.0083437 0.2560151 -0.9666368
vn -0.0083437 0.2560151 -0.9666368
vn -0.0165468 0.2551263 0.9667661
vn -0.0165468 0.2551263 0.9667661
vn -0.0098622 0.9920132 -0.1257481
vn -0.0092437 0.9920870 0.1252113
vn -0.0098622 0.9920132 -0.1257481
vn -0.0092437 0.9920870 0.1252113
vn -0.0098622 0.9920132 -0.1257481
vn -0.0092437 0.9920870 0.1252113
vn -0.0098622 0.9920132 -0.1257481
vn -0.0092437 0.9920870 0.1252113
vn -0.0053195 -0.9976829 -0.0678267
vn -0.0183156 -0.9920295 0.1246679
vn -0.0053195 -0.9976829 -0.0678267
vn -0.0183156 -0.9920295 0.1246679
vn -0.0053195 -0.9976829 -0.0678267
vn -0.0183156 -0.9920295 0.1246679
vn -0.0053195 -0.9976829 -0.0678267
vn -0.0183156 -0.9920295 0.1246679
vn -0.0072592 -0.3862707 -0.9223569
vn -0.0072592 -0.3862707 -0.9223569
vn -0.0048279 -0.2568982 0.9664264
vn -0.0048279 -0.2568982 0.9664264
vn -0.0072592 -0.3862707 -0.9223569
vn -0.0072592 -0.3862707 -0.9223569
vn -0.0048279 -0.2568982 0.9664264
vn -0.0048279 -0.2568982 0.9664264
vn -0.0072592 -0.3862707 -0.9223569
vn -0.0072592 -0.3862707 -0.9223569
vn -0.0048279 -0.2568982 0.9664264
vn -0.0048279 -0.2568982 0.9664264
vn -0.0072592 -0.3862707 -0.9223569
vn -0.0072592 -0.3862707 -0.9223569
vn -0.0048279 -0.2568982 0.9664264
vn -0.0048279 -0.2568982 0.9664264
vn -0.0083437 0.2560151 -0.9666368
vn -0.0083437 0.2560151 -0.9666368
vn -0.0165468 0.2551263 0.9667661
vn -0.0165468 0.2551263 0.9667661
vn -0.0083437 0.2560151 -0.9666368
vn -0.0083437 0.2560151 -0.9666368
vn -0.0165468 0.2551263 0.9667661
vn -0.0165468 0.2551263 0.9667661
vn -0.0083437 0.2560151 -0.9666368
vn -0.0083437 0.2560151 -0.9666368
vn -0.0165468 0.2551263 0.9667661
vn -0.0165468 0.2551263 0.9667661
vn -0.0083437 0.2560151 -0.9666368
vn -0.0083437 0.2560151 -0.9666368
vn -0.0165468 0.2551263 0.9667661
vn -0.0165468 0.2551263 0.9667661
vn -0.0098622 0.9920132 -0.1257481
vn -0.0092437 0.9920870 0.1252113
vn -0.0098622 0.9920132 -0.1257481
vn -0.0092437 0.9920870 0.1252113
vn -0.0098622 0.9920132 -0.1257481
vn -0.0092437 0.9920870 0.1252113
vn -0.0098622 0.9920132 -0.1257481
vn -0.0092437 0.9920870 0.1252113
vn -0.9250104 -0.3475789 -0.1534425
vn -0.9250104 -0.3475789 -0.1534425
vn -0.9807861 -0.1503395 0.1243250
vn -0.9807861 -0.1503395 0.1243250
vn -0.9807861 -0.1503395 0.1243250
vn -0.9250104 -0.3475789 -0.1534425
vn -0.9250104 -0.3475789 -0.1534425
vn -0.9807861 -0.1503395 0.1243250
vn -0.9807861 -0.1503395 0.1243250
vn -0.9807861 -0.1503395 0.1243250
vn -0.9250104 -0.3475789 -0.1534425
vn -0.9250104 -0.3475789 -0.1534425
vn -0.9807861 -0.1503395 0.1243250
vn -0.9807861 -0.1503395 0.1243250
vn -0.9807861 -0.1503395 0.1243250
vn -0.9250104 -0.3475789 -0.1534425
vn -0.9250104 -0.3475789 -0.1534425
vn -0.9807861 -0.1503395 0.1243250
vn -0.9807861 -0.1503395 0.1243250
vn -0.9807861 -0.1503395 0.1243250
vn -0.9643776 0.2563535 -0.0652586
vn -0.9643776 0.2563535 -0.0652586
vn -0.9643776 0.2563535 -0.0652586
vn -0.9592663 0.2549948 0.1215971
vn -0.9592663 0.2549948 0.1215971
vn -0.9592663 0.2549948 0.1215971
vn -0.9643776 0.2563535 -0.0652586
vn -0.9643776 0.2563535 -0.0652586
vn -0.9643776 0.2563535 -0.0652586
vn -0.9592663 0.2549948 0.1215971
vn -0.9592663 0.2549948 0.1215971
vn -0.9592663 0.2549948 0.1215971
vn -0.9643776 0.2563535 -0.0652586
vn -0.9643776 0.2563535 -0.0652586
vn -0.9643776 0.2563535 -0.0652586
vn -0.9592663 0.2549948 0.1215971
vn -0.9592663 0.2549948 0.1215971
vn -0.9592663 0.2549948 0.1215971
vn -0.9643776 0.2563535 -0.0652586
vn -0.9643776 0.2563535 -0.0652586
vn -0.9643776 0.2563535 -0.0652586
vn -0.9592663 0.2549948 0.1215971
vn -0.9592663 0.2549948 0.1215971
vn -0.9592663 0.2549948 0.1215971
vn -0.9250104 -0.3475789 -0.1534425
vn -0.9250104 -0.3475789 -0.1534425
vn -0.9807861 -0.1503395 0.1243250
vn -0.9807861 -0.1503395 0.1243250
vn -0.9807861 -0.1503395 0.1243250
vn -0.9250104 -0.3475789 -0.1534425
vn -0.9250104 -0.3475789 -0.1534425
vn -0.9807861 -0.1503395 0.1243250
vn -0.9807861 -0.1503395 0.1243250
vn -0.9807861 -0.1503395 0.1243250
vn -0.9250104 -0.3475789 -0.1534425
vn -0.9250104 -0.3475789 -0.1534425
vn -0.9807861 -0.1503395 0.1243250
vn -0.9807861 -0.1503395 0.1243250
vn -0.9807861 -0.1503395 0.1243250
vn -0.9250104 -0.3475789 -0.1534425
vn -0.9250104 -0.3475789 -0.1534425
vn -0.9807861 -0.1503395 0.1243250
vn -0.9807861 -0.1503395 0.1243250
vn -0.9807861 -0.1503395 0.1243250
vn -0.9643776 0.2563535 -0.0652586
vn -0.9643776 0.2563535 -0.0652586
vn -0.9643776 0.2563535 -0.0652586
vn -0.9592663 0.2549948 0.1215971
vn -0.9592663 0.2549948 0.1215971
vn -0.9592663 0.2549948 0.1215971
vn -0.9643776 0.2563535 -0.0652586
vn -0.9643776 0.2563535 -0.0652586
vn -0.9643776 0.2563535 -0.0652586
vn -0.9592663 0.2549948 0.1215971
vn -0.9592663 0.2549948 0.1215971
vn -0.9592663 0.2549948 0.1215971
vn -0.9643776 0.2563535 -0.0652586
vn -0.9643776 0.2563535 -0.0652586
vn -0.9643776 0.2563535 -0.0652586
vn -0.9592663 0.2549948 0.1215971
vn -0.9592663 0.2549948 0.1215971
vn -0.9592663 0.2549948 0.1215971
vn -0.9643776 0.2563535 -0.0652586
vn -0.9643776 0.2563535 -0.0652586
vn -0.9643776 0.2563535 -0.0652586
vn -0.9592663 0.2549948 0.1215971
vn -0.9592663 0.2549948 0.1215971
vn -0.9592663 0.2549948 0.1215971
vn -0.0056038 -0.9976802 -0.0678433
vn -0.0192806 -0.9920185 0.1246095
vn -0.0056038 -0.9976802 -0.0678433
vn -0.0192806 -0.9920185 0.1246095
vn -0.0056038 -0.9976802 -0.0678433
vn -0.0192806 -0.9920185 0.1246095
vn -0.0056038 -0.9976802 -0.0678433
vn -0.0192806 -0.9920185 0.1246095
vn -0.0076463 -0.3862188 -0.9223755
vn -0.0076463 -0.3862188 -0.9223755
vn -0.0050860 -0.2568978 0.9664252
vn -0.0050860 -0.2568978 0.9664252
vn -0.0076463 -0.3862188 -0.9223755
vn -0.0076463 -0.3862188 -0.9223755
vn -0.0050860 -0.2568978 0.9664252
vn -0.0050860 -0.2568978 0.9664252
vn -0.0076463 -0.3862188 -0.9223755
vn -0.0076463 -0.3862188 -0.9223755
vn -0.0050860 -0.2568978 0.9664252
vn -0.0050860 -0.2568978 0.9664252
vn -0.0076463 -0.3862188 -0.9223755
vn -0.0076463 -0.3862188 -0.9223755
vn -0.0050860 -0.2568978 0.9664252
vn -0.0050860 -0.2568978 0.9664252
vn -0.0087881 0.2559674 -0.9666455
vn -0.0087881 0.2559674 -0.9666455
vn -0.0174202 0.2550307 0.9667760
vn -0.0174202 0.2550307 0.9667760
vn -0.0087881 0.2559674 -0.9666455
vn -0.0087881 0.2559674 -0.9666455
vn -0.0174202 0.2550307 0.9667760
vn -0.0174202 0.2550307 0.9667760
vn -0.0087881 0.2559674 -0.9666455
vn -0.0087881 0.2559674 -0.9666455
vn -0.0174202 0.2550307 0.9667760
vn -0.0174202 0.2550307 0.9667760
vn -0.0087881 0.2559674 -0.9666455
vn -0.0087881 0.2559674 -0.9666455
vn -0.0174202 0.2550307 0.9667760
vn -0.0174202 0.2550307 0.9667760
vn -0.0103867 0.9920079 -0.1257475
vn -0.0097356 0.9920860 0.1251821
vn -0.0103867 0.9920079 -0.1257475
vn -0.0097356 0.9920860 0.1251821
vn -0.0103867 0.9920079 -0.1257475
vn -0.0097356 0.9920860 0.1251821
vn -0.0103867 0.9920079 -0.1257475
vn -0.0097356 0.9920860 0.1251821
vn -0.0056038 -0.9976802 -0.0678433
vn -0.0192806 -0.9920185 0.1246095
vn -0.0056038 -0.9976802 -0.0678433
vn -0.0192806 -0.9920185 0.1246095
vn -0.0056038 -0.9976802 -0.0678433
vn -0.0192806 -0.9920185 0.1246095
vn -0.0056038 -0.9976802 -0.0678433
vn -0.0192806 -0.9920185 0.1246095
vn -0.0076463 -0.3862188 -0.9223755
vn -0.0076463 -0.3862188 -0.9223755
vn -0.0050860 -0.2568978 0.9664252
vn -0.0050860 -0.2568978 0.9664252
vn -0.0076463 -0.3862188 -0.9223755
vn -0.0076463 -0.3862188 -0.9223755
vn -0.0050860 -0.2568978 0.9664252
vn -0.0050860 -0.2568978 0.9664252
vn -0.0076463 -0.3862188 -0.9223755
vn -0.0076463 -0.3862188 -0.9223755
vn -0.0050860 -0.2568978 0.9664252
vn -0.0050860 -0.2568978 0.9664252
vn -0.0076463 -0.3862188 -0.9223755
vn -0.0076463 -0.3862188 -0.9223755
vn -0.0050860 -0.2568978 0.9664252
vn -0.0050860 -0.2568978 0.9664252
vn -0.0087881 0.2559674 -0.9666455
vn -0.0087881 0.2559674 -0.9666455
vn -0.0174202 0.2550307 0.9667760
vn -0.0174202 0.2550307 0.9667760
vn -0.0087881 0.2559674 -0.9666455
vn -0.0087881 0.2559674 -0.9666455
vn -0.0174202 0.2550307 0.9667760
vn -0.0174202 0.2550307 0.9667760
vn -0.0087881 0.2559674 -0.9666455
vn -0.0087881 0.2559674 -0.9666455
vn -0.0174202 0.2550307 0.9667760
vn -0.0174202 0.2550307 0.9667760
vn -0.0087881 0.2559674 -0.9666455
vn -0.0087881 0.2559674 -0.9666455
vn -0.0174202 0.2550307 0.9667760
vn -0.0174202 0.2550307 0.9667760
vn -0.0103867 0.9920079 -0.1257475
vn -0.0097356 0.9920860 0.1251821
vn -0.0103867 0.9920079 -0.1257475
vn -0.0097356 0.9920860 0.1251821
vn -0.0103867 0.9920079 -0.1257475
vn -0.0097356 0.9920860 0.1251821
vn -0.0103867 0.9920079 -0.1257475
vn -0.0097356 0.9920860 0.1251821
vn -0.9473515 -0.3192688 -0.0243431
vn -0.9932598 -0.1146069 0.0173243
vn -0.9792241 0.2025981 -0.0086149
vn -0.9791176 0.2025761 0.0170776
vn -0.0539363 -0.9985015 -0.0092507
vn -0.0539363 -0.9985015 -0.0092507
vn -0.1802747 -0.9834927 0.0155956
vn -0.1802747 -0.9834927 0.0155956
vn -0.0811394 -0.3133659 -0.9461597
vn -0.0811394 -0.3133659 -0.9461597
vn -0.0811394 -0.3133659 0.9461597
vn -0.0811394 -0.3133659 0.9461597
vn -0.0900144 0.1938772 -0.9768874
vn -0.0900144 0.1938772 -0.9768874
vn -0.0900144 0.1938772 -0.9768874
vn -0.0900144 0.1938772 0.9768874
vn -0.0900144 0.1938772 0.9768874
vn -0.0900144 0.1938772 0.9768874
vn -0.1011579 0.9947191 -0.0173498
vn -0.1011579 0.9947191 -0.0173498
vn -0.1011692 0.9948307 0.0087522
vn -0.1011692 0.9948307 0.0087522
vn 0.0995756 -0.9945017 -0.0324200
vn 0.0995756 -0.9945017 -0.0324200
vn 0.1003742 -0.9948132 0.0164837
vn 0.1003742 -0.9948132 0.0164837
vn 0.1005130 -0.1140436 -0.9883781
vn 0.1005130 -0.1140436 -0.9883781
vn 0.1005130 -0.1140436 -0.9883781
vn 0.1005130 -0.1140436 0.9883781
vn 0.1005130 -0.1140436 0.9883781
vn 0.1005130 -0.1140436 0.9883781
vn 0.0990956 0.2016084 -0.9744404
vn 0.0990956 0.2016084 -0.9744404
vn 0.0990956 0.2016084 -0.9744404
vn 0.0990956 0.2016084 0.9744404
vn 0.0990956 0.2016084 0.9744404
vn 0.0990956 0.2016084 0.9744404
vn 0.0534866 0.9984167 -0.0174142
vn 0.0534866 0.9984167 -0.0174142
vn 0.1777692 0.9836391 0.0291938
vn 0.1777692 0.9836391 0.0291938
vn 0.9464277 -0.3226243 -0.0137186
vn 0.9932600 -0.1154980 0.0097367
vn 0.9794228 0.2012351 -0.0153434
vn 0.9793584 0.1998611 0.0302116
vn -0.9473515 -0.3192688 -0.0243431
vn -0.9932598 -0.1146069 0.0173243
vn -0.9792241 0.2025981 -0.0086149
vn -0.9791176 0.2025761 0.0170776
vn -0.0539363 -0.9985015 -0.0092507
vn -0.0539363 -0.9985015 -0.0092507
vn -0.1802747 -0.9834927 0.0155956
vn -0.1802747 -0.9834927 0.0155956
vn -0.0811394 -0.3133659 -0.9461597
vn -0.0811394 -0.3133659 -0.9461597
vn -0.0811394 -0.3133659 0.9461597
vn -0.0811394 -0.3133659 0.9461597
vn -0.0900144 0.1938772 -0.9768874
vn -0.0900144 0.1938772 -0.9768874
vn -0.0900144 0.1938772 -0.9768874
vn -0.0900144 0.1938772 0.9768874
vn -0.0900144 0.1938772 0.9768874
vn -0.0900144 0.1938772 0.9768874
vn -0.1011579 0.9947191 -0.0173498
vn -0.1011579 0.9947191 -0.0173498
vn -0.1011692 0.9948307 0.0087522
vn -0.1011692 0.9948307 0.0087522
vn 0.0995756 -0.9945017 -0.0324200
vn 0.0995756 -0.9945017 -0.0324200
vn 0.1003742 -0.9948132 0.0164837
vn 0.1003742 -0.9948132 0.0164837
vn 0.1005130 -0.1140436 -0.9883781
vn 0.1005130 -0.1140436 -0.9883781
vn 0.1005130 -0.1140436 -0.9883781
vn 0.1005130 -0.1140436 0.9883781
vn 0.1005130 -0.1140436 0.9883781
vn 0.1005130 -0.1140436 0.9883781
vn 0.0990956 0.2016084 -0.9744404
vn 0.0990956 0.2016084 -0.9744404
vn 0.0990956 0.2016084 -0.9744404
vn 0.0990956 0.2016084 0.9744404
vn 0.0990956 0.2016084 0.9744404
vn 0.0990956 0.2016084 0.9744404
vn 0.0534866 0.9984167 -0.0174142
vn 0.0534866 0.9984167 -0.0174142
vn 0.1777692 0.9836391 0.0291938
vn 0.1777692 0.9836391 0.0291938
vn 0.9464277 -0.3226243 -0.0137186
vn 0.9932600 -0.1154980 0.0097367
vn 0.9794228 0.2012351 -0.0153434
vn 0.9793584 0.1998611 0.0302116
vn 0.0086189 -0.9757545 -0.2186981
vn 0.0092437 -0.9920870 0.1252113
vn 0.0086189 -0.9757545 -0.2186981
vn 0.0092437 -0.9920870 0.1252113
vn 0.0086189 -0.9757545 -0.2186981
vn 0.0092437 -0.9920870 0.1252113
vn 0.0086189 -0.9757545 -0.2186981
vn 0.0092437 -0.9920870 0.1252113
vn 0.0098264 -0.1515077 -0.9884072
vn 0.0098264 -0.1515077 -0.9884072
vn 0.0096075 -0.2568893 0.9663931
vn 0.0096075 -0.2568893 0.9663931
vn 0.0098264 -0.1515077 -0.9884072
vn 0.0098264 -0.1515077 -0.9884072
vn 0.0096075 -0.2568893 0.9663931
vn 0.0096075 -0.2568893 0.9663931
vn 0.0098264 -0.1515077 -0.9884072
vn 0.0098264 -0.1515077 -0.9884072
vn 0.0096075 -0.2568893 0.9663931
vn 0.0096075 -0.2568893 0.9663931
vn 0.0098264 -0.1515077 -0.9884072
vn 0.0098264 -0.1515077 -0.9884072
vn 0.0096075 -0.2568893 0.9663931
vn 0.0096075 -0.2568893 0.9663931
vn 0.0096075 0.2568893 -0.9663931
vn 0.0096075 0.2568893 -0.9663931
vn 0.0083437 0.2560151 0.9666368
vn 0.0083437 0.2560151 0.9666368
vn 0.0096075 0.2568893 -0.9663931
vn 0.0096075 0.2568893 -0.9663931
vn 0.0083437 0.2560151 0.9666368
vn 0.0083437 0.2560151 0.9666368
vn 0.0096075 0.2568893 -0.9663931
vn 0.0096075 0.2568893 -0.9663931
vn 0.0083437 0.2560151 0.9666368
vn 0.0083437 0.2560151 0.9666368
vn 0.0096075 0.2568893 -0.9663931
vn 0.0096075 0.2568893 -0.9663931
vn 0.0083437 0.2560151 0.9666368
vn 0.0083437 0.2560151 0.9666368
vn 0.0049559 0.9920492 -0.1257527
vn 0.0183156 0.9920295 0.1246679
vn 0.0049559 0.9920492 -0.1257527
vn 0.0183156 0.9920295 0.1246679
vn 0.0049559 0.9920492 -0.1257527
vn 0.0183156 0.9920295 0.1246679
vn 0.0049559 0.9920492 -0.1257527
vn 0.0183156 0.9920295 0.1246679
vn 0.0090779 -0.9757602 -0.2186542
vn 0.0097356 -0.9920860 0.1251821
vn 0.0090779 -0.9757602 -0.2186542
vn 0.0097356 -0.9920860 0.1251821
vn 0.0090779 -0.9757602 -0.2186542
vn 0.0097356 -0.9920860 0.1251821
vn 0.0090779 -0.9757602 -0.2186542
vn 0.0097356 -0.9920860 0.1251821
vn 0.0103489 -0.1515069 -0.9884020
vn 0.0103489 -0.1515069 -0.9884020
vn 0.0101184 -0.2568880 0.9663882
vn 0.0101184 -0.2568880 0.9663882
vn 0.0103489 -0.1515069 -0.9884020
vn 0.0103489 -0.1515069 -0.9884020
vn 0.0101184 -0.2568880 0.9663882
vn 0.0101184 -0.2568880 0.9663882
vn 0.0103489 -0.1515069 -0.9884020
vn 0.0103489 -0.1515069 -0.9884020
vn 0.0101184 -0.2568880 0.9663882
vn 0.0101184 -0.2568880 0.9663882
vn 0.0103489 -0.1515069 -0.9884020
vn 0.0103489 -0.1515069 -0.9884020
vn 0.0101184 -0.2568880 0.9663882
vn 0.0101184 -0.2568880 0.9663882
vn 0.0101184 0.2568880 -0.9663882
vn 0.0101184 0.2568880 -0.9663882
vn 0.0087881 0.2559674 0.9666455
vn 0.0087881 0.2559674 0.9666455
vn 0.0101184 0.2568880 -0.9663882
vn 0.0101184 0.2568880 -0.9663882
vn 0.0087881 0.2559674 0.9666455
vn 0.0087881 0.2559674 0.9666455
vn 0.0101184 0.2568880 -0.9663882
vn 0.0101184 0.2568880 -0.9663882
vn 0.0087881 0.2559674 0.9666455
vn 0.0087881 0.2559674 0.9666455
vn 0.0101184 0.2568880 -0.9663882
vn 0.0101184 0.2568880 -0.9663882
vn 0.0087881 0.2559674 0.9666455
vn 0.0087881 0.2559674 0.9666455
vn 0.0052209 0.9920479 -0.1257526
vn 0.0192806 0.9920185 0.1246095
vn 0.0052209 0.9920479 -0.1257526
vn 0.0192806 0.9920185 0.1246095
vn 0.0052209 0.9920479 -0.1257526
vn 0.0192806 0.9920185 0.1246095
vn 0.0052209 0.9920479 -0.1257526
vn 0.0192806 0.9920185 0.1246095
vn 0.0086189 -0.9757545 -0.2186981
vn 0.0092437 -0.9920870 0.1252113
vn 0.0086189 -0.9757545 -0.2186981
vn 0.0092437 -0.9920870 0.1252113
vn 0.0086189 -0.9757545 -0.2186981
vn 0.0092437 -0.9920870 0.1252113
vn 0.0086189 -0.9757545 -0.2186981
vn 0.0092437 -0.9920870 0.1252113
vn 0.0098264 -0.1515077 -0.9884072
vn 0.0098264 -0.1515077 -0.9884072
vn 0.0096075 -0.2568893 0.9663931
vn 0.0096075 -0.2568893 0.9663931
vn 0.0098264 -0.1515077 -0.9884072
vn 0.0098264 -0.1515077 -0.9884072
vn 0.0096075 -0.2568893 0.9663931
vn 0.0096075 -0.2568893 0.9663931
vn 0.0098264 -0.1515077 -0.9884072
vn 0.0098264 -0.1515077 -0.9884072
vn 0.0096075 -0.2568893 0.9663931
vn 0.0096075 -0.2568893 0.9663931
vn 0.0098264 -0.1515077 -0.9884072
vn 0.0098264 -0.1515077 -0.9884072
vn 0.0096075 -0.2568893 0.9663931
vn 0.0096075 -0.2568893 0.9663931
vn 0.0096075 0.2568893 -0.9663931
vn 0.0096075 0.2568893 -0.9663931
vn 0.0083437 0.2560151 0.9666368
vn 0.0083437 0.2560151 0.9666368
vn 0.0096075 0.2568893 -0.9663931
vn 0.0096075 0.2568893 -0.9663931
vn 0.0083437 0.2560151 0.9666368
vn 0.0083437 0.2560151 0.9666368
vn 0.0096075 0.2568893 -0.9663931
vn 0.0096075 0.2568893 -0.9663931
vn 0.0083437 0.2560151 0.9666368
vn 0.0083437 0.2560151 0.9666368
vn 0.0096075 0.2568893 -0.9663931
vn 0.0096075 0.2568893 -0.9663931
vn 0.0083437 0.2560151 0.9666368
vn 0.0083437 0.2560151 0.9666368
vn 0.0049559 0.9920492 -0.1257527
vn 0.0183156 0.9920295 0.1246679
vn 0.0049559 0.9920492 -0.1257527
vn 0.0183156 0.9920295 0.1246679
vn 0.0049559 0.9920492 -0.1257527
vn 0.0183156 0.9920295 0.1246679
vn 0.0049559 0.9920492 -0.1257527
vn 0.0183156 0.9920295 0.1246679
vn 0.0090779 -0.9757602 -0.2186542
vn 0.0097356 -0.9920860 0.1251821
vn 0.0090779 -0.9757602 -0.2186542
vn 0.0097356 -0.9920860 0.1251821
vn 0.0090779 -0.9757602 -0.2186542
vn 0.0097356 -0.9920860 0.1251821
vn 0.0090779 -0.9757602 -0.2186542
vn 0.0097356 -0.9920860 0.1251821
vn 0.0103489 -0.1515069 -0.9884020
vn 0.0103489 -0.1515069 -0.9884020
vn 0.0101184 -0.2568880 0.9663882
vn 0.0101184 -0.2568880 0.9663882
vn 0.0103489 -0.1515069 -0.9884020
vn 0.0103489 -0.1515069 -0.9884020
vn 0.0101184 -0.2568880 0.9663882
vn 0.0101184 -0.2568880 0.9663882
vn 0.0103489 -0.1515069 -0.9884020
vn 0.0103489 -0.1515069 -0.9884020
vn 0.0101184 -0.2568880 0.9663882
vn 0.0101184 -0.2568880 0.9663882
vn 0.0103489 -0.1515069 -0.9884020
vn 0.0103489 -0.1515069 -0.9884020
vn 0.0101184 -0.2568880 0.9663882
vn 0.0101184 -0.2568880 0.9663882
vn 0.0101184 0.2568880 -0.9663882
vn 0.0101184 0.2568880 -0.9663882
vn 0.0087881 0.2559674 0.9666455
vn 0.0087881 0.2559674 0.9666455
vn 0.0101184 0.2568880 -0.9663882
vn 0.0101184 0.2568880 -0.9663882
vn 0.0087881 0.2559674 0.9666455
vn 0.0087881 0.2559674 0.9666455
vn 0.0101184 0.2568880 -0.9663882
vn 0.0101184 0.2568880 -0.9663882
vn 0.0087881 0.2559674 0.9666455
vn 0.0087881 0.2559674 0.9666455
vn 0.0101184 0.2568880 -0.9663882
vn 0.0101184 0.2568880 -0.9663882
vn 0.0087881 0.2559674 0.9666455
vn 0.0087881 0.2559674 0.9666455
vn 0.0052209 0.9920479 -0.1257526
vn 0.0192806 0.9920185 0.1246095
vn 0.0052209 0.9920479 -0.1257526
vn 0.0192806 0.9920185 0.1246095
vn 0.0052209 0.9920479 -0.1257526
vn 0.0192806 0.9920185 0.1246095
vn 0.0052209 0.9920479 -0.1257526
vn 0.0192806 0.9920185 0.1246095
vn 0.9229586 -0.3730030 -0.0949535
vn 0.9229586 -0.3730030 -0.0949535
vn 0.9807861 -0.1503395 0.1243250
vn 0.9807861 -0.1503395 0.1243250
vn 0.9807861 -0.1503395 0.1243250
vn 0.9229586 -0.3730030 -0.0949535
vn 0.9229586 -0.3730030 -0.0949535
vn 0.9807861 -0.1503395 0.1243250
vn 0.9807861 -0.1503395 0.1243250
vn 0.9807861 -0.1503395 0.1243250
vn 0.9229586 -0.3730030 -0.0949535
vn 0.9229586 -0.3730030 -0.0949535
vn 0.9807861 -0.1503395 0.1243250
vn 0.9807861 -0.1503395 0.1243250
vn 0.9807861 -0.1503395 0.1243250
vn 0.9229586 -0.3730030 -0.0949535
vn 0.9229586 -0.3730030 -0.0949535
vn 0.9807861 -0.1503395 0.1243250
vn 0.9807861 -0.1503395 0.1243250
vn 0.9807861 -0.1503395 0.1243250
vn 0.9637554 0.2440628 -0.1077442
vn 0.9637554 0.2440628 -0.1077442
vn 0.9637554 0.2440628 -0.1077442
vn 0.9592663 0.2549948 0.1215971
vn 0.9592663 0.2549948 0.1215971
vn 0.9592663 0.2549948 0.1215971
vn 0.9637554 0.2440628 -0.1077442
vn 0.9637554 0.2440628 -0.1077442
vn 0.9637554 0.2440628 -0.1077442
vn 0.9592663 0.2549948 0.1215971
vn 0.9592663 0.2549948 0.1215971
vn 0.9592663 0.2549948 0.1215971
vn 0.9637554 0.2440628 -0.1077442
vn 0.9637554 0.2440628 -0.1077442
vn 0.9637554 0.2440628 -0.1077442
vn 0.9592663 0.2549948 0.1215971
vn 0.9592663 0.2549948 0.1215971
vn 0.9592663 0.2549948 0.1215971
vn 0.9637554 0.2440628 -0.1077442
vn 0.9637554 0.2440628 -0.1077442
vn 0.9637554 0.2440628 -0.1077442
vn 0.9592663 0.2549948 0.1215971
vn 0.9592663 0.2549948 0.1215971
vn 0.9592663 0.2549948 0.1215971
vn 0.9229586 -0.3730030 -0.0949535
vn 0.9229586 -0.3730030 -0.0949535
vn 0.9807861 -0.1503395 0.1243250
vn 0.9807861 -0.1503395 0.1243250
vn 0.9807861 -0.1503395 0.1243250
vn 0.9229586 -0.3730030 -0.0949535
vn 0.9229586 -0.3730030 -0.0949535
vn 0.9807861 -0.1503395 0.1243250
vn 0.9807861 -0.1503395 0.1243250
vn 0.9807861 -0.1503395 0.1243250
vn 0.9229586 -0.3730030 -0.0949535
vn 0.9229586 -0.3730030 -0.0949535
vn 0.9807861 -0.1503395 0.1243250
vn 0.9807861 -0.1503395 0.1243250
vn 0.9807861 -0.1503395 0.1243250
vn 0.9229586 -0.3730030 -0.0949535
vn 0.9229586 -0.3730030 -0.0949535
vn 0.9807861 -0.1503395 0.1243250
vn 0.9807861 -0.1503395 0.1243250
vn 0.9807861 -0.1503395 0.1243250
vn 0.9637554 0.2440628 -0.1077442
vn 0.9637554 0.2440628 -0.1077442
vn 0.9637554 0.2440628 -0.1077442
vn 0.9592663 0.2549948 0.1215971
vn 0.9592663 0.2549948 0.1215971
vn 0.9592663 0.2549948 0.1215971
vn 0.9637554 0.2440628 -0.1077442
vn 0.9637554 0.2440628 -0.1077442
vn 0.9637554 0.2440628 -0.1077442
vn 0.9592663 0.2549948 0.1215971
vn 0.9592663 0.2549948 0.1215971
vn 0.9592663 0.2549948 0.1215971
vn 0.9637554 0.2440628 -0.1077442
vn 0.9637554 0.2440628 -0.1077442
vn 0.9637554 0.2440628 -0.1077442
vn 0.9592663 0.2549948 0.1215971
vn 0.9592663 0.2549948 0.1215971
vn 0.9592663 0.2549948 0.1215971
vn 0.9637554 0.2440628 -0.1077442
vn 0.9637554 0.2440628 -0.1077442
vn 0.9637554 0.2440628 -0.1077442
vn 0.9592663 0.2549948 0.1215971
vn 0.9592663 0.2549948 0.1215971
vn 0.9592663 0.2549948 0.1215971
vn 0.9229586 -0.3730030 -0.0949535
vn 0.9229586 -0.3730030 -0.0949535
vn 0.9807861 -0.1503395 0.1243250
vn 0.9807861 -0.1503395 0.1243250
vn 0.9807861 -0.1503395 0.1243250
vn 0.9229586 -0.3730030 -0.0949535
vn 0.9229586 -0.3730030 -0.0949535
vn 0.9807861 -0.1503395 0.1243250
vn 0.9807861 -0.1503395 0.1243250
vn 0.9807861 -0.1503395 0.1243250
vn 0.9229586 -0.3730030 -0.0949535
vn 0.9229586 -0.3730030 -0.0949535
vn 0.9807861 -0.1503395 0.1243250
vn 0.9807861 -0.1503395 0.1243250
vn 0.9807861 -0.1503395 0.1243250
vn 0.9229586 -0.3730030 -0.0949535
vn 0.9229586 -0.3730030 -0.0949535
vn 0.9807861 -0.1503395 0.1243250
vn 0.9807861 -0.1503395 0.1243250
vn 0.9807861 -0.1503395 0.1243250
vn 0.9637554 0.2440628 -0.1077442
vn 0.9637554 0.2440628 -0.1077442
vn 0.9637554 0.2440628 -0.1077442
vn 0.9592663 0.2549948 0.1215971
vn 0.9592663 0.2549948 0.1215971
vn 0.9592663 0.2549948 0.1215971
vn 0.9637554 0.2440628 -0.1077442
vn 0.9637554 0.2440628 -0.1077442
vn 0.9637554 0.2440628 -0.1077442
vn 0.9592663 0.2549948 0.1215971
vn 0.9592663 0.2549948 0.1215971
vn 0.9592663 0.2549948 0.1215971
vn 0.9637554 0.2440628 -0.1077442
vn 0.9637554 0.2440628 -0.1077442
vn 0.9637554 0.2440628 -0.1077442
vn 0.9592663 0.2549948 0.1215971
vn 0.9592663 0.2549948 0.1215971
vn 0.9592663 0.2549948 0.1215971
vn 0.9637554 0.2440628 -0.1077442
vn 0.9637554 0.2440628 -0.1077442
vn 0.9637554 0.2440628 -0.1077442
vn 0.9592663 0.2549948 0.1215971
vn 0.9592663 0.2549948 0.1215971
vn 0.9592663 0.2549948 0.1215971
vn 0.9229586 -0.3730030 -0.0949535
vn 0.9229586 -0.3730030 -0.0949535
vn 0.9807861 -0.1503395 0.1243250
vn 0.9807861 -0.1503395 0.1243250
vn 0.9807861 -0.1503395 0.1243250
vn 0.9229586 -0.3730030 -0.0949535
vn 0.9229586 -0.3730030 -0.0949535
vn 0.9807861 -0.1503395 0.1243250
vn 0.9807861 -0.1503395 0.1243250
vn 0.9807861 -0.1503395 0.1243250
vn 0.9229586 -0.3730030 -0.0949535
vn 0.9229586 -0.3730030 -0.0949535
vn 0.9807861 -0.1503395 0.1243250
vn 0.9807861 -0.1503395 0.1243250
vn 0.9807861 -0.1503395 0.1243250
vn 0.9229586 -0.3730030 -0.0949535
vn 0.9229586 -0.3730030 -0.0949535
vn 0.9807861 -0.1503395 0.1243250
vn 0.9807861 -0.1503395 0.1243250
vn 0.9807861 -0.1503395 0.1243250
vn 0.9637554 0.2440628 -0.1077442
vn 0.9637554 0.2440628 -0.1077442
vn 0.9637554 0.2440628 -0.1077442
vn 0.9592663 0.2549948 0.1215971
vn 0.9592663 0.2549948 0.1215971
vn 0.9592663 0.2549948 0.1215971
vn 0.9637554 0.2440628 -0.1077442
vn 0.9637554 0.2440628 -0.1077442
vn 0.9637554 0.2440628 -0.1077442
vn 0.9592663 0.2549948 0.1215971
vn 0.9592663 0.2549948 0.1215971
vn 0.9592663 0.2549948 0.1215971
vn 0.9637554 0.2440628 -0.1077442
vn 0.9637554 0.2440628 -0.1077442
vn 0.9637554 0.2440628 -0.1077442
vn 0.9592663 0.2549948 0.1215971
vn 0.9592663 0.2549948 0.1215971
vn 0.9592663 0.2549948 0.1215971
vn 0.9637554 0.2440628 -0.1077442
vn 0.9637554 0.2440628 -0.1077442
vn 0.9637554 0.2440628 -0.1077442
vn 0.9592663 0.2549948 0.1215971
vn 0.9592663 0.2549948 0.1215971
vn 0.9592663 0.2549948 0.1215971
o 20_Tablones_Apilados_Wood
usemtl Wood
s 1
f 89/89/89 1/1/1 97/97/97
f 116/116/116 130/130/130 26/26/26
f 673/673/673 485/485/485 501/501/501
f 113/113/113 21/21/21 129/129/129
f 488/488/488 678/678/678 502/502/502
f 90/90/90 100/100/100 5/5/5
f 461/461/461 469/469/469 654/654/654
f 462/462/462 657/657/657 472/472/472
f 23/23/23 2/2/2 4/4/4
f 23/23/23 4/4/4 25/25/25
f 130/130/130 502/502/502 501/501/501
f 130/130/130 501/501/501 129/129/129
f 130/130/130 21/21/21 26/26/26
f 130/130/130 129/129/129 21/21/21
f 115/115/115 24/24/24 3/3/3
f 115/115/115 3/3/3 99/99/99
f 675/675/675 470/470/470 486/486/486
f 675/675/675 654/654/654 470/470/470
f 673/673/673 501/501/501 502/502/502
f 673/673/673 502/502/502 678/678/678
f 113/113/113 129/129/129 501/501/501
f 113/113/113 501/501/501 485/485/485
f 114/114/114 486/486/486 470/470/470
f 114/114/114 470/470/470 98/98/98
f 114/114/114 1/1/1 22/22/22
f 114/114/114 98/98/98 1/1/1
f 655/655/655 653/653/653 674/674/674
f 655/655/655 674/674/674 676/676/676
f 487/487/487 656/656/656 677/677/677
f 487/487/487 471/471/471 656/656/656
f 488/488/488 502/502/502 130/130/130
f 488/488/488 130/130/130 116/116/116
f 487/487/487 115/115/115 99/99/99
f 487/487/487 99/99/99 471/471/471
f 90/90/90 5/5/5 1/1/1
f 90/90/90 1/1/1 89/89/89
f 461/461/461 97/97/97 469/469/469
f 461/461/461 89/89/89 97/97/97
f 462/462/462 654/654/654 657/657/657
f 462/462/462 461/461/461 654/654/654
f 462/462/462 472/472/472 100/100/100
f 462/462/462 100/100/100 90/90/90
f 462/462/462 90/90/90 89/89/89
f 462/462/462 89/89/89 461/461/461
f 91/91/91 6/6/6 101/101/101
f 120/120/120 132/132/132 32/32/32
f 679/679/679 489/489/489 503/503/503
f 117/117/117 27/27/27 131/131/131
f 492/492/492 684/684/684 504/504/504
f 92/92/92 104/104/104 10/10/10
f 463/463/463 473/473/473 659/659/659
f 464/464/464 662/662/662 476/476/476
f 29/29/29 7/7/7 9/9/9
f 29/29/29 9/9/9 31/31/31
f 132/132/132 504/504/504 503/503/503
f 132/132/132 503/503/503 131/131/131
f 132/132/132 27/27/27 32/32/32
f 132/132/132 131/131/131 27/27/27
f 119/119/119 30/30/30 8/8/8
f 119/119/119 8/8/8 103/103/103
f 681/681/681 474/474/474 490/490/490
f 681/681/681 659/659/659 474/474/474
f 679/679/679 503/503/503 504/504/504
f 679/679/679 504/504/504 684/684/684
f 117/117/117 131/131/131 503/503/503
f 117/117/117 503/503/503 489/489/489
f 118/118/118 490/490/490 474/474/474
f 118/118/118 474/474/474 102/102/102
f 118/118/118 6/6/6 28/28/28
f 118/118/118 102/102/102 6/6/6
f 660/660/660 658/658/658 680/680/680
f 660/660/660 680/680/680 682/682/682
f 491/491/491 661/661/661 683/683/683
f 491/491/491 475/475/475 661/661/661
f 492/492/492 504/504/504 132/132/132
f 492/492/492 132/132/132 120/120/120
f 491/491/491 119/119/119 103/103/103
f 491/491/491 103/103/103 475/475/475
f 92/92/92 10/10/10 6/6/6
f 92/92/92 6/6/6 91/91/91
f 463/463/463 101/101/101 473/473/473
f 463/463/463 91/91/91 101/101/101
f 464/464/464 659/659/659 662/662/662
f 464/464/464 463/463/463 659/659/659
f 464/464/464 476/476/476 104/104/104
f 464/464/464 104/104/104 92/92/92
f 464/464/464 92/92/92 91/91/91
f 464/464/464 91/91/91 463/463/463
f 93/93/93 11/11/11 105/105/105
f 124/124/124 134/134/134 38/38/38
f 685/685/685 493/493/493 505/505/505
f 121/121/121 33/33/33 133/133/133
f 496/496/496 690/690/690 506/506/506
f 94/94/94 108/108/108 15/15/15
f 465/465/465 477/477/477 664/664/664
f 466/466/466 667/667/667 480/480/480
f 35/35/35 12/12/12 14/14/14
f 35/35/35 14/14/14 37/37/37
f 134/134/134 506/506/506 505/505/505
f 134/134/134 505/505/505 133/133/133
f 134/134/134 33/33/33 38/38/38
f 134/134/134 133/133/133 33/33/33
f 123/123/123 36/36/36 13/13/13
f 123/123/123 13/13/13 107/107/107
f 687/687/687 478/478/478 494/494/494
f 687/687/687 664/664/664 478/478/478
f 685/685/685 505/505/505 506/506/506
f 685/685/685 506/506/506 690/690/690
f 121/121/121 133/133/133 505/505/505
f 121/121/121 505/505/505 493/493/493
f 122/122/122 494/494/494 478/478/478
f 122/122/122 478/478/478 106/106/106
f 122/122/122 11/11/11 34/34/34
f 122/122/122 106/106/106 11/11/11
f 665/665/665 663/663/663 686/686/686
f 665/665/665 686/686/686 688/688/688
f 495/495/495 666/666/666 689/689/689
f 495/495/495 479/479/479 666/666/666
f 496/496/496 506/506/506 134/134/134
f 496/496/496 134/134/134 124/124/124
f 495/495/495 123/123/123 107/107/107
f 495/495/495 107/107/107 479/479/479
f 94/94/94 15/15/15 11/11/11
f 94/94/94 11/11/11 93/93/93
f 465/465/465 105/105/105 477/477/477
f 465/465/465 93/93/93 105/105/105
f 466/466/466 664/664/664 667/667/667
f 466/466/466 465/465/465 664/664/664
f 466/466/466 480/480/480 108/108/108
f 466/466/466 108/108/108 94/94/94
f 466/466/466 94/94/94 93/93/93
f 466/466/466 93/93/93 465/465/465
f 95/95/95 16/16/16 109/109/109
f 128/128/128 136/136/136 44/44/44
f 691/691/691 497/497/497 507/507/507
f 125/125/125 39/39/39 135/135/135
f 500/500/500 696/696/696 508/508/508
f 96/96/96 112/112/112 20/20/20
f 467/467/467 481/481/481 669/669/669
f 468/468/468 672/672/672 484/484/484
f 41/41/41 17/17/17 19/19/19
f 41/41/41 19/19/19 43/43/43
f 136/136/136 508/508/508 507/507/507
f 136/136/136 507/507/507 135/135/135
f 136/136/136 39/39/39 44/44/44
f 136/136/136 135/135/135 39/39/39
f 127/127/127 42/42/42 18/18/18
f 127/127/127 18/18/18 111/111/111
f 693/693/693 482/482/482 498/498/498
f 693/693/693 669/669/669 482/482/482
f 691/691/691 507/507/507 508/508/508
f 691/691/691 508/508/508 696/696/696
f 125/125/125 135/135/135 507/507/507
f 125/125/125 507/507/507 497/497/497
f 126/126/126 498/498/498 482/482/482
f 126/126/126 482/482/482 110/110/110
f 126/126/126 16/16/16 40/40/40
f 126/126/126 110/110/110 16/16/16
f 670/670/670 668/668/668 692/692/692
f 670/670/670 692/692/692 694/694/694
f 499/499/499 671/671/671 695/695/695
f 499/499/499 483/483/483 671/671/671
f 500/500/500 508/508/508 136/136/136
f 500/500/500 136/136/136 128/128/128
f 499/499/499 127/127/127 111/111/111
f 499/499/499 111/111/111 483/483/483
f 96/96/96 20/20/20 16/16/16
f 96/96/96 16/16/16 95/95/95
f 467/467/467 109/109/109 481/481/481
f 467/467/467 95/95/95 109/109/109
f 468/468/468 669/669/669 672/672/672
f 468/468/468 467/467/467 669/669/669
f 468/468/468 484/484/484 112/112/112
f 468/468/468 112/112/112 96/96/96
f 468/468/468 96/96/96 95/95/95
f 468/468/468 95/95/95 467/467/467
f 273/273/273 185/185/185 281/281/281
f 300/300/300 314/314/314 210/210/210
f 717/717/717 533/533/533 549/549/549
f 297/297/297 205/205/205 313/313/313
f 536/536/536 722/722/722 550/550/550
f 274/274/274 284/284/284 189/189/189
f 509/509/509 517/517/517 698/698/698
f 510/510/510 701/701/701 520/520/520
f 207/207/207 186/186/186 188/188/188
f 207/207/207 188/188/188 209/209/209
f 314/314/314 550/550/550 549/549/549
f 314/314/314 549/549/549 313/313/313
f 314/314/314 205/205/205 210/210/210
f 314/314/314 313/313/313 205/205/205
f 299/299/299 208/208/208 187/187/187
f 299/299/299 187/187/187 283/283/283
f 719/719/719 518/518/518 534/534/534
f 719/719/719 698/698/698 518/518/518
f 717/717/717 549/549/549 550/550/550
f 717/717/717 550/550/550 722/722/722
f 297/297/297 313/313/313 549/549/549
f 297/297/297 549/549/549 533/533/533
f 298/298/298 534/534/534 518/518/518
f 298/298/298 518/518/518 282/282/282
f 298/298/298 185/185/185 206/206/206
f 298/298/298 282/282/282 185/185/185
f 699/699/699 697/697/697 718/718/718
f 699/699/699 718/718/718 720/720/720
f 535/535/535 700/700/700 721/721/721
f 535/535/535 519/519/519 700/700/700
f 536/536/536 550/550/550 314/314/314
f 536/536/536 314/314/314 300/300/300
f 535/535/535 299/299/299 283/283/283
f 535/535/535 283/283/283 519/519/519
f 274/274/274 189/189/189 185/185/185
f 274/274/274 185/185/185 273/273/273
f 509/509/509 281/281/281 517/517/517
f 509/509/509 273/273/273 281/281/281
f 510/510/510 698/698/698 701/701/701
f 510/510/510 509/509/509 698/698/698
f 510/510/510 520/520/520 284/284/284
f 510/510/510 284/284/284 274/274/274
f 510/510/510 274/274/274 273/273/273
f 510/510/510 273/273/273 509/509/509
f 275/275/275 190/190/190 285/285/285
f 304/304/304 316/316/316 216/216/216
f 723/723/723 537/537/537 551/551/551
f 301/301/301 211/211/211 315/315/315
f 540/540/540 728/728/728 552/552/552
f 276/276/276 288/288/288 194/194/194
f 511/511/511 521/521/521 703/703/703
f 512/512/512 706/706/706 524/524/524
f 213/213/213 191/191/191 193/193/193
f 213/213/213 193/193/193 215/215/215
f 316/316/316 552/552/552 551/551/551
f 316/316/316 551/551/551 315/315/315
f 316/316/316 211/211/211 216/216/216
f 316/316/316 315/315/315 211/211/211
f 303/303/303 214/214/214 192/192/192
f 303/303/303 192/192/192 287/287/287
f 725/725/725 522/522/522 538/538/538
f 725/725/725 703/703/703 522/522/522
f 723/723/723 551/551/551 552/552/552
f 723/723/723 552/552/552 728/728/728
f 301/301/301 315/315/315 551/551/551
f 301/301/301 551/551/551 537/537/537
f 302/302/302 538/538/538 522/522/522
f 302/302/302 522/522/522 286/286/286
f 302/302/302 190/190/190 212/212/212
f 302/302/302 286/286/286 190/190/190
f 704/704/704 702/702/702 724/724/724
f 704/704/704 724/724/724 726/726/726
f 539/539/539 705/705/705 727/727/727
f 539/539/539 523/523/523 705/705/705
f 540/540/540 552/552/552 316/316/316
f 540/540/540 316/316/316 304/304/304
f 539/539/539 303/303/303 287/287/287
f 539/539/539 287/287/287 523/523/523
f 276/276/276 194/194/194 190/190/190
f 276/276/276 190/190/190 275/275/275
f 511/511/511 285/285/285 521/521/521
f 511/511/511 275/275/275 285/285/285
f 512/512/512 703/703/703 706/706/706
f 512/512/512 511/511/511 703/703/703
f 512/512/512 524/524/524 288/288/288
f 512/512/512 288/288/288 276/276/276
f 512/512/512 276/276/276 275/275/275
f 512/512/512 275/275/275 511/511/511
f 277/277/277 195/195/195 289/289/289
f 308/308/308 318/318/318 222/222/222
f 729/729/729 541/541/541 553/553/553
f 305/305/305 217/217/217 317/317/317
f 544/544/544 734/734/734 554/554/554
f 278/278/278 292/292/292 199/199/199
f 513/513/513 525/525/525 708/708/708
f 514/514/514 711/711/711 528/528/528
f 219/219/219 196/196/196 198/198/198
f 219/219/219 198/198/198 221/221/221
f 318/318/318 554/554/554 553/553/553
f 318/318/318 553/553/553 317/317/317
f 318/318/318 217/217/217 222/222/222
f 318/318/318 317/317/317 217/217/217
f 307/307/307 220/220/220 197/197/197
f 307/307/307 197/197/197 291/291/291
f 731/731/731 526/526/526 542/542/542
f 731/731/731 708/708/708 526/526/526
f 729/729/729 553/553/553 554/554/554
f 729/729/729 554/554/554 734/734/734
f 305/305/305 317/317/317 553/553/553
f 305/305/305 553/553/553 541/541/541
f 306/306/306 542/542/542 526/526/526
f 306/306/306 526/526/526 290/290/290
f 306/306/306 195/195/195 218/218/218
f 306/306/306 290/290/290 195/195/195
f 709/709/709 707/707/707 730/730/730
f 709/709/709 730/730/730 732/732/732
f 543/543/543 710/710/710 733/733/733
f 543/543/543 527/527/527 710/710/710
f 544/544/544 554/554/554 318/318/318
f 544/544/544 318/318/318 308/308/308
f 543/543/543 307/307/307 291/291/291
f 543/543/543 291/291/291 527/527/527
f 278/278/278 199/199/199 195/195/195
f 278/278/278 195/195/195 277/277/277
f 513/513/513 289/289/289 525/525/525
f 513/513/513 277/277/277 289/289/289
f 514/514/514 708/708/708 711/711/711
f 514/514/514 513/513/513 708/708/708
f 514/514/514 528/528/528 292/292/292
f 514/514/514 292/292/292 278/278/278
f 514/514/514 278/278/278 277/277/277
f 514/514/514 277/277/277 513/513/513
f 279/279/279 200/200/200 293/293/293
f 312/312/312 320/320/320 228/228/228
f 735/735/735 545/545/545 555/555/555
f 309/309/309 223/223/223 319/319/319
f 548/548/548 740/740/740 556/556/556
f 280/280/280 296/296/296 204/204/204
f 515/515/515 529/529/529 713/713/713
f 516/516/516 716/716/716 532/532/532
f 225/225/225 201/201/201 203/203/203
f 225/225/225 203/203/203 227/227/227
f 320/320/320 556/556/556 555/555/555
f 320/320/320 555/555/555 319/319/319
f 320/320/320 223/223/223 228/228/228
f 320/320/320 319/319/319 223/223/223
f 311/311/311 226/226/226 202/202/202
f 311/311/311 202/202/202 295/295/295
f 737/737/737 530/530/530 546/546/546
f 737/737/737 713/713/713 530/530/530
f 735/735/735 555/555/555 556/556/556
f 735/735/735 556/556/556 740/740/740
f 309/309/309 319/319/319 555/555/555
f 309/309/309 555/555/555 545/545/545
f 310/310/310 546/546/546 530/530/530
f 310/310/310 530/530/530 294/294/294
f 310/310/310 200/200/200 224/224/224
f 310/310/310 294/294/294 200/200/200
f 714/714/714 712/712/712 736/736/736
f 714/714/714 736/736/736 738/738/738
f 547/547/547 715/715/715 739/739/739
f 547/547/547 531/531/531 715/715/715
f 548/548/548 556/556/556 320/320/320
f 548/548/548 320/320/320 312/312/312
f 547/547/547 311/311/311 295/295/295
f 547/547/547 295/295/295 531/531/531
f 280/280/280 204/204/204 200/200/200
f 280/280/280 200/200/200 279/279/279
f 515/515/515 293/293/293 529/529/529
f 515/515/515 279/279/279 293/293/293
f 516/516/516 713/713/713 716/716/716
f 516/516/516 515/515/515 713/713/713
f 516/516/516 532/532/532 296/296/296
f 516/516/516 296/296/296 280/280/280
f 516/516/516 280/280/280 279/279/279
f 516/516/516 279/279/279 515/515/515
f 137/137/137 45/45/45 145/145/145
f 164/164/164 178/178/178 70/70/70
f 761/761/761 581/581/581 597/597/597
f 161/161/161 65/65/65 177/177/177
f 584/584/584 766/766/766 598/598/598
f 138/138/138 148/148/148 49/49/49
f 557/557/557 565/565/565 742/742/742
f 558/558/558 745/745/745 568/568/568
f 67/67/67 46/46/46 48/48/48
f 67/67/67 48/48/48 69/69/69
f 178/178/178 598/598/598 597/597/597
f 178/178/178 597/597/597 177/177/177
f 178/178/178 65/65/65 70/70/70
f 178/178/178 177/177/177 65/65/65
f 163/163/163 68/68/68 47/47/47
f 163/163/163 47/47/47 147/147/147
f 763/763/763 566/566/566 582/582/582
f 763/763/763 742/742/742 566/566/566
f 761/761/761 597/597/597 598/598/598
f 761/761/761 598/598/598 766/766/766
f 161/161/161 177/177/177 597/597/597
f 161/161/161 597/597/597 581/581/581
f 162/162/162 582/582/582 566/566/566
f 162/162/162 566/566/566 146/146/146
f 162/162/162 45/45/45 66/66/66
f 162/162/162 146/146/146 45/45/45
f 743/743/743 741/741/741 762/762/762
f 743/743/743 762/762/762 764/764/764
f 583/583/583 744/744/744 765/765/765
f 583/583/583 567/567/567 744/744/744
f 584/584/584 598/598/598 178/178/178
f 584/584/584 178/178/178 164/164/164
f 583/583/583 163/163/163 147/147/147
f 583/583/583 147/147/147 567/567/567
f 138/138/138 49/49/49 45/45/45
f 138/138/138 45/45/45 137/137/137
f 557/557/557 145/145/145 565/565/565
f 557/557/557 137/137/137 145/145/145
f 558/558/558 742/742/742 745/745/745
f 558/558/558 557/557/557 742/742/742
f 558/558/558 568/568/568 148/148/148
f 558/558/558 148/148/148 138/138/138
f 558/558/558 138/138/138 137/137/137
f 558/558/558 137/137/137 557/557/557
f 139/139/139 50/50/50 149/149/149
f 168/168/168 180/180/180 76/76/76
f 767/767/767 585/585/585 599/599/599
f 165/165/165 71/71/71 179/179/179
f 588/588/588 772/772/772 600/600/600
f 140/140/140 152/152/152 54/54/54
f 559/559/559 569/569/569 747/747/747
f 560/560/560 750/750/750 572/572/572
f 73/73/73 51/51/51 53/53/53
f 73/73/73 53/53/53 75/75/75
f 180/180/180 600/600/600 599/599/599
f 180/180/180 599/599/599 179/179/179
f 180/180/180 71/71/71 76/76/76
f 180/180/180 179/179/179 71/71/71
f 167/167/167 74/74/74 52/52/52
f 167/167/167 52/52/52 151/151/151
f 769/769/769 570/570/570 586/586/586
f 769/769/769 747/747/747 570/570/570
f 767/767/767 599/599/599 600/600/600
f 767/767/767 600/600/600 772/772/772
f 165/165/165 179/179/179 599/599/599
f 165/165/165 599/599/599 585/585/585
f 166/166/166 586/586/586 570/570/570
f 166/166/166 570/570/570 150/150/150
f 166/166/166 50/50/50 72/72/72
f 166/166/166 150/150/150 50/50/50
f 748/748/748 746/746/746 768/768/768
f 748/748/748 768/768/768 770/770/770
f 587/587/587 749/749/749 771/771/771
f 587/587/587 571/571/571 749/749/749
f 588/588/588 600/600/600 180/180/180
f 588/588/588 180/180/180 168/168/168
f 587/587/587 167/167/167 151/151/151
f 587/587/587 151/151/151 571/571/571
f 140/140/140 54/54/54 50/50/50
f 140/140/140 50/50/50 139/139/139
f 559/559/559 149/149/149 569/569/569
f 559/559/559 139/139/139 149/149/149
f 560/560/560 747/747/747 750/750/750
f 560/560/560 559/559/559 747/747/747
f 560/560/560 572/572/572 152/152/152
f 560/560/560 152/152/152 140/140/140
f 560/560/560 140/140/140 139/139/139
f 560/560/560 139/139/139 559/559/559
f 141/141/141 55/55/55 153/153/153
f 172/172/172 182/182/182 82/82/82
f 773/773/773 589/589/589 601/601/601
f 169/169/169 77/77/77 181/181/181
f 592/592/592 778/778/778 602/602/602
f 142/142/142 156/156/156 59/59/59
f 561/561/561 573/573/573 752/752/752
f 562/562/562 755/755/755 576/576/576
f 79/79/79 56/56/56 58/58/58
f 79/79/79 58/58/58 81/81/81
f 182/182/182 602/602/602 601/601/601
f 182/182/182 601/601/601 181/181/181
f 182/182/182 77/77/77 82/82/82
f 182/182/182 181/181/181 77/77/77
f 171/171/171 80/80/80 57/57/57
f 171/171/171 57/57/57 155/155/155
f 775/775/775 574/574/574 590/590/590
f 775/775/775 752/752/752 574/574/574
f 773/773/773 601/601/601 602/602/602
f 773/773/773 602/602/602 778/778/778
f 169/169/169 181/181/181 601/601/601
f 169/169/169 601/601/601 589/589/589
f 170/170/170 590/590/590 574/574/574
f 170/170/170 574/574/574 154/154/154
f 170/170/170 55/55/55 78/78/78
f 170/170/170 154/154/154 55/55/55
f 753/753/753 751/751/751 774/774/774
f 753/753/753 774/774/774 776/776/776
f 591/591/591 754/754/754 777/777/777
f 591/591/591 575/575/575 754/754/754
f 592/592/592 602/602/602 182/182/182
f 592/592/592 182/182/182 172/172/172
f 591/591/591 171/171/171 155/155/155
f 591/591/591 155/155/155 575/575/575
f 142/142/142 59/59/59 55/55/55
f 142/142/142 55/55/55 141/141/141
f 561/561/561 153/153/153 573/573/573
f 561/561/561 141/141/141 153/153/153
f 562/562/562 752/752/752 755/755/755
f 562/562/562 561/561/561 752/752/752
f 562/562/562 576/576/576 156/156/156
f 562/562/562 156/156/156 142/142/142
f 562/562/562 142/142/142 141/141/141
f 562/562/562 141/141/141 561/561/561
f 143/143/143 60/60/60 157/157/157
f 176/176/176 184/184/184 88/88/88
f 779/779/779 593/593/593 603/603/603
f 173/173/173 83/83/83 183/183/183
f 596/596/596 784/784/784 604/604/604
f 144/144/144 160/160/160 64/64/64
f 563/563/563 577/577/577 757/757/757
f 564/564/564 760/760/760 580/580/580
f 85/85/85 61/61/61 63/63/63
f 85/85/85 63/63/63 87/87/87
f 184/184/184 604/604/604 603/603/603
f 184/184/184 603/603/603 183/183/183
f 184/184/184 83/83/83 88/88/88
f 184/184/184 183/183/183 83/83/83
f 175/175/175 86/86/86 62/62/62
f 175/175/175 62/62/62 159/159/159
f 781/781/781 578/578/578 594/594/594
f 781/781/781 757/757/757 578/578/578
f 779/779/779 603/603/603 604/604/604
f 779/779/779 604/604/604 784/784/784
f 173/173/173 183/183/183 603/603/603
f 173/173/173 603/603/603 593/593/593
f 174/174/174 594/594/594 578/578/578
f 174/174/174 578/578/578 158/158/158
f 174/174/174 60/60/60 84/84/84
f 174/174/174 158/158/158 60/60/60
f 758/758/758 756/756/756 780/780/780
f 758/758/758 780/780/780 782/782/782
f 595/595/595 759/759/759 783/783/783
f 595/595/595 579/579/579 759/759/759
f 596/596/596 604/604/604 184/184/184
f 596/596/596 184/184/184 176/176/176
f 595/595/595 175/175/175 159/159/159
f 595/595/595 159/159/159 579/579/579
f 144/144/144 64/64/64 60/60/60
f 144/144/144 60/60/60 143/143/143
f 563/563/563 157/157/157 577/577/577
f 563/563/563 143/143/143 157/157/157
f 564/564/564 757/757/757 760/760/760
f 564/564/564 563/563/563 757/757/757
f 564/564/564 580/580/580 160/160/160
f 564/564/564 160/160/160 144/144/144
f 564/564/564 144/144/144 143/143/143
f 564/564/564 143/143/143 563/563/563
f 321/321/321 229/229/229 329/329/329
f 348/348/348 362/362/362 254/254/254
f 805/805/805 629/629/629 645/645/645
f 345/345/345 249/249/249 361/361/361
f 632/632/632 810/810/810 646/646/646
f 322/322/322 332/332/332 233/233/233
f 605/605/605 613/613/613 786/786/786
f 606/606/606 789/789/789 616/616/616
f 251/251/251 230/230/230 232/232/232
f 251/251/251 232/232/232 253/253/253
f 362/362/362 646/646/646 645/645/645
f 362/362/362 645/645/645 361/361/361
f 362/362/362 249/249/249 254/254/254
f 362/362/362 361/361/361 249/249/249
f 347/347/347 252/252/252 231/231/231
f 347/347/347 231/231/231 331/331/331
f 807/807/807 614/614/614 630/630/630
f 807/807/807 786/786/786 614/614/614
f 805/805/805 645/645/645 646/646/646
f 805/805/805 646/646/646 810/810/810
f 345/345/345 361/361/361 645/645/645
f 345/345/345 645/645/645 629/629/629
f 346/346/346 630/630/630 614/614/614
f 346/346/346 614/614/614 330/330/330
f 346/346/346 229/229/229 250/250/250
f 346/346/346 330/330/330 229/229/229
f 787/787/787 785/785/785 806/806/806
f 787/787/787 806/806/806 808/808/808
f 631/631/631 788/788/788 809/809/809
f 631/631/631 615/615/615 788/788/788
f 632/632/632 646/646/646 362/362/362
f 632/632/632 362/362/362 348/348/348
f 631/631/631 347/347/347 331/331/331
f 631/631/631 331/331/331 615/615/615
f 322/322/322 233/233/233 229/229/229
f 322/322/322 229/229/229 321/321/321
f 605/605/605 329/329/329 613/613/613
f 605/605/605 321/321/321 329/329/329
f 606/606/606 786/786/786 789/789/789
f 606/606/606 605/605/605 786/786/786
f 606/606/606 616/616/616 332/332/332
f 606/606/606 332/332/332 322/322/322
f 606/606/606 322/322/322 321/321/321
f 606/606/606 321/321/321 605/605/605
f 323/323/323 234/234/234 333/333/333
f 352/352/352 364/364/364 260/260/260
f 811/811/811 633/633/633 647/647/647
f 349/349/349 255/255/255 363/363/363
f 636/636/636 816/816/816 648/648/648
f 324/324/324 336/336/336 238/238/238
f 607/607/607 617/617/617 791/791/791
f 608/608/608 794/794/794 620/620/620
f 257/257/257 235/235/235 237/237/237
f 257/257/257 237/237/237 259/259/259
f 364/364/364 648/648/648 647/647/647
f 364/364/364 647/647/647 363/363/363
f 364/364/364 255/255/255 260/260/260
f 364/364/364 363/363/363 255/255/255
f 351/351/351 258/258/258 236/236/236
f 351/351/351 236/236/236 335/335/335
f 813/813/813 618/618/618 634/634/634
f 813/813/813 791/791/791 618/618/618
f 811/811/811 647/647/647 648/648/648
f 811/811/811 648/648/648 816/816/816
f 349/349/349 363/363/363 647/647/647
f 349/349/349 647/647/647 633/633/633
f 350/350/350 634/634/634 618/618/618
f 350/350/350 618/618/618 334/334/334
f 350/350/350 234/234/234 256/256/256
f 350/350/350 334/334/334 234/234/234
f 792/792/792 790/790/790 812/812/812
f 792/792/792 812/812/812 814/814/814
f 635/635/635 793/793/793 815/815/815
f 635/635/635 619/619/619 793/793/793
f 636/636/636 648/648/648 364/364/364
f 636/636/636 364/364/364 352/352/352
f 635/635/635 351/351/351 335/335/335
f 635/635/635 335/335/335 619/619/619
f 324/324/324 238/238/238 234/234/234
f 324/324/324 234/234/234 323/323/323
f 607/607/607 333/333/333 617/617/617
f 607/607/607 323/323/323 333/333/333
f 608/608/608 791/791/791 794/794/794
f 608/608/608 607/607/607 791/791/791
f 608/608/608 620/620/620 336/336/336
f 608/608/608 336/336/336 324/324/324
f 608/608/608 324/324/324 323/323/323
f 608/608/608 323/323/323 607/607/607
f 325/325/325 239/239/239 337/337/337
f 356/356/356 366/366/366 266/266/266
f 817/817/817 637/637/637 649/649/649
f 353/353/353 261/261/261 365/365/365
f 640/640/640 822/822/822 650/650/650
f 326/326/326 340/340/340 243/243/243
f 609/609/609 621/621/621 796/796/796
f 610/610/610 799/799/799 624/624/624
f 263/263/263 240/240/240 242/242/242
f 263/263/263 242/242/242 265/265/265
f 366/366/366 650/650/650 649/649/649
f 366/366/366 649/649/649 365/365/365
f 366/366/366 261/261/261 266/266/266
f 366/366/366 365/365/365 261/261/261
f 355/355/355 264/264/264 241/241/241
f 355/355/355 241/241/241 339/339/339
f 819/819/819 622/622/622 638/638/638
f 819/819/819 796/796/796 622/622/622
f 817/817/817 649/649/649 650/650/650
f 817/817/817 650/650/650 822/822/822
f 353/353/353 365/365/365 649/649/649
f 353/353/353 649/649/649 637/637/637
f 354/354/354 638/638/638 622/622/622
f 354/354/354 622/622/622 338/338/338
f 354/354/354 239/239/239 262/262/262
f 354/354/354 338/338/338 239/239/239
f 797/797/797 795/795/795 818/818/818
f 797/797/797 818/818/818 820/820/820
f 639/639/639 798/798/798 821/821/821
f 639/639/639 623/623/623 798/798/798
f 640/640/640 650/650/650 366/366/366
f 640/640/640 366/366/366 356/356/356
f 639/639/639 355/355/355 339/339/339
f 639/639/639 339/339/339 623/623/623
f 326/326/326 243/243/243 239/239/239
f 326/326/326 239/239/239 325/325/325
f 609/609/609 337/337/337 621/621/621
f 609/609/609 325/325/325 337/337/337
f 610/610/610 796/796/796 799/799/799
f 610/610/610 609/609/609 796/796/796
f 610/610/610 624/624/624 340/340/340
f 610/610/610 340/340/340 326/326/326
f 610/610/610 326/326/326 325/325/325
f 610/610/610 325/325/325 609/609/609
f 327/327/327 244/244/244 341/341/341
f 360/360/360 368/368/368 272/272/272
f 823/823/823 641/641/641 651/651/651
f 357/357/357 267/267/267 367/367/367
f 644/644/644 828/828/828 652/652/652
f 328/328/328 344/344/344 248/248/248
f 611/611/611 625/625/625 801/801/801
f 612/612/612 804/804/804 628/628/628
f 269/269/269 245/245/245 247/247/247
f 269/269/269 247/247/247 271/271/271
f 368/368/368 652/652/652 651/651/651
f 368/368/368 651/651/651 367/367/367
f 368/368/368 267/267/267 272/272/272
f 368/368/368 367/367/367 267/267/267
f 359/359/359 270/270/270 246/246/246
f 359/359/359 246/246/246 343/343/343
f 825/825/825 626/626/626 642/642/642
f 825/825/825 801/801/801 626/626/626
f 823/823/823 651/651/651 652/652/652
f 823/823/823 652/652/652 828/828/828
f 357/357/357 367/367/367 651/651/651
f 357/357/357 651/651/651 641/641/641
f 358/358/358 642/642/642 626/626/626
f 358/358/358 626/626/626 342/342/342
f 358/358/358 244/244/244 268/268/268
f 358/358/358 342/342/342 244/244/244
f 802/802/802 800/800/800 824/824/824
f 802/802/802 824/824/824 826/826/826
f 643/643/643 803/803/803 827/827/827
f 643/643/643 627/627/627 803/803/803
f 644/644/644 652/652/652 368/368/368
f 644/644/644 368/368/368 360/360/360
f 643/643/643 359/359/359 343/343/343
f 643/643/643 343/343/343 627/627/627
f 328/328/328 248/248/248 244/244/244
f 328/328/328 244/244/244 327/327/327
f 611/611/611 341/341/341 625/625/625
f 611/611/611 327/327/327 341/341/341
f 612/612/612 801/801/801 804/804/804
f 612/612/612 611/611/611 801/801/801
f 612/612/612 628/628/628 344/344/344
f 612/612/612 344/344/344 328/328/328
f 612/612/612 328/328/328 327/327/327
f 612/612/612 327/327/327 611/611/611
f 414/414/414 409/409/409 405/405/405
f 373/373/373 369/369/369 377/377/377
f 386/386/386 390/390/390 372/372/372
f 413/413/413 401/401/401 407/407/407
f 382/382/382 371/371/371 388/388/388
f 375/375/375 380/380/380 370/370/370
f 391/391/391 395/395/395 411/411/411
f 393/393/393 412/412/412 399/399/399
f 371/371/371 369/369/369 370/370/370
f 371/371/371 370/370/370 372/372/372
f 389/389/389 410/410/410 408/408/408
f 389/389/389 408/408/408 387/387/387
f 390/390/390 371/371/371 372/372/372
f 390/390/390 388/388/388 371/371/371
f 386/386/386 372/372/372 370/370/370
f 386/386/386 370/370/370 380/380/380
f 384/384/384 410/410/410 389/389/389
f 384/384/384 406/406/406 410/410/410
f 413/413/413 395/395/395 401/401/401
f 413/413/413 411/411/411 395/395/395
f 413/413/413 412/412/412 411/411/411
f 413/413/413 414/414/414 412/412/412
f 413/413/413 407/407/407 409/409/409
f 413/413/413 409/409/409 414/414/414
f 381/381/381 387/387/387 408/408/408
f 381/381/381 408/408/408 403/403/403
f 383/383/383 402/402/402 396/396/396
f 383/383/383 396/396/396 378/378/378
f 382/382/382 369/369/369 371/371/371
f 382/382/382 377/377/377 369/369/369
f 398/398/398 385/385/385 379/379/379
f 398/398/398 404/404/404 385/385/385
f 399/399/399 412/412/412 414/414/414
f 399/399/399 414/414/414 405/405/405
f 375/375/375 370/370/370 369/369/369
f 375/375/375 369/369/369 373/373/373
f 392/392/392 377/377/377 397/397/397
f 392/392/392 374/374/374 377/377/377
f 394/394/394 400/400/400 380/380/380
f 394/394/394 380/380/380 376/376/376
f 393/393/393 411/411/411 412/412/412
f 393/393/393 391/391/391 411/411/411
f 394/394/394 376/376/376 374/374/374
f 394/394/394 374/374/374 392/392/392
f 460/460/460 455/455/455 451/451/451
f 419/419/419 415/415/415 423/423/423
f 432/432/432 436/436/436 418/418/418
f 459/459/459 447/447/447 453/453/453
f 428/428/428 417/417/417 434/434/434
f 421/421/421 426/426/426 416/416/416
f 437/437/437 441/441/441 457/457/457
f 439/439/439 458/458/458 445/445/445
f 417/417/417 415/415/415 416/416/416
f 417/417/417 416/416/416 418/418/418
f 435/435/435 456/456/456 454/454/454
f 435/435/435 454/454/454 433/433/433
f 436/436/436 417/417/417 418/418/418
f 436/436/436 434/434/434 417/417/417
f 432/432/432 418/418/418 416/416/416
f 432/432/432 416/416/416 426/426/426
f 430/430/430 456/456/456 435/435/435
f 430/430/430 452/452/452 456/456/456
f 459/459/459 441/441/441 447/447/447
f 459/459/459 457/457/457 441/441/441
f 459/459/459 458/458/458 457/457/457
f 459/459/459 460/460/460 458/458/458
f 459/459/459 453/453/453 455/455/455
f 459/459/459 455/455/455 460/460/460
f 427/427/427 433/433/433 454/454/454
f 427/427/427 454/454/454 449/449/449
f 429/429/429 448/448/448 442/442/442
f 429/429/429 442/442/442 424/424/424
f 428/428/428 415/415/415 417/417/417
f 428/428/428 423/423/423 415/415/415
f 444/444/444 431/431/431 425/425/425
f 444/444/444 450/450/450 431/431/431
f 445/445/445 458/458/458 460/460/460
f 445/445/445 460/460/460 451/451/451
f 421/421/421 416/416/416 415/415/415
f 421/421/421 415/415/415 419/419/419
f 438/438/438 423/423/423 443/443/443
f 438/438/438 420/420/420 423/423/423
f 440/440/440 446/446/446 426/426/426
f 440/440/440 426/426/426 422/422/422
f 439/439/439 457/457/457 458/458/458
f 439/439/439 437/437/437 457/457/457
f 440/440/440 422/422/422 420/420/420
f 440/440/440 420/420/420 438/438/438
