# metres; Y up; ground-centred pivot
mtllib 22_Carro_Mano.mtl
v -1.4311973 0.5066695 -0.4661000
v -1.4311973 0.5066695 -0.4661000
v -1.4311973 0.5066695 -0.4139000
v -1.4311973 0.5066695 -0.4139000
v -1.4311973 0.5066695 -0.4139000
v -1.4311973 0.5066695 0.4139000
v -1.4311973 0.5066695 0.4139000
v -1.4311973 0.5066695 0.4661000
v -1.4311973 0.5066695 0.4661000
v -1.4311973 0.5066695 0.4661000
v -1.4242478 0.4549341 -0.4661000
v -1.4242478 0.4549341 -0.4661000
v -1.4242478 0.4549341 -0.4661000
v -1.4242478 0.4549341 -0.4139000
v -1.4242478 0.4549341 -0.4139000
v -1.4242478 0.4549341 0.4139000
v -1.4242478 0.4549341 0.4139000
v -1.4242478 0.4549341 0.4139000
v -1.4242478 0.4549341 0.4661000
v -1.4242478 0.4549341 0.4661000
v -1.4149818 0.5279174 -0.4661000
v -1.4149818 0.5279174 -0.4139000
v -1.4149818 0.5279174 0.4139000
v -1.4149818 0.5279174 0.4661000
v -1.4124656 0.5091857 -0.4850000
v -1.4124656 0.5091857 -0.4850000
v -1.4124656 0.5091857 -0.3950000
v -1.4124656 0.5091857 -0.3950000
v -1.4124656 0.5091857 0.3950000
v -1.4124656 0.5091857 0.3950000
v -1.4124656 0.5091857 0.4850000
v -1.4124656 0.5091857 0.4850000
v -1.4055160 0.4574503 -0.4850000
v -1.4055160 0.4574503 -0.4850000
v -1.4055160 0.4574503 -0.3950000
v -1.4055160 0.4574503 -0.3950000
v -1.4055160 0.4574503 0.3950000
v -1.4055160 0.4574503 0.3950000
v -1.4055160 0.4574503 0.4850000
v -1.4055160 0.4574503 0.4850000
v -1.4029998 0.4387186 -0.4661000
v -1.4029998 0.4387186 -0.4139000
v -1.4029998 0.4387186 0.4139000
v -1.4029998 0.4387186 0.4661000
v -0.2688027 0.8567000 -0.5403000
v -0.2688027 0.8567000 -0.5403000
v -0.2688027 0.8567000 -0.4997000
v -0.2688027 0.8567000 -0.4997000
v -0.2688027 0.8567000 -0.4997000
v -0.2688027 0.8567000 0.4997000
v -0.2688027 0.8567000 0.4997000
v -0.2688027 0.8567000 0.5403000
v -0.2688027 0.8567000 0.5403000
v -0.2688027 0.8567000 0.5403000
v -0.2688027 0.9873000 -0.5403000
v -0.2688027 0.9873000 -0.5403000
v -0.2688027 0.9873000 -0.5403000
v -0.2688027 0.9873000 -0.4997000
v -0.2688027 0.9873000 -0.4997000
v -0.2688027 0.9873000 -0.4997000
v -0.2688027 0.9873000 0.4997000
v -0.2688027 0.9873000 0.4997000
v -0.2688027 0.9873000 0.4997000
v -0.2688027 0.9873000 0.5403000
v -0.2688027 0.9873000 0.5403000
v -0.2688027 0.9873000 0.5403000
v -0.2688027 1.0967000 -0.5403000
v -0.2688027 1.0967000 -0.5403000
v -0.2688027 1.0967000 -0.4997000
v -0.2688027 1.0967000 -0.4997000
v -0.2688027 1.0967000 -0.4997000
v -0.2688027 1.0967000 0.4997000
v -0.2688027 1.0967000 0.4997000
v -0.2688027 1.0967000 0.5403000
v -0.2688027 1.0967000 0.5403000
v -0.2688027 1.0967000 0.5403000
v -0.2688027 1.2273000 -0.5403000
v -0.2688027 1.2273000 -0.5403000
v -0.2688027 1.2273000 -0.5403000
v -0.2688027 1.2273000 -0.4997000
v -0.2688027 1.2273000 -0.4997000
v -0.2688027 1.2273000 -0.4997000
v -0.2688027 1.2273000 0.4997000
v -0.2688027 1.2273000 0.4997000
v -0.2688027 1.2273000 0.4997000
v -0.2688027 1.2273000 0.5403000
v -0.2688027 1.2273000 0.5403000
v -0.2688027 1.2273000 0.5403000
v -0.2541027 0.8420000 -0.5403000
v -0.2541027 0.8420000 -0.5403000
v -0.2541027 0.8420000 -0.4997000
v -0.2541027 0.8420000 -0.4997000
v -0.2541027 0.8420000 0.4997000
v -0.2541027 0.8420000 0.4997000
v -0.2541027 0.8420000 0.5403000
v -0.2541027 0.8420000 0.5403000
v -0.2541027 0.8567000 -0.5550000
v -0.2541027 0.8567000 -0.4850000
v -0.2541027 0.8567000 0.4850000
v -0.2541027 0.8567000 0.5550000
v -0.2541027 0.9873000 -0.5550000
v -0.2541027 0.9873000 -0.4850000
v -0.2541027 0.9873000 0.4850000
v -0.2541027 0.9873000 0.5550000
v -0.2541027 1.0020000 -0.5403000
v -0.2541027 1.0020000 -0.5403000
v -0.2541027 1.0020000 -0.4997000
v -0.2541027 1.0020000 -0.4997000
v -0.2541027 1.0020000 0.4997000
v -0.2541027 1.0020000 0.4997000
v -0.2541027 1.0020000 0.5403000
v -0.2541027 1.0020000 0.5403000
v -0.2541027 1.0820000 -0.5403000
v -0.2541027 1.0820000 -0.5403000
v -0.2541027 1.0820000 -0.4997000
v -0.2541027 1.0820000 -0.4997000
v -0.2541027 1.0820000 0.4997000
v -0.2541027 1.0820000 0.4997000
v -0.2541027 1.0820000 0.5403000
v -0.2541027 1.0820000 0.5403000
v -0.2541027 1.0967000 -0.5550000
v -0.2541027 1.0967000 -0.4850000
v -0.2541027 1.0967000 0.4850000
v -0.2541027 1.0967000 0.5550000
v -0.2541027 1.2273000 -0.5550000
v -0.2541027 1.2273000 -0.4850000
v -0.2541027 1.2273000 0.4850000
v -0.2541027 1.2273000 0.5550000
v -0.2541027 1.2420000 -0.5403000
v -0.2541027 1.2420000 -0.5403000
v -0.2541027 1.2420000 -0.4997000
v -0.2541027 1.2420000 -0.4997000
v -0.2541027 1.2420000 0.4997000
v -0.2541027 1.2420000 0.4997000
v -0.2541027 1.2420000 0.5403000
v -0.2541027 1.2420000 0.5403000
v -0.2188027 0.7059000 -0.5061000
v -0.2188027 0.7059000 -0.5061000
v -0.2188027 0.7059000 -0.4139000
v -0.2188027 0.7059000 -0.4139000
v -0.2188027 0.7059000 -0.4139000
v -0.2188027 0.7059000 -0.3527667
v -0.2188027 0.7059000 -0.3527667
v -0.2188027 0.7059000 -0.2605667
v -0.2188027 0.7059000 -0.2605667
v -0.2188027 0.7059000 -0.2605667
v -0.2188027 0.7059000 -0.1994333
v -0.2188027 0.7059000 -0.1994333
v -0.2188027 0.7059000 -0.1072333
v -0.2188027 0.7059000 -0.1072333
v -0.2188027 0.7059000 -0.1072333
v -0.2188027 0.7059000 -0.0461000
v -0.2188027 0.7059000 -0.0461000
v -0.2188027 0.7059000 0.0461000
v -0.2188027 0.7059000 0.0461000
v -0.2188027 0.7059000 0.0461000
v -0.2188027 0.7059000 0.1072333
v -0.2188027 0.7059000 0.1072333
v -0.2188027 0.7059000 0.1994333
v -0.2188027 0.7059000 0.1994333
v -0.2188027 0.7059000 0.1994333
v -0.2188027 0.7059000 0.2605667
v -0.2188027 0.7059000 0.2605667
v -0.2188027 0.7059000 0.3527667
v -0.2188027 0.7059000 0.3527667
v -0.2188027 0.7059000 0.3527667
v -0.2188027 0.7059000 0.4139000
v -0.2188027 0.7059000 0.4139000
v -0.2188027 0.7059000 0.5061000
v -0.2188027 0.7059000 0.5061000
v -0.2188027 0.7059000 0.5061000
v -0.2188027 0.7581000 -0.5061000
v -0.2188027 0.7581000 -0.5061000
v -0.2188027 0.7581000 -0.5061000
v -0.2188027 0.7581000 -0.4139000
v -0.2188027 0.7581000 -0.4139000
v -0.2188027 0.7581000 -0.4139000
v -0.2188027 0.7581000 -0.3527667
v -0.2188027 0.7581000 -0.3527667
v -0.2188027 0.7581000 -0.3527667
v -0.2188027 0.7581000 -0.2605667
v -0.2188027 0.7581000 -0.2605667
v -0.2188027 0.7581000 -0.2605667
v -0.2188027 0.7581000 -0.1994333
v -0.2188027 0.7581000 -0.1994333
v -0.2188027 0.7581000 -0.1994333
v -0.2188027 0.7581000 -0.1072333
v -0.2188027 0.7581000 -0.1072333
v -0.2188027 0.7581000 -0.1072333
v -0.2188027 0.7581000 -0.0461000
v -0.2188027 0.7581000 -0.0461000
v -0.2188027 0.7581000 -0.0461000
v -0.2188027 0.7581000 0.0461000
v -0.2188027 0.7581000 0.0461000
v -0.2188027 0.7581000 0.0461000
v -0.2188027 0.7581000 0.1072333
v -0.2188027 0.7581000 0.1072333
v -0.2188027 0.7581000 0.1072333
v -0.2188027 0.7581000 0.1994333
v -0.2188027 0.7581000 0.1994333
v -0.2188027 0.7581000 0.1994333
v -0.2188027 0.7581000 0.2605667
v -0.2188027 0.7581000 0.2605667
v -0.2188027 0.7581000 0.2605667
v -0.2188027 0.7581000 0.3527667
v -0.2188027 0.7581000 0.3527667
v -0.2188027 0.7581000 0.3527667
v -0.2188027 0.7581000 0.4139000
v -0.2188027 0.7581000 0.4139000
v -0.2188027 0.7581000 0.4139000
v -0.2188027 0.7581000 0.5061000
v -0.2188027 0.7581000 0.5061000
v -0.2188027 0.7581000 0.5061000
v -0.2138027 0.6659000 -0.5361000
v -0.2138027 0.6659000 -0.4839000
v -0.2138027 0.6659000 0.4839000
v -0.2138027 0.6659000 0.5361000
v -0.2138027 1.3581000 -0.5361000
v -0.2138027 1.3581000 -0.4839000
v -0.2138027 1.3581000 0.4839000
v -0.2138027 1.3581000 0.5361000
v -0.1999027 0.6870000 -0.5061000
v -0.1999027 0.6870000 -0.4139000
v -0.1999027 0.6870000 -0.3527667
v -0.1999027 0.6870000 -0.2605667
v -0.1999027 0.6870000 -0.1994333
v -0.1999027 0.6870000 -0.1072333
v -0.1999027 0.6870000 -0.0461000
v -0.1999027 0.6870000 0.0461000
v -0.1999027 0.6870000 0.1072333
v -0.1999027 0.6870000 0.1994333
v -0.1999027 0.6870000 0.2605667
v -0.1999027 0.6870000 0.3527667
v -0.1999027 0.6870000 0.4139000
v -0.1999027 0.6870000 0.5061000
v -0.1999027 0.7059000 -0.5250000
v -0.1999027 0.7059000 -0.5250000
v -0.1999027 0.7059000 -0.3950000
v -0.1999027 0.7059000 -0.3950000
v -0.1999027 0.7059000 -0.3716667
v -0.1999027 0.7059000 -0.3716667
v -0.1999027 0.7059000 -0.2416667
v -0.1999027 0.7059000 -0.2416667
v -0.1999027 0.7059000 -0.2183333
v -0.1999027 0.7059000 -0.2183333
v -0.1999027 0.7059000 -0.0883333
v -0.1999027 0.7059000 -0.0883333
v -0.1999027 0.7059000 -0.0650000
v -0.1999027 0.7059000 -0.0650000
v -0.1999027 0.7059000 0.0650000
v -0.1999027 0.7059000 0.0650000
v -0.1999027 0.7059000 0.0883333
v -0.1999027 0.7059000 0.0883333
v -0.1999027 0.7059000 0.2183333
v -0.1999027 0.7059000 0.2183333
v -0.1999027 0.7059000 0.2416667
v -0.1999027 0.7059000 0.2416667
v -0.1999027 0.7059000 0.3716667
v -0.1999027 0.7059000 0.3716667
v -0.1999027 0.7059000 0.3950000
v -0.1999027 0.7059000 0.3950000
v -0.1999027 0.7059000 0.5250000
v -0.1999027 0.7059000 0.5250000
v -0.1999027 0.7581000 -0.5250000
v -0.1999027 0.7581000 -0.5250000
v -0.1999027 0.7581000 -0.3950000
v -0.1999027 0.7581000 -0.3950000
v -0.1999027 0.7581000 -0.3716667
v -0.1999027 0.7581000 -0.3716667
v -0.1999027 0.7581000 -0.2416667
v -0.1999027 0.7581000 -0.2416667
v -0.1999027 0.7581000 -0.2183333
v -0.1999027 0.7581000 -0.2183333
v -0.1999027 0.7581000 -0.0883333
v -0.1999027 0.7581000 -0.0883333
v -0.1999027 0.7581000 -0.0650000
v -0.1999027 0.7581000 -0.0650000
v -0.1999027 0.7581000 0.0650000
v -0.1999027 0.7581000 0.0650000
v -0.1999027 0.7581000 0.0883333
v -0.1999027 0.7581000 0.0883333
v -0.1999027 0.7581000 0.2183333
v -0.1999027 0.7581000 0.2183333
v -0.1999027 0.7581000 0.2416667
v -0.1999027 0.7581000 0.2416667
v -0.1999027 0.7581000 0.3716667
v -0.1999027 0.7581000 0.3716667
v -0.1999027 0.7581000 0.3950000
v -0.1999027 0.7581000 0.3950000
v -0.1999027 0.7581000 0.5250000
v -0.1999027 0.7581000 0.5250000
v -0.1999027 0.7770000 -0.5061000
v -0.1999027 0.7770000 -0.4139000
v -0.1999027 0.7770000 -0.3527667
v -0.1999027 0.7770000 -0.2605667
v -0.1999027 0.7770000 -0.1994333
v -0.1999027 0.7770000 -0.1072333
v -0.1999027 0.7770000 -0.0461000
v -0.1999027 0.7770000 0.0461000
v -0.1999027 0.7770000 0.1072333
v -0.1999027 0.7770000 0.1994333
v -0.1999027 0.7770000 0.2605667
v -0.1999027 0.7770000 0.3527667
v -0.1999027 0.7770000 0.4139000
v -0.1999027 0.7770000 0.5061000
v -0.1949027 0.6470000 -0.5361000
v -0.1949027 0.6470000 -0.5361000
v -0.1949027 0.6470000 -0.4839000
v -0.1949027 0.6470000 -0.4839000
v -0.1949027 0.6470000 -0.4839000
v -0.1949027 0.6470000 0.4839000
v -0.1949027 0.6470000 0.4839000
v -0.1949027 0.6470000 0.5361000
v -0.1949027 0.6470000 0.5361000
v -0.1949027 0.6470000 0.5361000
v -0.1949027 0.6659000 -0.5550000
v -0.1949027 0.6659000 -0.5550000
v -0.1949027 0.6659000 -0.4650000
v -0.1949027 0.6659000 -0.4650000
v -0.1949027 0.6659000 0.4650000
v -0.1949027 0.6659000 0.4650000
v -0.1949027 0.6659000 0.5550000
v -0.1949027 0.6659000 0.5550000
v -0.1949027 1.3581000 -0.5550000
v -0.1949027 1.3581000 -0.5550000
v -0.1949027 1.3581000 -0.4650000
v -0.1949027 1.3581000 -0.4650000
v -0.1949027 1.3581000 0.4650000
v -0.1949027 1.3581000 0.4650000
v -0.1949027 1.3581000 0.5550000
v -0.1949027 1.3581000 0.5550000
v -0.1949027 1.3770000 -0.5361000
v -0.1949027 1.3770000 -0.5361000
v -0.1949027 1.3770000 -0.4839000
v -0.1949027 1.3770000 -0.4839000
v -0.1949027 1.3770000 -0.4839000
v -0.1949027 1.3770000 0.4839000
v -0.1949027 1.3770000 0.4839000
v -0.1949027 1.3770000 0.5361000
v -0.1949027 1.3770000 0.5361000
v -0.1949027 1.3770000 0.5361000
v -0.1427027 0.6470000 -0.5361000
v -0.1427027 0.6470000 -0.5361000
v -0.1427027 0.6470000 -0.5361000
v -0.1427027 0.6470000 -0.4839000
v -0.1427027 0.6470000 -0.4839000
v -0.1427027 0.6470000 0.4839000
v -0.1427027 0.6470000 0.4839000
v -0.1427027 0.6470000 0.4839000
v -0.1427027 0.6470000 0.5361000
v -0.1427027 0.6470000 0.5361000
v -0.1427027 0.6659000 -0.5550000
v -0.1427027 0.6659000 -0.5550000
v -0.1427027 0.6659000 -0.4650000
v -0.1427027 0.6659000 -0.4650000
v -0.1427027 0.6659000 0.4650000
v -0.1427027 0.6659000 0.4650000
v -0.1427027 0.6659000 0.5550000
v -0.1427027 0.6659000 0.5550000
v -0.1427027 1.3581000 -0.5550000
v -0.1427027 1.3581000 -0.5550000
v -0.1427027 1.3581000 -0.4650000
v -0.1427027 1.3581000 -0.4650000
v -0.1427027 1.3581000 0.4650000
v -0.1427027 1.3581000 0.4650000
v -0.1427027 1.3581000 0.5550000
v -0.1427027 1.3581000 0.5550000
v -0.1427027 1.3770000 -0.5361000
v -0.1427027 1.3770000 -0.5361000
v -0.1427027 1.3770000 -0.5361000
v -0.1427027 1.3770000 -0.4839000
v -0.1427027 1.3770000 -0.4839000
v -0.1427027 1.3770000 0.4839000
v -0.1427027 1.3770000 0.4839000
v -0.1427027 1.3770000 0.4839000
v -0.1427027 1.3770000 0.5361000
v -0.1427027 1.3770000 0.5361000
v -0.1238027 0.6659000 -0.5361000
v -0.1238027 0.6659000 -0.4839000
v -0.1238027 0.6659000 0.4839000
v -0.1238027 0.6659000 0.5361000
v -0.1238027 1.3581000 -0.5361000
v -0.1238027 1.3581000 -0.4839000
v -0.1238027 1.3581000 0.4839000
v -0.1238027 1.3581000 0.5361000
v -0.0946055 0.7052814 -0.4661000
v -0.0946055 0.7052814 -0.4139000
v -0.0946055 0.7052814 0.4139000
v -0.0946055 0.7052814 0.4661000
v -0.0920893 0.6865497 -0.4850000
v -0.0920893 0.6865497 -0.4850000
v -0.0920893 0.6865497 -0.3950000
v -0.0920893 0.6865497 -0.3950000
v -0.0920893 0.6865497 0.3950000
v -0.0920893 0.6865497 0.3950000
v -0.0920893 0.6865497 0.4850000
v -0.0920893 0.6865497 0.4850000
v -0.0851398 0.6348143 -0.4850000
v -0.0851398 0.6348143 -0.4850000
v -0.0851398 0.6348143 -0.3950000
v -0.0851398 0.6348143 -0.3950000
v -0.0851398 0.6348143 0.3950000
v -0.0851398 0.6348143 0.3950000
v -0.0851398 0.6348143 0.4850000
v -0.0851398 0.6348143 0.4850000
v -0.0826236 0.6160826 -0.4661000
v -0.0826236 0.6160826 -0.4139000
v -0.0826236 0.6160826 0.4139000
v -0.0826236 0.6160826 0.4661000
v -0.0733576 0.6890659 -0.4661000
v -0.0733576 0.6890659 -0.4661000
v -0.0733576 0.6890659 -0.4139000
v -0.0733576 0.6890659 -0.4139000
v -0.0733576 0.6890659 -0.4139000
v -0.0733576 0.6890659 0.4139000
v -0.0733576 0.6890659 0.4139000
v -0.0733576 0.6890659 0.4661000
v -0.0733576 0.6890659 0.4661000
v -0.0733576 0.6890659 0.4661000
v -0.0664080 0.6373305 -0.4661000
v -0.0664080 0.6373305 -0.4661000
v -0.0664080 0.6373305 -0.4661000
v -0.0664080 0.6373305 -0.4139000
v -0.0664080 0.6373305 -0.4139000
v -0.0664080 0.6373305 0.4139000
v -0.0664080 0.6373305 0.4139000
v -0.0664080 0.6373305 0.4139000
v -0.0664080 0.6373305 0.4661000
v -0.0664080 0.6373305 0.4661000
v 0.2191973 0.5120000 -0.7550000
v 0.2191973 0.5120000 -0.7550000
v 0.2191973 0.5120000 -0.6250000
v 0.2191973 0.5120000 -0.6250000
v 0.2191973 0.5120000 0.6250000
v 0.2191973 0.5120000 0.6250000
v 0.2191973 0.5120000 0.7550000
v 0.2191973 0.5120000 0.7550000
v 0.2290353 0.4121138 -0.7550000
v 0.2290353 0.4121138 -0.7550000
v 0.2290353 0.4121138 -0.6250000
v 0.2290353 0.4121138 -0.6250000
v 0.2290353 0.4121138 0.6250000
v 0.2290353 0.4121138 0.6250000
v 0.2290353 0.4121138 0.7550000
v 0.2290353 0.4121138 0.7550000
v 0.2290353 0.6118862 -0.7550000
v 0.2290353 0.6118862 -0.7550000
v 0.2290353 0.6118862 -0.6250000
v 0.2290353 0.6118862 -0.6250000
v 0.2290353 0.6118862 0.6250000
v 0.2290353 0.6118862 0.6250000
v 0.2290353 0.6118862 0.7550000
v 0.2290353 0.6118862 0.7550000
v 0.2311973 0.5120000 -0.7500000
v 0.2311973 0.5120000 -0.7500000
v 0.2311973 0.5120000 -0.6300000
v 0.2311973 0.5120000 -0.6300000
v 0.2311973 0.5120000 0.6300000
v 0.2311973 0.5120000 0.6300000
v 0.2311973 0.5120000 0.7500000
v 0.2311973 0.5120000 0.7500000
v 0.2408047 0.4144548 -0.7500000
v 0.2408047 0.4144548 -0.7500000
v 0.2408047 0.4144548 -0.6300000
v 0.2408047 0.4144548 -0.6300000
v 0.2408047 0.4144548 0.6300000
v 0.2408047 0.4144548 0.6300000
v 0.2408047 0.4144548 0.7500000
v 0.2408047 0.4144548 0.7500000
v 0.2408047 0.6095452 -0.7500000
v 0.2408047 0.6095452 -0.7500000
v 0.2408047 0.6095452 -0.6300000
v 0.2408047 0.6095452 -0.6300000
v 0.2408047 0.6095452 0.6300000
v 0.2408047 0.6095452 0.6300000
v 0.2408047 0.6095452 0.7500000
v 0.2408047 0.6095452 0.7500000
v 0.2411973 0.5120000 -0.7550000
v 0.2411973 0.5120000 -0.7550000
v 0.2411973 0.5120000 -0.6250000
v 0.2411973 0.5120000 -0.6250000
v 0.2411973 0.5120000 0.6250000
v 0.2411973 0.5120000 0.6250000
v 0.2411973 0.5120000 0.7550000
v 0.2411973 0.5120000 0.7550000
v 0.2506125 0.4164057 -0.7550000
v 0.2506125 0.4164057 -0.7550000
v 0.2506125 0.4164057 -0.6250000
v 0.2506125 0.4164057 -0.6250000
v 0.2506125 0.4164057 0.6250000
v 0.2506125 0.4164057 0.6250000
v 0.2506125 0.4164057 0.7550000
v 0.2506125 0.4164057 0.7550000
v 0.2506125 0.6075943 -0.7550000
v 0.2506125 0.6075943 -0.7550000
v 0.2506125 0.6075943 -0.6250000
v 0.2506125 0.6075943 -0.6250000
v 0.2506125 0.6075943 0.6250000
v 0.2506125 0.6075943 0.6250000
v 0.2506125 0.6075943 0.7550000
v 0.2506125 0.6075943 0.7550000
v 0.2581710 0.3160661 -0.7550000
v 0.2581710 0.3160661 -0.7550000
v 0.2581710 0.3160661 -0.6250000
v 0.2581710 0.3160661 -0.6250000
v 0.2581710 0.3160661 0.6250000
v 0.2581710 0.3160661 0.6250000
v 0.2581710 0.3160661 0.7550000
v 0.2581710 0.3160661 0.7550000
v 0.2581710 0.7079339 -0.7550000
v 0.2581710 0.7079339 -0.7550000
v 0.2581710 0.7079339 -0.6250000
v 0.2581710 0.7079339 -0.6250000
v 0.2581710 0.7079339 0.6250000
v 0.2581710 0.7079339 0.6250000
v 0.2581710 0.7079339 0.7550000
v 0.2581710 0.7079339 0.7550000
v 0.2692576 0.3206583 -0.7500000
v 0.2692576 0.3206583 -0.7500000
v 0.2692576 0.3206583 -0.6300000
v 0.2692576 0.3206583 -0.6300000
v 0.2692576 0.3206583 0.6300000
v 0.2692576 0.3206583 0.6300000
v 0.2692576 0.3206583 0.7500000
v 0.2692576 0.3206583 0.7500000
v 0.2692576 0.7033417 -0.7500000
v 0.2692576 0.7033417 -0.7500000
v 0.2692576 0.7033417 -0.6300000
v 0.2692576 0.7033417 -0.6300000
v 0.2692576 0.7033417 0.6300000
v 0.2692576 0.7033417 0.6300000
v 0.2692576 0.7033417 0.7500000
v 0.2692576 0.7033417 0.7500000
v 0.2784964 0.3244851 -0.7550000
v 0.2784964 0.3244851 -0.7550000
v 0.2784964 0.3244851 -0.6250000
v 0.2784964 0.3244851 -0.6250000
v 0.2784964 0.3244851 0.6250000
v 0.2784964 0.3244851 0.6250000
v 0.2784964 0.3244851 0.7550000
v 0.2784964 0.3244851 0.7550000
v 0.2784964 0.6995149 -0.7550000
v 0.2784964 0.6995149 -0.7550000
v 0.2784964 0.6995149 -0.6250000
v 0.2784964 0.6995149 -0.6250000
v 0.2784964 0.6995149 0.6250000
v 0.2784964 0.6995149 0.6250000
v 0.2784964 0.6995149 0.7550000
v 0.2784964 0.6995149 0.7550000
v 0.2871973 0.4945800 -0.7039200
v 0.2871973 0.4945800 -0.6760800
v 0.2871973 0.4945800 0.6760800
v 0.2871973 0.4945800 0.7039200
v 0.2871973 0.5294200 -0.7039200
v 0.2871973 0.5294200 -0.6760800
v 0.2871973 0.5294200 0.6760800
v 0.2871973 0.5294200 0.7039200
v 0.2972773 0.4845000 -0.7039200
v 0.2972773 0.4845000 -0.7039200
v 0.2972773 0.4845000 -0.7039200
v 0.2972773 0.4845000 -0.6760800
v 0.2972773 0.4845000 -0.6760800
v 0.2972773 0.4845000 -0.6760800
v 0.2972773 0.4845000 0.6760800
v 0.2972773 0.4845000 0.6760800
v 0.2972773 0.4845000 0.6760800
v 0.2972773 0.4845000 0.7039200
v 0.2972773 0.4845000 0.7039200
v 0.2972773 0.4845000 0.7039200
v 0.2972773 0.4945800 -0.7140000
v 0.2972773 0.4945800 -0.7140000
v 0.2972773 0.4945800 -0.6660000
v 0.2972773 0.4945800 -0.6660000
v 0.2972773 0.4945800 0.6660000
v 0.2972773 0.4945800 0.6660000
v 0.2972773 0.4945800 0.7140000
v 0.2972773 0.4945800 0.7140000
v 0.2972773 0.5294200 -0.7140000
v 0.2972773 0.5294200 -0.7140000
v 0.2972773 0.5294200 -0.6660000
v 0.2972773 0.5294200 -0.6660000
v 0.2972773 0.5294200 0.6660000
v 0.2972773 0.5294200 0.6660000
v 0.2972773 0.5294200 0.7140000
v 0.2972773 0.5294200 0.7140000
v 0.2972773 0.5395000 -0.7039200
v 0.2972773 0.5395000 -0.7039200
v 0.2972773 0.5395000 -0.7039200
v 0.2972773 0.5395000 -0.6760800
v 0.2972773 0.5395000 -0.6760800
v 0.2972773 0.5395000 -0.6760800
v 0.2972773 0.5395000 0.6760800
v 0.2972773 0.5395000 0.6760800
v 0.2972773 0.5395000 0.6760800
v 0.2972773 0.5395000 0.7039200
v 0.2972773 0.5395000 0.7039200
v 0.2972773 0.5395000 0.7039200
v 0.3054849 0.2275480 -0.7550000
v 0.3054849 0.2275480 -0.7550000
v 0.3054849 0.2275480 -0.6250000
v 0.3054849 0.2275480 -0.6250000
v 0.3054849 0.2275480 0.6250000
v 0.3054849 0.2275480 0.6250000
v 0.3054849 0.2275480 0.7550000
v 0.3054849 0.2275480 0.7550000
v 0.3054849 0.7964520 -0.7550000
v 0.3054849 0.7964520 -0.7550000
v 0.3054849 0.7964520 -0.6250000
v 0.3054849 0.7964520 -0.6250000
v 0.3054849 0.7964520 0.6250000
v 0.3054849 0.7964520 0.6250000
v 0.3054849 0.7964520 0.7550000
v 0.3054849 0.7964520 0.7550000
v 0.3154625 0.2342149 -0.7500000
v 0.3154625 0.2342149 -0.7500000
v 0.3154625 0.2342149 -0.6300000
v 0.3154625 0.2342149 -0.6300000
v 0.3154625 0.2342149 0.6300000
v 0.3154625 0.2342149 0.6300000
v 0.3154625 0.2342149 0.7500000
v 0.3154625 0.2342149 0.7500000
v 0.3154625 0.7897851 -0.7500000
v 0.3154625 0.7897851 -0.7500000
v 0.3154625 0.7897851 -0.6300000
v 0.3154625 0.7897851 -0.6300000
v 0.3154625 0.7897851 0.6300000
v 0.3154625 0.7897851 0.6300000
v 0.3154625 0.7897851 0.7500000
v 0.3154625 0.7897851 0.7500000
v 0.3161973 0.5120000 -0.7500000
v 0.3161973 0.5120000 -0.7500000
v 0.3161973 0.5120000 -0.6300000
v 0.3161973 0.5120000 -0.6300000
v 0.3161973 0.5120000 0.6300000
v 0.3161973 0.5120000 0.6300000
v 0.3161973 0.5120000 0.7500000
v 0.3161973 0.5120000 0.7500000
v 0.3237772 0.2397706 -0.7550000
v 0.3237772 0.2397706 -0.7550000
v 0.3237772 0.2397706 -0.6250000
v 0.3237772 0.2397706 -0.6250000
v 0.3237772 0.2397706 0.6250000
v 0.3237772 0.2397706 0.6250000
v 0.3237772 0.2397706 0.7550000
v 0.3237772 0.2397706 0.7550000
v 0.3237772 0.7842294 -0.7550000
v 0.3237772 0.7842294 -0.7550000
v 0.3237772 0.7842294 -0.6250000
v 0.3237772 0.7842294 -0.6250000
v 0.3237772 0.7842294 0.6250000
v 0.3237772 0.7842294 0.6250000
v 0.3237772 0.7842294 0.7550000
v 0.3237772 0.7842294 0.7550000
v 0.3241714 0.4310375 -0.7500000
v 0.3241714 0.4310375 -0.7500000
v 0.3241714 0.4310375 -0.6300000
v 0.3241714 0.4310375 -0.6300000
v 0.3241714 0.4310375 0.6300000
v 0.3241714 0.4310375 0.6300000
v 0.3241714 0.4310375 0.7500000
v 0.3241714 0.4310375 0.7500000
v 0.3241714 0.5929625 -0.7500000
v 0.3241714 0.5929625 -0.7500000
v 0.3241714 0.5929625 -0.6300000
v 0.3241714 0.5929625 -0.6300000
v 0.3241714 0.5929625 0.6300000
v 0.3241714 0.5929625 0.6300000
v 0.3241714 0.5929625 0.7500000
v 0.3241714 0.5929625 0.7500000
v 0.3379720 0.3050862 -0.7039200
v 0.3379720 0.3050862 -0.6760800
v 0.3379720 0.3050862 0.6760800
v 0.3379720 0.3050862 0.7039200
v 0.3379720 0.7189138 -0.7039200
v 0.3379720 0.7189138 -0.6760800
v 0.3379720 0.7189138 0.6760800
v 0.3379720 0.7189138 0.7039200
v 0.3416616 0.3188557 -0.7039200
v 0.3416616 0.3188557 -0.7039200
v 0.3416616 0.3188557 -0.7039200
v 0.3416616 0.3188557 -0.6760800
v 0.3416616 0.3188557 -0.6760800
v 0.3416616 0.3188557 -0.6760800
v 0.3416616 0.3188557 0.6760800
v 0.3416616 0.3188557 0.6760800
v 0.3416616 0.3188557 0.6760800
v 0.3416616 0.3188557 0.7039200
v 0.3416616 0.3188557 0.7039200
v 0.3416616 0.3188557 0.7039200
v 0.3416616 0.7051443 -0.7039200
v 0.3416616 0.7051443 -0.7039200
v 0.3416616 0.7051443 -0.7039200
v 0.3416616 0.7051443 -0.6760800
v 0.3416616 0.7051443 -0.6760800
v 0.3416616 0.7051443 -0.6760800
v 0.3416616 0.7051443 0.6760800
v 0.3416616 0.7051443 0.6760800
v 0.3416616 0.7051443 0.6760800
v 0.3416616 0.7051443 0.7039200
v 0.3416616 0.7051443 0.7039200
v 0.3416616 0.7051443 0.7039200
v 0.3467016 0.3101262 -0.7140000
v 0.3467016 0.3101262 -0.7140000
v 0.3467016 0.3101262 -0.6660000
v 0.3467016 0.3101262 -0.6660000
v 0.3467016 0.3101262 0.6660000
v 0.3467016 0.3101262 0.6660000
v 0.3467016 0.3101262 0.7140000
v 0.3467016 0.3101262 0.7140000
v 0.3467016 0.7138738 -0.7140000
v 0.3467016 0.7138738 -0.7140000
v 0.3467016 0.7138738 -0.6660000
v 0.3467016 0.7138738 -0.6660000
v 0.3467016 0.7138738 0.6660000
v 0.3467016 0.7138738 0.6660000
v 0.3467016 0.7138738 0.7140000
v 0.3467016 0.7138738 0.7140000
v 0.3477873 0.3531864 -0.7500000
v 0.3477873 0.3531864 -0.7500000
v 0.3477873 0.3531864 -0.6300000
v 0.3477873 0.3531864 -0.6300000
v 0.3477873 0.3531864 0.6300000
v 0.3477873 0.3531864 0.6300000
v 0.3477873 0.3531864 0.7500000
v 0.3477873 0.3531864 0.7500000
v 0.3477873 0.6708136 -0.7500000
v 0.3477873 0.6708136 -0.7500000
v 0.3477873 0.6708136 -0.6300000
v 0.3477873 0.6708136 -0.6300000
v 0.3477873 0.6708136 0.6300000
v 0.3477873 0.6708136 0.6300000
v 0.3477873 0.6708136 0.7500000
v 0.3477873 0.6708136 0.7500000
v 0.3553920 0.2749138 -0.7039200
v 0.3553920 0.2749138 -0.6760800
v 0.3553920 0.2749138 0.6760800
v 0.3553920 0.2749138 0.7039200
v 0.3553920 0.7490862 -0.7039200
v 0.3553920 0.7490862 -0.6760800
v 0.3553920 0.7490862 0.6760800
v 0.3553920 0.7490862 0.7039200
v 0.3641216 0.2799538 -0.7140000
v 0.3641216 0.2799538 -0.7140000
v 0.3641216 0.2799538 -0.6660000
v 0.3641216 0.2799538 -0.6660000
v 0.3641216 0.2799538 0.6660000
v 0.3641216 0.2799538 0.6660000
v 0.3641216 0.2799538 0.7140000
v 0.3641216 0.2799538 0.7140000
v 0.3641216 0.7440462 -0.7140000
v 0.3641216 0.7440462 -0.7140000
v 0.3641216 0.7440462 -0.6660000
v 0.3641216 0.7440462 -0.6660000
v 0.3641216 0.7440462 0.6660000
v 0.3641216 0.7440462 0.6660000
v 0.3641216 0.7440462 0.7140000
v 0.3641216 0.7440462 0.7140000
v 0.3691587 0.1499613 -0.7550000
v 0.3691587 0.1499613 -0.7550000
v 0.3691587 0.1499613 -0.6250000
v 0.3691587 0.1499613 -0.6250000
v 0.3691587 0.1499613 0.6250000
v 0.3691587 0.1499613 0.6250000
v 0.3691587 0.1499613 0.7550000
v 0.3691587 0.1499613 0.7550000
v 0.3691587 0.8740387 -0.7550000
v 0.3691587 0.8740387 -0.7550000
v 0.3691587 0.8740387 -0.6250000
v 0.3691587 0.8740387 -0.6250000
v 0.3691587 0.8740387 0.6250000
v 0.3691587 0.8740387 0.6250000
v 0.3691587 0.8740387 0.7550000
v 0.3691587 0.8740387 0.7550000
v 0.3691616 0.2712243 -0.7039200
v 0.3691616 0.2712243 -0.7039200
v 0.3691616 0.2712243 -0.7039200
v 0.3691616 0.2712243 -0.6760800
v 0.3691616 0.2712243 -0.6760800
v 0.3691616 0.2712243 -0.6760800
v 0.3691616 0.2712243 0.6760800
v 0.3691616 0.2712243 0.6760800
v 0.3691616 0.2712243 0.6760800
v 0.3691616 0.2712243 0.7039200
v 0.3691616 0.2712243 0.7039200
v 0.3691616 0.2712243 0.7039200
v 0.3691616 0.7527757 -0.7039200
v 0.3691616 0.7527757 -0.7039200
v 0.3691616 0.7527757 -0.7039200
v 0.3691616 0.7527757 -0.6760800
v 0.3691616 0.7527757 -0.6760800
v 0.3691616 0.7527757 -0.6760800
v 0.3691616 0.7527757 0.6760800
v 0.3691616 0.7527757 0.6760800
v 0.3691616 0.7527757 0.6760800
v 0.3691616 0.7527757 0.7039200
v 0.3691616 0.7527757 0.7039200
v 0.3691616 0.7527757 0.7039200
v 0.3776439 0.1584466 -0.7500000
v 0.3776439 0.1584466 -0.7500000
v 0.3776439 0.1584466 -0.6300000
v 0.3776439 0.1584466 -0.6300000
v 0.3776439 0.1584466 0.6300000
v 0.3776439 0.1584466 0.6300000
v 0.3776439 0.1584466 0.7500000
v 0.3776439 0.1584466 0.7500000
v 0.3776439 0.8655534 -0.7500000
v 0.3776439 0.8655534 -0.7500000
v 0.3776439 0.8655534 -0.6300000
v 0.3776439 0.8655534 -0.6300000
v 0.3776439 0.8655534 0.6300000
v 0.3776439 0.8655534 0.6300000
v 0.3776439 0.8655534 0.7500000
v 0.3776439 0.8655534 0.7500000
v 0.3847150 0.1655177 -0.7550000
v 0.3847150 0.1655177 -0.7550000
v 0.3847150 0.1655177 -0.6250000
v 0.3847150 0.1655177 -0.6250000
v 0.3847150 0.1655177 0.6250000
v 0.3847150 0.1655177 0.6250000
v 0.3847150 0.1655177 0.7550000
v 0.3847150 0.1655177 0.7550000
v 0.3847150 0.8584823 -0.7550000
v 0.3847150 0.8584823 -0.7550000
v 0.3847150 0.8584823 -0.6250000
v 0.3847150 0.8584823 -0.6250000
v 0.3847150 0.8584823 0.6250000
v 0.3847150 0.8584823 0.6250000
v 0.3847150 0.8584823 0.7550000
v 0.3847150 0.8584823 0.7550000
v 0.3861374 0.2814384 -0.7500000
v 0.3861374 0.2814384 -0.7500000
v 0.3861374 0.2814384 -0.6300000
v 0.3861374 0.2814384 -0.6300000
v 0.3861374 0.2814384 0.6300000
v 0.3861374 0.2814384 0.6300000
v 0.3861374 0.2814384 0.7500000
v 0.3861374 0.2814384 0.7500000
v 0.3861374 0.7425616 -0.7500000
v 0.3861374 0.7425616 -0.7500000
v 0.3861374 0.7425616 -0.6300000
v 0.3861374 0.7425616 -0.6300000
v 0.3861374 0.7425616 0.6300000
v 0.3861374 0.7425616 0.6300000
v 0.3861374 0.7425616 0.7500000
v 0.3861374 0.7425616 0.7500000
v 0.4377480 0.2185507 -0.7500000
v 0.4377480 0.2185507 -0.7500000
v 0.4377480 0.2185507 -0.6300000
v 0.4377480 0.2185507 -0.6300000
v 0.4377480 0.2185507 0.6300000
v 0.4377480 0.2185507 0.6300000
v 0.4377480 0.2185507 0.7500000
v 0.4377480 0.2185507 0.7500000
v 0.4377480 0.8054493 -0.7500000
v 0.4377480 0.8054493 -0.7500000
v 0.4377480 0.8054493 -0.6300000
v 0.4377480 0.8054493 -0.6300000
v 0.4377480 0.8054493 0.6300000
v 0.4377480 0.8054493 0.6300000
v 0.4377480 0.8054493 0.7500000
v 0.4377480 0.8054493 0.7500000
v 0.4467454 0.0862876 -0.7550000
v 0.4467454 0.0862876 -0.7550000
v 0.4467454 0.0862876 -0.6250000
v 0.4467454 0.0862876 -0.6250000
v 0.4467454 0.0862876 0.6250000
v 0.4467454 0.0862876 0.6250000
v 0.4467454 0.0862876 0.7550000
v 0.4467454 0.0862876 0.7550000
v 0.4467454 0.9377124 -0.7550000
v 0.4467454 0.9377124 -0.7550000
v 0.4467454 0.9377124 -0.6250000
v 0.4467454 0.9377124 -0.6250000
v 0.4467454 0.9377124 0.6250000
v 0.4467454 0.9377124 0.6250000
v 0.4467454 0.9377124 0.7550000
v 0.4467454 0.9377124 0.7550000
v 0.4534122 0.0962652 -0.7500000
v 0.4534122 0.0962652 -0.7500000
v 0.4534122 0.0962652 -0.6300000
v 0.4534122 0.0962652 -0.6300000
v 0.4534122 0.0962652 0.6300000
v 0.4534122 0.0962652 0.6300000
v 0.4534122 0.0962652 0.7500000
v 0.4534122 0.0962652 0.7500000
v 0.4534122 0.9277348 -0.7500000
v 0.4534122 0.9277348 -0.7500000
v 0.4534122 0.9277348 -0.6300000
v 0.4534122 0.9277348 -0.6300000
v 0.4534122 0.9277348 0.6300000
v 0.4534122 0.9277348 0.6300000
v 0.4534122 0.9277348 0.7500000
v 0.4534122 0.9277348 0.7500000
v 0.4589679 0.1045799 -0.7550000
v 0.4589679 0.1045799 -0.7550000
v 0.4589679 0.1045799 -0.6250000
v 0.4589679 0.1045799 -0.6250000
v 0.4589679 0.1045799 0.6250000
v 0.4589679 0.1045799 0.6250000
v 0.4589679 0.1045799 0.7550000
v 0.4589679 0.1045799 0.7550000
v 0.4589679 0.9194201 -0.7550000
v 0.4589679 0.9194201 -0.7550000
v 0.4589679 0.9194201 -0.6250000
v 0.4589679 0.9194201 -0.6250000
v 0.4589679 0.9194201 0.6250000
v 0.4589679 0.9194201 0.6250000
v 0.4589679 0.9194201 0.7550000
v 0.4589679 0.9194201 0.7550000
v 0.4904216 0.1499643 -0.7039200
v 0.4904216 0.1499643 -0.7039200
v 0.4904216 0.1499643 -0.7039200
v 0.4904216 0.1499643 -0.6760800
v 0.4904216 0.1499643 -0.6760800
v 0.4904216 0.1499643 -0.6760800
v 0.4904216 0.1499643 0.6760800
v 0.4904216 0.1499643 0.6760800
v 0.4904216 0.1499643 0.6760800
v 0.4904216 0.1499643 0.7039200
v 0.4904216 0.1499643 0.7039200
v 0.4904216 0.1499643 0.7039200
v 0.4904216 0.8740357 -0.7039200
v 0.4904216 0.8740357 -0.7039200
v 0.4904216 0.8740357 -0.7039200
v 0.4904216 0.8740357 -0.6760800
v 0.4904216 0.8740357 -0.6760800
v 0.4904216 0.8740357 -0.6760800
v 0.4904216 0.8740357 0.6760800
v 0.4904216 0.8740357 0.6760800
v 0.4904216 0.8740357 0.6760800
v 0.4904216 0.8740357 0.7039200
v 0.4904216 0.8740357 0.7039200
v 0.4904216 0.8740357 0.7039200
v 0.4941112 0.1361947 -0.7039200
v 0.4941112 0.1361947 -0.6760800
v 0.4941112 0.1361947 0.6760800
v 0.4941112 0.1361947 0.7039200
v 0.4941112 0.8878053 -0.7039200
v 0.4941112 0.8878053 -0.6760800
v 0.4941112 0.8878053 0.6760800
v 0.4941112 0.8878053 0.7039200
v 0.4991512 0.1449243 -0.7140000
v 0.4991512 0.1449243 -0.7140000
v 0.4991512 0.1449243 -0.6660000
v 0.4991512 0.1449243 -0.6660000
v 0.4991512 0.1449243 0.6660000
v 0.4991512 0.1449243 0.6660000
v 0.4991512 0.1449243 0.7140000
v 0.4991512 0.1449243 0.7140000
v 0.4991512 0.8790757 -0.7140000
v 0.4991512 0.8790757 -0.7140000
v 0.4991512 0.8790757 -0.6660000
v 0.4991512 0.8790757 -0.6660000
v 0.4991512 0.8790757 0.6660000
v 0.4991512 0.8790757 0.6660000
v 0.4991512 0.8790757 0.7140000
v 0.4991512 0.8790757 0.7140000
v 0.5006357 0.1669401 -0.7500000
v 0.5006357 0.1669401 -0.7500000
v 0.5006357 0.1669401 -0.6300000
v 0.5006357 0.1669401 -0.6300000
v 0.5006357 0.1669401 0.6300000
v 0.5006357 0.1669401 0.6300000
v 0.5006357 0.1669401 0.7500000
v 0.5006357 0.1669401 0.7500000
v 0.5006357 0.8570599 -0.7500000
v 0.5006357 0.8570599 -0.7500000
v 0.5006357 0.8570599 -0.6300000
v 0.5006357 0.8570599 -0.6300000
v 0.5006357 0.8570599 0.6300000
v 0.5006357 0.8570599 0.6300000
v 0.5006357 0.8570599 0.7500000
v 0.5006357 0.8570599 0.7500000
v 0.5242835 0.1187747 -0.7039200
v 0.5242835 0.1187747 -0.6760800
v 0.5242835 0.1187747 0.6760800
v 0.5242835 0.1187747 0.7039200
v 0.5242835 0.9052253 -0.7039200
v 0.5242835 0.9052253 -0.6760800
v 0.5242835 0.9052253 0.6760800
v 0.5242835 0.9052253 0.7039200
v 0.5293235 0.1275043 -0.7140000
v 0.5293235 0.1275043 -0.7140000
v 0.5293235 0.1275043 -0.6660000
v 0.5293235 0.1275043 -0.6660000
v 0.5293235 0.1275043 0.6660000
v 0.5293235 0.1275043 0.6660000
v 0.5293235 0.1275043 0.7140000
v 0.5293235 0.1275043 0.7140000
v 0.5293235 0.8964957 -0.7140000
v 0.5293235 0.8964957 -0.7140000
v 0.5293235 0.8964957 -0.6660000
v 0.5293235 0.8964957 -0.6660000
v 0.5293235 0.8964957 0.6660000
v 0.5293235 0.8964957 0.6660000
v 0.5293235 0.8964957 0.7140000
v 0.5293235 0.8964957 0.7140000
v 0.5352634 0.0389737 -0.7550000
v 0.5352634 0.0389737 -0.7550000
v 0.5352634 0.0389737 -0.6250000
v 0.5352634 0.0389737 -0.6250000
v 0.5352634 0.0389737 0.6250000
v 0.5352634 0.0389737 0.6250000
v 0.5352634 0.0389737 0.7550000
v 0.5352634 0.0389737 0.7550000
v 0.5352634 0.9850263 -0.7550000
v 0.5352634 0.9850263 -0.7550000
v 0.5352634 0.9850263 -0.6250000
v 0.5352634 0.9850263 -0.6250000
v 0.5352634 0.9850263 0.6250000
v 0.5352634 0.9850263 0.6250000
v 0.5352634 0.9850263 0.7550000
v 0.5352634 0.9850263 0.7550000
v 0.5380530 0.1224643 -0.7039200
v 0.5380530 0.1224643 -0.7039200
v 0.5380530 0.1224643 -0.7039200
v 0.5380530 0.1224643 -0.6760800
v 0.5380530 0.1224643 -0.6760800
v 0.5380530 0.1224643 -0.6760800
v 0.5380530 0.1224643 0.6760800
v 0.5380530 0.1224643 0.6760800
v 0.5380530 0.1224643 0.6760800
v 0.5380530 0.1224643 0.7039200
v 0.5380530 0.1224643 0.7039200
v 0.5380530 0.1224643 0.7039200
v 0.5380530 0.9015357 -0.7039200
v 0.5380530 0.9015357 -0.7039200
v 0.5380530 0.9015357 -0.7039200
v 0.5380530 0.9015357 -0.6760800
v 0.5380530 0.9015357 -0.6760800
v 0.5380530 0.9015357 -0.6760800
v 0.5380530 0.9015357 0.6760800
v 0.5380530 0.9015357 0.6760800
v 0.5380530 0.9015357 0.6760800
v 0.5380530 0.9015357 0.7039200
v 0.5380530 0.9015357 0.7039200
v 0.5380530 0.9015357 0.7039200
v 0.5398556 0.0500602 -0.7500000
v 0.5398556 0.0500602 -0.7500000
v 0.5398556 0.0500602 -0.6300000
v 0.5398556 0.0500602 -0.6300000
v 0.5398556 0.0500602 0.6300000
v 0.5398556 0.0500602 0.6300000
v 0.5398556 0.0500602 0.7500000
v 0.5398556 0.0500602 0.7500000
v 0.5398556 0.9739398 -0.7500000
v 0.5398556 0.9739398 -0.7500000
v 0.5398556 0.9739398 -0.6300000
v 0.5398556 0.9739398 -0.6300000
v 0.5398556 0.9739398 0.6300000
v 0.5398556 0.9739398 0.6300000
v 0.5398556 0.9739398 0.7500000
v 0.5398556 0.9739398 0.7500000
v 0.5436824 0.0592990 -0.7550000
v 0.5436824 0.0592990 -0.7550000
v 0.5436824 0.0592990 -0.6250000
v 0.5436824 0.0592990 -0.6250000
v 0.5436824 0.0592990 0.6250000
v 0.5436824 0.0592990 0.6250000
v 0.5436824 0.0592990 0.7550000
v 0.5436824 0.0592990 0.7550000
v 0.5436824 0.9647010 -0.7550000
v 0.5436824 0.9647010 -0.7550000
v 0.5436824 0.9647010 -0.6250000
v 0.5436824 0.9647010 -0.6250000
v 0.5436824 0.9647010 0.6250000
v 0.5436824 0.9647010 0.6250000
v 0.5436824 0.9647010 0.7550000
v 0.5436824 0.9647010 0.7550000
v 0.5723837 0.1285900 -0.7500000
v 0.5723837 0.1285900 -0.7500000
v 0.5723837 0.1285900 -0.6300000
v 0.5723837 0.1285900 -0.6300000
v 0.5723837 0.1285900 0.6300000
v 0.5723837 0.1285900 0.6300000
v 0.5723837 0.1285900 0.7500000
v 0.5723837 0.1285900 0.7500000
v 0.5723837 0.8954100 -0.7500000
v 0.5723837 0.8954100 -0.7500000
v 0.5723837 0.8954100 -0.6300000
v 0.5723837 0.8954100 -0.6300000
v 0.5723837 0.8954100 0.6300000
v 0.5723837 0.8954100 0.6300000
v 0.5723837 0.8954100 0.7500000
v 0.5723837 0.8954100 0.7500000
v 0.6261973 0.5120000 -0.7850000
v 0.6261973 0.5120000 -0.5950000
v 0.6261973 0.5120000 0.5950000
v 0.6261973 0.5120000 0.7850000
v 0.6313111 0.0098379 -0.7550000
v 0.6313111 0.0098379 -0.7550000
v 0.6313111 0.0098379 -0.6250000
v 0.6313111 0.0098379 -0.6250000
v 0.6313111 0.0098379 0.6250000
v 0.6313111 0.0098379 0.6250000
v 0.6313111 0.0098379 0.7550000
v 0.6313111 0.0098379 0.7550000
v 0.6313111 1.0141621 -0.7550000
v 0.6313111 1.0141621 -0.7550000
v 0.6313111 1.0141621 -0.6250000
v 0.6313111 1.0141621 -0.6250000
v 0.6313111 1.0141621 0.6250000
v 0.6313111 1.0141621 0.6250000
v 0.6313111 1.0141621 0.7550000
v 0.6313111 1.0141621 0.7550000
v 0.6313364 0.4795532 -0.7850000
v 0.6313364 0.4795532 -0.5950000
v 0.6313364 0.4795532 0.5950000
v 0.6313364 0.4795532 0.7850000
v 0.6313364 0.5444468 -0.7850000
v 0.6313364 0.5444468 -0.5950000
v 0.6313364 0.5444468 0.5950000
v 0.6313364 0.5444468 0.7850000
v 0.6336522 0.0216074 -0.7500000
v 0.6336522 0.0216074 -0.7500000
v 0.6336522 0.0216074 -0.6300000
v 0.6336522 0.0216074 -0.6300000
v 0.6336522 0.0216074 0.6300000
v 0.6336522 0.0216074 0.6300000
v 0.6336522 0.0216074 0.7500000
v 0.6336522 0.0216074 0.7500000
v 0.6336522 1.0023926 -0.7500000
v 0.6336522 1.0023926 -0.7500000
v 0.6336522 1.0023926 -0.6300000
v 0.6336522 1.0023926 -0.6300000
v 0.6336522 1.0023926 0.6300000
v 0.6336522 1.0023926 0.6300000
v 0.6336522 1.0023926 0.7500000
v 0.6336522 1.0023926 0.7500000
v 0.6345973 0.5120000 -0.8000000
v 0.6345973 0.5120000 -0.8000000
v 0.6345973 0.5120000 -0.5800000
v 0.6345973 0.5120000 -0.5800000
v 0.6345973 0.5120000 0.5800000
v 0.6345973 0.5120000 0.5800000
v 0.6345973 0.5120000 0.8000000
v 0.6345973 0.5120000 0.8000000
v 0.6356031 0.0314152 -0.7550000
v 0.6356031 0.0314152 -0.7550000
v 0.6356031 0.0314152 -0.6250000
v 0.6356031 0.0314152 -0.6250000
v 0.6356031 0.0314152 0.6250000
v 0.6356031 0.0314152 0.6250000
v 0.6356031 0.0314152 0.7550000
v 0.6356031 0.0314152 0.7550000
v 0.6356031 0.9925848 -0.7550000
v 0.6356031 0.9925848 -0.7550000
v 0.6356031 0.9925848 -0.6250000
v 0.6356031 0.9925848 -0.6250000
v 0.6356031 0.9925848 0.6250000
v 0.6356031 0.9925848 0.6250000
v 0.6356031 0.9925848 0.7550000
v 0.6356031 0.9925848 0.7550000
v 0.6393253 0.4821490 -0.8000000
v 0.6393253 0.4821490 -0.8000000
v 0.6393253 0.4821490 -0.5800000
v 0.6393253 0.4821490 -0.5800000
v 0.6393253 0.4821490 0.5800000
v 0.6393253 0.4821490 0.5800000
v 0.6393253 0.4821490 0.8000000
v 0.6393253 0.4821490 0.8000000
v 0.6393253 0.5418510 -0.8000000
v 0.6393253 0.5418510 -0.8000000
v 0.6393253 0.5418510 -0.5800000
v 0.6393253 0.5418510 -0.5800000
v 0.6393253 0.5418510 0.5800000
v 0.6393253 0.5418510 0.5800000
v 0.6393253 0.5418510 0.8000000
v 0.6393253 0.5418510 0.8000000
v 0.6462505 0.4502825 -0.7850000
v 0.6462505 0.4502825 -0.5950000
v 0.6462505 0.4502825 0.5950000
v 0.6462505 0.4502825 0.7850000
v 0.6462505 0.5737175 -0.7850000
v 0.6462505 0.5737175 -0.5950000
v 0.6462505 0.5737175 0.5950000
v 0.6462505 0.5737175 0.7850000
v 0.6502348 0.1049741 -0.7500000
v 0.6502348 0.1049741 -0.7500000
v 0.6502348 0.1049741 -0.6300000
v 0.6502348 0.1049741 -0.6300000
v 0.6502348 0.1049741 0.6300000
v 0.6502348 0.1049741 0.6300000
v 0.6502348 0.1049741 0.7500000
v 0.6502348 0.1049741 0.7500000
v 0.6502348 0.9190259 -0.7500000
v 0.6502348 0.9190259 -0.7500000
v 0.6502348 0.9190259 -0.6300000
v 0.6502348 0.9190259 -0.6300000
v 0.6502348 0.9190259 0.6300000
v 0.6502348 0.9190259 0.6300000
v 0.6502348 0.9190259 0.7500000
v 0.6502348 0.9190259 0.7500000
v 0.6530463 0.4552199 -0.8000000
v 0.6530463 0.4552199 -0.8000000
v 0.6530463 0.4552199 -0.5800000
v 0.6530463 0.4552199 -0.5800000
v 0.6530463 0.4552199 0.5800000
v 0.6530463 0.4552199 0.5800000
v 0.6530463 0.4552199 0.8000000
v 0.6530463 0.4552199 0.8000000
v 0.6530463 0.5687801 -0.8000000
v 0.6530463 0.5687801 -0.8000000
v 0.6530463 0.5687801 -0.5800000
v 0.6530463 0.5687801 -0.5800000
v 0.6530463 0.5687801 0.5800000
v 0.6530463 0.5687801 0.5800000
v 0.6530463 0.5687801 0.8000000
v 0.6530463 0.5687801 0.8000000
v 0.6694799 0.4270532 -0.7850000
v 0.6694799 0.4270532 -0.5950000
v 0.6694799 0.4270532 0.5950000
v 0.6694799 0.4270532 0.7850000
v 0.6694799 0.5969468 -0.7850000
v 0.6694799 0.5969468 -0.5950000
v 0.6694799 0.5969468 0.5950000
v 0.6694799 0.5969468 0.7850000
v 0.6744173 0.4338490 -0.8000000
v 0.6744173 0.4338490 -0.8000000
v 0.6744173 0.4338490 -0.5800000
v 0.6744173 0.4338490 -0.5800000
v 0.6744173 0.4338490 0.5800000
v 0.6744173 0.4338490 0.5800000
v 0.6744173 0.4338490 0.8000000
v 0.6744173 0.4338490 0.8000000
v 0.6744173 0.5901510 -0.8000000
v 0.6744173 0.5901510 -0.8000000
v 0.6744173 0.5901510 -0.5800000
v 0.6744173 0.5901510 -0.5800000
v 0.6744173 0.5901510 0.5800000
v 0.6744173 0.5901510 0.5800000
v 0.6744173 0.5901510 0.8000000
v 0.6744173 0.5901510 0.8000000
v 0.6861973 0.4809000 -0.7501000
v 0.6861973 0.4809000 -0.7501000
v 0.6861973 0.4809000 0.7501000
v 0.6861973 0.4809000 0.7501000
v 0.6861973 0.5431000 -0.7501000
v 0.6861973 0.5431000 -0.7501000
v 0.6861973 0.5431000 0.7501000
v 0.6861973 0.5431000 0.7501000
v 0.6987505 0.4121391 -0.7850000
v 0.6987505 0.4121391 -0.5950000
v 0.6987505 0.4121391 0.5950000
v 0.6987505 0.4121391 0.7850000
v 0.6987505 0.6118609 -0.7850000
v 0.6987505 0.6118609 -0.5950000
v 0.6987505 0.6118609 0.5950000
v 0.6987505 0.6118609 0.7850000
v 0.7013463 0.4201279 -0.8000000
v 0.7013463 0.4201279 -0.8000000
v 0.7013463 0.4201279 -0.5800000
v 0.7013463 0.4201279 -0.5800000
v 0.7013463 0.4201279 0.5800000
v 0.7013463 0.4201279 0.5800000
v 0.7013463 0.4201279 0.8000000
v 0.7013463 0.4201279 0.8000000
v 0.7013463 0.6038721 -0.8000000
v 0.7013463 0.6038721 -0.8000000
v 0.7013463 0.6038721 -0.5800000
v 0.7013463 0.6038721 -0.5800000
v 0.7013463 0.6038721 0.5800000
v 0.7013463 0.6038721 0.5800000
v 0.7013463 0.6038721 0.8000000
v 0.7013463 0.6038721 0.8000000
v 0.7050973 0.4620000 -0.7501000
v 0.7050973 0.4620000 0.7501000
v 0.7050973 0.4809000 -0.7690000
v 0.7050973 0.4809000 -0.7690000
v 0.7050973 0.4809000 -0.7690000
v 0.7050973 0.4809000 0.7690000
v 0.7050973 0.4809000 0.7690000
v 0.7050973 0.4809000 0.7690000
v 0.7050973 0.5431000 -0.7690000
v 0.7050973 0.5431000 -0.7690000
v 0.7050973 0.5431000 -0.7690000
v 0.7050973 0.5431000 0.7690000
v 0.7050973 0.5431000 0.7690000
v 0.7050973 0.5431000 0.7690000
v 0.7050973 0.5620000 -0.7501000
v 0.7050973 0.5620000 0.7501000
v 0.7071973 0.0780800 -0.7074200
v 0.7071973 0.0780800 -0.7074200
v 0.7071973 0.0780800 -0.6725800
v 0.7071973 0.0780800 -0.6725800
v 0.7071973 0.0780800 0.6725800
v 0.7071973 0.0780800 0.6725800
v 0.7071973 0.0780800 0.7074200
v 0.7071973 0.0780800 0.7074200
v 0.7071973 0.9459200 -0.7074200
v 0.7071973 0.9459200 -0.7074200
v 0.7071973 0.9459200 -0.6725800
v 0.7071973 0.9459200 -0.6725800
v 0.7071973 0.9459200 0.6725800
v 0.7071973 0.9459200 0.6725800
v 0.7071973 0.9459200 0.7074200
v 0.7071973 0.9459200 0.7074200
v 0.7172773 0.0680000 -0.7074200
v 0.7172773 0.0680000 -0.6725800
v 0.7172773 0.0680000 0.6725800
v 0.7172773 0.0680000 0.7074200
v 0.7172773 0.0780800 -0.7175000
v 0.7172773 0.0780800 -0.7175000
v 0.7172773 0.0780800 -0.7175000
v 0.7172773 0.0780800 -0.6625000
v 0.7172773 0.0780800 -0.6625000
v 0.7172773 0.0780800 -0.6625000
v 0.7172773 0.0780800 0.6625000
v 0.7172773 0.0780800 0.6625000
v 0.7172773 0.0780800 0.6625000
v 0.7172773 0.0780800 0.7175000
v 0.7172773 0.0780800 0.7175000
v 0.7172773 0.0780800 0.7175000
v 0.7172773 0.9459200 -0.7175000
v 0.7172773 0.9459200 -0.7175000
v 0.7172773 0.9459200 -0.7175000
v 0.7172773 0.9459200 -0.6625000
v 0.7172773 0.9459200 -0.6625000
v 0.7172773 0.9459200 -0.6625000
v 0.7172773 0.9459200 0.6625000
v 0.7172773 0.9459200 0.6625000
v 0.7172773 0.9459200 0.6625000
v 0.7172773 0.9459200 0.7175000
v 0.7172773 0.9459200 0.7175000
v 0.7172773 0.9459200 0.7175000
v 0.7172773 0.9560000 -0.7074200
v 0.7172773 0.9560000 -0.6725800
v 0.7172773 0.9560000 0.6725800
v 0.7172773 0.9560000 0.7074200
v 0.7311973 0.0000000 -0.7550000
v 0.7311973 0.0000000 -0.7550000
v 0.7311973 0.0000000 -0.6250000
v 0.7311973 0.0000000 -0.6250000
v 0.7311973 0.0000000 0.6250000
v 0.7311973 0.0000000 0.6250000
v 0.7311973 0.0000000 0.7550000
v 0.7311973 0.0000000 0.7550000
v 0.7311973 0.0120000 -0.7500000
v 0.7311973 0.0120000 -0.7500000
v 0.7311973 0.0120000 -0.6300000
v 0.7311973 0.0120000 -0.6300000
v 0.7311973 0.0120000 0.6300000
v 0.7311973 0.0120000 0.6300000
v 0.7311973 0.0120000 0.7500000
v 0.7311973 0.0120000 0.7500000
v 0.7311973 0.0220000 -0.7550000
v 0.7311973 0.0220000 -0.7550000
v 0.7311973 0.0220000 -0.6250000
v 0.7311973 0.0220000 -0.6250000
v 0.7311973 0.0220000 0.6250000
v 0.7311973 0.0220000 0.6250000
v 0.7311973 0.0220000 0.7550000
v 0.7311973 0.0220000 0.7550000
v 0.7311973 0.0970000 -0.7500000
v 0.7311973 0.0970000 -0.7500000
v 0.7311973 0.0970000 -0.6300000
v 0.7311973 0.0970000 -0.6300000
v 0.7311973 0.0970000 0.6300000
v 0.7311973 0.0970000 0.6300000
v 0.7311973 0.0970000 0.7500000
v 0.7311973 0.0970000 0.7500000
v 0.7311973 0.4070000 -0.7850000
v 0.7311973 0.4070000 -0.5950000
v 0.7311973 0.4070000 0.5950000
v 0.7311973 0.4070000 0.7850000
v 0.7311973 0.4154000 -0.8000000
v 0.7311973 0.4154000 -0.8000000
v 0.7311973 0.4154000 -0.5800000
v 0.7311973 0.4154000 -0.5800000
v 0.7311973 0.4154000 0.5800000
v 0.7311973 0.4154000 0.5800000
v 0.7311973 0.4154000 0.8000000
v 0.7311973 0.4154000 0.8000000
v 0.7311973 0.5120000 -0.8000000
v 0.7311973 0.5120000 -0.5800000
v 0.7311973 0.5120000 0.5800000
v 0.7311973 0.5120000 0.8000000
v 0.7311973 0.6086000 -0.8000000
v 0.7311973 0.6086000 -0.8000000
v 0.7311973 0.6086000 -0.5800000
v 0.7311973 0.6086000 -0.5800000
v 0.7311973 0.6086000 0.5800000
v 0.7311973 0.6086000 0.5800000
v 0.7311973 0.6086000 0.8000000
v 0.7311973 0.6086000 0.8000000
v 0.7311973 0.6170000 -0.7850000
v 0.7311973 0.6170000 -0.5950000
v 0.7311973 0.6170000 0.5950000
v 0.7311973 0.6170000 0.7850000
v 0.7311973 0.9270000 -0.7500000
v 0.7311973 0.9270000 -0.7500000
v 0.7311973 0.9270000 -0.6300000
v 0.7311973 0.9270000 -0.6300000
v 0.7311973 0.9270000 0.6300000
v 0.7311973 0.9270000 0.6300000
v 0.7311973 0.9270000 0.7500000
v 0.7311973 0.9270000 0.7500000
v 0.7311973 1.0020000 -0.7550000
v 0.7311973 1.0020000 -0.7550000
v 0.7311973 1.0020000 -0.6250000
v 0.7311973 1.0020000 -0.6250000
v 0.7311973 1.0020000 0.6250000
v 0.7311973 1.0020000 0.6250000
v 0.7311973 1.0020000 0.7550000
v 0.7311973 1.0020000 0.7550000
v 0.7311973 1.0120000 -0.7500000
v 0.7311973 1.0120000 -0.7500000
v 0.7311973 1.0120000 -0.6300000
v 0.7311973 1.0120000 -0.6300000
v 0.7311973 1.0120000 0.6300000
v 0.7311973 1.0120000 0.6300000
v 0.7311973 1.0120000 0.7500000
v 0.7311973 1.0120000 0.7500000
v 0.7311973 1.0240000 -0.7550000
v 0.7311973 1.0240000 -0.7550000
v 0.7311973 1.0240000 -0.6250000
v 0.7311973 1.0240000 -0.6250000
v 0.7311973 1.0240000 0.6250000
v 0.7311973 1.0240000 0.6250000
v 0.7311973 1.0240000 0.7550000
v 0.7311973 1.0240000 0.7550000
v 0.7451173 0.0680000 -0.7074200
v 0.7451173 0.0680000 -0.6725800
v 0.7451173 0.0680000 0.6725800
v 0.7451173 0.0680000 0.7074200
v 0.7451173 0.0780800 -0.7175000
v 0.7451173 0.0780800 -0.7175000
v 0.7451173 0.0780800 -0.7175000
v 0.7451173 0.0780800 -0.6625000
v 0.7451173 0.0780800 -0.6625000
v 0.7451173 0.0780800 -0.6625000
v 0.7451173 0.0780800 0.6625000
v 0.7451173 0.0780800 0.6625000
v 0.7451173 0.0780800 0.6625000
v 0.7451173 0.0780800 0.7175000
v 0.7451173 0.0780800 0.7175000
v 0.7451173 0.0780800 0.7175000
v 0.7451173 0.9459200 -0.7175000
v 0.7451173 0.9459200 -0.7175000
v 0.7451173 0.9459200 -0.7175000
v 0.7451173 0.9459200 -0.6625000
v 0.7451173 0.9459200 -0.6625000
v 0.7451173 0.9459200 -0.6625000
v 0.7451173 0.9459200 0.6625000
v 0.7451173 0.9459200 0.6625000
v 0.7451173 0.9459200 0.6625000
v 0.7451173 0.9459200 0.7175000
v 0.7451173 0.9459200 0.7175000
v 0.7451173 0.9459200 0.7175000
v 0.7451173 0.9560000 -0.7074200
v 0.7451173 0.9560000 -0.6725800
v 0.7451173 0.9560000 0.6725800
v 0.7451173 0.9560000 0.7074200
v 0.7551973 0.0780800 -0.7074200
v 0.7551973 0.0780800 -0.7074200
v 0.7551973 0.0780800 -0.6725800
v 0.7551973 0.0780800 -0.6725800
v 0.7551973 0.0780800 0.6725800
v 0.7551973 0.0780800 0.6725800
v 0.7551973 0.0780800 0.7074200
v 0.7551973 0.0780800 0.7074200
v 0.7551973 0.9459200 -0.7074200
v 0.7551973 0.9459200 -0.7074200
v 0.7551973 0.9459200 -0.6725800
v 0.7551973 0.9459200 -0.6725800
v 0.7551973 0.9459200 0.6725800
v 0.7551973 0.9459200 0.6725800
v 0.7551973 0.9459200 0.7074200
v 0.7551973 0.9459200 0.7074200
v 0.7572973 0.4620000 -0.7501000
v 0.7572973 0.4620000 0.7501000
v 0.7572973 0.4809000 -0.7690000
v 0.7572973 0.4809000 -0.7690000
v 0.7572973 0.4809000 0.7690000
v 0.7572973 0.4809000 0.7690000
v 0.7572973 0.5431000 -0.7690000
v 0.7572973 0.5431000 -0.7690000
v 0.7572973 0.5431000 -0.7690000
v 0.7572973 0.5431000 0.7690000
v 0.7572973 0.5431000 0.7690000
v 0.7572973 0.5431000 0.7690000
v 0.7572973 0.5620000 -0.7501000
v 0.7572973 0.5620000 0.7501000
v 0.7610484 0.4201279 -0.8000000
v 0.7610484 0.4201279 -0.8000000
v 0.7610484 0.4201279 -0.5800000
v 0.7610484 0.4201279 -0.5800000
v 0.7610484 0.4201279 0.5800000
v 0.7610484 0.4201279 0.5800000
v 0.7610484 0.4201279 0.8000000
v 0.7610484 0.4201279 0.8000000
v 0.7610484 0.6038721 -0.8000000
v 0.7610484 0.6038721 -0.8000000
v 0.7610484 0.6038721 -0.5800000
v 0.7610484 0.6038721 -0.5800000
v 0.7610484 0.6038721 0.5800000
v 0.7610484 0.6038721 0.5800000
v 0.7610484 0.6038721 0.8000000
v 0.7610484 0.6038721 0.8000000
v 0.7636441 0.4121391 -0.7850000
v 0.7636441 0.4121391 -0.5950000
v 0.7636441 0.4121391 0.5950000
v 0.7636441 0.4121391 0.7850000
v 0.7636441 0.6118609 -0.7850000
v 0.7636441 0.6118609 -0.5950000
v 0.7636441 0.6118609 0.5950000
v 0.7636441 0.6118609 0.7850000
v 0.7761973 0.4809000 -0.7501000
v 0.7761973 0.4809000 -0.7501000
v 0.7761973 0.4809000 0.7501000
v 0.7761973 0.4809000 0.7501000
v 0.7761973 0.5431000 -0.7501000
v 0.7761973 0.5431000 -0.7501000
v 0.7761973 0.5431000 0.7501000
v 0.7761973 0.5431000 0.7501000
v 0.7879774 0.4338490 -0.8000000
v 0.7879774 0.4338490 -0.8000000
v 0.7879774 0.4338490 -0.5800000
v 0.7879774 0.4338490 -0.5800000
v 0.7879774 0.4338490 0.5800000
v 0.7879774 0.4338490 0.5800000
v 0.7879774 0.4338490 0.8000000
v 0.7879774 0.4338490 0.8000000
v 0.7879774 0.5901510 -0.8000000
v 0.7879774 0.5901510 -0.8000000
v 0.7879774 0.5901510 -0.5800000
v 0.7879774 0.5901510 -0.5800000
v 0.7879774 0.5901510 0.5800000
v 0.7879774 0.5901510 0.5800000
v 0.7879774 0.5901510 0.8000000
v 0.7879774 0.5901510 0.8000000
v 0.7929148 0.4270532 -0.7850000
v 0.7929148 0.4270532 -0.5950000
v 0.7929148 0.4270532 0.5950000
v 0.7929148 0.4270532 0.7850000
v 0.7929148 0.5969468 -0.7850000
v 0.7929148 0.5969468 -0.5950000
v 0.7929148 0.5969468 0.5950000
v 0.7929148 0.5969468 0.7850000
v 0.8093484 0.4552199 -0.8000000
v 0.8093484 0.4552199 -0.8000000
v 0.8093484 0.4552199 -0.5800000
v 0.8093484 0.4552199 -0.5800000
v 0.8093484 0.4552199 0.5800000
v 0.8093484 0.4552199 0.5800000
v 0.8093484 0.4552199 0.8000000
v 0.8093484 0.4552199 0.8000000
v 0.8093484 0.5687801 -0.8000000
v 0.8093484 0.5687801 -0.8000000
v 0.8093484 0.5687801 -0.5800000
v 0.8093484 0.5687801 -0.5800000
v 0.8093484 0.5687801 0.5800000
v 0.8093484 0.5687801 0.5800000
v 0.8093484 0.5687801 0.8000000
v 0.8093484 0.5687801 0.8000000
v 0.8121598 0.1049741 -0.7500000
v 0.8121598 0.1049741 -0.7500000
v 0.8121598 0.1049741 -0.6300000
v 0.8121598 0.1049741 -0.6300000
v 0.8121598 0.1049741 0.6300000
v 0.8121598 0.1049741 0.6300000
v 0.8121598 0.1049741 0.7500000
v 0.8121598 0.1049741 0.7500000
v 0.8121598 0.9190259 -0.7500000
v 0.8121598 0.9190259 -0.7500000
v 0.8121598 0.9190259 -0.6300000
v 0.8121598 0.9190259 -0.6300000
v 0.8121598 0.9190259 0.6300000
v 0.8121598 0.9190259 0.6300000
v 0.8121598 0.9190259 0.7500000
v 0.8121598 0.9190259 0.7500000
v 0.8161441 0.4502825 -0.7850000
v 0.8161441 0.4502825 -0.5950000
v 0.8161441 0.4502825 0.5950000
v 0.8161441 0.4502825 0.7850000
v 0.8161441 0.5737175 -0.7850000
v 0.8161441 0.5737175 -0.5950000
v 0.8161441 0.5737175 0.5950000
v 0.8161441 0.5737175 0.7850000
v 0.8230694 0.4821490 -0.8000000
v 0.8230694 0.4821490 -0.8000000
v 0.8230694 0.4821490 -0.5800000
v 0.8230694 0.4821490 -0.5800000
v 0.8230694 0.4821490 0.5800000
v 0.8230694 0.4821490 0.5800000
v 0.8230694 0.4821490 0.8000000
v 0.8230694 0.4821490 0.8000000
v 0.8230694 0.5418510 -0.8000000
v 0.8230694 0.5418510 -0.8000000
v 0.8230694 0.5418510 -0.5800000
v 0.8230694 0.5418510 -0.5800000
v 0.8230694 0.5418510 0.5800000
v 0.8230694 0.5418510 0.5800000
v 0.8230694 0.5418510 0.8000000
v 0.8230694 0.5418510 0.8000000
v 0.8267916 0.0314152 -0.7550000
v 0.8267916 0.0314152 -0.7550000
v 0.8267916 0.0314152 -0.6250000
v 0.8267916 0.0314152 -0.6250000
v 0.8267916 0.0314152 0.6250000
v 0.8267916 0.0314152 0.6250000
v 0.8267916 0.0314152 0.7550000
v 0.8267916 0.0314152 0.7550000
v 0.8267916 0.9925848 -0.7550000
v 0.8267916 0.9925848 -0.7550000
v 0.8267916 0.9925848 -0.6250000
v 0.8267916 0.9925848 -0.6250000
v 0.8267916 0.9925848 0.6250000
v 0.8267916 0.9925848 0.6250000
v 0.8267916 0.9925848 0.7550000
v 0.8267916 0.9925848 0.7550000
v 0.8277973 0.5120000 -0.8000000
v 0.8277973 0.5120000 -0.8000000
v 0.8277973 0.5120000 -0.8000000
v 0.8277973 0.5120000 -0.5800000
v 0.8277973 0.5120000 -0.5800000
v 0.8277973 0.5120000 -0.5800000
v 0.8277973 0.5120000 0.5800000
v 0.8277973 0.5120000 0.5800000
v 0.8277973 0.5120000 0.5800000
v 0.8277973 0.5120000 0.8000000
v 0.8277973 0.5120000 0.8000000
v 0.8277973 0.5120000 0.8000000
v 0.8287425 0.0216074 -0.7500000
v 0.8287425 0.0216074 -0.7500000
v 0.8287425 0.0216074 -0.6300000
v 0.8287425 0.0216074 -0.6300000
v 0.8287425 0.0216074 0.6300000
v 0.8287425 0.0216074 0.6300000
v 0.8287425 0.0216074 0.7500000
v 0.8287425 0.0216074 0.7500000
v 0.8287425 1.0023926 -0.7500000
v 0.8287425 1.0023926 -0.7500000
v 0.8287425 1.0023926 -0.6300000
v 0.8287425 1.0023926 -0.6300000
v 0.8287425 1.0023926 0.6300000
v 0.8287425 1.0023926 0.6300000
v 0.8287425 1.0023926 0.7500000
v 0.8287425 1.0023926 0.7500000
v 0.8310583 0.4795532 -0.7850000
v 0.8310583 0.4795532 -0.5950000
v 0.8310583 0.4795532 0.5950000
v 0.8310583 0.4795532 0.7850000
v 0.8310583 0.5444468 -0.7850000
v 0.8310583 0.5444468 -0.5950000
v 0.8310583 0.5444468 0.5950000
v 0.8310583 0.5444468 0.7850000
v 0.8310836 0.0098379 -0.7550000
v 0.8310836 0.0098379 -0.7550000
v 0.8310836 0.0098379 -0.6250000
v 0.8310836 0.0098379 -0.6250000
v 0.8310836 0.0098379 0.6250000
v 0.8310836 0.0098379 0.6250000
v 0.8310836 0.0098379 0.7550000
v 0.8310836 0.0098379 0.7550000
v 0.8310836 1.0141621 -0.7550000
v 0.8310836 1.0141621 -0.7550000
v 0.8310836 1.0141621 -0.6250000
v 0.8310836 1.0141621 -0.6250000
v 0.8310836 1.0141621 0.6250000
v 0.8310836 1.0141621 0.6250000
v 0.8310836 1.0141621 0.7550000
v 0.8310836 1.0141621 0.7550000
v 0.8361973 0.5120000 -0.7850000
v 0.8361973 0.5120000 -0.7850000
v 0.8361973 0.5120000 -0.5950000
v 0.8361973 0.5120000 -0.5950000
v 0.8361973 0.5120000 0.5950000
v 0.8361973 0.5120000 0.5950000
v 0.8361973 0.5120000 0.7850000
v 0.8361973 0.5120000 0.7850000
v 0.8900109 0.1285900 -0.7500000
v 0.8900109 0.1285900 -0.7500000
v 0.8900109 0.1285900 -0.6300000
v 0.8900109 0.1285900 -0.6300000
v 0.8900109 0.1285900 0.6300000
v 0.8900109 0.1285900 0.6300000
v 0.8900109 0.1285900 0.7500000
v 0.8900109 0.1285900 0.7500000
v 0.8900109 0.8954100 -0.7500000
v 0.8900109 0.8954100 -0.7500000
v 0.8900109 0.8954100 -0.6300000
v 0.8900109 0.8954100 -0.6300000
v 0.8900109 0.8954100 0.6300000
v 0.8900109 0.8954100 0.6300000
v 0.8900109 0.8954100 0.7500000
v 0.8900109 0.8954100 0.7500000
v 0.9187122 0.0592990 -0.7550000
v 0.9187122 0.0592990 -0.7550000
v 0.9187122 0.0592990 -0.6250000
v 0.9187122 0.0592990 -0.6250000
v 0.9187122 0.0592990 0.6250000
v 0.9187122 0.0592990 0.6250000
v 0.9187122 0.0592990 0.7550000
v 0.9187122 0.0592990 0.7550000
v 0.9187122 0.9647010 -0.7550000
v 0.9187122 0.9647010 -0.7550000
v 0.9187122 0.9647010 -0.6250000
v 0.9187122 0.9647010 -0.6250000
v 0.9187122 0.9647010 0.6250000
v 0.9187122 0.9647010 0.6250000
v 0.9187122 0.9647010 0.7550000
v 0.9187122 0.9647010 0.7550000
v 0.9225390 0.0500602 -0.7500000
v 0.9225390 0.0500602 -0.7500000
v 0.9225390 0.0500602 -0.6300000
v 0.9225390 0.0500602 -0.6300000
v 0.9225390 0.0500602 0.6300000
v 0.9225390 0.0500602 0.6300000
v 0.9225390 0.0500602 0.7500000
v 0.9225390 0.0500602 0.7500000
v 0.9225390 0.9739398 -0.7500000
v 0.9225390 0.9739398 -0.7500000
v 0.9225390 0.9739398 -0.6300000
v 0.9225390 0.9739398 -0.6300000
v 0.9225390 0.9739398 0.6300000
v 0.9225390 0.9739398 0.6300000
v 0.9225390 0.9739398 0.7500000
v 0.9225390 0.9739398 0.7500000
v 0.9243416 0.1224643 -0.7039200
v 0.9243416 0.1224643 -0.7039200
v 0.9243416 0.1224643 -0.7039200
v 0.9243416 0.1224643 -0.6760800
v 0.9243416 0.1224643 -0.6760800
v 0.9243416 0.1224643 -0.6760800
v 0.9243416 0.1224643 0.6760800
v 0.9243416 0.1224643 0.6760800
v 0.9243416 0.1224643 0.6760800
v 0.9243416 0.1224643 0.7039200
v 0.9243416 0.1224643 0.7039200
v 0.9243416 0.1224643 0.7039200
v 0.9243416 0.9015357 -0.7039200
v 0.9243416 0.9015357 -0.7039200
v 0.9243416 0.9015357 -0.7039200
v 0.9243416 0.9015357 -0.6760800
v 0.9243416 0.9015357 -0.6760800
v 0.9243416 0.9015357 -0.6760800
v 0.9243416 0.9015357 0.6760800
v 0.9243416 0.9015357 0.6760800
v 0.9243416 0.9015357 0.6760800
v 0.9243416 0.9015357 0.7039200
v 0.9243416 0.9015357 0.7039200
v 0.9243416 0.9015357 0.7039200
v 0.9271312 0.0389737 -0.7550000
v 0.9271312 0.0389737 -0.7550000
v 0.9271312 0.0389737 -0.6250000
v 0.9271312 0.0389737 -0.6250000
v 0.9271312 0.0389737 0.6250000
v 0.9271312 0.0389737 0.6250000
v 0.9271312 0.0389737 0.7550000
v 0.9271312 0.0389737 0.7550000
v 0.9271312 0.9850263 -0.7550000
v 0.9271312 0.9850263 -0.7550000
v 0.9271312 0.9850263 -0.6250000
v 0.9271312 0.9850263 -0.6250000
v 0.9271312 0.9850263 0.6250000
v 0.9271312 0.9850263 0.6250000
v 0.9271312 0.9850263 0.7550000
v 0.9271312 0.9850263 0.7550000
v 0.9330712 0.1275043 -0.7140000
v 0.9330712 0.1275043 -0.7140000
v 0.9330712 0.1275043 -0.6660000
v 0.9330712 0.1275043 -0.6660000
v 0.9330712 0.1275043 0.6660000
v 0.9330712 0.1275043 0.6660000
v 0.9330712 0.1275043 0.7140000
v 0.9330712 0.1275043 0.7140000
v 0.9330712 0.8964957 -0.7140000
v 0.9330712 0.8964957 -0.7140000
v 0.9330712 0.8964957 -0.6660000
v 0.9330712 0.8964957 -0.6660000
v 0.9330712 0.8964957 0.6660000
v 0.9330712 0.8964957 0.6660000
v 0.9330712 0.8964957 0.7140000
v 0.9330712 0.8964957 0.7140000
v 0.9381112 0.1187747 -0.7039200
v 0.9381112 0.1187747 -0.6760800
v 0.9381112 0.1187747 0.6760800
v 0.9381112 0.1187747 0.7039200
v 0.9381112 0.9052253 -0.7039200
v 0.9381112 0.9052253 -0.6760800
v 0.9381112 0.9052253 0.6760800
v 0.9381112 0.9052253 0.7039200
v 0.9617590 0.1669401 -0.7500000
v 0.9617590 0.1669401 -0.7500000
v 0.9617590 0.1669401 -0.6300000
v 0.9617590 0.1669401 -0.6300000
v 0.9617590 0.1669401 0.6300000
v 0.9617590 0.1669401 0.6300000
v 0.9617590 0.1669401 0.7500000
v 0.9617590 0.1669401 0.7500000
v 0.9617590 0.8570599 -0.7500000
v 0.9617590 0.8570599 -0.7500000
v 0.9617590 0.8570599 -0.6300000
v 0.9617590 0.8570599 -0.6300000
v 0.9617590 0.8570599 0.6300000
v 0.9617590 0.8570599 0.6300000
v 0.9617590 0.8570599 0.7500000
v 0.9617590 0.8570599 0.7500000
v 0.9632435 0.1449243 -0.7140000
v 0.9632435 0.1449243 -0.7140000
v 0.9632435 0.1449243 -0.6660000
v 0.9632435 0.1449243 -0.6660000
v 0.9632435 0.1449243 0.6660000
v 0.9632435 0.1449243 0.6660000
v 0.9632435 0.1449243 0.7140000
v 0.9632435 0.1449243 0.7140000
v 0.9632435 0.8790757 -0.7140000
v 0.9632435 0.8790757 -0.7140000
v 0.9632435 0.8790757 -0.6660000
v 0.9632435 0.8790757 -0.6660000
v 0.9632435 0.8790757 0.6660000
v 0.9632435 0.8790757 0.6660000
v 0.9632435 0.8790757 0.7140000
v 0.9632435 0.8790757 0.7140000
v 0.9682835 0.1361947 -0.7039200
v 0.9682835 0.1361947 -0.6760800
v 0.9682835 0.1361947 0.6760800
v 0.9682835 0.1361947 0.7039200
v 0.9682835 0.8878053 -0.7039200
v 0.9682835 0.8878053 -0.6760800
v 0.9682835 0.8878053 0.6760800
v 0.9682835 0.8878053 0.7039200
v 0.9719730 0.1499643 -0.7039200
v 0.9719730 0.1499643 -0.7039200
v 0.9719730 0.1499643 -0.7039200
v 0.9719730 0.1499643 -0.6760800
v 0.9719730 0.1499643 -0.6760800
v 0.9719730 0.1499643 -0.6760800
v 0.9719730 0.1499643 0.6760800
v 0.9719730 0.1499643 0.6760800
v 0.9719730 0.1499643 0.6760800
v 0.9719730 0.1499643 0.7039200
v 0.9719730 0.1499643 0.7039200
v 0.9719730 0.1499643 0.7039200
v 0.9719730 0.8740357 -0.7039200
v 0.9719730 0.8740357 -0.7039200
v 0.9719730 0.8740357 -0.7039200
v 0.9719730 0.8740357 -0.6760800
v 0.9719730 0.8740357 -0.6760800
v 0.9719730 0.8740357 -0.6760800
v 0.9719730 0.8740357 0.6760800
v 0.9719730 0.8740357 0.6760800
v 0.9719730 0.8740357 0.6760800
v 0.9719730 0.8740357 0.7039200
v 0.9719730 0.8740357 0.7039200
v 0.9719730 0.8740357 0.7039200
v 1.0034267 0.1045799 -0.7550000
v 1.0034267 0.1045799 -0.7550000
v 1.0034267 0.1045799 -0.6250000
v 1.0034267 0.1045799 -0.6250000
v 1.0034267 0.1045799 0.6250000
v 1.0034267 0.1045799 0.6250000
v 1.0034267 0.1045799 0.7550000
v 1.0034267 0.1045799 0.7550000
v 1.0034267 0.9194201 -0.7550000
v 1.0034267 0.9194201 -0.7550000
v 1.0034267 0.9194201 -0.6250000
v 1.0034267 0.9194201 -0.6250000
v 1.0034267 0.9194201 0.6250000
v 1.0034267 0.9194201 0.6250000
v 1.0034267 0.9194201 0.7550000
v 1.0034267 0.9194201 0.7550000
v 1.0089824 0.0962652 -0.7500000
v 1.0089824 0.0962652 -0.7500000
v 1.0089824 0.0962652 -0.6300000
v 1.0089824 0.0962652 -0.6300000
v 1.0089824 0.0962652 0.6300000
v 1.0089824 0.0962652 0.6300000
v 1.0089824 0.0962652 0.7500000
v 1.0089824 0.0962652 0.7500000
v 1.0089824 0.9277348 -0.7500000
v 1.0089824 0.9277348 -0.7500000
v 1.0089824 0.9277348 -0.6300000
v 1.0089824 0.9277348 -0.6300000
v 1.0089824 0.9277348 0.6300000
v 1.0089824 0.9277348 0.6300000
v 1.0089824 0.9277348 0.7500000
v 1.0089824 0.9277348 0.7500000
v 1.0156493 0.0862876 -0.7550000
v 1.0156493 0.0862876 -0.7550000
v 1.0156493 0.0862876 -0.6250000
v 1.0156493 0.0862876 -0.6250000
v 1.0156493 0.0862876 0.6250000
v 1.0156493 0.0862876 0.6250000
v 1.0156493 0.0862876 0.7550000
v 1.0156493 0.0862876 0.7550000
v 1.0156493 0.9377124 -0.7550000
v 1.0156493 0.9377124 -0.7550000
v 1.0156493 0.9377124 -0.6250000
v 1.0156493 0.9377124 -0.6250000
v 1.0156493 0.9377124 0.6250000
v 1.0156493 0.9377124 0.6250000
v 1.0156493 0.9377124 0.7550000
v 1.0156493 0.9377124 0.7550000
v 1.0246466 0.2185507 -0.7500000
v 1.0246466 0.2185507 -0.7500000
v 1.0246466 0.2185507 -0.6300000
v 1.0246466 0.2185507 -0.6300000
v 1.0246466 0.2185507 0.6300000
v 1.0246466 0.2185507 0.6300000
v 1.0246466 0.2185507 0.7500000
v 1.0246466 0.2185507 0.7500000
v 1.0246466 0.8054493 -0.7500000
v 1.0246466 0.8054493 -0.7500000
v 1.0246466 0.8054493 -0.6300000
v 1.0246466 0.8054493 -0.6300000
v 1.0246466 0.8054493 0.6300000
v 1.0246466 0.8054493 0.6300000
v 1.0246466 0.8054493 0.7500000
v 1.0246466 0.8054493 0.7500000
v 1.0762572 0.2814384 -0.7500000
v 1.0762572 0.2814384 -0.7500000
v 1.0762572 0.2814384 -0.6300000
v 1.0762572 0.2814384 -0.6300000
v 1.0762572 0.2814384 0.6300000
v 1.0762572 0.2814384 0.6300000
v 1.0762572 0.2814384 0.7500000
v 1.0762572 0.2814384 0.7500000
v 1.0762572 0.7425616 -0.7500000
v 1.0762572 0.7425616 -0.7500000
v 1.0762572 0.7425616 -0.6300000
v 1.0762572 0.7425616 -0.6300000
v 1.0762572 0.7425616 0.6300000
v 1.0762572 0.7425616 0.6300000
v 1.0762572 0.7425616 0.7500000
v 1.0762572 0.7425616 0.7500000
v 1.0776796 0.1655177 -0.7550000
v 1.0776796 0.1655177 -0.7550000
v 1.0776796 0.1655177 -0.6250000
v 1.0776796 0.1655177 -0.6250000
v 1.0776796 0.1655177 0.6250000
v 1.0776796 0.1655177 0.6250000
v 1.0776796 0.1655177 0.7550000
v 1.0776796 0.1655177 0.7550000
v 1.0776796 0.8584823 -0.7550000
v 1.0776796 0.8584823 -0.7550000
v 1.0776796 0.8584823 -0.6250000
v 1.0776796 0.8584823 -0.6250000
v 1.0776796 0.8584823 0.6250000
v 1.0776796 0.8584823 0.6250000
v 1.0776796 0.8584823 0.7550000
v 1.0776796 0.8584823 0.7550000
v 1.0847507 0.1584466 -0.7500000
v 1.0847507 0.1584466 -0.7500000
v 1.0847507 0.1584466 -0.6300000
v 1.0847507 0.1584466 -0.6300000
v 1.0847507 0.1584466 0.6300000
v 1.0847507 0.1584466 0.6300000
v 1.0847507 0.1584466 0.7500000
v 1.0847507 0.1584466 0.7500000
v 1.0847507 0.8655534 -0.7500000
v 1.0847507 0.8655534 -0.7500000
v 1.0847507 0.8655534 -0.6300000
v 1.0847507 0.8655534 -0.6300000
v 1.0847507 0.8655534 0.6300000
v 1.0847507 0.8655534 0.6300000
v 1.0847507 0.8655534 0.7500000
v 1.0847507 0.8655534 0.7500000
v 1.0932331 0.2712243 -0.7039200
v 1.0932331 0.2712243 -0.7039200
v 1.0932331 0.2712243 -0.7039200
v 1.0932331 0.2712243 -0.6760800
v 1.0932331 0.2712243 -0.6760800
v 1.0932331 0.2712243 -0.6760800
v 1.0932331 0.2712243 0.6760800
v 1.0932331 0.2712243 0.6760800
v 1.0932331 0.2712243 0.6760800
v 1.0932331 0.2712243 0.7039200
v 1.0932331 0.2712243 0.7039200
v 1.0932331 0.2712243 0.7039200
v 1.0932331 0.7527757 -0.7039200
v 1.0932331 0.7527757 -0.7039200
v 1.0932331 0.7527757 -0.7039200
v 1.0932331 0.7527757 -0.6760800
v 1.0932331 0.7527757 -0.6760800
v 1.0932331 0.7527757 -0.6760800
v 1.0932331 0.7527757 0.6760800
v 1.0932331 0.7527757 0.6760800
v 1.0932331 0.7527757 0.6760800
v 1.0932331 0.7527757 0.7039200
v 1.0932331 0.7527757 0.7039200
v 1.0932331 0.7527757 0.7039200
v 1.0932360 0.1499613 -0.7550000
v 1.0932360 0.1499613 -0.7550000
v 1.0932360 0.1499613 -0.6250000
v 1.0932360 0.1499613 -0.6250000
v 1.0932360 0.1499613 0.6250000
v 1.0932360 0.1499613 0.6250000
v 1.0932360 0.1499613 0.7550000
v 1.0932360 0.1499613 0.7550000
v 1.0932360 0.8740387 -0.7550000
v 1.0932360 0.8740387 -0.7550000
v 1.0932360 0.8740387 -0.6250000
v 1.0932360 0.8740387 -0.6250000
v 1.0932360 0.8740387 0.6250000
v 1.0932360 0.8740387 0.6250000
v 1.0932360 0.8740387 0.7550000
v 1.0932360 0.8740387 0.7550000
v 1.0982731 0.2799538 -0.7140000
v 1.0982731 0.2799538 -0.7140000
v 1.0982731 0.2799538 -0.6660000
v 1.0982731 0.2799538 -0.6660000
v 1.0982731 0.2799538 0.6660000
v 1.0982731 0.2799538 0.6660000
v 1.0982731 0.2799538 0.7140000
v 1.0982731 0.2799538 0.7140000
v 1.0982731 0.7440462 -0.7140000
v 1.0982731 0.7440462 -0.7140000
v 1.0982731 0.7440462 -0.6660000
v 1.0982731 0.7440462 -0.6660000
v 1.0982731 0.7440462 0.6660000
v 1.0982731 0.7440462 0.6660000
v 1.0982731 0.7440462 0.7140000
v 1.0982731 0.7440462 0.7140000
v 1.1070026 0.2749138 -0.7039200
v 1.1070026 0.2749138 -0.6760800
v 1.1070026 0.2749138 0.6760800
v 1.1070026 0.2749138 0.7039200
v 1.1070026 0.7490862 -0.7039200
v 1.1070026 0.7490862 -0.6760800
v 1.1070026 0.7490862 0.6760800
v 1.1070026 0.7490862 0.7039200
v 1.1146073 0.3531864 -0.7500000
v 1.1146073 0.3531864 -0.7500000
v 1.1146073 0.3531864 -0.6300000
v 1.1146073 0.3531864 -0.6300000
v 1.1146073 0.3531864 0.6300000
v 1.1146073 0.3531864 0.6300000
v 1.1146073 0.3531864 0.7500000
v 1.1146073 0.3531864 0.7500000
v 1.1146073 0.6708136 -0.7500000
v 1.1146073 0.6708136 -0.7500000
v 1.1146073 0.6708136 -0.6300000
v 1.1146073 0.6708136 -0.6300000
v 1.1146073 0.6708136 0.6300000
v 1.1146073 0.6708136 0.6300000
v 1.1146073 0.6708136 0.7500000
v 1.1146073 0.6708136 0.7500000
v 1.1156931 0.3101262 -0.7140000
v 1.1156931 0.3101262 -0.7140000
v 1.1156931 0.3101262 -0.6660000
v 1.1156931 0.3101262 -0.6660000
v 1.1156931 0.3101262 0.6660000
v 1.1156931 0.3101262 0.6660000
v 1.1156931 0.3101262 0.7140000
v 1.1156931 0.3101262 0.7140000
v 1.1156931 0.7138738 -0.7140000
v 1.1156931 0.7138738 -0.7140000
v 1.1156931 0.7138738 -0.6660000
v 1.1156931 0.7138738 -0.6660000
v 1.1156931 0.7138738 0.6660000
v 1.1156931 0.7138738 0.6660000
v 1.1156931 0.7138738 0.7140000
v 1.1156931 0.7138738 0.7140000
v 1.1207331 0.3188557 -0.7039200
v 1.1207331 0.3188557 -0.7039200
v 1.1207331 0.3188557 -0.7039200
v 1.1207331 0.3188557 -0.6760800
v 1.1207331 0.3188557 -0.6760800
v 1.1207331 0.3188557 -0.6760800
v 1.1207331 0.3188557 0.6760800
v 1.1207331 0.3188557 0.6760800
v 1.1207331 0.3188557 0.6760800
v 1.1207331 0.3188557 0.7039200
v 1.1207331 0.3188557 0.7039200
v 1.1207331 0.3188557 0.7039200
v 1.1207331 0.7051443 -0.7039200
v 1.1207331 0.7051443 -0.7039200
v 1.1207331 0.7051443 -0.7039200
v 1.1207331 0.7051443 -0.6760800
v 1.1207331 0.7051443 -0.6760800
v 1.1207331 0.7051443 -0.6760800
v 1.1207331 0.7051443 0.6760800
v 1.1207331 0.7051443 0.6760800
v 1.1207331 0.7051443 0.6760800
v 1.1207331 0.7051443 0.7039200
v 1.1207331 0.7051443 0.7039200
v 1.1207331 0.7051443 0.7039200
v 1.1244226 0.3050862 -0.7039200
v 1.1244226 0.3050862 -0.6760800
v 1.1244226 0.3050862 0.6760800
v 1.1244226 0.3050862 0.7039200
v 1.1244226 0.7189138 -0.7039200
v 1.1244226 0.7189138 -0.6760800
v 1.1244226 0.7189138 0.6760800
v 1.1244226 0.7189138 0.7039200
v 1.1382232 0.4310375 -0.7500000
v 1.1382232 0.4310375 -0.7500000
v 1.1382232 0.4310375 -0.6300000
v 1.1382232 0.4310375 -0.6300000
v 1.1382232 0.4310375 0.6300000
v 1.1382232 0.4310375 0.6300000
v 1.1382232 0.4310375 0.7500000
v 1.1382232 0.4310375 0.7500000
v 1.1382232 0.5929625 -0.7500000
v 1.1382232 0.5929625 -0.7500000
v 1.1382232 0.5929625 -0.6300000
v 1.1382232 0.5929625 -0.6300000
v 1.1382232 0.5929625 0.6300000
v 1.1382232 0.5929625 0.6300000
v 1.1382232 0.5929625 0.7500000
v 1.1382232 0.5929625 0.7500000
v 1.1386174 0.2397706 -0.7550000
v 1.1386174 0.2397706 -0.7550000
v 1.1386174 0.2397706 -0.6250000
v 1.1386174 0.2397706 -0.6250000
v 1.1386174 0.2397706 0.6250000
v 1.1386174 0.2397706 0.6250000
v 1.1386174 0.2397706 0.7550000
v 1.1386174 0.2397706 0.7550000
v 1.1386174 0.7842294 -0.7550000
v 1.1386174 0.7842294 -0.7550000
v 1.1386174 0.7842294 -0.6250000
v 1.1386174 0.7842294 -0.6250000
v 1.1386174 0.7842294 0.6250000
v 1.1386174 0.7842294 0.6250000
v 1.1386174 0.7842294 0.7550000
v 1.1386174 0.7842294 0.7550000
v 1.1461973 0.5120000 -0.7500000
v 1.1461973 0.5120000 -0.7500000
v 1.1461973 0.5120000 -0.7500000
v 1.1461973 0.5120000 -0.6300000
v 1.1461973 0.5120000 -0.6300000
v 1.1461973 0.5120000 -0.6300000
v 1.1461973 0.5120000 0.6300000
v 1.1461973 0.5120000 0.6300000
v 1.1461973 0.5120000 0.6300000
v 1.1461973 0.5120000 0.7500000
v 1.1461973 0.5120000 0.7500000
v 1.1461973 0.5120000 0.7500000
v 1.1469321 0.2342149 -0.7500000
v 1.1469321 0.2342149 -0.7500000
v 1.1469321 0.2342149 -0.6300000
v 1.1469321 0.2342149 -0.6300000
v 1.1469321 0.2342149 0.6300000
v 1.1469321 0.2342149 0.6300000
v 1.1469321 0.2342149 0.7500000
v 1.1469321 0.2342149 0.7500000
v 1.1469321 0.7897851 -0.7500000
v 1.1469321 0.7897851 -0.7500000
v 1.1469321 0.7897851 -0.6300000
v 1.1469321 0.7897851 -0.6300000
v 1.1469321 0.7897851 0.6300000
v 1.1469321 0.7897851 0.6300000
v 1.1469321 0.7897851 0.7500000
v 1.1469321 0.7897851 0.7500000
v 1.1569098 0.2275480 -0.7550000
v 1.1569098 0.2275480 -0.7550000
v 1.1569098 0.2275480 -0.6250000
v 1.1569098 0.2275480 -0.6250000
v 1.1569098 0.2275480 0.6250000
v 1.1569098 0.2275480 0.6250000
v 1.1569098 0.2275480 0.7550000
v 1.1569098 0.2275480 0.7550000
v 1.1569098 0.7964520 -0.7550000
v 1.1569098 0.7964520 -0.7550000
v 1.1569098 0.7964520 -0.6250000
v 1.1569098 0.7964520 -0.6250000
v 1.1569098 0.7964520 0.6250000
v 1.1569098 0.7964520 0.6250000
v 1.1569098 0.7964520 0.7550000
v 1.1569098 0.7964520 0.7550000
v 1.1651173 0.4845000 -0.7039200
v 1.1651173 0.4845000 -0.7039200
v 1.1651173 0.4845000 -0.7039200
v 1.1651173 0.4845000 -0.6760800
v 1.1651173 0.4845000 -0.6760800
v 1.1651173 0.4845000 -0.6760800
v 1.1651173 0.4845000 0.6760800
v 1.1651173 0.4845000 0.6760800
v 1.1651173 0.4845000 0.6760800
v 1.1651173 0.4845000 0.7039200
v 1.1651173 0.4845000 0.7039200
v 1.1651173 0.4845000 0.7039200
v 1.1651173 0.4945800 -0.7140000
v 1.1651173 0.4945800 -0.7140000
v 1.1651173 0.4945800 -0.6660000
v 1.1651173 0.4945800 -0.6660000
v 1.1651173 0.4945800 0.6660000
v 1.1651173 0.4945800 0.6660000
v 1.1651173 0.4945800 0.7140000
v 1.1651173 0.4945800 0.7140000
v 1.1651173 0.5294200 -0.7140000
v 1.1651173 0.5294200 -0.7140000
v 1.1651173 0.5294200 -0.6660000
v 1.1651173 0.5294200 -0.6660000
v 1.1651173 0.5294200 0.6660000
v 1.1651173 0.5294200 0.6660000
v 1.1651173 0.5294200 0.7140000
v 1.1651173 0.5294200 0.7140000
v 1.1651173 0.5395000 -0.7039200
v 1.1651173 0.5395000 -0.7039200
v 1.1651173 0.5395000 -0.7039200
v 1.1651173 0.5395000 -0.6760800
v 1.1651173 0.5395000 -0.6760800
v 1.1651173 0.5395000 -0.6760800
v 1.1651173 0.5395000 0.6760800
v 1.1651173 0.5395000 0.6760800
v 1.1651173 0.5395000 0.6760800
v 1.1651173 0.5395000 0.7039200
v 1.1651173 0.5395000 0.7039200
v 1.1651173 0.5395000 0.7039200
v 1.1751973 0.4945800 -0.7039200
v 1.1751973 0.4945800 -0.6760800
v 1.1751973 0.4945800 0.6760800
v 1.1751973 0.4945800 0.7039200
v 1.1751973 0.5294200 -0.7039200
v 1.1751973 0.5294200 -0.6760800
v 1.1751973 0.5294200 0.6760800
v 1.1751973 0.5294200 0.7039200
v 1.1838983 0.3244851 -0.7550000
v 1.1838983 0.3244851 -0.7550000
v 1.1838983 0.3244851 -0.6250000
v 1.1838983 0.3244851 -0.6250000
v 1.1838983 0.3244851 0.6250000
v 1.1838983 0.3244851 0.6250000
v 1.1838983 0.3244851 0.7550000
v 1.1838983 0.3244851 0.7550000
v 1.1838983 0.6995149 -0.7550000
v 1.1838983 0.6995149 -0.7550000
v 1.1838983 0.6995149 -0.6250000
v 1.1838983 0.6995149 -0.6250000
v 1.1838983 0.6995149 0.6250000
v 1.1838983 0.6995149 0.6250000
v 1.1838983 0.6995149 0.7550000
v 1.1838983 0.6995149 0.7550000
v 1.1931371 0.3206583 -0.7500000
v 1.1931371 0.3206583 -0.7500000
v 1.1931371 0.3206583 -0.6300000
v 1.1931371 0.3206583 -0.6300000
v 1.1931371 0.3206583 0.6300000
v 1.1931371 0.3206583 0.6300000
v 1.1931371 0.3206583 0.7500000
v 1.1931371 0.3206583 0.7500000
v 1.1931371 0.7033417 -0.7500000
v 1.1931371 0.7033417 -0.7500000
v 1.1931371 0.7033417 -0.6300000
v 1.1931371 0.7033417 -0.6300000
v 1.1931371 0.7033417 0.6300000
v 1.1931371 0.7033417 0.6300000
v 1.1931371 0.7033417 0.7500000
v 1.1931371 0.7033417 0.7500000
v 1.2042236 0.3160661 -0.7550000
v 1.2042236 0.3160661 -0.7550000
v 1.2042236 0.3160661 -0.6250000
v 1.2042236 0.3160661 -0.6250000
v 1.2042236 0.3160661 0.6250000
v 1.2042236 0.3160661 0.6250000
v 1.2042236 0.3160661 0.7550000
v 1.2042236 0.3160661 0.7550000
v 1.2042236 0.7079339 -0.7550000
v 1.2042236 0.7079339 -0.7550000
v 1.2042236 0.7079339 -0.6250000
v 1.2042236 0.7079339 -0.6250000
v 1.2042236 0.7079339 0.6250000
v 1.2042236 0.7079339 0.6250000
v 1.2042236 0.7079339 0.7550000
v 1.2042236 0.7079339 0.7550000
v 1.2117821 0.4164057 -0.7550000
v 1.2117821 0.4164057 -0.7550000
v 1.2117821 0.4164057 -0.6250000
v 1.2117821 0.4164057 -0.6250000
v 1.2117821 0.4164057 0.6250000
v 1.2117821 0.4164057 0.6250000
v 1.2117821 0.4164057 0.7550000
v 1.2117821 0.4164057 0.7550000
v 1.2117821 0.6075943 -0.7550000
v 1.2117821 0.6075943 -0.7550000
v 1.2117821 0.6075943 -0.6250000
v 1.2117821 0.6075943 -0.6250000
v 1.2117821 0.6075943 0.6250000
v 1.2117821 0.6075943 0.6250000
v 1.2117821 0.6075943 0.7550000
v 1.2117821 0.6075943 0.7550000
v 1.2211973 0.5120000 -0.7550000
v 1.2211973 0.5120000 -0.7550000
v 1.2211973 0.5120000 -0.7550000
v 1.2211973 0.5120000 -0.6250000
v 1.2211973 0.5120000 -0.6250000
v 1.2211973 0.5120000 -0.6250000
v 1.2211973 0.5120000 0.6250000
v 1.2211973 0.5120000 0.6250000
v 1.2211973 0.5120000 0.6250000
v 1.2211973 0.5120000 0.7550000
v 1.2211973 0.5120000 0.7550000
v 1.2211973 0.5120000 0.7550000
v 1.2215900 0.4144548 -0.7500000
v 1.2215900 0.4144548 -0.7500000
v 1.2215900 0.4144548 -0.6300000
v 1.2215900 0.4144548 -0.6300000
v 1.2215900 0.4144548 0.6300000
v 1.2215900 0.4144548 0.6300000
v 1.2215900 0.4144548 0.7500000
v 1.2215900 0.4144548 0.7500000
v 1.2215900 0.6095452 -0.7500000
v 1.2215900 0.6095452 -0.7500000
v 1.2215900 0.6095452 -0.6300000
v 1.2215900 0.6095452 -0.6300000
v 1.2215900 0.6095452 0.6300000
v 1.2215900 0.6095452 0.6300000
v 1.2215900 0.6095452 0.7500000
v 1.2215900 0.6095452 0.7500000
v 1.2311973 0.5120000 -0.7500000
v 1.2311973 0.5120000 -0.7500000
v 1.2311973 0.5120000 -0.7500000
v 1.2311973 0.5120000 -0.6300000
v 1.2311973 0.5120000 -0.6300000
v 1.2311973 0.5120000 -0.6300000
v 1.2311973 0.5120000 0.6300000
v 1.2311973 0.5120000 0.6300000
v 1.2311973 0.5120000 0.6300000
v 1.2311973 0.5120000 0.7500000
v 1.2311973 0.5120000 0.7500000
v 1.2311973 0.5120000 0.7500000
v 1.2333594 0.4121138 -0.7550000
v 1.2333594 0.4121138 -0.7550000
v 1.2333594 0.4121138 -0.6250000
v 1.2333594 0.4121138 -0.6250000
v 1.2333594 0.4121138 0.6250000
v 1.2333594 0.4121138 0.6250000
v 1.2333594 0.4121138 0.7550000
v 1.2333594 0.4121138 0.7550000
v 1.2333594 0.6118862 -0.7550000
v 1.2333594 0.6118862 -0.7550000
v 1.2333594 0.6118862 -0.6250000
v 1.2333594 0.6118862 -0.6250000
v 1.2333594 0.6118862 0.6250000
v 1.2333594 0.6118862 0.6250000
v 1.2333594 0.6118862 0.7550000
v 1.2333594 0.6118862 0.7550000
v 1.2431973 0.5120000 -0.7550000
v 1.2431973 0.5120000 -0.7550000
v 1.2431973 0.5120000 -0.7550000
v 1.2431973 0.5120000 -0.6250000
v 1.2431973 0.5120000 -0.6250000
v 1.2431973 0.5120000 -0.6250000
v 1.2431973 0.5120000 0.6250000
v 1.2431973 0.5120000 0.6250000
v 1.2431973 0.5120000 0.6250000
v 1.2431973 0.5120000 0.7550000
v 1.2431973 0.5120000 0.7550000
v 1.2431973 0.5120000 0.7550000
v 1.2861973 0.6659000 -0.5361000
v 1.2861973 0.6659000 -0.4839000
v 1.2861973 0.6659000 0.4839000
v 1.2861973 0.6659000 0.5361000
v 1.2861973 1.3581000 -0.5361000
v 1.2861973 1.3581000 -0.4839000
v 1.2861973 1.3581000 0.4839000
v 1.2861973 1.3581000 0.5361000
v 1.3050973 0.6470000 -0.5361000
v 1.3050973 0.6470000 -0.5361000
v 1.3050973 0.6470000 -0.4839000
v 1.3050973 0.6470000 -0.4839000
v 1.3050973 0.6470000 -0.4839000
v 1.3050973 0.6470000 0.4839000
v 1.3050973 0.6470000 0.4839000
v 1.3050973 0.6470000 0.5361000
v 1.3050973 0.6470000 0.5361000
v 1.3050973 0.6470000 0.5361000
v 1.3050973 0.6659000 -0.5550000
v 1.3050973 0.6659000 -0.5550000
v 1.3050973 0.6659000 -0.4650000
v 1.3050973 0.6659000 -0.4650000
v 1.3050973 0.6659000 0.4650000
v 1.3050973 0.6659000 0.4650000
v 1.3050973 0.6659000 0.5550000
v 1.3050973 0.6659000 0.5550000
v 1.3050973 1.3581000 -0.5550000
v 1.3050973 1.3581000 -0.5550000
v 1.3050973 1.3581000 -0.4650000
v 1.3050973 1.3581000 -0.4650000
v 1.3050973 1.3581000 0.4650000
v 1.3050973 1.3581000 0.4650000
v 1.3050973 1.3581000 0.5550000
v 1.3050973 1.3581000 0.5550000
v 1.3050973 1.3770000 -0.5361000
v 1.3050973 1.3770000 -0.5361000
v 1.3050973 1.3770000 -0.4839000
v 1.3050973 1.3770000 -0.4839000
v 1.3050973 1.3770000 -0.4839000
v 1.3050973 1.3770000 0.4839000
v 1.3050973 1.3770000 0.4839000
v 1.3050973 1.3770000 0.5361000
v 1.3050973 1.3770000 0.5361000
v 1.3050973 1.3770000 0.5361000
v 1.3461973 0.8567000 -0.4953000
v 1.3461973 0.8567000 -0.4953000
v 1.3461973 0.8567000 0.4953000
v 1.3461973 0.8567000 0.4953000
v 1.3461973 0.9873000 -0.4953000
v 1.3461973 0.9873000 -0.4953000
v 1.3461973 0.9873000 0.4953000
v 1.3461973 0.9873000 0.4953000
v 1.3461973 1.0967000 -0.4953000
v 1.3461973 1.0967000 -0.4953000
v 1.3461973 1.0967000 0.4953000
v 1.3461973 1.0967000 0.4953000
v 1.3461973 1.2273000 -0.4953000
v 1.3461973 1.2273000 -0.4953000
v 1.3461973 1.2273000 0.4953000
v 1.3461973 1.2273000 0.4953000
v 1.3572973 0.6470000 -0.5361000
v 1.3572973 0.6470000 -0.5361000
v 1.3572973 0.6470000 -0.5361000
v 1.3572973 0.6470000 -0.4839000
v 1.3572973 0.6470000 -0.4839000
v 1.3572973 0.6470000 0.4839000
v 1.3572973 0.6470000 0.4839000
v 1.3572973 0.6470000 0.4839000
v 1.3572973 0.6470000 0.5361000
v 1.3572973 0.6470000 0.5361000
v 1.3572973 0.6659000 -0.5550000
v 1.3572973 0.6659000 -0.5550000
v 1.3572973 0.6659000 -0.4650000
v 1.3572973 0.6659000 -0.4650000
v 1.3572973 0.6659000 0.4650000
v 1.3572973 0.6659000 0.4650000
v 1.3572973 0.6659000 0.5550000
v 1.3572973 0.6659000 0.5550000
v 1.3572973 1.3581000 -0.5550000
v 1.3572973 1.3581000 -0.5550000
v 1.3572973 1.3581000 -0.4650000
v 1.3572973 1.3581000 -0.4650000
v 1.3572973 1.3581000 0.4650000
v 1.3572973 1.3581000 0.4650000
v 1.3572973 1.3581000 0.5550000
v 1.3572973 1.3581000 0.5550000
v 1.3572973 1.3770000 -0.5361000
v 1.3572973 1.3770000 -0.5361000
v 1.3572973 1.3770000 -0.5361000
v 1.3572973 1.3770000 -0.4839000
v 1.3572973 1.3770000 -0.4839000
v 1.3572973 1.3770000 0.4839000
v 1.3572973 1.3770000 0.4839000
v 1.3572973 1.3770000 0.4839000
v 1.3572973 1.3770000 0.5361000
v 1.3572973 1.3770000 0.5361000
v 1.3608973 0.8420000 -0.4953000
v 1.3608973 0.8420000 -0.4953000
v 1.3608973 0.8420000 -0.4953000
v 1.3608973 0.8420000 0.4953000
v 1.3608973 0.8420000 0.4953000
v 1.3608973 0.8420000 0.4953000
v 1.3608973 0.8567000 -0.5100000
v 1.3608973 0.8567000 0.5100000
v 1.3608973 0.9873000 -0.5100000
v 1.3608973 0.9873000 0.5100000
v 1.3608973 1.0020000 -0.4953000
v 1.3608973 1.0020000 -0.4953000
v 1.3608973 1.0020000 -0.4953000
v 1.3608973 1.0020000 0.4953000
v 1.3608973 1.0020000 0.4953000
v 1.3608973 1.0020000 0.4953000
v 1.3608973 1.0820000 -0.4953000
v 1.3608973 1.0820000 -0.4953000
v 1.3608973 1.0820000 -0.4953000
v 1.3608973 1.0820000 0.4953000
v 1.3608973 1.0820000 0.4953000
v 1.3608973 1.0820000 0.4953000
v 1.3608973 1.0967000 -0.5100000
v 1.3608973 1.0967000 0.5100000
v 1.3608973 1.2273000 -0.5100000
v 1.3608973 1.2273000 0.5100000
v 1.3608973 1.2420000 -0.4953000
v 1.3608973 1.2420000 -0.4953000
v 1.3608973 1.2420000 -0.4953000
v 1.3608973 1.2420000 0.4953000
v 1.3608973 1.2420000 0.4953000
v 1.3608973 1.2420000 0.4953000
v 1.3622973 0.6870000 -0.5061000
v 1.3622973 0.6870000 -0.4139000
v 1.3622973 0.6870000 -0.3527667
v 1.3622973 0.6870000 -0.2605667
v 1.3622973 0.6870000 -0.1994333
v 1.3622973 0.6870000 -0.1072333
v 1.3622973 0.6870000 -0.0461000
v 1.3622973 0.6870000 0.0461000
v 1.3622973 0.6870000 0.1072333
v 1.3622973 0.6870000 0.1994333
v 1.3622973 0.6870000 0.2605667
v 1.3622973 0.6870000 0.3527667
v 1.3622973 0.6870000 0.4139000
v 1.3622973 0.6870000 0.5061000
v 1.3622973 0.7059000 -0.5250000
v 1.3622973 0.7059000 -0.5250000
v 1.3622973 0.7059000 -0.3950000
v 1.3622973 0.7059000 -0.3950000
v 1.3622973 0.7059000 -0.3716667
v 1.3622973 0.7059000 -0.3716667
v 1.3622973 0.7059000 -0.2416667
v 1.3622973 0.7059000 -0.2416667
v 1.3622973 0.7059000 -0.2183333
v 1.3622973 0.7059000 -0.2183333
v 1.3622973 0.7059000 -0.0883333
v 1.3622973 0.7059000 -0.0883333
v 1.3622973 0.7059000 -0.0650000
v 1.3622973 0.7059000 -0.0650000
v 1.3622973 0.7059000 0.0650000
v 1.3622973 0.7059000 0.0650000
v 1.3622973 0.7059000 0.0883333
v 1.3622973 0.7059000 0.0883333
v 1.3622973 0.7059000 0.2183333
v 1.3622973 0.7059000 0.2183333
v 1.3622973 0.7059000 0.2416667
v 1.3622973 0.7059000 0.2416667
v 1.3622973 0.7059000 0.3716667
v 1.3622973 0.7059000 0.3716667
v 1.3622973 0.7059000 0.3950000
v 1.3622973 0.7059000 0.3950000
v 1.3622973 0.7059000 0.5250000
v 1.3622973 0.7059000 0.5250000
v 1.3622973 0.7581000 -0.5250000
v 1.3622973 0.7581000 -0.5250000
v 1.3622973 0.7581000 -0.3950000
v 1.3622973 0.7581000 -0.3950000
v 1.3622973 0.7581000 -0.3716667
v 1.3622973 0.7581000 -0.3716667
v 1.3622973 0.7581000 -0.2416667
v 1.3622973 0.7581000 -0.2416667
v 1.3622973 0.7581000 -0.2183333
v 1.3622973 0.7581000 -0.2183333
v 1.3622973 0.7581000 -0.0883333
v 1.3622973 0.7581000 -0.0883333
v 1.3622973 0.7581000 -0.0650000
v 1.3622973 0.7581000 -0.0650000
v 1.3622973 0.7581000 0.0650000
v 1.3622973 0.7581000 0.0650000
v 1.3622973 0.7581000 0.0883333
v 1.3622973 0.7581000 0.0883333
v 1.3622973 0.7581000 0.2183333
v 1.3622973 0.7581000 0.2183333
v 1.3622973 0.7581000 0.2416667
v 1.3622973 0.7581000 0.2416667
v 1.3622973 0.7581000 0.3716667
v 1.3622973 0.7581000 0.3716667
v 1.3622973 0.7581000 0.3950000
v 1.3622973 0.7581000 0.3950000
v 1.3622973 0.7581000 0.5250000
v 1.3622973 0.7581000 0.5250000
v 1.3622973 0.7770000 -0.5061000
v 1.3622973 0.7770000 -0.4139000
v 1.3622973 0.7770000 -0.3527667
v 1.3622973 0.7770000 -0.2605667
v 1.3622973 0.7770000 -0.1994333
v 1.3622973 0.7770000 -0.1072333
v 1.3622973 0.7770000 -0.0461000
v 1.3622973 0.7770000 0.0461000
v 1.3622973 0.7770000 0.1072333
v 1.3622973 0.7770000 0.1994333
v 1.3622973 0.7770000 0.2605667
v 1.3622973 0.7770000 0.3527667
v 1.3622973 0.7770000 0.4139000
v 1.3622973 0.7770000 0.5061000
v 1.3761973 0.6659000 -0.5361000
v 1.3761973 0.6659000 -0.4839000
v 1.3761973 0.6659000 0.4839000
v 1.3761973 0.6659000 0.5361000
v 1.3761973 1.3581000 -0.5361000
v 1.3761973 1.3581000 -0.4839000
v 1.3761973 1.3581000 0.4839000
v 1.3761973 1.3581000 0.5361000
v 1.3811973 0.7059000 -0.5061000
v 1.3811973 0.7059000 -0.5061000
v 1.3811973 0.7059000 -0.4139000
v 1.3811973 0.7059000 -0.4139000
v 1.3811973 0.7059000 -0.4139000
v 1.3811973 0.7059000 -0.3527667
v 1.3811973 0.7059000 -0.3527667
v 1.3811973 0.7059000 -0.2605667
v 1.3811973 0.7059000 -0.2605667
v 1.3811973 0.7059000 -0.2605667
v 1.3811973 0.7059000 -0.1994333
v 1.3811973 0.7059000 -0.1994333
v 1.3811973 0.7059000 -0.1072333
v 1.3811973 0.7059000 -0.1072333
v 1.3811973 0.7059000 -0.1072333
v 1.3811973 0.7059000 -0.0461000
v 1.3811973 0.7059000 -0.0461000
v 1.3811973 0.7059000 0.0461000
v 1.3811973 0.7059000 0.0461000
v 1.3811973 0.7059000 0.0461000
v 1.3811973 0.7059000 0.1072333
v 1.3811973 0.7059000 0.1072333
v 1.3811973 0.7059000 0.1994333
v 1.3811973 0.7059000 0.1994333
v 1.3811973 0.7059000 0.1994333
v 1.3811973 0.7059000 0.2605667
v 1.3811973 0.7059000 0.2605667
v 1.3811973 0.7059000 0.3527667
v 1.3811973 0.7059000 0.3527667
v 1.3811973 0.7059000 0.3527667
v 1.3811973 0.7059000 0.4139000
v 1.3811973 0.7059000 0.4139000
v 1.3811973 0.7059000 0.5061000
v 1.3811973 0.7059000 0.5061000
v 1.3811973 0.7059000 0.5061000
v 1.3811973 0.7581000 -0.5061000
v 1.3811973 0.7581000 -0.5061000
v 1.3811973 0.7581000 -0.5061000
v 1.3811973 0.7581000 -0.4139000
v 1.3811973 0.7581000 -0.4139000
v 1.3811973 0.7581000 -0.4139000
v 1.3811973 0.7581000 -0.3527667
v 1.3811973 0.7581000 -0.3527667
v 1.3811973 0.7581000 -0.3527667
v 1.3811973 0.7581000 -0.2605667
v 1.3811973 0.7581000 -0.2605667
v 1.3811973 0.7581000 -0.2605667
v 1.3811973 0.7581000 -0.1994333
v 1.3811973 0.7581000 -0.1994333
v 1.3811973 0.7581000 -0.1994333
v 1.3811973 0.7581000 -0.1072333
v 1.3811973 0.7581000 -0.1072333
v 1.3811973 0.7581000 -0.1072333
v 1.3811973 0.7581000 -0.0461000
v 1.3811973 0.7581000 -0.0461000
v 1.3811973 0.7581000 -0.0461000
v 1.3811973 0.7581000 0.0461000
v 1.3811973 0.7581000 0.0461000
v 1.3811973 0.7581000 0.0461000
v 1.3811973 0.7581000 0.1072333
v 1.3811973 0.7581000 0.1072333
v 1.3811973 0.7581000 0.1072333
v 1.3811973 0.7581000 0.1994333
v 1.3811973 0.7581000 0.1994333
v 1.3811973 0.7581000 0.1994333
v 1.3811973 0.7581000 0.2605667
v 1.3811973 0.7581000 0.2605667
v 1.3811973 0.7581000 0.2605667
v 1.3811973 0.7581000 0.3527667
v 1.3811973 0.7581000 0.3527667
v 1.3811973 0.7581000 0.3527667
v 1.3811973 0.7581000 0.4139000
v 1.3811973 0.7581000 0.4139000
v 1.3811973 0.7581000 0.4139000
v 1.3811973 0.7581000 0.5061000
v 1.3811973 0.7581000 0.5061000
v 1.3811973 0.7581000 0.5061000
v 1.4014973 0.8420000 -0.4953000
v 1.4014973 0.8420000 -0.4953000
v 1.4014973 0.8420000 -0.4953000
v 1.4014973 0.8420000 0.4953000
v 1.4014973 0.8420000 0.4953000
v 1.4014973 0.8420000 0.4953000
v 1.4014973 0.8567000 -0.5100000
v 1.4014973 0.8567000 0.5100000
v 1.4014973 0.9873000 -0.5100000
v 1.4014973 0.9873000 0.5100000
v 1.4014973 1.0020000 -0.4953000
v 1.4014973 1.0020000 -0.4953000
v 1.4014973 1.0020000 -0.4953000
v 1.4014973 1.0020000 0.4953000
v 1.4014973 1.0020000 0.4953000
v 1.4014973 1.0020000 0.4953000
v 1.4014973 1.0820000 -0.4953000
v 1.4014973 1.0820000 -0.4953000
v 1.4014973 1.0820000 -0.4953000
v 1.4014973 1.0820000 0.4953000
v 1.4014973 1.0820000 0.4953000
v 1.4014973 1.0820000 0.4953000
v 1.4014973 1.0967000 -0.5100000
v 1.4014973 1.0967000 0.5100000
v 1.4014973 1.2273000 -0.5100000
v 1.4014973 1.2273000 0.5100000
v 1.4014973 1.2420000 -0.4953000
v 1.4014973 1.2420000 -0.4953000
v 1.4014973 1.2420000 -0.4953000
v 1.4014973 1.2420000 0.4953000
v 1.4014973 1.2420000 0.4953000
v 1.4014973 1.2420000 0.4953000
v 1.4161973 0.8567000 -0.4953000
v 1.4161973 0.8567000 -0.4953000
v 1.4161973 0.8567000 0.4953000
v 1.4161973 0.8567000 0.4953000
v 1.4161973 0.9873000 -0.4953000
v 1.4161973 0.9873000 -0.4953000
v 1.4161973 0.9873000 0.4953000
v 1.4161973 0.9873000 0.4953000
v 1.4161973 1.0967000 -0.4953000
v 1.4161973 1.0967000 -0.4953000
v 1.4161973 1.0967000 0.4953000
v 1.4161973 1.0967000 0.4953000
v 1.4161973 1.2273000 -0.4953000
v 1.4161973 1.2273000 -0.4953000
v 1.4161973 1.2273000 0.4953000
v 1.4161973 1.2273000 0.4953000
v 1.4164973 0.8420000 -0.5403000
v 1.4164973 0.8420000 -0.5403000
v 1.4164973 0.8420000 -0.4997000
v 1.4164973 0.8420000 -0.4997000
v 1.4164973 0.8420000 0.4997000
v 1.4164973 0.8420000 0.4997000
v 1.4164973 0.8420000 0.5403000
v 1.4164973 0.8420000 0.5403000
v 1.4164973 0.8567000 -0.5550000
v 1.4164973 0.8567000 -0.4850000
v 1.4164973 0.8567000 0.4850000
v 1.4164973 0.8567000 0.5550000
v 1.4164973 0.9873000 -0.5550000
v 1.4164973 0.9873000 -0.4850000
v 1.4164973 0.9873000 0.4850000
v 1.4164973 0.9873000 0.5550000
v 1.4164973 1.0020000 -0.5403000
v 1.4164973 1.0020000 -0.5403000
v 1.4164973 1.0020000 -0.4997000
v 1.4164973 1.0020000 -0.4997000
v 1.4164973 1.0020000 0.4997000
v 1.4164973 1.0020000 0.4997000
v 1.4164973 1.0020000 0.5403000
v 1.4164973 1.0020000 0.5403000
v 1.4164973 1.0820000 -0.5403000
v 1.4164973 1.0820000 -0.5403000
v 1.4164973 1.0820000 -0.4997000
v 1.4164973 1.0820000 -0.4997000
v 1.4164973 1.0820000 0.4997000
v 1.4164973 1.0820000 0.4997000
v 1.4164973 1.0820000 0.5403000
v 1.4164973 1.0820000 0.5403000
v 1.4164973 1.0967000 -0.5550000
v 1.4164973 1.0967000 -0.4850000
v 1.4164973 1.0967000 0.4850000
v 1.4164973 1.0967000 0.5550000
v 1.4164973 1.2273000 -0.5550000
v 1.4164973 1.2273000 -0.4850000
v 1.4164973 1.2273000 0.4850000
v 1.4164973 1.2273000 0.5550000
v 1.4164973 1.2420000 -0.5403000
v 1.4164973 1.2420000 -0.5403000
v 1.4164973 1.2420000 -0.4997000
v 1.4164973 1.2420000 -0.4997000
v 1.4164973 1.2420000 0.4997000
v 1.4164973 1.2420000 0.4997000
v 1.4164973 1.2420000 0.5403000
v 1.4164973 1.2420000 0.5403000
v 1.4311973 0.8567000 -0.5403000
v 1.4311973 0.8567000 -0.5403000
v 1.4311973 0.8567000 -0.4997000
v 1.4311973 0.8567000 -0.4997000
v 1.4311973 0.8567000 -0.4997000
v 1.4311973 0.8567000 0.4997000
v 1.4311973 0.8567000 0.4997000
v 1.4311973 0.8567000 0.5403000
v 1.4311973 0.8567000 0.5403000
v 1.4311973 0.8567000 0.5403000
v 1.4311973 0.9873000 -0.5403000
v 1.4311973 0.9873000 -0.5403000
v 1.4311973 0.9873000 -0.5403000
v 1.4311973 0.9873000 -0.4997000
v 1.4311973 0.9873000 -0.4997000
v 1.4311973 0.9873000 -0.4997000
v 1.4311973 0.9873000 0.4997000
v 1.4311973 0.9873000 0.4997000
v 1.4311973 0.9873000 0.4997000
v 1.4311973 0.9873000 0.5403000
v 1.4311973 0.9873000 0.5403000
v 1.4311973 0.9873000 0.5403000
v 1.4311973 1.0967000 -0.5403000
v 1.4311973 1.0967000 -0.5403000
v 1.4311973 1.0967000 -0.4997000
v 1.4311973 1.0967000 -0.4997000
v 1.4311973 1.0967000 -0.4997000
v 1.4311973 1.0967000 0.4997000
v 1.4311973 1.0967000 0.4997000
v 1.4311973 1.0967000 0.5403000
v 1.4311973 1.0967000 0.5403000
v 1.4311973 1.0967000 0.5403000
v 1.4311973 1.2273000 -0.5403000
v 1.4311973 1.2273000 -0.5403000
v 1.4311973 1.2273000 -0.5403000
v 1.4311973 1.2273000 -0.4997000
v 1.4311973 1.2273000 -0.4997000
v 1.4311973 1.2273000 -0.4997000
v 1.4311973 1.2273000 0.4997000
v 1.4311973 1.2273000 0.4997000
v 1.4311973 1.2273000 0.4997000
v 1.4311973 1.2273000 0.5403000
v 1.4311973 1.2273000 0.5403000
v 1.4311973 1.2273000 0.5403000
vt 0.1461480 0.1141030
vt 0.1461480 0.4961428
vt 0.0715766 0.1141030
vt 0.0715766 0.4961428
vt 0.1461480 0.4961428
vt 0.1441639 0.0733984
vt 0.1441639 0.4554382
vt 0.0695925 0.0733984
vt 0.0695925 0.4554382
vt 0.1441639 0.4554382
vt 0.0715766 0.4961428
vt 0.1461480 0.0987500
vt 0.1461480 0.4961428
vt 0.0715766 0.0987500
vt 0.0715766 0.4961428
vt 0.0695925 0.4554382
vt 0.1441639 0.0580454
vt 0.1441639 0.4554382
vt 0.0695925 0.0580454
vt 0.0695925 0.4554382
vt 0.1461480 0.4905840
vt 0.0715766 0.4905840
vt 0.1441639 0.4498794
vt 0.0695925 0.4498794
vt 0.1461480 0.4905840
vt 0.1731480 0.4905840
vt 0.0445766 0.4905840
vt 0.1461480 0.4905840
vt 0.1441639 0.4498794
vt 0.1711639 0.4498794
vt 0.0425925 0.4498794
vt 0.1441639 0.4498794
vt 0.0715766 0.4905840
vt 0.1731480 0.4905840
vt 0.0445766 0.4905840
vt 0.0715766 0.4905840
vt 0.0695925 0.4498794
vt 0.1711639 0.4498794
vt 0.0425925 0.4498794
vt 0.0695925 0.4498794
vt 0.1461480 0.4905840
vt 0.0715766 0.4905840
vt 0.1441639 0.4498794
vt 0.0695925 0.4498794
vt 0.0745858 0.1137371
vt 0.0745858 0.1180607
vt 0.0745858 0.1137371
vt 0.1325858 0.1137371
vt 0.1325858 0.1180607
vt 0.1108117 0.0453458
vt 0.1108117 0.0496693
vt 0.1108117 0.0453458
vt 0.1688117 0.0453458
vt 0.1688117 0.0496693
vt 0.0745858 0.1137371
vt 0.0745858 0.1564724
vt 0.2611572 0.1137371
vt 0.1325858 0.1137371
vt 0.1325858 0.1564724
vt 0.2611572 0.1137371
vt 0.1108117 0.0453458
vt 0.1108117 0.0880811
vt 0.2973831 0.0453458
vt 0.1688117 0.0453458
vt 0.1688117 0.0880811
vt 0.2973831 0.0453458
vt 0.0916456 0.0790524
vt 0.0916456 0.0833759
vt 0.0916456 0.0790524
vt 0.1496456 0.0790524
vt 0.1496456 0.0833759
vt 0.0434487 0.1192932
vt 0.0434487 0.1236167
vt 0.0434487 0.1192932
vt 0.1014487 0.1192932
vt 0.1014487 0.1236167
vt 0.0916456 0.0790524
vt 0.0916456 0.1217877
vt 0.2782170 0.0790524
vt 0.1496456 0.0790524
vt 0.1496456 0.1217877
vt 0.2782170 0.0790524
vt 0.0434487 0.1192932
vt 0.0434487 0.1620285
vt 0.2300201 0.1192932
vt 0.1014487 0.1192932
vt 0.1014487 0.1620285
vt 0.2300201 0.1192932
vt 0.0535858 0.1180607
vt 0.0745858 0.1180607
vt 0.0535858 0.1180607
vt 0.1325858 0.1180607
vt 0.0898117 0.0496693
vt 0.1108117 0.0496693
vt 0.0898117 0.0496693
vt 0.1688117 0.0496693
vt 0.0745858 0.1180607
vt 0.0745858 0.1180607
vt 0.1108117 0.0496693
vt 0.1108117 0.0496693
vt 0.2611572 0.1180607
vt 0.2611572 0.1180607
vt 0.2973831 0.0496693
vt 0.2973831 0.0496693
vt 0.0745858 0.1180607
vt 0.2821572 0.1180607
vt 0.1325858 0.1180607
vt 0.2821572 0.1180607
vt 0.1108117 0.0496693
vt 0.3183831 0.0496693
vt 0.1688117 0.0496693
vt 0.3183831 0.0496693
vt 0.0706456 0.0833759
vt 0.0916456 0.0833759
vt 0.0706456 0.0833759
vt 0.1496456 0.0833759
vt 0.0224487 0.1236167
vt 0.0434487 0.1236167
vt 0.0224487 0.1236167
vt 0.1014487 0.1236167
vt 0.0916456 0.0833759
vt 0.0916456 0.0833759
vt 0.0434487 0.1236167
vt 0.0434487 0.1236167
vt 0.2782170 0.0833759
vt 0.2782170 0.0833759
vt 0.2300201 0.1236167
vt 0.2300201 0.1236167
vt 0.0916456 0.0833759
vt 0.2992170 0.0833759
vt 0.1496456 0.0833759
vt 0.2992170 0.0833759
vt 0.0434487 0.1236167
vt 0.2510201 0.1236167
vt 0.1014487 0.1236167
vt 0.2510201 0.1236167
vt 0.0703219 0.1022575
vt 0.0703219 0.1078163
vt 0.0703219 0.1022575
vt 0.0703219 0.1349340
vt 0.2020362 0.1022575
vt 0.1390641 0.1017478
vt 0.1390641 0.1073067
vt 0.1390641 0.1017478
vt 0.1390641 0.1344243
vt 0.2707784 0.1017478
vt 0.1310305 0.0360517
vt 0.1310305 0.0416105
vt 0.1310305 0.0360517
vt 0.1310305 0.0687281
vt 0.2627448 0.0360517
vt 0.0791258 0.0824450
vt 0.0791258 0.0880038
vt 0.0791258 0.0824450
vt 0.0791258 0.1151214
vt 0.2108401 0.0824450
vt 0.0496969 0.0680294
vt 0.0496969 0.0735882
vt 0.0496969 0.0680294
vt 0.0496969 0.1007059
vt 0.1814112 0.0680294
vt 0.1268617 0.1130990
vt 0.1268617 0.1186578
vt 0.1268617 0.1130990
vt 0.1268617 0.1457755
vt 0.2585760 0.1130990
vt 0.0925971 0.0558820
vt 0.0925971 0.0614408
vt 0.0925971 0.0558820
vt 0.0925971 0.0885584
vt 0.2243114 0.0558820
vt 0.0703219 0.1022575
vt 0.1448933 0.1022575
vt 0.1448933 0.1078163
vt 0.1448933 0.1022575
vt 0.1448933 0.1349340
vt 0.2020362 0.1022575
vt 0.1390641 0.1017478
vt 0.2136355 0.1017478
vt 0.2136355 0.1073067
vt 0.2136355 0.1017478
vt 0.2136355 0.1344243
vt 0.2707784 0.1017478
vt 0.1310305 0.0360517
vt 0.2056019 0.0360517
vt 0.2056019 0.0416105
vt 0.2056019 0.0360517
vt 0.2056019 0.0687281
vt 0.2627448 0.0360517
vt 0.0791258 0.0824450
vt 0.1536972 0.0824450
vt 0.1536972 0.0880038
vt 0.1536972 0.0824450
vt 0.1536972 0.1151214
vt 0.2108401 0.0824450
vt 0.0496969 0.0680294
vt 0.1242684 0.0680294
vt 0.1242684 0.0735882
vt 0.1242684 0.0680294
vt 0.1242684 0.1007059
vt 0.1814112 0.0680294
vt 0.1268617 0.1130990
vt 0.2014331 0.1130990
vt 0.2014331 0.1186578
vt 0.2014331 0.1130990
vt 0.2014331 0.1457755
vt 0.2585760 0.1130990
vt 0.0925971 0.0558820
vt 0.1671685 0.0558820
vt 0.1671685 0.0614408
vt 0.1671685 0.0558820
vt 0.1671685 0.0885584
vt 0.2243114 0.0558820
vt 0.0757909 0.0427370
vt 0.1503623 0.0427370
vt 0.0967566 0.0927492
vt 0.1713281 0.0927492
vt 0.0757909 0.2463253
vt 0.1503623 0.2463253
vt 0.0967566 0.2963374
vt 0.1713281 0.2963374
vt 0.0703219 0.1078163
vt 0.2020362 0.1078163
vt 0.1390641 0.1073067
vt 0.2707784 0.1073067
vt 0.1310305 0.0416105
vt 0.2627448 0.0416105
vt 0.0791258 0.0880038
vt 0.2108401 0.0880038
vt 0.0496969 0.0735882
vt 0.1814112 0.0735882
vt 0.1268617 0.1186578
vt 0.2585760 0.1186578
vt 0.0925971 0.0614408
vt 0.2243114 0.0614408
vt 0.0433219 0.1078163
vt 0.0703219 0.1078163
vt 0.0703219 0.1078163
vt 0.2290362 0.1078163
vt 0.1120641 0.1073067
vt 0.1390641 0.1073067
vt 0.1390641 0.1073067
vt 0.2977784 0.1073067
vt 0.1040305 0.0416105
vt 0.1310305 0.0416105
vt 0.1310305 0.0416105
vt 0.2897448 0.0416105
vt 0.0521258 0.0880038
vt 0.0791258 0.0880038
vt 0.0791258 0.0880038
vt 0.2378401 0.0880038
vt 0.0226969 0.0735882
vt 0.0496969 0.0735882
vt 0.0496969 0.0735882
vt 0.2084112 0.0735882
vt 0.0998617 0.1186578
vt 0.1268617 0.1186578
vt 0.1268617 0.1186578
vt 0.2855760 0.1186578
vt 0.0655971 0.0614408
vt 0.0925971 0.0614408
vt 0.0925971 0.0614408
vt 0.2513114 0.0614408
vt 0.0433219 0.1078163
vt 0.1448933 0.1078163
vt 0.1448933 0.1078163
vt 0.2290362 0.1078163
vt 0.1120641 0.1073067
vt 0.2136355 0.1073067
vt 0.2136355 0.1073067
vt 0.2977784 0.1073067
vt 0.1040305 0.0416105
vt 0.2056019 0.0416105
vt 0.2056019 0.0416105
vt 0.2897448 0.0416105
vt 0.0521258 0.0880038
vt 0.1536972 0.0880038
vt 0.1536972 0.0880038
vt 0.2378401 0.0880038
vt 0.0226969 0.0735882
vt 0.1242684 0.0735882
vt 0.1242684 0.0735882
vt 0.2084112 0.0735882
vt 0.0998617 0.1186578
vt 0.2014331 0.1186578
vt 0.2014331 0.1186578
vt 0.2855760 0.1186578
vt 0.0655971 0.0614408
vt 0.1671685 0.0614408
vt 0.1671685 0.0614408
vt 0.2513114 0.0614408
vt 0.0703219 0.1078163
vt 0.2020362 0.1078163
vt 0.1390641 0.1073067
vt 0.2707784 0.1073067
vt 0.1310305 0.0416105
vt 0.2627448 0.0416105
vt 0.0791258 0.0880038
vt 0.2108401 0.0880038
vt 0.0496969 0.0735882
vt 0.1814112 0.0735882
vt 0.1268617 0.1186578
vt 0.2585760 0.1186578
vt 0.0925971 0.0614408
vt 0.2243114 0.0614408
vt 0.0757909 0.0371782
vt 0.0757909 0.0427370
vt 0.0757909 0.0371782
vt 0.1503623 0.0371782
vt 0.1503623 0.0427370
vt 0.0967566 0.0871904
vt 0.0967566 0.0927492
vt 0.0967566 0.0871904
vt 0.1713281 0.0871904
vt 0.1713281 0.0927492
vt 0.0487909 0.0427370
vt 0.0757909 0.0427370
vt 0.0757909 0.0427370
vt 0.1773623 0.0427370
vt 0.0697566 0.0927492
vt 0.0967566 0.0927492
vt 0.0967566 0.0927492
vt 0.1983281 0.0927492
vt 0.0487909 0.2463253
vt 0.0757909 0.2463253
vt 0.0757909 0.2463253
vt 0.1773623 0.2463253
vt 0.0697566 0.2963374
vt 0.0967566 0.2963374
vt 0.0967566 0.2963374
vt 0.1983281 0.2963374
vt 0.0757909 0.0427370
vt 0.0757909 0.2518841
vt 0.0757909 0.2518841
vt 0.1503623 0.0427370
vt 0.1503623 0.2518841
vt 0.0967566 0.0927492
vt 0.0967566 0.3018962
vt 0.0967566 0.3018962
vt 0.1713281 0.0927492
vt 0.1713281 0.3018962
vt 0.0757909 0.0371782
vt 0.0757909 0.0580900
vt 0.1503623 0.0371782
vt 0.1503623 0.0371782
vt 0.1503623 0.0580900
vt 0.0967566 0.0871904
vt 0.0967566 0.1081021
vt 0.1713281 0.0871904
vt 0.1713281 0.0871904
vt 0.1713281 0.1081021
vt 0.0487909 0.0427370
vt 0.1503623 0.0427370
vt 0.1503623 0.0427370
vt 0.1773623 0.0427370
vt 0.0697566 0.0927492
vt 0.1713281 0.0927492
vt 0.1713281 0.0927492
vt 0.1983281 0.0927492
vt 0.0487909 0.2463253
vt 0.1503623 0.2463253
vt 0.1503623 0.2463253
vt 0.1773623 0.2463253
vt 0.0697566 0.2963374
vt 0.1713281 0.2963374
vt 0.1713281 0.2963374
vt 0.1983281 0.2963374
vt 0.0757909 0.0580900
vt 0.0757909 0.2518841
vt 0.1503623 0.2518841
vt 0.1503623 0.0580900
vt 0.1503623 0.2518841
vt 0.0967566 0.1081021
vt 0.0967566 0.3018962
vt 0.1713281 0.3018962
vt 0.1713281 0.1081021
vt 0.1713281 0.3018962
vt 0.0757909 0.0427370
vt 0.1503623 0.0427370
vt 0.0967566 0.0927492
vt 0.1713281 0.0927492
vt 0.0757909 0.2463253
vt 0.1503623 0.2463253
vt 0.0967566 0.2963374
vt 0.1713281 0.2963374
vt 0.1461480 0.0987500
vt 0.0715766 0.0987500
vt 0.1441639 0.0580454
vt 0.0695925 0.0580454
vt 0.1461480 0.0987500
vt 0.1731480 0.0987500
vt 0.0445766 0.0987500
vt 0.1461480 0.0987500
vt 0.1441639 0.0580454
vt 0.1711639 0.0580454
vt 0.0425925 0.0580454
vt 0.1441639 0.0580454
vt 0.0715766 0.0987500
vt 0.1731480 0.0987500
vt 0.0445766 0.0987500
vt 0.0715766 0.0987500
vt 0.0695925 0.0580454
vt 0.1711639 0.0580454
vt 0.0425925 0.0580454
vt 0.0695925 0.0580454
vt 0.1461480 0.0987500
vt 0.0715766 0.0987500
vt 0.1441639 0.0580454
vt 0.0695925 0.0580454
vt 0.1461480 0.0931912
vt 0.1461480 0.1141030
vt 0.0715766 0.0931912
vt 0.0715766 0.1141030
vt 0.1461480 0.0931912
vt 0.1441639 0.0524866
vt 0.1441639 0.0733984
vt 0.0695925 0.0524866
vt 0.0695925 0.0733984
vt 0.1441639 0.0524866
vt 0.0715766 0.0931912
vt 0.1461480 0.0931912
vt 0.1461480 0.0987500
vt 0.0715766 0.0931912
vt 0.0715766 0.0987500
vt 0.0695925 0.0524866
vt 0.1441639 0.0524866
vt 0.1441639 0.0580454
vt 0.0695925 0.0524866
vt 0.0695925 0.0580454
vt 0.5000000 -0.0406250
vt 0.0000000 0.5000000
vt 0.5000000 0.0406250
vt 0.0000000 0.5000000
vt 0.5000000 -0.0406250
vt 0.0000000 0.5000000
vt 0.5000000 0.0406250
vt 0.0000000 0.5000000
vt 0.4687500 -0.0406250
vt 0.0096074 0.5975452
vt 0.4687500 0.0406250
vt 0.0096074 0.5975452
vt 0.4687500 -0.0406250
vt 0.0096074 0.5975452
vt 0.4687500 0.0406250
vt 0.0096074 0.5975452
vt 0.5312500 -0.0406250
vt 0.0096074 0.4024548
vt 0.5312500 0.0406250
vt 0.0096074 0.4024548
vt 0.5312500 -0.0406250
vt 0.0096074 0.4024548
vt 0.5312500 0.0406250
vt 0.0096074 0.4024548
vt 0.5000000 -0.0375000
vt 0.0000000 0.5000000
vt 0.5000000 0.0375000
vt 0.0000000 0.5000000
vt 0.5000000 -0.0375000
vt 0.0000000 0.5000000
vt 0.5000000 0.0375000
vt 0.0000000 0.5000000
vt 0.4687500 -0.0375000
vt 0.0096074 0.5975452
vt 0.4687500 0.0375000
vt 0.0096074 0.5975452
vt 0.4687500 -0.0375000
vt 0.0096074 0.5975452
vt 0.4687500 0.0375000
vt 0.0096074 0.5975452
vt 0.5312500 -0.0375000
vt 0.0096074 0.4024548
vt 0.5312500 0.0375000
vt 0.0096074 0.4024548
vt 0.5312500 -0.0375000
vt 0.0096074 0.4024548
vt 0.5312500 0.0375000
vt 0.0096074 0.4024548
vt 0.0214844 0.5000000
vt 0.5000000 -0.0406250
vt 0.0214844 0.5000000
vt 0.5000000 0.0406250
vt 0.0214844 0.5000000
vt 0.5000000 -0.0406250
vt 0.0214844 0.5000000
vt 0.5000000 0.0406250
vt 0.0306789 0.5933538
vt 0.4687500 -0.0406250
vt 0.0306789 0.5933538
vt 0.4687500 0.0406250
vt 0.0306789 0.5933538
vt 0.4687500 -0.0406250
vt 0.0306789 0.5933538
vt 0.4687500 0.0406250
vt 0.0306789 0.4066462
vt 0.5312500 -0.0406250
vt 0.0306789 0.4066462
vt 0.5312500 0.0406250
vt 0.0306789 0.4066462
vt 0.5312500 -0.0406250
vt 0.0306789 0.4066462
vt 0.5312500 0.0406250
vt 0.4375000 -0.0406250
vt 0.0380602 0.6913417
vt 0.4375000 0.0406250
vt 0.0380602 0.6913417
vt 0.4375000 -0.0406250
vt 0.0380602 0.6913417
vt 0.4375000 0.0406250
vt 0.0380602 0.6913417
vt 0.5625000 -0.0406250
vt 0.0380602 0.3086583
vt 0.5625000 0.0406250
vt 0.0380602 0.3086583
vt 0.5625000 -0.0406250
vt 0.0380602 0.3086583
vt 0.5625000 0.0406250
vt 0.0380602 0.3086583
vt 0.4375000 -0.0375000
vt 0.0380602 0.6913417
vt 0.4375000 0.0375000
vt 0.0380602 0.6913417
vt 0.4375000 -0.0375000
vt 0.0380602 0.6913417
vt 0.4375000 0.0375000
vt 0.0380602 0.6913417
vt 0.5625000 -0.0375000
vt 0.0380602 0.3086583
vt 0.5625000 0.0375000
vt 0.0380602 0.3086583
vt 0.5625000 -0.0375000
vt 0.0380602 0.3086583
vt 0.5625000 0.0375000
vt 0.0380602 0.3086583
vt 0.0579092 0.6831200
vt 0.4375000 -0.0406250
vt 0.0579092 0.6831200
vt 0.4375000 0.0406250
vt 0.0579092 0.6831200
vt 0.4375000 -0.0406250
vt 0.0579092 0.6831200
vt 0.4375000 0.0406250
vt 0.0579092 0.3168800
vt 0.5625000 -0.0406250
vt 0.0579092 0.3168800
vt 0.5625000 0.0406250
vt 0.0579092 0.3168800
vt 0.5625000 -0.0406250
vt 0.0579092 0.3168800
vt 0.5625000 0.0406250
vt 0.1645475 0.1060482
vt 0.1247760 0.1060482
vt 0.1024112 0.0780635
vt 0.0626398 0.0780635
vt 0.1645475 0.1162953
vt 0.1247760 0.1162953
vt 0.1024112 0.0883105
vt 0.0626398 0.0883105
vt 0.1103760 0.3612953
vt 0.1645475 0.1030835
vt 0.1645475 0.3612953
vt 0.1103760 0.3612953
vt 0.1247760 0.1030835
vt 0.1247760 0.3612953
vt 0.0482398 0.3333105
vt 0.1024112 0.0750988
vt 0.1024112 0.3333105
vt 0.0482398 0.3333105
vt 0.0626398 0.0750988
vt 0.0626398 0.3333105
vt 0.1247760 0.3612953
vt 0.1789475 0.1060482
vt 0.1103760 0.1060482
vt 0.1247760 0.3612953
vt 0.0626398 0.3333105
vt 0.1168112 0.0780635
vt 0.0482398 0.0780635
vt 0.0626398 0.3333105
vt 0.1745475 0.3612953
vt 0.1789475 0.1162953
vt 0.1103760 0.1162953
vt 0.1745475 0.3612953
vt 0.1124112 0.3333105
vt 0.1168112 0.0883105
vt 0.0482398 0.0883105
vt 0.1124112 0.3333105
vt 0.1645475 0.1192600
vt 0.1645475 0.3612953
vt 0.1889475 0.3612953
vt 0.1247760 0.1192600
vt 0.1247760 0.3612953
vt 0.1889475 0.3612953
vt 0.1024112 0.0912752
vt 0.1024112 0.3333105
vt 0.1268112 0.3333105
vt 0.0626398 0.0912752
vt 0.0626398 0.3333105
vt 0.1268112 0.3333105
vt 0.4062500 -0.0406250
vt 0.0842652 0.7777851
vt 0.4062500 0.0406250
vt 0.0842652 0.7777851
vt 0.4062500 -0.0406250
vt 0.0842652 0.7777851
vt 0.4062500 0.0406250
vt 0.0842652 0.7777851
vt 0.5937500 -0.0406250
vt 0.0842652 0.2222149
vt 0.5937500 0.0406250
vt 0.0842652 0.2222149
vt 0.5937500 -0.0406250
vt 0.0842652 0.2222149
vt 0.5937500 0.0406250
vt 0.0842652 0.2222149
vt 0.4062500 -0.0375000
vt 0.0842652 0.7777851
vt 0.4062500 0.0375000
vt 0.0842652 0.7777851
vt 0.4062500 -0.0375000
vt 0.0842652 0.7777851
vt 0.4062500 0.0375000
vt 0.0842652 0.7777851
vt 0.5937500 -0.0375000
vt 0.0842652 0.2222149
vt 0.5937500 0.0375000
vt 0.0842652 0.2222149
vt 0.5937500 -0.0375000
vt 0.0842652 0.2222149
vt 0.5937500 0.0375000
vt 0.0842652 0.2222149
vt 0.0850000 0.5000000
vt 0.5000000 -0.0375000
vt 0.0850000 0.5000000
vt 0.5000000 0.0375000
vt 0.0850000 0.5000000
vt 0.5000000 -0.0375000
vt 0.0850000 0.5000000
vt 0.5000000 0.0375000
vt 0.1021288 0.7658490
vt 0.4062500 -0.0406250
vt 0.1021288 0.7658490
vt 0.4062500 0.0406250
vt 0.1021288 0.7658490
vt 0.4062500 -0.0406250
vt 0.1021288 0.7658490
vt 0.4062500 0.0406250
vt 0.1021288 0.2341510
vt 0.5937500 -0.0406250
vt 0.1021288 0.2341510
vt 0.5937500 0.0406250
vt 0.1021288 0.2341510
vt 0.5937500 -0.0406250
vt 0.1021288 0.2341510
vt 0.5937500 0.0406250
vt 0.0929741 0.5809625
vt 0.4687500 -0.0375000
vt 0.0929741 0.5809625
vt 0.4687500 0.0375000
vt 0.0929741 0.5809625
vt 0.4687500 -0.0375000
vt 0.0929741 0.5809625
vt 0.4687500 0.0375000
vt 0.0929741 0.4190375
vt 0.5312500 -0.0375000
vt 0.0929741 0.4190375
vt 0.5312500 0.0375000
vt 0.0929741 0.4190375
vt 0.5312500 -0.0375000
vt 0.0929741 0.4190375
vt 0.5312500 0.0375000
vt 0.1080038 0.0831658
vt 0.0682324 0.0831658
vt 0.1149909 0.1324081
vt 0.0752195 0.1324081
vt 0.1055072 0.1318800
vt 0.1452786 0.1318800
vt 0.1352314 0.1258852
vt 0.1750028 0.1258852
vt 0.1080038 0.0861305
vt 0.1080038 0.3281658
vt 0.1324038 0.3281658
vt 0.0682324 0.0861305
vt 0.0682324 0.3281658
vt 0.1324038 0.3281658
vt 0.1149909 0.1353728
vt 0.1149909 0.3774081
vt 0.1393909 0.3774081
vt 0.0752195 0.1353728
vt 0.0752195 0.3774081
vt 0.1393909 0.3774081
vt 0.0911072 0.1318800
vt 0.1055072 0.1289153
vt 0.1055072 0.1318800
vt 0.0911072 0.1318800
vt 0.1452786 0.1289153
vt 0.1452786 0.1318800
vt 0.1208314 0.1258852
vt 0.1352314 0.1229205
vt 0.1352314 0.1258852
vt 0.1208314 0.1258852
vt 0.1750028 0.1229205
vt 0.1750028 0.1258852
vt 0.1180038 0.3281658
vt 0.1224038 0.0831658
vt 0.0538324 0.0831658
vt 0.1180038 0.3281658
vt 0.1249909 0.3774081
vt 0.1293909 0.1324081
vt 0.0608195 0.1324081
vt 0.1249909 0.3774081
vt 0.0911072 0.1318800
vt 0.1055072 0.1318800
vt 0.1055072 0.1318800
vt 0.1596786 0.1318800
vt 0.1208314 0.1258852
vt 0.1352314 0.1258852
vt 0.1352314 0.1258852
vt 0.1894028 0.1258852
vt 0.1165900 0.6588136
vt 0.4375000 -0.0375000
vt 0.1165900 0.6588136
vt 0.4375000 0.0375000
vt 0.1165900 0.6588136
vt 0.4375000 -0.0375000
vt 0.1165900 0.6588136
vt 0.4375000 0.0375000
vt 0.1165900 0.3411864
vt 0.5625000 -0.0375000
vt 0.1165900 0.3411864
vt 0.5625000 0.0375000
vt 0.1165900 0.3411864
vt 0.5625000 -0.0375000
vt 0.1165900 0.3411864
vt 0.5625000 0.0375000
vt 0.1080038 0.0729187
vt 0.0682324 0.0729187
vt 0.1149909 0.1221610
vt 0.0752195 0.1221610
vt 0.1055072 0.1421271
vt 0.1452786 0.1421271
vt 0.1352314 0.1361322
vt 0.1750028 0.1361322
vt 0.0682324 0.3281658
vt 0.1224038 0.0729187
vt 0.0538324 0.0729187
vt 0.0682324 0.3281658
vt 0.0752195 0.3774081
vt 0.1293909 0.1221610
vt 0.0608195 0.1221610
vt 0.0752195 0.3774081
vt 0.0911072 0.1421271
vt 0.1552786 0.1318800
vt 0.1552786 0.1318800
vt 0.1596786 0.1421271
vt 0.1208314 0.1361322
vt 0.1850028 0.1258852
vt 0.1850028 0.1258852
vt 0.1894028 0.1361322
vt 0.3750000 -0.0406250
vt 0.1464466 0.8535534
vt 0.3750000 0.0406250
vt 0.1464466 0.8535534
vt 0.3750000 -0.0406250
vt 0.1464466 0.8535534
vt 0.3750000 0.0406250
vt 0.1464466 0.8535534
vt 0.6250000 -0.0406250
vt 0.1464466 0.1464466
vt 0.6250000 0.0406250
vt 0.1464466 0.1464466
vt 0.6250000 -0.0406250
vt 0.1464466 0.1464466
vt 0.6250000 0.0406250
vt 0.1464466 0.1464466
vt 0.0538324 0.3281658
vt 0.1080038 0.0699540
vt 0.1080038 0.3281658
vt 0.0538324 0.3281658
vt 0.0682324 0.0699540
vt 0.0682324 0.3281658
vt 0.0608195 0.3774081
vt 0.1149909 0.1191963
vt 0.1149909 0.3774081
vt 0.0608195 0.3774081
vt 0.0752195 0.1191963
vt 0.0752195 0.3774081
vt 0.1055072 0.1318800
vt 0.1055072 0.1450918
vt 0.1696786 0.1318800
vt 0.1452786 0.1318800
vt 0.1452786 0.1450918
vt 0.1696786 0.1318800
vt 0.1352314 0.1258852
vt 0.1352314 0.1390969
vt 0.1994028 0.1258852
vt 0.1750028 0.1258852
vt 0.1750028 0.1390969
vt 0.1994028 0.1258852
vt 0.3750000 -0.0375000
vt 0.1464466 0.8535534
vt 0.3750000 0.0375000
vt 0.1464466 0.8535534
vt 0.3750000 -0.0375000
vt 0.1464466 0.8535534
vt 0.3750000 0.0375000
vt 0.1464466 0.8535534
vt 0.6250000 -0.0375000
vt 0.1464466 0.1464466
vt 0.6250000 0.0375000
vt 0.1464466 0.1464466
vt 0.6250000 -0.0375000
vt 0.1464466 0.1464466
vt 0.6250000 0.0375000
vt 0.1464466 0.1464466
vt 0.1616384 0.8383616
vt 0.3750000 -0.0406250
vt 0.1616384 0.8383616
vt 0.3750000 0.0406250
vt 0.1616384 0.8383616
vt 0.3750000 -0.0406250
vt 0.1616384 0.8383616
vt 0.3750000 0.0406250
vt 0.1616384 0.1616384
vt 0.6250000 -0.0406250
vt 0.1616384 0.1616384
vt 0.6250000 0.0406250
vt 0.1616384 0.1616384
vt 0.6250000 -0.0406250
vt 0.1616384 0.1616384
vt 0.6250000 0.0406250
vt 0.1549401 0.7305616
vt 0.4062500 -0.0375000
vt 0.1549401 0.7305616
vt 0.4062500 0.0375000
vt 0.1549401 0.7305616
vt 0.4062500 -0.0375000
vt 0.1549401 0.7305616
vt 0.4062500 0.0375000
vt 0.1549401 0.2694384
vt 0.5937500 -0.0375000
vt 0.1549401 0.2694384
vt 0.5937500 0.0375000
vt 0.1549401 0.2694384
vt 0.5937500 -0.0375000
vt 0.1549401 0.2694384
vt 0.5937500 0.0375000
vt 0.2065507 0.7934493
vt 0.3750000 -0.0375000
vt 0.2065507 0.7934493
vt 0.3750000 0.0375000
vt 0.2065507 0.7934493
vt 0.3750000 -0.0375000
vt 0.2065507 0.7934493
vt 0.3750000 0.0375000
vt 0.2065507 0.2065507
vt 0.6250000 -0.0375000
vt 0.2065507 0.2065507
vt 0.6250000 0.0375000
vt 0.2065507 0.2065507
vt 0.6250000 -0.0375000
vt 0.2065507 0.2065507
vt 0.6250000 0.0375000
vt 0.3437500 -0.0406250
vt 0.2222149 0.9157348
vt 0.3437500 0.0406250
vt 0.2222149 0.9157348
vt 0.3437500 -0.0406250
vt 0.2222149 0.9157348
vt 0.3437500 0.0406250
vt 0.2222149 0.9157348
vt 0.6562500 -0.0406250
vt 0.2222149 0.0842652
vt 0.6562500 0.0406250
vt 0.2222149 0.0842652
vt 0.6562500 -0.0406250
vt 0.2222149 0.0842652
vt 0.6562500 0.0406250
vt 0.2222149 0.0842652
vt 0.3437500 -0.0375000
vt 0.2222149 0.9157348
vt 0.3437500 0.0375000
vt 0.2222149 0.9157348
vt 0.3437500 -0.0375000
vt 0.2222149 0.9157348
vt 0.3437500 0.0375000
vt 0.2222149 0.9157348
vt 0.6562500 -0.0375000
vt 0.2222149 0.0842652
vt 0.6562500 0.0375000
vt 0.2222149 0.0842652
vt 0.6562500 -0.0375000
vt 0.2222149 0.0842652
vt 0.6562500 0.0375000
vt 0.2222149 0.0842652
vt 0.2341510 0.8978712
vt 0.3437500 -0.0406250
vt 0.2341510 0.8978712
vt 0.3437500 0.0406250
vt 0.2341510 0.8978712
vt 0.3437500 -0.0406250
vt 0.2341510 0.8978712
vt 0.3437500 0.0406250
vt 0.2341510 0.1021288
vt 0.6562500 -0.0406250
vt 0.2341510 0.1021288
vt 0.6562500 0.0406250
vt 0.2341510 0.1021288
vt 0.6562500 -0.0406250
vt 0.2341510 0.1021288
vt 0.6562500 0.0406250
vt 0.1788935 0.1306886
vt 0.1788935 0.3727239
vt 0.2032935 0.3727239
vt 0.1391220 0.1306886
vt 0.1391220 0.3727239
vt 0.2032935 0.3727239
vt 0.1544229 0.1127152
vt 0.1544229 0.3547505
vt 0.1788229 0.3547505
vt 0.1146515 0.1127152
vt 0.1146515 0.3547505
vt 0.1788229 0.3547505
vt 0.0227986 0.0589079
vt 0.0371986 0.0559432
vt 0.0371986 0.0589079
vt 0.0227986 0.0589079
vt 0.0769701 0.0559432
vt 0.0769701 0.0589079
vt 0.0646365 0.0885024
vt 0.0790365 0.0855377
vt 0.0790365 0.0885024
vt 0.0646365 0.0885024
vt 0.1188080 0.0855377
vt 0.1188080 0.0885024
vt 0.1788935 0.1277239
vt 0.1391220 0.1277239
vt 0.1544229 0.1097505
vt 0.1146515 0.1097505
vt 0.0371986 0.0589079
vt 0.0769701 0.0589079
vt 0.0790365 0.0885024
vt 0.1188080 0.0885024
vt 0.1888935 0.3727239
vt 0.1932935 0.1277239
vt 0.1247220 0.1277239
vt 0.1888935 0.3727239
vt 0.1644229 0.3547505
vt 0.1688229 0.1097505
vt 0.1002515 0.1097505
vt 0.1644229 0.3547505
vt 0.0227986 0.0589079
vt 0.0371986 0.0589079
vt 0.0371986 0.0589079
vt 0.0913701 0.0589079
vt 0.0646365 0.0885024
vt 0.0790365 0.0885024
vt 0.0790365 0.0885024
vt 0.1332080 0.0885024
vt 0.2694384 0.8450599
vt 0.3437500 -0.0375000
vt 0.2694384 0.8450599
vt 0.3437500 0.0375000
vt 0.2694384 0.8450599
vt 0.3437500 -0.0375000
vt 0.2694384 0.8450599
vt 0.3437500 0.0375000
vt 0.2694384 0.1549401
vt 0.6562500 -0.0375000
vt 0.2694384 0.1549401
vt 0.6562500 0.0375000
vt 0.2694384 0.1549401
vt 0.6562500 -0.0375000
vt 0.2694384 0.1549401
vt 0.6562500 0.0375000
vt 0.1788935 0.1174769
vt 0.1391220 0.1174769
vt 0.1544229 0.0995034
vt 0.1146515 0.0995034
vt 0.0371986 0.0691549
vt 0.0769701 0.0691549
vt 0.0790365 0.0987495
vt 0.1188080 0.0987495
vt 0.1391220 0.3727239
vt 0.1932935 0.1174769
vt 0.1247220 0.1174769
vt 0.1391220 0.3727239
vt 0.1146515 0.3547505
vt 0.1688229 0.0995034
vt 0.1002515 0.0995034
vt 0.1146515 0.3547505
vt 0.0227986 0.0691549
vt 0.0869701 0.0589079
vt 0.0869701 0.0589079
vt 0.0913701 0.0691549
vt 0.0646365 0.0987495
vt 0.1288080 0.0885024
vt 0.1288080 0.0885024
vt 0.1332080 0.0987495
vt 0.3125000 -0.0406250
vt 0.3086583 0.9619398
vt 0.3125000 0.0406250
vt 0.3086583 0.9619398
vt 0.3125000 -0.0406250
vt 0.3086583 0.9619398
vt 0.3125000 0.0406250
vt 0.3086583 0.9619398
vt 0.6875000 -0.0406250
vt 0.3086583 0.0380602
vt 0.6875000 0.0406250
vt 0.3086583 0.0380602
vt 0.6875000 -0.0406250
vt 0.3086583 0.0380602
vt 0.6875000 0.0406250
vt 0.3086583 0.0380602
vt 0.1247220 0.3727239
vt 0.1788935 0.1145122
vt 0.1788935 0.3727239
vt 0.1247220 0.3727239
vt 0.1391220 0.1145122
vt 0.1391220 0.3727239
vt 0.1002515 0.3547505
vt 0.1544229 0.0965387
vt 0.1544229 0.3547505
vt 0.1002515 0.3547505
vt 0.1146515 0.0965387
vt 0.1146515 0.3547505
vt 0.0371986 0.0589079
vt 0.0371986 0.0721196
vt 0.1013701 0.0589079
vt 0.0769701 0.0589079
vt 0.0769701 0.0721196
vt 0.1013701 0.0589079
vt 0.0790365 0.0885024
vt 0.0790365 0.1017142
vt 0.1432080 0.0885024
vt 0.1188080 0.0885024
vt 0.1188080 0.1017142
vt 0.1432080 0.0885024
vt 0.3125000 -0.0375000
vt 0.3086583 0.9619398
vt 0.3125000 0.0375000
vt 0.3086583 0.9619398
vt 0.3125000 -0.0375000
vt 0.3086583 0.9619398
vt 0.3125000 0.0375000
vt 0.3086583 0.9619398
vt 0.6875000 -0.0375000
vt 0.3086583 0.0380602
vt 0.6875000 0.0375000
vt 0.3086583 0.0380602
vt 0.6875000 -0.0375000
vt 0.3086583 0.0380602
vt 0.6875000 0.0375000
vt 0.3086583 0.0380602
vt 0.3168800 0.9420908
vt 0.3125000 -0.0406250
vt 0.3168800 0.9420908
vt 0.3125000 0.0406250
vt 0.3168800 0.9420908
vt 0.3125000 -0.0406250
vt 0.3168800 0.9420908
vt 0.3125000 0.0406250
vt 0.3168800 0.0579092
vt 0.6875000 -0.0406250
vt 0.3168800 0.0579092
vt 0.6875000 0.0406250
vt 0.3168800 0.0579092
vt 0.6875000 -0.0406250
vt 0.3168800 0.0579092
vt 0.6875000 0.0406250
vt 0.3411864 0.8834100
vt 0.3125000 -0.0375000
vt 0.3411864 0.8834100
vt 0.3125000 0.0375000
vt 0.3411864 0.8834100
vt 0.3125000 -0.0375000
vt 0.3411864 0.8834100
vt 0.3125000 0.0375000
vt 0.3411864 0.1165900
vt 0.6875000 -0.0375000
vt 0.3411864 0.1165900
vt 0.6875000 0.0375000
vt 0.3411864 0.1165900
vt 0.6875000 -0.0375000
vt 0.3411864 0.1165900
vt 0.6875000 0.0375000
vt 0.5000000 -0.0593750
vt 0.5000000 0.0593750
vt 0.5000000 -0.0593750
vt 0.5000000 0.0593750
vt 0.2812500 -0.0406250
vt 0.4024548 0.9903926
vt 0.2812500 0.0406250
vt 0.4024548 0.9903926
vt 0.2812500 -0.0406250
vt 0.4024548 0.9903926
vt 0.2812500 0.0406250
vt 0.4024548 0.9903926
vt 0.7187500 -0.0406250
vt 0.4024548 0.0096074
vt 0.7187500 0.0406250
vt 0.4024548 0.0096074
vt 0.7187500 -0.0406250
vt 0.4024548 0.0096074
vt 0.7187500 0.0406250
vt 0.4024548 0.0096074
vt 0.4500000 -0.0593750
vt 0.4500000 0.0593750
vt 0.4500000 -0.0593750
vt 0.4500000 0.0593750
vt 0.5500000 -0.0593750
vt 0.5500000 0.0593750
vt 0.5500000 -0.0593750
vt 0.5500000 0.0593750
vt 0.2812500 -0.0375000
vt 0.4024548 0.9903926
vt 0.2812500 0.0375000
vt 0.4024548 0.9903926
vt 0.2812500 -0.0375000
vt 0.4024548 0.9903926
vt 0.2812500 0.0375000
vt 0.4024548 0.9903926
vt 0.7187500 -0.0375000
vt 0.4024548 0.0096074
vt 0.7187500 0.0375000
vt 0.4024548 0.0096074
vt 0.7187500 -0.0375000
vt 0.4024548 0.0096074
vt 0.7187500 0.0375000
vt 0.4024548 0.0096074
vt 0.5000000 -0.0687500
vt 0.0400000 0.5000000
vt 0.5000000 0.0687500
vt 0.0400000 0.5000000
vt 0.5000000 -0.0687500
vt 0.0400000 0.5000000
vt 0.5000000 0.0687500
vt 0.0400000 0.5000000
vt 0.4066462 0.9693211
vt 0.2812500 -0.0406250
vt 0.4066462 0.9693211
vt 0.2812500 0.0406250
vt 0.4066462 0.9693211
vt 0.2812500 -0.0406250
vt 0.4066462 0.9693211
vt 0.2812500 0.0406250
vt 0.4066462 0.0306789
vt 0.7187500 -0.0406250
vt 0.4066462 0.0306789
vt 0.7187500 0.0406250
vt 0.4066462 0.0306789
vt 0.7187500 -0.0406250
vt 0.4066462 0.0306789
vt 0.7187500 0.0406250
vt 0.4500000 -0.0687500
vt 0.0625140 0.6421478
vt 0.4500000 0.0687500
vt 0.0625140 0.6421478
vt 0.4500000 -0.0687500
vt 0.0625140 0.6421478
vt 0.4500000 0.0687500
vt 0.0625140 0.6421478
vt 0.5500000 -0.0687500
vt 0.0625140 0.3578522
vt 0.5500000 0.0687500
vt 0.0625140 0.3578522
vt 0.5500000 -0.0687500
vt 0.0625140 0.3578522
vt 0.5500000 0.0687500
vt 0.0625140 0.3578522
vt 0.4000000 -0.0593750
vt 0.4000000 0.0593750
vt 0.4000000 -0.0593750
vt 0.4000000 0.0593750
vt 0.6000000 -0.0593750
vt 0.6000000 0.0593750
vt 0.6000000 -0.0593750
vt 0.6000000 0.0593750
vt 0.4190375 0.9070259
vt 0.2812500 -0.0375000
vt 0.4190375 0.9070259
vt 0.2812500 0.0375000
vt 0.4190375 0.9070259
vt 0.2812500 -0.0375000
vt 0.4190375 0.9070259
vt 0.2812500 0.0375000
vt 0.4190375 0.0929741
vt 0.7187500 -0.0375000
vt 0.4190375 0.0929741
vt 0.7187500 0.0375000
vt 0.4190375 0.0929741
vt 0.7187500 -0.0375000
vt 0.4190375 0.0929741
vt 0.7187500 0.0375000
vt 0.4000000 -0.0687500
vt 0.1278522 0.7703812
vt 0.4000000 0.0687500
vt 0.1278522 0.7703812
vt 0.4000000 -0.0687500
vt 0.1278522 0.7703812
vt 0.4000000 0.0687500
vt 0.1278522 0.7703812
vt 0.6000000 -0.0687500
vt 0.1278522 0.2296188
vt 0.6000000 0.0687500
vt 0.1278522 0.2296188
vt 0.6000000 -0.0687500
vt 0.1278522 0.2296188
vt 0.6000000 0.0687500
vt 0.1278522 0.2296188
vt 0.3500000 -0.0593750
vt 0.3500000 0.0593750
vt 0.3500000 -0.0593750
vt 0.3500000 0.0593750
vt 0.6500000 -0.0593750
vt 0.6500000 0.0593750
vt 0.6500000 -0.0593750
vt 0.6500000 0.0593750
vt 0.3500000 -0.0687500
vt 0.2296188 0.8721478
vt 0.3500000 0.0687500
vt 0.2296188 0.8721478
vt 0.3500000 -0.0687500
vt 0.2296188 0.8721478
vt 0.3500000 0.0687500
vt 0.2296188 0.8721478
vt 0.6500000 -0.0687500
vt 0.2296188 0.1278522
vt 0.6500000 0.0687500
vt 0.2296188 0.1278522
vt 0.6500000 -0.0687500
vt 0.2296188 0.1278522
vt 0.6500000 0.0687500
vt 0.2296188 0.1278522
vt 0.1029475 0.0472436
vt 0.2045189 0.0472436
vt 0.1029475 0.4884789
vt 0.2045189 0.4884789
vt 0.1918046 0.0472436
vt 0.2045189 0.0472436
vt 0.1918046 0.4884789
vt 0.2045189 0.4884789
vt 0.3000000 -0.0593750
vt 0.3000000 0.0593750
vt 0.3000000 -0.0593750
vt 0.3000000 0.0593750
vt 0.7000000 -0.0593750
vt 0.7000000 0.0593750
vt 0.7000000 -0.0593750
vt 0.7000000 0.0593750
vt 0.3000000 -0.0687500
vt 0.3578522 0.9374860
vt 0.3000000 0.0687500
vt 0.3578522 0.9374860
vt 0.3000000 -0.0687500
vt 0.3578522 0.9374860
vt 0.3000000 0.0687500
vt 0.3578522 0.9374860
vt 0.7000000 -0.0687500
vt 0.3578522 0.0625140
vt 0.7000000 0.0687500
vt 0.3578522 0.0625140
vt 0.7000000 -0.0687500
vt 0.3578522 0.0625140
vt 0.7000000 0.0687500
vt 0.3578522 0.0625140
vt 0.1775189 0.0472436
vt 0.1775189 0.4884789
vt 0.1029475 0.0416848
vt 0.1775189 0.0416848
vt 0.1775189 0.0472436
vt 0.1029475 0.4940377
vt 0.1775189 0.0472436
vt 0.1775189 0.4940377
vt 0.1775189 0.0416848
vt 0.1775189 0.0655377
vt 0.1918046 0.0416848
vt 0.1775189 0.0655377
vt 0.1775189 0.4940377
vt 0.1918046 0.4940377
vt 0.1775189 0.0472436
vt 0.1775189 0.4884789
vt 0.1212644 0.2796954
vt 0.1754358 0.0244483
vt 0.1710358 0.2796954
vt 0.1754358 0.0346954
vt 0.1000493 0.2853285
vt 0.1542207 0.0300814
vt 0.1498207 0.2853285
vt 0.1542207 0.0403285
vt 0.1212644 0.0244483
vt 0.1754358 0.0244483
vt 0.1710358 0.0244483
vt 0.1754358 0.0346954
vt 0.1000493 0.0300814
vt 0.1542207 0.0300814
vt 0.1498207 0.0300814
vt 0.1542207 0.0403285
vt 0.1610358 0.0244483
vt 0.1610358 0.0346954
vt 0.1398207 0.0300814
vt 0.1398207 0.0403285
vt 0.1068644 0.2796954
vt 0.1610358 0.0214836
vt 0.1610358 0.2796954
vt 0.1610358 0.0376601
vt 0.1610358 0.2796954
vt 0.1854358 0.2796954
vt 0.0856493 0.2853285
vt 0.1398207 0.0271167
vt 0.1398207 0.2853285
vt 0.1398207 0.0432932
vt 0.1398207 0.2853285
vt 0.1642207 0.2853285
vt 0.1068644 0.0244483
vt 0.1610358 0.0214836
vt 0.1610358 0.0244483
vt 0.1610358 0.0244483
vt 0.1610358 0.0376601
vt 0.1854358 0.0244483
vt 0.0856493 0.0300814
vt 0.1398207 0.0271167
vt 0.1398207 0.0300814
vt 0.1398207 0.0300814
vt 0.1398207 0.0432932
vt 0.1642207 0.0300814
vt 0.1610358 0.0244483
vt 0.1610358 0.0346954
vt 0.1398207 0.0300814
vt 0.1398207 0.0403285
vt 0.2500000 -0.0406250
vt 0.5000000 1.0000000
vt 0.2500000 0.0406250
vt 0.5000000 1.0000000
vt 0.2500000 -0.0406250
vt 0.5000000 1.0000000
vt 0.2500000 0.0406250
vt 0.5000000 1.0000000
vt 0.2500000 -0.0375000
vt 0.5000000 1.0000000
vt 0.2500000 0.0375000
vt 0.5000000 1.0000000
vt 0.2500000 -0.0375000
vt 0.5000000 1.0000000
vt 0.2500000 0.0375000
vt 0.5000000 1.0000000
vt 0.5000000 0.9785156
vt 0.2500000 -0.0406250
vt 0.5000000 0.9785156
vt 0.2500000 0.0406250
vt 0.5000000 0.9785156
vt 0.2500000 -0.0406250
vt 0.5000000 0.9785156
vt 0.2500000 0.0406250
vt 0.5000000 0.9150000
vt 0.2500000 -0.0375000
vt 0.5000000 0.9150000
vt 0.2500000 0.0375000
vt 0.5000000 0.9150000
vt 0.2500000 -0.0375000
vt 0.5000000 0.9150000
vt 0.2500000 0.0375000
vt 0.2500000 -0.0593750
vt 0.2500000 0.0593750
vt 0.2500000 -0.0593750
vt 0.2500000 0.0593750
vt 0.2500000 -0.0687500
vt 0.5000000 0.9600000
vt 0.2500000 0.0687500
vt 0.5000000 0.9600000
vt 0.2500000 -0.0687500
vt 0.5000000 0.9600000
vt 0.2500000 0.0687500
vt 0.5000000 0.9600000
vt 0.5000000 0.5000000
vt 0.5000000 0.5000000
vt 0.5000000 0.5000000
vt 0.5000000 0.5000000
vt 0.5000000 0.0400000
vt 0.7500000 -0.0687500
vt 0.5000000 0.0400000
vt 0.7500000 0.0687500
vt 0.5000000 0.0400000
vt 0.7500000 -0.0687500
vt 0.5000000 0.0400000
vt 0.7500000 0.0687500
vt 0.7500000 -0.0593750
vt 0.7500000 0.0593750
vt 0.7500000 -0.0593750
vt 0.7500000 0.0593750
vt 0.7500000 -0.0375000
vt 0.5000000 0.0850000
vt 0.7500000 0.0375000
vt 0.5000000 0.0850000
vt 0.7500000 -0.0375000
vt 0.5000000 0.0850000
vt 0.7500000 0.0375000
vt 0.5000000 0.0850000
vt 0.7500000 -0.0406250
vt 0.5000000 0.0214844
vt 0.7500000 0.0406250
vt 0.5000000 0.0214844
vt 0.7500000 -0.0406250
vt 0.5000000 0.0214844
vt 0.7500000 0.0406250
vt 0.5000000 0.0214844
vt 0.5000000 0.0000000
vt 0.7500000 -0.0375000
vt 0.5000000 0.0000000
vt 0.7500000 0.0375000
vt 0.5000000 0.0000000
vt 0.7500000 -0.0375000
vt 0.5000000 0.0000000
vt 0.7500000 0.0375000
vt 0.5000000 0.0000000
vt 0.7500000 -0.0406250
vt 0.5000000 0.0000000
vt 0.7500000 0.0406250
vt 0.5000000 0.0000000
vt 0.7500000 -0.0406250
vt 0.5000000 0.0000000
vt 0.7500000 0.0406250
vt 0.1212644 0.0244483
vt 0.1212644 0.0346954
vt 0.1000493 0.0300814
vt 0.1000493 0.0403285
vt 0.1068644 0.2796954
vt 0.1212644 0.0214836
vt 0.1212644 0.2796954
vt 0.1212644 0.0376601
vt 0.1212644 0.2796954
vt 0.1854358 0.2796954
vt 0.0856493 0.2853285
vt 0.1000493 0.0271167
vt 0.1000493 0.2853285
vt 0.1000493 0.0432932
vt 0.1000493 0.2853285
vt 0.1642207 0.2853285
vt 0.1068644 0.0244483
vt 0.1212644 0.0214836
vt 0.1212644 0.0244483
vt 0.1212644 0.0244483
vt 0.1212644 0.0376601
vt 0.1854358 0.0244483
vt 0.0856493 0.0300814
vt 0.1000493 0.0271167
vt 0.1000493 0.0300814
vt 0.1000493 0.0300814
vt 0.1000493 0.0432932
vt 0.1642207 0.0300814
vt 0.1212644 0.0244483
vt 0.1212644 0.0346954
vt 0.1000493 0.0300814
vt 0.1000493 0.0403285
vt 0.1068644 0.0244483
vt 0.1212644 0.2796954
vt 0.1068644 0.0346954
vt 0.1710358 0.2796954
vt 0.0856493 0.0300814
vt 0.1000493 0.2853285
vt 0.0856493 0.0403285
vt 0.1498207 0.2853285
vt 0.1068644 0.0244483
vt 0.1212644 0.0244483
vt 0.1068644 0.0346954
vt 0.1710358 0.0244483
vt 0.0856493 0.0300814
vt 0.1000493 0.0300814
vt 0.0856493 0.0403285
vt 0.1498207 0.0300814
vt 0.1029475 0.0472436
vt 0.1029475 0.4884789
vt 0.1029475 0.0416848
vt 0.1029475 0.0472436
vt 0.1029475 0.0472436
vt 0.1029475 0.4940377
vt 0.1029475 0.0416848
vt 0.1029475 0.0655377
vt 0.1918046 0.0416848
vt 0.1029475 0.0655377
vt 0.1029475 0.4940377
vt 0.1918046 0.4940377
vt 0.1029475 0.0472436
vt 0.1029475 0.4884789
vt 0.6421478 0.9374860
vt 0.2000000 -0.0687500
vt 0.6421478 0.9374860
vt 0.2000000 0.0687500
vt 0.6421478 0.9374860
vt 0.2000000 -0.0687500
vt 0.6421478 0.9374860
vt 0.2000000 0.0687500
vt 0.6421478 0.0625140
vt 0.8000000 -0.0687500
vt 0.6421478 0.0625140
vt 0.8000000 0.0687500
vt 0.6421478 0.0625140
vt 0.8000000 -0.0687500
vt 0.6421478 0.0625140
vt 0.8000000 0.0687500
vt 0.2000000 -0.0593750
vt 0.2000000 0.0593750
vt 0.2000000 -0.0593750
vt 0.2000000 0.0593750
vt 0.8000000 -0.0593750
vt 0.8000000 0.0593750
vt 0.8000000 -0.0593750
vt 0.8000000 0.0593750
vt 0.0759475 0.0472436
vt 0.1029475 0.0472436
vt 0.0759475 0.4884789
vt 0.1029475 0.4884789
vt 0.0759475 0.0472436
vt 0.1918046 0.0472436
vt 0.0759475 0.4884789
vt 0.1918046 0.4884789
vt 0.7703812 0.8721478
vt 0.1500000 -0.0687500
vt 0.7703812 0.8721478
vt 0.1500000 0.0687500
vt 0.7703812 0.8721478
vt 0.1500000 -0.0687500
vt 0.7703812 0.8721478
vt 0.1500000 0.0687500
vt 0.7703812 0.1278522
vt 0.8500000 -0.0687500
vt 0.7703812 0.1278522
vt 0.8500000 0.0687500
vt 0.7703812 0.1278522
vt 0.8500000 -0.0687500
vt 0.7703812 0.1278522
vt 0.8500000 0.0687500
vt 0.1500000 -0.0593750
vt 0.1500000 0.0593750
vt 0.1500000 -0.0593750
vt 0.1500000 0.0593750
vt 0.8500000 -0.0593750
vt 0.8500000 0.0593750
vt 0.8500000 -0.0593750
vt 0.8500000 0.0593750
vt 0.8721478 0.7703812
vt 0.1000000 -0.0687500
vt 0.8721478 0.7703812
vt 0.1000000 0.0687500
vt 0.8721478 0.7703812
vt 0.1000000 -0.0687500
vt 0.8721478 0.7703812
vt 0.1000000 0.0687500
vt 0.8721478 0.2296188
vt 0.9000000 -0.0687500
vt 0.8721478 0.2296188
vt 0.9000000 0.0687500
vt 0.8721478 0.2296188
vt 0.9000000 -0.0687500
vt 0.8721478 0.2296188
vt 0.9000000 0.0687500
vt 0.2187500 -0.0375000
vt 0.5809625 0.9070259
vt 0.2187500 0.0375000
vt 0.5809625 0.9070259
vt 0.2187500 -0.0375000
vt 0.5809625 0.9070259
vt 0.2187500 0.0375000
vt 0.5809625 0.9070259
vt 0.7812500 -0.0375000
vt 0.5809625 0.0929741
vt 0.7812500 0.0375000
vt 0.5809625 0.0929741
vt 0.7812500 -0.0375000
vt 0.5809625 0.0929741
vt 0.7812500 0.0375000
vt 0.5809625 0.0929741
vt 0.1000000 -0.0593750
vt 0.1000000 0.0593750
vt 0.1000000 -0.0593750
vt 0.1000000 0.0593750
vt 0.9000000 -0.0593750
vt 0.9000000 0.0593750
vt 0.9000000 -0.0593750
vt 0.9000000 0.0593750
vt 0.9374860 0.6421478
vt 0.0500000 -0.0687500
vt 0.9374860 0.6421478
vt 0.0500000 0.0687500
vt 0.9374860 0.6421478
vt 0.0500000 -0.0687500
vt 0.9374860 0.6421478
vt 0.0500000 0.0687500
vt 0.9374860 0.3578522
vt 0.9500000 -0.0687500
vt 0.9374860 0.3578522
vt 0.9500000 0.0687500
vt 0.9374860 0.3578522
vt 0.9500000 -0.0687500
vt 0.9374860 0.3578522
vt 0.9500000 0.0687500
vt 0.2187500 -0.0406250
vt 0.5933538 0.9693211
vt 0.2187500 0.0406250
vt 0.5933538 0.9693211
vt 0.2187500 -0.0406250
vt 0.5933538 0.9693211
vt 0.2187500 0.0406250
vt 0.5933538 0.9693211
vt 0.7812500 -0.0406250
vt 0.5933538 0.0306789
vt 0.7812500 0.0406250
vt 0.5933538 0.0306789
vt 0.7812500 -0.0406250
vt 0.5933538 0.0306789
vt 0.7812500 0.0406250
vt 0.5933538 0.0306789
vt 0.9600000 0.5000000
vt 0.0000000 -0.0687500
vt 1.0000000 -0.0687500
vt 0.9600000 0.5000000
vt 0.0000000 0.0687500
vt 1.0000000 0.0687500
vt 0.9600000 0.5000000
vt 0.0000000 -0.0687500
vt 1.0000000 -0.0687500
vt 0.9600000 0.5000000
vt 0.0000000 0.0687500
vt 1.0000000 0.0687500
vt 0.5975452 0.9903926
vt 0.2187500 -0.0375000
vt 0.5975452 0.9903926
vt 0.2187500 0.0375000
vt 0.5975452 0.9903926
vt 0.2187500 -0.0375000
vt 0.5975452 0.9903926
vt 0.2187500 0.0375000
vt 0.5975452 0.0096074
vt 0.7812500 -0.0375000
vt 0.5975452 0.0096074
vt 0.7812500 0.0375000
vt 0.5975452 0.0096074
vt 0.7812500 -0.0375000
vt 0.5975452 0.0096074
vt 0.7812500 0.0375000
vt 0.0500000 -0.0593750
vt 0.0500000 0.0593750
vt 0.0500000 -0.0593750
vt 0.0500000 0.0593750
vt 0.9500000 -0.0593750
vt 0.9500000 0.0593750
vt 0.9500000 -0.0593750
vt 0.9500000 0.0593750
vt 0.5975452 0.9903926
vt 0.2187500 -0.0406250
vt 0.5975452 0.9903926
vt 0.2187500 0.0406250
vt 0.5975452 0.9903926
vt 0.2187500 -0.0406250
vt 0.5975452 0.9903926
vt 0.2187500 0.0406250
vt 0.5975452 0.0096074
vt 0.7812500 -0.0406250
vt 0.5975452 0.0096074
vt 0.7812500 0.0406250
vt 0.5975452 0.0096074
vt 0.7812500 -0.0406250
vt 0.5975452 0.0096074
vt 0.7812500 0.0406250
vt 0.0000000 -0.0593750
vt 1.0000000 -0.0593750
vt 0.0000000 0.0593750
vt 1.0000000 0.0593750
vt 0.0000000 -0.0593750
vt 1.0000000 -0.0593750
vt 0.0000000 0.0593750
vt 1.0000000 0.0593750
vt 0.1875000 -0.0375000
vt 0.6588136 0.8834100
vt 0.1875000 0.0375000
vt 0.6588136 0.8834100
vt 0.1875000 -0.0375000
vt 0.6588136 0.8834100
vt 0.1875000 0.0375000
vt 0.6588136 0.8834100
vt 0.8125000 -0.0375000
vt 0.6588136 0.1165900
vt 0.8125000 0.0375000
vt 0.6588136 0.1165900
vt 0.8125000 -0.0375000
vt 0.6588136 0.1165900
vt 0.8125000 0.0375000
vt 0.6588136 0.1165900
vt 0.1875000 -0.0406250
vt 0.6831200 0.9420908
vt 0.1875000 0.0406250
vt 0.6831200 0.9420908
vt 0.1875000 -0.0406250
vt 0.6831200 0.9420908
vt 0.1875000 0.0406250
vt 0.6831200 0.9420908
vt 0.8125000 -0.0406250
vt 0.6831200 0.0579092
vt 0.8125000 0.0406250
vt 0.6831200 0.0579092
vt 0.8125000 -0.0406250
vt 0.6831200 0.0579092
vt 0.8125000 0.0406250
vt 0.6831200 0.0579092
vt 0.6913417 0.9619398
vt 0.1875000 -0.0375000
vt 0.6913417 0.9619398
vt 0.1875000 0.0375000
vt 0.6913417 0.9619398
vt 0.1875000 -0.0375000
vt 0.6913417 0.9619398
vt 0.1875000 0.0375000
vt 0.6913417 0.0380602
vt 0.8125000 -0.0375000
vt 0.6913417 0.0380602
vt 0.8125000 0.0375000
vt 0.6913417 0.0380602
vt 0.8125000 -0.0375000
vt 0.6913417 0.0380602
vt 0.8125000 0.0375000
vt 0.0227986 0.3141549
vt 0.0371986 0.0559432
vt 0.0371986 0.3141549
vt 0.0227986 0.3141549
vt 0.0769701 0.0559432
vt 0.0769701 0.3141549
vt 0.0646365 0.3437495
vt 0.0790365 0.0855377
vt 0.0790365 0.3437495
vt 0.0646365 0.3437495
vt 0.1188080 0.0855377
vt 0.1188080 0.3437495
vt 0.1788935 0.1174769
vt 0.1788935 0.1306886
vt 0.2032935 0.1174769
vt 0.1391220 0.1174769
vt 0.1391220 0.1306886
vt 0.2032935 0.1174769
vt 0.1544229 0.0995034
vt 0.1544229 0.1127152
vt 0.1788229 0.0995034
vt 0.1146515 0.0995034
vt 0.1146515 0.1127152
vt 0.1788229 0.0995034
vt 0.6913417 0.9619398
vt 0.1875000 -0.0406250
vt 0.6913417 0.9619398
vt 0.1875000 0.0406250
vt 0.6913417 0.9619398
vt 0.1875000 -0.0406250
vt 0.6913417 0.9619398
vt 0.1875000 0.0406250
vt 0.6913417 0.0380602
vt 0.8125000 -0.0406250
vt 0.6913417 0.0380602
vt 0.8125000 0.0406250
vt 0.6913417 0.0380602
vt 0.8125000 -0.0406250
vt 0.6913417 0.0380602
vt 0.8125000 0.0406250
vt 0.0227986 0.0589079
vt 0.0371986 0.3141549
vt 0.0371986 0.3141549
vt 0.0913701 0.0589079
vt 0.0646365 0.0885024
vt 0.0790365 0.3437495
vt 0.0790365 0.3437495
vt 0.1332080 0.0885024
vt 0.1888935 0.1174769
vt 0.1932935 0.1277239
vt 0.1247220 0.1277239
vt 0.1888935 0.1174769
vt 0.1644229 0.0995034
vt 0.1688229 0.1097505
vt 0.1002515 0.1097505
vt 0.1644229 0.0995034
vt 0.0371986 0.0589079
vt 0.0769701 0.0589079
vt 0.0790365 0.0885024
vt 0.1188080 0.0885024
vt 0.1788935 0.1277239
vt 0.1391220 0.1277239
vt 0.1544229 0.1097505
vt 0.1146515 0.1097505
vt 0.1562500 -0.0375000
vt 0.7305616 0.8450599
vt 0.1562500 0.0375000
vt 0.7305616 0.8450599
vt 0.1562500 -0.0375000
vt 0.7305616 0.8450599
vt 0.1562500 0.0375000
vt 0.7305616 0.8450599
vt 0.8437500 -0.0375000
vt 0.7305616 0.1549401
vt 0.8437500 0.0375000
vt 0.7305616 0.1549401
vt 0.8437500 -0.0375000
vt 0.7305616 0.1549401
vt 0.8437500 0.0375000
vt 0.7305616 0.1549401
vt 0.0227986 0.0691549
vt 0.0869701 0.3141549
vt 0.0869701 0.3141549
vt 0.0913701 0.0691549
vt 0.0646365 0.0987495
vt 0.1288080 0.3437495
vt 0.1288080 0.3437495
vt 0.1332080 0.0987495
vt 0.1391220 0.1174769
vt 0.1932935 0.1174769
vt 0.1247220 0.1174769
vt 0.1391220 0.1174769
vt 0.1146515 0.0995034
vt 0.1688229 0.0995034
vt 0.1002515 0.0995034
vt 0.1146515 0.0995034
vt 0.0371986 0.0691549
vt 0.0769701 0.0691549
vt 0.0790365 0.0987495
vt 0.1188080 0.0987495
vt 0.1788935 0.1174769
vt 0.1391220 0.1174769
vt 0.1544229 0.0995034
vt 0.1146515 0.0995034
vt 0.0371986 0.0721196
vt 0.0371986 0.3141549
vt 0.1013701 0.3141549
vt 0.0769701 0.0721196
vt 0.0769701 0.3141549
vt 0.1013701 0.3141549
vt 0.0790365 0.1017142
vt 0.0790365 0.3437495
vt 0.1432080 0.3437495
vt 0.1188080 0.1017142
vt 0.1188080 0.3437495
vt 0.1432080 0.3437495
vt 0.1247220 0.1174769
vt 0.1788935 0.1145122
vt 0.1788935 0.1174769
vt 0.1247220 0.1174769
vt 0.1391220 0.1145122
vt 0.1391220 0.1174769
vt 0.1002515 0.0995034
vt 0.1544229 0.0965387
vt 0.1544229 0.0995034
vt 0.1002515 0.0995034
vt 0.1146515 0.0965387
vt 0.1146515 0.0995034
vt 0.1562500 -0.0406250
vt 0.7658490 0.8978712
vt 0.1562500 0.0406250
vt 0.7658490 0.8978712
vt 0.1562500 -0.0406250
vt 0.7658490 0.8978712
vt 0.1562500 0.0406250
vt 0.7658490 0.8978712
vt 0.8437500 -0.0406250
vt 0.7658490 0.1021288
vt 0.8437500 0.0406250
vt 0.7658490 0.1021288
vt 0.8437500 -0.0406250
vt 0.7658490 0.1021288
vt 0.8437500 0.0406250
vt 0.7658490 0.1021288
vt 0.7777851 0.9157348
vt 0.1562500 -0.0375000
vt 0.7777851 0.9157348
vt 0.1562500 0.0375000
vt 0.7777851 0.9157348
vt 0.1562500 -0.0375000
vt 0.7777851 0.9157348
vt 0.1562500 0.0375000
vt 0.7777851 0.0842652
vt 0.8437500 -0.0375000
vt 0.7777851 0.0842652
vt 0.8437500 0.0375000
vt 0.7777851 0.0842652
vt 0.8437500 -0.0375000
vt 0.7777851 0.0842652
vt 0.8437500 0.0375000
vt 0.7777851 0.9157348
vt 0.1562500 -0.0406250
vt 0.7777851 0.9157348
vt 0.1562500 0.0406250
vt 0.7777851 0.9157348
vt 0.1562500 -0.0406250
vt 0.7777851 0.9157348
vt 0.1562500 0.0406250
vt 0.7777851 0.0842652
vt 0.8437500 -0.0406250
vt 0.7777851 0.0842652
vt 0.8437500 0.0406250
vt 0.7777851 0.0842652
vt 0.8437500 -0.0406250
vt 0.7777851 0.0842652
vt 0.8437500 0.0406250
vt 0.1250000 -0.0375000
vt 0.7934493 0.7934493
vt 0.1250000 0.0375000
vt 0.7934493 0.7934493
vt 0.1250000 -0.0375000
vt 0.7934493 0.7934493
vt 0.1250000 0.0375000
vt 0.7934493 0.7934493
vt 0.8750000 -0.0375000
vt 0.7934493 0.2065507
vt 0.8750000 0.0375000
vt 0.7934493 0.2065507
vt 0.8750000 -0.0375000
vt 0.7934493 0.2065507
vt 0.8750000 0.0375000
vt 0.7934493 0.2065507
vt 0.0937500 -0.0375000
vt 0.8450599 0.7305616
vt 0.0937500 0.0375000
vt 0.8450599 0.7305616
vt 0.0937500 -0.0375000
vt 0.8450599 0.7305616
vt 0.0937500 0.0375000
vt 0.8450599 0.7305616
vt 0.9062500 -0.0375000
vt 0.8450599 0.2694384
vt 0.9062500 0.0375000
vt 0.8450599 0.2694384
vt 0.9062500 -0.0375000
vt 0.8450599 0.2694384
vt 0.9062500 0.0375000
vt 0.8450599 0.2694384
vt 0.1250000 -0.0406250
vt 0.8383616 0.8383616
vt 0.1250000 0.0406250
vt 0.8383616 0.8383616
vt 0.1250000 -0.0406250
vt 0.8383616 0.8383616
vt 0.1250000 0.0406250
vt 0.8383616 0.8383616
vt 0.8750000 -0.0406250
vt 0.8383616 0.1616384
vt 0.8750000 0.0406250
vt 0.8383616 0.1616384
vt 0.8750000 -0.0406250
vt 0.8383616 0.1616384
vt 0.8750000 0.0406250
vt 0.8383616 0.1616384
vt 0.8535534 0.8535534
vt 0.1250000 -0.0375000
vt 0.8535534 0.8535534
vt 0.1250000 0.0375000
vt 0.8535534 0.8535534
vt 0.1250000 -0.0375000
vt 0.8535534 0.8535534
vt 0.1250000 0.0375000
vt 0.8535534 0.1464466
vt 0.8750000 -0.0375000
vt 0.8535534 0.1464466
vt 0.8750000 0.0375000
vt 0.8535534 0.1464466
vt 0.8750000 -0.0375000
vt 0.8535534 0.1464466
vt 0.8750000 0.0375000
vt 0.0911072 0.3871271
vt 0.1055072 0.1289153
vt 0.1055072 0.3871271
vt 0.0911072 0.3871271
vt 0.1452786 0.1289153
vt 0.1452786 0.3871271
vt 0.1208314 0.3811322
vt 0.1352314 0.1229205
vt 0.1352314 0.3811322
vt 0.1208314 0.3811322
vt 0.1750028 0.1229205
vt 0.1750028 0.3811322
vt 0.1080038 0.0729187
vt 0.1080038 0.0861305
vt 0.1324038 0.0729187
vt 0.0682324 0.0729187
vt 0.0682324 0.0861305
vt 0.1324038 0.0729187
vt 0.1149909 0.1221610
vt 0.1149909 0.1353728
vt 0.1393909 0.1221610
vt 0.0752195 0.1221610
vt 0.0752195 0.1353728
vt 0.1393909 0.1221610
vt 0.8535534 0.8535534
vt 0.1250000 -0.0406250
vt 0.8535534 0.8535534
vt 0.1250000 0.0406250
vt 0.8535534 0.8535534
vt 0.1250000 -0.0406250
vt 0.8535534 0.8535534
vt 0.1250000 0.0406250
vt 0.8535534 0.1464466
vt 0.8750000 -0.0406250
vt 0.8535534 0.1464466
vt 0.8750000 0.0406250
vt 0.8535534 0.1464466
vt 0.8750000 -0.0406250
vt 0.8535534 0.1464466
vt 0.8750000 0.0406250
vt 0.0911072 0.1318800
vt 0.1055072 0.3871271
vt 0.1055072 0.3871271
vt 0.1596786 0.1318800
vt 0.1208314 0.1258852
vt 0.1352314 0.3811322
vt 0.1352314 0.3811322
vt 0.1894028 0.1258852
vt 0.1180038 0.0729187
vt 0.1224038 0.0831658
vt 0.0538324 0.0831658
vt 0.1180038 0.0729187
vt 0.1249909 0.1221610
vt 0.1293909 0.1324081
vt 0.0608195 0.1324081
vt 0.1249909 0.1221610
vt 0.1055072 0.1318800
vt 0.1452786 0.1318800
vt 0.1352314 0.1258852
vt 0.1750028 0.1258852
vt 0.1080038 0.0831658
vt 0.0682324 0.0831658
vt 0.1149909 0.1324081
vt 0.0752195 0.1324081
vt 0.0625000 -0.0375000
vt 0.8834100 0.6588136
vt 0.0625000 0.0375000
vt 0.8834100 0.6588136
vt 0.0625000 -0.0375000
vt 0.8834100 0.6588136
vt 0.0625000 0.0375000
vt 0.8834100 0.6588136
vt 0.9375000 -0.0375000
vt 0.8834100 0.3411864
vt 0.9375000 0.0375000
vt 0.8834100 0.3411864
vt 0.9375000 -0.0375000
vt 0.8834100 0.3411864
vt 0.9375000 0.0375000
vt 0.8834100 0.3411864
vt 0.0911072 0.1421271
vt 0.1552786 0.3871271
vt 0.1552786 0.3871271
vt 0.1596786 0.1421271
vt 0.1208314 0.1361322
vt 0.1850028 0.3811322
vt 0.1850028 0.3811322
vt 0.1894028 0.1361322
vt 0.0682324 0.0729187
vt 0.1224038 0.0729187
vt 0.0538324 0.0729187
vt 0.0682324 0.0729187
vt 0.0752195 0.1221610
vt 0.1293909 0.1221610
vt 0.0608195 0.1221610
vt 0.0752195 0.1221610
vt 0.1055072 0.1450918
vt 0.1055072 0.3871271
vt 0.1696786 0.3871271
vt 0.1452786 0.1450918
vt 0.1452786 0.3871271
vt 0.1696786 0.3871271
vt 0.1352314 0.1390969
vt 0.1352314 0.3811322
vt 0.1994028 0.3811322
vt 0.1750028 0.1390969
vt 0.1750028 0.3811322
vt 0.1994028 0.3811322
vt 0.0538324 0.0729187
vt 0.1080038 0.0699540
vt 0.1080038 0.0729187
vt 0.0538324 0.0729187
vt 0.0682324 0.0699540
vt 0.0682324 0.0729187
vt 0.0608195 0.1221610
vt 0.1149909 0.1191963
vt 0.1149909 0.1221610
vt 0.0608195 0.1221610
vt 0.0752195 0.1191963
vt 0.0752195 0.1221610
vt 0.1055072 0.1421271
vt 0.1452786 0.1421271
vt 0.1352314 0.1361322
vt 0.1750028 0.1361322
vt 0.1080038 0.0729187
vt 0.0682324 0.0729187
vt 0.1149909 0.1221610
vt 0.0752195 0.1221610
vt 0.0312500 -0.0375000
vt 0.9070259 0.5809625
vt 0.0312500 0.0375000
vt 0.9070259 0.5809625
vt 0.0312500 -0.0375000
vt 0.9070259 0.5809625
vt 0.0312500 0.0375000
vt 0.9070259 0.5809625
vt 0.9687500 -0.0375000
vt 0.9070259 0.4190375
vt 0.9687500 0.0375000
vt 0.9070259 0.4190375
vt 0.9687500 -0.0375000
vt 0.9070259 0.4190375
vt 0.9687500 0.0375000
vt 0.9070259 0.4190375
vt 0.0937500 -0.0406250
vt 0.8978712 0.7658490
vt 0.0937500 0.0406250
vt 0.8978712 0.7658490
vt 0.0937500 -0.0406250
vt 0.8978712 0.7658490
vt 0.0937500 0.0406250
vt 0.8978712 0.7658490
vt 0.9062500 -0.0406250
vt 0.8978712 0.2341510
vt 0.9062500 0.0406250
vt 0.8978712 0.2341510
vt 0.9062500 -0.0406250
vt 0.8978712 0.2341510
vt 0.9062500 0.0406250
vt 0.8978712 0.2341510
vt 0.0000000 -0.0375000
vt 1.0000000 -0.0375000
vt 0.9150000 0.5000000
vt 0.0000000 0.0375000
vt 1.0000000 0.0375000
vt 0.9150000 0.5000000
vt 0.0000000 -0.0375000
vt 1.0000000 -0.0375000
vt 0.9150000 0.5000000
vt 0.0000000 0.0375000
vt 1.0000000 0.0375000
vt 0.9150000 0.5000000
vt 0.9157348 0.7777851
vt 0.0937500 -0.0375000
vt 0.9157348 0.7777851
vt 0.0937500 0.0375000
vt 0.9157348 0.7777851
vt 0.0937500 -0.0375000
vt 0.9157348 0.7777851
vt 0.0937500 0.0375000
vt 0.9157348 0.2222149
vt 0.9062500 -0.0375000
vt 0.9157348 0.2222149
vt 0.9062500 0.0375000
vt 0.9157348 0.2222149
vt 0.9062500 -0.0375000
vt 0.9157348 0.2222149
vt 0.9062500 0.0375000
vt 0.9157348 0.7777851
vt 0.0937500 -0.0406250
vt 0.9157348 0.7777851
vt 0.0937500 0.0406250
vt 0.9157348 0.7777851
vt 0.0937500 -0.0406250
vt 0.9157348 0.7777851
vt 0.0937500 0.0406250
vt 0.9157348 0.2222149
vt 0.9062500 -0.0406250
vt 0.9157348 0.2222149
vt 0.9062500 0.0406250
vt 0.9157348 0.2222149
vt 0.9062500 -0.0406250
vt 0.9157348 0.2222149
vt 0.9062500 0.0406250
vt 0.1103760 0.1060482
vt 0.1645475 0.1030835
vt 0.1645475 0.1060482
vt 0.1103760 0.1060482
vt 0.1247760 0.1030835
vt 0.1247760 0.1060482
vt 0.0482398 0.0780635
vt 0.1024112 0.0750988
vt 0.1024112 0.0780635
vt 0.0482398 0.0780635
vt 0.0626398 0.0750988
vt 0.0626398 0.0780635
vt 0.1247760 0.1060482
vt 0.1789475 0.1060482
vt 0.1103760 0.1060482
vt 0.1247760 0.1060482
vt 0.0626398 0.0780635
vt 0.1168112 0.0780635
vt 0.0482398 0.0780635
vt 0.0626398 0.0780635
vt 0.1745475 0.1060482
vt 0.1789475 0.1162953
vt 0.1103760 0.1162953
vt 0.1745475 0.1060482
vt 0.1124112 0.0780635
vt 0.1168112 0.0883105
vt 0.0482398 0.0883105
vt 0.1124112 0.0780635
vt 0.1645475 0.1060482
vt 0.1645475 0.1192600
vt 0.1889475 0.1060482
vt 0.1247760 0.1060482
vt 0.1247760 0.1192600
vt 0.1889475 0.1060482
vt 0.1024112 0.0780635
vt 0.1024112 0.0912752
vt 0.1268112 0.0780635
vt 0.0626398 0.0780635
vt 0.0626398 0.0912752
vt 0.1268112 0.0780635
vt 0.1645475 0.1060482
vt 0.1247760 0.1060482
vt 0.1024112 0.0780635
vt 0.0626398 0.0780635
vt 0.1645475 0.1162953
vt 0.1247760 0.1162953
vt 0.1024112 0.0883105
vt 0.0626398 0.0883105
vt 0.0625000 -0.0406250
vt 0.9420908 0.6831200
vt 0.0625000 0.0406250
vt 0.9420908 0.6831200
vt 0.0625000 -0.0406250
vt 0.9420908 0.6831200
vt 0.0625000 0.0406250
vt 0.9420908 0.6831200
vt 0.9375000 -0.0406250
vt 0.9420908 0.3168800
vt 0.9375000 0.0406250
vt 0.9420908 0.3168800
vt 0.9375000 -0.0406250
vt 0.9420908 0.3168800
vt 0.9375000 0.0406250
vt 0.9420908 0.3168800
vt 0.9619398 0.6913417
vt 0.0625000 -0.0375000
vt 0.9619398 0.6913417
vt 0.0625000 0.0375000
vt 0.9619398 0.6913417
vt 0.0625000 -0.0375000
vt 0.9619398 0.6913417
vt 0.0625000 0.0375000
vt 0.9619398 0.3086583
vt 0.9375000 -0.0375000
vt 0.9619398 0.3086583
vt 0.9375000 0.0375000
vt 0.9619398 0.3086583
vt 0.9375000 -0.0375000
vt 0.9619398 0.3086583
vt 0.9375000 0.0375000
vt 0.9619398 0.6913417
vt 0.0625000 -0.0406250
vt 0.9619398 0.6913417
vt 0.0625000 0.0406250
vt 0.9619398 0.6913417
vt 0.0625000 -0.0406250
vt 0.9619398 0.6913417
vt 0.0625000 0.0406250
vt 0.9619398 0.3086583
vt 0.9375000 -0.0406250
vt 0.9619398 0.3086583
vt 0.9375000 0.0406250
vt 0.9619398 0.3086583
vt 0.9375000 -0.0406250
vt 0.9619398 0.3086583
vt 0.9375000 0.0406250
vt 0.0312500 -0.0406250
vt 0.9693211 0.5933538
vt 0.0312500 0.0406250
vt 0.9693211 0.5933538
vt 0.0312500 -0.0406250
vt 0.9693211 0.5933538
vt 0.0312500 0.0406250
vt 0.9693211 0.5933538
vt 0.9687500 -0.0406250
vt 0.9693211 0.4066462
vt 0.9687500 0.0406250
vt 0.9693211 0.4066462
vt 0.9687500 -0.0406250
vt 0.9693211 0.4066462
vt 0.9687500 0.0406250
vt 0.9693211 0.4066462
vt 0.0000000 -0.0406250
vt 1.0000000 -0.0406250
vt 0.9785156 0.5000000
vt 0.0000000 0.0406250
vt 1.0000000 0.0406250
vt 0.9785156 0.5000000
vt 0.0000000 -0.0406250
vt 1.0000000 -0.0406250
vt 0.9785156 0.5000000
vt 0.0000000 0.0406250
vt 1.0000000 0.0406250
vt 0.9785156 0.5000000
vt 0.9903926 0.5975452
vt 0.0312500 -0.0375000
vt 0.9903926 0.5975452
vt 0.0312500 0.0375000
vt 0.9903926 0.5975452
vt 0.0312500 -0.0375000
vt 0.9903926 0.5975452
vt 0.0312500 0.0375000
vt 0.9903926 0.4024548
vt 0.9687500 -0.0375000
vt 0.9903926 0.4024548
vt 0.9687500 0.0375000
vt 0.9903926 0.4024548
vt 0.9687500 -0.0375000
vt 0.9903926 0.4024548
vt 0.9687500 0.0375000
vt 1.0000000 0.5000000
vt 0.0000000 -0.0375000
vt 1.0000000 -0.0375000
vt 1.0000000 0.5000000
vt 0.0000000 0.0375000
vt 1.0000000 0.0375000
vt 1.0000000 0.5000000
vt 0.0000000 -0.0375000
vt 1.0000000 -0.0375000
vt 1.0000000 0.5000000
vt 0.0000000 0.0375000
vt 1.0000000 0.0375000
vt 0.9903926 0.5975452
vt 0.0312500 -0.0406250
vt 0.9903926 0.5975452
vt 0.0312500 0.0406250
vt 0.9903926 0.5975452
vt 0.0312500 -0.0406250
vt 0.9903926 0.5975452
vt 0.0312500 0.0406250
vt 0.9903926 0.4024548
vt 0.9687500 -0.0406250
vt 0.9903926 0.4024548
vt 0.9687500 0.0406250
vt 0.9903926 0.4024548
vt 0.9687500 -0.0406250
vt 0.9903926 0.4024548
vt 0.9687500 0.0406250
vt 1.0000000 0.5000000
vt 0.0000000 -0.0406250
vt 1.0000000 -0.0406250
vt 1.0000000 0.5000000
vt 0.0000000 0.0406250
vt 1.0000000 0.0406250
vt 1.0000000 0.5000000
vt 0.0000000 -0.0406250
vt 1.0000000 -0.0406250
vt 1.0000000 0.5000000
vt 0.0000000 0.0406250
vt 1.0000000 0.0406250
vt 0.0769119 0.0455738
vt 0.1514833 0.0455738
vt 0.1463222 0.0335605
vt 0.2208937 0.0335605
vt 0.0769119 0.2491620
vt 0.1514833 0.2491620
vt 0.1463222 0.2371487
vt 0.2208937 0.2371487
vt 0.0769119 0.0400150
vt 0.0769119 0.0455738
vt 0.0769119 0.0400150
vt 0.1514833 0.0400150
vt 0.1514833 0.0455738
vt 0.1463222 0.0280017
vt 0.1463222 0.0335605
vt 0.1463222 0.0280017
vt 0.2208937 0.0280017
vt 0.2208937 0.0335605
vt 0.0499119 0.0455738
vt 0.0769119 0.0455738
vt 0.0769119 0.0455738
vt 0.1784833 0.0455738
vt 0.1193222 0.0335605
vt 0.1463222 0.0335605
vt 0.1463222 0.0335605
vt 0.2478937 0.0335605
vt 0.0499119 0.2491620
vt 0.0769119 0.2491620
vt 0.0769119 0.2491620
vt 0.1784833 0.2491620
vt 0.1193222 0.2371487
vt 0.1463222 0.2371487
vt 0.1463222 0.2371487
vt 0.2478937 0.2371487
vt 0.0769119 0.0455738
vt 0.0769119 0.2547208
vt 0.0769119 0.2547208
vt 0.1514833 0.0455738
vt 0.1514833 0.2547208
vt 0.1463222 0.0335605
vt 0.1463222 0.2427075
vt 0.1463222 0.2427075
vt 0.2208937 0.0335605
vt 0.2208937 0.2427075
vt 0.1187231 0.0573480
vt 0.1397231 0.0573480
vt 0.1187231 0.0573480
vt 0.1397231 0.3487010
vt 0.1187231 0.0957598
vt 0.3262946 0.0573480
vt 0.1187231 0.0957598
vt 0.3262946 0.3487010
vt 0.1037494 0.0709520
vt 0.1247494 0.0709520
vt 0.1037494 0.0709520
vt 0.1247494 0.3623049
vt 0.1037494 0.1093637
vt 0.3113208 0.0709520
vt 0.1037494 0.1093637
vt 0.3113208 0.3623049
vt 0.0769119 0.0400150
vt 0.0769119 0.0609267
vt 0.1514833 0.0400150
vt 0.1514833 0.0400150
vt 0.1514833 0.0609267
vt 0.1463222 0.0280017
vt 0.1463222 0.0489134
vt 0.2208937 0.0280017
vt 0.2208937 0.0280017
vt 0.2208937 0.0489134
vt 0.0499119 0.0455738
vt 0.1514833 0.0455738
vt 0.1514833 0.0455738
vt 0.1784833 0.0455738
vt 0.1193222 0.0335605
vt 0.2208937 0.0335605
vt 0.2208937 0.0335605
vt 0.2478937 0.0335605
vt 0.0499119 0.2491620
vt 0.1514833 0.2491620
vt 0.1514833 0.2491620
vt 0.1784833 0.2491620
vt 0.1193222 0.2371487
vt 0.2208937 0.2371487
vt 0.2208937 0.2371487
vt 0.2478937 0.2371487
vt 0.0769119 0.0609267
vt 0.0769119 0.2547208
vt 0.1514833 0.2547208
vt 0.1514833 0.0609267
vt 0.1514833 0.2547208
vt 0.1463222 0.0489134
vt 0.1463222 0.2427075
vt 0.2208937 0.2427075
vt 0.2208937 0.0489134
vt 0.2208937 0.2427075
vt 0.1187231 0.0573480
vt 0.1397231 0.0530245
vt 0.1397231 0.0573480
vt 0.1187231 0.3487010
vt 0.1397231 0.0530245
vt 0.1397231 0.3487010
vt 0.1397231 0.0573480
vt 0.1397231 0.0573480
vt 0.1397231 0.0957598
vt 0.1397231 0.0957598
vt 0.1397231 0.0573480
vt 0.1397231 0.1000833
vt 0.3472946 0.0573480
vt 0.1397231 0.1000833
vt 0.1397231 0.3487010
vt 0.3472946 0.3487010
vt 0.1037494 0.0709520
vt 0.1247494 0.0666284
vt 0.1247494 0.0709520
vt 0.1037494 0.3623049
vt 0.1247494 0.0666284
vt 0.1247494 0.3623049
vt 0.1247494 0.0709520
vt 0.1247494 0.0709520
vt 0.1247494 0.1093637
vt 0.1247494 0.1093637
vt 0.1247494 0.0709520
vt 0.1247494 0.1136873
vt 0.3323208 0.0709520
vt 0.1247494 0.1136873
vt 0.1247494 0.3623049
vt 0.3323208 0.3623049
vt 0.0703219 0.5672869
vt 0.2020362 0.5672869
vt 0.1390641 0.5667773
vt 0.2707784 0.5667773
vt 0.1310305 0.5010811
vt 0.2627448 0.5010811
vt 0.0791258 0.5474744
vt 0.2108401 0.5474744
vt 0.0496969 0.5330588
vt 0.1814112 0.5330588
vt 0.1268617 0.5781284
vt 0.2585760 0.5781284
vt 0.0925971 0.5209114
vt 0.2243114 0.5209114
vt 0.0433219 0.5672869
vt 0.0703219 0.5672869
vt 0.0703219 0.5672869
vt 0.2290362 0.5672869
vt 0.1120641 0.5667773
vt 0.1390641 0.5667773
vt 0.1390641 0.5667773
vt 0.2977784 0.5667773
vt 0.1040305 0.5010811
vt 0.1310305 0.5010811
vt 0.1310305 0.5010811
vt 0.2897448 0.5010811
vt 0.0521258 0.5474744
vt 0.0791258 0.5474744
vt 0.0791258 0.5474744
vt 0.2378401 0.5474744
vt 0.0226969 0.5330588
vt 0.0496969 0.5330588
vt 0.0496969 0.5330588
vt 0.2084112 0.5330588
vt 0.0998617 0.5781284
vt 0.1268617 0.5781284
vt 0.1268617 0.5781284
vt 0.2855760 0.5781284
vt 0.0655971 0.5209114
vt 0.0925971 0.5209114
vt 0.0925971 0.5209114
vt 0.2513114 0.5209114
vt 0.0433219 0.5672869
vt 0.1448933 0.5672869
vt 0.1448933 0.5672869
vt 0.2290362 0.5672869
vt 0.1120641 0.5667773
vt 0.2136355 0.5667773
vt 0.2136355 0.5667773
vt 0.2977784 0.5667773
vt 0.1040305 0.5010811
vt 0.2056019 0.5010811
vt 0.2056019 0.5010811
vt 0.2897448 0.5010811
vt 0.0521258 0.5474744
vt 0.1536972 0.5474744
vt 0.1536972 0.5474744
vt 0.2378401 0.5474744
vt 0.0226969 0.5330588
vt 0.1242684 0.5330588
vt 0.1242684 0.5330588
vt 0.2084112 0.5330588
vt 0.0998617 0.5781284
vt 0.2014331 0.5781284
vt 0.2014331 0.5781284
vt 0.2855760 0.5781284
vt 0.0655971 0.5209114
vt 0.1671685 0.5209114
vt 0.1671685 0.5209114
vt 0.2513114 0.5209114
vt 0.0703219 0.5672869
vt 0.2020362 0.5672869
vt 0.1390641 0.5667773
vt 0.2707784 0.5667773
vt 0.1310305 0.5010811
vt 0.2627448 0.5010811
vt 0.0791258 0.5474744
vt 0.2108401 0.5474744
vt 0.0496969 0.5330588
vt 0.1814112 0.5330588
vt 0.1268617 0.5781284
vt 0.2585760 0.5781284
vt 0.0925971 0.5209114
vt 0.2243114 0.5209114
vt 0.0769119 0.0455738
vt 0.1514833 0.0455738
vt 0.1463222 0.0335605
vt 0.2208937 0.0335605
vt 0.0769119 0.2491620
vt 0.1514833 0.2491620
vt 0.1463222 0.2371487
vt 0.2208937 0.2371487
vt 0.0703219 0.1078163
vt 0.0703219 0.5728457
vt 0.0703219 0.1349340
vt 0.0703219 0.5728457
vt 0.2020362 0.5728457
vt 0.1390641 0.1073067
vt 0.1390641 0.5723361
vt 0.1390641 0.1344243
vt 0.1390641 0.5723361
vt 0.2707784 0.5723361
vt 0.1310305 0.0416105
vt 0.1310305 0.5066399
vt 0.1310305 0.0687281
vt 0.1310305 0.5066399
vt 0.2627448 0.5066399
vt 0.0791258 0.0880038
vt 0.0791258 0.5530332
vt 0.0791258 0.1151214
vt 0.0791258 0.5530332
vt 0.2108401 0.5530332
vt 0.0496969 0.0735882
vt 0.0496969 0.5386176
vt 0.0496969 0.1007059
vt 0.0496969 0.5386176
vt 0.1814112 0.5386176
vt 0.1268617 0.1186578
vt 0.1268617 0.5836872
vt 0.1268617 0.1457755
vt 0.1268617 0.5836872
vt 0.2585760 0.5836872
vt 0.0925971 0.0614408
vt 0.0925971 0.5264702
vt 0.0925971 0.0885584
vt 0.0925971 0.5264702
vt 0.2243114 0.5264702
vt 0.0703219 0.5728457
vt 0.1448933 0.1078163
vt 0.1448933 0.5728457
vt 0.1448933 0.1349340
vt 0.1448933 0.5728457
vt 0.2020362 0.5728457
vt 0.1390641 0.5723361
vt 0.2136355 0.1073067
vt 0.2136355 0.5723361
vt 0.2136355 0.1344243
vt 0.2136355 0.5723361
vt 0.2707784 0.5723361
vt 0.1310305 0.5066399
vt 0.2056019 0.0416105
vt 0.2056019 0.5066399
vt 0.2056019 0.0687281
vt 0.2056019 0.5066399
vt 0.2627448 0.5066399
vt 0.0791258 0.5530332
vt 0.1536972 0.0880038
vt 0.1536972 0.5530332
vt 0.1536972 0.1151214
vt 0.1536972 0.5530332
vt 0.2108401 0.5530332
vt 0.0496969 0.5386176
vt 0.1242684 0.0735882
vt 0.1242684 0.5386176
vt 0.1242684 0.1007059
vt 0.1242684 0.5386176
vt 0.1814112 0.5386176
vt 0.1268617 0.5836872
vt 0.2014331 0.1186578
vt 0.2014331 0.5836872
vt 0.2014331 0.1457755
vt 0.2014331 0.5836872
vt 0.2585760 0.5836872
vt 0.0925971 0.5264702
vt 0.1671685 0.0614408
vt 0.1671685 0.5264702
vt 0.1671685 0.0885584
vt 0.1671685 0.5264702
vt 0.2243114 0.5264702
vt 0.1187231 0.0573480
vt 0.1977231 0.0530245
vt 0.1977231 0.0573480
vt 0.1187231 0.3487010
vt 0.1977231 0.0530245
vt 0.1977231 0.3487010
vt 0.1977231 0.0573480
vt 0.1977231 0.0573480
vt 0.1977231 0.0957598
vt 0.1977231 0.0957598
vt 0.1977231 0.0573480
vt 0.1977231 0.1000833
vt 0.3472946 0.0573480
vt 0.1977231 0.1000833
vt 0.1977231 0.3487010
vt 0.3472946 0.3487010
vt 0.1037494 0.0709520
vt 0.1827494 0.0666284
vt 0.1827494 0.0709520
vt 0.1037494 0.3623049
vt 0.1827494 0.0666284
vt 0.1827494 0.3623049
vt 0.1827494 0.0709520
vt 0.1827494 0.0709520
vt 0.1827494 0.1093637
vt 0.1827494 0.1093637
vt 0.1827494 0.0709520
vt 0.1827494 0.1136873
vt 0.3323208 0.0709520
vt 0.1827494 0.1136873
vt 0.1827494 0.3623049
vt 0.3323208 0.3623049
vt 0.1397231 0.0573480
vt 0.2187231 0.0573480
vt 0.1397231 0.3487010
vt 0.2187231 0.0573480
vt 0.2187231 0.0957598
vt 0.3262946 0.0573480
vt 0.2187231 0.0957598
vt 0.3262946 0.3487010
vt 0.1247494 0.0709520
vt 0.2037494 0.0709520
vt 0.1247494 0.3623049
vt 0.2037494 0.0709520
vt 0.2037494 0.1093637
vt 0.3113208 0.0709520
vt 0.2037494 0.1093637
vt 0.3113208 0.3623049
vt 0.0535858 0.6094136
vt 0.0745858 0.6094136
vt 0.0535858 0.6094136
vt 0.1325858 0.6094136
vt 0.0898117 0.5410223
vt 0.1108117 0.5410223
vt 0.0898117 0.5410223
vt 0.1688117 0.5410223
vt 0.0745858 0.6094136
vt 0.0745858 0.6094136
vt 0.1108117 0.5410223
vt 0.1108117 0.5410223
vt 0.2611572 0.6094136
vt 0.2611572 0.6094136
vt 0.2973831 0.5410223
vt 0.2973831 0.5410223
vt 0.0745858 0.6094136
vt 0.2821572 0.6094136
vt 0.1325858 0.6094136
vt 0.2821572 0.6094136
vt 0.1108117 0.5410223
vt 0.3183831 0.5410223
vt 0.1688117 0.5410223
vt 0.3183831 0.5410223
vt 0.0706456 0.5747288
vt 0.0916456 0.5747288
vt 0.0706456 0.5747288
vt 0.1496456 0.5747288
vt 0.0224487 0.6149696
vt 0.0434487 0.6149696
vt 0.0224487 0.6149696
vt 0.1014487 0.6149696
vt 0.0916456 0.5747288
vt 0.0916456 0.5747288
vt 0.0434487 0.6149696
vt 0.0434487 0.6149696
vt 0.2782170 0.5747288
vt 0.2782170 0.5747288
vt 0.2300201 0.6149696
vt 0.2300201 0.6149696
vt 0.0916456 0.5747288
vt 0.2992170 0.5747288
vt 0.1496456 0.5747288
vt 0.2992170 0.5747288
vt 0.0434487 0.6149696
vt 0.2510201 0.6149696
vt 0.1014487 0.6149696
vt 0.2510201 0.6149696
vt 0.0745858 0.1180607
vt 0.0745858 0.6137371
vt 0.0745858 0.6137371
vt 0.1325858 0.1180607
vt 0.1325858 0.6137371
vt 0.1108117 0.0496693
vt 0.1108117 0.5453458
vt 0.1108117 0.5453458
vt 0.1688117 0.0496693
vt 0.1688117 0.5453458
vt 0.0745858 0.1564724
vt 0.0745858 0.6137371
vt 0.2611572 0.6137371
vt 0.1325858 0.1564724
vt 0.1325858 0.6137371
vt 0.2611572 0.6137371
vt 0.1108117 0.0880811
vt 0.1108117 0.5453458
vt 0.2973831 0.5453458
vt 0.1688117 0.0880811
vt 0.1688117 0.5453458
vt 0.2973831 0.5453458
vt 0.0916456 0.0833759
vt 0.0916456 0.5790524
vt 0.0916456 0.5790524
vt 0.1496456 0.0833759
vt 0.1496456 0.5790524
vt 0.0434487 0.1236167
vt 0.0434487 0.6192932
vt 0.0434487 0.6192932
vt 0.1014487 0.1236167
vt 0.1014487 0.6192932
vt 0.0916456 0.1217877
vt 0.0916456 0.5790524
vt 0.2782170 0.5790524
vt 0.1496456 0.1217877
vt 0.1496456 0.5790524
vt 0.2782170 0.5790524
vt 0.0434487 0.1620285
vt 0.0434487 0.6192932
vt 0.2300201 0.6192932
vt 0.1014487 0.1620285
vt 0.1014487 0.6192932
vt 0.2300201 0.6192932
vn -0.9608364 0.1219887 -0.2488215
vn -0.9608364 0.1219887 -0.2488215
vn -0.9690791 0.0982184 0.2263601
vn -0.9690791 0.0982184 0.2263601
vn -0.9690791 0.0982184 0.2263601
vn -0.9608364 0.1219887 -0.2488215
vn -0.9608364 0.1219887 -0.2488215
vn -0.9690791 0.0982184 0.2263601
vn -0.9690791 0.0982184 0.2263601
vn -0.9690791 0.0982184 0.2263601
vn -0.9279851 -0.2725118 -0.2541278
vn -0.9279851 -0.2725118 -0.2541278
vn -0.9279851 -0.2725118 -0.2541278
vn -0.8584983 -0.4708461 0.2031861
vn -0.8584983 -0.4708461 0.2031861
vn -0.9279851 -0.2725118 -0.2541278
vn -0.9279851 -0.2725118 -0.2541278
vn -0.9279851 -0.2725118 -0.2541278
vn -0.8584983 -0.4708461 0.2031861
vn -0.8584983 -0.4708461 0.2031861
vn -0.1517238 0.9551257 -0.2543910
vn -0.1354076 0.9569063 0.2568952
vn -0.1517238 0.9551257 -0.2543910
vn -0.1354076 0.9569063 0.2568952
vn -0.0456775 0.2518089 -0.9666984
vn -0.0456775 0.2518089 -0.9666984
vn -0.0475960 0.2527914 0.9663494
vn -0.0475960 0.2527914 0.9663494
vn -0.0456775 0.2518089 -0.9666984
vn -0.0456775 0.2518089 -0.9666984
vn -0.0475960 0.2527914 0.9663494
vn -0.0475960 0.2527914 0.9663494
vn 0.0208016 -0.2563906 -0.9663494
vn 0.0208016 -0.2563906 -0.9663494
vn 0.0064673 -0.1519925 0.9883605
vn 0.0064673 -0.1519925 0.9883605
vn 0.0208016 -0.2563906 -0.9663494
vn 0.0208016 -0.2563906 -0.9663494
vn 0.0064673 -0.1519925 0.9883605
vn 0.0064673 -0.1519925 0.9883605
vn 0.1170567 -0.9596570 -0.2556485
vn 0.1126810 -0.9156451 0.3858719
vn 0.1170567 -0.9596570 -0.2556485
vn 0.1126810 -0.9156451 0.3858719
vn -0.9262488 -0.1237485 -0.3560189
vn -0.9262488 -0.1237485 -0.3560189
vn -0.9651590 -0.0514238 0.2565613
vn -0.9651590 -0.0514238 0.2565613
vn -0.9651590 -0.0514238 0.2565613
vn -0.9262488 -0.1237485 -0.3560189
vn -0.9262488 -0.1237485 -0.3560189
vn -0.9651590 -0.0514238 0.2565613
vn -0.9651590 -0.0514238 0.2565613
vn -0.9651590 -0.0514238 0.2565613
vn -0.9835493 0.0995057 -0.1507630
vn -0.9835493 0.0995057 -0.1507630
vn -0.9835493 0.0995057 -0.1507630
vn -0.9618510 0.0973105 0.2556819
vn -0.9618510 0.0973105 0.2556819
vn -0.9618510 0.0973105 0.2556819
vn -0.9835493 0.0995057 -0.1507630
vn -0.9835493 0.0995057 -0.1507630
vn -0.9835493 0.0995057 -0.1507630
vn -0.9618510 0.0973105 0.2556819
vn -0.9618510 0.0973105 0.2556819
vn -0.9618510 0.0973105 0.2556819
vn -0.9262488 -0.1237485 -0.3560189
vn -0.9262488 -0.1237485 -0.3560189
vn -0.9651590 -0.0514238 0.2565613
vn -0.9651590 -0.0514238 0.2565613
vn -0.9651590 -0.0514238 0.2565613
vn -0.9262488 -0.1237485 -0.3560189
vn -0.9262488 -0.1237485 -0.3560189
vn -0.9651590 -0.0514238 0.2565613
vn -0.9651590 -0.0514238 0.2565613
vn -0.9651590 -0.0514238 0.2565613
vn -0.9835493 0.0995057 -0.1507630
vn -0.9835493 0.0995057 -0.1507630
vn -0.9835493 0.0995057 -0.1507630
vn -0.9618510 0.0973105 0.2556819
vn -0.9618510 0.0973105 0.2556819
vn -0.9618510 0.0973105 0.2556819
vn -0.9835493 0.0995057 -0.1507630
vn -0.9835493 0.0995057 -0.1507630
vn -0.9835493 0.0995057 -0.1507630
vn -0.9618510 0.0973105 0.2556819
vn -0.9618510 0.0973105 0.2556819
vn -0.9618510 0.0973105 0.2556819
vn -0.0049896 -0.9883584 -0.1520617
vn -0.0049896 -0.9883584 -0.1520617
vn -0.0145302 -0.9667404 0.2553464
vn -0.0145302 -0.9667404 0.2553464
vn -0.0049896 -0.9883584 -0.1520617
vn -0.0049896 -0.9883584 -0.1520617
vn -0.0145302 -0.9667404 0.2553464
vn -0.0145302 -0.9667404 0.2553464
vn -0.0077976 -0.1800959 -0.9836181
vn -0.0077976 -0.1800959 0.9836181
vn -0.0077976 -0.1800959 -0.9836181
vn -0.0077976 -0.1800959 0.9836181
vn -0.0082429 0.1002620 -0.9949269
vn -0.0082429 0.1002620 0.9949269
vn -0.0082429 0.1002620 -0.9949269
vn -0.0082429 0.1002620 0.9949269
vn -0.0049896 0.9883584 -0.1520617
vn -0.0049896 0.9883584 -0.1520617
vn -0.0145302 0.9667404 0.2553464
vn -0.0145302 0.9667404 0.2553464
vn -0.0049896 0.9883584 -0.1520617
vn -0.0049896 0.9883584 -0.1520617
vn -0.0145302 0.9667404 0.2553464
vn -0.0145302 0.9667404 0.2553464
vn -0.0049896 -0.9883584 -0.1520617
vn -0.0049896 -0.9883584 -0.1520617
vn -0.0145302 -0.9667404 0.2553464
vn -0.0145302 -0.9667404 0.2553464
vn -0.0049896 -0.9883584 -0.1520617
vn -0.0049896 -0.9883584 -0.1520617
vn -0.0145302 -0.9667404 0.2553464
vn -0.0145302 -0.9667404 0.2553464
vn -0.0077976 -0.1800959 -0.9836181
vn -0.0077976 -0.1800959 0.9836181
vn -0.0077976 -0.1800959 -0.9836181
vn -0.0077976 -0.1800959 0.9836181
vn -0.0082429 0.1002620 -0.9949269
vn -0.0082429 0.1002620 0.9949269
vn -0.0082429 0.1002620 -0.9949269
vn -0.0082429 0.1002620 0.9949269
vn -0.0049896 0.9883584 -0.1520617
vn -0.0049896 0.9883584 -0.1520617
vn -0.0145302 0.9667404 0.2553464
vn -0.0145302 0.9667404 0.2553464
vn -0.0049896 0.9883584 -0.1520617
vn -0.0049896 0.9883584 -0.1520617
vn -0.0145302 0.9667404 0.2553464
vn -0.0145302 0.9667404 0.2553464
vn -0.9210542 -0.3329797 -0.2019498
vn -0.9210542 -0.3329797 -0.2019498
vn -0.9747700 -0.1494173 0.1658250
vn -0.9747700 -0.1494173 0.1658250
vn -0.9747700 -0.1494173 0.1658250
vn -0.9210542 -0.3329797 -0.2019498
vn -0.9210542 -0.3329797 -0.2019498
vn -0.9747700 -0.1494173 0.1658250
vn -0.9747700 -0.1494173 0.1658250
vn -0.9747700 -0.1494173 0.1658250
vn -0.9210542 -0.3329797 -0.2019498
vn -0.9210542 -0.3329797 -0.2019498
vn -0.9747700 -0.1494173 0.1658250
vn -0.9747700 -0.1494173 0.1658250
vn -0.9747700 -0.1494173 0.1658250
vn -0.9210542 -0.3329797 -0.2019498
vn -0.9210542 -0.3329797 -0.2019498
vn -0.9747700 -0.1494173 0.1658250
vn -0.9747700 -0.1494173 0.1658250
vn -0.9747700 -0.1494173 0.1658250
vn -0.9210542 -0.3329797 -0.2019498
vn -0.9210542 -0.3329797 -0.2019498
vn -0.9747700 -0.1494173 0.1658250
vn -0.9747700 -0.1494173 0.1658250
vn -0.9747700 -0.1494173 0.1658250
vn -0.9210542 -0.3329797 -0.2019498
vn -0.9210542 -0.3329797 -0.2019498
vn -0.9747700 -0.1494173 0.1658250
vn -0.9747700 -0.1494173 0.1658250
vn -0.9747700 -0.1494173 0.1658250
vn -0.9210542 -0.3329797 -0.2019498
vn -0.9210542 -0.3329797 -0.2019498
vn -0.9747700 -0.1494173 0.1658250
vn -0.9747700 -0.1494173 0.1658250
vn -0.9747700 -0.1494173 0.1658250
vn -0.9625605 0.2558705 -0.0894855
vn -0.9625605 0.2558705 -0.0894855
vn -0.9625605 0.2558705 -0.0894855
vn -0.9536353 0.2534980 0.1622296
vn -0.9536353 0.2534980 0.1622296
vn -0.9536353 0.2534980 0.1622296
vn -0.9625605 0.2558705 -0.0894855
vn -0.9625605 0.2558705 -0.0894855
vn -0.9625605 0.2558705 -0.0894855
vn -0.9536353 0.2534980 0.1622296
vn -0.9536353 0.2534980 0.1622296
vn -0.9536353 0.2534980 0.1622296
vn -0.9625605 0.2558705 -0.0894855
vn -0.9625605 0.2558705 -0.0894855
vn -0.9625605 0.2558705 -0.0894855
vn -0.9536353 0.2534980 0.1622296
vn -0.9536353 0.2534980 0.1622296
vn -0.9536353 0.2534980 0.1622296
vn -0.9625605 0.2558705 -0.0894855
vn -0.9625605 0.2558705 -0.0894855
vn -0.9625605 0.2558705 -0.0894855
vn -0.9536353 0.2534980 0.1622296
vn -0.9536353 0.2534980 0.1622296
vn -0.9536353 0.2534980 0.1622296
vn -0.9625605 0.2558705 -0.0894855
vn -0.9625605 0.2558705 -0.0894855
vn -0.9625605 0.2558705 -0.0894855
vn -0.9536353 0.2534980 0.1622296
vn -0.9536353 0.2534980 0.1622296
vn -0.9536353 0.2534980 0.1622296
vn -0.9625605 0.2558705 -0.0894855
vn -0.9625605 0.2558705 -0.0894855
vn -0.9625605 0.2558705 -0.0894855
vn -0.9536353 0.2534980 0.1622296
vn -0.9536353 0.2534980 0.1622296
vn -0.9536353 0.2534980 0.1622296
vn -0.9625605 0.2558705 -0.0894855
vn -0.9625605 0.2558705 -0.0894855
vn -0.9625605 0.2558705 -0.0894855
vn -0.9536353 0.2534980 0.1622296
vn -0.9536353 0.2534980 0.1622296
vn -0.9536353 0.2534980 0.1622296
vn -0.9246133 -0.0333397 -0.3794454
vn -0.9663558 -0.0130151 0.2568794
vn -0.9246133 -0.0333397 -0.3794454
vn -0.9663558 -0.0130151 0.2568794
vn -0.9881140 0.0262626 -0.1514627
vn -0.9661190 0.0256780 0.2568164
vn -0.9881140 0.0262626 -0.1514627
vn -0.9661190 0.0256780 0.2568164
vn -0.0065395 -0.9956385 -0.0930651
vn -0.0213533 -0.9858831 0.1660681
vn -0.0065395 -0.9956385 -0.0930651
vn -0.0213533 -0.9858831 0.1660681
vn -0.0065395 -0.9956385 -0.0930651
vn -0.0213533 -0.9858831 0.1660681
vn -0.0065395 -0.9956385 -0.0930651
vn -0.0213533 -0.9858831 0.1660681
vn -0.0065395 -0.9956385 -0.0930651
vn -0.0213533 -0.9858831 0.1660681
vn -0.0065395 -0.9956385 -0.0930651
vn -0.0213533 -0.9858831 0.1660681
vn -0.0065395 -0.9956385 -0.0930651
vn -0.0213533 -0.9858831 0.1660681
vn -0.0087328 -0.3860729 -0.9224269
vn -0.0087328 -0.3860729 -0.9224269
vn -0.0058109 -0.2568968 0.9664214
vn -0.0058109 -0.2568968 0.9664214
vn -0.0087328 -0.3860729 -0.9224269
vn -0.0087328 -0.3860729 -0.9224269
vn -0.0058109 -0.2568968 0.9664214
vn -0.0058109 -0.2568968 0.9664214
vn -0.0087328 -0.3860729 -0.9224269
vn -0.0087328 -0.3860729 -0.9224269
vn -0.0058109 -0.2568968 0.9664214
vn -0.0058109 -0.2568968 0.9664214
vn -0.0087328 -0.3860729 -0.9224269
vn -0.0087328 -0.3860729 -0.9224269
vn -0.0058109 -0.2568968 0.9664214
vn -0.0058109 -0.2568968 0.9664214
vn -0.0087328 -0.3860729 -0.9224269
vn -0.0087328 -0.3860729 -0.9224269
vn -0.0058109 -0.2568968 0.9664214
vn -0.0058109 -0.2568968 0.9664214
vn -0.0087328 -0.3860729 -0.9224269
vn -0.0087328 -0.3860729 -0.9224269
vn -0.0058109 -0.2568968 0.9664214
vn -0.0058109 -0.2568968 0.9664214
vn -0.0087328 -0.3860729 -0.9224269
vn -0.0087328 -0.3860729 -0.9224269
vn -0.0058109 -0.2568968 0.9664214
vn -0.0058109 -0.2568968 0.9664214
vn -0.0100354 0.2558332 -0.9666688
vn -0.0100354 0.2558332 -0.9666688
vn -0.0198672 0.2547616 0.9667998
vn -0.0198672 0.2547616 0.9667998
vn -0.0100354 0.2558332 -0.9666688
vn -0.0100354 0.2558332 -0.9666688
vn -0.0198672 0.2547616 0.9667998
vn -0.0198672 0.2547616 0.9667998
vn -0.0100354 0.2558332 -0.9666688
vn -0.0100354 0.2558332 -0.9666688
vn -0.0198672 0.2547616 0.9667998
vn -0.0198672 0.2547616 0.9667998
vn -0.0100354 0.2558332 -0.9666688
vn -0.0100354 0.2558332 -0.9666688
vn -0.0198672 0.2547616 0.9667998
vn -0.0198672 0.2547616 0.9667998
vn -0.0100354 0.2558332 -0.9666688
vn -0.0100354 0.2558332 -0.9666688
vn -0.0198672 0.2547616 0.9667998
vn -0.0198672 0.2547616 0.9667998
vn -0.0100354 0.2558332 -0.9666688
vn -0.0100354 0.2558332 -0.9666688
vn -0.0198672 0.2547616 0.9667998
vn -0.0198672 0.2547616 0.9667998
vn -0.0100354 0.2558332 -0.9666688
vn -0.0100354 0.2558332 -0.9666688
vn -0.0198672 0.2547616 0.9667998
vn -0.0198672 0.2547616 0.9667998
vn -0.0117836 0.9857683 -0.1676960
vn -0.0107939 0.9859167 0.1668884
vn -0.0117836 0.9857683 -0.1676960
vn -0.0107939 0.9859167 0.1668884
vn -0.0117836 0.9857683 -0.1676960
vn -0.0107939 0.9859167 0.1668884
vn -0.0117836 0.9857683 -0.1676960
vn -0.0107939 0.9859167 0.1668884
vn -0.0117836 0.9857683 -0.1676960
vn -0.0107939 0.9859167 0.1668884
vn -0.0117836 0.9857683 -0.1676960
vn -0.0107939 0.9859167 0.1668884
vn -0.0117836 0.9857683 -0.1676960
vn -0.0107939 0.9859167 0.1668884
vn -0.1677894 -0.9714389 -0.1677894
vn -0.1677894 -0.9714389 -0.1677894
vn -0.3523606 -0.9135411 0.2031861
vn -0.3523606 -0.9135411 0.2031861
vn -0.3523606 -0.9135411 0.2031861
vn -0.1677894 -0.9714389 -0.1677894
vn -0.1677894 -0.9714389 -0.1677894
vn -0.3523606 -0.9135411 0.2031861
vn -0.3523606 -0.9135411 0.2031861
vn -0.3523606 -0.9135411 0.2031861
vn -0.2520589 -0.0437053 -0.9667245
vn -0.2520589 -0.0437053 -0.9667245
vn -0.2520589 -0.0437053 0.9667245
vn -0.2520589 -0.0437053 0.9667245
vn -0.2520589 -0.0437053 -0.9667245
vn -0.2520589 -0.0437053 -0.9667245
vn -0.2520589 -0.0437053 0.9667245
vn -0.2520589 -0.0437053 0.9667245
vn -0.2544859 0.0223602 -0.9668180
vn -0.2544859 0.0223602 -0.9668180
vn -0.2544859 0.0223602 0.9668180
vn -0.2544859 0.0223602 0.9668180
vn -0.2544859 0.0223602 -0.9668180
vn -0.2544859 0.0223602 -0.9668180
vn -0.2544859 0.0223602 0.9668180
vn -0.2544859 0.0223602 0.9668180
vn -0.1677894 0.9714389 -0.1677894
vn -0.1677894 0.9714389 -0.1677894
vn -0.3523606 0.9135411 0.2031861
vn -0.3523606 0.9135411 0.2031861
vn -0.3523606 0.9135411 0.2031861
vn -0.1677894 0.9714389 -0.1677894
vn -0.1677894 0.9714389 -0.1677894
vn -0.3523606 0.9135411 0.2031861
vn -0.3523606 0.9135411 0.2031861
vn -0.3523606 0.9135411 0.2031861
vn 0.2031861 -0.9135411 -0.3523606
vn 0.2031861 -0.9135411 -0.3523606
vn 0.2031861 -0.9135411 -0.3523606
vn 0.2263601 -0.9473765 0.2263601
vn 0.2263601 -0.9473765 0.2263601
vn 0.2031861 -0.9135411 -0.3523606
vn 0.2031861 -0.9135411 -0.3523606
vn 0.2031861 -0.9135411 -0.3523606
vn 0.2263601 -0.9473765 0.2263601
vn 0.2263601 -0.9473765 0.2263601
vn 0.1531811 -0.0153160 -0.9880794
vn 0.1531811 -0.0153160 -0.9880794
vn 0.1531811 -0.0153160 0.9880794
vn 0.1531811 -0.0153160 0.9880794
vn 0.1531811 -0.0153160 -0.9880794
vn 0.1531811 -0.0153160 -0.9880794
vn 0.1531811 -0.0153160 0.9880794
vn 0.1531811 -0.0153160 0.9880794
vn 0.3846036 0.0194864 -0.9228761
vn 0.3846036 0.0194864 -0.9228761
vn 0.3846036 0.0194864 0.9228761
vn 0.3846036 0.0194864 0.9228761
vn 0.3846036 0.0194864 -0.9228761
vn 0.3846036 0.0194864 -0.9228761
vn 0.3846036 0.0194864 0.9228761
vn 0.3846036 0.0194864 0.9228761
vn 0.2031861 0.9135411 -0.3523606
vn 0.2031861 0.9135411 -0.3523606
vn 0.2031861 0.9135411 -0.3523606
vn 0.2263601 0.9473765 0.2263601
vn 0.2263601 0.9473765 0.2263601
vn 0.2031861 0.9135411 -0.3523606
vn 0.2031861 0.9135411 -0.3523606
vn 0.2031861 0.9135411 -0.3523606
vn 0.2263601 0.9473765 0.2263601
vn 0.2263601 0.9473765 0.2263601
vn 0.9246133 -0.0333397 -0.3794454
vn 0.9663558 -0.0130151 0.2568794
vn 0.9246133 -0.0333397 -0.3794454
vn 0.9663558 -0.0130151 0.2568794
vn 0.9881140 0.0262626 -0.1514627
vn 0.9661190 0.0256780 0.2568164
vn 0.9881140 0.0262626 -0.1514627
vn 0.9661190 0.0256780 0.2568164
vn -0.1170567 0.9596570 -0.2556485
vn -0.1152554 0.9595468 0.2568777
vn -0.1170567 0.9596570 -0.2556485
vn -0.1152554 0.9595468 0.2568777
vn -0.0108595 0.2552171 -0.9668228
vn -0.0108595 0.2552171 -0.9668228
vn -0.0223928 0.2549367 0.9666984
vn -0.0223928 0.2549367 0.9666984
vn -0.0108595 0.2552171 -0.9668228
vn -0.0108595 0.2552171 -0.9668228
vn -0.0223928 0.2549367 0.9666984
vn -0.0223928 0.2549367 0.9666984
vn 0.0409474 -0.2537022 -0.9664153
vn 0.0409474 -0.2537022 -0.9664153
vn 0.0615054 -0.3810757 0.9224957
vn 0.0615054 -0.3810757 0.9224957
vn 0.0409474 -0.2537022 -0.9664153
vn 0.0409474 -0.2537022 -0.9664153
vn 0.0615054 -0.3810757 0.9224957
vn 0.0615054 -0.3810757 0.9224957
vn 0.1517238 -0.9551257 -0.2543910
vn 0.1395211 -0.9784225 0.1523918
vn 0.1517238 -0.9551257 -0.2543910
vn 0.1395211 -0.9784225 0.1523918
vn 0.8945839 0.3712243 -0.2488215
vn 0.8945839 0.3712243 -0.2488215
vn 0.9136618 0.3791410 0.1465409
vn 0.9136618 0.3791410 0.1465409
vn 0.9136618 0.3791410 0.1465409
vn 0.8945839 0.3712243 -0.2488215
vn 0.8945839 0.3712243 -0.2488215
vn 0.9136618 0.3791410 0.1465409
vn 0.9136618 0.3791410 0.1465409
vn 0.9136618 0.3791410 0.1465409
vn 0.9670039 -0.0179610 -0.2541278
vn 0.9670039 -0.0179610 -0.2541278
vn 0.9670039 -0.0179610 -0.2541278
vn 0.9373118 -0.1769904 0.3002017
vn 0.9373118 -0.1769904 0.3002017
vn 0.9670039 -0.0179610 -0.2541278
vn 0.9670039 -0.0179610 -0.2541278
vn 0.9670039 -0.0179610 -0.2541278
vn 0.9373118 -0.1769904 0.3002017
vn 0.9373118 -0.1769904 0.3002017
vn -1.0000000 -0.0000000 0.0000000
vn 0.0000000 -0.0000000 -1.0000000
vn -1.0000000 -0.0000000 0.0000000
vn 0.0000000 0.0000000 1.0000000
vn -1.0000000 -0.0000000 0.0000000
vn 0.0000000 -0.0000000 -1.0000000
vn -1.0000000 -0.0000000 0.0000000
vn 0.0000000 0.0000000 1.0000000
vn -0.9807853 -0.1950903 0.0000000
vn 0.0000000 -0.0000000 -1.0000000
vn -0.9807853 -0.1950903 0.0000000
vn 0.0000000 0.0000000 1.0000000
vn -0.9807853 -0.1950903 0.0000000
vn 0.0000000 -0.0000000 -1.0000000
vn -0.9807853 -0.1950903 0.0000000
vn 0.0000000 0.0000000 1.0000000
vn -0.9807853 0.1950903 -0.0000000
vn 0.0000000 -0.0000000 -1.0000000
vn -0.9807853 0.1950903 -0.0000000
vn 0.0000000 0.0000000 1.0000000
vn -0.9807853 0.1950903 -0.0000000
vn 0.0000000 -0.0000000 -1.0000000
vn -0.9807853 0.1950903 -0.0000000
vn 0.0000000 0.0000000 1.0000000
vn -1.0000000 -0.0000000 0.0000000
vn 0.0000000 -0.0000000 -1.0000000
vn -1.0000000 -0.0000000 0.0000000
vn 0.0000000 0.0000000 1.0000000
vn -1.0000000 -0.0000000 0.0000000
vn 0.0000000 -0.0000000 -1.0000000
vn -1.0000000 -0.0000000 0.0000000
vn 0.0000000 0.0000000 1.0000000
vn -0.9807853 -0.1950903 0.0000000
vn 0.0000000 -0.0000000 -1.0000000
vn -0.9807853 -0.1950903 0.0000000
vn 0.0000000 0.0000000 1.0000000
vn -0.9807853 -0.1950903 0.0000000
vn 0.0000000 -0.0000000 -1.0000000
vn -0.9807853 -0.1950903 0.0000000
vn 0.0000000 0.0000000 1.0000000
vn -0.9807853 0.1950903 -0.0000000
vn 0.0000000 -0.0000000 -1.0000000
vn -0.9807853 0.1950903 -0.0000000
vn 0.0000000 0.0000000 1.0000000
vn -0.9807853 0.1950903 -0.0000000
vn 0.0000000 -0.0000000 -1.0000000
vn -0.9807853 0.1950903 -0.0000000
vn 0.0000000 0.0000000 1.0000000
vn 0.0000000 -0.0000000 -1.0000000
vn 1.0000000 0.0000000 -0.0000000
vn 0.0000000 0.0000000 1.0000000
vn 1.0000000 0.0000000 -0.0000000
vn 0.0000000 -0.0000000 -1.0000000
vn 1.0000000 0.0000000 -0.0000000
vn 0.0000000 0.0000000 1.0000000
vn 1.0000000 0.0000000 -0.0000000
vn 0.0000000 -0.0000000 -1.0000000
vn 0.9807853 0.1950903 -0.0000000
vn 0.0000000 0.0000000 1.0000000
vn 0.9807853 0.1950903 -0.0000000
vn 0.0000000 -0.0000000 -1.0000000
vn 0.9807853 0.1950903 -0.0000000
vn 0.0000000 0.0000000 1.0000000
vn 0.9807853 0.1950903 -0.0000000
vn 0.0000000 -0.0000000 -1.0000000
vn 0.9807853 -0.1950903 0.0000000
vn 0.0000000 0.0000000 1.0000000
vn 0.9807853 -0.1950903 0.0000000
vn 0.0000000 -0.0000000 -1.0000000
vn 0.9807853 -0.1950903 0.0000000
vn 0.0000000 0.0000000 1.0000000
vn 0.9807853 -0.1950903 0.0000000
vn -0.9238795 -0.3826834 0.0000000
vn 0.0000000 -0.0000000 -1.0000000
vn -0.9238795 -0.3826834 0.0000000
vn 0.0000000 0.0000000 1.0000000
vn -0.9238795 -0.3826834 0.0000000
vn 0.0000000 -0.0000000 -1.0000000
vn -0.9238795 -0.3826834 0.0000000
vn 0.0000000 0.0000000 1.0000000
vn -0.9238795 0.3826834 -0.0000000
vn 0.0000000 -0.0000000 -1.0000000
vn -0.9238795 0.3826834 -0.0000000
vn 0.0000000 0.0000000 1.0000000
vn -0.9238795 0.3826834 -0.0000000
vn 0.0000000 -0.0000000 -1.0000000
vn -0.9238795 0.3826834 -0.0000000
vn 0.0000000 0.0000000 1.0000000
vn -0.9238795 -0.3826834 0.0000000
vn 0.0000000 -0.0000000 -1.0000000
vn -0.9238795 -0.3826834 0.0000000
vn 0.0000000 0.0000000 1.0000000
vn -0.9238795 -0.3826834 0.0000000
vn 0.0000000 -0.0000000 -1.0000000
vn -0.9238795 -0.3826834 0.0000000
vn 0.0000000 0.0000000 1.0000000
vn -0.9238795 0.3826834 -0.0000000
vn 0.0000000 -0.0000000 -1.0000000
vn -0.9238795 0.3826834 -0.0000000
vn 0.0000000 0.0000000 1.0000000
vn -0.9238795 0.3826834 -0.0000000
vn 0.0000000 -0.0000000 -1.0000000
vn -0.9238795 0.3826834 -0.0000000
vn 0.0000000 0.0000000 1.0000000
vn 0.0000000 -0.0000000 -1.0000000
vn 0.9238795 0.3826834 -0.0000000
vn 0.0000000 0.0000000 1.0000000
vn 0.9238795 0.3826834 -0.0000000
vn 0.0000000 -0.0000000 -1.0000000
vn 0.9238795 0.3826834 -0.0000000
vn 0.0000000 0.0000000 1.0000000
vn 0.9238795 0.3826834 -0.0000000
vn 0.0000000 -0.0000000 -1.0000000
vn 0.9238795 -0.3826834 0.0000000
vn 0.0000000 0.0000000 1.0000000
vn 0.9238795 -0.3826834 0.0000000
vn 0.0000000 -0.0000000 -1.0000000
vn 0.9238795 -0.3826834 0.0000000
vn 0.0000000 0.0000000 1.0000000
vn 0.9238795 -0.3826834 0.0000000
vn -0.9593089 -0.1212366 -0.2550062
vn -0.9269949 -0.3097130 0.2115618
vn -0.9593089 -0.1212366 -0.2550062
vn -0.9269949 -0.3097130 0.2115618
vn -0.9444826 0.2119409 -0.2510650
vn -0.9537252 0.1912747 0.2319962
vn -0.9444826 0.2119409 -0.2510650
vn -0.9537252 0.1912747 0.2319962
vn -0.0096384 -0.9666616 -0.2558760
vn -0.0096384 -0.9666616 -0.2558760
vn -0.0096384 -0.9666616 -0.2558760
vn -0.0083870 -0.9224107 0.3861194
vn -0.0083870 -0.9224107 0.3861194
vn -0.0083870 -0.9224107 0.3861194
vn -0.0096384 -0.9666616 -0.2558760
vn -0.0096384 -0.9666616 -0.2558760
vn -0.0096384 -0.9666616 -0.2558760
vn -0.0083870 -0.9224107 0.3861194
vn -0.0083870 -0.9224107 0.3861194
vn -0.0083870 -0.9224107 0.3861194
vn -0.0064470 -0.1260012 -0.9920091
vn -0.0064470 -0.1260012 -0.9920091
vn -0.0113903 -0.1253737 0.9920442
vn -0.0113903 -0.1253737 0.9920442
vn -0.0064470 -0.1260012 -0.9920091
vn -0.0064470 -0.1260012 -0.9920091
vn -0.0113903 -0.1253737 0.9920442
vn -0.0113903 -0.1253737 0.9920442
vn -0.0197211 0.2170706 -0.9759567
vn -0.0197211 0.2170706 -0.9759567
vn -0.0112024 0.2189402 0.9756740
vn -0.0112024 0.2189402 0.9756740
vn -0.0197211 0.2170706 -0.9759567
vn -0.0197211 0.2170706 -0.9759567
vn -0.0112024 0.2189402 0.9756740
vn -0.0112024 0.2189402 0.9756740
vn -0.0096384 0.9666616 -0.2558760
vn -0.0096384 0.9666616 -0.2558760
vn -0.0096384 0.9666616 -0.2558760
vn -0.0083870 0.9224107 0.3861194
vn -0.0083870 0.9224107 0.3861194
vn -0.0083870 0.9224107 0.3861194
vn -0.0096384 0.9666616 -0.2558760
vn -0.0096384 0.9666616 -0.2558760
vn -0.0096384 0.9666616 -0.2558760
vn -0.0083870 0.9224107 0.3861194
vn -0.0083870 0.9224107 0.3861194
vn -0.0083870 0.9224107 0.3861194
vn -0.8314696 -0.5555702 0.0000000
vn 0.0000000 -0.0000000 -1.0000000
vn -0.8314696 -0.5555702 0.0000000
vn 0.0000000 0.0000000 1.0000000
vn -0.8314696 -0.5555702 0.0000000
vn 0.0000000 -0.0000000 -1.0000000
vn -0.8314696 -0.5555702 0.0000000
vn 0.0000000 0.0000000 1.0000000
vn -0.8314696 0.5555702 -0.0000000
vn 0.0000000 -0.0000000 -1.0000000
vn -0.8314696 0.5555702 -0.0000000
vn 0.0000000 0.0000000 1.0000000
vn -0.8314696 0.5555702 -0.0000000
vn 0.0000000 -0.0000000 -1.0000000
vn -0.8314696 0.5555702 -0.0000000
vn 0.0000000 0.0000000 1.0000000
vn -0.8314696 -0.5555702 0.0000000
vn 0.0000000 -0.0000000 -1.0000000
vn -0.8314696 -0.5555702 0.0000000
vn 0.0000000 0.0000000 1.0000000
vn -0.8314696 -0.5555702 0.0000000
vn 0.0000000 -0.0000000 -1.0000000
vn -0.8314696 -0.5555702 0.0000000
vn 0.0000000 0.0000000 1.0000000
vn -0.8314696 0.5555702 -0.0000000
vn 0.0000000 -0.0000000 -1.0000000
vn -0.8314696 0.5555702 -0.0000000
vn 0.0000000 0.0000000 1.0000000
vn -0.8314696 0.5555702 -0.0000000
vn 0.0000000 -0.0000000 -1.0000000
vn -0.8314696 0.5555702 -0.0000000
vn 0.0000000 0.0000000 1.0000000
vn 0.0000000 -0.0000000 -1.0000000
vn 1.0000000 0.0000000 -0.0000000
vn 0.0000000 0.0000000 1.0000000
vn 1.0000000 0.0000000 -0.0000000
vn 0.0000000 -0.0000000 -1.0000000
vn 1.0000000 0.0000000 -0.0000000
vn 0.0000000 0.0000000 1.0000000
vn 1.0000000 0.0000000 -0.0000000
vn 0.0000000 -0.0000000 -1.0000000
vn 0.8314696 0.5555702 -0.0000000
vn 0.0000000 0.0000000 1.0000000
vn 0.8314696 0.5555702 -0.0000000
vn 0.0000000 -0.0000000 -1.0000000
vn 0.8314696 0.5555702 -0.0000000
vn 0.0000000 0.0000000 1.0000000
vn 0.8314696 0.5555702 -0.0000000
vn 0.0000000 -0.0000000 -1.0000000
vn 0.8314696 -0.5555702 0.0000000
vn 0.0000000 0.0000000 1.0000000
vn 0.8314696 -0.5555702 0.0000000
vn 0.0000000 -0.0000000 -1.0000000
vn 0.8314696 -0.5555702 0.0000000
vn 0.0000000 0.0000000 1.0000000
vn 0.8314696 -0.5555702 0.0000000
vn 0.0000000 -0.0000000 -1.0000000
vn 0.9807853 0.1950903 -0.0000000
vn 0.0000000 0.0000000 1.0000000
vn 0.9807853 0.1950903 -0.0000000
vn 0.0000000 -0.0000000 -1.0000000
vn 0.9807853 0.1950903 -0.0000000
vn 0.0000000 0.0000000 1.0000000
vn 0.9807853 0.1950903 -0.0000000
vn 0.0000000 -0.0000000 -1.0000000
vn 0.9807853 -0.1950903 0.0000000
vn 0.0000000 0.0000000 1.0000000
vn 0.9807853 -0.1950903 0.0000000
vn 0.0000000 -0.0000000 -1.0000000
vn 0.9807853 -0.1950903 0.0000000
vn 0.0000000 0.0000000 1.0000000
vn 0.9807853 -0.1950903 0.0000000
vn -0.9239164 -0.2886951 -0.2510650
vn -0.9215876 -0.3112139 0.2319962
vn -0.9239164 -0.2886951 -0.2510650
vn -0.9215876 -0.3112139 0.2319962
vn -0.9204733 0.2321116 -0.3144093
vn -0.8914042 0.3746604 0.2550062
vn -0.9204733 0.2321116 -0.3144093
vn -0.8914042 0.3746604 0.2550062
vn -0.4916779 0.8323343 -0.2558760
vn -0.4916779 0.8323343 -0.2558760
vn -0.4916779 0.8323343 -0.2558760
vn -0.4684687 0.7946376 0.3861194
vn -0.4684687 0.7946376 0.3861194
vn -0.4684687 0.7946376 0.3861194
vn -0.4916779 0.8323343 -0.2558760
vn -0.4916779 0.8323343 -0.2558760
vn -0.4916779 0.8323343 -0.2558760
vn -0.4684687 0.7946376 0.3861194
vn -0.4684687 0.7946376 0.3861194
vn -0.4684687 0.7946376 0.3861194
vn -0.4998558 -0.8526247 -0.1522347
vn -0.4998558 -0.8526247 -0.1522347
vn -0.4998558 -0.8526247 -0.1522347
vn -0.4999281 -0.8277226 0.2548473
vn -0.4999281 -0.8277226 0.2548473
vn -0.4999281 -0.8277226 0.2548473
vn -0.4998558 -0.8526247 -0.1522347
vn -0.4998558 -0.8526247 -0.1522347
vn -0.4998558 -0.8526247 -0.1522347
vn -0.4999281 -0.8277226 0.2548473
vn -0.4999281 -0.8277226 0.2548473
vn -0.4999281 -0.8277226 0.2548473
vn -0.1256143 0.1781281 -0.9759567
vn -0.1256143 0.1781281 -0.9759567
vn -0.1191716 0.1840066 0.9756740
vn -0.1191716 0.1840066 0.9756740
vn -0.1256143 0.1781281 -0.9759567
vn -0.1256143 0.1781281 -0.9759567
vn -0.1191716 0.1840066 0.9756740
vn -0.1191716 0.1840066 0.9756740
vn -0.1791614 -0.2926634 -0.9392813
vn -0.1791614 -0.2926634 -0.9392813
vn -0.1791614 -0.2926634 0.9392813
vn -0.1791614 -0.2926634 0.9392813
vn -0.1791614 -0.2926634 -0.9392813
vn -0.1791614 -0.2926634 -0.9392813
vn -0.1791614 -0.2926634 0.9392813
vn -0.1791614 -0.2926634 0.9392813
vn 0.0000000 -0.0000000 -1.0000000
vn 0.9238795 0.3826834 -0.0000000
vn 0.0000000 0.0000000 1.0000000
vn 0.9238795 0.3826834 -0.0000000
vn 0.0000000 -0.0000000 -1.0000000
vn 0.9238795 0.3826834 -0.0000000
vn 0.0000000 0.0000000 1.0000000
vn 0.9238795 0.3826834 -0.0000000
vn 0.0000000 -0.0000000 -1.0000000
vn 0.9238795 -0.3826834 0.0000000
vn 0.0000000 0.0000000 1.0000000
vn 0.9238795 -0.3826834 0.0000000
vn 0.0000000 -0.0000000 -1.0000000
vn 0.9238795 -0.3826834 0.0000000
vn 0.0000000 0.0000000 1.0000000
vn 0.9238795 -0.3826834 0.0000000
vn -0.7701676 -0.5846484 -0.2550062
vn -0.6479446 -0.7317167 0.2115618
vn -0.7701676 -0.5846484 -0.2550062
vn -0.6479446 -0.7317167 0.2115618
vn -0.7274431 0.6700345 -0.1479199
vn -0.7119755 0.6557875 0.2510650
vn -0.7274431 0.6700345 -0.1479199
vn -0.7119755 0.6557875 0.2510650
vn 0.0574173 -0.1123437 -0.9920091
vn 0.0574173 -0.1123437 -0.9920091
vn 0.0528225 -0.1142720 0.9920442
vn 0.0528225 -0.1142720 0.9920442
vn 0.0574173 -0.1123437 -0.9920091
vn 0.0574173 -0.1123437 -0.9920091
vn 0.0528225 -0.1142720 0.9920442
vn 0.0528225 -0.1142720 0.9920442
vn 0.1003806 0.1937855 -0.9758949
vn 0.1003806 0.1937855 -0.9758949
vn 0.1003806 0.1937855 0.9758949
vn 0.1003806 0.1937855 0.9758949
vn 0.1003806 0.1937855 -0.9758949
vn 0.1003806 0.1937855 -0.9758949
vn 0.1003806 0.1937855 0.9758949
vn 0.1003806 0.1937855 0.9758949
vn -0.7071068 -0.7071068 0.0000000
vn 0.0000000 -0.0000000 -1.0000000
vn -0.7071068 -0.7071068 0.0000000
vn 0.0000000 0.0000000 1.0000000
vn -0.7071068 -0.7071068 0.0000000
vn 0.0000000 -0.0000000 -1.0000000
vn -0.7071068 -0.7071068 0.0000000
vn 0.0000000 0.0000000 1.0000000
vn -0.7071068 0.7071068 -0.0000000
vn 0.0000000 -0.0000000 -1.0000000
vn -0.7071068 0.7071068 -0.0000000
vn 0.0000000 0.0000000 1.0000000
vn -0.7071068 0.7071068 -0.0000000
vn 0.0000000 -0.0000000 -1.0000000
vn -0.7071068 0.7071068 -0.0000000
vn 0.0000000 0.0000000 1.0000000
vn 0.4749836 -0.8419727 -0.2558760
vn 0.4749836 -0.8419727 -0.2558760
vn 0.4749836 -0.8419727 -0.2558760
vn 0.4539420 -0.8030246 0.3861194
vn 0.4539420 -0.8030246 0.3861194
vn 0.4539420 -0.8030246 0.3861194
vn 0.4749836 -0.8419727 -0.2558760
vn 0.4749836 -0.8419727 -0.2558760
vn 0.4749836 -0.8419727 -0.2558760
vn 0.4539420 -0.8030246 0.3861194
vn 0.4539420 -0.8030246 0.3861194
vn 0.4539420 -0.8030246 0.3861194
vn 0.4884667 0.8592001 -0.1522347
vn 0.4884667 0.8592001 -0.1522347
vn 0.4884667 0.8592001 -0.1522347
vn 0.4668647 0.8468118 0.2548473
vn 0.4668647 0.8468118 0.2548473
vn 0.4668647 0.8468118 0.2548473
vn 0.4884667 0.8592001 -0.1522347
vn 0.4884667 0.8592001 -0.1522347
vn 0.4884667 0.8592001 -0.1522347
vn 0.4668647 0.8468118 0.2548473
vn 0.4668647 0.8468118 0.2548473
vn 0.4668647 0.8468118 0.2548473
vn -0.7071068 -0.7071068 0.0000000
vn 0.0000000 -0.0000000 -1.0000000
vn -0.7071068 -0.7071068 0.0000000
vn 0.0000000 0.0000000 1.0000000
vn -0.7071068 -0.7071068 0.0000000
vn 0.0000000 -0.0000000 -1.0000000
vn -0.7071068 -0.7071068 0.0000000
vn 0.0000000 0.0000000 1.0000000
vn -0.7071068 0.7071068 -0.0000000
vn 0.0000000 -0.0000000 -1.0000000
vn -0.7071068 0.7071068 -0.0000000
vn 0.0000000 0.0000000 1.0000000
vn -0.7071068 0.7071068 -0.0000000
vn 0.0000000 -0.0000000 -1.0000000
vn -0.7071068 0.7071068 -0.0000000
vn 0.0000000 0.0000000 1.0000000
vn 0.0000000 -0.0000000 -1.0000000
vn 0.7071068 0.7071068 -0.0000000
vn 0.0000000 0.0000000 1.0000000
vn 0.7071068 0.7071068 -0.0000000
vn 0.0000000 -0.0000000 -1.0000000
vn 0.7071068 0.7071068 -0.0000000
vn 0.0000000 0.0000000 1.0000000
vn 0.7071068 0.7071068 -0.0000000
vn 0.0000000 -0.0000000 -1.0000000
vn 0.7071068 -0.7071068 0.0000000
vn 0.0000000 0.0000000 1.0000000
vn 0.7071068 -0.7071068 0.0000000
vn 0.0000000 -0.0000000 -1.0000000
vn 0.7071068 -0.7071068 0.0000000
vn 0.0000000 0.0000000 1.0000000
vn 0.7071068 -0.7071068 0.0000000
vn 0.0000000 -0.0000000 -1.0000000
vn 0.8314696 0.5555702 -0.0000000
vn 0.0000000 0.0000000 1.0000000
vn 0.8314696 0.5555702 -0.0000000
vn 0.0000000 -0.0000000 -1.0000000
vn 0.8314696 0.5555702 -0.0000000
vn 0.0000000 0.0000000 1.0000000
vn 0.8314696 0.5555702 -0.0000000
vn 0.0000000 -0.0000000 -1.0000000
vn 0.8314696 -0.5555702 0.0000000
vn 0.0000000 0.0000000 1.0000000
vn 0.8314696 -0.5555702 0.0000000
vn 0.0000000 -0.0000000 -1.0000000
vn 0.8314696 -0.5555702 0.0000000
vn 0.0000000 0.0000000 1.0000000
vn 0.8314696 -0.5555702 0.0000000
vn 0.0000000 -0.0000000 -1.0000000
vn 0.7071068 0.7071068 -0.0000000
vn 0.0000000 0.0000000 1.0000000
vn 0.7071068 0.7071068 -0.0000000
vn 0.0000000 -0.0000000 -1.0000000
vn 0.7071068 0.7071068 -0.0000000
vn 0.0000000 0.0000000 1.0000000
vn 0.7071068 0.7071068 -0.0000000
vn 0.0000000 -0.0000000 -1.0000000
vn 0.7071068 -0.7071068 0.0000000
vn 0.0000000 0.0000000 1.0000000
vn 0.7071068 -0.7071068 0.0000000
vn 0.0000000 -0.0000000 -1.0000000
vn 0.7071068 -0.7071068 0.0000000
vn 0.0000000 0.0000000 1.0000000
vn 0.7071068 -0.7071068 0.0000000
vn -0.5555702 -0.8314696 0.0000000
vn 0.0000000 -0.0000000 -1.0000000
vn -0.5555702 -0.8314696 0.0000000
vn 0.0000000 0.0000000 1.0000000
vn -0.5555702 -0.8314696 0.0000000
vn 0.0000000 -0.0000000 -1.0000000
vn -0.5555702 -0.8314696 0.0000000
vn 0.0000000 0.0000000 1.0000000
vn -0.5555702 0.8314696 -0.0000000
vn 0.0000000 -0.0000000 -1.0000000
vn -0.5555702 0.8314696 -0.0000000
vn 0.0000000 0.0000000 1.0000000
vn -0.5555702 0.8314696 -0.0000000
vn 0.0000000 -0.0000000 -1.0000000
vn -0.5555702 0.8314696 -0.0000000
vn 0.0000000 0.0000000 1.0000000
vn -0.5555702 -0.8314696 0.0000000
vn 0.0000000 -0.0000000 -1.0000000
vn -0.5555702 -0.8314696 0.0000000
vn 0.0000000 0.0000000 1.0000000
vn -0.5555702 -0.8314696 0.0000000
vn 0.0000000 -0.0000000 -1.0000000
vn -0.5555702 -0.8314696 0.0000000
vn 0.0000000 0.0000000 1.0000000
vn -0.5555702 0.8314696 -0.0000000
vn 0.0000000 -0.0000000 -1.0000000
vn -0.5555702 0.8314696 -0.0000000
vn 0.0000000 0.0000000 1.0000000
vn -0.5555702 0.8314696 -0.0000000
vn 0.0000000 -0.0000000 -1.0000000
vn -0.5555702 0.8314696 -0.0000000
vn 0.0000000 0.0000000 1.0000000
vn 0.0000000 -0.0000000 -1.0000000
vn 0.5555702 0.8314696 -0.0000000
vn 0.0000000 0.0000000 1.0000000
vn 0.5555702 0.8314696 -0.0000000
vn 0.0000000 -0.0000000 -1.0000000
vn 0.5555702 0.8314696 -0.0000000
vn 0.0000000 0.0000000 1.0000000
vn 0.5555702 0.8314696 -0.0000000
vn 0.0000000 -0.0000000 -1.0000000
vn 0.5555702 -0.8314696 0.0000000
vn 0.0000000 0.0000000 1.0000000
vn 0.5555702 -0.8314696 0.0000000
vn 0.0000000 -0.0000000 -1.0000000
vn 0.5555702 -0.8314696 0.0000000
vn 0.0000000 0.0000000 1.0000000
vn 0.5555702 -0.8314696 0.0000000
vn -0.8419727 0.4749836 -0.2558760
vn -0.8419727 0.4749836 -0.2558760
vn -0.8419727 0.4749836 -0.2558760
vn -0.8030246 0.4539420 0.3861194
vn -0.8030246 0.4539420 0.3861194
vn -0.8030246 0.4539420 0.3861194
vn -0.8419727 0.4749836 -0.2558760
vn -0.8419727 0.4749836 -0.2558760
vn -0.8419727 0.4749836 -0.2558760
vn -0.8030246 0.4539420 0.3861194
vn -0.8030246 0.4539420 0.3861194
vn -0.8030246 0.4539420 0.3861194
vn -0.8592001 -0.4884667 -0.1522347
vn -0.8592001 -0.4884667 -0.1522347
vn -0.8592001 -0.4884667 -0.1522347
vn -0.8468118 -0.4668647 0.2548473
vn -0.8468118 -0.4668647 0.2548473
vn -0.8468118 -0.4668647 0.2548473
vn -0.8592001 -0.4884667 -0.1522347
vn -0.8592001 -0.4884667 -0.1522347
vn -0.8592001 -0.4884667 -0.1522347
vn -0.8468118 -0.4668647 0.2548473
vn -0.8468118 -0.4668647 0.2548473
vn -0.8468118 -0.4668647 0.2548473
vn -0.6557875 -0.7119755 -0.2510650
vn -0.6425113 -0.7303129 0.2319962
vn -0.6557875 -0.7119755 -0.2510650
vn -0.6425113 -0.7303129 0.2319962
vn -0.6810974 0.6612512 -0.3144093
vn -0.5846484 0.7701676 0.2550062
vn -0.6810974 0.6612512 -0.3144093
vn -0.5846484 0.7701676 0.2550062
vn -0.1978492 0.0914563 -0.9759567
vn -0.1978492 0.0914563 -0.9759567
vn -0.1952090 0.0997686 0.9756740
vn -0.1952090 0.0997686 0.9756740
vn -0.1978492 0.0914563 -0.9759567
vn -0.1978492 0.0914563 -0.9759567
vn -0.1952090 0.0997686 0.9756740
vn -0.1952090 0.0997686 0.9756740
vn -0.3014900 -0.1638733 -0.9392813
vn -0.3014900 -0.1638733 -0.9392813
vn -0.3014900 -0.1638733 0.9392813
vn -0.3014900 -0.1638733 0.9392813
vn -0.3014900 -0.1638733 -0.9392813
vn -0.3014900 -0.1638733 -0.9392813
vn -0.3014900 -0.1638733 0.9392813
vn -0.3014900 -0.1638733 0.9392813
vn 0.0000000 -0.0000000 -1.0000000
vn 0.5555702 0.8314696 -0.0000000
vn 0.0000000 0.0000000 1.0000000
vn 0.5555702 0.8314696 -0.0000000
vn 0.0000000 -0.0000000 -1.0000000
vn 0.5555702 0.8314696 -0.0000000
vn 0.0000000 0.0000000 1.0000000
vn 0.5555702 0.8314696 -0.0000000
vn 0.0000000 -0.0000000 -1.0000000
vn 0.5555702 -0.8314696 0.0000000
vn 0.0000000 0.0000000 1.0000000
vn 0.5555702 -0.8314696 0.0000000
vn 0.0000000 -0.0000000 -1.0000000
vn 0.5555702 -0.8314696 0.0000000
vn 0.0000000 0.0000000 1.0000000
vn 0.5555702 -0.8314696 0.0000000
vn -0.3746604 -0.8914042 -0.2550062
vn -0.1952781 -0.9576576 0.2115618
vn -0.3746604 -0.8914042 -0.2550062
vn -0.1952781 -0.9576576 0.2115618
vn -0.2949670 0.9439884 -0.1479199
vn -0.2886951 0.9239164 0.2510650
vn -0.2949670 0.9439884 -0.1479199
vn -0.2886951 0.9239164 0.2510650
vn 0.1058967 -0.0685839 -0.9920091
vn 0.1058967 -0.0685839 -0.9920091
vn 0.1028816 -0.0725512 0.9920442
vn 0.1028816 -0.0725512 0.9920442
vn 0.1058967 -0.0685839 -0.9920091
vn 0.1058967 -0.0685839 -0.9920091
vn 0.1028816 -0.0725512 0.9920442
vn 0.1028816 -0.0725512 0.9920442
vn 0.1838249 0.1176328 -0.9758949
vn 0.1838249 0.1176328 -0.9758949
vn 0.1838249 0.1176328 0.9758949
vn 0.1838249 0.1176328 0.9758949
vn 0.1838249 0.1176328 -0.9758949
vn 0.1838249 0.1176328 -0.9758949
vn 0.1838249 0.1176328 0.9758949
vn 0.1838249 0.1176328 0.9758949
vn -0.3826834 -0.9238795 0.0000000
vn 0.0000000 -0.0000000 -1.0000000
vn -0.3826834 -0.9238795 0.0000000
vn 0.0000000 0.0000000 1.0000000
vn -0.3826834 -0.9238795 0.0000000
vn 0.0000000 -0.0000000 -1.0000000
vn -0.3826834 -0.9238795 0.0000000
vn 0.0000000 0.0000000 1.0000000
vn -0.3826834 0.9238795 -0.0000000
vn 0.0000000 -0.0000000 -1.0000000
vn -0.3826834 0.9238795 -0.0000000
vn 0.0000000 0.0000000 1.0000000
vn -0.3826834 0.9238795 -0.0000000
vn 0.0000000 -0.0000000 -1.0000000
vn -0.3826834 0.9238795 -0.0000000
vn 0.0000000 0.0000000 1.0000000
vn 0.8323343 -0.4916779 -0.2558760
vn 0.8323343 -0.4916779 -0.2558760
vn 0.8323343 -0.4916779 -0.2558760
vn 0.7946376 -0.4684687 0.3861194
vn 0.7946376 -0.4684687 0.3861194
vn 0.7946376 -0.4684687 0.3861194
vn 0.8323343 -0.4916779 -0.2558760
vn 0.8323343 -0.4916779 -0.2558760
vn 0.8323343 -0.4916779 -0.2558760
vn 0.7946376 -0.4684687 0.3861194
vn 0.7946376 -0.4684687 0.3861194
vn 0.7946376 -0.4684687 0.3861194
vn 0.8526247 0.4998558 -0.1522347
vn 0.8526247 0.4998558 -0.1522347
vn 0.8526247 0.4998558 -0.1522347
vn 0.8277226 0.4999281 0.2548473
vn 0.8277226 0.4999281 0.2548473
vn 0.8277226 0.4999281 0.2548473
vn 0.8526247 0.4998558 -0.1522347
vn 0.8526247 0.4998558 -0.1522347
vn 0.8526247 0.4998558 -0.1522347
vn 0.8277226 0.4999281 0.2548473
vn 0.8277226 0.4999281 0.2548473
vn 0.8277226 0.4999281 0.2548473
vn -0.3826834 -0.9238795 0.0000000
vn 0.0000000 -0.0000000 -1.0000000
vn -0.3826834 -0.9238795 0.0000000
vn 0.0000000 0.0000000 1.0000000
vn -0.3826834 -0.9238795 0.0000000
vn 0.0000000 -0.0000000 -1.0000000
vn -0.3826834 -0.9238795 0.0000000
vn 0.0000000 0.0000000 1.0000000
vn -0.3826834 0.9238795 -0.0000000
vn 0.0000000 -0.0000000 -1.0000000
vn -0.3826834 0.9238795 -0.0000000
vn 0.0000000 0.0000000 1.0000000
vn -0.3826834 0.9238795 -0.0000000
vn 0.0000000 -0.0000000 -1.0000000
vn -0.3826834 0.9238795 -0.0000000
vn 0.0000000 0.0000000 1.0000000
vn 0.0000000 -0.0000000 -1.0000000
vn 0.3826834 0.9238795 -0.0000000
vn 0.0000000 0.0000000 1.0000000
vn 0.3826834 0.9238795 -0.0000000
vn 0.0000000 -0.0000000 -1.0000000
vn 0.3826834 0.9238795 -0.0000000
vn 0.0000000 0.0000000 1.0000000
vn 0.3826834 0.9238795 -0.0000000
vn 0.0000000 -0.0000000 -1.0000000
vn 0.3826834 -0.9238795 0.0000000
vn 0.0000000 0.0000000 1.0000000
vn 0.3826834 -0.9238795 0.0000000
vn 0.0000000 -0.0000000 -1.0000000
vn 0.3826834 -0.9238795 0.0000000
vn 0.0000000 0.0000000 1.0000000
vn 0.3826834 -0.9238795 0.0000000
vn 0.0000000 -0.0000000 -1.0000000
vn 0.3826834 0.9238795 -0.0000000
vn 0.0000000 0.0000000 1.0000000
vn 0.3826834 0.9238795 -0.0000000
vn 0.0000000 -0.0000000 -1.0000000
vn 0.3826834 0.9238795 -0.0000000
vn 0.0000000 0.0000000 1.0000000
vn 0.3826834 0.9238795 -0.0000000
vn 0.0000000 -0.0000000 -1.0000000
vn 0.3826834 -0.9238795 0.0000000
vn 0.0000000 0.0000000 1.0000000
vn 0.3826834 -0.9238795 0.0000000
vn 0.0000000 -0.0000000 -1.0000000
vn 0.3826834 -0.9238795 0.0000000
vn 0.0000000 0.0000000 1.0000000
vn 0.3826834 -0.9238795 0.0000000
vn -0.9676017 -0.0000000 -0.2524817
vn -0.9676017 -0.0000000 0.2524817
vn -0.9676017 -0.0000000 -0.2524817
vn -0.9676017 -0.0000000 0.2524817
vn -0.1950903 -0.9807853 0.0000000
vn 0.0000000 -0.0000000 -1.0000000
vn -0.1950903 -0.9807853 0.0000000
vn 0.0000000 0.0000000 1.0000000
vn -0.1950903 -0.9807853 0.0000000
vn 0.0000000 -0.0000000 -1.0000000
vn -0.1950903 -0.9807853 0.0000000
vn 0.0000000 0.0000000 1.0000000
vn -0.1950903 0.9807853 -0.0000000
vn 0.0000000 -0.0000000 -1.0000000
vn -0.1950903 0.9807853 -0.0000000
vn 0.0000000 0.0000000 1.0000000
vn -0.1950903 0.9807853 -0.0000000
vn 0.0000000 -0.0000000 -1.0000000
vn -0.1950903 0.9807853 -0.0000000
vn 0.0000000 0.0000000 1.0000000
vn -0.9202439 -0.2990054 -0.2524817
vn -0.9202439 -0.2990054 0.2524817
vn -0.9202439 -0.2990054 -0.2524817
vn -0.9202439 -0.2990054 0.2524817
vn -0.9202439 0.2990054 -0.2524817
vn -0.9202439 0.2990054 0.2524817
vn -0.9202439 0.2990054 -0.2524817
vn -0.9202439 0.2990054 0.2524817
vn -0.1950903 -0.9807853 0.0000000
vn 0.0000000 -0.0000000 -1.0000000
vn -0.1950903 -0.9807853 0.0000000
vn 0.0000000 0.0000000 1.0000000
vn -0.1950903 -0.9807853 0.0000000
vn 0.0000000 -0.0000000 -1.0000000
vn -0.1950903 -0.9807853 0.0000000
vn 0.0000000 0.0000000 1.0000000
vn -0.1950903 0.9807853 -0.0000000
vn 0.0000000 -0.0000000 -1.0000000
vn -0.1950903 0.9807853 -0.0000000
vn 0.0000000 0.0000000 1.0000000
vn -0.1950903 0.9807853 -0.0000000
vn 0.0000000 -0.0000000 -1.0000000
vn -0.1950903 0.9807853 -0.0000000
vn 0.0000000 0.0000000 1.0000000
vn -0.8725060 -0.0000000 -0.4886034
vn 0.0000000 -0.0000000 -1.0000000
vn -0.8725060 -0.0000000 0.4886034
vn 0.0000000 0.0000000 1.0000000
vn -0.8725060 -0.0000000 -0.4886034
vn 0.0000000 -0.0000000 -1.0000000
vn -0.8725060 -0.0000000 0.4886034
vn 0.0000000 0.0000000 1.0000000
vn 0.0000000 -0.0000000 -1.0000000
vn 0.1950903 0.9807853 -0.0000000
vn 0.0000000 0.0000000 1.0000000
vn 0.1950903 0.9807853 -0.0000000
vn 0.0000000 -0.0000000 -1.0000000
vn 0.1950903 0.9807853 -0.0000000
vn 0.0000000 0.0000000 1.0000000
vn 0.1950903 0.9807853 -0.0000000
vn 0.0000000 -0.0000000 -1.0000000
vn 0.1950903 -0.9807853 0.0000000
vn 0.0000000 0.0000000 1.0000000
vn 0.1950903 -0.9807853 0.0000000
vn 0.0000000 -0.0000000 -1.0000000
vn 0.1950903 -0.9807853 0.0000000
vn 0.0000000 0.0000000 1.0000000
vn 0.1950903 -0.9807853 0.0000000
vn -0.8298025 -0.2696192 -0.4886034
vn 0.0000000 -0.0000000 -1.0000000
vn -0.8298025 -0.2696192 0.4886034
vn 0.0000000 0.0000000 1.0000000
vn -0.8298025 -0.2696192 -0.4886034
vn 0.0000000 -0.0000000 -1.0000000
vn -0.8298025 -0.2696192 0.4886034
vn 0.0000000 0.0000000 1.0000000
vn -0.8298025 0.2696192 -0.4886034
vn 0.0000000 -0.0000000 -1.0000000
vn -0.8298025 0.2696192 0.4886034
vn 0.0000000 0.0000000 1.0000000
vn -0.8298025 0.2696192 -0.4886034
vn 0.0000000 -0.0000000 -1.0000000
vn -0.8298025 0.2696192 0.4886034
vn 0.0000000 0.0000000 1.0000000
vn -0.7828062 -0.5687420 -0.2524817
vn -0.7828062 -0.5687420 0.2524817
vn -0.7828062 -0.5687420 -0.2524817
vn -0.7828062 -0.5687420 0.2524817
vn -0.7828062 0.5687420 -0.2524817
vn -0.7828062 0.5687420 0.2524817
vn -0.7828062 0.5687420 -0.2524817
vn -0.7828062 0.5687420 0.2524817
vn 0.0000000 -0.0000000 -1.0000000
vn 0.1950903 0.9807853 -0.0000000
vn 0.0000000 0.0000000 1.0000000
vn 0.1950903 0.9807853 -0.0000000
vn 0.0000000 -0.0000000 -1.0000000
vn 0.1950903 0.9807853 -0.0000000
vn 0.0000000 0.0000000 1.0000000
vn 0.1950903 0.9807853 -0.0000000
vn 0.0000000 -0.0000000 -1.0000000
vn 0.1950903 -0.9807853 0.0000000
vn 0.0000000 0.0000000 1.0000000
vn 0.1950903 -0.9807853 0.0000000
vn 0.0000000 -0.0000000 -1.0000000
vn 0.1950903 -0.9807853 0.0000000
vn 0.0000000 0.0000000 1.0000000
vn 0.1950903 -0.9807853 0.0000000
vn -0.7058722 -0.5128462 -0.4886034
vn 0.0000000 -0.0000000 -1.0000000
vn -0.7058722 -0.5128462 0.4886034
vn 0.0000000 0.0000000 1.0000000
vn -0.7058722 -0.5128462 -0.4886034
vn 0.0000000 -0.0000000 -1.0000000
vn -0.7058722 -0.5128462 0.4886034
vn 0.0000000 0.0000000 1.0000000
vn -0.7058722 0.5128462 -0.4886034
vn 0.0000000 -0.0000000 -1.0000000
vn -0.7058722 0.5128462 0.4886034
vn 0.0000000 0.0000000 1.0000000
vn -0.7058722 0.5128462 -0.4886034
vn 0.0000000 -0.0000000 -1.0000000
vn -0.7058722 0.5128462 0.4886034
vn 0.0000000 0.0000000 1.0000000
vn -0.5687420 -0.7828062 -0.2524817
vn -0.5687420 -0.7828062 0.2524817
vn -0.5687420 -0.7828062 -0.2524817
vn -0.5687420 -0.7828062 0.2524817
vn -0.5687420 0.7828062 -0.2524817
vn -0.5687420 0.7828062 0.2524817
vn -0.5687420 0.7828062 -0.2524817
vn -0.5687420 0.7828062 0.2524817
vn -0.5128462 -0.7058722 -0.4886034
vn 0.0000000 -0.0000000 -1.0000000
vn -0.5128462 -0.7058722 0.4886034
vn 0.0000000 0.0000000 1.0000000
vn -0.5128462 -0.7058722 -0.4886034
vn 0.0000000 -0.0000000 -1.0000000
vn -0.5128462 -0.7058722 0.4886034
vn 0.0000000 0.0000000 1.0000000
vn -0.5128462 0.7058722 -0.4886034
vn 0.0000000 -0.0000000 -1.0000000
vn -0.5128462 0.7058722 0.4886034
vn 0.0000000 0.0000000 1.0000000
vn -0.5128462 0.7058722 -0.4886034
vn 0.0000000 -0.0000000 -1.0000000
vn -0.5128462 0.7058722 0.4886034
vn 0.0000000 0.0000000 1.0000000
vn -0.9358145 -0.3523659 -0.0094647
vn -0.9358145 -0.3523659 -0.0094647
vn -0.9912975 -0.1314532 0.0070179
vn -0.9912975 -0.1314532 0.0070179
vn -0.9740864 0.2259219 -0.0107226
vn -0.9740864 0.2259219 -0.0107226
vn -0.9741562 0.2248770 0.0212131
vn -0.9741562 0.2248770 0.0212131
vn -0.2990054 -0.9202439 -0.2524817
vn -0.2990054 -0.9202439 0.2524817
vn -0.2990054 -0.9202439 -0.2524817
vn -0.2990054 -0.9202439 0.2524817
vn -0.2990054 0.9202439 -0.2524817
vn -0.2990054 0.9202439 0.2524817
vn -0.2990054 0.9202439 -0.2524817
vn -0.2990054 0.9202439 0.2524817
vn -0.2696192 -0.8298025 -0.4886034
vn 0.0000000 -0.0000000 -1.0000000
vn -0.2696192 -0.8298025 0.4886034
vn 0.0000000 0.0000000 1.0000000
vn -0.2696192 -0.8298025 -0.4886034
vn 0.0000000 -0.0000000 -1.0000000
vn -0.2696192 -0.8298025 0.4886034
vn 0.0000000 0.0000000 1.0000000
vn -0.2696192 0.8298025 -0.4886034
vn 0.0000000 -0.0000000 -1.0000000
vn -0.2696192 0.8298025 0.4886034
vn 0.0000000 0.0000000 1.0000000
vn -0.2696192 0.8298025 -0.4886034
vn 0.0000000 -0.0000000 -1.0000000
vn -0.2696192 0.8298025 0.4886034
vn 0.0000000 0.0000000 1.0000000
vn -0.2546729 -0.9668063 -0.0206709
vn -0.2557890 -0.9666762 0.0104457
vn -0.2548393 -0.1264415 -0.9586811
vn -0.2548393 -0.1264415 -0.9586811
vn -0.2548393 -0.1264415 -0.9586811
vn -0.2548393 -0.1264415 0.9586811
vn -0.2548393 -0.1264415 0.9586811
vn -0.2548393 -0.1264415 0.9586811
vn -0.2506232 0.2197203 -0.9428208
vn -0.2506232 0.2197203 -0.9428208
vn -0.2506232 0.2197203 -0.9428208
vn -0.2506232 0.2197203 0.9428208
vn -0.2506232 0.2197203 0.9428208
vn -0.2506232 0.2197203 0.9428208
vn -0.2546729 0.9668063 -0.0206709
vn -0.2557890 0.9666762 0.0104457
vn -0.9920091 -0.0064470 -0.1260012
vn -0.9920091 -0.0064470 -0.1260012
vn -0.9759567 -0.0197211 0.2170706
vn -0.9759567 -0.0197211 0.2170706
vn -0.9920091 -0.0064470 -0.1260012
vn -0.9920091 -0.0064470 -0.1260012
vn -0.9759567 -0.0197211 0.2170706
vn -0.9759567 -0.0197211 0.2170706
vn -0.9392813 0.0088266 -0.3430346
vn -0.9392813 0.0088266 -0.3430346
vn -0.9758949 0.0099606 0.2180134
vn -0.9758949 0.0099606 0.2180134
vn -0.9392813 0.0088266 -0.3430346
vn -0.9392813 0.0088266 -0.3430346
vn -0.9758949 0.0099606 0.2180134
vn -0.9758949 0.0099606 0.2180134
vn -0.2550062 -0.9593089 -0.1212366
vn -0.2510650 -0.9444826 0.2119409
vn -0.2550062 -0.9593089 -0.1212366
vn -0.2510650 -0.9444826 0.2119409
vn -0.2558760 -0.0096384 -0.9666616
vn -0.2558760 -0.0096384 -0.9666616
vn -0.2558760 -0.0096384 -0.9666616
vn -0.2558760 -0.0096384 0.9666616
vn -0.2558760 -0.0096384 0.9666616
vn -0.2558760 -0.0096384 0.9666616
vn -0.2558760 -0.0096384 -0.9666616
vn -0.2558760 -0.0096384 -0.9666616
vn -0.2558760 -0.0096384 -0.9666616
vn -0.2558760 -0.0096384 0.9666616
vn -0.2558760 -0.0096384 0.9666616
vn -0.2558760 -0.0096384 0.9666616
vn -0.2548473 0.0190892 -0.9667929
vn -0.2548473 0.0190892 -0.9667929
vn -0.2548473 0.0190892 -0.9667929
vn -0.2548473 0.0190892 0.9667929
vn -0.2548473 0.0190892 0.9667929
vn -0.2548473 0.0190892 0.9667929
vn -0.2548473 0.0190892 -0.9667929
vn -0.2548473 0.0190892 -0.9667929
vn -0.2548473 0.0190892 -0.9667929
vn -0.2548473 0.0190892 0.9667929
vn -0.2548473 0.0190892 0.9667929
vn -0.2548473 0.0190892 0.9667929
vn -0.2550062 0.9593089 -0.1212366
vn -0.2510650 0.9444826 0.2119409
vn -0.2550062 0.9593089 -0.1212366
vn -0.2510650 0.9444826 0.2119409
vn 0.0000000 -1.0000000 0.0000000
vn 0.0000000 -0.0000000 -1.0000000
vn 0.0000000 -1.0000000 0.0000000
vn 0.0000000 0.0000000 1.0000000
vn 0.0000000 -1.0000000 0.0000000
vn 0.0000000 -0.0000000 -1.0000000
vn 0.0000000 -1.0000000 0.0000000
vn 0.0000000 0.0000000 1.0000000
vn 0.0000000 -1.0000000 0.0000000
vn 0.0000000 -0.0000000 -1.0000000
vn 0.0000000 -1.0000000 0.0000000
vn 0.0000000 0.0000000 1.0000000
vn 0.0000000 -1.0000000 0.0000000
vn 0.0000000 -0.0000000 -1.0000000
vn 0.0000000 -1.0000000 0.0000000
vn 0.0000000 0.0000000 1.0000000
vn 0.0000000 -0.0000000 -1.0000000
vn -0.0000000 1.0000000 -0.0000000
vn 0.0000000 0.0000000 1.0000000
vn -0.0000000 1.0000000 -0.0000000
vn 0.0000000 -0.0000000 -1.0000000
vn -0.0000000 1.0000000 -0.0000000
vn 0.0000000 0.0000000 1.0000000
vn -0.0000000 1.0000000 -0.0000000
vn 0.0000000 -0.0000000 -1.0000000
vn -0.0000000 1.0000000 -0.0000000
vn 0.0000000 0.0000000 1.0000000
vn -0.0000000 1.0000000 -0.0000000
vn 0.0000000 -0.0000000 -1.0000000
vn -0.0000000 1.0000000 -0.0000000
vn 0.0000000 0.0000000 1.0000000
vn -0.0000000 1.0000000 -0.0000000
vn 0.0000000 -0.9676017 -0.2524817
vn 0.0000000 -0.9676017 0.2524817
vn 0.0000000 -0.9676017 -0.2524817
vn 0.0000000 -0.9676017 0.2524817
vn 0.0000000 -0.8725060 -0.4886034
vn 0.0000000 -0.0000000 -1.0000000
vn 0.0000000 -0.8725060 0.4886034
vn 0.0000000 0.0000000 1.0000000
vn 0.0000000 -0.8725060 -0.4886034
vn 0.0000000 -0.0000000 -1.0000000
vn 0.0000000 -0.8725060 0.4886034
vn 0.0000000 0.0000000 1.0000000
vn 0.0000000 -0.0000000 -1.0000000
vn 0.0000000 0.0000000 1.0000000
vn 0.0000000 -0.0000000 -1.0000000
vn 0.0000000 0.0000000 1.0000000
vn 0.0000000 -0.0000000 -1.0000000
vn -0.0000000 0.8725060 -0.4886034
vn 0.0000000 0.0000000 1.0000000
vn -0.0000000 0.8725060 0.4886034
vn 0.0000000 -0.0000000 -1.0000000
vn -0.0000000 0.8725060 -0.4886034
vn 0.0000000 0.0000000 1.0000000
vn -0.0000000 0.8725060 0.4886034
vn -0.0000000 0.9676017 -0.2524817
vn -0.0000000 0.9676017 0.2524817
vn -0.0000000 0.9676017 -0.2524817
vn -0.0000000 0.9676017 0.2524817
vn 0.0000000 -1.0000000 0.0000000
vn 0.0000000 -0.0000000 -1.0000000
vn 0.0000000 -1.0000000 0.0000000
vn 0.0000000 0.0000000 1.0000000
vn 0.0000000 -1.0000000 0.0000000
vn 0.0000000 -0.0000000 -1.0000000
vn 0.0000000 -1.0000000 0.0000000
vn 0.0000000 0.0000000 1.0000000
vn 0.0000000 -1.0000000 0.0000000
vn 0.0000000 -0.0000000 -1.0000000
vn 0.0000000 -1.0000000 0.0000000
vn 0.0000000 0.0000000 1.0000000
vn 0.0000000 -1.0000000 0.0000000
vn 0.0000000 -0.0000000 -1.0000000
vn 0.0000000 -1.0000000 0.0000000
vn 0.0000000 0.0000000 1.0000000
vn 0.0000000 -0.0000000 -1.0000000
vn -0.0000000 1.0000000 -0.0000000
vn 0.0000000 0.0000000 1.0000000
vn -0.0000000 1.0000000 -0.0000000
vn 0.0000000 -0.0000000 -1.0000000
vn -0.0000000 1.0000000 -0.0000000
vn 0.0000000 0.0000000 1.0000000
vn -0.0000000 1.0000000 -0.0000000
vn 0.0000000 -0.0000000 -1.0000000
vn -0.0000000 1.0000000 -0.0000000
vn 0.0000000 0.0000000 1.0000000
vn -0.0000000 1.0000000 -0.0000000
vn 0.0000000 -0.0000000 -1.0000000
vn -0.0000000 1.0000000 -0.0000000
vn 0.0000000 0.0000000 1.0000000
vn -0.0000000 1.0000000 -0.0000000
vn 0.2115618 -0.9269949 -0.3097130
vn 0.2319962 -0.9537252 0.1912747
vn 0.2115618 -0.9269949 -0.3097130
vn 0.2319962 -0.9537252 0.1912747
vn 0.3861194 -0.0083870 -0.9224107
vn 0.3861194 -0.0083870 -0.9224107
vn 0.3861194 -0.0083870 -0.9224107
vn 0.3861194 -0.0083870 0.9224107
vn 0.3861194 -0.0083870 0.9224107
vn 0.3861194 -0.0083870 0.9224107
vn 0.3861194 -0.0083870 -0.9224107
vn 0.3861194 -0.0083870 -0.9224107
vn 0.3861194 -0.0083870 -0.9224107
vn 0.3861194 -0.0083870 0.9224107
vn 0.3861194 -0.0083870 0.9224107
vn 0.3861194 -0.0083870 0.9224107
vn 0.1522347 0.0065755 -0.9883225
vn 0.1522347 0.0065755 -0.9883225
vn 0.1522347 0.0065755 -0.9883225
vn 0.1522347 0.0065755 0.9883225
vn 0.1522347 0.0065755 0.9883225
vn 0.1522347 0.0065755 0.9883225
vn 0.1522347 0.0065755 -0.9883225
vn 0.1522347 0.0065755 -0.9883225
vn 0.1522347 0.0065755 -0.9883225
vn 0.1522347 0.0065755 0.9883225
vn 0.1522347 0.0065755 0.9883225
vn 0.1522347 0.0065755 0.9883225
vn 0.3144093 0.9132090 -0.2592221
vn 0.1479199 0.9650015 0.2165453
vn 0.3144093 0.9132090 -0.2592221
vn 0.1479199 0.9650015 0.2165453
vn 0.9920442 -0.0113903 -0.1253737
vn 0.9920442 -0.0113903 -0.1253737
vn 0.9756740 -0.0112024 0.2189402
vn 0.9756740 -0.0112024 0.2189402
vn 0.9920442 -0.0113903 -0.1253737
vn 0.9920442 -0.0113903 -0.1253737
vn 0.9756740 -0.0112024 0.2189402
vn 0.9756740 -0.0112024 0.2189402
vn 0.9392813 0.0088266 -0.3430346
vn 0.9392813 0.0088266 -0.3430346
vn 0.9758949 0.0099606 0.2180134
vn 0.9758949 0.0099606 0.2180134
vn 0.9392813 0.0088266 -0.3430346
vn 0.9392813 0.0088266 -0.3430346
vn 0.9758949 0.0099606 0.2180134
vn 0.9758949 0.0099606 0.2180134
vn 0.1522949 -0.9883094 -0.0071280
vn 0.3860248 -0.9224436 0.0090903
vn 0.3114408 -0.2679738 -0.9116988
vn 0.3114408 -0.2679738 -0.9116988
vn 0.2097937 -0.3189588 0.9242575
vn 0.2097937 -0.3189588 0.9242575
vn 0.1476483 0.2244763 -0.9632291
vn 0.1476483 0.2244763 -0.9632291
vn 0.1476483 0.2244763 -0.9632291
vn 0.2308437 0.1986254 0.9525015
vn 0.2308437 0.1986254 0.9525015
vn 0.2308437 0.1986254 0.9525015
vn 0.1522949 0.9883094 -0.0071280
vn 0.3860248 0.9224436 0.0090903
vn 0.0000000 -0.0000000 -1.0000000
vn 0.2696192 -0.8298025 -0.4886034
vn 0.0000000 0.0000000 1.0000000
vn 0.2696192 -0.8298025 0.4886034
vn 0.0000000 -0.0000000 -1.0000000
vn 0.2696192 -0.8298025 -0.4886034
vn 0.0000000 0.0000000 1.0000000
vn 0.2696192 -0.8298025 0.4886034
vn 0.0000000 -0.0000000 -1.0000000
vn 0.2696192 0.8298025 -0.4886034
vn 0.0000000 0.0000000 1.0000000
vn 0.2696192 0.8298025 0.4886034
vn 0.0000000 -0.0000000 -1.0000000
vn 0.2696192 0.8298025 -0.4886034
vn 0.0000000 0.0000000 1.0000000
vn 0.2696192 0.8298025 0.4886034
vn 0.2990054 -0.9202439 -0.2524817
vn 0.2990054 -0.9202439 0.2524817
vn 0.2990054 -0.9202439 -0.2524817
vn 0.2990054 -0.9202439 0.2524817
vn 0.2990054 0.9202439 -0.2524817
vn 0.2990054 0.9202439 0.2524817
vn 0.2990054 0.9202439 -0.2524817
vn 0.2990054 0.9202439 0.2524817
vn 0.9358145 -0.3523659 -0.0094647
vn 0.9358145 -0.3523659 -0.0094647
vn 0.9913388 -0.1307488 0.0123338
vn 0.9913388 -0.1307488 0.0123338
vn 0.9740864 0.2259219 -0.0107226
vn 0.9740864 0.2259219 -0.0107226
vn 0.9738317 0.2269472 0.0121160
vn 0.9738317 0.2269472 0.0121160
vn 0.0000000 -0.0000000 -1.0000000
vn 0.5128462 -0.7058722 -0.4886034
vn 0.0000000 0.0000000 1.0000000
vn 0.5128462 -0.7058722 0.4886034
vn 0.0000000 -0.0000000 -1.0000000
vn 0.5128462 -0.7058722 -0.4886034
vn 0.0000000 0.0000000 1.0000000
vn 0.5128462 -0.7058722 0.4886034
vn 0.0000000 -0.0000000 -1.0000000
vn 0.5128462 0.7058722 -0.4886034
vn 0.0000000 0.0000000 1.0000000
vn 0.5128462 0.7058722 0.4886034
vn 0.0000000 -0.0000000 -1.0000000
vn 0.5128462 0.7058722 -0.4886034
vn 0.0000000 0.0000000 1.0000000
vn 0.5128462 0.7058722 0.4886034
vn 0.5687420 -0.7828062 -0.2524817
vn 0.5687420 -0.7828062 0.2524817
vn 0.5687420 -0.7828062 -0.2524817
vn 0.5687420 -0.7828062 0.2524817
vn 0.5687420 0.7828062 -0.2524817
vn 0.5687420 0.7828062 0.2524817
vn 0.5687420 0.7828062 -0.2524817
vn 0.5687420 0.7828062 0.2524817
vn 0.0000000 -0.0000000 -1.0000000
vn 0.7058722 -0.5128462 -0.4886034
vn 0.0000000 0.0000000 1.0000000
vn 0.7058722 -0.5128462 0.4886034
vn 0.0000000 -0.0000000 -1.0000000
vn 0.7058722 -0.5128462 -0.4886034
vn 0.0000000 0.0000000 1.0000000
vn 0.7058722 -0.5128462 0.4886034
vn 0.0000000 -0.0000000 -1.0000000
vn 0.7058722 0.5128462 -0.4886034
vn 0.0000000 0.0000000 1.0000000
vn 0.7058722 0.5128462 0.4886034
vn 0.0000000 -0.0000000 -1.0000000
vn 0.7058722 0.5128462 -0.4886034
vn 0.0000000 0.0000000 1.0000000
vn 0.7058722 0.5128462 0.4886034
vn -0.1950903 0.9807853 -0.0000000
vn 0.0000000 -0.0000000 -1.0000000
vn -0.1950903 0.9807853 -0.0000000
vn 0.0000000 0.0000000 1.0000000
vn -0.1950903 0.9807853 -0.0000000
vn 0.0000000 -0.0000000 -1.0000000
vn -0.1950903 0.9807853 -0.0000000
vn 0.0000000 0.0000000 1.0000000
vn -0.1950903 -0.9807853 0.0000000
vn 0.0000000 -0.0000000 -1.0000000
vn -0.1950903 -0.9807853 0.0000000
vn 0.0000000 0.0000000 1.0000000
vn -0.1950903 -0.9807853 0.0000000
vn 0.0000000 -0.0000000 -1.0000000
vn -0.1950903 -0.9807853 0.0000000
vn 0.0000000 0.0000000 1.0000000
vn 0.7828062 -0.5687420 -0.2524817
vn 0.7828062 -0.5687420 0.2524817
vn 0.7828062 -0.5687420 -0.2524817
vn 0.7828062 -0.5687420 0.2524817
vn 0.7828062 0.5687420 -0.2524817
vn 0.7828062 0.5687420 0.2524817
vn 0.7828062 0.5687420 -0.2524817
vn 0.7828062 0.5687420 0.2524817
vn 0.0000000 -0.0000000 -1.0000000
vn 0.8298025 -0.2696192 -0.4886034
vn 0.0000000 0.0000000 1.0000000
vn 0.8298025 -0.2696192 0.4886034
vn 0.0000000 -0.0000000 -1.0000000
vn 0.8298025 -0.2696192 -0.4886034
vn 0.0000000 0.0000000 1.0000000
vn 0.8298025 -0.2696192 0.4886034
vn 0.0000000 -0.0000000 -1.0000000
vn 0.8298025 0.2696192 -0.4886034
vn 0.0000000 0.0000000 1.0000000
vn 0.8298025 0.2696192 0.4886034
vn 0.0000000 -0.0000000 -1.0000000
vn 0.8298025 0.2696192 -0.4886034
vn 0.0000000 0.0000000 1.0000000
vn 0.8298025 0.2696192 0.4886034
vn -0.1950903 0.9807853 -0.0000000
vn 0.0000000 -0.0000000 -1.0000000
vn -0.1950903 0.9807853 -0.0000000
vn 0.0000000 0.0000000 1.0000000
vn -0.1950903 0.9807853 -0.0000000
vn 0.0000000 -0.0000000 -1.0000000
vn -0.1950903 0.9807853 -0.0000000
vn 0.0000000 0.0000000 1.0000000
vn -0.1950903 -0.9807853 0.0000000
vn 0.0000000 -0.0000000 -1.0000000
vn -0.1950903 -0.9807853 0.0000000
vn 0.0000000 0.0000000 1.0000000
vn -0.1950903 -0.9807853 0.0000000
vn 0.0000000 -0.0000000 -1.0000000
vn -0.1950903 -0.9807853 0.0000000
vn 0.0000000 0.0000000 1.0000000
vn 0.0000000 -0.0000000 -1.0000000
vn 0.8725060 -0.0000000 -0.4886034
vn 0.8725060 0.0000000 -0.4886034
vn 0.0000000 0.0000000 1.0000000
vn 0.8725060 0.0000000 0.4886034
vn 0.8725060 0.0000000 0.4886034
vn 0.0000000 -0.0000000 -1.0000000
vn 0.8725060 -0.0000000 -0.4886034
vn 0.8725060 0.0000000 -0.4886034
vn 0.0000000 0.0000000 1.0000000
vn 0.8725060 0.0000000 0.4886034
vn 0.8725060 0.0000000 0.4886034
vn 0.0000000 -0.0000000 -1.0000000
vn 0.1950903 -0.9807853 0.0000000
vn 0.0000000 0.0000000 1.0000000
vn 0.1950903 -0.9807853 0.0000000
vn 0.0000000 -0.0000000 -1.0000000
vn 0.1950903 -0.9807853 0.0000000
vn 0.0000000 0.0000000 1.0000000
vn 0.1950903 -0.9807853 0.0000000
vn 0.0000000 -0.0000000 -1.0000000
vn 0.1950903 0.9807853 -0.0000000
vn 0.0000000 0.0000000 1.0000000
vn 0.1950903 0.9807853 -0.0000000
vn 0.0000000 -0.0000000 -1.0000000
vn 0.1950903 0.9807853 -0.0000000
vn 0.0000000 0.0000000 1.0000000
vn 0.1950903 0.9807853 -0.0000000
vn 0.9202439 -0.2990054 -0.2524817
vn 0.9202439 -0.2990054 0.2524817
vn 0.9202439 -0.2990054 -0.2524817
vn 0.9202439 -0.2990054 0.2524817
vn 0.9202439 0.2990054 -0.2524817
vn 0.9202439 0.2990054 0.2524817
vn 0.9202439 0.2990054 -0.2524817
vn 0.9202439 0.2990054 0.2524817
vn 0.0000000 -0.0000000 -1.0000000
vn 0.1950903 -0.9807853 0.0000000
vn 0.0000000 0.0000000 1.0000000
vn 0.1950903 -0.9807853 0.0000000
vn 0.0000000 -0.0000000 -1.0000000
vn 0.1950903 -0.9807853 0.0000000
vn 0.0000000 0.0000000 1.0000000
vn 0.1950903 -0.9807853 0.0000000
vn 0.0000000 -0.0000000 -1.0000000
vn 0.1950903 0.9807853 -0.0000000
vn 0.0000000 0.0000000 1.0000000
vn 0.1950903 0.9807853 -0.0000000
vn 0.0000000 -0.0000000 -1.0000000
vn 0.1950903 0.9807853 -0.0000000
vn 0.0000000 0.0000000 1.0000000
vn 0.1950903 0.9807853 -0.0000000
vn 0.9676017 -0.0000000 -0.2524817
vn 0.9676017 0.0000000 -0.2524817
vn 0.9676017 0.0000000 0.2524817
vn 0.9676017 0.0000000 0.2524817
vn 0.9676017 -0.0000000 -0.2524817
vn 0.9676017 0.0000000 -0.2524817
vn 0.9676017 0.0000000 0.2524817
vn 0.9676017 0.0000000 0.2524817
vn -0.3826834 0.9238795 -0.0000000
vn 0.0000000 -0.0000000 -1.0000000
vn -0.3826834 0.9238795 -0.0000000
vn 0.0000000 0.0000000 1.0000000
vn -0.3826834 0.9238795 -0.0000000
vn 0.0000000 -0.0000000 -1.0000000
vn -0.3826834 0.9238795 -0.0000000
vn 0.0000000 0.0000000 1.0000000
vn -0.3826834 -0.9238795 0.0000000
vn 0.0000000 -0.0000000 -1.0000000
vn -0.3826834 -0.9238795 0.0000000
vn 0.0000000 0.0000000 1.0000000
vn -0.3826834 -0.9238795 0.0000000
vn 0.0000000 -0.0000000 -1.0000000
vn -0.3826834 -0.9238795 0.0000000
vn 0.0000000 0.0000000 1.0000000
vn -0.3826834 0.9238795 -0.0000000
vn 0.0000000 -0.0000000 -1.0000000
vn -0.3826834 0.9238795 -0.0000000
vn 0.0000000 0.0000000 1.0000000
vn -0.3826834 0.9238795 -0.0000000
vn 0.0000000 -0.0000000 -1.0000000
vn -0.3826834 0.9238795 -0.0000000
vn 0.0000000 0.0000000 1.0000000
vn -0.3826834 -0.9238795 0.0000000
vn 0.0000000 -0.0000000 -1.0000000
vn -0.3826834 -0.9238795 0.0000000
vn 0.0000000 0.0000000 1.0000000
vn -0.3826834 -0.9238795 0.0000000
vn 0.0000000 -0.0000000 -1.0000000
vn -0.3826834 -0.9238795 0.0000000
vn 0.0000000 0.0000000 1.0000000
vn 0.0000000 -0.0000000 -1.0000000
vn 0.3826834 -0.9238795 0.0000000
vn 0.0000000 0.0000000 1.0000000
vn 0.3826834 -0.9238795 0.0000000
vn 0.0000000 -0.0000000 -1.0000000
vn 0.3826834 -0.9238795 0.0000000
vn 0.0000000 0.0000000 1.0000000
vn 0.3826834 -0.9238795 0.0000000
vn 0.0000000 -0.0000000 -1.0000000
vn 0.3826834 0.9238795 -0.0000000
vn 0.0000000 0.0000000 1.0000000
vn 0.3826834 0.9238795 -0.0000000
vn 0.0000000 -0.0000000 -1.0000000
vn 0.3826834 0.9238795 -0.0000000
vn 0.0000000 0.0000000 1.0000000
vn 0.3826834 0.9238795 -0.0000000
vn -0.7946376 -0.4684687 -0.3861194
vn -0.7946376 -0.4684687 -0.3861194
vn -0.7946376 -0.4684687 -0.3861194
vn -0.8323343 -0.4916779 0.2558760
vn -0.8323343 -0.4916779 0.2558760
vn -0.8323343 -0.4916779 0.2558760
vn -0.7946376 -0.4684687 -0.3861194
vn -0.7946376 -0.4684687 -0.3861194
vn -0.7946376 -0.4684687 -0.3861194
vn -0.8323343 -0.4916779 0.2558760
vn -0.8323343 -0.4916779 0.2558760
vn -0.8323343 -0.4916779 0.2558760
vn -0.8277226 0.4999281 -0.2548473
vn -0.8277226 0.4999281 -0.2548473
vn -0.8277226 0.4999281 -0.2548473
vn -0.8526247 0.4998558 0.1522347
vn -0.8526247 0.4998558 0.1522347
vn -0.8526247 0.4998558 0.1522347
vn -0.8277226 0.4999281 -0.2548473
vn -0.8277226 0.4999281 -0.2548473
vn -0.8277226 0.4999281 -0.2548473
vn -0.8526247 0.4998558 0.1522347
vn -0.8526247 0.4998558 0.1522347
vn -0.8526247 0.4998558 0.1522347
vn 0.0000000 -0.0000000 -1.0000000
vn 0.3826834 -0.9238795 0.0000000
vn 0.0000000 0.0000000 1.0000000
vn 0.3826834 -0.9238795 0.0000000
vn 0.0000000 -0.0000000 -1.0000000
vn 0.3826834 -0.9238795 0.0000000
vn 0.0000000 0.0000000 1.0000000
vn 0.3826834 -0.9238795 0.0000000
vn 0.0000000 -0.0000000 -1.0000000
vn 0.3826834 0.9238795 -0.0000000
vn 0.0000000 0.0000000 1.0000000
vn 0.3826834 0.9238795 -0.0000000
vn 0.0000000 -0.0000000 -1.0000000
vn 0.3826834 0.9238795 -0.0000000
vn 0.0000000 0.0000000 1.0000000
vn 0.3826834 0.9238795 -0.0000000
vn -0.1028816 -0.0725512 -0.9920442
vn -0.1028816 -0.0725512 -0.9920442
vn -0.1058967 -0.0685839 0.9920091
vn -0.1058967 -0.0685839 0.9920091
vn -0.1028816 -0.0725512 -0.9920442
vn -0.1028816 -0.0725512 -0.9920442
vn -0.1058967 -0.0685839 0.9920091
vn -0.1058967 -0.0685839 0.9920091
vn -0.1838249 0.1176328 -0.9758949
vn -0.1838249 0.1176328 -0.9758949
vn -0.1838249 0.1176328 0.9758949
vn -0.1838249 0.1176328 0.9758949
vn -0.1838249 0.1176328 -0.9758949
vn -0.1838249 0.1176328 -0.9758949
vn -0.1838249 0.1176328 0.9758949
vn -0.1838249 0.1176328 0.9758949
vn 0.1952781 -0.9576576 -0.2115618
vn 0.3746604 -0.8914042 0.2550062
vn 0.1952781 -0.9576576 -0.2115618
vn 0.3746604 -0.8914042 0.2550062
vn 0.2886951 0.9239164 -0.2510650
vn 0.2949670 0.9439884 0.1479199
vn 0.2886951 0.9239164 -0.2510650
vn 0.2949670 0.9439884 0.1479199
vn -0.5555702 0.8314696 -0.0000000
vn 0.0000000 -0.0000000 -1.0000000
vn -0.5555702 0.8314696 -0.0000000
vn 0.0000000 0.0000000 1.0000000
vn -0.5555702 0.8314696 -0.0000000
vn 0.0000000 -0.0000000 -1.0000000
vn -0.5555702 0.8314696 -0.0000000
vn 0.0000000 0.0000000 1.0000000
vn -0.5555702 -0.8314696 0.0000000
vn 0.0000000 -0.0000000 -1.0000000
vn -0.5555702 -0.8314696 0.0000000
vn 0.0000000 0.0000000 1.0000000
vn -0.5555702 -0.8314696 0.0000000
vn 0.0000000 -0.0000000 -1.0000000
vn -0.5555702 -0.8314696 0.0000000
vn 0.0000000 0.0000000 1.0000000
vn 0.1952090 0.0997686 -0.9756740
vn 0.1952090 0.0997686 -0.9756740
vn 0.1978492 0.0914563 0.9759567
vn 0.1978492 0.0914563 0.9759567
vn 0.1952090 0.0997686 -0.9756740
vn 0.1952090 0.0997686 -0.9756740
vn 0.1978492 0.0914563 0.9759567
vn 0.1978492 0.0914563 0.9759567
vn 0.3014900 -0.1638733 -0.9392813
vn 0.3014900 -0.1638733 -0.9392813
vn 0.3014900 -0.1638733 0.9392813
vn 0.3014900 -0.1638733 0.9392813
vn 0.3014900 -0.1638733 -0.9392813
vn 0.3014900 -0.1638733 -0.9392813
vn 0.3014900 -0.1638733 0.9392813
vn 0.3014900 -0.1638733 0.9392813
vn 0.6425113 -0.7303129 -0.2319962
vn 0.6557875 -0.7119755 0.2510650
vn 0.6425113 -0.7303129 -0.2319962
vn 0.6557875 -0.7119755 0.2510650
vn 0.5846484 0.7701676 -0.2550062
vn 0.6810974 0.6612512 0.3144093
vn 0.5846484 0.7701676 -0.2550062
vn 0.6810974 0.6612512 0.3144093
vn 0.8030246 0.4539420 -0.3861194
vn 0.8030246 0.4539420 -0.3861194
vn 0.8030246 0.4539420 -0.3861194
vn 0.8419727 0.4749836 0.2558760
vn 0.8419727 0.4749836 0.2558760
vn 0.8419727 0.4749836 0.2558760
vn 0.8030246 0.4539420 -0.3861194
vn 0.8030246 0.4539420 -0.3861194
vn 0.8030246 0.4539420 -0.3861194
vn 0.8419727 0.4749836 0.2558760
vn 0.8419727 0.4749836 0.2558760
vn 0.8419727 0.4749836 0.2558760
vn 0.8468118 -0.4668647 -0.2548473
vn 0.8468118 -0.4668647 -0.2548473
vn 0.8468118 -0.4668647 -0.2548473
vn 0.8592001 -0.4884667 0.1522347
vn 0.8592001 -0.4884667 0.1522347
vn 0.8592001 -0.4884667 0.1522347
vn 0.8468118 -0.4668647 -0.2548473
vn 0.8468118 -0.4668647 -0.2548473
vn 0.8468118 -0.4668647 -0.2548473
vn 0.8592001 -0.4884667 0.1522347
vn 0.8592001 -0.4884667 0.1522347
vn 0.8592001 -0.4884667 0.1522347
vn -0.5555702 0.8314696 -0.0000000
vn 0.0000000 -0.0000000 -1.0000000
vn -0.5555702 0.8314696 -0.0000000
vn 0.0000000 0.0000000 1.0000000
vn -0.5555702 0.8314696 -0.0000000
vn 0.0000000 -0.0000000 -1.0000000
vn -0.5555702 0.8314696 -0.0000000
vn 0.0000000 0.0000000 1.0000000
vn -0.5555702 -0.8314696 0.0000000
vn 0.0000000 -0.0000000 -1.0000000
vn -0.5555702 -0.8314696 0.0000000
vn 0.0000000 0.0000000 1.0000000
vn -0.5555702 -0.8314696 0.0000000
vn 0.0000000 -0.0000000 -1.0000000
vn -0.5555702 -0.8314696 0.0000000
vn 0.0000000 0.0000000 1.0000000
vn 0.0000000 -0.0000000 -1.0000000
vn 0.5555702 -0.8314696 0.0000000
vn 0.0000000 0.0000000 1.0000000
vn 0.5555702 -0.8314696 0.0000000
vn 0.0000000 -0.0000000 -1.0000000
vn 0.5555702 -0.8314696 0.0000000
vn 0.0000000 0.0000000 1.0000000
vn 0.5555702 -0.8314696 0.0000000
vn 0.0000000 -0.0000000 -1.0000000
vn 0.5555702 0.8314696 -0.0000000
vn 0.0000000 0.0000000 1.0000000
vn 0.5555702 0.8314696 -0.0000000
vn 0.0000000 -0.0000000 -1.0000000
vn 0.5555702 0.8314696 -0.0000000
vn 0.0000000 0.0000000 1.0000000
vn 0.5555702 0.8314696 -0.0000000
vn 0.0000000 -0.0000000 -1.0000000
vn 0.5555702 -0.8314696 0.0000000
vn 0.0000000 0.0000000 1.0000000
vn 0.5555702 -0.8314696 0.0000000
vn 0.0000000 -0.0000000 -1.0000000
vn 0.5555702 -0.8314696 0.0000000
vn 0.0000000 0.0000000 1.0000000
vn 0.5555702 -0.8314696 0.0000000
vn 0.0000000 -0.0000000 -1.0000000
vn 0.5555702 0.8314696 -0.0000000
vn 0.0000000 0.0000000 1.0000000
vn 0.5555702 0.8314696 -0.0000000
vn 0.0000000 -0.0000000 -1.0000000
vn 0.5555702 0.8314696 -0.0000000
vn 0.0000000 0.0000000 1.0000000
vn 0.5555702 0.8314696 -0.0000000
vn -0.7071068 0.7071068 -0.0000000
vn 0.0000000 -0.0000000 -1.0000000
vn -0.7071068 0.7071068 -0.0000000
vn 0.0000000 0.0000000 1.0000000
vn -0.7071068 0.7071068 -0.0000000
vn 0.0000000 -0.0000000 -1.0000000
vn -0.7071068 0.7071068 -0.0000000
vn 0.0000000 0.0000000 1.0000000
vn -0.7071068 -0.7071068 0.0000000
vn 0.0000000 -0.0000000 -1.0000000
vn -0.7071068 -0.7071068 0.0000000
vn 0.0000000 0.0000000 1.0000000
vn -0.7071068 -0.7071068 0.0000000
vn 0.0000000 -0.0000000 -1.0000000
vn -0.7071068 -0.7071068 0.0000000
vn 0.0000000 0.0000000 1.0000000
vn -0.8314696 0.5555702 -0.0000000
vn 0.0000000 -0.0000000 -1.0000000
vn -0.8314696 0.5555702 -0.0000000
vn 0.0000000 0.0000000 1.0000000
vn -0.8314696 0.5555702 -0.0000000
vn 0.0000000 -0.0000000 -1.0000000
vn -0.8314696 0.5555702 -0.0000000
vn 0.0000000 0.0000000 1.0000000
vn -0.8314696 -0.5555702 0.0000000
vn 0.0000000 -0.0000000 -1.0000000
vn -0.8314696 -0.5555702 0.0000000
vn 0.0000000 0.0000000 1.0000000
vn -0.8314696 -0.5555702 0.0000000
vn 0.0000000 -0.0000000 -1.0000000
vn -0.8314696 -0.5555702 0.0000000
vn 0.0000000 0.0000000 1.0000000
vn -0.7071068 0.7071068 -0.0000000
vn 0.0000000 -0.0000000 -1.0000000
vn -0.7071068 0.7071068 -0.0000000
vn 0.0000000 0.0000000 1.0000000
vn -0.7071068 0.7071068 -0.0000000
vn 0.0000000 -0.0000000 -1.0000000
vn -0.7071068 0.7071068 -0.0000000
vn 0.0000000 0.0000000 1.0000000
vn -0.7071068 -0.7071068 0.0000000
vn 0.0000000 -0.0000000 -1.0000000
vn -0.7071068 -0.7071068 0.0000000
vn 0.0000000 0.0000000 1.0000000
vn -0.7071068 -0.7071068 0.0000000
vn 0.0000000 -0.0000000 -1.0000000
vn -0.7071068 -0.7071068 0.0000000
vn 0.0000000 0.0000000 1.0000000
vn 0.0000000 -0.0000000 -1.0000000
vn 0.7071068 -0.7071068 0.0000000
vn 0.0000000 0.0000000 1.0000000
vn 0.7071068 -0.7071068 0.0000000
vn 0.0000000 -0.0000000 -1.0000000
vn 0.7071068 -0.7071068 0.0000000
vn 0.0000000 0.0000000 1.0000000
vn 0.7071068 -0.7071068 0.0000000
vn 0.0000000 -0.0000000 -1.0000000
vn 0.7071068 0.7071068 -0.0000000
vn 0.0000000 0.0000000 1.0000000
vn 0.7071068 0.7071068 -0.0000000
vn 0.0000000 -0.0000000 -1.0000000
vn 0.7071068 0.7071068 -0.0000000
vn 0.0000000 0.0000000 1.0000000
vn 0.7071068 0.7071068 -0.0000000
vn -0.4539420 -0.8030246 -0.3861194
vn -0.4539420 -0.8030246 -0.3861194
vn -0.4539420 -0.8030246 -0.3861194
vn -0.4749836 -0.8419727 0.2558760
vn -0.4749836 -0.8419727 0.2558760
vn -0.4749836 -0.8419727 0.2558760
vn -0.4539420 -0.8030246 -0.3861194
vn -0.4539420 -0.8030246 -0.3861194
vn -0.4539420 -0.8030246 -0.3861194
vn -0.4749836 -0.8419727 0.2558760
vn -0.4749836 -0.8419727 0.2558760
vn -0.4749836 -0.8419727 0.2558760
vn -0.4668647 0.8468118 -0.2548473
vn -0.4668647 0.8468118 -0.2548473
vn -0.4668647 0.8468118 -0.2548473
vn -0.4884667 0.8592001 0.1522347
vn -0.4884667 0.8592001 0.1522347
vn -0.4884667 0.8592001 0.1522347
vn -0.4668647 0.8468118 -0.2548473
vn -0.4668647 0.8468118 -0.2548473
vn -0.4668647 0.8468118 -0.2548473
vn -0.4884667 0.8592001 0.1522347
vn -0.4884667 0.8592001 0.1522347
vn -0.4884667 0.8592001 0.1522347
vn 0.0000000 -0.0000000 -1.0000000
vn 0.7071068 -0.7071068 0.0000000
vn 0.0000000 0.0000000 1.0000000
vn 0.7071068 -0.7071068 0.0000000
vn 0.0000000 -0.0000000 -1.0000000
vn 0.7071068 -0.7071068 0.0000000
vn 0.0000000 0.0000000 1.0000000
vn 0.7071068 -0.7071068 0.0000000
vn 0.0000000 -0.0000000 -1.0000000
vn 0.7071068 0.7071068 -0.0000000
vn 0.0000000 0.0000000 1.0000000
vn 0.7071068 0.7071068 -0.0000000
vn 0.0000000 -0.0000000 -1.0000000
vn 0.7071068 0.7071068 -0.0000000
vn 0.0000000 0.0000000 1.0000000
vn 0.7071068 0.7071068 -0.0000000
vn -0.0528225 -0.1142720 -0.9920442
vn -0.0528225 -0.1142720 -0.9920442
vn -0.0574173 -0.1123437 0.9920091
vn -0.0574173 -0.1123437 0.9920091
vn -0.0528225 -0.1142720 -0.9920442
vn -0.0528225 -0.1142720 -0.9920442
vn -0.0574173 -0.1123437 0.9920091
vn -0.0574173 -0.1123437 0.9920091
vn -0.1003806 0.1937855 -0.9758949
vn -0.1003806 0.1937855 -0.9758949
vn -0.1003806 0.1937855 0.9758949
vn -0.1003806 0.1937855 0.9758949
vn -0.1003806 0.1937855 -0.9758949
vn -0.1003806 0.1937855 -0.9758949
vn -0.1003806 0.1937855 0.9758949
vn -0.1003806 0.1937855 0.9758949
vn 0.6479446 -0.7317167 -0.2115618
vn 0.7701676 -0.5846484 0.2550062
vn 0.6479446 -0.7317167 -0.2115618
vn 0.7701676 -0.5846484 0.2550062
vn 0.7119755 0.6557875 -0.2510650
vn 0.7274431 0.6700345 0.1479199
vn 0.7119755 0.6557875 -0.2510650
vn 0.7274431 0.6700345 0.1479199
vn -0.9238795 0.3826834 -0.0000000
vn 0.0000000 -0.0000000 -1.0000000
vn -0.9238795 0.3826834 -0.0000000
vn 0.0000000 0.0000000 1.0000000
vn -0.9238795 0.3826834 -0.0000000
vn 0.0000000 -0.0000000 -1.0000000
vn -0.9238795 0.3826834 -0.0000000
vn 0.0000000 0.0000000 1.0000000
vn -0.9238795 -0.3826834 0.0000000
vn 0.0000000 -0.0000000 -1.0000000
vn -0.9238795 -0.3826834 0.0000000
vn 0.0000000 0.0000000 1.0000000
vn -0.9238795 -0.3826834 0.0000000
vn 0.0000000 -0.0000000 -1.0000000
vn -0.9238795 -0.3826834 0.0000000
vn 0.0000000 0.0000000 1.0000000
vn 0.1191716 0.1840066 -0.9756740
vn 0.1191716 0.1840066 -0.9756740
vn 0.1256143 0.1781281 0.9759567
vn 0.1256143 0.1781281 0.9759567
vn 0.1191716 0.1840066 -0.9756740
vn 0.1191716 0.1840066 -0.9756740
vn 0.1256143 0.1781281 0.9759567
vn 0.1256143 0.1781281 0.9759567
vn 0.1791614 -0.2926634 -0.9392813
vn 0.1791614 -0.2926634 -0.9392813
vn 0.1791614 -0.2926634 0.9392813
vn 0.1791614 -0.2926634 0.9392813
vn 0.1791614 -0.2926634 -0.9392813
vn 0.1791614 -0.2926634 -0.9392813
vn 0.1791614 -0.2926634 0.9392813
vn 0.1791614 -0.2926634 0.9392813
vn 0.4684687 0.7946376 -0.3861194
vn 0.4684687 0.7946376 -0.3861194
vn 0.4684687 0.7946376 -0.3861194
vn 0.4916779 0.8323343 0.2558760
vn 0.4916779 0.8323343 0.2558760
vn 0.4916779 0.8323343 0.2558760
vn 0.4684687 0.7946376 -0.3861194
vn 0.4684687 0.7946376 -0.3861194
vn 0.4684687 0.7946376 -0.3861194
vn 0.4916779 0.8323343 0.2558760
vn 0.4916779 0.8323343 0.2558760
vn 0.4916779 0.8323343 0.2558760
vn 0.4999281 -0.8277226 -0.2548473
vn 0.4999281 -0.8277226 -0.2548473
vn 0.4999281 -0.8277226 -0.2548473
vn 0.4998558 -0.8526247 0.1522347
vn 0.4998558 -0.8526247 0.1522347
vn 0.4998558 -0.8526247 0.1522347
vn 0.4999281 -0.8277226 -0.2548473
vn 0.4999281 -0.8277226 -0.2548473
vn 0.4999281 -0.8277226 -0.2548473
vn 0.4998558 -0.8526247 0.1522347
vn 0.4998558 -0.8526247 0.1522347
vn 0.4998558 -0.8526247 0.1522347
vn 0.9215876 -0.3112139 -0.2319962
vn 0.9239164 -0.2886951 0.2510650
vn 0.9215876 -0.3112139 -0.2319962
vn 0.9239164 -0.2886951 0.2510650
vn 0.8914042 0.3746604 -0.2550062
vn 0.9204733 0.2321116 0.3144093
vn 0.8914042 0.3746604 -0.2550062
vn 0.9204733 0.2321116 0.3144093
vn -0.9807853 0.1950903 -0.0000000
vn 0.0000000 -0.0000000 -1.0000000
vn -0.9807853 0.1950903 -0.0000000
vn 0.0000000 0.0000000 1.0000000
vn -0.9807853 0.1950903 -0.0000000
vn 0.0000000 -0.0000000 -1.0000000
vn -0.9807853 0.1950903 -0.0000000
vn 0.0000000 0.0000000 1.0000000
vn -0.9807853 -0.1950903 0.0000000
vn 0.0000000 -0.0000000 -1.0000000
vn -0.9807853 -0.1950903 0.0000000
vn 0.0000000 0.0000000 1.0000000
vn -0.9807853 -0.1950903 0.0000000
vn 0.0000000 -0.0000000 -1.0000000
vn -0.9807853 -0.1950903 0.0000000
vn 0.0000000 0.0000000 1.0000000
vn -0.8314696 0.5555702 -0.0000000
vn 0.0000000 -0.0000000 -1.0000000
vn -0.8314696 0.5555702 -0.0000000
vn 0.0000000 0.0000000 1.0000000
vn -0.8314696 0.5555702 -0.0000000
vn 0.0000000 -0.0000000 -1.0000000
vn -0.8314696 0.5555702 -0.0000000
vn 0.0000000 0.0000000 1.0000000
vn -0.8314696 -0.5555702 0.0000000
vn 0.0000000 -0.0000000 -1.0000000
vn -0.8314696 -0.5555702 0.0000000
vn 0.0000000 0.0000000 1.0000000
vn -0.8314696 -0.5555702 0.0000000
vn 0.0000000 -0.0000000 -1.0000000
vn -0.8314696 -0.5555702 0.0000000
vn 0.0000000 0.0000000 1.0000000
vn -1.0000000 0.0000000 0.0000000
vn -1.0000000 -0.0000000 0.0000000
vn 0.0000000 -0.0000000 -1.0000000
vn -1.0000000 0.0000000 0.0000000
vn -1.0000000 -0.0000000 0.0000000
vn 0.0000000 0.0000000 1.0000000
vn -1.0000000 0.0000000 0.0000000
vn -1.0000000 -0.0000000 0.0000000
vn 0.0000000 -0.0000000 -1.0000000
vn -1.0000000 0.0000000 0.0000000
vn -1.0000000 -0.0000000 0.0000000
vn 0.0000000 0.0000000 1.0000000
vn 0.0000000 -0.0000000 -1.0000000
vn 0.8314696 -0.5555702 0.0000000
vn 0.0000000 0.0000000 1.0000000
vn 0.8314696 -0.5555702 0.0000000
vn 0.0000000 -0.0000000 -1.0000000
vn 0.8314696 -0.5555702 0.0000000
vn 0.0000000 0.0000000 1.0000000
vn 0.8314696 -0.5555702 0.0000000
vn 0.0000000 -0.0000000 -1.0000000
vn 0.8314696 0.5555702 -0.0000000
vn 0.0000000 0.0000000 1.0000000
vn 0.8314696 0.5555702 -0.0000000
vn 0.0000000 -0.0000000 -1.0000000
vn 0.8314696 0.5555702 -0.0000000
vn 0.0000000 0.0000000 1.0000000
vn 0.8314696 0.5555702 -0.0000000
vn 0.0000000 -0.0000000 -1.0000000
vn 0.8314696 -0.5555702 0.0000000
vn 0.0000000 0.0000000 1.0000000
vn 0.8314696 -0.5555702 0.0000000
vn 0.0000000 -0.0000000 -1.0000000
vn 0.8314696 -0.5555702 0.0000000
vn 0.0000000 0.0000000 1.0000000
vn 0.8314696 -0.5555702 0.0000000
vn 0.0000000 -0.0000000 -1.0000000
vn 0.8314696 0.5555702 -0.0000000
vn 0.0000000 0.0000000 1.0000000
vn 0.8314696 0.5555702 -0.0000000
vn 0.0000000 -0.0000000 -1.0000000
vn 0.8314696 0.5555702 -0.0000000
vn 0.0000000 0.0000000 1.0000000
vn 0.8314696 0.5555702 -0.0000000
vn 0.0190892 -0.9667929 -0.2548473
vn 0.0190892 -0.9667929 -0.2548473
vn 0.0190892 -0.9667929 -0.2548473
vn 0.0065755 -0.9883225 0.1522347
vn 0.0065755 -0.9883225 0.1522347
vn 0.0065755 -0.9883225 0.1522347
vn 0.0190892 -0.9667929 -0.2548473
vn 0.0190892 -0.9667929 -0.2548473
vn 0.0190892 -0.9667929 -0.2548473
vn 0.0065755 -0.9883225 0.1522347
vn 0.0065755 -0.9883225 0.1522347
vn 0.0065755 -0.9883225 0.1522347
vn 0.0088266 -0.3430346 -0.9392813
vn 0.0088266 -0.3430346 -0.9392813
vn 0.0088266 -0.3430346 0.9392813
vn 0.0088266 -0.3430346 0.9392813
vn 0.0088266 -0.3430346 -0.9392813
vn 0.0088266 -0.3430346 -0.9392813
vn 0.0088266 -0.3430346 0.9392813
vn 0.0088266 -0.3430346 0.9392813
vn 0.0099606 0.2180134 -0.9758949
vn 0.0099606 0.2180134 -0.9758949
vn 0.0099606 0.2180134 0.9758949
vn 0.0099606 0.2180134 0.9758949
vn 0.0099606 0.2180134 -0.9758949
vn 0.0099606 0.2180134 -0.9758949
vn 0.0099606 0.2180134 0.9758949
vn 0.0099606 0.2180134 0.9758949
vn 0.0190892 0.9667929 -0.2548473
vn 0.0190892 0.9667929 -0.2548473
vn 0.0190892 0.9667929 -0.2548473
vn 0.0065755 0.9883225 0.1522347
vn 0.0065755 0.9883225 0.1522347
vn 0.0065755 0.9883225 0.1522347
vn 0.0190892 0.9667929 -0.2548473
vn 0.0190892 0.9667929 -0.2548473
vn 0.0190892 0.9667929 -0.2548473
vn 0.0065755 0.9883225 0.1522347
vn 0.0065755 0.9883225 0.1522347
vn 0.0065755 0.9883225 0.1522347
vn 0.9593089 -0.1212366 -0.2550062
vn 0.9132090 -0.2592221 0.3144093
vn 0.9593089 -0.1212366 -0.2550062
vn 0.9132090 -0.2592221 0.3144093
vn 0.9444826 0.2119409 -0.2510650
vn 0.9650015 0.2165453 0.1479199
vn 0.9444826 0.2119409 -0.2510650
vn 0.9650015 0.2165453 0.1479199
vn -0.9238795 0.3826834 -0.0000000
vn 0.0000000 -0.0000000 -1.0000000
vn -0.9238795 0.3826834 -0.0000000
vn 0.0000000 0.0000000 1.0000000
vn -0.9238795 0.3826834 -0.0000000
vn 0.0000000 -0.0000000 -1.0000000
vn -0.9238795 0.3826834 -0.0000000
vn 0.0000000 0.0000000 1.0000000
vn -0.9238795 -0.3826834 0.0000000
vn 0.0000000 -0.0000000 -1.0000000
vn -0.9238795 -0.3826834 0.0000000
vn 0.0000000 0.0000000 1.0000000
vn -0.9238795 -0.3826834 0.0000000
vn 0.0000000 -0.0000000 -1.0000000
vn -0.9238795 -0.3826834 0.0000000
vn 0.0000000 0.0000000 1.0000000
vn 0.0000000 -0.0000000 -1.0000000
vn 0.9238795 -0.3826834 0.0000000
vn 0.0000000 0.0000000 1.0000000
vn 0.9238795 -0.3826834 0.0000000
vn 0.0000000 -0.0000000 -1.0000000
vn 0.9238795 -0.3826834 0.0000000
vn 0.0000000 0.0000000 1.0000000
vn 0.9238795 -0.3826834 0.0000000
vn 0.0000000 -0.0000000 -1.0000000
vn 0.9238795 0.3826834 -0.0000000
vn 0.0000000 0.0000000 1.0000000
vn 0.9238795 0.3826834 -0.0000000
vn 0.0000000 -0.0000000 -1.0000000
vn 0.9238795 0.3826834 -0.0000000
vn 0.0000000 0.0000000 1.0000000
vn 0.9238795 0.3826834 -0.0000000
vn 0.0000000 -0.0000000 -1.0000000
vn 0.9238795 -0.3826834 0.0000000
vn 0.0000000 0.0000000 1.0000000
vn 0.9238795 -0.3826834 0.0000000
vn 0.0000000 -0.0000000 -1.0000000
vn 0.9238795 -0.3826834 0.0000000
vn 0.0000000 0.0000000 1.0000000
vn 0.9238795 -0.3826834 0.0000000
vn 0.0000000 -0.0000000 -1.0000000
vn 0.9238795 0.3826834 -0.0000000
vn 0.0000000 0.0000000 1.0000000
vn 0.9238795 0.3826834 -0.0000000
vn 0.0000000 -0.0000000 -1.0000000
vn 0.9238795 0.3826834 -0.0000000
vn 0.0000000 0.0000000 1.0000000
vn 0.9238795 0.3826834 -0.0000000
vn -0.9807853 0.1950903 -0.0000000
vn 0.0000000 -0.0000000 -1.0000000
vn -0.9807853 0.1950903 -0.0000000
vn 0.0000000 0.0000000 1.0000000
vn -0.9807853 0.1950903 -0.0000000
vn 0.0000000 -0.0000000 -1.0000000
vn -0.9807853 0.1950903 -0.0000000
vn 0.0000000 0.0000000 1.0000000
vn -0.9807853 -0.1950903 0.0000000
vn 0.0000000 -0.0000000 -1.0000000
vn -0.9807853 -0.1950903 0.0000000
vn 0.0000000 0.0000000 1.0000000
vn -0.9807853 -0.1950903 0.0000000
vn 0.0000000 -0.0000000 -1.0000000
vn -0.9807853 -0.1950903 0.0000000
vn 0.0000000 0.0000000 1.0000000
vn -1.0000000 0.0000000 0.0000000
vn -1.0000000 -0.0000000 0.0000000
vn 0.0000000 -0.0000000 -1.0000000
vn -1.0000000 0.0000000 0.0000000
vn -1.0000000 -0.0000000 0.0000000
vn 0.0000000 0.0000000 1.0000000
vn -1.0000000 0.0000000 0.0000000
vn -1.0000000 -0.0000000 0.0000000
vn 0.0000000 -0.0000000 -1.0000000
vn -1.0000000 0.0000000 0.0000000
vn -1.0000000 -0.0000000 0.0000000
vn 0.0000000 0.0000000 1.0000000
vn 0.0000000 -0.0000000 -1.0000000
vn 0.9807853 -0.1950903 0.0000000
vn 0.0000000 0.0000000 1.0000000
vn 0.9807853 -0.1950903 0.0000000
vn 0.0000000 -0.0000000 -1.0000000
vn 0.9807853 -0.1950903 0.0000000
vn 0.0000000 0.0000000 1.0000000
vn 0.9807853 -0.1950903 0.0000000
vn 0.0000000 -0.0000000 -1.0000000
vn 0.9807853 0.1950903 -0.0000000
vn 0.0000000 0.0000000 1.0000000
vn 0.9807853 0.1950903 -0.0000000
vn 0.0000000 -0.0000000 -1.0000000
vn 0.9807853 0.1950903 -0.0000000
vn 0.0000000 0.0000000 1.0000000
vn 0.9807853 0.1950903 -0.0000000
vn 0.0000000 -0.0000000 -1.0000000
vn 1.0000000 0.0000000 0.0000000
vn 1.0000000 0.0000000 -0.0000000
vn 0.0000000 0.0000000 1.0000000
vn 1.0000000 0.0000000 0.0000000
vn 1.0000000 0.0000000 -0.0000000
vn 0.0000000 -0.0000000 -1.0000000
vn 1.0000000 0.0000000 0.0000000
vn 1.0000000 0.0000000 -0.0000000
vn 0.0000000 0.0000000 1.0000000
vn 1.0000000 0.0000000 0.0000000
vn 1.0000000 0.0000000 -0.0000000
vn 0.0000000 -0.0000000 -1.0000000
vn 0.9807853 -0.1950903 0.0000000
vn 0.0000000 0.0000000 1.0000000
vn 0.9807853 -0.1950903 0.0000000
vn 0.0000000 -0.0000000 -1.0000000
vn 0.9807853 -0.1950903 0.0000000
vn 0.0000000 0.0000000 1.0000000
vn 0.9807853 -0.1950903 0.0000000
vn 0.0000000 -0.0000000 -1.0000000
vn 0.9807853 0.1950903 -0.0000000
vn 0.0000000 0.0000000 1.0000000
vn 0.9807853 0.1950903 -0.0000000
vn 0.0000000 -0.0000000 -1.0000000
vn 0.9807853 0.1950903 -0.0000000
vn 0.0000000 0.0000000 1.0000000
vn 0.9807853 0.1950903 -0.0000000
vn 0.0000000 -0.0000000 -1.0000000
vn 1.0000000 0.0000000 0.0000000
vn 1.0000000 0.0000000 -0.0000000
vn 0.0000000 0.0000000 1.0000000
vn 1.0000000 0.0000000 0.0000000
vn 1.0000000 0.0000000 -0.0000000
vn 0.0000000 -0.0000000 -1.0000000
vn 1.0000000 0.0000000 0.0000000
vn 1.0000000 0.0000000 -0.0000000
vn 0.0000000 0.0000000 1.0000000
vn 1.0000000 0.0000000 0.0000000
vn 1.0000000 0.0000000 -0.0000000
vn -0.9246133 -0.0333397 -0.3794454
vn -0.9663558 -0.0130151 0.2568794
vn -0.9246133 -0.0333397 -0.3794454
vn -0.9663558 -0.0130151 0.2568794
vn -0.9881140 0.0262626 -0.1514627
vn -0.9661190 0.0256780 0.2568164
vn -0.9881140 0.0262626 -0.1514627
vn -0.9661190 0.0256780 0.2568164
vn -0.1677894 -0.9714389 -0.1677894
vn -0.1677894 -0.9714389 -0.1677894
vn -0.3523606 -0.9135411 0.2031861
vn -0.3523606 -0.9135411 0.2031861
vn -0.3523606 -0.9135411 0.2031861
vn -0.1677894 -0.9714389 -0.1677894
vn -0.1677894 -0.9714389 -0.1677894
vn -0.3523606 -0.9135411 0.2031861
vn -0.3523606 -0.9135411 0.2031861
vn -0.3523606 -0.9135411 0.2031861
vn -0.2520589 -0.0437053 -0.9667245
vn -0.2520589 -0.0437053 -0.9667245
vn -0.2520589 -0.0437053 0.9667245
vn -0.2520589 -0.0437053 0.9667245
vn -0.2520589 -0.0437053 -0.9667245
vn -0.2520589 -0.0437053 -0.9667245
vn -0.2520589 -0.0437053 0.9667245
vn -0.2520589 -0.0437053 0.9667245
vn -0.2544859 0.0223602 -0.9668180
vn -0.2544859 0.0223602 -0.9668180
vn -0.2544859 0.0223602 0.9668180
vn -0.2544859 0.0223602 0.9668180
vn -0.2544859 0.0223602 -0.9668180
vn -0.2544859 0.0223602 -0.9668180
vn -0.2544859 0.0223602 0.9668180
vn -0.2544859 0.0223602 0.9668180
vn -0.1677894 0.9714389 -0.1677894
vn -0.1677894 0.9714389 -0.1677894
vn -0.3523606 0.9135411 0.2031861
vn -0.3523606 0.9135411 0.2031861
vn -0.3523606 0.9135411 0.2031861
vn -0.1677894 0.9714389 -0.1677894
vn -0.1677894 0.9714389 -0.1677894
vn -0.3523606 0.9135411 0.2031861
vn -0.3523606 0.9135411 0.2031861
vn -0.3523606 0.9135411 0.2031861
vn -0.9838018 -0.1775710 -0.0245462
vn -0.9838018 -0.1775710 -0.0245462
vn -0.9984772 -0.0531990 0.0146002
vn -0.9984772 -0.0531990 0.0146002
vn -0.9948946 0.1006535 -0.0073275
vn -0.9948946 0.1006535 -0.0073275
vn -0.9948160 0.1006455 0.0145467
vn -0.9948160 0.1006455 0.0145467
vn -0.9838018 -0.1775710 -0.0245462
vn -0.9838018 -0.1775710 -0.0245462
vn -0.9984772 -0.0531990 0.0146002
vn -0.9984772 -0.0531990 0.0146002
vn -0.9948946 0.1006535 -0.0073275
vn -0.9948946 0.1006535 -0.0073275
vn -0.9948160 0.1006455 0.0145467
vn -0.9948160 0.1006455 0.0145467
vn 0.2031861 -0.9135411 -0.3523606
vn 0.2031861 -0.9135411 -0.3523606
vn 0.2031861 -0.9135411 -0.3523606
vn 0.2263601 -0.9473765 0.2263601
vn 0.2263601 -0.9473765 0.2263601
vn 0.2031861 -0.9135411 -0.3523606
vn 0.2031861 -0.9135411 -0.3523606
vn 0.2031861 -0.9135411 -0.3523606
vn 0.2263601 -0.9473765 0.2263601
vn 0.2263601 -0.9473765 0.2263601
vn 0.1531811 -0.0153160 -0.9880794
vn 0.1531811 -0.0153160 -0.9880794
vn 0.1531811 -0.0153160 0.9880794
vn 0.1531811 -0.0153160 0.9880794
vn 0.1531811 -0.0153160 -0.9880794
vn 0.1531811 -0.0153160 -0.9880794
vn 0.1531811 -0.0153160 0.9880794
vn 0.1531811 -0.0153160 0.9880794
vn 0.3846036 0.0194864 -0.9228761
vn 0.3846036 0.0194864 -0.9228761
vn 0.3846036 0.0194864 0.9228761
vn 0.3846036 0.0194864 0.9228761
vn 0.3846036 0.0194864 -0.9228761
vn 0.3846036 0.0194864 -0.9228761
vn 0.3846036 0.0194864 0.9228761
vn 0.3846036 0.0194864 0.9228761
vn 0.2031861 0.9135411 -0.3523606
vn 0.2031861 0.9135411 -0.3523606
vn 0.2031861 0.9135411 -0.3523606
vn 0.2263601 0.9473765 0.2263601
vn 0.2263601 0.9473765 0.2263601
vn 0.2031861 0.9135411 -0.3523606
vn 0.2031861 0.9135411 -0.3523606
vn 0.2031861 0.9135411 -0.3523606
vn 0.2263601 0.9473765 0.2263601
vn 0.2263601 0.9473765 0.2263601
vn -0.1524316 -0.9882785 -0.0083850
vn -0.1524316 -0.9882785 -0.0083850
vn -0.1524316 -0.9882785 -0.0083850
vn -0.3858090 -0.9225168 0.0106895
vn -0.3858090 -0.9225168 0.0106895
vn -0.3858090 -0.9225168 0.0106895
vn -0.2372365 -0.1565793 -0.9587501
vn -0.1507630 -0.0995057 0.9835493
vn -0.2469206 0.0858271 -0.9652274
vn -0.3762247 0.0754086 0.9234547
vn -0.1524316 0.9882785 -0.0083850
vn -0.1524316 0.9882785 -0.0083850
vn -0.1524316 0.9882785 -0.0083850
vn -0.3829908 0.9235688 0.0184021
vn -0.3829908 0.9235688 0.0184021
vn -0.3829908 0.9235688 0.0184021
vn -0.1524316 -0.9882785 -0.0083850
vn -0.1524316 -0.9882785 -0.0083850
vn -0.1524316 -0.9882785 -0.0083850
vn -0.3858090 -0.9225168 0.0106895
vn -0.3858090 -0.9225168 0.0106895
vn -0.3858090 -0.9225168 0.0106895
vn -0.2372365 -0.1565793 -0.9587501
vn -0.1507630 -0.0995057 0.9835493
vn -0.2469206 0.0858271 -0.9652274
vn -0.3762247 0.0754086 0.9234547
vn -0.1524316 0.9882785 -0.0083850
vn -0.1524316 0.9882785 -0.0083850
vn -0.1524316 0.9882785 -0.0083850
vn -0.3829908 0.9235688 0.0184021
vn -0.3829908 0.9235688 0.0184021
vn -0.3829908 0.9235688 0.0184021
vn 0.0098294 -0.9605023 -0.2780986
vn 0.0107939 -0.9859167 0.1668884
vn 0.0098294 -0.9605023 -0.2780986
vn 0.0107939 -0.9859167 0.1668884
vn 0.0098294 -0.9605023 -0.2780986
vn 0.0107939 -0.9859167 0.1668884
vn 0.0098294 -0.9605023 -0.2780986
vn 0.0107939 -0.9859167 0.1668884
vn 0.0098294 -0.9605023 -0.2780986
vn 0.0107939 -0.9859167 0.1668884
vn 0.0098294 -0.9605023 -0.2780986
vn 0.0107939 -0.9859167 0.1668884
vn 0.0098294 -0.9605023 -0.2780986
vn 0.0107939 -0.9859167 0.1668884
vn 0.0118149 -0.1515044 -0.9883860
vn 0.0118149 -0.1515044 -0.9883860
vn 0.0115517 -0.2568840 0.9663732
vn 0.0115517 -0.2568840 0.9663732
vn 0.0118149 -0.1515044 -0.9883860
vn 0.0118149 -0.1515044 -0.9883860
vn 0.0115517 -0.2568840 0.9663732
vn 0.0115517 -0.2568840 0.9663732
vn 0.0118149 -0.1515044 -0.9883860
vn 0.0118149 -0.1515044 -0.9883860
vn 0.0115517 -0.2568840 0.9663732
vn 0.0115517 -0.2568840 0.9663732
vn 0.0118149 -0.1515044 -0.9883860
vn 0.0118149 -0.1515044 -0.9883860
vn 0.0115517 -0.2568840 0.9663732
vn 0.0115517 -0.2568840 0.9663732
vn 0.0118149 -0.1515044 -0.9883860
vn 0.0118149 -0.1515044 -0.9883860
vn 0.0115517 -0.2568840 0.9663732
vn 0.0115517 -0.2568840 0.9663732
vn 0.0118149 -0.1515044 -0.9883860
vn 0.0118149 -0.1515044 -0.9883860
vn 0.0115517 -0.2568840 0.9663732
vn 0.0115517 -0.2568840 0.9663732
vn 0.0118149 -0.1515044 -0.9883860
vn 0.0118149 -0.1515044 -0.9883860
vn 0.0115517 -0.2568840 0.9663732
vn 0.0115517 -0.2568840 0.9663732
vn 0.0115517 0.2568840 -0.9663732
vn 0.0115517 0.2568840 -0.9663732
vn 0.0100354 0.2558332 0.9666688
vn 0.0100354 0.2558332 0.9666688
vn 0.0115517 0.2568840 -0.9663732
vn 0.0115517 0.2568840 -0.9663732
vn 0.0100354 0.2558332 0.9666688
vn 0.0100354 0.2558332 0.9666688
vn 0.0115517 0.2568840 -0.9663732
vn 0.0115517 0.2568840 -0.9663732
vn 0.0100354 0.2558332 0.9666688
vn 0.0100354 0.2558332 0.9666688
vn 0.0115517 0.2568840 -0.9663732
vn 0.0115517 0.2568840 -0.9663732
vn 0.0100354 0.2558332 0.9666688
vn 0.0100354 0.2558332 0.9666688
vn 0.0115517 0.2568840 -0.9663732
vn 0.0115517 0.2568840 -0.9663732
vn 0.0100354 0.2558332 0.9666688
vn 0.0100354 0.2558332 0.9666688
vn 0.0115517 0.2568840 -0.9663732
vn 0.0115517 0.2568840 -0.9663732
vn 0.0100354 0.2558332 0.9666688
vn 0.0100354 0.2558332 0.9666688
vn 0.0115517 0.2568840 -0.9663732
vn 0.0115517 0.2568840 -0.9663732
vn 0.0100354 0.2558332 0.9666688
vn 0.0100354 0.2558332 0.9666688
vn 0.0059275 0.9858195 -0.1677047
vn 0.0213533 0.9858831 0.1660681
vn 0.0059275 0.9858195 -0.1677047
vn 0.0213533 0.9858831 0.1660681
vn 0.0059275 0.9858195 -0.1677047
vn 0.0213533 0.9858831 0.1660681
vn 0.0059275 0.9858195 -0.1677047
vn 0.0213533 0.9858831 0.1660681
vn 0.0059275 0.9858195 -0.1677047
vn 0.0213533 0.9858831 0.1660681
vn 0.0059275 0.9858195 -0.1677047
vn 0.0213533 0.9858831 0.1660681
vn 0.0059275 0.9858195 -0.1677047
vn 0.0213533 0.9858831 0.1660681
vn 0.9246133 -0.0333397 -0.3794454
vn 0.9663558 -0.0130151 0.2568794
vn 0.9246133 -0.0333397 -0.3794454
vn 0.9663558 -0.0130151 0.2568794
vn 0.9881140 0.0262626 -0.1514627
vn 0.9661190 0.0256780 0.2568164
vn 0.9881140 0.0262626 -0.1514627
vn 0.9661190 0.0256780 0.2568164
vn 0.9212634 -0.3671346 -0.1283978
vn 0.9212634 -0.3671346 -0.1283978
vn 0.9747700 -0.1494173 0.1658250
vn 0.9747700 -0.1494173 0.1658250
vn 0.9747700 -0.1494173 0.1658250
vn 0.9212634 -0.3671346 -0.1283978
vn 0.9212634 -0.3671346 -0.1283978
vn 0.9747700 -0.1494173 0.1658250
vn 0.9747700 -0.1494173 0.1658250
vn 0.9747700 -0.1494173 0.1658250
vn 0.9212634 -0.3671346 -0.1283978
vn 0.9212634 -0.3671346 -0.1283978
vn 0.9747700 -0.1494173 0.1658250
vn 0.9747700 -0.1494173 0.1658250
vn 0.9747700 -0.1494173 0.1658250
vn 0.9212634 -0.3671346 -0.1283978
vn 0.9212634 -0.3671346 -0.1283978
vn 0.9747700 -0.1494173 0.1658250
vn 0.9747700 -0.1494173 0.1658250
vn 0.9747700 -0.1494173 0.1658250
vn 0.9212634 -0.3671346 -0.1283978
vn 0.9212634 -0.3671346 -0.1283978
vn 0.9747700 -0.1494173 0.1658250
vn 0.9747700 -0.1494173 0.1658250
vn 0.9747700 -0.1494173 0.1658250
vn 0.9212634 -0.3671346 -0.1283978
vn 0.9212634 -0.3671346 -0.1283978
vn 0.9747700 -0.1494173 0.1658250
vn 0.9747700 -0.1494173 0.1658250
vn 0.9747700 -0.1494173 0.1658250
vn 0.9212634 -0.3671346 -0.1283978
vn 0.9212634 -0.3671346 -0.1283978
vn 0.9747700 -0.1494173 0.1658250
vn 0.9747700 -0.1494173 0.1658250
vn 0.9747700 -0.1494173 0.1658250
vn 0.9601647 0.2389261 -0.1449070
vn 0.9601647 0.2389261 -0.1449070
vn 0.9601647 0.2389261 -0.1449070
vn 0.9536353 0.2534980 0.1622296
vn 0.9536353 0.2534980 0.1622296
vn 0.9536353 0.2534980 0.1622296
vn 0.9601647 0.2389261 -0.1449070
vn 0.9601647 0.2389261 -0.1449070
vn 0.9601647 0.2389261 -0.1449070
vn 0.9536353 0.2534980 0.1622296
vn 0.9536353 0.2534980 0.1622296
vn 0.9536353 0.2534980 0.1622296
vn 0.9601647 0.2389261 -0.1449070
vn 0.9601647 0.2389261 -0.1449070
vn 0.9601647 0.2389261 -0.1449070
vn 0.9536353 0.2534980 0.1622296
vn 0.9536353 0.2534980 0.1622296
vn 0.9536353 0.2534980 0.1622296
vn 0.9601647 0.2389261 -0.1449070
vn 0.9601647 0.2389261 -0.1449070
vn 0.9601647 0.2389261 -0.1449070
vn 0.9536353 0.2534980 0.1622296
vn 0.9536353 0.2534980 0.1622296
vn 0.9536353 0.2534980 0.1622296
vn 0.9601647 0.2389261 -0.1449070
vn 0.9601647 0.2389261 -0.1449070
vn 0.9601647 0.2389261 -0.1449070
vn 0.9536353 0.2534980 0.1622296
vn 0.9536353 0.2534980 0.1622296
vn 0.9536353 0.2534980 0.1622296
vn 0.9601647 0.2389261 -0.1449070
vn 0.9601647 0.2389261 -0.1449070
vn 0.9601647 0.2389261 -0.1449070
vn 0.9536353 0.2534980 0.1622296
vn 0.9536353 0.2534980 0.1622296
vn 0.9536353 0.2534980 0.1622296
vn 0.9601647 0.2389261 -0.1449070
vn 0.9601647 0.2389261 -0.1449070
vn 0.9601647 0.2389261 -0.1449070
vn 0.9536353 0.2534980 0.1622296
vn 0.9536353 0.2534980 0.1622296
vn 0.9536353 0.2534980 0.1622296
vn 0.2542751 -0.9668277 -0.0242564
vn 0.2542751 -0.9668277 -0.0242564
vn 0.2542751 -0.9668277 -0.0242564
vn 0.2555907 -0.9667071 0.0122808
vn 0.2555907 -0.9667071 0.0122808
vn 0.2555907 -0.9667071 0.0122808
vn 0.1578434 -0.0600739 -0.9856351
vn 0.2556819 -0.0973105 0.9618510
vn 0.3762247 0.0754086 -0.9234547
vn 0.2469206 0.0858271 0.9652274
vn 0.2542751 0.9668277 -0.0242564
vn 0.2542751 0.9668277 -0.0242564
vn 0.2542751 0.9668277 -0.0242564
vn 0.2568946 0.9664132 0.0071177
vn 0.2568946 0.9664132 0.0071177
vn 0.2568946 0.9664132 0.0071177
vn 0.2542751 -0.9668277 -0.0242564
vn 0.2542751 -0.9668277 -0.0242564
vn 0.2542751 -0.9668277 -0.0242564
vn 0.2555907 -0.9667071 0.0122808
vn 0.2555907 -0.9667071 0.0122808
vn 0.2555907 -0.9667071 0.0122808
vn 0.1578434 -0.0600739 -0.9856351
vn 0.2556819 -0.0973105 0.9618510
vn 0.3762247 0.0754086 -0.9234547
vn 0.2469206 0.0858271 0.9652274
vn 0.2542751 0.9668277 -0.0242564
vn 0.2542751 0.9668277 -0.0242564
vn 0.2542751 0.9668277 -0.0242564
vn 0.2568946 0.9664132 0.0071177
vn 0.2568946 0.9664132 0.0071177
vn 0.2568946 0.9664132 0.0071177
vn 0.9838018 -0.1775710 -0.0245462
vn 0.9838018 -0.1775710 -0.0245462
vn 0.9984772 -0.0531990 0.0146002
vn 0.9984772 -0.0531990 0.0146002
vn 0.9948946 0.1006535 -0.0073275
vn 0.9948946 0.1006535 -0.0073275
vn 0.9948160 0.1006455 0.0145467
vn 0.9948160 0.1006455 0.0145467
vn 0.9838018 -0.1775710 -0.0245462
vn 0.9838018 -0.1775710 -0.0245462
vn 0.9984772 -0.0531990 0.0146002
vn 0.9984772 -0.0531990 0.0146002
vn 0.9948946 0.1006535 -0.0073275
vn 0.9948946 0.1006535 -0.0073275
vn 0.9948160 0.1006455 0.0145467
vn 0.9948160 0.1006455 0.0145467
vn 0.0063671 -0.9223135 -0.3863900
vn 0.0063671 -0.9223135 -0.3863900
vn 0.0073192 -0.9666160 0.2561249
vn 0.0073192 -0.9666160 0.2561249
vn 0.0063671 -0.9223135 -0.3863900
vn 0.0063671 -0.9223135 -0.3863900
vn 0.0073192 -0.9666160 0.2561249
vn 0.0073192 -0.9666160 0.2561249
vn 0.0087098 -0.0532027 -0.9985457
vn 0.0046060 -0.0534241 0.9985613
vn 0.0087098 -0.0532027 -0.9985457
vn 0.0046060 -0.0534241 0.9985613
vn 0.0086779 0.1006524 -0.9948838
vn 0.0163493 0.0998677 0.9948664
vn 0.0086779 0.1006524 -0.9948838
vn 0.0163493 0.0998677 0.9948664
vn 0.0063671 0.9223135 -0.3863900
vn 0.0063671 0.9223135 -0.3863900
vn 0.0073192 0.9666160 0.2561249
vn 0.0073192 0.9666160 0.2561249
vn 0.0063671 0.9223135 -0.3863900
vn 0.0063671 0.9223135 -0.3863900
vn 0.0073192 0.9666160 0.2561249
vn 0.0073192 0.9666160 0.2561249
vn 0.0063671 -0.9223135 -0.3863900
vn 0.0063671 -0.9223135 -0.3863900
vn 0.0073192 -0.9666160 0.2561249
vn 0.0073192 -0.9666160 0.2561249
vn 0.0063671 -0.9223135 -0.3863900
vn 0.0063671 -0.9223135 -0.3863900
vn 0.0073192 -0.9666160 0.2561249
vn 0.0073192 -0.9666160 0.2561249
vn 0.0087098 -0.0532027 -0.9985457
vn 0.0046060 -0.0534241 0.9985613
vn 0.0087098 -0.0532027 -0.9985457
vn 0.0046060 -0.0534241 0.9985613
vn 0.0086779 0.1006524 -0.9948838
vn 0.0163493 0.0998677 0.9948664
vn 0.0086779 0.1006524 -0.9948838
vn 0.0163493 0.0998677 0.9948664
vn 0.0063671 0.9223135 -0.3863900
vn 0.0063671 0.9223135 -0.3863900
vn 0.0073192 0.9666160 0.2561249
vn 0.0073192 0.9666160 0.2561249
vn 0.0063671 0.9223135 -0.3863900
vn 0.0063671 0.9223135 -0.3863900
vn 0.0073192 0.9666160 0.2561249
vn 0.0073192 0.9666160 0.2561249
vn 0.9587501 -0.1565793 -0.2372365
vn 0.9587501 -0.1565793 -0.2372365
vn 0.9651590 -0.0514238 0.2565613
vn 0.9651590 -0.0514238 0.2565613
vn 0.9651590 -0.0514238 0.2565613
vn 0.9587501 -0.1565793 -0.2372365
vn 0.9587501 -0.1565793 -0.2372365
vn 0.9651590 -0.0514238 0.2565613
vn 0.9651590 -0.0514238 0.2565613
vn 0.9651590 -0.0514238 0.2565613
vn 0.9652274 0.0858271 -0.2469206
vn 0.9652274 0.0858271 -0.2469206
vn 0.9652274 0.0858271 -0.2469206
vn 0.9618510 0.0973105 0.2556819
vn 0.9618510 0.0973105 0.2556819
vn 0.9618510 0.0973105 0.2556819
vn 0.9652274 0.0858271 -0.2469206
vn 0.9652274 0.0858271 -0.2469206
vn 0.9652274 0.0858271 -0.2469206
vn 0.9618510 0.0973105 0.2556819
vn 0.9618510 0.0973105 0.2556819
vn 0.9618510 0.0973105 0.2556819
vn 0.9587501 -0.1565793 -0.2372365
vn 0.9587501 -0.1565793 -0.2372365
vn 0.9651590 -0.0514238 0.2565613
vn 0.9651590 -0.0514238 0.2565613
vn 0.9651590 -0.0514238 0.2565613
vn 0.9587501 -0.1565793 -0.2372365
vn 0.9587501 -0.1565793 -0.2372365
vn 0.9651590 -0.0514238 0.2565613
vn 0.9651590 -0.0514238 0.2565613
vn 0.9651590 -0.0514238 0.2565613
vn 0.9652274 0.0858271 -0.2469206
vn 0.9652274 0.0858271 -0.2469206
vn 0.9652274 0.0858271 -0.2469206
vn 0.9618510 0.0973105 0.2556819
vn 0.9618510 0.0973105 0.2556819
vn 0.9618510 0.0973105 0.2556819
vn 0.9652274 0.0858271 -0.2469206
vn 0.9652274 0.0858271 -0.2469206
vn 0.9652274 0.0858271 -0.2469206
vn 0.9618510 0.0973105 0.2556819
vn 0.9618510 0.0973105 0.2556819
vn 0.9618510 0.0973105 0.2556819
o 22_Carro_Mano_Iron
usemtl Iron
s 1
f 2278/2278/2278 2316/2316/2316 2261/2261/2261
f 2278/2278/2278 2332/2332/2332 2316/2316/2316
f 2261/2261/2261 2244/2244/2244 2213/2213/2213
f 2261/2261/2261 2316/2316/2316 2244/2244/2244
f 2213/2213/2213 2148/2148/2148 2105/2105/2105
f 2213/2213/2213 2244/2244/2244 2148/2148/2148
f 2105/2105/2105 1984/1984/1984 1929/1929/1929
f 2105/2105/2105 2148/2148/2148 1984/1984/1984
f 1929/1929/1929 1880/1880/1880 1849/1849/1849
f 1929/1929/1929 1984/1984/1984 1880/1880/1880
f 1849/1849/1849 1744/1744/1744 1689/1689/1689
f 1849/1849/1849 1880/1880/1880 1744/1744/1744
f 1689/1689/1689 1648/1648/1648 1597/1597/1597
f 1689/1689/1689 1744/1744/1744 1648/1648/1648
f 1597/1597/1597 1331/1331/1331 1346/1346/1346
f 1597/1597/1597 1648/1648/1648 1331/1331/1331
f 1346/1346/1346 1091/1091/1091 1138/1138/1138
f 1346/1346/1346 1331/1331/1331 1091/1091/1091
f 1138/1138/1138 999/999/999 1054/1054/1054
f 1138/1138/1138 1091/1091/1091 999/999/999
f 1054/1054/1054 863/863/863 894/894/894
f 1054/1054/1054 999/999/999 863/863/863
f 894/894/894 759/759/759 814/814/814
f 894/894/894 863/863/863 759/759/759
f 814/814/814 599/599/599 638/638/638
f 814/814/814 759/759/759 599/599/599
f 638/638/638 503/503/503 534/534/534
f 638/638/638 599/599/599 503/503/503
f 534/534/534 439/439/439 486/486/486
f 534/534/534 503/503/503 439/439/439
f 486/486/486 431/431/431 478/478/478
f 486/486/486 439/439/439 431/431/431
f 478/478/478 447/447/447 494/494/494
f 478/478/478 431/431/431 447/447/447
f 494/494/494 511/511/511 542/542/542
f 494/494/494 447/447/447 511/511/511
f 542/542/542 607/607/607 646/646/646
f 542/542/542 511/511/511 607/607/607
f 646/646/646 767/767/767 822/822/822
f 646/646/646 607/607/607 767/767/767
f 822/822/822 871/871/871 902/902/902
f 822/822/822 767/767/767 871/871/871
f 902/902/902 1007/1007/1007 1062/1062/1062
f 902/902/902 871/871/871 1007/1007/1007
f 1062/1062/1062 1099/1099/1099 1146/1146/1146
f 1062/1062/1062 1007/1007/1007 1099/1099/1099
f 1146/1146/1146 1414/1414/1414 1399/1399/1399
f 1146/1146/1146 1099/1099/1099 1414/1414/1414
f 1399/1399/1399 1656/1656/1656 1605/1605/1605
f 1399/1399/1399 1414/1414/1414 1656/1656/1656
f 1605/1605/1605 1752/1752/1752 1697/1697/1697
f 1605/1605/1605 1656/1656/1656 1752/1752/1752
f 1697/1697/1697 1888/1888/1888 1857/1857/1857
f 1697/1697/1697 1752/1752/1752 1888/1888/1888
f 1857/1857/1857 1992/1992/1992 1937/1937/1937
f 1857/1857/1857 1888/1888/1888 1992/1992/1992
f 1937/1937/1937 2156/2156/2156 2113/2113/2113
f 1937/1937/1937 1992/1992/1992 2156/2156/2156
f 2113/2113/2113 2252/2252/2252 2221/2221/2221
f 2113/2113/2113 2156/2156/2156 2252/2252/2252
f 2221/2221/2221 2324/2324/2324 2269/2269/2269
f 2221/2221/2221 2252/2252/2252 2324/2324/2324
f 2269/2269/2269 2332/2332/2332 2278/2278/2278
f 2269/2269/2269 2324/2324/2324 2332/2332/2332
f 2333/2333/2333 2319/2319/2319 2317/2317/2317
f 2333/2333/2333 2336/2336/2336 2319/2319/2319
f 2317/2317/2317 2247/2247/2247 2245/2245/2245
f 2317/2317/2317 2319/2319/2319 2247/2247/2247
f 2245/2245/2245 2151/2151/2151 2149/2149/2149
f 2245/2245/2245 2247/2247/2247 2151/2151/2151
f 2149/2149/2149 1987/1987/1987 1985/1985/1985
f 2149/2149/2149 2151/2151/2151 1987/1987/1987
f 1985/1985/1985 1883/1883/1883 1881/1881/1881
f 1985/1985/1985 1987/1987/1987 1883/1883/1883
f 1881/1881/1881 1747/1747/1747 1745/1745/1745
f 1881/1881/1881 1883/1883/1883 1747/1747/1747
f 1745/1745/1745 1651/1651/1651 1649/1649/1649
f 1745/1745/1745 1747/1747/1747 1651/1651/1651
f 1649/1649/1649 1332/1332/1332 1330/1330/1330
f 1649/1649/1649 1651/1651/1651 1332/1332/1332
f 1330/1330/1330 1092/1092/1092 1090/1090/1090
f 1330/1330/1330 1332/1332/1332 1092/1092/1092
f 1090/1090/1090 1000/1000/1000 998/998/998
f 1090/1090/1090 1092/1092/1092 1000/1000/1000
f 998/998/998 864/864/864 862/862/862
f 998/998/998 1000/1000/1000 864/864/864
f 862/862/862 760/760/760 758/758/758
f 862/862/862 864/864/864 760/760/760
f 758/758/758 600/600/600 598/598/598
f 758/758/758 760/760/760 600/600/600
f 598/598/598 504/504/504 502/502/502
f 598/598/598 600/600/600 504/504/504
f 502/502/502 440/440/440 438/438/438
f 502/502/502 504/504/504 440/440/440
f 438/438/438 432/432/432 430/430/430
f 438/438/438 440/440/440 432/432/432
f 430/430/430 448/448/448 446/446/446
f 430/430/430 432/432/432 448/448/448
f 446/446/446 512/512/512 510/510/510
f 446/446/446 448/448/448 512/512/512
f 510/510/510 608/608/608 606/606/606
f 510/510/510 512/512/512 608/608/608
f 606/606/606 768/768/768 766/766/766
f 606/606/606 608/608/608 768/768/768
f 766/766/766 872/872/872 870/870/870
f 766/766/766 768/768/768 872/872/872
f 870/870/870 1008/1008/1008 1006/1006/1006
f 870/870/870 872/872/872 1008/1008/1008
f 1006/1006/1006 1100/1100/1100 1098/1098/1098
f 1006/1006/1006 1008/1008/1008 1100/1100/1100
f 1098/1098/1098 1417/1417/1417 1415/1415/1415
f 1098/1098/1098 1100/1100/1100 1417/1417/1417
f 1415/1415/1415 1659/1659/1659 1657/1657/1657
f 1415/1415/1415 1417/1417/1417 1659/1659/1659
f 1657/1657/1657 1755/1755/1755 1753/1753/1753
f 1657/1657/1657 1659/1659/1659 1755/1755/1755
f 1753/1753/1753 1891/1891/1891 1889/1889/1889
f 1753/1753/1753 1755/1755/1755 1891/1891/1891
f 1889/1889/1889 1995/1995/1995 1993/1993/1993
f 1889/1889/1889 1891/1891/1891 1995/1995/1995
f 1993/1993/1993 2159/2159/2159 2157/2157/2157
f 1993/1993/1993 1995/1995/1995 2159/2159/2159
f 2157/2157/2157 2255/2255/2255 2253/2253/2253
f 2157/2157/2157 2159/2159/2159 2255/2255/2255
f 2253/2253/2253 2327/2327/2327 2325/2325/2325
f 2253/2253/2253 2255/2255/2255 2327/2327/2327
f 2325/2325/2325 2337/2337/2337 2334/2334/2334
f 2325/2325/2325 2327/2327/2327 2337/2337/2337
f 2335/2335/2335 2263/2263/2263 2318/2318/2318
f 2335/2335/2335 2281/2281/2281 2263/2263/2263
f 2318/2318/2318 2215/2215/2215 2246/2246/2246
f 2318/2318/2318 2263/2263/2263 2215/2215/2215
f 2246/2246/2246 2107/2107/2107 2150/2150/2150
f 2246/2246/2246 2215/2215/2215 2107/2107/2107
f 2150/2150/2150 1931/1931/1931 1986/1986/1986
f 2150/2150/2150 2107/2107/2107 1931/1931/1931
f 1986/1986/1986 1851/1851/1851 1882/1882/1882
f 1986/1986/1986 1931/1931/1931 1851/1851/1851
f 1882/1882/1882 1691/1691/1691 1746/1746/1746
f 1882/1882/1882 1851/1851/1851 1691/1691/1691
f 1746/1746/1746 1599/1599/1599 1650/1650/1650
f 1746/1746/1746 1691/1691/1691 1599/1599/1599
f 1650/1650/1650 1348/1348/1348 1333/1333/1333
f 1650/1650/1650 1599/1599/1599 1348/1348/1348
f 1333/1333/1333 1140/1140/1140 1093/1093/1093
f 1333/1333/1333 1348/1348/1348 1140/1140/1140
f 1093/1093/1093 1056/1056/1056 1001/1001/1001
f 1093/1093/1093 1140/1140/1140 1056/1056/1056
f 1001/1001/1001 896/896/896 865/865/865
f 1001/1001/1001 1056/1056/1056 896/896/896
f 865/865/865 816/816/816 761/761/761
f 865/865/865 896/896/896 816/816/816
f 761/761/761 640/640/640 601/601/601
f 761/761/761 816/816/816 640/640/640
f 601/601/601 536/536/536 505/505/505
f 601/601/601 640/640/640 536/536/536
f 505/505/505 488/488/488 441/441/441
f 505/505/505 536/536/536 488/488/488
f 441/441/441 480/480/480 433/433/433
f 441/441/441 488/488/488 480/480/480
f 433/433/433 496/496/496 449/449/449
f 433/433/433 480/480/480 496/496/496
f 449/449/449 544/544/544 513/513/513
f 449/449/449 496/496/496 544/544/544
f 513/513/513 648/648/648 609/609/609
f 513/513/513 544/544/544 648/648/648
f 609/609/609 824/824/824 769/769/769
f 609/609/609 648/648/648 824/824/824
f 769/769/769 904/904/904 873/873/873
f 769/769/769 824/824/824 904/904/904
f 873/873/873 1064/1064/1064 1009/1009/1009
f 873/873/873 904/904/904 1064/1064/1064
f 1009/1009/1009 1148/1148/1148 1101/1101/1101
f 1009/1009/1009 1064/1064/1064 1148/1148/1148
f 1101/1101/1101 1401/1401/1401 1416/1416/1416
f 1101/1101/1101 1148/1148/1148 1401/1401/1401
f 1416/1416/1416 1607/1607/1607 1658/1658/1658
f 1416/1416/1416 1401/1401/1401 1607/1607/1607
f 1658/1658/1658 1699/1699/1699 1754/1754/1754
f 1658/1658/1658 1607/1607/1607 1699/1699/1699
f 1754/1754/1754 1859/1859/1859 1890/1890/1890
f 1754/1754/1754 1699/1699/1699 1859/1859/1859
f 1890/1890/1890 1939/1939/1939 1994/1994/1994
f 1890/1890/1890 1859/1859/1859 1939/1939/1939
f 1994/1994/1994 2115/2115/2115 2158/2158/2158
f 1994/1994/1994 1939/1939/1939 2115/2115/2115
f 2158/2158/2158 2223/2223/2223 2254/2254/2254
f 2158/2158/2158 2115/2115/2115 2223/2223/2223
f 2254/2254/2254 2271/2271/2271 2326/2326/2326
f 2254/2254/2254 2223/2223/2223 2271/2271/2271
f 2326/2326/2326 2281/2281/2281 2335/2335/2335
f 2326/2326/2326 2271/2271/2271 2281/2281/2281
f 2279/2279/2279 2260/2260/2260 2262/2262/2262
f 2279/2279/2279 2276/2276/2276 2260/2260/2260
f 2262/2262/2262 2212/2212/2212 2214/2214/2214
f 2262/2262/2262 2260/2260/2260 2212/2212/2212
f 2214/2214/2214 2104/2104/2104 2106/2106/2106
f 2214/2214/2214 2212/2212/2212 2104/2104/2104
f 2106/2106/2106 1928/1928/1928 1930/1930/1930
f 2106/2106/2106 2104/2104/2104 1928/1928/1928
f 1930/1930/1930 1848/1848/1848 1850/1850/1850
f 1930/1930/1930 1928/1928/1928 1848/1848/1848
f 1850/1850/1850 1688/1688/1688 1690/1690/1690
f 1850/1850/1850 1848/1848/1848 1688/1688/1688
f 1690/1690/1690 1596/1596/1596 1598/1598/1598
f 1690/1690/1690 1688/1688/1688 1596/1596/1596
f 1598/1598/1598 1347/1347/1347 1349/1349/1349
f 1598/1598/1598 1596/1596/1596 1347/1347/1347
f 1349/1349/1349 1139/1139/1139 1141/1141/1141
f 1349/1349/1349 1347/1347/1347 1139/1139/1139
f 1141/1141/1141 1055/1055/1055 1057/1057/1057
f 1141/1141/1141 1139/1139/1139 1055/1055/1055
f 1057/1057/1057 895/895/895 897/897/897
f 1057/1057/1057 1055/1055/1055 895/895/895
f 897/897/897 815/815/815 817/817/817
f 897/897/897 895/895/895 815/815/815
f 817/817/817 639/639/639 641/641/641
f 817/817/817 815/815/815 639/639/639
f 641/641/641 535/535/535 537/537/537
f 641/641/641 639/639/639 535/535/535
f 537/537/537 487/487/487 489/489/489
f 537/537/537 535/535/535 487/487/487
f 489/489/489 479/479/479 481/481/481
f 489/489/489 487/487/487 479/479/479
f 481/481/481 495/495/495 497/497/497
f 481/481/481 479/479/479 495/495/495
f 497/497/497 543/543/543 545/545/545
f 497/497/497 495/495/495 543/543/543
f 545/545/545 647/647/647 649/649/649
f 545/545/545 543/543/543 647/647/647
f 649/649/649 823/823/823 825/825/825
f 649/649/649 647/647/647 823/823/823
f 825/825/825 903/903/903 905/905/905
f 825/825/825 823/823/823 903/903/903
f 905/905/905 1063/1063/1063 1065/1065/1065
f 905/905/905 903/903/903 1063/1063/1063
f 1065/1065/1065 1147/1147/1147 1149/1149/1149
f 1065/1065/1065 1063/1063/1063 1147/1147/1147
f 1149/1149/1149 1398/1398/1398 1400/1400/1400
f 1149/1149/1149 1147/1147/1147 1398/1398/1398
f 1400/1400/1400 1604/1604/1604 1606/1606/1606
f 1400/1400/1400 1398/1398/1398 1604/1604/1604
f 1606/1606/1606 1696/1696/1696 1698/1698/1698
f 1606/1606/1606 1604/1604/1604 1696/1696/1696
f 1698/1698/1698 1856/1856/1856 1858/1858/1858
f 1698/1698/1698 1696/1696/1696 1856/1856/1856
f 1858/1858/1858 1936/1936/1936 1938/1938/1938
f 1858/1858/1858 1856/1856/1856 1936/1936/1936
f 1938/1938/1938 2112/2112/2112 2114/2114/2114
f 1938/1938/1938 1936/1936/1936 2112/2112/2112
f 2114/2114/2114 2220/2220/2220 2222/2222/2222
f 2114/2114/2114 2112/2112/2112 2220/2220/2220
f 2222/2222/2222 2268/2268/2268 2270/2270/2270
f 2222/2222/2222 2220/2220/2220 2268/2268/2268
f 2270/2270/2270 2277/2277/2277 2280/2280/2280
f 2270/2270/2270 2268/2268/2268 2277/2277/2277
f 1374/1374/1374 1612/1612/1612 1580/1580/1580
f 1374/1374/1374 1580/1580/1580 1540/1540/1540
f 1374/1374/1374 1540/1540/1540 1516/1516/1516
f 1374/1374/1374 1516/1516/1516 1484/1484/1484
f 1374/1374/1374 1484/1484/1484 1367/1367/1367
f 1374/1374/1374 1367/1367/1367 1251/1251/1251
f 1374/1374/1374 1251/1251/1251 1219/1219/1219
f 1374/1374/1374 1219/1219/1219 1195/1195/1195
f 1374/1374/1374 1195/1195/1195 1155/1155/1155
f 1374/1374/1374 1155/1155/1155 1131/1131/1131
f 1374/1374/1374 1131/1131/1131 1163/1163/1163
f 1374/1374/1374 1163/1163/1163 1203/1203/1203
f 1374/1374/1374 1203/1203/1203 1227/1227/1227
f 1374/1374/1374 1227/1227/1227 1259/1259/1259
f 1374/1374/1374 1259/1259/1259 1378/1378/1378
f 1374/1374/1374 1378/1378/1378 1492/1492/1492
f 1374/1374/1374 1492/1492/1492 1524/1524/1524
f 1374/1374/1374 1524/1524/1524 1548/1548/1548
f 1374/1374/1374 1548/1548/1548 1588/1588/1588
f 1374/1374/1374 1588/1588/1588 1612/1612/1612
f 1613/1613/1613 1640/1640/1640 1581/1581/1581
f 1613/1613/1613 1664/1664/1664 1640/1640/1640
f 1581/1581/1581 1572/1572/1572 1541/1541/1541
f 1581/1581/1581 1640/1640/1640 1572/1572/1572
f 1541/1541/1541 1532/1532/1532 1517/1517/1517
f 1541/1541/1541 1572/1572/1572 1532/1532/1532
f 1517/1517/1517 1500/1500/1500 1485/1485/1485
f 1517/1517/1517 1532/1532/1532 1500/1500/1500
f 1485/1485/1485 1362/1362/1362 1366/1366/1366
f 1485/1485/1485 1500/1500/1500 1362/1362/1362
f 1366/1366/1366 1242/1242/1242 1250/1250/1250
f 1366/1366/1366 1362/1362/1362 1242/1242/1242
f 1250/1250/1250 1210/1210/1210 1218/1218/1218
f 1250/1250/1250 1242/1242/1242 1210/1210/1210
f 1218/1218/1218 1170/1170/1170 1194/1194/1194
f 1218/1218/1218 1210/1210/1210 1170/1170/1170
f 1194/1194/1194 1106/1106/1106 1154/1154/1154
f 1194/1194/1194 1170/1170/1170 1106/1106/1106
f 1154/1154/1154 1086/1086/1086 1130/1130/1130
f 1154/1154/1154 1106/1106/1106 1086/1086/1086
f 1130/1130/1130 1110/1110/1110 1162/1162/1162
f 1130/1130/1130 1086/1086/1086 1110/1110/1110
f 1162/1162/1162 1174/1174/1174 1202/1202/1202
f 1162/1162/1162 1110/1110/1110 1174/1174/1174
f 1202/1202/1202 1214/1214/1214 1226/1226/1226
f 1202/1202/1202 1174/1174/1174 1214/1214/1214
f 1226/1226/1226 1246/1246/1246 1258/1258/1258
f 1226/1226/1226 1214/1214/1214 1246/1246/1246
f 1258/1258/1258 1386/1386/1386 1379/1379/1379
f 1258/1258/1258 1246/1246/1246 1386/1386/1386
f 1379/1379/1379 1504/1504/1504 1493/1493/1493
f 1379/1379/1379 1386/1386/1386 1504/1504/1504
f 1493/1493/1493 1536/1536/1536 1525/1525/1525
f 1493/1493/1493 1504/1504/1504 1536/1536/1536
f 1525/1525/1525 1576/1576/1576 1549/1549/1549
f 1525/1525/1525 1536/1536/1536 1576/1576/1576
f 1549/1549/1549 1644/1644/1644 1589/1589/1589
f 1549/1549/1549 1576/1576/1576 1644/1644/1644
f 1589/1589/1589 1665/1665/1665 1614/1614/1614
f 1589/1589/1589 1644/1644/1644 1665/1665/1665
f 1664/1664/1664 1641/1641/1641 1640/1640/1640
f 1664/1664/1664 1666/1666/1666 1641/1641/1641
f 1640/1640/1640 1573/1573/1573 1572/1572/1572
f 1640/1640/1640 1641/1641/1641 1573/1573/1573
f 1572/1572/1572 1533/1533/1533 1532/1532/1532
f 1572/1572/1572 1573/1573/1573 1533/1533/1533
f 1532/1532/1532 1501/1501/1501 1500/1500/1500
f 1532/1532/1532 1533/1533/1533 1501/1501/1501
f 1500/1500/1500 1363/1363/1363 1362/1362/1362
f 1500/1500/1500 1501/1501/1501 1363/1363/1363
f 1362/1362/1362 1243/1243/1243 1242/1242/1242
f 1362/1362/1362 1363/1363/1363 1243/1243/1243
f 1242/1242/1242 1211/1211/1211 1210/1210/1210
f 1242/1242/1242 1243/1243/1243 1211/1211/1211
f 1210/1210/1210 1171/1171/1171 1170/1170/1170
f 1210/1210/1210 1211/1211/1211 1171/1171/1171
f 1170/1170/1170 1107/1107/1107 1106/1106/1106
f 1170/1170/1170 1171/1171/1171 1107/1107/1107
f 1106/1106/1106 1087/1087/1087 1086/1086/1086
f 1106/1106/1106 1107/1107/1107 1087/1087/1087
f 1086/1086/1086 1111/1111/1111 1110/1110/1110
f 1086/1086/1086 1087/1087/1087 1111/1111/1111
f 1110/1110/1110 1175/1175/1175 1174/1174/1174
f 1110/1110/1110 1111/1111/1111 1175/1175/1175
f 1174/1174/1174 1215/1215/1215 1214/1214/1214
f 1174/1174/1174 1175/1175/1175 1215/1215/1215
f 1214/1214/1214 1247/1247/1247 1246/1246/1246
f 1214/1214/1214 1215/1215/1215 1247/1247/1247
f 1246/1246/1246 1387/1387/1387 1386/1386/1386
f 1246/1246/1246 1247/1247/1247 1387/1387/1387
f 1386/1386/1386 1505/1505/1505 1504/1504/1504
f 1386/1386/1386 1387/1387/1387 1505/1505/1505
f 1504/1504/1504 1537/1537/1537 1536/1536/1536
f 1504/1504/1504 1505/1505/1505 1537/1537/1537
f 1536/1536/1536 1577/1577/1577 1576/1576/1576
f 1536/1536/1536 1537/1537/1537 1577/1577/1577
f 1576/1576/1576 1645/1645/1645 1644/1644/1644
f 1576/1576/1576 1577/1577/1577 1645/1645/1645
f 1644/1644/1644 1667/1667/1667 1665/1665/1665
f 1644/1644/1644 1645/1645/1645 1667/1667/1667
f 1666/1666/1666 1583/1583/1583 1641/1641/1641
f 1666/1666/1666 1616/1616/1616 1583/1583/1583
f 1641/1641/1641 1543/1543/1543 1573/1573/1573
f 1641/1641/1641 1583/1583/1583 1543/1543/1543
f 1573/1573/1573 1519/1519/1519 1533/1533/1533
f 1573/1573/1573 1543/1543/1543 1519/1519/1519
f 1533/1533/1533 1487/1487/1487 1501/1501/1501
f 1533/1533/1533 1519/1519/1519 1487/1487/1487
f 1501/1501/1501 1368/1368/1368 1363/1363/1363
f 1501/1501/1501 1487/1487/1487 1368/1368/1368
f 1363/1363/1363 1252/1252/1252 1243/1243/1243
f 1363/1363/1363 1368/1368/1368 1252/1252/1252
f 1243/1243/1243 1220/1220/1220 1211/1211/1211
f 1243/1243/1243 1252/1252/1252 1220/1220/1220
f 1211/1211/1211 1196/1196/1196 1171/1171/1171
f 1211/1211/1211 1220/1220/1220 1196/1196/1196
f 1171/1171/1171 1156/1156/1156 1107/1107/1107
f 1171/1171/1171 1196/1196/1196 1156/1156/1156
f 1107/1107/1107 1132/1132/1132 1087/1087/1087
f 1107/1107/1107 1156/1156/1156 1132/1132/1132
f 1087/1087/1087 1164/1164/1164 1111/1111/1111
f 1087/1087/1087 1132/1132/1132 1164/1164/1164
f 1111/1111/1111 1204/1204/1204 1175/1175/1175
f 1111/1111/1111 1164/1164/1164 1204/1204/1204
f 1175/1175/1175 1228/1228/1228 1215/1215/1215
f 1175/1175/1175 1204/1204/1204 1228/1228/1228
f 1215/1215/1215 1260/1260/1260 1247/1247/1247
f 1215/1215/1215 1228/1228/1228 1260/1260/1260
f 1247/1247/1247 1381/1381/1381 1387/1387/1387
f 1247/1247/1247 1260/1260/1260 1381/1381/1381
f 1387/1387/1387 1495/1495/1495 1505/1505/1505
f 1387/1387/1387 1381/1381/1381 1495/1495/1495
f 1505/1505/1505 1527/1527/1527 1537/1537/1537
f 1505/1505/1505 1495/1495/1495 1527/1527/1527
f 1537/1537/1537 1551/1551/1551 1577/1577/1577
f 1537/1537/1537 1527/1527/1527 1551/1551/1551
f 1577/1577/1577 1591/1591/1591 1645/1645/1645
f 1577/1577/1577 1551/1551/1551 1591/1591/1591
f 1645/1645/1645 1617/1617/1617 1667/1667/1667
f 1645/1645/1645 1591/1591/1591 1617/1617/1617
f 1615/1615/1615 1375/1375/1375 1582/1582/1582
f 1582/1582/1582 1375/1375/1375 1542/1542/1542
f 1542/1542/1542 1375/1375/1375 1518/1518/1518
f 1518/1518/1518 1375/1375/1375 1486/1486/1486
f 1486/1486/1486 1375/1375/1375 1369/1369/1369
f 1369/1369/1369 1375/1375/1375 1253/1253/1253
f 1253/1253/1253 1375/1375/1375 1221/1221/1221
f 1221/1221/1221 1375/1375/1375 1197/1197/1197
f 1197/1197/1197 1375/1375/1375 1157/1157/1157
f 1157/1157/1157 1375/1375/1375 1133/1133/1133
f 1133/1133/1133 1375/1375/1375 1165/1165/1165
f 1165/1165/1165 1375/1375/1375 1205/1205/1205
f 1205/1205/1205 1375/1375/1375 1229/1229/1229
f 1229/1229/1229 1375/1375/1375 1261/1261/1261
f 1261/1261/1261 1375/1375/1375 1380/1380/1380
f 1380/1380/1380 1375/1375/1375 1494/1494/1494
f 1494/1494/1494 1375/1375/1375 1526/1526/1526
f 1526/1526/1526 1375/1375/1375 1550/1550/1550
f 1550/1550/1550 1375/1375/1375 1590/1590/1590
f 1590/1590/1590 1375/1375/1375 1615/1615/1615
f 2284/2284/2284 2320/2320/2320 2265/2265/2265
f 2284/2284/2284 2338/2338/2338 2320/2320/2320
f 2265/2265/2265 2248/2248/2248 2217/2217/2217
f 2265/2265/2265 2320/2320/2320 2248/2248/2248
f 2217/2217/2217 2152/2152/2152 2109/2109/2109
f 2217/2217/2217 2248/2248/2248 2152/2152/2152
f 2109/2109/2109 1988/1988/1988 1933/1933/1933
f 2109/2109/2109 2152/2152/2152 1988/1988/1988
f 1933/1933/1933 1884/1884/1884 1853/1853/1853
f 1933/1933/1933 1988/1988/1988 1884/1884/1884
f 1853/1853/1853 1748/1748/1748 1693/1693/1693
f 1853/1853/1853 1884/1884/1884 1748/1748/1748
f 1693/1693/1693 1652/1652/1652 1601/1601/1601
f 1693/1693/1693 1748/1748/1748 1652/1652/1652
f 1601/1601/1601 1335/1335/1335 1350/1350/1350
f 1601/1601/1601 1652/1652/1652 1335/1335/1335
f 1350/1350/1350 1095/1095/1095 1142/1142/1142
f 1350/1350/1350 1335/1335/1335 1095/1095/1095
f 1142/1142/1142 1003/1003/1003 1058/1058/1058
f 1142/1142/1142 1095/1095/1095 1003/1003/1003
f 1058/1058/1058 867/867/867 898/898/898
f 1058/1058/1058 1003/1003/1003 867/867/867
f 898/898/898 763/763/763 818/818/818
f 898/898/898 867/867/867 763/763/763
f 818/818/818 603/603/603 642/642/642
f 818/818/818 763/763/763 603/603/603
f 642/642/642 507/507/507 538/538/538
f 642/642/642 603/603/603 507/507/507
f 538/538/538 443/443/443 490/490/490
f 538/538/538 507/507/507 443/443/443
f 490/490/490 435/435/435 482/482/482
f 490/490/490 443/443/443 435/435/435
f 482/482/482 451/451/451 498/498/498
f 482/482/482 435/435/435 451/451/451
f 498/498/498 515/515/515 546/546/546
f 498/498/498 451/451/451 515/515/515
f 546/546/546 611/611/611 650/650/650
f 546/546/546 515/515/515 611/611/611
f 650/650/650 771/771/771 826/826/826
f 650/650/650 611/611/611 771/771/771
f 826/826/826 875/875/875 906/906/906
f 826/826/826 771/771/771 875/875/875
f 906/906/906 1011/1011/1011 1066/1066/1066
f 906/906/906 875/875/875 1011/1011/1011
f 1066/1066/1066 1103/1103/1103 1150/1150/1150
f 1066/1066/1066 1011/1011/1011 1103/1103/1103
f 1150/1150/1150 1418/1418/1418 1403/1403/1403
f 1150/1150/1150 1103/1103/1103 1418/1418/1418
f 1403/1403/1403 1660/1660/1660 1609/1609/1609
f 1403/1403/1403 1418/1418/1418 1660/1660/1660
f 1609/1609/1609 1756/1756/1756 1701/1701/1701
f 1609/1609/1609 1660/1660/1660 1756/1756/1756
f 1701/1701/1701 1892/1892/1892 1861/1861/1861
f 1701/1701/1701 1756/1756/1756 1892/1892/1892
f 1861/1861/1861 1996/1996/1996 1941/1941/1941
f 1861/1861/1861 1892/1892/1892 1996/1996/1996
f 1941/1941/1941 2160/2160/2160 2117/2117/2117
f 1941/1941/1941 1996/1996/1996 2160/2160/2160
f 2117/2117/2117 2256/2256/2256 2225/2225/2225
f 2117/2117/2117 2160/2160/2160 2256/2256/2256
f 2225/2225/2225 2328/2328/2328 2273/2273/2273
f 2225/2225/2225 2256/2256/2256 2328/2328/2328
f 2273/2273/2273 2338/2338/2338 2284/2284/2284
f 2273/2273/2273 2328/2328/2328 2338/2338/2338
f 2339/2339/2339 2323/2323/2323 2321/2321/2321
f 2339/2339/2339 2342/2342/2342 2323/2323/2323
f 2321/2321/2321 2251/2251/2251 2249/2249/2249
f 2321/2321/2321 2323/2323/2323 2251/2251/2251
f 2249/2249/2249 2155/2155/2155 2153/2153/2153
f 2249/2249/2249 2251/2251/2251 2155/2155/2155
f 2153/2153/2153 1991/1991/1991 1989/1989/1989
f 2153/2153/2153 2155/2155/2155 1991/1991/1991
f 1989/1989/1989 1887/1887/1887 1885/1885/1885
f 1989/1989/1989 1991/1991/1991 1887/1887/1887
f 1885/1885/1885 1751/1751/1751 1749/1749/1749
f 1885/1885/1885 1887/1887/1887 1751/1751/1751
f 1749/1749/1749 1655/1655/1655 1653/1653/1653
f 1749/1749/1749 1751/1751/1751 1655/1655/1655
f 1653/1653/1653 1336/1336/1336 1334/1334/1334
f 1653/1653/1653 1655/1655/1655 1336/1336/1336
f 1334/1334/1334 1096/1096/1096 1094/1094/1094
f 1334/1334/1334 1336/1336/1336 1096/1096/1096
f 1094/1094/1094 1004/1004/1004 1002/1002/1002
f 1094/1094/1094 1096/1096/1096 1004/1004/1004
f 1002/1002/1002 868/868/868 866/866/866
f 1002/1002/1002 1004/1004/1004 868/868/868
f 866/866/866 764/764/764 762/762/762
f 866/866/866 868/868/868 764/764/764
f 762/762/762 604/604/604 602/602/602
f 762/762/762 764/764/764 604/604/604
f 602/602/602 508/508/508 506/506/506
f 602/602/602 604/604/604 508/508/508
f 506/506/506 444/444/444 442/442/442
f 506/506/506 508/508/508 444/444/444
f 442/442/442 436/436/436 434/434/434
f 442/442/442 444/444/444 436/436/436
f 434/434/434 452/452/452 450/450/450
f 434/434/434 436/436/436 452/452/452
f 450/450/450 516/516/516 514/514/514
f 450/450/450 452/452/452 516/516/516
f 514/514/514 612/612/612 610/610/610
f 514/514/514 516/516/516 612/612/612
f 610/610/610 772/772/772 770/770/770
f 610/610/610 612/612/612 772/772/772
f 770/770/770 876/876/876 874/874/874
f 770/770/770 772/772/772 876/876/876
f 874/874/874 1012/1012/1012 1010/1010/1010
f 874/874/874 876/876/876 1012/1012/1012
f 1010/1010/1010 1104/1104/1104 1102/1102/1102
f 1010/1010/1010 1012/1012/1012 1104/1104/1104
f 1102/1102/1102 1421/1421/1421 1419/1419/1419
f 1102/1102/1102 1104/1104/1104 1421/1421/1421
f 1419/1419/1419 1663/1663/1663 1661/1661/1661
f 1419/1419/1419 1421/1421/1421 1663/1663/1663
f 1661/1661/1661 1759/1759/1759 1757/1757/1757
f 1661/1661/1661 1663/1663/1663 1759/1759/1759
f 1757/1757/1757 1895/1895/1895 1893/1893/1893
f 1757/1757/1757 1759/1759/1759 1895/1895/1895
f 1893/1893/1893 1999/1999/1999 1997/1997/1997
f 1893/1893/1893 1895/1895/1895 1999/1999/1999
f 1997/1997/1997 2163/2163/2163 2161/2161/2161
f 1997/1997/1997 1999/1999/1999 2163/2163/2163
f 2161/2161/2161 2259/2259/2259 2257/2257/2257
f 2161/2161/2161 2163/2163/2163 2259/2259/2259
f 2257/2257/2257 2331/2331/2331 2329/2329/2329
f 2257/2257/2257 2259/2259/2259 2331/2331/2331
f 2329/2329/2329 2343/2343/2343 2340/2340/2340
f 2329/2329/2329 2331/2331/2331 2343/2343/2343
f 2341/2341/2341 2267/2267/2267 2322/2322/2322
f 2341/2341/2341 2287/2287/2287 2267/2267/2267
f 2322/2322/2322 2219/2219/2219 2250/2250/2250
f 2322/2322/2322 2267/2267/2267 2219/2219/2219
f 2250/2250/2250 2111/2111/2111 2154/2154/2154
f 2250/2250/2250 2219/2219/2219 2111/2111/2111
f 2154/2154/2154 1935/1935/1935 1990/1990/1990
f 2154/2154/2154 2111/2111/2111 1935/1935/1935
f 1990/1990/1990 1855/1855/1855 1886/1886/1886
f 1990/1990/1990 1935/1935/1935 1855/1855/1855
f 1886/1886/1886 1695/1695/1695 1750/1750/1750
f 1886/1886/1886 1855/1855/1855 1695/1695/1695
f 1750/1750/1750 1603/1603/1603 1654/1654/1654
f 1750/1750/1750 1695/1695/1695 1603/1603/1603
f 1654/1654/1654 1352/1352/1352 1337/1337/1337
f 1654/1654/1654 1603/1603/1603 1352/1352/1352
f 1337/1337/1337 1144/1144/1144 1097/1097/1097
f 1337/1337/1337 1352/1352/1352 1144/1144/1144
f 1097/1097/1097 1060/1060/1060 1005/1005/1005
f 1097/1097/1097 1144/1144/1144 1060/1060/1060
f 1005/1005/1005 900/900/900 869/869/869
f 1005/1005/1005 1060/1060/1060 900/900/900
f 869/869/869 820/820/820 765/765/765
f 869/869/869 900/900/900 820/820/820
f 765/765/765 644/644/644 605/605/605
f 765/765/765 820/820/820 644/644/644
f 605/605/605 540/540/540 509/509/509
f 605/605/605 644/644/644 540/540/540
f 509/509/509 492/492/492 445/445/445
f 509/509/509 540/540/540 492/492/492
f 445/445/445 484/484/484 437/437/437
f 445/445/445 492/492/492 484/484/484
f 437/437/437 500/500/500 453/453/453
f 437/437/437 484/484/484 500/500/500
f 453/453/453 548/548/548 517/517/517
f 453/453/453 500/500/500 548/548/548
f 517/517/517 652/652/652 613/613/613
f 517/517/517 548/548/548 652/652/652
f 613/613/613 828/828/828 773/773/773
f 613/613/613 652/652/652 828/828/828
f 773/773/773 908/908/908 877/877/877
f 773/773/773 828/828/828 908/908/908
f 877/877/877 1068/1068/1068 1013/1013/1013
f 877/877/877 908/908/908 1068/1068/1068
f 1013/1013/1013 1152/1152/1152 1105/1105/1105
f 1013/1013/1013 1068/1068/1068 1152/1152/1152
f 1105/1105/1105 1405/1405/1405 1420/1420/1420
f 1105/1105/1105 1152/1152/1152 1405/1405/1405
f 1420/1420/1420 1611/1611/1611 1662/1662/1662
f 1420/1420/1420 1405/1405/1405 1611/1611/1611
f 1662/1662/1662 1703/1703/1703 1758/1758/1758
f 1662/1662/1662 1611/1611/1611 1703/1703/1703
f 1758/1758/1758 1863/1863/1863 1894/1894/1894
f 1758/1758/1758 1703/1703/1703 1863/1863/1863
f 1894/1894/1894 1943/1943/1943 1998/1998/1998
f 1894/1894/1894 1863/1863/1863 1943/1943/1943
f 1998/1998/1998 2119/2119/2119 2162/2162/2162
f 1998/1998/1998 1943/1943/1943 2119/2119/2119
f 2162/2162/2162 2227/2227/2227 2258/2258/2258
f 2162/2162/2162 2119/2119/2119 2227/2227/2227
f 2258/2258/2258 2275/2275/2275 2330/2330/2330
f 2258/2258/2258 2227/2227/2227 2275/2275/2275
f 2330/2330/2330 2287/2287/2287 2341/2341/2341
f 2330/2330/2330 2275/2275/2275 2287/2287/2287
f 2285/2285/2285 2264/2264/2264 2266/2266/2266
f 2285/2285/2285 2282/2282/2282 2264/2264/2264
f 2266/2266/2266 2216/2216/2216 2218/2218/2218
f 2266/2266/2266 2264/2264/2264 2216/2216/2216
f 2218/2218/2218 2108/2108/2108 2110/2110/2110
f 2218/2218/2218 2216/2216/2216 2108/2108/2108
f 2110/2110/2110 1932/1932/1932 1934/1934/1934
f 2110/2110/2110 2108/2108/2108 1932/1932/1932
f 1934/1934/1934 1852/1852/1852 1854/1854/1854
f 1934/1934/1934 1932/1932/1932 1852/1852/1852
f 1854/1854/1854 1692/1692/1692 1694/1694/1694
f 1854/1854/1854 1852/1852/1852 1692/1692/1692
f 1694/1694/1694 1600/1600/1600 1602/1602/1602
f 1694/1694/1694 1692/1692/1692 1600/1600/1600
f 1602/1602/1602 1351/1351/1351 1353/1353/1353
f 1602/1602/1602 1600/1600/1600 1351/1351/1351
f 1353/1353/1353 1143/1143/1143 1145/1145/1145
f 1353/1353/1353 1351/1351/1351 1143/1143/1143
f 1145/1145/1145 1059/1059/1059 1061/1061/1061
f 1145/1145/1145 1143/1143/1143 1059/1059/1059
f 1061/1061/1061 899/899/899 901/901/901
f 1061/1061/1061 1059/1059/1059 899/899/899
f 901/901/901 819/819/819 821/821/821
f 901/901/901 899/899/899 819/819/819
f 821/821/821 643/643/643 645/645/645
f 821/821/821 819/819/819 643/643/643
f 645/645/645 539/539/539 541/541/541
f 645/645/645 643/643/643 539/539/539
f 541/541/541 491/491/491 493/493/493
f 541/541/541 539/539/539 491/491/491
f 493/493/493 483/483/483 485/485/485
f 493/493/493 491/491/491 483/483/483
f 485/485/485 499/499/499 501/501/501
f 485/485/485 483/483/483 499/499/499
f 501/501/501 547/547/547 549/549/549
f 501/501/501 499/499/499 547/547/547
f 549/549/549 651/651/651 653/653/653
f 549/549/549 547/547/547 651/651/651
f 653/653/653 827/827/827 829/829/829
f 653/653/653 651/651/651 827/827/827
f 829/829/829 907/907/907 909/909/909
f 829/829/829 827/827/827 907/907/907
f 909/909/909 1067/1067/1067 1069/1069/1069
f 909/909/909 907/907/907 1067/1067/1067
f 1069/1069/1069 1151/1151/1151 1153/1153/1153
f 1069/1069/1069 1067/1067/1067 1151/1151/1151
f 1153/1153/1153 1402/1402/1402 1404/1404/1404
f 1153/1153/1153 1151/1151/1151 1402/1402/1402
f 1404/1404/1404 1608/1608/1608 1610/1610/1610
f 1404/1404/1404 1402/1402/1402 1608/1608/1608
f 1610/1610/1610 1700/1700/1700 1702/1702/1702
f 1610/1610/1610 1608/1608/1608 1700/1700/1700
f 1702/1702/1702 1860/1860/1860 1862/1862/1862
f 1702/1702/1702 1700/1700/1700 1860/1860/1860
f 1862/1862/1862 1940/1940/1940 1942/1942/1942
f 1862/1862/1862 1860/1860/1860 1940/1940/1940
f 1942/1942/1942 2116/2116/2116 2118/2118/2118
f 1942/1942/1942 1940/1940/1940 2116/2116/2116
f 2118/2118/2118 2224/2224/2224 2226/2226/2226
f 2118/2118/2118 2116/2116/2116 2224/2224/2224
f 2226/2226/2226 2272/2272/2272 2274/2274/2274
f 2226/2226/2226 2224/2224/2224 2272/2272/2272
f 2274/2274/2274 2283/2283/2283 2286/2286/2286
f 2274/2274/2274 2272/2272/2272 2283/2283/2283
f 1376/1376/1376 1618/1618/1618 1584/1584/1584
f 1376/1376/1376 1584/1584/1584 1544/1544/1544
f 1376/1376/1376 1544/1544/1544 1520/1520/1520
f 1376/1376/1376 1520/1520/1520 1488/1488/1488
f 1376/1376/1376 1488/1488/1488 1371/1371/1371
f 1376/1376/1376 1371/1371/1371 1255/1255/1255
f 1376/1376/1376 1255/1255/1255 1223/1223/1223
f 1376/1376/1376 1223/1223/1223 1199/1199/1199
f 1376/1376/1376 1199/1199/1199 1159/1159/1159
f 1376/1376/1376 1159/1159/1159 1135/1135/1135
f 1376/1376/1376 1135/1135/1135 1167/1167/1167
f 1376/1376/1376 1167/1167/1167 1207/1207/1207
f 1376/1376/1376 1207/1207/1207 1231/1231/1231
f 1376/1376/1376 1231/1231/1231 1263/1263/1263
f 1376/1376/1376 1263/1263/1263 1382/1382/1382
f 1376/1376/1376 1382/1382/1382 1496/1496/1496
f 1376/1376/1376 1496/1496/1496 1528/1528/1528
f 1376/1376/1376 1528/1528/1528 1552/1552/1552
f 1376/1376/1376 1552/1552/1552 1592/1592/1592
f 1376/1376/1376 1592/1592/1592 1618/1618/1618
f 1619/1619/1619 1642/1642/1642 1585/1585/1585
f 1619/1619/1619 1668/1668/1668 1642/1642/1642
f 1585/1585/1585 1574/1574/1574 1545/1545/1545
f 1585/1585/1585 1642/1642/1642 1574/1574/1574
f 1545/1545/1545 1534/1534/1534 1521/1521/1521
f 1545/1545/1545 1574/1574/1574 1534/1534/1534
f 1521/1521/1521 1502/1502/1502 1489/1489/1489
f 1521/1521/1521 1534/1534/1534 1502/1502/1502
f 1489/1489/1489 1364/1364/1364 1370/1370/1370
f 1489/1489/1489 1502/1502/1502 1364/1364/1364
f 1370/1370/1370 1244/1244/1244 1254/1254/1254
f 1370/1370/1370 1364/1364/1364 1244/1244/1244
f 1254/1254/1254 1212/1212/1212 1222/1222/1222
f 1254/1254/1254 1244/1244/1244 1212/1212/1212
f 1222/1222/1222 1172/1172/1172 1198/1198/1198
f 1222/1222/1222 1212/1212/1212 1172/1172/1172
f 1198/1198/1198 1108/1108/1108 1158/1158/1158
f 1198/1198/1198 1172/1172/1172 1108/1108/1108
f 1158/1158/1158 1088/1088/1088 1134/1134/1134
f 1158/1158/1158 1108/1108/1108 1088/1088/1088
f 1134/1134/1134 1112/1112/1112 1166/1166/1166
f 1134/1134/1134 1088/1088/1088 1112/1112/1112
f 1166/1166/1166 1176/1176/1176 1206/1206/1206
f 1166/1166/1166 1112/1112/1112 1176/1176/1176
f 1206/1206/1206 1216/1216/1216 1230/1230/1230
f 1206/1206/1206 1176/1176/1176 1216/1216/1216
f 1230/1230/1230 1248/1248/1248 1262/1262/1262
f 1230/1230/1230 1216/1216/1216 1248/1248/1248
f 1262/1262/1262 1388/1388/1388 1383/1383/1383
f 1262/1262/1262 1248/1248/1248 1388/1388/1388
f 1383/1383/1383 1506/1506/1506 1497/1497/1497
f 1383/1383/1383 1388/1388/1388 1506/1506/1506
f 1497/1497/1497 1538/1538/1538 1529/1529/1529
f 1497/1497/1497 1506/1506/1506 1538/1538/1538
f 1529/1529/1529 1578/1578/1578 1553/1553/1553
f 1529/1529/1529 1538/1538/1538 1578/1578/1578
f 1553/1553/1553 1646/1646/1646 1593/1593/1593
f 1553/1553/1553 1578/1578/1578 1646/1646/1646
f 1593/1593/1593 1669/1669/1669 1620/1620/1620
f 1593/1593/1593 1646/1646/1646 1669/1669/1669
f 1668/1668/1668 1643/1643/1643 1642/1642/1642
f 1668/1668/1668 1670/1670/1670 1643/1643/1643
f 1642/1642/1642 1575/1575/1575 1574/1574/1574
f 1642/1642/1642 1643/1643/1643 1575/1575/1575
f 1574/1574/1574 1535/1535/1535 1534/1534/1534
f 1574/1574/1574 1575/1575/1575 1535/1535/1535
f 1534/1534/1534 1503/1503/1503 1502/1502/1502
f 1534/1534/1534 1535/1535/1535 1503/1503/1503
f 1502/1502/1502 1365/1365/1365 1364/1364/1364
f 1502/1502/1502 1503/1503/1503 1365/1365/1365
f 1364/1364/1364 1245/1245/1245 1244/1244/1244
f 1364/1364/1364 1365/1365/1365 1245/1245/1245
f 1244/1244/1244 1213/1213/1213 1212/1212/1212
f 1244/1244/1244 1245/1245/1245 1213/1213/1213
f 1212/1212/1212 1173/1173/1173 1172/1172/1172
f 1212/1212/1212 1213/1213/1213 1173/1173/1173
f 1172/1172/1172 1109/1109/1109 1108/1108/1108
f 1172/1172/1172 1173/1173/1173 1109/1109/1109
f 1108/1108/1108 1089/1089/1089 1088/1088/1088
f 1108/1108/1108 1109/1109/1109 1089/1089/1089
f 1088/1088/1088 1113/1113/1113 1112/1112/1112
f 1088/1088/1088 1089/1089/1089 1113/1113/1113
f 1112/1112/1112 1177/1177/1177 1176/1176/1176
f 1112/1112/1112 1113/1113/1113 1177/1177/1177
f 1176/1176/1176 1217/1217/1217 1216/1216/1216
f 1176/1176/1176 1177/1177/1177 1217/1217/1217
f 1216/1216/1216 1249/1249/1249 1248/1248/1248
f 1216/1216/1216 1217/1217/1217 1249/1249/1249
f 1248/1248/1248 1389/1389/1389 1388/1388/1388
f 1248/1248/1248 1249/1249/1249 1389/1389/1389
f 1388/1388/1388 1507/1507/1507 1506/1506/1506
f 1388/1388/1388 1389/1389/1389 1507/1507/1507
f 1506/1506/1506 1539/1539/1539 1538/1538/1538
f 1506/1506/1506 1507/1507/1507 1539/1539/1539
f 1538/1538/1538 1579/1579/1579 1578/1578/1578
f 1538/1538/1538 1539/1539/1539 1579/1579/1579
f 1578/1578/1578 1647/1647/1647 1646/1646/1646
f 1578/1578/1578 1579/1579/1579 1647/1647/1647
f 1646/1646/1646 1671/1671/1671 1669/1669/1669
f 1646/1646/1646 1647/1647/1647 1671/1671/1671
f 1670/1670/1670 1587/1587/1587 1643/1643/1643
f 1670/1670/1670 1622/1622/1622 1587/1587/1587
f 1643/1643/1643 1547/1547/1547 1575/1575/1575
f 1643/1643/1643 1587/1587/1587 1547/1547/1547
f 1575/1575/1575 1523/1523/1523 1535/1535/1535
f 1575/1575/1575 1547/1547/1547 1523/1523/1523
f 1535/1535/1535 1491/1491/1491 1503/1503/1503
f 1535/1535/1535 1523/1523/1523 1491/1491/1491
f 1503/1503/1503 1372/1372/1372 1365/1365/1365
f 1503/1503/1503 1491/1491/1491 1372/1372/1372
f 1365/1365/1365 1256/1256/1256 1245/1245/1245
f 1365/1365/1365 1372/1372/1372 1256/1256/1256
f 1245/1245/1245 1224/1224/1224 1213/1213/1213
f 1245/1245/1245 1256/1256/1256 1224/1224/1224
f 1213/1213/1213 1200/1200/1200 1173/1173/1173
f 1213/1213/1213 1224/1224/1224 1200/1200/1200
f 1173/1173/1173 1160/1160/1160 1109/1109/1109
f 1173/1173/1173 1200/1200/1200 1160/1160/1160
f 1109/1109/1109 1136/1136/1136 1089/1089/1089
f 1109/1109/1109 1160/1160/1160 1136/1136/1136
f 1089/1089/1089 1168/1168/1168 1113/1113/1113
f 1089/1089/1089 1136/1136/1136 1168/1168/1168
f 1113/1113/1113 1208/1208/1208 1177/1177/1177
f 1113/1113/1113 1168/1168/1168 1208/1208/1208
f 1177/1177/1177 1232/1232/1232 1217/1217/1217
f 1177/1177/1177 1208/1208/1208 1232/1232/1232
f 1217/1217/1217 1264/1264/1264 1249/1249/1249
f 1217/1217/1217 1232/1232/1232 1264/1264/1264
f 1249/1249/1249 1385/1385/1385 1389/1389/1389
f 1249/1249/1249 1264/1264/1264 1385/1385/1385
f 1389/1389/1389 1499/1499/1499 1507/1507/1507
f 1389/1389/1389 1385/1385/1385 1499/1499/1499
f 1507/1507/1507 1531/1531/1531 1539/1539/1539
f 1507/1507/1507 1499/1499/1499 1531/1531/1531
f 1539/1539/1539 1555/1555/1555 1579/1579/1579
f 1539/1539/1539 1531/1531/1531 1555/1555/1555
f 1579/1579/1579 1595/1595/1595 1647/1647/1647
f 1579/1579/1579 1555/1555/1555 1595/1595/1595
f 1647/1647/1647 1623/1623/1623 1671/1671/1671
f 1647/1647/1647 1595/1595/1595 1623/1623/1623
f 1621/1621/1621 1377/1377/1377 1586/1586/1586
f 1586/1586/1586 1377/1377/1377 1546/1546/1546
f 1546/1546/1546 1377/1377/1377 1522/1522/1522
f 1522/1522/1522 1377/1377/1377 1490/1490/1490
f 1490/1490/1490 1377/1377/1377 1373/1373/1373
f 1373/1373/1373 1377/1377/1377 1257/1257/1257
f 1257/1257/1257 1377/1377/1377 1225/1225/1225
f 1225/1225/1225 1377/1377/1377 1201/1201/1201
f 1201/1201/1201 1377/1377/1377 1161/1161/1161
f 1161/1161/1161 1377/1377/1377 1137/1137/1137
f 1137/1137/1137 1377/1377/1377 1169/1169/1169
f 1169/1169/1169 1377/1377/1377 1209/1209/1209
f 1209/1209/1209 1377/1377/1377 1233/1233/1233
f 1233/1233/1233 1377/1377/1377 1265/1265/1265
f 1265/1265/1265 1377/1377/1377 1384/1384/1384
f 1384/1384/1384 1377/1377/1377 1498/1498/1498
f 1498/1498/1498 1377/1377/1377 1530/1530/1530
f 1530/1530/1530 1377/1377/1377 1554/1554/1554
f 1554/1554/1554 1377/1377/1377 1594/1594/1594
f 1594/1594/1594 1377/1377/1377 1621/1621/1621
f 1470/1470/1470 1472/1472/1472 1508/1508/1508
f 1281/1281/1281 1241/1241/1241 1278/1278/1278
f 1239/1239/1239 1280/1280/1280 1274/1274/1274
f 1480/1480/1480 1514/1514/1514 1483/1483/1483
f 1512/1512/1512 1476/1476/1476 1482/1482/1482
f 1266/1266/1266 1235/1235/1235 1269/1269/1269
f 1471/1471/1471 1510/1510/1510 1475/1475/1475
f 1267/1267/1267 1273/1273/1273 1237/1237/1237
f 1477/1477/1477 1473/1473/1473 1270/1270/1270
f 1477/1477/1477 1270/1270/1270 1275/1275/1275
f 1280/1280/1280 1476/1476/1476 1274/1274/1274
f 1280/1280/1280 1482/1482/1482 1476/1476/1476
f 1281/1281/1281 1482/1482/1482 1280/1280/1280
f 1281/1281/1281 1483/1483/1483 1482/1482/1482
f 1238/1238/1238 1276/1276/1276 1268/1268/1268
f 1238/1238/1238 1268/1268/1268 1234/1234/1234
f 1238/1238/1238 1234/1234/1234 1236/1236/1236
f 1238/1238/1238 1236/1236/1236 1240/1240/1240
f 1239/1239/1239 1281/1281/1281 1280/1280/1280
f 1239/1239/1239 1241/1241/1241 1281/1281/1281
f 1271/1271/1271 1240/1240/1240 1236/1236/1236
f 1271/1271/1271 1279/1279/1279 1240/1240/1240
f 1479/1479/1479 1277/1277/1277 1272/1272/1272
f 1479/1479/1479 1272/1272/1272 1474/1474/1474
f 1481/1481/1481 1475/1475/1475 1511/1511/1511
f 1481/1481/1481 1511/1511/1511 1515/1515/1515
f 1480/1480/1480 1483/1483/1483 1281/1281/1281
f 1480/1480/1480 1281/1281/1281 1278/1278/1278
f 1512/1512/1512 1482/1482/1482 1483/1483/1483
f 1512/1512/1512 1483/1483/1483 1514/1514/1514
f 1513/1513/1513 1515/1515/1515 1511/1511/1511
f 1513/1513/1513 1511/1511/1511 1509/1509/1509
f 1513/1513/1513 1472/1472/1472 1478/1478/1478
f 1513/1513/1513 1509/1509/1509 1472/1472/1472
f 1266/1266/1266 1269/1269/1269 1472/1472/1472
f 1266/1266/1266 1472/1472/1472 1470/1470/1470
f 1471/1471/1471 1508/1508/1508 1510/1510/1510
f 1471/1471/1471 1470/1470/1470 1508/1508/1508
f 1267/1267/1267 1475/1475/1475 1273/1273/1273
f 1267/1267/1267 1471/1471/1471 1475/1475/1475
f 1267/1267/1267 1237/1237/1237 1235/1235/1235
f 1267/1267/1267 1235/1235/1235 1266/1266/1266
f 1267/1267/1267 1266/1266/1266 1470/1470/1470
f 1267/1267/1267 1470/1470/1470 1471/1471/1471
o 22_Carro_Mano_Wood
usemtl Wood
s 1
f 222/222/222 137/137/137 236/236/236
f 267/267/267 293/293/293 177/177/177
f 2599/2599/2599 2514/2514/2514 2542/2542/2542
f 264/264/264 172/172/172 292/292/292
f 2517/2517/2517 2604/2604/2604 2543/2543/2543
f 223/223/223 239/239/239 141/141/141
f 2472/2472/2472 2486/2486/2486 2565/2565/2565
f 2473/2473/2473 2568/2568/2568 2489/2489/2489
f 174/174/174 138/138/138 140/140/140
f 174/174/174 140/140/140 176/176/176
f 293/293/293 2543/2543/2543 2542/2542/2542
f 293/293/293 2542/2542/2542 292/292/292
f 293/293/293 172/172/172 177/177/177
f 293/293/293 292/292/292 172/172/172
f 266/266/266 175/175/175 139/139/139
f 266/266/266 139/139/139 238/238/238
f 2601/2601/2601 2487/2487/2487 2515/2515/2515
f 2601/2601/2601 2565/2565/2565 2487/2487/2487
f 2599/2599/2599 2542/2542/2542 2543/2543/2543
f 2599/2599/2599 2543/2543/2543 2604/2604/2604
f 264/264/264 292/292/292 2542/2542/2542
f 264/264/264 2542/2542/2542 2514/2514/2514
f 265/265/265 2515/2515/2515 2487/2487/2487
f 265/265/265 2487/2487/2487 237/237/237
f 265/265/265 137/137/137 173/173/173
f 265/265/265 237/237/237 137/137/137
f 2566/2566/2566 2564/2564/2564 2600/2600/2600
f 2566/2566/2566 2600/2600/2600 2602/2602/2602
f 2516/2516/2516 2567/2567/2567 2603/2603/2603
f 2516/2516/2516 2488/2488/2488 2567/2567/2567
f 2517/2517/2517 2543/2543/2543 293/293/293
f 2517/2517/2517 293/293/293 267/267/267
f 2516/2516/2516 266/266/266 238/238/238
f 2516/2516/2516 238/238/238 2488/2488/2488
f 223/223/223 141/141/141 137/137/137
f 223/223/223 137/137/137 222/222/222
f 2472/2472/2472 236/236/236 2486/2486/2486
f 2472/2472/2472 222/222/222 236/236/236
f 2473/2473/2473 2565/2565/2565 2568/2568/2568
f 2473/2473/2473 2472/2472/2472 2565/2565/2565
f 2473/2473/2473 2489/2489/2489 239/239/239
f 2473/2473/2473 239/239/239 223/223/223
f 2473/2473/2473 223/223/223 222/222/222
f 2473/2473/2473 222/222/222 2472/2472/2472
f 224/224/224 142/142/142 240/240/240
f 271/271/271 295/295/295 183/183/183
f 2605/2605/2605 2518/2518/2518 2544/2544/2544
f 268/268/268 178/178/178 294/294/294
f 2521/2521/2521 2610/2610/2610 2545/2545/2545
f 225/225/225 243/243/243 146/146/146
f 2474/2474/2474 2490/2490/2490 2570/2570/2570
f 2475/2475/2475 2573/2573/2573 2493/2493/2493
f 180/180/180 143/143/143 145/145/145
f 180/180/180 145/145/145 182/182/182
f 295/295/295 2545/2545/2545 2544/2544/2544
f 295/295/295 2544/2544/2544 294/294/294
f 295/295/295 178/178/178 183/183/183
f 295/295/295 294/294/294 178/178/178
f 270/270/270 181/181/181 144/144/144
f 270/270/270 144/144/144 242/242/242
f 2607/2607/2607 2491/2491/2491 2519/2519/2519
f 2607/2607/2607 2570/2570/2570 2491/2491/2491
f 2605/2605/2605 2544/2544/2544 2545/2545/2545
f 2605/2605/2605 2545/2545/2545 2610/2610/2610
f 268/268/268 294/294/294 2544/2544/2544
f 268/268/268 2544/2544/2544 2518/2518/2518
f 269/269/269 2519/2519/2519 2491/2491/2491
f 269/269/269 2491/2491/2491 241/241/241
f 269/269/269 142/142/142 179/179/179
f 269/269/269 241/241/241 142/142/142
f 2571/2571/2571 2569/2569/2569 2606/2606/2606
f 2571/2571/2571 2606/2606/2606 2608/2608/2608
f 2520/2520/2520 2572/2572/2572 2609/2609/2609
f 2520/2520/2520 2492/2492/2492 2572/2572/2572
f 2521/2521/2521 2545/2545/2545 295/295/295
f 2521/2521/2521 295/295/295 271/271/271
f 2520/2520/2520 270/270/270 242/242/242
f 2520/2520/2520 242/242/242 2492/2492/2492
f 225/225/225 146/146/146 142/142/142
f 225/225/225 142/142/142 224/224/224
f 2474/2474/2474 240/240/240 2490/2490/2490
f 2474/2474/2474 224/224/224 240/240/240
f 2475/2475/2475 2570/2570/2570 2573/2573/2573
f 2475/2475/2475 2474/2474/2474 2570/2570/2570
f 2475/2475/2475 2493/2493/2493 243/243/243
f 2475/2475/2475 243/243/243 225/225/225
f 2475/2475/2475 225/225/225 224/224/224
f 2475/2475/2475 224/224/224 2474/2474/2474
f 226/226/226 147/147/147 244/244/244
f 275/275/275 297/297/297 189/189/189
f 2611/2611/2611 2522/2522/2522 2546/2546/2546
f 272/272/272 184/184/184 296/296/296
f 2525/2525/2525 2616/2616/2616 2547/2547/2547
f 227/227/227 247/247/247 151/151/151
f 2476/2476/2476 2494/2494/2494 2575/2575/2575
f 2477/2477/2477 2578/2578/2578 2497/2497/2497
f 186/186/186 148/148/148 150/150/150
f 186/186/186 150/150/150 188/188/188
f 297/297/297 2547/2547/2547 2546/2546/2546
f 297/297/297 2546/2546/2546 296/296/296
f 297/297/297 184/184/184 189/189/189
f 297/297/297 296/296/296 184/184/184
f 274/274/274 187/187/187 149/149/149
f 274/274/274 149/149/149 246/246/246
f 2613/2613/2613 2495/2495/2495 2523/2523/2523
f 2613/2613/2613 2575/2575/2575 2495/2495/2495
f 2611/2611/2611 2546/2546/2546 2547/2547/2547
f 2611/2611/2611 2547/2547/2547 2616/2616/2616
f 272/272/272 296/296/296 2546/2546/2546
f 272/272/272 2546/2546/2546 2522/2522/2522
f 273/273/273 2523/2523/2523 2495/2495/2495
f 273/273/273 2495/2495/2495 245/245/245
f 273/273/273 147/147/147 185/185/185
f 273/273/273 245/245/245 147/147/147
f 2576/2576/2576 2574/2574/2574 2612/2612/2612
f 2576/2576/2576 2612/2612/2612 2614/2614/2614
f 2524/2524/2524 2577/2577/2577 2615/2615/2615
f 2524/2524/2524 2496/2496/2496 2577/2577/2577
f 2525/2525/2525 2547/2547/2547 297/297/297
f 2525/2525/2525 297/297/297 275/275/275
f 2524/2524/2524 274/274/274 246/246/246
f 2524/2524/2524 246/246/246 2496/2496/2496
f 227/227/227 151/151/151 147/147/147
f 227/227/227 147/147/147 226/226/226
f 2476/2476/2476 244/244/244 2494/2494/2494
f 2476/2476/2476 226/226/226 244/244/244
f 2477/2477/2477 2575/2575/2575 2578/2578/2578
f 2477/2477/2477 2476/2476/2476 2575/2575/2575
f 2477/2477/2477 2497/2497/2497 247/247/247
f 2477/2477/2477 247/247/247 227/227/227
f 2477/2477/2477 227/227/227 226/226/226
f 2477/2477/2477 226/226/226 2476/2476/2476
f 228/228/228 152/152/152 248/248/248
f 279/279/279 299/299/299 195/195/195
f 2617/2617/2617 2526/2526/2526 2548/2548/2548
f 276/276/276 190/190/190 298/298/298
f 2529/2529/2529 2622/2622/2622 2549/2549/2549
f 229/229/229 251/251/251 156/156/156
f 2478/2478/2478 2498/2498/2498 2580/2580/2580
f 2479/2479/2479 2583/2583/2583 2501/2501/2501
f 192/192/192 153/153/153 155/155/155
f 192/192/192 155/155/155 194/194/194
f 299/299/299 2549/2549/2549 2548/2548/2548
f 299/299/299 2548/2548/2548 298/298/298
f 299/299/299 190/190/190 195/195/195
f 299/299/299 298/298/298 190/190/190
f 278/278/278 193/193/193 154/154/154
f 278/278/278 154/154/154 250/250/250
f 2619/2619/2619 2499/2499/2499 2527/2527/2527
f 2619/2619/2619 2580/2580/2580 2499/2499/2499
f 2617/2617/2617 2548/2548/2548 2549/2549/2549
f 2617/2617/2617 2549/2549/2549 2622/2622/2622
f 276/276/276 298/298/298 2548/2548/2548
f 276/276/276 2548/2548/2548 2526/2526/2526
f 277/277/277 2527/2527/2527 2499/2499/2499
f 277/277/277 2499/2499/2499 249/249/249
f 277/277/277 152/152/152 191/191/191
f 277/277/277 249/249/249 152/152/152
f 2581/2581/2581 2579/2579/2579 2618/2618/2618
f 2581/2581/2581 2618/2618/2618 2620/2620/2620
f 2528/2528/2528 2582/2582/2582 2621/2621/2621
f 2528/2528/2528 2500/2500/2500 2582/2582/2582
f 2529/2529/2529 2549/2549/2549 299/299/299
f 2529/2529/2529 299/299/299 279/279/279
f 2528/2528/2528 278/278/278 250/250/250
f 2528/2528/2528 250/250/250 2500/2500/2500
f 229/229/229 156/156/156 152/152/152
f 229/229/229 152/152/152 228/228/228
f 2478/2478/2478 248/248/248 2498/2498/2498
f 2478/2478/2478 228/228/228 248/248/248
f 2479/2479/2479 2580/2580/2580 2583/2583/2583
f 2479/2479/2479 2478/2478/2478 2580/2580/2580
f 2479/2479/2479 2501/2501/2501 251/251/251
f 2479/2479/2479 251/251/251 229/229/229
f 2479/2479/2479 229/229/229 228/228/228
f 2479/2479/2479 228/228/228 2478/2478/2478
f 230/230/230 157/157/157 252/252/252
f 283/283/283 301/301/301 201/201/201
f 2623/2623/2623 2530/2530/2530 2550/2550/2550
f 280/280/280 196/196/196 300/300/300
f 2533/2533/2533 2628/2628/2628 2551/2551/2551
f 231/231/231 255/255/255 161/161/161
f 2480/2480/2480 2502/2502/2502 2585/2585/2585
f 2481/2481/2481 2588/2588/2588 2505/2505/2505
f 198/198/198 158/158/158 160/160/160
f 198/198/198 160/160/160 200/200/200
f 301/301/301 2551/2551/2551 2550/2550/2550
f 301/301/301 2550/2550/2550 300/300/300
f 301/301/301 196/196/196 201/201/201
f 301/301/301 300/300/300 196/196/196
f 282/282/282 199/199/199 159/159/159
f 282/282/282 159/159/159 254/254/254
f 2625/2625/2625 2503/2503/2503 2531/2531/2531
f 2625/2625/2625 2585/2585/2585 2503/2503/2503
f 2623/2623/2623 2550/2550/2550 2551/2551/2551
f 2623/2623/2623 2551/2551/2551 2628/2628/2628
f 280/280/280 300/300/300 2550/2550/2550
f 280/280/280 2550/2550/2550 2530/2530/2530
f 281/281/281 2531/2531/2531 2503/2503/2503
f 281/281/281 2503/2503/2503 253/253/253
f 281/281/281 157/157/157 197/197/197
f 281/281/281 253/253/253 157/157/157
f 2586/2586/2586 2584/2584/2584 2624/2624/2624
f 2586/2586/2586 2624/2624/2624 2626/2626/2626
f 2532/2532/2532 2587/2587/2587 2627/2627/2627
f 2532/2532/2532 2504/2504/2504 2587/2587/2587
f 2533/2533/2533 2551/2551/2551 301/301/301
f 2533/2533/2533 301/301/301 283/283/283
f 2532/2532/2532 282/282/282 254/254/254
f 2532/2532/2532 254/254/254 2504/2504/2504
f 231/231/231 161/161/161 157/157/157
f 231/231/231 157/157/157 230/230/230
f 2480/2480/2480 252/252/252 2502/2502/2502
f 2480/2480/2480 230/230/230 252/252/252
f 2481/2481/2481 2585/2585/2585 2588/2588/2588
f 2481/2481/2481 2480/2480/2480 2585/2585/2585
f 2481/2481/2481 2505/2505/2505 255/255/255
f 2481/2481/2481 255/255/255 231/231/231
f 2481/2481/2481 231/231/231 230/230/230
f 2481/2481/2481 230/230/230 2480/2480/2480
f 232/232/232 162/162/162 256/256/256
f 287/287/287 303/303/303 207/207/207
f 2629/2629/2629 2534/2534/2534 2552/2552/2552
f 284/284/284 202/202/202 302/302/302
f 2537/2537/2537 2634/2634/2634 2553/2553/2553
f 233/233/233 259/259/259 166/166/166
f 2482/2482/2482 2506/2506/2506 2590/2590/2590
f 2483/2483/2483 2593/2593/2593 2509/2509/2509
f 204/204/204 163/163/163 165/165/165
f 204/204/204 165/165/165 206/206/206
f 303/303/303 2553/2553/2553 2552/2552/2552
f 303/303/303 2552/2552/2552 302/302/302
f 303/303/303 202/202/202 207/207/207
f 303/303/303 302/302/302 202/202/202
f 286/286/286 205/205/205 164/164/164
f 286/286/286 164/164/164 258/258/258
f 2631/2631/2631 2507/2507/2507 2535/2535/2535
f 2631/2631/2631 2590/2590/2590 2507/2507/2507
f 2629/2629/2629 2552/2552/2552 2553/2553/2553
f 2629/2629/2629 2553/2553/2553 2634/2634/2634
f 284/284/284 302/302/302 2552/2552/2552
f 284/284/284 2552/2552/2552 2534/2534/2534
f 285/285/285 2535/2535/2535 2507/2507/2507
f 285/285/285 2507/2507/2507 257/257/257
f 285/285/285 162/162/162 203/203/203
f 285/285/285 257/257/257 162/162/162
f 2591/2591/2591 2589/2589/2589 2630/2630/2630
f 2591/2591/2591 2630/2630/2630 2632/2632/2632
f 2536/2536/2536 2592/2592/2592 2633/2633/2633
f 2536/2536/2536 2508/2508/2508 2592/2592/2592
f 2537/2537/2537 2553/2553/2553 303/303/303
f 2537/2537/2537 303/303/303 287/287/287
f 2536/2536/2536 286/286/286 258/258/258
f 2536/2536/2536 258/258/258 2508/2508/2508
f 233/233/233 166/166/166 162/162/162
f 233/233/233 162/162/162 232/232/232
f 2482/2482/2482 256/256/256 2506/2506/2506
f 2482/2482/2482 232/232/232 256/256/256
f 2483/2483/2483 2590/2590/2590 2593/2593/2593
f 2483/2483/2483 2482/2482/2482 2590/2590/2590
f 2483/2483/2483 2509/2509/2509 259/259/259
f 2483/2483/2483 259/259/259 233/233/233
f 2483/2483/2483 233/233/233 232/232/232
f 2483/2483/2483 232/232/232 2482/2482/2482
f 234/234/234 167/167/167 260/260/260
f 291/291/291 305/305/305 213/213/213
f 2635/2635/2635 2538/2538/2538 2554/2554/2554
f 288/288/288 208/208/208 304/304/304
f 2541/2541/2541 2640/2640/2640 2555/2555/2555
f 235/235/235 263/263/263 171/171/171
f 2484/2484/2484 2510/2510/2510 2595/2595/2595
f 2485/2485/2485 2598/2598/2598 2513/2513/2513
f 210/210/210 168/168/168 170/170/170
f 210/210/210 170/170/170 212/212/212
f 305/305/305 2555/2555/2555 2554/2554/2554
f 305/305/305 2554/2554/2554 304/304/304
f 305/305/305 208/208/208 213/213/213
f 305/305/305 304/304/304 208/208/208
f 290/290/290 211/211/211 169/169/169
f 290/290/290 169/169/169 262/262/262
f 2637/2637/2637 2511/2511/2511 2539/2539/2539
f 2637/2637/2637 2595/2595/2595 2511/2511/2511
f 2635/2635/2635 2554/2554/2554 2555/2555/2555
f 2635/2635/2635 2555/2555/2555 2640/2640/2640
f 288/288/288 304/304/304 2554/2554/2554
f 288/288/288 2554/2554/2554 2538/2538/2538
f 289/289/289 2539/2539/2539 2511/2511/2511
f 289/289/289 2511/2511/2511 261/261/261
f 289/289/289 167/167/167 209/209/209
f 289/289/289 261/261/261 167/167/167
f 2596/2596/2596 2594/2594/2594 2636/2636/2636
f 2596/2596/2596 2636/2636/2636 2638/2638/2638
f 2540/2540/2540 2597/2597/2597 2639/2639/2639
f 2540/2540/2540 2512/2512/2512 2597/2597/2597
f 2541/2541/2541 2555/2555/2555 305/305/305
f 2541/2541/2541 305/305/305 291/291/291
f 2540/2540/2540 290/290/290 262/262/262
f 2540/2540/2540 262/262/262 2512/2512/2512
f 235/235/235 171/171/171 167/167/167
f 235/235/235 167/167/167 234/234/234
f 2484/2484/2484 260/260/260 2510/2510/2510
f 2484/2484/2484 234/234/234 260/260/260
f 2485/2485/2485 2595/2595/2595 2598/2598/2598
f 2485/2485/2485 2484/2484/2484 2595/2595/2595
f 2485/2485/2485 2513/2513/2513 263/263/263
f 2485/2485/2485 263/263/263 235/235/235
f 2485/2485/2485 235/235/235 234/234/234
f 2485/2485/2485 234/234/234 2484/2484/2484
f 89/89/89 45/45/45 97/97/97
f 2708/2708/2708 2702/2702/2702 2752/2752/2752
f 102/102/102 108/108/108 60/60/60
f 2749/2749/2749 2701/2701/2701 2706/2706/2706
f 101/101/101 57/57/57 106/106/106
f 91/91/91 98/98/98 47/47/47
f 2689/2689/2689 2697/2697/2697 2738/2738/2738
f 2691/2691/2691 2739/2739/2739 2698/2698/2698
f 56/56/56 46/46/46 49/49/49
f 56/56/56 49/49/49 59/59/59
f 107/107/107 55/55/55 58/58/58
f 107/107/107 105/105/105 55/55/55
f 2707/2707/2707 105/105/105 107/107/107
f 2707/2707/2707 2705/2705/2705 105/105/105
f 102/102/102 60/60/60 47/47/47
f 102/102/102 47/47/47 98/98/98
f 102/102/102 98/98/98 2698/2698/2698
f 102/102/102 2698/2698/2698 2702/2702/2702
f 102/102/102 2708/2708/2708 108/108/108
f 102/102/102 2702/2702/2702 2708/2708/2708
f 2739/2739/2739 2702/2702/2702 2698/2698/2698
f 2739/2739/2739 2752/2752/2752 2702/2702/2702
f 2747/2747/2747 2750/2750/2750 2740/2740/2740
f 2747/2747/2747 2740/2740/2740 2737/2737/2737
f 2749/2749/2749 2738/2738/2738 2697/2697/2697
f 2749/2749/2749 2697/2697/2697 2701/2701/2701
f 2748/2748/2748 2705/2705/2705 2707/2707/2707
f 2748/2748/2748 2707/2707/2707 2751/2751/2751
f 101/101/101 106/106/106 2706/2706/2706
f 101/101/101 2706/2706/2706 2701/2701/2701
f 101/101/101 2701/2701/2701 2697/2697/2697
f 101/101/101 2697/2697/2697 97/97/97
f 101/101/101 45/45/45 57/57/57
f 101/101/101 97/97/97 45/45/45
f 92/92/92 48/48/48 45/45/45
f 92/92/92 45/45/45 90/90/90
f 2689/2689/2689 97/97/97 2697/2697/2697
f 2689/2689/2689 89/89/89 97/97/97
f 2692/2692/2692 2738/2738/2738 2741/2741/2741
f 2692/2692/2692 2690/2690/2690 2738/2738/2738
f 2691/2691/2691 2698/2698/2698 98/98/98
f 2691/2691/2691 98/98/98 91/91/91
f 2692/2692/2692 92/92/92 90/90/90
f 2692/2692/2692 90/90/90 2690/2690/2690
f 93/93/93 50/50/50 99/99/99
f 2712/2712/2712 2704/2704/2704 2758/2758/2758
f 104/104/104 112/112/112 66/66/66
f 2755/2755/2755 2703/2703/2703 2710/2710/2710
f 103/103/103 63/63/63 110/110/110
f 95/95/95 100/100/100 52/52/52
f 2693/2693/2693 2699/2699/2699 2743/2743/2743
f 2695/2695/2695 2744/2744/2744 2700/2700/2700
f 62/62/62 51/51/51 54/54/54
f 62/62/62 54/54/54 65/65/65
f 111/111/111 61/61/61 64/64/64
f 111/111/111 109/109/109 61/61/61
f 2711/2711/2711 109/109/109 111/111/111
f 2711/2711/2711 2709/2709/2709 109/109/109
f 104/104/104 66/66/66 52/52/52
f 104/104/104 52/52/52 100/100/100
f 104/104/104 100/100/100 2700/2700/2700
f 104/104/104 2700/2700/2700 2704/2704/2704
f 104/104/104 2712/2712/2712 112/112/112
f 104/104/104 2704/2704/2704 2712/2712/2712
f 2744/2744/2744 2704/2704/2704 2700/2700/2700
f 2744/2744/2744 2758/2758/2758 2704/2704/2704
f 2753/2753/2753 2756/2756/2756 2745/2745/2745
f 2753/2753/2753 2745/2745/2745 2742/2742/2742
f 2755/2755/2755 2743/2743/2743 2699/2699/2699
f 2755/2755/2755 2699/2699/2699 2703/2703/2703
f 2754/2754/2754 2709/2709/2709 2711/2711/2711
f 2754/2754/2754 2711/2711/2711 2757/2757/2757
f 103/103/103 110/110/110 2710/2710/2710
f 103/103/103 2710/2710/2710 2703/2703/2703
f 103/103/103 2703/2703/2703 2699/2699/2699
f 103/103/103 2699/2699/2699 99/99/99
f 103/103/103 50/50/50 63/63/63
f 103/103/103 99/99/99 50/50/50
f 96/96/96 53/53/53 50/50/50
f 96/96/96 50/50/50 94/94/94
f 2693/2693/2693 99/99/99 2699/2699/2699
f 2693/2693/2693 93/93/93 99/99/99
f 2696/2696/2696 2743/2743/2743 2746/2746/2746
f 2696/2696/2696 2694/2694/2694 2743/2743/2743
f 2695/2695/2695 2700/2700/2700 100/100/100
f 2695/2695/2695 100/100/100 95/95/95
f 2696/2696/2696 96/96/96 94/94/94
f 2696/2696/2696 94/94/94 2694/2694/2694
f 2449/2449/2449 2453/2453/2453 2394/2394/2394
f 2441/2441/2441 2388/2388/2388 2446/2446/2446
f 2649/2649/2649 2652/2652/2652 2677/2677/2677
f 2642/2642/2642 2647/2647/2647 2674/2674/2674
f 2650/2650/2650 2679/2679/2679 2654/2654/2654
f 2448/2448/2448 2392/2392/2392 2451/2451/2451
f 2444/2444/2444 2447/2447/2447 2390/2390/2390
f 2645/2645/2645 2676/2676/2676 2648/2648/2648
f 2675/2675/2675 2673/2673/2673 2678/2678/2678
f 2675/2675/2675 2678/2678/2678 2680/2680/2680
f 2393/2393/2393 2389/2389/2389 2391/2391/2391
f 2393/2393/2393 2391/2391/2391 2395/2395/2395
f 2455/2455/2455 2393/2393/2393 2395/2395/2395
f 2455/2455/2455 2452/2452/2452 2393/2393/2393
f 2449/2449/2449 2390/2390/2390 2447/2447/2447
f 2449/2449/2449 2394/2394/2394 2390/2390/2390
f 2656/2656/2656 2680/2680/2680 2678/2678/2678
f 2656/2656/2656 2678/2678/2678 2653/2653/2653
f 2655/2655/2655 2450/2450/2450 2454/2454/2454
f 2655/2655/2655 2651/2651/2651 2450/2450/2450
f 2649/2649/2649 2677/2677/2677 2674/2674/2674
f 2649/2649/2649 2674/2674/2674 2647/2647/2647
f 2642/2642/2642 2446/2446/2446 2647/2647/2647
f 2642/2642/2642 2441/2441/2441 2446/2446/2446
f 2650/2650/2650 2654/2654/2654 2453/2453/2453
f 2650/2650/2650 2453/2453/2453 2449/2449/2449
f 2650/2650/2650 2676/2676/2676 2679/2679/2679
f 2650/2650/2650 2648/2648/2648 2676/2676/2676
f 2650/2650/2650 2449/2449/2449 2447/2447/2447
f 2650/2650/2650 2447/2447/2447 2648/2648/2648
f 2448/2448/2448 2451/2451/2451 2652/2652/2652
f 2448/2448/2448 2652/2652/2652 2649/2649/2649
f 2448/2448/2448 2388/2388/2388 2392/2392/2392
f 2448/2448/2448 2446/2446/2446 2388/2388/2388
f 2448/2448/2448 2649/2649/2649 2647/2647/2647
f 2448/2448/2448 2647/2647/2647 2446/2446/2446
f 2443/2443/2443 2391/2391/2391 2389/2389/2389
f 2443/2443/2443 2389/2389/2389 2440/2440/2440
f 2645/2645/2645 2648/2648/2648 2447/2447/2447
f 2645/2645/2645 2447/2447/2447 2444/2444/2444
f 2644/2644/2644 2673/2673/2673 2675/2675/2675
f 2644/2644/2644 2641/2641/2641 2673/2673/2673
f 2646/2646/2646 2442/2442/2442 2643/2643/2643
f 2646/2646/2646 2445/2445/2445 2442/2442/2442
f 113/113/113 67/67/67 121/121/121
f 2732/2732/2732 2726/2726/2726 2774/2774/2774
f 126/126/126 132/132/132 82/82/82
f 2771/2771/2771 2725/2725/2725 2730/2730/2730
f 125/125/125 79/79/79 130/130/130
f 115/115/115 122/122/122 69/69/69
f 2713/2713/2713 2721/2721/2721 2760/2760/2760
f 2715/2715/2715 2761/2761/2761 2722/2722/2722
f 78/78/78 68/68/68 71/71/71
f 78/78/78 71/71/71 81/81/81
f 131/131/131 77/77/77 80/80/80
f 131/131/131 129/129/129 77/77/77
f 2731/2731/2731 129/129/129 131/131/131
f 2731/2731/2731 2729/2729/2729 129/129/129
f 126/126/126 82/82/82 69/69/69
f 126/126/126 69/69/69 122/122/122
f 126/126/126 122/122/122 2722/2722/2722
f 126/126/126 2722/2722/2722 2726/2726/2726
f 126/126/126 2732/2732/2732 132/132/132
f 126/126/126 2726/2726/2726 2732/2732/2732
f 2761/2761/2761 2726/2726/2726 2722/2722/2722
f 2761/2761/2761 2774/2774/2774 2726/2726/2726
f 2769/2769/2769 2772/2772/2772 2762/2762/2762
f 2769/2769/2769 2762/2762/2762 2759/2759/2759
f 2771/2771/2771 2760/2760/2760 2721/2721/2721
f 2771/2771/2771 2721/2721/2721 2725/2725/2725
f 2770/2770/2770 2729/2729/2729 2731/2731/2731
f 2770/2770/2770 2731/2731/2731 2773/2773/2773
f 125/125/125 130/130/130 2730/2730/2730
f 125/125/125 2730/2730/2730 2725/2725/2725
f 125/125/125 2725/2725/2725 2721/2721/2721
f 125/125/125 2721/2721/2721 121/121/121
f 125/125/125 67/67/67 79/79/79
f 125/125/125 121/121/121 67/67/67
f 116/116/116 70/70/70 67/67/67
f 116/116/116 67/67/67 114/114/114
f 2713/2713/2713 121/121/121 2721/2721/2721
f 2713/2713/2713 113/113/113 121/121/121
f 2716/2716/2716 2760/2760/2760 2763/2763/2763
f 2716/2716/2716 2714/2714/2714 2760/2760/2760
f 2715/2715/2715 2722/2722/2722 122/122/122
f 2715/2715/2715 122/122/122 115/115/115
f 2716/2716/2716 116/116/116 114/114/114
f 2716/2716/2716 114/114/114 2714/2714/2714
f 117/117/117 72/72/72 123/123/123
f 2736/2736/2736 2728/2728/2728 2780/2780/2780
f 128/128/128 136/136/136 88/88/88
f 2777/2777/2777 2727/2727/2727 2734/2734/2734
f 127/127/127 85/85/85 134/134/134
f 119/119/119 124/124/124 74/74/74
f 2717/2717/2717 2723/2723/2723 2765/2765/2765
f 2719/2719/2719 2766/2766/2766 2724/2724/2724
f 84/84/84 73/73/73 76/76/76
f 84/84/84 76/76/76 87/87/87
f 135/135/135 83/83/83 86/86/86
f 135/135/135 133/133/133 83/83/83
f 2735/2735/2735 133/133/133 135/135/135
f 2735/2735/2735 2733/2733/2733 133/133/133
f 128/128/128 88/88/88 74/74/74
f 128/128/128 74/74/74 124/124/124
f 128/128/128 124/124/124 2724/2724/2724
f 128/128/128 2724/2724/2724 2728/2728/2728
f 128/128/128 2736/2736/2736 136/136/136
f 128/128/128 2728/2728/2728 2736/2736/2736
f 2766/2766/2766 2728/2728/2728 2724/2724/2724
f 2766/2766/2766 2780/2780/2780 2728/2728/2728
f 2775/2775/2775 2778/2778/2778 2767/2767/2767
f 2775/2775/2775 2767/2767/2767 2764/2764/2764
f 2777/2777/2777 2765/2765/2765 2723/2723/2723
f 2777/2777/2777 2723/2723/2723 2727/2727/2727
f 2776/2776/2776 2733/2733/2733 2735/2735/2735
f 2776/2776/2776 2735/2735/2735 2779/2779/2779
f 127/127/127 134/134/134 2734/2734/2734
f 127/127/127 2734/2734/2734 2727/2727/2727
f 127/127/127 2727/2727/2727 2723/2723/2723
f 127/127/127 2723/2723/2723 123/123/123
f 127/127/127 72/72/72 85/85/85
f 127/127/127 123/123/123 72/72/72
f 120/120/120 75/75/75 72/72/72
f 120/120/120 72/72/72 118/118/118
f 2717/2717/2717 123/123/123 2723/2723/2723
f 2717/2717/2717 117/117/117 123/123/123
f 2720/2720/2720 2765/2765/2765 2768/2768/2768
f 2720/2720/2720 2718/2718/2718 2765/2765/2765
f 2719/2719/2719 2724/2724/2724 124/124/124
f 2719/2719/2719 124/124/124 119/119/119
f 2720/2720/2720 120/120/120 118/118/118
f 2720/2720/2720 118/118/118 2718/2718/2718
f 2465/2465/2465 2469/2469/2469 2402/2402/2402
f 2457/2457/2457 2396/2396/2396 2462/2462/2462
f 2665/2665/2665 2668/2668/2668 2685/2685/2685
f 2658/2658/2658 2663/2663/2663 2682/2682/2682
f 2666/2666/2666 2687/2687/2687 2670/2670/2670
f 2464/2464/2464 2400/2400/2400 2467/2467/2467
f 2460/2460/2460 2463/2463/2463 2398/2398/2398
f 2661/2661/2661 2684/2684/2684 2664/2664/2664
f 2683/2683/2683 2681/2681/2681 2686/2686/2686
f 2683/2683/2683 2686/2686/2686 2688/2688/2688
f 2401/2401/2401 2397/2397/2397 2399/2399/2399
f 2401/2401/2401 2399/2399/2399 2403/2403/2403
f 2471/2471/2471 2401/2401/2401 2403/2403/2403
f 2471/2471/2471 2468/2468/2468 2401/2401/2401
f 2465/2465/2465 2398/2398/2398 2463/2463/2463
f 2465/2465/2465 2402/2402/2402 2398/2398/2398
f 2672/2672/2672 2688/2688/2688 2686/2686/2686
f 2672/2672/2672 2686/2686/2686 2669/2669/2669
f 2671/2671/2671 2466/2466/2466 2470/2470/2470
f 2671/2671/2671 2667/2667/2667 2466/2466/2466
f 2665/2665/2665 2685/2685/2685 2682/2682/2682
f 2665/2665/2665 2682/2682/2682 2663/2663/2663
f 2658/2658/2658 2462/2462/2462 2663/2663/2663
f 2658/2658/2658 2457/2457/2457 2462/2462/2462
f 2666/2666/2666 2670/2670/2670 2469/2469/2469
f 2666/2666/2666 2469/2469/2469 2465/2465/2465
f 2666/2666/2666 2684/2684/2684 2687/2687/2687
f 2666/2666/2666 2664/2664/2664 2684/2684/2684
f 2666/2666/2666 2465/2465/2465 2463/2463/2463
f 2666/2666/2666 2463/2463/2463 2664/2664/2664
f 2464/2464/2464 2467/2467/2467 2668/2668/2668
f 2464/2464/2464 2668/2668/2668 2665/2665/2665
f 2464/2464/2464 2396/2396/2396 2400/2400/2400
f 2464/2464/2464 2462/2462/2462 2396/2396/2396
f 2464/2464/2464 2665/2665/2665 2663/2663/2663
f 2464/2464/2464 2663/2663/2663 2462/2462/2462
f 2459/2459/2459 2399/2399/2399 2397/2397/2397
f 2459/2459/2459 2397/2397/2397 2456/2456/2456
f 2661/2661/2661 2664/2664/2664 2463/2463/2463
f 2661/2661/2661 2463/2463/2463 2460/2460/2460
f 2660/2660/2660 2681/2681/2681 2683/2683/2683
f 2660/2660/2660 2657/2657/2657 2681/2681/2681
f 2662/2662/2662 2458/2458/2458 2659/2659/2659
f 2662/2662/2662 2461/2461/2461 2458/2458/2458
f 306/306/306 214/214/214 316/316/316
f 327/327/327 336/336/336 219/219/219
f 360/360/360 369/369/369 382/382/382
f 372/372/372 363/363/363 383/383/383
f 309/309/309 319/319/319 215/215/215
f 324/324/324 218/218/218 333/333/333
f 342/342/342 352/352/352 378/378/378
f 345/345/345 379/379/379 355/355/355
f 218/218/218 214/214/214 215/215/215
f 218/218/218 215/215/215 219/219/219
f 336/336/336 218/218/218 219/219/219
f 336/336/336 333/333/333 218/218/218
f 379/379/379 382/382/382 383/383/383
f 379/379/379 378/378/378 382/382/382
f 363/363/363 355/355/355 379/379/379
f 363/363/363 379/379/379 383/383/383
f 327/327/327 219/219/219 215/215/215
f 327/327/327 215/215/215 319/319/319
f 326/326/326 354/354/354 362/362/362
f 326/326/326 318/318/318 354/354/354
f 360/360/360 382/382/382 378/378/378
f 360/360/360 378/378/378 352/352/352
f 372/372/372 326/326/326 362/362/362
f 372/372/372 334/334/334 326/326/326
f 371/371/371 332/332/332 335/335/335
f 371/371/371 368/368/368 332/332/332
f 372/372/372 383/383/383 382/382/382
f 372/372/372 382/382/382 369/369/369
f 309/309/309 215/215/215 214/214/214
f 309/309/309 214/214/214 306/306/306
f 325/325/325 333/333/333 370/370/370
f 325/325/325 370/370/370 361/361/361
f 324/324/324 214/214/214 218/218/218
f 324/324/324 316/316/316 214/214/214
f 325/325/325 361/361/361 353/353/353
f 325/325/325 353/353/353 317/317/317
f 344/344/344 317/317/317 353/353/353
f 344/344/344 306/306/306 317/317/317
f 345/345/345 354/354/354 318/318/318
f 345/345/345 318/318/318 308/308/308
f 346/346/346 310/310/310 307/307/307
f 346/346/346 307/307/307 343/343/343
f 345/345/345 378/378/378 379/379/379
f 345/345/345 342/342/342 378/378/378
f 311/311/311 216/216/216 320/320/320
f 331/331/331 341/341/341 221/221/221
f 364/364/364 374/374/374 384/384/384
f 377/377/377 367/367/367 385/385/385
f 314/314/314 323/323/323 217/217/217
f 328/328/328 220/220/220 338/338/338
f 347/347/347 356/356/356 380/380/380
f 350/350/350 381/381/381 359/359/359
f 220/220/220 216/216/216 217/217/217
f 220/220/220 217/217/217 221/221/221
f 341/341/341 220/220/220 221/221/221
f 341/341/341 338/338/338 220/220/220
f 381/381/381 384/384/384 385/385/385
f 381/381/381 380/380/380 384/384/384
f 367/367/367 359/359/359 381/381/381
f 367/367/367 381/381/381 385/385/385
f 331/331/331 221/221/221 217/217/217
f 331/331/331 217/217/217 323/323/323
f 330/330/330 358/358/358 366/366/366
f 330/330/330 322/322/322 358/358/358
f 364/364/364 384/384/384 380/380/380
f 364/364/364 380/380/380 356/356/356
f 377/377/377 330/330/330 366/366/366
f 377/377/377 339/339/339 330/330/330
f 376/376/376 337/337/337 340/340/340
f 376/376/376 373/373/373 337/337/337
f 377/377/377 385/385/385 384/384/384
f 377/377/377 384/384/384 374/374/374
f 314/314/314 217/217/217 216/216/216
f 314/314/314 216/216/216 311/311/311
f 329/329/329 338/338/338 375/375/375
f 329/329/329 375/375/375 365/365/365
f 328/328/328 216/216/216 220/220/220
f 328/328/328 320/320/320 216/216/216
f 329/329/329 365/365/365 357/357/357
f 329/329/329 357/357/357 321/321/321
f 349/349/349 321/321/321 357/357/357
f 349/349/349 311/311/311 321/321/321
f 350/350/350 358/358/358 322/322/322
f 350/350/350 322/322/322 313/313/313
f 351/351/351 315/315/315 312/312/312
f 351/351/351 312/312/312 348/348/348
f 350/350/350 380/380/380 381/381/381
f 350/350/350 347/347/347 380/380/380
f 2352/2352/2352 2344/2344/2344 2362/2362/2362
f 2373/2373/2373 2382/2382/2382 2349/2349/2349
f 2422/2422/2422 2431/2431/2431 2560/2560/2560
f 2434/2434/2434 2425/2425/2425 2561/2561/2561
f 2355/2355/2355 2365/2365/2365 2345/2345/2345
f 2370/2370/2370 2348/2348/2348 2379/2379/2379
f 2404/2404/2404 2414/2414/2414 2556/2556/2556
f 2407/2407/2407 2557/2557/2557 2417/2417/2417
f 2348/2348/2348 2344/2344/2344 2345/2345/2345
f 2348/2348/2348 2345/2345/2345 2349/2349/2349
f 2382/2382/2382 2348/2348/2348 2349/2349/2349
f 2382/2382/2382 2379/2379/2379 2348/2348/2348
f 2557/2557/2557 2560/2560/2560 2561/2561/2561
f 2557/2557/2557 2556/2556/2556 2560/2560/2560
f 2425/2425/2425 2417/2417/2417 2557/2557/2557
f 2425/2425/2425 2557/2557/2557 2561/2561/2561
f 2373/2373/2373 2349/2349/2349 2345/2345/2345
f 2373/2373/2373 2345/2345/2345 2365/2365/2365
f 2372/2372/2372 2416/2416/2416 2424/2424/2424
f 2372/2372/2372 2364/2364/2364 2416/2416/2416
f 2422/2422/2422 2560/2560/2560 2556/2556/2556
f 2422/2422/2422 2556/2556/2556 2414/2414/2414
f 2434/2434/2434 2372/2372/2372 2424/2424/2424
f 2434/2434/2434 2380/2380/2380 2372/2372/2372
f 2433/2433/2433 2378/2378/2378 2381/2381/2381
f 2433/2433/2433 2430/2430/2430 2378/2378/2378
f 2434/2434/2434 2561/2561/2561 2560/2560/2560
f 2434/2434/2434 2560/2560/2560 2431/2431/2431
f 2355/2355/2355 2345/2345/2345 2344/2344/2344
f 2355/2355/2355 2344/2344/2344 2352/2352/2352
f 2371/2371/2371 2379/2379/2379 2432/2432/2432
f 2371/2371/2371 2432/2432/2432 2423/2423/2423
f 2370/2370/2370 2344/2344/2344 2348/2348/2348
f 2370/2370/2370 2362/2362/2362 2344/2344/2344
f 2371/2371/2371 2423/2423/2423 2415/2415/2415
f 2371/2371/2371 2415/2415/2415 2363/2363/2363
f 2406/2406/2406 2363/2363/2363 2415/2415/2415
f 2406/2406/2406 2352/2352/2352 2363/2363/2363
f 2407/2407/2407 2416/2416/2416 2364/2364/2364
f 2407/2407/2407 2364/2364/2364 2354/2354/2354
f 2408/2408/2408 2356/2356/2356 2353/2353/2353
f 2408/2408/2408 2353/2353/2353 2405/2405/2405
f 2407/2407/2407 2556/2556/2556 2557/2557/2557
f 2407/2407/2407 2404/2404/2404 2556/2556/2556
f 2357/2357/2357 2346/2346/2346 2366/2366/2366
f 2377/2377/2377 2387/2387/2387 2351/2351/2351
f 2426/2426/2426 2436/2436/2436 2562/2562/2562
f 2439/2439/2439 2429/2429/2429 2563/2563/2563
f 2360/2360/2360 2369/2369/2369 2347/2347/2347
f 2374/2374/2374 2350/2350/2350 2384/2384/2384
f 2409/2409/2409 2418/2418/2418 2558/2558/2558
f 2412/2412/2412 2559/2559/2559 2421/2421/2421
f 2350/2350/2350 2346/2346/2346 2347/2347/2347
f 2350/2350/2350 2347/2347/2347 2351/2351/2351
f 2387/2387/2387 2350/2350/2350 2351/2351/2351
f 2387/2387/2387 2384/2384/2384 2350/2350/2350
f 2559/2559/2559 2562/2562/2562 2563/2563/2563
f 2559/2559/2559 2558/2558/2558 2562/2562/2562
f 2429/2429/2429 2421/2421/2421 2559/2559/2559
f 2429/2429/2429 2559/2559/2559 2563/2563/2563
f 2377/2377/2377 2351/2351/2351 2347/2347/2347
f 2377/2377/2377 2347/2347/2347 2369/2369/2369
f 2376/2376/2376 2420/2420/2420 2428/2428/2428
f 2376/2376/2376 2368/2368/2368 2420/2420/2420
f 2426/2426/2426 2562/2562/2562 2558/2558/2558
f 2426/2426/2426 2558/2558/2558 2418/2418/2418
f 2439/2439/2439 2376/2376/2376 2428/2428/2428
f 2439/2439/2439 2385/2385/2385 2376/2376/2376
f 2438/2438/2438 2383/2383/2383 2386/2386/2386
f 2438/2438/2438 2435/2435/2435 2383/2383/2383
f 2439/2439/2439 2563/2563/2563 2562/2562/2562
f 2439/2439/2439 2562/2562/2562 2436/2436/2436
f 2360/2360/2360 2347/2347/2347 2346/2346/2346
f 2360/2360/2360 2346/2346/2346 2357/2357/2357
f 2375/2375/2375 2384/2384/2384 2437/2437/2437
f 2375/2375/2375 2437/2437/2437 2427/2427/2427
f 2374/2374/2374 2346/2346/2346 2350/2350/2350
f 2374/2374/2374 2366/2366/2366 2346/2346/2346
f 2375/2375/2375 2427/2427/2427 2419/2419/2419
f 2375/2375/2375 2419/2419/2419 2367/2367/2367
f 2411/2411/2411 2367/2367/2367 2419/2419/2419
f 2411/2411/2411 2357/2357/2357 2367/2367/2367
f 2412/2412/2412 2420/2420/2420 2368/2368/2368
f 2412/2412/2412 2368/2368/2368 2359/2359/2359
f 2413/2413/2413 2361/2361/2361 2358/2358/2358
f 2413/2413/2413 2358/2358/2358 2410/2410/2410
f 2412/2412/2412 2558/2558/2558 2559/2559/2559
f 2412/2412/2412 2409/2409/2409 2558/2558/2558
f 407/407/407 423/423/423 400/400/400
f 391/391/391 386/386/386 410/410/410
f 392/392/392 412/412/412 387/387/387
f 26/26/26 2/2/2 21/21/21
f 4/4/4 27/27/27 22/22/22
f 406/406/406 399/399/399 421/421/421
f 42/42/42 35/35/35 15/15/15
f 41/41/41 13/13/13 34/34/34
f 413/413/413 424/424/424 422/422/422
f 413/413/413 422/422/422 411/411/411
f 386/386/386 21/21/21 22/22/22
f 386/386/386 22/22/22 387/387/387
f 386/386/386 412/412/412 410/410/410
f 386/386/386 387/387/387 412/412/412
f 390/390/390 410/410/410 420/420/420
f 390/390/390 420/420/420 398/398/398
f 392/392/392 387/387/387 22/22/22
f 392/392/392 22/22/22 27/27/27
f 393/393/393 36/36/36 401/401/401
f 393/393/393 28/28/28 36/36/36
f 393/393/393 423/423/423 414/414/414
f 393/393/393 401/401/401 423/423/423
f 25/25/25 11/11/11 2/2/2
f 25/25/25 33/33/33 11/11/11
f 26/26/26 21/21/21 386/386/386
f 26/26/26 386/386/386 391/391/391
f 25/25/25 390/390/390 398/398/398
f 25/25/25 398/398/398 33/33/33
f 5/5/5 36/36/36 28/28/28
f 5/5/5 15/15/15 36/36/36
f 4/4/4 22/22/22 21/21/21
f 4/4/4 21/21/21 2/2/2
f 3/3/3 1/1/1 12/12/12
f 3/3/3 12/12/12 14/14/14
f 406/406/406 421/421/421 423/423/423
f 406/406/406 423/423/423 407/407/407
f 42/42/42 400/400/400 35/35/35
f 42/42/42 407/407/407 400/400/400
f 41/41/41 15/15/15 13/13/13
f 41/41/41 42/42/42 15/15/15
f 41/41/41 34/34/34 399/399/399
f 41/41/41 399/399/399 406/406/406
f 41/41/41 406/406/406 407/407/407
f 41/41/41 407/407/407 42/42/42
f 409/409/409 428/428/428 404/404/404
f 395/395/395 388/388/388 415/415/415
f 396/396/396 417/417/417 389/389/389
f 30/30/30 7/7/7 23/23/23
f 9/9/9 31/31/31 24/24/24
f 408/408/408 403/403/403 426/426/426
f 44/44/44 39/39/39 20/20/20
f 43/43/43 18/18/18 38/38/38
f 418/418/418 429/429/429 427/427/427
f 418/418/418 427/427/427 416/416/416
f 388/388/388 23/23/23 24/24/24
f 388/388/388 24/24/24 389/389/389
f 388/388/388 417/417/417 415/415/415
f 388/388/388 389/389/389 417/417/417
f 394/394/394 415/415/415 425/425/425
f 394/394/394 425/425/425 402/402/402
f 396/396/396 389/389/389 24/24/24
f 396/396/396 24/24/24 31/31/31
f 397/397/397 40/40/40 405/405/405
f 397/397/397 32/32/32 40/40/40
f 397/397/397 428/428/428 419/419/419
f 397/397/397 405/405/405 428/428/428
f 29/29/29 16/16/16 7/7/7
f 29/29/29 37/37/37 16/16/16
f 30/30/30 23/23/23 388/388/388
f 30/30/30 388/388/388 395/395/395
f 29/29/29 394/394/394 402/402/402
f 29/29/29 402/402/402 37/37/37
f 10/10/10 40/40/40 32/32/32
f 10/10/10 20/20/20 40/40/40
f 9/9/9 24/24/24 23/23/23
f 9/9/9 23/23/23 7/7/7
f 8/8/8 6/6/6 17/17/17
f 8/8/8 17/17/17 19/19/19
f 408/408/408 426/426/426 428/428/428
f 408/408/408 428/428/428 409/409/409
f 44/44/44 404/404/404 39/39/39
f 44/44/44 409/409/409 404/404/404
f 43/43/43 20/20/20 18/18/18
f 43/43/43 44/44/44 20/20/20
f 43/43/43 38/38/38 403/403/403
f 43/43/43 403/403/403 408/408/408
f 43/43/43 408/408/408 409/409/409
f 43/43/43 409/409/409 44/44/44
f 2122/2122/2122 2288/2288/2288 2089/2089/2089
f 2122/2122/2122 2304/2304/2304 2288/2288/2288
f 2089/2089/2089 2228/2228/2228 2025/2025/2025
f 2089/2089/2089 2288/2288/2288 2228/2228/2228
f 2025/2025/2025 2132/2132/2132 1913/1913/1913
f 2025/2025/2025 2228/2228/2228 2132/2132/2132
f 1913/1913/1913 1944/1944/1944 1897/1897/1897
f 1913/1913/1913 2132/2132/2132 1944/1944/1944
f 1897/1897/1897 1864/1864/1864 1785/1785/1785
f 1897/1897/1897 1944/1944/1944 1864/1864/1864
f 1785/1785/1785 1704/1704/1704 1673/1673/1673
f 1785/1785/1785 1864/1864/1864 1704/1704/1704
f 1673/1673/1673 1624/1624/1624 1557/1557/1557
f 1673/1673/1673 1704/1704/1704 1624/1624/1624
f 1557/1557/1557 1339/1339/1339 1354/1354/1354
f 1557/1557/1557 1624/1624/1624 1339/1339/1339
f 1354/1354/1354 1115/1115/1115 1178/1178/1178
f 1354/1354/1354 1339/1339/1339 1115/1115/1115
f 1178/1178/1178 1039/1039/1039 1070/1070/1070
f 1178/1178/1178 1115/1115/1115 1039/1039/1039
f 1070/1070/1070 879/879/879 958/958/958
f 1070/1070/1070 1039/1039/1039 879/879/879
f 958/958/958 799/799/799 846/846/846
f 958/958/958 879/879/879 799/799/799
f 846/846/846 615/615/615 830/830/830
f 846/846/846 799/799/799 615/615/615
f 830/830/830 519/519/519 718/718/718
f 830/830/830 615/615/615 519/519/519
f 718/718/718 463/463/463 654/654/654
f 718/718/718 519/519/519 463/463/463
f 654/654/654 455/455/455 630/630/630
f 654/654/654 463/463/463 455/455/455
f 630/630/630 471/471/471 662/662/662
f 630/630/630 455/455/455 471/471/471
f 662/662/662 527/527/527 726/726/726
f 662/662/662 471/471/471 527/527/527
f 726/726/726 623/623/623 838/838/838
f 726/726/726 527/527/527 623/623/623
f 838/838/838 807/807/807 854/854/854
f 838/838/838 623/623/623 807/807/807
f 854/854/854 887/887/887 966/966/966
f 854/854/854 807/807/807 887/887/887
f 966/966/966 1047/1047/1047 1078/1078/1078
f 966/966/966 887/887/887 1047/1047/1047
f 1078/1078/1078 1123/1123/1123 1186/1186/1186
f 1078/1078/1078 1047/1047/1047 1123/1123/1123
f 1186/1186/1186 1406/1406/1406 1391/1391/1391
f 1186/1186/1186 1123/1123/1123 1406/1406/1406
f 1391/1391/1391 1632/1632/1632 1565/1565/1565
f 1391/1391/1391 1406/1406/1406 1632/1632/1632
f 1565/1565/1565 1712/1712/1712 1681/1681/1681
f 1565/1565/1565 1632/1632/1632 1712/1712/1712
f 1681/1681/1681 1872/1872/1872 1793/1793/1793
f 1681/1681/1681 1712/1712/1712 1872/1872/1872
f 1793/1793/1793 1952/1952/1952 1905/1905/1905
f 1793/1793/1793 1872/1872/1872 1952/1952/1952
f 1905/1905/1905 2140/2140/2140 1921/1921/1921
f 1905/1905/1905 1952/1952/1952 2140/2140/2140
f 1921/1921/1921 2236/2236/2236 2033/2033/2033
f 1921/1921/1921 2140/2140/2140 2236/2236/2236
f 2033/2033/2033 2296/2296/2296 2097/2097/2097
f 2033/2033/2033 2236/2236/2236 2296/2296/2296
f 2097/2097/2097 2304/2304/2304 2122/2122/2122
f 2097/2097/2097 2296/2296/2296 2304/2304/2304
f 2305/2305/2305 2291/2291/2291 2289/2289/2289
f 2305/2305/2305 2308/2308/2308 2291/2291/2291
f 2289/2289/2289 2231/2231/2231 2229/2229/2229
f 2289/2289/2289 2291/2291/2291 2231/2231/2231
f 2229/2229/2229 2135/2135/2135 2133/2133/2133
f 2229/2229/2229 2231/2231/2231 2135/2135/2135
f 2133/2133/2133 1947/1947/1947 1945/1945/1945
f 2133/2133/2133 2135/2135/2135 1947/1947/1947
f 1945/1945/1945 1867/1867/1867 1865/1865/1865
f 1945/1945/1945 1947/1947/1947 1867/1867/1867
f 1865/1865/1865 1707/1707/1707 1705/1705/1705
f 1865/1865/1865 1867/1867/1867 1707/1707/1707
f 1705/1705/1705 1627/1627/1627 1625/1625/1625
f 1705/1705/1705 1707/1707/1707 1627/1627/1627
f 1625/1625/1625 1340/1340/1340 1338/1338/1338
f 1625/1625/1625 1627/1627/1627 1340/1340/1340
f 1338/1338/1338 1116/1116/1116 1114/1114/1114
f 1338/1338/1338 1340/1340/1340 1116/1116/1116
f 1114/1114/1114 1040/1040/1040 1038/1038/1038
f 1114/1114/1114 1116/1116/1116 1040/1040/1040
f 1038/1038/1038 880/880/880 878/878/878
f 1038/1038/1038 1040/1040/1040 880/880/880
f 878/878/878 800/800/800 798/798/798
f 878/878/878 880/880/880 800/800/800
f 798/798/798 616/616/616 614/614/614
f 798/798/798 800/800/800 616/616/616
f 614/614/614 520/520/520 518/518/518
f 614/614/614 616/616/616 520/520/520
f 518/518/518 464/464/464 462/462/462
f 518/518/518 520/520/520 464/464/464
f 462/462/462 456/456/456 454/454/454
f 462/462/462 464/464/464 456/456/456
f 454/454/454 472/472/472 470/470/470
f 454/454/454 456/456/456 472/472/472
f 470/470/470 528/528/528 526/526/526
f 470/470/470 472/472/472 528/528/528
f 526/526/526 624/624/624 622/622/622
f 526/526/526 528/528/528 624/624/624
f 622/622/622 808/808/808 806/806/806
f 622/622/622 624/624/624 808/808/808
f 806/806/806 888/888/888 886/886/886
f 806/806/806 808/808/808 888/888/888
f 886/886/886 1048/1048/1048 1046/1046/1046
f 886/886/886 888/888/888 1048/1048/1048
f 1046/1046/1046 1124/1124/1124 1122/1122/1122
f 1046/1046/1046 1048/1048/1048 1124/1124/1124
f 1122/1122/1122 1409/1409/1409 1407/1407/1407
f 1122/1122/1122 1124/1124/1124 1409/1409/1409
f 1407/1407/1407 1635/1635/1635 1633/1633/1633
f 1407/1407/1407 1409/1409/1409 1635/1635/1635
f 1633/1633/1633 1715/1715/1715 1713/1713/1713
f 1633/1633/1633 1635/1635/1635 1715/1715/1715
f 1713/1713/1713 1875/1875/1875 1873/1873/1873
f 1713/1713/1713 1715/1715/1715 1875/1875/1875
f 1873/1873/1873 1955/1955/1955 1953/1953/1953
f 1873/1873/1873 1875/1875/1875 1955/1955/1955
f 1953/1953/1953 2143/2143/2143 2141/2141/2141
f 1953/1953/1953 1955/1955/1955 2143/2143/2143
f 2141/2141/2141 2239/2239/2239 2237/2237/2237
f 2141/2141/2141 2143/2143/2143 2239/2239/2239
f 2237/2237/2237 2299/2299/2299 2297/2297/2297
f 2237/2237/2237 2239/2239/2239 2299/2299/2299
f 2297/2297/2297 2309/2309/2309 2306/2306/2306
f 2297/2297/2297 2299/2299/2299 2309/2309/2309
f 2307/2307/2307 2091/2091/2091 2290/2290/2290
f 2307/2307/2307 2125/2125/2125 2091/2091/2091
f 2290/2290/2290 2027/2027/2027 2230/2230/2230
f 2290/2290/2290 2091/2091/2091 2027/2027/2027
f 2230/2230/2230 1915/1915/1915 2134/2134/2134
f 2230/2230/2230 2027/2027/2027 1915/1915/1915
f 2134/2134/2134 1899/1899/1899 1946/1946/1946
f 2134/2134/2134 1915/1915/1915 1899/1899/1899
f 1946/1946/1946 1787/1787/1787 1866/1866/1866
f 1946/1946/1946 1899/1899/1899 1787/1787/1787
f 1866/1866/1866 1675/1675/1675 1706/1706/1706
f 1866/1866/1866 1787/1787/1787 1675/1675/1675
f 1706/1706/1706 1559/1559/1559 1626/1626/1626
f 1706/1706/1706 1675/1675/1675 1559/1559/1559
f 1626/1626/1626 1356/1356/1356 1341/1341/1341
f 1626/1626/1626 1559/1559/1559 1356/1356/1356
f 1341/1341/1341 1180/1180/1180 1117/1117/1117
f 1341/1341/1341 1356/1356/1356 1180/1180/1180
f 1117/1117/1117 1072/1072/1072 1041/1041/1041
f 1117/1117/1117 1180/1180/1180 1072/1072/1072
f 1041/1041/1041 960/960/960 881/881/881
f 1041/1041/1041 1072/1072/1072 960/960/960
f 881/881/881 848/848/848 801/801/801
f 881/881/881 960/960/960 848/848/848
f 801/801/801 832/832/832 617/617/617
f 801/801/801 848/848/848 832/832/832
f 617/617/617 720/720/720 521/521/521
f 617/617/617 832/832/832 720/720/720
f 521/521/521 656/656/656 465/465/465
f 521/521/521 720/720/720 656/656/656
f 465/465/465 632/632/632 457/457/457
f 465/465/465 656/656/656 632/632/632
f 457/457/457 664/664/664 473/473/473
f 457/457/457 632/632/632 664/664/664
f 473/473/473 728/728/728 529/529/529
f 473/473/473 664/664/664 728/728/728
f 529/529/529 840/840/840 625/625/625
f 529/529/529 728/728/728 840/840/840
f 625/625/625 856/856/856 809/809/809
f 625/625/625 840/840/840 856/856/856
f 809/809/809 968/968/968 889/889/889
f 809/809/809 856/856/856 968/968/968
f 889/889/889 1080/1080/1080 1049/1049/1049
f 889/889/889 968/968/968 1080/1080/1080
f 1049/1049/1049 1188/1188/1188 1125/1125/1125
f 1049/1049/1049 1080/1080/1080 1188/1188/1188
f 1125/1125/1125 1393/1393/1393 1408/1408/1408
f 1125/1125/1125 1188/1188/1188 1393/1393/1393
f 1408/1408/1408 1567/1567/1567 1634/1634/1634
f 1408/1408/1408 1393/1393/1393 1567/1567/1567
f 1634/1634/1634 1683/1683/1683 1714/1714/1714
f 1634/1634/1634 1567/1567/1567 1683/1683/1683
f 1714/1714/1714 1795/1795/1795 1874/1874/1874
f 1714/1714/1714 1683/1683/1683 1795/1795/1795
f 1874/1874/1874 1907/1907/1907 1954/1954/1954
f 1874/1874/1874 1795/1795/1795 1907/1907/1907
f 1954/1954/1954 1923/1923/1923 2142/2142/2142
f 1954/1954/1954 1907/1907/1907 1923/1923/1923
f 2142/2142/2142 2035/2035/2035 2238/2238/2238
f 2142/2142/2142 1923/1923/1923 2035/2035/2035
f 2238/2238/2238 2099/2099/2099 2298/2298/2298
f 2238/2238/2238 2035/2035/2035 2099/2099/2099
f 2298/2298/2298 2125/2125/2125 2307/2307/2307
f 2298/2298/2298 2099/2099/2099 2125/2125/2125
f 2123/2123/2123 2088/2088/2088 2090/2090/2090
f 2123/2123/2123 2120/2120/2120 2088/2088/2088
f 2090/2090/2090 2024/2024/2024 2026/2026/2026
f 2090/2090/2090 2088/2088/2088 2024/2024/2024
f 2026/2026/2026 1912/1912/1912 1914/1914/1914
f 2026/2026/2026 2024/2024/2024 1912/1912/1912
f 1914/1914/1914 1896/1896/1896 1898/1898/1898
f 1914/1914/1914 1912/1912/1912 1896/1896/1896
f 1898/1898/1898 1784/1784/1784 1786/1786/1786
f 1898/1898/1898 1896/1896/1896 1784/1784/1784
f 1786/1786/1786 1672/1672/1672 1674/1674/1674
f 1786/1786/1786 1784/1784/1784 1672/1672/1672
f 1674/1674/1674 1556/1556/1556 1558/1558/1558
f 1674/1674/1674 1672/1672/1672 1556/1556/1556
f 1558/1558/1558 1355/1355/1355 1357/1357/1357
f 1558/1558/1558 1556/1556/1556 1355/1355/1355
f 1357/1357/1357 1179/1179/1179 1181/1181/1181
f 1357/1357/1357 1355/1355/1355 1179/1179/1179
f 1181/1181/1181 1071/1071/1071 1073/1073/1073
f 1181/1181/1181 1179/1179/1179 1071/1071/1071
f 1073/1073/1073 959/959/959 961/961/961
f 1073/1073/1073 1071/1071/1071 959/959/959
f 961/961/961 847/847/847 849/849/849
f 961/961/961 959/959/959 847/847/847
f 849/849/849 831/831/831 833/833/833
f 849/849/849 847/847/847 831/831/831
f 833/833/833 719/719/719 721/721/721
f 833/833/833 831/831/831 719/719/719
f 721/721/721 655/655/655 657/657/657
f 721/721/721 719/719/719 655/655/655
f 657/657/657 631/631/631 633/633/633
f 657/657/657 655/655/655 631/631/631
f 633/633/633 663/663/663 665/665/665
f 633/633/633 631/631/631 663/663/663
f 665/665/665 727/727/727 729/729/729
f 665/665/665 663/663/663 727/727/727
f 729/729/729 839/839/839 841/841/841
f 729/729/729 727/727/727 839/839/839
f 841/841/841 855/855/855 857/857/857
f 841/841/841 839/839/839 855/855/855
f 857/857/857 967/967/967 969/969/969
f 857/857/857 855/855/855 967/967/967
f 969/969/969 1079/1079/1079 1081/1081/1081
f 969/969/969 967/967/967 1079/1079/1079
f 1081/1081/1081 1187/1187/1187 1189/1189/1189
f 1081/1081/1081 1079/1079/1079 1187/1187/1187
f 1189/1189/1189 1390/1390/1390 1392/1392/1392
f 1189/1189/1189 1187/1187/1187 1390/1390/1390
f 1392/1392/1392 1564/1564/1564 1566/1566/1566
f 1392/1392/1392 1390/1390/1390 1564/1564/1564
f 1566/1566/1566 1680/1680/1680 1682/1682/1682
f 1566/1566/1566 1564/1564/1564 1680/1680/1680
f 1682/1682/1682 1792/1792/1792 1794/1794/1794
f 1682/1682/1682 1680/1680/1680 1792/1792/1792
f 1794/1794/1794 1904/1904/1904 1906/1906/1906
f 1794/1794/1794 1792/1792/1792 1904/1904/1904
f 1906/1906/1906 1920/1920/1920 1922/1922/1922
f 1906/1906/1906 1904/1904/1904 1920/1920/1920
f 1922/1922/1922 2032/2032/2032 2034/2034/2034
f 1922/1922/1922 1920/1920/1920 2032/2032/2032
f 2034/2034/2034 2096/2096/2096 2098/2098/2098
f 2034/2034/2034 2032/2032/2032 2096/2096/2096
f 2098/2098/2098 2121/2121/2121 2124/2124/2124
f 2098/2098/2098 2096/2096/2096 2121/2121/2121
f 2168/2168/2168 2205/2205/2205 2178/2178/2178
f 586/586/586 579/579/579 554/554/554
f 2185/2185/2185 2193/2193/2193 2208/2208/2208
f 555/555/555 580/580/580 589/589/589
f 2186/2186/2186 2209/2209/2209 2196/2196/2196
f 2165/2165/2165 2177/2177/2177 2204/2204/2204
f 562/562/562 572/572/572 551/551/551
f 559/559/559 550/550/550 571/571/571
f 2209/2209/2209 2205/2205/2205 2204/2204/2204
f 2209/2209/2209 2204/2204/2204 2208/2208/2208
f 2193/2193/2193 2209/2209/2209 2208/2208/2208
f 2193/2193/2193 2196/2196/2196 2209/2209/2209
f 587/587/587 2195/2195/2195 2192/2192/2192
f 587/587/587 590/590/590 2195/2195/2195
f 2185/2185/2185 2208/2208/2208 2204/2204/2204
f 2185/2185/2185 2204/2204/2204 2177/2177/2177
f 2184/2184/2184 2176/2176/2176 570/570/570
f 2184/2184/2184 570/570/570 578/578/578
f 2184/2184/2184 588/588/588 2194/2194/2194
f 2184/2184/2184 578/578/578 588/588/588
f 550/550/550 579/579/579 571/571/571
f 550/550/550 554/554/554 579/579/579
f 555/555/555 554/554/554 550/550/550
f 555/555/555 550/550/550 551/551/551
f 555/555/555 551/551/551 572/572/572
f 555/555/555 572/572/572 580/580/580
f 555/555/555 589/589/589 586/586/586
f 555/555/555 586/586/586 554/554/554
f 2187/2187/2187 2197/2197/2197 591/591/591
f 2187/2187/2187 591/591/591 581/581/581
f 2187/2187/2187 581/581/581 573/573/573
f 2187/2187/2187 573/573/573 2179/2179/2179
f 2186/2186/2186 2205/2205/2205 2209/2209/2209
f 2186/2186/2186 2178/2178/2178 2205/2205/2205
f 2165/2165/2165 2204/2204/2204 2205/2205/2205
f 2165/2165/2165 2205/2205/2205 2168/2168/2168
f 561/561/561 2179/2179/2179 573/573/573
f 561/561/561 2167/2167/2167 2179/2179/2179
f 559/559/559 551/551/551 550/550/550
f 559/559/559 562/562/562 551/551/551
f 558/558/558 570/570/570 2176/2176/2176
f 558/558/558 2176/2176/2176 2164/2164/2164
f 560/560/560 2166/2166/2166 2169/2169/2169
f 560/560/560 2169/2169/2169 563/563/563
f 2072/2072/2072 2085/2085/2085 2050/2050/2050
f 678/678/678 703/703/703 670/670/670
f 2009/2009/2009 1973/1973/1973 2020/2020/2020
f 671/671/671 704/704/704 681/681/681
f 2010/2010/2010 2021/2021/2021 1976/1976/1976
f 2069/2069/2069 2049/2049/2049 2084/2084/2084
f 778/778/778 744/744/744 735/735/735
f 775/775/775 734/734/734 743/743/743
f 2021/2021/2021 2085/2085/2085 2084/2084/2084
f 2021/2021/2021 2084/2084/2084 2020/2020/2020
f 1973/1973/1973 2021/2021/2021 2020/2020/2020
f 1973/1973/1973 1976/1976/1976 2021/2021/2021
f 679/679/679 1975/1975/1975 1972/1972/1972
f 679/679/679 682/682/682 1975/1975/1975
f 2009/2009/2009 2020/2020/2020 2084/2084/2084
f 2009/2009/2009 2084/2084/2084 2049/2049/2049
f 2008/2008/2008 2048/2048/2048 742/742/742
f 2008/2008/2008 742/742/742 702/702/702
f 2008/2008/2008 680/680/680 1974/1974/1974
f 2008/2008/2008 702/702/702 680/680/680
f 734/734/734 703/703/703 743/743/743
f 734/734/734 670/670/670 703/703/703
f 671/671/671 670/670/670 734/734/734
f 671/671/671 734/734/734 735/735/735
f 671/671/671 735/735/735 744/744/744
f 671/671/671 744/744/744 704/704/704
f 671/671/671 681/681/681 678/678/678
f 671/671/671 678/678/678 670/670/670
f 2011/2011/2011 1977/1977/1977 683/683/683
f 2011/2011/2011 683/683/683 705/705/705
f 2011/2011/2011 705/705/705 745/745/745
f 2011/2011/2011 745/745/745 2051/2051/2051
f 2010/2010/2010 2085/2085/2085 2021/2021/2021
f 2010/2010/2010 2050/2050/2050 2085/2085/2085
f 2069/2069/2069 2084/2084/2084 2085/2085/2085
f 2069/2069/2069 2085/2085/2085 2072/2072/2072
f 777/777/777 2051/2051/2051 745/745/745
f 777/777/777 2071/2071/2071 2051/2051/2051
f 775/775/775 735/735/735 734/734/734
f 775/775/775 778/778/778 735/735/735
f 774/774/774 742/742/742 2048/2048/2048
f 774/774/774 2048/2048/2048 2068/2068/2068
f 776/776/776 2070/2070/2070 2073/2073/2073
f 776/776/776 2073/2073/2073 779/779/779
f 1840/1840/1840 1821/1821/1821 1810/1810/1810
f 910/910/910 943/943/943 934/934/934
f 1769/1769/1769 1733/1733/1733 1780/1780/1780
f 935/935/935 944/944/944 913/913/913
f 1770/1770/1770 1781/1781/1781 1736/1736/1736
f 1837/1837/1837 1809/1809/1809 1820/1820/1820
f 1018/1018/1018 984/984/984 975/975/975
f 1015/1015/1015 974/974/974 983/983/983
f 1781/1781/1781 1821/1821/1821 1820/1820/1820
f 1781/1781/1781 1820/1820/1820 1780/1780/1780
f 1733/1733/1733 1781/1781/1781 1780/1780/1780
f 1733/1733/1733 1736/1736/1736 1781/1781/1781
f 911/911/911 1735/1735/1735 1732/1732/1732
f 911/911/911 914/914/914 1735/1735/1735
f 1769/1769/1769 1780/1780/1780 1820/1820/1820
f 1769/1769/1769 1820/1820/1820 1809/1809/1809
f 1768/1768/1768 1808/1808/1808 982/982/982
f 1768/1768/1768 982/982/982 942/942/942
f 1768/1768/1768 912/912/912 1734/1734/1734
f 1768/1768/1768 942/942/942 912/912/912
f 974/974/974 943/943/943 983/983/983
f 974/974/974 934/934/934 943/943/943
f 935/935/935 934/934/934 974/974/974
f 935/935/935 974/974/974 975/975/975
f 935/935/935 975/975/975 984/984/984
f 935/935/935 984/984/984 944/944/944
f 935/935/935 913/913/913 910/910/910
f 935/935/935 910/910/910 934/934/934
f 1771/1771/1771 1737/1737/1737 915/915/915
f 1771/1771/1771 915/915/915 945/945/945
f 1771/1771/1771 945/945/945 985/985/985
f 1771/1771/1771 985/985/985 1811/1811/1811
f 1770/1770/1770 1821/1821/1821 1781/1781/1781
f 1770/1770/1770 1810/1810/1810 1821/1821/1821
f 1837/1837/1837 1820/1820/1820 1821/1821/1821
f 1837/1837/1837 1821/1821/1821 1840/1840/1840
f 1017/1017/1017 1811/1811/1811 985/985/985
f 1017/1017/1017 1839/1839/1839 1811/1811/1811
f 1015/1015/1015 975/975/975 974/974/974
f 1015/1015/1015 1018/1018/1018 975/975/975
f 1014/1014/1014 982/982/982 1808/1808/1808
f 1014/1014/1014 1808/1808/1808 1836/1836/1836
f 1016/1016/1016 1838/1838/1838 1841/1841/1841
f 1016/1016/1016 1841/1841/1841 1019/1019/1019
f 1439/1439/1439 1450/1450/1450 1462/1462/1462
f 1305/1305/1305 1285/1285/1285 1299/1299/1299
f 1293/1293/1293 1318/1318/1318 1327/1327/1327
f 1423/1423/1423 1456/1456/1456 1429/1429/1429
f 1464/1464/1464 1451/1451/1451 1442/1442/1442
f 1315/1315/1315 1291/1291/1291 1326/1326/1326
f 1427/1427/1427 1454/1454/1454 1422/1422/1422
f 1303/1303/1303 1298/1298/1298 1283/1283/1283
f 1451/1451/1451 1450/1450/1450 1326/1326/1326
f 1451/1451/1451 1326/1326/1326 1327/1327/1327
f 1318/1318/1318 1451/1451/1451 1327/1327/1327
f 1318/1318/1318 1442/1442/1442 1451/1451/1451
f 1306/1306/1306 1441/1441/1441 1317/1317/1317
f 1306/1306/1306 1430/1430/1430 1441/1441/1441
f 1293/1293/1293 1327/1327/1327 1326/1326/1326
f 1293/1293/1293 1326/1326/1326 1291/1291/1291
f 1292/1292/1292 1290/1290/1290 1282/1282/1282
f 1292/1292/1292 1282/1282/1282 1284/1284/1284
f 1292/1292/1292 1307/1307/1307 1319/1319/1319
f 1292/1292/1292 1284/1284/1284 1307/1307/1307
f 1298/1298/1298 1285/1285/1285 1283/1283/1283
f 1298/1298/1298 1299/1299/1299 1285/1285/1285
f 1423/1423/1423 1299/1299/1299 1298/1298/1298
f 1423/1423/1423 1298/1298/1298 1422/1422/1422
f 1423/1423/1423 1422/1422/1422 1454/1454/1454
f 1423/1423/1423 1454/1454/1454 1456/1456/1456
f 1423/1423/1423 1429/1429/1429 1305/1305/1305
f 1423/1423/1423 1305/1305/1305 1299/1299/1299
f 1465/1465/1465 1443/1443/1443 1431/1431/1431
f 1465/1465/1465 1431/1431/1431 1457/1457/1457
f 1465/1465/1465 1457/1457/1457 1455/1455/1455
f 1465/1465/1465 1455/1455/1455 1463/1463/1463
f 1464/1464/1464 1450/1450/1450 1451/1451/1451
f 1464/1464/1464 1462/1462/1462 1450/1450/1450
f 1315/1315/1315 1326/1326/1326 1450/1450/1450
f 1315/1315/1315 1450/1450/1450 1439/1439/1439
f 1426/1426/1426 1463/1463/1463 1455/1455/1455
f 1426/1426/1426 1438/1438/1438 1463/1463/1463
f 1303/1303/1303 1422/1422/1422 1298/1298/1298
f 1303/1303/1303 1427/1427/1427 1422/1422/1422
f 1302/1302/1302 1282/1282/1282 1290/1290/1290
f 1302/1302/1302 1290/1290/1290 1314/1314/1314
f 1304/1304/1304 1316/1316/1316 1440/1440/1440
f 1304/1304/1304 1440/1440/1440 1428/1428/1428
f 923/923/923 938/938/938 950/950/950
f 1827/1827/1827 1803/1803/1803 1817/1817/1817
f 993/993/993 1030/1030/1030 979/979/979
f 1816/1816/1816 1800/1800/1800 1824/1824/1824
f 990/990/990 978/978/978 1027/1027/1027
f 926/926/926 953/953/953 939/939/939
f 1721/1721/1721 1760/1760/1760 1776/1776/1776
f 1724/1724/1724 1777/1777/1777 1763/1763/1763
f 978/978/978 938/938/938 939/939/939
f 978/978/978 939/939/939 979/979/979
f 1030/1030/1030 978/978/978 979/979/979
f 1030/1030/1030 1027/1027/1027 978/978/978
f 1828/1828/1828 1026/1026/1026 1029/1029/1029
f 1828/1828/1828 1825/1825/1825 1026/1026/1026
f 993/993/993 979/979/979 939/939/939
f 993/993/993 939/939/939 953/953/953
f 992/992/992 952/952/952 1762/1762/1762
f 992/992/992 1762/1762/1762 1802/1802/1802
f 992/992/992 1829/1829/1829 1031/1031/1031
f 992/992/992 1802/1802/1802 1829/1829/1829
f 1777/1777/1777 1803/1803/1803 1763/1763/1763
f 1777/1777/1777 1817/1817/1817 1803/1803/1803
f 1816/1816/1816 1817/1817/1817 1777/1777/1777
f 1816/1816/1816 1777/1777/1777 1776/1776/1776
f 1816/1816/1816 1776/1776/1776 1760/1760/1760
f 1816/1816/1816 1760/1760/1760 1800/1800/1800
f 1816/1816/1816 1824/1824/1824 1827/1827/1827
f 1816/1816/1816 1827/1827/1827 1817/1817/1817
f 991/991/991 1028/1028/1028 1826/1826/1826
f 991/991/991 1826/1826/1826 1801/1801/1801
f 991/991/991 1801/1801/1801 1761/1761/1761
f 991/991/991 1761/1761/1761 951/951/951
f 990/990/990 938/938/938 978/978/978
f 990/990/990 950/950/950 938/938/938
f 926/926/926 939/939/939 938/938/938
f 926/926/926 938/938/938 923/923/923
f 1720/1720/1720 951/951/951 1761/1761/1761
f 1720/1720/1720 922/922/922 951/951/951
f 1724/1724/1724 1776/1776/1776 1777/1777/1777
f 1724/1724/1724 1721/1721/1721 1776/1776/1776
f 1723/1723/1723 1762/1762/1762 952/952/952
f 1723/1723/1723 952/952/952 925/925/925
f 1725/1725/1725 927/927/927 924/924/924
f 1725/1725/1725 924/924/924 1722/1722/1722
f 691/691/691 674/674/674 710/710/710
f 2059/2059/2059 2043/2043/2043 2081/2081/2081
f 753/753/753 790/790/790 739/739/739
f 2080/2080/2080 2040/2040/2040 2056/2056/2056
f 750/750/750 738/738/738 787/787/787
f 694/694/694 713/713/713 675/675/675
f 1961/1961/1961 2000/2000/2000 2016/2016/2016
f 1964/1964/1964 2017/2017/2017 2003/2003/2003
f 738/738/738 674/674/674 675/675/675
f 738/738/738 675/675/675 739/739/739
f 790/790/790 738/738/738 739/739/739
f 790/790/790 787/787/787 738/738/738
f 2060/2060/2060 786/786/786 789/789/789
f 2060/2060/2060 2057/2057/2057 786/786/786
f 753/753/753 739/739/739 675/675/675
f 753/753/753 675/675/675 713/713/713
f 752/752/752 712/712/712 2002/2002/2002
f 752/752/752 2002/2002/2002 2042/2042/2042
f 752/752/752 2061/2061/2061 791/791/791
f 752/752/752 2042/2042/2042 2061/2061/2061
f 2017/2017/2017 2043/2043/2043 2003/2003/2003
f 2017/2017/2017 2081/2081/2081 2043/2043/2043
f 2080/2080/2080 2081/2081/2081 2017/2017/2017
f 2080/2080/2080 2017/2017/2017 2016/2016/2016
f 2080/2080/2080 2016/2016/2016 2000/2000/2000
f 2080/2080/2080 2000/2000/2000 2040/2040/2040
f 2080/2080/2080 2056/2056/2056 2059/2059/2059
f 2080/2080/2080 2059/2059/2059 2081/2081/2081
f 751/751/751 788/788/788 2058/2058/2058
f 751/751/751 2058/2058/2058 2041/2041/2041
f 751/751/751 2041/2041/2041 2001/2001/2001
f 751/751/751 2001/2001/2001 711/711/711
f 750/750/750 674/674/674 738/738/738
f 750/750/750 710/710/710 674/674/674
f 694/694/694 675/675/675 674/674/674
f 694/694/694 674/674/674 691/691/691
f 1960/1960/1960 711/711/711 2001/2001/2001
f 1960/1960/1960 690/690/690 711/711/711
f 1964/1964/1964 2016/2016/2016 2017/2017/2017
f 1964/1964/1964 1961/1961/1961 2016/2016/2016
f 1963/1963/1963 2002/2002/2002 712/712/712
f 1963/1963/1963 712/712/712 693/693/693
f 1965/1965/1965 695/695/695 692/692/692
f 1965/1965/1965 692/692/692 1962/1962/1962
f 2128/2128/2128 2292/2292/2292 2093/2093/2093
f 2128/2128/2128 2310/2310/2310 2292/2292/2292
f 2093/2093/2093 2232/2232/2232 2029/2029/2029
f 2093/2093/2093 2292/2292/2292 2232/2232/2232
f 2029/2029/2029 2136/2136/2136 1917/1917/1917
f 2029/2029/2029 2232/2232/2232 2136/2136/2136
f 1917/1917/1917 1948/1948/1948 1901/1901/1901
f 1917/1917/1917 2136/2136/2136 1948/1948/1948
f 1901/1901/1901 1868/1868/1868 1789/1789/1789
f 1901/1901/1901 1948/1948/1948 1868/1868/1868
f 1789/1789/1789 1708/1708/1708 1677/1677/1677
f 1789/1789/1789 1868/1868/1868 1708/1708/1708
f 1677/1677/1677 1628/1628/1628 1561/1561/1561
f 1677/1677/1677 1708/1708/1708 1628/1628/1628
f 1561/1561/1561 1343/1343/1343 1358/1358/1358
f 1561/1561/1561 1628/1628/1628 1343/1343/1343
f 1358/1358/1358 1119/1119/1119 1182/1182/1182
f 1358/1358/1358 1343/1343/1343 1119/1119/1119
f 1182/1182/1182 1043/1043/1043 1074/1074/1074
f 1182/1182/1182 1119/1119/1119 1043/1043/1043
f 1074/1074/1074 883/883/883 962/962/962
f 1074/1074/1074 1043/1043/1043 883/883/883
f 962/962/962 803/803/803 850/850/850
f 962/962/962 883/883/883 803/803/803
f 850/850/850 619/619/619 834/834/834
f 850/850/850 803/803/803 619/619/619
f 834/834/834 523/523/523 722/722/722
f 834/834/834 619/619/619 523/523/523
f 722/722/722 467/467/467 658/658/658
f 722/722/722 523/523/523 467/467/467
f 658/658/658 459/459/459 634/634/634
f 658/658/658 467/467/467 459/459/459
f 634/634/634 475/475/475 666/666/666
f 634/634/634 459/459/459 475/475/475
f 666/666/666 531/531/531 730/730/730
f 666/666/666 475/475/475 531/531/531
f 730/730/730 627/627/627 842/842/842
f 730/730/730 531/531/531 627/627/627
f 842/842/842 811/811/811 858/858/858
f 842/842/842 627/627/627 811/811/811
f 858/858/858 891/891/891 970/970/970
f 858/858/858 811/811/811 891/891/891
f 970/970/970 1051/1051/1051 1082/1082/1082
f 970/970/970 891/891/891 1051/1051/1051
f 1082/1082/1082 1127/1127/1127 1190/1190/1190
f 1082/1082/1082 1051/1051/1051 1127/1127/1127
f 1190/1190/1190 1410/1410/1410 1395/1395/1395
f 1190/1190/1190 1127/1127/1127 1410/1410/1410
f 1395/1395/1395 1636/1636/1636 1569/1569/1569
f 1395/1395/1395 1410/1410/1410 1636/1636/1636
f 1569/1569/1569 1716/1716/1716 1685/1685/1685
f 1569/1569/1569 1636/1636/1636 1716/1716/1716
f 1685/1685/1685 1876/1876/1876 1797/1797/1797
f 1685/1685/1685 1716/1716/1716 1876/1876/1876
f 1797/1797/1797 1956/1956/1956 1909/1909/1909
f 1797/1797/1797 1876/1876/1876 1956/1956/1956
f 1909/1909/1909 2144/2144/2144 1925/1925/1925
f 1909/1909/1909 1956/1956/1956 2144/2144/2144
f 1925/1925/1925 2240/2240/2240 2037/2037/2037
f 1925/1925/1925 2144/2144/2144 2240/2240/2240
f 2037/2037/2037 2300/2300/2300 2101/2101/2101
f 2037/2037/2037 2240/2240/2240 2300/2300/2300
f 2101/2101/2101 2310/2310/2310 2128/2128/2128
f 2101/2101/2101 2300/2300/2300 2310/2310/2310
f 2311/2311/2311 2295/2295/2295 2293/2293/2293
f 2311/2311/2311 2314/2314/2314 2295/2295/2295
f 2293/2293/2293 2235/2235/2235 2233/2233/2233
f 2293/2293/2293 2295/2295/2295 2235/2235/2235
f 2233/2233/2233 2139/2139/2139 2137/2137/2137
f 2233/2233/2233 2235/2235/2235 2139/2139/2139
f 2137/2137/2137 1951/1951/1951 1949/1949/1949
f 2137/2137/2137 2139/2139/2139 1951/1951/1951
f 1949/1949/1949 1871/1871/1871 1869/1869/1869
f 1949/1949/1949 1951/1951/1951 1871/1871/1871
f 1869/1869/1869 1711/1711/1711 1709/1709/1709
f 1869/1869/1869 1871/1871/1871 1711/1711/1711
f 1709/1709/1709 1631/1631/1631 1629/1629/1629
f 1709/1709/1709 1711/1711/1711 1631/1631/1631
f 1629/1629/1629 1344/1344/1344 1342/1342/1342
f 1629/1629/1629 1631/1631/1631 1344/1344/1344
f 1342/1342/1342 1120/1120/1120 1118/1118/1118
f 1342/1342/1342 1344/1344/1344 1120/1120/1120
f 1118/1118/1118 1044/1044/1044 1042/1042/1042
f 1118/1118/1118 1120/1120/1120 1044/1044/1044
f 1042/1042/1042 884/884/884 882/882/882
f 1042/1042/1042 1044/1044/1044 884/884/884
f 882/882/882 804/804/804 802/802/802
f 882/882/882 884/884/884 804/804/804
f 802/802/802 620/620/620 618/618/618
f 802/802/802 804/804/804 620/620/620
f 618/618/618 524/524/524 522/522/522
f 618/618/618 620/620/620 524/524/524
f 522/522/522 468/468/468 466/466/466
f 522/522/522 524/524/524 468/468/468
f 466/466/466 460/460/460 458/458/458
f 466/466/466 468/468/468 460/460/460
f 458/458/458 476/476/476 474/474/474
f 458/458/458 460/460/460 476/476/476
f 474/474/474 532/532/532 530/530/530
f 474/474/474 476/476/476 532/532/532
f 530/530/530 628/628/628 626/626/626
f 530/530/530 532/532/532 628/628/628
f 626/626/626 812/812/812 810/810/810
f 626/626/626 628/628/628 812/812/812
f 810/810/810 892/892/892 890/890/890
f 810/810/810 812/812/812 892/892/892
f 890/890/890 1052/1052/1052 1050/1050/1050
f 890/890/890 892/892/892 1052/1052/1052
f 1050/1050/1050 1128/1128/1128 1126/1126/1126
f 1050/1050/1050 1052/1052/1052 1128/1128/1128
f 1126/1126/1126 1413/1413/1413 1411/1411/1411
f 1126/1126/1126 1128/1128/1128 1413/1413/1413
f 1411/1411/1411 1639/1639/1639 1637/1637/1637
f 1411/1411/1411 1413/1413/1413 1639/1639/1639
f 1637/1637/1637 1719/1719/1719 1717/1717/1717
f 1637/1637/1637 1639/1639/1639 1719/1719/1719
f 1717/1717/1717 1879/1879/1879 1877/1877/1877
f 1717/1717/1717 1719/1719/1719 1879/1879/1879
f 1877/1877/1877 1959/1959/1959 1957/1957/1957
f 1877/1877/1877 1879/1879/1879 1959/1959/1959
f 1957/1957/1957 2147/2147/2147 2145/2145/2145
f 1957/1957/1957 1959/1959/1959 2147/2147/2147
f 2145/2145/2145 2243/2243/2243 2241/2241/2241
f 2145/2145/2145 2147/2147/2147 2243/2243/2243
f 2241/2241/2241 2303/2303/2303 2301/2301/2301
f 2241/2241/2241 2243/2243/2243 2303/2303/2303
f 2301/2301/2301 2315/2315/2315 2312/2312/2312
f 2301/2301/2301 2303/2303/2303 2315/2315/2315
f 2313/2313/2313 2095/2095/2095 2294/2294/2294
f 2313/2313/2313 2131/2131/2131 2095/2095/2095
f 2294/2294/2294 2031/2031/2031 2234/2234/2234
f 2294/2294/2294 2095/2095/2095 2031/2031/2031
f 2234/2234/2234 1919/1919/1919 2138/2138/2138
f 2234/2234/2234 2031/2031/2031 1919/1919/1919
f 2138/2138/2138 1903/1903/1903 1950/1950/1950
f 2138/2138/2138 1919/1919/1919 1903/1903/1903
f 1950/1950/1950 1791/1791/1791 1870/1870/1870
f 1950/1950/1950 1903/1903/1903 1791/1791/1791
f 1870/1870/1870 1679/1679/1679 1710/1710/1710
f 1870/1870/1870 1791/1791/1791 1679/1679/1679
f 1710/1710/1710 1563/1563/1563 1630/1630/1630
f 1710/1710/1710 1679/1679/1679 1563/1563/1563
f 1630/1630/1630 1360/1360/1360 1345/1345/1345
f 1630/1630/1630 1563/1563/1563 1360/1360/1360
f 1345/1345/1345 1184/1184/1184 1121/1121/1121
f 1345/1345/1345 1360/1360/1360 1184/1184/1184
f 1121/1121/1121 1076/1076/1076 1045/1045/1045
f 1121/1121/1121 1184/1184/1184 1076/1076/1076
f 1045/1045/1045 964/964/964 885/885/885
f 1045/1045/1045 1076/1076/1076 964/964/964
f 885/885/885 852/852/852 805/805/805
f 885/885/885 964/964/964 852/852/852
f 805/805/805 836/836/836 621/621/621
f 805/805/805 852/852/852 836/836/836
f 621/621/621 724/724/724 525/525/525
f 621/621/621 836/836/836 724/724/724
f 525/525/525 660/660/660 469/469/469
f 525/525/525 724/724/724 660/660/660
f 469/469/469 636/636/636 461/461/461
f 469/469/469 660/660/660 636/636/636
f 461/461/461 668/668/668 477/477/477
f 461/461/461 636/636/636 668/668/668
f 477/477/477 732/732/732 533/533/533
f 477/477/477 668/668/668 732/732/732
f 533/533/533 844/844/844 629/629/629
f 533/533/533 732/732/732 844/844/844
f 629/629/629 860/860/860 813/813/813
f 629/629/629 844/844/844 860/860/860
f 813/813/813 972/972/972 893/893/893
f 813/813/813 860/860/860 972/972/972
f 893/893/893 1084/1084/1084 1053/1053/1053
f 893/893/893 972/972/972 1084/1084/1084
f 1053/1053/1053 1192/1192/1192 1129/1129/1129
f 1053/1053/1053 1084/1084/1084 1192/1192/1192
f 1129/1129/1129 1397/1397/1397 1412/1412/1412
f 1129/1129/1129 1192/1192/1192 1397/1397/1397
f 1412/1412/1412 1571/1571/1571 1638/1638/1638
f 1412/1412/1412 1397/1397/1397 1571/1571/1571
f 1638/1638/1638 1687/1687/1687 1718/1718/1718
f 1638/1638/1638 1571/1571/1571 1687/1687/1687
f 1718/1718/1718 1799/1799/1799 1878/1878/1878
f 1718/1718/1718 1687/1687/1687 1799/1799/1799
f 1878/1878/1878 1911/1911/1911 1958/1958/1958
f 1878/1878/1878 1799/1799/1799 1911/1911/1911
f 1958/1958/1958 1927/1927/1927 2146/2146/2146
f 1958/1958/1958 1911/1911/1911 1927/1927/1927
f 2146/2146/2146 2039/2039/2039 2242/2242/2242
f 2146/2146/2146 1927/1927/1927 2039/2039/2039
f 2242/2242/2242 2103/2103/2103 2302/2302/2302
f 2242/2242/2242 2039/2039/2039 2103/2103/2103
f 2302/2302/2302 2131/2131/2131 2313/2313/2313
f 2302/2302/2302 2103/2103/2103 2131/2131/2131
f 2129/2129/2129 2092/2092/2092 2094/2094/2094
f 2129/2129/2129 2126/2126/2126 2092/2092/2092
f 2094/2094/2094 2028/2028/2028 2030/2030/2030
f 2094/2094/2094 2092/2092/2092 2028/2028/2028
f 2030/2030/2030 1916/1916/1916 1918/1918/1918
f 2030/2030/2030 2028/2028/2028 1916/1916/1916
f 1918/1918/1918 1900/1900/1900 1902/1902/1902
f 1918/1918/1918 1916/1916/1916 1900/1900/1900
f 1902/1902/1902 1788/1788/1788 1790/1790/1790
f 1902/1902/1902 1900/1900/1900 1788/1788/1788
f 1790/1790/1790 1676/1676/1676 1678/1678/1678
f 1790/1790/1790 1788/1788/1788 1676/1676/1676
f 1678/1678/1678 1560/1560/1560 1562/1562/1562
f 1678/1678/1678 1676/1676/1676 1560/1560/1560
f 1562/1562/1562 1359/1359/1359 1361/1361/1361
f 1562/1562/1562 1560/1560/1560 1359/1359/1359
f 1361/1361/1361 1183/1183/1183 1185/1185/1185
f 1361/1361/1361 1359/1359/1359 1183/1183/1183
f 1185/1185/1185 1075/1075/1075 1077/1077/1077
f 1185/1185/1185 1183/1183/1183 1075/1075/1075
f 1077/1077/1077 963/963/963 965/965/965
f 1077/1077/1077 1075/1075/1075 963/963/963
f 965/965/965 851/851/851 853/853/853
f 965/965/965 963/963/963 851/851/851
f 853/853/853 835/835/835 837/837/837
f 853/853/853 851/851/851 835/835/835
f 837/837/837 723/723/723 725/725/725
f 837/837/837 835/835/835 723/723/723
f 725/725/725 659/659/659 661/661/661
f 725/725/725 723/723/723 659/659/659
f 661/661/661 635/635/635 637/637/637
f 661/661/661 659/659/659 635/635/635
f 637/637/637 667/667/667 669/669/669
f 637/637/637 635/635/635 667/667/667
f 669/669/669 731/731/731 733/733/733
f 669/669/669 667/667/667 731/731/731
f 733/733/733 843/843/843 845/845/845
f 733/733/733 731/731/731 843/843/843
f 845/845/845 859/859/859 861/861/861
f 845/845/845 843/843/843 859/859/859
f 861/861/861 971/971/971 973/973/973
f 861/861/861 859/859/859 971/971/971
f 973/973/973 1083/1083/1083 1085/1085/1085
f 973/973/973 971/971/971 1083/1083/1083
f 1085/1085/1085 1191/1191/1191 1193/1193/1193
f 1085/1085/1085 1083/1083/1083 1191/1191/1191
f 1193/1193/1193 1394/1394/1394 1396/1396/1396
f 1193/1193/1193 1191/1191/1191 1394/1394/1394
f 1396/1396/1396 1568/1568/1568 1570/1570/1570
f 1396/1396/1396 1394/1394/1394 1568/1568/1568
f 1570/1570/1570 1684/1684/1684 1686/1686/1686
f 1570/1570/1570 1568/1568/1568 1684/1684/1684
f 1686/1686/1686 1796/1796/1796 1798/1798/1798
f 1686/1686/1686 1684/1684/1684 1796/1796/1796
f 1798/1798/1798 1908/1908/1908 1910/1910/1910
f 1798/1798/1798 1796/1796/1796 1908/1908/1908
f 1910/1910/1910 1924/1924/1924 1926/1926/1926
f 1910/1910/1910 1908/1908/1908 1924/1924/1924
f 1926/1926/1926 2036/2036/2036 2038/2038/2038
f 1926/1926/1926 1924/1924/1924 2036/2036/2036
f 2038/2038/2038 2100/2100/2100 2102/2102/2102
f 2038/2038/2038 2036/2036/2036 2100/2100/2100
f 2102/2102/2102 2127/2127/2127 2130/2130/2130
f 2102/2102/2102 2100/2100/2100 2127/2127/2127
f 2174/2174/2174 2207/2207/2207 2182/2182/2182
f 592/592/592 583/583/583 556/556/556
f 2189/2189/2189 2199/2199/2199 2210/2210/2210
f 557/557/557 584/584/584 595/595/595
f 2190/2190/2190 2211/2211/2211 2202/2202/2202
f 2171/2171/2171 2181/2181/2181 2206/2206/2206
f 568/568/568 576/576/576 553/553/553
f 565/565/565 552/552/552 575/575/575
f 2211/2211/2211 2207/2207/2207 2206/2206/2206
f 2211/2211/2211 2206/2206/2206 2210/2210/2210
f 2199/2199/2199 2211/2211/2211 2210/2210/2210
f 2199/2199/2199 2202/2202/2202 2211/2211/2211
f 593/593/593 2201/2201/2201 2198/2198/2198
f 593/593/593 596/596/596 2201/2201/2201
f 2189/2189/2189 2210/2210/2210 2206/2206/2206
f 2189/2189/2189 2206/2206/2206 2181/2181/2181
f 2188/2188/2188 2180/2180/2180 574/574/574
f 2188/2188/2188 574/574/574 582/582/582
f 2188/2188/2188 594/594/594 2200/2200/2200
f 2188/2188/2188 582/582/582 594/594/594
f 552/552/552 583/583/583 575/575/575
f 552/552/552 556/556/556 583/583/583
f 557/557/557 556/556/556 552/552/552
f 557/557/557 552/552/552 553/553/553
f 557/557/557 553/553/553 576/576/576
f 557/557/557 576/576/576 584/584/584
f 557/557/557 595/595/595 592/592/592
f 557/557/557 592/592/592 556/556/556
f 2191/2191/2191 2203/2203/2203 597/597/597
f 2191/2191/2191 597/597/597 585/585/585
f 2191/2191/2191 585/585/585 577/577/577
f 2191/2191/2191 577/577/577 2183/2183/2183
f 2190/2190/2190 2207/2207/2207 2211/2211/2211
f 2190/2190/2190 2182/2182/2182 2207/2207/2207
f 2171/2171/2171 2206/2206/2206 2207/2207/2207
f 2171/2171/2171 2207/2207/2207 2174/2174/2174
f 567/567/567 2183/2183/2183 577/577/577
f 567/567/567 2173/2173/2173 2183/2183/2183
f 565/565/565 553/553/553 552/552/552
f 565/565/565 568/568/568 553/553/553
f 564/564/564 574/574/574 2180/2180/2180
f 564/564/564 2180/2180/2180 2170/2170/2170
f 566/566/566 2172/2172/2172 2175/2175/2175
f 566/566/566 2175/2175/2175 569/569/569
f 2078/2078/2078 2087/2087/2087 2054/2054/2054
f 684/684/684 707/707/707 672/672/672
f 2013/2013/2013 1979/1979/1979 2022/2022/2022
f 673/673/673 708/708/708 687/687/687
f 2014/2014/2014 2023/2023/2023 1982/1982/1982
f 2075/2075/2075 2053/2053/2053 2086/2086/2086
f 784/784/784 748/748/748 737/737/737
f 781/781/781 736/736/736 747/747/747
f 2023/2023/2023 2087/2087/2087 2086/2086/2086
f 2023/2023/2023 2086/2086/2086 2022/2022/2022
f 1979/1979/1979 2023/2023/2023 2022/2022/2022
f 1979/1979/1979 1982/1982/1982 2023/2023/2023
f 685/685/685 1981/1981/1981 1978/1978/1978
f 685/685/685 688/688/688 1981/1981/1981
f 2013/2013/2013 2022/2022/2022 2086/2086/2086
f 2013/2013/2013 2086/2086/2086 2053/2053/2053
f 2012/2012/2012 2052/2052/2052 746/746/746
f 2012/2012/2012 746/746/746 706/706/706
f 2012/2012/2012 686/686/686 1980/1980/1980
f 2012/2012/2012 706/706/706 686/686/686
f 736/736/736 707/707/707 747/747/747
f 736/736/736 672/672/672 707/707/707
f 673/673/673 672/672/672 736/736/736
f 673/673/673 736/736/736 737/737/737
f 673/673/673 737/737/737 748/748/748
f 673/673/673 748/748/748 708/708/708
f 673/673/673 687/687/687 684/684/684
f 673/673/673 684/684/684 672/672/672
f 2015/2015/2015 1983/1983/1983 689/689/689
f 2015/2015/2015 689/689/689 709/709/709
f 2015/2015/2015 709/709/709 749/749/749
f 2015/2015/2015 749/749/749 2055/2055/2055
f 2014/2014/2014 2087/2087/2087 2023/2023/2023
f 2014/2014/2014 2054/2054/2054 2087/2087/2087
f 2075/2075/2075 2086/2086/2086 2087/2087/2087
f 2075/2075/2075 2087/2087/2087 2078/2078/2078
f 783/783/783 2055/2055/2055 749/749/749
f 783/783/783 2077/2077/2077 2055/2055/2055
f 781/781/781 737/737/737 736/736/736
f 781/781/781 784/784/784 737/737/737
f 780/780/780 746/746/746 2052/2052/2052
f 780/780/780 2052/2052/2052 2074/2074/2074
f 782/782/782 2076/2076/2076 2079/2079/2079
f 782/782/782 2079/2079/2079 785/785/785
f 1846/1846/1846 1823/1823/1823 1814/1814/1814
f 916/916/916 947/947/947 936/936/936
f 1773/1773/1773 1739/1739/1739 1782/1782/1782
f 937/937/937 948/948/948 919/919/919
f 1774/1774/1774 1783/1783/1783 1742/1742/1742
f 1843/1843/1843 1813/1813/1813 1822/1822/1822
f 1024/1024/1024 988/988/988 977/977/977
f 1021/1021/1021 976/976/976 987/987/987
f 1783/1783/1783 1823/1823/1823 1822/1822/1822
f 1783/1783/1783 1822/1822/1822 1782/1782/1782
f 1739/1739/1739 1783/1783/1783 1782/1782/1782
f 1739/1739/1739 1742/1742/1742 1783/1783/1783
f 917/917/917 1741/1741/1741 1738/1738/1738
f 917/917/917 920/920/920 1741/1741/1741
f 1773/1773/1773 1782/1782/1782 1822/1822/1822
f 1773/1773/1773 1822/1822/1822 1813/1813/1813
f 1772/1772/1772 1812/1812/1812 986/986/986
f 1772/1772/1772 986/986/986 946/946/946
f 1772/1772/1772 918/918/918 1740/1740/1740
f 1772/1772/1772 946/946/946 918/918/918
f 976/976/976 947/947/947 987/987/987
f 976/976/976 936/936/936 947/947/947
f 937/937/937 936/936/936 976/976/976
f 937/937/937 976/976/976 977/977/977
f 937/937/937 977/977/977 988/988/988
f 937/937/937 988/988/988 948/948/948
f 937/937/937 919/919/919 916/916/916
f 937/937/937 916/916/916 936/936/936
f 1775/1775/1775 1743/1743/1743 921/921/921
f 1775/1775/1775 921/921/921 949/949/949
f 1775/1775/1775 949/949/949 989/989/989
f 1775/1775/1775 989/989/989 1815/1815/1815
f 1774/1774/1774 1823/1823/1823 1783/1783/1783
f 1774/1774/1774 1814/1814/1814 1823/1823/1823
f 1843/1843/1843 1822/1822/1822 1823/1823/1823
f 1843/1843/1843 1823/1823/1823 1846/1846/1846
f 1023/1023/1023 1815/1815/1815 989/989/989
f 1023/1023/1023 1845/1845/1845 1815/1815/1815
f 1021/1021/1021 977/977/977 976/976/976
f 1021/1021/1021 1024/1024/1024 977/977/977
f 1020/1020/1020 986/986/986 1812/1812/1812
f 1020/1020/1020 1812/1812/1812 1842/1842/1842
f 1022/1022/1022 1844/1844/1844 1847/1847/1847
f 1022/1022/1022 1847/1847/1847 1025/1025/1025
f 1445/1445/1445 1452/1452/1452 1466/1466/1466
f 1311/1311/1311 1289/1289/1289 1301/1301/1301
f 1297/1297/1297 1324/1324/1324 1329/1329/1329
f 1425/1425/1425 1460/1460/1460 1435/1435/1435
f 1468/1468/1468 1453/1453/1453 1448/1448/1448
f 1321/1321/1321 1295/1295/1295 1328/1328/1328
f 1433/1433/1433 1458/1458/1458 1424/1424/1424
f 1309/1309/1309 1300/1300/1300 1287/1287/1287
f 1453/1453/1453 1452/1452/1452 1328/1328/1328
f 1453/1453/1453 1328/1328/1328 1329/1329/1329
f 1324/1324/1324 1453/1453/1453 1329/1329/1329
f 1324/1324/1324 1448/1448/1448 1453/1453/1453
f 1312/1312/1312 1447/1447/1447 1323/1323/1323
f 1312/1312/1312 1436/1436/1436 1447/1447/1447
f 1297/1297/1297 1329/1329/1329 1328/1328/1328
f 1297/1297/1297 1328/1328/1328 1295/1295/1295
f 1296/1296/1296 1294/1294/1294 1286/1286/1286
f 1296/1296/1296 1286/1286/1286 1288/1288/1288
f 1296/1296/1296 1313/1313/1313 1325/1325/1325
f 1296/1296/1296 1288/1288/1288 1313/1313/1313
f 1300/1300/1300 1289/1289/1289 1287/1287/1287
f 1300/1300/1300 1301/1301/1301 1289/1289/1289
f 1425/1425/1425 1301/1301/1301 1300/1300/1300
f 1425/1425/1425 1300/1300/1300 1424/1424/1424
f 1425/1425/1425 1424/1424/1424 1458/1458/1458
f 1425/1425/1425 1458/1458/1458 1460/1460/1460
f 1425/1425/1425 1435/1435/1435 1311/1311/1311
f 1425/1425/1425 1311/1311/1311 1301/1301/1301
f 1469/1469/1469 1449/1449/1449 1437/1437/1437
f 1469/1469/1469 1437/1437/1437 1461/1461/1461
f 1469/1469/1469 1461/1461/1461 1459/1459/1459
f 1469/1469/1469 1459/1459/1459 1467/1467/1467
f 1468/1468/1468 1452/1452/1452 1453/1453/1453
f 1468/1468/1468 1466/1466/1466 1452/1452/1452
f 1321/1321/1321 1328/1328/1328 1452/1452/1452
f 1321/1321/1321 1452/1452/1452 1445/1445/1445
f 1432/1432/1432 1467/1467/1467 1459/1459/1459
f 1432/1432/1432 1444/1444/1444 1467/1467/1467
f 1309/1309/1309 1424/1424/1424 1300/1300/1300
f 1309/1309/1309 1433/1433/1433 1424/1424/1424
f 1308/1308/1308 1286/1286/1286 1294/1294/1294
f 1308/1308/1308 1294/1294/1294 1320/1320/1320
f 1310/1310/1310 1322/1322/1322 1446/1446/1446
f 1310/1310/1310 1446/1446/1446 1434/1434/1434
f 929/929/929 940/940/940 954/954/954
f 1833/1833/1833 1807/1807/1807 1819/1819/1819
f 997/997/997 1036/1036/1036 981/981/981
f 1818/1818/1818 1804/1804/1804 1830/1830/1830
f 994/994/994 980/980/980 1033/1033/1033
f 932/932/932 957/957/957 941/941/941
f 1727/1727/1727 1764/1764/1764 1778/1778/1778
f 1730/1730/1730 1779/1779/1779 1767/1767/1767
f 980/980/980 940/940/940 941/941/941
f 980/980/980 941/941/941 981/981/981
f 1036/1036/1036 980/980/980 981/981/981
f 1036/1036/1036 1033/1033/1033 980/980/980
f 1834/1834/1834 1032/1032/1032 1035/1035/1035
f 1834/1834/1834 1831/1831/1831 1032/1032/1032
f 997/997/997 981/981/981 941/941/941
f 997/997/997 941/941/941 957/957/957
f 996/996/996 956/956/956 1766/1766/1766
f 996/996/996 1766/1766/1766 1806/1806/1806
f 996/996/996 1835/1835/1835 1037/1037/1037
f 996/996/996 1806/1806/1806 1835/1835/1835
f 1779/1779/1779 1807/1807/1807 1767/1767/1767
f 1779/1779/1779 1819/1819/1819 1807/1807/1807
f 1818/1818/1818 1819/1819/1819 1779/1779/1779
f 1818/1818/1818 1779/1779/1779 1778/1778/1778
f 1818/1818/1818 1778/1778/1778 1764/1764/1764
f 1818/1818/1818 1764/1764/1764 1804/1804/1804
f 1818/1818/1818 1830/1830/1830 1833/1833/1833
f 1818/1818/1818 1833/1833/1833 1819/1819/1819
f 995/995/995 1034/1034/1034 1832/1832/1832
f 995/995/995 1832/1832/1832 1805/1805/1805
f 995/995/995 1805/1805/1805 1765/1765/1765
f 995/995/995 1765/1765/1765 955/955/955
f 994/994/994 940/940/940 980/980/980
f 994/994/994 954/954/954 940/940/940
f 932/932/932 941/941/941 940/940/940
f 932/932/932 940/940/940 929/929/929
f 1726/1726/1726 955/955/955 1765/1765/1765
f 1726/1726/1726 928/928/928 955/955/955
f 1730/1730/1730 1778/1778/1778 1779/1779/1779
f 1730/1730/1730 1727/1727/1727 1778/1778/1778
f 1729/1729/1729 1766/1766/1766 956/956/956
f 1729/1729/1729 956/956/956 931/931/931
f 1731/1731/1731 933/933/933 930/930/930
f 1731/1731/1731 930/930/930 1728/1728/1728
f 697/697/697 676/676/676 714/714/714
f 2065/2065/2065 2047/2047/2047 2083/2083/2083
f 757/757/757 796/796/796 741/741/741
f 2082/2082/2082 2044/2044/2044 2062/2062/2062
f 754/754/754 740/740/740 793/793/793
f 700/700/700 717/717/717 677/677/677
f 1967/1967/1967 2004/2004/2004 2018/2018/2018
f 1970/1970/1970 2019/2019/2019 2007/2007/2007
f 740/740/740 676/676/676 677/677/677
f 740/740/740 677/677/677 741/741/741
f 796/796/796 740/740/740 741/741/741
f 796/796/796 793/793/793 740/740/740
f 2066/2066/2066 792/792/792 795/795/795
f 2066/2066/2066 2063/2063/2063 792/792/792
f 757/757/757 741/741/741 677/677/677
f 757/757/757 677/677/677 717/717/717
f 756/756/756 716/716/716 2006/2006/2006
f 756/756/756 2006/2006/2006 2046/2046/2046
f 756/756/756 2067/2067/2067 797/797/797
f 756/756/756 2046/2046/2046 2067/2067/2067
f 2019/2019/2019 2047/2047/2047 2007/2007/2007
f 2019/2019/2019 2083/2083/2083 2047/2047/2047
f 2082/2082/2082 2083/2083/2083 2019/2019/2019
f 2082/2082/2082 2019/2019/2019 2018/2018/2018
f 2082/2082/2082 2018/2018/2018 2004/2004/2004
f 2082/2082/2082 2004/2004/2004 2044/2044/2044
f 2082/2082/2082 2062/2062/2062 2065/2065/2065
f 2082/2082/2082 2065/2065/2065 2083/2083/2083
f 755/755/755 794/794/794 2064/2064/2064
f 755/755/755 2064/2064/2064 2045/2045/2045
f 755/755/755 2045/2045/2045 2005/2005/2005
f 755/755/755 2005/2005/2005 715/715/715
f 754/754/754 676/676/676 740/740/740
f 754/754/754 714/714/714 676/676/676
f 700/700/700 677/677/677 676/676/676
f 700/700/700 676/676/676 697/697/697
f 1966/1966/1966 715/715/715 2005/2005/2005
f 1966/1966/1966 696/696/696 715/715/715
f 1970/1970/1970 2018/2018/2018 2019/2019/2019
f 1970/1970/1970 1967/1967/1967 2018/2018/2018
f 1969/1969/1969 2006/2006/2006 716/716/716
f 1969/1969/1969 716/716/716 699/699/699
f 1971/1971/1971 701/701/701 698/698/698
f 1971/1971/1971 698/698/698 1968/1968/1968
