# metres; Y up; ground-centred pivot
mtllib 23_Carretilla.mtl
v -1.0511190 0.5257539 -0.3117500
v -1.0511190 0.5257539 -0.3117500
v -1.0511190 0.5257539 -0.3117500
v -1.0511190 0.5257539 -0.2682500
v -1.0511190 0.5257539 -0.2682500
v -1.0511190 0.5257539 -0.2682500
v -1.0511190 0.5257539 0.2682500
v -1.0511190 0.5257539 0.2682500
v -1.0511190 0.5257539 0.2682500
v -1.0511190 0.5257539 0.3117500
v -1.0511190 0.5257539 0.3117500
v -1.0511190 0.5257539 0.3117500
v -1.0486191 0.4773183 -0.3117500
v -1.0486191 0.4773183 -0.3117500
v -1.0486191 0.4773183 -0.3117500
v -1.0486191 0.4773183 -0.2682500
v -1.0486191 0.4773183 -0.2682500
v -1.0486191 0.4773183 0.2682500
v -1.0486191 0.4773183 0.2682500
v -1.0486191 0.4773183 0.2682500
v -1.0486191 0.4773183 0.3117500
v -1.0486191 0.4773183 0.3117500
v -1.0362018 0.5422948 -0.3117500
v -1.0362018 0.5422948 -0.2682500
v -1.0362018 0.5422948 0.2682500
v -1.0362018 0.5422948 0.3117500
v -1.0353899 0.5265657 -0.3275000
v -1.0353899 0.5265657 -0.3275000
v -1.0353899 0.5265657 -0.2525000
v -1.0353899 0.5265657 -0.2525000
v -1.0353899 0.5265657 0.2525000
v -1.0353899 0.5265657 0.2525000
v -1.0353899 0.5265657 0.3275000
v -1.0353899 0.5265657 0.3275000
v -1.0328900 0.4781302 -0.3275000
v -1.0328900 0.4781302 -0.3275000
v -1.0328900 0.4781302 -0.2525000
v -1.0328900 0.4781302 -0.2525000
v -1.0328900 0.4781302 0.2525000
v -1.0328900 0.4781302 0.2525000
v -1.0328900 0.4781302 0.3275000
v -1.0328900 0.4781302 0.3275000
v -1.0320782 0.4624011 -0.3117500
v -1.0320782 0.4624011 -0.2682500
v -1.0320782 0.4624011 0.2682500
v -1.0320782 0.4624011 0.3117500
v -0.5058810 0.6167000 -0.3703000
v -0.5058810 0.6167000 -0.3703000
v -0.5058810 0.6167000 -0.3297000
v -0.5058810 0.6167000 -0.3297000
v -0.5058810 0.6167000 -0.3297000
v -0.5058810 0.6167000 0.3297000
v -0.5058810 0.6167000 0.3297000
v -0.5058810 0.6167000 0.3703000
v -0.5058810 0.6167000 0.3703000
v -0.5058810 0.6167000 0.3703000
v -0.5058810 0.9873000 -0.3703000
v -0.5058810 0.9873000 -0.3703000
v -0.5058810 0.9873000 -0.3703000
v -0.5058810 0.9873000 -0.3297000
v -0.5058810 0.9873000 -0.3297000
v -0.5058810 0.9873000 -0.3297000
v -0.5058810 0.9873000 0.3297000
v -0.5058810 0.9873000 0.3297000
v -0.5058810 0.9873000 0.3297000
v -0.5058810 0.9873000 0.3703000
v -0.5058810 0.9873000 0.3703000
v -0.5058810 0.9873000 0.3703000
v -0.4911810 0.6020000 -0.3703000
v -0.4911810 0.6020000 -0.3297000
v -0.4911810 0.6020000 0.3297000
v -0.4911810 0.6020000 0.3703000
v -0.4911810 0.6167000 -0.3850000
v -0.4911810 0.6167000 -0.3850000
v -0.4911810 0.6167000 -0.3150000
v -0.4911810 0.6167000 -0.3150000
v -0.4911810 0.6167000 0.3150000
v -0.4911810 0.6167000 0.3150000
v -0.4911810 0.6167000 0.3850000
v -0.4911810 0.6167000 0.3850000
v -0.4911810 0.9873000 -0.3850000
v -0.4911810 0.9873000 -0.3850000
v -0.4911810 0.9873000 -0.3150000
v -0.4911810 0.9873000 -0.3150000
v -0.4911810 0.9873000 0.3150000
v -0.4911810 0.9873000 0.3150000
v -0.4911810 0.9873000 0.3850000
v -0.4911810 0.9873000 0.3850000
v -0.4911810 1.0020000 -0.3703000
v -0.4911810 1.0020000 -0.3297000
v -0.4911810 1.0020000 0.3297000
v -0.4911810 1.0020000 0.3703000
v -0.4408810 0.5717000 -0.2753000
v -0.4408810 0.5717000 0.2753000
v -0.4408810 0.6123000 -0.2753000
v -0.4408810 0.6123000 0.2753000
v -0.4261810 0.5570000 -0.2753000
v -0.4261810 0.5570000 -0.2753000
v -0.4261810 0.5570000 0.2753000
v -0.4261810 0.5570000 0.2753000
v -0.4261810 0.5570000 0.2753000
v -0.4261810 0.5717000 -0.2900000
v -0.4261810 0.5717000 -0.2900000
v -0.4261810 0.5717000 0.2900000
v -0.4261810 0.5717000 0.2900000
v -0.4261810 0.6123000 -0.2900000
v -0.4261810 0.6123000 -0.2900000
v -0.4261810 0.6123000 0.2900000
v -0.4261810 0.6123000 0.2900000
v -0.4261810 0.6270000 -0.2753000
v -0.4261810 0.6270000 -0.2753000
v -0.4261810 0.6270000 0.2753000
v -0.4261810 0.6270000 0.2753000
v -0.4261810 0.6270000 0.2753000
v -0.3977747 0.0282836 -0.2584500
v -0.3977747 0.0282836 -0.2584500
v -0.3977747 0.0282836 -0.2215500
v -0.3977747 0.0282836 -0.2215500
v -0.3977747 0.0282836 0.2215500
v -0.3977747 0.0282836 0.2215500
v -0.3977747 0.0282836 0.2584500
v -0.3977747 0.0282836 0.2584500
v -0.3879112 0.0152638 -0.2584500
v -0.3879112 0.0152638 -0.2584500
v -0.3879112 0.0152638 -0.2584500
v -0.3879112 0.0152638 -0.2215500
v -0.3879112 0.0152638 -0.2215500
v -0.3879112 0.0152638 -0.2215500
v -0.3879112 0.0152638 0.2215500
v -0.3879112 0.0152638 0.2215500
v -0.3879112 0.0152638 0.2215500
v -0.3879112 0.0152638 0.2584500
v -0.3879112 0.0152638 0.2584500
v -0.3879112 0.0152638 0.2584500
v -0.3863330 0.0267055 -0.2700000
v -0.3863330 0.0267055 -0.2100000
v -0.3863330 0.0267055 0.2100000
v -0.3863330 0.0267055 0.2700000
v -0.3563103 0.0109050 -0.2584500
v -0.3563103 0.0109050 -0.2584500
v -0.3563103 0.0109050 -0.2215500
v -0.3563103 0.0109050 -0.2215500
v -0.3563103 0.0109050 -0.2215500
v -0.3563103 0.0109050 0.2215500
v -0.3563103 0.0109050 0.2215500
v -0.3563103 0.0109050 0.2584500
v -0.3563103 0.0109050 0.2584500
v -0.3563103 0.0109050 0.2584500
v -0.3547322 0.0223467 -0.2700000
v -0.3547322 0.0223467 -0.2100000
v -0.3547322 0.0223467 0.2100000
v -0.3547322 0.0223467 0.2700000
v -0.3432905 0.0207686 -0.2584500
v -0.3432905 0.0207686 -0.2584500
v -0.3432905 0.0207686 -0.2215500
v -0.3432905 0.0207686 -0.2215500
v -0.3432905 0.0207686 0.2215500
v -0.3432905 0.0207686 0.2215500
v -0.3432905 0.0207686 0.2584500
v -0.3432905 0.0207686 0.2584500
v -0.3184715 0.6032314 -0.2584500
v -0.3184715 0.6032314 -0.2584500
v -0.3184715 0.6032314 -0.2215500
v -0.3184715 0.6032314 -0.2215500
v -0.3184715 0.6032314 0.2215500
v -0.3184715 0.6032314 0.2215500
v -0.3184715 0.6032314 0.2584500
v -0.3184715 0.6032314 0.2584500
v -0.3070298 0.6016533 -0.2700000
v -0.3070298 0.6016533 -0.2100000
v -0.3070298 0.6016533 0.2100000
v -0.3070298 0.6016533 0.2700000
v -0.3054517 0.6130950 -0.2584500
v -0.3054517 0.6130950 -0.2584500
v -0.3054517 0.6130950 -0.2584500
v -0.3054517 0.6130950 -0.2215500
v -0.3054517 0.6130950 -0.2215500
v -0.3054517 0.6130950 -0.2215500
v -0.3054517 0.6130950 0.2215500
v -0.3054517 0.6130950 0.2215500
v -0.3054517 0.6130950 0.2215500
v -0.3054517 0.6130950 0.2584500
v -0.3054517 0.6130950 0.2584500
v -0.3054517 0.6130950 0.2584500
v -0.2754290 0.5972945 -0.2700000
v -0.2754290 0.5972945 -0.2100000
v -0.2754290 0.5972945 0.2100000
v -0.2754290 0.5972945 0.2700000
v -0.2738509 0.6087362 -0.2584500
v -0.2738509 0.6087362 -0.2584500
v -0.2738509 0.6087362 -0.2215500
v -0.2738509 0.6087362 -0.2215500
v -0.2738509 0.6087362 -0.2215500
v -0.2738509 0.6087362 0.2215500
v -0.2738509 0.6087362 0.2215500
v -0.2738509 0.6087362 0.2584500
v -0.2738509 0.6087362 0.2584500
v -0.2738509 0.6087362 0.2584500
v -0.2639874 0.5957164 -0.2584500
v -0.2639874 0.5957164 -0.2584500
v -0.2639874 0.5957164 -0.2215500
v -0.2639874 0.5957164 -0.2215500
v -0.2639874 0.5957164 0.2215500
v -0.2639874 0.5957164 0.2215500
v -0.2639874 0.5957164 0.2584500
v -0.2639874 0.5957164 0.2584500
v 0.3671190 0.3420000 -0.0650000
v 0.3671190 0.3420000 -0.0650000
v 0.3671190 0.3420000 0.0650000
v 0.3671190 0.3420000 0.0650000
v 0.3736904 0.2752791 -0.0650000
v 0.3736904 0.2752791 -0.0650000
v 0.3736904 0.2752791 0.0650000
v 0.3736904 0.2752791 0.0650000
v 0.3736904 0.4087209 -0.0650000
v 0.3736904 0.4087209 -0.0650000
v 0.3736904 0.4087209 0.0650000
v 0.3736904 0.4087209 0.0650000
v 0.3791190 0.3420000 -0.0600000
v 0.3791190 0.3420000 -0.0600000
v 0.3791190 0.3420000 0.0600000
v 0.3791190 0.3420000 0.0600000
v 0.3854599 0.2776202 -0.0600000
v 0.3854599 0.2776202 -0.0600000
v 0.3854599 0.2776202 0.0600000
v 0.3854599 0.2776202 0.0600000
v 0.3854599 0.4063798 -0.0600000
v 0.3854599 0.4063798 -0.0600000
v 0.3854599 0.4063798 0.0600000
v 0.3854599 0.4063798 0.0600000
v 0.3891190 0.3420000 -0.0650000
v 0.3891190 0.3420000 -0.0650000
v 0.3891190 0.3420000 0.0650000
v 0.3891190 0.3420000 0.0650000
v 0.3931522 0.2111223 -0.0650000
v 0.3931522 0.2111223 -0.0650000
v 0.3931522 0.2111223 0.0650000
v 0.3931522 0.2111223 0.0650000
v 0.3931522 0.4728777 -0.0650000
v 0.3931522 0.4728777 -0.0650000
v 0.3931522 0.4728777 0.0650000
v 0.3931522 0.4728777 0.0650000
v 0.3952677 0.2795711 -0.0650000
v 0.3952677 0.2795711 -0.0650000
v 0.3952677 0.2795711 0.0650000
v 0.3952677 0.2795711 0.0650000
v 0.3952677 0.4044289 -0.0650000
v 0.3952677 0.4044289 -0.0650000
v 0.3952677 0.4044289 0.0650000
v 0.3952677 0.4044289 0.0650000
v 0.4042387 0.2157145 -0.0600000
v 0.4042387 0.2157145 -0.0600000
v 0.4042387 0.2157145 0.0600000
v 0.4042387 0.2157145 0.0600000
v 0.4042387 0.4682855 -0.0600000
v 0.4042387 0.4682855 -0.0600000
v 0.4042387 0.4682855 0.0600000
v 0.4042387 0.4682855 0.0600000
v 0.4130190 0.3245800 -0.0139200
v 0.4130190 0.3245800 0.0139200
v 0.4130190 0.3594200 -0.0139200
v 0.4130190 0.3594200 0.0139200
v 0.4134775 0.2195413 -0.0650000
v 0.4134775 0.2195413 -0.0650000
v 0.4134775 0.2195413 0.0650000
v 0.4134775 0.2195413 0.0650000
v 0.4134775 0.4644587 -0.0650000
v 0.4134775 0.4644587 -0.0650000
v 0.4134775 0.4644587 0.0650000
v 0.4134775 0.4644587 0.0650000
v 0.4230990 0.3145000 -0.0139200
v 0.4230990 0.3145000 -0.0139200
v 0.4230990 0.3145000 -0.0139200
v 0.4230990 0.3145000 0.0139200
v 0.4230990 0.3145000 0.0139200
v 0.4230990 0.3145000 0.0139200
v 0.4230990 0.3245800 -0.0240000
v 0.4230990 0.3245800 -0.0240000
v 0.4230990 0.3245800 0.0240000
v 0.4230990 0.3245800 0.0240000
v 0.4230990 0.3594200 -0.0240000
v 0.4230990 0.3594200 -0.0240000
v 0.4230990 0.3594200 0.0240000
v 0.4230990 0.3594200 0.0240000
v 0.4230990 0.3695000 -0.0139200
v 0.4230990 0.3695000 -0.0139200
v 0.4230990 0.3695000 -0.0139200
v 0.4230990 0.3695000 0.0139200
v 0.4230990 0.3695000 0.0139200
v 0.4230990 0.3695000 0.0139200
v 0.4247564 0.1519950 -0.0650000
v 0.4247564 0.1519950 -0.0650000
v 0.4247564 0.1519950 0.0650000
v 0.4247564 0.1519950 0.0650000
v 0.4247564 0.5320050 -0.0650000
v 0.4247564 0.5320050 -0.0650000
v 0.4247564 0.5320050 0.0650000
v 0.4247564 0.5320050 0.0650000
v 0.4347340 0.1586618 -0.0600000
v 0.4347340 0.1586618 -0.0600000
v 0.4347340 0.1586618 0.0600000
v 0.4347340 0.1586618 0.0600000
v 0.4347340 0.5253382 -0.0600000
v 0.4347340 0.5253382 -0.0600000
v 0.4347340 0.5253382 0.0600000
v 0.4347340 0.5253382 0.0600000
v 0.4430487 0.1642175 -0.0650000
v 0.4430487 0.1642175 -0.0650000
v 0.4430487 0.1642175 0.0650000
v 0.4430487 0.1642175 0.0650000
v 0.4430487 0.5197825 -0.0650000
v 0.4430487 0.5197825 -0.0650000
v 0.4430487 0.5197825 0.0650000
v 0.4430487 0.5197825 0.0650000
v 0.4439789 0.2090362 -0.0139200
v 0.4439789 0.2090362 0.0139200
v 0.4439789 0.4749638 -0.0139200
v 0.4439789 0.4749638 0.0139200
v 0.4476684 0.2228057 -0.0139200
v 0.4476684 0.2228057 -0.0139200
v 0.4476684 0.2228057 -0.0139200
v 0.4476684 0.2228057 0.0139200
v 0.4476684 0.2228057 0.0139200
v 0.4476684 0.2228057 0.0139200
v 0.4476684 0.4611943 -0.0139200
v 0.4476684 0.4611943 -0.0139200
v 0.4476684 0.4611943 -0.0139200
v 0.4476684 0.4611943 0.0139200
v 0.4476684 0.4611943 0.0139200
v 0.4476684 0.4611943 0.0139200
v 0.4527084 0.2140762 -0.0240000
v 0.4527084 0.2140762 -0.0240000
v 0.4527084 0.2140762 0.0240000
v 0.4527084 0.2140762 0.0240000
v 0.4527084 0.4699238 -0.0240000
v 0.4527084 0.4699238 -0.0240000
v 0.4527084 0.4699238 0.0240000
v 0.4527084 0.4699238 0.0240000
v 0.4613989 0.1788638 -0.0139200
v 0.4613989 0.1788638 0.0139200
v 0.4613989 0.5051362 -0.0139200
v 0.4613989 0.5051362 0.0139200
v 0.4641190 0.3420000 -0.0600000
v 0.4641190 0.3420000 -0.0600000
v 0.4641190 0.3420000 0.0600000
v 0.4641190 0.3420000 0.0600000
v 0.4672885 0.1001695 -0.0650000
v 0.4672885 0.1001695 -0.0650000
v 0.4672885 0.1001695 0.0650000
v 0.4672885 0.1001695 0.0650000
v 0.4672885 0.5838305 -0.0650000
v 0.4672885 0.5838305 -0.0650000
v 0.4672885 0.5838305 0.0650000
v 0.4672885 0.5838305 0.0650000
v 0.4688266 0.2942029 -0.0600000
v 0.4688266 0.2942029 -0.0600000
v 0.4688266 0.2942029 0.0600000
v 0.4688266 0.2942029 0.0600000
v 0.4688266 0.3897971 -0.0600000
v 0.4688266 0.3897971 -0.0600000
v 0.4688266 0.3897971 0.0600000
v 0.4688266 0.3897971 0.0600000
v 0.4701284 0.1839038 -0.0240000
v 0.4701284 0.1839038 -0.0240000
v 0.4701284 0.1839038 0.0240000
v 0.4701284 0.1839038 0.0240000
v 0.4701284 0.5000962 -0.0240000
v 0.4701284 0.5000962 -0.0240000
v 0.4701284 0.5000962 0.0240000
v 0.4701284 0.5000962 0.0240000
v 0.4751684 0.1751743 -0.0139200
v 0.4751684 0.1751743 -0.0139200
v 0.4751684 0.1751743 -0.0139200
v 0.4751684 0.1751743 0.0139200
v 0.4751684 0.1751743 0.0139200
v 0.4751684 0.1751743 0.0139200
v 0.4751684 0.5088257 -0.0139200
v 0.4751684 0.5088257 -0.0139200
v 0.4751684 0.5088257 -0.0139200
v 0.4751684 0.5088257 0.0139200
v 0.4751684 0.5088257 0.0139200
v 0.4751684 0.5088257 0.0139200
v 0.4757738 0.1086548 -0.0600000
v 0.4757738 0.1086548 -0.0600000
v 0.4757738 0.1086548 0.0600000
v 0.4757738 0.1086548 0.0600000
v 0.4757738 0.5753452 -0.0600000
v 0.4757738 0.5753452 -0.0600000
v 0.4757738 0.5753452 0.0600000
v 0.4757738 0.5753452 0.0600000
v 0.4827685 0.2482426 -0.0600000
v 0.4827685 0.2482426 -0.0600000
v 0.4827685 0.2482426 0.0600000
v 0.4827685 0.2482426 0.0600000
v 0.4827685 0.4357574 -0.0600000
v 0.4827685 0.4357574 -0.0600000
v 0.4827685 0.4357574 0.0600000
v 0.4827685 0.4357574 0.0600000
v 0.4828448 0.1157258 -0.0650000
v 0.4828448 0.1157258 -0.0650000
v 0.4828448 0.1157258 0.0650000
v 0.4828448 0.1157258 0.0650000
v 0.4828448 0.5682742 -0.0650000
v 0.4828448 0.5682742 -0.0650000
v 0.4828448 0.5682742 0.0650000
v 0.4828448 0.5682742 0.0650000
v 0.5003162 0.6215989 -0.3117500
v 0.5003162 0.6215989 -0.2682500
v 0.5003162 0.6215989 0.2682500
v 0.5003162 0.6215989 0.3117500
v 0.5011280 0.6058698 -0.3275000
v 0.5011280 0.6058698 -0.3275000
v 0.5011280 0.6058698 -0.2525000
v 0.5011280 0.6058698 -0.2525000
v 0.5011280 0.6058698 0.2525000
v 0.5011280 0.6058698 0.2525000
v 0.5011280 0.6058698 0.3275000
v 0.5011280 0.6058698 0.3275000
v 0.5036279 0.5574343 -0.3275000
v 0.5036279 0.5574343 -0.3275000
v 0.5036279 0.5574343 -0.2525000
v 0.5036279 0.5574343 -0.2525000
v 0.5036279 0.5574343 0.2525000
v 0.5036279 0.5574343 0.2525000
v 0.5036279 0.5574343 0.3275000
v 0.5036279 0.5574343 0.3275000
v 0.5044397 0.5417052 -0.3117500
v 0.5044397 0.5417052 -0.2682500
v 0.5044397 0.5417052 0.2682500
v 0.5044397 0.5417052 0.3117500
v 0.5054089 0.2058853 -0.0600000
v 0.5054089 0.2058853 -0.0600000
v 0.5054089 0.2058853 0.0600000
v 0.5054089 0.2058853 0.0600000
v 0.5054089 0.4781147 -0.0600000
v 0.5054089 0.4781147 -0.0600000
v 0.5054089 0.4781147 0.0600000
v 0.5054089 0.4781147 0.0600000
v 0.5168571 0.6066817 -0.3117500
v 0.5168571 0.6066817 -0.3117500
v 0.5168571 0.6066817 -0.3117500
v 0.5168571 0.6066817 -0.2682500
v 0.5168571 0.6066817 -0.2682500
v 0.5168571 0.6066817 -0.2682500
v 0.5168571 0.6066817 0.2682500
v 0.5168571 0.6066817 0.2682500
v 0.5168571 0.6066817 0.2682500
v 0.5168571 0.6066817 0.3117500
v 0.5168571 0.6066817 0.3117500
v 0.5168571 0.6066817 0.3117500
v 0.5191140 0.0576374 -0.0650000
v 0.5191140 0.0576374 -0.0650000
v 0.5191140 0.0576374 0.0650000
v 0.5191140 0.0576374 0.0650000
v 0.5191140 0.6263626 -0.0650000
v 0.5191140 0.6263626 -0.0650000
v 0.5191140 0.6263626 0.0650000
v 0.5191140 0.6263626 0.0650000
v 0.5193570 0.5582461 -0.3117500
v 0.5193570 0.5582461 -0.3117500
v 0.5193570 0.5582461 -0.3117500
v 0.5193570 0.5582461 -0.2682500
v 0.5193570 0.5582461 -0.2682500
v 0.5193570 0.5582461 0.2682500
v 0.5193570 0.5582461 0.2682500
v 0.5193570 0.5582461 0.2682500
v 0.5193570 0.5582461 0.3117500
v 0.5193570 0.5582461 0.3117500
v 0.5257808 0.0676150 -0.0600000
v 0.5257808 0.0676150 -0.0600000
v 0.5257808 0.0676150 0.0600000
v 0.5257808 0.0676150 0.0600000
v 0.5257808 0.6163850 -0.0600000
v 0.5257808 0.6163850 -0.0600000
v 0.5257808 0.6163850 0.0600000
v 0.5257808 0.6163850 0.0600000
v 0.5313365 0.0759297 -0.0650000
v 0.5313365 0.0759297 -0.0650000
v 0.5313365 0.0759297 0.0650000
v 0.5313365 0.0759297 0.0650000
v 0.5313365 0.6080703 -0.0650000
v 0.5313365 0.6080703 -0.0650000
v 0.5313365 0.6080703 0.0650000
v 0.5313365 0.6080703 0.0650000
v 0.5341190 0.6167000 -0.3253000
v 0.5341190 0.6167000 -0.3253000
v 0.5341190 0.6167000 0.3253000
v 0.5341190 0.6167000 0.3253000
v 0.5341190 0.6167000 0.3253000
v 0.5341190 0.9873000 -0.3253000
v 0.5341190 0.9873000 -0.3253000
v 0.5341190 0.9873000 -0.3253000
v 0.5341190 0.9873000 0.3253000
v 0.5341190 0.9873000 0.3253000
v 0.5341190 0.9873000 0.3253000
v 0.5358778 0.1687588 -0.0600000
v 0.5358778 0.1687588 -0.0600000
v 0.5358778 0.1687588 0.0600000
v 0.5358778 0.1687588 0.0600000
v 0.5358778 0.5152412 -0.0600000
v 0.5358778 0.5152412 -0.0600000
v 0.5358778 0.5152412 0.0600000
v 0.5358778 0.5152412 0.0600000
v 0.5422933 0.1080494 -0.0139200
v 0.5422933 0.1080494 -0.0139200
v 0.5422933 0.1080494 -0.0139200
v 0.5422933 0.1080494 0.0139200
v 0.5422933 0.1080494 0.0139200
v 0.5422933 0.1080494 0.0139200
v 0.5422933 0.5759506 -0.0139200
v 0.5422933 0.5759506 -0.0139200
v 0.5422933 0.5759506 -0.0139200
v 0.5422933 0.5759506 0.0139200
v 0.5422933 0.5759506 0.0139200
v 0.5422933 0.5759506 0.0139200
v 0.5444190 0.5570000 -0.2753000
v 0.5444190 0.5570000 -0.2753000
v 0.5444190 0.5570000 -0.2753000
v 0.5444190 0.5570000 0.2753000
v 0.5444190 0.5570000 0.2753000
v 0.5444190 0.5570000 0.2753000
v 0.5444190 0.5717000 -0.2900000
v 0.5444190 0.5717000 -0.2900000
v 0.5444190 0.5717000 0.2900000
v 0.5444190 0.5717000 0.2900000
v 0.5444190 0.6123000 -0.2900000
v 0.5444190 0.6123000 -0.2900000
v 0.5444190 0.6123000 0.2900000
v 0.5444190 0.6123000 0.2900000
v 0.5444190 0.6270000 -0.2753000
v 0.5444190 0.6270000 -0.2753000
v 0.5444190 0.6270000 -0.2753000
v 0.5444190 0.6270000 0.2753000
v 0.5444190 0.6270000 0.2753000
v 0.5444190 0.6270000 0.2753000
v 0.5459828 0.0942799 -0.0139200
v 0.5459828 0.0942799 0.0139200
v 0.5459828 0.5897201 -0.0139200
v 0.5459828 0.5897201 0.0139200
v 0.5488190 0.6020000 -0.3253000
v 0.5488190 0.6020000 0.3253000
v 0.5488190 0.6167000 -0.3400000
v 0.5488190 0.6167000 -0.3400000
v 0.5488190 0.6167000 0.3400000
v 0.5488190 0.6167000 0.3400000
v 0.5488190 0.9873000 -0.3400000
v 0.5488190 0.9873000 -0.3400000
v 0.5488190 0.9873000 0.3400000
v 0.5488190 0.9873000 0.3400000
v 0.5488190 1.0020000 -0.3253000
v 0.5488190 1.0020000 0.3253000
v 0.5510228 0.1030094 -0.0240000
v 0.5510228 0.1030094 -0.0240000
v 0.5510228 0.1030094 0.0240000
v 0.5510228 0.1030094 0.0240000
v 0.5510228 0.5809906 -0.0240000
v 0.5510228 0.5809906 -0.0240000
v 0.5510228 0.5809906 0.0240000
v 0.5510228 0.5809906 0.0240000
v 0.5591190 0.5717000 -0.2753000
v 0.5591190 0.5717000 0.2753000
v 0.5591190 0.6123000 -0.2753000
v 0.5591190 0.6123000 0.2753000
v 0.5730043 0.1382899 -0.0600000
v 0.5730043 0.1382899 -0.0600000
v 0.5730043 0.1382899 0.0600000
v 0.5730043 0.1382899 0.0600000
v 0.5730043 0.5457101 -0.0600000
v 0.5730043 0.5457101 -0.0600000
v 0.5730043 0.5457101 0.0600000
v 0.5730043 0.5457101 0.0600000
v 0.5761552 0.0768599 -0.0139200
v 0.5761552 0.0768599 0.0139200
v 0.5761552 0.6071401 -0.0139200
v 0.5761552 0.6071401 0.0139200
v 0.5782413 0.0260332 -0.0650000
v 0.5782413 0.0260332 -0.0650000
v 0.5782413 0.0260332 0.0650000
v 0.5782413 0.0260332 0.0650000
v 0.5782413 0.6579668 -0.0650000
v 0.5782413 0.6579668 -0.0650000
v 0.5782413 0.6579668 0.0650000
v 0.5782413 0.6579668 0.0650000
v 0.5811952 0.0855894 -0.0240000
v 0.5811952 0.0855894 -0.0240000
v 0.5811952 0.0855894 0.0240000
v 0.5811952 0.0855894 0.0240000
v 0.5811952 0.5984106 -0.0240000
v 0.5811952 0.5984106 -0.0240000
v 0.5811952 0.5984106 0.0240000
v 0.5811952 0.5984106 0.0240000
v 0.5828335 0.0371198 -0.0600000
v 0.5828335 0.0371198 -0.0600000
v 0.5828335 0.0371198 0.0600000
v 0.5828335 0.0371198 0.0600000
v 0.5828335 0.6468802 -0.0600000
v 0.5828335 0.6468802 -0.0600000
v 0.5828335 0.6468802 0.0600000
v 0.5828335 0.6468802 0.0600000
v 0.5866603 0.0463585 -0.0650000
v 0.5866603 0.0463585 -0.0650000
v 0.5866603 0.0463585 0.0650000
v 0.5866603 0.0463585 0.0650000
v 0.5866603 0.6376415 -0.0650000
v 0.5866603 0.6376415 -0.0650000
v 0.5866603 0.6376415 0.0650000
v 0.5866603 0.6376415 0.0650000
v 0.5894190 0.6020000 -0.3253000
v 0.5894190 0.6020000 0.3253000
v 0.5894190 0.6167000 -0.3400000
v 0.5894190 0.6167000 -0.3400000
v 0.5894190 0.6167000 0.3400000
v 0.5894190 0.6167000 0.3400000
v 0.5894190 0.9873000 -0.3400000
v 0.5894190 0.9873000 -0.3400000
v 0.5894190 0.9873000 0.3400000
v 0.5894190 0.9873000 0.3400000
v 0.5894190 1.0020000 -0.3253000
v 0.5894190 1.0020000 0.3253000
v 0.5899247 0.0805494 -0.0139200
v 0.5899247 0.0805494 -0.0139200
v 0.5899247 0.0805494 -0.0139200
v 0.5899247 0.0805494 0.0139200
v 0.5899247 0.0805494 0.0139200
v 0.5899247 0.0805494 0.0139200
v 0.5899247 0.6034506 -0.0139200
v 0.5899247 0.6034506 -0.0139200
v 0.5899247 0.6034506 -0.0139200
v 0.5899247 0.6034506 0.0139200
v 0.5899247 0.6034506 0.0139200
v 0.5899247 0.6034506 0.0139200
v 0.6041190 0.3420000 -0.0950000
v 0.6041190 0.3420000 0.0950000
v 0.6041190 0.6167000 -0.3253000
v 0.6041190 0.6167000 -0.3253000
v 0.6041190 0.6167000 0.3253000
v 0.6041190 0.6167000 0.3253000
v 0.6041190 0.6167000 0.3253000
v 0.6041190 0.9873000 -0.3253000
v 0.6041190 0.9873000 -0.3253000
v 0.6041190 0.9873000 -0.3253000
v 0.6041190 0.9873000 0.3253000
v 0.6041190 0.9873000 0.3253000
v 0.6041190 0.9873000 0.3253000
v 0.6092581 0.3095532 -0.0950000
v 0.6092581 0.3095532 0.0950000
v 0.6092581 0.3744468 -0.0950000
v 0.6092581 0.3744468 0.0950000
v 0.6094190 0.6020000 -0.3703000
v 0.6094190 0.6020000 -0.3297000
v 0.6094190 0.6020000 0.3297000
v 0.6094190 0.6020000 0.3703000
v 0.6094190 0.6167000 -0.3850000
v 0.6094190 0.6167000 -0.3850000
v 0.6094190 0.6167000 -0.3150000
v 0.6094190 0.6167000 -0.3150000
v 0.6094190 0.6167000 0.3150000
v 0.6094190 0.6167000 0.3150000
v 0.6094190 0.6167000 0.3850000
v 0.6094190 0.6167000 0.3850000
v 0.6094190 0.9873000 -0.3850000
v 0.6094190 0.9873000 -0.3850000
v 0.6094190 0.9873000 -0.3150000
v 0.6094190 0.9873000 -0.3150000
v 0.6094190 0.9873000 0.3150000
v 0.6094190 0.9873000 0.3150000
v 0.6094190 0.9873000 0.3850000
v 0.6094190 0.9873000 0.3850000
v 0.6094190 1.0020000 -0.3703000
v 0.6094190 1.0020000 -0.3297000
v 0.6094190 1.0020000 0.3297000
v 0.6094190 1.0020000 0.3703000
v 0.6125190 0.3420000 -0.1100000
v 0.6125190 0.3420000 -0.1100000
v 0.6125190 0.3420000 0.1100000
v 0.6125190 0.3420000 0.1100000
v 0.6153616 0.1156495 -0.0600000
v 0.6153616 0.1156495 -0.0600000
v 0.6153616 0.1156495 0.0600000
v 0.6153616 0.1156495 0.0600000
v 0.6153616 0.5683505 -0.0600000
v 0.6153616 0.5683505 -0.0600000
v 0.6153616 0.5683505 0.0600000
v 0.6153616 0.5683505 0.0600000
v 0.6172469 0.3121490 -0.1100000
v 0.6172469 0.3121490 -0.1100000
v 0.6172469 0.3121490 0.1100000
v 0.6172469 0.3121490 0.1100000
v 0.6172469 0.3718510 -0.1100000
v 0.6172469 0.3718510 -0.1100000
v 0.6172469 0.3718510 0.1100000
v 0.6172469 0.3718510 0.1100000
v 0.6241190 0.6167000 -0.3703000
v 0.6241190 0.6167000 -0.3703000
v 0.6241190 0.6167000 -0.3297000
v 0.6241190 0.6167000 -0.3297000
v 0.6241190 0.6167000 -0.3297000
v 0.6241190 0.6167000 0.3297000
v 0.6241190 0.6167000 0.3297000
v 0.6241190 0.6167000 0.3703000
v 0.6241190 0.6167000 0.3703000
v 0.6241190 0.6167000 0.3703000
v 0.6241190 0.9873000 -0.3703000
v 0.6241190 0.9873000 -0.3703000
v 0.6241190 0.9873000 -0.3703000
v 0.6241190 0.9873000 -0.3297000
v 0.6241190 0.9873000 -0.3297000
v 0.6241190 0.9873000 -0.3297000
v 0.6241190 0.9873000 0.3297000
v 0.6241190 0.9873000 0.3297000
v 0.6241190 0.9873000 0.3297000
v 0.6241190 0.9873000 0.3703000
v 0.6241190 0.9873000 0.3703000
v 0.6241190 0.9873000 0.3703000
v 0.6241722 0.2802825 -0.0950000
v 0.6241722 0.2802825 0.0950000
v 0.6241722 0.4037175 -0.0950000
v 0.6241722 0.4037175 0.0950000
v 0.6309680 0.2852199 -0.1100000
v 0.6309680 0.2852199 -0.1100000
v 0.6309680 0.2852199 0.1100000
v 0.6309680 0.2852199 0.1100000
v 0.6309680 0.3987801 -0.1100000
v 0.6309680 0.3987801 -0.1100000
v 0.6309680 0.3987801 0.1100000
v 0.6309680 0.3987801 0.1100000
v 0.6423981 0.0065714 -0.0650000
v 0.6423981 0.0065714 -0.0650000
v 0.6423981 0.0065714 0.0650000
v 0.6423981 0.0065714 0.0650000
v 0.6423981 0.6774286 -0.0650000
v 0.6423981 0.6774286 -0.0650000
v 0.6423981 0.6774286 0.0650000
v 0.6423981 0.6774286 0.0650000
v 0.6447392 0.0183409 -0.0600000
v 0.6447392 0.0183409 -0.0600000
v 0.6447392 0.0183409 0.0600000
v 0.6447392 0.0183409 0.0600000
v 0.6447392 0.6656591 -0.0600000
v 0.6447392 0.6656591 -0.0600000
v 0.6447392 0.6656591 0.0600000
v 0.6447392 0.6656591 0.0600000
v 0.6466901 0.0281487 -0.0650000
v 0.6466901 0.0281487 -0.0650000
v 0.6466901 0.0281487 0.0650000
v 0.6466901 0.0281487 0.0650000
v 0.6466901 0.6558513 -0.0650000
v 0.6466901 0.6558513 -0.0650000
v 0.6466901 0.6558513 0.0650000
v 0.6466901 0.6558513 0.0650000
v 0.6474015 0.2570532 -0.0950000
v 0.6474015 0.2570532 0.0950000
v 0.6474015 0.4269468 -0.0950000
v 0.6474015 0.4269468 0.0950000
v 0.6523389 0.2638490 -0.1100000
v 0.6523389 0.2638490 -0.1100000
v 0.6523389 0.2638490 0.1100000
v 0.6523389 0.2638490 0.1100000
v 0.6523389 0.4201510 -0.1100000
v 0.6523389 0.4201510 -0.1100000
v 0.6523389 0.4201510 0.1100000
v 0.6523389 0.4201510 0.1100000
v 0.6613219 0.1017076 -0.0600000
v 0.6613219 0.1017076 -0.0600000
v 0.6613219 0.1017076 0.0600000
v 0.6613219 0.1017076 0.0600000
v 0.6613219 0.5822924 -0.0600000
v 0.6613219 0.5822924 -0.0600000
v 0.6613219 0.5822924 0.0600000
v 0.6613219 0.5822924 0.0600000
v 0.6766722 0.2421391 -0.0950000
v 0.6766722 0.2421391 0.0950000
v 0.6766722 0.4418609 -0.0950000
v 0.6766722 0.4418609 0.0950000
v 0.6792680 0.2501279 -0.1100000
v 0.6792680 0.2501279 -0.1100000
v 0.6792680 0.2501279 0.1100000
v 0.6792680 0.2501279 0.1100000
v 0.6792680 0.4338721 -0.1100000
v 0.6792680 0.4338721 -0.1100000
v 0.6792680 0.4338721 0.1100000
v 0.6792680 0.4338721 0.1100000
v 0.6851190 0.0559800 -0.0174200
v 0.6851190 0.0559800 -0.0174200
v 0.6851190 0.0559800 0.0174200
v 0.6851190 0.0559800 0.0174200
v 0.6851190 0.6280200 -0.0174200
v 0.6851190 0.6280200 -0.0174200
v 0.6851190 0.6280200 0.0174200
v 0.6851190 0.6280200 0.0174200
v 0.6951990 0.0459000 -0.0174200
v 0.6951990 0.0459000 0.0174200
v 0.6951990 0.0559800 -0.0275000
v 0.6951990 0.0559800 -0.0275000
v 0.6951990 0.0559800 -0.0275000
v 0.6951990 0.0559800 0.0275000
v 0.6951990 0.0559800 0.0275000
v 0.6951990 0.0559800 0.0275000
v 0.6951990 0.6280200 -0.0275000
v 0.6951990 0.6280200 -0.0275000
v 0.6951990 0.6280200 -0.0275000
v 0.6951990 0.6280200 0.0275000
v 0.6951990 0.6280200 0.0275000
v 0.6951990 0.6280200 0.0275000
v 0.6951990 0.6381000 -0.0174200
v 0.6951990 0.6381000 0.0174200
v 0.7091190 0.0000000 -0.0650000
v 0.7091190 0.0000000 -0.0650000
v 0.7091190 0.0000000 0.0650000
v 0.7091190 0.0000000 0.0650000
v 0.7091190 0.0120000 -0.0600000
v 0.7091190 0.0120000 -0.0600000
v 0.7091190 0.0120000 0.0600000
v 0.7091190 0.0120000 0.0600000
v 0.7091190 0.0220000 -0.0650000
v 0.7091190 0.0220000 -0.0650000
v 0.7091190 0.0220000 0.0650000
v 0.7091190 0.0220000 0.0650000
v 0.7091190 0.0970000 -0.0600000
v 0.7091190 0.0970000 -0.0600000
v 0.7091190 0.0970000 0.0600000
v 0.7091190 0.0970000 0.0600000
v 0.7091190 0.2370000 -0.0950000
v 0.7091190 0.2370000 0.0950000
v 0.7091190 0.2454000 -0.1100000
v 0.7091190 0.2454000 -0.1100000
v 0.7091190 0.2454000 0.1100000
v 0.7091190 0.2454000 0.1100000
v 0.7091190 0.3420000 -0.1100000
v 0.7091190 0.3420000 0.1100000
v 0.7091190 0.4386000 -0.1100000
v 0.7091190 0.4386000 -0.1100000
v 0.7091190 0.4386000 0.1100000
v 0.7091190 0.4386000 0.1100000
v 0.7091190 0.4470000 -0.0950000
v 0.7091190 0.4470000 0.0950000
v 0.7091190 0.5870000 -0.0600000
v 0.7091190 0.5870000 -0.0600000
v 0.7091190 0.5870000 0.0600000
v 0.7091190 0.5870000 0.0600000
v 0.7091190 0.6620000 -0.0650000
v 0.7091190 0.6620000 -0.0650000
v 0.7091190 0.6620000 0.0650000
v 0.7091190 0.6620000 0.0650000
v 0.7091190 0.6720000 -0.0600000
v 0.7091190 0.6720000 -0.0600000
v 0.7091190 0.6720000 0.0600000
v 0.7091190 0.6720000 0.0600000
v 0.7091190 0.6840000 -0.0650000
v 0.7091190 0.6840000 -0.0650000
v 0.7091190 0.6840000 0.0650000
v 0.7091190 0.6840000 0.0650000
v 0.7230390 0.0459000 -0.0174200
v 0.7230390 0.0459000 0.0174200
v 0.7230390 0.0559800 -0.0275000
v 0.7230390 0.0559800 -0.0275000
v 0.7230390 0.0559800 -0.0275000
v 0.7230390 0.0559800 0.0275000
v 0.7230390 0.0559800 0.0275000
v 0.7230390 0.0559800 0.0275000
v 0.7230390 0.6280200 -0.0275000
v 0.7230390 0.6280200 -0.0275000
v 0.7230390 0.6280200 -0.0275000
v 0.7230390 0.6280200 0.0275000
v 0.7230390 0.6280200 0.0275000
v 0.7230390 0.6280200 0.0275000
v 0.7230390 0.6381000 -0.0174200
v 0.7230390 0.6381000 0.0174200
v 0.7331190 0.0559800 -0.0174200
v 0.7331190 0.0559800 -0.0174200
v 0.7331190 0.0559800 0.0174200
v 0.7331190 0.0559800 0.0174200
v 0.7331190 0.6280200 -0.0174200
v 0.7331190 0.6280200 -0.0174200
v 0.7331190 0.6280200 0.0174200
v 0.7331190 0.6280200 0.0174200
v 0.7389700 0.2501279 -0.1100000
v 0.7389700 0.2501279 -0.1100000
v 0.7389700 0.2501279 0.1100000
v 0.7389700 0.2501279 0.1100000
v 0.7389700 0.4338721 -0.1100000
v 0.7389700 0.4338721 -0.1100000
v 0.7389700 0.4338721 0.1100000
v 0.7389700 0.4338721 0.1100000
v 0.7415658 0.2421391 -0.0950000
v 0.7415658 0.2421391 0.0950000
v 0.7415658 0.4418609 -0.0950000
v 0.7415658 0.4418609 0.0950000
v 0.7569161 0.1017076 -0.0600000
v 0.7569161 0.1017076 -0.0600000
v 0.7569161 0.1017076 0.0600000
v 0.7569161 0.1017076 0.0600000
v 0.7569161 0.5822924 -0.0600000
v 0.7569161 0.5822924 -0.0600000
v 0.7569161 0.5822924 0.0600000
v 0.7569161 0.5822924 0.0600000
v 0.7658990 0.2638490 -0.1100000
v 0.7658990 0.2638490 -0.1100000
v 0.7658990 0.2638490 0.1100000
v 0.7658990 0.2638490 0.1100000
v 0.7658990 0.4201510 -0.1100000
v 0.7658990 0.4201510 -0.1100000
v 0.7658990 0.4201510 0.1100000
v 0.7658990 0.4201510 0.1100000
v 0.7708364 0.2570532 -0.0950000
v 0.7708364 0.2570532 0.0950000
v 0.7708364 0.4269468 -0.0950000
v 0.7708364 0.4269468 0.0950000
v 0.7715479 0.0281487 -0.0650000
v 0.7715479 0.0281487 -0.0650000
v 0.7715479 0.0281487 0.0650000
v 0.7715479 0.0281487 0.0650000
v 0.7715479 0.6558513 -0.0650000
v 0.7715479 0.6558513 -0.0650000
v 0.7715479 0.6558513 0.0650000
v 0.7715479 0.6558513 0.0650000
v 0.7734988 0.0183409 -0.0600000
v 0.7734988 0.0183409 -0.0600000
v 0.7734988 0.0183409 0.0600000
v 0.7734988 0.0183409 0.0600000
v 0.7734988 0.6656591 -0.0600000
v 0.7734988 0.6656591 -0.0600000
v 0.7734988 0.6656591 0.0600000
v 0.7734988 0.6656591 0.0600000
v 0.7758399 0.0065714 -0.0650000
v 0.7758399 0.0065714 -0.0650000
v 0.7758399 0.0065714 0.0650000
v 0.7758399 0.0065714 0.0650000
v 0.7758399 0.6774286 -0.0650000
v 0.7758399 0.6774286 -0.0650000
v 0.7758399 0.6774286 0.0650000
v 0.7758399 0.6774286 0.0650000
v 0.7872700 0.2852199 -0.1100000
v 0.7872700 0.2852199 -0.1100000
v 0.7872700 0.2852199 0.1100000
v 0.7872700 0.2852199 0.1100000
v 0.7872700 0.3987801 -0.1100000
v 0.7872700 0.3987801 -0.1100000
v 0.7872700 0.3987801 0.1100000
v 0.7872700 0.3987801 0.1100000
v 0.7940658 0.2802825 -0.0950000
v 0.7940658 0.2802825 0.0950000
v 0.7940658 0.4037175 -0.0950000
v 0.7940658 0.4037175 0.0950000
v 0.8009911 0.3121490 -0.1100000
v 0.8009911 0.3121490 -0.1100000
v 0.8009911 0.3121490 0.1100000
v 0.8009911 0.3121490 0.1100000
v 0.8009911 0.3718510 -0.1100000
v 0.8009911 0.3718510 -0.1100000
v 0.8009911 0.3718510 0.1100000
v 0.8009911 0.3718510 0.1100000
v 0.8028764 0.1156495 -0.0600000
v 0.8028764 0.1156495 -0.0600000
v 0.8028764 0.1156495 0.0600000
v 0.8028764 0.1156495 0.0600000
v 0.8028764 0.5683505 -0.0600000
v 0.8028764 0.5683505 -0.0600000
v 0.8028764 0.5683505 0.0600000
v 0.8028764 0.5683505 0.0600000
v 0.8057190 0.3420000 -0.1100000
v 0.8057190 0.3420000 -0.1100000
v 0.8057190 0.3420000 -0.1100000
v 0.8057190 0.3420000 0.1100000
v 0.8057190 0.3420000 0.1100000
v 0.8057190 0.3420000 0.1100000
v 0.8089799 0.3095532 -0.0950000
v 0.8089799 0.3095532 0.0950000
v 0.8089799 0.3744468 -0.0950000
v 0.8089799 0.3744468 0.0950000
v 0.8141190 0.3420000 -0.0950000
v 0.8141190 0.3420000 -0.0950000
v 0.8141190 0.3420000 0.0950000
v 0.8141190 0.3420000 0.0950000
v 0.8283133 0.0805494 -0.0139200
v 0.8283133 0.0805494 -0.0139200
v 0.8283133 0.0805494 -0.0139200
v 0.8283133 0.0805494 0.0139200
v 0.8283133 0.0805494 0.0139200
v 0.8283133 0.0805494 0.0139200
v 0.8283133 0.6034506 -0.0139200
v 0.8283133 0.6034506 -0.0139200
v 0.8283133 0.6034506 -0.0139200
v 0.8283133 0.6034506 0.0139200
v 0.8283133 0.6034506 0.0139200
v 0.8283133 0.6034506 0.0139200
v 0.8315777 0.0463585 -0.0650000
v 0.8315777 0.0463585 -0.0650000
v 0.8315777 0.0463585 0.0650000
v 0.8315777 0.0463585 0.0650000
v 0.8315777 0.6376415 -0.0650000
v 0.8315777 0.6376415 -0.0650000
v 0.8315777 0.6376415 0.0650000
v 0.8315777 0.6376415 0.0650000
v 0.8354045 0.0371198 -0.0600000
v 0.8354045 0.0371198 -0.0600000
v 0.8354045 0.0371198 0.0600000
v 0.8354045 0.0371198 0.0600000
v 0.8354045 0.6468802 -0.0600000
v 0.8354045 0.6468802 -0.0600000
v 0.8354045 0.6468802 0.0600000
v 0.8354045 0.6468802 0.0600000
v 0.8370428 0.0855894 -0.0240000
v 0.8370428 0.0855894 -0.0240000
v 0.8370428 0.0855894 0.0240000
v 0.8370428 0.0855894 0.0240000
v 0.8370428 0.5984106 -0.0240000
v 0.8370428 0.5984106 -0.0240000
v 0.8370428 0.5984106 0.0240000
v 0.8370428 0.5984106 0.0240000
v 0.8399967 0.0260332 -0.0650000
v 0.8399967 0.0260332 -0.0650000
v 0.8399967 0.0260332 0.0650000
v 0.8399967 0.0260332 0.0650000
v 0.8399967 0.6579668 -0.0650000
v 0.8399967 0.6579668 -0.0650000
v 0.8399967 0.6579668 0.0650000
v 0.8399967 0.6579668 0.0650000
v 0.8420828 0.0768599 -0.0139200
v 0.8420828 0.0768599 0.0139200
v 0.8420828 0.6071401 -0.0139200
v 0.8420828 0.6071401 0.0139200
v 0.8452337 0.1382899 -0.0600000
v 0.8452337 0.1382899 -0.0600000
v 0.8452337 0.1382899 0.0600000
v 0.8452337 0.1382899 0.0600000
v 0.8452337 0.5457101 -0.0600000
v 0.8452337 0.5457101 -0.0600000
v 0.8452337 0.5457101 0.0600000
v 0.8452337 0.5457101 0.0600000
v 0.8672152 0.1030094 -0.0240000
v 0.8672152 0.1030094 -0.0240000
v 0.8672152 0.1030094 0.0240000
v 0.8672152 0.1030094 0.0240000
v 0.8672152 0.5809906 -0.0240000
v 0.8672152 0.5809906 -0.0240000
v 0.8672152 0.5809906 0.0240000
v 0.8672152 0.5809906 0.0240000
v 0.8722552 0.0942799 -0.0139200
v 0.8722552 0.0942799 0.0139200
v 0.8722552 0.5897201 -0.0139200
v 0.8722552 0.5897201 0.0139200
v 0.8759447 0.1080494 -0.0139200
v 0.8759447 0.1080494 -0.0139200
v 0.8759447 0.1080494 -0.0139200
v 0.8759447 0.1080494 0.0139200
v 0.8759447 0.1080494 0.0139200
v 0.8759447 0.1080494 0.0139200
v 0.8759447 0.5759506 -0.0139200
v 0.8759447 0.5759506 -0.0139200
v 0.8759447 0.5759506 -0.0139200
v 0.8759447 0.5759506 0.0139200
v 0.8759447 0.5759506 0.0139200
v 0.8759447 0.5759506 0.0139200
v 0.8823602 0.1687588 -0.0600000
v 0.8823602 0.1687588 -0.0600000
v 0.8823602 0.1687588 0.0600000
v 0.8823602 0.1687588 0.0600000
v 0.8823602 0.5152412 -0.0600000
v 0.8823602 0.5152412 -0.0600000
v 0.8823602 0.5152412 0.0600000
v 0.8823602 0.5152412 0.0600000
v 0.8869015 0.0759297 -0.0650000
v 0.8869015 0.0759297 -0.0650000
v 0.8869015 0.0759297 0.0650000
v 0.8869015 0.0759297 0.0650000
v 0.8869015 0.6080703 -0.0650000
v 0.8869015 0.6080703 -0.0650000
v 0.8869015 0.6080703 0.0650000
v 0.8869015 0.6080703 0.0650000
v 0.8924572 0.0676150 -0.0600000
v 0.8924572 0.0676150 -0.0600000
v 0.8924572 0.0676150 0.0600000
v 0.8924572 0.0676150 0.0600000
v 0.8924572 0.6163850 -0.0600000
v 0.8924572 0.6163850 -0.0600000
v 0.8924572 0.6163850 0.0600000
v 0.8924572 0.6163850 0.0600000
v 0.8991240 0.0576374 -0.0650000
v 0.8991240 0.0576374 -0.0650000
v 0.8991240 0.0576374 0.0650000
v 0.8991240 0.0576374 0.0650000
v 0.8991240 0.6263626 -0.0650000
v 0.8991240 0.6263626 -0.0650000
v 0.8991240 0.6263626 0.0650000
v 0.8991240 0.6263626 0.0650000
v 0.9128290 0.2058853 -0.0600000
v 0.9128290 0.2058853 -0.0600000
v 0.9128290 0.2058853 0.0600000
v 0.9128290 0.2058853 0.0600000
v 0.9128290 0.4781147 -0.0600000
v 0.9128290 0.4781147 -0.0600000
v 0.9128290 0.4781147 0.0600000
v 0.9128290 0.4781147 0.0600000
v 0.9353932 0.1157258 -0.0650000
v 0.9353932 0.1157258 -0.0650000
v 0.9353932 0.1157258 0.0650000
v 0.9353932 0.1157258 0.0650000
v 0.9353932 0.5682742 -0.0650000
v 0.9353932 0.5682742 -0.0650000
v 0.9353932 0.5682742 0.0650000
v 0.9353932 0.5682742 0.0650000
v 0.9354695 0.2482426 -0.0600000
v 0.9354695 0.2482426 -0.0600000
v 0.9354695 0.2482426 0.0600000
v 0.9354695 0.2482426 0.0600000
v 0.9354695 0.4357574 -0.0600000
v 0.9354695 0.4357574 -0.0600000
v 0.9354695 0.4357574 0.0600000
v 0.9354695 0.4357574 0.0600000
v 0.9424642 0.1086548 -0.0600000
v 0.9424642 0.1086548 -0.0600000
v 0.9424642 0.1086548 0.0600000
v 0.9424642 0.1086548 0.0600000
v 0.9424642 0.5753452 -0.0600000
v 0.9424642 0.5753452 -0.0600000
v 0.9424642 0.5753452 0.0600000
v 0.9424642 0.5753452 0.0600000
v 0.9430696 0.1751743 -0.0139200
v 0.9430696 0.1751743 -0.0139200
v 0.9430696 0.1751743 -0.0139200
v 0.9430696 0.1751743 0.0139200
v 0.9430696 0.1751743 0.0139200
v 0.9430696 0.1751743 0.0139200
v 0.9430696 0.5088257 -0.0139200
v 0.9430696 0.5088257 -0.0139200
v 0.9430696 0.5088257 -0.0139200
v 0.9430696 0.5088257 0.0139200
v 0.9430696 0.5088257 0.0139200
v 0.9430696 0.5088257 0.0139200
v 0.9481096 0.1839038 -0.0240000
v 0.9481096 0.1839038 -0.0240000
v 0.9481096 0.1839038 0.0240000
v 0.9481096 0.1839038 0.0240000
v 0.9481096 0.5000962 -0.0240000
v 0.9481096 0.5000962 -0.0240000
v 0.9481096 0.5000962 0.0240000
v 0.9481096 0.5000962 0.0240000
v 0.9494114 0.2942029 -0.0600000
v 0.9494114 0.2942029 -0.0600000
v 0.9494114 0.2942029 0.0600000
v 0.9494114 0.2942029 0.0600000
v 0.9494114 0.3897971 -0.0600000
v 0.9494114 0.3897971 -0.0600000
v 0.9494114 0.3897971 0.0600000
v 0.9494114 0.3897971 0.0600000
v 0.9509495 0.1001695 -0.0650000
v 0.9509495 0.1001695 -0.0650000
v 0.9509495 0.1001695 0.0650000
v 0.9509495 0.1001695 0.0650000
v 0.9509495 0.5838305 -0.0650000
v 0.9509495 0.5838305 -0.0650000
v 0.9509495 0.5838305 0.0650000
v 0.9509495 0.5838305 0.0650000
v 0.9541190 0.3420000 -0.0600000
v 0.9541190 0.3420000 -0.0600000
v 0.9541190 0.3420000 -0.0600000
v 0.9541190 0.3420000 0.0600000
v 0.9541190 0.3420000 0.0600000
v 0.9541190 0.3420000 0.0600000
v 0.9568391 0.1788638 -0.0139200
v 0.9568391 0.1788638 0.0139200
v 0.9568391 0.5051362 -0.0139200
v 0.9568391 0.5051362 0.0139200
v 0.9655296 0.2140762 -0.0240000
v 0.9655296 0.2140762 -0.0240000
v 0.9655296 0.2140762 0.0240000
v 0.9655296 0.2140762 0.0240000
v 0.9655296 0.4699238 -0.0240000
v 0.9655296 0.4699238 -0.0240000
v 0.9655296 0.4699238 0.0240000
v 0.9655296 0.4699238 0.0240000
v 0.9705696 0.2228057 -0.0139200
v 0.9705696 0.2228057 -0.0139200
v 0.9705696 0.2228057 -0.0139200
v 0.9705696 0.2228057 0.0139200
v 0.9705696 0.2228057 0.0139200
v 0.9705696 0.2228057 0.0139200
v 0.9705696 0.4611943 -0.0139200
v 0.9705696 0.4611943 -0.0139200
v 0.9705696 0.4611943 -0.0139200
v 0.9705696 0.4611943 0.0139200
v 0.9705696 0.4611943 0.0139200
v 0.9705696 0.4611943 0.0139200
v 0.9742591 0.2090362 -0.0139200
v 0.9742591 0.2090362 0.0139200
v 0.9742591 0.4749638 -0.0139200
v 0.9742591 0.4749638 0.0139200
v 0.9751893 0.1642175 -0.0650000
v 0.9751893 0.1642175 -0.0650000
v 0.9751893 0.1642175 0.0650000
v 0.9751893 0.1642175 0.0650000
v 0.9751893 0.5197825 -0.0650000
v 0.9751893 0.5197825 -0.0650000
v 0.9751893 0.5197825 0.0650000
v 0.9751893 0.5197825 0.0650000
v 0.9835040 0.1586618 -0.0600000
v 0.9835040 0.1586618 -0.0600000
v 0.9835040 0.1586618 0.0600000
v 0.9835040 0.1586618 0.0600000
v 0.9835040 0.5253382 -0.0600000
v 0.9835040 0.5253382 -0.0600000
v 0.9835040 0.5253382 0.0600000
v 0.9835040 0.5253382 0.0600000
v 0.9934816 0.1519950 -0.0650000
v 0.9934816 0.1519950 -0.0650000
v 0.9934816 0.1519950 0.0650000
v 0.9934816 0.1519950 0.0650000
v 0.9934816 0.5320050 -0.0650000
v 0.9934816 0.5320050 -0.0650000
v 0.9934816 0.5320050 0.0650000
v 0.9934816 0.5320050 0.0650000
v 0.9951390 0.3145000 -0.0139200
v 0.9951390 0.3145000 -0.0139200
v 0.9951390 0.3145000 -0.0139200
v 0.9951390 0.3145000 0.0139200
v 0.9951390 0.3145000 0.0139200
v 0.9951390 0.3145000 0.0139200
v 0.9951390 0.3245800 -0.0240000
v 0.9951390 0.3245800 -0.0240000
v 0.9951390 0.3245800 0.0240000
v 0.9951390 0.3245800 0.0240000
v 0.9951390 0.3594200 -0.0240000
v 0.9951390 0.3594200 -0.0240000
v 0.9951390 0.3594200 0.0240000
v 0.9951390 0.3594200 0.0240000
v 0.9951390 0.3695000 -0.0139200
v 0.9951390 0.3695000 -0.0139200
v 0.9951390 0.3695000 -0.0139200
v 0.9951390 0.3695000 0.0139200
v 0.9951390 0.3695000 0.0139200
v 0.9951390 0.3695000 0.0139200
v 1.0047604 0.2195413 -0.0650000
v 1.0047604 0.2195413 -0.0650000
v 1.0047604 0.2195413 0.0650000
v 1.0047604 0.2195413 0.0650000
v 1.0047604 0.4644587 -0.0650000
v 1.0047604 0.4644587 -0.0650000
v 1.0047604 0.4644587 0.0650000
v 1.0047604 0.4644587 0.0650000
v 1.0052190 0.3245800 -0.0139200
v 1.0052190 0.3245800 0.0139200
v 1.0052190 0.3594200 -0.0139200
v 1.0052190 0.3594200 0.0139200
v 1.0139992 0.2157145 -0.0600000
v 1.0139992 0.2157145 -0.0600000
v 1.0139992 0.2157145 0.0600000
v 1.0139992 0.2157145 0.0600000
v 1.0139992 0.4682855 -0.0600000
v 1.0139992 0.4682855 -0.0600000
v 1.0139992 0.4682855 0.0600000
v 1.0139992 0.4682855 0.0600000
v 1.0229703 0.2795711 -0.0650000
v 1.0229703 0.2795711 -0.0650000
v 1.0229703 0.2795711 0.0650000
v 1.0229703 0.2795711 0.0650000
v 1.0229703 0.4044289 -0.0650000
v 1.0229703 0.4044289 -0.0650000
v 1.0229703 0.4044289 0.0650000
v 1.0229703 0.4044289 0.0650000
v 1.0250858 0.2111223 -0.0650000
v 1.0250858 0.2111223 -0.0650000
v 1.0250858 0.2111223 0.0650000
v 1.0250858 0.2111223 0.0650000
v 1.0250858 0.4728777 -0.0650000
v 1.0250858 0.4728777 -0.0650000
v 1.0250858 0.4728777 0.0650000
v 1.0250858 0.4728777 0.0650000
v 1.0291190 0.3420000 -0.0650000
v 1.0291190 0.3420000 -0.0650000
v 1.0291190 0.3420000 -0.0650000
v 1.0291190 0.3420000 0.0650000
v 1.0291190 0.3420000 0.0650000
v 1.0291190 0.3420000 0.0650000
v 1.0327781 0.2776202 -0.0600000
v 1.0327781 0.2776202 -0.0600000
v 1.0327781 0.2776202 0.0600000
v 1.0327781 0.2776202 0.0600000
v 1.0327781 0.4063798 -0.0600000
v 1.0327781 0.4063798 -0.0600000
v 1.0327781 0.4063798 0.0600000
v 1.0327781 0.4063798 0.0600000
v 1.0391190 0.3420000 -0.0600000
v 1.0391190 0.3420000 -0.0600000
v 1.0391190 0.3420000 -0.0600000
v 1.0391190 0.3420000 0.0600000
v 1.0391190 0.3420000 0.0600000
v 1.0391190 0.3420000 0.0600000
v 1.0445476 0.2752791 -0.0650000
v 1.0445476 0.2752791 -0.0650000
v 1.0445476 0.2752791 0.0650000
v 1.0445476 0.2752791 0.0650000
v 1.0445476 0.4087209 -0.0650000
v 1.0445476 0.4087209 -0.0650000
v 1.0445476 0.4087209 0.0650000
v 1.0445476 0.4087209 0.0650000
v 1.0511190 0.3420000 -0.0650000
v 1.0511190 0.3420000 -0.0650000
v 1.0511190 0.3420000 -0.0650000
v 1.0511190 0.3420000 0.0650000
v 1.0511190 0.3420000 0.0650000
v 1.0511190 0.3420000 0.0650000
vt 0.1486968 0.1444413
vt 0.1486968 0.5873276
vt 0.1558397 0.5873276
vt 0.0865540 0.1444413
vt 0.0865540 0.5873276
vt 0.1558397 0.5873276
vt 0.1739125 0.1068561
vt 0.1739125 0.5497423
vt 0.1810553 0.5497423
vt 0.1117696 0.1068561
vt 0.1117696 0.5497423
vt 0.1810553 0.5497423
vt 0.0865540 0.5873276
vt 0.1486968 0.1301766
vt 0.1486968 0.5873276
vt 0.0865540 0.1301766
vt 0.0865540 0.5873276
vt 0.1117696 0.5497423
vt 0.1739125 0.0925914
vt 0.1739125 0.5497423
vt 0.1117696 0.0925914
vt 0.1117696 0.5497423
vt 0.1486968 0.5826952
vt 0.0865540 0.5826952
vt 0.1739125 0.5451100
vt 0.1117696 0.5451100
vt 0.1558397 0.5826952
vt 0.1711968 0.5826952
vt 0.0640540 0.5826952
vt 0.1558397 0.5826952
vt 0.1810553 0.5451100
vt 0.1964125 0.5451100
vt 0.0892696 0.5451100
vt 0.1810553 0.5451100
vt 0.0865540 0.5826952
vt 0.1711968 0.5826952
vt 0.0640540 0.5826952
vt 0.0865540 0.5826952
vt 0.1117696 0.5451100
vt 0.1964125 0.5451100
vt 0.0892696 0.5451100
vt 0.1117696 0.5451100
vt 0.1486968 0.5826952
vt 0.0865540 0.5826952
vt 0.1739125 0.5451100
vt 0.1117696 0.5451100
vt 0.0802666 0.0644360
vt 0.0802666 0.0687596
vt 0.0802666 0.0644360
vt 0.1382666 0.0644360
vt 0.1382666 0.0687596
vt 0.1279901 0.1110187
vt 0.1279901 0.1153422
vt 0.1279901 0.1110187
vt 0.1859901 0.1110187
vt 0.1859901 0.1153422
vt 0.0802666 0.0644360
vt 0.0802666 0.1777596
vt 0.6096951 0.0644360
vt 0.1382666 0.0644360
vt 0.1382666 0.1777596
vt 0.6096951 0.0644360
vt 0.1279901 0.1110187
vt 0.1279901 0.2243422
vt 0.6574186 0.1110187
vt 0.1859901 0.1110187
vt 0.1859901 0.2243422
vt 0.6574186 0.1110187
vt 0.0802666 0.0687596
vt 0.1382666 0.0687596
vt 0.1279901 0.1153422
vt 0.1859901 0.1153422
vt 0.0592666 0.0687596
vt 0.0802666 0.0687596
vt 0.0802666 0.0687596
vt 0.1592666 0.0687596
vt 0.1069901 0.1153422
vt 0.1279901 0.1153422
vt 0.1279901 0.1153422
vt 0.2069901 0.1153422
vt 0.0592666 0.0687596
vt 0.6096951 0.0687596
vt 0.1592666 0.0687596
vt 0.6096951 0.0687596
vt 0.1069901 0.1153422
vt 0.6574186 0.1153422
vt 0.2069901 0.1153422
vt 0.6574186 0.1153422
vt 0.0802666 0.0687596
vt 0.1382666 0.0687596
vt 0.1279901 0.1153422
vt 0.1859901 0.1153422
vt 0.1466959 0.1261699
vt 0.1466959 0.2881110
vt 0.2046959 0.1261699
vt 0.2046959 0.2881110
vt 0.1256959 0.1261699
vt 0.1466959 0.1261699
vt 0.1256959 0.1261699
vt 0.1256959 0.2881110
vt 0.9332673 0.1261699
vt 0.1466959 0.1218463
vt 0.1466959 0.1261699
vt 0.1466959 0.1261699
vt 0.1466959 0.2924346
vt 0.2046959 0.1218463
vt 0.2046959 0.1261699
vt 0.2046959 0.1261699
vt 0.2046959 0.2924346
vt 0.1466959 0.1261699
vt 0.2256959 0.1261699
vt 0.2256959 0.1261699
vt 0.2256959 0.2881110
vt 0.9332673 0.1261699
vt 0.0811002 0.2572689
vt 0.1431717 0.2572689
vt 0.1338145 0.2572689
vt 0.1431717 0.2572689
vt 0.1045183 0.2079487
vt 0.1665898 0.2079487
vt 0.1572326 0.2079487
vt 0.1665898 0.2079487
vt 0.0811002 0.2606659
vt 0.1266717 0.0865656
vt 0.1266717 0.2606659
vt 0.1266717 0.0974185
vt 0.1266717 0.2606659
vt 0.1338145 0.2606659
vt 0.1045183 0.2113457
vt 0.1500898 0.0372453
vt 0.1500898 0.2113457
vt 0.1500898 0.0480983
vt 0.1500898 0.2113457
vt 0.1572326 0.2113457
vt 0.1266717 0.2572689
vt 0.1266717 0.2572689
vt 0.1500898 0.2079487
vt 0.1500898 0.2079487
vt 0.0811002 0.0865656
vt 0.0811002 0.2606659
vt 0.0811002 0.0974185
vt 0.0811002 0.2606659
vt 0.1338145 0.2606659
vt 0.1045183 0.0372453
vt 0.1045183 0.2113457
vt 0.1045183 0.0480983
vt 0.1045183 0.2113457
vt 0.1572326 0.2113457
vt 0.0811002 0.2572689
vt 0.0811002 0.2572689
vt 0.1045183 0.2079487
vt 0.1045183 0.2079487
vt 0.0646002 0.2572689
vt 0.0811002 0.2572689
vt 0.0646002 0.2572689
vt 0.1338145 0.2572689
vt 0.0880183 0.2079487
vt 0.1045183 0.2079487
vt 0.0880183 0.2079487
vt 0.1572326 0.2079487
vt 0.0811002 0.0865656
vt 0.1431717 0.0865656
vt 0.1338145 0.0865656
vt 0.1431717 0.0865656
vt 0.1045183 0.0372453
vt 0.1665898 0.0372453
vt 0.1572326 0.0372453
vt 0.1665898 0.0372453
vt 0.1266717 0.0865656
vt 0.1266717 0.0865656
vt 0.1500898 0.0372453
vt 0.1500898 0.0372453
vt 0.0811002 0.0831685
vt 0.1266717 0.0831685
vt 0.1266717 0.0865656
vt 0.1266717 0.0831685
vt 0.1266717 0.0974185
vt 0.1338145 0.0831685
vt 0.1045183 0.0338483
vt 0.1500898 0.0338483
vt 0.1500898 0.0372453
vt 0.1500898 0.0338483
vt 0.1500898 0.0480983
vt 0.1572326 0.0338483
vt 0.0811002 0.0865656
vt 0.0811002 0.0865656
vt 0.1045183 0.0372453
vt 0.1045183 0.0372453
vt 0.0811002 0.0831685
vt 0.0811002 0.0865656
vt 0.0811002 0.0831685
vt 0.0811002 0.0974185
vt 0.1338145 0.0831685
vt 0.1045183 0.0338483
vt 0.1045183 0.0372453
vt 0.1045183 0.0338483
vt 0.1045183 0.0480983
vt 0.1572326 0.0338483
vt 0.0646002 0.0865656
vt 0.0811002 0.0865656
vt 0.0646002 0.0865656
vt 0.1338145 0.0865656
vt 0.0880183 0.0372453
vt 0.1045183 0.0372453
vt 0.0880183 0.0372453
vt 0.1572326 0.0372453
vt 0.5000000 -0.0406250
vt 0.0000000 0.5000000
vt 0.5000000 0.0406250
vt 0.0000000 0.5000000
vt 0.4687500 -0.0406250
vt 0.0096074 0.5975452
vt 0.4687500 0.0406250
vt 0.0096074 0.5975452
vt 0.5312500 -0.0406250
vt 0.0096074 0.4024548
vt 0.5312500 0.0406250
vt 0.0096074 0.4024548
vt 0.5000000 -0.0375000
vt 0.0000000 0.5000000
vt 0.5000000 0.0375000
vt 0.0000000 0.5000000
vt 0.4687500 -0.0375000
vt 0.0096074 0.5975452
vt 0.4687500 0.0375000
vt 0.0096074 0.5975452
vt 0.5312500 -0.0375000
vt 0.0096074 0.4024548
vt 0.5312500 0.0375000
vt 0.0096074 0.4024548
vt 0.0321637 0.5000000
vt 0.5000000 -0.0406250
vt 0.0321637 0.5000000
vt 0.5000000 0.0406250
vt 0.4375000 -0.0406250
vt 0.0380602 0.6913417
vt 0.4375000 0.0406250
vt 0.0380602 0.6913417
vt 0.5625000 -0.0406250
vt 0.0380602 0.3086583
vt 0.5625000 0.0406250
vt 0.0380602 0.3086583
vt 0.0411531 0.5912703
vt 0.4687500 -0.0406250
vt 0.0411531 0.5912703
vt 0.4687500 0.0406250
vt 0.0411531 0.4087297
vt 0.5312500 -0.0406250
vt 0.0411531 0.4087297
vt 0.5312500 0.0406250
vt 0.4375000 -0.0375000
vt 0.0380602 0.6913417
vt 0.4375000 0.0375000
vt 0.0380602 0.6913417
vt 0.5625000 -0.0375000
vt 0.0380602 0.3086583
vt 0.5625000 0.0375000
vt 0.0380602 0.3086583
vt 0.1033495 0.1117612
vt 0.0635781 0.1117612
vt 0.1033495 0.1220082
vt 0.0635781 0.1220082
vt 0.0677757 0.6790332
vt 0.4375000 -0.0406250
vt 0.0677757 0.6790332
vt 0.4375000 0.0406250
vt 0.0677757 0.3209668
vt 0.5625000 -0.0406250
vt 0.0677757 0.3209668
vt 0.5625000 0.0406250
vt 0.0491781 0.2800082
vt 0.1033495 0.1087965
vt 0.1033495 0.2800082
vt 0.0491781 0.2800082
vt 0.0635781 0.1087965
vt 0.0635781 0.2800082
vt 0.0635781 0.2800082
vt 0.1177495 0.1117612
vt 0.0491781 0.1117612
vt 0.0635781 0.2800082
vt 0.1133495 0.2800082
vt 0.1177495 0.1220082
vt 0.0491781 0.1220082
vt 0.1133495 0.2800082
vt 0.1033495 0.1249729
vt 0.1033495 0.2800082
vt 0.1277495 0.2800082
vt 0.0635781 0.1249729
vt 0.0635781 0.2800082
vt 0.1277495 0.2800082
vt 0.4062500 -0.0406250
vt 0.0842652 0.7777851
vt 0.4062500 0.0406250
vt 0.0842652 0.7777851
vt 0.5937500 -0.0406250
vt 0.0842652 0.2222149
vt 0.5937500 0.0406250
vt 0.0842652 0.2222149
vt 0.4062500 -0.0375000
vt 0.0842652 0.7777851
vt 0.4062500 0.0375000
vt 0.0842652 0.7777851
vt 0.5937500 -0.0375000
vt 0.0842652 0.2222149
vt 0.5937500 0.0375000
vt 0.0842652 0.2222149
vt 0.1110084 0.7599159
vt 0.4062500 -0.0406250
vt 0.1110084 0.7599159
vt 0.4062500 0.0406250
vt 0.1110084 0.2400841
vt 0.5937500 -0.0406250
vt 0.1110084 0.2400841
vt 0.5937500 0.0406250
vt 0.0789262 0.1372557
vt 0.0391548 0.1372557
vt 0.1285268 0.0268970
vt 0.1682982 0.0268970
vt 0.0789262 0.1402204
vt 0.0789262 0.2952557
vt 0.1033262 0.2952557
vt 0.0391548 0.1402204
vt 0.0391548 0.2952557
vt 0.1033262 0.2952557
vt 0.1141268 0.0268970
vt 0.1285268 0.0239323
vt 0.1285268 0.0268970
vt 0.1141268 0.0268970
vt 0.1682982 0.0239323
vt 0.1682982 0.0268970
vt 0.0889262 0.2952557
vt 0.0933262 0.1372557
vt 0.0247548 0.1372557
vt 0.0889262 0.2952557
vt 0.1141268 0.0268970
vt 0.1285268 0.0268970
vt 0.1285268 0.0268970
vt 0.1826982 0.0268970
vt 0.0789262 0.1270087
vt 0.0391548 0.1270087
vt 0.1285268 0.0371441
vt 0.1682982 0.0371441
vt 0.1287879 0.5000000
vt 0.5000000 -0.0375000
vt 0.1287879 0.5000000
vt 0.5000000 0.0375000
vt 0.3750000 -0.0406250
vt 0.1464466 0.8535534
vt 0.3750000 0.0406250
vt 0.1464466 0.8535534
vt 0.6250000 -0.0406250
vt 0.1464466 0.1464466
vt 0.6250000 0.0406250
vt 0.1464466 0.1464466
vt 0.1359206 0.5724199
vt 0.4687500 -0.0375000
vt 0.1359206 0.5724199
vt 0.4687500 0.0375000
vt 0.1359206 0.4275801
vt 0.5312500 -0.0375000
vt 0.1359206 0.4275801
vt 0.5312500 0.0375000
vt 0.0391548 0.2952557
vt 0.0933262 0.1270087
vt 0.0247548 0.1270087
vt 0.0391548 0.2952557
vt 0.1141268 0.0371441
vt 0.1782982 0.0268970
vt 0.1782982 0.0268970
vt 0.1826982 0.0371441
vt 0.0247548 0.2952557
vt 0.0789262 0.1240440
vt 0.0789262 0.2952557
vt 0.0247548 0.2952557
vt 0.0391548 0.1240440
vt 0.0391548 0.2952557
vt 0.1285268 0.0268970
vt 0.1285268 0.0401088
vt 0.1926982 0.0268970
vt 0.1682982 0.0268970
vt 0.1682982 0.0401088
vt 0.1926982 0.0268970
vt 0.3750000 -0.0375000
vt 0.1464466 0.8535534
vt 0.3750000 0.0375000
vt 0.1464466 0.8535534
vt 0.6250000 -0.0375000
vt 0.1464466 0.1464466
vt 0.6250000 0.0375000
vt 0.1464466 0.1464466
vt 0.1570447 0.6420567
vt 0.4375000 -0.0375000
vt 0.1570447 0.6420567
vt 0.4375000 0.0375000
vt 0.1570447 0.3579433
vt 0.5625000 -0.0375000
vt 0.1570447 0.3579433
vt 0.5625000 0.0375000
vt 0.1691898 0.8308102
vt 0.3750000 -0.0406250
vt 0.1691898 0.8308102
vt 0.3750000 0.0406250
vt 0.1691898 0.1691898
vt 0.6250000 -0.0406250
vt 0.1691898 0.1691898
vt 0.6250000 0.0406250
vt 0.1486968 0.1301766
vt 0.0865540 0.1301766
vt 0.1739125 0.0925914
vt 0.1117696 0.0925914
vt 0.1558397 0.1301766
vt 0.1711968 0.1301766
vt 0.0640540 0.1301766
vt 0.1558397 0.1301766
vt 0.1810553 0.0925914
vt 0.1964125 0.0925914
vt 0.0892696 0.0925914
vt 0.1810553 0.0925914
vt 0.0865540 0.1301766
vt 0.1711968 0.1301766
vt 0.0640540 0.1301766
vt 0.0865540 0.1301766
vt 0.1117696 0.0925914
vt 0.1964125 0.0925914
vt 0.0892696 0.0925914
vt 0.1117696 0.0925914
vt 0.1486968 0.1301766
vt 0.0865540 0.1301766
vt 0.1739125 0.0925914
vt 0.1117696 0.0925914
vt 0.1913484 0.7062344
vt 0.4062500 -0.0375000
vt 0.1913484 0.7062344
vt 0.4062500 0.0375000
vt 0.1913484 0.2937656
vt 0.5937500 -0.0375000
vt 0.1913484 0.2937656
vt 0.5937500 0.0375000
vt 0.1486968 0.1255443
vt 0.1486968 0.1444413
vt 0.1558397 0.1255443
vt 0.0865540 0.1255443
vt 0.0865540 0.1444413
vt 0.1558397 0.1255443
vt 0.1739125 0.0879591
vt 0.1739125 0.1068561
vt 0.1810553 0.0879591
vt 0.1117696 0.0879591
vt 0.1117696 0.1068561
vt 0.1810553 0.0879591
vt 0.3437500 -0.0406250
vt 0.2222149 0.9157348
vt 0.3437500 0.0406250
vt 0.2222149 0.9157348
vt 0.6562500 -0.0406250
vt 0.2222149 0.0842652
vt 0.6562500 0.0406250
vt 0.2222149 0.0842652
vt 0.0865540 0.1255443
vt 0.1486968 0.1255443
vt 0.1486968 0.1301766
vt 0.0865540 0.1255443
vt 0.0865540 0.1301766
vt 0.1117696 0.0879591
vt 0.1739125 0.0879591
vt 0.1739125 0.0925914
vt 0.1117696 0.0879591
vt 0.1117696 0.0925914
vt 0.3437500 -0.0375000
vt 0.2222149 0.9157348
vt 0.3437500 0.0375000
vt 0.2222149 0.9157348
vt 0.6562500 -0.0375000
vt 0.2222149 0.0842652
vt 0.6562500 0.0375000
vt 0.2222149 0.0842652
vt 0.2400841 0.8889916
vt 0.3437500 -0.0406250
vt 0.2400841 0.8889916
vt 0.3437500 0.0406250
vt 0.2400841 0.1110084
vt 0.6562500 -0.0406250
vt 0.2400841 0.1110084
vt 0.6562500 0.0406250
vt 0.0693496 0.1019953
vt 0.0903496 0.1019953
vt 0.0693496 0.1019953
vt 0.0693496 0.2933482
vt 0.0903496 0.2933482
vt 0.0693496 0.1019953
vt 0.0693496 0.2109953
vt 0.6197782 0.1019953
vt 0.0693496 0.2109953
vt 0.0693496 0.2933482
vt 0.6197782 0.2933482
vt 0.2375134 0.7624866
vt 0.3750000 -0.0375000
vt 0.2375134 0.7624866
vt 0.3750000 0.0375000
vt 0.2375134 0.2375134
vt 0.6250000 -0.0375000
vt 0.2375134 0.2375134
vt 0.6250000 0.0375000
vt 0.0806678 0.0602677
vt 0.0806678 0.2153030
vt 0.1050678 0.2153030
vt 0.0408964 0.0602677
vt 0.0408964 0.2153030
vt 0.1050678 0.2153030
vt 0.0217840 0.1276306
vt 0.0361840 0.1246659
vt 0.0361840 0.1276306
vt 0.0217840 0.1276306
vt 0.0759555 0.1246659
vt 0.0759555 0.1276306
vt 0.1256959 0.1261699
vt 0.1256959 0.4116404
vt 0.1466959 0.4116404
vt 0.1256959 0.2881110
vt 0.1256959 0.4116404
vt 0.9332673 0.4116404
vt 0.1466959 0.1218463
vt 0.1466959 0.4116404
vt 0.1466959 0.2924346
vt 0.1466959 0.4116404
vt 0.2046959 0.1218463
vt 0.2046959 0.4116404
vt 0.2046959 0.2924346
vt 0.2046959 0.4116404
vt 0.1466959 0.4116404
vt 0.2256959 0.1261699
vt 0.2256959 0.4116404
vt 0.2256959 0.2881110
vt 0.2256959 0.4116404
vt 0.9332673 0.4116404
vt 0.0806678 0.0573030
vt 0.0408964 0.0573030
vt 0.0361840 0.1276306
vt 0.0759555 0.1276306
vt 0.0903496 0.1019953
vt 0.0903496 0.2933482
vt 0.0903496 0.0976717
vt 0.0903496 0.1019953
vt 0.0903496 0.1019953
vt 0.0903496 0.2976717
vt 0.0903496 0.0976717
vt 0.0903496 0.2109953
vt 0.0903496 0.2109953
vt 0.0903496 0.2976717
vt 0.0903496 0.1019953
vt 0.0903496 0.2933482
vt 0.0906678 0.2153030
vt 0.0950678 0.0573030
vt 0.0264964 0.0573030
vt 0.0906678 0.2153030
vt 0.0217840 0.1276306
vt 0.0361840 0.1276306
vt 0.0361840 0.1276306
vt 0.0903555 0.1276306
vt 0.1466959 0.1261699
vt 0.1466959 0.2881110
vt 0.2046959 0.1261699
vt 0.2046959 0.2881110
vt 0.2937656 0.8086516
vt 0.3437500 -0.0375000
vt 0.2937656 0.8086516
vt 0.3437500 0.0375000
vt 0.2937656 0.1913484
vt 0.6562500 -0.0375000
vt 0.2937656 0.1913484
vt 0.6562500 0.0375000
vt 0.0806678 0.0470559
vt 0.0408964 0.0470559
vt 0.0361840 0.1378777
vt 0.0759555 0.1378777
vt 0.3125000 -0.0406250
vt 0.3086583 0.9619398
vt 0.3125000 0.0406250
vt 0.3086583 0.9619398
vt 0.6875000 -0.0406250
vt 0.3086583 0.0380602
vt 0.6875000 0.0406250
vt 0.3086583 0.0380602
vt 0.0408964 0.2153030
vt 0.0950678 0.0470559
vt 0.0264964 0.0470559
vt 0.0408964 0.2153030
vt 0.0217840 0.1378777
vt 0.0859555 0.1276306
vt 0.0859555 0.1276306
vt 0.0903555 0.1378777
vt 0.3125000 -0.0375000
vt 0.3086583 0.9619398
vt 0.3125000 0.0375000
vt 0.3086583 0.9619398
vt 0.6875000 -0.0375000
vt 0.3086583 0.0380602
vt 0.6875000 0.0375000
vt 0.3086583 0.0380602
vt 0.3209668 0.9322243
vt 0.3125000 -0.0406250
vt 0.3209668 0.9322243
vt 0.3125000 0.0406250
vt 0.3209668 0.0677757
vt 0.6875000 -0.0406250
vt 0.3209668 0.0677757
vt 0.6875000 0.0406250
vt 0.1483496 0.1019953
vt 0.1483496 0.2933482
vt 0.1483496 0.0976717
vt 0.1483496 0.1019953
vt 0.1483496 0.1019953
vt 0.1483496 0.2976717
vt 0.1483496 0.0976717
vt 0.1483496 0.2109953
vt 0.1483496 0.2109953
vt 0.1483496 0.2976717
vt 0.1483496 0.1019953
vt 0.1483496 0.2933482
vt 0.0264964 0.2153030
vt 0.0806678 0.0440912
vt 0.0806678 0.2153030
vt 0.0264964 0.2153030
vt 0.0408964 0.0440912
vt 0.0408964 0.2153030
vt 0.0361840 0.1276306
vt 0.0361840 0.1408424
vt 0.1003555 0.1276306
vt 0.0759555 0.1276306
vt 0.0759555 0.1408424
vt 0.1003555 0.1276306
vt 0.5000000 -0.0593750
vt 0.5000000 0.0593750
vt 0.0903496 0.1019953
vt 0.1693496 0.1019953
vt 0.0903496 0.2933482
vt 0.1693496 0.1019953
vt 0.1693496 0.2933482
vt 0.1693496 0.1019953
vt 0.1693496 0.2109953
vt 0.6197782 0.1019953
vt 0.1693496 0.2109953
vt 0.1693496 0.2933482
vt 0.6197782 0.2933482
vt 0.4500000 -0.0593750
vt 0.4500000 0.0593750
vt 0.5500000 -0.0593750
vt 0.5500000 0.0593750
vt 0.0802666 0.3924654
vt 0.1382666 0.3924654
vt 0.1279901 0.4390481
vt 0.1859901 0.4390481
vt 0.0592666 0.3924654
vt 0.0802666 0.3924654
vt 0.0802666 0.3924654
vt 0.1592666 0.3924654
vt 0.1069901 0.4390481
vt 0.1279901 0.4390481
vt 0.1279901 0.4390481
vt 0.2069901 0.4390481
vt 0.0592666 0.3924654
vt 0.6096951 0.3924654
vt 0.1592666 0.3924654
vt 0.6096951 0.3924654
vt 0.1069901 0.4390481
vt 0.6574186 0.4390481
vt 0.2069901 0.4390481
vt 0.6574186 0.4390481
vt 0.0802666 0.3924654
vt 0.1382666 0.3924654
vt 0.1279901 0.4390481
vt 0.1859901 0.4390481
vt 0.5000000 -0.0687500
vt 0.0400000 0.5000000
vt 0.5000000 0.0687500
vt 0.0400000 0.5000000
vt 0.3579433 0.8429553
vt 0.3125000 -0.0375000
vt 0.3579433 0.8429553
vt 0.3125000 0.0375000
vt 0.3579433 0.1570447
vt 0.6875000 -0.0375000
vt 0.3579433 0.1570447
vt 0.6875000 0.0375000
vt 0.4500000 -0.0687500
vt 0.0625140 0.6421478
vt 0.4500000 0.0687500
vt 0.0625140 0.6421478
vt 0.5500000 -0.0687500
vt 0.0625140 0.3578522
vt 0.5500000 0.0687500
vt 0.0625140 0.3578522
vt 0.0802666 0.0687596
vt 0.0802666 0.3967890
vt 0.0802666 0.3967890
vt 0.1382666 0.0687596
vt 0.1382666 0.3967890
vt 0.1279901 0.1153422
vt 0.1279901 0.4433716
vt 0.1279901 0.4433716
vt 0.1859901 0.1153422
vt 0.1859901 0.4433716
vt 0.0802666 0.1777596
vt 0.0802666 0.3967890
vt 0.6096951 0.3967890
vt 0.1382666 0.1777596
vt 0.1382666 0.3967890
vt 0.6096951 0.3967890
vt 0.1279901 0.2243422
vt 0.1279901 0.4433716
vt 0.6574186 0.4433716
vt 0.1859901 0.2243422
vt 0.1859901 0.4433716
vt 0.6574186 0.4433716
vt 0.4000000 -0.0593750
vt 0.4000000 0.0593750
vt 0.6000000 -0.0593750
vt 0.6000000 0.0593750
vt 0.4000000 -0.0687500
vt 0.1278522 0.7703812
vt 0.4000000 0.0687500
vt 0.1278522 0.7703812
vt 0.6000000 -0.0687500
vt 0.1278522 0.2296188
vt 0.6000000 0.0687500
vt 0.1278522 0.2296188
vt 0.2812500 -0.0406250
vt 0.4024548 0.9903926
vt 0.2812500 0.0406250
vt 0.4024548 0.9903926
vt 0.7187500 -0.0406250
vt 0.4024548 0.0096074
vt 0.7187500 0.0406250
vt 0.4024548 0.0096074
vt 0.2812500 -0.0375000
vt 0.4024548 0.9903926
vt 0.2812500 0.0375000
vt 0.4024548 0.9903926
vt 0.7187500 -0.0375000
vt 0.4024548 0.0096074
vt 0.7187500 0.0375000
vt 0.4024548 0.0096074
vt 0.4087297 0.9588469
vt 0.2812500 -0.0406250
vt 0.4087297 0.9588469
vt 0.2812500 0.0406250
vt 0.4087297 0.0411531
vt 0.7187500 -0.0406250
vt 0.4087297 0.0411531
vt 0.7187500 0.0406250
vt 0.3500000 -0.0593750
vt 0.3500000 0.0593750
vt 0.6500000 -0.0593750
vt 0.6500000 0.0593750
vt 0.3500000 -0.0687500
vt 0.2296188 0.8721478
vt 0.3500000 0.0687500
vt 0.2296188 0.8721478
vt 0.6500000 -0.0687500
vt 0.2296188 0.1278522
vt 0.6500000 0.0687500
vt 0.2296188 0.1278522
vt 0.4275801 0.8640794
vt 0.2812500 -0.0375000
vt 0.4275801 0.8640794
vt 0.2812500 0.0375000
vt 0.4275801 0.1359206
vt 0.7187500 -0.0375000
vt 0.4275801 0.1359206
vt 0.7187500 0.0375000
vt 0.3000000 -0.0593750
vt 0.3000000 0.0593750
vt 0.7000000 -0.0593750
vt 0.7000000 0.0593750
vt 0.3000000 -0.0687500
vt 0.3578522 0.9374860
vt 0.3000000 0.0687500
vt 0.3578522 0.9374860
vt 0.7000000 -0.0687500
vt 0.3578522 0.0625140
vt 0.7000000 0.0687500
vt 0.3578522 0.0625140
vt 0.1419714 0.2995485
vt 0.1961428 0.1313015
vt 0.1917428 0.2995485
vt 0.1961428 0.1415485
vt 0.1419714 0.1313015
vt 0.1961428 0.1313015
vt 0.1917428 0.1313015
vt 0.1961428 0.1415485
vt 0.1817428 0.1313015
vt 0.1817428 0.1415485
vt 0.1275714 0.2995485
vt 0.1817428 0.1283368
vt 0.1817428 0.2995485
vt 0.1817428 0.1445132
vt 0.1817428 0.2995485
vt 0.2061428 0.2995485
vt 0.1275714 0.1313015
vt 0.1817428 0.1283368
vt 0.1817428 0.1313015
vt 0.1817428 0.1313015
vt 0.1817428 0.1445132
vt 0.2061428 0.1313015
vt 0.1817428 0.1313015
vt 0.1817428 0.1415485
vt 0.2500000 -0.0406250
vt 0.5000000 1.0000000
vt 0.2500000 0.0406250
vt 0.5000000 1.0000000
vt 0.2500000 -0.0375000
vt 0.5000000 1.0000000
vt 0.2500000 0.0375000
vt 0.5000000 1.0000000
vt 0.5000000 0.9678363
vt 0.2500000 -0.0406250
vt 0.5000000 0.9678363
vt 0.2500000 0.0406250
vt 0.5000000 0.8712121
vt 0.2500000 -0.0375000
vt 0.5000000 0.8712121
vt 0.2500000 0.0375000
vt 0.2500000 -0.0593750
vt 0.2500000 0.0593750
vt 0.2500000 -0.0687500
vt 0.5000000 0.9600000
vt 0.2500000 0.0687500
vt 0.5000000 0.9600000
vt 0.5000000 0.5000000
vt 0.5000000 0.5000000
vt 0.5000000 0.0400000
vt 0.7500000 -0.0687500
vt 0.5000000 0.0400000
vt 0.7500000 0.0687500
vt 0.7500000 -0.0593750
vt 0.7500000 0.0593750
vt 0.7500000 -0.0375000
vt 0.5000000 0.1287879
vt 0.7500000 0.0375000
vt 0.5000000 0.1287879
vt 0.7500000 -0.0406250
vt 0.5000000 0.0321637
vt 0.7500000 0.0406250
vt 0.5000000 0.0321637
vt 0.5000000 0.0000000
vt 0.7500000 -0.0375000
vt 0.5000000 0.0000000
vt 0.7500000 0.0375000
vt 0.5000000 0.0000000
vt 0.7500000 -0.0406250
vt 0.5000000 0.0000000
vt 0.7500000 0.0406250
vt 0.1419714 0.1313015
vt 0.1419714 0.1415485
vt 0.1275714 0.2995485
vt 0.1419714 0.1283368
vt 0.1419714 0.2995485
vt 0.1419714 0.1445132
vt 0.1419714 0.2995485
vt 0.2061428 0.2995485
vt 0.1275714 0.1313015
vt 0.1419714 0.1283368
vt 0.1419714 0.1313015
vt 0.1419714 0.1313015
vt 0.1419714 0.1445132
vt 0.2061428 0.1313015
vt 0.1419714 0.1313015
vt 0.1419714 0.1415485
vt 0.1275714 0.1313015
vt 0.1419714 0.2995485
vt 0.1275714 0.1415485
vt 0.1917428 0.2995485
vt 0.1275714 0.1313015
vt 0.1419714 0.1313015
vt 0.1275714 0.1415485
vt 0.1917428 0.1313015
vt 0.6421478 0.9374860
vt 0.2000000 -0.0687500
vt 0.6421478 0.9374860
vt 0.2000000 0.0687500
vt 0.6421478 0.0625140
vt 0.8000000 -0.0687500
vt 0.6421478 0.0625140
vt 0.8000000 0.0687500
vt 0.2000000 -0.0593750
vt 0.2000000 0.0593750
vt 0.8000000 -0.0593750
vt 0.8000000 0.0593750
vt 0.2187500 -0.0375000
vt 0.5724199 0.8640794
vt 0.2187500 0.0375000
vt 0.5724199 0.8640794
vt 0.7812500 -0.0375000
vt 0.5724199 0.1359206
vt 0.7812500 0.0375000
vt 0.5724199 0.1359206
vt 0.7703812 0.8721478
vt 0.1500000 -0.0687500
vt 0.7703812 0.8721478
vt 0.1500000 0.0687500
vt 0.7703812 0.1278522
vt 0.8500000 -0.0687500
vt 0.7703812 0.1278522
vt 0.8500000 0.0687500
vt 0.1500000 -0.0593750
vt 0.1500000 0.0593750
vt 0.8500000 -0.0593750
vt 0.8500000 0.0593750
vt 0.2187500 -0.0406250
vt 0.5912703 0.9588469
vt 0.2187500 0.0406250
vt 0.5912703 0.9588469
vt 0.7812500 -0.0406250
vt 0.5912703 0.0411531
vt 0.7812500 0.0406250
vt 0.5912703 0.0411531
vt 0.5975452 0.9903926
vt 0.2187500 -0.0375000
vt 0.5975452 0.9903926
vt 0.2187500 0.0375000
vt 0.5975452 0.0096074
vt 0.7812500 -0.0375000
vt 0.5975452 0.0096074
vt 0.7812500 0.0375000
vt 0.5975452 0.9903926
vt 0.2187500 -0.0406250
vt 0.5975452 0.9903926
vt 0.2187500 0.0406250
vt 0.5975452 0.0096074
vt 0.7812500 -0.0406250
vt 0.5975452 0.0096074
vt 0.7812500 0.0406250
vt 0.8721478 0.7703812
vt 0.1000000 -0.0687500
vt 0.8721478 0.7703812
vt 0.1000000 0.0687500
vt 0.8721478 0.2296188
vt 0.9000000 -0.0687500
vt 0.8721478 0.2296188
vt 0.9000000 0.0687500
vt 0.1000000 -0.0593750
vt 0.1000000 0.0593750
vt 0.9000000 -0.0593750
vt 0.9000000 0.0593750
vt 0.9374860 0.6421478
vt 0.0500000 -0.0687500
vt 0.9374860 0.6421478
vt 0.0500000 0.0687500
vt 0.9374860 0.3578522
vt 0.9500000 -0.0687500
vt 0.9374860 0.3578522
vt 0.9500000 0.0687500
vt 0.1875000 -0.0375000
vt 0.6420567 0.8429553
vt 0.1875000 0.0375000
vt 0.6420567 0.8429553
vt 0.8125000 -0.0375000
vt 0.6420567 0.1570447
vt 0.8125000 0.0375000
vt 0.6420567 0.1570447
vt 0.9600000 0.5000000
vt 0.0000000 -0.0687500
vt 1.0000000 -0.0687500
vt 0.9600000 0.5000000
vt 0.0000000 0.0687500
vt 1.0000000 0.0687500
vt 0.0500000 -0.0593750
vt 0.0500000 0.0593750
vt 0.9500000 -0.0593750
vt 0.9500000 0.0593750
vt 0.0000000 -0.0593750
vt 1.0000000 -0.0593750
vt 0.0000000 0.0593750
vt 1.0000000 0.0593750
vt 0.0217840 0.2958777
vt 0.0361840 0.1246659
vt 0.0361840 0.2958777
vt 0.0217840 0.2958777
vt 0.0759555 0.1246659
vt 0.0759555 0.2958777
vt 0.0806678 0.0470559
vt 0.0806678 0.0602677
vt 0.1050678 0.0470559
vt 0.0408964 0.0470559
vt 0.0408964 0.0602677
vt 0.1050678 0.0470559
vt 0.1875000 -0.0406250
vt 0.6790332 0.9322243
vt 0.1875000 0.0406250
vt 0.6790332 0.9322243
vt 0.8125000 -0.0406250
vt 0.6790332 0.0677757
vt 0.8125000 0.0406250
vt 0.6790332 0.0677757
vt 0.6913417 0.9619398
vt 0.1875000 -0.0375000
vt 0.6913417 0.9619398
vt 0.1875000 0.0375000
vt 0.6913417 0.0380602
vt 0.8125000 -0.0375000
vt 0.6913417 0.0380602
vt 0.8125000 0.0375000
vt 0.0217840 0.1276306
vt 0.0361840 0.2958777
vt 0.0361840 0.2958777
vt 0.0903555 0.1276306
vt 0.0906678 0.0470559
vt 0.0950678 0.0573030
vt 0.0264964 0.0573030
vt 0.0906678 0.0470559
vt 0.6913417 0.9619398
vt 0.1875000 -0.0406250
vt 0.6913417 0.9619398
vt 0.1875000 0.0406250
vt 0.6913417 0.0380602
vt 0.8125000 -0.0406250
vt 0.6913417 0.0380602
vt 0.8125000 0.0406250
vt 0.0361840 0.1276306
vt 0.0759555 0.1276306
vt 0.0806678 0.0573030
vt 0.0408964 0.0573030
vt 0.1562500 -0.0375000
vt 0.7062344 0.8086516
vt 0.1562500 0.0375000
vt 0.7062344 0.8086516
vt 0.8437500 -0.0375000
vt 0.7062344 0.1913484
vt 0.8437500 0.0375000
vt 0.7062344 0.1913484
vt 0.0217840 0.1378777
vt 0.0859555 0.2958777
vt 0.0859555 0.2958777
vt 0.0903555 0.1378777
vt 0.0408964 0.0470559
vt 0.0950678 0.0470559
vt 0.0264964 0.0470559
vt 0.0408964 0.0470559
vt 0.0361840 0.1378777
vt 0.0759555 0.1378777
vt 0.0806678 0.0470559
vt 0.0408964 0.0470559
vt 0.0361840 0.1408424
vt 0.0361840 0.2958777
vt 0.1003555 0.2958777
vt 0.0759555 0.1408424
vt 0.0759555 0.2958777
vt 0.1003555 0.2958777
vt 0.0264964 0.0470559
vt 0.0806678 0.0440912
vt 0.0806678 0.0470559
vt 0.0264964 0.0470559
vt 0.0408964 0.0440912
vt 0.0408964 0.0470559
vt 0.1250000 -0.0375000
vt 0.7624866 0.7624866
vt 0.1250000 0.0375000
vt 0.7624866 0.7624866
vt 0.8750000 -0.0375000
vt 0.7624866 0.2375134
vt 0.8750000 0.0375000
vt 0.7624866 0.2375134
vt 0.1562500 -0.0406250
vt 0.7599159 0.8889916
vt 0.1562500 0.0406250
vt 0.7599159 0.8889916
vt 0.8437500 -0.0406250
vt 0.7599159 0.1110084
vt 0.8437500 0.0406250
vt 0.7599159 0.1110084
vt 0.7777851 0.9157348
vt 0.1562500 -0.0375000
vt 0.7777851 0.9157348
vt 0.1562500 0.0375000
vt 0.7777851 0.0842652
vt 0.8437500 -0.0375000
vt 0.7777851 0.0842652
vt 0.8437500 0.0375000
vt 0.7777851 0.9157348
vt 0.1562500 -0.0406250
vt 0.7777851 0.9157348
vt 0.1562500 0.0406250
vt 0.7777851 0.0842652
vt 0.8437500 -0.0406250
vt 0.7777851 0.0842652
vt 0.8437500 0.0406250
vt 0.0937500 -0.0375000
vt 0.8086516 0.7062344
vt 0.0937500 0.0375000
vt 0.8086516 0.7062344
vt 0.9062500 -0.0375000
vt 0.8086516 0.2937656
vt 0.9062500 0.0375000
vt 0.8086516 0.2937656
vt 0.1250000 -0.0406250
vt 0.8308102 0.8308102
vt 0.1250000 0.0406250
vt 0.8308102 0.8308102
vt 0.8750000 -0.0406250
vt 0.8308102 0.1691898
vt 0.8750000 0.0406250
vt 0.8308102 0.1691898
vt 0.0625000 -0.0375000
vt 0.8429553 0.6420567
vt 0.0625000 0.0375000
vt 0.8429553 0.6420567
vt 0.9375000 -0.0375000
vt 0.8429553 0.3579433
vt 0.9375000 0.0375000
vt 0.8429553 0.3579433
vt 0.8535534 0.8535534
vt 0.1250000 -0.0375000
vt 0.8535534 0.8535534
vt 0.1250000 0.0375000
vt 0.8535534 0.1464466
vt 0.8750000 -0.0375000
vt 0.8535534 0.1464466
vt 0.8750000 0.0375000
vt 0.1141268 0.1951441
vt 0.1285268 0.0239323
vt 0.1285268 0.1951441
vt 0.1141268 0.1951441
vt 0.1682982 0.0239323
vt 0.1682982 0.1951441
vt 0.0789262 0.1270087
vt 0.0789262 0.1402204
vt 0.1033262 0.1270087
vt 0.0391548 0.1270087
vt 0.0391548 0.1402204
vt 0.1033262 0.1270087
vt 0.1141268 0.0268970
vt 0.1285268 0.1951441
vt 0.1285268 0.1951441
vt 0.1826982 0.0268970
vt 0.0889262 0.1270087
vt 0.0933262 0.1372557
vt 0.0247548 0.1372557
vt 0.0889262 0.1270087
vt 0.0312500 -0.0375000
vt 0.8640794 0.5724199
vt 0.0312500 0.0375000
vt 0.8640794 0.5724199
vt 0.9687500 -0.0375000
vt 0.8640794 0.4275801
vt 0.9687500 0.0375000
vt 0.8640794 0.4275801
vt 0.8535534 0.8535534
vt 0.1250000 -0.0406250
vt 0.8535534 0.8535534
vt 0.1250000 0.0406250
vt 0.8535534 0.1464466
vt 0.8750000 -0.0406250
vt 0.8535534 0.1464466
vt 0.8750000 0.0406250
vt 0.0000000 -0.0375000
vt 1.0000000 -0.0375000
vt 0.8712121 0.5000000
vt 0.0000000 0.0375000
vt 1.0000000 0.0375000
vt 0.8712121 0.5000000
vt 0.1285268 0.0268970
vt 0.1682982 0.0268970
vt 0.0789262 0.1372557
vt 0.0391548 0.1372557
vt 0.1141268 0.0371441
vt 0.1782982 0.1951441
vt 0.1782982 0.1951441
vt 0.1826982 0.0371441
vt 0.0391548 0.1270087
vt 0.0933262 0.1270087
vt 0.0247548 0.1270087
vt 0.0391548 0.1270087
vt 0.1285268 0.0401088
vt 0.1285268 0.1951441
vt 0.1926982 0.1951441
vt 0.1682982 0.0401088
vt 0.1682982 0.1951441
vt 0.1926982 0.1951441
vt 0.0247548 0.1270087
vt 0.0789262 0.1240440
vt 0.0789262 0.1270087
vt 0.0247548 0.1270087
vt 0.0391548 0.1240440
vt 0.0391548 0.1270087
vt 0.1285268 0.0371441
vt 0.1682982 0.0371441
vt 0.0789262 0.1270087
vt 0.0391548 0.1270087
vt 0.0937500 -0.0406250
vt 0.8889916 0.7599159
vt 0.0937500 0.0406250
vt 0.8889916 0.7599159
vt 0.9062500 -0.0406250
vt 0.8889916 0.2400841
vt 0.9062500 0.0406250
vt 0.8889916 0.2400841
vt 0.9157348 0.7777851
vt 0.0937500 -0.0375000
vt 0.9157348 0.7777851
vt 0.0937500 0.0375000
vt 0.9157348 0.2222149
vt 0.9062500 -0.0375000
vt 0.9157348 0.2222149
vt 0.9062500 0.0375000
vt 0.9157348 0.7777851
vt 0.0937500 -0.0406250
vt 0.9157348 0.7777851
vt 0.0937500 0.0406250
vt 0.9157348 0.2222149
vt 0.9062500 -0.0406250
vt 0.9157348 0.2222149
vt 0.9062500 0.0406250
vt 0.0491781 0.1117612
vt 0.1033495 0.1087965
vt 0.1033495 0.1117612
vt 0.0491781 0.1117612
vt 0.0635781 0.1087965
vt 0.0635781 0.1117612
vt 0.0635781 0.1117612
vt 0.1177495 0.1117612
vt 0.0491781 0.1117612
vt 0.0635781 0.1117612
vt 0.1133495 0.1117612
vt 0.1177495 0.1220082
vt 0.0491781 0.1220082
vt 0.1133495 0.1117612
vt 0.1033495 0.1117612
vt 0.1033495 0.1249729
vt 0.1277495 0.1117612
vt 0.0635781 0.1117612
vt 0.0635781 0.1249729
vt 0.1277495 0.1117612
vt 0.0625000 -0.0406250
vt 0.9322243 0.6790332
vt 0.0625000 0.0406250
vt 0.9322243 0.6790332
vt 0.9375000 -0.0406250
vt 0.9322243 0.3209668
vt 0.9375000 0.0406250
vt 0.9322243 0.3209668
vt 0.1033495 0.1117612
vt 0.0635781 0.1117612
vt 0.1033495 0.1220082
vt 0.0635781 0.1220082
vt 0.9619398 0.6913417
vt 0.0625000 -0.0375000
vt 0.9619398 0.6913417
vt 0.0625000 0.0375000
vt 0.9619398 0.3086583
vt 0.9375000 -0.0375000
vt 0.9619398 0.3086583
vt 0.9375000 0.0375000
vt 0.0312500 -0.0406250
vt 0.9588469 0.5912703
vt 0.0312500 0.0406250
vt 0.9588469 0.5912703
vt 0.9687500 -0.0406250
vt 0.9588469 0.4087297
vt 0.9687500 0.0406250
vt 0.9588469 0.4087297
vt 0.9619398 0.6913417
vt 0.0625000 -0.0406250
vt 0.9619398 0.6913417
vt 0.0625000 0.0406250
vt 0.9619398 0.3086583
vt 0.9375000 -0.0406250
vt 0.9619398 0.3086583
vt 0.9375000 0.0406250
vt 0.0000000 -0.0406250
vt 1.0000000 -0.0406250
vt 0.9678363 0.5000000
vt 0.0000000 0.0406250
vt 1.0000000 0.0406250
vt 0.9678363 0.5000000
vt 0.9903926 0.5975452
vt 0.0312500 -0.0375000
vt 0.9903926 0.5975452
vt 0.0312500 0.0375000
vt 0.9903926 0.4024548
vt 0.9687500 -0.0375000
vt 0.9903926 0.4024548
vt 0.9687500 0.0375000
vt 1.0000000 0.5000000
vt 0.0000000 -0.0375000
vt 1.0000000 -0.0375000
vt 1.0000000 0.5000000
vt 0.0000000 0.0375000
vt 1.0000000 0.0375000
vt 0.9903926 0.5975452
vt 0.0312500 -0.0406250
vt 0.9903926 0.5975452
vt 0.0312500 0.0406250
vt 0.9903926 0.4024548
vt 0.9687500 -0.0406250
vt 0.9903926 0.4024548
vt 0.9687500 0.0406250
vt 1.0000000 0.5000000
vt 0.0000000 -0.0406250
vt 1.0000000 -0.0406250
vt 1.0000000 0.5000000
vt 0.0000000 0.0406250
vt 1.0000000 0.0406250
vn -0.9510397 0.1817488 -0.2499817
vn -0.9510397 0.1817488 -0.2499817
vn -0.9510397 0.1817488 -0.2499817
vn -0.9602031 0.1596007 0.2292107
vn -0.9602031 0.1596007 0.2292107
vn -0.9602031 0.1596007 0.2292107
vn -0.9510397 0.1817488 -0.2499817
vn -0.9510397 0.1817488 -0.2499817
vn -0.9510397 0.1817488 -0.2499817
vn -0.9602031 0.1596007 0.2292107
vn -0.9602031 0.1596007 0.2292107
vn -0.9602031 0.1596007 0.2292107
vn -0.9495803 -0.1829763 -0.2545916
vn -0.9495803 -0.1829763 -0.2545916
vn -0.9495803 -0.1829763 -0.2545916
vn -0.9020475 -0.3785779 0.2073379
vn -0.9020475 -0.3785779 0.2073379
vn -0.9495803 -0.1829763 -0.2545916
vn -0.9495803 -0.1829763 -0.2545916
vn -0.9495803 -0.1829763 -0.2545916
vn -0.9020475 -0.3785779 0.2073379
vn -0.9020475 -0.3785779 0.2073379
vn -0.0583181 0.9649166 -0.2559978
vn -0.0549321 0.9207562 0.3862519
vn -0.0583181 0.9649166 -0.2559978
vn -0.0549321 0.9207562 0.3862519
vn -0.0293041 0.2351484 -0.9715176
vn -0.0293041 0.2351484 -0.9715176
vn -0.0220996 0.2372517 0.9711968
vn -0.0220996 0.2372517 0.9711968
vn -0.0293041 0.2351484 -0.9715176
vn -0.0293041 0.2351484 -0.9715176
vn -0.0220996 0.2372517 0.9711968
vn -0.0220996 0.2372517 0.9711968
vn 0.0014259 -0.1390494 -0.9902844
vn 0.0014259 -0.1390494 -0.9902844
vn -0.0028912 -0.1386727 0.9903340
vn -0.0028912 -0.1386727 0.9903340
vn 0.0014259 -0.1390494 -0.9902844
vn 0.0014259 -0.1390494 -0.9902844
vn -0.0028912 -0.1386727 0.9903340
vn -0.0028912 -0.1386727 0.9903340
vn 0.0413314 -0.9657934 -0.2559978
vn 0.0401530 -0.9215190 0.3862519
vn 0.0413314 -0.9657934 -0.2559978
vn 0.0401530 -0.9215190 0.3862519
vn -0.9254111 -0.0476964 -0.3759513
vn -0.9254111 -0.0476964 -0.3759513
vn -0.9662670 -0.0187910 0.2568558
vn -0.9662670 -0.0187910 0.2568558
vn -0.9662670 -0.0187910 0.2568558
vn -0.9254111 -0.0476964 -0.3759513
vn -0.9254111 -0.0476964 -0.3759513
vn -0.9662670 -0.0187910 0.2568558
vn -0.9662670 -0.0187910 0.2568558
vn -0.9662670 -0.0187910 0.2568558
vn -0.9877528 0.0376848 -0.1514074
vn -0.9877528 0.0376848 -0.1514074
vn -0.9877528 0.0376848 -0.1514074
vn -0.9657814 0.0368466 0.2567267
vn -0.9657814 0.0368466 0.2567267
vn -0.9657814 0.0368466 0.2567267
vn -0.9877528 0.0376848 -0.1514074
vn -0.9877528 0.0376848 -0.1514074
vn -0.9877528 0.0376848 -0.1514074
vn -0.9657814 0.0368466 0.2567267
vn -0.9657814 0.0368466 0.2567267
vn -0.9657814 0.0368466 0.2567267
vn -0.0075535 -0.9882991 -0.1523412
vn -0.0218867 -0.9668150 0.2545384
vn -0.0075535 -0.9882991 -0.1523412
vn -0.0218867 -0.9668150 0.2545384
vn -0.0126673 -0.0728510 -0.9972624
vn -0.0126673 -0.0728510 -0.9972624
vn -0.0126673 -0.0728510 0.9972624
vn -0.0126673 -0.0728510 0.9972624
vn -0.0126673 -0.0728510 -0.9972624
vn -0.0126673 -0.0728510 -0.9972624
vn -0.0126673 -0.0728510 0.9972624
vn -0.0126673 -0.0728510 0.9972624
vn -0.0129218 0.0378798 -0.9991988
vn -0.0129218 0.0378798 -0.9991988
vn -0.0129218 0.0378798 0.9991988
vn -0.0129218 0.0378798 0.9991988
vn -0.0129218 0.0378798 -0.9991988
vn -0.0129218 0.0378798 -0.9991988
vn -0.0129218 0.0378798 0.9991988
vn -0.0129218 0.0378798 0.9991988
vn -0.0075535 0.9882991 -0.1523412
vn -0.0218867 0.9668150 0.2545384
vn -0.0075535 0.9882991 -0.1523412
vn -0.0218867 0.9668150 0.2545384
vn -0.9245682 -0.3796173 -0.0326242
vn -0.9881286 -0.1514650 0.0256952
vn -0.9663594 0.2568803 -0.0127301
vn -0.9661326 0.2568201 0.0251232
vn -0.0149126 -0.9995509 -0.0259922
vn -0.0149126 -0.9995509 -0.0259922
vn -0.0147217 -0.9995586 0.0258035
vn -0.0147217 -0.9995586 0.0258035
vn -0.0147217 -0.9995586 0.0258035
vn -0.0109073 -0.3857795 -0.9225265
vn -0.0109073 -0.3857795 -0.9225265
vn -0.0085563 -0.1524502 0.9882741
vn -0.0085563 -0.1524502 0.9882741
vn -0.0125306 0.2555636 -0.9667110
vn -0.0125306 0.2555636 -0.9667110
vn -0.0247435 0.2542208 0.9668296
vn -0.0247435 0.2542208 0.9668296
vn -0.0149126 0.9995509 -0.0259922
vn -0.0149126 0.9995509 -0.0259922
vn -0.0147217 0.9995586 0.0258035
vn -0.0147217 0.9995586 0.0258035
vn -0.0147217 0.9995586 0.0258035
vn -0.9829746 0.1244107 -0.1352146
vn -0.9829746 0.1244107 -0.1352146
vn -0.9683514 0.1002997 0.2285510
vn -0.9683514 0.1002997 0.2285510
vn -0.9829746 0.1244107 -0.1352146
vn -0.9829746 0.1244107 -0.1352146
vn -0.9683514 0.1002997 0.2285510
vn -0.9683514 0.1002997 0.2285510
vn -0.3832793 -0.9144837 -0.1296790
vn -0.3832793 -0.9144837 -0.1296790
vn -0.3832793 -0.9144837 -0.1296790
vn -0.3766757 -0.8987278 0.2245079
vn -0.3766757 -0.8987278 0.2245079
vn -0.3766757 -0.8987278 0.2245079
vn -0.3832793 -0.9144837 -0.1296790
vn -0.3832793 -0.9144837 -0.1296790
vn -0.3832793 -0.9144837 -0.1296790
vn -0.3766757 -0.8987278 0.2245079
vn -0.3766757 -0.8987278 0.2245079
vn -0.3766757 -0.8987278 0.2245079
vn -0.2549903 0.0186169 -0.9667644
vn -0.2549903 0.0186169 0.9667644
vn -0.2549903 0.0186169 -0.9667644
vn -0.2549903 0.0186169 0.9667644
vn 0.0806941 -0.9424093 -0.3245814
vn 0.0806941 -0.9424093 -0.3245814
vn 0.0979263 -0.9742359 0.2031624
vn 0.0979263 -0.9742359 0.2031624
vn 0.0979263 -0.9742359 0.2031624
vn 0.0806941 -0.9424093 -0.3245814
vn 0.0806941 -0.9424093 -0.3245814
vn 0.0979263 -0.9742359 0.2031624
vn 0.0979263 -0.9742359 0.2031624
vn 0.0979263 -0.9742359 0.2031624
vn 0.3797553 -0.0667963 -0.9226723
vn 0.3797553 -0.0667963 0.9226723
vn 0.3797553 -0.0667963 -0.9226723
vn 0.3797553 -0.0667963 0.9226723
vn 0.9788483 -0.1545288 -0.1340777
vn 0.9788483 -0.1545288 -0.1340777
vn 0.9608519 -0.1516877 0.2318502
vn 0.9608519 -0.1516877 0.2318502
vn 0.9788483 -0.1545288 -0.1340777
vn 0.9788483 -0.1545288 -0.1340777
vn 0.9608519 -0.1516877 0.2318502
vn 0.9608519 -0.1516877 0.2318502
vn -0.9230712 0.1422292 -0.3573660
vn -0.9230712 0.1422292 -0.3573660
vn -0.9615774 0.1495512 0.2302245
vn -0.9615774 0.1495512 0.2302245
vn -0.9230712 0.1422292 -0.3573660
vn -0.9230712 0.1422292 -0.3573660
vn -0.9615774 0.1495512 0.2302245
vn -0.9615774 0.1495512 0.2302245
vn -0.2465924 0.0665711 -0.9668301
vn -0.2465924 0.0665711 0.9668301
vn -0.2465924 0.0665711 -0.9668301
vn -0.2465924 0.0665711 0.9668301
vn -0.1214063 0.9840955 -0.1296790
vn -0.1214063 0.9840955 -0.1296790
vn -0.1214063 0.9840955 -0.1296790
vn -0.1193146 0.9671402 0.2245079
vn -0.1193146 0.9671402 0.2245079
vn -0.1193146 0.9671402 0.2245079
vn -0.1214063 0.9840955 -0.1296790
vn -0.1214063 0.9840955 -0.1296790
vn -0.1214063 0.9840955 -0.1296790
vn -0.1193146 0.9671402 0.2245079
vn -0.1193146 0.9671402 0.2245079
vn -0.1193146 0.9671402 0.2245079
vn 0.1528375 -0.0097635 -0.9882031
vn 0.1528375 -0.0097635 0.9882031
vn 0.1528375 -0.0097635 -0.9882031
vn 0.1528375 -0.0097635 0.9882031
vn 0.4311425 0.8598873 -0.2733312
vn 0.4311425 0.8598873 -0.2733312
vn 0.2775524 0.9329310 0.2293564
vn 0.2775524 0.9329310 0.2293564
vn 0.2775524 0.9329310 0.2293564
vn 0.4311425 0.8598873 -0.2733312
vn 0.4311425 0.8598873 -0.2733312
vn 0.2775524 0.9329310 0.2293564
vn 0.2775524 0.9329310 0.2293564
vn 0.2775524 0.9329310 0.2293564
vn 0.9271072 -0.1129679 -0.3573660
vn 0.9271072 -0.1129679 -0.3573660
vn 0.9661578 -0.1163433 0.2302245
vn 0.9661578 -0.1163433 0.2302245
vn 0.9271072 -0.1129679 -0.3573660
vn 0.9271072 -0.1129679 -0.3573660
vn 0.9661578 -0.1163433 0.2302245
vn 0.9661578 -0.1163433 0.2302245
vn -1.0000000 -0.0000000 0.0000000
vn 0.0000000 -0.0000000 -1.0000000
vn -1.0000000 -0.0000000 0.0000000
vn 0.0000000 0.0000000 1.0000000
vn -0.9807853 -0.1950903 0.0000000
vn 0.0000000 -0.0000000 -1.0000000
vn -0.9807853 -0.1950903 0.0000000
vn 0.0000000 0.0000000 1.0000000
vn -0.9807853 0.1950903 -0.0000000
vn 0.0000000 -0.0000000 -1.0000000
vn -0.9807853 0.1950903 -0.0000000
vn 0.0000000 0.0000000 1.0000000
vn -1.0000000 -0.0000000 0.0000000
vn 0.0000000 -0.0000000 -1.0000000
vn -1.0000000 -0.0000000 0.0000000
vn 0.0000000 0.0000000 1.0000000
vn -0.9807853 -0.1950903 0.0000000
vn 0.0000000 -0.0000000 -1.0000000
vn -0.9807853 -0.1950903 0.0000000
vn 0.0000000 0.0000000 1.0000000
vn -0.9807853 0.1950903 -0.0000000
vn 0.0000000 -0.0000000 -1.0000000
vn -0.9807853 0.1950903 -0.0000000
vn 0.0000000 0.0000000 1.0000000
vn 0.0000000 -0.0000000 -1.0000000
vn 1.0000000 0.0000000 -0.0000000
vn 0.0000000 0.0000000 1.0000000
vn 1.0000000 0.0000000 -0.0000000
vn -0.9238795 -0.3826834 0.0000000
vn 0.0000000 -0.0000000 -1.0000000
vn -0.9238795 -0.3826834 0.0000000
vn 0.0000000 0.0000000 1.0000000
vn -0.9238795 0.3826834 -0.0000000
vn 0.0000000 -0.0000000 -1.0000000
vn -0.9238795 0.3826834 -0.0000000
vn 0.0000000 0.0000000 1.0000000
vn 0.0000000 -0.0000000 -1.0000000
vn 0.9807853 0.1950903 -0.0000000
vn 0.0000000 0.0000000 1.0000000
vn 0.9807853 0.1950903 -0.0000000
vn 0.0000000 -0.0000000 -1.0000000
vn 0.9807853 -0.1950903 0.0000000
vn 0.0000000 0.0000000 1.0000000
vn 0.9807853 -0.1950903 0.0000000
vn -0.9238795 -0.3826834 0.0000000
vn 0.0000000 -0.0000000 -1.0000000
vn -0.9238795 -0.3826834 0.0000000
vn 0.0000000 0.0000000 1.0000000
vn -0.9238795 0.3826834 -0.0000000
vn 0.0000000 -0.0000000 -1.0000000
vn -0.9238795 0.3826834 -0.0000000
vn 0.0000000 0.0000000 1.0000000
vn -0.9593089 -0.1212366 -0.2550062
vn -0.9269949 -0.3097130 0.2115618
vn -0.9444826 0.2119409 -0.2510650
vn -0.9537252 0.1912747 0.2319962
vn 0.0000000 -0.0000000 -1.0000000
vn 0.9238795 0.3826834 -0.0000000
vn 0.0000000 0.0000000 1.0000000
vn 0.9238795 0.3826834 -0.0000000
vn 0.0000000 -0.0000000 -1.0000000
vn 0.9238795 -0.3826834 0.0000000
vn 0.0000000 0.0000000 1.0000000
vn 0.9238795 -0.3826834 0.0000000
vn -0.0145486 -0.9667407 -0.2553444
vn -0.0145486 -0.9667407 -0.2553444
vn -0.0145486 -0.9667407 -0.2553444
vn -0.0126670 -0.9226039 0.3855407
vn -0.0126670 -0.9226039 0.3855407
vn -0.0126670 -0.9226039 0.3855407
vn -0.0097473 -0.1263162 -0.9919421
vn -0.0097473 -0.1263162 -0.9919421
vn -0.0171768 -0.1253633 0.9919622
vn -0.0171768 -0.1253633 0.9919622
vn -0.0296084 0.2160940 -0.9759235
vn -0.0296084 0.2160940 -0.9759235
vn -0.0168934 0.2189227 0.9755960
vn -0.0168934 0.2189227 0.9755960
vn -0.0145486 0.9667407 -0.2553444
vn -0.0145486 0.9667407 -0.2553444
vn -0.0145486 0.9667407 -0.2553444
vn -0.0126670 0.9226039 0.3855407
vn -0.0126670 0.9226039 0.3855407
vn -0.0126670 0.9226039 0.3855407
vn -0.8314696 -0.5555702 0.0000000
vn 0.0000000 -0.0000000 -1.0000000
vn -0.8314696 -0.5555702 0.0000000
vn 0.0000000 0.0000000 1.0000000
vn -0.8314696 0.5555702 -0.0000000
vn 0.0000000 -0.0000000 -1.0000000
vn -0.8314696 0.5555702 -0.0000000
vn 0.0000000 0.0000000 1.0000000
vn -0.8314696 -0.5555702 0.0000000
vn 0.0000000 -0.0000000 -1.0000000
vn -0.8314696 -0.5555702 0.0000000
vn 0.0000000 0.0000000 1.0000000
vn -0.8314696 0.5555702 -0.0000000
vn 0.0000000 -0.0000000 -1.0000000
vn -0.8314696 0.5555702 -0.0000000
vn 0.0000000 0.0000000 1.0000000
vn 0.0000000 -0.0000000 -1.0000000
vn 0.8314696 0.5555702 -0.0000000
vn 0.0000000 0.0000000 1.0000000
vn 0.8314696 0.5555702 -0.0000000
vn 0.0000000 -0.0000000 -1.0000000
vn 0.8314696 -0.5555702 0.0000000
vn 0.0000000 0.0000000 1.0000000
vn 0.8314696 -0.5555702 0.0000000
vn -0.9239164 -0.2886951 -0.2510650
vn -0.9215876 -0.3112139 0.2319962
vn -0.9204733 0.2321116 -0.3144093
vn -0.8914042 0.3746604 0.2550062
vn -0.4959698 0.8299477 -0.2553444
vn -0.4959698 0.8299477 -0.2553444
vn -0.4959698 0.8299477 -0.2553444
vn -0.4722719 0.7926649 0.3855407
vn -0.4722719 0.7926649 0.3855407
vn -0.4722719 0.7926649 0.3855407
vn -0.5027278 -0.8508689 -0.1526004
vn -0.5027278 -0.8508689 -0.1526004
vn -0.5027278 -0.8508689 -0.1526004
vn -0.5082462 -0.8229708 0.2537809
vn -0.5082462 -0.8229708 0.2537809
vn -0.5082462 -0.8229708 0.2537809
vn -0.1336886 0.1723387 -0.9759235
vn -0.1336886 0.1723387 -0.9759235
vn -0.1240915 0.1811459 0.9755960
vn -0.1240915 0.1811459 0.9755960
vn -0.1827692 -0.2899089 -0.9394404
vn -0.1827692 -0.2899089 -0.9394404
vn -0.1827692 -0.2899089 0.9394404
vn -0.1827692 -0.2899089 0.9394404
vn -0.7701676 -0.5846484 -0.2550062
vn -0.6479446 -0.7317167 0.2115618
vn -0.7274431 0.6700345 -0.1479199
vn -0.7119755 0.6557875 0.2510650
vn 0.0000000 -0.0000000 -1.0000000
vn 1.0000000 0.0000000 -0.0000000
vn 0.0000000 0.0000000 1.0000000
vn 1.0000000 0.0000000 -0.0000000
vn -0.7071068 -0.7071068 0.0000000
vn 0.0000000 -0.0000000 -1.0000000
vn -0.7071068 -0.7071068 0.0000000
vn 0.0000000 0.0000000 1.0000000
vn -0.7071068 0.7071068 -0.0000000
vn 0.0000000 -0.0000000 -1.0000000
vn -0.7071068 0.7071068 -0.0000000
vn 0.0000000 0.0000000 1.0000000
vn 0.0000000 -0.0000000 -1.0000000
vn 0.9807853 0.1950903 -0.0000000
vn 0.0000000 0.0000000 1.0000000
vn 0.9807853 0.1950903 -0.0000000
vn 0.0000000 -0.0000000 -1.0000000
vn 0.9807853 -0.1950903 0.0000000
vn 0.0000000 0.0000000 1.0000000
vn 0.9807853 -0.1950903 0.0000000
vn 0.0547167 -0.1142667 -0.9919421
vn 0.0547167 -0.1142667 -0.9919421
vn 0.0478061 -0.1171562 0.9919622
vn 0.0478061 -0.1171562 0.9919622
vn 0.0957446 0.1958994 -0.9759387
vn 0.0957446 0.1958994 -0.9759387
vn 0.0957446 0.1958994 0.9759387
vn 0.0957446 0.1958994 0.9759387
vn 0.4707709 -0.8444963 -0.2553444
vn 0.4707709 -0.8444963 -0.2553444
vn 0.4707709 -0.8444963 -0.2553444
vn 0.4503320 -0.8053319 0.3855407
vn 0.4503320 -0.8053319 0.3855407
vn 0.4503320 -0.8053319 0.3855407
vn 0.4855102 0.8608095 -0.1526004
vn 0.4855102 0.8608095 -0.1526004
vn 0.4855102 0.8608095 -0.1526004
vn 0.4585906 0.8516396 0.2537809
vn 0.4585906 0.8516396 0.2537809
vn 0.4585906 0.8516396 0.2537809
vn -0.7071068 -0.7071068 0.0000000
vn 0.0000000 -0.0000000 -1.0000000
vn -0.7071068 -0.7071068 0.0000000
vn 0.0000000 0.0000000 1.0000000
vn -0.7071068 0.7071068 -0.0000000
vn 0.0000000 -0.0000000 -1.0000000
vn -0.7071068 0.7071068 -0.0000000
vn 0.0000000 0.0000000 1.0000000
vn 0.0000000 -0.0000000 -1.0000000
vn 0.9238795 0.3826834 -0.0000000
vn 0.0000000 0.0000000 1.0000000
vn 0.9238795 0.3826834 -0.0000000
vn 0.0000000 -0.0000000 -1.0000000
vn 0.9238795 -0.3826834 0.0000000
vn 0.0000000 0.0000000 1.0000000
vn 0.9238795 -0.3826834 0.0000000
vn 0.0000000 -0.0000000 -1.0000000
vn 0.7071068 0.7071068 -0.0000000
vn 0.0000000 0.0000000 1.0000000
vn 0.7071068 0.7071068 -0.0000000
vn 0.0000000 -0.0000000 -1.0000000
vn 0.7071068 -0.7071068 0.0000000
vn 0.0000000 0.0000000 1.0000000
vn 0.7071068 -0.7071068 0.0000000
vn -0.0329907 0.9663539 -0.2550917
vn -0.0451511 0.9873255 0.1521501
vn -0.0329907 0.9663539 -0.2550917
vn -0.0451511 0.9873255 0.1521501
vn -0.0035910 0.2373482 -0.9714180
vn -0.0035910 0.2373482 -0.9714180
vn -0.0035910 0.2373482 0.9714180
vn -0.0035910 0.2373482 0.9714180
vn -0.0035910 0.2373482 -0.9714180
vn -0.0035910 0.2373482 -0.9714180
vn -0.0035910 0.2373482 0.9714180
vn -0.0035910 0.2373482 0.9714180
vn 0.0264137 -0.3645077 -0.9308257
vn 0.0264137 -0.3645077 -0.9308257
vn 0.0264137 -0.3645077 0.9308257
vn 0.0264137 -0.3645077 0.9308257
vn 0.0264137 -0.3645077 -0.9308257
vn 0.0264137 -0.3645077 -0.9308257
vn 0.0264137 -0.3645077 0.9308257
vn 0.0264137 -0.3645077 0.9308257
vn 0.0666722 -0.9646155 -0.2550917
vn 0.0567355 -0.9867276 0.1521501
vn 0.0666722 -0.9646155 -0.2550917
vn 0.0567355 -0.9867276 0.1521501
vn 0.0000000 -0.0000000 -1.0000000
vn 0.8314696 0.5555702 -0.0000000
vn 0.0000000 0.0000000 1.0000000
vn 0.8314696 0.5555702 -0.0000000
vn 0.0000000 -0.0000000 -1.0000000
vn 0.8314696 -0.5555702 0.0000000
vn 0.0000000 0.0000000 1.0000000
vn 0.8314696 -0.5555702 0.0000000
vn 0.9272749 0.2786941 -0.2499817
vn 0.9272749 0.2786941 -0.2499817
vn 0.9272749 0.2786941 -0.2499817
vn 0.9472408 0.2846949 0.1472538
vn 0.9472408 0.2846949 0.1472538
vn 0.9472408 0.2846949 0.1472538
vn 0.9272749 0.2786941 -0.2499817
vn 0.9272749 0.2786941 -0.2499817
vn 0.9272749 0.2786941 -0.2499817
vn 0.9472408 0.2846949 0.1472538
vn 0.9472408 0.2846949 0.1472538
vn 0.9472408 0.2846949 0.1472538
vn -0.5555702 -0.8314696 0.0000000
vn 0.0000000 -0.0000000 -1.0000000
vn -0.5555702 -0.8314696 0.0000000
vn 0.0000000 0.0000000 1.0000000
vn -0.5555702 0.8314696 -0.0000000
vn 0.0000000 -0.0000000 -1.0000000
vn -0.5555702 0.8314696 -0.0000000
vn 0.0000000 0.0000000 1.0000000
vn 0.9633723 -0.0842433 -0.2545916
vn 0.9633723 -0.0842433 -0.2545916
vn 0.9633723 -0.0842433 -0.2545916
vn 0.9227041 -0.2327861 0.3072910
vn 0.9227041 -0.2327861 0.3072910
vn 0.9633723 -0.0842433 -0.2545916
vn 0.9633723 -0.0842433 -0.2545916
vn 0.9633723 -0.0842433 -0.2545916
vn 0.9227041 -0.2327861 0.3072910
vn 0.9227041 -0.2327861 0.3072910
vn -0.5555702 -0.8314696 0.0000000
vn 0.0000000 -0.0000000 -1.0000000
vn -0.5555702 -0.8314696 0.0000000
vn 0.0000000 0.0000000 1.0000000
vn -0.5555702 0.8314696 -0.0000000
vn 0.0000000 -0.0000000 -1.0000000
vn -0.5555702 0.8314696 -0.0000000
vn 0.0000000 0.0000000 1.0000000
vn 0.0000000 -0.0000000 -1.0000000
vn 0.5555702 0.8314696 -0.0000000
vn 0.0000000 0.0000000 1.0000000
vn 0.5555702 0.8314696 -0.0000000
vn 0.0000000 -0.0000000 -1.0000000
vn 0.5555702 -0.8314696 0.0000000
vn 0.0000000 0.0000000 1.0000000
vn 0.5555702 -0.8314696 0.0000000
vn -0.9966377 -0.0710469 -0.0408119
vn -0.9966377 -0.0710469 -0.0408119
vn -0.9995671 -0.0194386 0.0220857
vn -0.9995671 -0.0194386 0.0220857
vn -0.9995671 -0.0194386 0.0220857
vn -0.9992107 0.0381220 -0.0111622
vn -0.9992107 0.0381220 -0.0111622
vn -0.9992107 0.0381220 -0.0111622
vn -0.9990295 0.0381151 0.0220739
vn -0.9990295 0.0381151 0.0220739
vn -0.9990295 0.0381151 0.0220739
vn 0.0000000 -0.0000000 -1.0000000
vn 0.7071068 0.7071068 -0.0000000
vn 0.0000000 0.0000000 1.0000000
vn 0.7071068 0.7071068 -0.0000000
vn 0.0000000 -0.0000000 -1.0000000
vn 0.7071068 -0.7071068 0.0000000
vn 0.0000000 0.0000000 1.0000000
vn 0.7071068 -0.7071068 0.0000000
vn -0.8444963 0.4707709 -0.2553444
vn -0.8444963 0.4707709 -0.2553444
vn -0.8444963 0.4707709 -0.2553444
vn -0.8053319 0.4503320 0.3855407
vn -0.8053319 0.4503320 0.3855407
vn -0.8053319 0.4503320 0.3855407
vn -0.8608095 -0.4855102 -0.1526004
vn -0.8608095 -0.4855102 -0.1526004
vn -0.8608095 -0.4855102 -0.1526004
vn -0.8516396 -0.4585906 0.2537809
vn -0.8516396 -0.4585906 0.2537809
vn -0.8516396 -0.4585906 0.2537809
vn 0.0147217 -0.9995586 -0.0258035
vn 0.0147217 -0.9995586 -0.0258035
vn 0.0147217 -0.9995586 -0.0258035
vn 0.0149126 -0.9995509 0.0259922
vn 0.0149126 -0.9995509 0.0259922
vn 0.0149126 -0.9995509 0.0259922
vn 0.0147455 -0.1514985 -0.9883475
vn 0.0147455 -0.1514985 -0.9883475
vn 0.0109073 -0.3857795 0.9225265
vn 0.0109073 -0.3857795 0.9225265
vn 0.0144171 0.2568745 -0.9663372
vn 0.0144171 0.2568745 -0.9663372
vn 0.0125306 0.2555636 0.9667110
vn 0.0125306 0.2555636 0.9667110
vn 0.0075130 0.9996339 -0.0259944
vn 0.0075130 0.9996339 -0.0259944
vn 0.0075130 0.9996339 -0.0259944
vn 0.0290071 0.9992510 0.0256122
vn 0.0290071 0.9992510 0.0256122
vn 0.0290071 0.9992510 0.0256122
vn -0.6557875 -0.7119755 -0.2510650
vn -0.6425113 -0.7303129 0.2319962
vn -0.6810974 0.6612512 -0.3144093
vn -0.5846484 0.7701676 0.2550062
vn -0.1529000 -0.9881599 -0.0127091
vn -0.3850600 -0.9227497 0.0161819
vn -0.2498612 -0.0621897 -0.9662825
vn -0.2498612 -0.0621897 -0.9662825
vn -0.1514074 -0.0376848 0.9877528
vn -0.1514074 -0.0376848 0.9877528
vn -0.2533878 0.0321470 -0.9668305
vn -0.2533878 0.0321470 -0.9668305
vn -0.3759513 0.0476964 0.9254111
vn -0.3759513 0.0476964 0.9254111
vn -0.1529000 0.9881599 -0.0127091
vn -0.3850600 0.9227497 0.0161819
vn -0.2019471 0.0824053 -0.9759235
vn -0.2019471 0.0824053 -0.9759235
vn -0.1980393 0.0948312 0.9755960
vn -0.1980393 0.0948312 0.9755960
vn -0.3032372 -0.1596839 -0.9394404
vn -0.3032372 -0.1596839 -0.9394404
vn -0.3032372 -0.1596839 0.9394404
vn -0.3032372 -0.1596839 0.9394404
vn 0.9661326 -0.2568201 -0.0251232
vn 0.9668149 -0.2545397 0.0218750
vn 0.9668149 0.2545397 -0.0218750
vn 0.9661326 0.2568201 0.0251232
vn 0.0000000 -0.0000000 -1.0000000
vn 0.5555702 0.8314696 -0.0000000
vn 0.0000000 0.0000000 1.0000000
vn 0.5555702 0.8314696 -0.0000000
vn 0.0000000 -0.0000000 -1.0000000
vn 0.5555702 -0.8314696 0.0000000
vn 0.0000000 0.0000000 1.0000000
vn 0.5555702 -0.8314696 0.0000000
vn -0.3746604 -0.8914042 -0.2550062
vn -0.1952781 -0.9576576 0.2115618
vn -0.2949670 0.9439884 -0.1479199
vn -0.2886951 0.9239164 0.2510650
vn -0.3826834 -0.9238795 0.0000000
vn 0.0000000 -0.0000000 -1.0000000
vn -0.3826834 -0.9238795 0.0000000
vn 0.0000000 0.0000000 1.0000000
vn -0.3826834 0.9238795 -0.0000000
vn 0.0000000 -0.0000000 -1.0000000
vn -0.3826834 0.9238795 -0.0000000
vn 0.0000000 0.0000000 1.0000000
vn 0.1045194 -0.0715996 -0.9919421
vn 0.1045194 -0.0715996 -0.9919421
vn 0.0999794 -0.0775572 0.9919622
vn 0.0999794 -0.0775572 0.9919622
vn 0.1808669 0.1217816 -0.9759387
vn 0.1808669 0.1217816 -0.9759387
vn 0.1808669 0.1217816 0.9759387
vn 0.1808669 0.1217816 0.9759387
vn -0.3826834 -0.9238795 0.0000000
vn 0.0000000 -0.0000000 -1.0000000
vn -0.3826834 -0.9238795 0.0000000
vn 0.0000000 0.0000000 1.0000000
vn -0.3826834 0.9238795 -0.0000000
vn 0.0000000 -0.0000000 -1.0000000
vn -0.3826834 0.9238795 -0.0000000
vn 0.0000000 0.0000000 1.0000000
vn 0.0000000 -0.0000000 -1.0000000
vn 0.3826834 0.9238795 -0.0000000
vn 0.0000000 0.0000000 1.0000000
vn 0.3826834 0.9238795 -0.0000000
vn 0.0000000 -0.0000000 -1.0000000
vn 0.3826834 -0.9238795 0.0000000
vn 0.0000000 0.0000000 1.0000000
vn 0.3826834 -0.9238795 0.0000000
vn 0.2528967 -0.9668063 -0.0364539
vn 0.2549037 -0.9667880 0.0185768
vn 0.1539064 -0.0220893 -0.9878385
vn 0.1539064 -0.0220893 -0.9878385
vn 0.2567267 -0.0368466 0.9657814
vn 0.2567267 -0.0368466 0.9657814
vn 0.3834010 0.0280488 -0.9231560
vn 0.3834010 0.0280488 -0.9231560
vn 0.2568558 0.0187910 0.9662670
vn 0.2568558 0.0187910 0.9662670
vn 0.2528967 0.9668063 -0.0364539
vn 0.2549037 0.9667880 0.0185768
vn 0.8299477 -0.4959698 -0.2553444
vn 0.8299477 -0.4959698 -0.2553444
vn 0.8299477 -0.4959698 -0.2553444
vn 0.7926649 -0.4722719 0.3855407
vn 0.7926649 -0.4722719 0.3855407
vn 0.7926649 -0.4722719 0.3855407
vn 0.8508689 0.5027278 -0.1526004
vn 0.8508689 0.5027278 -0.1526004
vn 0.8508689 0.5027278 -0.1526004
vn 0.8229708 0.5082462 0.2537809
vn 0.8229708 0.5082462 0.2537809
vn 0.8229708 0.5082462 0.2537809
vn -0.9676017 -0.0000000 -0.2524817
vn -0.9676017 -0.0000000 0.2524817
vn 0.9966377 -0.0710469 -0.0408119
vn 0.9966377 -0.0710469 -0.0408119
vn 0.9995671 -0.0194386 0.0220857
vn 0.9995671 -0.0194386 0.0220857
vn 0.9995671 -0.0194386 0.0220857
vn 0.9992107 0.0381220 -0.0111622
vn 0.9992107 0.0381220 -0.0111622
vn 0.9992107 0.0381220 -0.0111622
vn 0.9990295 0.0381151 0.0220739
vn 0.9990295 0.0381151 0.0220739
vn 0.9990295 0.0381151 0.0220739
vn -0.9202439 -0.2990054 -0.2524817
vn -0.9202439 -0.2990054 0.2524817
vn -0.9202439 0.2990054 -0.2524817
vn -0.9202439 0.2990054 0.2524817
vn 0.0096318 -0.9224687 -0.3859518
vn 0.0110672 -0.9666870 0.2557220
vn 0.0096318 -0.9224687 -0.3859518
vn 0.0110672 -0.9666870 0.2557220
vn 0.0131767 -0.0194417 -0.9997242
vn 0.0131767 -0.0194417 -0.9997242
vn 0.0067606 -0.0195693 0.9997856
vn 0.0067606 -0.0195693 0.9997856
vn 0.0131767 -0.0194417 -0.9997242
vn 0.0131767 -0.0194417 -0.9997242
vn 0.0067606 -0.0195693 0.9997856
vn 0.0067606 -0.0195693 0.9997856
vn 0.0131696 0.0381210 -0.9991863
vn 0.0131696 0.0381210 -0.9991863
vn 0.0255077 0.0376355 0.9989659
vn 0.0255077 0.0376355 0.9989659
vn 0.0131696 0.0381210 -0.9991863
vn 0.0131696 0.0381210 -0.9991863
vn 0.0255077 0.0376355 0.9989659
vn 0.0255077 0.0376355 0.9989659
vn 0.0096318 0.9224687 -0.3859518
vn 0.0110672 0.9666870 0.2557220
vn 0.0096318 0.9224687 -0.3859518
vn 0.0110672 0.9666870 0.2557220
vn -0.8725060 -0.0000000 -0.4886034
vn 0.0000000 -0.0000000 -1.0000000
vn -0.8725060 -0.0000000 0.4886034
vn 0.0000000 0.0000000 1.0000000
vn 0.0000000 -0.0000000 -1.0000000
vn 0.3826834 0.9238795 -0.0000000
vn 0.0000000 0.0000000 1.0000000
vn 0.3826834 0.9238795 -0.0000000
vn 0.0000000 -0.0000000 -1.0000000
vn 0.3826834 -0.9238795 0.0000000
vn 0.0000000 0.0000000 1.0000000
vn 0.3826834 -0.9238795 0.0000000
vn -0.8298025 -0.2696192 -0.4886034
vn 0.0000000 -0.0000000 -1.0000000
vn -0.8298025 -0.2696192 0.4886034
vn 0.0000000 0.0000000 1.0000000
vn -0.8298025 0.2696192 -0.4886034
vn 0.0000000 -0.0000000 -1.0000000
vn -0.8298025 0.2696192 0.4886034
vn 0.0000000 0.0000000 1.0000000
vn 0.9662825 -0.0621897 -0.2498612
vn 0.9662825 -0.0621897 -0.2498612
vn 0.9662670 -0.0187910 0.2568558
vn 0.9662670 -0.0187910 0.2568558
vn 0.9662670 -0.0187910 0.2568558
vn 0.9662825 -0.0621897 -0.2498612
vn 0.9662825 -0.0621897 -0.2498612
vn 0.9662670 -0.0187910 0.2568558
vn 0.9662670 -0.0187910 0.2568558
vn 0.9662670 -0.0187910 0.2568558
vn 0.9668305 0.0321470 -0.2533878
vn 0.9668305 0.0321470 -0.2533878
vn 0.9668305 0.0321470 -0.2533878
vn 0.9657814 0.0368466 0.2567267
vn 0.9657814 0.0368466 0.2567267
vn 0.9657814 0.0368466 0.2567267
vn 0.9668305 0.0321470 -0.2533878
vn 0.9668305 0.0321470 -0.2533878
vn 0.9668305 0.0321470 -0.2533878
vn 0.9657814 0.0368466 0.2567267
vn 0.9657814 0.0368466 0.2567267
vn 0.9657814 0.0368466 0.2567267
vn -0.7828062 -0.5687420 -0.2524817
vn -0.7828062 -0.5687420 0.2524817
vn -0.7828062 0.5687420 -0.2524817
vn -0.7828062 0.5687420 0.2524817
vn -0.7058722 -0.5128462 -0.4886034
vn 0.0000000 -0.0000000 -1.0000000
vn -0.7058722 -0.5128462 0.4886034
vn 0.0000000 0.0000000 1.0000000
vn -0.7058722 0.5128462 -0.4886034
vn 0.0000000 -0.0000000 -1.0000000
vn -0.7058722 0.5128462 0.4886034
vn 0.0000000 0.0000000 1.0000000
vn -0.1950903 -0.9807853 0.0000000
vn 0.0000000 -0.0000000 -1.0000000
vn -0.1950903 -0.9807853 0.0000000
vn 0.0000000 0.0000000 1.0000000
vn -0.1950903 0.9807853 -0.0000000
vn 0.0000000 -0.0000000 -1.0000000
vn -0.1950903 0.9807853 -0.0000000
vn 0.0000000 0.0000000 1.0000000
vn -0.1950903 -0.9807853 0.0000000
vn 0.0000000 -0.0000000 -1.0000000
vn -0.1950903 -0.9807853 0.0000000
vn 0.0000000 0.0000000 1.0000000
vn -0.1950903 0.9807853 -0.0000000
vn 0.0000000 -0.0000000 -1.0000000
vn -0.1950903 0.9807853 -0.0000000
vn 0.0000000 0.0000000 1.0000000
vn 0.0000000 -0.0000000 -1.0000000
vn 0.1950903 0.9807853 -0.0000000
vn 0.0000000 0.0000000 1.0000000
vn 0.1950903 0.9807853 -0.0000000
vn 0.0000000 -0.0000000 -1.0000000
vn 0.1950903 -0.9807853 0.0000000
vn 0.0000000 0.0000000 1.0000000
vn 0.1950903 -0.9807853 0.0000000
vn -0.5687420 -0.7828062 -0.2524817
vn -0.5687420 -0.7828062 0.2524817
vn -0.5687420 0.7828062 -0.2524817
vn -0.5687420 0.7828062 0.2524817
vn -0.5128462 -0.7058722 -0.4886034
vn 0.0000000 -0.0000000 -1.0000000
vn -0.5128462 -0.7058722 0.4886034
vn 0.0000000 0.0000000 1.0000000
vn -0.5128462 0.7058722 -0.4886034
vn 0.0000000 -0.0000000 -1.0000000
vn -0.5128462 0.7058722 0.4886034
vn 0.0000000 0.0000000 1.0000000
vn 0.0000000 -0.0000000 -1.0000000
vn 0.1950903 0.9807853 -0.0000000
vn 0.0000000 0.0000000 1.0000000
vn 0.1950903 0.9807853 -0.0000000
vn 0.0000000 -0.0000000 -1.0000000
vn 0.1950903 -0.9807853 0.0000000
vn 0.0000000 0.0000000 1.0000000
vn 0.1950903 -0.9807853 0.0000000
vn -0.2990054 -0.9202439 -0.2524817
vn -0.2990054 -0.9202439 0.2524817
vn -0.2990054 0.9202439 -0.2524817
vn -0.2990054 0.9202439 0.2524817
vn -0.2696192 -0.8298025 -0.4886034
vn 0.0000000 -0.0000000 -1.0000000
vn -0.2696192 -0.8298025 0.4886034
vn 0.0000000 0.0000000 1.0000000
vn -0.2696192 0.8298025 -0.4886034
vn 0.0000000 -0.0000000 -1.0000000
vn -0.2696192 0.8298025 0.4886034
vn 0.0000000 0.0000000 1.0000000
vn -0.9919421 -0.0097473 -0.1263162
vn -0.9919421 -0.0097473 -0.1263162
vn -0.9759235 -0.0296084 0.2160940
vn -0.9759235 -0.0296084 0.2160940
vn -0.9394404 0.0133283 -0.3424530
vn -0.9394404 0.0133283 -0.3424530
vn -0.9759387 0.0150325 0.2175261
vn -0.9759387 0.0150325 0.2175261
vn -0.2550062 -0.9593089 -0.1212366
vn -0.2510650 -0.9444826 0.2119409
vn -0.2553444 -0.0145486 -0.9667407
vn -0.2553444 -0.0145486 -0.9667407
vn -0.2553444 -0.0145486 -0.9667407
vn -0.2553444 -0.0145486 0.9667407
vn -0.2553444 -0.0145486 0.9667407
vn -0.2553444 -0.0145486 0.9667407
vn -0.2537809 0.0286687 -0.9668368
vn -0.2537809 0.0286687 -0.9668368
vn -0.2537809 0.0286687 -0.9668368
vn -0.2537809 0.0286687 0.9668368
vn -0.2537809 0.0286687 0.9668368
vn -0.2537809 0.0286687 0.9668368
vn -0.2550062 0.9593089 -0.1212366
vn -0.2510650 0.9444826 0.2119409
vn 0.0000000 -1.0000000 0.0000000
vn 0.0000000 -0.0000000 -1.0000000
vn 0.0000000 -1.0000000 0.0000000
vn 0.0000000 0.0000000 1.0000000
vn 0.0000000 -1.0000000 0.0000000
vn 0.0000000 -0.0000000 -1.0000000
vn 0.0000000 -1.0000000 0.0000000
vn 0.0000000 0.0000000 1.0000000
vn 0.0000000 -0.0000000 -1.0000000
vn -0.0000000 1.0000000 -0.0000000
vn 0.0000000 0.0000000 1.0000000
vn -0.0000000 1.0000000 -0.0000000
vn 0.0000000 -0.0000000 -1.0000000
vn -0.0000000 1.0000000 -0.0000000
vn 0.0000000 0.0000000 1.0000000
vn -0.0000000 1.0000000 -0.0000000
vn 0.0000000 -0.9676017 -0.2524817
vn 0.0000000 -0.9676017 0.2524817
vn 0.0000000 -0.8725060 -0.4886034
vn 0.0000000 -0.0000000 -1.0000000
vn 0.0000000 -0.8725060 0.4886034
vn 0.0000000 0.0000000 1.0000000
vn 0.0000000 -0.0000000 -1.0000000
vn 0.0000000 0.0000000 1.0000000
vn 0.0000000 -0.0000000 -1.0000000
vn -0.0000000 0.8725060 -0.4886034
vn 0.0000000 0.0000000 1.0000000
vn -0.0000000 0.8725060 0.4886034
vn -0.0000000 0.9676017 -0.2524817
vn -0.0000000 0.9676017 0.2524817
vn 0.0000000 -1.0000000 0.0000000
vn 0.0000000 -0.0000000 -1.0000000
vn 0.0000000 -1.0000000 0.0000000
vn 0.0000000 0.0000000 1.0000000
vn 0.0000000 -1.0000000 0.0000000
vn 0.0000000 -0.0000000 -1.0000000
vn 0.0000000 -1.0000000 0.0000000
vn 0.0000000 0.0000000 1.0000000
vn 0.0000000 -0.0000000 -1.0000000
vn -0.0000000 1.0000000 -0.0000000
vn 0.0000000 0.0000000 1.0000000
vn -0.0000000 1.0000000 -0.0000000
vn 0.0000000 -0.0000000 -1.0000000
vn -0.0000000 1.0000000 -0.0000000
vn 0.0000000 0.0000000 1.0000000
vn -0.0000000 1.0000000 -0.0000000
vn 0.2115618 -0.9269949 -0.3097130
vn 0.2319962 -0.9537252 0.1912747
vn 0.3855407 -0.0126670 -0.9226039
vn 0.3855407 -0.0126670 -0.9226039
vn 0.3855407 -0.0126670 -0.9226039
vn 0.3855407 -0.0126670 0.9226039
vn 0.3855407 -0.0126670 0.9226039
vn 0.3855407 -0.0126670 0.9226039
vn 0.1526004 0.0099406 -0.9882380
vn 0.1526004 0.0099406 -0.9882380
vn 0.1526004 0.0099406 -0.9882380
vn 0.1526004 0.0099406 0.9882380
vn 0.1526004 0.0099406 0.9882380
vn 0.1526004 0.0099406 0.9882380
vn 0.3144093 0.9132090 -0.2592221
vn 0.1479199 0.9650015 0.2165453
vn 0.9919622 -0.0171768 -0.1253633
vn 0.9919622 -0.0171768 -0.1253633
vn 0.9755960 -0.0168934 0.2189227
vn 0.9755960 -0.0168934 0.2189227
vn 0.9394404 0.0133283 -0.3424530
vn 0.9394404 0.0133283 -0.3424530
vn 0.9759387 0.0150325 0.2175261
vn 0.9759387 0.0150325 0.2175261
vn 0.0000000 -0.0000000 -1.0000000
vn 0.2696192 -0.8298025 -0.4886034
vn 0.0000000 0.0000000 1.0000000
vn 0.2696192 -0.8298025 0.4886034
vn 0.0000000 -0.0000000 -1.0000000
vn 0.2696192 0.8298025 -0.4886034
vn 0.0000000 0.0000000 1.0000000
vn 0.2696192 0.8298025 0.4886034
vn 0.2990054 -0.9202439 -0.2524817
vn 0.2990054 -0.9202439 0.2524817
vn 0.2990054 0.9202439 -0.2524817
vn 0.2990054 0.9202439 0.2524817
vn -0.1950903 0.9807853 -0.0000000
vn 0.0000000 -0.0000000 -1.0000000
vn -0.1950903 0.9807853 -0.0000000
vn 0.0000000 0.0000000 1.0000000
vn -0.1950903 -0.9807853 0.0000000
vn 0.0000000 -0.0000000 -1.0000000
vn -0.1950903 -0.9807853 0.0000000
vn 0.0000000 0.0000000 1.0000000
vn 0.0000000 -0.0000000 -1.0000000
vn 0.5128462 -0.7058722 -0.4886034
vn 0.0000000 0.0000000 1.0000000
vn 0.5128462 -0.7058722 0.4886034
vn 0.0000000 -0.0000000 -1.0000000
vn 0.5128462 0.7058722 -0.4886034
vn 0.0000000 0.0000000 1.0000000
vn 0.5128462 0.7058722 0.4886034
vn 0.5687420 -0.7828062 -0.2524817
vn 0.5687420 -0.7828062 0.2524817
vn 0.5687420 0.7828062 -0.2524817
vn 0.5687420 0.7828062 0.2524817
vn -0.1950903 0.9807853 -0.0000000
vn 0.0000000 -0.0000000 -1.0000000
vn -0.1950903 0.9807853 -0.0000000
vn 0.0000000 0.0000000 1.0000000
vn -0.1950903 -0.9807853 0.0000000
vn 0.0000000 -0.0000000 -1.0000000
vn -0.1950903 -0.9807853 0.0000000
vn 0.0000000 0.0000000 1.0000000
vn 0.0000000 -0.0000000 -1.0000000
vn 0.1950903 -0.9807853 0.0000000
vn 0.0000000 0.0000000 1.0000000
vn 0.1950903 -0.9807853 0.0000000
vn 0.0000000 -0.0000000 -1.0000000
vn 0.1950903 0.9807853 -0.0000000
vn 0.0000000 0.0000000 1.0000000
vn 0.1950903 0.9807853 -0.0000000
vn 0.0000000 -0.0000000 -1.0000000
vn 0.1950903 -0.9807853 0.0000000
vn 0.0000000 0.0000000 1.0000000
vn 0.1950903 -0.9807853 0.0000000
vn 0.0000000 -0.0000000 -1.0000000
vn 0.1950903 0.9807853 -0.0000000
vn 0.0000000 0.0000000 1.0000000
vn 0.1950903 0.9807853 -0.0000000
vn 0.0000000 -0.0000000 -1.0000000
vn 0.7058722 -0.5128462 -0.4886034
vn 0.0000000 0.0000000 1.0000000
vn 0.7058722 -0.5128462 0.4886034
vn 0.0000000 -0.0000000 -1.0000000
vn 0.7058722 0.5128462 -0.4886034
vn 0.0000000 0.0000000 1.0000000
vn 0.7058722 0.5128462 0.4886034
vn 0.7828062 -0.5687420 -0.2524817
vn 0.7828062 -0.5687420 0.2524817
vn 0.7828062 0.5687420 -0.2524817
vn 0.7828062 0.5687420 0.2524817
vn 0.0000000 -0.0000000 -1.0000000
vn 0.8298025 -0.2696192 -0.4886034
vn 0.0000000 0.0000000 1.0000000
vn 0.8298025 -0.2696192 0.4886034
vn 0.0000000 -0.0000000 -1.0000000
vn 0.8298025 0.2696192 -0.4886034
vn 0.0000000 0.0000000 1.0000000
vn 0.8298025 0.2696192 0.4886034
vn -0.3826834 0.9238795 -0.0000000
vn 0.0000000 -0.0000000 -1.0000000
vn -0.3826834 0.9238795 -0.0000000
vn 0.0000000 0.0000000 1.0000000
vn -0.3826834 -0.9238795 0.0000000
vn 0.0000000 -0.0000000 -1.0000000
vn -0.3826834 -0.9238795 0.0000000
vn 0.0000000 0.0000000 1.0000000
vn 0.0000000 -0.0000000 -1.0000000
vn 0.8725060 -0.0000000 -0.4886034
vn 0.8725060 0.0000000 -0.4886034
vn 0.0000000 0.0000000 1.0000000
vn 0.8725060 0.0000000 0.4886034
vn 0.8725060 0.0000000 0.4886034
vn 0.9202439 -0.2990054 -0.2524817
vn 0.9202439 -0.2990054 0.2524817
vn 0.9202439 0.2990054 -0.2524817
vn 0.9202439 0.2990054 0.2524817
vn 0.9676017 -0.0000000 -0.2524817
vn 0.9676017 0.0000000 -0.2524817
vn 0.9676017 0.0000000 0.2524817
vn 0.9676017 0.0000000 0.2524817
vn -0.7926649 -0.4722719 -0.3855407
vn -0.7926649 -0.4722719 -0.3855407
vn -0.7926649 -0.4722719 -0.3855407
vn -0.8299477 -0.4959698 0.2553444
vn -0.8299477 -0.4959698 0.2553444
vn -0.8299477 -0.4959698 0.2553444
vn -0.8229708 0.5082462 -0.2537809
vn -0.8229708 0.5082462 -0.2537809
vn -0.8229708 0.5082462 -0.2537809
vn -0.8508689 0.5027278 0.1526004
vn -0.8508689 0.5027278 0.1526004
vn -0.8508689 0.5027278 0.1526004
vn -0.3826834 0.9238795 -0.0000000
vn 0.0000000 -0.0000000 -1.0000000
vn -0.3826834 0.9238795 -0.0000000
vn 0.0000000 0.0000000 1.0000000
vn -0.3826834 -0.9238795 0.0000000
vn 0.0000000 -0.0000000 -1.0000000
vn -0.3826834 -0.9238795 0.0000000
vn 0.0000000 0.0000000 1.0000000
vn 0.0000000 -0.0000000 -1.0000000
vn 0.3826834 -0.9238795 0.0000000
vn 0.0000000 0.0000000 1.0000000
vn 0.3826834 -0.9238795 0.0000000
vn 0.0000000 -0.0000000 -1.0000000
vn 0.3826834 0.9238795 -0.0000000
vn 0.0000000 0.0000000 1.0000000
vn 0.3826834 0.9238795 -0.0000000
vn -0.0999794 -0.0775572 -0.9919622
vn -0.0999794 -0.0775572 -0.9919622
vn -0.1045194 -0.0715996 0.9919421
vn -0.1045194 -0.0715996 0.9919421
vn -0.1808669 0.1217816 -0.9759387
vn -0.1808669 0.1217816 -0.9759387
vn -0.1808669 0.1217816 0.9759387
vn -0.1808669 0.1217816 0.9759387
vn 0.0000000 -0.0000000 -1.0000000
vn 0.3826834 -0.9238795 0.0000000
vn 0.0000000 0.0000000 1.0000000
vn 0.3826834 -0.9238795 0.0000000
vn 0.0000000 -0.0000000 -1.0000000
vn 0.3826834 0.9238795 -0.0000000
vn 0.0000000 0.0000000 1.0000000
vn 0.3826834 0.9238795 -0.0000000
vn 0.1952781 -0.9576576 -0.2115618
vn 0.3746604 -0.8914042 0.2550062
vn 0.2886951 0.9239164 -0.2510650
vn 0.2949670 0.9439884 0.1479199
vn -0.5555702 0.8314696 -0.0000000
vn 0.0000000 -0.0000000 -1.0000000
vn -0.5555702 0.8314696 -0.0000000
vn 0.0000000 0.0000000 1.0000000
vn -0.5555702 -0.8314696 0.0000000
vn 0.0000000 -0.0000000 -1.0000000
vn -0.5555702 -0.8314696 0.0000000
vn 0.0000000 0.0000000 1.0000000
vn 0.1980393 0.0948312 -0.9755960
vn 0.1980393 0.0948312 -0.9755960
vn 0.2019471 0.0824053 0.9759235
vn 0.2019471 0.0824053 0.9759235
vn 0.3032372 -0.1596839 -0.9394404
vn 0.3032372 -0.1596839 -0.9394404
vn 0.3032372 -0.1596839 0.9394404
vn 0.3032372 -0.1596839 0.9394404
vn 0.6425113 -0.7303129 -0.2319962
vn 0.6557875 -0.7119755 0.2510650
vn 0.5846484 0.7701676 -0.2550062
vn 0.6810974 0.6612512 0.3144093
vn 0.8053319 0.4503320 -0.3855407
vn 0.8053319 0.4503320 -0.3855407
vn 0.8053319 0.4503320 -0.3855407
vn 0.8444963 0.4707709 0.2553444
vn 0.8444963 0.4707709 0.2553444
vn 0.8444963 0.4707709 0.2553444
vn 0.8516396 -0.4585906 -0.2537809
vn 0.8516396 -0.4585906 -0.2537809
vn 0.8516396 -0.4585906 -0.2537809
vn 0.8608095 -0.4855102 0.1526004
vn 0.8608095 -0.4855102 0.1526004
vn 0.8608095 -0.4855102 0.1526004
vn -0.7071068 0.7071068 -0.0000000
vn 0.0000000 -0.0000000 -1.0000000
vn -0.7071068 0.7071068 -0.0000000
vn 0.0000000 0.0000000 1.0000000
vn -0.7071068 -0.7071068 0.0000000
vn 0.0000000 -0.0000000 -1.0000000
vn -0.7071068 -0.7071068 0.0000000
vn 0.0000000 0.0000000 1.0000000
vn -0.5555702 0.8314696 -0.0000000
vn 0.0000000 -0.0000000 -1.0000000
vn -0.5555702 0.8314696 -0.0000000
vn 0.0000000 0.0000000 1.0000000
vn -0.5555702 -0.8314696 0.0000000
vn 0.0000000 -0.0000000 -1.0000000
vn -0.5555702 -0.8314696 0.0000000
vn 0.0000000 0.0000000 1.0000000
vn 0.0000000 -0.0000000 -1.0000000
vn 0.5555702 -0.8314696 0.0000000
vn 0.0000000 0.0000000 1.0000000
vn 0.5555702 -0.8314696 0.0000000
vn 0.0000000 -0.0000000 -1.0000000
vn 0.5555702 0.8314696 -0.0000000
vn 0.0000000 0.0000000 1.0000000
vn 0.5555702 0.8314696 -0.0000000
vn 0.0000000 -0.0000000 -1.0000000
vn 0.5555702 -0.8314696 0.0000000
vn 0.0000000 0.0000000 1.0000000
vn 0.5555702 -0.8314696 0.0000000
vn 0.0000000 -0.0000000 -1.0000000
vn 0.5555702 0.8314696 -0.0000000
vn 0.0000000 0.0000000 1.0000000
vn 0.5555702 0.8314696 -0.0000000
vn -0.8314696 0.5555702 -0.0000000
vn 0.0000000 -0.0000000 -1.0000000
vn -0.8314696 0.5555702 -0.0000000
vn 0.0000000 0.0000000 1.0000000
vn -0.8314696 -0.5555702 0.0000000
vn 0.0000000 -0.0000000 -1.0000000
vn -0.8314696 -0.5555702 0.0000000
vn 0.0000000 0.0000000 1.0000000
vn -0.7071068 0.7071068 -0.0000000
vn 0.0000000 -0.0000000 -1.0000000
vn -0.7071068 0.7071068 -0.0000000
vn 0.0000000 0.0000000 1.0000000
vn -0.7071068 -0.7071068 0.0000000
vn 0.0000000 -0.0000000 -1.0000000
vn -0.7071068 -0.7071068 0.0000000
vn 0.0000000 0.0000000 1.0000000
vn -0.9238795 0.3826834 -0.0000000
vn 0.0000000 -0.0000000 -1.0000000
vn -0.9238795 0.3826834 -0.0000000
vn 0.0000000 0.0000000 1.0000000
vn -0.9238795 -0.3826834 0.0000000
vn 0.0000000 -0.0000000 -1.0000000
vn -0.9238795 -0.3826834 0.0000000
vn 0.0000000 0.0000000 1.0000000
vn 0.0000000 -0.0000000 -1.0000000
vn 0.7071068 -0.7071068 0.0000000
vn 0.0000000 0.0000000 1.0000000
vn 0.7071068 -0.7071068 0.0000000
vn 0.0000000 -0.0000000 -1.0000000
vn 0.7071068 0.7071068 -0.0000000
vn 0.0000000 0.0000000 1.0000000
vn 0.7071068 0.7071068 -0.0000000
vn -0.4503320 -0.8053319 -0.3855407
vn -0.4503320 -0.8053319 -0.3855407
vn -0.4503320 -0.8053319 -0.3855407
vn -0.4707709 -0.8444963 0.2553444
vn -0.4707709 -0.8444963 0.2553444
vn -0.4707709 -0.8444963 0.2553444
vn -0.4585906 0.8516396 -0.2537809
vn -0.4585906 0.8516396 -0.2537809
vn -0.4585906 0.8516396 -0.2537809
vn -0.4855102 0.8608095 0.1526004
vn -0.4855102 0.8608095 0.1526004
vn -0.4855102 0.8608095 0.1526004
vn -0.0478061 -0.1171562 -0.9919622
vn -0.0478061 -0.1171562 -0.9919622
vn -0.0547167 -0.1142667 0.9919421
vn -0.0547167 -0.1142667 0.9919421
vn -0.0957446 0.1958994 -0.9759387
vn -0.0957446 0.1958994 -0.9759387
vn -0.0957446 0.1958994 0.9759387
vn -0.0957446 0.1958994 0.9759387
vn -0.9807853 0.1950903 -0.0000000
vn 0.0000000 -0.0000000 -1.0000000
vn -0.9807853 0.1950903 -0.0000000
vn 0.0000000 0.0000000 1.0000000
vn -0.9807853 -0.1950903 0.0000000
vn 0.0000000 -0.0000000 -1.0000000
vn -0.9807853 -0.1950903 0.0000000
vn 0.0000000 0.0000000 1.0000000
vn 0.0000000 -0.0000000 -1.0000000
vn 0.7071068 -0.7071068 0.0000000
vn 0.0000000 0.0000000 1.0000000
vn 0.7071068 -0.7071068 0.0000000
vn 0.0000000 -0.0000000 -1.0000000
vn 0.7071068 0.7071068 -0.0000000
vn 0.0000000 0.0000000 1.0000000
vn 0.7071068 0.7071068 -0.0000000
vn -1.0000000 0.0000000 0.0000000
vn -1.0000000 -0.0000000 0.0000000
vn 0.0000000 -0.0000000 -1.0000000
vn -1.0000000 0.0000000 0.0000000
vn -1.0000000 -0.0000000 0.0000000
vn 0.0000000 0.0000000 1.0000000
vn 0.6479446 -0.7317167 -0.2115618
vn 0.7701676 -0.5846484 0.2550062
vn 0.7119755 0.6557875 -0.2510650
vn 0.7274431 0.6700345 0.1479199
vn 0.1240915 0.1811459 -0.9755960
vn 0.1240915 0.1811459 -0.9755960
vn 0.1336886 0.1723387 0.9759235
vn 0.1336886 0.1723387 0.9759235
vn 0.1827692 -0.2899089 -0.9394404
vn 0.1827692 -0.2899089 -0.9394404
vn 0.1827692 -0.2899089 0.9394404
vn 0.1827692 -0.2899089 0.9394404
vn 0.4722719 0.7926649 -0.3855407
vn 0.4722719 0.7926649 -0.3855407
vn 0.4722719 0.7926649 -0.3855407
vn 0.4959698 0.8299477 0.2553444
vn 0.4959698 0.8299477 0.2553444
vn 0.4959698 0.8299477 0.2553444
vn 0.5082462 -0.8229708 -0.2537809
vn 0.5082462 -0.8229708 -0.2537809
vn 0.5082462 -0.8229708 -0.2537809
vn 0.5027278 -0.8508689 0.1526004
vn 0.5027278 -0.8508689 0.1526004
vn 0.5027278 -0.8508689 0.1526004
vn 0.9215876 -0.3112139 -0.2319962
vn 0.9239164 -0.2886951 0.2510650
vn 0.8914042 0.3746604 -0.2550062
vn 0.9204733 0.2321116 0.3144093
vn -0.8314696 0.5555702 -0.0000000
vn 0.0000000 -0.0000000 -1.0000000
vn -0.8314696 0.5555702 -0.0000000
vn 0.0000000 0.0000000 1.0000000
vn -0.8314696 -0.5555702 0.0000000
vn 0.0000000 -0.0000000 -1.0000000
vn -0.8314696 -0.5555702 0.0000000
vn 0.0000000 0.0000000 1.0000000
vn 0.0000000 -0.0000000 -1.0000000
vn 0.8314696 -0.5555702 0.0000000
vn 0.0000000 0.0000000 1.0000000
vn 0.8314696 -0.5555702 0.0000000
vn 0.0000000 -0.0000000 -1.0000000
vn 0.8314696 0.5555702 -0.0000000
vn 0.0000000 0.0000000 1.0000000
vn 0.8314696 0.5555702 -0.0000000
vn 0.0000000 -0.0000000 -1.0000000
vn 0.8314696 -0.5555702 0.0000000
vn 0.0000000 0.0000000 1.0000000
vn 0.8314696 -0.5555702 0.0000000
vn 0.0000000 -0.0000000 -1.0000000
vn 0.8314696 0.5555702 -0.0000000
vn 0.0000000 0.0000000 1.0000000
vn 0.8314696 0.5555702 -0.0000000
vn 0.0286687 -0.9668368 -0.2537809
vn 0.0286687 -0.9668368 -0.2537809
vn 0.0286687 -0.9668368 -0.2537809
vn 0.0099406 -0.9882380 0.1526004
vn 0.0099406 -0.9882380 0.1526004
vn 0.0099406 -0.9882380 0.1526004
vn 0.0133283 -0.3424530 -0.9394404
vn 0.0133283 -0.3424530 -0.9394404
vn 0.0133283 -0.3424530 0.9394404
vn 0.0133283 -0.3424530 0.9394404
vn 0.0150325 0.2175261 -0.9759387
vn 0.0150325 0.2175261 -0.9759387
vn 0.0150325 0.2175261 0.9759387
vn 0.0150325 0.2175261 0.9759387
vn 0.0286687 0.9668368 -0.2537809
vn 0.0286687 0.9668368 -0.2537809
vn 0.0286687 0.9668368 -0.2537809
vn 0.0099406 0.9882380 0.1526004
vn 0.0099406 0.9882380 0.1526004
vn 0.0099406 0.9882380 0.1526004
vn -0.9238795 0.3826834 -0.0000000
vn 0.0000000 -0.0000000 -1.0000000
vn -0.9238795 0.3826834 -0.0000000
vn 0.0000000 0.0000000 1.0000000
vn -0.9238795 -0.3826834 0.0000000
vn 0.0000000 -0.0000000 -1.0000000
vn -0.9238795 -0.3826834 0.0000000
vn 0.0000000 0.0000000 1.0000000
vn 0.9593089 -0.1212366 -0.2550062
vn 0.9132090 -0.2592221 0.3144093
vn 0.9444826 0.2119409 -0.2510650
vn 0.9650015 0.2165453 0.1479199
vn 0.0000000 -0.0000000 -1.0000000
vn 0.9238795 -0.3826834 0.0000000
vn 0.0000000 0.0000000 1.0000000
vn 0.9238795 -0.3826834 0.0000000
vn 0.0000000 -0.0000000 -1.0000000
vn 0.9238795 0.3826834 -0.0000000
vn 0.0000000 0.0000000 1.0000000
vn 0.9238795 0.3826834 -0.0000000
vn -0.9807853 0.1950903 -0.0000000
vn 0.0000000 -0.0000000 -1.0000000
vn -0.9807853 0.1950903 -0.0000000
vn 0.0000000 0.0000000 1.0000000
vn -0.9807853 -0.1950903 0.0000000
vn 0.0000000 -0.0000000 -1.0000000
vn -0.9807853 -0.1950903 0.0000000
vn 0.0000000 0.0000000 1.0000000
vn 0.0000000 -0.0000000 -1.0000000
vn 0.9238795 -0.3826834 0.0000000
vn 0.0000000 0.0000000 1.0000000
vn 0.9238795 -0.3826834 0.0000000
vn 0.0000000 -0.0000000 -1.0000000
vn 0.9238795 0.3826834 -0.0000000
vn 0.0000000 0.0000000 1.0000000
vn 0.9238795 0.3826834 -0.0000000
vn -1.0000000 0.0000000 0.0000000
vn -1.0000000 -0.0000000 0.0000000
vn 0.0000000 -0.0000000 -1.0000000
vn -1.0000000 0.0000000 0.0000000
vn -1.0000000 -0.0000000 0.0000000
vn 0.0000000 0.0000000 1.0000000
vn 0.0000000 -0.0000000 -1.0000000
vn 0.9807853 -0.1950903 0.0000000
vn 0.0000000 0.0000000 1.0000000
vn 0.9807853 -0.1950903 0.0000000
vn 0.0000000 -0.0000000 -1.0000000
vn 0.9807853 0.1950903 -0.0000000
vn 0.0000000 0.0000000 1.0000000
vn 0.9807853 0.1950903 -0.0000000
vn 0.0000000 -0.0000000 -1.0000000
vn 1.0000000 0.0000000 0.0000000
vn 1.0000000 0.0000000 -0.0000000
vn 0.0000000 0.0000000 1.0000000
vn 1.0000000 0.0000000 0.0000000
vn 1.0000000 0.0000000 -0.0000000
vn 0.0000000 -0.0000000 -1.0000000
vn 0.9807853 -0.1950903 0.0000000
vn 0.0000000 0.0000000 1.0000000
vn 0.9807853 -0.1950903 0.0000000
vn 0.0000000 -0.0000000 -1.0000000
vn 0.9807853 0.1950903 -0.0000000
vn 0.0000000 0.0000000 1.0000000
vn 0.9807853 0.1950903 -0.0000000
vn 0.0000000 -0.0000000 -1.0000000
vn 1.0000000 0.0000000 0.0000000
vn 1.0000000 0.0000000 -0.0000000
vn 0.0000000 0.0000000 1.0000000
vn 1.0000000 0.0000000 0.0000000
vn 1.0000000 0.0000000 -0.0000000
o 23_Carretilla_Iron
usemtl Iron
s 1
f 1271/1271/1271 1289/1289/1289 1254/1254/1254
f 1271/1271/1271 1297/1297/1297 1289/1289/1289
f 1254/1254/1254 1261/1261/1261 1234/1234/1234
f 1254/1254/1254 1289/1289/1289 1261/1261/1261
f 1234/1234/1234 1205/1205/1205 1190/1190/1190
f 1234/1234/1234 1261/1261/1261 1205/1205/1205
f 1190/1190/1190 1147/1147/1147 1096/1096/1096
f 1190/1190/1190 1205/1205/1205 1147/1147/1147
f 1096/1096/1096 1079/1079/1079 1064/1064/1064
f 1096/1096/1096 1147/1147/1147 1079/1079/1079
f 1064/1064/1064 1011/1011/1011 988/988/988
f 1064/1064/1064 1079/1079/1079 1011/1011/1011
f 988/988/988 925/925/925 910/910/910
f 988/988/988 1011/1011/1011 925/925/925
f 910/910/910 808/808/808 815/815/815
f 910/910/910 925/925/925 808/808/808
f 815/815/815 728/728/728 743/743/743
f 815/815/815 808/808/808 728/728/728
f 743/743/743 577/577/577 600/600/600
f 743/743/743 728/728/728 577/577/577
f 600/600/600 452/452/452 477/477/477
f 600/600/600 577/577/577 452/452/452
f 477/477/477 348/348/348 399/399/399
f 477/477/477 452/452/452 348/348/348
f 399/399/399 292/292/292 307/307/307
f 399/399/399 348/348/348 292/292/292
f 307/307/307 236/236/236 263/263/263
f 307/307/307 292/292/292 236/236/236
f 263/263/263 212/212/212 243/243/243
f 263/263/263 236/236/236 212/212/212
f 243/243/243 208/208/208 231/231/231
f 243/243/243 212/212/212 208/208/208
f 231/231/231 216/216/216 247/247/247
f 231/231/231 208/208/208 216/216/216
f 247/247/247 240/240/240 267/267/267
f 247/247/247 216/216/216 240/240/240
f 267/267/267 296/296/296 311/311/311
f 267/267/267 240/240/240 296/296/296
f 311/311/311 352/352/352 403/403/403
f 311/311/311 296/296/296 352/352/352
f 403/403/403 456/456/456 481/481/481
f 403/403/403 352/352/352 456/456/456
f 481/481/481 581/581/581 604/604/604
f 481/481/481 456/456/456 581/581/581
f 604/604/604 732/732/732 747/747/747
f 604/604/604 581/581/581 732/732/732
f 747/747/747 849/849/849 842/842/842
f 747/747/747 732/732/732 849/849/849
f 842/842/842 929/929/929 914/914/914
f 842/842/842 849/849/849 929/929/929
f 914/914/914 1015/1015/1015 992/992/992
f 914/914/914 929/929/929 1015/1015/1015
f 992/992/992 1083/1083/1083 1068/1068/1068
f 992/992/992 1015/1015/1015 1083/1083/1083
f 1068/1068/1068 1151/1151/1151 1100/1100/1100
f 1068/1068/1068 1083/1083/1083 1151/1151/1151
f 1100/1100/1100 1209/1209/1209 1194/1194/1194
f 1100/1100/1100 1151/1151/1151 1209/1209/1209
f 1194/1194/1194 1265/1265/1265 1238/1238/1238
f 1194/1194/1194 1209/1209/1209 1265/1265/1265
f 1238/1238/1238 1293/1293/1293 1258/1258/1258
f 1238/1238/1238 1265/1265/1265 1293/1293/1293
f 1258/1258/1258 1297/1297/1297 1271/1271/1271
f 1258/1258/1258 1293/1293/1293 1297/1297/1297
f 1298/1298/1298 1292/1292/1292 1290/1290/1290
f 1298/1298/1298 1301/1301/1301 1292/1292/1292
f 1290/1290/1290 1264/1264/1264 1262/1262/1262
f 1290/1290/1290 1292/1292/1292 1264/1264/1264
f 1262/1262/1262 1208/1208/1208 1206/1206/1206
f 1262/1262/1262 1264/1264/1264 1208/1208/1208
f 1206/1206/1206 1150/1150/1150 1148/1148/1148
f 1206/1206/1206 1208/1208/1208 1150/1150/1150
f 1148/1148/1148 1082/1082/1082 1080/1080/1080
f 1148/1148/1148 1150/1150/1150 1082/1082/1082
f 1080/1080/1080 1014/1014/1014 1012/1012/1012
f 1080/1080/1080 1082/1082/1082 1014/1014/1014
f 1012/1012/1012 928/928/928 926/926/926
f 1012/1012/1012 1014/1014/1014 928/928/928
f 926/926/926 809/809/809 807/807/807
f 926/926/926 928/928/928 809/809/809
f 807/807/807 729/729/729 727/727/727
f 807/807/807 809/809/809 729/729/729
f 727/727/727 578/578/578 576/576/576
f 727/727/727 729/729/729 578/578/578
f 576/576/576 453/453/453 451/451/451
f 576/576/576 578/578/578 453/453/453
f 451/451/451 349/349/349 347/347/347
f 451/451/451 453/453/453 349/349/349
f 347/347/347 293/293/293 291/291/291
f 347/347/347 349/349/349 293/293/293
f 291/291/291 237/237/237 235/235/235
f 291/291/291 293/293/293 237/237/237
f 235/235/235 213/213/213 211/211/211
f 235/235/235 237/237/237 213/213/213
f 211/211/211 209/209/209 207/207/207
f 211/211/211 213/213/213 209/209/209
f 207/207/207 217/217/217 215/215/215
f 207/207/207 209/209/209 217/217/217
f 215/215/215 241/241/241 239/239/239
f 215/215/215 217/217/217 241/241/241
f 239/239/239 297/297/297 295/295/295
f 239/239/239 241/241/241 297/297/297
f 295/295/295 353/353/353 351/351/351
f 295/295/295 297/297/297 353/353/353
f 351/351/351 457/457/457 455/455/455
f 351/351/351 353/353/353 457/457/457
f 455/455/455 582/582/582 580/580/580
f 455/455/455 457/457/457 582/582/582
f 580/580/580 733/733/733 731/731/731
f 580/580/580 582/582/582 733/733/733
f 731/731/731 852/852/852 850/850/850
f 731/731/731 733/733/733 852/852/852
f 850/850/850 932/932/932 930/930/930
f 850/850/850 852/852/852 932/932/932
f 930/930/930 1018/1018/1018 1016/1016/1016
f 930/930/930 932/932/932 1018/1018/1018
f 1016/1016/1016 1086/1086/1086 1084/1084/1084
f 1016/1016/1016 1018/1018/1018 1086/1086/1086
f 1084/1084/1084 1154/1154/1154 1152/1152/1152
f 1084/1084/1084 1086/1086/1086 1154/1154/1154
f 1152/1152/1152 1212/1212/1212 1210/1210/1210
f 1152/1152/1152 1154/1154/1154 1212/1212/1212
f 1210/1210/1210 1268/1268/1268 1266/1266/1266
f 1210/1210/1210 1212/1212/1212 1268/1268/1268
f 1266/1266/1266 1296/1296/1296 1294/1294/1294
f 1266/1266/1266 1268/1268/1268 1296/1296/1296
f 1294/1294/1294 1302/1302/1302 1299/1299/1299
f 1294/1294/1294 1296/1296/1296 1302/1302/1302
f 1300/1300/1300 1256/1256/1256 1291/1291/1291
f 1300/1300/1300 1274/1274/1274 1256/1256/1256
f 1291/1291/1291 1236/1236/1236 1263/1263/1263
f 1291/1291/1291 1256/1256/1256 1236/1236/1236
f 1263/1263/1263 1192/1192/1192 1207/1207/1207
f 1263/1263/1263 1236/1236/1236 1192/1192/1192
f 1207/1207/1207 1098/1098/1098 1149/1149/1149
f 1207/1207/1207 1192/1192/1192 1098/1098/1098
f 1149/1149/1149 1066/1066/1066 1081/1081/1081
f 1149/1149/1149 1098/1098/1098 1066/1066/1066
f 1081/1081/1081 990/990/990 1013/1013/1013
f 1081/1081/1081 1066/1066/1066 990/990/990
f 1013/1013/1013 912/912/912 927/927/927
f 1013/1013/1013 990/990/990 912/912/912
f 927/927/927 817/817/817 810/810/810
f 927/927/927 912/912/912 817/817/817
f 810/810/810 745/745/745 730/730/730
f 810/810/810 817/817/817 745/745/745
f 730/730/730 602/602/602 579/579/579
f 730/730/730 745/745/745 602/602/602
f 579/579/579 479/479/479 454/454/454
f 579/579/579 602/602/602 479/479/479
f 454/454/454 401/401/401 350/350/350
f 454/454/454 479/479/479 401/401/401
f 350/350/350 309/309/309 294/294/294
f 350/350/350 401/401/401 309/309/309
f 294/294/294 265/265/265 238/238/238
f 294/294/294 309/309/309 265/265/265
f 238/238/238 245/245/245 214/214/214
f 238/238/238 265/265/265 245/245/245
f 214/214/214 233/233/233 210/210/210
f 214/214/214 245/245/245 233/233/233
f 210/210/210 249/249/249 218/218/218
f 210/210/210 233/233/233 249/249/249
f 218/218/218 269/269/269 242/242/242
f 218/218/218 249/249/249 269/269/269
f 242/242/242 313/313/313 298/298/298
f 242/242/242 269/269/269 313/313/313
f 298/298/298 405/405/405 354/354/354
f 298/298/298 313/313/313 405/405/405
f 354/354/354 483/483/483 458/458/458
f 354/354/354 405/405/405 483/483/483
f 458/458/458 606/606/606 583/583/583
f 458/458/458 483/483/483 606/606/606
f 583/583/583 749/749/749 734/734/734
f 583/583/583 606/606/606 749/749/749
f 734/734/734 844/844/844 851/851/851
f 734/734/734 749/749/749 844/844/844
f 851/851/851 916/916/916 931/931/931
f 851/851/851 844/844/844 916/916/916
f 931/931/931 994/994/994 1017/1017/1017
f 931/931/931 916/916/916 994/994/994
f 1017/1017/1017 1070/1070/1070 1085/1085/1085
f 1017/1017/1017 994/994/994 1070/1070/1070
f 1085/1085/1085 1102/1102/1102 1153/1153/1153
f 1085/1085/1085 1070/1070/1070 1102/1102/1102
f 1153/1153/1153 1196/1196/1196 1211/1211/1211
f 1153/1153/1153 1102/1102/1102 1196/1196/1196
f 1211/1211/1211 1240/1240/1240 1267/1267/1267
f 1211/1211/1211 1196/1196/1196 1240/1240/1240
f 1267/1267/1267 1260/1260/1260 1295/1295/1295
f 1267/1267/1267 1240/1240/1240 1260/1260/1260
f 1295/1295/1295 1274/1274/1274 1300/1300/1300
f 1295/1295/1295 1260/1260/1260 1274/1274/1274
f 1272/1272/1272 1253/1253/1253 1255/1255/1255
f 1272/1272/1272 1269/1269/1269 1253/1253/1253
f 1255/1255/1255 1233/1233/1233 1235/1235/1235
f 1255/1255/1255 1253/1253/1253 1233/1233/1233
f 1235/1235/1235 1189/1189/1189 1191/1191/1191
f 1235/1235/1235 1233/1233/1233 1189/1189/1189
f 1191/1191/1191 1095/1095/1095 1097/1097/1097
f 1191/1191/1191 1189/1189/1189 1095/1095/1095
f 1097/1097/1097 1063/1063/1063 1065/1065/1065
f 1097/1097/1097 1095/1095/1095 1063/1063/1063
f 1065/1065/1065 987/987/987 989/989/989
f 1065/1065/1065 1063/1063/1063 987/987/987
f 989/989/989 909/909/909 911/911/911
f 989/989/989 987/987/987 909/909/909
f 911/911/911 816/816/816 818/818/818
f 911/911/911 909/909/909 816/816/816
f 818/818/818 744/744/744 746/746/746
f 818/818/818 816/816/816 744/744/744
f 746/746/746 601/601/601 603/603/603
f 746/746/746 744/744/744 601/601/601
f 603/603/603 478/478/478 480/480/480
f 603/603/603 601/601/601 478/478/478
f 480/480/480 400/400/400 402/402/402
f 480/480/480 478/478/478 400/400/400
f 402/402/402 308/308/308 310/310/310
f 402/402/402 400/400/400 308/308/308
f 310/310/310 264/264/264 266/266/266
f 310/310/310 308/308/308 264/264/264
f 266/266/266 244/244/244 246/246/246
f 266/266/266 264/264/264 244/244/244
f 246/246/246 232/232/232 234/234/234
f 246/246/246 244/244/244 232/232/232
f 234/234/234 248/248/248 250/250/250
f 234/234/234 232/232/232 248/248/248
f 250/250/250 268/268/268 270/270/270
f 250/250/250 248/248/248 268/268/268
f 270/270/270 312/312/312 314/314/314
f 270/270/270 268/268/268 312/312/312
f 314/314/314 404/404/404 406/406/406
f 314/314/314 312/312/312 404/404/404
f 406/406/406 482/482/482 484/484/484
f 406/406/406 404/404/404 482/482/482
f 484/484/484 605/605/605 607/607/607
f 484/484/484 482/482/482 605/605/605
f 607/607/607 748/748/748 750/750/750
f 607/607/607 605/605/605 748/748/748
f 750/750/750 841/841/841 843/843/843
f 750/750/750 748/748/748 841/841/841
f 843/843/843 913/913/913 915/915/915
f 843/843/843 841/841/841 913/913/913
f 915/915/915 991/991/991 993/993/993
f 915/915/915 913/913/913 991/991/991
f 993/993/993 1067/1067/1067 1069/1069/1069
f 993/993/993 991/991/991 1067/1067/1067
f 1069/1069/1069 1099/1099/1099 1101/1101/1101
f 1069/1069/1069 1067/1067/1067 1099/1099/1099
f 1101/1101/1101 1193/1193/1193 1195/1195/1195
f 1101/1101/1101 1099/1099/1099 1193/1193/1193
f 1195/1195/1195 1237/1237/1237 1239/1239/1239
f 1195/1195/1195 1193/1193/1193 1237/1237/1237
f 1239/1239/1239 1257/1257/1257 1259/1259/1259
f 1239/1239/1239 1237/1237/1237 1257/1257/1257
f 1259/1259/1259 1270/1270/1270 1273/1273/1273
f 1259/1259/1259 1257/1257/1257 1270/1270/1270
f 829/829/829 961/961/961 945/945/945
f 829/829/829 945/945/945 933/933/933
f 829/829/829 933/933/933 897/897/897
f 829/829/829 897/897/897 877/877/877
f 829/829/829 877/877/877 826/826/826
f 829/829/829 826/826/826 776/776/776
f 829/829/829 776/776/776 756/756/756
f 829/829/829 756/756/756 720/720/720
f 829/829/829 720/720/720 686/686/686
f 829/829/829 686/686/686 674/674/674
f 829/829/829 674/674/674 690/690/690
f 829/829/829 690/690/690 724/724/724
f 829/829/829 724/724/724 760/760/760
f 829/829/829 760/760/760 780/780/780
f 829/829/829 780/780/780 831/831/831
f 829/829/829 831/831/831 881/881/881
f 829/829/829 881/881/881 901/901/901
f 829/829/829 901/901/901 937/937/937
f 829/829/829 937/937/937 949/949/949
f 829/829/829 949/949/949 961/961/961
f 962/962/962 967/967/967 946/946/946
f 962/962/962 971/971/971 967/967/967
f 946/946/946 941/941/941 934/934/934
f 946/946/946 967/967/967 941/941/941
f 934/934/934 905/905/905 898/898/898
f 934/934/934 941/941/941 905/905/905
f 898/898/898 885/885/885 878/878/878
f 898/898/898 905/905/905 885/885/885
f 878/878/878 823/823/823 825/825/825
f 878/878/878 885/885/885 823/823/823
f 825/825/825 771/771/771 775/775/775
f 825/825/825 823/823/823 771/771/771
f 775/775/775 751/751/751 755/755/755
f 775/775/775 771/771/771 751/751/751
f 755/755/755 715/715/715 719/719/719
f 755/755/755 751/751/751 715/715/715
f 719/719/719 645/645/645 685/685/685
f 719/719/719 715/715/715 645/645/645
f 685/685/685 632/632/632 673/673/673
f 685/685/685 645/645/645 632/632/632
f 673/673/673 647/647/647 689/689/689
f 673/673/673 632/632/632 647/647/647
f 689/689/689 717/717/717 723/723/723
f 689/689/689 647/647/647 717/717/717
f 723/723/723 753/753/753 759/759/759
f 723/723/723 717/717/717 753/753/753
f 759/759/759 773/773/773 779/779/779
f 759/759/759 753/753/753 773/773/773
f 779/779/779 835/835/835 832/832/832
f 779/779/779 773/773/773 835/835/835
f 832/832/832 887/887/887 882/882/882
f 832/832/832 835/835/835 887/887/887
f 882/882/882 907/907/907 902/902/902
f 882/882/882 887/887/887 907/907/907
f 902/902/902 943/943/943 938/938/938
f 902/902/902 907/907/907 943/943/943
f 938/938/938 969/969/969 950/950/950
f 938/938/938 943/943/943 969/969/969
f 950/950/950 972/972/972 963/963/963
f 950/950/950 969/969/969 972/972/972
f 971/971/971 968/968/968 967/967/967
f 971/971/971 973/973/973 968/968/968
f 967/967/967 942/942/942 941/941/941
f 967/967/967 968/968/968 942/942/942
f 941/941/941 906/906/906 905/905/905
f 941/941/941 942/942/942 906/906/906
f 905/905/905 886/886/886 885/885/885
f 905/905/905 906/906/906 886/886/886
f 885/885/885 824/824/824 823/823/823
f 885/885/885 886/886/886 824/824/824
f 823/823/823 772/772/772 771/771/771
f 823/823/823 824/824/824 772/772/772
f 771/771/771 752/752/752 751/751/751
f 771/771/771 772/772/772 752/752/752
f 751/751/751 716/716/716 715/715/715
f 751/751/751 752/752/752 716/716/716
f 715/715/715 646/646/646 645/645/645
f 715/715/715 716/716/716 646/646/646
f 645/645/645 633/633/633 632/632/632
f 645/645/645 646/646/646 633/633/633
f 632/632/632 648/648/648 647/647/647
f 632/632/632 633/633/633 648/648/648
f 647/647/647 718/718/718 717/717/717
f 647/647/647 648/648/648 718/718/718
f 717/717/717 754/754/754 753/753/753
f 717/717/717 718/718/718 754/754/754
f 753/753/753 774/774/774 773/773/773
f 753/753/753 754/754/754 774/774/774
f 773/773/773 836/836/836 835/835/835
f 773/773/773 774/774/774 836/836/836
f 835/835/835 888/888/888 887/887/887
f 835/835/835 836/836/836 888/888/888
f 887/887/887 908/908/908 907/907/907
f 887/887/887 888/888/888 908/908/908
f 907/907/907 944/944/944 943/943/943
f 907/907/907 908/908/908 944/944/944
f 943/943/943 970/970/970 969/969/969
f 943/943/943 944/944/944 970/970/970
f 969/969/969 974/974/974 972/972/972
f 969/969/969 970/970/970 974/974/974
f 973/973/973 948/948/948 968/968/968
f 973/973/973 965/965/965 948/948/948
f 968/968/968 936/936/936 942/942/942
f 968/968/968 948/948/948 936/936/936
f 942/942/942 900/900/900 906/906/906
f 942/942/942 936/936/936 900/900/900
f 906/906/906 880/880/880 886/886/886
f 906/906/906 900/900/900 880/880/880
f 886/886/886 827/827/827 824/824/824
f 886/886/886 880/880/880 827/827/827
f 824/824/824 777/777/777 772/772/772
f 824/824/824 827/827/827 777/777/777
f 772/772/772 757/757/757 752/752/752
f 772/772/772 777/777/777 757/757/757
f 752/752/752 721/721/721 716/716/716
f 752/752/752 757/757/757 721/721/721
f 716/716/716 687/687/687 646/646/646
f 716/716/716 721/721/721 687/687/687
f 646/646/646 675/675/675 633/633/633
f 646/646/646 687/687/687 675/675/675
f 633/633/633 691/691/691 648/648/648
f 633/633/633 675/675/675 691/691/691
f 648/648/648 725/725/725 718/718/718
f 648/648/648 691/691/691 725/725/725
f 718/718/718 761/761/761 754/754/754
f 718/718/718 725/725/725 761/761/761
f 754/754/754 781/781/781 774/774/774
f 754/754/754 761/761/761 781/781/781
f 774/774/774 834/834/834 836/836/836
f 774/774/774 781/781/781 834/834/834
f 836/836/836 884/884/884 888/888/888
f 836/836/836 834/834/834 884/884/884
f 888/888/888 904/904/904 908/908/908
f 888/888/888 884/884/884 904/904/904
f 908/908/908 940/940/940 944/944/944
f 908/908/908 904/904/904 940/940/940
f 944/944/944 952/952/952 970/970/970
f 944/944/944 940/940/940 952/952/952
f 970/970/970 966/966/966 974/974/974
f 970/970/970 952/952/952 966/966/966
f 964/964/964 830/830/830 947/947/947
f 947/947/947 830/830/830 935/935/935
f 935/935/935 830/830/830 899/899/899
f 899/899/899 830/830/830 879/879/879
f 879/879/879 830/830/830 828/828/828
f 828/828/828 830/830/830 778/778/778
f 778/778/778 830/830/830 758/758/758
f 758/758/758 830/830/830 722/722/722
f 722/722/722 830/830/830 688/688/688
f 688/688/688 830/830/830 676/676/676
f 676/676/676 830/830/830 692/692/692
f 692/692/692 830/830/830 726/726/726
f 726/726/726 830/830/830 762/762/762
f 762/762/762 830/830/830 782/782/782
f 782/782/782 830/830/830 833/833/833
f 833/833/833 830/830/830 883/883/883
f 883/883/883 830/830/830 903/903/903
f 903/903/903 830/830/830 939/939/939
f 939/939/939 830/830/830 951/951/951
f 951/951/951 830/830/830 964/964/964
o 23_Carretilla_Wood
usemtl Wood
s 1
f 97/97/97 93/93/93 102/102/102
f 109/109/109 113/113/113 96/96/96
f 562/562/562 526/526/526 531/531/531
f 106/106/106 95/95/95 111/111/111
f 528/528/528 563/563/563 533/533/533
f 519/519/519 561/561/561 524/524/524
f 100/100/100 105/105/105 94/94/94
f 516/516/516 522/522/522 560/560/560
f 95/95/95 93/93/93 94/94/94
f 95/95/95 94/94/94 96/96/96
f 114/114/114 535/535/535 530/530/530
f 114/114/114 530/530/530 110/110/110
f 113/113/113 95/95/95 96/96/96
f 113/113/113 111/111/111 95/95/95
f 109/109/109 96/96/96 94/94/94
f 109/109/109 94/94/94 105/105/105
f 562/562/562 522/522/522 526/526/526
f 562/562/562 560/560/560 522/522/522
f 562/562/562 531/531/531 533/533/533
f 562/562/562 533/533/533 563/563/563
f 107/107/107 111/111/111 532/532/532
f 107/107/107 532/532/532 527/527/527
f 107/107/107 527/527/527 523/523/523
f 107/107/107 523/523/523 103/103/103
f 106/106/106 93/93/93 95/95/95
f 106/106/106 102/102/102 93/93/93
f 561/561/561 560/560/560 562/562/562
f 561/561/561 562/562/562 563/563/563
f 528/528/528 561/561/561 563/563/563
f 528/528/528 524/524/524 561/561/561
f 529/529/529 534/534/534 112/112/112
f 529/529/529 112/112/112 108/108/108
f 529/529/529 108/108/108 104/104/104
f 529/529/529 104/104/104 525/525/525
f 100/100/100 94/94/94 93/93/93
f 100/100/100 93/93/93 97/97/97
f 99/99/99 525/525/525 104/104/104
f 99/99/99 520/520/520 525/525/525
f 516/516/516 560/560/560 561/561/561
f 516/516/516 561/561/561 519/519/519
f 517/517/517 103/103/103 523/523/523
f 517/517/517 97/97/97 103/103/103
f 518/518/518 101/101/101 98/98/98
f 518/518/518 521/521/521 101/101/101
f 69/69/69 47/47/47 73/73/73
f 670/670/670 663/663/663 707/707/707
f 83/83/83 90/90/90 60/60/60
f 704/704/704 661/661/661 669/669/669
f 81/81/81 57/57/57 89/89/89
f 70/70/70 76/76/76 50/50/50
f 649/649/649 653/653/653 694/694/694
f 650/650/650 697/697/697 656/656/656
f 58/58/58 48/48/48 51/51/51
f 58/58/58 51/51/51 61/61/61
f 90/90/90 57/57/57 60/60/60
f 90/90/90 89/89/89 57/57/57
f 670/670/670 89/89/89 90/90/90
f 670/670/670 669/669/669 89/89/89
f 84/84/84 62/62/62 49/49/49
f 84/84/84 49/49/49 75/75/75
f 84/84/84 75/75/75 655/655/655
f 84/84/84 655/655/655 664/664/664
f 83/83/83 670/670/670 90/90/90
f 83/83/83 663/663/663 670/670/670
f 695/695/695 664/664/664 655/655/655
f 695/695/695 708/708/708 664/664/664
f 703/703/703 706/706/706 696/696/696
f 703/703/703 696/696/696 693/693/693
f 705/705/705 694/694/694 654/654/654
f 705/705/705 654/654/654 662/662/662
f 704/704/704 669/669/669 670/670/670
f 704/704/704 670/670/670 707/707/707
f 81/81/81 89/89/89 669/669/669
f 81/81/81 669/669/669 661/661/661
f 82/82/82 662/662/662 654/654/654
f 82/82/82 654/654/654 74/74/74
f 82/82/82 47/47/47 59/59/59
f 82/82/82 74/74/74 47/47/47
f 70/70/70 50/50/50 47/47/47
f 70/70/70 47/47/47 69/69/69
f 649/649/649 73/73/73 653/653/653
f 649/649/649 69/69/69 73/73/73
f 650/650/650 694/694/694 697/697/697
f 650/650/650 649/649/649 694/694/694
f 650/650/650 656/656/656 76/76/76
f 650/650/650 76/76/76 70/70/70
f 650/650/650 70/70/70 69/69/69
f 650/650/650 69/69/69 649/649/649
f 71/71/71 52/52/52 77/77/77
f 672/672/672 667/667/667 713/713/713
f 87/87/87 92/92/92 66/66/66
f 710/710/710 665/665/665 671/671/671
f 85/85/85 63/63/63 91/91/91
f 72/72/72 80/80/80 55/55/55
f 651/651/651 657/657/657 699/699/699
f 652/652/652 702/702/702 660/660/660
f 64/64/64 53/53/53 56/56/56
f 64/64/64 56/56/56 67/67/67
f 92/92/92 63/63/63 66/66/66
f 92/92/92 91/91/91 63/63/63
f 672/672/672 91/91/91 92/92/92
f 672/672/672 671/671/671 91/91/91
f 88/88/88 68/68/68 54/54/54
f 88/88/88 54/54/54 79/79/79
f 88/88/88 79/79/79 659/659/659
f 88/88/88 659/659/659 668/668/668
f 87/87/87 672/672/672 92/92/92
f 87/87/87 667/667/667 672/672/672
f 700/700/700 668/668/668 659/659/659
f 700/700/700 714/714/714 668/668/668
f 709/709/709 712/712/712 701/701/701
f 709/709/709 701/701/701 698/698/698
f 711/711/711 699/699/699 658/658/658
f 711/711/711 658/658/658 666/666/666
f 710/710/710 671/671/671 672/672/672
f 710/710/710 672/672/672 713/713/713
f 85/85/85 91/91/91 671/671/671
f 85/85/85 671/671/671 665/665/665
f 86/86/86 666/666/666 658/658/658
f 86/86/86 658/658/658 78/78/78
f 86/86/86 52/52/52 65/65/65
f 86/86/86 78/78/78 52/52/52
f 72/72/72 55/55/55 52/52/52
f 72/72/72 52/52/52 71/71/71
f 651/651/651 77/77/77 657/657/657
f 651/651/651 71/71/71 77/77/77
f 652/652/652 699/699/699 702/702/702
f 652/652/652 651/651/651 699/699/699
f 652/652/652 660/660/660 80/80/80
f 652/652/652 80/80/80 72/72/72
f 652/652/652 72/72/72 71/71/71
f 652/652/652 71/71/71 651/651/651
f 549/549/549 551/551/551 494/494/494
f 540/540/540 485/485/485 542/542/542
f 614/614/614 618/618/618 639/639/639
f 608/608/608 610/610/610 635/635/635
f 619/619/619 617/617/617 643/643/643
f 546/546/546 490/490/490 550/550/550
f 541/541/541 545/545/545 488/488/488
f 609/609/609 638/638/638 613/613/613
f 636/636/636 634/634/634 641/641/641
f 636/636/636 641/641/641 644/644/644
f 492/492/492 486/486/486 489/489/489
f 492/492/492 489/489/489 495/495/495
f 551/551/551 490/490/490 494/494/494
f 551/551/551 550/550/550 490/490/490
f 548/548/548 487/487/487 544/544/544
f 548/548/548 493/493/493 487/487/487
f 616/616/616 637/637/637 642/642/642
f 616/616/616 612/612/612 637/637/637
f 616/616/616 548/548/548 544/544/544
f 616/616/616 544/544/544 612/612/612
f 615/615/615 640/640/640 635/635/635
f 615/615/615 635/635/635 611/611/611
f 608/608/608 542/542/542 610/610/610
f 608/608/608 540/540/540 542/542/542
f 619/619/619 549/549/549 617/617/617
f 619/619/619 551/551/551 549/549/549
f 619/619/619 643/643/643 639/639/639
f 619/619/619 639/639/639 618/618/618
f 619/619/619 550/550/550 551/551/551
f 619/619/619 618/618/618 550/550/550
f 546/546/546 550/550/550 618/618/618
f 546/546/546 618/618/618 614/614/614
f 547/547/547 485/485/485 491/491/491
f 547/547/547 543/543/543 485/485/485
f 547/547/547 615/615/615 611/611/611
f 547/547/547 611/611/611 543/543/543
f 541/541/541 488/488/488 485/485/485
f 541/541/541 485/485/485 540/540/540
f 609/609/609 613/613/613 545/545/545
f 609/609/609 545/545/545 541/541/541
f 609/609/609 635/635/635 638/638/638
f 609/609/609 608/608/608 635/635/635
f 609/609/609 540/540/540 608/608/608
f 609/609/609 541/541/541 540/540/540
f 428/428/428 462/462/462 421/421/421
f 23/23/23 28/28/28 2/2/2
f 412/412/412 407/407/407 439/439/439
f 5/5/5 29/29/29 24/24/24
f 413/413/413 442/442/442 408/408/408
f 427/427/427 420/420/420 460/460/460
f 44/44/44 37/37/37 17/17/17
f 43/43/43 15/15/15 36/36/36
f 443/443/443 463/463/463 461/461/461
f 443/443/443 461/461/461 440/440/440
f 407/407/407 442/442/442 439/439/439
f 407/407/407 408/408/408 442/442/442
f 23/23/23 408/408/408 407/407/407
f 23/23/23 24/24/24 408/408/408
f 411/411/411 441/441/441 459/459/459
f 411/411/411 459/459/459 419/419/419
f 411/411/411 419/419/419 35/35/35
f 411/411/411 35/35/35 27/27/27
f 412/412/412 23/23/23 407/407/407
f 412/412/412 28/28/28 23/23/23
f 13/13/13 27/27/27 35/35/35
f 13/13/13 3/3/3 27/27/27
f 4/4/4 1/1/1 14/14/14
f 4/4/4 14/14/14 16/16/16
f 6/6/6 17/17/17 38/38/38
f 6/6/6 38/38/38 30/30/30
f 5/5/5 24/24/24 23/23/23
f 5/5/5 23/23/23 2/2/2
f 413/413/413 408/408/408 24/24/24
f 413/413/413 24/24/24 29/29/29
f 414/414/414 30/30/30 38/38/38
f 414/414/414 38/38/38 422/422/422
f 414/414/414 462/462/462 444/444/444
f 414/414/414 422/422/422 462/462/462
f 427/427/427 460/460/460 462/462/462
f 427/427/427 462/462/462 428/428/428
f 44/44/44 421/421/421 37/37/37
f 44/44/44 428/428/428 421/421/421
f 43/43/43 17/17/17 15/15/15
f 43/43/43 44/44/44 17/17/17
f 43/43/43 36/36/36 420/420/420
f 43/43/43 420/420/420 427/427/427
f 43/43/43 427/427/427 428/428/428
f 43/43/43 428/428/428 44/44/44
f 430/430/430 467/467/467 425/425/425
f 25/25/25 32/32/32 8/8/8
f 416/416/416 409/409/409 445/445/445
f 11/11/11 33/33/33 26/26/26
f 417/417/417 448/448/448 410/410/410
f 429/429/429 424/424/424 465/465/465
f 46/46/46 41/41/41 22/22/22
f 45/45/45 20/20/20 40/40/40
f 449/449/449 468/468/468 466/466/466
f 449/449/449 466/466/466 446/446/446
f 409/409/409 448/448/448 445/445/445
f 409/409/409 410/410/410 448/448/448
f 25/25/25 410/410/410 409/409/409
f 25/25/25 26/26/26 410/410/410
f 415/415/415 447/447/447 464/464/464
f 415/415/415 464/464/464 423/423/423
f 415/415/415 423/423/423 39/39/39
f 415/415/415 39/39/39 31/31/31
f 416/416/416 25/25/25 409/409/409
f 416/416/416 32/32/32 25/25/25
f 18/18/18 31/31/31 39/39/39
f 18/18/18 9/9/9 31/31/31
f 10/10/10 7/7/7 19/19/19
f 10/10/10 19/19/19 21/21/21
f 12/12/12 22/22/22 42/42/42
f 12/12/12 42/42/42 34/34/34
f 11/11/11 26/26/26 25/25/25
f 11/11/11 25/25/25 8/8/8
f 417/417/417 410/410/410 26/26/26
f 417/417/417 26/26/26 33/33/33
f 418/418/418 34/34/34 42/42/42
f 418/418/418 42/42/42 426/426/426
f 418/418/418 467/467/467 450/450/450
f 418/418/418 426/426/426 467/467/467
f 429/429/429 465/465/465 467/467/467
f 429/429/429 467/467/467 430/430/430
f 46/46/46 425/425/425 41/41/41
f 46/46/46 430/430/430 425/425/425
f 45/45/45 22/22/22 20/20/20
f 45/45/45 46/46/46 22/22/22
f 45/45/45 40/40/40 424/424/424
f 45/45/45 424/424/424 429/429/429
f 45/45/45 429/429/429 430/430/430
f 45/45/45 430/430/430 46/46/46
f 185/185/185 189/189/189 199/199/199
f 136/136/136 118/118/118 127/127/127
f 164/164/164 170/170/170 176/176/176
f 142/142/142 155/155/155 150/150/150
f 201/201/201 191/191/191 186/186/186
f 169/169/169 162/162/162 174/174/174
f 149/149/149 153/153/153 140/140/140
f 135/135/135 125/125/125 116/116/116
f 192/192/192 190/190/190 175/175/175
f 192/192/192 175/175/175 177/177/177
f 170/170/170 191/191/191 176/176/176
f 170/170/170 186/186/186 191/191/191
f 136/136/136 186/186/186 170/170/170
f 136/136/136 150/150/150 186/186/186
f 163/163/163 178/178/178 173/173/173
f 163/163/163 173/173/173 161/161/161
f 163/163/163 161/161/161 115/115/115
f 163/163/163 115/115/115 117/117/117
f 164/164/164 136/136/136 170/170/170
f 164/164/164 118/118/118 136/136/136
f 123/123/123 117/117/117 115/115/115
f 123/123/123 128/128/128 117/117/117
f 141/141/141 126/126/126 124/124/124
f 141/141/141 124/124/124 139/139/139
f 143/143/143 140/140/140 154/154/154
f 143/143/143 154/154/154 156/156/156
f 142/142/142 150/150/150 136/136/136
f 142/142/142 136/136/136 127/127/127
f 201/201/201 186/186/186 150/150/150
f 201/201/201 150/150/150 155/155/155
f 202/202/202 156/156/156 154/154/154
f 202/202/202 154/154/154 200/200/200
f 202/202/202 189/189/189 193/193/193
f 202/202/202 200/200/200 189/189/189
f 169/169/169 174/174/174 189/189/189
f 169/169/169 189/189/189 185/185/185
f 149/149/149 199/199/199 153/153/153
f 149/149/149 185/185/185 199/199/199
f 135/135/135 140/140/140 125/125/125
f 135/135/135 149/149/149 140/140/140
f 135/135/135 116/116/116 162/162/162
f 135/135/135 162/162/162 169/169/169
f 135/135/135 169/169/169 185/185/185
f 135/135/135 185/185/185 149/149/149
f 187/187/187 194/194/194 203/203/203
f 138/138/138 122/122/122 133/133/133
f 168/168/168 172/172/172 182/182/182
f 147/147/147 159/159/159 152/152/152
f 205/205/205 196/196/196 188/188/188
f 171/171/171 166/166/166 180/180/180
f 151/151/151 157/157/157 145/145/145
f 137/137/137 131/131/131 120/120/120
f 197/197/197 195/195/195 181/181/181
f 197/197/197 181/181/181 183/183/183
f 172/172/172 196/196/196 182/182/182
f 172/172/172 188/188/188 196/196/196
f 138/138/138 188/188/188 172/172/172
f 138/138/138 152/152/152 188/188/188
f 167/167/167 184/184/184 179/179/179
f 167/167/167 179/179/179 165/165/165
f 167/167/167 165/165/165 119/119/119
f 167/167/167 119/119/119 121/121/121
f 168/168/168 138/138/138 172/172/172
f 168/168/168 122/122/122 138/138/138
f 129/129/129 121/121/121 119/119/119
f 129/129/129 134/134/134 121/121/121
f 146/146/146 132/132/132 130/130/130
f 146/146/146 130/130/130 144/144/144
f 148/148/148 145/145/145 158/158/158
f 148/148/148 158/158/158 160/160/160
f 147/147/147 152/152/152 138/138/138
f 147/147/147 138/138/138 133/133/133
f 205/205/205 188/188/188 152/152/152
f 205/205/205 152/152/152 159/159/159
f 206/206/206 160/160/160 158/158/158
f 206/206/206 158/158/158 204/204/204
f 206/206/206 194/194/194 198/198/198
f 206/206/206 204/204/204 194/194/194
f 171/171/171 180/180/180 194/194/194
f 171/171/171 194/194/194 187/187/187
f 151/151/151 203/203/203 157/157/157
f 151/151/151 187/187/187 203/203/203
f 137/137/137 145/145/145 131/131/131
f 137/137/137 151/151/151 145/145/145
f 137/137/137 120/120/120 166/166/166
f 137/137/137 166/166/166 171/171/171
f 137/137/137 171/171/171 187/187/187
f 137/137/137 187/187/187 151/151/151
f 1157/1157/1157 1275/1275/1275 1140/1140/1140
f 1157/1157/1157 1283/1283/1283 1275/1275/1275
f 1140/1140/1140 1245/1245/1245 1104/1104/1104
f 1140/1140/1140 1275/1275/1275 1245/1245/1245
f 1104/1104/1104 1197/1197/1197 1088/1088/1088
f 1104/1104/1104 1245/1245/1245 1197/1197/1197
f 1088/1088/1088 1111/1111/1111 1056/1056/1056
f 1088/1088/1088 1197/1197/1197 1111/1111/1111
f 1056/1056/1056 1071/1071/1071 1024/1024/1024
f 1056/1056/1056 1111/1111/1111 1071/1071/1071
f 1024/1024/1024 995/995/995 954/954/954
f 1024/1024/1024 1071/1071/1071 995/995/995
f 954/954/954 917/917/917 890/890/890
f 954/954/954 995/995/995 917/917/917
f 890/890/890 812/812/812 819/819/819
f 890/890/890 917/917/917 812/812/812
f 819/819/819 736/736/736 763/763/763
f 819/819/819 812/812/812 736/736/736
f 763/763/763 593/593/593 677/677/677
f 763/763/763 736/736/736 593/593/593
f 677/677/677 470/470/470 564/564/564
f 677/677/677 593/593/593 470/470/470
f 564/564/564 384/384/384 496/496/496
f 564/564/564 470/470/470 384/384/384
f 496/496/496 300/300/300 431/431/431
f 496/496/496 384/384/384 300/300/300
f 431/431/431 252/252/252 391/391/391
f 431/431/431 300/300/300 252/252/252
f 391/391/391 224/224/224 355/355/355
f 391/391/391 252/252/252 224/224/224
f 355/355/355 220/220/220 343/343/343
f 355/355/355 224/224/224 220/220/220
f 343/343/343 228/228/228 359/359/359
f 343/343/343 220/220/220 228/228/228
f 359/359/359 256/256/256 395/395/395
f 359/359/359 228/228/228 256/256/256
f 395/395/395 304/304/304 435/435/435
f 395/395/395 256/256/256 304/304/304
f 435/435/435 388/388/388 500/500/500
f 435/435/435 304/304/304 388/388/388
f 500/500/500 474/474/474 568/568/568
f 500/500/500 388/388/388 474/474/474
f 568/568/568 597/597/597 681/681/681
f 568/568/568 474/474/474 597/597/597
f 681/681/681 740/740/740 767/767/767
f 681/681/681 597/597/597 740/740/740
f 767/767/767 845/845/845 838/838/838
f 767/767/767 740/740/740 845/845/845
f 838/838/838 921/921/921 894/894/894
f 838/838/838 845/845/845 921/921/921
f 894/894/894 999/999/999 958/958/958
f 894/894/894 921/921/921 999/999/999
f 958/958/958 1075/1075/1075 1028/1028/1028
f 958/958/958 999/999/999 1075/1075/1075
f 1028/1028/1028 1115/1115/1115 1060/1060/1060
f 1028/1028/1028 1075/1075/1075 1115/1115/1115
f 1060/1060/1060 1201/1201/1201 1092/1092/1092
f 1060/1060/1060 1115/1115/1115 1201/1201/1201
f 1092/1092/1092 1249/1249/1249 1108/1108/1108
f 1092/1092/1092 1201/1201/1201 1249/1249/1249
f 1108/1108/1108 1279/1279/1279 1144/1144/1144
f 1108/1108/1108 1249/1249/1249 1279/1279/1279
f 1144/1144/1144 1283/1283/1283 1157/1157/1157
f 1144/1144/1144 1279/1279/1279 1283/1283/1283
f 1284/1284/1284 1278/1278/1278 1276/1276/1276
f 1284/1284/1284 1287/1287/1287 1278/1278/1278
f 1276/1276/1276 1248/1248/1248 1246/1246/1246
f 1276/1276/1276 1278/1278/1278 1248/1248/1248
f 1246/1246/1246 1200/1200/1200 1198/1198/1198
f 1246/1246/1246 1248/1248/1248 1200/1200/1200
f 1198/1198/1198 1114/1114/1114 1112/1112/1112
f 1198/1198/1198 1200/1200/1200 1114/1114/1114
f 1112/1112/1112 1074/1074/1074 1072/1072/1072
f 1112/1112/1112 1114/1114/1114 1074/1074/1074
f 1072/1072/1072 998/998/998 996/996/996
f 1072/1072/1072 1074/1074/1074 998/998/998
f 996/996/996 920/920/920 918/918/918
f 996/996/996 998/998/998 920/920/920
f 918/918/918 813/813/813 811/811/811
f 918/918/918 920/920/920 813/813/813
f 811/811/811 737/737/737 735/735/735
f 811/811/811 813/813/813 737/737/737
f 735/735/735 594/594/594 592/592/592
f 735/735/735 737/737/737 594/594/594
f 592/592/592 471/471/471 469/469/469
f 592/592/592 594/594/594 471/471/471
f 469/469/469 385/385/385 383/383/383
f 469/469/469 471/471/471 385/385/385
f 383/383/383 301/301/301 299/299/299
f 383/383/383 385/385/385 301/301/301
f 299/299/299 253/253/253 251/251/251
f 299/299/299 301/301/301 253/253/253
f 251/251/251 225/225/225 223/223/223
f 251/251/251 253/253/253 225/225/225
f 223/223/223 221/221/221 219/219/219
f 223/223/223 225/225/225 221/221/221
f 219/219/219 229/229/229 227/227/227
f 219/219/219 221/221/221 229/229/229
f 227/227/227 257/257/257 255/255/255
f 227/227/227 229/229/229 257/257/257
f 255/255/255 305/305/305 303/303/303
f 255/255/255 257/257/257 305/305/305
f 303/303/303 389/389/389 387/387/387
f 303/303/303 305/305/305 389/389/389
f 387/387/387 475/475/475 473/473/473
f 387/387/387 389/389/389 475/475/475
f 473/473/473 598/598/598 596/596/596
f 473/473/473 475/475/475 598/598/598
f 596/596/596 741/741/741 739/739/739
f 596/596/596 598/598/598 741/741/741
f 739/739/739 848/848/848 846/846/846
f 739/739/739 741/741/741 848/848/848
f 846/846/846 924/924/924 922/922/922
f 846/846/846 848/848/848 924/924/924
f 922/922/922 1002/1002/1002 1000/1000/1000
f 922/922/922 924/924/924 1002/1002/1002
f 1000/1000/1000 1078/1078/1078 1076/1076/1076
f 1000/1000/1000 1002/1002/1002 1078/1078/1078
f 1076/1076/1076 1118/1118/1118 1116/1116/1116
f 1076/1076/1076 1078/1078/1078 1118/1118/1118
f 1116/1116/1116 1204/1204/1204 1202/1202/1202
f 1116/1116/1116 1118/1118/1118 1204/1204/1204
f 1202/1202/1202 1252/1252/1252 1250/1250/1250
f 1202/1202/1202 1204/1204/1204 1252/1252/1252
f 1250/1250/1250 1282/1282/1282 1280/1280/1280
f 1250/1250/1250 1252/1252/1252 1282/1282/1282
f 1280/1280/1280 1288/1288/1288 1285/1285/1285
f 1280/1280/1280 1282/1282/1282 1288/1288/1288
f 1286/1286/1286 1142/1142/1142 1277/1277/1277
f 1286/1286/1286 1160/1160/1160 1142/1142/1142
f 1277/1277/1277 1106/1106/1106 1247/1247/1247
f 1277/1277/1277 1142/1142/1142 1106/1106/1106
f 1247/1247/1247 1090/1090/1090 1199/1199/1199
f 1247/1247/1247 1106/1106/1106 1090/1090/1090
f 1199/1199/1199 1058/1058/1058 1113/1113/1113
f 1199/1199/1199 1090/1090/1090 1058/1058/1058
f 1113/1113/1113 1026/1026/1026 1073/1073/1073
f 1113/1113/1113 1058/1058/1058 1026/1026/1026
f 1073/1073/1073 956/956/956 997/997/997
f 1073/1073/1073 1026/1026/1026 956/956/956
f 997/997/997 892/892/892 919/919/919
f 997/997/997 956/956/956 892/892/892
f 919/919/919 821/821/821 814/814/814
f 919/919/919 892/892/892 821/821/821
f 814/814/814 765/765/765 738/738/738
f 814/814/814 821/821/821 765/765/765
f 738/738/738 679/679/679 595/595/595
f 738/738/738 765/765/765 679/679/679
f 595/595/595 566/566/566 472/472/472
f 595/595/595 679/679/679 566/566/566
f 472/472/472 498/498/498 386/386/386
f 472/472/472 566/566/566 498/498/498
f 386/386/386 433/433/433 302/302/302
f 386/386/386 498/498/498 433/433/433
f 302/302/302 393/393/393 254/254/254
f 302/302/302 433/433/433 393/393/393
f 254/254/254 357/357/357 226/226/226
f 254/254/254 393/393/393 357/357/357
f 226/226/226 345/345/345 222/222/222
f 226/226/226 357/357/357 345/345/345
f 222/222/222 361/361/361 230/230/230
f 222/222/222 345/345/345 361/361/361
f 230/230/230 397/397/397 258/258/258
f 230/230/230 361/361/361 397/397/397
f 258/258/258 437/437/437 306/306/306
f 258/258/258 397/397/397 437/437/437
f 306/306/306 502/502/502 390/390/390
f 306/306/306 437/437/437 502/502/502
f 390/390/390 570/570/570 476/476/476
f 390/390/390 502/502/502 570/570/570
f 476/476/476 683/683/683 599/599/599
f 476/476/476 570/570/570 683/683/683
f 599/599/599 769/769/769 742/742/742
f 599/599/599 683/683/683 769/769/769
f 742/742/742 840/840/840 847/847/847
f 742/742/742 769/769/769 840/840/840
f 847/847/847 896/896/896 923/923/923
f 847/847/847 840/840/840 896/896/896
f 923/923/923 960/960/960 1001/1001/1001
f 923/923/923 896/896/896 960/960/960
f 1001/1001/1001 1030/1030/1030 1077/1077/1077
f 1001/1001/1001 960/960/960 1030/1030/1030
f 1077/1077/1077 1062/1062/1062 1117/1117/1117
f 1077/1077/1077 1030/1030/1030 1062/1062/1062
f 1117/1117/1117 1094/1094/1094 1203/1203/1203
f 1117/1117/1117 1062/1062/1062 1094/1094/1094
f 1203/1203/1203 1110/1110/1110 1251/1251/1251
f 1203/1203/1203 1094/1094/1094 1110/1110/1110
f 1251/1251/1251 1146/1146/1146 1281/1281/1281
f 1251/1251/1251 1110/1110/1110 1146/1146/1146
f 1281/1281/1281 1160/1160/1160 1286/1286/1286
f 1281/1281/1281 1146/1146/1146 1160/1160/1160
f 1158/1158/1158 1139/1139/1139 1141/1141/1141
f 1158/1158/1158 1155/1155/1155 1139/1139/1139
f 1141/1141/1141 1103/1103/1103 1105/1105/1105
f 1141/1141/1141 1139/1139/1139 1103/1103/1103
f 1105/1105/1105 1087/1087/1087 1089/1089/1089
f 1105/1105/1105 1103/1103/1103 1087/1087/1087
f 1089/1089/1089 1055/1055/1055 1057/1057/1057
f 1089/1089/1089 1087/1087/1087 1055/1055/1055
f 1057/1057/1057 1023/1023/1023 1025/1025/1025
f 1057/1057/1057 1055/1055/1055 1023/1023/1023
f 1025/1025/1025 953/953/953 955/955/955
f 1025/1025/1025 1023/1023/1023 953/953/953
f 955/955/955 889/889/889 891/891/891
f 955/955/955 953/953/953 889/889/889
f 891/891/891 820/820/820 822/822/822
f 891/891/891 889/889/889 820/820/820
f 822/822/822 764/764/764 766/766/766
f 822/822/822 820/820/820 764/764/764
f 766/766/766 678/678/678 680/680/680
f 766/766/766 764/764/764 678/678/678
f 680/680/680 565/565/565 567/567/567
f 680/680/680 678/678/678 565/565/565
f 567/567/567 497/497/497 499/499/499
f 567/567/567 565/565/565 497/497/497
f 499/499/499 432/432/432 434/434/434
f 499/499/499 497/497/497 432/432/432
f 434/434/434 392/392/392 394/394/394
f 434/434/434 432/432/432 392/392/392
f 394/394/394 356/356/356 358/358/358
f 394/394/394 392/392/392 356/356/356
f 358/358/358 344/344/344 346/346/346
f 358/358/358 356/356/356 344/344/344
f 346/346/346 360/360/360 362/362/362
f 346/346/346 344/344/344 360/360/360
f 362/362/362 396/396/396 398/398/398
f 362/362/362 360/360/360 396/396/396
f 398/398/398 436/436/436 438/438/438
f 398/398/398 396/396/396 436/436/436
f 438/438/438 501/501/501 503/503/503
f 438/438/438 436/436/436 501/501/501
f 503/503/503 569/569/569 571/571/571
f 503/503/503 501/501/501 569/569/569
f 571/571/571 682/682/682 684/684/684
f 571/571/571 569/569/569 682/682/682
f 684/684/684 768/768/768 770/770/770
f 684/684/684 682/682/682 768/768/768
f 770/770/770 837/837/837 839/839/839
f 770/770/770 768/768/768 837/837/837
f 839/839/839 893/893/893 895/895/895
f 839/839/839 837/837/837 893/893/893
f 895/895/895 957/957/957 959/959/959
f 895/895/895 893/893/893 957/957/957
f 959/959/959 1027/1027/1027 1029/1029/1029
f 959/959/959 957/957/957 1027/1027/1027
f 1029/1029/1029 1059/1059/1059 1061/1061/1061
f 1029/1029/1029 1027/1027/1027 1059/1059/1059
f 1061/1061/1061 1091/1091/1091 1093/1093/1093
f 1061/1061/1061 1059/1059/1059 1091/1091/1091
f 1093/1093/1093 1107/1107/1107 1109/1109/1109
f 1093/1093/1093 1091/1091/1091 1107/1107/1107
f 1109/1109/1109 1143/1143/1143 1145/1145/1145
f 1109/1109/1109 1107/1107/1107 1143/1143/1143
f 1145/1145/1145 1156/1156/1156 1159/1159/1159
f 1145/1145/1145 1143/1143/1143 1156/1156/1156
f 1217/1217/1217 1242/1242/1242 1221/1221/1221
f 285/285/285 282/282/282 261/261/261
f 1224/1224/1224 1228/1228/1228 1243/1243/1243
f 262/262/262 283/283/283 288/288/288
f 1225/1225/1225 1244/1244/1244 1231/1231/1231
f 1214/1214/1214 1220/1220/1220 1241/1241/1241
f 275/275/275 279/279/279 260/260/260
f 272/272/272 259/259/259 278/278/278
f 1244/1244/1244 1242/1242/1242 1241/1241/1241
f 1244/1244/1244 1241/1241/1241 1243/1243/1243
f 1228/1228/1228 1244/1244/1244 1243/1243/1243
f 1228/1228/1228 1231/1231/1231 1244/1244/1244
f 286/286/286 1230/1230/1230 1227/1227/1227
f 286/286/286 289/289/289 1230/1230/1230
f 1224/1224/1224 1243/1243/1243 1241/1241/1241
f 1224/1224/1224 1241/1241/1241 1220/1220/1220
f 1223/1223/1223 1219/1219/1219 277/277/277
f 1223/1223/1223 277/277/277 281/281/281
f 1223/1223/1223 287/287/287 1229/1229/1229
f 1223/1223/1223 281/281/281 287/287/287
f 259/259/259 282/282/282 278/278/278
f 259/259/259 261/261/261 282/282/282
f 262/262/262 261/261/261 259/259/259
f 262/262/262 259/259/259 260/260/260
f 262/262/262 260/260/260 279/279/279
f 262/262/262 279/279/279 283/283/283
f 262/262/262 288/288/288 285/285/285
f 262/262/262 285/285/285 261/261/261
f 1226/1226/1226 1232/1232/1232 290/290/290
f 1226/1226/1226 290/290/290 284/284/284
f 1226/1226/1226 284/284/284 280/280/280
f 1226/1226/1226 280/280/280 1222/1222/1222
f 1225/1225/1225 1242/1242/1242 1244/1244/1244
f 1225/1225/1225 1221/1221/1221 1242/1242/1242
f 1214/1214/1214 1241/1241/1241 1242/1242/1242
f 1214/1214/1214 1242/1242/1242 1217/1217/1217
f 274/274/274 1222/1222/1222 280/280/280
f 274/274/274 1216/1216/1216 1222/1222/1222
f 272/272/272 260/260/260 259/259/259
f 272/272/272 275/275/275 260/260/260
f 271/271/271 277/277/277 1219/1219/1219
f 271/271/271 1219/1219/1219 1213/1213/1213
f 273/273/273 1215/1215/1215 1218/1218/1218
f 273/273/273 1218/1218/1218 276/276/276
f 1183/1183/1183 1188/1188/1188 1171/1171/1171
f 319/319/319 332/332/332 315/315/315
f 1136/1136/1136 1126/1126/1126 1163/1163/1163
f 316/316/316 333/333/333 322/322/322
f 1137/1137/1137 1164/1164/1164 1129/1129/1129
f 1180/1180/1180 1170/1170/1170 1187/1187/1187
f 375/375/375 365/365/365 340/340/340
f 372/372/372 339/339/339 364/364/364
f 1164/1164/1164 1188/1188/1188 1187/1187/1187
f 1164/1164/1164 1187/1187/1187 1163/1163/1163
f 1126/1126/1126 1164/1164/1164 1163/1163/1163
f 1126/1126/1126 1129/1129/1129 1164/1164/1164
f 320/320/320 1128/1128/1128 1125/1125/1125
f 320/320/320 323/323/323 1128/1128/1128
f 1136/1136/1136 1163/1163/1163 1187/1187/1187
f 1136/1136/1136 1187/1187/1187 1170/1170/1170
f 1135/1135/1135 1169/1169/1169 363/363/363
f 1135/1135/1135 363/363/363 331/331/331
f 1135/1135/1135 321/321/321 1127/1127/1127
f 1135/1135/1135 331/331/331 321/321/321
f 339/339/339 332/332/332 364/364/364
f 339/339/339 315/315/315 332/332/332
f 316/316/316 315/315/315 339/339/339
f 316/316/316 339/339/339 340/340/340
f 316/316/316 340/340/340 365/365/365
f 316/316/316 365/365/365 333/333/333
f 316/316/316 322/322/322 319/319/319
f 316/316/316 319/319/319 315/315/315
f 1138/1138/1138 1130/1130/1130 324/324/324
f 1138/1138/1138 324/324/324 334/334/334
f 1138/1138/1138 334/334/334 366/366/366
f 1138/1138/1138 366/366/366 1172/1172/1172
f 1137/1137/1137 1188/1188/1188 1164/1164/1164
f 1137/1137/1137 1171/1171/1171 1188/1188/1188
f 1180/1180/1180 1187/1187/1187 1188/1188/1188
f 1180/1180/1180 1188/1188/1188 1183/1183/1183
f 374/374/374 1172/1172/1172 366/366/366
f 374/374/374 1182/1182/1182 1172/1172/1172
f 372/372/372 340/340/340 339/339/339
f 372/372/372 375/375/375 340/340/340
f 371/371/371 363/363/363 1169/1169/1169
f 371/371/371 1169/1169/1169 1179/1179/1179
f 373/373/373 1181/1181/1181 1184/1184/1184
f 373/373/373 1184/1184/1184 376/376/376
f 1053/1053/1053 1042/1042/1042 1037/1037/1037
f 504/504/504 553/553/553 536/536/536
f 1008/1008/1008 982/982/982 1021/1021/1021
f 537/537/537 554/554/554 507/507/507
f 1009/1009/1009 1022/1022/1022 985/985/985
f 1050/1050/1050 1036/1036/1036 1041/1041/1041
f 624/624/624 586/586/586 573/573/573
f 621/621/621 572/572/572 585/585/585
f 1022/1022/1022 1042/1042/1042 1041/1041/1041
f 1022/1022/1022 1041/1041/1041 1021/1021/1021
f 982/982/982 1022/1022/1022 1021/1021/1021
f 982/982/982 985/985/985 1022/1022/1022
f 505/505/505 984/984/984 981/981/981
f 505/505/505 508/508/508 984/984/984
f 1008/1008/1008 1021/1021/1021 1041/1041/1041
f 1008/1008/1008 1041/1041/1041 1036/1036/1036
f 1007/1007/1007 1035/1035/1035 584/584/584
f 1007/1007/1007 584/584/584 552/552/552
f 1007/1007/1007 506/506/506 983/983/983
f 1007/1007/1007 552/552/552 506/506/506
f 572/572/572 553/553/553 585/585/585
f 572/572/572 536/536/536 553/553/553
f 537/537/537 536/536/536 572/572/572
f 537/537/537 572/572/572 573/573/573
f 537/537/537 573/573/573 586/586/586
f 537/537/537 586/586/586 554/554/554
f 537/537/537 507/507/507 504/504/504
f 537/537/537 504/504/504 536/536/536
f 1010/1010/1010 986/986/986 509/509/509
f 1010/1010/1010 509/509/509 555/555/555
f 1010/1010/1010 555/555/555 587/587/587
f 1010/1010/1010 587/587/587 1038/1038/1038
f 1009/1009/1009 1042/1042/1042 1022/1022/1022
f 1009/1009/1009 1037/1037/1037 1042/1042/1042
f 1050/1050/1050 1041/1041/1041 1042/1042/1042
f 1050/1050/1050 1042/1042/1042 1053/1053/1053
f 623/623/623 1038/1038/1038 587/587/587
f 623/623/623 1052/1052/1052 1038/1038/1038
f 621/621/621 573/573/573 572/572/572
f 621/621/621 624/624/624 573/573/573
f 620/620/620 584/584/584 1035/1035/1035
f 620/620/620 1035/1035/1035 1049/1049/1049
f 622/622/622 1051/1051/1051 1054/1054/1054
f 622/622/622 1054/1054/1054 625/625/625
f 862/862/862 867/867/867 873/873/873
f 796/796/796 786/786/786 792/792/792
f 790/790/790 803/803/803 806/806/806
f 854/854/854 871/871/871 858/858/858
f 875/875/875 868/868/868 865/865/865
f 800/800/800 788/788/788 805/805/805
f 856/856/856 869/869/869 853/853/853
f 794/794/794 791/791/791 784/784/784
f 868/868/868 867/867/867 805/805/805
f 868/868/868 805/805/805 806/806/806
f 803/803/803 868/868/868 806/806/806
f 803/803/803 865/865/865 868/868/868
f 797/797/797 864/864/864 802/802/802
f 797/797/797 859/859/859 864/864/864
f 790/790/790 806/806/806 805/805/805
f 790/790/790 805/805/805 788/788/788
f 789/789/789 787/787/787 783/783/783
f 789/789/789 783/783/783 785/785/785
f 789/789/789 798/798/798 804/804/804
f 789/789/789 785/785/785 798/798/798
f 791/791/791 786/786/786 784/784/784
f 791/791/791 792/792/792 786/786/786
f 854/854/854 792/792/792 791/791/791
f 854/854/854 791/791/791 853/853/853
f 854/854/854 853/853/853 869/869/869
f 854/854/854 869/869/869 871/871/871
f 854/854/854 858/858/858 796/796/796
f 854/854/854 796/796/796 792/792/792
f 876/876/876 866/866/866 860/860/860
f 876/876/876 860/860/860 872/872/872
f 876/876/876 872/872/872 870/870/870
f 876/876/876 870/870/870 874/874/874
f 875/875/875 867/867/867 868/868/868
f 875/875/875 873/873/873 867/867/867
f 800/800/800 805/805/805 867/867/867
f 800/800/800 867/867/867 862/862/862
f 855/855/855 874/874/874 870/870/870
f 855/855/855 861/861/861 874/874/874
f 794/794/794 853/853/853 791/791/791
f 794/794/794 856/856/856 853/853/853
f 793/793/793 783/783/783 787/787/787
f 793/793/793 787/787/787 799/799/799
f 795/795/795 801/801/801 863/863/863
f 795/795/795 863/863/863 857/857/857
f 511/511/511 538/538/538 556/556/556
f 1046/1046/1046 1034/1034/1034 1040/1040/1040
f 591/591/591 630/630/630 575/575/575
f 1039/1039/1039 1031/1031/1031 1043/1043/1043
f 588/588/588 574/574/574 627/627/627
f 514/514/514 559/559/559 539/539/539
f 976/976/976 1003/1003/1003 1019/1019/1019
f 979/979/979 1020/1020/1020 1006/1006/1006
f 574/574/574 538/538/538 539/539/539
f 574/574/574 539/539/539 575/575/575
f 630/630/630 574/574/574 575/575/575
f 630/630/630 627/627/627 574/574/574
f 1047/1047/1047 626/626/626 629/629/629
f 1047/1047/1047 1044/1044/1044 626/626/626
f 591/591/591 575/575/575 539/539/539
f 591/591/591 539/539/539 559/559/559
f 590/590/590 558/558/558 1005/1005/1005
f 590/590/590 1005/1005/1005 1033/1033/1033
f 590/590/590 1048/1048/1048 631/631/631
f 590/590/590 1033/1033/1033 1048/1048/1048
f 1020/1020/1020 1034/1034/1034 1006/1006/1006
f 1020/1020/1020 1040/1040/1040 1034/1034/1034
f 1039/1039/1039 1040/1040/1040 1020/1020/1020
f 1039/1039/1039 1020/1020/1020 1019/1019/1019
f 1039/1039/1039 1019/1019/1019 1003/1003/1003
f 1039/1039/1039 1003/1003/1003 1031/1031/1031
f 1039/1039/1039 1043/1043/1043 1046/1046/1046
f 1039/1039/1039 1046/1046/1046 1040/1040/1040
f 589/589/589 628/628/628 1045/1045/1045
f 589/589/589 1045/1045/1045 1032/1032/1032
f 589/589/589 1032/1032/1032 1004/1004/1004
f 589/589/589 1004/1004/1004 557/557/557
f 588/588/588 538/538/538 574/574/574
f 588/588/588 556/556/556 538/538/538
f 514/514/514 539/539/539 538/538/538
f 514/514/514 538/538/538 511/511/511
f 975/975/975 557/557/557 1004/1004/1004
f 975/975/975 510/510/510 557/557/557
f 979/979/979 1019/1019/1019 1020/1020/1020
f 979/979/979 976/976/976 1019/1019/1019
f 978/978/978 1005/1005/1005 558/558/558
f 978/978/978 558/558/558 513/513/513
f 980/980/980 515/515/515 512/512/512
f 980/980/980 512/512/512 977/977/977
f 326/326/326 317/317/317 335/335/335
f 1176/1176/1176 1168/1168/1168 1186/1186/1186
f 370/370/370 381/381/381 342/342/342
f 1185/1185/1185 1165/1165/1165 1173/1173/1173
f 367/367/367 341/341/341 378/378/378
f 329/329/329 338/338/338 318/318/318
f 1120/1120/1120 1131/1131/1131 1161/1161/1161
f 1123/1123/1123 1162/1162/1162 1134/1134/1134
f 341/341/341 317/317/317 318/318/318
f 341/341/341 318/318/318 342/342/342
f 381/381/381 341/341/341 342/342/342
f 381/381/381 378/378/378 341/341/341
f 1177/1177/1177 377/377/377 380/380/380
f 1177/1177/1177 1174/1174/1174 377/377/377
f 370/370/370 342/342/342 318/318/318
f 370/370/370 318/318/318 338/338/338
f 369/369/369 337/337/337 1133/1133/1133
f 369/369/369 1133/1133/1133 1167/1167/1167
f 369/369/369 1178/1178/1178 382/382/382
f 369/369/369 1167/1167/1167 1178/1178/1178
f 1162/1162/1162 1168/1168/1168 1134/1134/1134
f 1162/1162/1162 1186/1186/1186 1168/1168/1168
f 1185/1185/1185 1186/1186/1186 1162/1162/1162
f 1185/1185/1185 1162/1162/1162 1161/1161/1161
f 1185/1185/1185 1161/1161/1161 1131/1131/1131
f 1185/1185/1185 1131/1131/1131 1165/1165/1165
f 1185/1185/1185 1173/1173/1173 1176/1176/1176
f 1185/1185/1185 1176/1176/1176 1186/1186/1186
f 368/368/368 379/379/379 1175/1175/1175
f 368/368/368 1175/1175/1175 1166/1166/1166
f 368/368/368 1166/1166/1166 1132/1132/1132
f 368/368/368 1132/1132/1132 336/336/336
f 367/367/367 317/317/317 341/341/341
f 367/367/367 335/335/335 317/317/317
f 329/329/329 318/318/318 317/317/317
f 329/329/329 317/317/317 326/326/326
f 1119/1119/1119 336/336/336 1132/1132/1132
f 1119/1119/1119 325/325/325 336/336/336
f 1123/1123/1123 1161/1161/1161 1162/1162/1162
f 1123/1123/1123 1120/1120/1120 1161/1161/1161
f 1122/1122/1122 1133/1133/1133 337/337/337
f 1122/1122/1122 337/337/337 328/328/328
f 1124/1124/1124 330/330/330 327/327/327
f 1124/1124/1124 327/327/327 1121/1121/1121
