# metres; Y up; ground-centred pivot
mtllib 24_Pozo.mtl
v -0.9700000 1.5404000 0.0000000
v -0.9700000 1.5404000 0.0000000
v -0.9700000 1.5462536 -0.0369584
v -0.9700000 1.5462536 -0.0369584
v -0.9700000 1.5462536 0.0369584
v -0.9700000 1.5462536 0.0369584
v -0.9700000 1.5632416 -0.0702991
v -0.9700000 1.5632416 -0.0702991
v -0.9700000 1.5632416 0.0702991
v -0.9700000 1.5632416 0.0702991
v -0.9700000 1.5897009 -0.0967584
v -0.9700000 1.5897009 -0.0967584
v -0.9700000 1.5897009 0.0967584
v -0.9700000 1.5897009 0.0967584
v -0.9700000 1.6230416 -0.1137464
v -0.9700000 1.6230416 -0.1137464
v -0.9700000 1.6230416 0.1137464
v -0.9700000 1.6230416 0.1137464
v -0.9700000 1.6600000 -0.1196000
v -0.9700000 1.6600000 -0.1196000
v -0.9700000 1.6600000 0.0000000
v -0.9700000 1.6600000 0.1196000
v -0.9700000 1.6600000 0.1196000
v -0.9700000 1.6969584 -0.1137464
v -0.9700000 1.6969584 -0.1137464
v -0.9700000 1.6969584 0.1137464
v -0.9700000 1.6969584 0.1137464
v -0.9700000 1.7302991 -0.0967584
v -0.9700000 1.7302991 -0.0967584
v -0.9700000 1.7302991 0.0967584
v -0.9700000 1.7302991 0.0967584
v -0.9700000 1.7567584 -0.0702991
v -0.9700000 1.7567584 -0.0702991
v -0.9700000 1.7567584 0.0702991
v -0.9700000 1.7567584 0.0702991
v -0.9700000 1.7737464 -0.0369584
v -0.9700000 1.7737464 -0.0369584
v -0.9700000 1.7737464 0.0369584
v -0.9700000 1.7737464 0.0369584
v -0.9700000 1.7796000 0.0000000
v -0.9700000 1.7796000 0.0000000
v -0.9700000 1.7796000 -0.0000000
v -0.9600000 0.8000000 0.0000000
v -0.9600000 0.9100000 0.0000000
v -0.9600000 0.9100000 0.0000000
v -0.9550000 1.5300000 0.0000000
v -0.9550000 1.5363627 -0.0401722
v -0.9550000 1.5363627 0.0401722
v -0.9550000 1.5548278 -0.0764121
v -0.9550000 1.5548278 0.0764121
v -0.9550000 1.5835879 -0.1051722
v -0.9550000 1.5835879 0.1051722
v -0.9550000 1.6198278 -0.1236373
v -0.9550000 1.6198278 0.1236373
v -0.9550000 1.6600000 -0.1300000
v -0.9550000 1.6600000 0.1300000
v -0.9550000 1.7001722 -0.1236373
v -0.9550000 1.7001722 0.1236373
v -0.9550000 1.7364121 -0.1051722
v -0.9550000 1.7364121 0.1051722
v -0.9550000 1.7651722 -0.0764121
v -0.9550000 1.7651722 0.0764121
v -0.9550000 1.7836373 -0.0401722
v -0.9550000 1.7836373 0.0401722
v -0.9550000 1.7900000 0.0000000
v -0.9550000 1.7900000 -0.0000000
v -0.9500000 0.0800000 0.0000000
v -0.9440518 0.8000000 -0.1619250
v -0.9440518 0.8000000 0.1619250
v -0.9440518 0.9100000 -0.1619250
v -0.9440518 0.9100000 -0.1619250
v -0.9440518 0.9100000 0.1619250
v -0.9440518 0.9100000 0.1619250
v -0.9400000 0.6750000 -0.0450000
v -0.9400000 0.6750000 0.0450000
v -0.9400000 1.9250000 -0.0450000
v -0.9400000 1.9250000 0.0450000
v -0.9342439 0.0800000 -0.1599741
v -0.9342439 0.0800000 0.1599741
v -0.9300000 0.0000000 0.0000000
v -0.9300000 0.0000000 0.0000000
v -0.9200000 0.7600000 0.0000000
v -0.9150000 0.6500000 -0.0450000
v -0.9150000 0.6500000 -0.0450000
v -0.9150000 0.6500000 0.0450000
v -0.9150000 0.6500000 0.0450000
v -0.9150000 0.6500000 0.0450000
v -0.9150000 0.6750000 -0.0700000
v -0.9150000 0.6750000 -0.0700000
v -0.9150000 0.6750000 0.0700000
v -0.9150000 0.6750000 0.0700000
v -0.9150000 1.9250000 -0.0700000
v -0.9150000 1.9250000 -0.0700000
v -0.9150000 1.9250000 0.0700000
v -0.9150000 1.9250000 0.0700000
v -0.9150000 1.9500000 -0.0450000
v -0.9150000 1.9500000 -0.0450000
v -0.9150000 1.9500000 0.0450000
v -0.9150000 1.9500000 0.0450000
v -0.9150000 1.9500000 0.0450000
v -0.9146282 0.0000000 -0.1560723
v -0.9146282 0.0000000 -0.1560723
v -0.9146282 0.0000000 0.1560723
v -0.9146282 0.0000000 0.1560723
v -0.9048204 0.7600000 -0.1541214
v -0.9048204 0.7600000 0.1541214
v -0.8968200 0.8000000 -0.3176272
v -0.8968200 0.8000000 0.3176272
v -0.8968200 0.9100000 -0.3176272
v -0.8968200 0.9100000 -0.3176272
v -0.8968200 0.9100000 0.3176272
v -0.8968200 0.9100000 0.3176272
v -0.8875812 0.0800000 -0.3138004
v -0.8875812 0.0800000 0.3138004
v -0.8691036 0.0000000 -0.3061467
v -0.8691036 0.0000000 -0.3061467
v -0.8691036 0.0000000 0.3061467
v -0.8691036 0.0000000 0.3061467
v -0.8598648 0.7600000 -0.3023199
v -0.8598648 0.7600000 0.3023199
v -0.8250000 0.6500000 -0.0450000
v -0.8250000 0.6500000 -0.0450000
v -0.8250000 0.6500000 -0.0450000
v -0.8250000 0.6500000 0.0450000
v -0.8250000 0.6500000 0.0450000
v -0.8250000 0.6750000 -0.0700000
v -0.8250000 0.6750000 -0.0700000
v -0.8250000 0.6750000 0.0700000
v -0.8250000 0.6750000 0.0700000
v -0.8250000 1.9250000 -0.0700000
v -0.8250000 1.9250000 -0.0700000
v -0.8250000 1.9250000 0.0700000
v -0.8250000 1.9250000 0.0700000
v -0.8250000 1.9500000 -0.0450000
v -0.8250000 1.9500000 -0.0450000
v -0.8250000 1.9500000 -0.0450000
v -0.8250000 1.9500000 0.0450000
v -0.8250000 1.9500000 0.0450000
v -0.8201198 0.8000000 -0.4611233
v -0.8201198 0.8000000 0.4611233
v -0.8201198 0.9100000 -0.4611233
v -0.8201198 0.9100000 -0.4611233
v -0.8201198 0.9100000 0.4611233
v -0.8201198 0.9100000 0.4611233
v -0.8118051 0.0800000 -0.4555676
v -0.8118051 0.0800000 0.4555676
v -0.8000000 0.6750000 -0.0450000
v -0.8000000 0.6750000 0.0450000
v -0.8000000 1.9250000 -0.0450000
v -0.8000000 1.9250000 0.0450000
v -0.7951757 0.0000000 -0.4444562
v -0.7951757 0.0000000 -0.4444562
v -0.7951757 0.0000000 0.4444562
v -0.7951757 0.0000000 0.4444562
v -0.7868610 0.7600000 -0.4389005
v -0.7868610 0.7600000 0.4389005
v -0.7300000 0.0000000 0.0000000
v -0.7300000 0.0000000 0.0000000
v -0.7300000 0.9100000 0.0000000
v -0.7300000 0.9100000 0.0000000
v -0.7184712 0.0000000 -0.1170542
v -0.7184712 0.0000000 -0.1170542
v -0.7184712 0.0000000 0.1170542
v -0.7184712 0.0000000 0.1170542
v -0.7184712 0.9100000 -0.1170542
v -0.7184712 0.9100000 -0.1170542
v -0.7184712 0.9100000 0.1170542
v -0.7184712 0.9100000 0.1170542
v -0.7168986 0.8000000 -0.5868986
v -0.7168986 0.8000000 0.5868986
v -0.7168986 0.9100000 -0.5868986
v -0.7168986 0.9100000 -0.5868986
v -0.7168986 0.9100000 0.5868986
v -0.7168986 0.9100000 0.5868986
v -0.7098276 0.0800000 -0.5798276
v -0.7098276 0.0800000 0.5798276
v -0.6956854 0.0000000 -0.5656854
v -0.6956854 0.0000000 -0.5656854
v -0.6956854 0.0000000 0.5656854
v -0.6956854 0.0000000 0.5656854
v -0.6886144 0.7600000 -0.5586144
v -0.6886144 0.7600000 0.5586144
v -0.6843277 0.0000000 -0.2296101
v -0.6843277 0.0000000 -0.2296101
v -0.6843277 0.0000000 0.2296101
v -0.6843277 0.0000000 0.2296101
v -0.6843277 0.9100000 -0.2296101
v -0.6843277 0.9100000 -0.2296101
v -0.6843277 0.9100000 0.2296101
v -0.6843277 0.9100000 0.2296101
v -0.6288818 0.0000000 -0.3333421
v -0.6288818 0.0000000 -0.3333421
v -0.6288818 0.0000000 0.3333421
v -0.6288818 0.0000000 0.3333421
v -0.6288818 0.9100000 -0.3333421
v -0.6288818 0.9100000 -0.3333421
v -0.6288818 0.9100000 0.3333421
v -0.6288818 0.9100000 0.3333421
v -0.5911233 0.8000000 -0.6901198
v -0.5911233 0.8000000 0.6901198
v -0.5911233 0.9100000 -0.6901198
v -0.5911233 0.9100000 -0.6901198
v -0.5911233 0.9100000 0.6901198
v -0.5911233 0.9100000 0.6901198
v -0.5855676 0.0800000 -0.6818051
v -0.5855676 0.0800000 0.6818051
v -0.5744562 0.0000000 -0.6651757
v -0.5744562 0.0000000 -0.6651757
v -0.5744562 0.0000000 0.6651757
v -0.5744562 0.0000000 0.6651757
v -0.5689005 0.7600000 -0.6568610
v -0.5689005 0.7600000 0.6568610
v -0.5542641 0.0000000 -0.4242641
v -0.5542641 0.0000000 -0.4242641
v -0.5542641 0.0000000 0.4242641
v -0.5542641 0.0000000 0.4242641
v -0.5542641 0.9100000 -0.4242641
v -0.5542641 0.9100000 -0.4242641
v -0.5542641 0.9100000 0.4242641
v -0.5542641 0.9100000 0.4242641
v -0.4633421 0.0000000 -0.4988818
v -0.4633421 0.0000000 -0.4988818
v -0.4633421 0.0000000 0.4988818
v -0.4633421 0.0000000 0.4988818
v -0.4633421 0.9100000 -0.4988818
v -0.4633421 0.9100000 -0.4988818
v -0.4633421 0.9100000 0.4988818
v -0.4633421 0.9100000 0.4988818
v -0.4476272 0.8000000 -0.7668200
v -0.4476272 0.8000000 0.7668200
v -0.4476272 0.9100000 -0.7668200
v -0.4476272 0.9100000 -0.7668200
v -0.4476272 0.9100000 0.7668200
v -0.4476272 0.9100000 0.7668200
v -0.4438004 0.0800000 -0.7575812
v -0.4438004 0.0800000 0.7575812
v -0.4361467 0.0000000 -0.7391036
v -0.4361467 0.0000000 -0.7391036
v -0.4361467 0.0000000 0.7391036
v -0.4361467 0.0000000 0.7391036
v -0.4323199 0.7600000 -0.7298648
v -0.4323199 0.7600000 0.7298648
v -0.3596101 0.0000000 -0.5543277
v -0.3596101 0.0000000 -0.5543277
v -0.3596101 0.0000000 0.5543277
v -0.3596101 0.0000000 0.5543277
v -0.3596101 0.9100000 -0.5543277
v -0.3596101 0.9100000 -0.5543277
v -0.3596101 0.9100000 0.5543277
v -0.3596101 0.9100000 0.5543277
v -0.2919250 0.8000000 -0.8140518
v -0.2919250 0.8000000 0.8140518
v -0.2919250 0.9100000 -0.8140518
v -0.2919250 0.9100000 -0.8140518
v -0.2919250 0.9100000 0.8140518
v -0.2919250 0.9100000 0.8140518
v -0.2899741 0.0800000 -0.8042439
v -0.2899741 0.0800000 0.8042439
v -0.2860723 0.0000000 -0.7846282
v -0.2860723 0.0000000 -0.7846282
v -0.2860723 0.0000000 0.7846282
v -0.2860723 0.0000000 0.7846282
v -0.2841214 0.7600000 -0.7748204
v -0.2841214 0.7600000 0.7748204
v -0.2470542 0.0000000 -0.5884712
v -0.2470542 0.0000000 -0.5884712
v -0.2470542 0.0000000 0.5884712
v -0.2470542 0.0000000 0.5884712
v -0.2470542 0.9100000 -0.5884712
v -0.2470542 0.9100000 -0.5884712
v -0.2470542 0.9100000 0.5884712
v -0.2470542 0.9100000 0.5884712
v -0.1480000 0.6750000 0.0000000
v -0.1480000 1.6250000 0.0000000
v -0.1471190 0.6750000 -0.0055623
v -0.1471190 0.6750000 0.0055623
v -0.1471190 1.6250000 -0.0055623
v -0.1471190 1.6250000 0.0055623
v -0.1465600 0.6600000 0.0000000
v -0.1465600 0.6600000 0.0000000
v -0.1465600 1.6400000 0.0000000
v -0.1465600 1.6400000 0.0000000
v -0.1457495 0.6600000 -0.0051173
v -0.1457495 0.6600000 -0.0051173
v -0.1457495 0.6600000 0.0051173
v -0.1457495 0.6600000 0.0051173
v -0.1457495 1.6400000 -0.0051173
v -0.1457495 1.6400000 -0.0051173
v -0.1457495 1.6400000 0.0051173
v -0.1457495 1.6400000 0.0051173
v -0.1445623 0.6750000 -0.0105801
v -0.1445623 0.6750000 0.0105801
v -0.1445623 1.6250000 -0.0105801
v -0.1445623 1.6250000 0.0105801
v -0.1433973 0.6600000 -0.0097337
v -0.1433973 0.6600000 -0.0097337
v -0.1433973 0.6600000 0.0097337
v -0.1433973 0.6600000 0.0097337
v -0.1433973 1.6400000 -0.0097337
v -0.1433973 1.6400000 -0.0097337
v -0.1433973 1.6400000 0.0097337
v -0.1433973 1.6400000 0.0097337
v -0.1405801 0.6750000 -0.0145623
v -0.1405801 0.6750000 0.0145623
v -0.1405801 1.6250000 -0.0145623
v -0.1405801 1.6250000 0.0145623
v -0.1397337 0.6600000 -0.0133973
v -0.1397337 0.6600000 -0.0133973
v -0.1397337 0.6600000 0.0133973
v -0.1397337 0.6600000 0.0133973
v -0.1397337 1.6400000 -0.0133973
v -0.1397337 1.6400000 -0.0133973
v -0.1397337 1.6400000 0.0133973
v -0.1397337 1.6400000 0.0133973
v -0.1355623 0.6750000 -0.0171190
v -0.1355623 0.6750000 0.0171190
v -0.1355623 1.6250000 -0.0171190
v -0.1355623 1.6250000 0.0171190
v -0.1351173 0.6600000 -0.0157495
v -0.1351173 0.6600000 -0.0157495
v -0.1351173 0.6600000 0.0157495
v -0.1351173 0.6600000 0.0157495
v -0.1351173 1.6400000 -0.0157495
v -0.1351173 1.6400000 -0.0157495
v -0.1351173 1.6400000 0.0157495
v -0.1351173 1.6400000 0.0157495
v -0.1300000 0.0000000 -0.8000000
v -0.1300000 0.0000000 -0.8000000
v -0.1300000 0.0000000 -0.6000000
v -0.1300000 0.0000000 -0.6000000
v -0.1300000 0.0000000 0.6000000
v -0.1300000 0.0000000 0.6000000
v -0.1300000 0.0000000 0.8000000
v -0.1300000 0.0000000 0.8000000
v -0.1300000 0.0800000 -0.8200000
v -0.1300000 0.0800000 0.8200000
v -0.1300000 0.6600000 -0.0165600
v -0.1300000 0.6600000 -0.0165600
v -0.1300000 0.6600000 0.0000000
v -0.1300000 0.6600000 0.0165600
v -0.1300000 0.6600000 0.0165600
v -0.1300000 0.6750000 -0.0180000
v -0.1300000 0.6750000 0.0180000
v -0.1300000 0.7600000 -0.7900000
v -0.1300000 0.7600000 0.7900000
v -0.1300000 0.8000000 -0.8300000
v -0.1300000 0.8000000 0.8300000
v -0.1300000 0.9100000 -0.8300000
v -0.1300000 0.9100000 -0.8300000
v -0.1300000 0.9100000 -0.6000000
v -0.1300000 0.9100000 -0.6000000
v -0.1300000 0.9100000 0.6000000
v -0.1300000 0.9100000 0.6000000
v -0.1300000 0.9100000 0.8300000
v -0.1300000 0.9100000 0.8300000
v -0.1300000 1.6250000 -0.0180000
v -0.1300000 1.6250000 0.0180000
v -0.1300000 1.6400000 -0.0165600
v -0.1300000 1.6400000 -0.0165600
v -0.1300000 1.6400000 0.0000000
v -0.1300000 1.6400000 0.0165600
v -0.1300000 1.6400000 0.0165600
v -0.1248827 0.6600000 -0.0157495
v -0.1248827 0.6600000 -0.0157495
v -0.1248827 0.6600000 0.0157495
v -0.1248827 0.6600000 0.0157495
v -0.1248827 1.6400000 -0.0157495
v -0.1248827 1.6400000 -0.0157495
v -0.1248827 1.6400000 0.0157495
v -0.1248827 1.6400000 0.0157495
v -0.1244377 0.6750000 -0.0171190
v -0.1244377 0.6750000 0.0171190
v -0.1244377 1.6250000 -0.0171190
v -0.1244377 1.6250000 0.0171190
v -0.1202663 0.6600000 -0.0133973
v -0.1202663 0.6600000 -0.0133973
v -0.1202663 0.6600000 0.0133973
v -0.1202663 0.6600000 0.0133973
v -0.1202663 1.6400000 -0.0133973
v -0.1202663 1.6400000 -0.0133973
v -0.1202663 1.6400000 0.0133973
v -0.1202663 1.6400000 0.0133973
v -0.1194199 0.6750000 -0.0145623
v -0.1194199 0.6750000 0.0145623
v -0.1194199 1.6250000 -0.0145623
v -0.1194199 1.6250000 0.0145623
v -0.1166027 0.6600000 -0.0097337
v -0.1166027 0.6600000 -0.0097337
v -0.1166027 0.6600000 0.0097337
v -0.1166027 0.6600000 0.0097337
v -0.1166027 1.6400000 -0.0097337
v -0.1166027 1.6400000 -0.0097337
v -0.1166027 1.6400000 0.0097337
v -0.1166027 1.6400000 0.0097337
v -0.1154377 0.6750000 -0.0105801
v -0.1154377 0.6750000 0.0105801
v -0.1154377 1.6250000 -0.0105801
v -0.1154377 1.6250000 0.0105801
v -0.1142505 0.6600000 -0.0051173
v -0.1142505 0.6600000 -0.0051173
v -0.1142505 0.6600000 0.0051173
v -0.1142505 0.6600000 0.0051173
v -0.1142505 1.6400000 -0.0051173
v -0.1142505 1.6400000 -0.0051173
v -0.1142505 1.6400000 0.0051173
v -0.1142505 1.6400000 0.0051173
v -0.1134400 0.6600000 -0.0000000
v -0.1134400 0.6600000 0.0000000
v -0.1134400 0.6600000 -0.0000000
v -0.1134400 1.6400000 -0.0000000
v -0.1134400 1.6400000 0.0000000
v -0.1134400 1.6400000 -0.0000000
v -0.1128810 0.6750000 -0.0055623
v -0.1128810 0.6750000 0.0055623
v -0.1128810 1.6250000 -0.0055623
v -0.1128810 1.6250000 0.0055623
v -0.1120000 0.6750000 0.0000000
v -0.1120000 0.6750000 -0.0000000
v -0.1120000 1.6250000 0.0000000
v -0.1120000 1.6250000 -0.0000000
v -0.0129458 0.0000000 -0.5884712
v -0.0129458 0.0000000 -0.5884712
v -0.0129458 0.0000000 0.5884712
v -0.0129458 0.0000000 0.5884712
v -0.0129458 0.9100000 -0.5884712
v -0.0129458 0.9100000 -0.5884712
v -0.0129458 0.9100000 0.5884712
v -0.0129458 0.9100000 0.5884712
v 0.0241214 0.7600000 -0.7748204
v 0.0241214 0.7600000 0.7748204
v 0.0260723 0.0000000 -0.7846282
v 0.0260723 0.0000000 -0.7846282
v 0.0260723 0.0000000 0.7846282
v 0.0260723 0.0000000 0.7846282
v 0.0299741 0.0800000 -0.8042439
v 0.0299741 0.0800000 0.8042439
v 0.0319250 0.8000000 -0.8140518
v 0.0319250 0.8000000 0.8140518
v 0.0319250 0.9100000 -0.8140518
v 0.0319250 0.9100000 -0.8140518
v 0.0319250 0.9100000 0.8140518
v 0.0319250 0.9100000 0.8140518
v 0.0996101 0.0000000 -0.5543277
v 0.0996101 0.0000000 -0.5543277
v 0.0996101 0.0000000 0.5543277
v 0.0996101 0.0000000 0.5543277
v 0.0996101 0.9100000 -0.5543277
v 0.0996101 0.9100000 -0.5543277
v 0.0996101 0.9100000 0.5543277
v 0.0996101 0.9100000 0.5543277
v 0.1723199 0.7600000 -0.7298648
v 0.1723199 0.7600000 0.7298648
v 0.1761467 0.0000000 -0.7391036
v 0.1761467 0.0000000 -0.7391036
v 0.1761467 0.0000000 0.7391036
v 0.1761467 0.0000000 0.7391036
v 0.1838004 0.0800000 -0.7575812
v 0.1838004 0.0800000 0.7575812
v 0.1876272 0.8000000 -0.7668200
v 0.1876272 0.8000000 0.7668200
v 0.1876272 0.9100000 -0.7668200
v 0.1876272 0.9100000 -0.7668200
v 0.1876272 0.9100000 0.7668200
v 0.1876272 0.9100000 0.7668200
v 0.2033421 0.0000000 -0.4988818
v 0.2033421 0.0000000 -0.4988818
v 0.2033421 0.0000000 0.4988818
v 0.2033421 0.0000000 0.4988818
v 0.2033421 0.9100000 -0.4988818
v 0.2033421 0.9100000 -0.4988818
v 0.2033421 0.9100000 0.4988818
v 0.2033421 0.9100000 0.4988818
v 0.2942641 0.0000000 -0.4242641
v 0.2942641 0.0000000 -0.4242641
v 0.2942641 0.0000000 0.4242641
v 0.2942641 0.0000000 0.4242641
v 0.2942641 0.9100000 -0.4242641
v 0.2942641 0.9100000 -0.4242641
v 0.2942641 0.9100000 0.4242641
v 0.2942641 0.9100000 0.4242641
v 0.3089005 0.7600000 -0.6568610
v 0.3089005 0.7600000 0.6568610
v 0.3144562 0.0000000 -0.6651757
v 0.3144562 0.0000000 -0.6651757
v 0.3144562 0.0000000 0.6651757
v 0.3144562 0.0000000 0.6651757
v 0.3255676 0.0800000 -0.6818051
v 0.3255676 0.0800000 0.6818051
v 0.3311233 0.8000000 -0.6901198
v 0.3311233 0.8000000 0.6901198
v 0.3311233 0.9100000 -0.6901198
v 0.3311233 0.9100000 -0.6901198
v 0.3311233 0.9100000 0.6901198
v 0.3311233 0.9100000 0.6901198
v 0.3688818 0.0000000 -0.3333421
v 0.3688818 0.0000000 -0.3333421
v 0.3688818 0.0000000 0.3333421
v 0.3688818 0.0000000 0.3333421
v 0.3688818 0.9100000 -0.3333421
v 0.3688818 0.9100000 -0.3333421
v 0.3688818 0.9100000 0.3333421
v 0.3688818 0.9100000 0.3333421
v 0.4243277 0.0000000 -0.2296101
v 0.4243277 0.0000000 -0.2296101
v 0.4243277 0.0000000 0.2296101
v 0.4243277 0.0000000 0.2296101
v 0.4243277 0.9100000 -0.2296101
v 0.4243277 0.9100000 -0.2296101
v 0.4243277 0.9100000 0.2296101
v 0.4243277 0.9100000 0.2296101
v 0.4286144 0.7600000 -0.5586144
v 0.4286144 0.7600000 0.5586144
v 0.4356854 0.0000000 -0.5656854
v 0.4356854 0.0000000 -0.5656854
v 0.4356854 0.0000000 0.5656854
v 0.4356854 0.0000000 0.5656854
v 0.4498276 0.0800000 -0.5798276
v 0.4498276 0.0800000 0.5798276
v 0.4568986 0.8000000 -0.5868986
v 0.4568986 0.8000000 0.5868986
v 0.4568986 0.9100000 -0.5868986
v 0.4568986 0.9100000 -0.5868986
v 0.4568986 0.9100000 0.5868986
v 0.4568986 0.9100000 0.5868986
v 0.4584712 0.0000000 -0.1170542
v 0.4584712 0.0000000 -0.1170542
v 0.4584712 0.0000000 0.1170542
v 0.4584712 0.0000000 0.1170542
v 0.4584712 0.9100000 -0.1170542
v 0.4584712 0.9100000 -0.1170542
v 0.4584712 0.9100000 0.1170542
v 0.4584712 0.9100000 0.1170542
v 0.4700000 0.0000000 0.0000000
v 0.4700000 0.0000000 -0.0000000
v 0.4700000 0.0000000 0.0000000
v 0.4700000 0.9100000 0.0000000
v 0.4700000 0.9100000 -0.0000000
v 0.4700000 0.9100000 -0.0000000
v 0.5268610 0.7600000 -0.4389005
v 0.5268610 0.7600000 0.4389005
v 0.5351757 0.0000000 -0.4444562
v 0.5351757 0.0000000 -0.4444562
v 0.5351757 0.0000000 0.4444562
v 0.5351757 0.0000000 0.4444562
v 0.5400000 0.6750000 -0.0450000
v 0.5400000 0.6750000 0.0450000
v 0.5400000 1.9250000 -0.0450000
v 0.5400000 1.9250000 0.0450000
v 0.5518051 0.0800000 -0.4555676
v 0.5518051 0.0800000 0.4555676
v 0.5601198 0.8000000 -0.4611233
v 0.5601198 0.8000000 0.4611233
v 0.5601198 0.9100000 -0.4611233
v 0.5601198 0.9100000 -0.4611233
v 0.5601198 0.9100000 0.4611233
v 0.5601198 0.9100000 0.4611233
v 0.5650000 0.6500000 -0.0450000
v 0.5650000 0.6500000 -0.0450000
v 0.5650000 0.6500000 0.0450000
v 0.5650000 0.6500000 0.0450000
v 0.5650000 0.6500000 0.0450000
v 0.5650000 0.6750000 -0.0700000
v 0.5650000 0.6750000 -0.0700000
v 0.5650000 0.6750000 0.0700000
v 0.5650000 0.6750000 0.0700000
v 0.5650000 1.9250000 -0.0700000
v 0.5650000 1.9250000 -0.0700000
v 0.5650000 1.9250000 0.0700000
v 0.5650000 1.9250000 0.0700000
v 0.5650000 1.9500000 -0.0450000
v 0.5650000 1.9500000 -0.0450000
v 0.5650000 1.9500000 0.0450000
v 0.5650000 1.9500000 0.0450000
v 0.5650000 1.9500000 0.0450000
v 0.5998648 0.7600000 -0.3023199
v 0.5998648 0.7600000 0.3023199
v 0.6091036 0.0000000 -0.3061467
v 0.6091036 0.0000000 -0.3061467
v 0.6091036 0.0000000 0.3061467
v 0.6091036 0.0000000 0.3061467
v 0.6275812 0.0800000 -0.3138004
v 0.6275812 0.0800000 0.3138004
v 0.6368200 0.8000000 -0.3176272
v 0.6368200 0.8000000 0.3176272
v 0.6368200 0.9100000 -0.3176272
v 0.6368200 0.9100000 -0.3176272
v 0.6368200 0.9100000 0.3176272
v 0.6368200 0.9100000 0.3176272
v 0.6448204 0.7600000 -0.1541214
v 0.6448204 0.7600000 0.1541214
v 0.6546282 0.0000000 -0.1560723
v 0.6546282 0.0000000 -0.1560723
v 0.6546282 0.0000000 0.1560723
v 0.6546282 0.0000000 0.1560723
v 0.6550000 0.6500000 -0.0450000
v 0.6550000 0.6500000 -0.0450000
v 0.6550000 0.6500000 -0.0450000
v 0.6550000 0.6500000 0.0450000
v 0.6550000 0.6500000 0.0450000
v 0.6550000 0.6750000 -0.0700000
v 0.6550000 0.6750000 -0.0700000
v 0.6550000 0.6750000 0.0700000
v 0.6550000 0.6750000 0.0700000
v 0.6550000 1.9250000 -0.0700000
v 0.6550000 1.9250000 -0.0700000
v 0.6550000 1.9250000 0.0700000
v 0.6550000 1.9250000 0.0700000
v 0.6550000 1.9500000 -0.0450000
v 0.6550000 1.9500000 -0.0450000
v 0.6550000 1.9500000 -0.0450000
v 0.6550000 1.9500000 0.0450000
v 0.6550000 1.9500000 0.0450000
v 0.6600000 0.7600000 0.0000000
v 0.6600000 0.7600000 -0.0000000
v 0.6700000 0.0000000 -0.0000000
v 0.6700000 0.0000000 0.0000000
v 0.6700000 0.0000000 -0.0000000
v 0.6742439 0.0800000 -0.1599741
v 0.6742439 0.0800000 0.1599741
v 0.6750000 1.6186000 0.0000000
v 0.6750000 1.6186000 0.0000000
v 0.6750000 1.6206263 -0.0127933
v 0.6750000 1.6206263 -0.0127933
v 0.6750000 1.6206263 0.0127933
v 0.6750000 1.6206263 0.0127933
v 0.6750000 1.6265067 -0.0243343
v 0.6750000 1.6265067 -0.0243343
v 0.6750000 1.6265067 0.0243343
v 0.6750000 1.6265067 0.0243343
v 0.6750000 1.6356657 -0.0334933
v 0.6750000 1.6356657 -0.0334933
v 0.6750000 1.6356657 0.0334933
v 0.6750000 1.6356657 0.0334933
v 0.6750000 1.6472067 -0.0393737
v 0.6750000 1.6472067 -0.0393737
v 0.6750000 1.6472067 0.0393737
v 0.6750000 1.6472067 0.0393737
v 0.6750000 1.6600000 -0.0414000
v 0.6750000 1.6600000 -0.0414000
v 0.6750000 1.6600000 0.0000000
v 0.6750000 1.6600000 0.0414000
v 0.6750000 1.6600000 0.0414000
v 0.6750000 1.6727933 -0.0393737
v 0.6750000 1.6727933 -0.0393737
v 0.6750000 1.6727933 0.0393737
v 0.6750000 1.6727933 0.0393737
v 0.6750000 1.6843343 -0.0334933
v 0.6750000 1.6843343 -0.0334933
v 0.6750000 1.6843343 0.0334933
v 0.6750000 1.6843343 0.0334933
v 0.6750000 1.6934933 -0.0243343
v 0.6750000 1.6934933 -0.0243343
v 0.6750000 1.6934933 0.0243343
v 0.6750000 1.6934933 0.0243343
v 0.6750000 1.6993737 -0.0127933
v 0.6750000 1.6993737 -0.0127933
v 0.6750000 1.6993737 0.0127933
v 0.6750000 1.6993737 0.0127933
v 0.6750000 1.7014000 0.0000000
v 0.6750000 1.7014000 0.0000000
v 0.6750000 1.7014000 -0.0000000
v 0.6800000 0.6750000 -0.0450000
v 0.6800000 0.6750000 0.0450000
v 0.6800000 1.9250000 -0.0450000
v 0.6800000 1.9250000 0.0450000
v 0.6840518 0.8000000 -0.1619250
v 0.6840518 0.8000000 0.1619250
v 0.6840518 0.9100000 -0.1619250
v 0.6840518 0.9100000 -0.1619250
v 0.6840518 0.9100000 0.1619250
v 0.6840518 0.9100000 0.1619250
v 0.6900000 0.0800000 0.0000000
v 0.6900000 0.0800000 -0.0000000
v 0.6900000 1.6150000 0.0000000
v 0.6900000 1.6172025 -0.0139058
v 0.6900000 1.6172025 0.0139058
v 0.6900000 1.6235942 -0.0264503
v 0.6900000 1.6235942 0.0264503
v 0.6900000 1.6335497 -0.0364058
v 0.6900000 1.6335497 0.0364058
v 0.6900000 1.6460942 -0.0427975
v 0.6900000 1.6460942 0.0427975
v 0.6900000 1.6600000 -0.0450000
v 0.6900000 1.6600000 0.0450000
v 0.6900000 1.6739058 -0.0427975
v 0.6900000 1.6739058 0.0427975
v 0.6900000 1.6864503 -0.0364058
v 0.6900000 1.6864503 0.0364058
v 0.6900000 1.6964058 -0.0264503
v 0.6900000 1.6964058 0.0264503
v 0.6900000 1.7027975 -0.0139058
v 0.6900000 1.7027975 0.0139058
v 0.6900000 1.7050000 0.0000000
v 0.6900000 1.7050000 -0.0000000
v 0.6950000 1.5300000 0.0000000
v 0.6950000 1.5363627 -0.0401722
v 0.6950000 1.5363627 0.0401722
v 0.6950000 1.5548278 -0.0764121
v 0.6950000 1.5548278 0.0764121
v 0.6950000 1.5835879 -0.1051722
v 0.6950000 1.5835879 0.1051722
v 0.6950000 1.6198278 -0.1236373
v 0.6950000 1.6198278 0.1236373
v 0.6950000 1.6600000 -0.1300000
v 0.6950000 1.6600000 0.1300000
v 0.6950000 1.7001722 -0.1236373
v 0.6950000 1.7001722 0.1236373
v 0.6950000 1.7364121 -0.1051722
v 0.6950000 1.7364121 0.1051722
v 0.6950000 1.7651722 -0.0764121
v 0.6950000 1.7651722 0.0764121
v 0.6950000 1.7836373 -0.0401722
v 0.6950000 1.7836373 0.0401722
v 0.6950000 1.7900000 0.0000000
v 0.6950000 1.7900000 -0.0000000
v 0.7000000 0.8000000 0.0000000
v 0.7000000 0.8000000 -0.0000000
v 0.7000000 0.9100000 0.0000000
v 0.7000000 0.9100000 0.0000000
v 0.7000000 0.9100000 -0.0000000
v 0.7100000 1.5404000 0.0000000
v 0.7100000 1.5404000 0.0000000
v 0.7100000 1.5462536 -0.0369584
v 0.7100000 1.5462536 -0.0369584
v 0.7100000 1.5462536 0.0369584
v 0.7100000 1.5462536 0.0369584
v 0.7100000 1.5632416 -0.0702991
v 0.7100000 1.5632416 -0.0702991
v 0.7100000 1.5632416 0.0702991
v 0.7100000 1.5632416 0.0702991
v 0.7100000 1.5897009 -0.0967584
v 0.7100000 1.5897009 -0.0967584
v 0.7100000 1.5897009 0.0967584
v 0.7100000 1.5897009 0.0967584
v 0.7100000 1.6230416 -0.1137464
v 0.7100000 1.6230416 -0.1137464
v 0.7100000 1.6230416 0.1137464
v 0.7100000 1.6230416 0.1137464
v 0.7100000 1.6600000 -0.1196000
v 0.7100000 1.6600000 -0.1196000
v 0.7100000 1.6600000 0.0000000
v 0.7100000 1.6600000 0.1196000
v 0.7100000 1.6600000 0.1196000
v 0.7100000 1.6969584 -0.1137464
v 0.7100000 1.6969584 -0.1137464
v 0.7100000 1.6969584 0.1137464
v 0.7100000 1.6969584 0.1137464
v 0.7100000 1.7302991 -0.0967584
v 0.7100000 1.7302991 -0.0967584
v 0.7100000 1.7302991 0.0967584
v 0.7100000 1.7302991 0.0967584
v 0.7100000 1.7567584 -0.0702991
v 0.7100000 1.7567584 -0.0702991
v 0.7100000 1.7567584 0.0702991
v 0.7100000 1.7567584 0.0702991
v 0.7100000 1.7737464 -0.0369584
v 0.7100000 1.7737464 -0.0369584
v 0.7100000 1.7737464 0.0369584
v 0.7100000 1.7737464 0.0369584
v 0.7100000 1.7796000 0.0000000
v 0.7100000 1.7796000 0.0000000
v 0.7100000 1.7796000 -0.0000000
v 0.9100000 1.3550000 -0.0225000
v 0.9100000 1.3550000 0.0225000
v 0.9100000 1.6650000 -0.0225000
v 0.9100000 1.6650000 0.0225000
v 0.9200000 1.3450000 -0.0225000
v 0.9200000 1.3450000 -0.0225000
v 0.9200000 1.3450000 0.0225000
v 0.9200000 1.3450000 0.0225000
v 0.9200000 1.3450000 0.0225000
v 0.9200000 1.3550000 -0.0325000
v 0.9200000 1.3550000 -0.0325000
v 0.9200000 1.3550000 0.0325000
v 0.9200000 1.3550000 0.0325000
v 0.9200000 1.6650000 -0.0325000
v 0.9200000 1.6650000 -0.0325000
v 0.9200000 1.6650000 0.0325000
v 0.9200000 1.6650000 0.0325000
v 0.9200000 1.6750000 -0.0225000
v 0.9200000 1.6750000 -0.0225000
v 0.9200000 1.6750000 0.0225000
v 0.9200000 1.6750000 0.0225000
v 0.9200000 1.6750000 0.0225000
v 0.9300000 1.6150000 0.0000000
v 0.9300000 1.6172025 -0.0139058
v 0.9300000 1.6172025 0.0139058
v 0.9300000 1.6235942 -0.0264503
v 0.9300000 1.6235942 0.0264503
v 0.9300000 1.6335497 -0.0364058
v 0.9300000 1.6335497 0.0364058
v 0.9300000 1.6460942 -0.0427975
v 0.9300000 1.6460942 0.0427975
v 0.9300000 1.6600000 -0.0450000
v 0.9300000 1.6600000 0.0450000
v 0.9300000 1.6739058 -0.0427975
v 0.9300000 1.6739058 0.0427975
v 0.9300000 1.6864503 -0.0364058
v 0.9300000 1.6864503 0.0364058
v 0.9300000 1.6964058 -0.0264503
v 0.9300000 1.6964058 0.0264503
v 0.9300000 1.7027975 -0.0139058
v 0.9300000 1.7027975 0.0139058
v 0.9300000 1.7050000 0.0000000
v 0.9300000 1.7050000 -0.0000000
v 0.9450000 1.6186000 0.0000000
v 0.9450000 1.6186000 0.0000000
v 0.9450000 1.6206263 -0.0127933
v 0.9450000 1.6206263 -0.0127933
v 0.9450000 1.6206263 0.0127933
v 0.9450000 1.6206263 0.0127933
v 0.9450000 1.6265067 -0.0243343
v 0.9450000 1.6265067 -0.0243343
v 0.9450000 1.6265067 0.0243343
v 0.9450000 1.6265067 0.0243343
v 0.9450000 1.6356657 -0.0334933
v 0.9450000 1.6356657 -0.0334933
v 0.9450000 1.6356657 0.0334933
v 0.9450000 1.6356657 0.0334933
v 0.9450000 1.6472067 -0.0393737
v 0.9450000 1.6472067 -0.0393737
v 0.9450000 1.6472067 0.0393737
v 0.9450000 1.6472067 0.0393737
v 0.9450000 1.6600000 -0.0414000
v 0.9450000 1.6600000 -0.0414000
v 0.9450000 1.6600000 0.0000000
v 0.9450000 1.6600000 0.0414000
v 0.9450000 1.6600000 0.0414000
v 0.9450000 1.6727933 -0.0393737
v 0.9450000 1.6727933 -0.0393737
v 0.9450000 1.6727933 0.0393737
v 0.9450000 1.6727933 0.0393737
v 0.9450000 1.6843343 -0.0334933
v 0.9450000 1.6843343 -0.0334933
v 0.9450000 1.6843343 0.0334933
v 0.9450000 1.6843343 0.0334933
v 0.9450000 1.6934933 -0.0243343
v 0.9450000 1.6934933 -0.0243343
v 0.9450000 1.6934933 0.0243343
v 0.9450000 1.6934933 0.0243343
v 0.9450000 1.6993737 -0.0127933
v 0.9450000 1.6993737 -0.0127933
v 0.9450000 1.6993737 0.0127933
v 0.9450000 1.6993737 0.0127933
v 0.9450000 1.7014000 0.0000000
v 0.9450000 1.7014000 -0.0000000
v 0.9450000 1.7014000 0.0000000
v 0.9600000 1.3450000 -0.0225000
v 0.9600000 1.3450000 -0.0225000
v 0.9600000 1.3450000 -0.0225000
v 0.9600000 1.3450000 0.0225000
v 0.9600000 1.3450000 0.0225000
v 0.9600000 1.3450000 0.0225000
v 0.9600000 1.3550000 -0.0325000
v 0.9600000 1.3550000 -0.0325000
v 0.9600000 1.3550000 0.0325000
v 0.9600000 1.3550000 0.0325000
v 0.9600000 1.6650000 -0.0325000
v 0.9600000 1.6650000 -0.0325000
v 0.9600000 1.6650000 0.0325000
v 0.9600000 1.6650000 0.0325000
v 0.9600000 1.6750000 -0.0225000
v 0.9600000 1.6750000 -0.0225000
v 0.9600000 1.6750000 -0.0225000
v 0.9600000 1.6750000 0.0225000
v 0.9600000 1.6750000 0.0225000
v 0.9600000 1.6750000 0.0225000
v 0.9700000 1.3550000 -0.0225000
v 0.9700000 1.3550000 0.0225000
v 0.9700000 1.6650000 -0.0225000
v 0.9700000 1.6650000 0.0225000
vt 0.0400000 0.5000000
vt 0.5000000 0.5250000
vt 0.0625140 0.3578522
vt 0.5500000 0.5250000
vt 0.0625140 0.6421478
vt 0.4500000 0.5250000
vt 0.1278522 0.2296188
vt 0.6000000 0.5250000
vt 0.1278522 0.7703812
vt 0.4000000 0.5250000
vt 0.2296188 0.1278522
vt 0.6500000 0.5250000
vt 0.2296188 0.8721478
vt 0.3500000 0.5250000
vt 0.3578522 0.0625140
vt 0.7000000 0.5250000
vt 0.3000000 0.5250000
vt 0.3578522 0.9374860
vt 0.5000000 0.0400000
vt 0.7500000 0.5250000
vt 0.5000000 0.5000000
vt 0.2500000 0.5250000
vt 0.5000000 0.9600000
vt 0.6421478 0.0625140
vt 0.8000000 0.5250000
vt 0.2000000 0.5250000
vt 0.6421478 0.9374860
vt 0.7703812 0.1278522
vt 0.8500000 0.5250000
vt 0.1500000 0.5250000
vt 0.7703812 0.8721478
vt 0.8721478 0.2296188
vt 0.9000000 0.5250000
vt 0.1000000 0.5250000
vt 0.8721478 0.7703812
vt 0.9374860 0.3578522
vt 0.9500000 0.5250000
vt 0.0500000 0.5250000
vt 0.9374860 0.6421478
vt 0.0000000 0.5250000
vt 0.9600000 0.5000000
vt 1.0000000 0.5250000
vt 0.5000000 0.5000000
vt 0.5000000 0.5687500
vt 0.0000000 0.5000000
vt 0.5000000 0.5156250
vt 0.5500000 0.5156250
vt 0.4500000 0.5156250
vt 0.6000000 0.5156250
vt 0.4000000 0.5156250
vt 0.6500000 0.5156250
vt 0.3500000 0.5156250
vt 0.7000000 0.5156250
vt 0.3000000 0.5156250
vt 0.7500000 0.5156250
vt 0.2500000 0.5156250
vt 0.8000000 0.5156250
vt 0.2000000 0.5156250
vt 0.8500000 0.5156250
vt 0.1500000 0.5156250
vt 0.9000000 0.5156250
vt 0.1000000 0.5156250
vt 0.9500000 0.5156250
vt 0.0500000 0.5156250
vt 0.0000000 0.5156250
vt 1.0000000 0.5156250
vt 0.5000000 0.0500000
vt 0.5312500 0.5000000
vt 0.4687500 0.5000000
vt 0.5312500 0.5687500
vt 0.0096074 0.4024548
vt 0.4687500 0.5687500
vt 0.0096074 0.5975452
vt 0.0783938 0.0347435
vt 0.2069652 0.0347435
vt 0.0783938 0.4023906
vt 0.2069652 0.4023906
vt 0.5312500 0.0500000
vt 0.4687500 0.0500000
vt 0.5000000 0.0000000
vt 0.0180723 0.5000000
vt 0.5000000 0.4750000
vt 0.0783938 0.0273906
vt 0.0783938 0.0347435
vt 0.0783938 0.0273906
vt 0.2069652 0.0273906
vt 0.2069652 0.0347435
vt 0.0426795 0.0347435
vt 0.0783938 0.0347435
vt 0.0783938 0.0347435
vt 0.2426795 0.0347435
vt 0.0426795 0.4023906
vt 0.0783938 0.4023906
vt 0.0783938 0.4023906
vt 0.2426795 0.4023906
vt 0.0783938 0.0347435
vt 0.0783938 0.4097435
vt 0.0783938 0.4097435
vt 0.2069652 0.0347435
vt 0.2069652 0.4097435
vt 0.5312500 0.0000000
vt 0.0273324 0.4059806
vt 0.4687500 0.0000000
vt 0.0273324 0.5940194
vt 0.5312500 0.4750000
vt 0.4687500 0.4750000
vt 0.5625000 0.5000000
vt 0.4375000 0.5000000
vt 0.5625000 0.5687500
vt 0.0380602 0.3086583
vt 0.4375000 0.5687500
vt 0.0380602 0.6913417
vt 0.5625000 0.0500000
vt 0.4375000 0.0500000
vt 0.5625000 0.0000000
vt 0.0547569 0.3155742
vt 0.4375000 0.0000000
vt 0.0547569 0.6844258
vt 0.5625000 0.4750000
vt 0.4375000 0.4750000
vt 0.0783938 0.0273906
vt 0.0783938 0.0612141
vt 0.2069652 0.0273906
vt 0.2069652 0.0273906
vt 0.2069652 0.0612141
vt 0.0426795 0.0347435
vt 0.2069652 0.0347435
vt 0.2069652 0.0347435
vt 0.2426795 0.0347435
vt 0.0426795 0.4023906
vt 0.2069652 0.4023906
vt 0.2069652 0.4023906
vt 0.2426795 0.4023906
vt 0.0783938 0.0612141
vt 0.0783938 0.4097435
vt 0.2069652 0.4097435
vt 0.2069652 0.0612141
vt 0.2069652 0.4097435
vt 0.5937500 0.5000000
vt 0.4062500 0.5000000
vt 0.5937500 0.5687500
vt 0.0842652 0.2222149
vt 0.4062500 0.5687500
vt 0.0842652 0.7777851
vt 0.5937500 0.0500000
vt 0.4062500 0.0500000
vt 0.0783938 0.0347435
vt 0.2069652 0.0347435
vt 0.0783938 0.4023906
vt 0.2069652 0.4023906
vt 0.5937500 0.0000000
vt 0.0992918 0.2322553
vt 0.4062500 0.0000000
vt 0.0992918 0.7677447
vt 0.5937500 0.4750000
vt 0.4062500 0.4750000
vt 0.1385542 0.5000000
vt 0.5000000 0.0000000
vt 0.1385542 0.5000000
vt 0.5000000 0.5687500
vt 0.1454993 0.4294854
vt 0.5312500 0.0000000
vt 0.1454993 0.5705146
vt 0.4687500 0.0000000
vt 0.1454993 0.4294854
vt 0.5312500 0.5687500
vt 0.1454993 0.5705146
vt 0.4687500 0.5687500
vt 0.6250000 0.5000000
vt 0.3750000 0.5000000
vt 0.6250000 0.5687500
vt 0.1464466 0.1464466
vt 0.3750000 0.5687500
vt 0.1464466 0.8535534
vt 0.6250000 0.0500000
vt 0.3750000 0.0500000
vt 0.6250000 0.0000000
vt 0.1592256 0.1592256
vt 0.3750000 0.0000000
vt 0.1592256 0.8407744
vt 0.6250000 0.4750000
vt 0.3750000 0.4750000
vt 0.1660676 0.3616807
vt 0.5625000 0.0000000
vt 0.1660676 0.6383193
vt 0.4375000 0.0000000
vt 0.1660676 0.3616807
vt 0.5625000 0.5687500
vt 0.1660676 0.6383193
vt 0.4375000 0.5687500
vt 0.1994688 0.2991915
vt 0.5937500 0.0000000
vt 0.1994688 0.7008085
vt 0.4062500 0.0000000
vt 0.1994688 0.2991915
vt 0.5937500 0.5687500
vt 0.1994688 0.7008085
vt 0.4062500 0.5687500
vt 0.6562500 0.5000000
vt 0.3437500 0.5000000
vt 0.6562500 0.5687500
vt 0.2222149 0.0842652
vt 0.3437500 0.5687500
vt 0.2222149 0.9157348
vt 0.6562500 0.0500000
vt 0.3437500 0.0500000
vt 0.6562500 0.0000000
vt 0.2322553 0.0992918
vt 0.3437500 0.0000000
vt 0.2322553 0.9007082
vt 0.6562500 0.4750000
vt 0.3437500 0.4750000
vt 0.2444192 0.2444192
vt 0.6250000 0.0000000
vt 0.2444192 0.7555808
vt 0.3750000 0.0000000
vt 0.2444192 0.2444192
vt 0.6250000 0.5687500
vt 0.2444192 0.7555808
vt 0.3750000 0.5687500
vt 0.2991915 0.1994688
vt 0.6562500 0.0000000
vt 0.2991915 0.8005312
vt 0.3437500 0.0000000
vt 0.2991915 0.1994688
vt 0.6562500 0.5687500
vt 0.2991915 0.8005312
vt 0.3437500 0.5687500
vt 0.6875000 0.5000000
vt 0.3125000 0.5000000
vt 0.6875000 0.5687500
vt 0.3086583 0.0380602
vt 0.3125000 0.5687500
vt 0.3086583 0.9619398
vt 0.6875000 0.0500000
vt 0.3125000 0.0500000
vt 0.6875000 0.0000000
vt 0.3155742 0.0547569
vt 0.3125000 0.0000000
vt 0.3155742 0.9452431
vt 0.6875000 0.4750000
vt 0.3125000 0.4750000
vt 0.3616807 0.1660676
vt 0.6875000 0.0000000
vt 0.3616807 0.8339324
vt 0.3125000 0.0000000
vt 0.3616807 0.1660676
vt 0.6875000 0.5687500
vt 0.3616807 0.8339324
vt 0.3125000 0.5687500
vt 0.7187500 0.5000000
vt 0.2812500 0.5000000
vt 0.7187500 0.5687500
vt 0.4024548 0.0096074
vt 0.2812500 0.5687500
vt 0.4024548 0.9903926
vt 0.7187500 0.0500000
vt 0.2812500 0.0500000
vt 0.7187500 0.0000000
vt 0.4059806 0.0273324
vt 0.2812500 0.0000000
vt 0.4059806 0.9726676
vt 0.7187500 0.4750000
vt 0.2812500 0.4750000
vt 0.4294854 0.1454993
vt 0.7187500 0.0000000
vt 0.4294854 0.8545007
vt 0.2812500 0.0000000
vt 0.4294854 0.1454993
vt 0.7187500 0.5687500
vt 0.4294854 0.8545007
vt 0.2812500 0.5687500
vt 0.5000000 -0.2968750
vt 0.5000000 0.2968750
vt 0.5500000 -0.2968750
vt 0.4500000 -0.2968750
vt 0.5500000 0.2968750
vt 0.4500000 0.2968750
vt 0.5000000 -0.3062500
vt 0.0400000 0.5000000
vt 0.5000000 0.3062500
vt 0.0400000 0.5000000
vt 0.5500000 -0.3062500
vt 0.0625140 0.3578522
vt 0.4500000 -0.3062500
vt 0.0625140 0.6421478
vt 0.5500000 0.3062500
vt 0.0625140 0.3578522
vt 0.4500000 0.3062500
vt 0.0625140 0.6421478
vt 0.6000000 -0.2968750
vt 0.4000000 -0.2968750
vt 0.6000000 0.2968750
vt 0.4000000 0.2968750
vt 0.6000000 -0.3062500
vt 0.1278522 0.2296188
vt 0.4000000 -0.3062500
vt 0.1278522 0.7703812
vt 0.6000000 0.3062500
vt 0.1278522 0.2296188
vt 0.4000000 0.3062500
vt 0.1278522 0.7703812
vt 0.6500000 -0.2968750
vt 0.3500000 -0.2968750
vt 0.6500000 0.2968750
vt 0.3500000 0.2968750
vt 0.6500000 -0.3062500
vt 0.2296188 0.1278522
vt 0.3500000 -0.3062500
vt 0.2296188 0.8721478
vt 0.6500000 0.3062500
vt 0.2296188 0.1278522
vt 0.3500000 0.3062500
vt 0.2296188 0.8721478
vt 0.7000000 -0.2968750
vt 0.3000000 -0.2968750
vt 0.7000000 0.2968750
vt 0.3000000 0.2968750
vt 0.7000000 -0.3062500
vt 0.3578522 0.0625140
vt 0.3000000 -0.3062500
vt 0.3578522 0.9374860
vt 0.7000000 0.3062500
vt 0.3578522 0.0625140
vt 0.3000000 0.3062500
vt 0.3578522 0.9374860
vt 0.5000000 0.0180723
vt 0.7500000 0.0000000
vt 0.5000000 0.1385542
vt 0.7500000 0.0000000
vt 0.5000000 0.8614458
vt 0.2500000 0.0000000
vt 0.5000000 0.9819277
vt 0.2500000 0.0000000
vt 0.7500000 0.0500000
vt 0.2500000 0.0500000
vt 0.5000000 0.0400000
vt 0.7500000 -0.3062500
vt 0.5000000 0.5000000
vt 0.5000000 0.9600000
vt 0.2500000 -0.3062500
vt 0.7500000 -0.2968750
vt 0.2500000 -0.2968750
vt 0.7500000 0.4750000
vt 0.2500000 0.4750000
vt 0.7500000 0.5000000
vt 0.2500000 0.5000000
vt 0.7500000 0.5687500
vt 0.5000000 0.0000000
vt 0.7500000 0.5687500
vt 0.5000000 0.1385542
vt 0.2500000 0.5687500
vt 0.5000000 0.8614458
vt 0.2500000 0.5687500
vt 0.5000000 1.0000000
vt 0.7500000 0.2968750
vt 0.2500000 0.2968750
vt 0.7500000 0.3062500
vt 0.5000000 0.0400000
vt 0.5000000 0.5000000
vt 0.2500000 0.3062500
vt 0.5000000 0.9600000
vt 0.6421478 0.0625140
vt 0.8000000 -0.3062500
vt 0.6421478 0.9374860
vt 0.2000000 -0.3062500
vt 0.6421478 0.0625140
vt 0.8000000 0.3062500
vt 0.6421478 0.9374860
vt 0.2000000 0.3062500
vt 0.8000000 -0.2968750
vt 0.2000000 -0.2968750
vt 0.8000000 0.2968750
vt 0.2000000 0.2968750
vt 0.7703812 0.1278522
vt 0.8500000 -0.3062500
vt 0.7703812 0.8721478
vt 0.1500000 -0.3062500
vt 0.7703812 0.1278522
vt 0.8500000 0.3062500
vt 0.7703812 0.8721478
vt 0.1500000 0.3062500
vt 0.8500000 -0.2968750
vt 0.1500000 -0.2968750
vt 0.8500000 0.2968750
vt 0.1500000 0.2968750
vt 0.8721478 0.2296188
vt 0.9000000 -0.3062500
vt 0.8721478 0.7703812
vt 0.1000000 -0.3062500
vt 0.8721478 0.2296188
vt 0.9000000 0.3062500
vt 0.8721478 0.7703812
vt 0.1000000 0.3062500
vt 0.9000000 -0.2968750
vt 0.1000000 -0.2968750
vt 0.9000000 0.2968750
vt 0.1000000 0.2968750
vt 0.9374860 0.3578522
vt 0.9500000 -0.3062500
vt 0.9374860 0.6421478
vt 0.0500000 -0.3062500
vt 0.9374860 0.3578522
vt 0.9500000 0.3062500
vt 0.9374860 0.6421478
vt 0.0500000 0.3062500
vt 0.9600000 0.5000000
vt 0.0000000 -0.3062500
vt 1.0000000 -0.3062500
vt 0.9600000 0.5000000
vt 0.0000000 0.3062500
vt 1.0000000 0.3062500
vt 0.9500000 -0.2968750
vt 0.0500000 -0.2968750
vt 0.9500000 0.2968750
vt 0.0500000 0.2968750
vt 0.0000000 -0.2968750
vt 1.0000000 -0.2968750
vt 0.0000000 0.2968750
vt 1.0000000 0.2968750
vt 0.7812500 0.0000000
vt 0.5705146 0.1454993
vt 0.2187500 0.0000000
vt 0.5705146 0.8545007
vt 0.7812500 0.5687500
vt 0.5705146 0.1454993
vt 0.2187500 0.5687500
vt 0.5705146 0.8545007
vt 0.7812500 0.4750000
vt 0.2187500 0.4750000
vt 0.5940194 0.0273324
vt 0.7812500 0.0000000
vt 0.5940194 0.9726676
vt 0.2187500 0.0000000
vt 0.7812500 0.0500000
vt 0.2187500 0.0500000
vt 0.7812500 0.5000000
vt 0.2187500 0.5000000
vt 0.5975452 0.0096074
vt 0.7812500 0.5687500
vt 0.5975452 0.9903926
vt 0.2187500 0.5687500
vt 0.8125000 0.0000000
vt 0.6383193 0.1660676
vt 0.1875000 0.0000000
vt 0.6383193 0.8339324
vt 0.8125000 0.5687500
vt 0.6383193 0.1660676
vt 0.1875000 0.5687500
vt 0.6383193 0.8339324
vt 0.8125000 0.4750000
vt 0.1875000 0.4750000
vt 0.6844258 0.0547569
vt 0.8125000 0.0000000
vt 0.6844258 0.9452431
vt 0.1875000 0.0000000
vt 0.8125000 0.0500000
vt 0.1875000 0.0500000
vt 0.8125000 0.5000000
vt 0.1875000 0.5000000
vt 0.6913417 0.0380602
vt 0.8125000 0.5687500
vt 0.6913417 0.9619398
vt 0.1875000 0.5687500
vt 0.8437500 0.0000000
vt 0.7008085 0.1994688
vt 0.1562500 0.0000000
vt 0.7008085 0.8005312
vt 0.8437500 0.5687500
vt 0.7008085 0.1994688
vt 0.1562500 0.5687500
vt 0.7008085 0.8005312
vt 0.8750000 0.0000000
vt 0.7555808 0.2444192
vt 0.1250000 0.0000000
vt 0.7555808 0.7555808
vt 0.8750000 0.5687500
vt 0.7555808 0.2444192
vt 0.1250000 0.5687500
vt 0.7555808 0.7555808
vt 0.8437500 0.4750000
vt 0.1562500 0.4750000
vt 0.7677447 0.0992918
vt 0.8437500 0.0000000
vt 0.7677447 0.9007082
vt 0.1562500 0.0000000
vt 0.8437500 0.0500000
vt 0.1562500 0.0500000
vt 0.8437500 0.5000000
vt 0.1562500 0.5000000
vt 0.7777851 0.0842652
vt 0.8437500 0.5687500
vt 0.7777851 0.9157348
vt 0.1562500 0.5687500
vt 0.9062500 0.0000000
vt 0.8005312 0.2991915
vt 0.0937500 0.0000000
vt 0.8005312 0.7008085
vt 0.9062500 0.5687500
vt 0.8005312 0.2991915
vt 0.0937500 0.5687500
vt 0.8005312 0.7008085
vt 0.9375000 0.0000000
vt 0.8339324 0.3616807
vt 0.0625000 0.0000000
vt 0.8339324 0.6383193
vt 0.9375000 0.5687500
vt 0.8339324 0.3616807
vt 0.0625000 0.5687500
vt 0.8339324 0.6383193
vt 0.8750000 0.4750000
vt 0.1250000 0.4750000
vt 0.8407744 0.1592256
vt 0.8750000 0.0000000
vt 0.8407744 0.8407744
vt 0.1250000 0.0000000
vt 0.8750000 0.0500000
vt 0.1250000 0.0500000
vt 0.8750000 0.5000000
vt 0.1250000 0.5000000
vt 0.8535534 0.1464466
vt 0.8750000 0.5687500
vt 0.8535534 0.8535534
vt 0.1250000 0.5687500
vt 0.9687500 0.0000000
vt 0.8545007 0.4294854
vt 0.0312500 0.0000000
vt 0.8545007 0.5705146
vt 0.9687500 0.5687500
vt 0.8545007 0.4294854
vt 0.0312500 0.5687500
vt 0.8545007 0.5705146
vt 0.0000000 0.0000000
vt 1.0000000 0.0000000
vt 0.8614458 0.5000000
vt 0.0000000 0.5687500
vt 1.0000000 0.5687500
vt 0.8614458 0.5000000
vt 0.9062500 0.4750000
vt 0.0937500 0.4750000
vt 0.9007082 0.2322553
vt 0.9062500 0.0000000
vt 0.9007082 0.7677447
vt 0.0937500 0.0000000
vt 0.0997021 0.0514879
vt 0.2282735 0.0514879
vt 0.0997021 0.4191350
vt 0.2282735 0.4191350
vt 0.9062500 0.0500000
vt 0.0937500 0.0500000
vt 0.9062500 0.5000000
vt 0.0937500 0.5000000
vt 0.9157348 0.2222149
vt 0.9062500 0.5687500
vt 0.9157348 0.7777851
vt 0.0937500 0.5687500
vt 0.0997021 0.0441350
vt 0.0997021 0.0514879
vt 0.0997021 0.0441350
vt 0.2282735 0.0441350
vt 0.2282735 0.0514879
vt 0.0639878 0.0514879
vt 0.0997021 0.0514879
vt 0.0997021 0.0514879
vt 0.2639878 0.0514879
vt 0.0639878 0.4191350
vt 0.0997021 0.4191350
vt 0.0997021 0.4191350
vt 0.2639878 0.4191350
vt 0.0997021 0.0514879
vt 0.0997021 0.4264879
vt 0.0997021 0.4264879
vt 0.2282735 0.0514879
vt 0.2282735 0.4264879
vt 0.9375000 0.4750000
vt 0.0625000 0.4750000
vt 0.9452431 0.3155742
vt 0.9375000 0.0000000
vt 0.9452431 0.6844258
vt 0.0625000 0.0000000
vt 0.9375000 0.0500000
vt 0.0625000 0.0500000
vt 0.9375000 0.5000000
vt 0.0625000 0.5000000
vt 0.9619398 0.3086583
vt 0.9375000 0.5687500
vt 0.9619398 0.6913417
vt 0.0625000 0.5687500
vt 0.9687500 0.4750000
vt 0.0312500 0.4750000
vt 0.9726676 0.4059806
vt 0.9687500 0.0000000
vt 0.9726676 0.5940194
vt 0.0312500 0.0000000
vt 0.0997021 0.0441350
vt 0.0997021 0.0779585
vt 0.2282735 0.0441350
vt 0.2282735 0.0441350
vt 0.2282735 0.0779585
vt 0.0639878 0.0514879
vt 0.2282735 0.0514879
vt 0.2282735 0.0514879
vt 0.2639878 0.0514879
vt 0.0639878 0.4191350
vt 0.2282735 0.4191350
vt 0.2282735 0.4191350
vt 0.2639878 0.4191350
vt 0.0997021 0.0779585
vt 0.0997021 0.4264879
vt 0.2282735 0.4264879
vt 0.2282735 0.0779585
vt 0.2282735 0.4264879
vt 0.0000000 0.4750000
vt 1.0000000 0.4750000
vt 0.9819277 0.5000000
vt 0.0000000 0.0000000
vt 1.0000000 0.0000000
vt 0.9687500 0.0500000
vt 0.0312500 0.0500000
vt 0.0400000 0.5000000
vt 0.5000000 0.0843750
vt 0.0625140 0.3578522
vt 0.5500000 0.0843750
vt 0.0625140 0.6421478
vt 0.4500000 0.0843750
vt 0.1278522 0.2296188
vt 0.6000000 0.0843750
vt 0.1278522 0.7703812
vt 0.4000000 0.0843750
vt 0.2296188 0.1278522
vt 0.6500000 0.0843750
vt 0.2296188 0.8721478
vt 0.3500000 0.0843750
vt 0.3578522 0.0625140
vt 0.7000000 0.0843750
vt 0.3578522 0.9374860
vt 0.3000000 0.0843750
vt 0.5000000 0.0400000
vt 0.7500000 0.0843750
vt 0.5000000 0.5000000
vt 0.5000000 0.9600000
vt 0.2500000 0.0843750
vt 0.6421478 0.0625140
vt 0.8000000 0.0843750
vt 0.6421478 0.9374860
vt 0.2000000 0.0843750
vt 0.7703812 0.1278522
vt 0.8500000 0.0843750
vt 0.7703812 0.8721478
vt 0.1500000 0.0843750
vt 0.8721478 0.2296188
vt 0.9000000 0.0843750
vt 0.8721478 0.7703812
vt 0.1000000 0.0843750
vt 0.9374860 0.3578522
vt 0.9500000 0.0843750
vt 0.9374860 0.6421478
vt 0.0500000 0.0843750
vt 0.9600000 0.5000000
vt 0.0000000 0.0843750
vt 1.0000000 0.0843750
vt 0.0997021 0.0514879
vt 0.2282735 0.0514879
vt 0.0997021 0.4191350
vt 0.2282735 0.4191350
vt 0.9687500 0.5000000
vt 0.0312500 0.5000000
vt 0.9903926 0.4024548
vt 0.9687500 0.5687500
vt 0.9903926 0.5975452
vt 0.0312500 0.5687500
vt 0.0000000 0.0500000
vt 1.0000000 0.0500000
vt 0.5000000 0.0750000
vt 0.5500000 0.0750000
vt 0.4500000 0.0750000
vt 0.6000000 0.0750000
vt 0.4000000 0.0750000
vt 0.6500000 0.0750000
vt 0.3500000 0.0750000
vt 0.7000000 0.0750000
vt 0.3000000 0.0750000
vt 0.7500000 0.0750000
vt 0.2500000 0.0750000
vt 0.8000000 0.0750000
vt 0.2000000 0.0750000
vt 0.8500000 0.0750000
vt 0.1500000 0.0750000
vt 0.9000000 0.0750000
vt 0.1000000 0.0750000
vt 0.9500000 0.0750000
vt 0.0500000 0.0750000
vt 0.0000000 0.0750000
vt 1.0000000 0.0750000
vt 0.5000000 -0.5156250
vt 0.5500000 -0.5156250
vt 0.4500000 -0.5156250
vt 0.6000000 -0.5156250
vt 0.4000000 -0.5156250
vt 0.6500000 -0.5156250
vt 0.3500000 -0.5156250
vt 0.7000000 -0.5156250
vt 0.3000000 -0.5156250
vt 0.7500000 -0.5156250
vt 0.2500000 -0.5156250
vt 0.8000000 -0.5156250
vt 0.2000000 -0.5156250
vt 0.8500000 -0.5156250
vt 0.1500000 -0.5156250
vt 0.9000000 -0.5156250
vt 0.1000000 -0.5156250
vt 0.9500000 -0.5156250
vt 0.0500000 -0.5156250
vt 0.0000000 -0.5156250
vt 1.0000000 -0.5156250
vt 0.0000000 0.5000000
vt 1.0000000 0.5000000
vt 1.0000000 0.5000000
vt 0.0000000 0.5687500
vt 1.0000000 0.5687500
vt 0.0400000 0.5000000
vt 0.5000000 -0.5250000
vt 0.0625140 0.3578522
vt 0.5500000 -0.5250000
vt 0.0625140 0.6421478
vt 0.4500000 -0.5250000
vt 0.1278522 0.2296188
vt 0.6000000 -0.5250000
vt 0.1278522 0.7703812
vt 0.4000000 -0.5250000
vt 0.2296188 0.1278522
vt 0.6500000 -0.5250000
vt 0.2296188 0.8721478
vt 0.3500000 -0.5250000
vt 0.3578522 0.0625140
vt 0.7000000 -0.5250000
vt 0.3000000 -0.5250000
vt 0.3578522 0.9374860
vt 0.5000000 0.0400000
vt 0.7500000 -0.5250000
vt 0.5000000 0.5000000
vt 0.2500000 -0.5250000
vt 0.5000000 0.9600000
vt 0.6421478 0.0625140
vt 0.8000000 -0.5250000
vt 0.2000000 -0.5250000
vt 0.6421478 0.9374860
vt 0.7703812 0.1278522
vt 0.8500000 -0.5250000
vt 0.1500000 -0.5250000
vt 0.7703812 0.8721478
vt 0.8721478 0.2296188
vt 0.9000000 -0.5250000
vt 0.1000000 -0.5250000
vt 0.8721478 0.7703812
vt 0.9374860 0.3578522
vt 0.9500000 -0.5250000
vt 0.0500000 -0.5250000
vt 0.9374860 0.6421478
vt 0.0000000 -0.5250000
vt 0.9600000 0.5000000
vt 1.0000000 -0.5250000
vt 0.0843109 0.0385462
vt 0.1485966 0.0385462
vt 0.0843109 0.1297226
vt 0.1485966 0.1297226
vt 0.0843109 0.0356050
vt 0.0843109 0.0385462
vt 0.0843109 0.0356050
vt 0.0843109 0.0517815
vt 0.1485966 0.0356050
vt 0.0700252 0.0385462
vt 0.0843109 0.0385462
vt 0.0843109 0.0385462
vt 0.1628823 0.0385462
vt 0.0700252 0.1297226
vt 0.0843109 0.1297226
vt 0.0843109 0.1297226
vt 0.1628823 0.1297226
vt 0.0843109 0.0385462
vt 0.0843109 0.1326638
vt 0.0843109 0.0517815
vt 0.0843109 0.1326638
vt 0.1485966 0.1326638
vt 0.5000000 -0.0750000
vt 0.5500000 -0.0750000
vt 0.4500000 -0.0750000
vt 0.6000000 -0.0750000
vt 0.4000000 -0.0750000
vt 0.6500000 -0.0750000
vt 0.3500000 -0.0750000
vt 0.7000000 -0.0750000
vt 0.3000000 -0.0750000
vt 0.7500000 -0.0750000
vt 0.2500000 -0.0750000
vt 0.8000000 -0.0750000
vt 0.2000000 -0.0750000
vt 0.8500000 -0.0750000
vt 0.1500000 -0.0750000
vt 0.9000000 -0.0750000
vt 0.1000000 -0.0750000
vt 0.9500000 -0.0750000
vt 0.0500000 -0.0750000
vt 0.0000000 -0.0750000
vt 1.0000000 -0.0750000
vt 0.5000000 -0.0843750
vt 0.0400000 0.5000000
vt 0.5500000 -0.0843750
vt 0.0625140 0.3578522
vt 0.4500000 -0.0843750
vt 0.0625140 0.6421478
vt 0.6000000 -0.0843750
vt 0.1278522 0.2296188
vt 0.4000000 -0.0843750
vt 0.1278522 0.7703812
vt 0.6500000 -0.0843750
vt 0.2296188 0.1278522
vt 0.3500000 -0.0843750
vt 0.2296188 0.8721478
vt 0.7000000 -0.0843750
vt 0.3578522 0.0625140
vt 0.3000000 -0.0843750
vt 0.3578522 0.9374860
vt 0.7500000 -0.0843750
vt 0.5000000 0.0400000
vt 0.5000000 0.5000000
vt 0.2500000 -0.0843750
vt 0.5000000 0.9600000
vt 0.8000000 -0.0843750
vt 0.6421478 0.0625140
vt 0.2000000 -0.0843750
vt 0.6421478 0.9374860
vt 0.8500000 -0.0843750
vt 0.7703812 0.1278522
vt 0.1500000 -0.0843750
vt 0.7703812 0.8721478
vt 0.9000000 -0.0843750
vt 0.8721478 0.2296188
vt 0.1000000 -0.0843750
vt 0.8721478 0.7703812
vt 0.9500000 -0.0843750
vt 0.9374860 0.3578522
vt 0.0500000 -0.0843750
vt 0.9374860 0.6421478
vt 0.0000000 -0.0843750
vt 1.0000000 -0.0843750
vt 0.9600000 0.5000000
vt 0.0843109 0.0356050
vt 0.1414537 0.0356050
vt 0.1414537 0.0385462
vt 0.1414537 0.0356050
vt 0.1414537 0.0517815
vt 0.1485966 0.0356050
vt 0.0700252 0.0385462
vt 0.1414537 0.0385462
vt 0.1414537 0.0385462
vt 0.1628823 0.0385462
vt 0.0700252 0.1297226
vt 0.1414537 0.1297226
vt 0.1414537 0.1297226
vt 0.1628823 0.1297226
vt 0.0843109 0.1326638
vt 0.1414537 0.0385462
vt 0.1414537 0.1326638
vt 0.1414537 0.0517815
vt 0.1414537 0.1326638
vt 0.1485966 0.1326638
vt 0.0843109 0.0385462
vt 0.1485966 0.0385462
vt 0.0843109 0.1297226
vt 0.1485966 0.1297226
vn -0.8859401 -0.4637997 0.0000000
vn -0.8859401 -0.4637997 0.0000000
vn -0.8859401 -0.4410998 -0.1433220
vn -0.8859401 -0.4410998 -0.1433220
vn -0.8859401 -0.4410998 0.1433220
vn -0.8859401 -0.4410998 0.1433220
vn -0.8859401 -0.3752219 -0.2726146
vn -0.8859401 -0.3752219 -0.2726146
vn -0.8859401 -0.3752219 0.2726146
vn -0.8859401 -0.3752219 0.2726146
vn -0.8859401 -0.2726146 -0.3752219
vn -0.8859401 -0.2726146 -0.3752219
vn -0.8859401 -0.2726146 0.3752219
vn -0.8859401 -0.2726146 0.3752219
vn -0.8859401 -0.1433220 -0.4410998
vn -0.8859401 -0.1433220 -0.4410998
vn -0.8859401 -0.1433220 0.4410998
vn -0.8859401 -0.1433220 0.4410998
vn -0.8859401 -0.0000000 -0.4637997
vn -0.8859401 -0.0000000 -0.4637997
vn -1.0000000 0.0000000 0.0000000
vn -0.8859401 0.0000000 0.4637997
vn -0.8859401 0.0000000 0.4637997
vn -0.8859401 0.1433220 -0.4410998
vn -0.8859401 0.1433220 -0.4410998
vn -0.8859401 0.1433220 0.4410998
vn -0.8859401 0.1433220 0.4410998
vn -0.8859401 0.2726146 -0.3752219
vn -0.8859401 0.2726146 -0.3752219
vn -0.8859401 0.2726146 0.3752219
vn -0.8859401 0.2726146 0.3752219
vn -0.8859401 0.3752219 -0.2726146
vn -0.8859401 0.3752219 -0.2726146
vn -0.8859401 0.3752219 0.2726146
vn -0.8859401 0.3752219 0.2726146
vn -0.8859401 0.4410998 -0.1433220
vn -0.8859401 0.4410998 -0.1433220
vn -0.8859401 0.4410998 0.1433220
vn -0.8859401 0.4410998 0.1433220
vn -0.8859401 0.4637997 0.0000000
vn -0.8859401 0.4637997 0.0000000
vn -0.8859401 0.4637997 -0.0000000
vn -0.9238795 -0.3826834 0.0000000
vn -1.0000000 0.0000000 0.0000000
vn 0.0000000 1.0000000 0.0000000
vn -0.2984983 -0.9544102 0.0000000
vn -0.2984983 -0.9076980 -0.2949290
vn -0.2984983 -0.9076980 0.2949290
vn -0.2984983 -0.7721340 -0.5609882
vn -0.2984983 -0.7721340 0.5609882
vn -0.2984983 -0.5609882 -0.7721340
vn -0.2984983 -0.5609882 0.7721340
vn -0.2984983 -0.2949290 -0.9076980
vn -0.2984983 -0.2949290 0.9076980
vn -0.2984983 -0.0000000 -0.9544102
vn -0.2984983 0.0000000 0.9544102
vn -0.2984983 0.2949290 -0.9076980
vn -0.2984983 0.2949290 0.9076980
vn -0.2984983 0.5609882 -0.7721340
vn -0.2984983 0.5609882 0.7721340
vn -0.2984983 0.7721340 -0.5609882
vn -0.2984983 0.7721340 0.5609882
vn -0.2984983 0.9076980 -0.2949290
vn -0.2984983 0.9076980 0.2949290
vn -0.2984983 0.9544102 0.0000000
vn -0.2984983 0.9544102 -0.0000000
vn -0.9949597 -0.1002760 0.0000000
vn -0.9061274 -0.3826834 -0.1802400
vn -0.9061274 -0.3826834 0.1802400
vn -0.9807853 0.0000000 -0.1950903
vn 0.0000000 1.0000000 0.0000000
vn -0.9807853 0.0000000 0.1950903
vn 0.0000000 1.0000000 0.0000000
vn -0.9433855 -0.0268416 -0.3306105
vn -0.9771306 -0.0096746 0.2124197
vn -0.9924579 0.0194600 -0.1210315
vn -0.9769970 0.0191568 0.2123907
vn -0.9758418 -0.1002760 -0.1941070
vn -0.9758418 -0.1002760 0.1941070
vn -0.9701425 -0.2425356 0.0000000
vn 0.0000000 -1.0000000 0.0000000
vn -0.9320904 -0.3622256 0.0000000
vn -0.1324327 -0.9823050 -0.1324327
vn -0.1324327 -0.9823050 -0.1324327
vn -0.3096087 -0.9348672 0.1736829
vn -0.3096087 -0.9348672 0.1736829
vn -0.3096087 -0.9348672 0.1736829
vn -0.2092424 -0.0336429 -0.9772849
vn -0.2092424 -0.0336429 -0.9772849
vn -0.2092424 -0.0336429 0.9772849
vn -0.2092424 -0.0336429 0.9772849
vn -0.2108383 0.0171176 -0.9773711
vn -0.2108383 0.0171176 -0.9773711
vn -0.2108383 0.0171176 0.9773711
vn -0.2108383 0.0171176 0.9773711
vn -0.1324327 0.9823050 -0.1324327
vn -0.1324327 0.9823050 -0.1324327
vn -0.3096087 0.9348672 0.1736829
vn -0.3096087 0.9348672 0.1736829
vn -0.3096087 0.9348672 0.1736829
vn -0.9515015 -0.2425356 -0.1892654
vn 0.0000000 -1.0000000 0.0000000
vn -0.9515015 -0.2425356 0.1892654
vn 0.0000000 -1.0000000 0.0000000
vn -0.9141806 -0.3622256 -0.1818418
vn -0.9141806 -0.3622256 0.1818418
vn -0.8535534 -0.3826834 -0.3535534
vn -0.8535534 -0.3826834 0.3535534
vn -0.9238795 0.0000000 -0.3826834
vn 0.0000000 1.0000000 0.0000000
vn -0.9238795 0.0000000 0.3826834
vn 0.0000000 1.0000000 0.0000000
vn -0.9192229 -0.1002760 -0.3807546
vn -0.9192229 -0.1002760 0.3807546
vn -0.8962948 -0.2425356 -0.3712575
vn 0.0000000 -1.0000000 0.0000000
vn -0.8962948 -0.2425356 0.3712575
vn 0.0000000 -1.0000000 0.0000000
vn -0.8611393 -0.3622256 -0.3566956
vn -0.8611393 -0.3622256 0.3566956
vn 0.1736829 -0.9348672 -0.3096087
vn 0.1736829 -0.9348672 -0.3096087
vn 0.1736829 -0.9348672 -0.3096087
vn 0.1910689 -0.9628008 0.1910689
vn 0.1910689 -0.9628008 0.1910689
vn 0.1220825 -0.0110114 -0.9924589
vn 0.1220825 -0.0110114 -0.9924589
vn 0.1220825 -0.0110114 0.9924589
vn 0.1220825 -0.0110114 0.9924589
vn 0.3344090 0.0152305 -0.9423050
vn 0.3344090 0.0152305 -0.9423050
vn 0.3344090 0.0152305 0.9423050
vn 0.3344090 0.0152305 0.9423050
vn 0.1736829 0.9348672 -0.3096087
vn 0.1736829 0.9348672 -0.3096087
vn 0.1736829 0.9348672 -0.3096087
vn 0.1910689 0.9628008 0.1910689
vn 0.1910689 0.9628008 0.1910689
vn -0.7681778 -0.3826834 -0.5132800
vn -0.7681778 -0.3826834 0.5132800
vn -0.8314696 0.0000000 -0.5555702
vn 0.0000000 1.0000000 0.0000000
vn -0.8314696 0.0000000 0.5555702
vn 0.0000000 1.0000000 0.0000000
vn -0.8272787 -0.1002760 -0.5527700
vn -0.8272787 -0.1002760 0.5527700
vn 0.9433855 -0.0268416 -0.3306105
vn 0.9771306 -0.0096746 0.2124197
vn 0.9924579 0.0194600 -0.1210315
vn 0.9769970 0.0191568 0.2123907
vn -0.8066440 -0.2425356 -0.5389823
vn 0.0000000 -1.0000000 0.0000000
vn -0.8066440 -0.2425356 0.5389823
vn 0.0000000 -1.0000000 0.0000000
vn -0.7750049 -0.3622256 -0.5178417
vn -0.7750049 -0.3622256 0.5178417
vn 0.0000000 -1.0000000 0.0000000
vn 1.0000000 0.0000000 -0.0000000
vn 0.0000000 1.0000000 0.0000000
vn 1.0000000 0.0000000 -0.0000000
vn 0.0000000 -1.0000000 0.0000000
vn 0.9807853 0.0000000 0.1950903
vn 0.0000000 -1.0000000 0.0000000
vn 0.9807853 0.0000000 -0.1950903
vn 0.0000000 1.0000000 0.0000000
vn 0.9807853 0.0000000 0.1950903
vn 0.0000000 1.0000000 0.0000000
vn 0.9807853 0.0000000 -0.1950903
vn -0.6532815 -0.3826834 -0.6532815
vn -0.6532815 -0.3826834 0.6532815
vn -0.7071068 0.0000000 -0.7071068
vn 0.0000000 1.0000000 0.0000000
vn -0.7071068 0.0000000 0.7071068
vn 0.0000000 1.0000000 0.0000000
vn -0.7035427 -0.1002760 -0.7035427
vn -0.7035427 -0.1002760 0.7035427
vn -0.6859943 -0.2425356 -0.6859943
vn 0.0000000 -1.0000000 0.0000000
vn -0.6859943 -0.2425356 0.6859943
vn 0.0000000 -1.0000000 0.0000000
vn -0.6590875 -0.3622256 -0.6590875
vn -0.6590875 -0.3622256 0.6590875
vn 0.0000000 -1.0000000 0.0000000
vn 0.9238795 0.0000000 0.3826834
vn 0.0000000 -1.0000000 0.0000000
vn 0.9238795 0.0000000 -0.3826834
vn 0.0000000 1.0000000 0.0000000
vn 0.9238795 0.0000000 0.3826834
vn 0.0000000 1.0000000 0.0000000
vn 0.9238795 0.0000000 -0.3826834
vn 0.0000000 -1.0000000 0.0000000
vn 0.8314696 0.0000000 0.5555702
vn 0.0000000 -1.0000000 0.0000000
vn 0.8314696 0.0000000 -0.5555702
vn 0.0000000 1.0000000 0.0000000
vn 0.8314696 0.0000000 0.5555702
vn 0.0000000 1.0000000 0.0000000
vn 0.8314696 0.0000000 -0.5555702
vn -0.5132800 -0.3826834 -0.7681778
vn -0.5132800 -0.3826834 0.7681778
vn -0.5555702 0.0000000 -0.8314696
vn 0.0000000 1.0000000 0.0000000
vn -0.5555702 0.0000000 0.8314696
vn 0.0000000 1.0000000 0.0000000
vn -0.5527700 -0.1002760 -0.8272787
vn -0.5527700 -0.1002760 0.8272787
vn -0.5389823 -0.2425356 -0.8066440
vn 0.0000000 -1.0000000 0.0000000
vn -0.5389823 -0.2425356 0.8066440
vn 0.0000000 -1.0000000 0.0000000
vn -0.5178417 -0.3622256 -0.7750049
vn -0.5178417 -0.3622256 0.7750049
vn 0.0000000 -1.0000000 0.0000000
vn 0.7071068 0.0000000 0.7071068
vn 0.0000000 -1.0000000 0.0000000
vn 0.7071068 0.0000000 -0.7071068
vn 0.0000000 1.0000000 0.0000000
vn 0.7071068 0.0000000 0.7071068
vn 0.0000000 1.0000000 0.0000000
vn 0.7071068 0.0000000 -0.7071068
vn 0.0000000 -1.0000000 0.0000000
vn 0.5555702 0.0000000 0.8314696
vn 0.0000000 -1.0000000 0.0000000
vn 0.5555702 0.0000000 -0.8314696
vn 0.0000000 1.0000000 0.0000000
vn 0.5555702 0.0000000 0.8314696
vn 0.0000000 1.0000000 0.0000000
vn 0.5555702 0.0000000 -0.8314696
vn -0.3535534 -0.3826834 -0.8535534
vn -0.3535534 -0.3826834 0.8535534
vn -0.3826834 0.0000000 -0.9238795
vn 0.0000000 1.0000000 0.0000000
vn -0.3826834 0.0000000 0.9238795
vn 0.0000000 1.0000000 0.0000000
vn -0.3807546 -0.1002760 -0.9192229
vn -0.3807546 -0.1002760 0.9192229
vn -0.3712575 -0.2425356 -0.8962948
vn 0.0000000 -1.0000000 0.0000000
vn -0.3712575 -0.2425356 0.8962948
vn 0.0000000 -1.0000000 0.0000000
vn -0.3566956 -0.3622256 -0.8611393
vn -0.3566956 -0.3622256 0.8611393
vn 0.0000000 -1.0000000 0.0000000
vn 0.3826834 0.0000000 0.9238795
vn 0.0000000 -1.0000000 0.0000000
vn 0.3826834 0.0000000 -0.9238795
vn 0.0000000 1.0000000 0.0000000
vn 0.3826834 0.0000000 0.9238795
vn 0.0000000 1.0000000 0.0000000
vn 0.3826834 0.0000000 -0.9238795
vn -0.1802400 -0.3826834 -0.9061274
vn -0.1802400 -0.3826834 0.9061274
vn -0.1950903 0.0000000 -0.9807853
vn 0.0000000 1.0000000 0.0000000
vn -0.1950903 0.0000000 0.9807853
vn 0.0000000 1.0000000 0.0000000
vn -0.1941070 -0.1002760 -0.9758418
vn -0.1941070 -0.1002760 0.9758418
vn -0.1892654 -0.2425356 -0.9515015
vn 0.0000000 -1.0000000 0.0000000
vn -0.1892654 -0.2425356 0.9515015
vn 0.0000000 -1.0000000 0.0000000
vn -0.1818418 -0.3622256 -0.9141806
vn -0.1818418 -0.3622256 0.9141806
vn 0.0000000 -1.0000000 0.0000000
vn 0.1950903 0.0000000 0.9807853
vn 0.0000000 -1.0000000 0.0000000
vn 0.1950903 0.0000000 -0.9807853
vn 0.0000000 1.0000000 0.0000000
vn 0.1950903 0.0000000 0.9807853
vn 0.0000000 1.0000000 0.0000000
vn 0.1950903 0.0000000 -0.9807853
vn -0.9988552 -0.0478351 0.0000000
vn -0.9988552 0.0478351 0.0000000
vn -0.9499678 -0.0478351 -0.3086632
vn -0.9499678 -0.0478351 0.3086632
vn -0.9499678 0.0478351 -0.3086632
vn -0.9499678 0.0478351 0.3086632
vn -0.9954236 -0.0955607 0.0000000
vn 0.0000000 -1.0000000 0.0000000
vn -0.9954236 0.0955607 0.0000000
vn 0.0000000 1.0000000 0.0000000
vn -0.9467041 -0.0955607 -0.3076028
vn 0.0000000 -1.0000000 0.0000000
vn -0.9467041 -0.0955607 0.3076028
vn 0.0000000 -1.0000000 0.0000000
vn -0.9467041 0.0955607 -0.3076028
vn 0.0000000 1.0000000 0.0000000
vn -0.9467041 0.0955607 0.3076028
vn 0.0000000 1.0000000 0.0000000
vn -0.8080909 -0.0478351 -0.5871124
vn -0.8080909 -0.0478351 0.5871124
vn -0.8080909 0.0478351 -0.5871124
vn -0.8080909 0.0478351 0.5871124
vn -0.8053146 -0.0955607 -0.5850953
vn 0.0000000 -1.0000000 0.0000000
vn -0.8053146 -0.0955607 0.5850953
vn 0.0000000 -1.0000000 0.0000000
vn -0.8053146 0.0955607 -0.5850953
vn 0.0000000 1.0000000 0.0000000
vn -0.8053146 0.0955607 0.5850953
vn 0.0000000 1.0000000 0.0000000
vn -0.5871124 -0.0478351 -0.8080909
vn -0.5871124 -0.0478351 0.8080909
vn -0.5871124 0.0478351 -0.8080909
vn -0.5871124 0.0478351 0.8080909
vn -0.5850953 -0.0955607 -0.8053146
vn 0.0000000 -1.0000000 0.0000000
vn -0.5850953 -0.0955607 0.8053146
vn 0.0000000 -1.0000000 0.0000000
vn -0.5850953 0.0955607 -0.8053146
vn 0.0000000 1.0000000 0.0000000
vn -0.5850953 0.0955607 0.8053146
vn 0.0000000 1.0000000 0.0000000
vn -0.3086632 -0.0478351 -0.9499678
vn -0.3086632 -0.0478351 0.9499678
vn -0.3086632 0.0478351 -0.9499678
vn -0.3086632 0.0478351 0.9499678
vn -0.3076028 -0.0955607 -0.9467041
vn 0.0000000 -1.0000000 0.0000000
vn -0.3076028 -0.0955607 0.9467041
vn 0.0000000 -1.0000000 0.0000000
vn -0.3076028 0.0955607 -0.9467041
vn 0.0000000 1.0000000 0.0000000
vn -0.3076028 0.0955607 0.9467041
vn 0.0000000 1.0000000 0.0000000
vn 0.0000000 -1.0000000 0.0000000
vn -0.0000000 -0.2425356 -0.9701425
vn 0.0000000 -1.0000000 0.0000000
vn 0.0000000 0.0000000 1.0000000
vn 0.0000000 -1.0000000 0.0000000
vn -0.0000000 0.0000000 -1.0000000
vn 0.0000000 -1.0000000 0.0000000
vn 0.0000000 -0.2425356 0.9701425
vn -0.0000000 -0.1002760 -0.9949597
vn 0.0000000 -0.1002760 0.9949597
vn 0.0000000 -1.0000000 0.0000000
vn -0.0000000 -0.0955607 -0.9954236
vn 0.0000000 -1.0000000 0.0000000
vn 0.0000000 -1.0000000 0.0000000
vn 0.0000000 -0.0955607 0.9954236
vn -0.0000000 -0.0478351 -0.9988552
vn 0.0000000 -0.0478351 0.9988552
vn -0.0000000 -0.3622256 -0.9320904
vn 0.0000000 -0.3622256 0.9320904
vn -0.0000000 -0.3826834 -0.9238795
vn 0.0000000 -0.3826834 0.9238795
vn -0.0000000 0.0000000 -1.0000000
vn 0.0000000 1.0000000 0.0000000
vn 0.0000000 0.0000000 1.0000000
vn 0.0000000 1.0000000 0.0000000
vn -0.0000000 0.0000000 -1.0000000
vn 0.0000000 1.0000000 0.0000000
vn 0.0000000 0.0000000 1.0000000
vn 0.0000000 1.0000000 0.0000000
vn -0.0000000 0.0478351 -0.9988552
vn 0.0000000 0.0478351 0.9988552
vn -0.0000000 0.0955607 -0.9954236
vn 0.0000000 1.0000000 0.0000000
vn 0.0000000 1.0000000 0.0000000
vn 0.0000000 0.0955607 0.9954236
vn 0.0000000 1.0000000 0.0000000
vn 0.0000000 -1.0000000 0.0000000
vn 0.3076028 -0.0955607 -0.9467041
vn 0.0000000 -1.0000000 0.0000000
vn 0.3076028 -0.0955607 0.9467041
vn 0.0000000 1.0000000 0.0000000
vn 0.3076028 0.0955607 -0.9467041
vn 0.0000000 1.0000000 0.0000000
vn 0.3076028 0.0955607 0.9467041
vn 0.3086632 -0.0478351 -0.9499678
vn 0.3086632 -0.0478351 0.9499678
vn 0.3086632 0.0478351 -0.9499678
vn 0.3086632 0.0478351 0.9499678
vn 0.0000000 -1.0000000 0.0000000
vn 0.5850953 -0.0955607 -0.8053146
vn 0.0000000 -1.0000000 0.0000000
vn 0.5850953 -0.0955607 0.8053146
vn 0.0000000 1.0000000 0.0000000
vn 0.5850953 0.0955607 -0.8053146
vn 0.0000000 1.0000000 0.0000000
vn 0.5850953 0.0955607 0.8053146
vn 0.5871124 -0.0478351 -0.8080909
vn 0.5871124 -0.0478351 0.8080909
vn 0.5871124 0.0478351 -0.8080909
vn 0.5871124 0.0478351 0.8080909
vn 0.0000000 -1.0000000 0.0000000
vn 0.8053146 -0.0955607 -0.5850953
vn 0.0000000 -1.0000000 0.0000000
vn 0.8053146 -0.0955607 0.5850953
vn 0.0000000 1.0000000 0.0000000
vn 0.8053146 0.0955607 -0.5850953
vn 0.0000000 1.0000000 0.0000000
vn 0.8053146 0.0955607 0.5850953
vn 0.8080909 -0.0478351 -0.5871124
vn 0.8080909 -0.0478351 0.5871124
vn 0.8080909 0.0478351 -0.5871124
vn 0.8080909 0.0478351 0.5871124
vn 0.0000000 -1.0000000 0.0000000
vn 0.9467041 -0.0955607 -0.3076028
vn 0.0000000 -1.0000000 0.0000000
vn 0.9467041 -0.0955607 0.3076028
vn 0.0000000 1.0000000 0.0000000
vn 0.9467041 0.0955607 -0.3076028
vn 0.0000000 1.0000000 0.0000000
vn 0.9467041 0.0955607 0.3076028
vn 0.0000000 -1.0000000 0.0000000
vn 0.9954236 -0.0955607 0.0000000
vn 0.9954236 -0.0955607 -0.0000000
vn 0.0000000 1.0000000 0.0000000
vn 0.9954236 0.0955607 0.0000000
vn 0.9954236 0.0955607 -0.0000000
vn 0.9499678 -0.0478351 -0.3086632
vn 0.9499678 -0.0478351 0.3086632
vn 0.9499678 0.0478351 -0.3086632
vn 0.9499678 0.0478351 0.3086632
vn 0.9988552 -0.0478351 0.0000000
vn 0.9988552 -0.0478351 -0.0000000
vn 0.9988552 0.0478351 0.0000000
vn 0.9988552 0.0478351 -0.0000000
vn -0.1950903 0.0000000 0.9807853
vn 0.0000000 -1.0000000 0.0000000
vn -0.1950903 0.0000000 -0.9807853
vn 0.0000000 -1.0000000 0.0000000
vn -0.1950903 0.0000000 0.9807853
vn 0.0000000 1.0000000 0.0000000
vn -0.1950903 0.0000000 -0.9807853
vn 0.0000000 1.0000000 0.0000000
vn 0.1818418 -0.3622256 -0.9141806
vn 0.1818418 -0.3622256 0.9141806
vn 0.0000000 -1.0000000 0.0000000
vn 0.1892654 -0.2425356 -0.9515015
vn 0.0000000 -1.0000000 0.0000000
vn 0.1892654 -0.2425356 0.9515015
vn 0.1941070 -0.1002760 -0.9758418
vn 0.1941070 -0.1002760 0.9758418
vn 0.1802400 -0.3826834 -0.9061274
vn 0.1802400 -0.3826834 0.9061274
vn 0.0000000 1.0000000 0.0000000
vn 0.1950903 0.0000000 -0.9807853
vn 0.0000000 1.0000000 0.0000000
vn 0.1950903 0.0000000 0.9807853
vn -0.3826834 0.0000000 0.9238795
vn 0.0000000 -1.0000000 0.0000000
vn -0.3826834 0.0000000 -0.9238795
vn 0.0000000 -1.0000000 0.0000000
vn -0.3826834 0.0000000 0.9238795
vn 0.0000000 1.0000000 0.0000000
vn -0.3826834 0.0000000 -0.9238795
vn 0.0000000 1.0000000 0.0000000
vn 0.3566956 -0.3622256 -0.8611393
vn 0.3566956 -0.3622256 0.8611393
vn 0.0000000 -1.0000000 0.0000000
vn 0.3712575 -0.2425356 -0.8962948
vn 0.0000000 -1.0000000 0.0000000
vn 0.3712575 -0.2425356 0.8962948
vn 0.3807546 -0.1002760 -0.9192229
vn 0.3807546 -0.1002760 0.9192229
vn 0.3535534 -0.3826834 -0.8535534
vn 0.3535534 -0.3826834 0.8535534
vn 0.0000000 1.0000000 0.0000000
vn 0.3826834 0.0000000 -0.9238795
vn 0.0000000 1.0000000 0.0000000
vn 0.3826834 0.0000000 0.9238795
vn -0.5555702 0.0000000 0.8314696
vn 0.0000000 -1.0000000 0.0000000
vn -0.5555702 0.0000000 -0.8314696
vn 0.0000000 -1.0000000 0.0000000
vn -0.5555702 0.0000000 0.8314696
vn 0.0000000 1.0000000 0.0000000
vn -0.5555702 0.0000000 -0.8314696
vn 0.0000000 1.0000000 0.0000000
vn -0.7071068 0.0000000 0.7071068
vn 0.0000000 -1.0000000 0.0000000
vn -0.7071068 0.0000000 -0.7071068
vn 0.0000000 -1.0000000 0.0000000
vn -0.7071068 0.0000000 0.7071068
vn 0.0000000 1.0000000 0.0000000
vn -0.7071068 0.0000000 -0.7071068
vn 0.0000000 1.0000000 0.0000000
vn 0.5178417 -0.3622256 -0.7750049
vn 0.5178417 -0.3622256 0.7750049
vn 0.0000000 -1.0000000 0.0000000
vn 0.5389823 -0.2425356 -0.8066440
vn 0.0000000 -1.0000000 0.0000000
vn 0.5389823 -0.2425356 0.8066440
vn 0.5527700 -0.1002760 -0.8272787
vn 0.5527700 -0.1002760 0.8272787
vn 0.5132800 -0.3826834 -0.7681778
vn 0.5132800 -0.3826834 0.7681778
vn 0.0000000 1.0000000 0.0000000
vn 0.5555702 0.0000000 -0.8314696
vn 0.0000000 1.0000000 0.0000000
vn 0.5555702 0.0000000 0.8314696
vn -0.8314696 0.0000000 0.5555702
vn 0.0000000 -1.0000000 0.0000000
vn -0.8314696 0.0000000 -0.5555702
vn 0.0000000 -1.0000000 0.0000000
vn -0.8314696 0.0000000 0.5555702
vn 0.0000000 1.0000000 0.0000000
vn -0.8314696 0.0000000 -0.5555702
vn 0.0000000 1.0000000 0.0000000
vn -0.9238795 0.0000000 0.3826834
vn 0.0000000 -1.0000000 0.0000000
vn -0.9238795 0.0000000 -0.3826834
vn 0.0000000 -1.0000000 0.0000000
vn -0.9238795 0.0000000 0.3826834
vn 0.0000000 1.0000000 0.0000000
vn -0.9238795 0.0000000 -0.3826834
vn 0.0000000 1.0000000 0.0000000
vn 0.6590875 -0.3622256 -0.6590875
vn 0.6590875 -0.3622256 0.6590875
vn 0.0000000 -1.0000000 0.0000000
vn 0.6859943 -0.2425356 -0.6859943
vn 0.0000000 -1.0000000 0.0000000
vn 0.6859943 -0.2425356 0.6859943
vn 0.7035427 -0.1002760 -0.7035427
vn 0.7035427 -0.1002760 0.7035427
vn 0.6532815 -0.3826834 -0.6532815
vn 0.6532815 -0.3826834 0.6532815
vn 0.0000000 1.0000000 0.0000000
vn 0.7071068 0.0000000 -0.7071068
vn 0.0000000 1.0000000 0.0000000
vn 0.7071068 0.0000000 0.7071068
vn -0.9807853 0.0000000 0.1950903
vn 0.0000000 -1.0000000 0.0000000
vn -0.9807853 0.0000000 -0.1950903
vn 0.0000000 -1.0000000 0.0000000
vn -0.9807853 0.0000000 0.1950903
vn 0.0000000 1.0000000 0.0000000
vn -0.9807853 0.0000000 -0.1950903
vn 0.0000000 1.0000000 0.0000000
vn -1.0000000 0.0000000 0.0000000
vn -1.0000000 0.0000000 0.0000000
vn 0.0000000 -1.0000000 0.0000000
vn -1.0000000 0.0000000 0.0000000
vn -1.0000000 0.0000000 0.0000000
vn 0.0000000 1.0000000 0.0000000
vn 0.7750049 -0.3622256 -0.5178417
vn 0.7750049 -0.3622256 0.5178417
vn 0.0000000 -1.0000000 0.0000000
vn 0.8066440 -0.2425356 -0.5389823
vn 0.0000000 -1.0000000 0.0000000
vn 0.8066440 -0.2425356 0.5389823
vn -0.9433855 -0.0268416 -0.3306105
vn -0.9771306 -0.0096746 0.2124197
vn -0.9924579 0.0194600 -0.1210315
vn -0.9769970 0.0191568 0.2123907
vn 0.8272787 -0.1002760 -0.5527700
vn 0.8272787 -0.1002760 0.5527700
vn 0.7681778 -0.3826834 -0.5132800
vn 0.7681778 -0.3826834 0.5132800
vn 0.0000000 1.0000000 0.0000000
vn 0.8314696 0.0000000 -0.5555702
vn 0.0000000 1.0000000 0.0000000
vn 0.8314696 0.0000000 0.5555702
vn -0.1324327 -0.9823050 -0.1324327
vn -0.1324327 -0.9823050 -0.1324327
vn -0.3096087 -0.9348672 0.1736829
vn -0.3096087 -0.9348672 0.1736829
vn -0.3096087 -0.9348672 0.1736829
vn -0.2092424 -0.0336429 -0.9772849
vn -0.2092424 -0.0336429 -0.9772849
vn -0.2092424 -0.0336429 0.9772849
vn -0.2092424 -0.0336429 0.9772849
vn -0.2108383 0.0171176 -0.9773711
vn -0.2108383 0.0171176 -0.9773711
vn -0.2108383 0.0171176 0.9773711
vn -0.2108383 0.0171176 0.9773711
vn -0.1324327 0.9823050 -0.1324327
vn -0.1324327 0.9823050 -0.1324327
vn -0.3096087 0.9348672 0.1736829
vn -0.3096087 0.9348672 0.1736829
vn -0.3096087 0.9348672 0.1736829
vn 0.8611393 -0.3622256 -0.3566956
vn 0.8611393 -0.3622256 0.3566956
vn 0.0000000 -1.0000000 0.0000000
vn 0.8962948 -0.2425356 -0.3712575
vn 0.0000000 -1.0000000 0.0000000
vn 0.8962948 -0.2425356 0.3712575
vn 0.9192229 -0.1002760 -0.3807546
vn 0.9192229 -0.1002760 0.3807546
vn 0.8535534 -0.3826834 -0.3535534
vn 0.8535534 -0.3826834 0.3535534
vn 0.0000000 1.0000000 0.0000000
vn 0.9238795 0.0000000 -0.3826834
vn 0.0000000 1.0000000 0.0000000
vn 0.9238795 0.0000000 0.3826834
vn 0.9141806 -0.3622256 -0.1818418
vn 0.9141806 -0.3622256 0.1818418
vn 0.0000000 -1.0000000 0.0000000
vn 0.9515015 -0.2425356 -0.1892654
vn 0.0000000 -1.0000000 0.0000000
vn 0.9515015 -0.2425356 0.1892654
vn 0.1736829 -0.9348672 -0.3096087
vn 0.1736829 -0.9348672 -0.3096087
vn 0.1736829 -0.9348672 -0.3096087
vn 0.1910689 -0.9628008 0.1910689
vn 0.1910689 -0.9628008 0.1910689
vn 0.1220825 -0.0110114 -0.9924589
vn 0.1220825 -0.0110114 -0.9924589
vn 0.1220825 -0.0110114 0.9924589
vn 0.1220825 -0.0110114 0.9924589
vn 0.3344090 0.0152305 -0.9423050
vn 0.3344090 0.0152305 -0.9423050
vn 0.3344090 0.0152305 0.9423050
vn 0.3344090 0.0152305 0.9423050
vn 0.1736829 0.9348672 -0.3096087
vn 0.1736829 0.9348672 -0.3096087
vn 0.1736829 0.9348672 -0.3096087
vn 0.1910689 0.9628008 0.1910689
vn 0.1910689 0.9628008 0.1910689
vn 0.9320904 -0.3622256 0.0000000
vn 0.9320904 -0.3622256 -0.0000000
vn 0.0000000 -1.0000000 0.0000000
vn 0.9701425 -0.2425356 0.0000000
vn 0.9701425 -0.2425356 -0.0000000
vn 0.9758418 -0.1002760 -0.1941070
vn 0.9758418 -0.1002760 0.1941070
vn -1.0000000 0.0000000 0.0000000
vn -0.2333730 -0.9723873 0.0000000
vn -1.0000000 0.0000000 0.0000000
vn -0.2333730 -0.9247953 -0.3004842
vn -1.0000000 0.0000000 0.0000000
vn -0.2333730 -0.9247953 0.3004842
vn -1.0000000 0.0000000 0.0000000
vn -0.2333730 -0.7866779 -0.5715549
vn -1.0000000 0.0000000 0.0000000
vn -0.2333730 -0.7866779 0.5715549
vn -1.0000000 0.0000000 0.0000000
vn -0.2333730 -0.5715549 -0.7866779
vn -1.0000000 0.0000000 0.0000000
vn -0.2333730 -0.5715549 0.7866779
vn -1.0000000 0.0000000 0.0000000
vn -0.2333730 -0.3004842 -0.9247953
vn -1.0000000 0.0000000 0.0000000
vn -0.2333730 -0.3004842 0.9247953
vn -1.0000000 0.0000000 0.0000000
vn -0.2333730 -0.0000000 -0.9723873
vn -1.0000000 0.0000000 0.0000000
vn -1.0000000 0.0000000 0.0000000
vn -0.2333730 0.0000000 0.9723873
vn -1.0000000 0.0000000 0.0000000
vn -0.2333730 0.3004842 -0.9247953
vn -1.0000000 0.0000000 0.0000000
vn -0.2333730 0.3004842 0.9247953
vn -1.0000000 0.0000000 0.0000000
vn -0.2333730 0.5715549 -0.7866779
vn -1.0000000 0.0000000 0.0000000
vn -0.2333730 0.5715549 0.7866779
vn -1.0000000 0.0000000 0.0000000
vn -0.2333730 0.7866779 -0.5715549
vn -1.0000000 0.0000000 0.0000000
vn -0.2333730 0.7866779 0.5715549
vn -1.0000000 0.0000000 0.0000000
vn -0.2333730 0.9247953 -0.3004842
vn -1.0000000 0.0000000 0.0000000
vn -0.2333730 0.9247953 0.3004842
vn -1.0000000 0.0000000 0.0000000
vn -0.2333730 0.9723873 0.0000000
vn -0.2333730 0.9723873 -0.0000000
vn 0.9433855 -0.0268416 -0.3306105
vn 0.9771306 -0.0096746 0.2124197
vn 0.9924579 0.0194600 -0.1210315
vn 0.9769970 0.0191568 0.2123907
vn 0.9061274 -0.3826834 -0.1802400
vn 0.9061274 -0.3826834 0.1802400
vn 0.0000000 1.0000000 0.0000000
vn 0.9807853 0.0000000 -0.1950903
vn 0.0000000 1.0000000 0.0000000
vn 0.9807853 0.0000000 0.1950903
vn 0.9949597 -0.1002760 0.0000000
vn 0.9949597 -0.1002760 -0.0000000
vn -0.1175004 -0.9930728 0.0000000
vn -0.1175004 -0.9444684 -0.3068764
vn -0.1175004 -0.9444684 0.3068764
vn -0.1175004 -0.8034128 -0.5837136
vn -0.1175004 -0.8034128 0.5837136
vn -0.1175004 -0.5837136 -0.8034128
vn -0.1175004 -0.5837136 0.8034128
vn -0.1175004 -0.3068764 -0.9444684
vn -0.1175004 -0.3068764 0.9444684
vn -0.1175004 -0.0000000 -0.9930728
vn -0.1175004 0.0000000 0.9930728
vn -0.1175004 0.3068764 -0.9444684
vn -0.1175004 0.3068764 0.9444684
vn -0.1175004 0.5837136 -0.8034128
vn -0.1175004 0.5837136 0.8034128
vn -0.1175004 0.8034128 -0.5837136
vn -0.1175004 0.8034128 0.5837136
vn -0.1175004 0.9444684 -0.3068764
vn -0.1175004 0.9444684 0.3068764
vn -0.1175004 0.9930728 0.0000000
vn -0.1175004 0.9930728 -0.0000000
vn 0.2984983 -0.9544102 0.0000000
vn 0.2984983 -0.9076980 -0.2949290
vn 0.2984983 -0.9076980 0.2949290
vn 0.2984983 -0.7721340 -0.5609882
vn 0.2984983 -0.7721340 0.5609882
vn 0.2984983 -0.5609882 -0.7721340
vn 0.2984983 -0.5609882 0.7721340
vn 0.2984983 -0.2949290 -0.9076980
vn 0.2984983 -0.2949290 0.9076980
vn 0.2984983 -0.0000000 -0.9544102
vn 0.2984983 0.0000000 0.9544102
vn 0.2984983 0.2949290 -0.9076980
vn 0.2984983 0.2949290 0.9076980
vn 0.2984983 0.5609882 -0.7721340
vn 0.2984983 0.5609882 0.7721340
vn 0.2984983 0.7721340 -0.5609882
vn 0.2984983 0.7721340 0.5609882
vn 0.2984983 0.9076980 -0.2949290
vn 0.2984983 0.9076980 0.2949290
vn 0.2984983 0.9544102 0.0000000
vn 0.2984983 0.9544102 -0.0000000
vn 0.9238795 -0.3826834 0.0000000
vn 0.9238795 -0.3826834 -0.0000000
vn 0.0000000 1.0000000 0.0000000
vn 1.0000000 0.0000000 0.0000000
vn 1.0000000 0.0000000 -0.0000000
vn 0.8859401 -0.4637997 0.0000000
vn 0.8859401 -0.4637997 0.0000000
vn 0.8859401 -0.4410998 -0.1433220
vn 0.8859401 -0.4410998 -0.1433220
vn 0.8859401 -0.4410998 0.1433220
vn 0.8859401 -0.4410998 0.1433220
vn 0.8859401 -0.3752219 -0.2726146
vn 0.8859401 -0.3752219 -0.2726146
vn 0.8859401 -0.3752219 0.2726146
vn 0.8859401 -0.3752219 0.2726146
vn 0.8859401 -0.2726146 -0.3752219
vn 0.8859401 -0.2726146 -0.3752219
vn 0.8859401 -0.2726146 0.3752219
vn 0.8859401 -0.2726146 0.3752219
vn 0.8859401 -0.1433220 -0.4410998
vn 0.8859401 -0.1433220 -0.4410998
vn 0.8859401 -0.1433220 0.4410998
vn 0.8859401 -0.1433220 0.4410998
vn 0.8859401 -0.0000000 -0.4637997
vn 0.8859401 -0.0000000 -0.4637997
vn 1.0000000 -0.0000000 0.0000000
vn 0.8859401 -0.0000000 0.4637997
vn 0.8859401 -0.0000000 0.4637997
vn 0.8859401 0.1433220 -0.4410998
vn 0.8859401 0.1433220 -0.4410998
vn 0.8859401 0.1433220 0.4410998
vn 0.8859401 0.1433220 0.4410998
vn 0.8859401 0.2726146 -0.3752219
vn 0.8859401 0.2726146 -0.3752219
vn 0.8859401 0.2726146 0.3752219
vn 0.8859401 0.2726146 0.3752219
vn 0.8859401 0.3752219 -0.2726146
vn 0.8859401 0.3752219 -0.2726146
vn 0.8859401 0.3752219 0.2726146
vn 0.8859401 0.3752219 0.2726146
vn 0.8859401 0.4410998 -0.1433220
vn 0.8859401 0.4410998 -0.1433220
vn 0.8859401 0.4410998 0.1433220
vn 0.8859401 0.4410998 0.1433220
vn 0.8859401 0.4637997 0.0000000
vn 0.8859401 0.4637997 0.0000000
vn 0.8859401 0.4637997 -0.0000000
vn -0.9574033 -0.0452673 -0.2851839
vn -0.9837500 -0.0156151 0.1788636
vn -0.9945565 0.0310799 -0.0994556
vn -0.9834052 0.0307314 0.1788009
vn -0.1192977 -0.9869175 -0.1084525
vn -0.1192977 -0.9869175 -0.1084525
vn -0.2950122 -0.9440391 0.1475061
vn -0.2950122 -0.9440391 0.1475061
vn -0.2950122 -0.9440391 0.1475061
vn -0.1912332 -0.0537843 -0.9800700
vn -0.1912332 -0.0537843 -0.9800700
vn -0.1103783 -0.0310439 0.9934047
vn -0.1103783 -0.0310439 0.9934047
vn -0.1936757 0.0276680 -0.9806754
vn -0.1936757 0.0276680 -0.9806754
vn -0.3071344 0.0438763 0.9506542
vn -0.3071344 0.0438763 0.9506542
vn -0.1192977 0.9869175 -0.1084525
vn -0.1192977 0.9869175 -0.1084525
vn -0.2950122 0.9440391 0.1475061
vn -0.2950122 0.9440391 0.1475061
vn -0.2950122 0.9440391 0.1475061
vn 0.1175004 -0.9930728 0.0000000
vn 0.1175004 -0.9444684 -0.3068764
vn 0.1175004 -0.9444684 0.3068764
vn 0.1175004 -0.8034128 -0.5837136
vn 0.1175004 -0.8034128 0.5837136
vn 0.1175004 -0.5837136 -0.8034128
vn 0.1175004 -0.5837136 0.8034128
vn 0.1175004 -0.3068764 -0.9444684
vn 0.1175004 -0.3068764 0.9444684
vn 0.1175004 -0.0000000 -0.9930728
vn 0.1175004 0.0000000 0.9930728
vn 0.1175004 0.3068764 -0.9444684
vn 0.1175004 0.3068764 0.9444684
vn 0.1175004 0.5837136 -0.8034128
vn 0.1175004 0.5837136 0.8034128
vn 0.1175004 0.8034128 -0.5837136
vn 0.1175004 0.8034128 0.5837136
vn 0.1175004 0.9444684 -0.3068764
vn 0.1175004 0.9444684 0.3068764
vn 0.1175004 0.9930728 0.0000000
vn 0.1175004 0.9930728 -0.0000000
vn 0.2333730 -0.9723873 0.0000000
vn 1.0000000 -0.0000000 0.0000000
vn 0.2333730 -0.9247953 -0.3004842
vn 1.0000000 -0.0000000 0.0000000
vn 0.2333730 -0.9247953 0.3004842
vn 1.0000000 -0.0000000 0.0000000
vn 0.2333730 -0.7866779 -0.5715549
vn 1.0000000 -0.0000000 0.0000000
vn 0.2333730 -0.7866779 0.5715549
vn 1.0000000 -0.0000000 0.0000000
vn 0.2333730 -0.5715549 -0.7866779
vn 1.0000000 -0.0000000 0.0000000
vn 0.2333730 -0.5715549 0.7866779
vn 1.0000000 -0.0000000 0.0000000
vn 0.2333730 -0.3004842 -0.9247953
vn 1.0000000 -0.0000000 0.0000000
vn 0.2333730 -0.3004842 0.9247953
vn 1.0000000 -0.0000000 0.0000000
vn 0.2333730 -0.0000000 -0.9723873
vn 1.0000000 -0.0000000 0.0000000
vn 1.0000000 -0.0000000 0.0000000
vn 0.2333730 0.0000000 0.9723873
vn 1.0000000 -0.0000000 0.0000000
vn 0.2333730 0.3004842 -0.9247953
vn 1.0000000 -0.0000000 0.0000000
vn 0.2333730 0.3004842 0.9247953
vn 1.0000000 -0.0000000 0.0000000
vn 0.2333730 0.5715549 -0.7866779
vn 1.0000000 -0.0000000 0.0000000
vn 0.2333730 0.5715549 0.7866779
vn 1.0000000 -0.0000000 0.0000000
vn 0.2333730 0.7866779 -0.5715549
vn 1.0000000 -0.0000000 0.0000000
vn 0.2333730 0.7866779 0.5715549
vn 1.0000000 -0.0000000 0.0000000
vn 0.2333730 0.9247953 -0.3004842
vn 1.0000000 -0.0000000 0.0000000
vn 0.2333730 0.9247953 0.3004842
vn 1.0000000 -0.0000000 0.0000000
vn 0.2333730 0.9723873 0.0000000
vn 0.2333730 0.9723873 -0.0000000
vn 1.0000000 -0.0000000 0.0000000
vn 0.1655680 -0.9482533 -0.2709295
vn 0.1655680 -0.9482533 -0.2709295
vn 0.1655680 -0.9482533 -0.2709295
vn 0.1796923 -0.9703383 0.1617230
vn 0.1796923 -0.9703383 0.1617230
vn 0.1796923 -0.9703383 0.1617230
vn 0.1119504 -0.0174923 -0.9935598
vn 0.1119504 -0.0174923 -0.9935598
vn 0.1960241 -0.0306288 0.9801206
vn 0.1960241 -0.0306288 0.9801206
vn 0.3131462 0.0248529 -0.9493797
vn 0.3131462 0.0248529 -0.9493797
vn 0.1960924 0.0155629 0.9804619
vn 0.1960924 0.0155629 0.9804619
vn 0.1655680 0.9482533 -0.2709295
vn 0.1655680 0.9482533 -0.2709295
vn 0.1655680 0.9482533 -0.2709295
vn 0.1796923 0.9703383 0.1617230
vn 0.1796923 0.9703383 0.1617230
vn 0.1796923 0.9703383 0.1617230
vn 0.9574033 -0.0452673 -0.2851839
vn 0.9837500 -0.0156151 0.1788636
vn 0.9945565 0.0310799 -0.0994556
vn 0.9834052 0.0307314 0.1788009
o 24_Pozo_Iron
usemtl Iron
s 1
f 826/826/826 847/847/847 844/844/844
f 826/826/826 844/844/844 840/840/840
f 826/826/826 840/840/840 836/836/836
f 826/826/826 836/836/836 832/832/832
f 826/826/826 832/832/832 828/828/828
f 826/826/826 828/828/828 823/823/823
f 826/826/826 823/823/823 819/819/819
f 826/826/826 819/819/819 815/815/815
f 826/826/826 815/815/815 811/811/811
f 826/826/826 811/811/811 807/807/807
f 826/826/826 807/807/807 809/809/809
f 826/826/826 809/809/809 813/813/813
f 826/826/826 813/813/813 817/817/817
f 826/826/826 817/817/817 821/821/821
f 826/826/826 821/821/821 825/825/825
f 826/826/826 825/825/825 830/830/830
f 826/826/826 830/830/830 834/834/834
f 826/826/826 834/834/834 838/838/838
f 826/826/826 838/838/838 842/842/842
f 826/826/826 842/842/842 847/847/847
f 845/845/845 803/803/803 843/843/843
f 845/845/845 804/804/804 803/803/803
f 843/843/843 801/801/801 839/839/839
f 843/843/843 803/803/803 801/801/801
f 839/839/839 799/799/799 835/835/835
f 839/839/839 801/801/801 799/799/799
f 835/835/835 797/797/797 831/831/831
f 835/835/835 799/799/799 797/797/797
f 831/831/831 795/795/795 827/827/827
f 831/831/831 797/797/797 795/795/795
f 827/827/827 793/793/793 822/822/822
f 827/827/827 795/795/795 793/793/793
f 822/822/822 791/791/791 818/818/818
f 822/822/822 793/793/793 791/791/791
f 818/818/818 789/789/789 814/814/814
f 818/818/818 791/791/791 789/789/789
f 814/814/814 787/787/787 810/810/810
f 814/814/814 789/789/789 787/787/787
f 810/810/810 785/785/785 806/806/806
f 810/810/810 787/787/787 785/785/785
f 806/806/806 786/786/786 808/808/808
f 806/806/806 785/785/785 786/786/786
f 808/808/808 788/788/788 812/812/812
f 808/808/808 786/786/786 788/788/788
f 812/812/812 790/790/790 816/816/816
f 812/812/812 788/788/788 790/790/790
f 816/816/816 792/792/792 820/820/820
f 816/816/816 790/790/790 792/792/792
f 820/820/820 794/794/794 824/824/824
f 820/820/820 792/792/792 794/794/794
f 824/824/824 796/796/796 829/829/829
f 824/824/824 794/794/794 796/796/796
f 829/829/829 798/798/798 833/833/833
f 829/829/829 796/796/796 798/798/798
f 833/833/833 800/800/800 837/837/837
f 833/833/833 798/798/798 800/800/800
f 837/837/837 802/802/802 841/841/841
f 837/837/837 800/800/800 802/802/802
f 841/841/841 805/805/805 846/846/846
f 841/841/841 802/802/802 805/805/805
f 804/804/804 692/692/692 803/803/803
f 804/804/804 693/693/693 692/692/692
f 803/803/803 690/690/690 801/801/801
f 803/803/803 692/692/692 690/690/690
f 801/801/801 688/688/688 799/799/799
f 801/801/801 690/690/690 688/688/688
f 799/799/799 686/686/686 797/797/797
f 799/799/799 688/688/688 686/686/686
f 797/797/797 684/684/684 795/795/795
f 797/797/797 686/686/686 684/684/684
f 795/795/795 682/682/682 793/793/793
f 795/795/795 684/684/684 682/682/682
f 793/793/793 680/680/680 791/791/791
f 793/793/793 682/682/682 680/680/680
f 791/791/791 678/678/678 789/789/789
f 791/791/791 680/680/680 678/678/678
f 789/789/789 676/676/676 787/787/787
f 789/789/789 678/678/678 676/676/676
f 787/787/787 674/674/674 785/785/785
f 787/787/787 676/676/676 674/674/674
f 785/785/785 675/675/675 786/786/786
f 785/785/785 674/674/674 675/675/675
f 786/786/786 677/677/677 788/788/788
f 786/786/786 675/675/675 677/677/677
f 788/788/788 679/679/679 790/790/790
f 788/788/788 677/677/677 679/679/679
f 790/790/790 681/681/681 792/792/792
f 790/790/790 679/679/679 681/681/681
f 792/792/792 683/683/683 794/794/794
f 792/792/792 681/681/681 683/683/683
f 794/794/794 685/685/685 796/796/796
f 794/794/794 683/683/683 685/685/685
f 796/796/796 687/687/687 798/798/798
f 796/796/796 685/685/685 687/687/687
f 798/798/798 689/689/689 800/800/800
f 798/798/798 687/687/687 689/689/689
f 800/800/800 691/691/691 802/802/802
f 800/800/800 689/689/689 691/691/691
f 802/802/802 694/694/694 805/805/805
f 802/802/802 691/691/691 694/694/694
f 693/693/693 658/658/658 692/692/692
f 693/693/693 660/660/660 658/658/658
f 692/692/692 654/654/654 690/690/690
f 692/692/692 658/658/658 654/654/654
f 690/690/690 650/650/650 688/688/688
f 690/690/690 654/654/654 650/650/650
f 688/688/688 646/646/646 686/686/686
f 688/688/688 650/650/650 646/646/646
f 686/686/686 642/642/642 684/684/684
f 686/686/686 646/646/646 642/642/642
f 684/684/684 637/637/637 682/682/682
f 684/684/684 642/642/642 637/637/637
f 682/682/682 633/633/633 680/680/680
f 682/682/682 637/637/637 633/633/633
f 680/680/680 629/629/629 678/678/678
f 680/680/680 633/633/633 629/629/629
f 678/678/678 625/625/625 676/676/676
f 678/678/678 629/629/629 625/625/625
f 676/676/676 621/621/621 674/674/674
f 676/676/676 625/625/625 621/621/621
f 674/674/674 623/623/623 675/675/675
f 674/674/674 621/621/621 623/623/623
f 675/675/675 627/627/627 677/677/677
f 675/675/675 623/623/623 627/627/627
f 677/677/677 631/631/631 679/679/679
f 677/677/677 627/627/627 631/631/631
f 679/679/679 635/635/635 681/681/681
f 679/679/679 631/631/631 635/635/635
f 681/681/681 639/639/639 683/683/683
f 681/681/681 635/635/635 639/639/639
f 683/683/683 644/644/644 685/685/685
f 683/683/683 639/639/639 644/644/644
f 685/685/685 648/648/648 687/687/687
f 685/685/685 644/644/644 648/648/648
f 687/687/687 652/652/652 689/689/689
f 687/687/687 648/648/648 652/652/652
f 689/689/689 656/656/656 691/691/691
f 689/689/689 652/652/652 656/656/656
f 691/691/691 661/661/661 694/694/694
f 691/691/691 656/656/656 661/661/661
f 659/659/659 640/640/640 657/657/657
f 657/657/657 640/640/640 653/653/653
f 653/653/653 640/640/640 649/649/649
f 649/649/649 640/640/640 645/645/645
f 645/645/645 640/640/640 641/641/641
f 641/641/641 640/640/640 636/636/636
f 636/636/636 640/640/640 632/632/632
f 632/632/632 640/640/640 628/628/628
f 628/628/628 640/640/640 624/624/624
f 624/624/624 640/640/640 620/620/620
f 620/620/620 640/640/640 622/622/622
f 622/622/622 640/640/640 626/626/626
f 626/626/626 640/640/640 630/630/630
f 630/630/630 640/640/640 634/634/634
f 634/634/634 640/640/640 638/638/638
f 638/638/638 640/640/640 643/643/643
f 643/643/643 640/640/640 647/647/647
f 647/647/647 640/640/640 651/651/651
f 651/651/651 640/640/640 655/655/655
f 655/655/655 640/640/640 659/659/659
f 779/779/779 784/784/784 766/766/766
f 767/767/767 763/763/763 772/772/772
f 858/858/858 862/862/862 870/870/870
f 848/848/848 854/854/854 868/868/868
f 867/867/867 861/861/861 871/871/871
f 776/776/776 765/765/765 781/781/781
f 771/771/771 775/775/775 764/764/764
f 853/853/853 869/869/869 857/857/857
f 869/869/869 868/868/868 870/870/870
f 869/869/869 870/870/870 871/871/871
f 765/765/765 763/763/763 764/764/764
f 765/765/765 764/764/764 766/766/766
f 784/784/784 765/765/765 766/766/766
f 784/784/784 781/781/781 765/765/765
f 779/779/779 764/764/764 775/775/775
f 779/779/779 766/766/766 764/764/764
f 861/861/861 869/869/869 871/871/871
f 861/861/861 857/857/857 869/869/869
f 860/860/860 778/778/778 774/774/774
f 860/860/860 774/774/774 856/856/856
f 858/858/858 870/870/870 868/868/868
f 858/858/858 868/868/868 854/854/854
f 849/849/849 773/773/773 855/855/855
f 849/849/849 767/767/767 773/773/773
f 866/866/866 778/778/778 860/860/860
f 866/866/866 783/783/783 778/778/778
f 867/867/867 871/871/871 870/870/870
f 867/867/867 870/870/870 862/862/862
f 865/865/865 780/780/780 782/782/782
f 865/865/865 863/863/863 780/780/780
f 777/777/777 781/781/781 864/864/864
f 777/777/777 864/864/864 859/859/859
f 776/776/776 763/763/763 765/765/765
f 776/776/776 772/772/772 763/763/763
f 777/777/777 859/859/859 855/855/855
f 777/777/777 855/855/855 773/773/773
f 771/771/771 764/764/764 763/763/763
f 771/771/771 763/763/763 767/767/767
f 851/851/851 856/856/856 774/774/774
f 851/851/851 774/774/774 769/769/769
f 853/853/853 868/868/868 869/869/869
f 853/853/853 848/848/848 868/868/868
f 852/852/852 768/768/768 850/850/850
f 852/852/852 770/770/770 768/768/768
o 24_Pozo_Rope
usemtl Rope
s 1
f 339/339/339 407/407/407 401/401/401
f 339/339/339 401/401/401 389/389/389
f 339/339/339 389/389/389 377/377/377
f 339/339/339 377/377/377 365/365/365
f 339/339/339 365/365/365 340/340/340
f 339/339/339 340/340/340 322/322/322
f 339/339/339 322/322/322 310/310/310
f 339/339/339 310/310/310 298/298/298
f 339/339/339 298/298/298 286/286/286
f 339/339/339 286/286/286 280/280/280
f 339/339/339 280/280/280 284/284/284
f 339/339/339 284/284/284 296/296/296
f 339/339/339 296/296/296 308/308/308
f 339/339/339 308/308/308 320/320/320
f 339/339/339 320/320/320 337/337/337
f 339/339/339 337/337/337 363/363/363
f 339/339/339 363/363/363 375/375/375
f 339/339/339 375/375/375 387/387/387
f 339/339/339 387/387/387 399/399/399
f 339/339/339 399/399/399 407/407/407
f 408/408/408 414/414/414 402/402/402
f 408/408/408 417/417/417 414/414/414
f 402/402/402 396/396/396 390/390/390
f 402/402/402 414/414/414 396/396/396
f 390/390/390 384/384/384 378/378/378
f 390/390/390 396/396/396 384/384/384
f 378/378/378 372/372/372 366/366/366
f 378/378/378 384/384/384 372/372/372
f 366/366/366 343/343/343 341/341/341
f 366/366/366 372/372/372 343/343/343
f 341/341/341 316/316/316 321/321/321
f 341/341/341 343/343/343 316/316/316
f 321/321/321 304/304/304 309/309/309
f 321/321/321 316/316/316 304/304/304
f 309/309/309 292/292/292 297/297/297
f 309/309/309 304/304/304 292/292/292
f 297/297/297 276/276/276 285/285/285
f 297/297/297 292/292/292 276/276/276
f 285/285/285 273/273/273 279/279/279
f 285/285/285 276/276/276 273/273/273
f 279/279/279 275/275/275 283/283/283
f 279/279/279 273/273/273 275/275/275
f 283/283/283 291/291/291 295/295/295
f 283/283/283 275/275/275 291/291/291
f 295/295/295 303/303/303 307/307/307
f 295/295/295 291/291/291 303/303/303
f 307/307/307 315/315/315 319/319/319
f 307/307/307 303/303/303 315/315/315
f 319/319/319 342/342/342 338/338/338
f 319/319/319 315/315/315 342/342/342
f 338/338/338 371/371/371 364/364/364
f 338/338/338 342/342/342 371/371/371
f 364/364/364 383/383/383 376/376/376
f 364/364/364 371/371/371 383/383/383
f 376/376/376 395/395/395 388/388/388
f 376/376/376 383/383/383 395/395/395
f 388/388/388 413/413/413 400/400/400
f 388/388/388 395/395/395 413/413/413
f 400/400/400 418/418/418 409/409/409
f 400/400/400 413/413/413 418/418/418
f 417/417/417 416/416/416 414/414/414
f 417/417/417 419/419/419 416/416/416
f 414/414/414 398/398/398 396/396/396
f 414/414/414 416/416/416 398/398/398
f 396/396/396 386/386/386 384/384/384
f 396/396/396 398/398/398 386/386/386
f 384/384/384 374/374/374 372/372/372
f 384/384/384 386/386/386 374/374/374
f 372/372/372 357/357/357 343/343/343
f 372/372/372 374/374/374 357/357/357
f 343/343/343 318/318/318 316/316/316
f 343/343/343 357/357/357 318/318/318
f 316/316/316 306/306/306 304/304/304
f 316/316/316 318/318/318 306/306/306
f 304/304/304 294/294/294 292/292/292
f 304/304/304 306/306/306 294/294/294
f 292/292/292 278/278/278 276/276/276
f 292/292/292 294/294/294 278/278/278
f 276/276/276 274/274/274 273/273/273
f 276/276/276 278/278/278 274/274/274
f 273/273/273 277/277/277 275/275/275
f 273/273/273 274/274/274 277/277/277
f 275/275/275 293/293/293 291/291/291
f 275/275/275 277/277/277 293/293/293
f 291/291/291 305/305/305 303/303/303
f 291/291/291 293/293/293 305/305/305
f 303/303/303 317/317/317 315/315/315
f 303/303/303 305/305/305 317/317/317
f 315/315/315 356/356/356 342/342/342
f 315/315/315 317/317/317 356/356/356
f 342/342/342 373/373/373 371/371/371
f 342/342/342 356/356/356 373/373/373
f 371/371/371 385/385/385 383/383/383
f 371/371/371 373/373/373 385/385/385
f 383/383/383 397/397/397 395/395/395
f 383/383/383 385/385/385 397/397/397
f 395/395/395 415/415/415 413/413/413
f 395/395/395 397/397/397 415/415/415
f 413/413/413 420/420/420 418/418/418
f 413/413/413 415/415/415 420/420/420
f 419/419/419 406/406/406 416/416/416
f 419/419/419 411/411/411 406/406/406
f 416/416/416 394/394/394 398/398/398
f 416/416/416 406/406/406 394/394/394
f 398/398/398 382/382/382 386/386/386
f 398/398/398 394/394/394 382/382/382
f 386/386/386 370/370/370 374/374/374
f 386/386/386 382/382/382 370/370/370
f 374/374/374 361/361/361 357/357/357
f 374/374/374 370/370/370 361/361/361
f 357/357/357 325/325/325 318/318/318
f 357/357/357 361/361/361 325/325/325
f 318/318/318 313/313/313 306/306/306
f 318/318/318 325/325/325 313/313/313
f 306/306/306 301/301/301 294/294/294
f 306/306/306 313/313/313 301/301/301
f 294/294/294 289/289/289 278/278/278
f 294/294/294 301/301/301 289/289/289
f 278/278/278 281/281/281 274/274/274
f 278/278/278 289/289/289 281/281/281
f 274/274/274 287/287/287 277/277/277
f 274/274/274 281/281/281 287/287/287
f 277/277/277 299/299/299 293/293/293
f 277/277/277 287/287/287 299/299/299
f 293/293/293 311/311/311 305/305/305
f 293/293/293 299/299/299 311/311/311
f 305/305/305 323/323/323 317/317/317
f 305/305/305 311/311/311 323/323/323
f 317/317/317 358/358/358 356/356/356
f 317/317/317 323/323/323 358/358/358
f 356/356/356 368/368/368 373/373/373
f 356/356/356 358/358/358 368/368/368
f 373/373/373 380/380/380 385/385/385
f 373/373/373 368/368/368 380/380/380
f 385/385/385 392/392/392 397/397/397
f 385/385/385 380/380/380 392/392/392
f 397/397/397 404/404/404 415/415/415
f 397/397/397 392/392/392 404/404/404
f 415/415/415 412/412/412 420/420/420
f 415/415/415 404/404/404 412/412/412
f 410/410/410 360/360/360 405/405/405
f 405/405/405 360/360/360 393/393/393
f 393/393/393 360/360/360 381/381/381
f 381/381/381 360/360/360 369/369/369
f 369/369/369 360/360/360 362/362/362
f 362/362/362 360/360/360 326/326/326
f 326/326/326 360/360/360 314/314/314
f 314/314/314 360/360/360 302/302/302
f 302/302/302 360/360/360 290/290/290
f 290/290/290 360/360/360 282/282/282
f 282/282/282 360/360/360 288/288/288
f 288/288/288 360/360/360 300/300/300
f 300/300/300 360/360/360 312/312/312
f 312/312/312 360/360/360 324/324/324
f 324/324/324 360/360/360 359/359/359
f 359/359/359 360/360/360 367/367/367
f 367/367/367 360/360/360 379/379/379
f 379/379/379 360/360/360 391/391/391
f 391/391/391 360/360/360 403/403/403
f 403/403/403 360/360/360 410/410/410
o 24_Pozo_Stone
usemtl Stone
s 1
f 535/535/535 593/593/593 528/528/528
f 535/535/535 615/615/615 593/593/593
f 528/528/528 579/579/579 506/506/506
f 528/528/528 593/593/593 579/579/579
f 506/506/506 543/543/543 498/498/498
f 506/506/506 579/579/579 543/543/543
f 498/498/498 515/515/515 476/476/476
f 498/498/498 543/543/543 515/515/515
f 476/476/476 485/485/485 468/468/468
f 476/476/476 515/515/515 485/485/485
f 468/468/468 455/455/455 446/446/446
f 468/468/468 485/485/485 455/455/455
f 446/446/446 433/433/433 424/424/424
f 446/446/446 455/455/455 433/433/433
f 424/424/424 333/333/333 331/331/331
f 424/424/424 433/433/433 333/333/333
f 331/331/331 262/262/262 267/267/267
f 331/331/331 333/333/333 262/262/262
f 267/267/267 240/240/240 245/245/245
f 267/267/267 262/262/262 240/240/240
f 245/245/245 210/210/210 223/223/223
f 245/245/245 240/240/240 210/210/210
f 223/223/223 180/180/180 215/215/215
f 223/223/223 210/210/210 180/180/180
f 215/215/215 154/154/154 193/193/193
f 215/215/215 180/180/180 154/154/154
f 193/193/193 118/118/118 185/185/185
f 193/193/193 154/154/154 118/118/118
f 185/185/185 104/104/104 163/163/163
f 185/185/185 118/118/118 104/104/104
f 163/163/163 81/81/81 157/157/157
f 163/163/163 104/104/104 81/81/81
f 157/157/157 102/102/102 161/161/161
f 157/157/157 81/81/81 102/102/102
f 161/161/161 116/116/116 183/183/183
f 161/161/161 102/102/102 116/116/116
f 183/183/183 152/152/152 191/191/191
f 183/183/183 116/116/116 152/152/152
f 191/191/191 178/178/178 213/213/213
f 191/191/191 152/152/152 178/178/178
f 213/213/213 208/208/208 221/221/221
f 213/213/213 178/178/178 208/208/208
f 221/221/221 238/238/238 243/243/243
f 221/221/221 208/208/208 238/238/238
f 243/243/243 260/260/260 265/265/265
f 243/243/243 238/238/238 260/260/260
f 265/265/265 327/327/327 329/329/329
f 265/265/265 260/260/260 327/327/327
f 329/329/329 431/431/431 422/422/422
f 329/329/329 327/327/327 431/431/431
f 422/422/422 453/453/453 444/444/444
f 422/422/422 431/431/431 453/453/453
f 444/444/444 483/483/483 466/466/466
f 444/444/444 453/453/453 483/483/483
f 466/466/466 513/513/513 474/474/474
f 466/466/466 483/483/483 513/513/513
f 474/474/474 541/541/541 496/496/496
f 474/474/474 513/513/513 541/541/541
f 496/496/496 577/577/577 504/504/504
f 496/496/496 541/541/541 577/577/577
f 504/504/504 591/591/591 526/526/526
f 504/504/504 577/577/577 591/591/591
f 526/526/526 615/615/615 535/535/535
f 526/526/526 591/591/591 615/615/615
f 616/616/616 619/619/619 594/594/594
f 616/616/616 672/672/672 619/619/619
f 594/594/594 582/582/582 580/580/580
f 594/594/594 619/619/619 582/582/582
f 580/580/580 550/550/550 544/544/544
f 580/580/580 582/582/582 550/550/550
f 544/544/544 518/518/518 516/516/516
f 544/544/544 550/550/550 518/518/518
f 516/516/516 488/488/488 486/486/486
f 516/516/516 518/518/518 488/488/488
f 486/486/486 458/458/458 456/456/456
f 486/486/486 488/488/488 458/458/458
f 456/456/456 436/436/436 434/434/434
f 456/456/456 458/458/458 436/436/436
f 434/434/434 336/336/336 334/334/334
f 434/434/434 436/436/436 336/336/336
f 334/334/334 258/258/258 261/261/261
f 334/334/334 336/336/336 258/258/258
f 261/261/261 236/236/236 239/239/239
f 261/261/261 258/258/258 236/236/236
f 239/239/239 206/206/206 209/209/209
f 239/239/239 236/236/236 206/206/206
f 209/209/209 176/176/176 179/179/179
f 209/209/209 206/206/206 176/176/176
f 179/179/179 146/146/146 153/153/153
f 179/179/179 176/176/176 146/146/146
f 153/153/153 114/114/114 117/117/117
f 153/153/153 146/146/146 114/114/114
f 117/117/117 79/79/79 103/103/103
f 117/117/117 114/114/114 79/79/79
f 103/103/103 67/67/67 80/80/80
f 103/103/103 79/79/79 67/67/67
f 80/80/80 78/78/78 101/101/101
f 80/80/80 67/67/67 78/78/78
f 101/101/101 113/113/113 115/115/115
f 101/101/101 78/78/78 113/113/113
f 115/115/115 145/145/145 151/151/151
f 115/115/115 113/113/113 145/145/145
f 151/151/151 175/175/175 177/177/177
f 151/151/151 145/145/145 175/175/175
f 177/177/177 205/205/205 207/207/207
f 177/177/177 175/175/175 205/205/205
f 207/207/207 235/235/235 237/237/237
f 207/207/207 205/205/205 235/235/235
f 237/237/237 257/257/257 259/259/259
f 237/237/237 235/235/235 257/257/257
f 259/259/259 335/335/335 328/328/328
f 259/259/259 257/257/257 335/335/335
f 328/328/328 435/435/435 432/432/432
f 328/328/328 335/335/335 435/435/435
f 432/432/432 457/457/457 454/454/454
f 432/432/432 435/435/435 457/457/457
f 454/454/454 487/487/487 484/484/484
f 454/454/454 457/457/457 487/487/487
f 484/484/484 517/517/517 514/514/514
f 484/484/484 487/487/487 517/517/517
f 514/514/514 549/549/549 542/542/542
f 514/514/514 517/517/517 549/549/549
f 542/542/542 581/581/581 578/578/578
f 542/542/542 549/549/549 581/581/581
f 578/578/578 618/618/618 592/592/592
f 578/578/578 581/581/581 618/618/618
f 592/592/592 673/673/673 617/617/617
f 592/592/592 618/618/618 673/673/673
f 672/672/672 590/590/590 619/619/619
f 672/672/672 613/613/613 590/590/590
f 619/619/619 576/576/576 582/582/582
f 619/619/619 590/590/590 576/576/576
f 582/582/582 540/540/540 550/550/550
f 582/582/582 576/576/576 540/540/540
f 550/550/550 512/512/512 518/518/518
f 550/550/550 540/540/540 512/512/512
f 518/518/518 482/482/482 488/488/488
f 518/518/518 512/512/512 482/482/482
f 488/488/488 452/452/452 458/458/458
f 488/488/488 482/482/482 452/452/452
f 458/458/458 430/430/430 436/436/436
f 458/458/458 452/452/452 430/430/430
f 436/436/436 345/345/345 336/336/336
f 436/436/436 430/430/430 345/345/345
f 336/336/336 264/264/264 258/258/258
f 336/336/336 345/345/345 264/264/264
f 258/258/258 242/242/242 236/236/236
f 258/258/258 264/264/264 242/242/242
f 236/236/236 212/212/212 206/206/206
f 236/236/236 242/242/242 212/212/212
f 206/206/206 182/182/182 176/176/176
f 206/206/206 212/212/212 182/182/182
f 176/176/176 156/156/156 146/146/146
f 176/176/176 182/182/182 156/156/156
f 146/146/146 120/120/120 114/114/114
f 146/146/146 156/156/156 120/120/120
f 114/114/114 106/106/106 79/79/79
f 114/114/114 120/120/120 106/106/106
f 79/79/79 82/82/82 67/67/67
f 79/79/79 106/106/106 82/82/82
f 67/67/67 105/105/105 78/78/78
f 67/67/67 82/82/82 105/105/105
f 78/78/78 119/119/119 113/113/113
f 78/78/78 105/105/105 119/119/119
f 113/113/113 155/155/155 145/145/145
f 113/113/113 119/119/119 155/155/155
f 145/145/145 181/181/181 175/175/175
f 145/145/145 155/155/155 181/181/181
f 175/175/175 211/211/211 205/205/205
f 175/175/175 181/181/181 211/211/211
f 205/205/205 241/241/241 235/235/235
f 205/205/205 211/211/211 241/241/241
f 235/235/235 263/263/263 257/257/257
f 235/235/235 241/241/241 263/263/263
f 257/257/257 344/344/344 335/335/335
f 257/257/257 263/263/263 344/344/344
f 335/335/335 429/429/429 435/435/435
f 335/335/335 344/344/344 429/429/429
f 435/435/435 451/451/451 457/457/457
f 435/435/435 429/429/429 451/451/451
f 457/457/457 481/481/481 487/487/487
f 457/457/457 451/451/451 481/481/481
f 487/487/487 511/511/511 517/517/517
f 487/487/487 481/481/481 511/511/511
f 517/517/517 539/539/539 549/549/549
f 517/517/517 511/511/511 539/539/539
f 549/549/549 575/575/575 581/581/581
f 549/549/549 539/539/539 575/575/575
f 581/581/581 589/589/589 618/618/618
f 581/581/581 575/575/575 589/589/589
f 618/618/618 614/614/614 673/673/673
f 618/618/618 589/589/589 614/614/614
f 613/613/613 667/667/667 590/590/590
f 613/613/613 716/716/716 667/667/667
f 590/590/590 584/584/584 576/576/576
f 590/590/590 667/667/667 584/584/584
f 576/576/576 552/552/552 540/540/540
f 576/576/576 584/584/584 552/552/552
f 540/540/540 520/520/520 512/512/512
f 540/540/540 552/552/552 520/520/520
f 512/512/512 490/490/490 482/482/482
f 512/512/512 520/520/520 490/490/490
f 482/482/482 460/460/460 452/452/452
f 482/482/482 490/490/490 460/460/460
f 452/452/452 438/438/438 430/430/430
f 452/452/452 460/460/460 438/438/438
f 430/430/430 347/347/347 345/345/345
f 430/430/430 438/438/438 347/347/347
f 345/345/345 252/252/252 264/264/264
f 345/345/345 347/347/347 252/252/252
f 264/264/264 230/230/230 242/242/242
f 264/264/264 252/252/252 230/230/230
f 242/242/242 200/200/200 212/212/212
f 242/242/242 230/230/230 200/200/200
f 212/212/212 170/170/170 182/182/182
f 212/212/212 200/200/200 170/170/170
f 182/182/182 140/140/140 156/156/156
f 182/182/182 170/170/170 140/140/140
f 156/156/156 108/108/108 120/120/120
f 156/156/156 140/140/140 108/108/108
f 120/120/120 69/69/69 106/106/106
f 120/120/120 108/108/108 69/69/69
f 106/106/106 43/43/43 82/82/82
f 106/106/106 69/69/69 43/43/43
f 82/82/82 68/68/68 105/105/105
f 82/82/82 43/43/43 68/68/68
f 105/105/105 107/107/107 119/119/119
f 105/105/105 68/68/68 107/107/107
f 119/119/119 139/139/139 155/155/155
f 119/119/119 107/107/107 139/139/139
f 155/155/155 169/169/169 181/181/181
f 155/155/155 139/139/139 169/169/169
f 181/181/181 199/199/199 211/211/211
f 181/181/181 169/169/169 199/199/199
f 211/211/211 229/229/229 241/241/241
f 211/211/211 199/199/199 229/229/229
f 241/241/241 251/251/251 263/263/263
f 241/241/241 229/229/229 251/251/251
f 263/263/263 346/346/346 344/344/344
f 263/263/263 251/251/251 346/346/346
f 344/344/344 437/437/437 429/429/429
f 344/344/344 346/346/346 437/437/437
f 429/429/429 459/459/459 451/451/451
f 429/429/429 437/437/437 459/459/459
f 451/451/451 489/489/489 481/481/481
f 451/451/451 459/459/459 489/489/489
f 481/481/481 519/519/519 511/511/511
f 481/481/481 489/489/489 519/519/519
f 511/511/511 551/551/551 539/539/539
f 511/511/511 519/519/519 551/551/551
f 539/539/539 583/583/583 575/575/575
f 539/539/539 551/551/551 583/583/583
f 575/575/575 666/666/666 589/589/589
f 575/575/575 583/583/583 666/666/666
f 589/589/589 717/717/717 614/614/614
f 589/589/589 666/666/666 717/717/717
f 716/716/716 671/671/671 667/667/667
f 716/716/716 719/719/719 671/671/671
f 667/667/667 588/588/588 584/584/584
f 667/667/667 671/671/671 588/588/588
f 584/584/584 556/556/556 552/552/552
f 584/584/584 588/588/588 556/556/556
f 552/552/552 524/524/524 520/520/520
f 552/552/552 556/556/556 524/524/524
f 520/520/520 494/494/494 490/490/490
f 520/520/520 524/524/524 494/494/494
f 490/490/490 464/464/464 460/460/460
f 490/490/490 494/494/494 464/464/464
f 460/460/460 442/442/442 438/438/438
f 460/460/460 464/464/464 442/442/442
f 438/438/438 354/354/354 347/347/347
f 438/438/438 442/442/442 354/354/354
f 347/347/347 255/255/255 252/252/252
f 347/347/347 354/354/354 255/255/255
f 252/252/252 233/233/233 230/230/230
f 252/252/252 255/255/255 233/233/233
f 230/230/230 203/203/203 200/200/200
f 230/230/230 233/233/233 203/203/203
f 200/200/200 173/173/173 170/170/170
f 200/200/200 203/203/203 173/173/173
f 170/170/170 143/143/143 140/140/140
f 170/170/170 173/173/173 143/143/143
f 140/140/140 111/111/111 108/108/108
f 140/140/140 143/143/143 111/111/111
f 108/108/108 72/72/72 69/69/69
f 108/108/108 111/111/111 72/72/72
f 69/69/69 44/44/44 43/43/43
f 69/69/69 72/72/72 44/44/44
f 43/43/43 70/70/70 68/68/68
f 43/43/43 44/44/44 70/70/70
f 68/68/68 109/109/109 107/107/107
f 68/68/68 70/70/70 109/109/109
f 107/107/107 141/141/141 139/139/139
f 107/107/107 109/109/109 141/141/141
f 139/139/139 171/171/171 169/169/169
f 139/139/139 141/141/141 171/171/171
f 169/169/169 201/201/201 199/199/199
f 169/169/169 171/171/171 201/201/201
f 199/199/199 231/231/231 229/229/229
f 199/199/199 201/201/201 231/231/231
f 229/229/229 253/253/253 251/251/251
f 229/229/229 231/231/231 253/253/253
f 251/251/251 348/348/348 346/346/346
f 251/251/251 253/253/253 348/348/348
f 346/346/346 440/440/440 437/437/437
f 346/346/346 348/348/348 440/440/440
f 437/437/437 462/462/462 459/459/459
f 437/437/437 440/440/440 462/462/462
f 459/459/459 492/492/492 489/489/489
f 459/459/459 462/462/462 492/492/492
f 489/489/489 522/522/522 519/519/519
f 489/489/489 492/492/492 522/522/522
f 519/519/519 554/554/554 551/551/551
f 519/519/519 522/522/522 554/554/554
f 551/551/551 586/586/586 583/583/583
f 551/551/551 554/554/554 586/586/586
f 583/583/583 669/669/669 666/666/666
f 583/583/583 586/586/586 669/669/669
f 666/666/666 720/720/720 717/717/717
f 666/666/666 669/669/669 720/720/720
f 718/718/718 532/532/532 670/670/670
f 718/718/718 538/538/538 532/532/532
f 670/670/670 510/510/510 587/587/587
f 670/670/670 532/532/532 510/510/510
f 587/587/587 502/502/502 555/555/555
f 587/587/587 510/510/510 502/502/502
f 555/555/555 480/480/480 523/523/523
f 555/555/555 502/502/502 480/480/480
f 523/523/523 472/472/472 493/493/493
f 523/523/523 480/480/480 472/472/472
f 493/493/493 450/450/450 463/463/463
f 493/493/493 472/472/472 450/450/450
f 463/463/463 428/428/428 441/441/441
f 463/463/463 450/450/450 428/428/428
f 441/441/441 353/353/353 355/355/355
f 441/441/441 428/428/428 353/353/353
f 355/355/355 271/271/271 256/256/256
f 355/355/355 353/353/353 271/271/271
f 256/256/256 249/249/249 234/234/234
f 256/256/256 271/271/271 249/249/249
f 234/234/234 227/227/227 204/204/204
f 234/234/234 249/249/249 227/227/227
f 204/204/204 219/219/219 174/174/174
f 204/204/204 227/227/227 219/219/219
f 174/174/174 197/197/197 144/144/144
f 174/174/174 219/219/219 197/197/197
f 144/144/144 189/189/189 112/112/112
f 144/144/144 197/197/197 189/189/189
f 112/112/112 167/167/167 73/73/73
f 112/112/112 189/189/189 167/167/167
f 73/73/73 159/159/159 45/45/45
f 73/73/73 167/167/167 159/159/159
f 45/45/45 165/165/165 71/71/71
f 45/45/45 159/159/159 165/165/165
f 71/71/71 187/187/187 110/110/110
f 71/71/71 165/165/165 187/187/187
f 110/110/110 195/195/195 142/142/142
f 110/110/110 187/187/187 195/195/195
f 142/142/142 217/217/217 172/172/172
f 142/142/142 195/195/195 217/217/217
f 172/172/172 225/225/225 202/202/202
f 172/172/172 217/217/217 225/225/225
f 202/202/202 247/247/247 232/232/232
f 202/202/202 225/225/225 247/247/247
f 232/232/232 269/269/269 254/254/254
f 232/232/232 247/247/247 269/269/269
f 254/254/254 351/351/351 349/349/349
f 254/254/254 269/269/269 351/351/351
f 349/349/349 426/426/426 439/439/439
f 349/349/349 351/351/351 426/426/426
f 439/439/439 448/448/448 461/461/461
f 439/439/439 426/426/426 448/448/448
f 461/461/461 470/470/470 491/491/491
f 461/461/461 448/448/448 470/470/470
f 491/491/491 478/478/478 521/521/521
f 491/491/491 470/470/470 478/478/478
f 521/521/521 500/500/500 553/553/553
f 521/521/521 478/478/478 500/500/500
f 553/553/553 508/508/508 585/585/585
f 553/553/553 500/500/500 508/508/508
f 585/585/585 530/530/530 668/668/668
f 585/585/585 508/508/508 530/530/530
f 668/668/668 538/538/538 718/718/718
f 668/668/668 530/530/530 538/538/538
f 536/536/536 527/527/527 531/531/531
f 536/536/536 533/533/533 527/527/527
f 531/531/531 505/505/505 509/509/509
f 531/531/531 527/527/527 505/505/505
f 509/509/509 497/497/497 501/501/501
f 509/509/509 505/505/505 497/497/497
f 501/501/501 475/475/475 479/479/479
f 501/501/501 497/497/497 475/475/475
f 479/479/479 467/467/467 471/471/471
f 479/479/479 475/475/475 467/467/467
f 471/471/471 445/445/445 449/449/449
f 471/471/471 467/467/467 445/445/445
f 449/449/449 423/423/423 427/427/427
f 449/449/449 445/445/445 423/423/423
f 427/427/427 332/332/332 352/352/352
f 427/427/427 423/423/423 332/332/332
f 352/352/352 268/268/268 272/272/272
f 352/352/352 332/332/332 268/268/268
f 272/272/272 246/246/246 250/250/250
f 272/272/272 268/268/268 246/246/246
f 250/250/250 224/224/224 228/228/228
f 250/250/250 246/246/246 224/224/224
f 228/228/228 216/216/216 220/220/220
f 228/228/228 224/224/224 216/216/216
f 220/220/220 194/194/194 198/198/198
f 220/220/220 216/216/216 194/194/194
f 198/198/198 186/186/186 190/190/190
f 198/198/198 194/194/194 186/186/186
f 190/190/190 164/164/164 168/168/168
f 190/190/190 186/186/186 164/164/164
f 168/168/168 158/158/158 160/160/160
f 168/168/168 164/164/164 158/158/158
f 160/160/160 162/162/162 166/166/166
f 160/160/160 158/158/158 162/162/162
f 166/166/166 184/184/184 188/188/188
f 166/166/166 162/162/162 184/184/184
f 188/188/188 192/192/192 196/196/196
f 188/188/188 184/184/184 192/192/192
f 196/196/196 214/214/214 218/218/218
f 196/196/196 192/192/192 214/214/214
f 218/218/218 222/222/222 226/226/226
f 218/218/218 214/214/214 222/222/222
f 226/226/226 244/244/244 248/248/248
f 226/226/226 222/222/222 244/244/244
f 248/248/248 266/266/266 270/270/270
f 248/248/248 244/244/244 266/266/266
f 270/270/270 330/330/330 350/350/350
f 270/270/270 266/266/266 330/330/330
f 350/350/350 421/421/421 425/425/425
f 350/350/350 330/330/330 421/421/421
f 425/425/425 443/443/443 447/447/447
f 425/425/425 421/421/421 443/443/443
f 447/447/447 465/465/465 469/469/469
f 447/447/447 443/443/443 465/465/465
f 469/469/469 473/473/473 477/477/477
f 469/469/469 465/465/465 473/473/473
f 477/477/477 495/495/495 499/499/499
f 477/477/477 473/473/473 495/495/495
f 499/499/499 503/503/503 507/507/507
f 499/499/499 495/495/495 503/503/503
f 507/507/507 525/525/525 529/529/529
f 507/507/507 503/503/503 525/525/525
f 529/529/529 534/534/534 537/537/537
f 529/529/529 525/525/525 534/534/534
o 24_Pozo_Wood
usemtl Wood
s 1
f 83/83/83 74/74/74 88/88/88
f 95/95/95 100/100/100 77/77/77
f 130/130/130 135/135/135 149/149/149
f 138/138/138 133/133/133 150/150/150
f 86/86/86 91/91/91 75/75/75
f 92/92/92 76/76/76 97/97/97
f 121/121/121 126/126/126 147/147/147
f 124/124/124 148/148/148 129/129/129
f 76/76/76 74/74/74 75/75/75
f 76/76/76 75/75/75 77/77/77
f 100/100/100 76/76/76 77/77/77
f 100/100/100 97/97/97 76/76/76
f 148/148/148 149/149/149 150/150/150
f 148/148/148 147/147/147 149/149/149
f 133/133/133 129/129/129 148/148/148
f 133/133/133 148/148/148 150/150/150
f 95/95/95 77/77/77 75/75/75
f 95/95/95 75/75/75 91/91/91
f 94/94/94 128/128/128 132/132/132
f 94/94/94 90/90/90 128/128/128
f 130/130/130 149/149/149 147/147/147
f 130/130/130 147/147/147 126/126/126
f 138/138/138 94/94/94 132/132/132
f 138/138/138 98/98/98 94/94/94
f 137/137/137 96/96/96 99/99/99
f 137/137/137 134/134/134 96/96/96
f 138/138/138 150/150/150 149/149/149
f 138/138/138 149/149/149 135/135/135
f 86/86/86 75/75/75 74/74/74
f 86/86/86 74/74/74 83/83/83
f 93/93/93 97/97/97 136/136/136
f 93/93/93 136/136/136 131/131/131
f 92/92/92 74/74/74 76/76/76
f 92/92/92 88/88/88 74/74/74
f 93/93/93 131/131/131 127/127/127
f 93/93/93 127/127/127 89/89/89
f 123/123/123 89/89/89 127/127/127
f 123/123/123 83/83/83 89/89/89
f 124/124/124 128/128/128 90/90/90
f 124/124/124 90/90/90 85/85/85
f 125/125/125 87/87/87 84/84/84
f 125/125/125 84/84/84 122/122/122
f 124/124/124 147/147/147 148/148/148
f 124/124/124 121/121/121 147/147/147
f 557/557/557 545/545/545 562/562/562
f 569/569/569 574/574/574 548/548/548
f 604/604/604 609/609/609 664/664/664
f 612/612/612 607/607/607 665/665/665
f 560/560/560 565/565/565 546/546/546
f 566/566/566 547/547/547 571/571/571
f 595/595/595 600/600/600 662/662/662
f 598/598/598 663/663/663 603/603/603
f 547/547/547 545/545/545 546/546/546
f 547/547/547 546/546/546 548/548/548
f 574/574/574 547/547/547 548/548/548
f 574/574/574 571/571/571 547/547/547
f 663/663/663 664/664/664 665/665/665
f 663/663/663 662/662/662 664/664/664
f 607/607/607 603/603/603 663/663/663
f 607/607/607 663/663/663 665/665/665
f 569/569/569 548/548/548 546/546/546
f 569/569/569 546/546/546 565/565/565
f 568/568/568 602/602/602 606/606/606
f 568/568/568 564/564/564 602/602/602
f 604/604/604 664/664/664 662/662/662
f 604/604/604 662/662/662 600/600/600
f 612/612/612 568/568/568 606/606/606
f 612/612/612 572/572/572 568/568/568
f 611/611/611 570/570/570 573/573/573
f 611/611/611 608/608/608 570/570/570
f 612/612/612 665/665/665 664/664/664
f 612/612/612 664/664/664 609/609/609
f 560/560/560 546/546/546 545/545/545
f 560/560/560 545/545/545 557/557/557
f 567/567/567 571/571/571 610/610/610
f 567/567/567 610/610/610 605/605/605
f 566/566/566 545/545/545 547/547/547
f 566/566/566 562/562/562 545/545/545
f 567/567/567 605/605/605 601/601/601
f 567/567/567 601/601/601 563/563/563
f 597/597/597 563/563/563 601/601/601
f 597/597/597 557/557/557 563/563/563
f 598/598/598 602/602/602 564/564/564
f 598/598/598 564/564/564 559/559/559
f 599/599/599 561/561/561 558/558/558
f 599/599/599 558/558/558 596/596/596
f 598/598/598 662/662/662 663/663/663
f 598/598/598 595/595/595 662/662/662
f 741/741/741 761/761/761 759/759/759
f 741/741/741 759/759/759 755/755/755
f 741/741/741 755/755/755 751/751/751
f 741/741/741 751/751/751 747/747/747
f 741/741/741 747/747/747 743/743/743
f 741/741/741 743/743/743 738/738/738
f 741/741/741 738/738/738 733/733/733
f 741/741/741 733/733/733 729/729/729
f 741/741/741 729/729/729 725/725/725
f 741/741/741 725/725/725 721/721/721
f 741/741/741 721/721/721 723/723/723
f 741/741/741 723/723/723 727/727/727
f 741/741/741 727/727/727 731/731/731
f 741/741/741 731/731/731 735/735/735
f 741/741/741 735/735/735 739/739/739
f 741/741/741 739/739/739 744/744/744
f 741/741/741 744/744/744 748/748/748
f 741/741/741 748/748/748 752/752/752
f 741/741/741 752/752/752 756/756/756
f 741/741/741 756/756/756 761/761/761
f 760/760/760 713/713/713 758/758/758
f 760/760/760 714/714/714 713/713/713
f 758/758/758 711/711/711 754/754/754
f 758/758/758 713/713/713 711/711/711
f 754/754/754 709/709/709 750/750/750
f 754/754/754 711/711/711 709/709/709
f 750/750/750 707/707/707 746/746/746
f 750/750/750 709/709/709 707/707/707
f 746/746/746 705/705/705 742/742/742
f 746/746/746 707/707/707 705/705/705
f 742/742/742 703/703/703 737/737/737
f 742/742/742 705/705/705 703/703/703
f 737/737/737 701/701/701 734/734/734
f 737/737/737 703/703/703 701/701/701
f 734/734/734 699/699/699 730/730/730
f 734/734/734 701/701/701 699/699/699
f 730/730/730 697/697/697 726/726/726
f 730/730/730 699/699/699 697/697/697
f 726/726/726 695/695/695 722/722/722
f 726/726/726 697/697/697 695/695/695
f 722/722/722 696/696/696 724/724/724
f 722/722/722 695/695/695 696/696/696
f 724/724/724 698/698/698 728/728/728
f 724/724/724 696/696/696 698/698/698
f 728/728/728 700/700/700 732/732/732
f 728/728/728 698/698/698 700/700/700
f 732/732/732 702/702/702 736/736/736
f 732/732/732 700/700/700 702/702/702
f 736/736/736 704/704/704 740/740/740
f 736/736/736 702/702/702 704/704/704
f 740/740/740 706/706/706 745/745/745
f 740/740/740 704/704/704 706/706/706
f 745/745/745 708/708/708 749/749/749
f 745/745/745 706/706/706 708/708/708
f 749/749/749 710/710/710 753/753/753
f 749/749/749 708/708/708 710/710/710
f 753/753/753 712/712/712 757/757/757
f 753/753/753 710/710/710 712/712/712
f 757/757/757 715/715/715 762/762/762
f 757/757/757 712/712/712 715/715/715
f 714/714/714 64/64/64 713/713/713
f 714/714/714 65/65/65 64/64/64
f 713/713/713 62/62/62 711/711/711
f 713/713/713 64/64/64 62/62/62
f 711/711/711 60/60/60 709/709/709
f 711/711/711 62/62/62 60/60/60
f 709/709/709 58/58/58 707/707/707
f 709/709/709 60/60/60 58/58/58
f 707/707/707 56/56/56 705/705/705
f 707/707/707 58/58/58 56/56/56
f 705/705/705 54/54/54 703/703/703
f 705/705/705 56/56/56 54/54/54
f 703/703/703 52/52/52 701/701/701
f 703/703/703 54/54/54 52/52/52
f 701/701/701 50/50/50 699/699/699
f 701/701/701 52/52/52 50/50/50
f 699/699/699 48/48/48 697/697/697
f 699/699/699 50/50/50 48/48/48
f 697/697/697 46/46/46 695/695/695
f 697/697/697 48/48/48 46/46/46
f 695/695/695 47/47/47 696/696/696
f 695/695/695 46/46/46 47/47/47
f 696/696/696 49/49/49 698/698/698
f 696/696/696 47/47/47 49/49/49
f 698/698/698 51/51/51 700/700/700
f 698/698/698 49/49/49 51/51/51
f 700/700/700 53/53/53 702/702/702
f 700/700/700 51/51/51 53/53/53
f 702/702/702 55/55/55 704/704/704
f 702/702/702 53/53/53 55/55/55
f 704/704/704 57/57/57 706/706/706
f 704/704/704 55/55/55 57/57/57
f 706/706/706 59/59/59 708/708/708
f 706/706/706 57/57/57 59/59/59
f 708/708/708 61/61/61 710/710/710
f 708/708/708 59/59/59 61/61/61
f 710/710/710 63/63/63 712/712/712
f 710/710/710 61/61/61 63/63/63
f 712/712/712 66/66/66 715/715/715
f 712/712/712 63/63/63 66/66/66
f 65/65/65 38/38/38 64/64/64
f 65/65/65 40/40/40 38/38/38
f 64/64/64 34/34/34 62/62/62
f 64/64/64 38/38/38 34/34/34
f 62/62/62 30/30/30 60/60/60
f 62/62/62 34/34/34 30/30/30
f 60/60/60 26/26/26 58/58/58
f 60/60/60 30/30/30 26/26/26
f 58/58/58 22/22/22 56/56/56
f 58/58/58 26/26/26 22/22/22
f 56/56/56 17/17/17 54/54/54
f 56/56/56 22/22/22 17/17/17
f 54/54/54 14/14/14 52/52/52
f 54/54/54 17/17/17 14/14/14
f 52/52/52 10/10/10 50/50/50
f 52/52/52 14/14/14 10/10/10
f 50/50/50 6/6/6 48/48/48
f 50/50/50 10/10/10 6/6/6
f 48/48/48 2/2/2 46/46/46
f 48/48/48 6/6/6 2/2/2
f 46/46/46 4/4/4 47/47/47
f 46/46/46 2/2/2 4/4/4
f 47/47/47 8/8/8 49/49/49
f 47/47/47 4/4/4 8/8/8
f 49/49/49 12/12/12 51/51/51
f 49/49/49 8/8/8 12/12/12
f 51/51/51 16/16/16 53/53/53
f 51/51/51 12/12/12 16/16/16
f 53/53/53 20/20/20 55/55/55
f 53/53/53 16/16/16 20/20/20
f 55/55/55 25/25/25 57/57/57
f 55/55/55 20/20/20 25/25/25
f 57/57/57 29/29/29 59/59/59
f 57/57/57 25/25/25 29/29/29
f 59/59/59 33/33/33 61/61/61
f 59/59/59 29/29/29 33/33/33
f 61/61/61 37/37/37 63/63/63
f 61/61/61 33/33/33 37/37/37
f 63/63/63 42/42/42 66/66/66
f 63/63/63 37/37/37 42/42/42
f 41/41/41 21/21/21 39/39/39
f 39/39/39 21/21/21 35/35/35
f 35/35/35 21/21/21 31/31/31
f 31/31/31 21/21/21 27/27/27
f 27/27/27 21/21/21 23/23/23
f 23/23/23 21/21/21 18/18/18
f 18/18/18 21/21/21 13/13/13
f 13/13/13 21/21/21 9/9/9
f 9/9/9 21/21/21 5/5/5
f 5/5/5 21/21/21 1/1/1
f 1/1/1 21/21/21 3/3/3
f 3/3/3 21/21/21 7/7/7
f 7/7/7 21/21/21 11/11/11
f 11/11/11 21/21/21 15/15/15
f 15/15/15 21/21/21 19/19/19
f 19/19/19 21/21/21 24/24/24
f 24/24/24 21/21/21 28/28/28
f 28/28/28 21/21/21 32/32/32
f 32/32/32 21/21/21 36/36/36
f 36/36/36 21/21/21 41/41/41
