# metres; Y up; ground-centred pivot
mtllib 26_Cubo.mtl
v -0.2930000 0.3950000 0.0000000
v -0.2930000 0.3950000 0.0000000
v -0.2930000 0.4350000 0.0000000
v -0.2930000 0.4350000 0.0000000
v -0.2900000 0.4850000 0.0000000
v -0.2900000 0.4850000 0.0000000
v -0.2900000 0.5350000 -0.0140000
v -0.2900000 0.5350000 -0.0140000
v -0.2900000 0.5350000 0.0140000
v -0.2900000 0.5350000 0.0140000
v -0.2873701 0.3950000 -0.0571615
v -0.2873701 0.3950000 -0.0571615
v -0.2873701 0.3950000 0.0571615
v -0.2873701 0.3950000 0.0571615
v -0.2873701 0.4350000 -0.0571615
v -0.2873701 0.4350000 -0.0571615
v -0.2873701 0.4350000 0.0571615
v -0.2873701 0.4350000 0.0571615
v -0.2844277 0.4784238 -0.0140000
v -0.2844277 0.4784238 -0.0140000
v -0.2844277 0.4784238 0.0140000
v -0.2844277 0.4784238 0.0140000
v -0.2844277 0.5915762 -0.0140000
v -0.2844277 0.5915762 -0.0140000
v -0.2844277 0.5915762 0.0140000
v -0.2844277 0.5915762 0.0140000
v -0.2801185 0.4850000 -0.0750575
v -0.2801185 0.4850000 -0.0750575
v -0.2801185 0.4850000 0.0750575
v -0.2801185 0.4850000 0.0750575
v -0.2740000 0.3950000 0.0000000
v -0.2740000 0.3950000 0.0000000
v -0.2740000 0.4350000 0.0000000
v -0.2740000 0.4350000 0.0000000
v -0.2706967 0.3950000 -0.1121262
v -0.2706967 0.3950000 -0.1121262
v -0.2706967 0.3950000 0.1121262
v -0.2706967 0.3950000 0.1121262
v -0.2706967 0.4350000 -0.1121262
v -0.2706967 0.4350000 -0.1121262
v -0.2706967 0.4350000 0.1121262
v -0.2706967 0.4350000 0.1121262
v -0.2700000 0.5350000 -0.0140000
v -0.2700000 0.5350000 -0.0140000
v -0.2700000 0.5350000 0.0140000
v -0.2700000 0.5350000 0.0140000
v -0.2687352 0.3950000 -0.0534547
v -0.2687352 0.3950000 -0.0534547
v -0.2687352 0.3950000 0.0534547
v -0.2687352 0.3950000 0.0534547
v -0.2687352 0.4350000 -0.0534547
v -0.2687352 0.4350000 -0.0534547
v -0.2687352 0.4350000 0.0534547
v -0.2687352 0.4350000 0.0534547
v -0.2679251 0.4240218 -0.0140000
v -0.2679251 0.4240218 -0.0140000
v -0.2679251 0.4240218 0.0140000
v -0.2679251 0.4240218 0.0140000
v -0.2679251 0.6459782 -0.0140000
v -0.2679251 0.6459782 -0.0140000
v -0.2679251 0.6459782 0.0140000
v -0.2679251 0.6459782 0.0140000
v -0.2648120 0.4823256 -0.0140000
v -0.2648120 0.4823256 -0.0140000
v -0.2648120 0.4823256 0.0140000
v -0.2648120 0.4823256 0.0140000
v -0.2648120 0.5876744 -0.0140000
v -0.2648120 0.5876744 -0.0140000
v -0.2648120 0.5876744 0.0140000
v -0.2648120 0.5876744 0.0140000
v -0.2550000 0.0750000 0.0000000
v -0.2550000 0.0750000 0.0000000
v -0.2550000 0.1150000 0.0000000
v -0.2550000 0.1150000 0.0000000
v -0.2531430 0.3950000 -0.1048553
v -0.2531430 0.3950000 -0.1048553
v -0.2531430 0.3950000 0.1048553
v -0.2531430 0.3950000 0.1048553
v -0.2531430 0.4350000 -0.1048553
v -0.2531430 0.4350000 -0.1048553
v -0.2531430 0.4350000 0.1048553
v -0.2531430 0.4350000 0.1048553
v -0.2511474 0.4850000 -0.1450000
v -0.2511474 0.4850000 -0.1450000
v -0.2511474 0.4850000 0.1450000
v -0.2511474 0.4850000 0.1450000
v -0.2501002 0.0750000 -0.0497480
v -0.2501002 0.0750000 -0.0497480
v -0.2501002 0.0750000 0.0497480
v -0.2501002 0.0750000 0.0497480
v -0.2501002 0.1150000 -0.0497480
v -0.2501002 0.1150000 -0.0497480
v -0.2501002 0.1150000 0.0497480
v -0.2501002 0.1150000 0.0497480
v -0.2500000 0.4850000 0.0000000
v -0.2500000 0.4850000 0.0000000
v -0.2494475 0.4316755 -0.0140000
v -0.2494475 0.4316755 -0.0140000
v -0.2494475 0.4316755 0.0140000
v -0.2494475 0.4316755 0.0140000
v -0.2494475 0.6383245 -0.0140000
v -0.2494475 0.6383245 -0.0140000
v -0.2494475 0.6383245 0.0140000
v -0.2494475 0.6383245 0.0140000
v -0.2436206 0.3950000 -0.1627821
v -0.2436206 0.3950000 -0.1627821
v -0.2436206 0.3950000 0.1627821
v -0.2436206 0.3950000 0.1627821
v -0.2436206 0.4350000 -0.1627821
v -0.2436206 0.4350000 -0.1627821
v -0.2436206 0.4350000 0.1627821
v -0.2436206 0.4350000 0.1627821
v -0.2414815 0.4850000 -0.0647048
v -0.2414815 0.4850000 -0.0647048
v -0.2414815 0.4850000 0.0647048
v -0.2414815 0.4850000 0.0647048
v -0.2411262 0.3738846 -0.0140000
v -0.2411262 0.3738846 -0.0140000
v -0.2411262 0.3738846 0.0140000
v -0.2411262 0.3738846 0.0140000
v -0.2411262 0.6961154 -0.0140000
v -0.2411262 0.6961154 -0.0140000
v -0.2411262 0.6961154 0.0140000
v -0.2411262 0.6961154 0.0140000
v -0.2400000 0.0350000 0.0000000
v -0.2360000 0.0750000 0.0000000
v -0.2360000 0.0750000 0.0000000
v -0.2360000 0.1150000 0.0000000
v -0.2360000 0.1150000 0.0000000
v -0.2355893 0.0750000 -0.0975843
v -0.2355893 0.0750000 -0.0975843
v -0.2355893 0.0750000 0.0975843
v -0.2355893 0.0750000 0.0975843
v -0.2355893 0.1150000 -0.0975843
v -0.2355893 0.1150000 -0.0975843
v -0.2355893 0.1150000 0.0975843
v -0.2355893 0.1150000 0.0975843
v -0.2318222 0.0350000 -0.0621166
v -0.2318222 0.0350000 0.0621166
v -0.2314653 0.0750000 -0.0460413
v -0.2314653 0.0750000 -0.0460413
v -0.2314653 0.0750000 0.0460413
v -0.2314653 0.0750000 0.0460413
v -0.2314653 0.1150000 -0.0460413
v -0.2314653 0.1150000 -0.0460413
v -0.2314653 0.1150000 0.0460413
v -0.2314653 0.1150000 0.0460413
v -0.2278227 0.3950000 -0.1522262
v -0.2278227 0.3950000 -0.1522262
v -0.2278227 0.3950000 0.1522262
v -0.2278227 0.3950000 0.1522262
v -0.2278227 0.4350000 -0.1522262
v -0.2278227 0.4350000 -0.1522262
v -0.2278227 0.4350000 0.1522262
v -0.2278227 0.4350000 0.1522262
v -0.2244968 0.3849960 -0.0140000
v -0.2244968 0.3849960 -0.0140000
v -0.2244968 0.3849960 0.0140000
v -0.2244968 0.3849960 0.0140000
v -0.2244968 0.6850040 -0.0140000
v -0.2244968 0.6850040 -0.0140000
v -0.2244968 0.6850040 0.0140000
v -0.2244968 0.6850040 0.0140000
v -0.2180356 0.0750000 -0.0903133
v -0.2180356 0.0750000 -0.0903133
v -0.2180356 0.0750000 0.0903133
v -0.2180356 0.0750000 0.0903133
v -0.2180356 0.1150000 -0.0903133
v -0.2180356 0.1150000 -0.0903133
v -0.2180356 0.1150000 0.0903133
v -0.2180356 0.1150000 0.0903133
v -0.2165064 0.4850000 -0.1250000
v -0.2165064 0.4850000 -0.1250000
v -0.2165064 0.4850000 0.1250000
v -0.2165064 0.4850000 0.1250000
v -0.2120248 0.0750000 -0.1416704
v -0.2120248 0.0750000 -0.1416704
v -0.2120248 0.0750000 0.1416704
v -0.2120248 0.0750000 0.1416704
v -0.2120248 0.1150000 -0.1416704
v -0.2120248 0.1150000 -0.1416704
v -0.2120248 0.1150000 0.1416704
v -0.2120248 0.1150000 0.1416704
v -0.2078461 0.0350000 -0.1200000
v -0.2078461 0.0350000 0.1200000
v -0.2071823 0.3950000 -0.2071823
v -0.2071823 0.3950000 -0.2071823
v -0.2071823 0.3950000 0.2071823
v -0.2071823 0.3950000 0.2071823
v -0.2071823 0.4350000 -0.2071823
v -0.2071823 0.4350000 -0.2071823
v -0.2071823 0.4350000 0.2071823
v -0.2071823 0.4350000 0.2071823
v -0.2050610 0.3299390 -0.0140000
v -0.2050610 0.3299390 -0.0140000
v -0.2050610 0.3299390 0.0140000
v -0.2050610 0.3299390 0.0140000
v -0.2050610 0.4850000 -0.2050610
v -0.2050610 0.4850000 -0.2050610
v -0.2050610 0.4850000 0.2050610
v -0.2050610 0.4850000 0.2050610
v -0.2050610 0.7400610 -0.0140000
v -0.2050610 0.7400610 -0.0140000
v -0.2050610 0.7400610 0.0140000
v -0.2050610 0.7400610 0.0140000
v -0.2000000 0.0000000 0.0000000
v -0.2000000 0.0000000 0.0000000
v -0.2000000 0.0550000 0.0000000
v -0.2000000 0.0550000 0.0000000
v -0.1962268 0.0750000 -0.1311146
v -0.1962268 0.0750000 -0.1311146
v -0.1962268 0.0750000 0.1311146
v -0.1962268 0.0750000 0.1311146
v -0.1962268 0.1150000 -0.1311146
v -0.1962268 0.1150000 -0.1311146
v -0.1962268 0.1150000 0.1311146
v -0.1962268 0.1150000 0.1311146
v -0.1937473 0.3950000 -0.1937473
v -0.1937473 0.3950000 -0.1937473
v -0.1937473 0.3950000 0.1937473
v -0.1937473 0.3950000 0.1937473
v -0.1937473 0.4350000 -0.1937473
v -0.1937473 0.4350000 -0.1937473
v -0.1937473 0.4350000 0.1937473
v -0.1937473 0.4350000 0.1937473
v -0.1931852 0.0000000 -0.0517638
v -0.1931852 0.0000000 -0.0517638
v -0.1931852 0.0000000 0.0517638
v -0.1931852 0.0000000 0.0517638
v -0.1931852 0.0550000 -0.0517638
v -0.1931852 0.0550000 -0.0517638
v -0.1931852 0.0550000 0.0517638
v -0.1931852 0.0550000 0.0517638
v -0.1909188 0.3440812 -0.0140000
v -0.1909188 0.3440812 -0.0140000
v -0.1909188 0.3440812 0.0140000
v -0.1909188 0.3440812 0.0140000
v -0.1909188 0.7259188 -0.0140000
v -0.1909188 0.7259188 -0.0140000
v -0.1909188 0.7259188 0.0140000
v -0.1909188 0.7259188 0.0140000
v -0.1803122 0.0750000 -0.1803122
v -0.1803122 0.0750000 -0.1803122
v -0.1803122 0.0750000 0.1803122
v -0.1803122 0.0750000 0.1803122
v -0.1803122 0.1150000 -0.1803122
v -0.1803122 0.1150000 -0.1803122
v -0.1803122 0.1150000 0.1803122
v -0.1803122 0.1150000 0.1803122
v -0.1767767 0.4850000 -0.1767767
v -0.1767767 0.4850000 -0.1767767
v -0.1767767 0.4850000 0.1767767
v -0.1767767 0.4850000 0.1767767
v -0.1732051 0.0000000 -0.1000000
v -0.1732051 0.0000000 -0.1000000
v -0.1732051 0.0000000 0.1000000
v -0.1732051 0.0000000 0.1000000
v -0.1732051 0.0550000 -0.1000000
v -0.1732051 0.0550000 -0.1000000
v -0.1732051 0.0550000 0.1000000
v -0.1732051 0.0550000 0.1000000
v -0.1697056 0.0350000 -0.1697056
v -0.1697056 0.0350000 0.1697056
v -0.1668772 0.0750000 -0.1668772
v -0.1668772 0.0750000 -0.1668772
v -0.1668772 0.0750000 0.1668772
v -0.1668772 0.0750000 0.1668772
v -0.1668772 0.1150000 -0.1668772
v -0.1668772 0.1150000 -0.1668772
v -0.1668772 0.1150000 0.1668772
v -0.1668772 0.1150000 0.1668772
v -0.1627821 0.3950000 -0.2436206
v -0.1627821 0.3950000 -0.2436206
v -0.1627821 0.3950000 0.2436206
v -0.1627821 0.3950000 0.2436206
v -0.1627821 0.4350000 -0.2436206
v -0.1627821 0.4350000 -0.2436206
v -0.1627821 0.4350000 0.2436206
v -0.1627821 0.4350000 0.2436206
v -0.1611154 0.2938738 -0.0140000
v -0.1611154 0.2938738 -0.0140000
v -0.1611154 0.2938738 0.0140000
v -0.1611154 0.2938738 0.0140000
v -0.1611154 0.7761262 -0.0140000
v -0.1611154 0.7761262 -0.0140000
v -0.1611154 0.7761262 0.0140000
v -0.1611154 0.7761262 0.0140000
v -0.1522262 0.3950000 -0.2278227
v -0.1522262 0.3950000 -0.2278227
v -0.1522262 0.3950000 0.2278227
v -0.1522262 0.3950000 0.2278227
v -0.1522262 0.4350000 -0.2278227
v -0.1522262 0.4350000 -0.2278227
v -0.1522262 0.4350000 0.2278227
v -0.1522262 0.4350000 0.2278227
v -0.1500040 0.3105032 -0.0140000
v -0.1500040 0.3105032 -0.0140000
v -0.1500040 0.3105032 0.0140000
v -0.1500040 0.3105032 0.0140000
v -0.1500040 0.7594968 -0.0140000
v -0.1500040 0.7594968 -0.0140000
v -0.1500040 0.7594968 0.0140000
v -0.1500040 0.7594968 0.0140000
v -0.1450000 0.4850000 -0.2511474
v -0.1450000 0.4850000 -0.2511474
v -0.1450000 0.4850000 0.2511474
v -0.1450000 0.4850000 0.2511474
v -0.1416704 0.0750000 -0.2120248
v -0.1416704 0.0750000 -0.2120248
v -0.1416704 0.0750000 0.2120248
v -0.1416704 0.0750000 0.2120248
v -0.1416704 0.1150000 -0.2120248
v -0.1416704 0.1150000 -0.2120248
v -0.1416704 0.1150000 0.2120248
v -0.1416704 0.1150000 0.2120248
v -0.1414214 0.0000000 -0.1414214
v -0.1414214 0.0000000 -0.1414214
v -0.1414214 0.0000000 0.1414214
v -0.1414214 0.0000000 0.1414214
v -0.1414214 0.0550000 -0.1414214
v -0.1414214 0.0550000 -0.1414214
v -0.1414214 0.0550000 0.1414214
v -0.1414214 0.0550000 0.1414214
v -0.1311146 0.0750000 -0.1962268
v -0.1311146 0.0750000 -0.1962268
v -0.1311146 0.0750000 0.1962268
v -0.1311146 0.0750000 0.1962268
v -0.1311146 0.1150000 -0.1962268
v -0.1311146 0.1150000 -0.1962268
v -0.1311146 0.1150000 0.1962268
v -0.1311146 0.1150000 0.1962268
v -0.1250000 0.4850000 -0.2165064
v -0.1250000 0.4850000 -0.2165064
v -0.1250000 0.4850000 0.2165064
v -0.1250000 0.4850000 0.2165064
v -0.1200000 0.0350000 -0.2078461
v -0.1200000 0.0350000 0.2078461
v -0.1121262 0.3950000 -0.2706967
v -0.1121262 0.3950000 -0.2706967
v -0.1121262 0.3950000 0.2706967
v -0.1121262 0.3950000 0.2706967
v -0.1121262 0.4350000 -0.2706967
v -0.1121262 0.4350000 -0.2706967
v -0.1121262 0.4350000 0.2706967
v -0.1121262 0.4350000 0.2706967
v -0.1109782 0.2670749 -0.0140000
v -0.1109782 0.2670749 -0.0140000
v -0.1109782 0.2670749 0.0140000
v -0.1109782 0.2670749 0.0140000
v -0.1109782 0.8029251 -0.0140000
v -0.1109782 0.8029251 -0.0140000
v -0.1109782 0.8029251 0.0140000
v -0.1109782 0.8029251 0.0140000
v -0.1048553 0.3950000 -0.2531430
v -0.1048553 0.3950000 -0.2531430
v -0.1048553 0.3950000 0.2531430
v -0.1048553 0.3950000 0.2531430
v -0.1048553 0.4350000 -0.2531430
v -0.1048553 0.4350000 -0.2531430
v -0.1048553 0.4350000 0.2531430
v -0.1048553 0.4350000 0.2531430
v -0.1033245 0.2855525 -0.0140000
v -0.1033245 0.2855525 -0.0140000
v -0.1033245 0.2855525 0.0140000
v -0.1033245 0.2855525 0.0140000
v -0.1033245 0.7844475 -0.0140000
v -0.1033245 0.7844475 -0.0140000
v -0.1033245 0.7844475 0.0140000
v -0.1033245 0.7844475 0.0140000
v -0.1000000 0.0000000 -0.1732051
v -0.1000000 0.0000000 -0.1732051
v -0.1000000 0.0000000 0.1732051
v -0.1000000 0.0000000 0.1732051
v -0.1000000 0.0550000 -0.1732051
v -0.1000000 0.0550000 -0.1732051
v -0.1000000 0.0550000 0.1732051
v -0.1000000 0.0550000 0.1732051
v -0.0975843 0.0750000 -0.2355893
v -0.0975843 0.0750000 -0.2355893
v -0.0975843 0.0750000 0.2355893
v -0.0975843 0.0750000 0.2355893
v -0.0975843 0.1150000 -0.2355893
v -0.0975843 0.1150000 -0.2355893
v -0.0975843 0.1150000 0.2355893
v -0.0975843 0.1150000 0.2355893
v -0.0903133 0.0750000 -0.2180356
v -0.0903133 0.0750000 -0.2180356
v -0.0903133 0.0750000 0.2180356
v -0.0903133 0.0750000 0.2180356
v -0.0903133 0.1150000 -0.2180356
v -0.0903133 0.1150000 -0.2180356
v -0.0903133 0.1150000 0.2180356
v -0.0903133 0.1150000 0.2180356
v -0.0750575 0.4850000 -0.2801185
v -0.0750575 0.4850000 -0.2801185
v -0.0750575 0.4850000 0.2801185
v -0.0750575 0.4850000 0.2801185
v -0.0647048 0.4850000 -0.2414815
v -0.0647048 0.4850000 -0.2414815
v -0.0647048 0.4850000 0.2414815
v -0.0647048 0.4850000 0.2414815
v -0.0621166 0.0350000 -0.2318222
v -0.0621166 0.0350000 0.2318222
v -0.0571615 0.3950000 -0.2873701
v -0.0571615 0.3950000 -0.2873701
v -0.0571615 0.3950000 0.2873701
v -0.0571615 0.3950000 0.2873701
v -0.0571615 0.4350000 -0.2873701
v -0.0571615 0.4350000 -0.2873701
v -0.0571615 0.4350000 0.2873701
v -0.0571615 0.4350000 0.2873701
v -0.0565762 0.2505723 -0.0140000
v -0.0565762 0.2505723 -0.0140000
v -0.0565762 0.2505723 0.0140000
v -0.0565762 0.2505723 0.0140000
v -0.0565762 0.8194277 -0.0140000
v -0.0565762 0.8194277 -0.0140000
v -0.0565762 0.8194277 0.0140000
v -0.0565762 0.8194277 0.0140000
v -0.0534547 0.3950000 -0.2687352
v -0.0534547 0.3950000 -0.2687352
v -0.0534547 0.3950000 0.2687352
v -0.0534547 0.3950000 0.2687352
v -0.0534547 0.4350000 -0.2687352
v -0.0534547 0.4350000 -0.2687352
v -0.0534547 0.4350000 0.2687352
v -0.0534547 0.4350000 0.2687352
v -0.0526744 0.2701880 -0.0140000
v -0.0526744 0.2701880 -0.0140000
v -0.0526744 0.2701880 0.0140000
v -0.0526744 0.2701880 0.0140000
v -0.0526744 0.7998120 -0.0140000
v -0.0526744 0.7998120 -0.0140000
v -0.0526744 0.7998120 0.0140000
v -0.0526744 0.7998120 0.0140000
v -0.0517638 0.0000000 -0.1931852
v -0.0517638 0.0000000 -0.1931852
v -0.0517638 0.0000000 0.1931852
v -0.0517638 0.0000000 0.1931852
v -0.0517638 0.0550000 -0.1931852
v -0.0517638 0.0550000 -0.1931852
v -0.0517638 0.0550000 0.1931852
v -0.0517638 0.0550000 0.1931852
v -0.0497480 0.0750000 -0.2501002
v -0.0497480 0.0750000 -0.2501002
v -0.0497480 0.0750000 0.2501002
v -0.0497480 0.0750000 0.2501002
v -0.0497480 0.1150000 -0.2501002
v -0.0497480 0.1150000 -0.2501002
v -0.0497480 0.1150000 0.2501002
v -0.0497480 0.1150000 0.2501002
v -0.0460413 0.0750000 -0.2314653
v -0.0460413 0.0750000 -0.2314653
v -0.0460413 0.0750000 0.2314653
v -0.0460413 0.0750000 0.2314653
v -0.0460413 0.1150000 -0.2314653
v -0.0460413 0.1150000 -0.2314653
v -0.0460413 0.1150000 0.2314653
v -0.0460413 0.1150000 0.2314653
v -0.0000000 0.0000000 -0.2000000
v -0.0000000 0.0000000 -0.2000000
v 0.0000000 0.0000000 0.0000000
v 0.0000000 0.0000000 0.2000000
v 0.0000000 0.0000000 0.2000000
v -0.0000000 0.0350000 -0.2400000
v 0.0000000 0.0350000 0.2400000
v -0.0000000 0.0550000 -0.2000000
v -0.0000000 0.0550000 -0.2000000
v 0.0000000 0.0550000 0.0000000
v 0.0000000 0.0550000 0.2000000
v 0.0000000 0.0550000 0.2000000
v -0.0000000 0.0750000 -0.2550000
v -0.0000000 0.0750000 -0.2550000
v -0.0000000 0.0750000 -0.2360000
v -0.0000000 0.0750000 -0.2360000
v 0.0000000 0.0750000 0.2360000
v 0.0000000 0.0750000 0.2360000
v 0.0000000 0.0750000 0.2550000
v 0.0000000 0.0750000 0.2550000
v -0.0000000 0.1150000 -0.2550000
v -0.0000000 0.1150000 -0.2550000
v -0.0000000 0.1150000 -0.2360000
v -0.0000000 0.1150000 -0.2360000
v 0.0000000 0.1150000 0.2360000
v 0.0000000 0.1150000 0.2360000
v 0.0000000 0.1150000 0.2550000
v 0.0000000 0.1150000 0.2550000
v 0.0000000 0.2450000 -0.0140000
v 0.0000000 0.2450000 -0.0140000
v 0.0000000 0.2450000 0.0140000
v 0.0000000 0.2450000 0.0140000
v 0.0000000 0.2650000 -0.0140000
v 0.0000000 0.2650000 -0.0140000
v 0.0000000 0.2650000 0.0140000
v 0.0000000 0.2650000 0.0140000
v -0.0000000 0.3950000 -0.2930000
v -0.0000000 0.3950000 -0.2930000
v -0.0000000 0.3950000 -0.2740000
v -0.0000000 0.3950000 -0.2740000
v 0.0000000 0.3950000 0.2740000
v 0.0000000 0.3950000 0.2740000
v 0.0000000 0.3950000 0.2930000
v 0.0000000 0.3950000 0.2930000
v -0.0000000 0.4350000 -0.2930000
v -0.0000000 0.4350000 -0.2930000
v -0.0000000 0.4350000 -0.2740000
v -0.0000000 0.4350000 -0.2740000
v 0.0000000 0.4350000 0.2740000
v 0.0000000 0.4350000 0.2740000
v 0.0000000 0.4350000 0.2930000
v 0.0000000 0.4350000 0.2930000
v -0.0000000 0.4850000 -0.2900000
v -0.0000000 0.4850000 -0.2900000
v -0.0000000 0.4850000 -0.2500000
v -0.0000000 0.4850000 -0.2500000
v 0.0000000 0.4850000 0.2500000
v 0.0000000 0.4850000 0.2500000
v 0.0000000 0.4850000 0.2900000
v 0.0000000 0.4850000 0.2900000
v -0.0000000 0.8050000 -0.0140000
v -0.0000000 0.8050000 -0.0140000
v -0.0000000 0.8050000 0.0140000
v -0.0000000 0.8050000 0.0140000
v -0.0000000 0.8250000 -0.0140000
v -0.0000000 0.8250000 -0.0140000
v -0.0000000 0.8250000 0.0140000
v -0.0000000 0.8250000 0.0140000
v 0.0460413 0.0750000 -0.2314653
v 0.0460413 0.0750000 -0.2314653
v 0.0460413 0.0750000 0.2314653
v 0.0460413 0.0750000 0.2314653
v 0.0460413 0.1150000 -0.2314653
v 0.0460413 0.1150000 -0.2314653
v 0.0460413 0.1150000 0.2314653
v 0.0460413 0.1150000 0.2314653
v 0.0497480 0.0750000 -0.2501002
v 0.0497480 0.0750000 -0.2501002
v 0.0497480 0.0750000 0.2501002
v 0.0497480 0.0750000 0.2501002
v 0.0497480 0.1150000 -0.2501002
v 0.0497480 0.1150000 -0.2501002
v 0.0497480 0.1150000 0.2501002
v 0.0497480 0.1150000 0.2501002
v 0.0517638 0.0000000 -0.1931852
v 0.0517638 0.0000000 -0.1931852
v 0.0517638 0.0000000 0.1931852
v 0.0517638 0.0000000 0.1931852
v 0.0517638 0.0550000 -0.1931852
v 0.0517638 0.0550000 -0.1931852
v 0.0517638 0.0550000 0.1931852
v 0.0517638 0.0550000 0.1931852
v 0.0526744 0.2701880 -0.0140000
v 0.0526744 0.2701880 -0.0140000
v 0.0526744 0.2701880 0.0140000
v 0.0526744 0.2701880 0.0140000
v 0.0526744 0.7998120 -0.0140000
v 0.0526744 0.7998120 -0.0140000
v 0.0526744 0.7998120 0.0140000
v 0.0526744 0.7998120 0.0140000
v 0.0534547 0.3950000 -0.2687352
v 0.0534547 0.3950000 -0.2687352
v 0.0534547 0.3950000 0.2687352
v 0.0534547 0.3950000 0.2687352
v 0.0534547 0.4350000 -0.2687352
v 0.0534547 0.4350000 -0.2687352
v 0.0534547 0.4350000 0.2687352
v 0.0534547 0.4350000 0.2687352
v 0.0565762 0.2505723 -0.0140000
v 0.0565762 0.2505723 -0.0140000
v 0.0565762 0.2505723 0.0140000
v 0.0565762 0.2505723 0.0140000
v 0.0565762 0.8194277 -0.0140000
v 0.0565762 0.8194277 -0.0140000
v 0.0565762 0.8194277 0.0140000
v 0.0565762 0.8194277 0.0140000
v 0.0571615 0.3950000 -0.2873701
v 0.0571615 0.3950000 -0.2873701
v 0.0571615 0.3950000 0.2873701
v 0.0571615 0.3950000 0.2873701
v 0.0571615 0.4350000 -0.2873701
v 0.0571615 0.4350000 -0.2873701
v 0.0571615 0.4350000 0.2873701
v 0.0571615 0.4350000 0.2873701
v 0.0621166 0.0350000 -0.2318222
v 0.0621166 0.0350000 0.2318222
v 0.0647048 0.4850000 -0.2414815
v 0.0647048 0.4850000 -0.2414815
v 0.0647048 0.4850000 0.2414815
v 0.0647048 0.4850000 0.2414815
v 0.0750575 0.4850000 -0.2801185
v 0.0750575 0.4850000 -0.2801185
v 0.0750575 0.4850000 0.2801185
v 0.0750575 0.4850000 0.2801185
v 0.0903133 0.0750000 -0.2180356
v 0.0903133 0.0750000 -0.2180356
v 0.0903133 0.0750000 0.2180356
v 0.0903133 0.0750000 0.2180356
v 0.0903133 0.1150000 -0.2180356
v 0.0903133 0.1150000 -0.2180356
v 0.0903133 0.1150000 0.2180356
v 0.0903133 0.1150000 0.2180356
v 0.0975843 0.0750000 -0.2355893
v 0.0975843 0.0750000 -0.2355893
v 0.0975843 0.0750000 0.2355893
v 0.0975843 0.0750000 0.2355893
v 0.0975843 0.1150000 -0.2355893
v 0.0975843 0.1150000 -0.2355893
v 0.0975843 0.1150000 0.2355893
v 0.0975843 0.1150000 0.2355893
v 0.1000000 0.0000000 -0.1732051
v 0.1000000 0.0000000 -0.1732051
v 0.1000000 0.0000000 0.1732051
v 0.1000000 0.0000000 0.1732051
v 0.1000000 0.0550000 -0.1732051
v 0.1000000 0.0550000 -0.1732051
v 0.1000000 0.0550000 0.1732051
v 0.1000000 0.0550000 0.1732051
v 0.1033245 0.2855525 -0.0140000
v 0.1033245 0.2855525 -0.0140000
v 0.1033245 0.2855525 0.0140000
v 0.1033245 0.2855525 0.0140000
v 0.1033245 0.7844475 -0.0140000
v 0.1033245 0.7844475 -0.0140000
v 0.1033245 0.7844475 0.0140000
v 0.1033245 0.7844475 0.0140000
v 0.1048553 0.3950000 -0.2531430
v 0.1048553 0.3950000 -0.2531430
v 0.1048553 0.3950000 0.2531430
v 0.1048553 0.3950000 0.2531430
v 0.1048553 0.4350000 -0.2531430
v 0.1048553 0.4350000 -0.2531430
v 0.1048553 0.4350000 0.2531430
v 0.1048553 0.4350000 0.2531430
v 0.1109782 0.2670749 -0.0140000
v 0.1109782 0.2670749 -0.0140000
v 0.1109782 0.2670749 0.0140000
v 0.1109782 0.2670749 0.0140000
v 0.1109782 0.8029251 -0.0140000
v 0.1109782 0.8029251 -0.0140000
v 0.1109782 0.8029251 0.0140000
v 0.1109782 0.8029251 0.0140000
v 0.1121262 0.3950000 -0.2706967
v 0.1121262 0.3950000 -0.2706967
v 0.1121262 0.3950000 0.2706967
v 0.1121262 0.3950000 0.2706967
v 0.1121262 0.4350000 -0.2706967
v 0.1121262 0.4350000 -0.2706967
v 0.1121262 0.4350000 0.2706967
v 0.1121262 0.4350000 0.2706967
v 0.1200000 0.0350000 -0.2078461
v 0.1200000 0.0350000 0.2078461
v 0.1250000 0.4850000 -0.2165064
v 0.1250000 0.4850000 -0.2165064
v 0.1250000 0.4850000 0.2165064
v 0.1250000 0.4850000 0.2165064
v 0.1311146 0.0750000 -0.1962268
v 0.1311146 0.0750000 -0.1962268
v 0.1311146 0.0750000 0.1962268
v 0.1311146 0.0750000 0.1962268
v 0.1311146 0.1150000 -0.1962268
v 0.1311146 0.1150000 -0.1962268
v 0.1311146 0.1150000 0.1962268
v 0.1311146 0.1150000 0.1962268
v 0.1414214 0.0000000 -0.1414214
v 0.1414214 0.0000000 -0.1414214
v 0.1414214 0.0000000 0.1414214
v 0.1414214 0.0000000 0.1414214
v 0.1414214 0.0550000 -0.1414214
v 0.1414214 0.0550000 -0.1414214
v 0.1414214 0.0550000 0.1414214
v 0.1414214 0.0550000 0.1414214
v 0.1416704 0.0750000 -0.2120248
v 0.1416704 0.0750000 -0.2120248
v 0.1416704 0.0750000 0.2120248
v 0.1416704 0.0750000 0.2120248
v 0.1416704 0.1150000 -0.2120248
v 0.1416704 0.1150000 -0.2120248
v 0.1416704 0.1150000 0.2120248
v 0.1416704 0.1150000 0.2120248
v 0.1450000 0.4850000 -0.2511474
v 0.1450000 0.4850000 -0.2511474
v 0.1450000 0.4850000 0.2511474
v 0.1450000 0.4850000 0.2511474
v 0.1500040 0.3105032 -0.0140000
v 0.1500040 0.3105032 -0.0140000
v 0.1500040 0.3105032 0.0140000
v 0.1500040 0.3105032 0.0140000
v 0.1500040 0.7594968 -0.0140000
v 0.1500040 0.7594968 -0.0140000
v 0.1500040 0.7594968 0.0140000
v 0.1500040 0.7594968 0.0140000
v 0.1522262 0.3950000 -0.2278227
v 0.1522262 0.3950000 -0.2278227
v 0.1522262 0.3950000 0.2278227
v 0.1522262 0.3950000 0.2278227
v 0.1522262 0.4350000 -0.2278227
v 0.1522262 0.4350000 -0.2278227
v 0.1522262 0.4350000 0.2278227
v 0.1522262 0.4350000 0.2278227
v 0.1611154 0.2938738 -0.0140000
v 0.1611154 0.2938738 -0.0140000
v 0.1611154 0.2938738 0.0140000
v 0.1611154 0.2938738 0.0140000
v 0.1611154 0.7761262 -0.0140000
v 0.1611154 0.7761262 -0.0140000
v 0.1611154 0.7761262 0.0140000
v 0.1611154 0.7761262 0.0140000
v 0.1627821 0.3950000 -0.2436206
v 0.1627821 0.3950000 -0.2436206
v 0.1627821 0.3950000 0.2436206
v 0.1627821 0.3950000 0.2436206
v 0.1627821 0.4350000 -0.2436206
v 0.1627821 0.4350000 -0.2436206
v 0.1627821 0.4350000 0.2436206
v 0.1627821 0.4350000 0.2436206
v 0.1668772 0.0750000 -0.1668772
v 0.1668772 0.0750000 -0.1668772
v 0.1668772 0.0750000 0.1668772
v 0.1668772 0.0750000 0.1668772
v 0.1668772 0.1150000 -0.1668772
v 0.1668772 0.1150000 -0.1668772
v 0.1668772 0.1150000 0.1668772
v 0.1668772 0.1150000 0.1668772
v 0.1697056 0.0350000 -0.1697056
v 0.1697056 0.0350000 0.1697056
v 0.1732051 0.0000000 -0.1000000
v 0.1732051 0.0000000 -0.1000000
v 0.1732051 0.0000000 0.1000000
v 0.1732051 0.0000000 0.1000000
v 0.1732051 0.0550000 -0.1000000
v 0.1732051 0.0550000 -0.1000000
v 0.1732051 0.0550000 0.1000000
v 0.1732051 0.0550000 0.1000000
v 0.1767767 0.4850000 -0.1767767
v 0.1767767 0.4850000 -0.1767767
v 0.1767767 0.4850000 0.1767767
v 0.1767767 0.4850000 0.1767767
v 0.1803122 0.0750000 -0.1803122
v 0.1803122 0.0750000 -0.1803122
v 0.1803122 0.0750000 0.1803122
v 0.1803122 0.0750000 0.1803122
v 0.1803122 0.1150000 -0.1803122
v 0.1803122 0.1150000 -0.1803122
v 0.1803122 0.1150000 0.1803122
v 0.1803122 0.1150000 0.1803122
v 0.1909188 0.3440812 -0.0140000
v 0.1909188 0.3440812 -0.0140000
v 0.1909188 0.3440812 0.0140000
v 0.1909188 0.3440812 0.0140000
v 0.1909188 0.7259188 -0.0140000
v 0.1909188 0.7259188 -0.0140000
v 0.1909188 0.7259188 0.0140000
v 0.1909188 0.7259188 0.0140000
v 0.1931852 0.0000000 -0.0517638
v 0.1931852 0.0000000 -0.0517638
v 0.1931852 0.0000000 0.0517638
v 0.1931852 0.0000000 0.0517638
v 0.1931852 0.0550000 -0.0517638
v 0.1931852 0.0550000 -0.0517638
v 0.1931852 0.0550000 0.0517638
v 0.1931852 0.0550000 0.0517638
v 0.1937473 0.3950000 -0.1937473
v 0.1937473 0.3950000 -0.1937473
v 0.1937473 0.3950000 0.1937473
v 0.1937473 0.3950000 0.1937473
v 0.1937473 0.4350000 -0.1937473
v 0.1937473 0.4350000 -0.1937473
v 0.1937473 0.4350000 0.1937473
v 0.1937473 0.4350000 0.1937473
v 0.1962268 0.0750000 -0.1311146
v 0.1962268 0.0750000 -0.1311146
v 0.1962268 0.0750000 0.1311146
v 0.1962268 0.0750000 0.1311146
v 0.1962268 0.1150000 -0.1311146
v 0.1962268 0.1150000 -0.1311146
v 0.1962268 0.1150000 0.1311146
v 0.1962268 0.1150000 0.1311146
v 0.2000000 0.0000000 0.0000000
v 0.2000000 0.0000000 0.0000000
v 0.2000000 0.0000000 -0.0000000
v 0.2000000 0.0550000 0.0000000
v 0.2000000 0.0550000 -0.0000000
v 0.2000000 0.0550000 0.0000000
v 0.2050610 0.3299390 -0.0140000
v 0.2050610 0.3299390 -0.0140000
v 0.2050610 0.3299390 0.0140000
v 0.2050610 0.3299390 0.0140000
v 0.2050610 0.4850000 -0.2050610
v 0.2050610 0.4850000 -0.2050610
v 0.2050610 0.4850000 0.2050610
v 0.2050610 0.4850000 0.2050610
v 0.2050610 0.7400610 -0.0140000
v 0.2050610 0.7400610 -0.0140000
v 0.2050610 0.7400610 0.0140000
v 0.2050610 0.7400610 0.0140000
v 0.2071823 0.3950000 -0.2071823
v 0.2071823 0.3950000 -0.2071823
v 0.2071823 0.3950000 0.2071823
v 0.2071823 0.3950000 0.2071823
v 0.2071823 0.4350000 -0.2071823
v 0.2071823 0.4350000 -0.2071823
v 0.2071823 0.4350000 0.2071823
v 0.2071823 0.4350000 0.2071823
v 0.2078461 0.0350000 -0.1200000
v 0.2078461 0.0350000 0.1200000
v 0.2120248 0.0750000 -0.1416704
v 0.2120248 0.0750000 -0.1416704
v 0.2120248 0.0750000 0.1416704
v 0.2120248 0.0750000 0.1416704
v 0.2120248 0.1150000 -0.1416704
v 0.2120248 0.1150000 -0.1416704
v 0.2120248 0.1150000 0.1416704
v 0.2120248 0.1150000 0.1416704
v 0.2165064 0.4850000 -0.1250000
v 0.2165064 0.4850000 -0.1250000
v 0.2165064 0.4850000 0.1250000
v 0.2165064 0.4850000 0.1250000
v 0.2180356 0.0750000 -0.0903133
v 0.2180356 0.0750000 -0.0903133
v 0.2180356 0.0750000 0.0903133
v 0.2180356 0.0750000 0.0903133
v 0.2180356 0.1150000 -0.0903133
v 0.2180356 0.1150000 -0.0903133
v 0.2180356 0.1150000 0.0903133
v 0.2180356 0.1150000 0.0903133
v 0.2244968 0.3849960 -0.0140000
v 0.2244968 0.3849960 -0.0140000
v 0.2244968 0.3849960 0.0140000
v 0.2244968 0.3849960 0.0140000
v 0.2244968 0.6850040 -0.0140000
v 0.2244968 0.6850040 -0.0140000
v 0.2244968 0.6850040 0.0140000
v 0.2244968 0.6850040 0.0140000
v 0.2278227 0.3950000 -0.1522262
v 0.2278227 0.3950000 -0.1522262
v 0.2278227 0.3950000 0.1522262
v 0.2278227 0.3950000 0.1522262
v 0.2278227 0.4350000 -0.1522262
v 0.2278227 0.4350000 -0.1522262
v 0.2278227 0.4350000 0.1522262
v 0.2278227 0.4350000 0.1522262
v 0.2314653 0.0750000 -0.0460413
v 0.2314653 0.0750000 -0.0460413
v 0.2314653 0.0750000 0.0460413
v 0.2314653 0.0750000 0.0460413
v 0.2314653 0.1150000 -0.0460413
v 0.2314653 0.1150000 -0.0460413
v 0.2314653 0.1150000 0.0460413
v 0.2314653 0.1150000 0.0460413
v 0.2318222 0.0350000 -0.0621166
v 0.2318222 0.0350000 0.0621166
v 0.2355893 0.0750000 -0.0975843
v 0.2355893 0.0750000 -0.0975843
v 0.2355893 0.0750000 0.0975843
v 0.2355893 0.0750000 0.0975843
v 0.2355893 0.1150000 -0.0975843
v 0.2355893 0.1150000 -0.0975843
v 0.2355893 0.1150000 0.0975843
v 0.2355893 0.1150000 0.0975843
v 0.2360000 0.0750000 0.0000000
v 0.2360000 0.0750000 -0.0000000
v 0.2360000 0.0750000 0.0000000
v 0.2360000 0.1150000 0.0000000
v 0.2360000 0.1150000 -0.0000000
v 0.2360000 0.1150000 -0.0000000
v 0.2400000 0.0350000 0.0000000
v 0.2400000 0.0350000 -0.0000000
v 0.2411262 0.3738846 -0.0140000
v 0.2411262 0.3738846 -0.0140000
v 0.2411262 0.3738846 0.0140000
v 0.2411262 0.3738846 0.0140000
v 0.2411262 0.6961154 -0.0140000
v 0.2411262 0.6961154 -0.0140000
v 0.2411262 0.6961154 0.0140000
v 0.2411262 0.6961154 0.0140000
v 0.2414815 0.4850000 -0.0647048
v 0.2414815 0.4850000 -0.0647048
v 0.2414815 0.4850000 0.0647048
v 0.2414815 0.4850000 0.0647048
v 0.2436206 0.3950000 -0.1627821
v 0.2436206 0.3950000 -0.1627821
v 0.2436206 0.3950000 0.1627821
v 0.2436206 0.3950000 0.1627821
v 0.2436206 0.4350000 -0.1627821
v 0.2436206 0.4350000 -0.1627821
v 0.2436206 0.4350000 0.1627821
v 0.2436206 0.4350000 0.1627821
v 0.2494475 0.4316755 -0.0140000
v 0.2494475 0.4316755 -0.0140000
v 0.2494475 0.4316755 0.0140000
v 0.2494475 0.4316755 0.0140000
v 0.2494475 0.6383245 -0.0140000
v 0.2494475 0.6383245 -0.0140000
v 0.2494475 0.6383245 0.0140000
v 0.2494475 0.6383245 0.0140000
v 0.2500000 0.4850000 0.0000000
v 0.2500000 0.4850000 -0.0000000
v 0.2500000 0.4850000 0.0000000
v 0.2501002 0.0750000 -0.0497480
v 0.2501002 0.0750000 -0.0497480
v 0.2501002 0.0750000 0.0497480
v 0.2501002 0.0750000 0.0497480
v 0.2501002 0.1150000 -0.0497480
v 0.2501002 0.1150000 -0.0497480
v 0.2501002 0.1150000 0.0497480
v 0.2501002 0.1150000 0.0497480
v 0.2511474 0.4850000 -0.1450000
v 0.2511474 0.4850000 -0.1450000
v 0.2511474 0.4850000 0.1450000
v 0.2511474 0.4850000 0.1450000
v 0.2531430 0.3950000 -0.1048553
v 0.2531430 0.3950000 -0.1048553
v 0.2531430 0.3950000 0.1048553
v 0.2531430 0.3950000 0.1048553
v 0.2531430 0.4350000 -0.1048553
v 0.2531430 0.4350000 -0.1048553
v 0.2531430 0.4350000 0.1048553
v 0.2531430 0.4350000 0.1048553
v 0.2550000 0.0750000 0.0000000
v 0.2550000 0.0750000 0.0000000
v 0.2550000 0.0750000 -0.0000000
v 0.2550000 0.1150000 -0.0000000
v 0.2550000 0.1150000 0.0000000
v 0.2550000 0.1150000 -0.0000000
v 0.2648120 0.4823256 -0.0140000
v 0.2648120 0.4823256 -0.0140000
v 0.2648120 0.4823256 0.0140000
v 0.2648120 0.4823256 0.0140000
v 0.2648120 0.5876744 -0.0140000
v 0.2648120 0.5876744 -0.0140000
v 0.2648120 0.5876744 0.0140000
v 0.2648120 0.5876744 0.0140000
v 0.2679251 0.4240218 -0.0140000
v 0.2679251 0.4240218 -0.0140000
v 0.2679251 0.4240218 0.0140000
v 0.2679251 0.4240218 0.0140000
v 0.2679251 0.6459782 -0.0140000
v 0.2679251 0.6459782 -0.0140000
v 0.2679251 0.6459782 0.0140000
v 0.2679251 0.6459782 0.0140000
v 0.2687352 0.3950000 -0.0534547
v 0.2687352 0.3950000 -0.0534547
v 0.2687352 0.3950000 0.0534547
v 0.2687352 0.3950000 0.0534547
v 0.2687352 0.4350000 -0.0534547
v 0.2687352 0.4350000 -0.0534547
v 0.2687352 0.4350000 0.0534547
v 0.2687352 0.4350000 0.0534547
v 0.2700000 0.5350000 -0.0140000
v 0.2700000 0.5350000 -0.0140000
v 0.2700000 0.5350000 -0.0140000
v 0.2700000 0.5350000 0.0140000
v 0.2700000 0.5350000 0.0140000
v 0.2700000 0.5350000 0.0140000
v 0.2706967 0.3950000 -0.1121262
v 0.2706967 0.3950000 -0.1121262
v 0.2706967 0.3950000 0.1121262
v 0.2706967 0.3950000 0.1121262
v 0.2706967 0.4350000 -0.1121262
v 0.2706967 0.4350000 -0.1121262
v 0.2706967 0.4350000 0.1121262
v 0.2706967 0.4350000 0.1121262
v 0.2740000 0.3950000 0.0000000
v 0.2740000 0.3950000 -0.0000000
v 0.2740000 0.3950000 -0.0000000
v 0.2740000 0.4350000 0.0000000
v 0.2740000 0.4350000 -0.0000000
v 0.2740000 0.4350000 0.0000000
v 0.2801185 0.4850000 -0.0750575
v 0.2801185 0.4850000 -0.0750575
v 0.2801185 0.4850000 0.0750575
v 0.2801185 0.4850000 0.0750575
v 0.2844277 0.4784238 -0.0140000
v 0.2844277 0.4784238 -0.0140000
v 0.2844277 0.4784238 0.0140000
v 0.2844277 0.4784238 0.0140000
v 0.2844277 0.5915762 -0.0140000
v 0.2844277 0.5915762 -0.0140000
v 0.2844277 0.5915762 0.0140000
v 0.2844277 0.5915762 0.0140000
v 0.2873701 0.3950000 -0.0571615
v 0.2873701 0.3950000 -0.0571615
v 0.2873701 0.3950000 0.0571615
v 0.2873701 0.3950000 0.0571615
v 0.2873701 0.4350000 -0.0571615
v 0.2873701 0.4350000 -0.0571615
v 0.2873701 0.4350000 0.0571615
v 0.2873701 0.4350000 0.0571615
v 0.2900000 0.4850000 -0.0000000
v 0.2900000 0.4850000 0.0000000
v 0.2900000 0.4850000 -0.0000000
v 0.2900000 0.5350000 -0.0140000
v 0.2900000 0.5350000 -0.0140000
v 0.2900000 0.5350000 -0.0140000
v 0.2900000 0.5350000 0.0140000
v 0.2900000 0.5350000 0.0140000
v 0.2900000 0.5350000 0.0140000
v 0.2930000 0.3950000 -0.0000000
v 0.2930000 0.3950000 0.0000000
v 0.2930000 0.3950000 -0.0000000
v 0.2930000 0.4350000 0.0000000
v 0.2930000 0.4350000 0.0000000
v 0.2930000 0.4350000 -0.0000000
vt 0.5000000 -0.0125000
vt 0.0000000 0.5000000
vt 0.5000000 0.0125000
vt 0.0000000 0.5000000
vt 0.5000000 0.3187500
vt 0.0000000 0.5000000
vt 0.5000000 -0.0087500
vt 0.0000000 0.5000000
vt 0.5000000 0.0087500
vt 0.0000000 0.5000000
vt 0.5312500 -0.0125000
vt 0.0096074 0.4024548
vt 0.4687500 -0.0125000
vt 0.0096074 0.5975452
vt 0.5312500 0.0125000
vt 0.0096074 0.4024548
vt 0.4687500 0.0125000
vt 0.0096074 0.5975452
vt 0.4687500 -0.0087500
vt 0.0096074 0.5975452
vt 0.4687500 0.0087500
vt 0.0096074 0.5975452
vt 0.5312500 -0.0087500
vt 0.0096074 0.4024548
vt 0.5312500 0.0087500
vt 0.0096074 0.4024548
vt 0.5416667 0.3187500
vt 0.0170371 0.3705905
vt 0.4583333 0.3187500
vt 0.0170371 0.6294095
vt 0.0324232 0.5000000
vt 0.5000000 -0.0125000
vt 0.0324232 0.5000000
vt 0.5000000 0.0125000
vt 0.5625000 -0.0125000
vt 0.0380602 0.3086583
vt 0.4375000 -0.0125000
vt 0.0380602 0.6913417
vt 0.5625000 0.0125000
vt 0.0380602 0.3086583
vt 0.4375000 0.0125000
vt 0.0380602 0.6913417
vt 0.0344828 0.5000000
vt 0.5000000 -0.0087500
vt 0.0344828 0.5000000
vt 0.5000000 0.0087500
vt 0.0414076 0.4087803
vt 0.5312500 -0.0125000
vt 0.0414076 0.5912197
vt 0.4687500 -0.0125000
vt 0.0414076 0.4087803
vt 0.5312500 0.0125000
vt 0.0414076 0.5912197
vt 0.4687500 0.0125000
vt 0.4375000 -0.0087500
vt 0.0380602 0.6913417
vt 0.4375000 0.0087500
vt 0.0380602 0.6913417
vt 0.5625000 -0.0087500
vt 0.0380602 0.3086583
vt 0.5625000 0.0087500
vt 0.0380602 0.3086583
vt 0.0434275 0.5908179
vt 0.4687500 -0.0087500
vt 0.0434275 0.5908179
vt 0.4687500 0.0087500
vt 0.0434275 0.4091821
vt 0.5312500 -0.0087500
vt 0.0434275 0.4091821
vt 0.5312500 0.0087500
vt 0.5000000 -0.0125000
vt 0.0000000 0.5000000
vt 0.5000000 0.0125000
vt 0.0000000 0.5000000
vt 0.0680154 0.3210661
vt 0.5625000 -0.0125000
vt 0.0680154 0.6789339
vt 0.4375000 -0.0125000
vt 0.0680154 0.3210661
vt 0.5625000 0.0125000
vt 0.0680154 0.6789339
vt 0.4375000 0.0125000
vt 0.5833333 0.3187500
vt 0.0669873 0.2500000
vt 0.4166667 0.3187500
vt 0.0669873 0.7500000
vt 0.5312500 -0.0125000
vt 0.0096074 0.4024548
vt 0.4687500 -0.0125000
vt 0.0096074 0.5975452
vt 0.5312500 0.0125000
vt 0.0096074 0.4024548
vt 0.4687500 0.0125000
vt 0.0096074 0.5975452
vt 0.0689655 0.5000000
vt 0.5000000 0.3187500
vt 0.0699181 0.6781457
vt 0.4375000 -0.0087500
vt 0.0699181 0.6781457
vt 0.4375000 0.0087500
vt 0.0699181 0.3218543
vt 0.5625000 -0.0087500
vt 0.0699181 0.3218543
vt 0.5625000 0.0087500
vt 0.5937500 -0.0125000
vt 0.0842652 0.2222149
vt 0.4062500 -0.0125000
vt 0.0842652 0.7777851
vt 0.5937500 0.0125000
vt 0.0842652 0.2222149
vt 0.4062500 0.0125000
vt 0.0842652 0.7777851
vt 0.0836527 0.3884401
vt 0.5416667 0.3187500
vt 0.0836527 0.6115599
vt 0.4583333 0.3187500
vt 0.4062500 -0.0087500
vt 0.0842652 0.7777851
vt 0.4062500 0.0087500
vt 0.0842652 0.7777851
vt 0.5937500 -0.0087500
vt 0.0842652 0.2222149
vt 0.5937500 0.0087500
vt 0.0842652 0.2222149
vt 0.5000000 0.0375000
vt 0.0372549 0.5000000
vt 0.5000000 -0.0125000
vt 0.0372549 0.5000000
vt 0.5000000 0.0125000
vt 0.5625000 -0.0125000
vt 0.0380602 0.3086583
vt 0.4375000 -0.0125000
vt 0.0380602 0.6913417
vt 0.5625000 0.0125000
vt 0.0380602 0.3086583
vt 0.4375000 0.0125000
vt 0.0380602 0.6913417
vt 0.5416667 0.0375000
vt 0.4583333 0.0375000
vt 0.0461464 0.4097229
vt 0.5312500 -0.0125000
vt 0.0461464 0.5902771
vt 0.4687500 -0.0125000
vt 0.0461464 0.4097229
vt 0.5312500 0.0125000
vt 0.0461464 0.5902771
vt 0.4687500 0.0125000
vt 0.1112241 0.2402283
vt 0.5937500 -0.0125000
vt 0.1112241 0.7597717
vt 0.4062500 -0.0125000
vt 0.1112241 0.2402283
vt 0.5937500 0.0125000
vt 0.1112241 0.7597717
vt 0.4062500 0.0125000
vt 0.1129366 0.7586275
vt 0.4062500 -0.0087500
vt 0.1129366 0.7586275
vt 0.4062500 0.0087500
vt 0.1129366 0.2413725
vt 0.5937500 -0.0087500
vt 0.1129366 0.2413725
vt 0.5937500 0.0087500
vt 0.0724793 0.3229151
vt 0.5625000 -0.0125000
vt 0.0724793 0.6770849
vt 0.4375000 -0.0125000
vt 0.0724793 0.3229151
vt 0.5625000 0.0125000
vt 0.0724793 0.6770849
vt 0.4375000 0.0125000
vt 0.1267132 0.2844828
vt 0.5833333 0.3187500
vt 0.1267132 0.7155172
vt 0.4166667 0.3187500
vt 0.5937500 -0.0125000
vt 0.0842652 0.2222149
vt 0.4062500 -0.0125000
vt 0.0842652 0.7777851
vt 0.5937500 0.0125000
vt 0.0842652 0.2222149
vt 0.4062500 0.0125000
vt 0.0842652 0.7777851
vt 0.5833333 0.0375000
vt 0.4166667 0.0375000
vt 0.6250000 -0.0125000
vt 0.1464466 0.1464466
vt 0.3750000 -0.0125000
vt 0.1464466 0.8535534
vt 0.6250000 0.0125000
vt 0.1464466 0.1464466
vt 0.3750000 0.0125000
vt 0.1464466 0.8535534
vt 0.3750000 -0.0087500
vt 0.1464466 0.8535534
vt 0.3750000 0.0087500
vt 0.1464466 0.8535534
vt 0.6250000 0.3187500
vt 0.1464466 0.1464466
vt 0.3750000 0.3187500
vt 0.1464466 0.8535534
vt 0.6250000 -0.0087500
vt 0.1464466 0.1464466
vt 0.6250000 0.0087500
vt 0.1464466 0.1464466
vt 0.1551724 0.5000000
vt 0.5000000 0.0156250
vt 0.1551724 0.5000000
vt 0.5000000 0.0500000
vt 0.1152415 0.2429126
vt 0.5937500 -0.0125000
vt 0.1152415 0.7570874
vt 0.4062500 -0.0125000
vt 0.1152415 0.2429126
vt 0.5937500 0.0125000
vt 0.1152415 0.7570874
vt 0.4062500 0.0125000
vt 0.1693733 0.1693733
vt 0.6250000 -0.0125000
vt 0.1693733 0.8306267
vt 0.3750000 -0.0125000
vt 0.1693733 0.1693733
vt 0.6250000 0.0125000
vt 0.1693733 0.8306267
vt 0.3750000 0.0125000
vt 0.1669221 0.4107521
vt 0.5416667 0.0156250
vt 0.1669221 0.5892479
vt 0.4583333 0.0156250
vt 0.1669221 0.4107521
vt 0.5416667 0.0500000
vt 0.1669221 0.5892479
vt 0.4583333 0.0500000
vt 0.1708296 0.8291704
vt 0.3750000 -0.0087500
vt 0.1708296 0.8291704
vt 0.3750000 0.0087500
vt 0.1708296 0.1708296
vt 0.6250000 -0.0087500
vt 0.1708296 0.1708296
vt 0.6250000 0.0087500
vt 0.6250000 -0.0125000
vt 0.1464466 0.1464466
vt 0.3750000 -0.0125000
vt 0.1464466 0.8535534
vt 0.6250000 0.0125000
vt 0.1464466 0.1464466
vt 0.3750000 0.0125000
vt 0.1464466 0.8535534
vt 0.1952126 0.1952126
vt 0.6250000 0.3187500
vt 0.1952126 0.8047874
vt 0.3750000 0.3187500
vt 0.2013706 0.3275862
vt 0.5833333 0.0156250
vt 0.2013706 0.6724138
vt 0.4166667 0.0156250
vt 0.2013706 0.3275862
vt 0.5833333 0.0500000
vt 0.2013706 0.6724138
vt 0.4166667 0.0500000
vt 0.6250000 0.0375000
vt 0.3750000 0.0375000
vt 0.1727898 0.1727898
vt 0.6250000 -0.0125000
vt 0.1727898 0.8272102
vt 0.3750000 -0.0125000
vt 0.1727898 0.1727898
vt 0.6250000 0.0125000
vt 0.1727898 0.8272102
vt 0.3750000 0.0125000
vt 0.6562500 -0.0125000
vt 0.2222149 0.0842652
vt 0.3437500 -0.0125000
vt 0.2222149 0.9157348
vt 0.6562500 0.0125000
vt 0.2222149 0.0842652
vt 0.3437500 0.0125000
vt 0.2222149 0.9157348
vt 0.3437500 -0.0087500
vt 0.2222149 0.9157348
vt 0.3437500 0.0087500
vt 0.2222149 0.9157348
vt 0.6562500 -0.0087500
vt 0.2222149 0.0842652
vt 0.6562500 0.0087500
vt 0.2222149 0.0842652
vt 0.2402283 0.1112241
vt 0.6562500 -0.0125000
vt 0.2402283 0.8887759
vt 0.3437500 -0.0125000
vt 0.2402283 0.1112241
vt 0.6562500 0.0125000
vt 0.2402283 0.8887759
vt 0.3437500 0.0125000
vt 0.2413725 0.8870634
vt 0.3437500 -0.0087500
vt 0.2413725 0.8870634
vt 0.3437500 0.0087500
vt 0.2413725 0.1129366
vt 0.6562500 -0.0087500
vt 0.2413725 0.1129366
vt 0.6562500 0.0087500
vt 0.6666667 0.3187500
vt 0.2500000 0.0669873
vt 0.3333333 0.3187500
vt 0.2500000 0.9330127
vt 0.6562500 -0.0125000
vt 0.2222149 0.0842652
vt 0.3437500 -0.0125000
vt 0.2222149 0.9157348
vt 0.6562500 0.0125000
vt 0.2222149 0.0842652
vt 0.3437500 0.0125000
vt 0.2222149 0.9157348
vt 0.2561701 0.2561701
vt 0.6250000 0.0156250
vt 0.2561701 0.7438299
vt 0.3750000 0.0156250
vt 0.2561701 0.2561701
vt 0.6250000 0.0500000
vt 0.2561701 0.7438299
vt 0.3750000 0.0500000
vt 0.2429126 0.1152415
vt 0.6562500 -0.0125000
vt 0.2429126 0.8847585
vt 0.3437500 -0.0125000
vt 0.2429126 0.1152415
vt 0.6562500 0.0125000
vt 0.2429126 0.8847585
vt 0.3437500 0.0125000
vt 0.2844828 0.1267132
vt 0.6666667 0.3187500
vt 0.2844828 0.8732868
vt 0.3333333 0.3187500
vt 0.6666667 0.0375000
vt 0.3333333 0.0375000
vt 0.6875000 -0.0125000
vt 0.3086583 0.0380602
vt 0.3125000 -0.0125000
vt 0.3086583 0.9619398
vt 0.6875000 0.0125000
vt 0.3086583 0.0380602
vt 0.3125000 0.0125000
vt 0.3086583 0.9619398
vt 0.3125000 -0.0087500
vt 0.3086583 0.9619398
vt 0.3125000 0.0087500
vt 0.3086583 0.9619398
vt 0.6875000 -0.0087500
vt 0.3086583 0.0380602
vt 0.6875000 0.0087500
vt 0.3086583 0.0380602
vt 0.3210661 0.0680154
vt 0.6875000 -0.0125000
vt 0.3210661 0.9319846
vt 0.3125000 -0.0125000
vt 0.3210661 0.0680154
vt 0.6875000 0.0125000
vt 0.3210661 0.9319846
vt 0.3125000 0.0125000
vt 0.3218543 0.9300819
vt 0.3125000 -0.0087500
vt 0.3218543 0.9300819
vt 0.3125000 0.0087500
vt 0.3218543 0.0699181
vt 0.6875000 -0.0087500
vt 0.3218543 0.0699181
vt 0.6875000 0.0087500
vt 0.3275862 0.2013706
vt 0.6666667 0.0156250
vt 0.3275862 0.7986294
vt 0.3333333 0.0156250
vt 0.3275862 0.2013706
vt 0.6666667 0.0500000
vt 0.3275862 0.7986294
vt 0.3333333 0.0500000
vt 0.6875000 -0.0125000
vt 0.3086583 0.0380602
vt 0.3125000 -0.0125000
vt 0.3086583 0.9619398
vt 0.6875000 0.0125000
vt 0.3086583 0.0380602
vt 0.3125000 0.0125000
vt 0.3086583 0.9619398
vt 0.3229151 0.0724793
vt 0.6875000 -0.0125000
vt 0.3229151 0.9275207
vt 0.3125000 -0.0125000
vt 0.3229151 0.0724793
vt 0.6875000 0.0125000
vt 0.3229151 0.9275207
vt 0.3125000 0.0125000
vt 0.7083333 0.3187500
vt 0.3705905 0.0170371
vt 0.2916667 0.3187500
vt 0.3705905 0.9829629
vt 0.3884401 0.0836527
vt 0.7083333 0.3187500
vt 0.3884401 0.9163473
vt 0.2916667 0.3187500
vt 0.7083333 0.0375000
vt 0.2916667 0.0375000
vt 0.7187500 -0.0125000
vt 0.4024548 0.0096074
vt 0.2812500 -0.0125000
vt 0.4024548 0.9903926
vt 0.7187500 0.0125000
vt 0.4024548 0.0096074
vt 0.2812500 0.0125000
vt 0.4024548 0.9903926
vt 0.2812500 -0.0087500
vt 0.4024548 0.9903926
vt 0.2812500 0.0087500
vt 0.4024548 0.9903926
vt 0.7187500 -0.0087500
vt 0.4024548 0.0096074
vt 0.7187500 0.0087500
vt 0.4024548 0.0096074
vt 0.4087803 0.0414076
vt 0.7187500 -0.0125000
vt 0.4087803 0.9585924
vt 0.2812500 -0.0125000
vt 0.4087803 0.0414076
vt 0.7187500 0.0125000
vt 0.4087803 0.9585924
vt 0.2812500 0.0125000
vt 0.4091821 0.9565725
vt 0.2812500 -0.0087500
vt 0.4091821 0.9565725
vt 0.2812500 0.0087500
vt 0.4091821 0.0434275
vt 0.7187500 -0.0087500
vt 0.4091821 0.0434275
vt 0.7187500 0.0087500
vt 0.4107521 0.1669221
vt 0.7083333 0.0156250
vt 0.2916667 0.0156250
vt 0.4107521 0.8330779
vt 0.4107521 0.1669221
vt 0.7083333 0.0500000
vt 0.4107521 0.8330779
vt 0.2916667 0.0500000
vt 0.7187500 -0.0125000
vt 0.4024548 0.0096074
vt 0.2812500 -0.0125000
vt 0.4024548 0.9903926
vt 0.7187500 0.0125000
vt 0.4024548 0.0096074
vt 0.2812500 0.0125000
vt 0.4024548 0.9903926
vt 0.4097229 0.0461464
vt 0.7187500 -0.0125000
vt 0.4097229 0.9538536
vt 0.2812500 -0.0125000
vt 0.4097229 0.0461464
vt 0.7187500 0.0125000
vt 0.4097229 0.9538536
vt 0.2812500 0.0125000
vt 0.5000000 0.1551724
vt 0.7500000 0.0156250
vt 0.5000000 0.5000000
vt 0.2500000 0.0156250
vt 0.5000000 0.8448276
vt 0.7500000 0.0375000
vt 0.2500000 0.0375000
vt 0.7500000 0.0500000
vt 0.5000000 0.1551724
vt 0.5000000 0.5000000
vt 0.2500000 0.0500000
vt 0.5000000 0.8448276
vt 0.5000000 0.0000000
vt 0.7500000 -0.0125000
vt 0.5000000 0.0372549
vt 0.7500000 -0.0125000
vt 0.5000000 0.9627451
vt 0.2500000 -0.0125000
vt 0.5000000 1.0000000
vt 0.2500000 -0.0125000
vt 0.7500000 0.0125000
vt 0.5000000 0.0000000
vt 0.7500000 0.0125000
vt 0.5000000 0.0372549
vt 0.2500000 0.0125000
vt 0.5000000 0.9627451
vt 0.2500000 0.0125000
vt 0.5000000 1.0000000
vt 0.2500000 -0.0087500
vt 0.5000000 1.0000000
vt 0.2500000 0.0087500
vt 0.5000000 1.0000000
vt 0.5000000 0.9655172
vt 0.2500000 -0.0087500
vt 0.5000000 0.9655172
vt 0.2500000 0.0087500
vt 0.5000000 0.0000000
vt 0.7500000 -0.0125000
vt 0.5000000 0.0324232
vt 0.7500000 -0.0125000
vt 0.5000000 0.9675768
vt 0.2500000 -0.0125000
vt 0.5000000 1.0000000
vt 0.2500000 -0.0125000
vt 0.7500000 0.0125000
vt 0.5000000 0.0000000
vt 0.7500000 0.0125000
vt 0.5000000 0.0324232
vt 0.2500000 0.0125000
vt 0.5000000 0.9675768
vt 0.2500000 0.0125000
vt 0.5000000 1.0000000
vt 0.7500000 0.3187500
vt 0.5000000 0.0000000
vt 0.7500000 0.3187500
vt 0.5000000 0.0689655
vt 0.2500000 0.3187500
vt 0.5000000 0.9310345
vt 0.2500000 0.3187500
vt 0.5000000 1.0000000
vt 0.7500000 -0.0087500
vt 0.5000000 0.0344828
vt 0.7500000 0.0087500
vt 0.5000000 0.0344828
vt 0.5000000 0.0000000
vt 0.7500000 -0.0087500
vt 0.5000000 0.0000000
vt 0.7500000 0.0087500
vt 0.7812500 -0.0125000
vt 0.5902771 0.0461464
vt 0.2187500 -0.0125000
vt 0.5902771 0.9538536
vt 0.7812500 0.0125000
vt 0.5902771 0.0461464
vt 0.2187500 0.0125000
vt 0.5902771 0.9538536
vt 0.5975452 0.0096074
vt 0.7812500 -0.0125000
vt 0.5975452 0.9903926
vt 0.2187500 -0.0125000
vt 0.5975452 0.0096074
vt 0.7812500 0.0125000
vt 0.5975452 0.9903926
vt 0.2187500 0.0125000
vt 0.5892479 0.1669221
vt 0.7916667 0.0156250
vt 0.2083333 0.0156250
vt 0.5892479 0.8330779
vt 0.7916667 0.0500000
vt 0.5892479 0.1669221
vt 0.2083333 0.0500000
vt 0.5892479 0.8330779
vt 0.2187500 -0.0087500
vt 0.5908179 0.9565725
vt 0.2187500 0.0087500
vt 0.5908179 0.9565725
vt 0.7812500 -0.0087500
vt 0.5908179 0.0434275
vt 0.7812500 0.0087500
vt 0.5908179 0.0434275
vt 0.7812500 -0.0125000
vt 0.5912197 0.0414076
vt 0.2187500 -0.0125000
vt 0.5912197 0.9585924
vt 0.7812500 0.0125000
vt 0.5912197 0.0414076
vt 0.2187500 0.0125000
vt 0.5912197 0.9585924
vt 0.5975452 0.9903926
vt 0.2187500 -0.0087500
vt 0.5975452 0.9903926
vt 0.2187500 0.0087500
vt 0.5975452 0.0096074
vt 0.7812500 -0.0087500
vt 0.5975452 0.0096074
vt 0.7812500 0.0087500
vt 0.5975452 0.0096074
vt 0.7812500 -0.0125000
vt 0.5975452 0.9903926
vt 0.2187500 -0.0125000
vt 0.5975452 0.0096074
vt 0.7812500 0.0125000
vt 0.5975452 0.9903926
vt 0.2187500 0.0125000
vt 0.7916667 0.0375000
vt 0.2083333 0.0375000
vt 0.7916667 0.3187500
vt 0.6115599 0.0836527
vt 0.2083333 0.3187500
vt 0.6115599 0.9163473
vt 0.6294095 0.0170371
vt 0.7916667 0.3187500
vt 0.6294095 0.9829629
vt 0.2083333 0.3187500
vt 0.8125000 -0.0125000
vt 0.6770849 0.0724793
vt 0.1875000 -0.0125000
vt 0.6770849 0.9275207
vt 0.8125000 0.0125000
vt 0.6770849 0.0724793
vt 0.1875000 0.0125000
vt 0.6770849 0.9275207
vt 0.6913417 0.0380602
vt 0.8125000 -0.0125000
vt 0.6913417 0.9619398
vt 0.1875000 -0.0125000
vt 0.6913417 0.0380602
vt 0.8125000 0.0125000
vt 0.6913417 0.9619398
vt 0.1875000 0.0125000
vt 0.6724138 0.2013706
vt 0.8333333 0.0156250
vt 0.1666667 0.0156250
vt 0.6724138 0.7986294
vt 0.8333333 0.0500000
vt 0.6724138 0.2013706
vt 0.1666667 0.0500000
vt 0.6724138 0.7986294
vt 0.1875000 -0.0087500
vt 0.6781457 0.9300819
vt 0.1875000 0.0087500
vt 0.6781457 0.9300819
vt 0.8125000 -0.0087500
vt 0.6781457 0.0699181
vt 0.8125000 0.0087500
vt 0.6781457 0.0699181
vt 0.8125000 -0.0125000
vt 0.6789339 0.0680154
vt 0.1875000 -0.0125000
vt 0.6789339 0.9319846
vt 0.8125000 0.0125000
vt 0.6789339 0.0680154
vt 0.1875000 0.0125000
vt 0.6789339 0.9319846
vt 0.6913417 0.9619398
vt 0.1875000 -0.0087500
vt 0.6913417 0.9619398
vt 0.1875000 0.0087500
vt 0.6913417 0.0380602
vt 0.8125000 -0.0087500
vt 0.6913417 0.0380602
vt 0.8125000 0.0087500
vt 0.6913417 0.0380602
vt 0.8125000 -0.0125000
vt 0.6913417 0.9619398
vt 0.1875000 -0.0125000
vt 0.6913417 0.0380602
vt 0.8125000 0.0125000
vt 0.6913417 0.9619398
vt 0.1875000 0.0125000
vt 0.8333333 0.0375000
vt 0.1666667 0.0375000
vt 0.8333333 0.3187500
vt 0.7155172 0.1267132
vt 0.1666667 0.3187500
vt 0.7155172 0.8732868
vt 0.8437500 -0.0125000
vt 0.7570874 0.1152415
vt 0.1562500 -0.0125000
vt 0.7570874 0.8847585
vt 0.8437500 0.0125000
vt 0.7570874 0.1152415
vt 0.1562500 0.0125000
vt 0.7570874 0.8847585
vt 0.7438299 0.2561701
vt 0.8750000 0.0156250
vt 0.1250000 0.0156250
vt 0.7438299 0.7438299
vt 0.8750000 0.0500000
vt 0.7438299 0.2561701
vt 0.1250000 0.0500000
vt 0.7438299 0.7438299
vt 0.7777851 0.0842652
vt 0.8437500 -0.0125000
vt 0.7777851 0.9157348
vt 0.1562500 -0.0125000
vt 0.7777851 0.0842652
vt 0.8437500 0.0125000
vt 0.7777851 0.9157348
vt 0.1562500 0.0125000
vt 0.7500000 0.0669873
vt 0.8333333 0.3187500
vt 0.7500000 0.9330127
vt 0.1666667 0.3187500
vt 0.1562500 -0.0087500
vt 0.7586275 0.8870634
vt 0.1562500 0.0087500
vt 0.7586275 0.8870634
vt 0.8437500 -0.0087500
vt 0.7586275 0.1129366
vt 0.8437500 0.0087500
vt 0.7586275 0.1129366
vt 0.8437500 -0.0125000
vt 0.7597717 0.1112241
vt 0.1562500 -0.0125000
vt 0.7597717 0.8887759
vt 0.8437500 0.0125000
vt 0.7597717 0.1112241
vt 0.1562500 0.0125000
vt 0.7597717 0.8887759
vt 0.7777851 0.9157348
vt 0.1562500 -0.0087500
vt 0.7777851 0.9157348
vt 0.1562500 0.0087500
vt 0.7777851 0.0842652
vt 0.8437500 -0.0087500
vt 0.7777851 0.0842652
vt 0.8437500 0.0087500
vt 0.7777851 0.0842652
vt 0.8437500 -0.0125000
vt 0.7777851 0.9157348
vt 0.1562500 -0.0125000
vt 0.7777851 0.0842652
vt 0.8437500 0.0125000
vt 0.7777851 0.9157348
vt 0.1562500 0.0125000
vt 0.8750000 -0.0125000
vt 0.8272102 0.1727898
vt 0.1250000 -0.0125000
vt 0.8272102 0.8272102
vt 0.8750000 0.0125000
vt 0.8272102 0.1727898
vt 0.1250000 0.0125000
vt 0.8272102 0.8272102
vt 0.8750000 0.0375000
vt 0.1250000 0.0375000
vt 0.7986294 0.3275862
vt 0.9166667 0.0156250
vt 0.0833333 0.0156250
vt 0.7986294 0.6724138
vt 0.9166667 0.0500000
vt 0.7986294 0.3275862
vt 0.0833333 0.0500000
vt 0.7986294 0.6724138
vt 0.8750000 0.3187500
vt 0.8047874 0.1952126
vt 0.1250000 0.3187500
vt 0.8047874 0.8047874
vt 0.8535534 0.1464466
vt 0.8750000 -0.0125000
vt 0.8535534 0.8535534
vt 0.1250000 -0.0125000
vt 0.8535534 0.1464466
vt 0.8750000 0.0125000
vt 0.8535534 0.8535534
vt 0.1250000 0.0125000
vt 0.1250000 -0.0087500
vt 0.8291704 0.8291704
vt 0.1250000 0.0087500
vt 0.8291704 0.8291704
vt 0.8750000 -0.0087500
vt 0.8291704 0.1708296
vt 0.8750000 0.0087500
vt 0.8291704 0.1708296
vt 0.8330779 0.4107521
vt 0.9583333 0.0156250
vt 0.0416667 0.0156250
vt 0.8330779 0.5892479
vt 0.9583333 0.0500000
vt 0.8330779 0.4107521
vt 0.0416667 0.0500000
vt 0.8330779 0.5892479
vt 0.8750000 -0.0125000
vt 0.8306267 0.1693733
vt 0.1250000 -0.0125000
vt 0.8306267 0.8306267
vt 0.8750000 0.0125000
vt 0.8306267 0.1693733
vt 0.1250000 0.0125000
vt 0.8306267 0.8306267
vt 0.9062500 -0.0125000
vt 0.8847585 0.2429126
vt 0.0937500 -0.0125000
vt 0.8847585 0.7570874
vt 0.9062500 0.0125000
vt 0.8847585 0.2429126
vt 0.0937500 0.0125000
vt 0.8847585 0.7570874
vt 0.0000000 0.0156250
vt 0.8448276 0.5000000
vt 1.0000000 0.0156250
vt 0.0000000 0.0500000
vt 1.0000000 0.0500000
vt 0.8448276 0.5000000
vt 0.8535534 0.8535534
vt 0.1250000 -0.0087500
vt 0.8535534 0.8535534
vt 0.1250000 0.0087500
vt 0.8535534 0.1464466
vt 0.8750000 0.3187500
vt 0.8535534 0.8535534
vt 0.1250000 0.3187500
vt 0.8535534 0.1464466
vt 0.8750000 -0.0087500
vt 0.8535534 0.1464466
vt 0.8750000 0.0087500
vt 0.8535534 0.1464466
vt 0.8750000 -0.0125000
vt 0.8535534 0.8535534
vt 0.1250000 -0.0125000
vt 0.8535534 0.1464466
vt 0.8750000 0.0125000
vt 0.8535534 0.8535534
vt 0.1250000 0.0125000
vt 0.9166667 0.0375000
vt 0.0833333 0.0375000
vt 0.9157348 0.2222149
vt 0.9062500 -0.0125000
vt 0.9157348 0.7777851
vt 0.0937500 -0.0125000
vt 0.9157348 0.2222149
vt 0.9062500 0.0125000
vt 0.9157348 0.7777851
vt 0.0937500 0.0125000
vt 0.9166667 0.3187500
vt 0.8732868 0.2844828
vt 0.0833333 0.3187500
vt 0.8732868 0.7155172
vt 0.9375000 -0.0125000
vt 0.9275207 0.3229151
vt 0.0625000 -0.0125000
vt 0.9275207 0.6770849
vt 0.9375000 0.0125000
vt 0.9275207 0.3229151
vt 0.0625000 0.0125000
vt 0.9275207 0.6770849
vt 0.0937500 -0.0087500
vt 0.8870634 0.7586275
vt 0.0937500 0.0087500
vt 0.8870634 0.7586275
vt 0.9062500 -0.0087500
vt 0.8870634 0.2413725
vt 0.9062500 0.0087500
vt 0.8870634 0.2413725
vt 0.9062500 -0.0125000
vt 0.8887759 0.2402283
vt 0.0937500 -0.0125000
vt 0.8887759 0.7597717
vt 0.9062500 0.0125000
vt 0.8887759 0.2402283
vt 0.0937500 0.0125000
vt 0.8887759 0.7597717
vt 0.9687500 -0.0125000
vt 0.9538536 0.4097229
vt 0.0312500 -0.0125000
vt 0.9538536 0.5902771
vt 0.9687500 0.0125000
vt 0.9538536 0.4097229
vt 0.0312500 0.0125000
vt 0.9538536 0.5902771
vt 0.9583333 0.0375000
vt 0.0416667 0.0375000
vt 0.9619398 0.3086583
vt 0.9375000 -0.0125000
vt 0.9619398 0.6913417
vt 0.0625000 -0.0125000
vt 0.9619398 0.3086583
vt 0.9375000 0.0125000
vt 0.9619398 0.6913417
vt 0.0625000 0.0125000
vt 0.0000000 -0.0125000
vt 1.0000000 -0.0125000
vt 0.9627451 0.5000000
vt 0.0000000 0.0125000
vt 1.0000000 0.0125000
vt 0.9627451 0.5000000
vt 0.0000000 0.0375000
vt 1.0000000 0.0375000
vt 0.9157348 0.7777851
vt 0.0937500 -0.0087500
vt 0.9157348 0.7777851
vt 0.0937500 0.0087500
vt 0.9157348 0.2222149
vt 0.9062500 -0.0087500
vt 0.9157348 0.2222149
vt 0.9062500 0.0087500
vt 0.9583333 0.3187500
vt 0.9163473 0.3884401
vt 0.0416667 0.3187500
vt 0.9163473 0.6115599
vt 0.9157348 0.2222149
vt 0.9062500 -0.0125000
vt 0.9157348 0.7777851
vt 0.0937500 -0.0125000
vt 0.9157348 0.2222149
vt 0.9062500 0.0125000
vt 0.9157348 0.7777851
vt 0.0937500 0.0125000
vt 0.0625000 -0.0087500
vt 0.9300819 0.6781457
vt 0.0625000 0.0087500
vt 0.9300819 0.6781457
vt 0.9375000 -0.0087500
vt 0.9300819 0.3218543
vt 0.9375000 0.0087500
vt 0.9300819 0.3218543
vt 0.0000000 0.3187500
vt 1.0000000 0.3187500
vt 0.9310345 0.5000000
vt 0.9903926 0.4024548
vt 0.9687500 -0.0125000
vt 0.9903926 0.5975452
vt 0.0312500 -0.0125000
vt 0.9903926 0.4024548
vt 0.9687500 0.0125000
vt 0.9903926 0.5975452
vt 0.0312500 0.0125000
vt 0.9330127 0.2500000
vt 0.9166667 0.3187500
vt 0.9330127 0.7500000
vt 0.0833333 0.3187500
vt 0.9375000 -0.0125000
vt 0.9319846 0.3210661
vt 0.0625000 -0.0125000
vt 0.9319846 0.6789339
vt 0.9375000 0.0125000
vt 0.9319846 0.3210661
vt 0.0625000 0.0125000
vt 0.9319846 0.6789339
vt 1.0000000 0.5000000
vt 0.0000000 -0.0125000
vt 1.0000000 -0.0125000
vt 1.0000000 0.5000000
vt 0.0000000 0.0125000
vt 1.0000000 0.0125000
vt 0.0312500 -0.0087500
vt 0.9565725 0.5908179
vt 0.0312500 0.0087500
vt 0.9565725 0.5908179
vt 0.9687500 -0.0087500
vt 0.9565725 0.4091821
vt 0.9687500 0.0087500
vt 0.9565725 0.4091821
vt 0.9619398 0.6913417
vt 0.0625000 -0.0087500
vt 0.9619398 0.6913417
vt 0.0625000 0.0087500
vt 0.9619398 0.3086583
vt 0.9375000 -0.0087500
vt 0.9619398 0.3086583
vt 0.9375000 0.0087500
vt 0.9687500 -0.0125000
vt 0.9585924 0.4087803
vt 0.0312500 -0.0125000
vt 0.9585924 0.5912197
vt 0.9687500 0.0125000
vt 0.9585924 0.4087803
vt 0.0312500 0.0125000
vt 0.9585924 0.5912197
vt 0.0000000 -0.0087500
vt 1.0000000 -0.0087500
vt 0.9655172 0.5000000
vt 0.0000000 0.0087500
vt 1.0000000 0.0087500
vt 0.9655172 0.5000000
vt 0.9619398 0.3086583
vt 0.9375000 -0.0125000
vt 0.9619398 0.6913417
vt 0.0625000 -0.0125000
vt 0.9619398 0.3086583
vt 0.9375000 0.0125000
vt 0.9619398 0.6913417
vt 0.0625000 0.0125000
vt 0.0000000 -0.0125000
vt 1.0000000 -0.0125000
vt 0.9675768 0.5000000
vt 0.0000000 0.0125000
vt 1.0000000 0.0125000
vt 0.9675768 0.5000000
vt 0.9829629 0.3705905
vt 0.9583333 0.3187500
vt 0.9829629 0.6294095
vt 0.0416667 0.3187500
vt 0.9903926 0.5975452
vt 0.0312500 -0.0087500
vt 0.9903926 0.5975452
vt 0.0312500 0.0087500
vt 0.9903926 0.4024548
vt 0.9687500 -0.0087500
vt 0.9903926 0.4024548
vt 0.9687500 0.0087500
vt 0.9903926 0.4024548
vt 0.9687500 -0.0125000
vt 0.9903926 0.5975452
vt 0.0312500 -0.0125000
vt 0.9903926 0.4024548
vt 0.9687500 0.0125000
vt 0.9903926 0.5975452
vt 0.0312500 0.0125000
vt 1.0000000 0.5000000
vt 0.0000000 0.3187500
vt 1.0000000 0.3187500
vt 1.0000000 0.5000000
vt 0.0000000 -0.0087500
vt 1.0000000 -0.0087500
vt 1.0000000 0.5000000
vt 0.0000000 0.0087500
vt 1.0000000 0.0087500
vt 1.0000000 0.5000000
vt 0.0000000 -0.0125000
vt 1.0000000 -0.0125000
vt 1.0000000 0.5000000
vt 0.0000000 0.0125000
vt 1.0000000 0.0125000
vn -1.0000000 0.0000000 0.0000000
vn 0.0000000 -1.0000000 0.0000000
vn -1.0000000 0.0000000 0.0000000
vn 0.0000000 1.0000000 0.0000000
vn -0.9938837 -0.1104315 0.0000000
vn 0.0000000 1.0000000 0.0000000
vn -1.0000000 -0.0000000 0.0000000
vn 0.0000000 -0.0000000 -1.0000000
vn -1.0000000 -0.0000000 0.0000000
vn 0.0000000 0.0000000 1.0000000
vn -0.9807853 0.0000000 -0.1950903
vn 0.0000000 -1.0000000 0.0000000
vn -0.9807853 0.0000000 0.1950903
vn 0.0000000 -1.0000000 0.0000000
vn -0.9807853 0.0000000 -0.1950903
vn 0.0000000 1.0000000 0.0000000
vn -0.9807853 0.0000000 0.1950903
vn 0.0000000 1.0000000 0.0000000
vn -0.9807853 -0.1950903 0.0000000
vn 0.0000000 -0.0000000 -1.0000000
vn -0.9807853 -0.1950903 0.0000000
vn 0.0000000 0.0000000 1.0000000
vn -0.9807853 0.1950903 -0.0000000
vn 0.0000000 -0.0000000 -1.0000000
vn -0.9807853 0.1950903 -0.0000000
vn 0.0000000 0.0000000 1.0000000
vn -0.9600180 -0.1104315 -0.2572360
vn 0.0000000 1.0000000 0.0000000
vn -0.9600180 -0.1104315 0.2572360
vn 0.0000000 1.0000000 0.0000000
vn 0.0000000 -1.0000000 0.0000000
vn 1.0000000 0.0000000 -0.0000000
vn 0.0000000 1.0000000 0.0000000
vn 1.0000000 0.0000000 -0.0000000
vn -0.9238795 0.0000000 -0.3826834
vn 0.0000000 -1.0000000 0.0000000
vn -0.9238795 0.0000000 0.3826834
vn 0.0000000 -1.0000000 0.0000000
vn -0.9238795 0.0000000 -0.3826834
vn 0.0000000 1.0000000 0.0000000
vn -0.9238795 0.0000000 0.3826834
vn 0.0000000 1.0000000 0.0000000
vn 0.0000000 -0.0000000 -1.0000000
vn 1.0000000 0.0000000 -0.0000000
vn 0.0000000 0.0000000 1.0000000
vn 1.0000000 0.0000000 -0.0000000
vn 0.0000000 -1.0000000 0.0000000
vn 0.9807853 0.0000000 0.1950903
vn 0.0000000 -1.0000000 0.0000000
vn 0.9807853 0.0000000 -0.1950903
vn 0.0000000 1.0000000 0.0000000
vn 0.9807853 0.0000000 0.1950903
vn 0.0000000 1.0000000 0.0000000
vn 0.9807853 0.0000000 -0.1950903
vn -0.9238795 -0.3826834 0.0000000
vn 0.0000000 -0.0000000 -1.0000000
vn -0.9238795 -0.3826834 0.0000000
vn 0.0000000 0.0000000 1.0000000
vn -0.9238795 0.3826834 -0.0000000
vn 0.0000000 -0.0000000 -1.0000000
vn -0.9238795 0.3826834 -0.0000000
vn 0.0000000 0.0000000 1.0000000
vn 0.0000000 -0.0000000 -1.0000000
vn 0.9807853 0.1950903 -0.0000000
vn 0.0000000 0.0000000 1.0000000
vn 0.9807853 0.1950903 -0.0000000
vn 0.0000000 -0.0000000 -1.0000000
vn 0.9807853 -0.1950903 0.0000000
vn 0.0000000 0.0000000 1.0000000
vn 0.9807853 -0.1950903 0.0000000
vn -1.0000000 0.0000000 0.0000000
vn 0.0000000 -1.0000000 0.0000000
vn -1.0000000 0.0000000 0.0000000
vn 0.0000000 1.0000000 0.0000000
vn 0.0000000 -1.0000000 0.0000000
vn 0.9238795 0.0000000 0.3826834
vn 0.0000000 -1.0000000 0.0000000
vn 0.9238795 0.0000000 -0.3826834
vn 0.0000000 1.0000000 0.0000000
vn 0.9238795 0.0000000 0.3826834
vn 0.0000000 1.0000000 0.0000000
vn 0.9238795 0.0000000 -0.3826834
vn -0.8607286 -0.1104315 -0.4969419
vn 0.0000000 1.0000000 0.0000000
vn -0.8607286 -0.1104315 0.4969419
vn 0.0000000 1.0000000 0.0000000
vn -0.9807853 0.0000000 -0.1950903
vn 0.0000000 -1.0000000 0.0000000
vn -0.9807853 0.0000000 0.1950903
vn 0.0000000 -1.0000000 0.0000000
vn -0.9807853 0.0000000 -0.1950903
vn 0.0000000 1.0000000 0.0000000
vn -0.9807853 0.0000000 0.1950903
vn 0.0000000 1.0000000 0.0000000
vn 0.0000000 1.0000000 0.0000000
vn 0.9933074 0.1155009 -0.0000000
vn 0.0000000 -0.0000000 -1.0000000
vn 0.9238795 0.3826834 -0.0000000
vn 0.0000000 0.0000000 1.0000000
vn 0.9238795 0.3826834 -0.0000000
vn 0.0000000 -0.0000000 -1.0000000
vn 0.9238795 -0.3826834 0.0000000
vn 0.0000000 0.0000000 1.0000000
vn 0.9238795 -0.3826834 0.0000000
vn -0.8314696 0.0000000 -0.5555702
vn 0.0000000 -1.0000000 0.0000000
vn -0.8314696 0.0000000 0.5555702
vn 0.0000000 -1.0000000 0.0000000
vn -0.8314696 0.0000000 -0.5555702
vn 0.0000000 1.0000000 0.0000000
vn -0.8314696 0.0000000 0.5555702
vn 0.0000000 1.0000000 0.0000000
vn 0.0000000 1.0000000 0.0000000
vn 0.9594613 0.1155009 0.2570869
vn 0.0000000 1.0000000 0.0000000
vn 0.9594613 0.1155009 -0.2570869
vn -0.8314696 -0.5555702 0.0000000
vn 0.0000000 -0.0000000 -1.0000000
vn -0.8314696 -0.5555702 0.0000000
vn 0.0000000 0.0000000 1.0000000
vn -0.8314696 0.5555702 -0.0000000
vn 0.0000000 -0.0000000 -1.0000000
vn -0.8314696 0.5555702 -0.0000000
vn 0.0000000 0.0000000 1.0000000
vn -0.8863884 -0.4629423 0.0000000
vn 0.0000000 -1.0000000 0.0000000
vn 1.0000000 0.0000000 -0.0000000
vn 0.0000000 1.0000000 0.0000000
vn 1.0000000 0.0000000 -0.0000000
vn -0.9238795 0.0000000 -0.3826834
vn 0.0000000 -1.0000000 0.0000000
vn -0.9238795 0.0000000 0.3826834
vn 0.0000000 -1.0000000 0.0000000
vn -0.9238795 0.0000000 -0.3826834
vn 0.0000000 1.0000000 0.0000000
vn -0.9238795 0.0000000 0.3826834
vn 0.0000000 1.0000000 0.0000000
vn -0.8561855 -0.4629423 -0.2294142
vn -0.8561855 -0.4629423 0.2294142
vn 0.0000000 -1.0000000 0.0000000
vn 0.9807853 0.0000000 0.1950903
vn 0.0000000 -1.0000000 0.0000000
vn 0.9807853 0.0000000 -0.1950903
vn 0.0000000 1.0000000 0.0000000
vn 0.9807853 0.0000000 0.1950903
vn 0.0000000 1.0000000 0.0000000
vn 0.9807853 0.0000000 -0.1950903
vn 0.0000000 -1.0000000 0.0000000
vn 0.8314696 0.0000000 0.5555702
vn 0.0000000 -1.0000000 0.0000000
vn 0.8314696 0.0000000 -0.5555702
vn 0.0000000 1.0000000 0.0000000
vn 0.8314696 0.0000000 0.5555702
vn 0.0000000 1.0000000 0.0000000
vn 0.8314696 0.0000000 -0.5555702
vn 0.0000000 -0.0000000 -1.0000000
vn 0.8314696 0.5555702 -0.0000000
vn 0.0000000 0.0000000 1.0000000
vn 0.8314696 0.5555702 -0.0000000
vn 0.0000000 -0.0000000 -1.0000000
vn 0.8314696 -0.5555702 0.0000000
vn 0.0000000 0.0000000 1.0000000
vn 0.8314696 -0.5555702 0.0000000
vn 0.0000000 -1.0000000 0.0000000
vn 0.9238795 0.0000000 0.3826834
vn 0.0000000 -1.0000000 0.0000000
vn 0.9238795 0.0000000 -0.3826834
vn 0.0000000 1.0000000 0.0000000
vn 0.9238795 0.0000000 0.3826834
vn 0.0000000 1.0000000 0.0000000
vn 0.9238795 0.0000000 -0.3826834
vn 0.0000000 1.0000000 0.0000000
vn 0.8602294 0.1155009 0.4966537
vn 0.0000000 1.0000000 0.0000000
vn 0.8602294 0.1155009 -0.4966537
vn -0.8314696 0.0000000 -0.5555702
vn 0.0000000 -1.0000000 0.0000000
vn -0.8314696 0.0000000 0.5555702
vn 0.0000000 -1.0000000 0.0000000
vn -0.8314696 0.0000000 -0.5555702
vn 0.0000000 1.0000000 0.0000000
vn -0.8314696 0.0000000 0.5555702
vn 0.0000000 1.0000000 0.0000000
vn -0.7676349 -0.4629423 -0.4431942
vn -0.7676349 -0.4629423 0.4431942
vn -0.7071068 0.0000000 -0.7071068
vn 0.0000000 -1.0000000 0.0000000
vn -0.7071068 0.0000000 0.7071068
vn 0.0000000 -1.0000000 0.0000000
vn -0.7071068 0.0000000 -0.7071068
vn 0.0000000 1.0000000 0.0000000
vn -0.7071068 0.0000000 0.7071068
vn 0.0000000 1.0000000 0.0000000
vn -0.7071068 -0.7071068 0.0000000
vn 0.0000000 -0.0000000 -1.0000000
vn -0.7071068 -0.7071068 0.0000000
vn 0.0000000 0.0000000 1.0000000
vn -0.7027819 -0.1104315 -0.7027819
vn 0.0000000 1.0000000 0.0000000
vn -0.7027819 -0.1104315 0.7027819
vn 0.0000000 1.0000000 0.0000000
vn -0.7071068 0.7071068 -0.0000000
vn 0.0000000 -0.0000000 -1.0000000
vn -0.7071068 0.7071068 -0.0000000
vn 0.0000000 0.0000000 1.0000000
vn -0.3517267 -0.9361027 0.0000000
vn -0.3517267 -0.9361027 0.0000000
vn 0.0000000 1.0000000 0.0000000
vn 0.9933074 0.1155009 -0.0000000
vn 0.0000000 -1.0000000 0.0000000
vn 0.8314696 0.0000000 0.5555702
vn 0.0000000 -1.0000000 0.0000000
vn 0.8314696 0.0000000 -0.5555702
vn 0.0000000 1.0000000 0.0000000
vn 0.8314696 0.0000000 0.5555702
vn 0.0000000 1.0000000 0.0000000
vn 0.8314696 0.0000000 -0.5555702
vn 0.0000000 -1.0000000 0.0000000
vn 0.7071068 0.0000000 0.7071068
vn 0.0000000 -1.0000000 0.0000000
vn 0.7071068 0.0000000 -0.7071068
vn 0.0000000 1.0000000 0.0000000
vn 0.7071068 0.0000000 0.7071068
vn 0.0000000 1.0000000 0.0000000
vn 0.7071068 0.0000000 -0.7071068
vn -0.3397419 -0.9361027 -0.0910336
vn -0.3397419 -0.9361027 -0.0910336
vn -0.3397419 -0.9361027 0.0910336
vn -0.3397419 -0.9361027 0.0910336
vn 0.0000000 1.0000000 0.0000000
vn 0.9594613 0.1155009 0.2570869
vn 0.0000000 1.0000000 0.0000000
vn 0.9594613 0.1155009 -0.2570869
vn 0.0000000 -0.0000000 -1.0000000
vn 0.7071068 0.7071068 -0.0000000
vn 0.0000000 0.0000000 1.0000000
vn 0.7071068 0.7071068 -0.0000000
vn 0.0000000 -0.0000000 -1.0000000
vn 0.7071068 -0.7071068 0.0000000
vn 0.0000000 0.0000000 1.0000000
vn 0.7071068 -0.7071068 0.0000000
vn -0.7071068 0.0000000 -0.7071068
vn 0.0000000 -1.0000000 0.0000000
vn -0.7071068 0.0000000 0.7071068
vn 0.0000000 -1.0000000 0.0000000
vn -0.7071068 0.0000000 -0.7071068
vn 0.0000000 1.0000000 0.0000000
vn -0.7071068 0.0000000 0.7071068
vn 0.0000000 1.0000000 0.0000000
vn 0.0000000 1.0000000 0.0000000
vn 0.7023744 0.1155009 0.7023744
vn 0.0000000 1.0000000 0.0000000
vn 0.7023744 0.1155009 -0.7023744
vn -0.3046042 -0.9361027 -0.1758633
vn -0.3046042 -0.9361027 -0.1758633
vn -0.3046042 -0.9361027 0.1758633
vn -0.3046042 -0.9361027 0.1758633
vn 0.0000000 1.0000000 0.0000000
vn 0.8602294 0.1155009 0.4966537
vn 0.0000000 1.0000000 0.0000000
vn 0.8602294 0.1155009 -0.4966537
vn -0.6267713 -0.4629423 -0.6267713
vn -0.6267713 -0.4629423 0.6267713
vn 0.0000000 -1.0000000 0.0000000
vn 0.7071068 0.0000000 0.7071068
vn 0.0000000 -1.0000000 0.0000000
vn 0.7071068 0.0000000 -0.7071068
vn 0.0000000 1.0000000 0.0000000
vn 0.7071068 0.0000000 0.7071068
vn 0.0000000 1.0000000 0.0000000
vn 0.7071068 0.0000000 -0.7071068
vn -0.5555702 0.0000000 -0.8314696
vn 0.0000000 -1.0000000 0.0000000
vn -0.5555702 0.0000000 0.8314696
vn 0.0000000 -1.0000000 0.0000000
vn -0.5555702 0.0000000 -0.8314696
vn 0.0000000 1.0000000 0.0000000
vn -0.5555702 0.0000000 0.8314696
vn 0.0000000 1.0000000 0.0000000
vn -0.5555702 -0.8314696 0.0000000
vn 0.0000000 -0.0000000 -1.0000000
vn -0.5555702 -0.8314696 0.0000000
vn 0.0000000 0.0000000 1.0000000
vn -0.5555702 0.8314696 -0.0000000
vn 0.0000000 -0.0000000 -1.0000000
vn -0.5555702 0.8314696 -0.0000000
vn 0.0000000 0.0000000 1.0000000
vn 0.0000000 -1.0000000 0.0000000
vn 0.5555702 0.0000000 0.8314696
vn 0.0000000 -1.0000000 0.0000000
vn 0.5555702 0.0000000 -0.8314696
vn 0.0000000 1.0000000 0.0000000
vn 0.5555702 0.0000000 0.8314696
vn 0.0000000 1.0000000 0.0000000
vn 0.5555702 0.0000000 -0.8314696
vn 0.0000000 -0.0000000 -1.0000000
vn 0.5555702 0.8314696 -0.0000000
vn 0.0000000 0.0000000 1.0000000
vn 0.5555702 0.8314696 -0.0000000
vn 0.0000000 -0.0000000 -1.0000000
vn 0.5555702 -0.8314696 0.0000000
vn 0.0000000 0.0000000 1.0000000
vn 0.5555702 -0.8314696 0.0000000
vn -0.4969419 -0.1104315 -0.8607286
vn 0.0000000 1.0000000 0.0000000
vn -0.4969419 -0.1104315 0.8607286
vn 0.0000000 1.0000000 0.0000000
vn -0.5555702 0.0000000 -0.8314696
vn 0.0000000 -1.0000000 0.0000000
vn -0.5555702 0.0000000 0.8314696
vn 0.0000000 -1.0000000 0.0000000
vn -0.5555702 0.0000000 -0.8314696
vn 0.0000000 1.0000000 0.0000000
vn -0.5555702 0.0000000 0.8314696
vn 0.0000000 1.0000000 0.0000000
vn -0.2487083 -0.9361027 -0.2487083
vn -0.2487083 -0.9361027 -0.2487083
vn -0.2487083 -0.9361027 0.2487083
vn -0.2487083 -0.9361027 0.2487083
vn 0.0000000 1.0000000 0.0000000
vn 0.7023744 0.1155009 0.7023744
vn 0.0000000 1.0000000 0.0000000
vn 0.7023744 0.1155009 -0.7023744
vn 0.0000000 -1.0000000 0.0000000
vn 0.5555702 0.0000000 0.8314696
vn 0.0000000 -1.0000000 0.0000000
vn 0.5555702 0.0000000 -0.8314696
vn 0.0000000 1.0000000 0.0000000
vn 0.5555702 0.0000000 0.8314696
vn 0.0000000 1.0000000 0.0000000
vn 0.5555702 0.0000000 -0.8314696
vn 0.0000000 1.0000000 0.0000000
vn 0.4966537 0.1155009 0.8602294
vn 0.0000000 1.0000000 0.0000000
vn 0.4966537 0.1155009 -0.8602294
vn -0.4431942 -0.4629423 -0.7676349
vn -0.4431942 -0.4629423 0.7676349
vn -0.3826834 0.0000000 -0.9238795
vn 0.0000000 -1.0000000 0.0000000
vn -0.3826834 0.0000000 0.9238795
vn 0.0000000 -1.0000000 0.0000000
vn -0.3826834 0.0000000 -0.9238795
vn 0.0000000 1.0000000 0.0000000
vn -0.3826834 0.0000000 0.9238795
vn 0.0000000 1.0000000 0.0000000
vn -0.3826834 -0.9238795 0.0000000
vn 0.0000000 -0.0000000 -1.0000000
vn -0.3826834 -0.9238795 0.0000000
vn 0.0000000 0.0000000 1.0000000
vn -0.3826834 0.9238795 -0.0000000
vn 0.0000000 -0.0000000 -1.0000000
vn -0.3826834 0.9238795 -0.0000000
vn 0.0000000 0.0000000 1.0000000
vn 0.0000000 -1.0000000 0.0000000
vn 0.3826834 0.0000000 0.9238795
vn 0.0000000 -1.0000000 0.0000000
vn 0.3826834 0.0000000 -0.9238795
vn 0.0000000 1.0000000 0.0000000
vn 0.3826834 0.0000000 0.9238795
vn 0.0000000 1.0000000 0.0000000
vn 0.3826834 0.0000000 -0.9238795
vn 0.0000000 -0.0000000 -1.0000000
vn 0.3826834 0.9238795 -0.0000000
vn 0.0000000 0.0000000 1.0000000
vn 0.3826834 0.9238795 -0.0000000
vn 0.0000000 -0.0000000 -1.0000000
vn 0.3826834 -0.9238795 0.0000000
vn 0.0000000 0.0000000 1.0000000
vn 0.3826834 -0.9238795 0.0000000
vn -0.1758633 -0.9361027 -0.3046042
vn -0.1758633 -0.9361027 -0.3046042
vn -0.1758633 -0.9361027 0.3046042
vn -0.1758633 -0.9361027 0.3046042
vn 0.0000000 1.0000000 0.0000000
vn 0.4966537 0.1155009 0.8602294
vn 0.0000000 1.0000000 0.0000000
vn 0.4966537 0.1155009 -0.8602294
vn -0.3826834 0.0000000 -0.9238795
vn 0.0000000 -1.0000000 0.0000000
vn -0.3826834 0.0000000 0.9238795
vn 0.0000000 -1.0000000 0.0000000
vn -0.3826834 0.0000000 -0.9238795
vn 0.0000000 1.0000000 0.0000000
vn -0.3826834 0.0000000 0.9238795
vn 0.0000000 1.0000000 0.0000000
vn 0.0000000 -1.0000000 0.0000000
vn 0.3826834 0.0000000 0.9238795
vn 0.0000000 -1.0000000 0.0000000
vn 0.3826834 0.0000000 -0.9238795
vn 0.0000000 1.0000000 0.0000000
vn 0.3826834 0.0000000 0.9238795
vn 0.0000000 1.0000000 0.0000000
vn 0.3826834 0.0000000 -0.9238795
vn -0.2572360 -0.1104315 -0.9600180
vn 0.0000000 1.0000000 0.0000000
vn -0.2572360 -0.1104315 0.9600180
vn 0.0000000 1.0000000 0.0000000
vn 0.0000000 1.0000000 0.0000000
vn 0.2570869 0.1155009 0.9594613
vn 0.0000000 1.0000000 0.0000000
vn 0.2570869 0.1155009 -0.9594613
vn -0.2294142 -0.4629423 -0.8561855
vn -0.2294142 -0.4629423 0.8561855
vn -0.1950903 0.0000000 -0.9807853
vn 0.0000000 -1.0000000 0.0000000
vn -0.1950903 0.0000000 0.9807853
vn 0.0000000 -1.0000000 0.0000000
vn -0.1950903 0.0000000 -0.9807853
vn 0.0000000 1.0000000 0.0000000
vn -0.1950903 0.0000000 0.9807853
vn 0.0000000 1.0000000 0.0000000
vn -0.1950903 -0.9807853 0.0000000
vn 0.0000000 -0.0000000 -1.0000000
vn -0.1950903 -0.9807853 0.0000000
vn 0.0000000 0.0000000 1.0000000
vn -0.1950903 0.9807853 -0.0000000
vn 0.0000000 -0.0000000 -1.0000000
vn -0.1950903 0.9807853 -0.0000000
vn 0.0000000 0.0000000 1.0000000
vn 0.0000000 -1.0000000 0.0000000
vn 0.1950903 0.0000000 0.9807853
vn 0.0000000 -1.0000000 0.0000000
vn 0.1950903 0.0000000 -0.9807853
vn 0.0000000 1.0000000 0.0000000
vn 0.1950903 0.0000000 0.9807853
vn 0.0000000 1.0000000 0.0000000
vn 0.1950903 0.0000000 -0.9807853
vn 0.0000000 -0.0000000 -1.0000000
vn 0.1950903 0.9807853 -0.0000000
vn 0.0000000 0.0000000 1.0000000
vn 0.1950903 0.9807853 -0.0000000
vn 0.0000000 -0.0000000 -1.0000000
vn 0.1950903 -0.9807853 0.0000000
vn 0.0000000 0.0000000 1.0000000
vn 0.1950903 -0.9807853 0.0000000
vn -0.0910336 -0.9361027 -0.3397419
vn -0.0910336 -0.9361027 -0.3397419
vn -0.0910336 -0.9361027 0.3397419
vn -0.0910336 -0.9361027 0.3397419
vn 0.0000000 1.0000000 0.0000000
vn 0.2570869 0.1155009 0.9594613
vn 0.0000000 1.0000000 0.0000000
vn 0.2570869 0.1155009 -0.9594613
vn -0.1950903 0.0000000 -0.9807853
vn 0.0000000 -1.0000000 0.0000000
vn -0.1950903 0.0000000 0.9807853
vn 0.0000000 -1.0000000 0.0000000
vn -0.1950903 0.0000000 -0.9807853
vn 0.0000000 1.0000000 0.0000000
vn -0.1950903 0.0000000 0.9807853
vn 0.0000000 1.0000000 0.0000000
vn 0.0000000 -1.0000000 0.0000000
vn 0.1950903 0.0000000 0.9807853
vn 0.0000000 -1.0000000 0.0000000
vn 0.1950903 0.0000000 -0.9807853
vn 0.0000000 1.0000000 0.0000000
vn 0.1950903 0.0000000 0.9807853
vn 0.0000000 1.0000000 0.0000000
vn 0.1950903 0.0000000 -0.9807853
vn -0.0000000 -0.9361027 -0.3517267
vn -0.0000000 -0.9361027 -0.3517267
vn 0.0000000 -1.0000000 0.0000000
vn 0.0000000 -0.9361027 0.3517267
vn 0.0000000 -0.9361027 0.3517267
vn -0.0000000 -0.4629423 -0.8863884
vn 0.0000000 -0.4629423 0.8863884
vn 0.0000000 0.1155009 0.9933074
vn 0.0000000 1.0000000 0.0000000
vn 0.0000000 1.0000000 0.0000000
vn -0.0000000 0.1155009 -0.9933074
vn 0.0000000 1.0000000 0.0000000
vn 0.0000000 -1.0000000 0.0000000
vn -0.0000000 0.0000000 -1.0000000
vn 0.0000000 -1.0000000 0.0000000
vn 0.0000000 0.0000000 1.0000000
vn 0.0000000 -1.0000000 0.0000000
vn -0.0000000 0.0000000 -1.0000000
vn 0.0000000 -1.0000000 0.0000000
vn 0.0000000 0.0000000 1.0000000
vn -0.0000000 0.0000000 -1.0000000
vn 0.0000000 1.0000000 0.0000000
vn 0.0000000 0.0000000 1.0000000
vn 0.0000000 1.0000000 0.0000000
vn -0.0000000 0.0000000 -1.0000000
vn 0.0000000 1.0000000 0.0000000
vn 0.0000000 0.0000000 1.0000000
vn 0.0000000 1.0000000 0.0000000
vn 0.0000000 -1.0000000 0.0000000
vn 0.0000000 -0.0000000 -1.0000000
vn 0.0000000 -1.0000000 0.0000000
vn 0.0000000 0.0000000 1.0000000
vn 0.0000000 -0.0000000 -1.0000000
vn -0.0000000 1.0000000 -0.0000000
vn 0.0000000 0.0000000 1.0000000
vn -0.0000000 1.0000000 -0.0000000
vn 0.0000000 -1.0000000 0.0000000
vn -0.0000000 0.0000000 -1.0000000
vn 0.0000000 -1.0000000 0.0000000
vn 0.0000000 0.0000000 1.0000000
vn 0.0000000 -1.0000000 0.0000000
vn -0.0000000 0.0000000 -1.0000000
vn 0.0000000 -1.0000000 0.0000000
vn 0.0000000 0.0000000 1.0000000
vn -0.0000000 0.0000000 -1.0000000
vn 0.0000000 1.0000000 0.0000000
vn 0.0000000 0.0000000 1.0000000
vn 0.0000000 1.0000000 0.0000000
vn -0.0000000 0.0000000 -1.0000000
vn 0.0000000 1.0000000 0.0000000
vn 0.0000000 0.0000000 1.0000000
vn 0.0000000 1.0000000 0.0000000
vn -0.0000000 -0.1104315 -0.9938837
vn 0.0000000 1.0000000 0.0000000
vn 0.0000000 0.1155009 0.9933074
vn 0.0000000 1.0000000 0.0000000
vn -0.0000000 0.1155009 -0.9933074
vn 0.0000000 1.0000000 0.0000000
vn 0.0000000 -0.1104315 0.9938837
vn 0.0000000 1.0000000 0.0000000
vn 0.0000000 -1.0000000 0.0000000
vn 0.0000000 -0.0000000 -1.0000000
vn 0.0000000 -1.0000000 0.0000000
vn 0.0000000 0.0000000 1.0000000
vn 0.0000000 -0.0000000 -1.0000000
vn -0.0000000 1.0000000 -0.0000000
vn 0.0000000 0.0000000 1.0000000
vn -0.0000000 1.0000000 -0.0000000
vn -0.1950903 0.0000000 0.9807853
vn 0.0000000 -1.0000000 0.0000000
vn -0.1950903 0.0000000 -0.9807853
vn 0.0000000 -1.0000000 0.0000000
vn -0.1950903 0.0000000 0.9807853
vn 0.0000000 1.0000000 0.0000000
vn -0.1950903 0.0000000 -0.9807853
vn 0.0000000 1.0000000 0.0000000
vn 0.0000000 -1.0000000 0.0000000
vn 0.1950903 0.0000000 -0.9807853
vn 0.0000000 -1.0000000 0.0000000
vn 0.1950903 0.0000000 0.9807853
vn 0.0000000 1.0000000 0.0000000
vn 0.1950903 0.0000000 -0.9807853
vn 0.0000000 1.0000000 0.0000000
vn 0.1950903 0.0000000 0.9807853
vn 0.0910336 -0.9361027 -0.3397419
vn 0.0910336 -0.9361027 -0.3397419
vn 0.0910336 -0.9361027 0.3397419
vn 0.0910336 -0.9361027 0.3397419
vn -0.2570869 0.1155009 0.9594613
vn 0.0000000 1.0000000 0.0000000
vn -0.2570869 0.1155009 -0.9594613
vn 0.0000000 1.0000000 0.0000000
vn -0.1950903 0.9807853 -0.0000000
vn 0.0000000 -0.0000000 -1.0000000
vn -0.1950903 0.9807853 -0.0000000
vn 0.0000000 0.0000000 1.0000000
vn -0.1950903 -0.9807853 0.0000000
vn 0.0000000 -0.0000000 -1.0000000
vn -0.1950903 -0.9807853 0.0000000
vn 0.0000000 0.0000000 1.0000000
vn -0.1950903 0.0000000 0.9807853
vn 0.0000000 -1.0000000 0.0000000
vn -0.1950903 0.0000000 -0.9807853
vn 0.0000000 -1.0000000 0.0000000
vn -0.1950903 0.0000000 0.9807853
vn 0.0000000 1.0000000 0.0000000
vn -0.1950903 0.0000000 -0.9807853
vn 0.0000000 1.0000000 0.0000000
vn 0.0000000 -0.0000000 -1.0000000
vn 0.1950903 -0.9807853 0.0000000
vn 0.0000000 0.0000000 1.0000000
vn 0.1950903 -0.9807853 0.0000000
vn 0.0000000 -0.0000000 -1.0000000
vn 0.1950903 0.9807853 -0.0000000
vn 0.0000000 0.0000000 1.0000000
vn 0.1950903 0.9807853 -0.0000000
vn 0.0000000 -1.0000000 0.0000000
vn 0.1950903 0.0000000 -0.9807853
vn 0.0000000 -1.0000000 0.0000000
vn 0.1950903 0.0000000 0.9807853
vn 0.0000000 1.0000000 0.0000000
vn 0.1950903 0.0000000 -0.9807853
vn 0.0000000 1.0000000 0.0000000
vn 0.1950903 0.0000000 0.9807853
vn 0.2294142 -0.4629423 -0.8561855
vn 0.2294142 -0.4629423 0.8561855
vn -0.2570869 0.1155009 0.9594613
vn 0.0000000 1.0000000 0.0000000
vn -0.2570869 0.1155009 -0.9594613
vn 0.0000000 1.0000000 0.0000000
vn 0.0000000 1.0000000 0.0000000
vn 0.2572360 -0.1104315 -0.9600180
vn 0.0000000 1.0000000 0.0000000
vn 0.2572360 -0.1104315 0.9600180
vn -0.3826834 0.0000000 0.9238795
vn 0.0000000 -1.0000000 0.0000000
vn -0.3826834 0.0000000 -0.9238795
vn 0.0000000 -1.0000000 0.0000000
vn -0.3826834 0.0000000 0.9238795
vn 0.0000000 1.0000000 0.0000000
vn -0.3826834 0.0000000 -0.9238795
vn 0.0000000 1.0000000 0.0000000
vn 0.0000000 -1.0000000 0.0000000
vn 0.3826834 0.0000000 -0.9238795
vn 0.0000000 -1.0000000 0.0000000
vn 0.3826834 0.0000000 0.9238795
vn 0.0000000 1.0000000 0.0000000
vn 0.3826834 0.0000000 -0.9238795
vn 0.0000000 1.0000000 0.0000000
vn 0.3826834 0.0000000 0.9238795
vn 0.1758633 -0.9361027 -0.3046042
vn 0.1758633 -0.9361027 -0.3046042
vn 0.1758633 -0.9361027 0.3046042
vn 0.1758633 -0.9361027 0.3046042
vn -0.4966537 0.1155009 0.8602294
vn 0.0000000 1.0000000 0.0000000
vn -0.4966537 0.1155009 -0.8602294
vn 0.0000000 1.0000000 0.0000000
vn -0.3826834 0.9238795 -0.0000000
vn 0.0000000 -0.0000000 -1.0000000
vn -0.3826834 0.9238795 -0.0000000
vn 0.0000000 0.0000000 1.0000000
vn -0.3826834 -0.9238795 0.0000000
vn 0.0000000 -0.0000000 -1.0000000
vn -0.3826834 -0.9238795 0.0000000
vn 0.0000000 0.0000000 1.0000000
vn -0.3826834 0.0000000 0.9238795
vn 0.0000000 -1.0000000 0.0000000
vn -0.3826834 0.0000000 -0.9238795
vn 0.0000000 -1.0000000 0.0000000
vn -0.3826834 0.0000000 0.9238795
vn 0.0000000 1.0000000 0.0000000
vn -0.3826834 0.0000000 -0.9238795
vn 0.0000000 1.0000000 0.0000000
vn 0.0000000 -0.0000000 -1.0000000
vn 0.3826834 -0.9238795 0.0000000
vn 0.0000000 0.0000000 1.0000000
vn 0.3826834 -0.9238795 0.0000000
vn 0.0000000 -0.0000000 -1.0000000
vn 0.3826834 0.9238795 -0.0000000
vn 0.0000000 0.0000000 1.0000000
vn 0.3826834 0.9238795 -0.0000000
vn 0.0000000 -1.0000000 0.0000000
vn 0.3826834 0.0000000 -0.9238795
vn 0.0000000 -1.0000000 0.0000000
vn 0.3826834 0.0000000 0.9238795
vn 0.0000000 1.0000000 0.0000000
vn 0.3826834 0.0000000 -0.9238795
vn 0.0000000 1.0000000 0.0000000
vn 0.3826834 0.0000000 0.9238795
vn 0.4431942 -0.4629423 -0.7676349
vn 0.4431942 -0.4629423 0.7676349
vn -0.4966537 0.1155009 0.8602294
vn 0.0000000 1.0000000 0.0000000
vn -0.4966537 0.1155009 -0.8602294
vn 0.0000000 1.0000000 0.0000000
vn -0.5555702 0.0000000 0.8314696
vn 0.0000000 -1.0000000 0.0000000
vn -0.5555702 0.0000000 -0.8314696
vn 0.0000000 -1.0000000 0.0000000
vn -0.5555702 0.0000000 0.8314696
vn 0.0000000 1.0000000 0.0000000
vn -0.5555702 0.0000000 -0.8314696
vn 0.0000000 1.0000000 0.0000000
vn 0.2487083 -0.9361027 -0.2487083
vn 0.2487083 -0.9361027 -0.2487083
vn 0.2487083 -0.9361027 0.2487083
vn 0.2487083 -0.9361027 0.2487083
vn -0.7023744 0.1155009 0.7023744
vn 0.0000000 1.0000000 0.0000000
vn -0.7023744 0.1155009 -0.7023744
vn 0.0000000 1.0000000 0.0000000
vn 0.0000000 -1.0000000 0.0000000
vn 0.5555702 0.0000000 -0.8314696
vn 0.0000000 -1.0000000 0.0000000
vn 0.5555702 0.0000000 0.8314696
vn 0.0000000 1.0000000 0.0000000
vn 0.5555702 0.0000000 -0.8314696
vn 0.0000000 1.0000000 0.0000000
vn 0.5555702 0.0000000 0.8314696
vn 0.0000000 1.0000000 0.0000000
vn 0.4969419 -0.1104315 -0.8607286
vn 0.0000000 1.0000000 0.0000000
vn 0.4969419 -0.1104315 0.8607286
vn -0.5555702 0.8314696 -0.0000000
vn 0.0000000 -0.0000000 -1.0000000
vn -0.5555702 0.8314696 -0.0000000
vn 0.0000000 0.0000000 1.0000000
vn -0.5555702 -0.8314696 0.0000000
vn 0.0000000 -0.0000000 -1.0000000
vn -0.5555702 -0.8314696 0.0000000
vn 0.0000000 0.0000000 1.0000000
vn -0.5555702 0.0000000 0.8314696
vn 0.0000000 -1.0000000 0.0000000
vn -0.5555702 0.0000000 -0.8314696
vn 0.0000000 -1.0000000 0.0000000
vn -0.5555702 0.0000000 0.8314696
vn 0.0000000 1.0000000 0.0000000
vn -0.5555702 0.0000000 -0.8314696
vn 0.0000000 1.0000000 0.0000000
vn 0.0000000 -0.0000000 -1.0000000
vn 0.5555702 -0.8314696 0.0000000
vn 0.0000000 0.0000000 1.0000000
vn 0.5555702 -0.8314696 0.0000000
vn 0.0000000 -0.0000000 -1.0000000
vn 0.5555702 0.8314696 -0.0000000
vn 0.0000000 0.0000000 1.0000000
vn 0.5555702 0.8314696 -0.0000000
vn 0.0000000 -1.0000000 0.0000000
vn 0.5555702 0.0000000 -0.8314696
vn 0.0000000 -1.0000000 0.0000000
vn 0.5555702 0.0000000 0.8314696
vn 0.0000000 1.0000000 0.0000000
vn 0.5555702 0.0000000 -0.8314696
vn 0.0000000 1.0000000 0.0000000
vn 0.5555702 0.0000000 0.8314696
vn -0.7071068 0.0000000 0.7071068
vn 0.0000000 -1.0000000 0.0000000
vn -0.7071068 0.0000000 -0.7071068
vn 0.0000000 -1.0000000 0.0000000
vn -0.7071068 0.0000000 0.7071068
vn 0.0000000 1.0000000 0.0000000
vn -0.7071068 0.0000000 -0.7071068
vn 0.0000000 1.0000000 0.0000000
vn 0.6267713 -0.4629423 -0.6267713
vn 0.6267713 -0.4629423 0.6267713
vn 0.3046042 -0.9361027 -0.1758633
vn 0.3046042 -0.9361027 -0.1758633
vn 0.3046042 -0.9361027 0.1758633
vn 0.3046042 -0.9361027 0.1758633
vn -0.8602294 0.1155009 0.4966537
vn 0.0000000 1.0000000 0.0000000
vn -0.8602294 0.1155009 -0.4966537
vn 0.0000000 1.0000000 0.0000000
vn -0.7023744 0.1155009 0.7023744
vn 0.0000000 1.0000000 0.0000000
vn -0.7023744 0.1155009 -0.7023744
vn 0.0000000 1.0000000 0.0000000
vn 0.0000000 -1.0000000 0.0000000
vn 0.7071068 0.0000000 -0.7071068
vn 0.0000000 -1.0000000 0.0000000
vn 0.7071068 0.0000000 0.7071068
vn 0.0000000 1.0000000 0.0000000
vn 0.7071068 0.0000000 -0.7071068
vn 0.0000000 1.0000000 0.0000000
vn 0.7071068 0.0000000 0.7071068
vn -0.7071068 0.7071068 -0.0000000
vn 0.0000000 -0.0000000 -1.0000000
vn -0.7071068 0.7071068 -0.0000000
vn 0.0000000 0.0000000 1.0000000
vn -0.7071068 -0.7071068 0.0000000
vn 0.0000000 -0.0000000 -1.0000000
vn -0.7071068 -0.7071068 0.0000000
vn 0.0000000 0.0000000 1.0000000
vn 0.3397419 -0.9361027 -0.0910336
vn 0.3397419 -0.9361027 -0.0910336
vn 0.3397419 -0.9361027 0.0910336
vn 0.3397419 -0.9361027 0.0910336
vn -0.9594613 0.1155009 0.2570869
vn 0.0000000 1.0000000 0.0000000
vn -0.9594613 0.1155009 -0.2570869
vn 0.0000000 1.0000000 0.0000000
vn -0.7071068 0.0000000 0.7071068
vn 0.0000000 -1.0000000 0.0000000
vn -0.7071068 0.0000000 -0.7071068
vn 0.0000000 -1.0000000 0.0000000
vn -0.7071068 0.0000000 0.7071068
vn 0.0000000 1.0000000 0.0000000
vn -0.7071068 0.0000000 -0.7071068
vn 0.0000000 1.0000000 0.0000000
vn -0.8314696 0.0000000 0.5555702
vn 0.0000000 -1.0000000 0.0000000
vn -0.8314696 0.0000000 -0.5555702
vn 0.0000000 -1.0000000 0.0000000
vn -0.8314696 0.0000000 0.5555702
vn 0.0000000 1.0000000 0.0000000
vn -0.8314696 0.0000000 -0.5555702
vn 0.0000000 1.0000000 0.0000000
vn 0.3517267 -0.9361027 0.0000000
vn 0.3517267 -0.9361027 0.0000000
vn 0.3517267 -0.9361027 -0.0000000
vn -0.9933074 0.1155009 0.0000000
vn -0.9933074 0.1155009 0.0000000
vn 0.0000000 1.0000000 0.0000000
vn 0.0000000 -0.0000000 -1.0000000
vn 0.7071068 -0.7071068 0.0000000
vn 0.0000000 0.0000000 1.0000000
vn 0.7071068 -0.7071068 0.0000000
vn 0.0000000 1.0000000 0.0000000
vn 0.7027819 -0.1104315 -0.7027819
vn 0.0000000 1.0000000 0.0000000
vn 0.7027819 -0.1104315 0.7027819
vn 0.0000000 -0.0000000 -1.0000000
vn 0.7071068 0.7071068 -0.0000000
vn 0.0000000 0.0000000 1.0000000
vn 0.7071068 0.7071068 -0.0000000
vn 0.0000000 -1.0000000 0.0000000
vn 0.7071068 0.0000000 -0.7071068
vn 0.0000000 -1.0000000 0.0000000
vn 0.7071068 0.0000000 0.7071068
vn 0.0000000 1.0000000 0.0000000
vn 0.7071068 0.0000000 -0.7071068
vn 0.0000000 1.0000000 0.0000000
vn 0.7071068 0.0000000 0.7071068
vn 0.7676349 -0.4629423 -0.4431942
vn 0.7676349 -0.4629423 0.4431942
vn 0.0000000 -1.0000000 0.0000000
vn 0.8314696 0.0000000 -0.5555702
vn 0.0000000 -1.0000000 0.0000000
vn 0.8314696 0.0000000 0.5555702
vn 0.0000000 1.0000000 0.0000000
vn 0.8314696 0.0000000 -0.5555702
vn 0.0000000 1.0000000 0.0000000
vn 0.8314696 0.0000000 0.5555702
vn -0.8602294 0.1155009 0.4966537
vn 0.0000000 1.0000000 0.0000000
vn -0.8602294 0.1155009 -0.4966537
vn 0.0000000 1.0000000 0.0000000
vn -0.9238795 0.0000000 0.3826834
vn 0.0000000 -1.0000000 0.0000000
vn -0.9238795 0.0000000 -0.3826834
vn 0.0000000 -1.0000000 0.0000000
vn -0.9238795 0.0000000 0.3826834
vn 0.0000000 1.0000000 0.0000000
vn -0.9238795 0.0000000 -0.3826834
vn 0.0000000 1.0000000 0.0000000
vn -0.8314696 0.5555702 -0.0000000
vn 0.0000000 -0.0000000 -1.0000000
vn -0.8314696 0.5555702 -0.0000000
vn 0.0000000 0.0000000 1.0000000
vn -0.8314696 -0.5555702 0.0000000
vn 0.0000000 -0.0000000 -1.0000000
vn -0.8314696 -0.5555702 0.0000000
vn 0.0000000 0.0000000 1.0000000
vn -0.8314696 0.0000000 0.5555702
vn 0.0000000 -1.0000000 0.0000000
vn -0.8314696 0.0000000 -0.5555702
vn 0.0000000 -1.0000000 0.0000000
vn -0.8314696 0.0000000 0.5555702
vn 0.0000000 1.0000000 0.0000000
vn -0.8314696 0.0000000 -0.5555702
vn 0.0000000 1.0000000 0.0000000
vn -0.9807853 0.0000000 0.1950903
vn 0.0000000 -1.0000000 0.0000000
vn -0.9807853 0.0000000 -0.1950903
vn 0.0000000 -1.0000000 0.0000000
vn -0.9807853 0.0000000 0.1950903
vn 0.0000000 1.0000000 0.0000000
vn -0.9807853 0.0000000 -0.1950903
vn 0.0000000 1.0000000 0.0000000
vn 0.8561855 -0.4629423 -0.2294142
vn 0.8561855 -0.4629423 0.2294142
vn 0.0000000 -1.0000000 0.0000000
vn 0.9238795 0.0000000 -0.3826834
vn 0.0000000 -1.0000000 0.0000000
vn 0.9238795 0.0000000 0.3826834
vn 0.0000000 1.0000000 0.0000000
vn 0.9238795 0.0000000 -0.3826834
vn 0.0000000 1.0000000 0.0000000
vn 0.9238795 0.0000000 0.3826834
vn -1.0000000 0.0000000 0.0000000
vn -1.0000000 0.0000000 0.0000000
vn 0.0000000 -1.0000000 0.0000000
vn -1.0000000 0.0000000 0.0000000
vn -1.0000000 0.0000000 0.0000000
vn 0.0000000 1.0000000 0.0000000
vn 0.8863884 -0.4629423 0.0000000
vn 0.8863884 -0.4629423 -0.0000000
vn 0.0000000 -0.0000000 -1.0000000
vn 0.8314696 -0.5555702 0.0000000
vn 0.0000000 0.0000000 1.0000000
vn 0.8314696 -0.5555702 0.0000000
vn 0.0000000 -0.0000000 -1.0000000
vn 0.8314696 0.5555702 -0.0000000
vn 0.0000000 0.0000000 1.0000000
vn 0.8314696 0.5555702 -0.0000000
vn -0.9594613 0.1155009 0.2570869
vn 0.0000000 1.0000000 0.0000000
vn -0.9594613 0.1155009 -0.2570869
vn 0.0000000 1.0000000 0.0000000
vn 0.0000000 -1.0000000 0.0000000
vn 0.8314696 0.0000000 -0.5555702
vn 0.0000000 -1.0000000 0.0000000
vn 0.8314696 0.0000000 0.5555702
vn 0.0000000 1.0000000 0.0000000
vn 0.8314696 0.0000000 -0.5555702
vn 0.0000000 1.0000000 0.0000000
vn 0.8314696 0.0000000 0.5555702
vn -0.9238795 0.3826834 -0.0000000
vn 0.0000000 -0.0000000 -1.0000000
vn -0.9238795 0.3826834 -0.0000000
vn 0.0000000 0.0000000 1.0000000
vn -0.9238795 -0.3826834 0.0000000
vn 0.0000000 -0.0000000 -1.0000000
vn -0.9238795 -0.3826834 0.0000000
vn 0.0000000 0.0000000 1.0000000
vn -0.9933074 0.1155009 0.0000000
vn -0.9933074 0.1155009 0.0000000
vn 0.0000000 1.0000000 0.0000000
vn 0.0000000 -1.0000000 0.0000000
vn 0.9807853 0.0000000 -0.1950903
vn 0.0000000 -1.0000000 0.0000000
vn 0.9807853 0.0000000 0.1950903
vn 0.0000000 1.0000000 0.0000000
vn 0.9807853 0.0000000 -0.1950903
vn 0.0000000 1.0000000 0.0000000
vn 0.9807853 0.0000000 0.1950903
vn 0.0000000 1.0000000 0.0000000
vn 0.8607286 -0.1104315 -0.4969419
vn 0.0000000 1.0000000 0.0000000
vn 0.8607286 -0.1104315 0.4969419
vn -0.9238795 0.0000000 0.3826834
vn 0.0000000 -1.0000000 0.0000000
vn -0.9238795 0.0000000 -0.3826834
vn 0.0000000 -1.0000000 0.0000000
vn -0.9238795 0.0000000 0.3826834
vn 0.0000000 1.0000000 0.0000000
vn -0.9238795 0.0000000 -0.3826834
vn 0.0000000 1.0000000 0.0000000
vn 0.0000000 -1.0000000 0.0000000
vn 1.0000000 0.0000000 0.0000000
vn 1.0000000 0.0000000 -0.0000000
vn 0.0000000 1.0000000 0.0000000
vn 1.0000000 0.0000000 0.0000000
vn 1.0000000 0.0000000 -0.0000000
vn -0.9807853 0.1950903 -0.0000000
vn 0.0000000 -0.0000000 -1.0000000
vn -0.9807853 0.1950903 -0.0000000
vn 0.0000000 0.0000000 1.0000000
vn -0.9807853 -0.1950903 0.0000000
vn 0.0000000 -0.0000000 -1.0000000
vn -0.9807853 -0.1950903 0.0000000
vn 0.0000000 0.0000000 1.0000000
vn 0.0000000 -0.0000000 -1.0000000
vn 0.9238795 -0.3826834 0.0000000
vn 0.0000000 0.0000000 1.0000000
vn 0.9238795 -0.3826834 0.0000000
vn 0.0000000 -0.0000000 -1.0000000
vn 0.9238795 0.3826834 -0.0000000
vn 0.0000000 0.0000000 1.0000000
vn 0.9238795 0.3826834 -0.0000000
vn -0.9807853 0.0000000 0.1950903
vn 0.0000000 -1.0000000 0.0000000
vn -0.9807853 0.0000000 -0.1950903
vn 0.0000000 -1.0000000 0.0000000
vn -0.9807853 0.0000000 0.1950903
vn 0.0000000 1.0000000 0.0000000
vn -0.9807853 0.0000000 -0.1950903
vn 0.0000000 1.0000000 0.0000000
vn -1.0000000 0.0000000 0.0000000
vn -1.0000000 -0.0000000 0.0000000
vn 0.0000000 -0.0000000 -1.0000000
vn -1.0000000 0.0000000 0.0000000
vn -1.0000000 -0.0000000 0.0000000
vn 0.0000000 0.0000000 1.0000000
vn 0.0000000 -1.0000000 0.0000000
vn 0.9238795 0.0000000 -0.3826834
vn 0.0000000 -1.0000000 0.0000000
vn 0.9238795 0.0000000 0.3826834
vn 0.0000000 1.0000000 0.0000000
vn 0.9238795 0.0000000 -0.3826834
vn 0.0000000 1.0000000 0.0000000
vn 0.9238795 0.0000000 0.3826834
vn -1.0000000 0.0000000 0.0000000
vn -1.0000000 0.0000000 0.0000000
vn 0.0000000 -1.0000000 0.0000000
vn -1.0000000 0.0000000 0.0000000
vn -1.0000000 0.0000000 0.0000000
vn 0.0000000 1.0000000 0.0000000
vn 0.0000000 1.0000000 0.0000000
vn 0.9600180 -0.1104315 -0.2572360
vn 0.0000000 1.0000000 0.0000000
vn 0.9600180 -0.1104315 0.2572360
vn 0.0000000 -0.0000000 -1.0000000
vn 0.9807853 -0.1950903 0.0000000
vn 0.0000000 0.0000000 1.0000000
vn 0.9807853 -0.1950903 0.0000000
vn 0.0000000 -0.0000000 -1.0000000
vn 0.9807853 0.1950903 -0.0000000
vn 0.0000000 0.0000000 1.0000000
vn 0.9807853 0.1950903 -0.0000000
vn 0.0000000 -1.0000000 0.0000000
vn 0.9807853 0.0000000 -0.1950903
vn 0.0000000 -1.0000000 0.0000000
vn 0.9807853 0.0000000 0.1950903
vn 0.0000000 1.0000000 0.0000000
vn 0.9807853 0.0000000 -0.1950903
vn 0.0000000 1.0000000 0.0000000
vn 0.9807853 0.0000000 0.1950903
vn 0.0000000 1.0000000 0.0000000
vn 0.9938837 -0.1104315 0.0000000
vn 0.9938837 -0.1104315 -0.0000000
vn 0.0000000 -0.0000000 -1.0000000
vn 1.0000000 0.0000000 0.0000000
vn 1.0000000 0.0000000 -0.0000000
vn 0.0000000 0.0000000 1.0000000
vn 1.0000000 0.0000000 0.0000000
vn 1.0000000 0.0000000 -0.0000000
vn 0.0000000 -1.0000000 0.0000000
vn 1.0000000 0.0000000 0.0000000
vn 1.0000000 0.0000000 -0.0000000
vn 0.0000000 1.0000000 0.0000000
vn 1.0000000 0.0000000 0.0000000
vn 1.0000000 0.0000000 -0.0000000
o 26_Cubo_Iron
usemtl Iron
s 1
f 862/862/862 901/901/901 845/845/845
f 862/862/862 919/919/919 901/901/901
f 845/845/845 854/854/854 821/821/821
f 845/845/845 901/901/901 854/854/854
f 821/821/821 808/808/808 773/773/773
f 821/821/821 854/854/854 808/808/808
f 773/773/773 740/740/740 719/719/719
f 773/773/773 808/808/808 740/740/740
f 719/719/719 674/674/674 659/659/659
f 719/719/719 740/740/740 674/674/674
f 659/659/659 604/604/604 597/597/597
f 659/659/659 674/674/674 604/604/604
f 597/597/597 538/538/538 531/531/531
f 597/597/597 604/604/604 538/538/538
f 531/531/531 478/478/478 476/476/476
f 531/531/531 538/538/538 478/478/478
f 476/476/476 447/447/447 454/454/454
f 476/476/476 478/478/478 447/447/447
f 454/454/454 381/381/381 388/388/388
f 454/454/454 447/447/447 381/381/381
f 388/388/388 311/311/311 326/326/326
f 388/388/388 381/381/381 311/311/311
f 326/326/326 245/245/245 266/266/266
f 326/326/326 311/311/311 245/245/245
f 266/266/266 179/179/179 212/212/212
f 266/266/266 245/245/245 179/179/179
f 212/212/212 133/133/133 166/166/166
f 212/212/212 179/179/179 133/133/133
f 166/166/166 90/90/90 142/142/142
f 166/166/166 133/133/133 90/90/90
f 142/142/142 72/72/72 126/126/126
f 142/142/142 90/90/90 72/72/72
f 126/126/126 88/88/88 140/140/140
f 126/126/126 72/72/72 88/88/88
f 140/140/140 131/131/131 164/164/164
f 140/140/140 88/88/88 131/131/131
f 164/164/164 177/177/177 210/210/210
f 164/164/164 131/131/131 177/177/177
f 210/210/210 243/243/243 264/264/264
f 210/210/210 177/177/177 243/243/243
f 264/264/264 309/309/309 324/324/324
f 264/264/264 243/243/243 309/309/309
f 324/324/324 379/379/379 386/386/386
f 324/324/324 309/309/309 379/379/379
f 386/386/386 445/445/445 452/452/452
f 386/386/386 379/379/379 445/445/445
f 452/452/452 472/472/472 474/474/474
f 452/452/452 445/445/445 472/472/472
f 474/474/474 536/536/536 529/529/529
f 474/474/474 472/472/472 536/536/536
f 529/529/529 602/602/602 595/595/595
f 529/529/529 536/536/536 602/602/602
f 595/595/595 672/672/672 657/657/657
f 595/595/595 602/602/602 672/672/672
f 657/657/657 738/738/738 717/717/717
f 657/657/657 672/672/672 738/738/738
f 717/717/717 806/806/806 771/771/771
f 717/717/717 738/738/738 806/806/806
f 771/771/771 852/852/852 819/819/819
f 771/771/771 806/806/806 852/852/852
f 819/819/819 899/899/899 843/843/843
f 819/819/819 852/852/852 899/899/899
f 843/843/843 919/919/919 862/862/862
f 843/843/843 899/899/899 919/919/919
f 920/920/920 906/906/906 902/902/902
f 920/920/920 923/923/923 906/906/906
f 902/902/902 859/859/859 855/855/855
f 902/902/902 906/906/906 859/859/859
f 855/855/855 813/813/813 809/809/809
f 855/855/855 859/859/859 813/813/813
f 809/809/809 745/745/745 741/741/741
f 809/809/809 813/813/813 745/745/745
f 741/741/741 679/679/679 675/675/675
f 741/741/741 745/745/745 679/679/679
f 675/675/675 609/609/609 605/605/605
f 675/675/675 679/679/679 609/609/609
f 605/605/605 543/543/543 539/539/539
f 605/605/605 609/609/609 543/543/543
f 539/539/539 486/486/486 479/479/479
f 539/539/539 543/543/543 486/486/486
f 479/479/479 450/450/450 446/446/446
f 479/479/479 486/486/486 450/450/450
f 446/446/446 384/384/384 380/380/380
f 446/446/446 450/450/450 384/384/384
f 380/380/380 314/314/314 310/310/310
f 380/380/380 384/384/384 314/314/314
f 310/310/310 248/248/248 244/244/244
f 310/310/310 314/314/314 248/248/248
f 244/244/244 182/182/182 178/178/178
f 244/244/244 248/248/248 182/182/182
f 178/178/178 136/136/136 132/132/132
f 178/178/178 182/182/182 136/136/136
f 132/132/132 93/93/93 89/89/89
f 132/132/132 136/136/136 93/93/93
f 89/89/89 73/73/73 71/71/71
f 89/89/89 93/93/93 73/73/73
f 71/71/71 91/91/91 87/87/87
f 71/71/71 73/73/73 91/91/91
f 87/87/87 134/134/134 130/130/130
f 87/87/87 91/91/91 134/134/134
f 130/130/130 180/180/180 176/176/176
f 130/130/130 134/134/134 180/180/180
f 176/176/176 246/246/246 242/242/242
f 176/176/176 180/180/180 246/246/246
f 242/242/242 312/312/312 308/308/308
f 242/242/242 246/246/246 312/312/312
f 308/308/308 382/382/382 378/378/378
f 308/308/308 312/312/312 382/382/382
f 378/378/378 448/448/448 444/444/444
f 378/378/378 382/382/382 448/448/448
f 444/444/444 480/480/480 473/473/473
f 444/444/444 448/448/448 480/480/480
f 473/473/473 541/541/541 537/537/537
f 473/473/473 480/480/480 541/541/541
f 537/537/537 607/607/607 603/603/603
f 537/537/537 541/541/541 607/607/607
f 603/603/603 677/677/677 673/673/673
f 603/603/603 607/607/607 677/677/677
f 673/673/673 743/743/743 739/739/739
f 673/673/673 677/677/677 743/743/743
f 739/739/739 811/811/811 807/807/807
f 739/739/739 743/743/743 811/811/811
f 807/807/807 857/857/857 853/853/853
f 807/807/807 811/811/811 857/857/857
f 853/853/853 904/904/904 900/900/900
f 853/853/853 857/857/857 904/904/904
f 900/900/900 924/924/924 921/921/921
f 900/900/900 904/904/904 924/924/924
f 922/922/922 849/849/849 905/905/905
f 922/922/922 865/865/865 849/849/849
f 905/905/905 825/825/825 858/858/858
f 905/905/905 849/849/849 825/825/825
f 858/858/858 777/777/777 812/812/812
f 858/858/858 825/825/825 777/777/777
f 812/812/812 723/723/723 744/744/744
f 812/812/812 777/777/777 723/723/723
f 744/744/744 663/663/663 678/678/678
f 744/744/744 723/723/723 663/663/663
f 678/678/678 601/601/601 608/608/608
f 678/678/678 663/663/663 601/601/601
f 608/608/608 535/535/535 542/542/542
f 608/608/608 601/601/601 535/535/535
f 542/542/542 485/485/485 487/487/487
f 542/542/542 535/535/535 485/485/485
f 487/487/487 458/458/458 451/451/451
f 487/487/487 485/485/485 458/458/458
f 451/451/451 392/392/392 385/385/385
f 451/451/451 458/458/458 392/392/392
f 385/385/385 330/330/330 315/315/315
f 385/385/385 392/392/392 330/330/330
f 315/315/315 270/270/270 249/249/249
f 315/315/315 330/330/330 270/270/270
f 249/249/249 216/216/216 183/183/183
f 249/249/249 270/270/270 216/216/216
f 183/183/183 170/170/170 137/137/137
f 183/183/183 216/216/216 170/170/170
f 137/137/137 146/146/146 94/94/94
f 137/137/137 170/170/170 146/146/146
f 94/94/94 128/128/128 74/74/74
f 94/94/94 146/146/146 128/128/128
f 74/74/74 144/144/144 92/92/92
f 74/74/74 128/128/128 144/144/144
f 92/92/92 168/168/168 135/135/135
f 92/92/92 144/144/144 168/168/168
f 135/135/135 214/214/214 181/181/181
f 135/135/135 168/168/168 214/214/214
f 181/181/181 268/268/268 247/247/247
f 181/181/181 214/214/214 268/268/268
f 247/247/247 328/328/328 313/313/313
f 247/247/247 268/268/268 328/328/328
f 313/313/313 390/390/390 383/383/383
f 313/313/313 328/328/328 390/390/390
f 383/383/383 456/456/456 449/449/449
f 383/383/383 390/390/390 456/456/456
f 449/449/449 483/483/483 481/481/481
f 449/449/449 456/456/456 483/483/483
f 481/481/481 533/533/533 540/540/540
f 481/481/481 483/483/483 533/533/533
f 540/540/540 599/599/599 606/606/606
f 540/540/540 533/533/533 599/599/599
f 606/606/606 661/661/661 676/676/676
f 606/606/606 599/599/599 661/661/661
f 676/676/676 721/721/721 742/742/742
f 676/676/676 661/661/661 721/721/721
f 742/742/742 775/775/775 810/810/810
f 742/742/742 721/721/721 775/775/775
f 810/810/810 823/823/823 856/856/856
f 810/810/810 775/775/775 823/823/823
f 856/856/856 847/847/847 903/903/903
f 856/856/856 823/823/823 847/847/847
f 903/903/903 865/865/865 922/922/922
f 903/903/903 847/847/847 865/865/865
f 863/863/863 844/844/844 848/848/848
f 863/863/863 860/860/860 844/844/844
f 848/848/848 820/820/820 824/824/824
f 848/848/848 844/844/844 820/820/820
f 824/824/824 772/772/772 776/776/776
f 824/824/824 820/820/820 772/772/772
f 776/776/776 718/718/718 722/722/722
f 776/776/776 772/772/772 718/718/718
f 722/722/722 658/658/658 662/662/662
f 722/722/722 718/718/718 658/658/658
f 662/662/662 596/596/596 600/600/600
f 662/662/662 658/658/658 596/596/596
f 600/600/600 530/530/530 534/534/534
f 600/600/600 596/596/596 530/530/530
f 534/534/534 477/477/477 484/484/484
f 534/534/534 530/530/530 477/477/477
f 484/484/484 455/455/455 459/459/459
f 484/484/484 477/477/477 455/455/455
f 459/459/459 389/389/389 393/393/393
f 459/459/459 455/455/455 389/389/389
f 393/393/393 327/327/327 331/331/331
f 393/393/393 389/389/389 327/327/327
f 331/331/331 267/267/267 271/271/271
f 331/331/331 327/327/327 267/267/267
f 271/271/271 213/213/213 217/217/217
f 271/271/271 267/267/267 213/213/213
f 217/217/217 167/167/167 171/171/171
f 217/217/217 213/213/213 167/167/167
f 171/171/171 143/143/143 147/147/147
f 171/171/171 167/167/167 143/143/143
f 147/147/147 127/127/127 129/129/129
f 147/147/147 143/143/143 127/127/127
f 129/129/129 141/141/141 145/145/145
f 129/129/129 127/127/127 141/141/141
f 145/145/145 165/165/165 169/169/169
f 145/145/145 141/141/141 165/165/165
f 169/169/169 211/211/211 215/215/215
f 169/169/169 165/165/165 211/211/211
f 215/215/215 265/265/265 269/269/269
f 215/215/215 211/211/211 265/265/265
f 269/269/269 325/325/325 329/329/329
f 269/269/269 265/265/265 325/325/325
f 329/329/329 387/387/387 391/391/391
f 329/329/329 325/325/325 387/387/387
f 391/391/391 453/453/453 457/457/457
f 391/391/391 387/387/387 453/453/453
f 457/457/457 475/475/475 482/482/482
f 457/457/457 453/453/453 475/475/475
f 482/482/482 528/528/528 532/532/532
f 482/482/482 475/475/475 528/528/528
f 532/532/532 594/594/594 598/598/598
f 532/532/532 528/528/528 594/594/594
f 598/598/598 656/656/656 660/660/660
f 598/598/598 594/594/594 656/656/656
f 660/660/660 716/716/716 720/720/720
f 660/660/660 656/656/656 716/716/716
f 720/720/720 770/770/770 774/774/774
f 720/720/720 716/716/716 770/770/770
f 774/774/774 818/818/818 822/822/822
f 774/774/774 770/770/770 818/818/818
f 822/822/822 842/842/842 846/846/846
f 822/822/822 818/818/818 842/842/842
f 846/846/846 861/861/861 864/864/864
f 846/846/846 842/842/842 861/861/861
f 965/965/965 983/983/983 944/944/944
f 965/965/965 998/998/998 983/983/983
f 944/944/944 957/957/957 914/914/914
f 944/944/944 983/983/983 957/957/957
f 914/914/914 882/882/882 837/837/837
f 914/914/914 957/957/957 882/882/882
f 837/837/837 798/798/798 765/765/765
f 837/837/837 882/882/882 798/798/798
f 765/765/765 710/710/710 695/695/695
f 765/765/765 798/798/798 710/710/710
f 695/695/695 644/644/644 629/629/629
f 695/695/695 710/710/710 644/644/644
f 629/629/629 578/578/578 563/563/563
f 629/629/629 644/644/644 578/578/578
f 563/563/563 502/502/502 500/500/500
f 563/563/563 578/578/578 502/502/502
f 500/500/500 407/407/407 422/422/422
f 500/500/500 502/502/502 407/407/407
f 422/422/422 341/341/341 356/356/356
f 422/422/422 407/407/407 341/341/341
f 356/356/356 275/275/275 290/290/290
f 356/356/356 341/341/341 275/275/275
f 290/290/290 189/189/189 220/220/220
f 290/290/290 275/275/275 189/189/189
f 220/220/220 108/108/108 150/150/150
f 220/220/220 189/189/189 108/108/108
f 150/150/150 38/38/38 77/77/77
f 150/150/150 108/108/108 38/38/38
f 77/77/77 14/14/14 49/49/49
f 77/77/77 38/38/38 14/14/14
f 49/49/49 2/2/2 31/31/31
f 49/49/49 14/14/14 2/2/2
f 31/31/31 12/12/12 47/47/47
f 31/31/31 2/2/2 12/12/12
f 47/47/47 36/36/36 75/75/75
f 47/47/47 12/12/12 36/36/36
f 75/75/75 106/106/106 148/148/148
f 75/75/75 36/36/36 106/106/106
f 148/148/148 187/187/187 218/218/218
f 148/148/148 106/106/106 187/187/187
f 218/218/218 273/273/273 288/288/288
f 218/218/218 187/187/187 273/273/273
f 288/288/288 339/339/339 354/354/354
f 288/288/288 273/273/273 339/339/339
f 354/354/354 405/405/405 420/420/420
f 354/354/354 339/339/339 405/405/405
f 420/420/420 496/496/496 498/498/498
f 420/420/420 405/405/405 496/496/496
f 498/498/498 576/576/576 561/561/561
f 498/498/498 496/496/496 576/576/576
f 561/561/561 642/642/642 627/627/627
f 561/561/561 576/576/576 642/642/642
f 627/627/627 708/708/708 693/693/693
f 627/627/627 642/642/642 708/708/708
f 693/693/693 796/796/796 763/763/763
f 693/693/693 708/708/708 796/796/796
f 763/763/763 880/880/880 835/835/835
f 763/763/763 796/796/796 880/880/880
f 835/835/835 955/955/955 912/912/912
f 835/835/835 880/880/880 955/955/955
f 912/912/912 981/981/981 942/942/942
f 912/912/912 955/955/955 981/981/981
f 942/942/942 998/998/998 965/965/965
f 942/942/942 981/981/981 998/998/998
f 999/999/999 988/988/988 984/984/984
f 999/999/999 1002/1002/1002 988/988/988
f 984/984/984 962/962/962 958/958/958
f 984/984/984 988/988/988 962/962/962
f 958/958/958 887/887/887 883/883/883
f 958/958/958 962/962/962 887/887/887
f 883/883/883 803/803/803 799/799/799
f 883/883/883 887/887/887 803/803/803
f 799/799/799 715/715/715 711/711/711
f 799/799/799 803/803/803 715/715/715
f 711/711/711 649/649/649 645/645/645
f 711/711/711 715/715/715 649/649/649
f 645/645/645 583/583/583 579/579/579
f 645/645/645 649/649/649 583/583/583
f 579/579/579 510/510/510 503/503/503
f 579/579/579 583/583/583 510/510/510
f 503/503/503 410/410/410 406/406/406
f 503/503/503 510/510/510 410/410/410
f 406/406/406 344/344/344 340/340/340
f 406/406/406 410/410/410 344/344/344
f 340/340/340 278/278/278 274/274/274
f 340/340/340 344/344/344 278/278/278
f 274/274/274 192/192/192 188/188/188
f 274/274/274 278/278/278 192/192/192
f 188/188/188 111/111/111 107/107/107
f 188/188/188 192/192/192 111/111/111
f 107/107/107 41/41/41 37/37/37
f 107/107/107 111/111/111 41/41/41
f 37/37/37 17/17/17 13/13/13
f 37/37/37 41/41/41 17/17/17
f 13/13/13 3/3/3 1/1/1
f 13/13/13 17/17/17 3/3/3
f 1/1/1 15/15/15 11/11/11
f 1/1/1 3/3/3 15/15/15
f 11/11/11 39/39/39 35/35/35
f 11/11/11 15/15/15 39/39/39
f 35/35/35 109/109/109 105/105/105
f 35/35/35 39/39/39 109/109/109
f 105/105/105 190/190/190 186/186/186
f 105/105/105 109/109/109 190/190/190
f 186/186/186 276/276/276 272/272/272
f 186/186/186 190/190/190 276/276/276
f 272/272/272 342/342/342 338/338/338
f 272/272/272 276/276/276 342/342/342
f 338/338/338 408/408/408 404/404/404
f 338/338/338 342/342/342 408/408/408
f 404/404/404 504/504/504 497/497/497
f 404/404/404 408/408/408 504/504/504
f 497/497/497 581/581/581 577/577/577
f 497/497/497 504/504/504 581/581/581
f 577/577/577 647/647/647 643/643/643
f 577/577/577 581/581/581 647/647/647
f 643/643/643 713/713/713 709/709/709
f 643/643/643 647/647/647 713/713/713
f 709/709/709 801/801/801 797/797/797
f 709/709/709 713/713/713 801/801/801
f 797/797/797 885/885/885 881/881/881
f 797/797/797 801/801/801 885/885/885
f 881/881/881 960/960/960 956/956/956
f 881/881/881 885/885/885 960/960/960
f 956/956/956 986/986/986 982/982/982
f 956/956/956 960/960/960 986/986/986
f 982/982/982 1003/1003/1003 1000/1000/1000
f 982/982/982 986/986/986 1003/1003/1003
f 1001/1001/1001 948/948/948 987/987/987
f 1001/1001/1001 968/968/968 948/948/948
f 987/987/987 918/918/918 961/961/961
f 987/987/987 948/948/948 918/918/918
f 961/961/961 841/841/841 886/886/886
f 961/961/961 918/918/918 841/841/841
f 886/886/886 769/769/769 802/802/802
f 886/886/886 841/841/841 769/769/769
f 802/802/802 699/699/699 714/714/714
f 802/802/802 769/769/769 699/699/699
f 714/714/714 633/633/633 648/648/648
f 714/714/714 699/699/699 633/633/633
f 648/648/648 567/567/567 582/582/582
f 648/648/648 633/633/633 567/567/567
f 582/582/582 509/509/509 511/511/511
f 582/582/582 567/567/567 509/509/509
f 511/511/511 426/426/426 411/411/411
f 511/511/511 509/509/509 426/426/426
f 411/411/411 360/360/360 345/345/345
f 411/411/411 426/426/426 360/360/360
f 345/345/345 294/294/294 279/279/279
f 345/345/345 360/360/360 294/294/294
f 279/279/279 224/224/224 193/193/193
f 279/279/279 294/294/294 224/224/224
f 193/193/193 154/154/154 112/112/112
f 193/193/193 224/224/224 154/154/154
f 112/112/112 81/81/81 42/42/42
f 112/112/112 154/154/154 81/81/81
f 42/42/42 53/53/53 18/18/18
f 42/42/42 81/81/81 53/53/53
f 18/18/18 33/33/33 4/4/4
f 18/18/18 53/53/53 33/33/33
f 4/4/4 51/51/51 16/16/16
f 4/4/4 33/33/33 51/51/51
f 16/16/16 79/79/79 40/40/40
f 16/16/16 51/51/51 79/79/79
f 40/40/40 152/152/152 110/110/110
f 40/40/40 79/79/79 152/152/152
f 110/110/110 222/222/222 191/191/191
f 110/110/110 152/152/152 222/222/222
f 191/191/191 292/292/292 277/277/277
f 191/191/191 222/222/222 292/292/292
f 277/277/277 358/358/358 343/343/343
f 277/277/277 292/292/292 358/358/358
f 343/343/343 424/424/424 409/409/409
f 343/343/343 358/358/358 424/424/424
f 409/409/409 507/507/507 505/505/505
f 409/409/409 424/424/424 507/507/507
f 505/505/505 565/565/565 580/580/580
f 505/505/505 507/507/507 565/565/565
f 580/580/580 631/631/631 646/646/646
f 580/580/580 565/565/565 631/631/631
f 646/646/646 697/697/697 712/712/712
f 646/646/646 631/631/631 697/697/697
f 712/712/712 767/767/767 800/800/800
f 712/712/712 697/697/697 767/767/767
f 800/800/800 839/839/839 884/884/884
f 800/800/800 767/767/767 839/839/839
f 884/884/884 916/916/916 959/959/959
f 884/884/884 839/839/839 916/916/916
f 959/959/959 946/946/946 985/985/985
f 959/959/959 916/916/916 946/946/946
f 985/985/985 968/968/968 1001/1001/1001
f 985/985/985 946/946/946 968/968/968
f 966/966/966 943/943/943 947/947/947
f 966/966/966 963/963/963 943/943/943
f 947/947/947 913/913/913 917/917/917
f 947/947/947 943/943/943 913/913/913
f 917/917/917 836/836/836 840/840/840
f 917/917/917 913/913/913 836/836/836
f 840/840/840 764/764/764 768/768/768
f 840/840/840 836/836/836 764/764/764
f 768/768/768 694/694/694 698/698/698
f 768/768/768 764/764/764 694/694/694
f 698/698/698 628/628/628 632/632/632
f 698/698/698 694/694/694 628/628/628
f 632/632/632 562/562/562 566/566/566
f 632/632/632 628/628/628 562/562/562
f 566/566/566 501/501/501 508/508/508
f 566/566/566 562/562/562 501/501/501
f 508/508/508 423/423/423 427/427/427
f 508/508/508 501/501/501 423/423/423
f 427/427/427 357/357/357 361/361/361
f 427/427/427 423/423/423 357/357/357
f 361/361/361 291/291/291 295/295/295
f 361/361/361 357/357/357 291/291/291
f 295/295/295 221/221/221 225/225/225
f 295/295/295 291/291/291 221/221/221
f 225/225/225 151/151/151 155/155/155
f 225/225/225 221/221/221 151/151/151
f 155/155/155 78/78/78 82/82/82
f 155/155/155 151/151/151 78/78/78
f 82/82/82 50/50/50 54/54/54
f 82/82/82 78/78/78 50/50/50
f 54/54/54 32/32/32 34/34/34
f 54/54/54 50/50/50 32/32/32
f 34/34/34 48/48/48 52/52/52
f 34/34/34 32/32/32 48/48/48
f 52/52/52 76/76/76 80/80/80
f 52/52/52 48/48/48 76/76/76
f 80/80/80 149/149/149 153/153/153
f 80/80/80 76/76/76 149/149/149
f 153/153/153 219/219/219 223/223/223
f 153/153/153 149/149/149 219/219/219
f 223/223/223 289/289/289 293/293/293
f 223/223/223 219/219/219 289/289/289
f 293/293/293 355/355/355 359/359/359
f 293/293/293 289/289/289 355/355/355
f 359/359/359 421/421/421 425/425/425
f 359/359/359 355/355/355 421/421/421
f 425/425/425 499/499/499 506/506/506
f 425/425/425 421/421/421 499/499/499
f 506/506/506 560/560/560 564/564/564
f 506/506/506 499/499/499 560/560/560
f 564/564/564 626/626/626 630/630/630
f 564/564/564 560/560/560 626/626/626
f 630/630/630 692/692/692 696/696/696
f 630/630/630 626/626/626 692/692/692
f 696/696/696 762/762/762 766/766/766
f 696/696/696 692/692/692 762/762/762
f 766/766/766 834/834/834 838/838/838
f 766/766/766 762/762/762 834/834/834
f 838/838/838 911/911/911 915/915/915
f 838/838/838 834/834/834 911/911/911
f 915/915/915 941/941/941 945/945/945
f 915/915/915 911/911/911 941/941/941
f 945/945/945 964/964/964 967/967/967
f 945/945/945 941/941/941 964/964/964
f 951/951/951 973/973/973 926/926/926
f 951/951/951 992/992/992 973/973/973
f 926/926/926 933/933/933 889/889/889
f 926/926/926 973/973/973 933/933/933
f 889/889/889 868/868/868 827/827/827
f 889/889/889 933/933/933 868/868/868
f 827/827/827 784/784/784 747/747/747
f 827/827/827 868/868/868 784/784/784
f 747/747/747 700/700/700 685/685/685
f 747/747/747 784/784/784 700/700/700
f 685/685/685 634/634/634 619/619/619
f 685/685/685 700/700/700 634/634/634
f 619/619/619 568/568/568 553/553/553
f 619/619/619 634/634/634 568/568/568
f 553/553/553 489/489/489 492/492/492
f 553/553/553 568/568/568 489/489/489
f 492/492/492 413/413/413 428/428/428
f 492/492/492 489/489/489 413/413/413
f 428/428/428 347/347/347 362/362/362
f 428/428/428 413/413/413 347/347/347
f 362/362/362 281/281/281 296/296/296
f 362/362/362 347/347/347 281/281/281
f 296/296/296 195/195/195 234/234/234
f 296/296/296 281/281/281 195/195/195
f 234/234/234 118/118/118 156/156/156
f 234/234/234 195/195/195 118/118/118
f 156/156/156 56/56/56 97/97/97
f 156/156/156 118/118/118 56/56/56
f 97/97/97 20/20/20 63/63/63
f 97/97/97 56/56/56 20/20/20
f 63/63/63 8/8/8 43/43/43
f 63/63/63 20/20/20 8/8/8
f 43/43/43 24/24/24 67/67/67
f 43/43/43 8/8/8 24/24/24
f 67/67/67 60/60/60 101/101/101
f 67/67/67 24/24/24 60/60/60
f 101/101/101 122/122/122 160/160/160
f 101/101/101 60/60/60 122/122/122
f 160/160/160 203/203/203 238/238/238
f 160/160/160 122/122/122 203/203/203
f 238/238/238 285/285/285 300/300/300
f 238/238/238 203/203/203 285/285/285
f 300/300/300 351/351/351 366/366/366
f 300/300/300 285/285/285 351/351/351
f 366/366/366 417/417/417 432/432/432
f 366/366/366 351/351/351 417/417/417
f 432/432/432 524/524/524 521/521/521
f 432/432/432 417/417/417 524/524/524
f 521/521/521 572/572/572 557/557/557
f 521/521/521 524/524/524 572/572/572
f 557/557/557 638/638/638 623/623/623
f 557/557/557 572/572/572 638/638/638
f 623/623/623 704/704/704 689/689/689
f 623/623/623 638/638/638 704/704/704
f 689/689/689 792/792/792 751/751/751
f 689/689/689 704/704/704 792/792/792
f 751/751/751 872/872/872 831/831/831
f 751/751/751 792/792/792 872/872/872
f 831/831/831 937/937/937 893/893/893
f 831/831/831 872/872/872 937/937/937
f 893/893/893 977/977/977 930/930/930
f 893/893/893 937/937/937 977/977/977
f 930/930/930 992/992/992 951/951/951
f 930/930/930 977/977/977 992/992/992
f 993/993/993 976/976/976 974/974/974
f 993/993/993 996/996/996 976/976/976
f 974/974/974 936/936/936 934/934/934
f 974/974/974 976/976/976 936/936/936
f 934/934/934 871/871/871 869/869/869
f 934/934/934 936/936/936 871/871/871
f 869/869/869 787/787/787 785/785/785
f 869/869/869 871/871/871 787/787/787
f 785/785/785 703/703/703 701/701/701
f 785/785/785 787/787/787 703/703/703
f 701/701/701 637/637/637 635/635/635
f 701/701/701 703/703/703 637/637/637
f 635/635/635 571/571/571 569/569/569
f 635/635/635 637/637/637 571/571/571
f 569/569/569 490/490/490 488/488/488
f 569/569/569 571/571/571 490/490/490
f 488/488/488 414/414/414 412/412/412
f 488/488/488 490/490/490 414/414/414
f 412/412/412 348/348/348 346/346/346
f 412/412/412 414/414/414 348/348/348
f 346/346/346 282/282/282 280/280/280
f 346/346/346 348/348/348 282/282/282
f 280/280/280 196/196/196 194/194/194
f 280/280/280 282/282/282 196/196/196
f 194/194/194 119/119/119 117/117/117
f 194/194/194 196/196/196 119/119/119
f 117/117/117 57/57/57 55/55/55
f 117/117/117 119/119/119 57/57/57
f 55/55/55 21/21/21 19/19/19
f 55/55/55 57/57/57 21/21/21
f 19/19/19 9/9/9 7/7/7
f 19/19/19 21/21/21 9/9/9
f 7/7/7 25/25/25 23/23/23
f 7/7/7 9/9/9 25/25/25
f 23/23/23 61/61/61 59/59/59
f 23/23/23 25/25/25 61/61/61
f 59/59/59 123/123/123 121/121/121
f 59/59/59 61/61/61 123/123/123
f 121/121/121 204/204/204 202/202/202
f 121/121/121 123/123/123 204/204/204
f 202/202/202 286/286/286 284/284/284
f 202/202/202 204/204/204 286/286/286
f 284/284/284 352/352/352 350/350/350
f 284/284/284 286/286/286 352/352/352
f 350/350/350 418/418/418 416/416/416
f 350/350/350 352/352/352 418/418/418
f 416/416/416 527/527/527 525/525/525
f 416/416/416 418/418/418 527/527/527
f 525/525/525 575/575/575 573/573/573
f 525/525/525 527/527/527 575/575/575
f 573/573/573 641/641/641 639/639/639
f 573/573/573 575/575/575 641/641/641
f 639/639/639 707/707/707 705/705/705
f 639/639/639 641/641/641 707/707/707
f 705/705/705 795/795/795 793/793/793
f 705/705/705 707/707/707 795/795/795
f 793/793/793 875/875/875 873/873/873
f 793/793/793 795/795/795 875/875/875
f 873/873/873 940/940/940 938/938/938
f 873/873/873 875/875/875 940/940/940
f 938/938/938 980/980/980 978/978/978
f 938/938/938 940/940/940 980/980/980
f 978/978/978 997/997/997 994/994/994
f 978/978/978 980/980/980 997/997/997
f 995/995/995 928/928/928 975/975/975
f 995/995/995 954/954/954 928/928/928
f 975/975/975 891/891/891 935/935/935
f 975/975/975 928/928/928 891/891/891
f 935/935/935 829/829/829 870/870/870
f 935/935/935 891/891/891 829/829/829
f 870/870/870 749/749/749 786/786/786
f 870/870/870 829/829/829 749/749/749
f 786/786/786 687/687/687 702/702/702
f 786/786/786 749/749/749 687/687/687
f 702/702/702 621/621/621 636/636/636
f 702/702/702 687/687/687 621/621/621
f 636/636/636 555/555/555 570/570/570
f 636/636/636 621/621/621 555/555/555
f 570/570/570 494/494/494 491/491/491
f 570/570/570 555/555/555 494/494/494
f 491/491/491 430/430/430 415/415/415
f 491/491/491 494/494/494 430/430/430
f 415/415/415 364/364/364 349/349/349
f 415/415/415 430/430/430 364/364/364
f 349/349/349 298/298/298 283/283/283
f 349/349/349 364/364/364 298/298/298
f 283/283/283 236/236/236 197/197/197
f 283/283/283 298/298/298 236/236/236
f 197/197/197 158/158/158 120/120/120
f 197/197/197 236/236/236 158/158/158
f 120/120/120 99/99/99 58/58/58
f 120/120/120 158/158/158 99/99/99
f 58/58/58 65/65/65 22/22/22
f 58/58/58 99/99/99 65/65/65
f 22/22/22 45/45/45 10/10/10
f 22/22/22 65/65/65 45/45/45
f 10/10/10 69/69/69 26/26/26
f 10/10/10 45/45/45 69/69/69
f 26/26/26 103/103/103 62/62/62
f 26/26/26 69/69/69 103/103/103
f 62/62/62 162/162/162 124/124/124
f 62/62/62 103/103/103 162/162/162
f 124/124/124 240/240/240 205/205/205
f 124/124/124 162/162/162 240/240/240
f 205/205/205 302/302/302 287/287/287
f 205/205/205 240/240/240 302/302/302
f 287/287/287 368/368/368 353/353/353
f 287/287/287 302/302/302 368/368/368
f 353/353/353 434/434/434 419/419/419
f 353/353/353 368/368/368 434/434/434
f 419/419/419 523/523/523 526/526/526
f 419/419/419 434/434/434 523/523/523
f 526/526/526 559/559/559 574/574/574
f 526/526/526 523/523/523 559/559/559
f 574/574/574 625/625/625 640/640/640
f 574/574/574 559/559/559 625/625/625
f 640/640/640 691/691/691 706/706/706
f 640/640/640 625/625/625 691/691/691
f 706/706/706 753/753/753 794/794/794
f 706/706/706 691/691/691 753/753/753
f 794/794/794 833/833/833 874/874/874
f 794/794/794 753/753/753 833/833/833
f 874/874/874 895/895/895 939/939/939
f 874/874/874 833/833/833 895/895/895
f 939/939/939 932/932/932 979/979/979
f 939/939/939 895/895/895 932/932/932
f 979/979/979 954/954/954 995/995/995
f 979/979/979 932/932/932 954/954/954
f 952/952/952 925/925/925 927/927/927
f 952/952/952 949/949/949 925/925/925
f 927/927/927 888/888/888 890/890/890
f 927/927/927 925/925/925 888/888/888
f 890/890/890 826/826/826 828/828/828
f 890/890/890 888/888/888 826/826/826
f 828/828/828 746/746/746 748/748/748
f 828/828/828 826/826/826 746/746/746
f 748/748/748 684/684/684 686/686/686
f 748/748/748 746/746/746 684/684/684
f 686/686/686 618/618/618 620/620/620
f 686/686/686 684/684/684 618/618/618
f 620/620/620 552/552/552 554/554/554
f 620/620/620 618/618/618 552/552/552
f 554/554/554 493/493/493 495/495/495
f 554/554/554 552/552/552 493/493/493
f 495/495/495 429/429/429 431/431/431
f 495/495/495 493/493/493 429/429/429
f 431/431/431 363/363/363 365/365/365
f 431/431/431 429/429/429 363/363/363
f 365/365/365 297/297/297 299/299/299
f 365/365/365 363/363/363 297/297/297
f 299/299/299 235/235/235 237/237/237
f 299/299/299 297/297/297 235/235/235
f 237/237/237 157/157/157 159/159/159
f 237/237/237 235/235/235 157/157/157
f 159/159/159 98/98/98 100/100/100
f 159/159/159 157/157/157 98/98/98
f 100/100/100 64/64/64 66/66/66
f 100/100/100 98/98/98 64/64/64
f 66/66/66 44/44/44 46/46/46
f 66/66/66 64/64/64 44/44/44
f 46/46/46 68/68/68 70/70/70
f 46/46/46 44/44/44 68/68/68
f 70/70/70 102/102/102 104/104/104
f 70/70/70 68/68/68 102/102/102
f 104/104/104 161/161/161 163/163/163
f 104/104/104 102/102/102 161/161/161
f 163/163/163 239/239/239 241/241/241
f 163/163/163 161/161/161 239/239/239
f 241/241/241 301/301/301 303/303/303
f 241/241/241 239/239/239 301/301/301
f 303/303/303 367/367/367 369/369/369
f 303/303/303 301/301/301 367/367/367
f 369/369/369 433/433/433 435/435/435
f 369/369/369 367/367/367 433/433/433
f 435/435/435 520/520/520 522/522/522
f 435/435/435 433/433/433 520/520/520
f 522/522/522 556/556/556 558/558/558
f 522/522/522 520/520/520 556/556/556
f 558/558/558 622/622/622 624/624/624
f 558/558/558 556/556/556 622/622/622
f 624/624/624 688/688/688 690/690/690
f 624/624/624 622/622/622 688/688/688
f 690/690/690 750/750/750 752/752/752
f 690/690/690 688/688/688 750/750/750
f 752/752/752 830/830/830 832/832/832
f 752/752/752 750/750/750 830/830/830
f 832/832/832 892/892/892 894/894/894
f 832/832/832 830/830/830 892/892/892
f 894/894/894 929/929/929 931/931/931
f 894/894/894 892/892/892 929/929/929
f 931/931/931 950/950/950 953/953/953
f 931/931/931 929/929/929 950/950/950
o 26_Cubo_Wood
usemtl Wood
s 1
f 462/462/462 779/779/779 757/757/757
f 462/462/462 757/757/757 729/729/729
f 462/462/462 729/729/729 667/667/667
f 462/462/462 667/667/667 613/613/613
f 462/462/462 613/613/613 547/547/547
f 462/462/462 547/547/547 464/464/464
f 462/462/462 464/464/464 439/439/439
f 462/462/462 439/439/439 372/372/372
f 462/462/462 372/372/372 318/318/318
f 462/462/462 318/318/318 256/256/256
f 462/462/462 256/256/256 228/228/228
f 462/462/462 228/228/228 206/206/206
f 462/462/462 206/206/206 226/226/226
f 462/462/462 226/226/226 254/254/254
f 462/462/462 254/254/254 316/316/316
f 462/462/462 316/316/316 370/370/370
f 462/462/462 370/370/370 436/436/436
f 462/462/462 436/436/436 460/460/460
f 462/462/462 460/460/460 544/544/544
f 462/462/462 544/544/544 610/610/610
f 462/462/462 610/610/610 664/664/664
f 462/462/462 664/664/664 726/726/726
f 462/462/462 726/726/726 754/754/754
f 462/462/462 754/754/754 779/779/779
f 778/778/778 851/851/851 756/756/756
f 778/778/778 866/866/866 851/851/851
f 756/756/756 805/805/805 728/728/728
f 756/756/756 851/851/851 805/805/805
f 728/728/728 725/725/725 666/666/666
f 728/728/728 805/805/805 725/725/725
f 666/666/666 651/651/651 612/612/612
f 666/666/666 725/725/725 651/651/651
f 612/612/612 585/585/585 546/546/546
f 612/612/612 651/651/651 585/585/585
f 546/546/546 466/466/466 463/463/463
f 546/546/546 585/585/585 466/466/466
f 463/463/463 403/403/403 438/438/438
f 463/463/463 466/466/466 403/403/403
f 438/438/438 337/337/337 373/373/373
f 438/438/438 403/403/403 337/337/337
f 373/373/373 263/263/263 319/319/319
f 373/373/373 337/337/337 263/263/263
f 319/319/319 185/185/185 257/257/257
f 319/319/319 263/263/263 185/185/185
f 257/257/257 139/139/139 229/229/229
f 257/257/257 185/185/185 139/139/139
f 229/229/229 125/125/125 207/207/207
f 229/229/229 139/139/139 125/125/125
f 207/207/207 138/138/138 227/227/227
f 207/207/207 125/125/125 138/138/138
f 227/227/227 184/184/184 255/255/255
f 227/227/227 138/138/138 184/184/184
f 255/255/255 262/262/262 317/317/317
f 255/255/255 184/184/184 262/262/262
f 317/317/317 336/336/336 371/371/371
f 317/317/317 262/262/262 336/336/336
f 371/371/371 402/402/402 437/437/437
f 371/371/371 336/336/336 402/402/402
f 437/437/437 465/465/465 461/461/461
f 437/437/437 402/402/402 465/465/465
f 461/461/461 584/584/584 545/545/545
f 461/461/461 465/465/465 584/584/584
f 545/545/545 650/650/650 611/611/611
f 545/545/545 584/584/584 650/650/650
f 611/611/611 724/724/724 665/665/665
f 611/611/611 650/650/650 724/724/724
f 665/665/665 804/804/804 727/727/727
f 665/665/665 724/724/724 804/804/804
f 727/727/727 850/850/850 755/755/755
f 727/727/727 804/804/804 850/850/850
f 755/755/755 867/867/867 780/780/780
f 755/755/755 850/850/850 867/867/867
f 866/866/866 972/972/972 851/851/851
f 866/866/866 990/990/990 972/972/972
f 851/851/851 910/910/910 805/805/805
f 851/851/851 972/972/972 910/910/910
f 805/805/805 791/791/791 725/725/725
f 805/805/805 910/910/910 791/791/791
f 725/725/725 683/683/683 651/651/651
f 725/725/725 791/791/791 683/683/683
f 651/651/651 593/593/593 585/585/585
f 651/651/651 683/683/683 593/593/593
f 585/585/585 518/518/518 466/466/466
f 585/585/585 593/593/593 518/518/518
f 466/466/466 396/396/396 403/403/403
f 466/466/466 518/518/518 396/396/396
f 403/403/403 306/306/306 337/337/337
f 403/403/403 396/396/396 306/306/306
f 337/337/337 200/200/200 263/263/263
f 337/337/337 306/306/306 200/200/200
f 263/263/263 85/85/85 185/185/185
f 263/263/263 200/200/200 85/85/85
f 185/185/185 29/29/29 139/139/139
f 185/185/185 85/85/85 29/29/29
f 139/139/139 5/5/5 125/125/125
f 139/139/139 29/29/29 5/5/5
f 125/125/125 27/27/27 138/138/138
f 125/125/125 5/5/5 27/27/27
f 138/138/138 83/83/83 184/184/184
f 138/138/138 27/27/27 83/83/83
f 184/184/184 198/198/198 262/262/262
f 184/184/184 83/83/83 198/198/198
f 262/262/262 304/304/304 336/336/336
f 262/262/262 198/198/198 304/304/304
f 336/336/336 394/394/394 402/402/402
f 336/336/336 304/304/304 394/394/394
f 402/402/402 512/512/512 465/465/465
f 402/402/402 394/394/394 512/512/512
f 465/465/465 591/591/591 584/584/584
f 465/465/465 512/512/512 591/591/591
f 584/584/584 681/681/681 650/650/650
f 584/584/584 591/591/591 681/681/681
f 650/650/650 789/789/789 724/724/724
f 650/650/650 681/681/681 789/789/789
f 724/724/724 908/908/908 804/804/804
f 724/724/724 789/789/789 908/908/908
f 804/804/804 970/970/970 850/850/850
f 804/804/804 908/908/908 970/970/970
f 850/850/850 991/991/991 867/867/867
f 850/850/850 970/970/970 991/991/991
f 989/989/989 879/879/879 971/971/971
f 989/989/989 898/898/898 879/879/879
f 971/971/971 817/817/817 909/909/909
f 971/971/971 879/879/879 817/817/817
f 909/909/909 737/737/737 790/790/790
f 909/909/909 817/817/817 737/737/737
f 790/790/790 655/655/655 682/682/682
f 790/790/790 737/737/737 655/655/655
f 682/682/682 589/589/589 592/592/592
f 682/682/682 655/655/655 589/589/589
f 592/592/592 517/517/517 519/519/519
f 592/592/592 589/589/589 517/517/517
f 519/519/519 400/400/400 397/397/397
f 519/519/519 517/517/517 400/400/400
f 397/397/397 334/334/334 307/307/307
f 397/397/397 400/400/400 334/334/334
f 307/307/307 252/252/252 201/201/201
f 307/307/307 334/334/334 252/252/252
f 201/201/201 174/174/174 86/86/86
f 201/201/201 252/252/252 174/174/174
f 86/86/86 115/115/115 30/30/30
f 86/86/86 174/174/174 115/115/115
f 30/30/30 95/95/95 6/6/6
f 30/30/30 115/115/115 95/95/95
f 6/6/6 113/113/113 28/28/28
f 6/6/6 95/95/95 113/113/113
f 28/28/28 172/172/172 84/84/84
f 28/28/28 113/113/113 172/172/172
f 84/84/84 250/250/250 199/199/199
f 84/84/84 172/172/172 250/250/250
f 199/199/199 332/332/332 305/305/305
f 199/199/199 250/250/250 332/332/332
f 305/305/305 398/398/398 395/395/395
f 305/305/305 332/332/332 398/398/398
f 395/395/395 515/515/515 513/513/513
f 395/395/395 398/398/398 515/515/515
f 513/513/513 587/587/587 590/590/590
f 513/513/513 515/515/515 587/587/587
f 590/590/590 653/653/653 680/680/680
f 590/590/590 587/587/587 653/653/653
f 680/680/680 735/735/735 788/788/788
f 680/680/680 653/653/653 735/735/735
f 788/788/788 815/815/815 907/907/907
f 788/788/788 735/735/735 815/815/815
f 907/907/907 877/877/877 969/969/969
f 907/907/907 815/815/815 877/877/877
f 969/969/969 898/898/898 989/989/989
f 969/969/969 877/877/877 898/898/898
f 896/896/896 760/760/760 878/878/878
f 896/896/896 781/781/781 760/760/760
f 878/878/878 732/732/732 816/816/816
f 878/878/878 760/760/760 732/732/732
f 816/816/816 670/670/670 736/736/736
f 816/816/816 732/732/732 670/670/670
f 736/736/736 616/616/616 654/654/654
f 736/736/736 670/670/670 616/616/616
f 654/654/654 550/550/550 588/588/588
f 654/654/654 616/616/616 550/550/550
f 588/588/588 470/470/470 516/516/516
f 588/588/588 550/550/550 470/470/470
f 516/516/516 443/443/443 401/401/401
f 516/516/516 470/470/470 443/443/443
f 401/401/401 377/377/377 335/335/335
f 401/401/401 443/443/443 377/377/377
f 335/335/335 323/323/323 253/253/253
f 335/335/335 377/377/377 323/323/323
f 253/253/253 261/261/261 175/175/175
f 253/253/253 323/323/323 261/261/261
f 175/175/175 233/233/233 116/116/116
f 175/175/175 261/261/261 233/233/233
f 116/116/116 209/209/209 96/96/96
f 116/116/116 233/233/233 209/209/209
f 96/96/96 231/231/231 114/114/114
f 96/96/96 209/209/209 231/231/231
f 114/114/114 259/259/259 173/173/173
f 114/114/114 231/231/231 259/259/259
f 173/173/173 321/321/321 251/251/251
f 173/173/173 259/259/259 321/321/321
f 251/251/251 375/375/375 333/333/333
f 251/251/251 321/321/321 375/375/375
f 333/333/333 441/441/441 399/399/399
f 333/333/333 375/375/375 441/441/441
f 399/399/399 467/467/467 514/514/514
f 399/399/399 441/441/441 467/467/467
f 514/514/514 548/548/548 586/586/586
f 514/514/514 467/467/467 548/548/548
f 586/586/586 614/614/614 652/652/652
f 586/586/586 548/548/548 614/614/614
f 652/652/652 668/668/668 734/734/734
f 652/652/652 614/614/614 668/668/668
f 734/734/734 730/730/730 814/814/814
f 734/734/734 668/668/668 730/730/730
f 814/814/814 758/758/758 876/876/876
f 814/814/814 730/730/730 758/758/758
f 876/876/876 782/782/782 897/897/897
f 876/876/876 758/758/758 782/782/782
f 783/783/783 469/469/469 761/761/761
f 761/761/761 469/469/469 733/733/733
f 733/733/733 469/469/469 671/671/671
f 671/671/671 469/469/469 617/617/617
f 617/617/617 469/469/469 551/551/551
f 551/551/551 469/469/469 471/471/471
f 471/471/471 469/469/469 442/442/442
f 442/442/442 469/469/469 376/376/376
f 376/376/376 469/469/469 322/322/322
f 322/322/322 469/469/469 260/260/260
f 260/260/260 469/469/469 232/232/232
f 232/232/232 469/469/469 208/208/208
f 208/208/208 469/469/469 230/230/230
f 230/230/230 469/469/469 258/258/258
f 258/258/258 469/469/469 320/320/320
f 320/320/320 469/469/469 374/374/374
f 374/374/374 469/469/469 440/440/440
f 440/440/440 469/469/469 468/468/468
f 468/468/468 469/469/469 549/549/549
f 549/549/549 469/469/469 615/615/615
f 615/615/615 469/469/469 669/669/669
f 669/669/669 469/469/469 731/731/731
f 731/731/731 469/469/469 759/759/759
f 759/759/759 469/469/469 783/783/783
