# metres; Y up; ground-centred pivot
mtllib 28_Escalera.mtl
v -0.3075000 0.0157500 -0.0267500
v -0.3075000 0.0157500 -0.0267500
v -0.3075000 0.0157500 0.0267500
v -0.3075000 0.0157500 0.0267500
v -0.3075000 2.2042500 -0.0267500
v -0.3075000 2.2042500 -0.0267500
v -0.3075000 2.2042500 0.0267500
v -0.3075000 2.2042500 0.0267500
v -0.2917500 0.0000000 -0.0267500
v -0.2917500 0.0000000 0.0267500
v -0.2917500 0.0157500 -0.0425000
v -0.2917500 0.0157500 -0.0425000
v -0.2917500 0.0157500 -0.0425000
v -0.2917500 0.0157500 0.0425000
v -0.2917500 0.0157500 0.0425000
v -0.2917500 0.0157500 0.0425000
v -0.2917500 2.2042500 -0.0425000
v -0.2917500 2.2042500 -0.0425000
v -0.2917500 2.2042500 -0.0425000
v -0.2917500 2.2042500 0.0425000
v -0.2917500 2.2042500 0.0425000
v -0.2917500 2.2042500 0.0425000
v -0.2917500 2.2200000 -0.0267500
v -0.2917500 2.2200000 0.0267500
v -0.2800000 0.1442400 0.0000000
v -0.2800000 0.1442400 0.0000000
v -0.2800000 0.1455008 -0.0079603
v -0.2800000 0.1455008 -0.0079603
v -0.2800000 0.1455008 0.0079603
v -0.2800000 0.1455008 0.0079603
v -0.2800000 0.1491597 -0.0151413
v -0.2800000 0.1491597 -0.0151413
v -0.2800000 0.1491597 0.0151413
v -0.2800000 0.1491597 0.0151413
v -0.2800000 0.1548587 -0.0208403
v -0.2800000 0.1548587 -0.0208403
v -0.2800000 0.1548587 0.0208403
v -0.2800000 0.1548587 0.0208403
v -0.2800000 0.1620397 -0.0244992
v -0.2800000 0.1620397 -0.0244992
v -0.2800000 0.1620397 0.0244992
v -0.2800000 0.1620397 0.0244992
v -0.2800000 0.1700000 -0.0257600
v -0.2800000 0.1700000 -0.0257600
v -0.2800000 0.1700000 0.0000000
v -0.2800000 0.1700000 0.0257600
v -0.2800000 0.1700000 0.0257600
v -0.2800000 0.1779603 -0.0244992
v -0.2800000 0.1779603 -0.0244992
v -0.2800000 0.1779603 0.0244992
v -0.2800000 0.1779603 0.0244992
v -0.2800000 0.1851413 -0.0208403
v -0.2800000 0.1851413 -0.0208403
v -0.2800000 0.1851413 0.0208403
v -0.2800000 0.1851413 0.0208403
v -0.2800000 0.1908403 -0.0151413
v -0.2800000 0.1908403 -0.0151413
v -0.2800000 0.1908403 0.0151413
v -0.2800000 0.1908403 0.0151413
v -0.2800000 0.1944992 -0.0079603
v -0.2800000 0.1944992 -0.0079603
v -0.2800000 0.1944992 0.0079603
v -0.2800000 0.1944992 0.0079603
v -0.2800000 0.1957600 0.0000000
v -0.2800000 0.1957600 0.0000000
v -0.2800000 0.1957600 -0.0000000
v -0.2800000 0.4099543 0.0000000
v -0.2800000 0.4099543 0.0000000
v -0.2800000 0.4112151 -0.0079603
v -0.2800000 0.4112151 -0.0079603
v -0.2800000 0.4112151 0.0079603
v -0.2800000 0.4112151 0.0079603
v -0.2800000 0.4148740 -0.0151413
v -0.2800000 0.4148740 -0.0151413
v -0.2800000 0.4148740 0.0151413
v -0.2800000 0.4148740 0.0151413
v -0.2800000 0.4205729 -0.0208403
v -0.2800000 0.4205729 -0.0208403
v -0.2800000 0.4205729 0.0208403
v -0.2800000 0.4205729 0.0208403
v -0.2800000 0.4277540 -0.0244992
v -0.2800000 0.4277540 -0.0244992
v -0.2800000 0.4277540 0.0244992
v -0.2800000 0.4277540 0.0244992
v -0.2800000 0.4357143 -0.0257600
v -0.2800000 0.4357143 -0.0257600
v -0.2800000 0.4357143 0.0000000
v -0.2800000 0.4357143 0.0257600
v -0.2800000 0.4357143 0.0257600
v -0.2800000 0.4436746 -0.0244992
v -0.2800000 0.4436746 -0.0244992
v -0.2800000 0.4436746 0.0244992
v -0.2800000 0.4436746 0.0244992
v -0.2800000 0.4508556 -0.0208403
v -0.2800000 0.4508556 -0.0208403
v -0.2800000 0.4508556 0.0208403
v -0.2800000 0.4508556 0.0208403
v -0.2800000 0.4565546 -0.0151413
v -0.2800000 0.4565546 -0.0151413
v -0.2800000 0.4565546 0.0151413
v -0.2800000 0.4565546 0.0151413
v -0.2800000 0.4602135 -0.0079603
v -0.2800000 0.4602135 -0.0079603
v -0.2800000 0.4602135 0.0079603
v -0.2800000 0.4602135 0.0079603
v -0.2800000 0.4614743 -0.0000000
v -0.2800000 0.4614743 0.0000000
v -0.2800000 0.4614743 -0.0000000
v -0.2800000 0.6756686 0.0000000
v -0.2800000 0.6756686 0.0000000
v -0.2800000 0.6769294 -0.0079603
v -0.2800000 0.6769294 -0.0079603
v -0.2800000 0.6769294 0.0079603
v -0.2800000 0.6769294 0.0079603
v -0.2800000 0.6805883 -0.0151413
v -0.2800000 0.6805883 -0.0151413
v -0.2800000 0.6805883 0.0151413
v -0.2800000 0.6805883 0.0151413
v -0.2800000 0.6862872 -0.0208403
v -0.2800000 0.6862872 -0.0208403
v -0.2800000 0.6862872 0.0208403
v -0.2800000 0.6862872 0.0208403
v -0.2800000 0.6934683 -0.0244992
v -0.2800000 0.6934683 -0.0244992
v -0.2800000 0.6934683 0.0244992
v -0.2800000 0.6934683 0.0244992
v -0.2800000 0.7014286 -0.0257600
v -0.2800000 0.7014286 -0.0257600
v -0.2800000 0.7014286 0.0000000
v -0.2800000 0.7014286 0.0257600
v -0.2800000 0.7014286 0.0257600
v -0.2800000 0.7093888 -0.0244992
v -0.2800000 0.7093888 -0.0244992
v -0.2800000 0.7093888 0.0244992
v -0.2800000 0.7093888 0.0244992
v -0.2800000 0.7165699 -0.0208403
v -0.2800000 0.7165699 -0.0208403
v -0.2800000 0.7165699 0.0208403
v -0.2800000 0.7165699 0.0208403
v -0.2800000 0.7222688 -0.0151413
v -0.2800000 0.7222688 -0.0151413
v -0.2800000 0.7222688 0.0151413
v -0.2800000 0.7222688 0.0151413
v -0.2800000 0.7259278 -0.0079603
v -0.2800000 0.7259278 -0.0079603
v -0.2800000 0.7259278 0.0079603
v -0.2800000 0.7259278 0.0079603
v -0.2800000 0.7271886 0.0000000
v -0.2800000 0.7271886 0.0000000
v -0.2800000 0.7271886 -0.0000000
v -0.2800000 0.9413829 0.0000000
v -0.2800000 0.9413829 0.0000000
v -0.2800000 0.9426436 -0.0079603
v -0.2800000 0.9426436 -0.0079603
v -0.2800000 0.9426436 0.0079603
v -0.2800000 0.9426436 0.0079603
v -0.2800000 0.9463026 -0.0151413
v -0.2800000 0.9463026 -0.0151413
v -0.2800000 0.9463026 0.0151413
v -0.2800000 0.9463026 0.0151413
v -0.2800000 0.9520015 -0.0208403
v -0.2800000 0.9520015 -0.0208403
v -0.2800000 0.9520015 0.0208403
v -0.2800000 0.9520015 0.0208403
v -0.2800000 0.9591826 -0.0244992
v -0.2800000 0.9591826 -0.0244992
v -0.2800000 0.9591826 0.0244992
v -0.2800000 0.9591826 0.0244992
v -0.2800000 0.9671429 -0.0257600
v -0.2800000 0.9671429 -0.0257600
v -0.2800000 0.9671429 0.0000000
v -0.2800000 0.9671429 0.0257600
v -0.2800000 0.9671429 0.0257600
v -0.2800000 0.9751031 -0.0244992
v -0.2800000 0.9751031 -0.0244992
v -0.2800000 0.9751031 0.0244992
v -0.2800000 0.9751031 0.0244992
v -0.2800000 0.9822842 -0.0208403
v -0.2800000 0.9822842 -0.0208403
v -0.2800000 0.9822842 0.0208403
v -0.2800000 0.9822842 0.0208403
v -0.2800000 0.9879831 -0.0151413
v -0.2800000 0.9879831 -0.0151413
v -0.2800000 0.9879831 0.0151413
v -0.2800000 0.9879831 0.0151413
v -0.2800000 0.9916421 -0.0079603
v -0.2800000 0.9916421 -0.0079603
v -0.2800000 0.9916421 0.0079603
v -0.2800000 0.9916421 0.0079603
v -0.2800000 0.9929029 0.0000000
v -0.2800000 0.9929029 0.0000000
v -0.2800000 0.9929029 -0.0000000
v -0.2800000 1.2070971 0.0000000
v -0.2800000 1.2070971 0.0000000
v -0.2800000 1.2083579 -0.0079603
v -0.2800000 1.2083579 -0.0079603
v -0.2800000 1.2083579 0.0079603
v -0.2800000 1.2083579 0.0079603
v -0.2800000 1.2120169 -0.0151413
v -0.2800000 1.2120169 -0.0151413
v -0.2800000 1.2120169 0.0151413
v -0.2800000 1.2120169 0.0151413
v -0.2800000 1.2177158 -0.0208403
v -0.2800000 1.2177158 -0.0208403
v -0.2800000 1.2177158 0.0208403
v -0.2800000 1.2177158 0.0208403
v -0.2800000 1.2248969 -0.0244992
v -0.2800000 1.2248969 -0.0244992
v -0.2800000 1.2248969 0.0244992
v -0.2800000 1.2248969 0.0244992
v -0.2800000 1.2328571 -0.0257600
v -0.2800000 1.2328571 -0.0257600
v -0.2800000 1.2328571 0.0000000
v -0.2800000 1.2328571 0.0257600
v -0.2800000 1.2328571 0.0257600
v -0.2800000 1.2408174 -0.0244992
v -0.2800000 1.2408174 -0.0244992
v -0.2800000 1.2408174 0.0244992
v -0.2800000 1.2408174 0.0244992
v -0.2800000 1.2479985 -0.0208403
v -0.2800000 1.2479985 -0.0208403
v -0.2800000 1.2479985 0.0208403
v -0.2800000 1.2479985 0.0208403
v -0.2800000 1.2536974 -0.0151413
v -0.2800000 1.2536974 -0.0151413
v -0.2800000 1.2536974 0.0151413
v -0.2800000 1.2536974 0.0151413
v -0.2800000 1.2573564 -0.0079603
v -0.2800000 1.2573564 -0.0079603
v -0.2800000 1.2573564 0.0079603
v -0.2800000 1.2573564 0.0079603
v -0.2800000 1.2586171 0.0000000
v -0.2800000 1.2586171 0.0000000
v -0.2800000 1.2586171 -0.0000000
v -0.2800000 1.4728114 0.0000000
v -0.2800000 1.4728114 0.0000000
v -0.2800000 1.4740722 -0.0079603
v -0.2800000 1.4740722 -0.0079603
v -0.2800000 1.4740722 0.0079603
v -0.2800000 1.4740722 0.0079603
v -0.2800000 1.4777312 -0.0151413
v -0.2800000 1.4777312 -0.0151413
v -0.2800000 1.4777312 0.0151413
v -0.2800000 1.4777312 0.0151413
v -0.2800000 1.4834301 -0.0208403
v -0.2800000 1.4834301 -0.0208403
v -0.2800000 1.4834301 0.0208403
v -0.2800000 1.4834301 0.0208403
v -0.2800000 1.4906112 -0.0244992
v -0.2800000 1.4906112 -0.0244992
v -0.2800000 1.4906112 0.0244992
v -0.2800000 1.4906112 0.0244992
v -0.2800000 1.4985714 -0.0257600
v -0.2800000 1.4985714 -0.0257600
v -0.2800000 1.4985714 0.0000000
v -0.2800000 1.4985714 0.0257600
v -0.2800000 1.4985714 0.0257600
v -0.2800000 1.5065317 -0.0244992
v -0.2800000 1.5065317 -0.0244992
v -0.2800000 1.5065317 0.0244992
v -0.2800000 1.5065317 0.0244992
v -0.2800000 1.5137128 -0.0208403
v -0.2800000 1.5137128 -0.0208403
v -0.2800000 1.5137128 0.0208403
v -0.2800000 1.5137128 0.0208403
v -0.2800000 1.5194117 -0.0151413
v -0.2800000 1.5194117 -0.0151413
v -0.2800000 1.5194117 0.0151413
v -0.2800000 1.5194117 0.0151413
v -0.2800000 1.5230706 -0.0079603
v -0.2800000 1.5230706 -0.0079603
v -0.2800000 1.5230706 0.0079603
v -0.2800000 1.5230706 0.0079603
v -0.2800000 1.5243314 0.0000000
v -0.2800000 1.5243314 0.0000000
v -0.2800000 1.5243314 -0.0000000
v -0.2800000 1.7385257 0.0000000
v -0.2800000 1.7385257 0.0000000
v -0.2800000 1.7397865 -0.0079603
v -0.2800000 1.7397865 -0.0079603
v -0.2800000 1.7397865 0.0079603
v -0.2800000 1.7397865 0.0079603
v -0.2800000 1.7434454 -0.0151413
v -0.2800000 1.7434454 -0.0151413
v -0.2800000 1.7434454 0.0151413
v -0.2800000 1.7434454 0.0151413
v -0.2800000 1.7491444 -0.0208403
v -0.2800000 1.7491444 -0.0208403
v -0.2800000 1.7491444 0.0208403
v -0.2800000 1.7491444 0.0208403
v -0.2800000 1.7563254 -0.0244992
v -0.2800000 1.7563254 -0.0244992
v -0.2800000 1.7563254 0.0244992
v -0.2800000 1.7563254 0.0244992
v -0.2800000 1.7642857 -0.0257600
v -0.2800000 1.7642857 -0.0257600
v -0.2800000 1.7642857 0.0000000
v -0.2800000 1.7642857 0.0257600
v -0.2800000 1.7642857 0.0257600
v -0.2800000 1.7722460 -0.0244992
v -0.2800000 1.7722460 -0.0244992
v -0.2800000 1.7722460 0.0244992
v -0.2800000 1.7722460 0.0244992
v -0.2800000 1.7794271 -0.0208403
v -0.2800000 1.7794271 -0.0208403
v -0.2800000 1.7794271 0.0208403
v -0.2800000 1.7794271 0.0208403
v -0.2800000 1.7851260 -0.0151413
v -0.2800000 1.7851260 -0.0151413
v -0.2800000 1.7851260 0.0151413
v -0.2800000 1.7851260 0.0151413
v -0.2800000 1.7887849 -0.0079603
v -0.2800000 1.7887849 -0.0079603
v -0.2800000 1.7887849 0.0079603
v -0.2800000 1.7887849 0.0079603
v -0.2800000 1.7900457 -0.0000000
v -0.2800000 1.7900457 0.0000000
v -0.2800000 1.7900457 -0.0000000
v -0.2800000 2.0042400 0.0000000
v -0.2800000 2.0042400 0.0000000
v -0.2800000 2.0055008 -0.0079603
v -0.2800000 2.0055008 -0.0079603
v -0.2800000 2.0055008 0.0079603
v -0.2800000 2.0055008 0.0079603
v -0.2800000 2.0091597 -0.0151413
v -0.2800000 2.0091597 -0.0151413
v -0.2800000 2.0091597 0.0151413
v -0.2800000 2.0091597 0.0151413
v -0.2800000 2.0148587 -0.0208403
v -0.2800000 2.0148587 -0.0208403
v -0.2800000 2.0148587 0.0208403
v -0.2800000 2.0148587 0.0208403
v -0.2800000 2.0220397 -0.0244992
v -0.2800000 2.0220397 -0.0244992
v -0.2800000 2.0220397 0.0244992
v -0.2800000 2.0220397 0.0244992
v -0.2800000 2.0300000 -0.0257600
v -0.2800000 2.0300000 -0.0257600
v -0.2800000 2.0300000 0.0000000
v -0.2800000 2.0300000 0.0257600
v -0.2800000 2.0300000 0.0257600
v -0.2800000 2.0379603 -0.0244992
v -0.2800000 2.0379603 -0.0244992
v -0.2800000 2.0379603 0.0244992
v -0.2800000 2.0379603 0.0244992
v -0.2800000 2.0451413 -0.0208403
v -0.2800000 2.0451413 -0.0208403
v -0.2800000 2.0451413 0.0208403
v -0.2800000 2.0451413 0.0208403
v -0.2800000 2.0508403 -0.0151413
v -0.2800000 2.0508403 -0.0151413
v -0.2800000 2.0508403 0.0151413
v -0.2800000 2.0508403 0.0151413
v -0.2800000 2.0544992 -0.0079603
v -0.2800000 2.0544992 -0.0079603
v -0.2800000 2.0544992 0.0079603
v -0.2800000 2.0544992 0.0079603
v -0.2800000 2.0557600 -0.0000000
v -0.2800000 2.0557600 0.0000000
v -0.2800000 2.0557600 -0.0000000
v -0.2650000 0.1420000 0.0000000
v -0.2650000 0.1433704 -0.0086525
v -0.2650000 0.1433704 0.0086525
v -0.2650000 0.1473475 -0.0164580
v -0.2650000 0.1473475 0.0164580
v -0.2650000 0.1535420 -0.0226525
v -0.2650000 0.1535420 0.0226525
v -0.2650000 0.1613475 -0.0266296
v -0.2650000 0.1613475 0.0266296
v -0.2650000 0.1700000 -0.0280000
v -0.2650000 0.1700000 0.0280000
v -0.2650000 0.1786525 -0.0266296
v -0.2650000 0.1786525 0.0266296
v -0.2650000 0.1864580 -0.0226525
v -0.2650000 0.1864580 0.0226525
v -0.2650000 0.1926525 -0.0164580
v -0.2650000 0.1926525 0.0164580
v -0.2650000 0.1966296 -0.0086525
v -0.2650000 0.1966296 0.0086525
v -0.2650000 0.1980000 0.0000000
v -0.2650000 0.1980000 -0.0000000
v -0.2650000 0.4077143 0.0000000
v -0.2650000 0.4090847 -0.0086525
v -0.2650000 0.4090847 0.0086525
v -0.2650000 0.4130618 -0.0164580
v -0.2650000 0.4130618 0.0164580
v -0.2650000 0.4192563 -0.0226525
v -0.2650000 0.4192563 0.0226525
v -0.2650000 0.4270618 -0.0266296
v -0.2650000 0.4270618 0.0266296
v -0.2650000 0.4357143 -0.0280000
v -0.2650000 0.4357143 0.0280000
v -0.2650000 0.4443668 -0.0266296
v -0.2650000 0.4443668 0.0266296
v -0.2650000 0.4521723 -0.0226525
v -0.2650000 0.4521723 0.0226525
v -0.2650000 0.4583668 -0.0164580
v -0.2650000 0.4583668 0.0164580
v -0.2650000 0.4623439 -0.0086525
v -0.2650000 0.4623439 0.0086525
v -0.2650000 0.4637143 0.0000000
v -0.2650000 0.4637143 -0.0000000
v -0.2650000 0.6734286 0.0000000
v -0.2650000 0.6747990 -0.0086525
v -0.2650000 0.6747990 0.0086525
v -0.2650000 0.6787761 -0.0164580
v -0.2650000 0.6787761 0.0164580
v -0.2650000 0.6849706 -0.0226525
v -0.2650000 0.6849706 0.0226525
v -0.2650000 0.6927761 -0.0266296
v -0.2650000 0.6927761 0.0266296
v -0.2650000 0.7014286 -0.0280000
v -0.2650000 0.7014286 0.0280000
v -0.2650000 0.7100810 -0.0266296
v -0.2650000 0.7100810 0.0266296
v -0.2650000 0.7178866 -0.0226525
v -0.2650000 0.7178866 0.0226525
v -0.2650000 0.7240810 -0.0164580
v -0.2650000 0.7240810 0.0164580
v -0.2650000 0.7280582 -0.0086525
v -0.2650000 0.7280582 0.0086525
v -0.2650000 0.7294286 0.0000000
v -0.2650000 0.7294286 -0.0000000
v -0.2650000 0.9391429 0.0000000
v -0.2650000 0.9405133 -0.0086525
v -0.2650000 0.9405133 0.0086525
v -0.2650000 0.9444904 -0.0164580
v -0.2650000 0.9444904 0.0164580
v -0.2650000 0.9506849 -0.0226525
v -0.2650000 0.9506849 0.0226525
v -0.2650000 0.9584904 -0.0266296
v -0.2650000 0.9584904 0.0266296
v -0.2650000 0.9671429 -0.0280000
v -0.2650000 0.9671429 0.0280000
v -0.2650000 0.9757953 -0.0266296
v -0.2650000 0.9757953 0.0266296
v -0.2650000 0.9836008 -0.0226525
v -0.2650000 0.9836008 0.0226525
v -0.2650000 0.9897953 -0.0164580
v -0.2650000 0.9897953 0.0164580
v -0.2650000 0.9937724 -0.0086525
v -0.2650000 0.9937724 0.0086525
v -0.2650000 0.9951429 0.0000000
v -0.2650000 0.9951429 -0.0000000
v -0.2650000 1.2048571 0.0000000
v -0.2650000 1.2062276 -0.0086525
v -0.2650000 1.2062276 0.0086525
v -0.2650000 1.2102047 -0.0164580
v -0.2650000 1.2102047 0.0164580
v -0.2650000 1.2163992 -0.0226525
v -0.2650000 1.2163992 0.0226525
v -0.2650000 1.2242047 -0.0266296
v -0.2650000 1.2242047 0.0266296
v -0.2650000 1.2328571 -0.0280000
v -0.2650000 1.2328571 0.0280000
v -0.2650000 1.2415096 -0.0266296
v -0.2650000 1.2415096 0.0266296
v -0.2650000 1.2493151 -0.0226525
v -0.2650000 1.2493151 0.0226525
v -0.2650000 1.2555096 -0.0164580
v -0.2650000 1.2555096 0.0164580
v -0.2650000 1.2594867 -0.0086525
v -0.2650000 1.2594867 0.0086525
v -0.2650000 1.2608571 0.0000000
v -0.2650000 1.2608571 -0.0000000
v -0.2650000 1.4705714 0.0000000
v -0.2650000 1.4719418 -0.0086525
v -0.2650000 1.4719418 0.0086525
v -0.2650000 1.4759190 -0.0164580
v -0.2650000 1.4759190 0.0164580
v -0.2650000 1.4821134 -0.0226525
v -0.2650000 1.4821134 0.0226525
v -0.2650000 1.4899190 -0.0266296
v -0.2650000 1.4899190 0.0266296
v -0.2650000 1.4985714 -0.0280000
v -0.2650000 1.4985714 0.0280000
v -0.2650000 1.5072239 -0.0266296
v -0.2650000 1.5072239 0.0266296
v -0.2650000 1.5150294 -0.0226525
v -0.2650000 1.5150294 0.0226525
v -0.2650000 1.5212239 -0.0164580
v -0.2650000 1.5212239 0.0164580
v -0.2650000 1.5252010 -0.0086525
v -0.2650000 1.5252010 0.0086525
v -0.2650000 1.5265714 0.0000000
v -0.2650000 1.5265714 -0.0000000
v -0.2650000 1.7362857 0.0000000
v -0.2650000 1.7376561 -0.0086525
v -0.2650000 1.7376561 0.0086525
v -0.2650000 1.7416332 -0.0164580
v -0.2650000 1.7416332 0.0164580
v -0.2650000 1.7478277 -0.0226525
v -0.2650000 1.7478277 0.0226525
v -0.2650000 1.7556332 -0.0266296
v -0.2650000 1.7556332 0.0266296
v -0.2650000 1.7642857 -0.0280000
v -0.2650000 1.7642857 0.0280000
v -0.2650000 1.7729382 -0.0266296
v -0.2650000 1.7729382 0.0266296
v -0.2650000 1.7807437 -0.0226525
v -0.2650000 1.7807437 0.0226525
v -0.2650000 1.7869382 -0.0164580
v -0.2650000 1.7869382 0.0164580
v -0.2650000 1.7909153 -0.0086525
v -0.2650000 1.7909153 0.0086525
v -0.2650000 1.7922857 0.0000000
v -0.2650000 1.7922857 -0.0000000
v -0.2650000 2.0020000 0.0000000
v -0.2650000 2.0033704 -0.0086525
v -0.2650000 2.0033704 0.0086525
v -0.2650000 2.0073475 -0.0164580
v -0.2650000 2.0073475 0.0164580
v -0.2650000 2.0135420 -0.0226525
v -0.2650000 2.0135420 0.0226525
v -0.2650000 2.0213475 -0.0266296
v -0.2650000 2.0213475 0.0266296
v -0.2650000 2.0300000 -0.0280000
v -0.2650000 2.0300000 0.0280000
v -0.2650000 2.0386525 -0.0266296
v -0.2650000 2.0386525 0.0266296
v -0.2650000 2.0464580 -0.0226525
v -0.2650000 2.0464580 0.0226525
v -0.2650000 2.0526525 -0.0164580
v -0.2650000 2.0526525 0.0164580
v -0.2650000 2.0566296 -0.0086525
v -0.2650000 2.0566296 0.0086525
v -0.2650000 2.0580000 0.0000000
v -0.2650000 2.0580000 -0.0000000
v -0.2482500 0.0000000 -0.0267500
v -0.2482500 0.0000000 0.0267500
v -0.2482500 0.0157500 -0.0425000
v -0.2482500 0.0157500 -0.0425000
v -0.2482500 0.0157500 -0.0425000
v -0.2482500 0.0157500 0.0425000
v -0.2482500 0.0157500 0.0425000
v -0.2482500 0.0157500 0.0425000
v -0.2482500 2.2042500 -0.0425000
v -0.2482500 2.2042500 -0.0425000
v -0.2482500 2.2042500 -0.0425000
v -0.2482500 2.2042500 0.0425000
v -0.2482500 2.2042500 0.0425000
v -0.2482500 2.2042500 0.0425000
v -0.2482500 2.2200000 -0.0267500
v -0.2482500 2.2200000 0.0267500
v -0.2325000 0.0157500 -0.0267500
v -0.2325000 0.0157500 -0.0267500
v -0.2325000 0.0157500 0.0267500
v -0.2325000 0.0157500 0.0267500
v -0.2325000 2.2042500 -0.0267500
v -0.2325000 2.2042500 -0.0267500
v -0.2325000 2.2042500 0.0267500
v -0.2325000 2.2042500 0.0267500
v 0.2325000 0.0157500 -0.0267500
v 0.2325000 0.0157500 -0.0267500
v 0.2325000 0.0157500 0.0267500
v 0.2325000 0.0157500 0.0267500
v 0.2325000 2.2042500 -0.0267500
v 0.2325000 2.2042500 -0.0267500
v 0.2325000 2.2042500 0.0267500
v 0.2325000 2.2042500 0.0267500
v 0.2482500 0.0000000 -0.0267500
v 0.2482500 0.0000000 0.0267500
v 0.2482500 0.0157500 -0.0425000
v 0.2482500 0.0157500 -0.0425000
v 0.2482500 0.0157500 -0.0425000
v 0.2482500 0.0157500 0.0425000
v 0.2482500 0.0157500 0.0425000
v 0.2482500 0.0157500 0.0425000
v 0.2482500 2.2042500 -0.0425000
v 0.2482500 2.2042500 -0.0425000
v 0.2482500 2.2042500 -0.0425000
v 0.2482500 2.2042500 0.0425000
v 0.2482500 2.2042500 0.0425000
v 0.2482500 2.2042500 0.0425000
v 0.2482500 2.2200000 -0.0267500
v 0.2482500 2.2200000 0.0267500
v 0.2650000 0.1420000 0.0000000
v 0.2650000 0.1433704 -0.0086525
v 0.2650000 0.1433704 0.0086525
v 0.2650000 0.1473475 -0.0164580
v 0.2650000 0.1473475 0.0164580
v 0.2650000 0.1535420 -0.0226525
v 0.2650000 0.1535420 0.0226525
v 0.2650000 0.1613475 -0.0266296
v 0.2650000 0.1613475 0.0266296
v 0.2650000 0.1700000 -0.0280000
v 0.2650000 0.1700000 0.0280000
v 0.2650000 0.1786525 -0.0266296
v 0.2650000 0.1786525 0.0266296
v 0.2650000 0.1864580 -0.0226525
v 0.2650000 0.1864580 0.0226525
v 0.2650000 0.1926525 -0.0164580
v 0.2650000 0.1926525 0.0164580
v 0.2650000 0.1966296 -0.0086525
v 0.2650000 0.1966296 0.0086525
v 0.2650000 0.1980000 0.0000000
v 0.2650000 0.1980000 -0.0000000
v 0.2650000 0.4077143 0.0000000
v 0.2650000 0.4090847 -0.0086525
v 0.2650000 0.4090847 0.0086525
v 0.2650000 0.4130618 -0.0164580
v 0.2650000 0.4130618 0.0164580
v 0.2650000 0.4192563 -0.0226525
v 0.2650000 0.4192563 0.0226525
v 0.2650000 0.4270618 -0.0266296
v 0.2650000 0.4270618 0.0266296
v 0.2650000 0.4357143 -0.0280000
v 0.2650000 0.4357143 0.0280000
v 0.2650000 0.4443668 -0.0266296
v 0.2650000 0.4443668 0.0266296
v 0.2650000 0.4521723 -0.0226525
v 0.2650000 0.4521723 0.0226525
v 0.2650000 0.4583668 -0.0164580
v 0.2650000 0.4583668 0.0164580
v 0.2650000 0.4623439 -0.0086525
v 0.2650000 0.4623439 0.0086525
v 0.2650000 0.4637143 0.0000000
v 0.2650000 0.4637143 -0.0000000
v 0.2650000 0.6734286 0.0000000
v 0.2650000 0.6747990 -0.0086525
v 0.2650000 0.6747990 0.0086525
v 0.2650000 0.6787761 -0.0164580
v 0.2650000 0.6787761 0.0164580
v 0.2650000 0.6849706 -0.0226525
v 0.2650000 0.6849706 0.0226525
v 0.2650000 0.6927761 -0.0266296
v 0.2650000 0.6927761 0.0266296
v 0.2650000 0.7014286 -0.0280000
v 0.2650000 0.7014286 0.0280000
v 0.2650000 0.7100810 -0.0266296
v 0.2650000 0.7100810 0.0266296
v 0.2650000 0.7178866 -0.0226525
v 0.2650000 0.7178866 0.0226525
v 0.2650000 0.7240810 -0.0164580
v 0.2650000 0.7240810 0.0164580
v 0.2650000 0.7280582 -0.0086525
v 0.2650000 0.7280582 0.0086525
v 0.2650000 0.7294286 0.0000000
v 0.2650000 0.7294286 -0.0000000
v 0.2650000 0.9391429 0.0000000
v 0.2650000 0.9405133 -0.0086525
v 0.2650000 0.9405133 0.0086525
v 0.2650000 0.9444904 -0.0164580
v 0.2650000 0.9444904 0.0164580
v 0.2650000 0.9506849 -0.0226525
v 0.2650000 0.9506849 0.0226525
v 0.2650000 0.9584904 -0.0266296
v 0.2650000 0.9584904 0.0266296
v 0.2650000 0.9671429 -0.0280000
v 0.2650000 0.9671429 0.0280000
v 0.2650000 0.9757953 -0.0266296
v 0.2650000 0.9757953 0.0266296
v 0.2650000 0.9836008 -0.0226525
v 0.2650000 0.9836008 0.0226525
v 0.2650000 0.9897953 -0.0164580
v 0.2650000 0.9897953 0.0164580
v 0.2650000 0.9937724 -0.0086525
v 0.2650000 0.9937724 0.0086525
v 0.2650000 0.9951429 0.0000000
v 0.2650000 0.9951429 -0.0000000
v 0.2650000 1.2048571 0.0000000
v 0.2650000 1.2062276 -0.0086525
v 0.2650000 1.2062276 0.0086525
v 0.2650000 1.2102047 -0.0164580
v 0.2650000 1.2102047 0.0164580
v 0.2650000 1.2163992 -0.0226525
v 0.2650000 1.2163992 0.0226525
v 0.2650000 1.2242047 -0.0266296
v 0.2650000 1.2242047 0.0266296
v 0.2650000 1.2328571 -0.0280000
v 0.2650000 1.2328571 0.0280000
v 0.2650000 1.2415096 -0.0266296
v 0.2650000 1.2415096 0.0266296
v 0.2650000 1.2493151 -0.0226525
v 0.2650000 1.2493151 0.0226525
v 0.2650000 1.2555096 -0.0164580
v 0.2650000 1.2555096 0.0164580
v 0.2650000 1.2594867 -0.0086525
v 0.2650000 1.2594867 0.0086525
v 0.2650000 1.2608571 0.0000000
v 0.2650000 1.2608571 -0.0000000
v 0.2650000 1.4705714 0.0000000
v 0.2650000 1.4719418 -0.0086525
v 0.2650000 1.4719418 0.0086525
v 0.2650000 1.4759190 -0.0164580
v 0.2650000 1.4759190 0.0164580
v 0.2650000 1.4821134 -0.0226525
v 0.2650000 1.4821134 0.0226525
v 0.2650000 1.4899190 -0.0266296
v 0.2650000 1.4899190 0.0266296
v 0.2650000 1.4985714 -0.0280000
v 0.2650000 1.4985714 0.0280000
v 0.2650000 1.5072239 -0.0266296
v 0.2650000 1.5072239 0.0266296
v 0.2650000 1.5150294 -0.0226525
v 0.2650000 1.5150294 0.0226525
v 0.2650000 1.5212239 -0.0164580
v 0.2650000 1.5212239 0.0164580
v 0.2650000 1.5252010 -0.0086525
v 0.2650000 1.5252010 0.0086525
v 0.2650000 1.5265714 0.0000000
v 0.2650000 1.5265714 -0.0000000
v 0.2650000 1.7362857 0.0000000
v 0.2650000 1.7376561 -0.0086525
v 0.2650000 1.7376561 0.0086525
v 0.2650000 1.7416332 -0.0164580
v 0.2650000 1.7416332 0.0164580
v 0.2650000 1.7478277 -0.0226525
v 0.2650000 1.7478277 0.0226525
v 0.2650000 1.7556332 -0.0266296
v 0.2650000 1.7556332 0.0266296
v 0.2650000 1.7642857 -0.0280000
v 0.2650000 1.7642857 0.0280000
v 0.2650000 1.7729382 -0.0266296
v 0.2650000 1.7729382 0.0266296
v 0.2650000 1.7807437 -0.0226525
v 0.2650000 1.7807437 0.0226525
v 0.2650000 1.7869382 -0.0164580
v 0.2650000 1.7869382 0.0164580
v 0.2650000 1.7909153 -0.0086525
v 0.2650000 1.7909153 0.0086525
v 0.2650000 1.7922857 0.0000000
v 0.2650000 1.7922857 -0.0000000
v 0.2650000 2.0020000 0.0000000
v 0.2650000 2.0033704 -0.0086525
v 0.2650000 2.0033704 0.0086525
v 0.2650000 2.0073475 -0.0164580
v 0.2650000 2.0073475 0.0164580
v 0.2650000 2.0135420 -0.0226525
v 0.2650000 2.0135420 0.0226525
v 0.2650000 2.0213475 -0.0266296
v 0.2650000 2.0213475 0.0266296
v 0.2650000 2.0300000 -0.0280000
v 0.2650000 2.0300000 0.0280000
v 0.2650000 2.0386525 -0.0266296
v 0.2650000 2.0386525 0.0266296
v 0.2650000 2.0464580 -0.0226525
v 0.2650000 2.0464580 0.0226525
v 0.2650000 2.0526525 -0.0164580
v 0.2650000 2.0526525 0.0164580
v 0.2650000 2.0566296 -0.0086525
v 0.2650000 2.0566296 0.0086525
v 0.2650000 2.0580000 0.0000000
v 0.2650000 2.0580000 -0.0000000
v 0.2800000 0.1442400 0.0000000
v 0.2800000 0.1442400 0.0000000
v 0.2800000 0.1455008 -0.0079603
v 0.2800000 0.1455008 -0.0079603
v 0.2800000 0.1455008 0.0079603
v 0.2800000 0.1455008 0.0079603
v 0.2800000 0.1491597 -0.0151413
v 0.2800000 0.1491597 -0.0151413
v 0.2800000 0.1491597 0.0151413
v 0.2800000 0.1491597 0.0151413
v 0.2800000 0.1548587 -0.0208403
v 0.2800000 0.1548587 -0.0208403
v 0.2800000 0.1548587 0.0208403
v 0.2800000 0.1548587 0.0208403
v 0.2800000 0.1620397 -0.0244992
v 0.2800000 0.1620397 -0.0244992
v 0.2800000 0.1620397 0.0244992
v 0.2800000 0.1620397 0.0244992
v 0.2800000 0.1700000 -0.0257600
v 0.2800000 0.1700000 -0.0257600
v 0.2800000 0.1700000 0.0000000
v 0.2800000 0.1700000 0.0257600
v 0.2800000 0.1700000 0.0257600
v 0.2800000 0.1779603 -0.0244992
v 0.2800000 0.1779603 -0.0244992
v 0.2800000 0.1779603 0.0244992
v 0.2800000 0.1779603 0.0244992
v 0.2800000 0.1851413 -0.0208403
v 0.2800000 0.1851413 -0.0208403
v 0.2800000 0.1851413 0.0208403
v 0.2800000 0.1851413 0.0208403
v 0.2800000 0.1908403 -0.0151413
v 0.2800000 0.1908403 -0.0151413
v 0.2800000 0.1908403 0.0151413
v 0.2800000 0.1908403 0.0151413
v 0.2800000 0.1944992 -0.0079603
v 0.2800000 0.1944992 -0.0079603
v 0.2800000 0.1944992 0.0079603
v 0.2800000 0.1944992 0.0079603
v 0.2800000 0.1957600 0.0000000
v 0.2800000 0.1957600 -0.0000000
v 0.2800000 0.1957600 0.0000000
v 0.2800000 0.4099543 0.0000000
v 0.2800000 0.4099543 0.0000000
v 0.2800000 0.4112151 -0.0079603
v 0.2800000 0.4112151 -0.0079603
v 0.2800000 0.4112151 0.0079603
v 0.2800000 0.4112151 0.0079603
v 0.2800000 0.4148740 -0.0151413
v 0.2800000 0.4148740 -0.0151413
v 0.2800000 0.4148740 0.0151413
v 0.2800000 0.4148740 0.0151413
v 0.2800000 0.4205729 -0.0208403
v 0.2800000 0.4205729 -0.0208403
v 0.2800000 0.4205729 0.0208403
v 0.2800000 0.4205729 0.0208403
v 0.2800000 0.4277540 -0.0244992
v 0.2800000 0.4277540 -0.0244992
v 0.2800000 0.4277540 0.0244992
v 0.2800000 0.4277540 0.0244992
v 0.2800000 0.4357143 -0.0257600
v 0.2800000 0.4357143 -0.0257600
v 0.2800000 0.4357143 0.0000000
v 0.2800000 0.4357143 0.0257600
v 0.2800000 0.4357143 0.0257600
v 0.2800000 0.4436746 -0.0244992
v 0.2800000 0.4436746 -0.0244992
v 0.2800000 0.4436746 0.0244992
v 0.2800000 0.4436746 0.0244992
v 0.2800000 0.4508556 -0.0208403
v 0.2800000 0.4508556 -0.0208403
v 0.2800000 0.4508556 0.0208403
v 0.2800000 0.4508556 0.0208403
v 0.2800000 0.4565546 -0.0151413
v 0.2800000 0.4565546 -0.0151413
v 0.2800000 0.4565546 0.0151413
v 0.2800000 0.4565546 0.0151413
v 0.2800000 0.4602135 -0.0079603
v 0.2800000 0.4602135 -0.0079603
v 0.2800000 0.4602135 0.0079603
v 0.2800000 0.4602135 0.0079603
v 0.2800000 0.4614743 0.0000000
v 0.2800000 0.4614743 -0.0000000
v 0.2800000 0.4614743 -0.0000000
v 0.2800000 0.6756686 0.0000000
v 0.2800000 0.6756686 0.0000000
v 0.2800000 0.6769294 -0.0079603
v 0.2800000 0.6769294 -0.0079603
v 0.2800000 0.6769294 0.0079603
v 0.2800000 0.6769294 0.0079603
v 0.2800000 0.6805883 -0.0151413
v 0.2800000 0.6805883 -0.0151413
v 0.2800000 0.6805883 0.0151413
v 0.2800000 0.6805883 0.0151413
v 0.2800000 0.6862872 -0.0208403
v 0.2800000 0.6862872 -0.0208403
v 0.2800000 0.6862872 0.0208403
v 0.2800000 0.6862872 0.0208403
v 0.2800000 0.6934683 -0.0244992
v 0.2800000 0.6934683 -0.0244992
v 0.2800000 0.6934683 0.0244992
v 0.2800000 0.6934683 0.0244992
v 0.2800000 0.7014286 -0.0257600
v 0.2800000 0.7014286 -0.0257600
v 0.2800000 0.7014286 0.0000000
v 0.2800000 0.7014286 0.0257600
v 0.2800000 0.7014286 0.0257600
v 0.2800000 0.7093888 -0.0244992
v 0.2800000 0.7093888 -0.0244992
v 0.2800000 0.7093888 0.0244992
v 0.2800000 0.7093888 0.0244992
v 0.2800000 0.7165699 -0.0208403
v 0.2800000 0.7165699 -0.0208403
v 0.2800000 0.7165699 0.0208403
v 0.2800000 0.7165699 0.0208403
v 0.2800000 0.7222688 -0.0151413
v 0.2800000 0.7222688 -0.0151413
v 0.2800000 0.7222688 0.0151413
v 0.2800000 0.7222688 0.0151413
v 0.2800000 0.7259278 -0.0079603
v 0.2800000 0.7259278 -0.0079603
v 0.2800000 0.7259278 0.0079603
v 0.2800000 0.7259278 0.0079603
v 0.2800000 0.7271886 0.0000000
v 0.2800000 0.7271886 -0.0000000
v 0.2800000 0.7271886 0.0000000
v 0.2800000 0.9413829 0.0000000
v 0.2800000 0.9413829 0.0000000
v 0.2800000 0.9426436 -0.0079603
v 0.2800000 0.9426436 -0.0079603
v 0.2800000 0.9426436 0.0079603
v 0.2800000 0.9426436 0.0079603
v 0.2800000 0.9463026 -0.0151413
v 0.2800000 0.9463026 -0.0151413
v 0.2800000 0.9463026 0.0151413
v 0.2800000 0.9463026 0.0151413
v 0.2800000 0.9520015 -0.0208403
v 0.2800000 0.9520015 -0.0208403
v 0.2800000 0.9520015 0.0208403
v 0.2800000 0.9520015 0.0208403
v 0.2800000 0.9591826 -0.0244992
v 0.2800000 0.9591826 -0.0244992
v 0.2800000 0.9591826 0.0244992
v 0.2800000 0.9591826 0.0244992
v 0.2800000 0.9671429 -0.0257600
v 0.2800000 0.9671429 -0.0257600
v 0.2800000 0.9671429 0.0000000
v 0.2800000 0.9671429 0.0257600
v 0.2800000 0.9671429 0.0257600
v 0.2800000 0.9751031 -0.0244992
v 0.2800000 0.9751031 -0.0244992
v 0.2800000 0.9751031 0.0244992
v 0.2800000 0.9751031 0.0244992
v 0.2800000 0.9822842 -0.0208403
v 0.2800000 0.9822842 -0.0208403
v 0.2800000 0.9822842 0.0208403
v 0.2800000 0.9822842 0.0208403
v 0.2800000 0.9879831 -0.0151413
v 0.2800000 0.9879831 -0.0151413
v 0.2800000 0.9879831 0.0151413
v 0.2800000 0.9879831 0.0151413
v 0.2800000 0.9916421 -0.0079603
v 0.2800000 0.9916421 -0.0079603
v 0.2800000 0.9916421 0.0079603
v 0.2800000 0.9916421 0.0079603
v 0.2800000 0.9929029 0.0000000
v 0.2800000 0.9929029 -0.0000000
v 0.2800000 0.9929029 -0.0000000
v 0.2800000 1.2070971 0.0000000
v 0.2800000 1.2070971 0.0000000
v 0.2800000 1.2083579 -0.0079603
v 0.2800000 1.2083579 -0.0079603
v 0.2800000 1.2083579 0.0079603
v 0.2800000 1.2083579 0.0079603
v 0.2800000 1.2120169 -0.0151413
v 0.2800000 1.2120169 -0.0151413
v 0.2800000 1.2120169 0.0151413
v 0.2800000 1.2120169 0.0151413
v 0.2800000 1.2177158 -0.0208403
v 0.2800000 1.2177158 -0.0208403
v 0.2800000 1.2177158 0.0208403
v 0.2800000 1.2177158 0.0208403
v 0.2800000 1.2248969 -0.0244992
v 0.2800000 1.2248969 -0.0244992
v 0.2800000 1.2248969 0.0244992
v 0.2800000 1.2248969 0.0244992
v 0.2800000 1.2328571 -0.0257600
v 0.2800000 1.2328571 -0.0257600
v 0.2800000 1.2328571 0.0000000
v 0.2800000 1.2328571 0.0257600
v 0.2800000 1.2328571 0.0257600
v 0.2800000 1.2408174 -0.0244992
v 0.2800000 1.2408174 -0.0244992
v 0.2800000 1.2408174 0.0244992
v 0.2800000 1.2408174 0.0244992
v 0.2800000 1.2479985 -0.0208403
v 0.2800000 1.2479985 -0.0208403
v 0.2800000 1.2479985 0.0208403
v 0.2800000 1.2479985 0.0208403
v 0.2800000 1.2536974 -0.0151413
v 0.2800000 1.2536974 -0.0151413
v 0.2800000 1.2536974 0.0151413
v 0.2800000 1.2536974 0.0151413
v 0.2800000 1.2573564 -0.0079603
v 0.2800000 1.2573564 -0.0079603
v 0.2800000 1.2573564 0.0079603
v 0.2800000 1.2573564 0.0079603
v 0.2800000 1.2586171 0.0000000
v 0.2800000 1.2586171 -0.0000000
v 0.2800000 1.2586171 -0.0000000
v 0.2800000 1.4728114 0.0000000
v 0.2800000 1.4728114 0.0000000
v 0.2800000 1.4740722 -0.0079603
v 0.2800000 1.4740722 -0.0079603
v 0.2800000 1.4740722 0.0079603
v 0.2800000 1.4740722 0.0079603
v 0.2800000 1.4777312 -0.0151413
v 0.2800000 1.4777312 -0.0151413
v 0.2800000 1.4777312 0.0151413
v 0.2800000 1.4777312 0.0151413
v 0.2800000 1.4834301 -0.0208403
v 0.2800000 1.4834301 -0.0208403
v 0.2800000 1.4834301 0.0208403
v 0.2800000 1.4834301 0.0208403
v 0.2800000 1.4906112 -0.0244992
v 0.2800000 1.4906112 -0.0244992
v 0.2800000 1.4906112 0.0244992
v 0.2800000 1.4906112 0.0244992
v 0.2800000 1.4985714 -0.0257600
v 0.2800000 1.4985714 -0.0257600
v 0.2800000 1.4985714 0.0000000
v 0.2800000 1.4985714 0.0257600
v 0.2800000 1.4985714 0.0257600
v 0.2800000 1.5065317 -0.0244992
v 0.2800000 1.5065317 -0.0244992
v 0.2800000 1.5065317 0.0244992
v 0.2800000 1.5065317 0.0244992
v 0.2800000 1.5137128 -0.0208403
v 0.2800000 1.5137128 -0.0208403
v 0.2800000 1.5137128 0.0208403
v 0.2800000 1.5137128 0.0208403
v 0.2800000 1.5194117 -0.0151413
v 0.2800000 1.5194117 -0.0151413
v 0.2800000 1.5194117 0.0151413
v 0.2800000 1.5194117 0.0151413
v 0.2800000 1.5230706 -0.0079603
v 0.2800000 1.5230706 -0.0079603
v 0.2800000 1.5230706 0.0079603
v 0.2800000 1.5230706 0.0079603
v 0.2800000 1.5243314 0.0000000
v 0.2800000 1.5243314 -0.0000000
v 0.2800000 1.5243314 0.0000000
v 0.2800000 1.7385257 0.0000000
v 0.2800000 1.7385257 0.0000000
v 0.2800000 1.7397865 -0.0079603
v 0.2800000 1.7397865 -0.0079603
v 0.2800000 1.7397865 0.0079603
v 0.2800000 1.7397865 0.0079603
v 0.2800000 1.7434454 -0.0151413
v 0.2800000 1.7434454 -0.0151413
v 0.2800000 1.7434454 0.0151413
v 0.2800000 1.7434454 0.0151413
v 0.2800000 1.7491444 -0.0208403
v 0.2800000 1.7491444 -0.0208403
v 0.2800000 1.7491444 0.0208403
v 0.2800000 1.7491444 0.0208403
v 0.2800000 1.7563254 -0.0244992
v 0.2800000 1.7563254 -0.0244992
v 0.2800000 1.7563254 0.0244992
v 0.2800000 1.7563254 0.0244992
v 0.2800000 1.7642857 -0.0257600
v 0.2800000 1.7642857 -0.0257600
v 0.2800000 1.7642857 0.0000000
v 0.2800000 1.7642857 0.0257600
v 0.2800000 1.7642857 0.0257600
v 0.2800000 1.7722460 -0.0244992
v 0.2800000 1.7722460 -0.0244992
v 0.2800000 1.7722460 0.0244992
v 0.2800000 1.7722460 0.0244992
v 0.2800000 1.7794271 -0.0208403
v 0.2800000 1.7794271 -0.0208403
v 0.2800000 1.7794271 0.0208403
v 0.2800000 1.7794271 0.0208403
v 0.2800000 1.7851260 -0.0151413
v 0.2800000 1.7851260 -0.0151413
v 0.2800000 1.7851260 0.0151413
v 0.2800000 1.7851260 0.0151413
v 0.2800000 1.7887849 -0.0079603
v 0.2800000 1.7887849 -0.0079603
v 0.2800000 1.7887849 0.0079603
v 0.2800000 1.7887849 0.0079603
v 0.2800000 1.7900457 0.0000000
v 0.2800000 1.7900457 -0.0000000
v 0.2800000 1.7900457 0.0000000
v 0.2800000 2.0042400 0.0000000
v 0.2800000 2.0042400 0.0000000
v 0.2800000 2.0055008 -0.0079603
v 0.2800000 2.0055008 -0.0079603
v 0.2800000 2.0055008 0.0079603
v 0.2800000 2.0055008 0.0079603
v 0.2800000 2.0091597 -0.0151413
v 0.2800000 2.0091597 -0.0151413
v 0.2800000 2.0091597 0.0151413
v 0.2800000 2.0091597 0.0151413
v 0.2800000 2.0148587 -0.0208403
v 0.2800000 2.0148587 -0.0208403
v 0.2800000 2.0148587 0.0208403
v 0.2800000 2.0148587 0.0208403
v 0.2800000 2.0220397 -0.0244992
v 0.2800000 2.0220397 -0.0244992
v 0.2800000 2.0220397 0.0244992
v 0.2800000 2.0220397 0.0244992
v 0.2800000 2.0300000 -0.0257600
v 0.2800000 2.0300000 -0.0257600
v 0.2800000 2.0300000 0.0000000
v 0.2800000 2.0300000 0.0257600
v 0.2800000 2.0300000 0.0257600
v 0.2800000 2.0379603 -0.0244992
v 0.2800000 2.0379603 -0.0244992
v 0.2800000 2.0379603 0.0244992
v 0.2800000 2.0379603 0.0244992
v 0.2800000 2.0451413 -0.0208403
v 0.2800000 2.0451413 -0.0208403
v 0.2800000 2.0451413 0.0208403
v 0.2800000 2.0451413 0.0208403
v 0.2800000 2.0508403 -0.0151413
v 0.2800000 2.0508403 -0.0151413
v 0.2800000 2.0508403 0.0151413
v 0.2800000 2.0508403 0.0151413
v 0.2800000 2.0544992 -0.0079603
v 0.2800000 2.0544992 -0.0079603
v 0.2800000 2.0544992 0.0079603
v 0.2800000 2.0544992 0.0079603
v 0.2800000 2.0557600 0.0000000
v 0.2800000 2.0557600 -0.0000000
v 0.2800000 2.0557600 -0.0000000
v 0.2917500 0.0000000 -0.0267500
v 0.2917500 0.0000000 0.0267500
v 0.2917500 0.0157500 -0.0425000
v 0.2917500 0.0157500 -0.0425000
v 0.2917500 0.0157500 -0.0425000
v 0.2917500 0.0157500 0.0425000
v 0.2917500 0.0157500 0.0425000
v 0.2917500 0.0157500 0.0425000
v 0.2917500 2.2042500 -0.0425000
v 0.2917500 2.2042500 -0.0425000
v 0.2917500 2.2042500 -0.0425000
v 0.2917500 2.2042500 0.0425000
v 0.2917500 2.2042500 0.0425000
v 0.2917500 2.2042500 0.0425000
v 0.2917500 2.2200000 -0.0267500
v 0.2917500 2.2200000 0.0267500
v 0.3075000 0.0157500 -0.0267500
v 0.3075000 0.0157500 -0.0267500
v 0.3075000 0.0157500 0.0267500
v 0.3075000 0.0157500 0.0267500
v 0.3075000 2.2042500 -0.0267500
v 0.3075000 2.2042500 -0.0267500
v 0.3075000 2.2042500 0.0267500
v 0.3075000 2.2042500 0.0267500
vt 0.1157624 0.0508133
vt 0.1382624 0.0508133
vt 0.1157624 0.0665486
vt 0.2146909 0.0508133
vt 0.1157624 0.0508133
vt 0.1382624 0.6944898
vt 0.1157624 0.0665486
vt 0.2146909 0.6944898
vt 0.1382624 0.0508133
vt 0.1382624 0.0665486
vt 0.1157624 0.0508133
vt 0.1382624 0.0461809
vt 0.1382624 0.0508133
vt 0.1382624 0.0508133
vt 0.1382624 0.0711809
vt 0.2371909 0.0508133
vt 0.1157624 0.6944898
vt 0.1382624 0.0461809
vt 0.1382624 0.6944898
vt 0.1382624 0.0711809
vt 0.1382624 0.6944898
vt 0.2371909 0.6944898
vt 0.1382624 0.0508133
vt 0.1382624 0.0665486
vt 0.0400000 0.5000000
vt 0.5000000 0.1750000
vt 0.0625140 0.3578522
vt 0.5500000 0.1750000
vt 0.0625140 0.6421478
vt 0.4500000 0.1750000
vt 0.1278522 0.2296188
vt 0.6000000 0.1750000
vt 0.1278522 0.7703812
vt 0.4000000 0.1750000
vt 0.2296188 0.1278522
vt 0.6500000 0.1750000
vt 0.2296188 0.8721478
vt 0.3500000 0.1750000
vt 0.3578522 0.0625140
vt 0.7000000 0.1750000
vt 0.3578522 0.9374860
vt 0.3000000 0.1750000
vt 0.5000000 0.0400000
vt 0.7500000 0.1750000
vt 0.5000000 0.5000000
vt 0.5000000 0.9600000
vt 0.2500000 0.1750000
vt 0.6421478 0.0625140
vt 0.8000000 0.1750000
vt 0.6421478 0.9374860
vt 0.2000000 0.1750000
vt 0.7703812 0.1278522
vt 0.8500000 0.1750000
vt 0.7703812 0.8721478
vt 0.1500000 0.1750000
vt 0.8721478 0.2296188
vt 0.9000000 0.1750000
vt 0.8721478 0.7703812
vt 0.1000000 0.1750000
vt 0.9374860 0.3578522
vt 0.9500000 0.1750000
vt 0.9374860 0.6421478
vt 0.0500000 0.1750000
vt 0.9600000 0.5000000
vt 0.0000000 0.1750000
vt 1.0000000 0.1750000
vt 0.0400000 0.5000000
vt 0.5000000 0.1750000
vt 0.0625140 0.3578522
vt 0.5500000 0.1750000
vt 0.0625140 0.6421478
vt 0.4500000 0.1750000
vt 0.1278522 0.2296188
vt 0.6000000 0.1750000
vt 0.1278522 0.7703812
vt 0.4000000 0.1750000
vt 0.2296188 0.1278522
vt 0.6500000 0.1750000
vt 0.2296188 0.8721478
vt 0.3500000 0.1750000
vt 0.3578522 0.0625140
vt 0.7000000 0.1750000
vt 0.3578522 0.9374860
vt 0.3000000 0.1750000
vt 0.5000000 0.0400000
vt 0.7500000 0.1750000
vt 0.5000000 0.5000000
vt 0.5000000 0.9600000
vt 0.2500000 0.1750000
vt 0.6421478 0.0625140
vt 0.8000000 0.1750000
vt 0.6421478 0.9374860
vt 0.2000000 0.1750000
vt 0.7703812 0.1278522
vt 0.8500000 0.1750000
vt 0.7703812 0.8721478
vt 0.1500000 0.1750000
vt 0.8721478 0.2296188
vt 0.9000000 0.1750000
vt 0.8721478 0.7703812
vt 0.1000000 0.1750000
vt 0.9374860 0.3578522
vt 0.9500000 0.1750000
vt 0.9374860 0.6421478
vt 0.0500000 0.1750000
vt 0.9600000 0.5000000
vt 0.0000000 0.1750000
vt 1.0000000 0.1750000
vt 0.0400000 0.5000000
vt 0.5000000 0.1750000
vt 0.0625140 0.3578522
vt 0.5500000 0.1750000
vt 0.0625140 0.6421478
vt 0.4500000 0.1750000
vt 0.1278522 0.2296188
vt 0.6000000 0.1750000
vt 0.1278522 0.7703812
vt 0.4000000 0.1750000
vt 0.2296188 0.1278522
vt 0.6500000 0.1750000
vt 0.2296188 0.8721478
vt 0.3500000 0.1750000
vt 0.3578522 0.0625140
vt 0.7000000 0.1750000
vt 0.3578522 0.9374860
vt 0.3000000 0.1750000
vt 0.5000000 0.0400000
vt 0.7500000 0.1750000
vt 0.5000000 0.5000000
vt 0.5000000 0.9600000
vt 0.2500000 0.1750000
vt 0.6421478 0.0625140
vt 0.8000000 0.1750000
vt 0.6421478 0.9374860
vt 0.2000000 0.1750000
vt 0.7703812 0.1278522
vt 0.8500000 0.1750000
vt 0.7703812 0.8721478
vt 0.1500000 0.1750000
vt 0.8721478 0.2296188
vt 0.9000000 0.1750000
vt 0.8721478 0.7703812
vt 0.1000000 0.1750000
vt 0.9374860 0.3578522
vt 0.9500000 0.1750000
vt 0.9374860 0.6421478
vt 0.0500000 0.1750000
vt 0.9600000 0.5000000
vt 0.0000000 0.1750000
vt 1.0000000 0.1750000
vt 0.0400000 0.5000000
vt 0.5000000 0.1750000
vt 0.0625140 0.3578522
vt 0.5500000 0.1750000
vt 0.0625140 0.6421478
vt 0.4500000 0.1750000
vt 0.1278522 0.2296188
vt 0.6000000 0.1750000
vt 0.1278522 0.7703812
vt 0.4000000 0.1750000
vt 0.2296188 0.1278522
vt 0.6500000 0.1750000
vt 0.2296188 0.8721478
vt 0.3500000 0.1750000
vt 0.3578522 0.0625140
vt 0.7000000 0.1750000
vt 0.3578522 0.9374860
vt 0.3000000 0.1750000
vt 0.5000000 0.0400000
vt 0.7500000 0.1750000
vt 0.5000000 0.5000000
vt 0.5000000 0.9600000
vt 0.2500000 0.1750000
vt 0.6421478 0.0625140
vt 0.8000000 0.1750000
vt 0.6421478 0.9374860
vt 0.2000000 0.1750000
vt 0.7703812 0.1278522
vt 0.8500000 0.1750000
vt 0.7703812 0.8721478
vt 0.1500000 0.1750000
vt 0.8721478 0.2296188
vt 0.9000000 0.1750000
vt 0.8721478 0.7703812
vt 0.1000000 0.1750000
vt 0.9374860 0.3578522
vt 0.9500000 0.1750000
vt 0.9374860 0.6421478
vt 0.0500000 0.1750000
vt 0.9600000 0.5000000
vt 0.0000000 0.1750000
vt 1.0000000 0.1750000
vt 0.0400000 0.5000000
vt 0.5000000 0.1750000
vt 0.0625140 0.3578522
vt 0.5500000 0.1750000
vt 0.0625140 0.6421478
vt 0.4500000 0.1750000
vt 0.1278522 0.2296188
vt 0.6000000 0.1750000
vt 0.1278522 0.7703812
vt 0.4000000 0.1750000
vt 0.2296188 0.1278522
vt 0.6500000 0.1750000
vt 0.2296188 0.8721478
vt 0.3500000 0.1750000
vt 0.3578522 0.0625140
vt 0.7000000 0.1750000
vt 0.3578522 0.9374860
vt 0.3000000 0.1750000
vt 0.5000000 0.0400000
vt 0.7500000 0.1750000
vt 0.5000000 0.5000000
vt 0.5000000 0.9600000
vt 0.2500000 0.1750000
vt 0.6421478 0.0625140
vt 0.8000000 0.1750000
vt 0.6421478 0.9374860
vt 0.2000000 0.1750000
vt 0.7703812 0.1278522
vt 0.8500000 0.1750000
vt 0.7703812 0.8721478
vt 0.1500000 0.1750000
vt 0.8721478 0.2296188
vt 0.9000000 0.1750000
vt 0.8721478 0.7703812
vt 0.1000000 0.1750000
vt 0.9374860 0.3578522
vt 0.9500000 0.1750000
vt 0.9374860 0.6421478
vt 0.0500000 0.1750000
vt 0.9600000 0.5000000
vt 0.0000000 0.1750000
vt 1.0000000 0.1750000
vt 0.0400000 0.5000000
vt 0.5000000 0.1750000
vt 0.0625140 0.3578522
vt 0.5500000 0.1750000
vt 0.0625140 0.6421478
vt 0.4500000 0.1750000
vt 0.1278522 0.2296188
vt 0.6000000 0.1750000
vt 0.1278522 0.7703812
vt 0.4000000 0.1750000
vt 0.2296188 0.1278522
vt 0.6500000 0.1750000
vt 0.2296188 0.8721478
vt 0.3500000 0.1750000
vt 0.3578522 0.0625140
vt 0.7000000 0.1750000
vt 0.3578522 0.9374860
vt 0.3000000 0.1750000
vt 0.5000000 0.0400000
vt 0.7500000 0.1750000
vt 0.5000000 0.5000000
vt 0.5000000 0.9600000
vt 0.2500000 0.1750000
vt 0.6421478 0.0625140
vt 0.8000000 0.1750000
vt 0.6421478 0.9374860
vt 0.2000000 0.1750000
vt 0.7703812 0.1278522
vt 0.8500000 0.1750000
vt 0.7703812 0.8721478
vt 0.1500000 0.1750000
vt 0.8721478 0.2296188
vt 0.9000000 0.1750000
vt 0.8721478 0.7703812
vt 0.1000000 0.1750000
vt 0.9374860 0.3578522
vt 0.9500000 0.1750000
vt 0.9374860 0.6421478
vt 0.0500000 0.1750000
vt 0.9600000 0.5000000
vt 0.0000000 0.1750000
vt 1.0000000 0.1750000
vt 0.0400000 0.5000000
vt 0.5000000 0.1750000
vt 0.0625140 0.3578522
vt 0.5500000 0.1750000
vt 0.0625140 0.6421478
vt 0.4500000 0.1750000
vt 0.1278522 0.2296188
vt 0.6000000 0.1750000
vt 0.1278522 0.7703812
vt 0.4000000 0.1750000
vt 0.2296188 0.1278522
vt 0.6500000 0.1750000
vt 0.2296188 0.8721478
vt 0.3500000 0.1750000
vt 0.3578522 0.0625140
vt 0.7000000 0.1750000
vt 0.3578522 0.9374860
vt 0.3000000 0.1750000
vt 0.5000000 0.0400000
vt 0.7500000 0.1750000
vt 0.5000000 0.5000000
vt 0.5000000 0.9600000
vt 0.2500000 0.1750000
vt 0.6421478 0.0625140
vt 0.8000000 0.1750000
vt 0.6421478 0.9374860
vt 0.2000000 0.1750000
vt 0.7703812 0.1278522
vt 0.8500000 0.1750000
vt 0.7703812 0.8721478
vt 0.1500000 0.1750000
vt 0.8721478 0.2296188
vt 0.9000000 0.1750000
vt 0.8721478 0.7703812
vt 0.1000000 0.1750000
vt 0.9374860 0.3578522
vt 0.9500000 0.1750000
vt 0.9374860 0.6421478
vt 0.0500000 0.1750000
vt 0.9600000 0.5000000
vt 0.0000000 0.1750000
vt 1.0000000 0.1750000
vt 0.0400000 0.5000000
vt 0.5000000 0.1750000
vt 0.0625140 0.3578522
vt 0.5500000 0.1750000
vt 0.0625140 0.6421478
vt 0.4500000 0.1750000
vt 0.1278522 0.2296188
vt 0.6000000 0.1750000
vt 0.1278522 0.7703812
vt 0.4000000 0.1750000
vt 0.2296188 0.1278522
vt 0.6500000 0.1750000
vt 0.2296188 0.8721478
vt 0.3500000 0.1750000
vt 0.3578522 0.0625140
vt 0.7000000 0.1750000
vt 0.3578522 0.9374860
vt 0.3000000 0.1750000
vt 0.5000000 0.0400000
vt 0.7500000 0.1750000
vt 0.5000000 0.5000000
vt 0.5000000 0.9600000
vt 0.2500000 0.1750000
vt 0.6421478 0.0625140
vt 0.8000000 0.1750000
vt 0.6421478 0.9374860
vt 0.2000000 0.1750000
vt 0.7703812 0.1278522
vt 0.8500000 0.1750000
vt 0.7703812 0.8721478
vt 0.1500000 0.1750000
vt 0.8721478 0.2296188
vt 0.9000000 0.1750000
vt 0.8721478 0.7703812
vt 0.1000000 0.1750000
vt 0.9374860 0.3578522
vt 0.9500000 0.1750000
vt 0.9374860 0.6421478
vt 0.0500000 0.1750000
vt 0.9600000 0.5000000
vt 0.0000000 0.1750000
vt 1.0000000 0.1750000
vt 0.5000000 0.1656250
vt 0.5500000 0.1656250
vt 0.4500000 0.1656250
vt 0.6000000 0.1656250
vt 0.4000000 0.1656250
vt 0.6500000 0.1656250
vt 0.3500000 0.1656250
vt 0.7000000 0.1656250
vt 0.3000000 0.1656250
vt 0.7500000 0.1656250
vt 0.2500000 0.1656250
vt 0.8000000 0.1656250
vt 0.2000000 0.1656250
vt 0.8500000 0.1656250
vt 0.1500000 0.1656250
vt 0.9000000 0.1656250
vt 0.1000000 0.1656250
vt 0.9500000 0.1656250
vt 0.0500000 0.1656250
vt 0.0000000 0.1656250
vt 1.0000000 0.1656250
vt 0.5000000 0.1656250
vt 0.5500000 0.1656250
vt 0.4500000 0.1656250
vt 0.6000000 0.1656250
vt 0.4000000 0.1656250
vt 0.6500000 0.1656250
vt 0.3500000 0.1656250
vt 0.7000000 0.1656250
vt 0.3000000 0.1656250
vt 0.7500000 0.1656250
vt 0.2500000 0.1656250
vt 0.8000000 0.1656250
vt 0.2000000 0.1656250
vt 0.8500000 0.1656250
vt 0.1500000 0.1656250
vt 0.9000000 0.1656250
vt 0.1000000 0.1656250
vt 0.9500000 0.1656250
vt 0.0500000 0.1656250
vt 0.0000000 0.1656250
vt 1.0000000 0.1656250
vt 0.5000000 0.1656250
vt 0.5500000 0.1656250
vt 0.4500000 0.1656250
vt 0.6000000 0.1656250
vt 0.4000000 0.1656250
vt 0.6500000 0.1656250
vt 0.3500000 0.1656250
vt 0.7000000 0.1656250
vt 0.3000000 0.1656250
vt 0.7500000 0.1656250
vt 0.2500000 0.1656250
vt 0.8000000 0.1656250
vt 0.2000000 0.1656250
vt 0.8500000 0.1656250
vt 0.1500000 0.1656250
vt 0.9000000 0.1656250
vt 0.1000000 0.1656250
vt 0.9500000 0.1656250
vt 0.0500000 0.1656250
vt 0.0000000 0.1656250
vt 1.0000000 0.1656250
vt 0.5000000 0.1656250
vt 0.5500000 0.1656250
vt 0.4500000 0.1656250
vt 0.6000000 0.1656250
vt 0.4000000 0.1656250
vt 0.6500000 0.1656250
vt 0.3500000 0.1656250
vt 0.7000000 0.1656250
vt 0.3000000 0.1656250
vt 0.7500000 0.1656250
vt 0.2500000 0.1656250
vt 0.8000000 0.1656250
vt 0.2000000 0.1656250
vt 0.8500000 0.1656250
vt 0.1500000 0.1656250
vt 0.9000000 0.1656250
vt 0.1000000 0.1656250
vt 0.9500000 0.1656250
vt 0.0500000 0.1656250
vt 0.0000000 0.1656250
vt 1.0000000 0.1656250
vt 0.5000000 0.1656250
vt 0.5500000 0.1656250
vt 0.4500000 0.1656250
vt 0.6000000 0.1656250
vt 0.4000000 0.1656250
vt 0.6500000 0.1656250
vt 0.3500000 0.1656250
vt 0.7000000 0.1656250
vt 0.3000000 0.1656250
vt 0.7500000 0.1656250
vt 0.2500000 0.1656250
vt 0.8000000 0.1656250
vt 0.2000000 0.1656250
vt 0.8500000 0.1656250
vt 0.1500000 0.1656250
vt 0.9000000 0.1656250
vt 0.1000000 0.1656250
vt 0.9500000 0.1656250
vt 0.0500000 0.1656250
vt 0.0000000 0.1656250
vt 1.0000000 0.1656250
vt 0.5000000 0.1656250
vt 0.5500000 0.1656250
vt 0.4500000 0.1656250
vt 0.6000000 0.1656250
vt 0.4000000 0.1656250
vt 0.6500000 0.1656250
vt 0.3500000 0.1656250
vt 0.7000000 0.1656250
vt 0.3000000 0.1656250
vt 0.7500000 0.1656250
vt 0.2500000 0.1656250
vt 0.8000000 0.1656250
vt 0.2000000 0.1656250
vt 0.8500000 0.1656250
vt 0.1500000 0.1656250
vt 0.9000000 0.1656250
vt 0.1000000 0.1656250
vt 0.9500000 0.1656250
vt 0.0500000 0.1656250
vt 0.0000000 0.1656250
vt 1.0000000 0.1656250
vt 0.5000000 0.1656250
vt 0.5500000 0.1656250
vt 0.4500000 0.1656250
vt 0.6000000 0.1656250
vt 0.4000000 0.1656250
vt 0.6500000 0.1656250
vt 0.3500000 0.1656250
vt 0.7000000 0.1656250
vt 0.3000000 0.1656250
vt 0.7500000 0.1656250
vt 0.2500000 0.1656250
vt 0.8000000 0.1656250
vt 0.2000000 0.1656250
vt 0.8500000 0.1656250
vt 0.1500000 0.1656250
vt 0.9000000 0.1656250
vt 0.1000000 0.1656250
vt 0.9500000 0.1656250
vt 0.0500000 0.1656250
vt 0.0000000 0.1656250
vt 1.0000000 0.1656250
vt 0.5000000 0.1656250
vt 0.5500000 0.1656250
vt 0.4500000 0.1656250
vt 0.6000000 0.1656250
vt 0.4000000 0.1656250
vt 0.6500000 0.1656250
vt 0.3500000 0.1656250
vt 0.7000000 0.1656250
vt 0.3000000 0.1656250
vt 0.7500000 0.1656250
vt 0.2500000 0.1656250
vt 0.8000000 0.1656250
vt 0.2000000 0.1656250
vt 0.8500000 0.1656250
vt 0.1500000 0.1656250
vt 0.9000000 0.1656250
vt 0.1000000 0.1656250
vt 0.9500000 0.1656250
vt 0.0500000 0.1656250
vt 0.0000000 0.1656250
vt 1.0000000 0.1656250
vt 0.2004052 0.0508133
vt 0.2004052 0.0665486
vt 0.1157624 0.0508133
vt 0.2004052 0.0461809
vt 0.2004052 0.0508133
vt 0.2004052 0.0508133
vt 0.2004052 0.0711809
vt 0.2371909 0.0508133
vt 0.1157624 0.6944898
vt 0.2004052 0.0461809
vt 0.2004052 0.6944898
vt 0.2004052 0.0711809
vt 0.2004052 0.6944898
vt 0.2371909 0.6944898
vt 0.2004052 0.0508133
vt 0.2004052 0.0665486
vt 0.1382624 0.0508133
vt 0.2229052 0.0508133
vt 0.2146909 0.0508133
vt 0.2229052 0.0665486
vt 0.1382624 0.6944898
vt 0.2229052 0.0508133
vt 0.2146909 0.6944898
vt 0.2229052 0.0665486
vt 0.0704990 0.1159246
vt 0.0929990 0.1159246
vt 0.0704990 0.1316599
vt 0.1694276 0.1159246
vt 0.0704990 0.1159246
vt 0.0929990 0.7596011
vt 0.0704990 0.1316599
vt 0.1694276 0.7596011
vt 0.0929990 0.1159246
vt 0.0929990 0.1316599
vt 0.0704990 0.1159246
vt 0.0929990 0.1112923
vt 0.0929990 0.1159246
vt 0.0929990 0.1159246
vt 0.0929990 0.1362923
vt 0.1919276 0.1159246
vt 0.0704990 0.7596011
vt 0.0929990 0.1112923
vt 0.0929990 0.7596011
vt 0.0929990 0.1362923
vt 0.0929990 0.7596011
vt 0.1919276 0.7596011
vt 0.0929990 0.1159246
vt 0.0929990 0.1316599
vt 0.5000000 -0.1656250
vt 0.5500000 -0.1656250
vt 0.4500000 -0.1656250
vt 0.6000000 -0.1656250
vt 0.4000000 -0.1656250
vt 0.6500000 -0.1656250
vt 0.3500000 -0.1656250
vt 0.7000000 -0.1656250
vt 0.3000000 -0.1656250
vt 0.7500000 -0.1656250
vt 0.2500000 -0.1656250
vt 0.8000000 -0.1656250
vt 0.2000000 -0.1656250
vt 0.8500000 -0.1656250
vt 0.1500000 -0.1656250
vt 0.9000000 -0.1656250
vt 0.1000000 -0.1656250
vt 0.9500000 -0.1656250
vt 0.0500000 -0.1656250
vt 0.0000000 -0.1656250
vt 1.0000000 -0.1656250
vt 0.5000000 -0.1656250
vt 0.5500000 -0.1656250
vt 0.4500000 -0.1656250
vt 0.6000000 -0.1656250
vt 0.4000000 -0.1656250
vt 0.6500000 -0.1656250
vt 0.3500000 -0.1656250
vt 0.7000000 -0.1656250
vt 0.3000000 -0.1656250
vt 0.7500000 -0.1656250
vt 0.2500000 -0.1656250
vt 0.8000000 -0.1656250
vt 0.2000000 -0.1656250
vt 0.8500000 -0.1656250
vt 0.1500000 -0.1656250
vt 0.9000000 -0.1656250
vt 0.1000000 -0.1656250
vt 0.9500000 -0.1656250
vt 0.0500000 -0.1656250
vt 0.0000000 -0.1656250
vt 1.0000000 -0.1656250
vt 0.5000000 -0.1656250
vt 0.5500000 -0.1656250
vt 0.4500000 -0.1656250
vt 0.6000000 -0.1656250
vt 0.4000000 -0.1656250
vt 0.6500000 -0.1656250
vt 0.3500000 -0.1656250
vt 0.7000000 -0.1656250
vt 0.3000000 -0.1656250
vt 0.7500000 -0.1656250
vt 0.2500000 -0.1656250
vt 0.8000000 -0.1656250
vt 0.2000000 -0.1656250
vt 0.8500000 -0.1656250
vt 0.1500000 -0.1656250
vt 0.9000000 -0.1656250
vt 0.1000000 -0.1656250
vt 0.9500000 -0.1656250
vt 0.0500000 -0.1656250
vt 0.0000000 -0.1656250
vt 1.0000000 -0.1656250
vt 0.5000000 -0.1656250
vt 0.5500000 -0.1656250
vt 0.4500000 -0.1656250
vt 0.6000000 -0.1656250
vt 0.4000000 -0.1656250
vt 0.6500000 -0.1656250
vt 0.3500000 -0.1656250
vt 0.7000000 -0.1656250
vt 0.3000000 -0.1656250
vt 0.7500000 -0.1656250
vt 0.2500000 -0.1656250
vt 0.8000000 -0.1656250
vt 0.2000000 -0.1656250
vt 0.8500000 -0.1656250
vt 0.1500000 -0.1656250
vt 0.9000000 -0.1656250
vt 0.1000000 -0.1656250
vt 0.9500000 -0.1656250
vt 0.0500000 -0.1656250
vt 0.0000000 -0.1656250
vt 1.0000000 -0.1656250
vt 0.5000000 -0.1656250
vt 0.5500000 -0.1656250
vt 0.4500000 -0.1656250
vt 0.6000000 -0.1656250
vt 0.4000000 -0.1656250
vt 0.6500000 -0.1656250
vt 0.3500000 -0.1656250
vt 0.7000000 -0.1656250
vt 0.3000000 -0.1656250
vt 0.7500000 -0.1656250
vt 0.2500000 -0.1656250
vt 0.8000000 -0.1656250
vt 0.2000000 -0.1656250
vt 0.8500000 -0.1656250
vt 0.1500000 -0.1656250
vt 0.9000000 -0.1656250
vt 0.1000000 -0.1656250
vt 0.9500000 -0.1656250
vt 0.0500000 -0.1656250
vt 0.0000000 -0.1656250
vt 1.0000000 -0.1656250
vt 0.5000000 -0.1656250
vt 0.5500000 -0.1656250
vt 0.4500000 -0.1656250
vt 0.6000000 -0.1656250
vt 0.4000000 -0.1656250
vt 0.6500000 -0.1656250
vt 0.3500000 -0.1656250
vt 0.7000000 -0.1656250
vt 0.3000000 -0.1656250
vt 0.7500000 -0.1656250
vt 0.2500000 -0.1656250
vt 0.8000000 -0.1656250
vt 0.2000000 -0.1656250
vt 0.8500000 -0.1656250
vt 0.1500000 -0.1656250
vt 0.9000000 -0.1656250
vt 0.1000000 -0.1656250
vt 0.9500000 -0.1656250
vt 0.0500000 -0.1656250
vt 0.0000000 -0.1656250
vt 1.0000000 -0.1656250
vt 0.5000000 -0.1656250
vt 0.5500000 -0.1656250
vt 0.4500000 -0.1656250
vt 0.6000000 -0.1656250
vt 0.4000000 -0.1656250
vt 0.6500000 -0.1656250
vt 0.3500000 -0.1656250
vt 0.7000000 -0.1656250
vt 0.3000000 -0.1656250
vt 0.7500000 -0.1656250
vt 0.2500000 -0.1656250
vt 0.8000000 -0.1656250
vt 0.2000000 -0.1656250
vt 0.8500000 -0.1656250
vt 0.1500000 -0.1656250
vt 0.9000000 -0.1656250
vt 0.1000000 -0.1656250
vt 0.9500000 -0.1656250
vt 0.0500000 -0.1656250
vt 0.0000000 -0.1656250
vt 1.0000000 -0.1656250
vt 0.5000000 -0.1656250
vt 0.5500000 -0.1656250
vt 0.4500000 -0.1656250
vt 0.6000000 -0.1656250
vt 0.4000000 -0.1656250
vt 0.6500000 -0.1656250
vt 0.3500000 -0.1656250
vt 0.7000000 -0.1656250
vt 0.3000000 -0.1656250
vt 0.7500000 -0.1656250
vt 0.2500000 -0.1656250
vt 0.8000000 -0.1656250
vt 0.2000000 -0.1656250
vt 0.8500000 -0.1656250
vt 0.1500000 -0.1656250
vt 0.9000000 -0.1656250
vt 0.1000000 -0.1656250
vt 0.9500000 -0.1656250
vt 0.0500000 -0.1656250
vt 0.0000000 -0.1656250
vt 1.0000000 -0.1656250
vt 0.5000000 -0.1750000
vt 0.0400000 0.5000000
vt 0.5500000 -0.1750000
vt 0.0625140 0.3578522
vt 0.4500000 -0.1750000
vt 0.0625140 0.6421478
vt 0.6000000 -0.1750000
vt 0.1278522 0.2296188
vt 0.4000000 -0.1750000
vt 0.1278522 0.7703812
vt 0.6500000 -0.1750000
vt 0.2296188 0.1278522
vt 0.3500000 -0.1750000
vt 0.2296188 0.8721478
vt 0.7000000 -0.1750000
vt 0.3578522 0.0625140
vt 0.3000000 -0.1750000
vt 0.3578522 0.9374860
vt 0.7500000 -0.1750000
vt 0.5000000 0.0400000
vt 0.5000000 0.5000000
vt 0.2500000 -0.1750000
vt 0.5000000 0.9600000
vt 0.8000000 -0.1750000
vt 0.6421478 0.0625140
vt 0.2000000 -0.1750000
vt 0.6421478 0.9374860
vt 0.8500000 -0.1750000
vt 0.7703812 0.1278522
vt 0.1500000 -0.1750000
vt 0.7703812 0.8721478
vt 0.9000000 -0.1750000
vt 0.8721478 0.2296188
vt 0.1000000 -0.1750000
vt 0.8721478 0.7703812
vt 0.9500000 -0.1750000
vt 0.9374860 0.3578522
vt 0.0500000 -0.1750000
vt 0.9374860 0.6421478
vt 0.0000000 -0.1750000
vt 1.0000000 -0.1750000
vt 0.9600000 0.5000000
vt 0.5000000 -0.1750000
vt 0.0400000 0.5000000
vt 0.5500000 -0.1750000
vt 0.0625140 0.3578522
vt 0.4500000 -0.1750000
vt 0.0625140 0.6421478
vt 0.6000000 -0.1750000
vt 0.1278522 0.2296188
vt 0.4000000 -0.1750000
vt 0.1278522 0.7703812
vt 0.6500000 -0.1750000
vt 0.2296188 0.1278522
vt 0.3500000 -0.1750000
vt 0.2296188 0.8721478
vt 0.7000000 -0.1750000
vt 0.3578522 0.0625140
vt 0.3000000 -0.1750000
vt 0.3578522 0.9374860
vt 0.7500000 -0.1750000
vt 0.5000000 0.0400000
vt 0.5000000 0.5000000
vt 0.2500000 -0.1750000
vt 0.5000000 0.9600000
vt 0.8000000 -0.1750000
vt 0.6421478 0.0625140
vt 0.2000000 -0.1750000
vt 0.6421478 0.9374860
vt 0.8500000 -0.1750000
vt 0.7703812 0.1278522
vt 0.1500000 -0.1750000
vt 0.7703812 0.8721478
vt 0.9000000 -0.1750000
vt 0.8721478 0.2296188
vt 0.1000000 -0.1750000
vt 0.8721478 0.7703812
vt 0.9500000 -0.1750000
vt 0.9374860 0.3578522
vt 0.0500000 -0.1750000
vt 0.9374860 0.6421478
vt 0.0000000 -0.1750000
vt 1.0000000 -0.1750000
vt 0.9600000 0.5000000
vt 0.5000000 -0.1750000
vt 0.0400000 0.5000000
vt 0.5500000 -0.1750000
vt 0.0625140 0.3578522
vt 0.4500000 -0.1750000
vt 0.0625140 0.6421478
vt 0.6000000 -0.1750000
vt 0.1278522 0.2296188
vt 0.4000000 -0.1750000
vt 0.1278522 0.7703812
vt 0.6500000 -0.1750000
vt 0.2296188 0.1278522
vt 0.3500000 -0.1750000
vt 0.2296188 0.8721478
vt 0.7000000 -0.1750000
vt 0.3578522 0.0625140
vt 0.3000000 -0.1750000
vt 0.3578522 0.9374860
vt 0.7500000 -0.1750000
vt 0.5000000 0.0400000
vt 0.5000000 0.5000000
vt 0.2500000 -0.1750000
vt 0.5000000 0.9600000
vt 0.8000000 -0.1750000
vt 0.6421478 0.0625140
vt 0.2000000 -0.1750000
vt 0.6421478 0.9374860
vt 0.8500000 -0.1750000
vt 0.7703812 0.1278522
vt 0.1500000 -0.1750000
vt 0.7703812 0.8721478
vt 0.9000000 -0.1750000
vt 0.8721478 0.2296188
vt 0.1000000 -0.1750000
vt 0.8721478 0.7703812
vt 0.9500000 -0.1750000
vt 0.9374860 0.3578522
vt 0.0500000 -0.1750000
vt 0.9374860 0.6421478
vt 0.0000000 -0.1750000
vt 1.0000000 -0.1750000
vt 0.9600000 0.5000000
vt 0.5000000 -0.1750000
vt 0.0400000 0.5000000
vt 0.5500000 -0.1750000
vt 0.0625140 0.3578522
vt 0.4500000 -0.1750000
vt 0.0625140 0.6421478
vt 0.6000000 -0.1750000
vt 0.1278522 0.2296188
vt 0.4000000 -0.1750000
vt 0.1278522 0.7703812
vt 0.6500000 -0.1750000
vt 0.2296188 0.1278522
vt 0.3500000 -0.1750000
vt 0.2296188 0.8721478
vt 0.7000000 -0.1750000
vt 0.3578522 0.0625140
vt 0.3000000 -0.1750000
vt 0.3578522 0.9374860
vt 0.7500000 -0.1750000
vt 0.5000000 0.0400000
vt 0.5000000 0.5000000
vt 0.2500000 -0.1750000
vt 0.5000000 0.9600000
vt 0.8000000 -0.1750000
vt 0.6421478 0.0625140
vt 0.2000000 -0.1750000
vt 0.6421478 0.9374860
vt 0.8500000 -0.1750000
vt 0.7703812 0.1278522
vt 0.1500000 -0.1750000
vt 0.7703812 0.8721478
vt 0.9000000 -0.1750000
vt 0.8721478 0.2296188
vt 0.1000000 -0.1750000
vt 0.8721478 0.7703812
vt 0.9500000 -0.1750000
vt 0.9374860 0.3578522
vt 0.0500000 -0.1750000
vt 0.9374860 0.6421478
vt 0.0000000 -0.1750000
vt 1.0000000 -0.1750000
vt 0.9600000 0.5000000
vt 0.5000000 -0.1750000
vt 0.0400000 0.5000000
vt 0.5500000 -0.1750000
vt 0.0625140 0.3578522
vt 0.4500000 -0.1750000
vt 0.0625140 0.6421478
vt 0.6000000 -0.1750000
vt 0.1278522 0.2296188
vt 0.4000000 -0.1750000
vt 0.1278522 0.7703812
vt 0.6500000 -0.1750000
vt 0.2296188 0.1278522
vt 0.3500000 -0.1750000
vt 0.2296188 0.8721478
vt 0.7000000 -0.1750000
vt 0.3578522 0.0625140
vt 0.3000000 -0.1750000
vt 0.3578522 0.9374860
vt 0.7500000 -0.1750000
vt 0.5000000 0.0400000
vt 0.5000000 0.5000000
vt 0.2500000 -0.1750000
vt 0.5000000 0.9600000
vt 0.8000000 -0.1750000
vt 0.6421478 0.0625140
vt 0.2000000 -0.1750000
vt 0.6421478 0.9374860
vt 0.8500000 -0.1750000
vt 0.7703812 0.1278522
vt 0.1500000 -0.1750000
vt 0.7703812 0.8721478
vt 0.9000000 -0.1750000
vt 0.8721478 0.2296188
vt 0.1000000 -0.1750000
vt 0.8721478 0.7703812
vt 0.9500000 -0.1750000
vt 0.9374860 0.3578522
vt 0.0500000 -0.1750000
vt 0.9374860 0.6421478
vt 0.0000000 -0.1750000
vt 1.0000000 -0.1750000
vt 0.9600000 0.5000000
vt 0.5000000 -0.1750000
vt 0.0400000 0.5000000
vt 0.5500000 -0.1750000
vt 0.0625140 0.3578522
vt 0.4500000 -0.1750000
vt 0.0625140 0.6421478
vt 0.6000000 -0.1750000
vt 0.1278522 0.2296188
vt 0.4000000 -0.1750000
vt 0.1278522 0.7703812
vt 0.6500000 -0.1750000
vt 0.2296188 0.1278522
vt 0.3500000 -0.1750000
vt 0.2296188 0.8721478
vt 0.7000000 -0.1750000
vt 0.3578522 0.0625140
vt 0.3000000 -0.1750000
vt 0.3578522 0.9374860
vt 0.7500000 -0.1750000
vt 0.5000000 0.0400000
vt 0.5000000 0.5000000
vt 0.2500000 -0.1750000
vt 0.5000000 0.9600000
vt 0.8000000 -0.1750000
vt 0.6421478 0.0625140
vt 0.2000000 -0.1750000
vt 0.6421478 0.9374860
vt 0.8500000 -0.1750000
vt 0.7703812 0.1278522
vt 0.1500000 -0.1750000
vt 0.7703812 0.8721478
vt 0.9000000 -0.1750000
vt 0.8721478 0.2296188
vt 0.1000000 -0.1750000
vt 0.8721478 0.7703812
vt 0.9500000 -0.1750000
vt 0.9374860 0.3578522
vt 0.0500000 -0.1750000
vt 0.9374860 0.6421478
vt 0.0000000 -0.1750000
vt 1.0000000 -0.1750000
vt 0.9600000 0.5000000
vt 0.5000000 -0.1750000
vt 0.0400000 0.5000000
vt 0.5500000 -0.1750000
vt 0.0625140 0.3578522
vt 0.4500000 -0.1750000
vt 0.0625140 0.6421478
vt 0.6000000 -0.1750000
vt 0.1278522 0.2296188
vt 0.4000000 -0.1750000
vt 0.1278522 0.7703812
vt 0.6500000 -0.1750000
vt 0.2296188 0.1278522
vt 0.3500000 -0.1750000
vt 0.2296188 0.8721478
vt 0.7000000 -0.1750000
vt 0.3578522 0.0625140
vt 0.3000000 -0.1750000
vt 0.3578522 0.9374860
vt 0.7500000 -0.1750000
vt 0.5000000 0.0400000
vt 0.5000000 0.5000000
vt 0.2500000 -0.1750000
vt 0.5000000 0.9600000
vt 0.8000000 -0.1750000
vt 0.6421478 0.0625140
vt 0.2000000 -0.1750000
vt 0.6421478 0.9374860
vt 0.8500000 -0.1750000
vt 0.7703812 0.1278522
vt 0.1500000 -0.1750000
vt 0.7703812 0.8721478
vt 0.9000000 -0.1750000
vt 0.8721478 0.2296188
vt 0.1000000 -0.1750000
vt 0.8721478 0.7703812
vt 0.9500000 -0.1750000
vt 0.9374860 0.3578522
vt 0.0500000 -0.1750000
vt 0.9374860 0.6421478
vt 0.0000000 -0.1750000
vt 1.0000000 -0.1750000
vt 0.9600000 0.5000000
vt 0.5000000 -0.1750000
vt 0.0400000 0.5000000
vt 0.5500000 -0.1750000
vt 0.0625140 0.3578522
vt 0.4500000 -0.1750000
vt 0.0625140 0.6421478
vt 0.6000000 -0.1750000
vt 0.1278522 0.2296188
vt 0.4000000 -0.1750000
vt 0.1278522 0.7703812
vt 0.6500000 -0.1750000
vt 0.2296188 0.1278522
vt 0.3500000 -0.1750000
vt 0.2296188 0.8721478
vt 0.7000000 -0.1750000
vt 0.3578522 0.0625140
vt 0.3000000 -0.1750000
vt 0.3578522 0.9374860
vt 0.7500000 -0.1750000
vt 0.5000000 0.0400000
vt 0.5000000 0.5000000
vt 0.2500000 -0.1750000
vt 0.5000000 0.9600000
vt 0.8000000 -0.1750000
vt 0.6421478 0.0625140
vt 0.2000000 -0.1750000
vt 0.6421478 0.9374860
vt 0.8500000 -0.1750000
vt 0.7703812 0.1278522
vt 0.1500000 -0.1750000
vt 0.7703812 0.8721478
vt 0.9000000 -0.1750000
vt 0.8721478 0.2296188
vt 0.1000000 -0.1750000
vt 0.8721478 0.7703812
vt 0.9500000 -0.1750000
vt 0.9374860 0.3578522
vt 0.0500000 -0.1750000
vt 0.9374860 0.6421478
vt 0.0000000 -0.1750000
vt 1.0000000 -0.1750000
vt 0.9600000 0.5000000
vt 0.1551419 0.1159246
vt 0.1551419 0.1316599
vt 0.0704990 0.1159246
vt 0.1551419 0.1112923
vt 0.1551419 0.1159246
vt 0.1551419 0.1159246
vt 0.1551419 0.1362923
vt 0.1919276 0.1159246
vt 0.0704990 0.7596011
vt 0.1551419 0.1112923
vt 0.1551419 0.7596011
vt 0.1551419 0.1362923
vt 0.1551419 0.7596011
vt 0.1919276 0.7596011
vt 0.1551419 0.1159246
vt 0.1551419 0.1316599
vt 0.0929990 0.1159246
vt 0.1776419 0.1159246
vt 0.1694276 0.1159246
vt 0.1776419 0.1316599
vt 0.0929990 0.7596011
vt 0.1776419 0.1159246
vt 0.1694276 0.7596011
vt 0.1776419 0.1316599
vn -0.9383983 -0.0096524 -0.3454208
vn -0.9383983 -0.0096524 -0.3454208
vn -0.9750923 -0.0034961 0.2217719
vn -0.9750923 -0.0034961 0.2217719
vn -0.9918437 0.0070870 -0.1272630
vn -0.9918437 0.0070870 -0.1272630
vn -0.9750746 0.0069672 0.2217679
vn -0.9750746 0.0069672 0.2217679
vn -0.1655422 -0.9759788 -0.1416372
vn -0.3585847 -0.9173106 0.1730847
vn -0.2556302 -0.0119161 -0.9667012
vn -0.2556302 -0.0119161 -0.9667012
vn -0.2556302 -0.0119161 -0.9667012
vn -0.1515112 -0.0070626 0.9884303
vn -0.1515112 -0.0070626 0.9884303
vn -0.1515112 -0.0070626 0.9884303
vn -0.2562664 0.0059943 -0.9665876
vn -0.2562664 0.0059943 -0.9665876
vn -0.2562664 0.0059943 -0.9665876
vn -0.3865438 0.0052138 0.9222563
vn -0.3865438 0.0052138 0.9222563
vn -0.3865438 0.0052138 0.9222563
vn -0.1655422 0.9759788 -0.1416372
vn -0.3133664 0.9126860 0.2623087
vn -1.0000000 0.0000000 0.0000000
vn -0.1476956 -0.9890329 0.0000000
vn -1.0000000 0.0000000 0.0000000
vn -0.1476956 -0.9406262 -0.3056280
vn -1.0000000 0.0000000 0.0000000
vn -0.1476956 -0.9406262 0.3056280
vn -1.0000000 0.0000000 0.0000000
vn -0.1476956 -0.8001444 -0.5813389
vn -1.0000000 0.0000000 0.0000000
vn -0.1476956 -0.8001444 0.5813389
vn -1.0000000 0.0000000 0.0000000
vn -0.1476956 -0.5813389 -0.8001444
vn -1.0000000 0.0000000 0.0000000
vn -0.1476956 -0.5813389 0.8001444
vn -1.0000000 0.0000000 0.0000000
vn -0.1476956 -0.3056280 -0.9406262
vn -1.0000000 0.0000000 0.0000000
vn -0.1476956 -0.3056280 0.9406262
vn -1.0000000 0.0000000 0.0000000
vn -0.1476956 -0.0000000 -0.9890329
vn -1.0000000 0.0000000 0.0000000
vn -1.0000000 0.0000000 0.0000000
vn -0.1476956 0.0000000 0.9890329
vn -1.0000000 0.0000000 0.0000000
vn -0.1476956 0.3056280 -0.9406262
vn -1.0000000 0.0000000 0.0000000
vn -0.1476956 0.3056280 0.9406262
vn -1.0000000 0.0000000 0.0000000
vn -0.1476956 0.5813389 -0.8001444
vn -1.0000000 0.0000000 0.0000000
vn -0.1476956 0.5813389 0.8001444
vn -1.0000000 0.0000000 0.0000000
vn -0.1476956 0.8001444 -0.5813389
vn -1.0000000 0.0000000 0.0000000
vn -0.1476956 0.8001444 0.5813389
vn -1.0000000 0.0000000 0.0000000
vn -0.1476956 0.9406262 -0.3056280
vn -1.0000000 0.0000000 0.0000000
vn -0.1476956 0.9406262 0.3056280
vn -1.0000000 0.0000000 0.0000000
vn -0.1476956 0.9890329 0.0000000
vn -0.1476956 0.9890329 -0.0000000
vn -1.0000000 0.0000000 0.0000000
vn -0.1476956 -0.9890329 0.0000000
vn -1.0000000 0.0000000 0.0000000
vn -0.1476956 -0.9406262 -0.3056280
vn -1.0000000 0.0000000 0.0000000
vn -0.1476956 -0.9406262 0.3056280
vn -1.0000000 0.0000000 0.0000000
vn -0.1476956 -0.8001444 -0.5813389
vn -1.0000000 0.0000000 0.0000000
vn -0.1476956 -0.8001444 0.5813389
vn -1.0000000 0.0000000 0.0000000
vn -0.1476956 -0.5813389 -0.8001444
vn -1.0000000 0.0000000 0.0000000
vn -0.1476956 -0.5813389 0.8001444
vn -1.0000000 0.0000000 0.0000000
vn -0.1476956 -0.3056280 -0.9406262
vn -1.0000000 0.0000000 0.0000000
vn -0.1476956 -0.3056280 0.9406262
vn -1.0000000 0.0000000 0.0000000
vn -0.1476956 -0.0000000 -0.9890329
vn -1.0000000 0.0000000 0.0000000
vn -1.0000000 0.0000000 0.0000000
vn -0.1476956 0.0000000 0.9890329
vn -1.0000000 0.0000000 0.0000000
vn -0.1476956 0.3056280 -0.9406262
vn -1.0000000 0.0000000 0.0000000
vn -0.1476956 0.3056280 0.9406262
vn -1.0000000 0.0000000 0.0000000
vn -0.1476956 0.5813389 -0.8001444
vn -1.0000000 0.0000000 0.0000000
vn -0.1476956 0.5813389 0.8001444
vn -1.0000000 0.0000000 0.0000000
vn -0.1476956 0.8001444 -0.5813389
vn -1.0000000 0.0000000 0.0000000
vn -0.1476956 0.8001444 0.5813389
vn -1.0000000 0.0000000 0.0000000
vn -0.1476956 0.9406262 -0.3056280
vn -1.0000000 0.0000000 0.0000000
vn -0.1476956 0.9406262 0.3056280
vn -1.0000000 0.0000000 0.0000000
vn -0.1476956 0.9890329 0.0000000
vn -0.1476956 0.9890329 -0.0000000
vn -1.0000000 0.0000000 0.0000000
vn -0.1476956 -0.9890329 0.0000000
vn -1.0000000 0.0000000 0.0000000
vn -0.1476956 -0.9406262 -0.3056280
vn -1.0000000 0.0000000 0.0000000
vn -0.1476956 -0.9406262 0.3056280
vn -1.0000000 0.0000000 0.0000000
vn -0.1476956 -0.8001444 -0.5813389
vn -1.0000000 0.0000000 0.0000000
vn -0.1476956 -0.8001444 0.5813389
vn -1.0000000 0.0000000 0.0000000
vn -0.1476956 -0.5813389 -0.8001444
vn -1.0000000 0.0000000 0.0000000
vn -0.1476956 -0.5813389 0.8001444
vn -1.0000000 0.0000000 0.0000000
vn -0.1476956 -0.3056280 -0.9406262
vn -1.0000000 0.0000000 0.0000000
vn -0.1476956 -0.3056280 0.9406262
vn -1.0000000 0.0000000 0.0000000
vn -0.1476956 -0.0000000 -0.9890329
vn -1.0000000 0.0000000 0.0000000
vn -1.0000000 0.0000000 0.0000000
vn -0.1476956 0.0000000 0.9890329
vn -1.0000000 0.0000000 0.0000000
vn -0.1476956 0.3056280 -0.9406262
vn -1.0000000 0.0000000 0.0000000
vn -0.1476956 0.3056280 0.9406262
vn -1.0000000 0.0000000 0.0000000
vn -0.1476956 0.5813389 -0.8001444
vn -1.0000000 0.0000000 0.0000000
vn -0.1476956 0.5813389 0.8001444
vn -1.0000000 0.0000000 0.0000000
vn -0.1476956 0.8001444 -0.5813389
vn -1.0000000 0.0000000 0.0000000
vn -0.1476956 0.8001444 0.5813389
vn -1.0000000 0.0000000 0.0000000
vn -0.1476956 0.9406262 -0.3056280
vn -1.0000000 0.0000000 0.0000000
vn -0.1476956 0.9406262 0.3056280
vn -1.0000000 0.0000000 0.0000000
vn -0.1476956 0.9890329 0.0000000
vn -0.1476956 0.9890329 -0.0000000
vn -1.0000000 0.0000000 0.0000000
vn -0.1476956 -0.9890329 0.0000000
vn -1.0000000 0.0000000 0.0000000
vn -0.1476956 -0.9406262 -0.3056280
vn -1.0000000 0.0000000 0.0000000
vn -0.1476956 -0.9406262 0.3056280
vn -1.0000000 0.0000000 0.0000000
vn -0.1476956 -0.8001444 -0.5813389
vn -1.0000000 0.0000000 0.0000000
vn -0.1476956 -0.8001444 0.5813389
vn -1.0000000 0.0000000 0.0000000
vn -0.1476956 -0.5813389 -0.8001444
vn -1.0000000 0.0000000 0.0000000
vn -0.1476956 -0.5813389 0.8001444
vn -1.0000000 0.0000000 0.0000000
vn -0.1476956 -0.3056280 -0.9406262
vn -1.0000000 0.0000000 0.0000000
vn -0.1476956 -0.3056280 0.9406262
vn -1.0000000 0.0000000 0.0000000
vn -0.1476956 -0.0000000 -0.9890329
vn -1.0000000 0.0000000 0.0000000
vn -1.0000000 0.0000000 0.0000000
vn -0.1476956 0.0000000 0.9890329
vn -1.0000000 0.0000000 0.0000000
vn -0.1476956 0.3056280 -0.9406262
vn -1.0000000 0.0000000 0.0000000
vn -0.1476956 0.3056280 0.9406262
vn -1.0000000 0.0000000 0.0000000
vn -0.1476956 0.5813389 -0.8001444
vn -1.0000000 0.0000000 0.0000000
vn -0.1476956 0.5813389 0.8001444
vn -1.0000000 0.0000000 0.0000000
vn -0.1476956 0.8001444 -0.5813389
vn -1.0000000 0.0000000 0.0000000
vn -0.1476956 0.8001444 0.5813389
vn -1.0000000 0.0000000 0.0000000
vn -0.1476956 0.9406262 -0.3056280
vn -1.0000000 0.0000000 0.0000000
vn -0.1476956 0.9406262 0.3056280
vn -1.0000000 0.0000000 0.0000000
vn -0.1476956 0.9890329 0.0000000
vn -0.1476956 0.9890329 -0.0000000
vn -1.0000000 0.0000000 0.0000000
vn -0.1476956 -0.9890329 0.0000000
vn -1.0000000 0.0000000 0.0000000
vn -0.1476956 -0.9406262 -0.3056280
vn -1.0000000 0.0000000 0.0000000
vn -0.1476956 -0.9406262 0.3056280
vn -1.0000000 0.0000000 0.0000000
vn -0.1476956 -0.8001444 -0.5813389
vn -1.0000000 0.0000000 0.0000000
vn -0.1476956 -0.8001444 0.5813389
vn -1.0000000 0.0000000 0.0000000
vn -0.1476956 -0.5813389 -0.8001444
vn -1.0000000 0.0000000 0.0000000
vn -0.1476956 -0.5813389 0.8001444
vn -1.0000000 0.0000000 0.0000000
vn -0.1476956 -0.3056280 -0.9406262
vn -1.0000000 0.0000000 0.0000000
vn -0.1476956 -0.3056280 0.9406262
vn -1.0000000 0.0000000 0.0000000
vn -0.1476956 -0.0000000 -0.9890329
vn -1.0000000 0.0000000 0.0000000
vn -1.0000000 0.0000000 0.0000000
vn -0.1476956 0.0000000 0.9890329
vn -1.0000000 0.0000000 0.0000000
vn -0.1476956 0.3056280 -0.9406262
vn -1.0000000 0.0000000 0.0000000
vn -0.1476956 0.3056280 0.9406262
vn -1.0000000 0.0000000 0.0000000
vn -0.1476956 0.5813389 -0.8001444
vn -1.0000000 0.0000000 0.0000000
vn -0.1476956 0.5813389 0.8001444
vn -1.0000000 0.0000000 0.0000000
vn -0.1476956 0.8001444 -0.5813389
vn -1.0000000 0.0000000 0.0000000
vn -0.1476956 0.8001444 0.5813389
vn -1.0000000 0.0000000 0.0000000
vn -0.1476956 0.9406262 -0.3056280
vn -1.0000000 0.0000000 0.0000000
vn -0.1476956 0.9406262 0.3056280
vn -1.0000000 0.0000000 0.0000000
vn -0.1476956 0.9890329 0.0000000
vn -0.1476956 0.9890329 -0.0000000
vn -1.0000000 0.0000000 0.0000000
vn -0.1476956 -0.9890329 0.0000000
vn -1.0000000 0.0000000 0.0000000
vn -0.1476956 -0.9406262 -0.3056280
vn -1.0000000 0.0000000 0.0000000
vn -0.1476956 -0.9406262 0.3056280
vn -1.0000000 0.0000000 0.0000000
vn -0.1476956 -0.8001444 -0.5813389
vn -1.0000000 0.0000000 0.0000000
vn -0.1476956 -0.8001444 0.5813389
vn -1.0000000 0.0000000 0.0000000
vn -0.1476956 -0.5813389 -0.8001444
vn -1.0000000 0.0000000 0.0000000
vn -0.1476956 -0.5813389 0.8001444
vn -1.0000000 0.0000000 0.0000000
vn -0.1476956 -0.3056280 -0.9406262
vn -1.0000000 0.0000000 0.0000000
vn -0.1476956 -0.3056280 0.9406262
vn -1.0000000 0.0000000 0.0000000
vn -0.1476956 -0.0000000 -0.9890329
vn -1.0000000 0.0000000 0.0000000
vn -1.0000000 0.0000000 0.0000000
vn -0.1476956 0.0000000 0.9890329
vn -1.0000000 0.0000000 0.0000000
vn -0.1476956 0.3056280 -0.9406262
vn -1.0000000 0.0000000 0.0000000
vn -0.1476956 0.3056280 0.9406262
vn -1.0000000 0.0000000 0.0000000
vn -0.1476956 0.5813389 -0.8001444
vn -1.0000000 0.0000000 0.0000000
vn -0.1476956 0.5813389 0.8001444
vn -1.0000000 0.0000000 0.0000000
vn -0.1476956 0.8001444 -0.5813389
vn -1.0000000 0.0000000 0.0000000
vn -0.1476956 0.8001444 0.5813389
vn -1.0000000 0.0000000 0.0000000
vn -0.1476956 0.9406262 -0.3056280
vn -1.0000000 0.0000000 0.0000000
vn -0.1476956 0.9406262 0.3056280
vn -1.0000000 0.0000000 0.0000000
vn -0.1476956 0.9890329 0.0000000
vn -0.1476956 0.9890329 -0.0000000
vn -1.0000000 0.0000000 0.0000000
vn -0.1476956 -0.9890329 0.0000000
vn -1.0000000 0.0000000 0.0000000
vn -0.1476956 -0.9406262 -0.3056280
vn -1.0000000 0.0000000 0.0000000
vn -0.1476956 -0.9406262 0.3056280
vn -1.0000000 0.0000000 0.0000000
vn -0.1476956 -0.8001444 -0.5813389
vn -1.0000000 0.0000000 0.0000000
vn -0.1476956 -0.8001444 0.5813389
vn -1.0000000 0.0000000 0.0000000
vn -0.1476956 -0.5813389 -0.8001444
vn -1.0000000 0.0000000 0.0000000
vn -0.1476956 -0.5813389 0.8001444
vn -1.0000000 0.0000000 0.0000000
vn -0.1476956 -0.3056280 -0.9406262
vn -1.0000000 0.0000000 0.0000000
vn -0.1476956 -0.3056280 0.9406262
vn -1.0000000 0.0000000 0.0000000
vn -0.1476956 -0.0000000 -0.9890329
vn -1.0000000 0.0000000 0.0000000
vn -1.0000000 0.0000000 0.0000000
vn -0.1476956 0.0000000 0.9890329
vn -1.0000000 0.0000000 0.0000000
vn -0.1476956 0.3056280 -0.9406262
vn -1.0000000 0.0000000 0.0000000
vn -0.1476956 0.3056280 0.9406262
vn -1.0000000 0.0000000 0.0000000
vn -0.1476956 0.5813389 -0.8001444
vn -1.0000000 0.0000000 0.0000000
vn -0.1476956 0.5813389 0.8001444
vn -1.0000000 0.0000000 0.0000000
vn -0.1476956 0.8001444 -0.5813389
vn -1.0000000 0.0000000 0.0000000
vn -0.1476956 0.8001444 0.5813389
vn -1.0000000 0.0000000 0.0000000
vn -0.1476956 0.9406262 -0.3056280
vn -1.0000000 0.0000000 0.0000000
vn -0.1476956 0.9406262 0.3056280
vn -1.0000000 0.0000000 0.0000000
vn -0.1476956 0.9890329 0.0000000
vn -0.1476956 0.9890329 -0.0000000
vn -1.0000000 0.0000000 0.0000000
vn -0.1476956 -0.9890329 0.0000000
vn -1.0000000 0.0000000 0.0000000
vn -0.1476956 -0.9406262 -0.3056280
vn -1.0000000 0.0000000 0.0000000
vn -0.1476956 -0.9406262 0.3056280
vn -1.0000000 0.0000000 0.0000000
vn -0.1476956 -0.8001444 -0.5813389
vn -1.0000000 0.0000000 0.0000000
vn -0.1476956 -0.8001444 0.5813389
vn -1.0000000 0.0000000 0.0000000
vn -0.1476956 -0.5813389 -0.8001444
vn -1.0000000 0.0000000 0.0000000
vn -0.1476956 -0.5813389 0.8001444
vn -1.0000000 0.0000000 0.0000000
vn -0.1476956 -0.3056280 -0.9406262
vn -1.0000000 0.0000000 0.0000000
vn -0.1476956 -0.3056280 0.9406262
vn -1.0000000 0.0000000 0.0000000
vn -0.1476956 -0.0000000 -0.9890329
vn -1.0000000 0.0000000 0.0000000
vn -1.0000000 0.0000000 0.0000000
vn -0.1476956 0.0000000 0.9890329
vn -1.0000000 0.0000000 0.0000000
vn -0.1476956 0.3056280 -0.9406262
vn -1.0000000 0.0000000 0.0000000
vn -0.1476956 0.3056280 0.9406262
vn -1.0000000 0.0000000 0.0000000
vn -0.1476956 0.5813389 -0.8001444
vn -1.0000000 0.0000000 0.0000000
vn -0.1476956 0.5813389 0.8001444
vn -1.0000000 0.0000000 0.0000000
vn -0.1476956 0.8001444 -0.5813389
vn -1.0000000 0.0000000 0.0000000
vn -0.1476956 0.8001444 0.5813389
vn -1.0000000 0.0000000 0.0000000
vn -0.1476956 0.9406262 -0.3056280
vn -1.0000000 0.0000000 0.0000000
vn -0.1476956 0.9406262 0.3056280
vn -1.0000000 0.0000000 0.0000000
vn -0.1476956 0.9890329 0.0000000
vn -0.1476956 0.9890329 -0.0000000
vn -0.0740511 -0.9972544 0.0000000
vn -0.0740511 -0.9484453 -0.3081686
vn -0.0740511 -0.9484453 0.3081686
vn -0.0740511 -0.8067958 -0.5861715
vn -0.0740511 -0.8067958 0.5861715
vn -0.0740511 -0.5861715 -0.8067958
vn -0.0740511 -0.5861715 0.8067958
vn -0.0740511 -0.3081686 -0.9484453
vn -0.0740511 -0.3081686 0.9484453
vn -0.0740511 -0.0000000 -0.9972544
vn -0.0740511 0.0000000 0.9972544
vn -0.0740511 0.3081686 -0.9484453
vn -0.0740511 0.3081686 0.9484453
vn -0.0740511 0.5861715 -0.8067958
vn -0.0740511 0.5861715 0.8067958
vn -0.0740511 0.8067958 -0.5861715
vn -0.0740511 0.8067958 0.5861715
vn -0.0740511 0.9484453 -0.3081686
vn -0.0740511 0.9484453 0.3081686
vn -0.0740511 0.9972544 0.0000000
vn -0.0740511 0.9972544 -0.0000000
vn -0.0740511 -0.9972544 0.0000000
vn -0.0740511 -0.9484453 -0.3081686
vn -0.0740511 -0.9484453 0.3081686
vn -0.0740511 -0.8067958 -0.5861715
vn -0.0740511 -0.8067958 0.5861715
vn -0.0740511 -0.5861715 -0.8067958
vn -0.0740511 -0.5861715 0.8067958
vn -0.0740511 -0.3081686 -0.9484453
vn -0.0740511 -0.3081686 0.9484453
vn -0.0740511 -0.0000000 -0.9972544
vn -0.0740511 0.0000000 0.9972544
vn -0.0740511 0.3081686 -0.9484453
vn -0.0740511 0.3081686 0.9484453
vn -0.0740511 0.5861715 -0.8067958
vn -0.0740511 0.5861715 0.8067958
vn -0.0740511 0.8067958 -0.5861715
vn -0.0740511 0.8067958 0.5861715
vn -0.0740511 0.9484453 -0.3081686
vn -0.0740511 0.9484453 0.3081686
vn -0.0740511 0.9972544 0.0000000
vn -0.0740511 0.9972544 -0.0000000
vn -0.0740511 -0.9972544 0.0000000
vn -0.0740511 -0.9484453 -0.3081686
vn -0.0740511 -0.9484453 0.3081686
vn -0.0740511 -0.8067958 -0.5861715
vn -0.0740511 -0.8067958 0.5861715
vn -0.0740511 -0.5861715 -0.8067958
vn -0.0740511 -0.5861715 0.8067958
vn -0.0740511 -0.3081686 -0.9484453
vn -0.0740511 -0.3081686 0.9484453
vn -0.0740511 -0.0000000 -0.9972544
vn -0.0740511 0.0000000 0.9972544
vn -0.0740511 0.3081686 -0.9484453
vn -0.0740511 0.3081686 0.9484453
vn -0.0740511 0.5861715 -0.8067958
vn -0.0740511 0.5861715 0.8067958
vn -0.0740511 0.8067958 -0.5861715
vn -0.0740511 0.8067958 0.5861715
vn -0.0740511 0.9484453 -0.3081686
vn -0.0740511 0.9484453 0.3081686
vn -0.0740511 0.9972544 0.0000000
vn -0.0740511 0.9972544 -0.0000000
vn -0.0740511 -0.9972544 0.0000000
vn -0.0740511 -0.9484453 -0.3081686
vn -0.0740511 -0.9484453 0.3081686
vn -0.0740511 -0.8067958 -0.5861715
vn -0.0740511 -0.8067958 0.5861715
vn -0.0740511 -0.5861715 -0.8067958
vn -0.0740511 -0.5861715 0.8067958
vn -0.0740511 -0.3081686 -0.9484453
vn -0.0740511 -0.3081686 0.9484453
vn -0.0740511 -0.0000000 -0.9972544
vn -0.0740511 0.0000000 0.9972544
vn -0.0740511 0.3081686 -0.9484453
vn -0.0740511 0.3081686 0.9484453
vn -0.0740511 0.5861715 -0.8067958
vn -0.0740511 0.5861715 0.8067958
vn -0.0740511 0.8067958 -0.5861715
vn -0.0740511 0.8067958 0.5861715
vn -0.0740511 0.9484453 -0.3081686
vn -0.0740511 0.9484453 0.3081686
vn -0.0740511 0.9972544 0.0000000
vn -0.0740511 0.9972544 -0.0000000
vn -0.0740511 -0.9972544 0.0000000
vn -0.0740511 -0.9484453 -0.3081686
vn -0.0740511 -0.9484453 0.3081686
vn -0.0740511 -0.8067958 -0.5861715
vn -0.0740511 -0.8067958 0.5861715
vn -0.0740511 -0.5861715 -0.8067958
vn -0.0740511 -0.5861715 0.8067958
vn -0.0740511 -0.3081686 -0.9484453
vn -0.0740511 -0.3081686 0.9484453
vn -0.0740511 -0.0000000 -0.9972544
vn -0.0740511 0.0000000 0.9972544
vn -0.0740511 0.3081686 -0.9484453
vn -0.0740511 0.3081686 0.9484453
vn -0.0740511 0.5861715 -0.8067958
vn -0.0740511 0.5861715 0.8067958
vn -0.0740511 0.8067958 -0.5861715
vn -0.0740511 0.8067958 0.5861715
vn -0.0740511 0.9484453 -0.3081686
vn -0.0740511 0.9484453 0.3081686
vn -0.0740511 0.9972544 0.0000000
vn -0.0740511 0.9972544 -0.0000000
vn -0.0740511 -0.9972544 0.0000000
vn -0.0740511 -0.9484453 -0.3081686
vn -0.0740511 -0.9484453 0.3081686
vn -0.0740511 -0.8067958 -0.5861715
vn -0.0740511 -0.8067958 0.5861715
vn -0.0740511 -0.5861715 -0.8067958
vn -0.0740511 -0.5861715 0.8067958
vn -0.0740511 -0.3081686 -0.9484453
vn -0.0740511 -0.3081686 0.9484453
vn -0.0740511 -0.0000000 -0.9972544
vn -0.0740511 0.0000000 0.9972544
vn -0.0740511 0.3081686 -0.9484453
vn -0.0740511 0.3081686 0.9484453
vn -0.0740511 0.5861715 -0.8067958
vn -0.0740511 0.5861715 0.8067958
vn -0.0740511 0.8067958 -0.5861715
vn -0.0740511 0.8067958 0.5861715
vn -0.0740511 0.9484453 -0.3081686
vn -0.0740511 0.9484453 0.3081686
vn -0.0740511 0.9972544 0.0000000
vn -0.0740511 0.9972544 -0.0000000
vn -0.0740511 -0.9972544 0.0000000
vn -0.0740511 -0.9484453 -0.3081686
vn -0.0740511 -0.9484453 0.3081686
vn -0.0740511 -0.8067958 -0.5861715
vn -0.0740511 -0.8067958 0.5861715
vn -0.0740511 -0.5861715 -0.8067958
vn -0.0740511 -0.5861715 0.8067958
vn -0.0740511 -0.3081686 -0.9484453
vn -0.0740511 -0.3081686 0.9484453
vn -0.0740511 -0.0000000 -0.9972544
vn -0.0740511 0.0000000 0.9972544
vn -0.0740511 0.3081686 -0.9484453
vn -0.0740511 0.3081686 0.9484453
vn -0.0740511 0.5861715 -0.8067958
vn -0.0740511 0.5861715 0.8067958
vn -0.0740511 0.8067958 -0.5861715
vn -0.0740511 0.8067958 0.5861715
vn -0.0740511 0.9484453 -0.3081686
vn -0.0740511 0.9484453 0.3081686
vn -0.0740511 0.9972544 0.0000000
vn -0.0740511 0.9972544 -0.0000000
vn -0.0740511 -0.9972544 0.0000000
vn -0.0740511 -0.9484453 -0.3081686
vn -0.0740511 -0.9484453 0.3081686
vn -0.0740511 -0.8067958 -0.5861715
vn -0.0740511 -0.8067958 0.5861715
vn -0.0740511 -0.5861715 -0.8067958
vn -0.0740511 -0.5861715 0.8067958
vn -0.0740511 -0.3081686 -0.9484453
vn -0.0740511 -0.3081686 0.9484453
vn -0.0740511 -0.0000000 -0.9972544
vn -0.0740511 0.0000000 0.9972544
vn -0.0740511 0.3081686 -0.9484453
vn -0.0740511 0.3081686 0.9484453
vn -0.0740511 0.5861715 -0.8067958
vn -0.0740511 0.5861715 0.8067958
vn -0.0740511 0.8067958 -0.5861715
vn -0.0740511 0.8067958 0.5861715
vn -0.0740511 0.9484453 -0.3081686
vn -0.0740511 0.9484453 0.3081686
vn -0.0740511 0.9972544 0.0000000
vn -0.0740511 0.9972544 -0.0000000
vn 0.2109396 -0.9260380 -0.3129825
vn 0.2315927 -0.9533014 0.1938587
vn 0.1519629 -0.0040847 -0.9883778
vn 0.1519629 -0.0040847 -0.9883778
vn 0.1519629 -0.0040847 -0.9883778
vn 0.2568950 -0.0069053 0.9664146
vn 0.2568950 -0.0069053 0.9664146
vn 0.2568950 -0.0069053 0.9664146
vn 0.3865438 0.0052138 -0.9222563
vn 0.3865438 0.0052138 -0.9222563
vn 0.3865438 0.0052138 -0.9222563
vn 0.2562664 0.0059943 0.9665876
vn 0.2562664 0.0059943 0.9665876
vn 0.2562664 0.0059943 0.9665876
vn 0.2109396 0.9260380 -0.3129825
vn 0.2549485 0.9590919 0.1230607
vn 0.9383983 -0.0096524 -0.3454208
vn 0.9383983 -0.0096524 -0.3454208
vn 0.9750923 -0.0034961 0.2217719
vn 0.9750923 -0.0034961 0.2217719
vn 0.9918437 0.0070870 -0.1272630
vn 0.9918437 0.0070870 -0.1272630
vn 0.9750746 0.0069672 0.2217679
vn 0.9750746 0.0069672 0.2217679
vn -0.9383983 -0.0096524 -0.3454208
vn -0.9383983 -0.0096524 -0.3454208
vn -0.9750923 -0.0034961 0.2217719
vn -0.9750923 -0.0034961 0.2217719
vn -0.9918437 0.0070870 -0.1272630
vn -0.9918437 0.0070870 -0.1272630
vn -0.9750746 0.0069672 0.2217679
vn -0.9750746 0.0069672 0.2217679
vn -0.1655422 -0.9759788 -0.1416372
vn -0.3585847 -0.9173106 0.1730847
vn -0.2556302 -0.0119161 -0.9667012
vn -0.2556302 -0.0119161 -0.9667012
vn -0.2556302 -0.0119161 -0.9667012
vn -0.1515112 -0.0070626 0.9884303
vn -0.1515112 -0.0070626 0.9884303
vn -0.1515112 -0.0070626 0.9884303
vn -0.2562664 0.0059943 -0.9665876
vn -0.2562664 0.0059943 -0.9665876
vn -0.2562664 0.0059943 -0.9665876
vn -0.3865438 0.0052138 0.9222563
vn -0.3865438 0.0052138 0.9222563
vn -0.3865438 0.0052138 0.9222563
vn -0.1655422 0.9759788 -0.1416372
vn -0.3133664 0.9126860 0.2623087
vn 0.0740511 -0.9972544 0.0000000
vn 0.0740511 -0.9484453 -0.3081686
vn 0.0740511 -0.9484453 0.3081686
vn 0.0740511 -0.8067958 -0.5861715
vn 0.0740511 -0.8067958 0.5861715
vn 0.0740511 -0.5861715 -0.8067958
vn 0.0740511 -0.5861715 0.8067958
vn 0.0740511 -0.3081686 -0.9484453
vn 0.0740511 -0.3081686 0.9484453
vn 0.0740511 -0.0000000 -0.9972544
vn 0.0740511 0.0000000 0.9972544
vn 0.0740511 0.3081686 -0.9484453
vn 0.0740511 0.3081686 0.9484453
vn 0.0740511 0.5861715 -0.8067958
vn 0.0740511 0.5861715 0.8067958
vn 0.0740511 0.8067958 -0.5861715
vn 0.0740511 0.8067958 0.5861715
vn 0.0740511 0.9484453 -0.3081686
vn 0.0740511 0.9484453 0.3081686
vn 0.0740511 0.9972544 0.0000000
vn 0.0740511 0.9972544 -0.0000000
vn 0.0740511 -0.9972544 0.0000000
vn 0.0740511 -0.9484453 -0.3081686
vn 0.0740511 -0.9484453 0.3081686
vn 0.0740511 -0.8067958 -0.5861715
vn 0.0740511 -0.8067958 0.5861715
vn 0.0740511 -0.5861715 -0.8067958
vn 0.0740511 -0.5861715 0.8067958
vn 0.0740511 -0.3081686 -0.9484453
vn 0.0740511 -0.3081686 0.9484453
vn 0.0740511 -0.0000000 -0.9972544
vn 0.0740511 0.0000000 0.9972544
vn 0.0740511 0.3081686 -0.9484453
vn 0.0740511 0.3081686 0.9484453
vn 0.0740511 0.5861715 -0.8067958
vn 0.0740511 0.5861715 0.8067958
vn 0.0740511 0.8067958 -0.5861715
vn 0.0740511 0.8067958 0.5861715
vn 0.0740511 0.9484453 -0.3081686
vn 0.0740511 0.9484453 0.3081686
vn 0.0740511 0.9972544 0.0000000
vn 0.0740511 0.9972544 -0.0000000
vn 0.0740511 -0.9972544 0.0000000
vn 0.0740511 -0.9484453 -0.3081686
vn 0.0740511 -0.9484453 0.3081686
vn 0.0740511 -0.8067958 -0.5861715
vn 0.0740511 -0.8067958 0.5861715
vn 0.0740511 -0.5861715 -0.8067958
vn 0.0740511 -0.5861715 0.8067958
vn 0.0740511 -0.3081686 -0.9484453
vn 0.0740511 -0.3081686 0.9484453
vn 0.0740511 -0.0000000 -0.9972544
vn 0.0740511 0.0000000 0.9972544
vn 0.0740511 0.3081686 -0.9484453
vn 0.0740511 0.3081686 0.9484453
vn 0.0740511 0.5861715 -0.8067958
vn 0.0740511 0.5861715 0.8067958
vn 0.0740511 0.8067958 -0.5861715
vn 0.0740511 0.8067958 0.5861715
vn 0.0740511 0.9484453 -0.3081686
vn 0.0740511 0.9484453 0.3081686
vn 0.0740511 0.9972544 0.0000000
vn 0.0740511 0.9972544 -0.0000000
vn 0.0740511 -0.9972544 0.0000000
vn 0.0740511 -0.9484453 -0.3081686
vn 0.0740511 -0.9484453 0.3081686
vn 0.0740511 -0.8067958 -0.5861715
vn 0.0740511 -0.8067958 0.5861715
vn 0.0740511 -0.5861715 -0.8067958
vn 0.0740511 -0.5861715 0.8067958
vn 0.0740511 -0.3081686 -0.9484453
vn 0.0740511 -0.3081686 0.9484453
vn 0.0740511 -0.0000000 -0.9972544
vn 0.0740511 0.0000000 0.9972544
vn 0.0740511 0.3081686 -0.9484453
vn 0.0740511 0.3081686 0.9484453
vn 0.0740511 0.5861715 -0.8067958
vn 0.0740511 0.5861715 0.8067958
vn 0.0740511 0.8067958 -0.5861715
vn 0.0740511 0.8067958 0.5861715
vn 0.0740511 0.9484453 -0.3081686
vn 0.0740511 0.9484453 0.3081686
vn 0.0740511 0.9972544 0.0000000
vn 0.0740511 0.9972544 -0.0000000
vn 0.0740511 -0.9972544 0.0000000
vn 0.0740511 -0.9484453 -0.3081686
vn 0.0740511 -0.9484453 0.3081686
vn 0.0740511 -0.8067958 -0.5861715
vn 0.0740511 -0.8067958 0.5861715
vn 0.0740511 -0.5861715 -0.8067958
vn 0.0740511 -0.5861715 0.8067958
vn 0.0740511 -0.3081686 -0.9484453
vn 0.0740511 -0.3081686 0.9484453
vn 0.0740511 -0.0000000 -0.9972544
vn 0.0740511 0.0000000 0.9972544
vn 0.0740511 0.3081686 -0.9484453
vn 0.0740511 0.3081686 0.9484453
vn 0.0740511 0.5861715 -0.8067958
vn 0.0740511 0.5861715 0.8067958
vn 0.0740511 0.8067958 -0.5861715
vn 0.0740511 0.8067958 0.5861715
vn 0.0740511 0.9484453 -0.3081686
vn 0.0740511 0.9484453 0.3081686
vn 0.0740511 0.9972544 0.0000000
vn 0.0740511 0.9972544 -0.0000000
vn 0.0740511 -0.9972544 0.0000000
vn 0.0740511 -0.9484453 -0.3081686
vn 0.0740511 -0.9484453 0.3081686
vn 0.0740511 -0.8067958 -0.5861715
vn 0.0740511 -0.8067958 0.5861715
vn 0.0740511 -0.5861715 -0.8067958
vn 0.0740511 -0.5861715 0.8067958
vn 0.0740511 -0.3081686 -0.9484453
vn 0.0740511 -0.3081686 0.9484453
vn 0.0740511 -0.0000000 -0.9972544
vn 0.0740511 0.0000000 0.9972544
vn 0.0740511 0.3081686 -0.9484453
vn 0.0740511 0.3081686 0.9484453
vn 0.0740511 0.5861715 -0.8067958
vn 0.0740511 0.5861715 0.8067958
vn 0.0740511 0.8067958 -0.5861715
vn 0.0740511 0.8067958 0.5861715
vn 0.0740511 0.9484453 -0.3081686
vn 0.0740511 0.9484453 0.3081686
vn 0.0740511 0.9972544 0.0000000
vn 0.0740511 0.9972544 -0.0000000
vn 0.0740511 -0.9972544 0.0000000
vn 0.0740511 -0.9484453 -0.3081686
vn 0.0740511 -0.9484453 0.3081686
vn 0.0740511 -0.8067958 -0.5861715
vn 0.0740511 -0.8067958 0.5861715
vn 0.0740511 -0.5861715 -0.8067958
vn 0.0740511 -0.5861715 0.8067958
vn 0.0740511 -0.3081686 -0.9484453
vn 0.0740511 -0.3081686 0.9484453
vn 0.0740511 -0.0000000 -0.9972544
vn 0.0740511 0.0000000 0.9972544
vn 0.0740511 0.3081686 -0.9484453
vn 0.0740511 0.3081686 0.9484453
vn 0.0740511 0.5861715 -0.8067958
vn 0.0740511 0.5861715 0.8067958
vn 0.0740511 0.8067958 -0.5861715
vn 0.0740511 0.8067958 0.5861715
vn 0.0740511 0.9484453 -0.3081686
vn 0.0740511 0.9484453 0.3081686
vn 0.0740511 0.9972544 0.0000000
vn 0.0740511 0.9972544 -0.0000000
vn 0.0740511 -0.9972544 0.0000000
vn 0.0740511 -0.9484453 -0.3081686
vn 0.0740511 -0.9484453 0.3081686
vn 0.0740511 -0.8067958 -0.5861715
vn 0.0740511 -0.8067958 0.5861715
vn 0.0740511 -0.5861715 -0.8067958
vn 0.0740511 -0.5861715 0.8067958
vn 0.0740511 -0.3081686 -0.9484453
vn 0.0740511 -0.3081686 0.9484453
vn 0.0740511 -0.0000000 -0.9972544
vn 0.0740511 0.0000000 0.9972544
vn 0.0740511 0.3081686 -0.9484453
vn 0.0740511 0.3081686 0.9484453
vn 0.0740511 0.5861715 -0.8067958
vn 0.0740511 0.5861715 0.8067958
vn 0.0740511 0.8067958 -0.5861715
vn 0.0740511 0.8067958 0.5861715
vn 0.0740511 0.9484453 -0.3081686
vn 0.0740511 0.9484453 0.3081686
vn 0.0740511 0.9972544 0.0000000
vn 0.0740511 0.9972544 -0.0000000
vn 0.1476956 -0.9890329 0.0000000
vn 1.0000000 -0.0000000 0.0000000
vn 0.1476956 -0.9406262 -0.3056280
vn 1.0000000 -0.0000000 0.0000000
vn 0.1476956 -0.9406262 0.3056280
vn 1.0000000 -0.0000000 0.0000000
vn 0.1476956 -0.8001444 -0.5813389
vn 1.0000000 -0.0000000 0.0000000
vn 0.1476956 -0.8001444 0.5813389
vn 1.0000000 -0.0000000 0.0000000
vn 0.1476956 -0.5813389 -0.8001444
vn 1.0000000 -0.0000000 0.0000000
vn 0.1476956 -0.5813389 0.8001444
vn 1.0000000 -0.0000000 0.0000000
vn 0.1476956 -0.3056280 -0.9406262
vn 1.0000000 -0.0000000 0.0000000
vn 0.1476956 -0.3056280 0.9406262
vn 1.0000000 -0.0000000 0.0000000
vn 0.1476956 -0.0000000 -0.9890329
vn 1.0000000 -0.0000000 0.0000000
vn 1.0000000 -0.0000000 0.0000000
vn 0.1476956 0.0000000 0.9890329
vn 1.0000000 -0.0000000 0.0000000
vn 0.1476956 0.3056280 -0.9406262
vn 1.0000000 -0.0000000 0.0000000
vn 0.1476956 0.3056280 0.9406262
vn 1.0000000 -0.0000000 0.0000000
vn 0.1476956 0.5813389 -0.8001444
vn 1.0000000 -0.0000000 0.0000000
vn 0.1476956 0.5813389 0.8001444
vn 1.0000000 -0.0000000 0.0000000
vn 0.1476956 0.8001444 -0.5813389
vn 1.0000000 -0.0000000 0.0000000
vn 0.1476956 0.8001444 0.5813389
vn 1.0000000 -0.0000000 0.0000000
vn 0.1476956 0.9406262 -0.3056280
vn 1.0000000 -0.0000000 0.0000000
vn 0.1476956 0.9406262 0.3056280
vn 1.0000000 -0.0000000 0.0000000
vn 0.1476956 0.9890329 0.0000000
vn 0.1476956 0.9890329 -0.0000000
vn 1.0000000 -0.0000000 0.0000000
vn 0.1476956 -0.9890329 0.0000000
vn 1.0000000 -0.0000000 0.0000000
vn 0.1476956 -0.9406262 -0.3056280
vn 1.0000000 -0.0000000 0.0000000
vn 0.1476956 -0.9406262 0.3056280
vn 1.0000000 -0.0000000 0.0000000
vn 0.1476956 -0.8001444 -0.5813389
vn 1.0000000 -0.0000000 0.0000000
vn 0.1476956 -0.8001444 0.5813389
vn 1.0000000 -0.0000000 0.0000000
vn 0.1476956 -0.5813389 -0.8001444
vn 1.0000000 -0.0000000 0.0000000
vn 0.1476956 -0.5813389 0.8001444
vn 1.0000000 -0.0000000 0.0000000
vn 0.1476956 -0.3056280 -0.9406262
vn 1.0000000 -0.0000000 0.0000000
vn 0.1476956 -0.3056280 0.9406262
vn 1.0000000 -0.0000000 0.0000000
vn 0.1476956 -0.0000000 -0.9890329
vn 1.0000000 -0.0000000 0.0000000
vn 1.0000000 -0.0000000 0.0000000
vn 0.1476956 0.0000000 0.9890329
vn 1.0000000 -0.0000000 0.0000000
vn 0.1476956 0.3056280 -0.9406262
vn 1.0000000 -0.0000000 0.0000000
vn 0.1476956 0.3056280 0.9406262
vn 1.0000000 -0.0000000 0.0000000
vn 0.1476956 0.5813389 -0.8001444
vn 1.0000000 -0.0000000 0.0000000
vn 0.1476956 0.5813389 0.8001444
vn 1.0000000 -0.0000000 0.0000000
vn 0.1476956 0.8001444 -0.5813389
vn 1.0000000 -0.0000000 0.0000000
vn 0.1476956 0.8001444 0.5813389
vn 1.0000000 -0.0000000 0.0000000
vn 0.1476956 0.9406262 -0.3056280
vn 1.0000000 -0.0000000 0.0000000
vn 0.1476956 0.9406262 0.3056280
vn 1.0000000 -0.0000000 0.0000000
vn 0.1476956 0.9890329 0.0000000
vn 0.1476956 0.9890329 -0.0000000
vn 1.0000000 -0.0000000 0.0000000
vn 0.1476956 -0.9890329 0.0000000
vn 1.0000000 -0.0000000 0.0000000
vn 0.1476956 -0.9406262 -0.3056280
vn 1.0000000 -0.0000000 0.0000000
vn 0.1476956 -0.9406262 0.3056280
vn 1.0000000 -0.0000000 0.0000000
vn 0.1476956 -0.8001444 -0.5813389
vn 1.0000000 -0.0000000 0.0000000
vn 0.1476956 -0.8001444 0.5813389
vn 1.0000000 -0.0000000 0.0000000
vn 0.1476956 -0.5813389 -0.8001444
vn 1.0000000 -0.0000000 0.0000000
vn 0.1476956 -0.5813389 0.8001444
vn 1.0000000 -0.0000000 0.0000000
vn 0.1476956 -0.3056280 -0.9406262
vn 1.0000000 -0.0000000 0.0000000
vn 0.1476956 -0.3056280 0.9406262
vn 1.0000000 -0.0000000 0.0000000
vn 0.1476956 -0.0000000 -0.9890329
vn 1.0000000 -0.0000000 0.0000000
vn 1.0000000 -0.0000000 0.0000000
vn 0.1476956 0.0000000 0.9890329
vn 1.0000000 -0.0000000 0.0000000
vn 0.1476956 0.3056280 -0.9406262
vn 1.0000000 -0.0000000 0.0000000
vn 0.1476956 0.3056280 0.9406262
vn 1.0000000 -0.0000000 0.0000000
vn 0.1476956 0.5813389 -0.8001444
vn 1.0000000 -0.0000000 0.0000000
vn 0.1476956 0.5813389 0.8001444
vn 1.0000000 -0.0000000 0.0000000
vn 0.1476956 0.8001444 -0.5813389
vn 1.0000000 -0.0000000 0.0000000
vn 0.1476956 0.8001444 0.5813389
vn 1.0000000 -0.0000000 0.0000000
vn 0.1476956 0.9406262 -0.3056280
vn 1.0000000 -0.0000000 0.0000000
vn 0.1476956 0.9406262 0.3056280
vn 1.0000000 -0.0000000 0.0000000
vn 0.1476956 0.9890329 0.0000000
vn 0.1476956 0.9890329 -0.0000000
vn 1.0000000 -0.0000000 0.0000000
vn 0.1476956 -0.9890329 0.0000000
vn 1.0000000 -0.0000000 0.0000000
vn 0.1476956 -0.9406262 -0.3056280
vn 1.0000000 -0.0000000 0.0000000
vn 0.1476956 -0.9406262 0.3056280
vn 1.0000000 -0.0000000 0.0000000
vn 0.1476956 -0.8001444 -0.5813389
vn 1.0000000 -0.0000000 0.0000000
vn 0.1476956 -0.8001444 0.5813389
vn 1.0000000 -0.0000000 0.0000000
vn 0.1476956 -0.5813389 -0.8001444
vn 1.0000000 -0.0000000 0.0000000
vn 0.1476956 -0.5813389 0.8001444
vn 1.0000000 -0.0000000 0.0000000
vn 0.1476956 -0.3056280 -0.9406262
vn 1.0000000 -0.0000000 0.0000000
vn 0.1476956 -0.3056280 0.9406262
vn 1.0000000 -0.0000000 0.0000000
vn 0.1476956 -0.0000000 -0.9890329
vn 1.0000000 -0.0000000 0.0000000
vn 1.0000000 -0.0000000 0.0000000
vn 0.1476956 0.0000000 0.9890329
vn 1.0000000 -0.0000000 0.0000000
vn 0.1476956 0.3056280 -0.9406262
vn 1.0000000 -0.0000000 0.0000000
vn 0.1476956 0.3056280 0.9406262
vn 1.0000000 -0.0000000 0.0000000
vn 0.1476956 0.5813389 -0.8001444
vn 1.0000000 -0.0000000 0.0000000
vn 0.1476956 0.5813389 0.8001444
vn 1.0000000 -0.0000000 0.0000000
vn 0.1476956 0.8001444 -0.5813389
vn 1.0000000 -0.0000000 0.0000000
vn 0.1476956 0.8001444 0.5813389
vn 1.0000000 -0.0000000 0.0000000
vn 0.1476956 0.9406262 -0.3056280
vn 1.0000000 -0.0000000 0.0000000
vn 0.1476956 0.9406262 0.3056280
vn 1.0000000 -0.0000000 0.0000000
vn 0.1476956 0.9890329 0.0000000
vn 0.1476956 0.9890329 -0.0000000
vn 1.0000000 -0.0000000 0.0000000
vn 0.1476956 -0.9890329 0.0000000
vn 1.0000000 -0.0000000 0.0000000
vn 0.1476956 -0.9406262 -0.3056280
vn 1.0000000 -0.0000000 0.0000000
vn 0.1476956 -0.9406262 0.3056280
vn 1.0000000 -0.0000000 0.0000000
vn 0.1476956 -0.8001444 -0.5813389
vn 1.0000000 -0.0000000 0.0000000
vn 0.1476956 -0.8001444 0.5813389
vn 1.0000000 -0.0000000 0.0000000
vn 0.1476956 -0.5813389 -0.8001444
vn 1.0000000 -0.0000000 0.0000000
vn 0.1476956 -0.5813389 0.8001444
vn 1.0000000 -0.0000000 0.0000000
vn 0.1476956 -0.3056280 -0.9406262
vn 1.0000000 -0.0000000 0.0000000
vn 0.1476956 -0.3056280 0.9406262
vn 1.0000000 -0.0000000 0.0000000
vn 0.1476956 -0.0000000 -0.9890329
vn 1.0000000 -0.0000000 0.0000000
vn 1.0000000 -0.0000000 0.0000000
vn 0.1476956 0.0000000 0.9890329
vn 1.0000000 -0.0000000 0.0000000
vn 0.1476956 0.3056280 -0.9406262
vn 1.0000000 -0.0000000 0.0000000
vn 0.1476956 0.3056280 0.9406262
vn 1.0000000 -0.0000000 0.0000000
vn 0.1476956 0.5813389 -0.8001444
vn 1.0000000 -0.0000000 0.0000000
vn 0.1476956 0.5813389 0.8001444
vn 1.0000000 -0.0000000 0.0000000
vn 0.1476956 0.8001444 -0.5813389
vn 1.0000000 -0.0000000 0.0000000
vn 0.1476956 0.8001444 0.5813389
vn 1.0000000 -0.0000000 0.0000000
vn 0.1476956 0.9406262 -0.3056280
vn 1.0000000 -0.0000000 0.0000000
vn 0.1476956 0.9406262 0.3056280
vn 1.0000000 -0.0000000 0.0000000
vn 0.1476956 0.9890329 0.0000000
vn 0.1476956 0.9890329 -0.0000000
vn 1.0000000 -0.0000000 0.0000000
vn 0.1476956 -0.9890329 0.0000000
vn 1.0000000 -0.0000000 0.0000000
vn 0.1476956 -0.9406262 -0.3056280
vn 1.0000000 -0.0000000 0.0000000
vn 0.1476956 -0.9406262 0.3056280
vn 1.0000000 -0.0000000 0.0000000
vn 0.1476956 -0.8001444 -0.5813389
vn 1.0000000 -0.0000000 0.0000000
vn 0.1476956 -0.8001444 0.5813389
vn 1.0000000 -0.0000000 0.0000000
vn 0.1476956 -0.5813389 -0.8001444
vn 1.0000000 -0.0000000 0.0000000
vn 0.1476956 -0.5813389 0.8001444
vn 1.0000000 -0.0000000 0.0000000
vn 0.1476956 -0.3056280 -0.9406262
vn 1.0000000 -0.0000000 0.0000000
vn 0.1476956 -0.3056280 0.9406262
vn 1.0000000 -0.0000000 0.0000000
vn 0.1476956 -0.0000000 -0.9890329
vn 1.0000000 -0.0000000 0.0000000
vn 1.0000000 -0.0000000 0.0000000
vn 0.1476956 0.0000000 0.9890329
vn 1.0000000 -0.0000000 0.0000000
vn 0.1476956 0.3056280 -0.9406262
vn 1.0000000 -0.0000000 0.0000000
vn 0.1476956 0.3056280 0.9406262
vn 1.0000000 -0.0000000 0.0000000
vn 0.1476956 0.5813389 -0.8001444
vn 1.0000000 -0.0000000 0.0000000
vn 0.1476956 0.5813389 0.8001444
vn 1.0000000 -0.0000000 0.0000000
vn 0.1476956 0.8001444 -0.5813389
vn 1.0000000 -0.0000000 0.0000000
vn 0.1476956 0.8001444 0.5813389
vn 1.0000000 -0.0000000 0.0000000
vn 0.1476956 0.9406262 -0.3056280
vn 1.0000000 -0.0000000 0.0000000
vn 0.1476956 0.9406262 0.3056280
vn 1.0000000 -0.0000000 0.0000000
vn 0.1476956 0.9890329 0.0000000
vn 0.1476956 0.9890329 -0.0000000
vn 1.0000000 -0.0000000 0.0000000
vn 0.1476956 -0.9890329 0.0000000
vn 1.0000000 -0.0000000 0.0000000
vn 0.1476956 -0.9406262 -0.3056280
vn 1.0000000 -0.0000000 0.0000000
vn 0.1476956 -0.9406262 0.3056280
vn 1.0000000 -0.0000000 0.0000000
vn 0.1476956 -0.8001444 -0.5813389
vn 1.0000000 -0.0000000 0.0000000
vn 0.1476956 -0.8001444 0.5813389
vn 1.0000000 -0.0000000 0.0000000
vn 0.1476956 -0.5813389 -0.8001444
vn 1.0000000 -0.0000000 0.0000000
vn 0.1476956 -0.5813389 0.8001444
vn 1.0000000 -0.0000000 0.0000000
vn 0.1476956 -0.3056280 -0.9406262
vn 1.0000000 -0.0000000 0.0000000
vn 0.1476956 -0.3056280 0.9406262
vn 1.0000000 -0.0000000 0.0000000
vn 0.1476956 -0.0000000 -0.9890329
vn 1.0000000 -0.0000000 0.0000000
vn 1.0000000 -0.0000000 0.0000000
vn 0.1476956 0.0000000 0.9890329
vn 1.0000000 -0.0000000 0.0000000
vn 0.1476956 0.3056280 -0.9406262
vn 1.0000000 -0.0000000 0.0000000
vn 0.1476956 0.3056280 0.9406262
vn 1.0000000 -0.0000000 0.0000000
vn 0.1476956 0.5813389 -0.8001444
vn 1.0000000 -0.0000000 0.0000000
vn 0.1476956 0.5813389 0.8001444
vn 1.0000000 -0.0000000 0.0000000
vn 0.1476956 0.8001444 -0.5813389
vn 1.0000000 -0.0000000 0.0000000
vn 0.1476956 0.8001444 0.5813389
vn 1.0000000 -0.0000000 0.0000000
vn 0.1476956 0.9406262 -0.3056280
vn 1.0000000 -0.0000000 0.0000000
vn 0.1476956 0.9406262 0.3056280
vn 1.0000000 -0.0000000 0.0000000
vn 0.1476956 0.9890329 0.0000000
vn 0.1476956 0.9890329 -0.0000000
vn 1.0000000 -0.0000000 0.0000000
vn 0.1476956 -0.9890329 0.0000000
vn 1.0000000 -0.0000000 0.0000000
vn 0.1476956 -0.9406262 -0.3056280
vn 1.0000000 -0.0000000 0.0000000
vn 0.1476956 -0.9406262 0.3056280
vn 1.0000000 -0.0000000 0.0000000
vn 0.1476956 -0.8001444 -0.5813389
vn 1.0000000 -0.0000000 0.0000000
vn 0.1476956 -0.8001444 0.5813389
vn 1.0000000 -0.0000000 0.0000000
vn 0.1476956 -0.5813389 -0.8001444
vn 1.0000000 -0.0000000 0.0000000
vn 0.1476956 -0.5813389 0.8001444
vn 1.0000000 -0.0000000 0.0000000
vn 0.1476956 -0.3056280 -0.9406262
vn 1.0000000 -0.0000000 0.0000000
vn 0.1476956 -0.3056280 0.9406262
vn 1.0000000 -0.0000000 0.0000000
vn 0.1476956 -0.0000000 -0.9890329
vn 1.0000000 -0.0000000 0.0000000
vn 1.0000000 -0.0000000 0.0000000
vn 0.1476956 0.0000000 0.9890329
vn 1.0000000 -0.0000000 0.0000000
vn 0.1476956 0.3056280 -0.9406262
vn 1.0000000 -0.0000000 0.0000000
vn 0.1476956 0.3056280 0.9406262
vn 1.0000000 -0.0000000 0.0000000
vn 0.1476956 0.5813389 -0.8001444
vn 1.0000000 -0.0000000 0.0000000
vn 0.1476956 0.5813389 0.8001444
vn 1.0000000 -0.0000000 0.0000000
vn 0.1476956 0.8001444 -0.5813389
vn 1.0000000 -0.0000000 0.0000000
vn 0.1476956 0.8001444 0.5813389
vn 1.0000000 -0.0000000 0.0000000
vn 0.1476956 0.9406262 -0.3056280
vn 1.0000000 -0.0000000 0.0000000
vn 0.1476956 0.9406262 0.3056280
vn 1.0000000 -0.0000000 0.0000000
vn 0.1476956 0.9890329 0.0000000
vn 0.1476956 0.9890329 -0.0000000
vn 1.0000000 -0.0000000 0.0000000
vn 0.2109396 -0.9260380 -0.3129825
vn 0.2315927 -0.9533014 0.1938587
vn 0.1519629 -0.0040847 -0.9883778
vn 0.1519629 -0.0040847 -0.9883778
vn 0.1519629 -0.0040847 -0.9883778
vn 0.2568950 -0.0069053 0.9664146
vn 0.2568950 -0.0069053 0.9664146
vn 0.2568950 -0.0069053 0.9664146
vn 0.3865438 0.0052138 -0.9222563
vn 0.3865438 0.0052138 -0.9222563
vn 0.3865438 0.0052138 -0.9222563
vn 0.2562664 0.0059943 0.9665876
vn 0.2562664 0.0059943 0.9665876
vn 0.2562664 0.0059943 0.9665876
vn 0.2109396 0.9260380 -0.3129825
vn 0.2549485 0.9590919 0.1230607
vn 0.9383983 -0.0096524 -0.3454208
vn 0.9383983 -0.0096524 -0.3454208
vn 0.9750923 -0.0034961 0.2217719
vn 0.9750923 -0.0034961 0.2217719
vn 0.9918437 0.0070870 -0.1272630
vn 0.9918437 0.0070870 -0.1272630
vn 0.9750746 0.0069672 0.2217679
vn 0.9750746 0.0069672 0.2217679
o 28_Escalera_Wood
usemtl Wood
s 1
f 20/20/20 24/24/24 7/7/7
f 9/9/9 1/1/1 12/12/12
f 538/538/538 543/543/543 550/550/550
f 529/529/529 532/532/532 546/546/546
f 540/540/540 552/552/552 544/544/544
f 18/18/18 5/5/5 23/23/23
f 10/10/10 15/15/15 3/3/3
f 530/530/530 548/548/548 535/535/535
f 547/547/547 545/545/545 549/549/549
f 547/547/547 549/549/549 551/551/551
f 6/6/6 2/2/2 4/4/4
f 6/6/6 4/4/4 8/8/8
f 24/24/24 5/5/5 7/7/7
f 24/24/24 23/23/23 5/5/5
f 22/22/22 4/4/4 16/16/16
f 22/22/22 8/8/8 4/4/4
f 544/544/544 552/552/552 550/550/550
f 544/544/544 550/550/550 543/543/543
f 544/544/544 23/23/23 24/24/24
f 544/544/544 543/543/543 23/23/23
f 537/537/537 549/549/549 545/545/545
f 537/537/537 545/545/545 531/531/531
f 529/529/529 12/12/12 532/532/532
f 529/529/529 9/9/9 12/12/12
f 540/540/540 544/544/544 24/24/24
f 540/540/540 24/24/24 20/20/20
f 542/542/542 547/547/547 551/551/551
f 542/542/542 536/536/536 547/547/547
f 541/541/541 21/21/21 14/14/14
f 541/541/541 14/14/14 534/534/534
f 18/18/18 23/23/23 543/543/543
f 18/18/18 543/543/543 538/538/538
f 17/17/17 2/2/2 6/6/6
f 17/17/17 11/11/11 2/2/2
f 19/19/19 539/539/539 533/533/533
f 19/19/19 533/533/533 13/13/13
f 10/10/10 3/3/3 1/1/1
f 10/10/10 1/1/1 9/9/9
f 530/530/530 535/535/535 15/15/15
f 530/530/530 15/15/15 10/10/10
f 530/530/530 546/546/546 548/548/548
f 530/530/530 529/529/529 546/546/546
f 530/530/530 9/9/9 529/529/529
f 530/530/530 10/10/10 9/9/9
f 572/572/572 576/576/576 559/559/559
f 561/561/561 553/553/553 564/564/564
f 1090/1090/1090 1095/1095/1095 1102/1102/1102
f 1081/1081/1081 1084/1084/1084 1098/1098/1098
f 1092/1092/1092 1104/1104/1104 1096/1096/1096
f 570/570/570 557/557/557 575/575/575
f 562/562/562 567/567/567 555/555/555
f 1082/1082/1082 1100/1100/1100 1087/1087/1087
f 1099/1099/1099 1097/1097/1097 1101/1101/1101
f 1099/1099/1099 1101/1101/1101 1103/1103/1103
f 558/558/558 554/554/554 556/556/556
f 558/558/558 556/556/556 560/560/560
f 576/576/576 557/557/557 559/559/559
f 576/576/576 575/575/575 557/557/557
f 574/574/574 556/556/556 568/568/568
f 574/574/574 560/560/560 556/556/556
f 1096/1096/1096 1104/1104/1104 1102/1102/1102
f 1096/1096/1096 1102/1102/1102 1095/1095/1095
f 1096/1096/1096 575/575/575 576/576/576
f 1096/1096/1096 1095/1095/1095 575/575/575
f 1089/1089/1089 1101/1101/1101 1097/1097/1097
f 1089/1089/1089 1097/1097/1097 1083/1083/1083
f 1081/1081/1081 564/564/564 1084/1084/1084
f 1081/1081/1081 561/561/561 564/564/564
f 1092/1092/1092 1096/1096/1096 576/576/576
f 1092/1092/1092 576/576/576 572/572/572
f 1094/1094/1094 1099/1099/1099 1103/1103/1103
f 1094/1094/1094 1088/1088/1088 1099/1099/1099
f 1093/1093/1093 573/573/573 566/566/566
f 1093/1093/1093 566/566/566 1086/1086/1086
f 570/570/570 575/575/575 1095/1095/1095
f 570/570/570 1095/1095/1095 1090/1090/1090
f 569/569/569 554/554/554 558/558/558
f 569/569/569 563/563/563 554/554/554
f 571/571/571 1091/1091/1091 1085/1085/1085
f 571/571/571 1085/1085/1085 565/565/565
f 562/562/562 555/555/555 553/553/553
f 562/562/562 553/553/553 561/561/561
f 1082/1082/1082 1087/1087/1087 567/567/567
f 1082/1082/1082 567/567/567 562/562/562
f 1082/1082/1082 1098/1098/1098 1100/1100/1100
f 1082/1082/1082 1081/1081/1081 1098/1098/1098
f 1082/1082/1082 561/561/561 1081/1081/1081
f 1082/1082/1082 562/562/562 561/561/561
f 765/765/765 786/786/786 783/783/783
f 765/765/765 783/783/783 779/779/779
f 765/765/765 779/779/779 775/775/775
f 765/765/765 775/775/775 771/771/771
f 765/765/765 771/771/771 767/767/767
f 765/765/765 767/767/767 762/762/762
f 765/765/765 762/762/762 758/758/758
f 765/765/765 758/758/758 754/754/754
f 765/765/765 754/754/754 750/750/750
f 765/765/765 750/750/750 746/746/746
f 765/765/765 746/746/746 748/748/748
f 765/765/765 748/748/748 752/752/752
f 765/765/765 752/752/752 756/756/756
f 765/765/765 756/756/756 760/760/760
f 765/765/765 760/760/760 764/764/764
f 765/765/765 764/764/764 769/769/769
f 765/765/765 769/769/769 773/773/773
f 765/765/765 773/773/773 777/777/777
f 765/765/765 777/777/777 781/781/781
f 765/765/765 781/781/781 786/786/786
f 784/784/784 595/595/595 782/782/782
f 784/784/784 596/596/596 595/595/595
f 782/782/782 593/593/593 778/778/778
f 782/782/782 595/595/595 593/593/593
f 778/778/778 591/591/591 774/774/774
f 778/778/778 593/593/593 591/591/591
f 774/774/774 589/589/589 770/770/770
f 774/774/774 591/591/591 589/589/589
f 770/770/770 587/587/587 766/766/766
f 770/770/770 589/589/589 587/587/587
f 766/766/766 585/585/585 761/761/761
f 766/766/766 587/587/587 585/585/585
f 761/761/761 583/583/583 757/757/757
f 761/761/761 585/585/585 583/583/583
f 757/757/757 581/581/581 753/753/753
f 757/757/757 583/583/583 581/581/581
f 753/753/753 579/579/579 749/749/749
f 753/753/753 581/581/581 579/579/579
f 749/749/749 577/577/577 745/745/745
f 749/749/749 579/579/579 577/577/577
f 745/745/745 578/578/578 747/747/747
f 745/745/745 577/577/577 578/578/578
f 747/747/747 580/580/580 751/751/751
f 747/747/747 578/578/578 580/580/580
f 751/751/751 582/582/582 755/755/755
f 751/751/751 580/580/580 582/582/582
f 755/755/755 584/584/584 759/759/759
f 755/755/755 582/582/582 584/584/584
f 759/759/759 586/586/586 763/763/763
f 759/759/759 584/584/584 586/586/586
f 763/763/763 588/588/588 768/768/768
f 763/763/763 586/586/586 588/588/588
f 768/768/768 590/590/590 772/772/772
f 768/768/768 588/588/588 590/590/590
f 772/772/772 592/592/592 776/776/776
f 772/772/772 590/590/590 592/592/592
f 776/776/776 594/594/594 780/780/780
f 776/776/776 592/592/592 594/594/594
f 780/780/780 597/597/597 785/785/785
f 780/780/780 594/594/594 597/597/597
f 596/596/596 379/379/379 595/595/595
f 596/596/596 380/380/380 379/379/379
f 595/595/595 377/377/377 593/593/593
f 595/595/595 379/379/379 377/377/377
f 593/593/593 375/375/375 591/591/591
f 593/593/593 377/377/377 375/375/375
f 591/591/591 373/373/373 589/589/589
f 591/591/591 375/375/375 373/373/373
f 589/589/589 371/371/371 587/587/587
f 589/589/589 373/373/373 371/371/371
f 587/587/587 369/369/369 585/585/585
f 587/587/587 371/371/371 369/369/369
f 585/585/585 367/367/367 583/583/583
f 585/585/585 369/369/369 367/367/367
f 583/583/583 365/365/365 581/581/581
f 583/583/583 367/367/367 365/365/365
f 581/581/581 363/363/363 579/579/579
f 581/581/581 365/365/365 363/363/363
f 579/579/579 361/361/361 577/577/577
f 579/579/579 363/363/363 361/361/361
f 577/577/577 362/362/362 578/578/578
f 577/577/577 361/361/361 362/362/362
f 578/578/578 364/364/364 580/580/580
f 578/578/578 362/362/362 364/364/364
f 580/580/580 366/366/366 582/582/582
f 580/580/580 364/364/364 366/366/366
f 582/582/582 368/368/368 584/584/584
f 582/582/582 366/366/366 368/368/368
f 584/584/584 370/370/370 586/586/586
f 584/584/584 368/368/368 370/370/370
f 586/586/586 372/372/372 588/588/588
f 586/586/586 370/370/370 372/372/372
f 588/588/588 374/374/374 590/590/590
f 588/588/588 372/372/372 374/374/374
f 590/590/590 376/376/376 592/592/592
f 590/590/590 374/374/374 376/376/376
f 592/592/592 378/378/378 594/594/594
f 592/592/592 376/376/376 378/378/378
f 594/594/594 381/381/381 597/597/597
f 594/594/594 378/378/378 381/381/381
f 380/380/380 63/63/63 379/379/379
f 380/380/380 65/65/65 63/63/63
f 379/379/379 59/59/59 377/377/377
f 379/379/379 63/63/63 59/59/59
f 377/377/377 55/55/55 375/375/375
f 377/377/377 59/59/59 55/55/55
f 375/375/375 51/51/51 373/373/373
f 375/375/375 55/55/55 51/51/51
f 373/373/373 47/47/47 371/371/371
f 373/373/373 51/51/51 47/47/47
f 371/371/371 42/42/42 369/369/369
f 371/371/371 47/47/47 42/42/42
f 369/369/369 38/38/38 367/367/367
f 369/369/369 42/42/42 38/38/38
f 367/367/367 34/34/34 365/365/365
f 367/367/367 38/38/38 34/34/34
f 365/365/365 30/30/30 363/363/363
f 365/365/365 34/34/34 30/30/30
f 363/363/363 26/26/26 361/361/361
f 363/363/363 30/30/30 26/26/26
f 361/361/361 28/28/28 362/362/362
f 361/361/361 26/26/26 28/28/28
f 362/362/362 32/32/32 364/364/364
f 362/362/362 28/28/28 32/32/32
f 364/364/364 36/36/36 366/366/366
f 364/364/364 32/32/32 36/36/36
f 366/366/366 40/40/40 368/368/368
f 366/366/366 36/36/36 40/40/40
f 368/368/368 44/44/44 370/370/370
f 368/368/368 40/40/40 44/44/44
f 370/370/370 49/49/49 372/372/372
f 370/370/370 44/44/44 49/49/49
f 372/372/372 53/53/53 374/374/374
f 372/372/372 49/49/49 53/53/53
f 374/374/374 57/57/57 376/376/376
f 374/374/374 53/53/53 57/57/57
f 376/376/376 61/61/61 378/378/378
f 376/376/376 57/57/57 61/61/61
f 378/378/378 66/66/66 381/381/381
f 378/378/378 61/61/61 66/66/66
f 64/64/64 45/45/45 62/62/62
f 62/62/62 45/45/45 58/58/58
f 58/58/58 45/45/45 54/54/54
f 54/54/54 45/45/45 50/50/50
f 50/50/50 45/45/45 46/46/46
f 46/46/46 45/45/45 41/41/41
f 41/41/41 45/45/45 37/37/37
f 37/37/37 45/45/45 33/33/33
f 33/33/33 45/45/45 29/29/29
f 29/29/29 45/45/45 25/25/25
f 25/25/25 45/45/45 27/27/27
f 27/27/27 45/45/45 31/31/31
f 31/31/31 45/45/45 35/35/35
f 35/35/35 45/45/45 39/39/39
f 39/39/39 45/45/45 43/43/43
f 43/43/43 45/45/45 48/48/48
f 48/48/48 45/45/45 52/52/52
f 52/52/52 45/45/45 56/56/56
f 56/56/56 45/45/45 60/60/60
f 60/60/60 45/45/45 64/64/64
f 807/807/807 828/828/828 825/825/825
f 807/807/807 825/825/825 821/821/821
f 807/807/807 821/821/821 817/817/817
f 807/807/807 817/817/817 813/813/813
f 807/807/807 813/813/813 809/809/809
f 807/807/807 809/809/809 804/804/804
f 807/807/807 804/804/804 800/800/800
f 807/807/807 800/800/800 796/796/796
f 807/807/807 796/796/796 792/792/792
f 807/807/807 792/792/792 788/788/788
f 807/807/807 788/788/788 790/790/790
f 807/807/807 790/790/790 794/794/794
f 807/807/807 794/794/794 798/798/798
f 807/807/807 798/798/798 802/802/802
f 807/807/807 802/802/802 806/806/806
f 807/807/807 806/806/806 811/811/811
f 807/807/807 811/811/811 815/815/815
f 807/807/807 815/815/815 819/819/819
f 807/807/807 819/819/819 823/823/823
f 807/807/807 823/823/823 828/828/828
f 826/826/826 616/616/616 824/824/824
f 826/826/826 617/617/617 616/616/616
f 824/824/824 614/614/614 820/820/820
f 824/824/824 616/616/616 614/614/614
f 820/820/820 612/612/612 816/816/816
f 820/820/820 614/614/614 612/612/612
f 816/816/816 610/610/610 812/812/812
f 816/816/816 612/612/612 610/610/610
f 812/812/812 608/608/608 808/808/808
f 812/812/812 610/610/610 608/608/608
f 808/808/808 606/606/606 803/803/803
f 808/808/808 608/608/608 606/606/606
f 803/803/803 604/604/604 799/799/799
f 803/803/803 606/606/606 604/604/604
f 799/799/799 602/602/602 795/795/795
f 799/799/799 604/604/604 602/602/602
f 795/795/795 600/600/600 791/791/791
f 795/795/795 602/602/602 600/600/600
f 791/791/791 598/598/598 787/787/787
f 791/791/791 600/600/600 598/598/598
f 787/787/787 599/599/599 789/789/789
f 787/787/787 598/598/598 599/599/599
f 789/789/789 601/601/601 793/793/793
f 789/789/789 599/599/599 601/601/601
f 793/793/793 603/603/603 797/797/797
f 793/793/793 601/601/601 603/603/603
f 797/797/797 605/605/605 801/801/801
f 797/797/797 603/603/603 605/605/605
f 801/801/801 607/607/607 805/805/805
f 801/801/801 605/605/605 607/607/607
f 805/805/805 609/609/609 810/810/810
f 805/805/805 607/607/607 609/609/609
f 810/810/810 611/611/611 814/814/814
f 810/810/810 609/609/609 611/611/611
f 814/814/814 613/613/613 818/818/818
f 814/814/814 611/611/611 613/613/613
f 818/818/818 615/615/615 822/822/822
f 818/818/818 613/613/613 615/615/615
f 822/822/822 618/618/618 827/827/827
f 822/822/822 615/615/615 618/618/618
f 617/617/617 400/400/400 616/616/616
f 617/617/617 401/401/401 400/400/400
f 616/616/616 398/398/398 614/614/614
f 616/616/616 400/400/400 398/398/398
f 614/614/614 396/396/396 612/612/612
f 614/614/614 398/398/398 396/396/396
f 612/612/612 394/394/394 610/610/610
f 612/612/612 396/396/396 394/394/394
f 610/610/610 392/392/392 608/608/608
f 610/610/610 394/394/394 392/392/392
f 608/608/608 390/390/390 606/606/606
f 608/608/608 392/392/392 390/390/390
f 606/606/606 388/388/388 604/604/604
f 606/606/606 390/390/390 388/388/388
f 604/604/604 386/386/386 602/602/602
f 604/604/604 388/388/388 386/386/386
f 602/602/602 384/384/384 600/600/600
f 602/602/602 386/386/386 384/384/384
f 600/600/600 382/382/382 598/598/598
f 600/600/600 384/384/384 382/382/382
f 598/598/598 383/383/383 599/599/599
f 598/598/598 382/382/382 383/383/383
f 599/599/599 385/385/385 601/601/601
f 599/599/599 383/383/383 385/385/385
f 601/601/601 387/387/387 603/603/603
f 601/601/601 385/385/385 387/387/387
f 603/603/603 389/389/389 605/605/605
f 603/603/603 387/387/387 389/389/389
f 605/605/605 391/391/391 607/607/607
f 605/605/605 389/389/389 391/391/391
f 607/607/607 393/393/393 609/609/609
f 607/607/607 391/391/391 393/393/393
f 609/609/609 395/395/395 611/611/611
f 609/609/609 393/393/393 395/395/395
f 611/611/611 397/397/397 613/613/613
f 611/611/611 395/395/395 397/397/397
f 613/613/613 399/399/399 615/615/615
f 613/613/613 397/397/397 399/399/399
f 615/615/615 402/402/402 618/618/618
f 615/615/615 399/399/399 402/402/402
f 401/401/401 105/105/105 400/400/400
f 401/401/401 107/107/107 105/105/105
f 400/400/400 101/101/101 398/398/398
f 400/400/400 105/105/105 101/101/101
f 398/398/398 97/97/97 396/396/396
f 398/398/398 101/101/101 97/97/97
f 396/396/396 93/93/93 394/394/394
f 396/396/396 97/97/97 93/93/93
f 394/394/394 89/89/89 392/392/392
f 394/394/394 93/93/93 89/89/89
f 392/392/392 84/84/84 390/390/390
f 392/392/392 89/89/89 84/84/84
f 390/390/390 80/80/80 388/388/388
f 390/390/390 84/84/84 80/80/80
f 388/388/388 76/76/76 386/386/386
f 388/388/388 80/80/80 76/76/76
f 386/386/386 72/72/72 384/384/384
f 386/386/386 76/76/76 72/72/72
f 384/384/384 68/68/68 382/382/382
f 384/384/384 72/72/72 68/68/68
f 382/382/382 70/70/70 383/383/383
f 382/382/382 68/68/68 70/70/70
f 383/383/383 74/74/74 385/385/385
f 383/383/383 70/70/70 74/74/74
f 385/385/385 78/78/78 387/387/387
f 385/385/385 74/74/74 78/78/78
f 387/387/387 82/82/82 389/389/389
f 387/387/387 78/78/78 82/82/82
f 389/389/389 86/86/86 391/391/391
f 389/389/389 82/82/82 86/86/86
f 391/391/391 91/91/91 393/393/393
f 391/391/391 86/86/86 91/91/91
f 393/393/393 95/95/95 395/395/395
f 393/393/393 91/91/91 95/95/95
f 395/395/395 99/99/99 397/397/397
f 395/395/395 95/95/95 99/99/99
f 397/397/397 103/103/103 399/399/399
f 397/397/397 99/99/99 103/103/103
f 399/399/399 108/108/108 402/402/402
f 399/399/399 103/103/103 108/108/108
f 106/106/106 87/87/87 104/104/104
f 104/104/104 87/87/87 100/100/100
f 100/100/100 87/87/87 96/96/96
f 96/96/96 87/87/87 92/92/92
f 92/92/92 87/87/87 88/88/88
f 88/88/88 87/87/87 83/83/83
f 83/83/83 87/87/87 79/79/79
f 79/79/79 87/87/87 75/75/75
f 75/75/75 87/87/87 71/71/71
f 71/71/71 87/87/87 67/67/67
f 67/67/67 87/87/87 69/69/69
f 69/69/69 87/87/87 73/73/73
f 73/73/73 87/87/87 77/77/77
f 77/77/77 87/87/87 81/81/81
f 81/81/81 87/87/87 85/85/85
f 85/85/85 87/87/87 90/90/90
f 90/90/90 87/87/87 94/94/94
f 94/94/94 87/87/87 98/98/98
f 98/98/98 87/87/87 102/102/102
f 102/102/102 87/87/87 106/106/106
f 849/849/849 870/870/870 867/867/867
f 849/849/849 867/867/867 863/863/863
f 849/849/849 863/863/863 859/859/859
f 849/849/849 859/859/859 855/855/855
f 849/849/849 855/855/855 851/851/851
f 849/849/849 851/851/851 846/846/846
f 849/849/849 846/846/846 842/842/842
f 849/849/849 842/842/842 838/838/838
f 849/849/849 838/838/838 834/834/834
f 849/849/849 834/834/834 830/830/830
f 849/849/849 830/830/830 832/832/832
f 849/849/849 832/832/832 836/836/836
f 849/849/849 836/836/836 840/840/840
f 849/849/849 840/840/840 844/844/844
f 849/849/849 844/844/844 848/848/848
f 849/849/849 848/848/848 853/853/853
f 849/849/849 853/853/853 857/857/857
f 849/849/849 857/857/857 861/861/861
f 849/849/849 861/861/861 865/865/865
f 849/849/849 865/865/865 870/870/870
f 868/868/868 637/637/637 866/866/866
f 868/868/868 638/638/638 637/637/637
f 866/866/866 635/635/635 862/862/862
f 866/866/866 637/637/637 635/635/635
f 862/862/862 633/633/633 858/858/858
f 862/862/862 635/635/635 633/633/633
f 858/858/858 631/631/631 854/854/854
f 858/858/858 633/633/633 631/631/631
f 854/854/854 629/629/629 850/850/850
f 854/854/854 631/631/631 629/629/629
f 850/850/850 627/627/627 845/845/845
f 850/850/850 629/629/629 627/627/627
f 845/845/845 625/625/625 841/841/841
f 845/845/845 627/627/627 625/625/625
f 841/841/841 623/623/623 837/837/837
f 841/841/841 625/625/625 623/623/623
f 837/837/837 621/621/621 833/833/833
f 837/837/837 623/623/623 621/621/621
f 833/833/833 619/619/619 829/829/829
f 833/833/833 621/621/621 619/619/619
f 829/829/829 620/620/620 831/831/831
f 829/829/829 619/619/619 620/620/620
f 831/831/831 622/622/622 835/835/835
f 831/831/831 620/620/620 622/622/622
f 835/835/835 624/624/624 839/839/839
f 835/835/835 622/622/622 624/624/624
f 839/839/839 626/626/626 843/843/843
f 839/839/839 624/624/624 626/626/626
f 843/843/843 628/628/628 847/847/847
f 843/843/843 626/626/626 628/628/628
f 847/847/847 630/630/630 852/852/852
f 847/847/847 628/628/628 630/630/630
f 852/852/852 632/632/632 856/856/856
f 852/852/852 630/630/630 632/632/632
f 856/856/856 634/634/634 860/860/860
f 856/856/856 632/632/632 634/634/634
f 860/860/860 636/636/636 864/864/864
f 860/860/860 634/634/634 636/636/636
f 864/864/864 639/639/639 869/869/869
f 864/864/864 636/636/636 639/639/639
f 638/638/638 421/421/421 637/637/637
f 638/638/638 422/422/422 421/421/421
f 637/637/637 419/419/419 635/635/635
f 637/637/637 421/421/421 419/419/419
f 635/635/635 417/417/417 633/633/633
f 635/635/635 419/419/419 417/417/417
f 633/633/633 415/415/415 631/631/631
f 633/633/633 417/417/417 415/415/415
f 631/631/631 413/413/413 629/629/629
f 631/631/631 415/415/415 413/413/413
f 629/629/629 411/411/411 627/627/627
f 629/629/629 413/413/413 411/411/411
f 627/627/627 409/409/409 625/625/625
f 627/627/627 411/411/411 409/409/409
f 625/625/625 407/407/407 623/623/623
f 625/625/625 409/409/409 407/407/407
f 623/623/623 405/405/405 621/621/621
f 623/623/623 407/407/407 405/405/405
f 621/621/621 403/403/403 619/619/619
f 621/621/621 405/405/405 403/403/403
f 619/619/619 404/404/404 620/620/620
f 619/619/619 403/403/403 404/404/404
f 620/620/620 406/406/406 622/622/622
f 620/620/620 404/404/404 406/406/406
f 622/622/622 408/408/408 624/624/624
f 622/622/622 406/406/406 408/408/408
f 624/624/624 410/410/410 626/626/626
f 624/624/624 408/408/408 410/410/410
f 626/626/626 412/412/412 628/628/628
f 626/626/626 410/410/410 412/412/412
f 628/628/628 414/414/414 630/630/630
f 628/628/628 412/412/412 414/414/414
f 630/630/630 416/416/416 632/632/632
f 630/630/630 414/414/414 416/416/416
f 632/632/632 418/418/418 634/634/634
f 632/632/632 416/416/416 418/418/418
f 634/634/634 420/420/420 636/636/636
f 634/634/634 418/418/418 420/420/420
f 636/636/636 423/423/423 639/639/639
f 636/636/636 420/420/420 423/423/423
f 422/422/422 147/147/147 421/421/421
f 422/422/422 149/149/149 147/147/147
f 421/421/421 143/143/143 419/419/419
f 421/421/421 147/147/147 143/143/143
f 419/419/419 139/139/139 417/417/417
f 419/419/419 143/143/143 139/139/139
f 417/417/417 135/135/135 415/415/415
f 417/417/417 139/139/139 135/135/135
f 415/415/415 131/131/131 413/413/413
f 415/415/415 135/135/135 131/131/131
f 413/413/413 126/126/126 411/411/411
f 413/413/413 131/131/131 126/126/126
f 411/411/411 122/122/122 409/409/409
f 411/411/411 126/126/126 122/122/122
f 409/409/409 118/118/118 407/407/407
f 409/409/409 122/122/122 118/118/118
f 407/407/407 114/114/114 405/405/405
f 407/407/407 118/118/118 114/114/114
f 405/405/405 110/110/110 403/403/403
f 405/405/405 114/114/114 110/110/110
f 403/403/403 112/112/112 404/404/404
f 403/403/403 110/110/110 112/112/112
f 404/404/404 116/116/116 406/406/406
f 404/404/404 112/112/112 116/116/116
f 406/406/406 120/120/120 408/408/408
f 406/406/406 116/116/116 120/120/120
f 408/408/408 124/124/124 410/410/410
f 408/408/408 120/120/120 124/124/124
f 410/410/410 128/128/128 412/412/412
f 410/410/410 124/124/124 128/128/128
f 412/412/412 133/133/133 414/414/414
f 412/412/412 128/128/128 133/133/133
f 414/414/414 137/137/137 416/416/416
f 414/414/414 133/133/133 137/137/137
f 416/416/416 141/141/141 418/418/418
f 416/416/416 137/137/137 141/141/141
f 418/418/418 145/145/145 420/420/420
f 418/418/418 141/141/141 145/145/145
f 420/420/420 150/150/150 423/423/423
f 420/420/420 145/145/145 150/150/150
f 148/148/148 129/129/129 146/146/146
f 146/146/146 129/129/129 142/142/142
f 142/142/142 129/129/129 138/138/138
f 138/138/138 129/129/129 134/134/134
f 134/134/134 129/129/129 130/130/130
f 130/130/130 129/129/129 125/125/125
f 125/125/125 129/129/129 121/121/121
f 121/121/121 129/129/129 117/117/117
f 117/117/117 129/129/129 113/113/113
f 113/113/113 129/129/129 109/109/109
f 109/109/109 129/129/129 111/111/111
f 111/111/111 129/129/129 115/115/115
f 115/115/115 129/129/129 119/119/119
f 119/119/119 129/129/129 123/123/123
f 123/123/123 129/129/129 127/127/127
f 127/127/127 129/129/129 132/132/132
f 132/132/132 129/129/129 136/136/136
f 136/136/136 129/129/129 140/140/140
f 140/140/140 129/129/129 144/144/144
f 144/144/144 129/129/129 148/148/148
f 891/891/891 912/912/912 909/909/909
f 891/891/891 909/909/909 905/905/905
f 891/891/891 905/905/905 901/901/901
f 891/891/891 901/901/901 897/897/897
f 891/891/891 897/897/897 893/893/893
f 891/891/891 893/893/893 888/888/888
f 891/891/891 888/888/888 884/884/884
f 891/891/891 884/884/884 880/880/880
f 891/891/891 880/880/880 876/876/876
f 891/891/891 876/876/876 872/872/872
f 891/891/891 872/872/872 874/874/874
f 891/891/891 874/874/874 878/878/878
f 891/891/891 878/878/878 882/882/882
f 891/891/891 882/882/882 886/886/886
f 891/891/891 886/886/886 890/890/890
f 891/891/891 890/890/890 895/895/895
f 891/891/891 895/895/895 899/899/899
f 891/891/891 899/899/899 903/903/903
f 891/891/891 903/903/903 907/907/907
f 891/891/891 907/907/907 912/912/912
f 910/910/910 658/658/658 908/908/908
f 910/910/910 659/659/659 658/658/658
f 908/908/908 656/656/656 904/904/904
f 908/908/908 658/658/658 656/656/656
f 904/904/904 654/654/654 900/900/900
f 904/904/904 656/656/656 654/654/654
f 900/900/900 652/652/652 896/896/896
f 900/900/900 654/654/654 652/652/652
f 896/896/896 650/650/650 892/892/892
f 896/896/896 652/652/652 650/650/650
f 892/892/892 648/648/648 887/887/887
f 892/892/892 650/650/650 648/648/648
f 887/887/887 646/646/646 883/883/883
f 887/887/887 648/648/648 646/646/646
f 883/883/883 644/644/644 879/879/879
f 883/883/883 646/646/646 644/644/644
f 879/879/879 642/642/642 875/875/875
f 879/879/879 644/644/644 642/642/642
f 875/875/875 640/640/640 871/871/871
f 875/875/875 642/642/642 640/640/640
f 871/871/871 641/641/641 873/873/873
f 871/871/871 640/640/640 641/641/641
f 873/873/873 643/643/643 877/877/877
f 873/873/873 641/641/641 643/643/643
f 877/877/877 645/645/645 881/881/881
f 877/877/877 643/643/643 645/645/645
f 881/881/881 647/647/647 885/885/885
f 881/881/881 645/645/645 647/647/647
f 885/885/885 649/649/649 889/889/889
f 885/885/885 647/647/647 649/649/649
f 889/889/889 651/651/651 894/894/894
f 889/889/889 649/649/649 651/651/651
f 894/894/894 653/653/653 898/898/898
f 894/894/894 651/651/651 653/653/653
f 898/898/898 655/655/655 902/902/902
f 898/898/898 653/653/653 655/655/655
f 902/902/902 657/657/657 906/906/906
f 902/902/902 655/655/655 657/657/657
f 906/906/906 660/660/660 911/911/911
f 906/906/906 657/657/657 660/660/660
f 659/659/659 442/442/442 658/658/658
f 659/659/659 443/443/443 442/442/442
f 658/658/658 440/440/440 656/656/656
f 658/658/658 442/442/442 440/440/440
f 656/656/656 438/438/438 654/654/654
f 656/656/656 440/440/440 438/438/438
f 654/654/654 436/436/436 652/652/652
f 654/654/654 438/438/438 436/436/436
f 652/652/652 434/434/434 650/650/650
f 652/652/652 436/436/436 434/434/434
f 650/650/650 432/432/432 648/648/648
f 650/650/650 434/434/434 432/432/432
f 648/648/648 430/430/430 646/646/646
f 648/648/648 432/432/432 430/430/430
f 646/646/646 428/428/428 644/644/644
f 646/646/646 430/430/430 428/428/428
f 644/644/644 426/426/426 642/642/642
f 644/644/644 428/428/428 426/426/426
f 642/642/642 424/424/424 640/640/640
f 642/642/642 426/426/426 424/424/424
f 640/640/640 425/425/425 641/641/641
f 640/640/640 424/424/424 425/425/425
f 641/641/641 427/427/427 643/643/643
f 641/641/641 425/425/425 427/427/427
f 643/643/643 429/429/429 645/645/645
f 643/643/643 427/427/427 429/429/429
f 645/645/645 431/431/431 647/647/647
f 645/645/645 429/429/429 431/431/431
f 647/647/647 433/433/433 649/649/649
f 647/647/647 431/431/431 433/433/433
f 649/649/649 435/435/435 651/651/651
f 649/649/649 433/433/433 435/435/435
f 651/651/651 437/437/437 653/653/653
f 651/651/651 435/435/435 437/437/437
f 653/653/653 439/439/439 655/655/655
f 653/653/653 437/437/437 439/439/439
f 655/655/655 441/441/441 657/657/657
f 655/655/655 439/439/439 441/441/441
f 657/657/657 444/444/444 660/660/660
f 657/657/657 441/441/441 444/444/444
f 443/443/443 189/189/189 442/442/442
f 443/443/443 191/191/191 189/189/189
f 442/442/442 185/185/185 440/440/440
f 442/442/442 189/189/189 185/185/185
f 440/440/440 181/181/181 438/438/438
f 440/440/440 185/185/185 181/181/181
f 438/438/438 177/177/177 436/436/436
f 438/438/438 181/181/181 177/177/177
f 436/436/436 173/173/173 434/434/434
f 436/436/436 177/177/177 173/173/173
f 434/434/434 168/168/168 432/432/432
f 434/434/434 173/173/173 168/168/168
f 432/432/432 164/164/164 430/430/430
f 432/432/432 168/168/168 164/164/164
f 430/430/430 160/160/160 428/428/428
f 430/430/430 164/164/164 160/160/160
f 428/428/428 156/156/156 426/426/426
f 428/428/428 160/160/160 156/156/156
f 426/426/426 152/152/152 424/424/424
f 426/426/426 156/156/156 152/152/152
f 424/424/424 154/154/154 425/425/425
f 424/424/424 152/152/152 154/154/154
f 425/425/425 158/158/158 427/427/427
f 425/425/425 154/154/154 158/158/158
f 427/427/427 162/162/162 429/429/429
f 427/427/427 158/158/158 162/162/162
f 429/429/429 166/166/166 431/431/431
f 429/429/429 162/162/162 166/166/166
f 431/431/431 170/170/170 433/433/433
f 431/431/431 166/166/166 170/170/170
f 433/433/433 175/175/175 435/435/435
f 433/433/433 170/170/170 175/175/175
f 435/435/435 179/179/179 437/437/437
f 435/435/435 175/175/175 179/179/179
f 437/437/437 183/183/183 439/439/439
f 437/437/437 179/179/179 183/183/183
f 439/439/439 187/187/187 441/441/441
f 439/439/439 183/183/183 187/187/187
f 441/441/441 192/192/192 444/444/444
f 441/441/441 187/187/187 192/192/192
f 190/190/190 171/171/171 188/188/188
f 188/188/188 171/171/171 184/184/184
f 184/184/184 171/171/171 180/180/180
f 180/180/180 171/171/171 176/176/176
f 176/176/176 171/171/171 172/172/172
f 172/172/172 171/171/171 167/167/167
f 167/167/167 171/171/171 163/163/163
f 163/163/163 171/171/171 159/159/159
f 159/159/159 171/171/171 155/155/155
f 155/155/155 171/171/171 151/151/151
f 151/151/151 171/171/171 153/153/153
f 153/153/153 171/171/171 157/157/157
f 157/157/157 171/171/171 161/161/161
f 161/161/161 171/171/171 165/165/165
f 165/165/165 171/171/171 169/169/169
f 169/169/169 171/171/171 174/174/174
f 174/174/174 171/171/171 178/178/178
f 178/178/178 171/171/171 182/182/182
f 182/182/182 171/171/171 186/186/186
f 186/186/186 171/171/171 190/190/190
f 933/933/933 954/954/954 951/951/951
f 933/933/933 951/951/951 947/947/947
f 933/933/933 947/947/947 943/943/943
f 933/933/933 943/943/943 939/939/939
f 933/933/933 939/939/939 935/935/935
f 933/933/933 935/935/935 930/930/930
f 933/933/933 930/930/930 926/926/926
f 933/933/933 926/926/926 922/922/922
f 933/933/933 922/922/922 918/918/918
f 933/933/933 918/918/918 914/914/914
f 933/933/933 914/914/914 916/916/916
f 933/933/933 916/916/916 920/920/920
f 933/933/933 920/920/920 924/924/924
f 933/933/933 924/924/924 928/928/928
f 933/933/933 928/928/928 932/932/932
f 933/933/933 932/932/932 937/937/937
f 933/933/933 937/937/937 941/941/941
f 933/933/933 941/941/941 945/945/945
f 933/933/933 945/945/945 949/949/949
f 933/933/933 949/949/949 954/954/954
f 952/952/952 679/679/679 950/950/950
f 952/952/952 680/680/680 679/679/679
f 950/950/950 677/677/677 946/946/946
f 950/950/950 679/679/679 677/677/677
f 946/946/946 675/675/675 942/942/942
f 946/946/946 677/677/677 675/675/675
f 942/942/942 673/673/673 938/938/938
f 942/942/942 675/675/675 673/673/673
f 938/938/938 671/671/671 934/934/934
f 938/938/938 673/673/673 671/671/671
f 934/934/934 669/669/669 929/929/929
f 934/934/934 671/671/671 669/669/669
f 929/929/929 667/667/667 925/925/925
f 929/929/929 669/669/669 667/667/667
f 925/925/925 665/665/665 921/921/921
f 925/925/925 667/667/667 665/665/665
f 921/921/921 663/663/663 917/917/917
f 921/921/921 665/665/665 663/663/663
f 917/917/917 661/661/661 913/913/913
f 917/917/917 663/663/663 661/661/661
f 913/913/913 662/662/662 915/915/915
f 913/913/913 661/661/661 662/662/662
f 915/915/915 664/664/664 919/919/919
f 915/915/915 662/662/662 664/664/664
f 919/919/919 666/666/666 923/923/923
f 919/919/919 664/664/664 666/666/666
f 923/923/923 668/668/668 927/927/927
f 923/923/923 666/666/666 668/668/668
f 927/927/927 670/670/670 931/931/931
f 927/927/927 668/668/668 670/670/670
f 931/931/931 672/672/672 936/936/936
f 931/931/931 670/670/670 672/672/672
f 936/936/936 674/674/674 940/940/940
f 936/936/936 672/672/672 674/674/674
f 940/940/940 676/676/676 944/944/944
f 940/940/940 674/674/674 676/676/676
f 944/944/944 678/678/678 948/948/948
f 944/944/944 676/676/676 678/678/678
f 948/948/948 681/681/681 953/953/953
f 948/948/948 678/678/678 681/681/681
f 680/680/680 463/463/463 679/679/679
f 680/680/680 464/464/464 463/463/463
f 679/679/679 461/461/461 677/677/677
f 679/679/679 463/463/463 461/461/461
f 677/677/677 459/459/459 675/675/675
f 677/677/677 461/461/461 459/459/459
f 675/675/675 457/457/457 673/673/673
f 675/675/675 459/459/459 457/457/457
f 673/673/673 455/455/455 671/671/671
f 673/673/673 457/457/457 455/455/455
f 671/671/671 453/453/453 669/669/669
f 671/671/671 455/455/455 453/453/453
f 669/669/669 451/451/451 667/667/667
f 669/669/669 453/453/453 451/451/451
f 667/667/667 449/449/449 665/665/665
f 667/667/667 451/451/451 449/449/449
f 665/665/665 447/447/447 663/663/663
f 665/665/665 449/449/449 447/447/447
f 663/663/663 445/445/445 661/661/661
f 663/663/663 447/447/447 445/445/445
f 661/661/661 446/446/446 662/662/662
f 661/661/661 445/445/445 446/446/446
f 662/662/662 448/448/448 664/664/664
f 662/662/662 446/446/446 448/448/448
f 664/664/664 450/450/450 666/666/666
f 664/664/664 448/448/448 450/450/450
f 666/666/666 452/452/452 668/668/668
f 666/666/666 450/450/450 452/452/452
f 668/668/668 454/454/454 670/670/670
f 668/668/668 452/452/452 454/454/454
f 670/670/670 456/456/456 672/672/672
f 670/670/670 454/454/454 456/456/456
f 672/672/672 458/458/458 674/674/674
f 672/672/672 456/456/456 458/458/458
f 674/674/674 460/460/460 676/676/676
f 674/674/674 458/458/458 460/460/460
f 676/676/676 462/462/462 678/678/678
f 676/676/676 460/460/460 462/462/462
f 678/678/678 465/465/465 681/681/681
f 678/678/678 462/462/462 465/465/465
f 464/464/464 231/231/231 463/463/463
f 464/464/464 233/233/233 231/231/231
f 463/463/463 227/227/227 461/461/461
f 463/463/463 231/231/231 227/227/227
f 461/461/461 223/223/223 459/459/459
f 461/461/461 227/227/227 223/223/223
f 459/459/459 219/219/219 457/457/457
f 459/459/459 223/223/223 219/219/219
f 457/457/457 215/215/215 455/455/455
f 457/457/457 219/219/219 215/215/215
f 455/455/455 210/210/210 453/453/453
f 455/455/455 215/215/215 210/210/210
f 453/453/453 206/206/206 451/451/451
f 453/453/453 210/210/210 206/206/206
f 451/451/451 202/202/202 449/449/449
f 451/451/451 206/206/206 202/202/202
f 449/449/449 198/198/198 447/447/447
f 449/449/449 202/202/202 198/198/198
f 447/447/447 194/194/194 445/445/445
f 447/447/447 198/198/198 194/194/194
f 445/445/445 196/196/196 446/446/446
f 445/445/445 194/194/194 196/196/196
f 446/446/446 200/200/200 448/448/448
f 446/446/446 196/196/196 200/200/200
f 448/448/448 204/204/204 450/450/450
f 448/448/448 200/200/200 204/204/204
f 450/450/450 208/208/208 452/452/452
f 450/450/450 204/204/204 208/208/208
f 452/452/452 212/212/212 454/454/454
f 452/452/452 208/208/208 212/212/212
f 454/454/454 217/217/217 456/456/456
f 454/454/454 212/212/212 217/217/217
f 456/456/456 221/221/221 458/458/458
f 456/456/456 217/217/217 221/221/221
f 458/458/458 225/225/225 460/460/460
f 458/458/458 221/221/221 225/225/225
f 460/460/460 229/229/229 462/462/462
f 460/460/460 225/225/225 229/229/229
f 462/462/462 234/234/234 465/465/465
f 462/462/462 229/229/229 234/234/234
f 232/232/232 213/213/213 230/230/230
f 230/230/230 213/213/213 226/226/226
f 226/226/226 213/213/213 222/222/222
f 222/222/222 213/213/213 218/218/218
f 218/218/218 213/213/213 214/214/214
f 214/214/214 213/213/213 209/209/209
f 209/209/209 213/213/213 205/205/205
f 205/205/205 213/213/213 201/201/201
f 201/201/201 213/213/213 197/197/197
f 197/197/197 213/213/213 193/193/193
f 193/193/193 213/213/213 195/195/195
f 195/195/195 213/213/213 199/199/199
f 199/199/199 213/213/213 203/203/203
f 203/203/203 213/213/213 207/207/207
f 207/207/207 213/213/213 211/211/211
f 211/211/211 213/213/213 216/216/216
f 216/216/216 213/213/213 220/220/220
f 220/220/220 213/213/213 224/224/224
f 224/224/224 213/213/213 228/228/228
f 228/228/228 213/213/213 232/232/232
f 975/975/975 996/996/996 993/993/993
f 975/975/975 993/993/993 989/989/989
f 975/975/975 989/989/989 985/985/985
f 975/975/975 985/985/985 981/981/981
f 975/975/975 981/981/981 977/977/977
f 975/975/975 977/977/977 972/972/972
f 975/975/975 972/972/972 968/968/968
f 975/975/975 968/968/968 964/964/964
f 975/975/975 964/964/964 960/960/960
f 975/975/975 960/960/960 956/956/956
f 975/975/975 956/956/956 958/958/958
f 975/975/975 958/958/958 962/962/962
f 975/975/975 962/962/962 966/966/966
f 975/975/975 966/966/966 970/970/970
f 975/975/975 970/970/970 974/974/974
f 975/975/975 974/974/974 979/979/979
f 975/975/975 979/979/979 983/983/983
f 975/975/975 983/983/983 987/987/987
f 975/975/975 987/987/987 991/991/991
f 975/975/975 991/991/991 996/996/996
f 994/994/994 700/700/700 992/992/992
f 994/994/994 701/701/701 700/700/700
f 992/992/992 698/698/698 988/988/988
f 992/992/992 700/700/700 698/698/698
f 988/988/988 696/696/696 984/984/984
f 988/988/988 698/698/698 696/696/696
f 984/984/984 694/694/694 980/980/980
f 984/984/984 696/696/696 694/694/694
f 980/980/980 692/692/692 976/976/976
f 980/980/980 694/694/694 692/692/692
f 976/976/976 690/690/690 971/971/971
f 976/976/976 692/692/692 690/690/690
f 971/971/971 688/688/688 967/967/967
f 971/971/971 690/690/690 688/688/688
f 967/967/967 686/686/686 963/963/963
f 967/967/967 688/688/688 686/686/686
f 963/963/963 684/684/684 959/959/959
f 963/963/963 686/686/686 684/684/684
f 959/959/959 682/682/682 955/955/955
f 959/959/959 684/684/684 682/682/682
f 955/955/955 683/683/683 957/957/957
f 955/955/955 682/682/682 683/683/683
f 957/957/957 685/685/685 961/961/961
f 957/957/957 683/683/683 685/685/685
f 961/961/961 687/687/687 965/965/965
f 961/961/961 685/685/685 687/687/687
f 965/965/965 689/689/689 969/969/969
f 965/965/965 687/687/687 689/689/689
f 969/969/969 691/691/691 973/973/973
f 969/969/969 689/689/689 691/691/691
f 973/973/973 693/693/693 978/978/978
f 973/973/973 691/691/691 693/693/693
f 978/978/978 695/695/695 982/982/982
f 978/978/978 693/693/693 695/695/695
f 982/982/982 697/697/697 986/986/986
f 982/982/982 695/695/695 697/697/697
f 986/986/986 699/699/699 990/990/990
f 986/986/986 697/697/697 699/699/699
f 990/990/990 702/702/702 995/995/995
f 990/990/990 699/699/699 702/702/702
f 701/701/701 484/484/484 700/700/700
f 701/701/701 485/485/485 484/484/484
f 700/700/700 482/482/482 698/698/698
f 700/700/700 484/484/484 482/482/482
f 698/698/698 480/480/480 696/696/696
f 698/698/698 482/482/482 480/480/480
f 696/696/696 478/478/478 694/694/694
f 696/696/696 480/480/480 478/478/478
f 694/694/694 476/476/476 692/692/692
f 694/694/694 478/478/478 476/476/476
f 692/692/692 474/474/474 690/690/690
f 692/692/692 476/476/476 474/474/474
f 690/690/690 472/472/472 688/688/688
f 690/690/690 474/474/474 472/472/472
f 688/688/688 470/470/470 686/686/686
f 688/688/688 472/472/472 470/470/470
f 686/686/686 468/468/468 684/684/684
f 686/686/686 470/470/470 468/468/468
f 684/684/684 466/466/466 682/682/682
f 684/684/684 468/468/468 466/466/466
f 682/682/682 467/467/467 683/683/683
f 682/682/682 466/466/466 467/467/467
f 683/683/683 469/469/469 685/685/685
f 683/683/683 467/467/467 469/469/469
f 685/685/685 471/471/471 687/687/687
f 685/685/685 469/469/469 471/471/471
f 687/687/687 473/473/473 689/689/689
f 687/687/687 471/471/471 473/473/473
f 689/689/689 475/475/475 691/691/691
f 689/689/689 473/473/473 475/475/475
f 691/691/691 477/477/477 693/693/693
f 691/691/691 475/475/475 477/477/477
f 693/693/693 479/479/479 695/695/695
f 693/693/693 477/477/477 479/479/479
f 695/695/695 481/481/481 697/697/697
f 695/695/695 479/479/479 481/481/481
f 697/697/697 483/483/483 699/699/699
f 697/697/697 481/481/481 483/483/483
f 699/699/699 486/486/486 702/702/702
f 699/699/699 483/483/483 486/486/486
f 485/485/485 273/273/273 484/484/484
f 485/485/485 275/275/275 273/273/273
f 484/484/484 269/269/269 482/482/482
f 484/484/484 273/273/273 269/269/269
f 482/482/482 265/265/265 480/480/480
f 482/482/482 269/269/269 265/265/265
f 480/480/480 261/261/261 478/478/478
f 480/480/480 265/265/265 261/261/261
f 478/478/478 257/257/257 476/476/476
f 478/478/478 261/261/261 257/257/257
f 476/476/476 252/252/252 474/474/474
f 476/476/476 257/257/257 252/252/252
f 474/474/474 248/248/248 472/472/472
f 474/474/474 252/252/252 248/248/248
f 472/472/472 244/244/244 470/470/470
f 472/472/472 248/248/248 244/244/244
f 470/470/470 240/240/240 468/468/468
f 470/470/470 244/244/244 240/240/240
f 468/468/468 236/236/236 466/466/466
f 468/468/468 240/240/240 236/236/236
f 466/466/466 238/238/238 467/467/467
f 466/466/466 236/236/236 238/238/238
f 467/467/467 242/242/242 469/469/469
f 467/467/467 238/238/238 242/242/242
f 469/469/469 246/246/246 471/471/471
f 469/469/469 242/242/242 246/246/246
f 471/471/471 250/250/250 473/473/473
f 471/471/471 246/246/246 250/250/250
f 473/473/473 254/254/254 475/475/475
f 473/473/473 250/250/250 254/254/254
f 475/475/475 259/259/259 477/477/477
f 475/475/475 254/254/254 259/259/259
f 477/477/477 263/263/263 479/479/479
f 477/477/477 259/259/259 263/263/263
f 479/479/479 267/267/267 481/481/481
f 479/479/479 263/263/263 267/267/267
f 481/481/481 271/271/271 483/483/483
f 481/481/481 267/267/267 271/271/271
f 483/483/483 276/276/276 486/486/486
f 483/483/483 271/271/271 276/276/276
f 274/274/274 255/255/255 272/272/272
f 272/272/272 255/255/255 268/268/268
f 268/268/268 255/255/255 264/264/264
f 264/264/264 255/255/255 260/260/260
f 260/260/260 255/255/255 256/256/256
f 256/256/256 255/255/255 251/251/251
f 251/251/251 255/255/255 247/247/247
f 247/247/247 255/255/255 243/243/243
f 243/243/243 255/255/255 239/239/239
f 239/239/239 255/255/255 235/235/235
f 235/235/235 255/255/255 237/237/237
f 237/237/237 255/255/255 241/241/241
f 241/241/241 255/255/255 245/245/245
f 245/245/245 255/255/255 249/249/249
f 249/249/249 255/255/255 253/253/253
f 253/253/253 255/255/255 258/258/258
f 258/258/258 255/255/255 262/262/262
f 262/262/262 255/255/255 266/266/266
f 266/266/266 255/255/255 270/270/270
f 270/270/270 255/255/255 274/274/274
f 1017/1017/1017 1038/1038/1038 1035/1035/1035
f 1017/1017/1017 1035/1035/1035 1031/1031/1031
f 1017/1017/1017 1031/1031/1031 1027/1027/1027
f 1017/1017/1017 1027/1027/1027 1023/1023/1023
f 1017/1017/1017 1023/1023/1023 1019/1019/1019
f 1017/1017/1017 1019/1019/1019 1014/1014/1014
f 1017/1017/1017 1014/1014/1014 1010/1010/1010
f 1017/1017/1017 1010/1010/1010 1006/1006/1006
f 1017/1017/1017 1006/1006/1006 1002/1002/1002
f 1017/1017/1017 1002/1002/1002 998/998/998
f 1017/1017/1017 998/998/998 1000/1000/1000
f 1017/1017/1017 1000/1000/1000 1004/1004/1004
f 1017/1017/1017 1004/1004/1004 1008/1008/1008
f 1017/1017/1017 1008/1008/1008 1012/1012/1012
f 1017/1017/1017 1012/1012/1012 1016/1016/1016
f 1017/1017/1017 1016/1016/1016 1021/1021/1021
f 1017/1017/1017 1021/1021/1021 1025/1025/1025
f 1017/1017/1017 1025/1025/1025 1029/1029/1029
f 1017/1017/1017 1029/1029/1029 1033/1033/1033
f 1017/1017/1017 1033/1033/1033 1038/1038/1038
f 1036/1036/1036 721/721/721 1034/1034/1034
f 1036/1036/1036 722/722/722 721/721/721
f 1034/1034/1034 719/719/719 1030/1030/1030
f 1034/1034/1034 721/721/721 719/719/719
f 1030/1030/1030 717/717/717 1026/1026/1026
f 1030/1030/1030 719/719/719 717/717/717
f 1026/1026/1026 715/715/715 1022/1022/1022
f 1026/1026/1026 717/717/717 715/715/715
f 1022/1022/1022 713/713/713 1018/1018/1018
f 1022/1022/1022 715/715/715 713/713/713
f 1018/1018/1018 711/711/711 1013/1013/1013
f 1018/1018/1018 713/713/713 711/711/711
f 1013/1013/1013 709/709/709 1009/1009/1009
f 1013/1013/1013 711/711/711 709/709/709
f 1009/1009/1009 707/707/707 1005/1005/1005
f 1009/1009/1009 709/709/709 707/707/707
f 1005/1005/1005 705/705/705 1001/1001/1001
f 1005/1005/1005 707/707/707 705/705/705
f 1001/1001/1001 703/703/703 997/997/997
f 1001/1001/1001 705/705/705 703/703/703
f 997/997/997 704/704/704 999/999/999
f 997/997/997 703/703/703 704/704/704
f 999/999/999 706/706/706 1003/1003/1003
f 999/999/999 704/704/704 706/706/706
f 1003/1003/1003 708/708/708 1007/1007/1007
f 1003/1003/1003 706/706/706 708/708/708
f 1007/1007/1007 710/710/710 1011/1011/1011
f 1007/1007/1007 708/708/708 710/710/710
f 1011/1011/1011 712/712/712 1015/1015/1015
f 1011/1011/1011 710/710/710 712/712/712
f 1015/1015/1015 714/714/714 1020/1020/1020
f 1015/1015/1015 712/712/712 714/714/714
f 1020/1020/1020 716/716/716 1024/1024/1024
f 1020/1020/1020 714/714/714 716/716/716
f 1024/1024/1024 718/718/718 1028/1028/1028
f 1024/1024/1024 716/716/716 718/718/718
f 1028/1028/1028 720/720/720 1032/1032/1032
f 1028/1028/1028 718/718/718 720/720/720
f 1032/1032/1032 723/723/723 1037/1037/1037
f 1032/1032/1032 720/720/720 723/723/723
f 722/722/722 505/505/505 721/721/721
f 722/722/722 506/506/506 505/505/505
f 721/721/721 503/503/503 719/719/719
f 721/721/721 505/505/505 503/503/503
f 719/719/719 501/501/501 717/717/717
f 719/719/719 503/503/503 501/501/501
f 717/717/717 499/499/499 715/715/715
f 717/717/717 501/501/501 499/499/499
f 715/715/715 497/497/497 713/713/713
f 715/715/715 499/499/499 497/497/497
f 713/713/713 495/495/495 711/711/711
f 713/713/713 497/497/497 495/495/495
f 711/711/711 493/493/493 709/709/709
f 711/711/711 495/495/495 493/493/493
f 709/709/709 491/491/491 707/707/707
f 709/709/709 493/493/493 491/491/491
f 707/707/707 489/489/489 705/705/705
f 707/707/707 491/491/491 489/489/489
f 705/705/705 487/487/487 703/703/703
f 705/705/705 489/489/489 487/487/487
f 703/703/703 488/488/488 704/704/704
f 703/703/703 487/487/487 488/488/488
f 704/704/704 490/490/490 706/706/706
f 704/704/704 488/488/488 490/490/490
f 706/706/706 492/492/492 708/708/708
f 706/706/706 490/490/490 492/492/492
f 708/708/708 494/494/494 710/710/710
f 708/708/708 492/492/492 494/494/494
f 710/710/710 496/496/496 712/712/712
f 710/710/710 494/494/494 496/496/496
f 712/712/712 498/498/498 714/714/714
f 712/712/712 496/496/496 498/498/498
f 714/714/714 500/500/500 716/716/716
f 714/714/714 498/498/498 500/500/500
f 716/716/716 502/502/502 718/718/718
f 716/716/716 500/500/500 502/502/502
f 718/718/718 504/504/504 720/720/720
f 718/718/718 502/502/502 504/504/504
f 720/720/720 507/507/507 723/723/723
f 720/720/720 504/504/504 507/507/507
f 506/506/506 315/315/315 505/505/505
f 506/506/506 317/317/317 315/315/315
f 505/505/505 311/311/311 503/503/503
f 505/505/505 315/315/315 311/311/311
f 503/503/503 307/307/307 501/501/501
f 503/503/503 311/311/311 307/307/307
f 501/501/501 303/303/303 499/499/499
f 501/501/501 307/307/307 303/303/303
f 499/499/499 299/299/299 497/497/497
f 499/499/499 303/303/303 299/299/299
f 497/497/497 294/294/294 495/495/495
f 497/497/497 299/299/299 294/294/294
f 495/495/495 290/290/290 493/493/493
f 495/495/495 294/294/294 290/290/290
f 493/493/493 286/286/286 491/491/491
f 493/493/493 290/290/290 286/286/286
f 491/491/491 282/282/282 489/489/489
f 491/491/491 286/286/286 282/282/282
f 489/489/489 278/278/278 487/487/487
f 489/489/489 282/282/282 278/278/278
f 487/487/487 280/280/280 488/488/488
f 487/487/487 278/278/278 280/280/280
f 488/488/488 284/284/284 490/490/490
f 488/488/488 280/280/280 284/284/284
f 490/490/490 288/288/288 492/492/492
f 490/490/490 284/284/284 288/288/288
f 492/492/492 292/292/292 494/494/494
f 492/492/492 288/288/288 292/292/292
f 494/494/494 296/296/296 496/496/496
f 494/494/494 292/292/292 296/296/296
f 496/496/496 301/301/301 498/498/498
f 496/496/496 296/296/296 301/301/301
f 498/498/498 305/305/305 500/500/500
f 498/498/498 301/301/301 305/305/305
f 500/500/500 309/309/309 502/502/502
f 500/500/500 305/305/305 309/309/309
f 502/502/502 313/313/313 504/504/504
f 502/502/502 309/309/309 313/313/313
f 504/504/504 318/318/318 507/507/507
f 504/504/504 313/313/313 318/318/318
f 316/316/316 297/297/297 314/314/314
f 314/314/314 297/297/297 310/310/310
f 310/310/310 297/297/297 306/306/306
f 306/306/306 297/297/297 302/302/302
f 302/302/302 297/297/297 298/298/298
f 298/298/298 297/297/297 293/293/293
f 293/293/293 297/297/297 289/289/289
f 289/289/289 297/297/297 285/285/285
f 285/285/285 297/297/297 281/281/281
f 281/281/281 297/297/297 277/277/277
f 277/277/277 297/297/297 279/279/279
f 279/279/279 297/297/297 283/283/283
f 283/283/283 297/297/297 287/287/287
f 287/287/287 297/297/297 291/291/291
f 291/291/291 297/297/297 295/295/295
f 295/295/295 297/297/297 300/300/300
f 300/300/300 297/297/297 304/304/304
f 304/304/304 297/297/297 308/308/308
f 308/308/308 297/297/297 312/312/312
f 312/312/312 297/297/297 316/316/316
f 1059/1059/1059 1080/1080/1080 1077/1077/1077
f 1059/1059/1059 1077/1077/1077 1073/1073/1073
f 1059/1059/1059 1073/1073/1073 1069/1069/1069
f 1059/1059/1059 1069/1069/1069 1065/1065/1065
f 1059/1059/1059 1065/1065/1065 1061/1061/1061
f 1059/1059/1059 1061/1061/1061 1056/1056/1056
f 1059/1059/1059 1056/1056/1056 1052/1052/1052
f 1059/1059/1059 1052/1052/1052 1048/1048/1048
f 1059/1059/1059 1048/1048/1048 1044/1044/1044
f 1059/1059/1059 1044/1044/1044 1040/1040/1040
f 1059/1059/1059 1040/1040/1040 1042/1042/1042
f 1059/1059/1059 1042/1042/1042 1046/1046/1046
f 1059/1059/1059 1046/1046/1046 1050/1050/1050
f 1059/1059/1059 1050/1050/1050 1054/1054/1054
f 1059/1059/1059 1054/1054/1054 1058/1058/1058
f 1059/1059/1059 1058/1058/1058 1063/1063/1063
f 1059/1059/1059 1063/1063/1063 1067/1067/1067
f 1059/1059/1059 1067/1067/1067 1071/1071/1071
f 1059/1059/1059 1071/1071/1071 1075/1075/1075
f 1059/1059/1059 1075/1075/1075 1080/1080/1080
f 1078/1078/1078 742/742/742 1076/1076/1076
f 1078/1078/1078 743/743/743 742/742/742
f 1076/1076/1076 740/740/740 1072/1072/1072
f 1076/1076/1076 742/742/742 740/740/740
f 1072/1072/1072 738/738/738 1068/1068/1068
f 1072/1072/1072 740/740/740 738/738/738
f 1068/1068/1068 736/736/736 1064/1064/1064
f 1068/1068/1068 738/738/738 736/736/736
f 1064/1064/1064 734/734/734 1060/1060/1060
f 1064/1064/1064 736/736/736 734/734/734
f 1060/1060/1060 732/732/732 1055/1055/1055
f 1060/1060/1060 734/734/734 732/732/732
f 1055/1055/1055 730/730/730 1051/1051/1051
f 1055/1055/1055 732/732/732 730/730/730
f 1051/1051/1051 728/728/728 1047/1047/1047
f 1051/1051/1051 730/730/730 728/728/728
f 1047/1047/1047 726/726/726 1043/1043/1043
f 1047/1047/1047 728/728/728 726/726/726
f 1043/1043/1043 724/724/724 1039/1039/1039
f 1043/1043/1043 726/726/726 724/724/724
f 1039/1039/1039 725/725/725 1041/1041/1041
f 1039/1039/1039 724/724/724 725/725/725
f 1041/1041/1041 727/727/727 1045/1045/1045
f 1041/1041/1041 725/725/725 727/727/727
f 1045/1045/1045 729/729/729 1049/1049/1049
f 1045/1045/1045 727/727/727 729/729/729
f 1049/1049/1049 731/731/731 1053/1053/1053
f 1049/1049/1049 729/729/729 731/731/731
f 1053/1053/1053 733/733/733 1057/1057/1057
f 1053/1053/1053 731/731/731 733/733/733
f 1057/1057/1057 735/735/735 1062/1062/1062
f 1057/1057/1057 733/733/733 735/735/735
f 1062/1062/1062 737/737/737 1066/1066/1066
f 1062/1062/1062 735/735/735 737/737/737
f 1066/1066/1066 739/739/739 1070/1070/1070
f 1066/1066/1066 737/737/737 739/739/739
f 1070/1070/1070 741/741/741 1074/1074/1074
f 1070/1070/1070 739/739/739 741/741/741
f 1074/1074/1074 744/744/744 1079/1079/1079
f 1074/1074/1074 741/741/741 744/744/744
f 743/743/743 526/526/526 742/742/742
f 743/743/743 527/527/527 526/526/526
f 742/742/742 524/524/524 740/740/740
f 742/742/742 526/526/526 524/524/524
f 740/740/740 522/522/522 738/738/738
f 740/740/740 524/524/524 522/522/522
f 738/738/738 520/520/520 736/736/736
f 738/738/738 522/522/522 520/520/520
f 736/736/736 518/518/518 734/734/734
f 736/736/736 520/520/520 518/518/518
f 734/734/734 516/516/516 732/732/732
f 734/734/734 518/518/518 516/516/516
f 732/732/732 514/514/514 730/730/730
f 732/732/732 516/516/516 514/514/514
f 730/730/730 512/512/512 728/728/728
f 730/730/730 514/514/514 512/512/512
f 728/728/728 510/510/510 726/726/726
f 728/728/728 512/512/512 510/510/510
f 726/726/726 508/508/508 724/724/724
f 726/726/726 510/510/510 508/508/508
f 724/724/724 509/509/509 725/725/725
f 724/724/724 508/508/508 509/509/509
f 725/725/725 511/511/511 727/727/727
f 725/725/725 509/509/509 511/511/511
f 727/727/727 513/513/513 729/729/729
f 727/727/727 511/511/511 513/513/513
f 729/729/729 515/515/515 731/731/731
f 729/729/729 513/513/513 515/515/515
f 731/731/731 517/517/517 733/733/733
f 731/731/731 515/515/515 517/517/517
f 733/733/733 519/519/519 735/735/735
f 733/733/733 517/517/517 519/519/519
f 735/735/735 521/521/521 737/737/737
f 735/735/735 519/519/519 521/521/521
f 737/737/737 523/523/523 739/739/739
f 737/737/737 521/521/521 523/523/523
f 739/739/739 525/525/525 741/741/741
f 739/739/739 523/523/523 525/525/525
f 741/741/741 528/528/528 744/744/744
f 741/741/741 525/525/525 528/528/528
f 527/527/527 357/357/357 526/526/526
f 527/527/527 359/359/359 357/357/357
f 526/526/526 353/353/353 524/524/524
f 526/526/526 357/357/357 353/353/353
f 524/524/524 349/349/349 522/522/522
f 524/524/524 353/353/353 349/349/349
f 522/522/522 345/345/345 520/520/520
f 522/522/522 349/349/349 345/345/345
f 520/520/520 341/341/341 518/518/518
f 520/520/520 345/345/345 341/341/341
f 518/518/518 336/336/336 516/516/516
f 518/518/518 341/341/341 336/336/336
f 516/516/516 332/332/332 514/514/514
f 516/516/516 336/336/336 332/332/332
f 514/514/514 328/328/328 512/512/512
f 514/514/514 332/332/332 328/328/328
f 512/512/512 324/324/324 510/510/510
f 512/512/512 328/328/328 324/324/324
f 510/510/510 320/320/320 508/508/508
f 510/510/510 324/324/324 320/320/320
f 508/508/508 322/322/322 509/509/509
f 508/508/508 320/320/320 322/322/322
f 509/509/509 326/326/326 511/511/511
f 509/509/509 322/322/322 326/326/326
f 511/511/511 330/330/330 513/513/513
f 511/511/511 326/326/326 330/330/330
f 513/513/513 334/334/334 515/515/515
f 513/513/513 330/330/330 334/334/334
f 515/515/515 338/338/338 517/517/517
f 515/515/515 334/334/334 338/338/338
f 517/517/517 343/343/343 519/519/519
f 517/517/517 338/338/338 343/343/343
f 519/519/519 347/347/347 521/521/521
f 519/519/519 343/343/343 347/347/347
f 521/521/521 351/351/351 523/523/523
f 521/521/521 347/347/347 351/351/351
f 523/523/523 355/355/355 525/525/525
f 523/523/523 351/351/351 355/355/355
f 525/525/525 360/360/360 528/528/528
f 525/525/525 355/355/355 360/360/360
f 358/358/358 339/339/339 356/356/356
f 356/356/356 339/339/339 352/352/352
f 352/352/352 339/339/339 348/348/348
f 348/348/348 339/339/339 344/344/344
f 344/344/344 339/339/339 340/340/340
f 340/340/340 339/339/339 335/335/335
f 335/335/335 339/339/339 331/331/331
f 331/331/331 339/339/339 327/327/327
f 327/327/327 339/339/339 323/323/323
f 323/323/323 339/339/339 319/319/319
f 319/319/319 339/339/339 321/321/321
f 321/321/321 339/339/339 325/325/325
f 325/325/325 339/339/339 329/329/329
f 329/329/329 339/339/339 333/333/333
f 333/333/333 339/339/339 337/337/337
f 337/337/337 339/339/339 342/342/342
f 342/342/342 339/339/339 346/346/346
f 346/346/346 339/339/339 350/350/350
f 350/350/350 339/339/339 354/354/354
f 354/354/354 339/339/339 358/358/358
