# Y up, metres; named parts; full animation hierarchy is in the Unity prefab
mtllib Materials.mtl
o Poste_y_brazo_curvo
v -0.300000 0.140000 0.000000
v -0.289778 0.140000 -0.077646
v -0.289778 0.140000 0.077646
v -0.280000 0.000000 0.000000
v -0.280000 0.000000 0.000000
v -0.270459 0.000000 -0.072469
v -0.270459 0.000000 -0.072469
v -0.270459 0.000000 0.072469
v -0.270459 0.000000 0.072469
v -0.259808 0.140000 -0.150000
v -0.259808 0.140000 0.150000
v -0.242487 0.000000 -0.140000
v -0.242487 0.000000 -0.140000
v -0.242487 0.000000 0.140000
v -0.242487 0.000000 0.140000
v -0.212132 0.140000 -0.212132
v -0.212132 0.140000 0.212132
v -0.197990 0.000000 -0.197990
v -0.197990 0.000000 -0.197990
v -0.197990 0.000000 0.197990
v -0.197990 0.000000 0.197990
v -0.150000 0.140000 -0.259808
v -0.150000 0.140000 0.259808
v -0.150000 2.300000 0.000000
v -0.150000 2.300000 0.000000
v -0.144889 2.300000 -0.038823
v -0.144889 2.300000 -0.038823
v -0.144889 2.300000 0.038823
v -0.144889 2.300000 0.038823
v -0.140000 0.000000 -0.242487
v -0.140000 0.000000 -0.242487
v -0.140000 0.000000 0.242487
v -0.140000 0.000000 0.242487
v -0.140000 0.300000 0.000000
v -0.135230 0.300000 -0.036235
v -0.135230 0.300000 0.036235
v -0.129904 2.300000 -0.075000
v -0.129904 2.300000 -0.075000
v -0.129904 2.300000 0.075000
v -0.129904 2.300000 0.075000
v -0.121244 0.300000 -0.070000
v -0.121244 0.300000 0.070000
v -0.106066 2.300000 -0.106066
v -0.106066 2.300000 -0.106066
v -0.106066 2.300000 0.106066
v -0.106066 2.300000 0.106066
v -0.100000 2.150000 0.000000
v -0.098995 0.300000 -0.098995
v -0.098995 0.300000 0.098995
v -0.096593 2.150000 -0.025882
v -0.096593 2.150000 0.025882
v -0.086603 2.150000 -0.050000
v -0.086603 2.150000 0.050000
v -0.077646 0.140000 -0.289778
v -0.077646 0.140000 0.289778
v -0.075000 2.300000 -0.129904
v -0.075000 2.300000 -0.129904
v -0.075000 2.300000 0.129904
v -0.075000 2.300000 0.129904
v -0.072469 0.000000 -0.270459
v -0.072469 0.000000 -0.270459
v -0.072469 0.000000 0.270459
v -0.072469 0.000000 0.270459
v -0.070711 2.150000 -0.070711
v -0.070711 2.150000 0.070711
v -0.070000 0.300000 -0.121244
v -0.070000 0.300000 0.121244
v -0.054309 2.108689 0.000000
v -0.054309 2.108689 0.000000
v -0.054309 2.108689 0.000000
v -0.050000 2.150000 -0.086603
v -0.050000 2.150000 0.086603
v -0.038823 2.300000 -0.144889
v -0.038823 2.300000 -0.144889
v -0.038823 2.300000 0.144889
v -0.038823 2.300000 0.144889
v -0.038402 2.106144 -0.038891
v -0.038402 2.106144 -0.038891
v -0.038402 2.106144 -0.038891
v -0.038402 2.106144 0.038891
v -0.038402 2.106144 0.038891
v -0.038402 2.106144 0.038891
v -0.036235 0.300000 -0.135230
v -0.036235 0.300000 0.135230
v -0.025882 2.150000 -0.096593
v -0.025882 2.150000 0.096593
v 0.000000 0.000000 -0.280000
v 0.000000 0.000000 -0.280000
v 0.000000 0.000000 0.000000
v 0.000000 0.000000 0.280000
v 0.000000 0.000000 0.280000
v 0.000000 0.140000 -0.300000
v 0.000000 0.140000 0.300000
v 0.000000 0.300000 -0.140000
v 0.000000 0.300000 0.140000
v 0.000000 2.100000 -0.055000
v 0.000000 2.100000 -0.055000
v 0.000000 2.100000 -0.055000
v 0.000000 2.100000 0.000000
v 0.000000 2.100000 0.055000
v 0.000000 2.100000 0.055000
v 0.000000 2.100000 0.055000
v 0.000000 2.150000 -0.100000
v 0.000000 2.150000 0.100000
v 0.000000 2.300000 -0.150000
v 0.000000 2.300000 -0.150000
v 0.000000 2.300000 0.000000
v 0.000000 2.300000 0.150000
v 0.000000 2.300000 0.150000
v 0.025882 2.150000 -0.096593
v 0.025882 2.150000 0.096593
v 0.030406 2.623778 0.000000
v 0.036235 0.300000 -0.135230
v 0.036235 0.300000 0.135230
v 0.038402 2.093856 -0.038891
v 0.038402 2.093856 -0.038891
v 0.038402 2.093856 -0.038891
v 0.038402 2.093856 0.038891
v 0.038402 2.093856 0.038891
v 0.038402 2.093856 0.038891
v 0.038823 2.300000 -0.144889
v 0.038823 2.300000 -0.144889
v 0.038823 2.300000 0.144889
v 0.038823 2.300000 0.144889
v 0.044931 2.616814 -0.038891
v 0.044931 2.616814 0.038891
v 0.050000 2.150000 -0.086603
v 0.050000 2.150000 0.086603
v 0.054309 2.091311 0.000000
v 0.054309 2.091311 0.000000
v 0.054309 2.091311 0.000000
v 0.054309 2.091311 0.000000
v 0.070000 0.300000 -0.121244
v 0.070000 0.300000 0.121244
v 0.070711 2.150000 -0.070711
v 0.070711 2.150000 0.070711
v 0.072469 0.000000 -0.270459
v 0.072469 0.000000 -0.270459
v 0.072469 0.000000 0.270459
v 0.072469 0.000000 0.270459
v 0.075000 2.300000 -0.129904
v 0.075000 2.300000 -0.129904
v 0.075000 2.300000 0.129904
v 0.075000 2.300000 0.129904
v 0.077646 0.140000 -0.289778
v 0.077646 0.140000 0.289778
v 0.080000 2.600000 -0.055000
v 0.080000 2.600000 0.055000
v 0.080000 2.600000 0.055000
v 0.086603 2.150000 -0.050000
v 0.086603 2.150000 0.050000
v 0.096593 2.150000 -0.025882
v 0.096593 2.150000 0.025882
v 0.098995 0.300000 -0.098995
v 0.098995 0.300000 0.098995
v 0.100000 2.150000 0.000000
v 0.100000 2.150000 0.000000
v 0.106066 2.300000 -0.106066
v 0.106066 2.300000 -0.106066
v 0.106066 2.300000 0.106066
v 0.106066 2.300000 0.106066
v 0.115069 2.583186 -0.038891
v 0.115069 2.583186 0.038891
v 0.121244 0.300000 -0.070000
v 0.121244 0.300000 0.070000
v 0.129594 2.576222 0.000000
v 0.129904 2.300000 -0.075000
v 0.129904 2.300000 -0.075000
v 0.129904 2.300000 0.075000
v 0.129904 2.300000 0.075000
v 0.135230 0.300000 -0.036235
v 0.135230 0.300000 0.036235
v 0.140000 0.000000 -0.242487
v 0.140000 0.000000 -0.242487
v 0.140000 0.000000 0.242487
v 0.140000 0.000000 0.242487
v 0.140000 0.300000 0.000000
v 0.140000 0.300000 0.000000
v 0.144889 2.300000 -0.038823
v 0.144889 2.300000 -0.038823
v 0.144889 2.300000 0.038823
v 0.144889 2.300000 0.038823
v 0.150000 0.140000 -0.259808
v 0.150000 0.140000 0.259808
v 0.150000 2.300000 0.000000
v 0.150000 2.300000 0.000000
v 0.150000 2.300000 0.000000
v 0.197990 0.000000 -0.197990
v 0.197990 0.000000 -0.197990
v 0.197990 0.000000 0.197990
v 0.197990 0.000000 0.197990
v 0.212132 0.140000 -0.212132
v 0.212132 0.140000 0.212132
v 0.242487 0.000000 -0.140000
v 0.242487 0.000000 -0.140000
v 0.242487 0.000000 0.140000
v 0.242487 0.000000 0.140000
v 0.259808 0.140000 -0.150000
v 0.259808 0.140000 0.150000
v 0.270459 0.000000 -0.072469
v 0.270459 0.000000 -0.072469
v 0.270459 0.000000 0.072469
v 0.270459 0.000000 0.072469
v 0.280000 0.000000 0.000000
v 0.280000 0.000000 0.000000
v 0.280000 0.000000 0.000000
v 0.289778 0.140000 -0.077646
v 0.289778 0.140000 0.077646
v 0.300000 0.140000 0.000000
v 0.300000 0.140000 0.000000
v 0.335109 2.882946 0.000000
v 0.339470 2.867438 -0.038891
v 0.339470 2.867438 0.038891
v 0.350000 2.830000 -0.055000
v 0.350000 2.830000 0.055000
v 0.350000 2.830000 0.055000
v 0.360530 2.792562 -0.038891
v 0.360530 2.792562 0.038891
v 0.364891 2.777054 0.000000
v 0.690530 2.733562 0.000000
v 0.699161 2.747163 -0.038891
v 0.699161 2.747163 0.038891
v 0.720000 2.780000 -0.055000
v 0.720000 2.780000 0.055000
v 0.720000 2.780000 0.055000
v 0.740839 2.812837 -0.038891
v 0.740839 2.812837 0.038891
v 0.749470 2.826438 0.000000
v 0.821519 2.474028 0.000000
v 0.821519 2.474028 0.000000
v 0.821519 2.474028 0.000000
v 0.835718 2.481635 -0.038891
v 0.835718 2.481635 -0.038891
v 0.835718 2.481635 -0.038891
v 0.835718 2.481635 0.038891
v 0.835718 2.481635 0.038891
v 0.835718 2.481635 0.038891
v 0.870000 2.500000 -0.055000
v 0.870000 2.500000 -0.055000
v 0.870000 2.500000 -0.055000
v 0.870000 2.500000 0.000000
v 0.870000 2.500000 0.055000
v 0.870000 2.500000 0.055000
v 0.870000 2.500000 0.055000
v 0.870000 2.500000 0.055000
v 0.904282 2.518365 -0.038891
v 0.904282 2.518365 -0.038891
v 0.904282 2.518365 -0.038891
v 0.904282 2.518365 0.038891
v 0.904282 2.518365 0.038891
v 0.904282 2.518365 0.038891
v 0.918481 2.525972 0.000000
v 0.918481 2.525972 0.000000
v 0.918481 2.525972 0.000000
vt 0.500000 0.087500
vt 0.541667 0.087500
vt 0.458333 0.087500
vt 0.500000 0.000000
vt 0.033333 0.500000
vt 0.541667 0.000000
vt 0.049235 0.379218
vt 0.458333 0.000000
vt 0.049235 0.620782
vt 0.583333 0.087500
vt 0.416667 0.087500
vt 0.583333 0.000000
vt 0.095855 0.266667
vt 0.416667 0.000000
vt 0.095855 0.733333
vt 0.625000 0.087500
vt 0.375000 0.087500
vt 0.625000 0.000000
vt 0.170017 0.170017
vt 0.375000 0.000000
vt 0.170017 0.829983
vt 0.666667 0.087500
vt 0.333333 0.087500
vt 0.500000 1.437500
vt 0.250000 0.500000
vt 0.541667 1.437500
vt 0.258519 0.435295
vt 0.458333 1.437500
vt 0.258519 0.564705
vt 0.666667 0.000000
vt 0.266667 0.095855
vt 0.333333 0.000000
vt 0.266667 0.904145
vt 0.500000 0.187500
vt 0.541667 0.187500
vt 0.458333 0.187500
vt 0.583333 1.437500
vt 0.283494 0.375000
vt 0.416667 1.437500
vt 0.283494 0.625000
vt 0.583333 0.187500
vt 0.416667 0.187500
vt 0.625000 1.437500
vt 0.323223 0.323223
vt 0.375000 1.437500
vt 0.323223 0.676777
vt 0.500000 1.343750
vt 0.625000 0.187500
vt 0.375000 0.187500
vt 0.541667 1.343750
vt 0.458333 1.343750
vt 0.583333 1.343750
vt 0.416667 1.343750
vt 0.708333 0.087500
vt 0.291667 0.087500
vt 0.666667 1.437500
vt 0.375000 0.283494
vt 0.333333 1.437500
vt 0.375000 0.716506
vt 0.708333 0.000000
vt 0.379218 0.049235
vt 0.291667 0.000000
vt 0.379218 0.950765
vt 0.625000 1.343750
vt 0.375000 1.343750
vt 0.666667 0.187500
vt 0.333333 0.187500
vt 0.500000 0.000000
vt 0.000000 0.000000
vt 1.000000 0.000000
vt 0.666667 1.343750
vt 0.333333 1.343750
vt 0.708333 1.437500
vt 0.435295 0.258519
vt 0.291667 1.437500
vt 0.435295 0.741481
vt 0.375000 0.000000
vt 0.000000 0.000000
vt 1.000000 0.000000
vt 0.625000 0.000000
vt 0.000000 0.000000
vt 1.000000 0.000000
vt 0.708333 0.187500
vt 0.291667 0.187500
vt 0.708333 1.343750
vt 0.291667 1.343750
vt 0.500000 0.033333
vt 0.750000 0.000000
vt 0.500000 0.500000
vt 0.500000 0.966667
vt 0.250000 0.000000
vt 0.750000 0.087500
vt 0.250000 0.087500
vt 0.750000 0.187500
vt 0.250000 0.187500
vt 0.000000 0.000000
vt 1.000000 0.000000
vt 0.250000 0.000000
vt 0.500000 0.500000
vt 0.000000 0.000000
vt 1.000000 0.000000
vt 0.750000 0.000000
vt 0.750000 1.343750
vt 0.250000 1.343750
vt 0.750000 1.437500
vt 0.500000 0.250000
vt 0.500000 0.500000
vt 0.250000 1.437500
vt 0.500000 0.750000
vt 0.791667 1.343750
vt 0.208333 1.343750
vt 0.750000 0.200000
vt 0.791667 0.187500
vt 0.208333 0.187500
vt 0.000000 0.000000
vt 1.000000 0.000000
vt 0.125000 0.000000
vt 0.000000 0.000000
vt 1.000000 0.000000
vt 0.875000 0.000000
vt 0.564705 0.258519
vt 0.791667 1.437500
vt 0.564705 0.741481
vt 0.208333 1.437500
vt 0.625000 0.200000
vt 0.875000 0.200000
vt 0.833333 1.343750
vt 0.166667 1.343750
vt 0.000000 0.000000
vt 1.000000 0.000000
vt 0.000000 0.000000
vt 1.000000 0.000000
vt 0.833333 0.187500
vt 0.166667 0.187500
vt 0.875000 1.343750
vt 0.125000 1.343750
vt 0.620782 0.049235
vt 0.791667 0.000000
vt 0.620782 0.950765
vt 0.208333 0.000000
vt 0.625000 0.283494
vt 0.833333 1.437500
vt 0.625000 0.716506
vt 0.166667 1.437500
vt 0.791667 0.087500
vt 0.208333 0.087500
vt 0.500000 0.200000
vt 0.000000 0.200000
vt 1.000000 0.200000
vt 0.916667 1.343750
vt 0.083333 1.343750
vt 0.958333 1.343750
vt 0.041667 1.343750
vt 0.875000 0.187500
vt 0.125000 0.187500
vt 0.000000 1.343750
vt 1.000000 1.343750
vt 0.676777 0.323223
vt 0.875000 1.437500
vt 0.676777 0.676777
vt 0.125000 1.437500
vt 0.375000 0.200000
vt 0.125000 0.200000
vt 0.916667 0.187500
vt 0.083333 0.187500
vt 0.250000 0.200000
vt 0.716506 0.375000
vt 0.916667 1.437500
vt 0.716506 0.625000
vt 0.083333 1.437500
vt 0.958333 0.187500
vt 0.041667 0.187500
vt 0.733333 0.095855
vt 0.833333 0.000000
vt 0.733333 0.904145
vt 0.166667 0.000000
vt 0.000000 0.187500
vt 1.000000 0.187500
vt 0.741481 0.435295
vt 0.958333 1.437500
vt 0.741481 0.564705
vt 0.041667 1.437500
vt 0.833333 0.087500
vt 0.166667 0.087500
vt 0.750000 0.500000
vt 0.000000 1.437500
vt 1.000000 1.437500
vt 0.829983 0.170017
vt 0.875000 0.000000
vt 0.829983 0.829983
vt 0.125000 0.000000
vt 0.875000 0.087500
vt 0.125000 0.087500
vt 0.904145 0.266667
vt 0.916667 0.000000
vt 0.904145 0.733333
vt 0.083333 0.000000
vt 0.916667 0.087500
vt 0.083333 0.087500
vt 0.950765 0.379218
vt 0.958333 0.000000
vt 0.950765 0.620782
vt 0.041667 0.000000
vt 0.966667 0.500000
vt 0.000000 0.000000
vt 1.000000 0.000000
vt 0.958333 0.087500
vt 0.041667 0.087500
vt 0.000000 0.087500
vt 1.000000 0.087500
vt 0.750000 0.400000
vt 0.625000 0.400000
vt 0.875000 0.400000
vt 0.500000 0.400000
vt 0.000000 0.400000
vt 1.000000 0.400000
vt 0.375000 0.400000
vt 0.125000 0.400000
vt 0.250000 0.400000
vt 0.250000 0.600000
vt 0.375000 0.600000
vt 0.125000 0.600000
vt 0.500000 0.600000
vt 0.000000 0.600000
vt 1.000000 0.600000
vt 0.625000 0.600000
vt 0.875000 0.600000
vt 0.750000 0.600000
vt 0.250000 0.800000
vt 0.000000 0.000000
vt 1.000000 0.000000
vt 0.375000 0.800000
vt 0.000000 0.000000
vt 1.000000 0.000000
vt 0.125000 0.800000
vt 0.000000 0.000000
vt 1.000000 0.000000
vt 0.500000 0.800000
vt 0.000000 0.000000
vt 1.000000 0.000000
vt 0.500000 0.500000
vt 0.000000 0.800000
vt 1.000000 0.800000
vt 0.000000 0.000000
vt 1.000000 0.000000
vt 0.000000 0.000000
vt 1.000000 0.000000
vt 0.625000 0.800000
vt 0.000000 0.000000
vt 1.000000 0.000000
vt 0.875000 0.800000
vt 0.000000 0.000000
vt 1.000000 0.000000
vt 0.750000 0.800000
vn -0.948683 0.316228 0.000000
vn -0.916358 0.316228 -0.245537
vn -0.916358 0.316228 0.245537
vn -0.989950 -0.141421 0.000000
vn 0.000000 -1.000000 0.000000
vn -0.956218 -0.141421 -0.256218
vn 0.000000 -1.000000 0.000000
vn -0.956218 -0.141421 0.256218
vn 0.000000 -1.000000 0.000000
vn -0.821584 0.316228 -0.474342
vn -0.821584 0.316228 0.474342
vn -0.857321 -0.141421 -0.494975
vn 0.000000 -1.000000 0.000000
vn -0.857321 -0.141421 0.494975
vn 0.000000 -1.000000 0.000000
vn -0.670820 0.316228 -0.670820
vn -0.670820 0.316228 0.670820
vn -0.700000 -0.141421 -0.700000
vn 0.000000 -1.000000 0.000000
vn -0.700000 -0.141421 0.700000
vn 0.000000 -1.000000 0.000000
vn -0.474342 0.316228 -0.821584
vn -0.474342 0.316228 0.821584
vn -0.948683 -0.316228 0.000000
vn 0.000000 1.000000 0.000000
vn -0.916358 -0.316228 -0.245537
vn 0.000000 1.000000 0.000000
vn -0.916358 -0.316228 0.245537
vn 0.000000 1.000000 0.000000
vn -0.494975 -0.141421 -0.857321
vn 0.000000 -1.000000 0.000000
vn -0.494975 -0.141421 0.857321
vn 0.000000 -1.000000 0.000000
vn -0.919689 0.392647 0.000000
vn -0.888352 0.392647 -0.238033
vn -0.888352 0.392647 0.238033
vn -0.821584 -0.316228 -0.474342
vn 0.000000 1.000000 0.000000
vn -0.821584 -0.316228 0.474342
vn 0.000000 1.000000 0.000000
vn -0.796474 0.392647 -0.459845
vn -0.796474 0.392647 0.459845
vn -0.670820 -0.316228 -0.670820
vn 0.000000 1.000000 0.000000
vn -0.670820 -0.316228 0.670820
vn 0.000000 1.000000 0.000000
vn -0.988761 -0.149504 0.000000
vn -0.650318 0.392647 -0.650318
vn -0.650318 0.392647 0.650318
vn -0.955070 -0.149504 -0.255910
vn -0.955070 -0.149504 0.255910
vn -0.856292 -0.149504 -0.494381
vn -0.856292 -0.149504 0.494381
vn -0.245537 0.316228 -0.916358
vn -0.245537 0.316228 0.916358
vn -0.474342 -0.316228 -0.821584
vn 0.000000 1.000000 0.000000
vn -0.474342 -0.316228 0.821584
vn 0.000000 1.000000 0.000000
vn -0.256218 -0.141421 -0.956218
vn 0.000000 -1.000000 0.000000
vn -0.256218 -0.141421 0.956218
vn 0.000000 -1.000000 0.000000
vn -0.699160 -0.149504 -0.699160
vn -0.699160 -0.149504 0.699160
vn -0.459845 0.392647 -0.796474
vn -0.459845 0.392647 0.796474
vn -0.987441 0.157991 0.000000
vn -0.157991 -0.987441 0.000000
vn -0.157991 -0.987441 0.000000
vn -0.494381 -0.149504 -0.856292
vn -0.494381 -0.149504 0.856292
vn -0.245537 -0.316228 -0.916358
vn 0.000000 1.000000 0.000000
vn -0.245537 -0.316228 0.916358
vn 0.000000 1.000000 0.000000
vn -0.698226 0.111716 -0.707107
vn -0.157991 -0.987441 0.000000
vn -0.157991 -0.987441 0.000000
vn -0.698226 0.111716 0.707107
vn -0.157991 -0.987441 0.000000
vn -0.157991 -0.987441 0.000000
vn -0.238033 0.392647 -0.888352
vn -0.238033 0.392647 0.888352
vn -0.255910 -0.149504 -0.955070
vn -0.255910 -0.149504 0.955070
vn 0.000000 -1.000000 0.000000
vn 0.000000 -0.141421 -0.989950
vn 0.000000 -1.000000 0.000000
vn 0.000000 -1.000000 0.000000
vn 0.000000 -0.141421 0.989950
vn 0.000000 0.316228 -0.948683
vn 0.000000 0.316228 0.948683
vn 0.000000 0.392647 -0.919689
vn 0.000000 0.392647 0.919689
vn -0.157991 -0.987441 0.000000
vn -0.157991 -0.987441 0.000000
vn 0.000000 0.000000 -1.000000
vn -0.157991 -0.987441 0.000000
vn -0.157991 -0.987441 0.000000
vn -0.157991 -0.987441 0.000000
vn 0.000000 0.000000 1.000000
vn 0.000000 -0.149504 -0.988761
vn 0.000000 -0.149504 0.988761
vn 0.000000 -0.316228 -0.948683
vn 0.000000 1.000000 0.000000
vn 0.000000 1.000000 0.000000
vn 0.000000 -0.316228 0.948683
vn 0.000000 1.000000 0.000000
vn 0.255910 -0.149504 -0.955070
vn 0.255910 -0.149504 0.955070
vn -0.901716 0.432329 0.000000
vn 0.238033 0.392647 -0.888352
vn 0.238033 0.392647 0.888352
vn -0.157991 -0.987441 0.000000
vn -0.157991 -0.987441 0.000000
vn 0.698226 -0.111716 -0.707107
vn -0.157991 -0.987441 0.000000
vn -0.157991 -0.987441 0.000000
vn 0.698226 -0.111716 0.707107
vn 0.000000 1.000000 0.000000
vn 0.245537 -0.316228 -0.916358
vn 0.000000 1.000000 0.000000
vn 0.245537 -0.316228 0.916358
vn -0.637609 0.305703 -0.707107
vn -0.637609 0.305703 0.707107
vn 0.494381 -0.149504 -0.856292
vn 0.494381 -0.149504 0.856292
vn -0.157991 -0.987441 0.000000
vn -0.157991 -0.987441 0.000000
vn 0.987441 -0.157991 0.000000
vn 0.987441 -0.157991 0.000000
vn 0.459845 0.392647 -0.796474
vn 0.459845 0.392647 0.796474
vn 0.699160 -0.149504 -0.699160
vn 0.699160 -0.149504 0.699160
vn 0.000000 -1.000000 0.000000
vn 0.256218 -0.141421 -0.956218
vn 0.000000 -1.000000 0.000000
vn 0.256218 -0.141421 0.956218
vn 0.000000 1.000000 0.000000
vn 0.474342 -0.316228 -0.821584
vn 0.000000 1.000000 0.000000
vn 0.474342 -0.316228 0.821584
vn 0.245537 0.316228 -0.916358
vn 0.245537 0.316228 0.916358
vn 0.000000 0.000000 -1.000000
vn 0.000000 0.000000 1.000000
vn 0.000000 0.000000 1.000000
vn 0.856292 -0.149504 -0.494381
vn 0.856292 -0.149504 0.494381
vn 0.955070 -0.149504 -0.255910
vn 0.955070 -0.149504 0.255910
vn 0.650318 0.392647 -0.650318
vn 0.650318 0.392647 0.650318
vn 0.988761 -0.149504 0.000000
vn 0.988761 -0.149504 0.000000
vn 0.000000 1.000000 0.000000
vn 0.670820 -0.316228 -0.670820
vn 0.000000 1.000000 0.000000
vn 0.670820 -0.316228 0.670820
vn 0.637609 -0.305703 -0.707107
vn 0.637609 -0.305703 0.707107
vn 0.796474 0.392647 -0.459845
vn 0.796474 0.392647 0.459845
vn 0.901716 -0.432329 0.000000
vn 0.000000 1.000000 0.000000
vn 0.821584 -0.316228 -0.474342
vn 0.000000 1.000000 0.000000
vn 0.821584 -0.316228 0.474342
vn 0.888352 0.392647 -0.238033
vn 0.888352 0.392647 0.238033
vn 0.000000 -1.000000 0.000000
vn 0.494975 -0.141421 -0.857321
vn 0.000000 -1.000000 0.000000
vn 0.494975 -0.141421 0.857321
vn 0.919689 0.392647 0.000000
vn 0.919689 0.392647 0.000000
vn 0.000000 1.000000 0.000000
vn 0.916358 -0.316228 -0.245537
vn 0.000000 1.000000 0.000000
vn 0.916358 -0.316228 0.245537
vn 0.474342 0.316228 -0.821584
vn 0.474342 0.316228 0.821584
vn 0.000000 1.000000 0.000000
vn 0.948683 -0.316228 0.000000
vn 0.948683 -0.316228 0.000000
vn 0.000000 -1.000000 0.000000
vn 0.700000 -0.141421 -0.700000
vn 0.000000 -1.000000 0.000000
vn 0.700000 -0.141421 0.700000
vn 0.670820 0.316228 -0.670820
vn 0.670820 0.316228 0.670820
vn 0.000000 -1.000000 0.000000
vn 0.857321 -0.141421 -0.494975
vn 0.000000 -1.000000 0.000000
vn 0.857321 -0.141421 0.494975
vn 0.821584 0.316228 -0.474342
vn 0.821584 0.316228 0.474342
vn 0.000000 -1.000000 0.000000
vn 0.956218 -0.141421 -0.256218
vn 0.000000 -1.000000 0.000000
vn 0.956218 -0.141421 0.256218
vn 0.000000 -1.000000 0.000000
vn 0.989950 -0.141421 0.000000
vn 0.989950 -0.141421 0.000000
vn 0.916358 0.316228 -0.245537
vn 0.916358 0.316228 0.245537
vn 0.948683 0.316228 0.000000
vn 0.948683 0.316228 0.000000
vn -0.270746 0.962651 0.000000
vn -0.191446 0.680697 -0.707107
vn -0.191446 0.680697 0.707107
vn 0.000000 0.000000 -1.000000
vn 0.000000 0.000000 1.000000
vn 0.000000 0.000000 1.000000
vn 0.191446 -0.680697 -0.707107
vn 0.191446 -0.680697 0.707107
vn 0.270746 -0.962651 0.000000
vn -0.535824 -0.844329 0.000000
vn -0.378885 -0.597031 -0.707107
vn -0.378885 -0.597031 0.707107
vn 0.000000 0.000000 -1.000000
vn 0.000000 0.000000 1.000000
vn 0.000000 0.000000 1.000000
vn 0.378885 0.597031 -0.707107
vn 0.378885 0.597031 0.707107
vn 0.535824 0.844329 0.000000
vn -0.881480 -0.472221 0.000000
vn 0.472221 -0.881480 0.000000
vn 0.472221 -0.881480 0.000000
vn -0.623300 -0.333911 -0.707107
vn 0.472221 -0.881480 0.000000
vn 0.472221 -0.881480 0.000000
vn -0.623300 -0.333911 0.707107
vn 0.472221 -0.881480 0.000000
vn 0.472221 -0.881480 0.000000
vn 0.000000 0.000000 -1.000000
vn 0.472221 -0.881480 0.000000
vn 0.472221 -0.881480 0.000000
vn 0.472221 -0.881480 0.000000
vn 0.000000 0.000000 1.000000
vn 0.000000 0.000000 1.000000
vn 0.472221 -0.881480 0.000000
vn 0.472221 -0.881480 0.000000
vn 0.472221 -0.881480 0.000000
vn 0.472221 -0.881480 0.000000
vn 0.623300 0.333911 -0.707107
vn 0.472221 -0.881480 0.000000
vn 0.472221 -0.881480 0.000000
vn 0.623300 0.333911 0.707107
vn 0.472221 -0.881480 0.000000
vn 0.472221 -0.881480 0.000000
vn 0.881480 0.472221 0.000000
usemtl Iron
s 1
f 89/89/89 204/204/204 202/202/202
f 89/89/89 202/202/202 196/196/196
f 89/89/89 196/196/196 190/190/190
f 89/89/89 190/190/190 175/175/175
f 89/89/89 175/175/175 139/139/139
f 89/89/89 139/139/139 90/90/90
f 89/89/89 90/90/90 63/63/63
f 89/89/89 63/63/63 33/33/33
f 89/89/89 33/33/33 21/21/21
f 89/89/89 21/21/21 15/15/15
f 89/89/89 15/15/15 9/9/9
f 89/89/89 9/9/9 5/5/5
f 89/89/89 5/5/5 7/7/7
f 89/89/89 7/7/7 13/13/13
f 89/89/89 13/13/13 19/19/19
f 89/89/89 19/19/19 31/31/31
f 89/89/89 31/31/31 61/61/61
f 89/89/89 61/61/61 87/87/87
f 89/89/89 87/87/87 137/137/137
f 89/89/89 137/137/137 173/173/173
f 89/89/89 173/173/173 188/188/188
f 89/89/89 188/188/188 194/194/194
f 89/89/89 194/194/194 200/200/200
f 89/89/89 200/200/200 204/204/204
f 205/205/205 208/208/208 203/203/203
f 205/205/205 209/209/209 208/208/208
f 203/203/203 199/199/199 197/197/197
f 203/203/203 208/208/208 199/199/199
f 197/197/197 193/193/193 191/191/191
f 197/197/197 199/199/199 193/193/193
f 191/191/191 184/184/184 176/176/176
f 191/191/191 193/193/193 184/184/184
f 176/176/176 146/146/146 140/140/140
f 176/176/176 184/184/184 146/146/146
f 140/140/140 93/93/93 91/91/91
f 140/140/140 146/146/146 93/93/93
f 91/91/91 55/55/55 62/62/62
f 91/91/91 93/93/93 55/55/55
f 62/62/62 23/23/23 32/32/32
f 62/62/62 55/55/55 23/23/23
f 32/32/32 17/17/17 20/20/20
f 32/32/32 23/23/23 17/17/17
f 20/20/20 11/11/11 14/14/14
f 20/20/20 17/17/17 11/11/11
f 14/14/14 3/3/3 8/8/8
f 14/14/14 11/11/11 3/3/3
f 8/8/8 1/1/1 4/4/4
f 8/8/8 3/3/3 1/1/1
f 4/4/4 2/2/2 6/6/6
f 4/4/4 1/1/1 2/2/2
f 6/6/6 10/10/10 12/12/12
f 6/6/6 2/2/2 10/10/10
f 12/12/12 16/16/16 18/18/18
f 12/12/12 10/10/10 16/16/16
f 18/18/18 22/22/22 30/30/30
f 18/18/18 16/16/16 22/22/22
f 30/30/30 54/54/54 60/60/60
f 30/30/30 22/22/22 54/54/54
f 60/60/60 92/92/92 88/88/88
f 60/60/60 54/54/54 92/92/92
f 88/88/88 145/145/145 138/138/138
f 88/88/88 92/92/92 145/145/145
f 138/138/138 183/183/183 174/174/174
f 138/138/138 145/145/145 183/183/183
f 174/174/174 192/192/192 189/189/189
f 174/174/174 183/183/183 192/192/192
f 189/189/189 198/198/198 195/195/195
f 189/189/189 192/192/192 198/198/198
f 195/195/195 207/207/207 201/201/201
f 195/195/195 198/198/198 207/207/207
f 201/201/201 210/210/210 206/206/206
f 201/201/201 207/207/207 210/210/210
f 209/209/209 172/172/172 208/208/208
f 209/209/209 177/177/177 172/172/172
f 208/208/208 165/165/165 199/199/199
f 208/208/208 172/172/172 165/165/165
f 199/199/199 155/155/155 193/193/193
f 199/199/199 165/165/165 155/155/155
f 193/193/193 134/134/134 184/184/184
f 193/193/193 155/155/155 134/134/134
f 184/184/184 114/114/114 146/146/146
f 184/184/184 134/134/134 114/114/114
f 146/146/146 95/95/95 93/93/93
f 146/146/146 114/114/114 95/95/95
f 93/93/93 84/84/84 55/55/55
f 93/93/93 95/95/95 84/84/84
f 55/55/55 67/67/67 23/23/23
f 55/55/55 84/84/84 67/67/67
f 23/23/23 49/49/49 17/17/17
f 23/23/23 67/67/67 49/49/49
f 17/17/17 42/42/42 11/11/11
f 17/17/17 49/49/49 42/42/42
f 11/11/11 36/36/36 3/3/3
f 11/11/11 42/42/42 36/36/36
f 3/3/3 34/34/34 1/1/1
f 3/3/3 36/36/36 34/34/34
f 1/1/1 35/35/35 2/2/2
f 1/1/1 34/34/34 35/35/35
f 2/2/2 41/41/41 10/10/10
f 2/2/2 35/35/35 41/41/41
f 10/10/10 48/48/48 16/16/16
f 10/10/10 41/41/41 48/48/48
f 16/16/16 66/66/66 22/22/22
f 16/16/16 48/48/48 66/66/66
f 22/22/22 83/83/83 54/54/54
f 22/22/22 66/66/66 83/83/83
f 54/54/54 94/94/94 92/92/92
f 54/54/54 83/83/83 94/94/94
f 92/92/92 113/113/113 145/145/145
f 92/92/92 94/94/94 113/113/113
f 145/145/145 133/133/133 183/183/183
f 145/145/145 113/113/113 133/133/133
f 183/183/183 154/154/154 192/192/192
f 183/183/183 133/133/133 154/154/154
f 192/192/192 164/164/164 198/198/198
f 192/192/192 154/154/154 164/164/164
f 198/198/198 171/171/171 207/207/207
f 198/198/198 164/164/164 171/171/171
f 207/207/207 178/178/178 210/210/210
f 207/207/207 171/171/171 178/178/178
f 177/177/177 153/153/153 172/172/172
f 177/177/177 156/156/156 153/153/153
f 172/172/172 151/151/151 165/165/165
f 172/172/172 153/153/153 151/151/151
f 165/165/165 136/136/136 155/155/155
f 165/165/165 151/151/151 136/136/136
f 155/155/155 128/128/128 134/134/134
f 155/155/155 136/136/136 128/128/128
f 134/134/134 111/111/111 114/114/114
f 134/134/134 128/128/128 111/111/111
f 114/114/114 104/104/104 95/95/95
f 114/114/114 111/111/111 104/104/104
f 95/95/95 86/86/86 84/84/84
f 95/95/95 104/104/104 86/86/86
f 84/84/84 72/72/72 67/67/67
f 84/84/84 86/86/86 72/72/72
f 67/67/67 65/65/65 49/49/49
f 67/67/67 72/72/72 65/65/65
f 49/49/49 53/53/53 42/42/42
f 49/49/49 65/65/65 53/53/53
f 42/42/42 51/51/51 36/36/36
f 42/42/42 53/53/53 51/51/51
f 36/36/36 47/47/47 34/34/34
f 36/36/36 51/51/51 47/47/47
f 34/34/34 50/50/50 35/35/35
f 34/34/34 47/47/47 50/50/50
f 35/35/35 52/52/52 41/41/41
f 35/35/35 50/50/50 52/52/52
f 41/41/41 64/64/64 48/48/48
f 41/41/41 52/52/52 64/64/64
f 48/48/48 71/71/71 66/66/66
f 48/48/48 64/64/64 71/71/71
f 66/66/66 85/85/85 83/83/83
f 66/66/66 71/71/71 85/85/85
f 83/83/83 103/103/103 94/94/94
f 83/83/83 85/85/85 103/103/103
f 94/94/94 110/110/110 113/113/113
f 94/94/94 103/103/103 110/110/110
f 113/113/113 127/127/127 133/133/133
f 113/113/113 110/110/110 127/127/127
f 133/133/133 135/135/135 154/154/154
f 133/133/133 127/127/127 135/135/135
f 154/154/154 150/150/150 164/164/164
f 154/154/154 135/135/135 150/150/150
f 164/164/164 152/152/152 171/171/171
f 164/164/164 150/150/150 152/152/152
f 171/171/171 157/157/157 178/178/178
f 171/171/171 152/152/152 157/157/157
f 156/156/156 182/182/182 153/153/153
f 156/156/156 186/186/186 182/182/182
f 153/153/153 170/170/170 151/151/151
f 153/153/153 182/182/182 170/170/170
f 151/151/151 161/161/161 136/136/136
f 151/151/151 170/170/170 161/161/161
f 136/136/136 144/144/144 128/128/128
f 136/136/136 161/161/161 144/144/144
f 128/128/128 124/124/124 111/111/111
f 128/128/128 144/144/144 124/124/124
f 111/111/111 108/108/108 104/104/104
f 111/111/111 124/124/124 108/108/108
f 104/104/104 75/75/75 86/86/86
f 104/104/104 108/108/108 75/75/75
f 86/86/86 58/58/58 72/72/72
f 86/86/86 75/75/75 58/58/58
f 72/72/72 45/45/45 65/65/65
f 72/72/72 58/58/58 45/45/45
f 65/65/65 39/39/39 53/53/53
f 65/65/65 45/45/45 39/39/39
f 53/53/53 28/28/28 51/51/51
f 53/53/53 39/39/39 28/28/28
f 51/51/51 24/24/24 47/47/47
f 51/51/51 28/28/28 24/24/24
f 47/47/47 26/26/26 50/50/50
f 47/47/47 24/24/24 26/26/26
f 50/50/50 37/37/37 52/52/52
f 50/50/50 26/26/26 37/37/37
f 52/52/52 43/43/43 64/64/64
f 52/52/52 37/37/37 43/43/43
f 64/64/64 56/56/56 71/71/71
f 64/64/64 43/43/43 56/56/56
f 71/71/71 73/73/73 85/85/85
f 71/71/71 56/56/56 73/73/73
f 85/85/85 105/105/105 103/103/103
f 85/85/85 73/73/73 105/105/105
f 103/103/103 122/122/122 110/110/110
f 103/103/103 105/105/105 122/122/122
f 110/110/110 142/142/142 127/127/127
f 110/110/110 122/122/122 142/142/142
f 127/127/127 159/159/159 135/135/135
f 127/127/127 142/142/142 159/159/159
f 135/135/135 168/168/168 150/150/150
f 135/135/135 159/159/159 168/168/168
f 150/150/150 180/180/180 152/152/152
f 150/150/150 168/168/168 180/180/180
f 152/152/152 187/187/187 157/157/157
f 152/152/152 180/180/180 187/187/187
f 185/185/185 107/107/107 181/181/181
f 181/181/181 107/107/107 169/169/169
f 169/169/169 107/107/107 160/160/160
f 160/160/160 107/107/107 143/143/143
f 143/143/143 107/107/107 123/123/123
f 123/123/123 107/107/107 109/109/109
f 109/109/109 107/107/107 76/76/76
f 76/76/76 107/107/107 59/59/59
f 59/59/59 107/107/107 46/46/46
f 46/46/46 107/107/107 40/40/40
f 40/40/40 107/107/107 29/29/29
f 29/29/29 107/107/107 25/25/25
f 25/25/25 107/107/107 27/27/27
f 27/27/27 107/107/107 38/38/38
f 38/38/38 107/107/107 44/44/44
f 44/44/44 107/107/107 57/57/57
f 57/57/57 107/107/107 74/74/74
f 74/74/74 107/107/107 106/106/106
f 106/106/106 107/107/107 121/121/121
f 121/121/121 107/107/107 141/141/141
f 141/141/141 107/107/107 158/158/158
f 158/158/158 107/107/107 167/167/167
f 167/167/167 107/107/107 179/179/179
f 179/179/179 107/107/107 185/185/185
usemtl Trim
s 1
f 131/131/131 117/117/117 163/163/163
f 131/131/131 163/163/163 148/148/148
f 117/117/117 98/98/98 166/166/166
f 117/117/117 166/166/166 163/163/163
f 98/98/98 77/77/77 162/162/162
f 98/98/98 162/162/162 166/166/166
f 77/77/77 68/68/68 147/147/147
f 77/77/77 147/147/147 162/162/162
f 68/68/68 80/80/80 125/125/125
f 68/68/68 125/125/125 147/147/147
f 80/80/80 102/102/102 112/112/112
f 80/80/80 112/112/112 125/125/125
f 102/102/102 120/120/120 126/126/126
f 102/102/102 126/126/126 112/112/112
f 120/120/120 132/132/132 149/149/149
f 120/120/120 149/149/149 126/126/126
f 148/148/148 163/163/163 218/218/218
f 148/148/148 218/218/218 215/215/215
f 163/163/163 166/166/166 219/219/219
f 163/163/163 219/219/219 218/218/218
f 166/166/166 162/162/162 217/217/217
f 166/166/166 217/217/217 219/219/219
f 162/162/162 147/147/147 214/214/214
f 162/162/162 214/214/214 217/217/217
f 147/147/147 125/125/125 212/212/212
f 147/147/147 212/212/212 214/214/214
f 125/125/125 112/112/112 211/211/211
f 125/125/125 211/211/211 212/212/212
f 112/112/112 126/126/126 213/213/213
f 112/112/112 213/213/213 211/211/211
f 126/126/126 149/149/149 216/216/216
f 126/126/126 216/216/216 213/213/213
f 215/215/215 218/218/218 222/222/222
f 215/215/215 222/222/222 224/224/224
f 218/218/218 219/219/219 220/220/220
f 218/218/218 220/220/220 222/222/222
f 219/219/219 217/217/217 221/221/221
f 219/219/219 221/221/221 220/220/220
f 217/217/217 214/214/214 223/223/223
f 217/217/217 223/223/223 221/221/221
f 214/214/214 212/212/212 226/226/226
f 214/214/214 226/226/226 223/223/223
f 212/212/212 211/211/211 228/228/228
f 212/212/212 228/228/228 226/226/226
f 211/211/211 213/213/213 227/227/227
f 211/211/211 227/227/227 228/228/228
f 213/213/213 216/216/216 225/225/225
f 213/213/213 225/225/225 227/227/227
f 224/224/224 222/222/222 235/235/235
f 224/224/224 235/235/235 242/242/242
f 222/222/222 220/220/220 229/229/229
f 222/222/222 229/229/229 235/235/235
f 220/220/220 221/221/221 232/232/232
f 220/220/220 232/232/232 229/229/229
f 221/221/221 223/223/223 238/238/238
f 221/221/221 238/238/238 232/232/232
f 223/223/223 226/226/226 248/248/248
f 223/223/223 248/248/248 238/238/238
f 226/226/226 228/228/228 254/254/254
f 226/226/226 254/254/254 248/248/248
f 228/228/228 227/227/227 251/251/251
f 228/228/228 251/251/251 254/254/254
f 227/227/227 225/225/225 243/243/243
f 227/227/227 243/243/243 251/251/251
f 99/99/99 116/116/116 129/129/129
f 99/99/99 97/97/97 115/115/115
f 99/99/99 79/79/79 96/96/96
f 99/99/99 70/70/70 78/78/78
f 99/99/99 82/82/82 69/69/69
f 99/99/99 101/101/101 81/81/81
f 99/99/99 119/119/119 100/100/100
f 99/99/99 130/130/130 118/118/118
f 241/241/241 244/244/244 237/237/237
f 241/241/241 236/236/236 231/231/231
f 241/241/241 230/230/230 234/234/234
f 241/241/241 233/233/233 240/240/240
f 241/241/241 239/239/239 247/247/247
f 241/241/241 246/246/246 253/253/253
f 241/241/241 252/252/252 250/250/250
f 241/241/241 249/249/249 245/245/245
o Farol_Pivote_Z
v 0.440000 2.520000 0.000000
v 0.440000 2.520000 0.000000
v 0.454311 2.520000 -0.108704
v 0.454311 2.520000 -0.108704
v 0.454311 2.520000 0.108704
v 0.454311 2.520000 0.108704
v 0.490000 2.470000 0.000000
v 0.496269 2.520000 -0.210000
v 0.496269 2.520000 -0.210000
v 0.496269 2.520000 0.210000
v 0.496269 2.520000 0.210000
v 0.502607 2.470000 -0.095763
v 0.502607 2.470000 0.095763
v 0.539571 2.470000 -0.185000
v 0.539571 2.470000 0.185000
v 0.563015 2.520000 -0.296985
v 0.563015 2.520000 -0.296985
v 0.563015 2.520000 0.296985
v 0.563015 2.520000 0.296985
v 0.570000 2.260000 0.000000
v 0.579882 2.260000 -0.075058
v 0.579882 2.260000 0.075058
v 0.586855 2.260340 -0.145000
v 0.586855 2.260340 0.145000
v 0.593296 2.260102 -0.129444
v 0.593296 2.260102 0.129444
v 0.593300 2.260379 -0.160556
v 0.593300 2.260379 0.160556
v 0.598370 2.470000 -0.261630
v 0.598370 2.470000 0.261630
v 0.608850 2.259804 -0.123001
v 0.608850 2.259804 0.123001
v 0.608853 2.260000 -0.145000
v 0.608853 2.260000 0.145000
v 0.608856 2.260196 -0.166999
v 0.608856 2.260196 0.166999
v 0.610000 1.870000 0.000000
v 0.610000 1.870000 0.000000
v 0.618519 1.870000 -0.064705
v 0.618519 1.870000 -0.064705
v 0.618519 1.870000 0.064705
v 0.618519 1.870000 0.064705
v 0.620000 2.690000 0.000000
v 0.624405 2.259621 -0.129444
v 0.624405 2.259621 0.129444
v 0.624409 2.259898 -0.160556
v 0.624409 2.259898 0.160556
v 0.628178 2.690000 -0.062117
v 0.628178 2.690000 0.062117
v 0.630000 2.450000 0.000000
v 0.630303 1.887443 -0.120000
v 0.630303 1.887443 -0.120000
v 0.630303 1.887443 -0.120000
v 0.630303 1.887443 0.120000
v 0.630303 1.887443 0.120000
v 0.630303 1.887443 0.120000
v 0.630850 2.259660 -0.145000
v 0.630850 2.259660 -0.145000
v 0.630850 2.259660 0.145000
v 0.630850 2.259660 0.145000
v 0.636582 1.889226 -0.104479
v 0.636582 1.889226 -0.104479
v 0.636582 1.889226 -0.104479
v 0.636582 1.889226 0.104479
v 0.636582 1.889226 0.104479
v 0.636582 1.889226 0.104479
v 0.636824 1.887157 -0.135521
v 0.636824 1.887157 -0.135521
v 0.636824 1.887157 -0.135521
v 0.636824 1.887157 0.135521
v 0.636824 1.887157 0.135521
v 0.636824 1.887157 0.135521
v 0.637837 2.450000 -0.059528
v 0.637837 2.450000 0.059528
v 0.639593 2.455803 -0.115000
v 0.639593 2.455803 -0.115000
v 0.639593 2.455803 -0.115000
v 0.639593 2.455803 0.115000
v 0.639593 2.455803 0.115000
v 0.639593 2.455803 0.115000
v 0.643494 1.870000 -0.125000
v 0.643494 1.870000 -0.125000
v 0.643494 1.870000 0.125000
v 0.643494 1.870000 0.125000
v 0.645191 2.451844 -0.099621
v 0.645191 2.451844 -0.099621
v 0.645191 2.451844 -0.099621
v 0.645191 2.451844 0.099621
v 0.645191 2.451844 0.099621
v 0.645191 2.451844 0.099621
v 0.646427 2.456363 -0.130379
v 0.646427 2.456363 -0.130379
v 0.646427 2.456363 -0.130379
v 0.646427 2.456363 0.130379
v 0.646427 2.456363 0.130379
v 0.646427 2.456363 0.130379
v 0.650000 2.520000 -0.363731
v 0.650000 2.520000 -0.363731
v 0.650000 2.520000 0.363731
v 0.650000 2.520000 0.363731
v 0.651983 1.891463 -0.098049
v 0.651983 1.891463 -0.098049
v 0.651983 1.891463 -0.098049
v 0.651983 1.891463 0.098049
v 0.651983 1.891463 0.098049
v 0.651983 1.891463 0.098049
v 0.652154 1.890000 -0.120000
v 0.652154 1.890000 0.120000
v 0.652154 2.690000 -0.120000
v 0.652154 2.690000 0.120000
v 0.652325 1.888537 -0.141951
v 0.652325 1.888537 -0.141951
v 0.652325 1.888537 -0.141951
v 0.652325 1.888537 0.141951
v 0.652325 1.888537 0.141951
v 0.652325 1.888537 0.141951
v 0.654939 2.260000 -0.205061
v 0.654939 2.260000 0.205061
v 0.659940 2.446805 -0.093251
v 0.659940 2.446805 -0.093251
v 0.659940 2.446805 -0.093251
v 0.659940 2.446805 0.093251
v 0.659940 2.446805 0.093251
v 0.659940 2.446805 0.093251
v 0.660814 2.450000 -0.115000
v 0.660814 2.450000 -0.115000
v 0.660814 2.450000 0.115000
v 0.660814 2.450000 0.115000
v 0.661688 2.453195 -0.136749
v 0.661688 2.453195 -0.136749
v 0.661688 2.453195 -0.136749
v 0.661688 2.453195 0.136749
v 0.661688 2.453195 0.136749
v 0.661688 2.453195 0.136749
v 0.667484 1.892843 -0.104479
v 0.667484 1.892843 -0.104479
v 0.667484 1.892843 -0.104479
v 0.667484 1.892843 0.104479
v 0.667484 1.892843 0.104479
v 0.667484 1.892843 0.104479
v 0.667726 1.890774 -0.135521
v 0.667726 1.890774 -0.135521
v 0.667726 1.890774 -0.135521
v 0.667726 1.890774 0.135521
v 0.667726 1.890774 0.135521
v 0.667726 1.890774 0.135521
v 0.674005 1.892557 -0.120000
v 0.674005 1.892557 -0.120000
v 0.674005 1.892557 -0.120000
v 0.674005 1.892557 -0.120000
v 0.674005 1.892557 0.120000
v 0.674005 1.892557 0.120000
v 0.674005 1.892557 0.120000
v 0.674005 1.892557 0.120000
v 0.675000 2.470000 -0.320429
v 0.675000 2.470000 0.320429
v 0.675202 2.443637 -0.099621
v 0.675202 2.443637 -0.099621
v 0.675202 2.443637 -0.099621
v 0.675202 2.443637 0.099621
v 0.675202 2.443637 0.099621
v 0.675202 2.443637 0.099621
v 0.676437 2.448156 -0.130379
v 0.676437 2.448156 -0.130379
v 0.676437 2.448156 -0.130379
v 0.676437 2.448156 0.130379
v 0.676437 2.448156 0.130379
v 0.676437 2.448156 0.130379
v 0.682035 2.444197 -0.115000
v 0.682035 2.444197 -0.115000
v 0.682035 2.444197 -0.115000
v 0.682035 2.444197 -0.115000
v 0.682035 2.444197 0.115000
v 0.682035 2.444197 0.115000
v 0.682035 2.444197 0.115000
v 0.682035 2.444197 0.115000
v 0.683223 1.870000 -0.176777
v 0.683223 1.870000 -0.176777
v 0.683223 1.870000 0.176777
v 0.683223 1.870000 0.176777
v 0.690294 2.690000 -0.169706
v 0.690294 2.690000 0.169706
v 0.697365 2.450000 -0.162635
v 0.697365 2.450000 0.162635
v 0.715000 2.260000 -0.251147
v 0.715000 2.260000 0.251147
v 0.735000 1.870000 -0.216506
v 0.735000 1.870000 -0.216506
v 0.735000 1.870000 0.216506
v 0.735000 1.870000 0.216506
v 0.740000 2.690000 -0.207846
v 0.740000 2.690000 0.207846
v 0.745000 2.450000 -0.199186
v 0.745000 2.450000 0.199186
v 0.751296 2.520000 -0.405689
v 0.751296 2.520000 -0.405689
v 0.751296 2.520000 0.405689
v 0.751296 2.520000 0.405689
v 0.764237 2.470000 -0.357393
v 0.764237 2.470000 0.357393
v 0.784942 2.260000 -0.280118
v 0.784942 2.260000 0.280118
v 0.795295 1.870000 -0.241481
v 0.795295 1.870000 -0.241481
v 0.795295 1.870000 0.241481
v 0.795295 1.870000 0.241481
v 0.797883 2.690000 -0.231822
v 0.797883 2.690000 0.231822
v 0.800472 2.450000 -0.222163
v 0.800472 2.450000 0.222163
v 0.838000 1.890000 -0.240000
v 0.838000 1.890000 -0.240000
v 0.838000 1.890000 -0.240000
v 0.838000 1.890000 0.240000
v 0.838000 1.890000 0.240000
v 0.838000 1.890000 0.240000
v 0.838000 2.260000 -0.290000
v 0.838000 2.260000 0.290000
v 0.838000 2.450000 -0.230000
v 0.838000 2.450000 -0.230000
v 0.838000 2.450000 -0.230000
v 0.838000 2.450000 0.230000
v 0.838000 2.450000 0.230000
v 0.838000 2.450000 0.230000
v 0.844444 1.887917 -0.255416
v 0.844444 1.887917 -0.255416
v 0.844444 1.887917 -0.255416
v 0.844444 1.887917 0.255416
v 0.844444 1.887917 0.255416
v 0.844444 1.887917 0.255416
v 0.844444 1.892083 -0.224584
v 0.844444 1.892083 -0.224584
v 0.844444 1.892083 -0.224584
v 0.844444 1.892083 0.224584
v 0.844444 1.892083 0.224584
v 0.844444 1.892083 0.224584
v 0.844444 2.259722 -0.274446
v 0.844444 2.259722 0.274446
v 0.844444 2.260278 -0.305554
v 0.844444 2.260278 0.305554
v 0.844444 2.445315 -0.215166
v 0.844444 2.445315 -0.215166
v 0.844444 2.445315 -0.215166
v 0.844444 2.445315 0.215166
v 0.844444 2.445315 0.215166
v 0.844444 2.445315 0.215166
v 0.844444 2.454685 -0.244834
v 0.844444 2.454685 -0.244834
v 0.844444 2.454685 -0.244834
v 0.844444 2.454685 0.244834
v 0.844444 2.454685 0.244834
v 0.844444 2.454685 0.244834
v 0.860000 1.790000 0.000000
v 0.860000 1.790000 0.000000
v 0.860000 1.790000 0.000000
v 0.860000 1.790000 0.000000
v 0.860000 1.790000 0.000000
v 0.860000 1.790000 0.000000
v 0.860000 1.790000 0.000000
v 0.860000 1.790000 0.000000
v 0.860000 1.790000 0.000000
v 0.860000 1.790000 0.000000
v 0.860000 1.790000 0.000000
v 0.860000 1.790000 0.000000
v 0.860000 1.790000 0.000000
v 0.860000 1.790000 0.000000
v 0.860000 1.790000 0.000000
v 0.860000 1.790000 0.000000
v 0.860000 1.790000 0.000000
v 0.860000 1.790000 0.000000
v 0.860000 1.790000 0.000000
v 0.860000 1.790000 0.000000
v 0.860000 1.790000 0.000000
v 0.860000 1.790000 0.000000
v 0.860000 1.790000 0.000000
v 0.860000 1.790000 0.000000
v 0.860000 1.870000 -0.250000
v 0.860000 1.870000 -0.250000
v 0.860000 1.870000 0.250000
v 0.860000 1.870000 0.250000
v 0.860000 1.887054 -0.261802
v 0.860000 1.887054 -0.261802
v 0.860000 1.887054 -0.261802
v 0.860000 1.887054 0.261802
v 0.860000 1.887054 0.261802
v 0.860000 1.887054 0.261802
v 0.860000 1.890000 -0.240000
v 0.860000 1.890000 0.240000
v 0.860000 1.892946 -0.218198
v 0.860000 1.892946 -0.218198
v 0.860000 1.892946 -0.218198
v 0.860000 1.892946 0.218198
v 0.860000 1.892946 0.218198
v 0.860000 1.892946 0.218198
v 0.860000 2.259607 -0.268004
v 0.860000 2.259607 0.268004
v 0.860000 2.260000 -0.290000
v 0.860000 2.260000 0.290000
v 0.860000 2.260393 -0.311996
v 0.860000 2.260393 0.311996
v 0.860000 2.443375 -0.209021
v 0.860000 2.443375 -0.209021
v 0.860000 2.443375 -0.209021
v 0.860000 2.443375 0.209021
v 0.860000 2.443375 0.209021
v 0.860000 2.443375 0.209021
v 0.860000 2.450000 -0.230000
v 0.860000 2.450000 -0.230000
v 0.860000 2.450000 0.230000
v 0.860000 2.450000 0.230000
v 0.860000 2.456625 -0.250979
v 0.860000 2.456625 -0.250979
v 0.860000 2.456625 -0.250979
v 0.860000 2.456625 0.250979
v 0.860000 2.456625 0.250979
v 0.860000 2.456625 0.250979
v 0.860000 2.470000 -0.370000
v 0.860000 2.470000 0.370000
v 0.860000 2.520000 -0.420000
v 0.860000 2.520000 -0.420000
v 0.860000 2.520000 0.000000
v 0.860000 2.520000 0.000000
v 0.860000 2.520000 0.000000
v 0.860000 2.520000 0.000000
v 0.860000 2.520000 0.000000
v 0.860000 2.520000 0.000000
v 0.860000 2.520000 0.000000
v 0.860000 2.520000 0.000000
v 0.860000 2.520000 0.000000
v 0.860000 2.520000 0.000000
v 0.860000 2.520000 0.000000
v 0.860000 2.520000 0.000000
v 0.860000 2.520000 0.000000
v 0.860000 2.520000 0.000000
v 0.860000 2.520000 0.000000
v 0.860000 2.520000 0.000000
v 0.860000 2.520000 0.000000
v 0.860000 2.520000 0.000000
v 0.860000 2.520000 0.000000
v 0.860000 2.520000 0.000000
v 0.860000 2.520000 0.000000
v 0.860000 2.520000 0.000000
v 0.860000 2.520000 0.000000
v 0.860000 2.520000 0.000000
v 0.860000 2.520000 0.000000
v 0.860000 2.520000 0.000000
v 0.860000 2.520000 0.000000
v 0.860000 2.520000 0.000000
v 0.860000 2.520000 0.000000
v 0.860000 2.520000 0.000000
v 0.860000 2.520000 0.000000
v 0.860000 2.520000 0.000000
v 0.860000 2.520000 0.000000
v 0.860000 2.520000 0.000000
v 0.860000 2.520000 0.000000
v 0.860000 2.520000 0.000000
v 0.860000 2.520000 0.000000
v 0.860000 2.520000 0.000000
v 0.860000 2.520000 0.000000
v 0.860000 2.520000 0.000000
v 0.860000 2.520000 0.000000
v 0.860000 2.520000 0.000000
v 0.860000 2.520000 0.000000
v 0.860000 2.520000 0.000000
v 0.860000 2.520000 0.000000
v 0.860000 2.520000 0.000000
v 0.860000 2.520000 0.000000
v 0.860000 2.520000 0.000000
v 0.860000 2.520000 0.420000
v 0.860000 2.520000 0.420000
v 0.860000 2.690000 -0.240000
v 0.860000 2.690000 0.240000
v 0.860000 2.730000 0.000000
v 0.860000 2.730000 0.000000
v 0.860000 2.730000 0.000000
v 0.860000 2.730000 0.000000
v 0.860000 2.730000 0.000000
v 0.860000 2.730000 0.000000
v 0.860000 2.730000 0.000000
v 0.860000 2.730000 0.000000
v 0.860000 2.730000 0.000000
v 0.860000 2.730000 0.000000
v 0.860000 2.730000 0.000000
v 0.860000 2.730000 0.000000
v 0.860000 2.730000 0.000000
v 0.860000 2.730000 0.000000
v 0.860000 2.730000 0.000000
v 0.860000 2.730000 0.000000
v 0.860000 2.730000 0.000000
v 0.860000 2.730000 0.000000
v 0.860000 2.730000 0.000000
v 0.860000 2.730000 0.000000
v 0.860000 2.730000 0.000000
v 0.860000 2.730000 0.000000
v 0.860000 2.730000 0.000000
v 0.860000 2.730000 0.000000
v 0.875556 1.887917 -0.255416
v 0.875556 1.887917 -0.255416
v 0.875556 1.887917 -0.255416
v 0.875556 1.887917 0.255416
v 0.875556 1.887917 0.255416
v 0.875556 1.887917 0.255416
v 0.875556 1.892083 -0.224584
v 0.875556 1.892083 -0.224584
v 0.875556 1.892083 -0.224584
v 0.875556 1.892083 0.224584
v 0.875556 1.892083 0.224584
v 0.875556 1.892083 0.224584
v 0.875556 2.259722 -0.274446
v 0.875556 2.259722 0.274446
v 0.875556 2.260278 -0.305554
v 0.875556 2.260278 0.305554
v 0.875556 2.445315 -0.215166
v 0.875556 2.445315 -0.215166
v 0.875556 2.445315 -0.215166
v 0.875556 2.445315 0.215166
v 0.875556 2.445315 0.215166
v 0.875556 2.445315 0.215166
v 0.875556 2.454685 -0.244834
v 0.875556 2.454685 -0.244834
v 0.875556 2.454685 -0.244834
v 0.875556 2.454685 0.244834
v 0.875556 2.454685 0.244834
v 0.875556 2.454685 0.244834
v 0.882000 1.890000 -0.240000
v 0.882000 1.890000 -0.240000
v 0.882000 1.890000 -0.240000
v 0.882000 1.890000 -0.240000
v 0.882000 1.890000 0.240000
v 0.882000 1.890000 0.240000
v 0.882000 1.890000 0.240000
v 0.882000 1.890000 0.240000
v 0.882000 2.260000 -0.290000
v 0.882000 2.260000 -0.290000
v 0.882000 2.260000 0.290000
v 0.882000 2.260000 0.290000
v 0.882000 2.450000 -0.230000
v 0.882000 2.450000 -0.230000
v 0.882000 2.450000 -0.230000
v 0.882000 2.450000 -0.230000
v 0.882000 2.450000 0.230000
v 0.882000 2.450000 0.230000
v 0.882000 2.450000 0.230000
v 0.882000 2.450000 0.230000
v 0.919528 2.450000 -0.222163
v 0.919528 2.450000 0.222163
v 0.922117 2.690000 -0.231822
v 0.922117 2.690000 0.231822
v 0.924705 1.870000 -0.241481
v 0.924705 1.870000 -0.241481
v 0.924705 1.870000 0.241481
v 0.924705 1.870000 0.241481
v 0.935058 2.260000 -0.280118
v 0.935058 2.260000 0.280118
v 0.955763 2.470000 -0.357393
v 0.955763 2.470000 0.357393
v 0.968704 2.520000 -0.405689
v 0.968704 2.520000 -0.405689
v 0.968704 2.520000 0.405689
v 0.968704 2.520000 0.405689
v 0.975000 2.450000 -0.199186
v 0.975000 2.450000 0.199186
v 0.980000 2.690000 -0.207846
v 0.980000 2.690000 0.207846
v 0.985000 1.870000 -0.216506
v 0.985000 1.870000 -0.216506
v 0.985000 1.870000 0.216506
v 0.985000 1.870000 0.216506
v 1.005000 2.260000 -0.251147
v 1.005000 2.260000 0.251147
v 1.022635 2.450000 -0.162635
v 1.022635 2.450000 0.162635
v 1.029706 2.690000 -0.169706
v 1.029706 2.690000 0.169706
v 1.036777 1.870000 -0.176777
v 1.036777 1.870000 -0.176777
v 1.036777 1.870000 0.176777
v 1.036777 1.870000 0.176777
v 1.037965 2.444197 -0.115000
v 1.037965 2.444197 -0.115000
v 1.037965 2.444197 -0.115000
v 1.037965 2.444197 0.115000
v 1.037965 2.444197 0.115000
v 1.037965 2.444197 0.115000
v 1.043563 2.448156 -0.130379
v 1.043563 2.448156 -0.130379
v 1.043563 2.448156 -0.130379
v 1.043563 2.448156 0.130379
v 1.043563 2.448156 0.130379
v 1.043563 2.448156 0.130379
v 1.044798 2.443637 -0.099621
v 1.044798 2.443637 -0.099621
v 1.044798 2.443637 -0.099621
v 1.044798 2.443637 0.099621
v 1.044798 2.443637 0.099621
v 1.044798 2.443637 0.099621
v 1.045000 2.470000 -0.320429
v 1.045000 2.470000 0.320429
v 1.045995 1.892557 -0.120000
v 1.045995 1.892557 -0.120000
v 1.045995 1.892557 -0.120000
v 1.045995 1.892557 0.120000
v 1.045995 1.892557 0.120000
v 1.045995 1.892557 0.120000
v 1.052274 1.890774 -0.135521
v 1.052274 1.890774 -0.135521
v 1.052274 1.890774 -0.135521
v 1.052274 1.890774 0.135521
v 1.052274 1.890774 0.135521
v 1.052274 1.890774 0.135521
v 1.052516 1.892843 -0.104479
v 1.052516 1.892843 -0.104479
v 1.052516 1.892843 -0.104479
v 1.052516 1.892843 0.104479
v 1.052516 1.892843 0.104479
v 1.052516 1.892843 0.104479
v 1.058312 2.453195 -0.136749
v 1.058312 2.453195 -0.136749
v 1.058312 2.453195 -0.136749
v 1.058312 2.453195 0.136749
v 1.058312 2.453195 0.136749
v 1.058312 2.453195 0.136749
v 1.059186 2.450000 -0.115000
v 1.059186 2.450000 -0.115000
v 1.059186 2.450000 0.115000
v 1.059186 2.450000 0.115000
v 1.060060 2.446805 -0.093251
v 1.060060 2.446805 -0.093251
v 1.060060 2.446805 -0.093251
v 1.060060 2.446805 0.093251
v 1.060060 2.446805 0.093251
v 1.060060 2.446805 0.093251
v 1.065061 2.260000 -0.205061
v 1.065061 2.260000 0.205061
v 1.067675 1.888537 -0.141951
v 1.067675 1.888537 -0.141951
v 1.067675 1.888537 -0.141951
v 1.067675 1.888537 0.141951
v 1.067675 1.888537 0.141951
v 1.067675 1.888537 0.141951
v 1.067846 1.890000 -0.120000
v 1.067846 1.890000 0.120000
v 1.067846 2.690000 -0.120000
v 1.067846 2.690000 0.120000
v 1.068017 1.891463 -0.098049
v 1.068017 1.891463 -0.098049
v 1.068017 1.891463 -0.098049
v 1.068017 1.891463 0.098049
v 1.068017 1.891463 0.098049
v 1.068017 1.891463 0.098049
v 1.070000 2.520000 -0.363731
v 1.070000 2.520000 -0.363731
v 1.070000 2.520000 0.363731
v 1.070000 2.520000 0.363731
v 1.073573 2.456363 -0.130379
v 1.073573 2.456363 -0.130379
v 1.073573 2.456363 -0.130379
v 1.073573 2.456363 0.130379
v 1.073573 2.456363 0.130379
v 1.073573 2.456363 0.130379
v 1.074809 2.451844 -0.099621
v 1.074809 2.451844 -0.099621
v 1.074809 2.451844 -0.099621
v 1.074809 2.451844 0.099621
v 1.074809 2.451844 0.099621
v 1.074809 2.451844 0.099621
v 1.076506 1.870000 -0.125000
v 1.076506 1.870000 -0.125000
v 1.076506 1.870000 0.125000
v 1.076506 1.870000 0.125000
v 1.080407 2.455803 -0.115000
v 1.080407 2.455803 -0.115000
v 1.080407 2.455803 -0.115000
v 1.080407 2.455803 -0.115000
v 1.080407 2.455803 0.115000
v 1.080407 2.455803 0.115000
v 1.080407 2.455803 0.115000
v 1.080407 2.455803 0.115000
v 1.082163 2.450000 -0.059528
v 1.082163 2.450000 0.059528
v 1.083176 1.887157 -0.135521
v 1.083176 1.887157 -0.135521
v 1.083176 1.887157 -0.135521
v 1.083176 1.887157 0.135521
v 1.083176 1.887157 0.135521
v 1.083176 1.887157 0.135521
v 1.083418 1.889226 -0.104479
v 1.083418 1.889226 -0.104479
v 1.083418 1.889226 -0.104479
v 1.083418 1.889226 0.104479
v 1.083418 1.889226 0.104479
v 1.083418 1.889226 0.104479
v 1.089150 2.259660 -0.145000
v 1.089150 2.259660 0.145000
v 1.089697 1.887443 -0.120000
v 1.089697 1.887443 -0.120000
v 1.089697 1.887443 -0.120000
v 1.089697 1.887443 -0.120000
v 1.089697 1.887443 0.120000
v 1.089697 1.887443 0.120000
v 1.089697 1.887443 0.120000
v 1.089697 1.887443 0.120000
v 1.090000 2.450000 0.000000
v 1.090000 2.450000 0.000000
v 1.091822 2.690000 -0.062117
v 1.091822 2.690000 0.062117
v 1.095591 2.259898 -0.160556
v 1.095591 2.259898 0.160556
v 1.095595 2.259621 -0.129444
v 1.095595 2.259621 0.129444
v 1.100000 2.690000 0.000000
v 1.100000 2.690000 0.000000
v 1.101481 1.870000 -0.064705
v 1.101481 1.870000 -0.064705
v 1.101481 1.870000 0.064705
v 1.101481 1.870000 0.064705
v 1.110000 1.870000 0.000000
v 1.110000 1.870000 0.000000
v 1.110000 1.870000 0.000000
v 1.110000 1.870000 0.000000
v 1.111144 2.260196 -0.166999
v 1.111144 2.260196 0.166999
v 1.111147 2.260000 -0.145000
v 1.111147 2.260000 0.145000
v 1.111150 2.259804 -0.123001
v 1.111150 2.259804 0.123001
v 1.121630 2.470000 -0.261630
v 1.121630 2.470000 0.261630
v 1.126700 2.260379 -0.160556
v 1.126700 2.260379 0.160556
v 1.126704 2.260102 -0.129444
v 1.126704 2.260102 0.129444
v 1.133145 2.260340 -0.145000
v 1.133145 2.260340 -0.145000
v 1.133145 2.260340 0.145000
v 1.133145 2.260340 0.145000
v 1.140118 2.260000 -0.075058
v 1.140118 2.260000 0.075058
v 1.150000 2.260000 0.000000
v 1.150000 2.260000 0.000000
v 1.156985 2.520000 -0.296985
v 1.156985 2.520000 -0.296985
v 1.156985 2.520000 0.296985
v 1.156985 2.520000 0.296985
v 1.180429 2.470000 -0.185000
v 1.180429 2.470000 0.185000
v 1.217393 2.470000 -0.095763
v 1.217393 2.470000 0.095763
v 1.223731 2.520000 -0.210000
v 1.223731 2.520000 -0.210000
v 1.223731 2.520000 0.210000
v 1.223731 2.520000 0.210000
v 1.230000 2.470000 0.000000
v 1.230000 2.470000 0.000000
v 1.265689 2.520000 -0.108704
v 1.265689 2.520000 -0.108704
v 1.265689 2.520000 0.108704
v 1.265689 2.520000 0.108704
v 1.280000 2.520000 0.000000
v 1.280000 2.520000 0.000000
v 1.280000 2.520000 0.000000
v 1.280000 2.520000 0.000000
vt 0.500000 0.225000
vt 0.500000 0.225000
vt 0.541667 0.225000
vt 0.541667 0.225000
vt 0.458333 0.225000
vt 0.458333 0.225000
vt 0.500000 0.193750
vt 0.583333 0.225000
vt 0.583333 0.225000
vt 0.416667 0.225000
vt 0.416667 0.225000
vt 0.541667 0.193750
vt 0.458333 0.193750
vt 0.583333 0.193750
vt 0.416667 0.193750
vt 0.625000 0.225000
vt 0.625000 0.225000
vt 0.375000 0.225000
vt 0.375000 0.225000
vt 0.500000 0.062500
vt 0.541667 0.062500
vt 0.458333 0.062500
vt 0.500000 0.200000
vt 0.500000 0.200000
vt 0.625000 0.200000
vt 0.375000 0.200000
vt 0.375000 0.200000
vt 0.625000 0.200000
vt 0.625000 0.193750
vt 0.375000 0.193750
vt 0.750000 0.200000
vt 0.250000 0.200000
vt 0.583333 0.062500
vt 0.416667 0.062500
vt 0.250000 0.200000
vt 0.750000 0.200000
vt 0.500000 -0.181250
vt 0.500000 -0.181250
vt 0.541667 -0.181250
vt 0.541667 -0.181250
vt 0.458333 -0.181250
vt 0.458333 -0.181250
vt 0.500000 0.331250
vt 0.875000 0.200000
vt 0.125000 0.200000
vt 0.125000 0.200000
vt 0.875000 0.200000
vt 0.541667 0.331250
vt 0.458333 0.331250
vt 0.500000 0.181250
vt 0.500000 0.000000
vt 0.000000 0.000000
vt 1.000000 0.000000
vt 0.500000 0.000000
vt 0.000000 0.000000
vt 1.000000 0.000000
vt 0.000000 0.200000
vt 1.000000 0.200000
vt 0.000000 0.200000
vt 1.000000 0.200000
vt 0.625000 0.000000
vt 0.000000 0.000000
vt 1.000000 0.000000
vt 0.375000 0.000000
vt 0.000000 0.000000
vt 1.000000 0.000000
vt 0.375000 0.000000
vt 0.000000 0.000000
vt 1.000000 0.000000
vt 0.625000 0.000000
vt 0.000000 0.000000
vt 1.000000 0.000000
vt 0.541667 0.181250
vt 0.458333 0.181250
vt 0.500000 0.400000
vt 0.000000 0.000000
vt 1.000000 0.000000
vt 0.500000 0.400000
vt 0.000000 0.000000
vt 1.000000 0.000000
vt 0.583333 -0.181250
vt 0.583333 -0.181250
vt 0.416667 -0.181250
vt 0.416667 -0.181250
vt 0.625000 0.400000
vt 0.000000 0.000000
vt 1.000000 0.000000
vt 0.375000 0.400000
vt 0.000000 0.000000
vt 1.000000 0.000000
vt 0.375000 0.400000
vt 0.000000 0.000000
vt 1.000000 0.000000
vt 0.625000 0.400000
vt 0.000000 0.000000
vt 1.000000 0.000000
vt 0.666667 0.225000
vt 0.666667 0.225000
vt 0.333333 0.225000
vt 0.333333 0.225000
vt 0.750000 0.000000
vt 0.000000 0.000000
vt 1.000000 0.000000
vt 0.250000 0.000000
vt 0.000000 0.000000
vt 1.000000 0.000000
vt 0.500000 0.500000
vt 0.500000 0.500000
vt 0.583333 0.331250
vt 0.416667 0.331250
vt 0.250000 0.000000
vt 0.000000 0.000000
vt 1.000000 0.000000
vt 0.750000 0.000000
vt 0.000000 0.000000
vt 1.000000 0.000000
vt 0.625000 0.062500
vt 0.375000 0.062500
vt 0.750000 0.400000
vt 0.000000 0.000000
vt 1.000000 0.000000
vt 0.250000 0.400000
vt 0.000000 0.000000
vt 1.000000 0.000000
vt 0.583333 0.181250
vt 0.500000 0.500000
vt 0.416667 0.181250
vt 0.500000 0.500000
vt 0.250000 0.400000
vt 0.000000 0.000000
vt 1.000000 0.000000
vt 0.750000 0.400000
vt 0.000000 0.000000
vt 1.000000 0.000000
vt 0.000000 0.000000
vt 1.000000 0.000000
vt 0.875000 0.000000
vt 0.000000 0.000000
vt 1.000000 0.000000
vt 0.125000 0.000000
vt 0.000000 0.000000
vt 1.000000 0.000000
vt 0.125000 0.000000
vt 0.000000 0.000000
vt 1.000000 0.000000
vt 0.875000 0.000000
vt 0.000000 0.000000
vt 1.000000 0.000000
vt 0.000000 0.000000
vt 1.000000 0.000000
vt 0.000000 0.000000
vt 1.000000 0.000000
vt 0.000000 0.000000
vt 1.000000 0.000000
vt 0.666667 0.193750
vt 0.333333 0.193750
vt 0.000000 0.000000
vt 1.000000 0.000000
vt 0.875000 0.400000
vt 0.000000 0.000000
vt 1.000000 0.000000
vt 0.125000 0.400000
vt 0.000000 0.000000
vt 1.000000 0.000000
vt 0.125000 0.400000
vt 0.000000 0.000000
vt 1.000000 0.000000
vt 0.875000 0.400000
vt 0.000000 0.000000
vt 1.000000 0.000000
vt 0.000000 0.400000
vt 1.000000 0.400000
vt 0.000000 0.000000
vt 1.000000 0.000000
vt 0.000000 0.400000
vt 1.000000 0.400000
vt 0.625000 -0.181250
vt 0.625000 -0.181250
vt 0.375000 -0.181250
vt 0.375000 -0.181250
vt 0.625000 0.331250
vt 0.375000 0.331250
vt 0.625000 0.181250
vt 0.375000 0.181250
vt 0.666667 0.062500
vt 0.333333 0.062500
vt 0.666667 -0.181250
vt 0.666667 -0.181250
vt 0.333333 -0.181250
vt 0.333333 -0.181250
vt 0.666667 0.331250
vt 0.333333 0.331250
vt 0.666667 0.181250
vt 0.333333 0.181250
vt 0.708333 0.225000
vt 0.708333 0.225000
vt 0.291667 0.225000
vt 0.291667 0.225000
vt 0.708333 0.193750
vt 0.291667 0.193750
vt 0.708333 0.062500
vt 0.291667 0.062500
vt 0.708333 -0.181250
vt 0.708333 -0.181250
vt 0.291667 -0.181250
vt 0.291667 -0.181250
vt 0.708333 0.331250
vt 0.291667 0.331250
vt 0.708333 0.181250
vt 0.291667 0.181250
vt 0.500000 0.000000
vt 0.000000 0.000000
vt 1.000000 0.000000
vt 0.500000 0.000000
vt 0.000000 0.000000
vt 1.000000 0.000000
vt 0.500000 0.200000
vt 0.500000 0.200000
vt 0.500000 0.400000
vt 0.000000 0.000000
vt 1.000000 0.000000
vt 0.500000 0.400000
vt 0.000000 0.000000
vt 1.000000 0.000000
vt 0.375000 0.000000
vt 0.000000 0.000000
vt 1.000000 0.000000
vt 0.625000 0.000000
vt 0.000000 0.000000
vt 1.000000 0.000000
vt 0.625000 0.000000
vt 0.000000 0.000000
vt 1.000000 0.000000
vt 0.375000 0.000000
vt 0.000000 0.000000
vt 1.000000 0.000000
vt 0.625000 0.200000
vt 0.375000 0.200000
vt 0.375000 0.200000
vt 0.625000 0.200000
vt 0.625000 0.400000
vt 0.000000 0.000000
vt 1.000000 0.000000
vt 0.375000 0.400000
vt 0.000000 0.000000
vt 1.000000 0.000000
vt 0.375000 0.400000
vt 0.000000 0.000000
vt 1.000000 0.000000
vt 0.625000 0.400000
vt 0.000000 0.000000
vt 1.000000 0.000000
vt 0.500000 -0.231250
vt 0.541667 -0.231250
vt 0.458333 -0.231250
vt 0.583333 -0.231250
vt 0.416667 -0.231250
vt 0.625000 -0.231250
vt 0.375000 -0.231250
vt 0.666667 -0.231250
vt 0.333333 -0.231250
vt 0.708333 -0.231250
vt 0.291667 -0.231250
vt 0.750000 -0.231250
vt 0.250000 -0.231250
vt 0.791667 -0.231250
vt 0.208333 -0.231250
vt 0.833333 -0.231250
vt 0.166667 -0.231250
vt 0.875000 -0.231250
vt 0.125000 -0.231250
vt 0.916667 -0.231250
vt 0.083333 -0.231250
vt 0.958333 -0.231250
vt 0.041667 -0.231250
vt 0.000000 -0.231250
vt 0.750000 -0.181250
vt 0.750000 -0.181250
vt 0.250000 -0.181250
vt 0.250000 -0.181250
vt 0.000000 0.000000
vt 1.000000 0.000000
vt 0.250000 0.000000
vt 0.000000 0.000000
vt 1.000000 0.000000
vt 0.750000 0.000000
vt 0.500000 0.500000
vt 0.500000 0.500000
vt 0.000000 0.000000
vt 1.000000 0.000000
vt 0.750000 0.000000
vt 0.000000 0.000000
vt 1.000000 0.000000
vt 0.250000 0.000000
vt 0.750000 0.200000
vt 0.250000 0.200000
vt 0.750000 0.062500
vt 0.250000 0.062500
vt 0.250000 0.200000
vt 0.750000 0.200000
vt 0.750000 0.400000
vt 0.000000 0.000000
vt 1.000000 0.000000
vt 0.250000 0.400000
vt 0.000000 0.000000
vt 1.000000 0.000000
vt 0.750000 0.181250
vt 0.500000 0.500000
vt 0.250000 0.181250
vt 0.500000 0.500000
vt 0.250000 0.400000
vt 0.000000 0.000000
vt 1.000000 0.000000
vt 0.750000 0.400000
vt 0.000000 0.000000
vt 1.000000 0.000000
vt 0.750000 0.193750
vt 0.250000 0.193750
vt 0.750000 0.225000
vt 0.750000 0.225000
vt 0.500000 0.225000
vt 0.541667 0.225000
vt 0.458333 0.225000
vt 0.583333 0.225000
vt 0.416667 0.225000
vt 0.625000 0.225000
vt 0.375000 0.225000
vt 0.666667 0.225000
vt 0.333333 0.225000
vt 0.000000 0.225000
vt 0.041667 0.225000
vt 0.958333 0.225000
vt 0.083333 0.225000
vt 0.916667 0.225000
vt 0.125000 0.225000
vt 0.875000 0.225000
vt 0.708333 0.225000
vt 0.291667 0.225000
vt 0.166667 0.225000
vt 0.833333 0.225000
vt 0.208333 0.225000
vt 0.791667 0.225000
vt 0.250000 0.225000
vt 0.750000 0.225000
vt 0.750000 0.225000
vt 0.250000 0.225000
vt 0.291667 0.225000
vt 0.708333 0.225000
vt 0.333333 0.225000
vt 0.666667 0.225000
vt 0.791667 0.225000
vt 0.208333 0.225000
vt 0.375000 0.225000
vt 0.625000 0.225000
vt 0.416667 0.225000
vt 0.583333 0.225000
vt 0.458333 0.225000
vt 0.541667 0.225000
vt 0.500000 0.225000
vt 0.833333 0.225000
vt 0.166667 0.225000
vt 0.875000 0.225000
vt 0.125000 0.225000
vt 0.916667 0.225000
vt 0.083333 0.225000
vt 0.958333 0.225000
vt 0.041667 0.225000
vt 1.000000 0.225000
vt 0.250000 0.225000
vt 0.250000 0.225000
vt 0.750000 0.331250
vt 0.250000 0.331250
vt 0.500000 0.356250
vt 0.541667 0.356250
vt 0.458333 0.356250
vt 0.583333 0.356250
vt 0.416667 0.356250
vt 0.625000 0.356250
vt 0.375000 0.356250
vt 0.666667 0.356250
vt 0.333333 0.356250
vt 0.708333 0.356250
vt 0.291667 0.356250
vt 0.750000 0.356250
vt 0.250000 0.356250
vt 0.791667 0.356250
vt 0.208333 0.356250
vt 0.833333 0.356250
vt 0.166667 0.356250
vt 0.875000 0.356250
vt 0.125000 0.356250
vt 0.916667 0.356250
vt 0.083333 0.356250
vt 0.958333 0.356250
vt 0.041667 0.356250
vt 1.000000 0.356250
vt 0.000000 0.000000
vt 1.000000 0.000000
vt 0.125000 0.000000
vt 0.000000 0.000000
vt 1.000000 0.000000
vt 0.875000 0.000000
vt 0.000000 0.000000
vt 1.000000 0.000000
vt 0.875000 0.000000
vt 0.000000 0.000000
vt 1.000000 0.000000
vt 0.125000 0.000000
vt 0.875000 0.200000
vt 0.125000 0.200000
vt 0.125000 0.200000
vt 0.875000 0.200000
vt 0.000000 0.000000
vt 1.000000 0.000000
vt 0.875000 0.400000
vt 0.000000 0.000000
vt 1.000000 0.000000
vt 0.125000 0.400000
vt 0.000000 0.000000
vt 1.000000 0.000000
vt 0.125000 0.400000
vt 0.000000 0.000000
vt 1.000000 0.000000
vt 0.875000 0.400000
vt 0.000000 0.000000
vt 1.000000 0.000000
vt 0.000000 0.000000
vt 1.000000 0.000000
vt 0.000000 0.000000
vt 1.000000 0.000000
vt 0.000000 0.000000
vt 1.000000 0.000000
vt 0.000000 0.200000
vt 1.000000 0.200000
vt 0.000000 0.200000
vt 1.000000 0.200000
vt 0.000000 0.000000
vt 1.000000 0.000000
vt 0.000000 0.400000
vt 1.000000 0.400000
vt 0.000000 0.000000
vt 1.000000 0.000000
vt 0.000000 0.400000
vt 1.000000 0.400000
vt 0.791667 0.181250
vt 0.208333 0.181250
vt 0.791667 0.331250
vt 0.208333 0.331250
vt 0.791667 -0.181250
vt 0.791667 -0.181250
vt 0.208333 -0.181250
vt 0.208333 -0.181250
vt 0.791667 0.062500
vt 0.208333 0.062500
vt 0.791667 0.193750
vt 0.208333 0.193750
vt 0.791667 0.225000
vt 0.791667 0.225000
vt 0.208333 0.225000
vt 0.208333 0.225000
vt 0.833333 0.181250
vt 0.166667 0.181250
vt 0.833333 0.331250
vt 0.166667 0.331250
vt 0.833333 -0.181250
vt 0.833333 -0.181250
vt 0.166667 -0.181250
vt 0.166667 -0.181250
vt 0.833333 0.062500
vt 0.166667 0.062500
vt 0.875000 0.181250
vt 0.125000 0.181250
vt 0.875000 0.331250
vt 0.125000 0.331250
vt 0.875000 -0.181250
vt 0.875000 -0.181250
vt 0.125000 -0.181250
vt 0.125000 -0.181250
vt 0.500000 0.400000
vt 0.000000 0.000000
vt 1.000000 0.000000
vt 0.500000 0.400000
vt 0.000000 0.000000
vt 1.000000 0.000000
vt 0.375000 0.400000
vt 0.000000 0.000000
vt 1.000000 0.000000
vt 0.625000 0.400000
vt 0.000000 0.000000
vt 1.000000 0.000000
vt 0.625000 0.400000
vt 0.000000 0.000000
vt 1.000000 0.000000
vt 0.375000 0.400000
vt 0.000000 0.000000
vt 1.000000 0.000000
vt 0.833333 0.193750
vt 0.166667 0.193750
vt 0.500000 0.000000
vt 0.000000 0.000000
vt 1.000000 0.000000
vt 0.500000 0.000000
vt 0.000000 0.000000
vt 1.000000 0.000000
vt 0.375000 0.000000
vt 0.000000 0.000000
vt 1.000000 0.000000
vt 0.625000 0.000000
vt 0.000000 0.000000
vt 1.000000 0.000000
vt 0.625000 0.000000
vt 0.000000 0.000000
vt 1.000000 0.000000
vt 0.375000 0.000000
vt 0.000000 0.000000
vt 1.000000 0.000000
vt 0.000000 0.000000
vt 1.000000 0.000000
vt 0.250000 0.400000
vt 0.000000 0.000000
vt 1.000000 0.000000
vt 0.750000 0.400000
vt 0.500000 0.500000
vt 0.916667 0.181250
vt 0.500000 0.500000
vt 0.083333 0.181250
vt 0.000000 0.000000
vt 1.000000 0.000000
vt 0.750000 0.400000
vt 0.000000 0.000000
vt 1.000000 0.000000
vt 0.250000 0.400000
vt 0.875000 0.062500
vt 0.125000 0.062500
vt 0.000000 0.000000
vt 1.000000 0.000000
vt 0.250000 0.000000
vt 0.000000 0.000000
vt 1.000000 0.000000
vt 0.750000 0.000000
vt 0.500000 0.500000
vt 0.500000 0.500000
vt 0.916667 0.331250
vt 0.083333 0.331250
vt 0.000000 0.000000
vt 1.000000 0.000000
vt 0.750000 0.000000
vt 0.000000 0.000000
vt 1.000000 0.000000
vt 0.250000 0.000000
vt 0.833333 0.225000
vt 0.833333 0.225000
vt 0.166667 0.225000
vt 0.166667 0.225000
vt 0.000000 0.000000
vt 1.000000 0.000000
vt 0.125000 0.400000
vt 0.000000 0.000000
vt 1.000000 0.000000
vt 0.875000 0.400000
vt 0.000000 0.000000
vt 1.000000 0.000000
vt 0.875000 0.400000
vt 0.000000 0.000000
vt 1.000000 0.000000
vt 0.125000 0.400000
vt 0.916667 -0.181250
vt 0.916667 -0.181250
vt 0.083333 -0.181250
vt 0.083333 -0.181250
vt 0.000000 0.000000
vt 1.000000 0.000000
vt 0.000000 0.400000
vt 1.000000 0.400000
vt 0.000000 0.000000
vt 1.000000 0.000000
vt 0.000000 0.400000
vt 1.000000 0.400000
vt 0.958333 0.181250
vt 0.041667 0.181250
vt 0.000000 0.000000
vt 1.000000 0.000000
vt 0.125000 0.000000
vt 0.000000 0.000000
vt 1.000000 0.000000
vt 0.875000 0.000000
vt 0.000000 0.000000
vt 1.000000 0.000000
vt 0.875000 0.000000
vt 0.000000 0.000000
vt 1.000000 0.000000
vt 0.125000 0.000000
vt 0.500000 0.200000
vt 0.500000 0.200000
vt 0.000000 0.000000
vt 1.000000 0.000000
vt 0.000000 0.000000
vt 1.000000 0.000000
vt 0.000000 0.000000
vt 1.000000 0.000000
vt 0.000000 0.000000
vt 1.000000 0.000000
vt 0.000000 0.181250
vt 1.000000 0.181250
vt 0.958333 0.331250
vt 0.041667 0.331250
vt 0.375000 0.200000
vt 0.625000 0.200000
vt 0.625000 0.200000
vt 0.375000 0.200000
vt 0.000000 0.331250
vt 1.000000 0.331250
vt 0.958333 -0.181250
vt 0.958333 -0.181250
vt 0.041667 -0.181250
vt 0.041667 -0.181250
vt 0.000000 -0.181250
vt 1.000000 -0.181250
vt 0.000000 -0.181250
vt 1.000000 -0.181250
vt 0.250000 0.200000
vt 0.750000 0.200000
vt 0.916667 0.062500
vt 0.083333 0.062500
vt 0.750000 0.200000
vt 0.250000 0.200000
vt 0.875000 0.193750
vt 0.125000 0.193750
vt 0.125000 0.200000
vt 0.875000 0.200000
vt 0.875000 0.200000
vt 0.125000 0.200000
vt 0.000000 0.200000
vt 1.000000 0.200000
vt 0.000000 0.200000
vt 1.000000 0.200000
vt 0.958333 0.062500
vt 0.041667 0.062500
vt 0.000000 0.062500
vt 1.000000 0.062500
vt 0.875000 0.225000
vt 0.875000 0.225000
vt 0.125000 0.225000
vt 0.125000 0.225000
vt 0.916667 0.193750
vt 0.083333 0.193750
vt 0.958333 0.193750
vt 0.041667 0.193750
vt 0.916667 0.225000
vt 0.916667 0.225000
vt 0.083333 0.225000
vt 0.083333 0.225000
vt 0.000000 0.193750
vt 1.000000 0.193750
vt 0.958333 0.225000
vt 0.958333 0.225000
vt 0.041667 0.225000
vt 0.041667 0.225000
vt 0.000000 0.225000
vt 1.000000 0.225000
vt 0.000000 0.225000
vt 1.000000 0.225000
vn -0.707107 -0.707107 0.000000
vn -0.686624 0.727013 0.000000
vn -0.683013 -0.707107 -0.183013
vn -0.663227 0.727013 -0.177711
vn -0.683013 -0.707107 0.183013
vn -0.663227 0.727013 0.177711
vn -0.319819 -0.947479 0.000000
vn -0.612372 -0.707107 -0.353553
vn -0.594633 0.727013 -0.343312
vn -0.612372 -0.707107 0.353553
vn -0.594633 0.727013 0.343312
vn -0.308921 -0.947479 -0.082775
vn -0.308921 -0.947479 0.082775
vn -0.276971 -0.947479 -0.159909
vn -0.276971 -0.947479 0.159909
vn -0.500000 -0.707107 -0.500000
vn -0.485516 0.727013 -0.485516
vn -0.500000 -0.707107 0.500000
vn -0.485516 0.727013 0.485516
vn -0.994819 0.101660 0.000000
vn -0.960922 0.101660 -0.257478
vn -0.960922 0.101660 0.257478
vn -0.999880 0.015463 0.000000
vn -0.999880 0.015463 0.000000
vn -0.707120 0.004622 0.707079
vn -0.707120 0.004622 -0.707079
vn -0.706925 0.017246 -0.707079
vn -0.706925 0.017246 0.707079
vn -0.226146 -0.947479 -0.226146
vn -0.226146 -0.947479 0.226146
vn -0.000138 -0.008926 0.999960
vn -0.000138 -0.008926 -0.999960
vn -0.861539 0.101660 -0.497410
vn -0.861539 0.101660 0.497410
vn 0.000138 0.008926 -0.999960
vn 0.000138 0.008926 0.999960
vn -0.994781 -0.102029 0.000000
vn -0.304776 -0.952424 0.000000
vn -0.960885 -0.102029 -0.257468
vn -0.294391 -0.952424 -0.078882
vn -0.960885 -0.102029 0.257468
vn -0.294391 -0.952424 0.078882
vn -0.444836 0.895612 0.000000
vn 0.706925 -0.017246 0.707079
vn 0.706925 -0.017246 -0.707079
vn 0.707120 -0.004622 -0.707079
vn 0.707120 -0.004622 0.707079
vn -0.429679 0.895612 -0.115132
vn -0.429679 0.895612 0.115132
vn -0.703407 0.710788 0.000000
vn -0.993221 -0.116237 0.000000
vn 0.115976 -0.990992 0.066959
vn 0.115976 -0.990992 0.066959
vn -0.993221 -0.116237 0.000000
vn 0.115976 -0.990992 -0.066959
vn 0.115976 -0.990992 -0.066959
vn 0.999880 -0.015463 0.000000
vn 0.999880 -0.015463 0.000000
vn 0.999880 -0.015463 0.000000
vn 0.999880 -0.015463 0.000000
vn -0.707817 -0.035166 0.705520
vn 0.115976 -0.990992 0.066959
vn 0.115976 -0.990992 0.066959
vn -0.707817 -0.035166 -0.705520
vn 0.115976 -0.990992 -0.066959
vn 0.115976 -0.990992 -0.066959
vn -0.696810 -0.129218 -0.705520
vn 0.115976 -0.990992 0.066959
vn 0.115976 -0.990992 0.066959
vn -0.696810 -0.129218 0.705520
vn 0.115976 -0.990992 -0.066959
vn 0.115976 -0.990992 -0.066959
vn -0.679439 0.710788 -0.182055
vn -0.679439 0.710788 0.182055
vn -0.964579 0.263795 0.000000
vn 0.260787 0.953583 0.150566
vn 0.260787 0.953583 0.150566
vn -0.964579 0.263795 0.000000
vn 0.260787 0.953583 -0.150566
vn 0.260787 0.953583 -0.150566
vn -0.861506 -0.102029 -0.497391
vn -0.263944 -0.952424 -0.152388
vn -0.861506 -0.102029 0.497391
vn -0.263944 -0.952424 0.152388
vn -0.710145 0.083836 0.699046
vn 0.260787 0.953583 0.150566
vn 0.260787 0.953583 0.150566
vn -0.710145 0.083836 -0.699046
vn 0.260787 0.953583 -0.150566
vn 0.260787 0.953583 -0.150566
vn -0.653975 0.289226 -0.699046
vn 0.260787 0.953583 0.150566
vn 0.260787 0.953583 0.150566
vn -0.653975 0.289226 0.699046
vn 0.260787 0.953583 -0.150566
vn 0.260787 0.953583 -0.150566
vn -0.353553 -0.707107 -0.612372
vn -0.343312 0.727013 -0.594633
vn -0.353553 -0.707107 0.612372
vn -0.343312 0.727013 0.594633
vn -0.007783 0.066505 0.997756
vn 0.115976 -0.990992 0.066959
vn 0.115976 -0.990992 0.066959
vn -0.007783 0.066505 -0.997756
vn 0.115976 -0.990992 -0.066959
vn 0.115976 -0.990992 -0.066959
vn 0.115976 -0.990992 0.066959
vn 0.115976 -0.990992 -0.066959
vn -0.385240 0.895612 -0.222418
vn -0.385240 0.895612 0.222418
vn 0.007783 -0.066505 -0.997756
vn 0.115976 -0.990992 0.066959
vn 0.115976 -0.990992 0.066959
vn 0.007783 -0.066505 0.997756
vn 0.115976 -0.990992 -0.066959
vn 0.115976 -0.990992 -0.066959
vn -0.703443 0.101660 -0.703443
vn -0.703443 0.101660 0.703443
vn -0.039718 -0.145232 0.988600
vn 0.260787 0.953583 0.150566
vn 0.260787 0.953583 0.150566
vn -0.039718 -0.145232 -0.988600
vn 0.260787 0.953583 -0.150566
vn 0.260787 0.953583 -0.150566
vn -0.609168 0.710788 -0.351703
vn 0.260787 0.953583 0.150566
vn -0.609168 0.710788 0.351703
vn 0.260787 0.953583 -0.150566
vn 0.039718 0.145232 -0.988600
vn 0.260787 0.953583 0.150566
vn 0.260787 0.953583 0.150566
vn 0.039718 0.145232 0.988600
vn 0.260787 0.953583 -0.150566
vn 0.260787 0.953583 -0.150566
vn 0.115976 -0.990992 0.066959
vn 0.115976 -0.990992 0.066959
vn 0.696810 0.129218 0.705520
vn 0.115976 -0.990992 -0.066959
vn 0.115976 -0.990992 -0.066959
vn 0.696810 0.129218 -0.705520
vn 0.115976 -0.990992 0.066959
vn 0.115976 -0.990992 0.066959
vn 0.707817 0.035166 -0.705520
vn 0.115976 -0.990992 -0.066959
vn 0.115976 -0.990992 -0.066959
vn 0.707817 0.035166 0.705520
vn 0.115976 -0.990992 0.066959
vn 0.115976 -0.990992 0.066959
vn 0.993221 0.116237 0.000000
vn 0.993221 0.116237 0.000000
vn 0.115976 -0.990992 -0.066959
vn 0.115976 -0.990992 -0.066959
vn 0.993221 0.116237 0.000000
vn 0.993221 0.116237 0.000000
vn -0.159909 -0.947479 -0.276971
vn -0.159909 -0.947479 0.276971
vn 0.260787 0.953583 0.150566
vn 0.260787 0.953583 0.150566
vn 0.653975 -0.289226 0.699046
vn 0.260787 0.953583 -0.150566
vn 0.260787 0.953583 -0.150566
vn 0.653975 -0.289226 -0.699046
vn 0.260787 0.953583 0.150566
vn 0.260787 0.953583 0.150566
vn 0.710145 -0.083836 -0.699046
vn 0.260787 0.953583 -0.150566
vn 0.260787 0.953583 -0.150566
vn 0.710145 -0.083836 0.699046
vn 0.260787 0.953583 0.150566
vn 0.260787 0.953583 0.150566
vn 0.964579 -0.263795 0.000000
vn 0.964579 -0.263795 0.000000
vn 0.260787 0.953583 -0.150566
vn 0.260787 0.953583 -0.150566
vn 0.964579 -0.263795 0.000000
vn 0.964579 -0.263795 0.000000
vn -0.703417 -0.102029 -0.703417
vn -0.215509 -0.952424 -0.215509
vn -0.703417 -0.102029 0.703417
vn -0.215509 -0.952424 0.215509
vn -0.314547 0.895612 -0.314547
vn -0.314547 0.895612 0.314547
vn -0.497384 0.710788 -0.497384
vn -0.497384 0.710788 0.497384
vn -0.497410 0.101660 -0.861539
vn -0.497410 0.101660 0.861539
vn -0.497391 -0.102029 -0.861506
vn -0.152388 -0.952424 -0.263944
vn -0.497391 -0.102029 0.861506
vn -0.152388 -0.952424 0.263944
vn -0.222418 0.895612 -0.385240
vn -0.222418 0.895612 0.385240
vn -0.351703 0.710788 -0.609168
vn -0.351703 0.710788 0.609168
vn -0.183013 -0.707107 -0.683013
vn -0.177711 0.727013 -0.663227
vn -0.183013 -0.707107 0.683013
vn -0.177711 0.727013 0.663227
vn -0.082775 -0.947479 -0.308921
vn -0.082775 -0.947479 0.308921
vn -0.257478 0.101660 -0.960922
vn -0.257478 0.101660 0.960922
vn -0.257468 -0.102029 -0.960885
vn -0.078882 -0.952424 -0.294391
vn -0.257468 -0.102029 0.960885
vn -0.078882 -0.952424 0.294391
vn -0.115132 0.895612 -0.429679
vn -0.115132 0.895612 0.429679
vn -0.182055 0.710788 -0.679439
vn -0.182055 0.710788 0.679439
vn -1.000000 0.000000 0.000000
vn 0.000000 -0.990992 0.133918
vn 0.000000 -0.990992 0.133918
vn -1.000000 0.000000 0.000000
vn 0.000000 -0.990992 -0.133918
vn 0.000000 -0.990992 -0.133918
vn -1.000000 0.000000 0.000000
vn -1.000000 0.000000 0.000000
vn -1.000000 0.000000 0.000000
vn 0.000000 0.953583 0.301131
vn 0.000000 0.953583 0.301131
vn -1.000000 0.000000 0.000000
vn 0.000000 0.953583 -0.301131
vn 0.000000 0.953583 -0.301131
vn -0.707107 -0.094694 -0.700737
vn 0.000000 -0.990992 0.133918
vn 0.000000 -0.990992 0.133918
vn -0.707107 -0.094694 0.700737
vn 0.000000 -0.990992 -0.133918
vn 0.000000 -0.990992 -0.133918
vn -0.707107 0.094694 0.700737
vn 0.000000 -0.990992 0.133918
vn 0.000000 -0.990992 0.133918
vn -0.707107 0.094694 -0.700737
vn 0.000000 -0.990992 -0.133918
vn 0.000000 -0.990992 -0.133918
vn -0.707107 -0.012625 0.706994
vn -0.707107 -0.012625 -0.706994
vn -0.707107 0.012625 -0.706994
vn -0.707107 0.012625 0.706994
vn -0.707107 -0.212932 0.674285
vn 0.000000 0.953583 0.301131
vn 0.000000 0.953583 0.301131
vn -0.707107 -0.212932 -0.674285
vn 0.000000 0.953583 -0.301131
vn 0.000000 0.953583 -0.301131
vn -0.707107 0.212932 -0.674285
vn 0.000000 0.953583 0.301131
vn 0.000000 0.953583 0.301131
vn -0.707107 0.212932 0.674285
vn 0.000000 0.953583 -0.301131
vn 0.000000 0.953583 -0.301131
vn -0.304776 -0.952424 0.000000
vn -0.294391 -0.952424 -0.078882
vn -0.294391 -0.952424 0.078882
vn -0.263944 -0.952424 -0.152388
vn -0.263944 -0.952424 0.152388
vn -0.215509 -0.952424 -0.215509
vn -0.215509 -0.952424 0.215509
vn -0.152388 -0.952424 -0.263944
vn -0.152388 -0.952424 0.263944
vn -0.078882 -0.952424 -0.294391
vn -0.078882 -0.952424 0.294391
vn 0.000000 -0.952424 -0.304776
vn 0.000000 -0.952424 0.304776
vn 0.078882 -0.952424 -0.294391
vn 0.078882 -0.952424 0.294391
vn 0.152388 -0.952424 -0.263944
vn 0.152388 -0.952424 0.263944
vn 0.215509 -0.952424 -0.215509
vn 0.215509 -0.952424 0.215509
vn 0.263944 -0.952424 -0.152388
vn 0.263944 -0.952424 0.152388
vn 0.294391 -0.952424 -0.078882
vn 0.294391 -0.952424 0.078882
vn 0.304776 -0.952424 0.000000
vn 0.000000 -0.952424 -0.304776
vn 0.000000 -0.102029 -0.994781
vn 0.000000 -0.952424 0.304776
vn 0.000000 -0.102029 0.994781
vn 0.000000 -0.990992 0.133918
vn 0.000000 -0.990992 0.133918
vn 0.000000 -0.133918 -0.990992
vn 0.000000 -0.990992 -0.133918
vn 0.000000 -0.990992 -0.133918
vn 0.000000 -0.133918 0.990992
vn 0.000000 -0.990992 0.133918
vn 0.000000 -0.990992 -0.133918
vn 0.000000 -0.990992 0.133918
vn 0.000000 -0.990992 0.133918
vn 0.000000 0.133918 0.990992
vn 0.000000 -0.990992 -0.133918
vn 0.000000 -0.990992 -0.133918
vn 0.000000 0.133918 -0.990992
vn 0.000000 -0.017854 0.999841
vn 0.000000 -0.017854 -0.999841
vn 0.000000 0.101660 -0.994819
vn 0.000000 0.101660 0.994819
vn 0.000000 0.017854 -0.999841
vn 0.000000 0.017854 0.999841
vn 0.000000 -0.301131 0.953583
vn 0.000000 0.953583 0.301131
vn 0.000000 0.953583 0.301131
vn 0.000000 -0.301131 -0.953583
vn 0.000000 0.953583 -0.301131
vn 0.000000 0.953583 -0.301131
vn 0.000000 0.710788 -0.703407
vn 0.000000 0.953583 0.301131
vn 0.000000 0.710788 0.703407
vn 0.000000 0.953583 -0.301131
vn 0.000000 0.301131 -0.953583
vn 0.000000 0.953583 0.301131
vn 0.000000 0.953583 0.301131
vn 0.000000 0.301131 0.953583
vn 0.000000 0.953583 -0.301131
vn 0.000000 0.953583 -0.301131
vn 0.000000 -0.947479 -0.319819
vn 0.000000 -0.947479 0.319819
vn 0.000000 -0.707107 -0.707107
vn 0.000000 0.727013 -0.686624
vn -0.291162 0.956674 0.000000
vn -0.281241 0.956674 -0.075358
vn -0.281241 0.956674 0.075358
vn -0.252153 0.956674 -0.145581
vn -0.252153 0.956674 0.145581
vn -0.205882 0.956674 -0.205882
vn -0.205882 0.956674 0.205882
vn -0.145581 0.956674 -0.252153
vn -0.145581 0.956674 0.252153
vn -0.133918 -0.990992 0.000000
vn -0.129355 -0.990992 -0.034661
vn -0.129355 -0.990992 0.034661
vn -0.115976 -0.990992 -0.066959
vn -0.115976 -0.990992 0.066959
vn -0.094694 -0.990992 -0.094694
vn -0.094694 -0.990992 0.094694
vn -0.075358 0.956674 -0.281241
vn -0.075358 0.956674 0.281241
vn -0.066959 -0.990992 -0.115976
vn -0.066959 -0.990992 0.115976
vn -0.034661 -0.990992 -0.129355
vn -0.034661 -0.990992 0.129355
vn 0.000000 -0.990992 -0.133918
vn 0.000000 -0.990992 0.133918
vn 0.000000 0.956674 -0.291162
vn 0.000000 0.956674 0.291162
vn 0.034661 -0.990992 -0.129355
vn 0.034661 -0.990992 0.129355
vn 0.066959 -0.990992 -0.115976
vn 0.066959 -0.990992 0.115976
vn 0.075358 0.956674 -0.281241
vn 0.075358 0.956674 0.281241
vn 0.094694 -0.990992 -0.094694
vn 0.094694 -0.990992 0.094694
vn 0.115976 -0.990992 -0.066959
vn 0.115976 -0.990992 0.066959
vn 0.129355 -0.990992 -0.034661
vn 0.129355 -0.990992 0.034661
vn 0.133918 -0.990992 0.000000
vn 0.145581 0.956674 -0.252153
vn 0.145581 0.956674 0.252153
vn 0.205882 0.956674 -0.205882
vn 0.205882 0.956674 0.205882
vn 0.252153 0.956674 -0.145581
vn 0.252153 0.956674 0.145581
vn 0.281241 0.956674 -0.075358
vn 0.281241 0.956674 0.075358
vn 0.291162 0.956674 0.000000
vn 0.000000 -0.707107 0.707107
vn 0.000000 0.727013 0.686624
vn 0.000000 0.895612 -0.444836
vn 0.000000 0.895612 0.444836
vn -0.164399 0.986394 0.000000
vn -0.158797 0.986394 -0.042550
vn -0.158797 0.986394 0.042550
vn -0.142374 0.986394 -0.082199
vn -0.142374 0.986394 0.082199
vn -0.116248 0.986394 -0.116248
vn -0.116248 0.986394 0.116248
vn -0.082199 0.986394 -0.142374
vn -0.082199 0.986394 0.142374
vn -0.042550 0.986394 -0.158797
vn -0.042550 0.986394 0.158797
vn 0.000000 0.986394 -0.164399
vn 0.000000 0.986394 0.164399
vn 0.042550 0.986394 -0.158797
vn 0.042550 0.986394 0.158797
vn 0.082199 0.986394 -0.142374
vn 0.082199 0.986394 0.142374
vn 0.116248 0.986394 -0.116248
vn 0.116248 0.986394 0.116248
vn 0.142374 0.986394 -0.082199
vn 0.142374 0.986394 0.082199
vn 0.158797 0.986394 -0.042550
vn 0.158797 0.986394 0.042550
vn 0.164399 0.986394 0.000000
vn 0.000000 -0.990992 0.133918
vn 0.000000 -0.990992 0.133918
vn 0.707107 -0.094694 -0.700737
vn 0.000000 -0.990992 -0.133918
vn 0.000000 -0.990992 -0.133918
vn 0.707107 -0.094694 0.700737
vn 0.000000 -0.990992 0.133918
vn 0.000000 -0.990992 0.133918
vn 0.707107 0.094694 0.700737
vn 0.000000 -0.990992 -0.133918
vn 0.000000 -0.990992 -0.133918
vn 0.707107 0.094694 -0.700737
vn 0.707107 -0.012625 0.706994
vn 0.707107 -0.012625 -0.706994
vn 0.707107 0.012625 -0.706994
vn 0.707107 0.012625 0.706994
vn 0.000000 0.953583 0.301131
vn 0.000000 0.953583 0.301131
vn 0.707107 -0.212932 0.674285
vn 0.000000 0.953583 -0.301131
vn 0.000000 0.953583 -0.301131
vn 0.707107 -0.212932 -0.674285
vn 0.000000 0.953583 0.301131
vn 0.000000 0.953583 0.301131
vn 0.707107 0.212932 -0.674285
vn 0.000000 0.953583 -0.301131
vn 0.000000 0.953583 -0.301131
vn 0.707107 0.212932 0.674285
vn 0.000000 -0.990992 0.133918
vn 0.000000 -0.990992 0.133918
vn 1.000000 0.000000 0.000000
vn 1.000000 0.000000 0.000000
vn 0.000000 -0.990992 -0.133918
vn 0.000000 -0.990992 -0.133918
vn 1.000000 0.000000 0.000000
vn 1.000000 0.000000 0.000000
vn 1.000000 0.000000 0.000000
vn 1.000000 0.000000 0.000000
vn 1.000000 0.000000 0.000000
vn 1.000000 0.000000 0.000000
vn 0.000000 0.953583 0.301131
vn 0.000000 0.953583 0.301131
vn 1.000000 0.000000 0.000000
vn 1.000000 0.000000 0.000000
vn 0.000000 0.953583 -0.301131
vn 0.000000 0.953583 -0.301131
vn 1.000000 0.000000 0.000000
vn 1.000000 0.000000 0.000000
vn 0.182055 0.710788 -0.679439
vn 0.182055 0.710788 0.679439
vn 0.115132 0.895612 -0.429679
vn 0.115132 0.895612 0.429679
vn 0.078882 -0.952424 -0.294391
vn 0.257468 -0.102029 -0.960885
vn 0.078882 -0.952424 0.294391
vn 0.257468 -0.102029 0.960885
vn 0.257478 0.101660 -0.960922
vn 0.257478 0.101660 0.960922
vn 0.082775 -0.947479 -0.308921
vn 0.082775 -0.947479 0.308921
vn 0.177711 0.727013 -0.663227
vn 0.183013 -0.707107 -0.683013
vn 0.177711 0.727013 0.663227
vn 0.183013 -0.707107 0.683013
vn 0.351703 0.710788 -0.609168
vn 0.351703 0.710788 0.609168
vn 0.222418 0.895612 -0.385240
vn 0.222418 0.895612 0.385240
vn 0.152388 -0.952424 -0.263944
vn 0.497391 -0.102029 -0.861506
vn 0.152388 -0.952424 0.263944
vn 0.497391 -0.102029 0.861506
vn 0.497410 0.101660 -0.861539
vn 0.497410 0.101660 0.861539
vn 0.497384 0.710788 -0.497384
vn 0.497384 0.710788 0.497384
vn 0.314547 0.895612 -0.314547
vn 0.314547 0.895612 0.314547
vn 0.215509 -0.952424 -0.215509
vn 0.703417 -0.102029 -0.703417
vn 0.215509 -0.952424 0.215509
vn 0.703417 -0.102029 0.703417
vn -0.964579 -0.263795 0.000000
vn -0.260787 0.953583 0.150566
vn -0.260787 0.953583 0.150566
vn -0.964579 -0.263795 0.000000
vn -0.260787 0.953583 -0.150566
vn -0.260787 0.953583 -0.150566
vn -0.710145 -0.083836 -0.699046
vn -0.260787 0.953583 0.150566
vn -0.260787 0.953583 0.150566
vn -0.710145 -0.083836 0.699046
vn -0.260787 0.953583 -0.150566
vn -0.260787 0.953583 -0.150566
vn -0.653975 -0.289226 0.699046
vn -0.260787 0.953583 0.150566
vn -0.260787 0.953583 0.150566
vn -0.653975 -0.289226 -0.699046
vn -0.260787 0.953583 -0.150566
vn -0.260787 0.953583 -0.150566
vn 0.159909 -0.947479 -0.276971
vn 0.159909 -0.947479 0.276971
vn -0.993221 0.116237 0.000000
vn -0.115976 -0.990992 0.066959
vn -0.115976 -0.990992 0.066959
vn -0.993221 0.116237 0.000000
vn -0.115976 -0.990992 -0.066959
vn -0.115976 -0.990992 -0.066959
vn -0.707817 0.035166 -0.705520
vn -0.115976 -0.990992 0.066959
vn -0.115976 -0.990992 0.066959
vn -0.707817 0.035166 0.705520
vn -0.115976 -0.990992 -0.066959
vn -0.115976 -0.990992 -0.066959
vn -0.696810 0.129218 0.705520
vn -0.115976 -0.990992 0.066959
vn -0.115976 -0.990992 0.066959
vn -0.696810 0.129218 -0.705520
vn -0.115976 -0.990992 -0.066959
vn -0.115976 -0.990992 -0.066959
vn -0.260787 0.953583 0.150566
vn -0.260787 0.953583 0.150566
vn -0.039718 0.145232 -0.988600
vn -0.260787 0.953583 -0.150566
vn -0.260787 0.953583 -0.150566
vn -0.039718 0.145232 0.988600
vn -0.260787 0.953583 0.150566
vn 0.609168 0.710788 -0.351703
vn -0.260787 0.953583 -0.150566
vn 0.609168 0.710788 0.351703
vn -0.260787 0.953583 0.150566
vn -0.260787 0.953583 0.150566
vn 0.039718 -0.145232 0.988600
vn -0.260787 0.953583 -0.150566
vn -0.260787 0.953583 -0.150566
vn 0.039718 -0.145232 -0.988600
vn 0.703443 0.101660 -0.703443
vn 0.703443 0.101660 0.703443
vn -0.115976 -0.990992 0.066959
vn -0.115976 -0.990992 0.066959
vn -0.007783 -0.066505 -0.997756
vn -0.115976 -0.990992 -0.066959
vn -0.115976 -0.990992 -0.066959
vn -0.007783 -0.066505 0.997756
vn -0.115976 -0.990992 0.066959
vn -0.115976 -0.990992 -0.066959
vn 0.385240 0.895612 -0.222418
vn 0.385240 0.895612 0.222418
vn -0.115976 -0.990992 0.066959
vn -0.115976 -0.990992 0.066959
vn 0.007783 0.066505 0.997756
vn -0.115976 -0.990992 -0.066959
vn -0.115976 -0.990992 -0.066959
vn 0.007783 0.066505 -0.997756
vn 0.343312 0.727013 -0.594633
vn 0.353553 -0.707107 -0.612372
vn 0.343312 0.727013 0.594633
vn 0.353553 -0.707107 0.612372
vn -0.260787 0.953583 0.150566
vn -0.260787 0.953583 0.150566
vn 0.653975 0.289226 -0.699046
vn -0.260787 0.953583 -0.150566
vn -0.260787 0.953583 -0.150566
vn 0.653975 0.289226 0.699046
vn -0.260787 0.953583 0.150566
vn -0.260787 0.953583 0.150566
vn 0.710145 0.083836 0.699046
vn -0.260787 0.953583 -0.150566
vn -0.260787 0.953583 -0.150566
vn 0.710145 0.083836 -0.699046
vn 0.263944 -0.952424 -0.152388
vn 0.861506 -0.102029 -0.497391
vn 0.263944 -0.952424 0.152388
vn 0.861506 -0.102029 0.497391
vn -0.260787 0.953583 0.150566
vn -0.260787 0.953583 0.150566
vn 0.964579 0.263795 0.000000
vn 0.964579 0.263795 0.000000
vn -0.260787 0.953583 -0.150566
vn -0.260787 0.953583 -0.150566
vn 0.964579 0.263795 0.000000
vn 0.964579 0.263795 0.000000
vn 0.679439 0.710788 -0.182055
vn 0.679439 0.710788 0.182055
vn -0.115976 -0.990992 0.066959
vn -0.115976 -0.990992 0.066959
vn 0.696810 -0.129218 -0.705520
vn -0.115976 -0.990992 -0.066959
vn -0.115976 -0.990992 -0.066959
vn 0.696810 -0.129218 0.705520
vn -0.115976 -0.990992 0.066959
vn -0.115976 -0.990992 0.066959
vn 0.707817 -0.035166 0.705520
vn -0.115976 -0.990992 -0.066959
vn -0.115976 -0.990992 -0.066959
vn 0.707817 -0.035166 -0.705520
vn -0.999880 -0.015463 0.000000
vn -0.999880 -0.015463 0.000000
vn -0.115976 -0.990992 0.066959
vn -0.115976 -0.990992 0.066959
vn 0.993221 -0.116237 0.000000
vn 0.993221 -0.116237 0.000000
vn -0.115976 -0.990992 -0.066959
vn -0.115976 -0.990992 -0.066959
vn 0.993221 -0.116237 0.000000
vn 0.993221 -0.116237 0.000000
vn 0.703407 0.710788 0.000000
vn 0.703407 0.710788 0.000000
vn 0.429679 0.895612 -0.115132
vn 0.429679 0.895612 0.115132
vn -0.707120 -0.004622 -0.707079
vn -0.707120 -0.004622 0.707079
vn -0.706925 -0.017246 0.707079
vn -0.706925 -0.017246 -0.707079
vn 0.444836 0.895612 0.000000
vn 0.444836 0.895612 0.000000
vn 0.294391 -0.952424 -0.078882
vn 0.960885 -0.102029 -0.257468
vn 0.294391 -0.952424 0.078882
vn 0.960885 -0.102029 0.257468
vn 0.304776 -0.952424 0.000000
vn 0.304776 -0.952424 0.000000
vn 0.994781 -0.102029 0.000000
vn 0.994781 -0.102029 0.000000
vn -0.000138 0.008926 -0.999960
vn -0.000138 0.008926 0.999960
vn 0.861539 0.101660 -0.497410
vn 0.861539 0.101660 0.497410
vn 0.000138 -0.008926 0.999960
vn 0.000138 -0.008926 -0.999960
vn 0.226146 -0.947479 -0.226146
vn 0.226146 -0.947479 0.226146
vn 0.706925 0.017246 -0.707079
vn 0.706925 0.017246 0.707079
vn 0.707120 0.004622 0.707079
vn 0.707120 0.004622 -0.707079
vn 0.999880 0.015463 0.000000
vn 0.999880 0.015463 0.000000
vn 0.999880 0.015463 0.000000
vn 0.999880 0.015463 0.000000
vn 0.960922 0.101660 -0.257478
vn 0.960922 0.101660 0.257478
vn 0.994819 0.101660 0.000000
vn 0.994819 0.101660 0.000000
vn 0.485516 0.727013 -0.485516
vn 0.500000 -0.707107 -0.500000
vn 0.485516 0.727013 0.485516
vn 0.500000 -0.707107 0.500000
vn 0.276971 -0.947479 -0.159909
vn 0.276971 -0.947479 0.159909
vn 0.308921 -0.947479 -0.082775
vn 0.308921 -0.947479 0.082775
vn 0.594633 0.727013 -0.343312
vn 0.612372 -0.707107 -0.353553
vn 0.594633 0.727013 0.343312
vn 0.612372 -0.707107 0.353553
vn 0.319819 -0.947479 0.000000
vn 0.319819 -0.947479 0.000000
vn 0.663227 0.727013 -0.177711
vn 0.683013 -0.707107 -0.183013
vn 0.663227 0.727013 0.177711
vn 0.683013 -0.707107 0.183013
vn 0.686624 0.727013 0.000000
vn 0.686624 0.727013 0.000000
vn 0.707107 -0.707107 0.000000
vn 0.707107 -0.707107 0.000000
usemtl Glow
s 1
f 530/530/530 871/871/871 869/869/869
f 529/529/529 869/869/869 823/823/823
f 527/527/527 823/823/823 731/731/731
f 525/525/525 731/731/731 721/721/721
f 523/523/523 721/721/721 705/705/705
f 521/521/521 705/705/705 533/533/533
f 519/519/519 533/533/533 460/460/460
f 517/517/517 460/460/460 444/444/444
f 515/515/515 444/444/444 434/434/434
f 513/513/513 434/434/434 338/338/338
f 511/511/511 338/338/338 296/296/296
f 509/509/509 296/296/296 292/292/292
f 507/507/507 292/292/292 294/294/294
f 508/508/508 294/294/294 336/336/336
f 510/510/510 336/336/336 432/432/432
f 512/512/512 432/432/432 442/442/442
f 514/514/514 442/442/442 458/458/458
f 516/516/516 458/458/458 531/531/531
f 518/518/518 531/531/531 703/703/703
f 520/520/520 703/703/703 719/719/719
f 522/522/522 719/719/719 729/729/729
f 524/524/524 729/729/729 821/821/821
f 526/526/526 821/821/821 867/867/867
f 528/528/528 867/867/867 872/872/872
f 873/873/873 892/892/892 870/870/870
f 873/873/873 893/893/893 892/892/892
f 870/870/870 878/878/878 824/824/824
f 870/870/870 892/892/892 878/878/878
f 824/824/824 788/788/788 732/732/732
f 824/824/824 878/878/878 788/788/788
f 732/732/732 724/724/724 722/722/722
f 732/732/732 788/788/788 724/724/724
f 722/722/722 708/708/708 706/706/706
f 722/722/722 724/724/724 708/708/708
f 706/706/706 552/552/552 534/534/534
f 706/706/706 708/708/708 552/552/552
f 534/534/534 456/456/456 459/459/459
f 534/534/534 552/552/552 456/456/456
f 459/459/459 440/440/440 443/443/443
f 459/459/459 456/456/456 440/440/440
f 443/443/443 372/372/372 433/433/433
f 443/443/443 440/440/440 372/372/372
f 433/433/433 288/288/288 337/337/337
f 433/433/433 372/372/372 288/288/288
f 337/337/337 276/276/276 295/295/295
f 337/337/337 288/288/288 276/276/276
f 295/295/295 274/274/274 291/291/291
f 295/295/295 276/276/276 274/274/274
f 291/291/291 275/275/275 293/293/293
f 291/291/291 274/274/274 275/275/275
f 293/293/293 287/287/287 335/335/335
f 293/293/293 275/275/275 287/287/287
f 335/335/335 371/371/371 431/431/431
f 335/335/335 287/287/287 371/371/371
f 431/431/431 439/439/439 441/441/441
f 431/431/431 371/371/371 439/439/439
f 441/441/441 455/455/455 457/457/457
f 441/441/441 439/439/439 455/455/455
f 457/457/457 551/551/551 532/532/532
f 457/457/457 455/455/455 551/551/551
f 532/532/532 707/707/707 704/704/704
f 532/532/532 551/551/551 707/707/707
f 704/704/704 723/723/723 720/720/720
f 704/704/704 707/707/707 723/723/723
f 720/720/720 787/787/787 730/730/730
f 720/720/720 723/723/723 787/787/787
f 730/730/730 877/877/877 822/822/822
f 730/730/730 787/787/787 877/877/877
f 822/822/822 891/891/891 868/868/868
f 822/822/822 877/877/877 891/891/891
f 868/868/868 894/894/894 874/874/874
f 868/868/868 891/891/891 894/894/894
f 893/893/893 834/834/834 892/892/892
f 893/893/893 857/857/857 834/834/834
f 892/892/892 780/780/780 878/878/878
f 892/892/892 834/834/834 780/780/780
f 878/878/878 726/726/726 788/788/788
f 878/878/878 780/780/780 726/726/726
f 788/788/788 716/716/716 724/724/724
f 788/788/788 726/726/726 716/716/716
f 724/724/724 700/700/700 708/708/708
f 724/724/724 716/716/716 700/700/700
f 708/708/708 563/563/563 552/552/552
f 708/708/708 700/700/700 563/563/563
f 552/552/552 464/464/464 456/456/456
f 552/552/552 563/563/563 464/464/464
f 456/456/456 448/448/448 440/440/440
f 456/456/456 464/464/464 448/448/448
f 440/440/440 438/438/438 372/372/372
f 440/440/440 448/448/448 438/438/438
f 372/372/372 381/381/381 288/288/288
f 372/372/372 438/438/438 381/381/381
f 288/288/288 328/328/328 276/276/276
f 288/288/288 381/381/381 328/328/328
f 276/276/276 304/304/304 274/274/274
f 276/276/276 328/328/328 304/304/304
f 274/274/274 327/327/327 275/275/275
f 274/274/274 304/304/304 327/327/327
f 275/275/275 379/379/379 287/287/287
f 275/275/275 327/327/327 379/379/379
f 287/287/287 437/437/437 371/371/371
f 287/287/287 379/379/379 437/437/437
f 371/371/371 447/447/447 439/439/439
f 371/371/371 437/437/437 447/447/447
f 439/439/439 463/463/463 455/455/455
f 439/439/439 447/447/447 463/463/463
f 455/455/455 561/561/561 551/551/551
f 455/455/455 463/463/463 561/561/561
f 551/551/551 699/699/699 707/707/707
f 551/551/551 561/561/561 699/699/699
f 707/707/707 715/715/715 723/723/723
f 707/707/707 699/699/699 715/715/715
f 723/723/723 725/725/725 787/787/787
f 723/723/723 715/715/715 725/725/725
f 787/787/787 778/778/778 877/877/877
f 787/787/787 725/725/725 778/778/778
f 877/877/877 833/833/833 891/891/891
f 877/877/877 778/778/778 833/833/833
f 891/891/891 858/858/858 894/894/894
f 891/891/891 833/833/833 858/858/858
f 857/857/857 621/621/621 834/834/834
f 834/834/834 619/619/619 780/780/780
f 780/780/780 617/617/617 726/726/726
f 726/726/726 615/615/615 716/716/716
f 716/716/716 606/606/606 700/700/700
f 700/700/700 600/600/600 563/563/563
f 563/563/563 592/592/592 464/464/464
f 464/464/464 583/583/583 448/448/448
f 448/448/448 581/581/581 438/438/438
f 438/438/438 579/579/579 381/381/381
f 381/381/381 577/577/577 328/328/328
f 328/328/328 575/575/575 304/304/304
f 304/304/304 576/576/576 327/327/327
f 327/327/327 578/578/578 379/379/379
f 379/379/379 580/580/580 437/437/437
f 437/437/437 582/582/582 447/447/447
f 447/447/447 591/591/591 463/463/463
f 463/463/463 599/599/599 561/561/561
f 561/561/561 605/605/605 699/699/699
f 699/699/699 614/614/614 715/715/715
f 715/715/715 616/616/616 725/725/725
f 725/725/725 618/618/618 778/778/778
f 778/778/778 620/620/620 833/833/833
f 833/833/833 622/622/622 858/858/858
usemtl Roof
s 1
f 584/584/584 907/907/907 902/902/902
f 585/585/585 902/902/902 900/900/900
f 587/587/587 900/900/900 882/882/882
f 589/589/589 882/882/882 752/752/752
f 593/593/593 752/752/752 710/710/710
f 595/595/595 710/710/710 572/572/572
f 597/597/597 572/572/572 454/454/454
f 601/601/601 454/454/454 410/410/410
f 603/603/603 410/410/410 284/284/284
f 607/607/607 284/284/284 269/269/269
f 609/609/609 269/269/269 267/267/267
f 611/611/611 267/267/267 261/261/261
f 613/613/613 261/261/261 266/266/266
f 612/612/612 266/266/266 268/268/268
f 610/610/610 268/268/268 283/283/283
f 608/608/608 283/283/283 409/409/409
f 604/604/604 409/409/409 453/453/453
f 602/602/602 453/453/453 571/571/571
f 598/598/598 571/571/571 709/709/709
f 596/596/596 709/709/709 751/751/751
f 594/594/594 751/751/751 881/881/881
f 590/590/590 881/881/881 899/899/899
f 588/588/588 899/899/899 901/901/901
f 586/586/586 901/901/901 908/908/908
f 907/907/907 912/912/912 902/902/902
f 907/907/907 915/915/915 912/912/912
f 902/902/902 906/906/906 900/900/900
f 902/902/902 912/912/912 906/906/906
f 900/900/900 898/898/898 882/882/882
f 900/900/900 906/906/906 898/898/898
f 882/882/882 808/808/808 752/752/752
f 882/882/882 898/898/898 808/808/808
f 752/752/752 714/714/714 710/710/710
f 752/752/752 808/808/808 714/714/714
f 710/710/710 623/623/623 572/572/572
f 710/710/710 714/714/714 623/623/623
f 572/572/572 451/451/451 454/454/454
f 572/572/572 623/623/623 451/451/451
f 454/454/454 353/353/353 410/410/410
f 454/454/454 451/451/451 353/353/353
f 410/410/410 272/272/272 284/284/284
f 410/410/410 353/353/353 272/272/272
f 284/284/284 264/264/264 269/269/269
f 284/284/284 272/272/272 264/264/264
f 269/269/269 259/259/259 267/267/267
f 269/269/269 264/264/264 259/259/259
f 267/267/267 255/255/255 261/261/261
f 267/267/267 259/259/259 255/255/255
f 261/261/261 257/257/257 266/266/266
f 261/261/261 255/255/255 257/257/257
f 266/266/266 262/262/262 268/268/268
f 266/266/266 257/257/257 262/262/262
f 268/268/268 270/270/270 283/283/283
f 268/268/268 262/262/262 270/270/270
f 283/283/283 351/351/351 409/409/409
f 283/283/283 270/270/270 351/351/351
f 409/409/409 449/449/449 453/453/453
f 409/409/409 351/351/351 449/449/449
f 453/453/453 573/573/573 571/571/571
f 453/453/453 449/449/449 573/573/573
f 571/571/571 712/712/712 709/709/709
f 571/571/571 573/573/573 712/712/712
f 709/709/709 806/806/806 751/751/751
f 709/709/709 712/712/712 806/806/806
f 751/751/751 896/896/896 881/881/881
f 751/751/751 806/806/806 896/896/896
f 881/881/881 904/904/904 899/899/899
f 881/881/881 896/896/896 904/904/904
f 899/899/899 910/910/910 901/901/901
f 899/899/899 904/904/904 910/910/910
f 901/901/901 916/916/916 908/908/908
f 901/901/901 910/910/910 916/916/916
f 913/913/913 860/860/860 911/911/911
f 913/913/913 865/865/865 860/860/860
f 911/911/911 798/798/798 905/905/905
f 911/911/911 860/860/860 798/798/798
f 905/905/905 728/728/728 897/897/897
f 905/905/905 798/798/798 728/728/728
f 897/897/897 718/718/718 807/807/807
f 897/897/897 728/728/728 718/718/718
f 807/807/807 702/702/702 713/713/713
f 807/807/807 718/718/718 702/702/702
f 713/713/713 626/626/626 624/624/624
f 713/713/713 702/702/702 626/626/626
f 624/624/624 462/462/462 452/452/452
f 624/624/624 626/626/626 462/462/462
f 452/452/452 446/446/446 354/354/354
f 452/452/452 462/462/462 446/446/446
f 354/354/354 436/436/436 273/273/273
f 354/354/354 446/446/446 436/436/436
f 273/273/273 364/364/364 265/265/265
f 273/273/273 436/436/436 364/364/364
f 265/265/265 303/303/303 260/260/260
f 265/265/265 364/364/364 303/303/303
f 260/260/260 297/297/297 256/256/256
f 260/260/260 303/303/303 297/297/297
f 256/256/256 302/302/302 258/258/258
f 256/256/256 297/297/297 302/302/302
f 258/258/258 363/363/363 263/263/263
f 258/258/258 302/302/302 363/363/363
f 263/263/263 435/435/435 271/271/271
f 263/263/263 363/363/363 435/435/435
f 271/271/271 445/445/445 352/352/352
f 271/271/271 435/435/435 445/445/445
f 352/352/352 461/461/461 450/450/450
f 352/352/352 445/445/445 461/461/461
f 450/450/450 625/625/625 574/574/574
f 450/450/450 461/461/461 625/625/625
f 574/574/574 701/701/701 711/711/711
f 574/574/574 625/625/625 701/701/701
f 711/711/711 717/717/717 805/805/805
f 711/711/711 701/701/701 717/717/717
f 805/805/805 727/727/727 895/895/895
f 805/805/805 717/717/717 727/727/727
f 895/895/895 797/797/797 903/903/903
f 895/895/895 727/727/727 797/797/797
f 903/903/903 859/859/859 909/909/909
f 903/903/903 797/797/797 859/859/859
f 909/909/909 866/866/866 914/914/914
f 909/909/909 859/859/859 866/866/866
f 865/865/865 649/649/649 860/860/860
f 860/860/860 647/647/647 798/798/798
f 798/798/798 645/645/645 728/728/728
f 728/728/728 643/643/643 718/718/718
f 718/718/718 641/641/641 702/702/702
f 702/702/702 639/639/639 626/626/626
f 626/626/626 637/637/637 462/462/462
f 462/462/462 635/635/635 446/446/446
f 446/446/446 633/633/633 436/436/436
f 436/436/436 631/631/631 364/364/364
f 364/364/364 629/629/629 303/303/303
f 303/303/303 627/627/627 297/297/297
f 297/297/297 628/628/628 302/302/302
f 302/302/302 630/630/630 363/363/363
f 363/363/363 632/632/632 435/435/435
f 435/435/435 634/634/634 445/445/445
f 445/445/445 636/636/636 461/461/461
f 461/461/461 638/638/638 625/625/625
f 625/625/625 640/640/640 701/701/701
f 701/701/701 642/642/642 717/717/717
f 717/717/717 644/644/644 727/727/727
f 727/727/727 646/646/646 797/797/797
f 797/797/797 648/648/648 859/859/859
f 859/859/859 650/650/650 866/866/866
usemtl Trim
s 1
f 685/685/685 662/662/662 664/664/664
f 685/685/685 664/664/664 689/689/689
f 662/662/662 548/548/548 550/550/550
f 662/662/662 550/550/550 664/664/664
f 548/548/548 488/488/488 492/492/492
f 548/548/548 492/492/492 550/550/550
f 488/488/488 468/468/468 472/472/472
f 488/488/488 472/472/472 492/492/492
f 468/468/468 482/482/482 494/494/494
f 468/468/468 494/494/494 472/472/472
f 482/482/482 540/540/540 554/554/554
f 482/482/482 554/554/554 494/494/494
f 540/540/540 656/656/656 666/666/666
f 540/540/540 666/666/666 554/554/554
f 656/656/656 686/686/686 690/690/690
f 656/656/656 690/690/690 666/666/666
f 689/689/689 664/664/664 672/672/672
f 689/689/689 672/672/672 697/697/697
f 664/664/664 550/550/550 558/558/558
f 664/664/664 558/558/558 672/672/672
f 550/550/550 492/492/492 498/498/498
f 550/550/550 498/498/498 558/558/558
f 492/492/492 472/472/472 476/476/476
f 492/492/492 476/476/476 498/498/498
f 472/472/472 494/494/494 504/504/504
f 472/472/472 504/504/504 476/476/476
f 494/494/494 554/554/554 568/568/568
f 494/494/494 568/568/568 504/504/504
f 554/554/554 666/666/666 678/678/678
f 554/554/554 678/678/678 568/568/568
f 666/666/666 690/690/690 698/698/698
f 666/666/666 698/698/698 678/678/678
f 542/542/542 661/661/661 683/683/683
f 542/542/542 547/547/547 660/660/660
f 542/542/542 490/490/490 546/546/546
f 542/542/542 470/470/470 489/489/489
f 542/542/542 484/484/484 469/469/469
f 542/542/542 539/539/539 483/483/483
f 542/542/542 655/655/655 538/538/538
f 542/542/542 684/684/684 654/654/654
f 564/564/564 695/695/695 671/671/671
f 564/564/564 670/670/670 560/560/560
f 564/564/564 559/559/559 500/500/500
f 564/564/564 499/499/499 478/478/478
f 564/564/564 477/477/477 506/506/506
f 564/564/564 505/505/505 570/570/570
f 564/564/564 569/569/569 677/677/677
f 564/564/564 676/676/676 696/696/696
f 855/855/855 846/846/846 886/886/886
f 855/855/855 886/886/886 889/889/889
f 846/846/846 804/804/804 880/880/880
f 846/846/846 880/880/880 886/886/886
f 804/804/804 768/768/768 864/864/864
f 804/804/804 864/864/864 880/880/880
f 768/768/768 756/756/756 848/848/848
f 768/768/768 848/848/848 864/864/864
f 756/756/756 762/762/762 862/862/862
f 756/756/756 862/862/862 848/848/848
f 762/762/762 794/794/794 876/876/876
f 762/762/762 876/876/876 862/862/862
f 794/794/794 840/840/840 884/884/884
f 794/794/794 884/884/884 876/876/876
f 840/840/840 856/856/856 890/890/890
f 840/840/840 890/890/890 884/884/884
f 889/889/889 886/886/886 820/820/820
f 889/889/889 820/820/820 831/831/831
f 886/886/886 880/880/880 786/786/786
f 886/886/886 786/786/786 820/820/820
f 880/880/880 864/864/864 748/748/748
f 880/880/880 748/748/748 786/786/786
f 864/864/864 848/848/848 736/736/736
f 864/864/864 736/736/736 748/748/748
f 848/848/848 862/862/862 742/742/742
f 848/848/848 742/742/742 736/736/736
f 862/862/862 876/876/876 776/776/776
f 862/862/862 776/776/776 742/742/742
f 876/876/876 884/884/884 814/814/814
f 876/876/876 814/814/814 776/776/776
f 884/884/884 890/890/890 832/832/832
f 884/884/884 832/832/832 814/814/814
f 796/796/796 845/845/845 853/853/853
f 796/796/796 803/803/803 844/844/844
f 796/796/796 770/770/770 802/802/802
f 796/796/796 758/758/758 769/769/769
f 796/796/796 764/764/764 757/757/757
f 796/796/796 793/793/793 763/763/763
f 796/796/796 839/839/839 792/792/792
f 796/796/796 854/854/854 838/838/838
f 779/779/779 829/829/829 819/819/819
f 779/779/779 818/818/818 785/785/785
f 779/779/779 784/784/784 750/750/750
f 779/779/779 749/749/749 738/738/738
f 779/779/779 737/737/737 744/744/744
f 779/779/779 743/743/743 775/775/775
f 779/779/779 774/774/774 813/813/813
f 779/779/779 812/812/812 830/830/830
f 851/851/851 837/837/837 883/883/883
f 851/851/851 883/883/883 887/887/887
f 837/837/837 791/791/791 875/875/875
f 837/837/837 875/875/875 883/883/883
f 791/791/791 759/759/759 861/861/861
f 791/791/791 861/861/861 875/875/875
f 759/759/759 753/753/753 847/847/847
f 759/759/759 847/847/847 861/861/861
f 753/753/753 765/765/765 863/863/863
f 753/753/753 863/863/863 847/847/847
f 765/765/765 801/801/801 879/879/879
f 765/765/765 879/879/879 863/863/863
f 801/801/801 843/843/843 885/885/885
f 801/801/801 885/885/885 879/879/879
f 843/843/843 852/852/852 888/888/888
f 843/843/843 888/888/888 885/885/885
f 887/887/887 883/883/883 811/811/811
f 887/887/887 811/811/811 827/827/827
f 883/883/883 875/875/875 773/773/773
f 883/883/883 773/773/773 811/811/811
f 875/875/875 861/861/861 739/739/739
f 875/875/875 739/739/739 773/773/773
f 861/861/861 847/847/847 733/733/733
f 861/861/861 733/733/733 739/739/739
f 847/847/847 863/863/863 745/745/745
f 847/847/847 745/745/745 733/733/733
f 863/863/863 879/879/879 783/783/783
f 863/863/863 783/783/783 745/745/745
f 879/879/879 885/885/885 817/817/817
f 879/879/879 817/817/817 783/783/783
f 885/885/885 888/888/888 828/828/828
f 885/885/885 828/828/828 817/817/817
f 795/795/795 836/836/836 849/849/849
f 795/795/795 790/790/790 835/835/835
f 795/795/795 761/761/761 789/789/789
f 795/795/795 755/755/755 760/760/760
f 795/795/795 767/767/767 754/754/754
f 795/795/795 800/800/800 766/766/766
f 795/795/795 842/842/842 799/799/799
f 795/795/795 850/850/850 841/841/841
f 777/777/777 825/825/825 810/810/810
f 777/777/777 809/809/809 772/772/772
f 777/777/777 771/771/771 741/741/741
f 777/777/777 740/740/740 735/735/735
f 777/777/777 734/734/734 747/747/747
f 777/777/777 746/746/746 782/782/782
f 777/777/777 781/781/781 816/816/816
f 777/777/777 815/815/815 826/826/826
f 681/681/681 653/653/653 665/665/665
f 681/681/681 665/665/665 687/687/687
f 653/653/653 537/537/537 553/553/553
f 653/653/653 553/553/553 665/665/665
f 537/537/537 479/479/479 493/493/493
f 537/537/537 493/493/493 553/553/553
f 479/479/479 465/465/465 471/471/471
f 479/479/479 471/471/471 493/493/493
f 465/465/465 485/485/485 491/491/491
f 465/465/465 491/491/491 471/471/471
f 485/485/485 545/545/545 549/549/549
f 485/485/485 549/549/549 491/491/491
f 545/545/545 659/659/659 663/663/663
f 545/545/545 663/663/663 549/549/549
f 659/659/659 682/682/682 688/688/688
f 659/659/659 688/688/688 663/663/663
f 687/687/687 665/665/665 675/675/675
f 687/687/687 675/675/675 693/693/693
f 665/665/665 553/553/553 565/565/565
f 665/665/665 565/565/565 675/675/675
f 553/553/553 493/493/493 501/501/501
f 553/553/553 501/501/501 565/565/565
f 493/493/493 471/471/471 473/473/473
f 493/493/493 473/473/473 501/501/501
f 471/471/471 491/491/491 495/495/495
f 471/471/471 495/495/495 473/473/473
f 491/491/491 549/549/549 555/555/555
f 491/491/491 555/555/555 495/495/495
f 549/549/549 663/663/663 669/669/669
f 549/549/549 669/669/669 555/555/555
f 663/663/663 688/688/688 694/694/694
f 663/663/663 694/694/694 669/669/669
f 541/541/541 652/652/652 679/679/679
f 541/541/541 536/536/536 651/651/651
f 541/541/541 481/481/481 535/535/535
f 541/541/541 467/467/467 480/480/480
f 541/541/541 487/487/487 466/466/466
f 541/541/541 544/544/544 486/486/486
f 541/541/541 658/658/658 543/543/543
f 541/541/541 680/680/680 657/657/657
f 562/562/562 691/691/691 674/674/674
f 562/562/562 673/673/673 567/567/567
f 562/562/562 566/566/566 503/503/503
f 562/562/562 502/502/502 475/475/475
f 562/562/562 474/474/474 497/497/497
f 562/562/562 496/496/496 557/557/557
f 562/562/562 556/556/556 668/668/668
f 562/562/562 667/667/667 692/692/692
f 403/403/403 397/397/397 300/300/300
f 403/403/403 300/300/300 311/311/311
f 397/397/397 365/365/365 289/289/289
f 397/397/397 289/289/289 300/300/300
f 365/365/365 321/321/321 281/281/281
f 365/365/365 281/281/281 289/289/289
f 321/321/321 305/305/305 277/277/277
f 321/321/321 277/277/277 281/281/281
f 305/305/305 315/315/315 279/279/279
f 305/305/305 279/279/279 277/277/277
f 315/315/315 355/355/355 285/285/285
f 315/315/315 285/285/285 279/279/279
f 355/355/355 391/391/391 298/298/298
f 355/355/355 298/298/298 285/285/285
f 391/391/391 404/404/404 312/312/312
f 391/391/391 312/312/312 298/298/298
f 311/311/311 300/300/300 419/419/419
f 311/311/311 419/419/419 425/425/425
f 300/300/300 289/289/289 383/383/383
f 300/300/300 383/383/383 419/419/419
f 289/289/289 281/281/281 345/345/345
f 289/289/289 345/345/345 383/383/383
f 281/281/281 277/277/277 329/329/329
f 281/281/281 329/329/329 345/345/345
f 277/277/277 279/279/279 339/339/339
f 277/277/277 339/339/339 329/329/329
f 279/279/279 285/285/285 373/373/373
f 279/279/279 373/373/373 339/339/339
f 285/285/285 298/298/298 413/413/413
f 285/285/285 413/413/413 373/373/373
f 298/298/298 312/312/312 426/426/426
f 298/298/298 426/426/426 413/413/413
f 361/361/361 396/396/396 401/401/401
f 361/361/361 367/367/367 395/395/395
f 361/361/361 323/323/323 366/366/366
f 361/361/361 307/307/307 322/322/322
f 361/361/361 317/317/317 306/306/306
f 361/361/361 357/357/357 316/316/316
f 361/361/361 390/390/390 356/356/356
f 361/361/361 402/402/402 389/389/389
f 380/380/380 423/423/423 418/418/418
f 380/380/380 417/417/417 385/385/385
f 380/380/380 384/384/384 347/347/347
f 380/380/380 346/346/346 331/331/331
f 380/380/380 330/330/330 341/341/341
f 380/380/380 340/340/340 375/375/375
f 380/380/380 374/374/374 412/412/412
f 380/380/380 411/411/411 424/424/424
f 407/407/407 394/394/394 299/299/299
f 407/407/407 299/299/299 313/313/313
f 394/394/394 358/358/358 286/286/286
f 394/394/394 286/286/286 299/299/299
f 358/358/358 318/318/318 280/280/280
f 358/358/358 280/280/280 286/286/286
f 318/318/318 308/308/308 278/278/278
f 318/318/318 278/278/278 280/280/280
f 308/308/308 324/324/324 282/282/282
f 308/308/308 282/282/282 278/278/278
f 324/324/324 368/368/368 290/290/290
f 324/324/324 290/290/290 282/282/282
f 368/368/368 400/400/400 301/301/301
f 368/368/368 301/301/301 290/290/290
f 400/400/400 408/408/408 314/314/314
f 400/400/400 314/314/314 301/301/301
f 313/313/313 299/299/299 416/416/416
f 313/313/313 416/416/416 429/429/429
f 299/299/299 286/286/286 376/376/376
f 299/299/299 376/376/376 416/416/416
f 286/286/286 280/280/280 342/342/342
f 286/286/286 342/342/342 376/376/376
f 280/280/280 278/278/278 332/332/332
f 280/280/280 332/332/332 342/342/342
f 278/278/278 282/282/282 348/348/348
f 278/278/278 348/348/348 332/332/332
f 282/282/282 290/290/290 386/386/386
f 282/282/282 386/386/386 348/348/348
f 290/290/290 301/301/301 422/422/422
f 290/290/290 422/422/422 386/386/386
f 301/301/301 314/314/314 430/430/430
f 301/301/301 430/430/430 422/422/422
f 362/362/362 393/393/393 405/405/405
f 362/362/362 360/360/360 392/392/392
f 362/362/362 320/320/320 359/359/359
f 362/362/362 310/310/310 319/319/319
f 362/362/362 326/326/326 309/309/309
f 362/362/362 370/370/370 325/325/325
f 362/362/362 399/399/399 369/369/369
f 362/362/362 406/406/406 398/398/398
f 382/382/382 427/427/427 415/415/415
f 382/382/382 414/414/414 378/378/378
f 382/382/382 377/377/377 344/344/344
f 382/382/382 343/343/343 334/334/334
f 382/382/382 333/333/333 350/350/350
f 382/382/382 349/349/349 388/388/388
f 382/382/382 387/387/387 421/421/421
f 382/382/382 420/420/420 428/428/428
o Insignia
v -0.460000 2.852000 0.000000
v -0.460000 2.852000 0.000000
v -0.460000 2.852000 0.000000
v -0.460000 2.860201 -0.019799
v -0.460000 2.860201 -0.019799
v -0.460000 2.860201 -0.019799
v -0.460000 2.860201 0.019799
v -0.460000 2.860201 0.019799
v -0.460000 2.860201 0.019799
v -0.460000 2.880000 -0.028000
v -0.460000 2.880000 -0.028000
v -0.460000 2.880000 -0.028000
v -0.460000 2.880000 -0.028000
v -0.460000 2.880000 0.000000
v -0.460000 2.880000 0.028000
v -0.460000 2.880000 0.028000
v -0.460000 2.880000 0.028000
v -0.460000 2.899799 -0.019799
v -0.460000 2.899799 -0.019799
v -0.460000 2.899799 -0.019799
v -0.460000 2.899799 0.019799
v -0.460000 2.899799 0.019799
v -0.460000 2.899799 0.019799
v -0.460000 2.908000 0.000000
v -0.460000 2.908000 0.000000
v -0.460000 2.908000 0.000000
v -0.388606 2.632271 0.000000
v -0.388606 2.632271 0.000000
v -0.388606 2.632271 0.000000
v -0.388606 3.127729 0.000000
v -0.388606 3.127729 0.000000
v -0.388606 3.127729 0.000000
v -0.383785 2.625637 -0.019799
v -0.383785 2.625637 -0.019799
v -0.383785 2.625637 -0.019799
v -0.383785 2.625637 0.019799
v -0.383785 2.625637 0.019799
v -0.383785 2.625637 0.019799
v -0.383785 3.134363 -0.019799
v -0.383785 3.134363 -0.019799
v -0.383785 3.134363 -0.019799
v -0.383785 3.134363 0.019799
v -0.383785 3.134363 0.019799
v -0.383785 3.134363 0.019799
v -0.372148 2.609619 -0.028000
v -0.372148 2.609619 -0.028000
v -0.372148 2.609619 -0.028000
v -0.372148 2.609619 -0.028000
v -0.372148 2.609619 0.000000
v -0.372148 2.609619 0.028000
v -0.372148 2.609619 0.028000
v -0.372148 2.609619 0.028000
v -0.372148 3.150381 -0.028000
v -0.372148 3.150381 -0.028000
v -0.372148 3.150381 -0.028000
v -0.372148 3.150381 -0.028000
v -0.372148 3.150381 0.000000
v -0.372148 3.150381 0.028000
v -0.372148 3.150381 0.028000
v -0.372148 3.150381 0.028000
v -0.360510 2.593601 -0.019799
v -0.360510 2.593601 -0.019799
v -0.360510 2.593601 -0.019799
v -0.360510 2.593601 0.019799
v -0.360510 2.593601 0.019799
v -0.360510 2.593601 0.019799
v -0.360510 3.166399 -0.019799
v -0.360510 3.166399 -0.019799
v -0.360510 3.166399 -0.019799
v -0.360510 3.166399 0.019799
v -0.360510 3.166399 0.019799
v -0.360510 3.166399 0.019799
v -0.355690 2.586966 0.000000
v -0.355690 2.586966 0.000000
v -0.355690 2.586966 0.000000
v -0.355690 3.173034 0.000000
v -0.355690 3.173034 0.000000
v -0.355690 3.173034 0.000000
v -0.340000 2.852000 0.000000
v -0.340000 2.852000 0.000000
v -0.340000 2.852000 0.000000
v -0.340000 2.860201 -0.019799
v -0.340000 2.860201 -0.019799
v -0.340000 2.860201 -0.019799
v -0.340000 2.860201 0.019799
v -0.340000 2.860201 0.019799
v -0.340000 2.860201 0.019799
v -0.340000 2.880000 -0.028000
v -0.340000 2.880000 -0.028000
v -0.340000 2.880000 -0.028000
v -0.340000 2.880000 -0.028000
v -0.340000 2.880000 0.000000
v -0.340000 2.880000 0.028000
v -0.340000 2.880000 0.028000
v -0.340000 2.880000 0.028000
v -0.340000 2.899799 -0.019799
v -0.340000 2.899799 -0.019799
v -0.340000 2.899799 -0.019799
v -0.340000 2.899799 0.019799
v -0.340000 2.899799 0.019799
v -0.340000 2.899799 0.019799
v -0.340000 2.908000 0.000000
v -0.340000 2.908000 0.000000
v -0.340000 2.908000 0.000000
v -0.291524 2.702805 0.000000
v -0.291524 2.702805 0.000000
v -0.291524 2.702805 0.000000
v -0.291524 3.057195 0.000000
v -0.291524 3.057195 0.000000
v -0.291524 3.057195 0.000000
v -0.286703 2.696171 -0.019799
v -0.286703 2.696171 -0.019799
v -0.286703 2.696171 -0.019799
v -0.286703 2.696171 0.019799
v -0.286703 2.696171 0.019799
v -0.286703 2.696171 0.019799
v -0.286703 3.063829 -0.019799
v -0.286703 3.063829 -0.019799
v -0.286703 3.063829 -0.019799
v -0.286703 3.063829 0.019799
v -0.286703 3.063829 0.019799
v -0.286703 3.063829 0.019799
v -0.280000 2.880000 -0.040000
v -0.280000 2.880000 -0.040000
v -0.280000 2.880000 0.040000
v -0.280000 2.880000 0.040000
v -0.275066 2.680153 -0.028000
v -0.275066 2.680153 -0.028000
v -0.275066 2.680153 -0.028000
v -0.275066 2.680153 -0.028000
v -0.275066 2.680153 0.000000
v -0.275066 2.680153 0.028000
v -0.275066 2.680153 0.028000
v -0.275066 2.680153 0.028000
v -0.275066 3.079847 -0.028000
v -0.275066 3.079847 -0.028000
v -0.275066 3.079847 -0.028000
v -0.275066 3.079847 -0.028000
v -0.275066 3.079847 0.000000
v -0.275066 3.079847 0.028000
v -0.275066 3.079847 0.028000
v -0.275066 3.079847 0.028000
v -0.274620 2.825375 -0.040000
v -0.274620 2.825375 -0.040000
v -0.274620 2.825375 0.040000
v -0.274620 2.825375 0.040000
v -0.274620 2.934625 -0.040000
v -0.274620 2.934625 -0.040000
v -0.274620 2.934625 0.040000
v -0.274620 2.934625 0.040000
v -0.263428 2.664135 -0.019799
v -0.263428 2.664135 -0.019799
v -0.263428 2.664135 -0.019799
v -0.263428 2.664135 0.019799
v -0.263428 2.664135 0.019799
v -0.263428 2.664135 0.019799
v -0.263428 3.095865 -0.019799
v -0.263428 3.095865 -0.019799
v -0.263428 3.095865 -0.019799
v -0.263428 3.095865 0.019799
v -0.263428 3.095865 0.019799
v -0.263428 3.095865 0.019799
v -0.258686 2.772849 -0.040000
v -0.258686 2.772849 -0.040000
v -0.258686 2.772849 0.040000
v -0.258686 2.772849 0.040000
v -0.258686 2.987151 -0.040000
v -0.258686 2.987151 -0.040000
v -0.258686 2.987151 0.040000
v -0.258686 2.987151 0.040000
v -0.258608 2.657501 0.000000
v -0.258608 2.657501 0.000000
v -0.258608 2.657501 0.000000
v -0.258608 3.102499 0.000000
v -0.258608 3.102499 0.000000
v -0.258608 3.102499 0.000000
v -0.232811 2.724440 -0.040000
v -0.232811 2.724440 -0.040000
v -0.232811 2.724440 0.040000
v -0.232811 2.724440 0.040000
v -0.232811 3.035560 -0.040000
v -0.232811 3.035560 -0.040000
v -0.232811 3.035560 0.040000
v -0.232811 3.035560 0.040000
v -0.230000 2.880000 -0.040000
v -0.230000 2.880000 -0.040000
v -0.230000 2.880000 0.040000
v -0.230000 2.880000 0.040000
v -0.225581 2.835129 -0.040000
v -0.225581 2.835129 -0.040000
v -0.225581 2.835129 0.040000
v -0.225581 2.835129 0.040000
v -0.225581 2.924871 -0.040000
v -0.225581 2.924871 -0.040000
v -0.225581 2.924871 0.040000
v -0.225581 2.924871 0.040000
v -0.212492 2.791983 -0.040000
v -0.212492 2.791983 -0.040000
v -0.212492 2.791983 0.040000
v -0.212492 2.791983 0.040000
v -0.212492 2.968017 -0.040000
v -0.212492 2.968017 -0.040000
v -0.212492 2.968017 0.040000
v -0.212492 2.968017 0.040000
v -0.197990 2.682010 -0.040000
v -0.197990 2.682010 -0.040000
v -0.197990 2.682010 0.040000
v -0.197990 2.682010 0.040000
v -0.197990 3.077990 -0.040000
v -0.197990 3.077990 -0.040000
v -0.197990 3.077990 0.040000
v -0.197990 3.077990 0.040000
v -0.191238 2.752219 -0.040000
v -0.191238 2.752219 -0.040000
v -0.191238 2.752219 0.040000
v -0.191238 2.752219 0.040000
v -0.191238 3.007781 -0.040000
v -0.191238 3.007781 -0.040000
v -0.191238 3.007781 0.040000
v -0.191238 3.007781 0.040000
v -0.168777 2.451166 0.000000
v -0.168777 2.451166 0.000000
v -0.168777 2.451166 0.000000
v -0.168777 2.451166 0.000000
v -0.168777 3.308834 0.000000
v -0.168777 3.308834 0.000000
v -0.168777 3.308834 0.000000
v -0.162635 2.717365 -0.040000
v -0.162635 2.717365 -0.040000
v -0.162635 2.717365 0.040000
v -0.162635 2.717365 0.040000
v -0.162635 3.042635 -0.040000
v -0.162635 3.042635 -0.040000
v -0.162635 3.042635 0.040000
v -0.162635 3.042635 0.040000
v -0.160978 2.448632 -0.019799
v -0.160978 2.448632 -0.019799
v -0.160978 2.448632 -0.019799
v -0.160978 2.448632 0.019799
v -0.160978 2.448632 0.019799
v -0.160978 2.448632 0.019799
v -0.160978 3.311368 -0.019799
v -0.160978 3.311368 -0.019799
v -0.160978 3.311368 -0.019799
v -0.160978 3.311368 0.019799
v -0.160978 3.311368 0.019799
v -0.160978 3.311368 0.019799
v -0.155560 2.647189 -0.040000
v -0.155560 2.647189 -0.040000
v -0.155560 2.647189 0.040000
v -0.155560 2.647189 0.040000
v -0.155560 3.112811 -0.040000
v -0.155560 3.112811 -0.040000
v -0.155560 3.112811 0.040000
v -0.155560 3.112811 0.040000
v -0.142148 2.442514 -0.028000
v -0.142148 2.442514 -0.028000
v -0.142148 2.442514 -0.028000
v -0.142148 2.442514 0.000000
v -0.142148 2.442514 0.028000
v -0.142148 2.442514 0.028000
v -0.142148 2.442514 0.028000
v -0.142148 3.317486 -0.028000
v -0.142148 3.317486 -0.028000
v -0.142148 3.317486 -0.028000
v -0.142148 3.317486 0.000000
v -0.142148 3.317486 0.028000
v -0.142148 3.317486 0.028000
v -0.142148 3.317486 0.028000
v -0.131695 2.565293 0.000000
v -0.131695 2.565293 0.000000
v -0.131695 2.565293 0.000000
v -0.131695 2.565293 0.000000
v -0.131695 3.194707 0.000000
v -0.131695 3.194707 0.000000
v -0.131695 3.194707 0.000000
v -0.127781 2.688762 -0.040000
v -0.127781 2.688762 -0.040000
v -0.127781 2.688762 0.040000
v -0.127781 2.688762 0.040000
v -0.127781 3.071238 -0.040000
v -0.127781 3.071238 -0.040000
v -0.127781 3.071238 0.040000
v -0.127781 3.071238 0.040000
v -0.123896 2.562759 -0.019799
v -0.123896 2.562759 -0.019799
v -0.123896 2.562759 -0.019799
v -0.123896 2.562759 0.019799
v -0.123896 2.562759 0.019799
v -0.123896 2.562759 0.019799
v -0.123896 3.197241 -0.019799
v -0.123896 3.197241 -0.019799
v -0.123896 3.197241 -0.019799
v -0.123896 3.197241 0.019799
v -0.123896 3.197241 0.019799
v -0.123896 3.197241 0.019799
v -0.123318 2.436396 -0.019799
v -0.123318 2.436396 -0.019799
v -0.123318 2.436396 -0.019799
v -0.123318 2.436396 0.019799
v -0.123318 2.436396 0.019799
v -0.123318 2.436396 0.019799
v -0.123318 3.323604 -0.019799
v -0.123318 3.323604 -0.019799
v -0.123318 3.323604 -0.019799
v -0.123318 3.323604 0.019799
v -0.123318 3.323604 0.019799
v -0.123318 3.323604 0.019799
v -0.115518 2.433862 0.000000
v -0.115518 2.433862 0.000000
v -0.115518 2.433862 0.000000
v -0.115518 3.326138 0.000000
v -0.115518 3.326138 0.000000
v -0.115518 3.326138 0.000000
v -0.115518 3.326138 0.000000
v -0.107151 2.621314 -0.040000
v -0.107151 2.621314 -0.040000
v -0.107151 2.621314 0.040000
v -0.107151 2.621314 0.040000
v -0.107151 3.138686 -0.040000
v -0.107151 3.138686 -0.040000
v -0.107151 3.138686 0.040000
v -0.107151 3.138686 0.040000
v -0.105066 2.556641 -0.028000
v -0.105066 2.556641 -0.028000
v -0.105066 2.556641 -0.028000
v -0.105066 2.556641 0.000000
v -0.105066 2.556641 0.028000
v -0.105066 2.556641 0.028000
v -0.105066 2.556641 0.028000
v -0.105066 3.203359 -0.028000
v -0.105066 3.203359 -0.028000
v -0.105066 3.203359 -0.028000
v -0.105066 3.203359 0.000000
v -0.105066 3.203359 0.028000
v -0.105066 3.203359 0.028000
v -0.105066 3.203359 0.028000
v -0.088017 2.667508 -0.040000
v -0.088017 2.667508 -0.040000
v -0.088017 2.667508 0.040000
v -0.088017 2.667508 0.040000
v -0.088017 3.092492 -0.040000
v -0.088017 3.092492 -0.040000
v -0.088017 3.092492 0.040000
v -0.088017 3.092492 0.040000
v -0.086236 2.550523 -0.019799
v -0.086236 2.550523 -0.019799
v -0.086236 2.550523 -0.019799
v -0.086236 2.550523 0.019799
v -0.086236 2.550523 0.019799
v -0.086236 2.550523 0.019799
v -0.086236 3.209477 -0.019799
v -0.086236 3.209477 -0.019799
v -0.086236 3.209477 -0.019799
v -0.086236 3.209477 0.019799
v -0.086236 3.209477 0.019799
v -0.086236 3.209477 0.019799
v -0.078436 2.547988 0.000000
v -0.078436 2.547988 0.000000
v -0.078436 2.547988 0.000000
v -0.078436 3.212012 0.000000
v -0.078436 3.212012 0.000000
v -0.078436 3.212012 0.000000
v -0.078436 3.212012 0.000000
v -0.054625 2.605380 -0.040000
v -0.054625 2.605380 -0.040000
v -0.054625 2.605380 0.040000
v -0.054625 2.605380 0.040000
v -0.054625 3.154620 -0.040000
v -0.054625 3.154620 -0.040000
v -0.054625 3.154620 0.040000
v -0.054625 3.154620 0.040000
v -0.044871 2.654419 -0.040000
v -0.044871 2.654419 -0.040000
v -0.044871 2.654419 0.040000
v -0.044871 2.654419 0.040000
v -0.044871 3.105581 -0.040000
v -0.044871 3.105581 -0.040000
v -0.044871 3.105581 0.040000
v -0.044871 3.105581 0.040000
v -0.028000 2.280000 0.000000
v -0.028000 2.280000 0.000000
v -0.028000 2.280000 0.000000
v -0.028000 2.780000 0.000000
v -0.028000 2.780000 0.000000
v -0.028000 2.780000 0.000000
v -0.019799 2.280000 -0.019799
v -0.019799 2.280000 -0.019799
v -0.019799 2.280000 -0.019799
v -0.019799 2.280000 0.019799
v -0.019799 2.280000 0.019799
v -0.019799 2.280000 0.019799
v -0.019799 2.780000 -0.019799
v -0.019799 2.780000 -0.019799
v -0.019799 2.780000 -0.019799
v -0.019799 2.780000 0.019799
v -0.019799 2.780000 0.019799
v -0.019799 2.780000 0.019799
v 0.000000 2.280000 -0.028000
v 0.000000 2.280000 -0.028000
v 0.000000 2.280000 -0.028000
v 0.000000 2.280000 0.000000
v 0.000000 2.280000 0.028000
v 0.000000 2.280000 0.028000
v 0.000000 2.280000 0.028000
v 0.000000 2.600000 -0.040000
v 0.000000 2.600000 -0.040000
v 0.000000 2.600000 0.040000
v 0.000000 2.600000 0.040000
v 0.000000 2.650000 -0.040000
v 0.000000 2.650000 -0.040000
v 0.000000 2.650000 0.040000
v 0.000000 2.650000 0.040000
v 0.000000 2.780000 -0.028000
v 0.000000 2.780000 -0.028000
v 0.000000 2.780000 -0.028000
v 0.000000 2.780000 0.000000
v 0.000000 2.780000 0.028000
v 0.000000 2.780000 0.028000
v 0.000000 2.780000 0.028000
v 0.000000 3.110000 -0.040000
v 0.000000 3.110000 -0.040000
v 0.000000 3.110000 0.040000
v 0.000000 3.110000 0.040000
v 0.000000 3.160000 -0.040000
v 0.000000 3.160000 -0.040000
v 0.000000 3.160000 0.040000
v 0.000000 3.160000 0.040000
v 0.019799 2.280000 -0.019799
v 0.019799 2.280000 -0.019799
v 0.019799 2.280000 -0.019799
v 0.019799 2.280000 0.019799
v 0.019799 2.280000 0.019799
v 0.019799 2.280000 0.019799
v 0.019799 2.780000 -0.019799
v 0.019799 2.780000 -0.019799
v 0.019799 2.780000 -0.019799
v 0.019799 2.780000 0.019799
v 0.019799 2.780000 0.019799
v 0.019799 2.780000 0.019799
v 0.028000 2.280000 0.000000
v 0.028000 2.280000 0.000000
v 0.028000 2.280000 0.000000
v 0.028000 2.280000 0.000000
v 0.028000 2.780000 0.000000
v 0.028000 2.780000 0.000000
v 0.028000 2.780000 0.000000
v 0.028000 2.780000 0.000000
v 0.044871 2.654419 -0.040000
v 0.044871 2.654419 -0.040000
v 0.044871 2.654419 0.040000
v 0.044871 2.654419 0.040000
v 0.044871 3.105581 -0.040000
v 0.044871 3.105581 -0.040000
v 0.044871 3.105581 0.040000
v 0.044871 3.105581 0.040000
v 0.054625 2.605380 -0.040000
v 0.054625 2.605380 -0.040000
v 0.054625 2.605380 0.040000
v 0.054625 2.605380 0.040000
v 0.054625 3.154620 -0.040000
v 0.054625 3.154620 -0.040000
v 0.054625 3.154620 0.040000
v 0.054625 3.154620 0.040000
v 0.078436 2.547988 0.000000
v 0.078436 2.547988 0.000000
v 0.078436 2.547988 0.000000
v 0.078436 2.547988 0.000000
v 0.078436 3.212012 0.000000
v 0.078436 3.212012 0.000000
v 0.078436 3.212012 0.000000
v 0.086236 2.550523 -0.019799
v 0.086236 2.550523 -0.019799
v 0.086236 2.550523 -0.019799
v 0.086236 2.550523 0.019799
v 0.086236 2.550523 0.019799
v 0.086236 2.550523 0.019799
v 0.086236 3.209477 -0.019799
v 0.086236 3.209477 -0.019799
v 0.086236 3.209477 -0.019799
v 0.086236 3.209477 0.019799
v 0.086236 3.209477 0.019799
v 0.086236 3.209477 0.019799
v 0.088017 2.667508 -0.040000
v 0.088017 2.667508 -0.040000
v 0.088017 2.667508 0.040000
v 0.088017 2.667508 0.040000
v 0.088017 3.092492 -0.040000
v 0.088017 3.092492 -0.040000
v 0.088017 3.092492 0.040000
v 0.088017 3.092492 0.040000
v 0.105066 2.556641 -0.028000
v 0.105066 2.556641 -0.028000
v 0.105066 2.556641 -0.028000
v 0.105066 2.556641 0.000000
v 0.105066 2.556641 0.028000
v 0.105066 2.556641 0.028000
v 0.105066 2.556641 0.028000
v 0.105066 3.203359 -0.028000
v 0.105066 3.203359 -0.028000
v 0.105066 3.203359 -0.028000
v 0.105066 3.203359 0.000000
v 0.105066 3.203359 0.028000
v 0.105066 3.203359 0.028000
v 0.105066 3.203359 0.028000
v 0.107151 2.621314 -0.040000
v 0.107151 2.621314 -0.040000
v 0.107151 2.621314 0.040000
v 0.107151 2.621314 0.040000
v 0.107151 3.138686 -0.040000
v 0.107151 3.138686 -0.040000
v 0.107151 3.138686 0.040000
v 0.107151 3.138686 0.040000
v 0.115518 2.433862 0.000000
v 0.115518 2.433862 0.000000
v 0.115518 2.433862 0.000000
v 0.115518 2.433862 0.000000
v 0.115518 3.326138 0.000000
v 0.115518 3.326138 0.000000
v 0.115518 3.326138 0.000000
v 0.123318 2.436396 -0.019799
v 0.123318 2.436396 -0.019799
v 0.123318 2.436396 -0.019799
v 0.123318 2.436396 0.019799
v 0.123318 2.436396 0.019799
v 0.123318 2.436396 0.019799
v 0.123318 3.323604 -0.019799
v 0.123318 3.323604 -0.019799
v 0.123318 3.323604 -0.019799
v 0.123318 3.323604 0.019799
v 0.123318 3.323604 0.019799
v 0.123318 3.323604 0.019799
v 0.123896 2.562759 -0.019799
v 0.123896 2.562759 -0.019799
v 0.123896 2.562759 -0.019799
v 0.123896 2.562759 0.019799
v 0.123896 2.562759 0.019799
v 0.123896 2.562759 0.019799
v 0.123896 3.197241 -0.019799
v 0.123896 3.197241 -0.019799
v 0.123896 3.197241 -0.019799
v 0.123896 3.197241 0.019799
v 0.123896 3.197241 0.019799
v 0.123896 3.197241 0.019799
v 0.127781 2.688762 -0.040000
v 0.127781 2.688762 -0.040000
v 0.127781 2.688762 0.040000
v 0.127781 2.688762 0.040000
v 0.127781 3.071238 -0.040000
v 0.127781 3.071238 -0.040000
v 0.127781 3.071238 0.040000
v 0.127781 3.071238 0.040000
v 0.131695 2.565293 0.000000
v 0.131695 2.565293 0.000000
v 0.131695 2.565293 0.000000
v 0.131695 3.194707 0.000000
v 0.131695 3.194707 0.000000
v 0.131695 3.194707 0.000000
v 0.131695 3.194707 0.000000
v 0.142148 2.442514 -0.028000
v 0.142148 2.442514 -0.028000
v 0.142148 2.442514 -0.028000
v 0.142148 2.442514 0.000000
v 0.142148 2.442514 0.028000
v 0.142148 2.442514 0.028000
v 0.142148 2.442514 0.028000
v 0.142148 3.317486 -0.028000
v 0.142148 3.317486 -0.028000
v 0.142148 3.317486 -0.028000
v 0.142148 3.317486 0.000000
v 0.142148 3.317486 0.028000
v 0.142148 3.317486 0.028000
v 0.142148 3.317486 0.028000
v 0.155560 2.647189 -0.040000
v 0.155560 2.647189 -0.040000
v 0.155560 2.647189 0.040000
v 0.155560 2.647189 0.040000
v 0.155560 3.112811 -0.040000
v 0.155560 3.112811 -0.040000
v 0.155560 3.112811 0.040000
v 0.155560 3.112811 0.040000
v 0.160978 2.448632 -0.019799
v 0.160978 2.448632 -0.019799
v 0.160978 2.448632 -0.019799
v 0.160978 2.448632 0.019799
v 0.160978 2.448632 0.019799
v 0.160978 2.448632 0.019799
v 0.160978 3.311368 -0.019799
v 0.160978 3.311368 -0.019799
v 0.160978 3.311368 -0.019799
v 0.160978 3.311368 0.019799
v 0.160978 3.311368 0.019799
v 0.160978 3.311368 0.019799
v 0.162635 2.717365 -0.040000
v 0.162635 2.717365 -0.040000
v 0.162635 2.717365 0.040000
v 0.162635 2.717365 0.040000
v 0.162635 3.042635 -0.040000
v 0.162635 3.042635 -0.040000
v 0.162635 3.042635 0.040000
v 0.162635 3.042635 0.040000
v 0.168777 2.451166 0.000000
v 0.168777 2.451166 0.000000
v 0.168777 2.451166 0.000000
v 0.168777 3.308834 0.000000
v 0.168777 3.308834 0.000000
v 0.168777 3.308834 0.000000
v 0.168777 3.308834 0.000000
v 0.191238 2.752219 -0.040000
v 0.191238 2.752219 -0.040000
v 0.191238 2.752219 0.040000
v 0.191238 2.752219 0.040000
v 0.191238 3.007781 -0.040000
v 0.191238 3.007781 -0.040000
v 0.191238 3.007781 0.040000
v 0.191238 3.007781 0.040000
v 0.197990 2.682010 -0.040000
v 0.197990 2.682010 -0.040000
v 0.197990 2.682010 0.040000
v 0.197990 2.682010 0.040000
v 0.197990 3.077990 -0.040000
v 0.197990 3.077990 -0.040000
v 0.197990 3.077990 0.040000
v 0.197990 3.077990 0.040000
v 0.212492 2.791983 -0.040000
v 0.212492 2.791983 -0.040000
v 0.212492 2.791983 0.040000
v 0.212492 2.791983 0.040000
v 0.212492 2.968017 -0.040000
v 0.212492 2.968017 -0.040000
v 0.212492 2.968017 0.040000
v 0.212492 2.968017 0.040000
v 0.225581 2.835129 -0.040000
v 0.225581 2.835129 -0.040000
v 0.225581 2.835129 0.040000
v 0.225581 2.835129 0.040000
v 0.225581 2.924871 -0.040000
v 0.225581 2.924871 -0.040000
v 0.225581 2.924871 0.040000
v 0.225581 2.924871 0.040000
v 0.230000 2.880000 -0.040000
v 0.230000 2.880000 -0.040000
v 0.230000 2.880000 -0.040000
v 0.230000 2.880000 0.040000
v 0.230000 2.880000 0.040000
v 0.230000 2.880000 0.040000
v 0.232811 2.724440 -0.040000
v 0.232811 2.724440 -0.040000
v 0.232811 2.724440 0.040000
v 0.232811 2.724440 0.040000
v 0.232811 3.035560 -0.040000
v 0.232811 3.035560 -0.040000
v 0.232811 3.035560 0.040000
v 0.232811 3.035560 0.040000
v 0.258608 2.657501 0.000000
v 0.258608 2.657501 0.000000
v 0.258608 2.657501 0.000000
v 0.258608 3.102499 0.000000
v 0.258608 3.102499 0.000000
v 0.258608 3.102499 0.000000
v 0.258686 2.772849 -0.040000
v 0.258686 2.772849 -0.040000
v 0.258686 2.772849 0.040000
v 0.258686 2.772849 0.040000
v 0.258686 2.987151 -0.040000
v 0.258686 2.987151 -0.040000
v 0.258686 2.987151 0.040000
v 0.258686 2.987151 0.040000
v 0.263428 2.664135 -0.019799
v 0.263428 2.664135 -0.019799
v 0.263428 2.664135 -0.019799
v 0.263428 2.664135 0.019799
v 0.263428 2.664135 0.019799
v 0.263428 2.664135 0.019799
v 0.263428 3.095865 -0.019799
v 0.263428 3.095865 -0.019799
v 0.263428 3.095865 -0.019799
v 0.263428 3.095865 0.019799
v 0.263428 3.095865 0.019799
v 0.263428 3.095865 0.019799
v 0.274620 2.825375 -0.040000
v 0.274620 2.825375 -0.040000
v 0.274620 2.825375 0.040000
v 0.274620 2.825375 0.040000
v 0.274620 2.934625 -0.040000
v 0.274620 2.934625 -0.040000
v 0.274620 2.934625 0.040000
v 0.274620 2.934625 0.040000
v 0.275066 2.680153 -0.028000
v 0.275066 2.680153 -0.028000
v 0.275066 2.680153 -0.028000
v 0.275066 2.680153 0.000000
v 0.275066 2.680153 0.028000
v 0.275066 2.680153 0.028000
v 0.275066 2.680153 0.028000
v 0.275066 2.680153 0.028000
v 0.275066 3.079847 -0.028000
v 0.275066 3.079847 -0.028000
v 0.275066 3.079847 -0.028000
v 0.275066 3.079847 0.000000
v 0.275066 3.079847 0.028000
v 0.275066 3.079847 0.028000
v 0.275066 3.079847 0.028000
v 0.275066 3.079847 0.028000
v 0.280000 2.880000 -0.040000
v 0.280000 2.880000 -0.040000
v 0.280000 2.880000 -0.040000
v 0.280000 2.880000 0.040000
v 0.280000 2.880000 0.040000
v 0.280000 2.880000 0.040000
v 0.286703 2.696171 -0.019799
v 0.286703 2.696171 -0.019799
v 0.286703 2.696171 -0.019799
v 0.286703 2.696171 0.019799
v 0.286703 2.696171 0.019799
v 0.286703 2.696171 0.019799
v 0.286703 3.063829 -0.019799
v 0.286703 3.063829 -0.019799
v 0.286703 3.063829 -0.019799
v 0.286703 3.063829 0.019799
v 0.286703 3.063829 0.019799
v 0.286703 3.063829 0.019799
v 0.291524 2.702805 0.000000
v 0.291524 2.702805 0.000000
v 0.291524 2.702805 0.000000
v 0.291524 3.057195 0.000000
v 0.291524 3.057195 0.000000
v 0.291524 3.057195 0.000000
v 0.340000 2.852000 0.000000
v 0.340000 2.852000 0.000000
v 0.340000 2.852000 0.000000
v 0.340000 2.860201 -0.019799
v 0.340000 2.860201 -0.019799
v 0.340000 2.860201 -0.019799
v 0.340000 2.860201 0.019799
v 0.340000 2.860201 0.019799
v 0.340000 2.860201 0.019799
v 0.340000 2.880000 -0.028000
v 0.340000 2.880000 -0.028000
v 0.340000 2.880000 -0.028000
v 0.340000 2.880000 0.000000
v 0.340000 2.880000 0.028000
v 0.340000 2.880000 0.028000
v 0.340000 2.880000 0.028000
v 0.340000 2.880000 0.028000
v 0.340000 2.899799 -0.019799
v 0.340000 2.899799 -0.019799
v 0.340000 2.899799 -0.019799
v 0.340000 2.899799 0.019799
v 0.340000 2.899799 0.019799
v 0.340000 2.899799 0.019799
v 0.340000 2.908000 0.000000
v 0.340000 2.908000 0.000000
v 0.340000 2.908000 0.000000
v 0.355690 2.586966 0.000000
v 0.355690 2.586966 0.000000
v 0.355690 2.586966 0.000000
v 0.355690 3.173034 0.000000
v 0.355690 3.173034 0.000000
v 0.355690 3.173034 0.000000
v 0.360510 2.593601 -0.019799
v 0.360510 2.593601 -0.019799
v 0.360510 2.593601 -0.019799
v 0.360510 2.593601 0.019799
v 0.360510 2.593601 0.019799
v 0.360510 2.593601 0.019799
v 0.360510 3.166399 -0.019799
v 0.360510 3.166399 -0.019799
v 0.360510 3.166399 -0.019799
v 0.360510 3.166399 0.019799
v 0.360510 3.166399 0.019799
v 0.360510 3.166399 0.019799
v 0.372148 2.609619 -0.028000
v 0.372148 2.609619 -0.028000
v 0.372148 2.609619 -0.028000
v 0.372148 2.609619 0.000000
v 0.372148 2.609619 0.028000
v 0.372148 2.609619 0.028000
v 0.372148 2.609619 0.028000
v 0.372148 2.609619 0.028000
v 0.372148 3.150381 -0.028000
v 0.372148 3.150381 -0.028000
v 0.372148 3.150381 -0.028000
v 0.372148 3.150381 0.000000
v 0.372148 3.150381 0.028000
v 0.372148 3.150381 0.028000
v 0.372148 3.150381 0.028000
v 0.372148 3.150381 0.028000
v 0.383785 2.625637 -0.019799
v 0.383785 2.625637 -0.019799
v 0.383785 2.625637 -0.019799
v 0.383785 2.625637 0.019799
v 0.383785 2.625637 0.019799
v 0.383785 2.625637 0.019799
v 0.383785 3.134363 -0.019799
v 0.383785 3.134363 -0.019799
v 0.383785 3.134363 -0.019799
v 0.383785 3.134363 0.019799
v 0.383785 3.134363 0.019799
v 0.383785 3.134363 0.019799
v 0.388606 2.632271 0.000000
v 0.388606 2.632271 0.000000
v 0.388606 2.632271 0.000000
v 0.388606 3.127729 0.000000
v 0.388606 3.127729 0.000000
v 0.388606 3.127729 0.000000
v 0.460000 2.852000 0.000000
v 0.460000 2.852000 0.000000
v 0.460000 2.852000 0.000000
v 0.460000 2.860201 -0.019799
v 0.460000 2.860201 -0.019799
v 0.460000 2.860201 -0.019799
v 0.460000 2.860201 0.019799
v 0.460000 2.860201 0.019799
v 0.460000 2.860201 0.019799
v 0.460000 2.880000 -0.028000
v 0.460000 2.880000 -0.028000
v 0.460000 2.880000 -0.028000
v 0.460000 2.880000 0.000000
v 0.460000 2.880000 0.028000
v 0.460000 2.880000 0.028000
v 0.460000 2.880000 0.028000
v 0.460000 2.880000 0.028000
v 0.460000 2.899799 -0.019799
v 0.460000 2.899799 -0.019799
v 0.460000 2.899799 -0.019799
v 0.460000 2.899799 0.019799
v 0.460000 2.899799 0.019799
v 0.460000 2.899799 0.019799
v 0.460000 2.908000 0.000000
v 0.460000 2.908000 0.000000
v 0.460000 2.908000 0.000000
vt 0.000000 0.000000
vt 1.000000 0.000000
vt 0.250000 0.200000
vt 0.000000 0.000000
vt 1.000000 0.000000
vt 0.125000 0.200000
vt 0.000000 0.000000
vt 1.000000 0.000000
vt 0.375000 0.200000
vt 0.000000 0.000000
vt 1.000000 0.000000
vt 0.000000 0.200000
vt 1.000000 0.200000
vt 0.500000 0.500000
vt 0.000000 0.000000
vt 1.000000 0.000000
vt 0.500000 0.200000
vt 0.000000 0.000000
vt 1.000000 0.000000
vt 0.875000 0.200000
vt 0.000000 0.000000
vt 1.000000 0.000000
vt 0.625000 0.200000
vt 0.000000 0.000000
vt 1.000000 0.000000
vt 0.750000 0.200000
vt 0.000000 0.000000
vt 1.000000 0.000000
vt 0.750000 0.200000
vt 0.000000 0.000000
vt 1.000000 0.000000
vt 0.250000 0.200000
vt 0.000000 0.000000
vt 1.000000 0.000000
vt 0.875000 0.200000
vt 0.000000 0.000000
vt 1.000000 0.000000
vt 0.625000 0.200000
vt 0.000000 0.000000
vt 1.000000 0.000000
vt 0.125000 0.200000
vt 0.000000 0.000000
vt 1.000000 0.000000
vt 0.375000 0.200000
vt 0.000000 0.000000
vt 1.000000 0.000000
vt 0.000000 0.200000
vt 1.000000 0.200000
vt 0.500000 0.500000
vt 0.000000 0.000000
vt 1.000000 0.000000
vt 0.500000 0.200000
vt 0.000000 0.000000
vt 1.000000 0.000000
vt 0.000000 0.200000
vt 1.000000 0.200000
vt 0.500000 0.500000
vt 0.000000 0.000000
vt 1.000000 0.000000
vt 0.500000 0.200000
vt 0.000000 0.000000
vt 1.000000 0.000000
vt 0.125000 0.200000
vt 0.000000 0.000000
vt 1.000000 0.000000
vt 0.375000 0.200000
vt 0.000000 0.000000
vt 1.000000 0.000000
vt 0.875000 0.200000
vt 0.000000 0.000000
vt 1.000000 0.000000
vt 0.625000 0.200000
vt 0.000000 0.000000
vt 1.000000 0.000000
vt 0.250000 0.200000
vt 0.000000 0.000000
vt 1.000000 0.000000
vt 0.750000 0.200000
vt 0.250000 0.000000
vt 0.000000 0.000000
vt 1.000000 0.000000
vt 0.125000 0.000000
vt 0.000000 0.000000
vt 1.000000 0.000000
vt 0.375000 0.000000
vt 0.000000 0.000000
vt 1.000000 0.000000
vt 0.000000 0.000000
vt 1.000000 0.000000
vt 0.000000 0.000000
vt 1.000000 0.000000
vt 0.500000 0.500000
vt 0.500000 0.000000
vt 0.000000 0.000000
vt 1.000000 0.000000
vt 0.875000 0.000000
vt 0.000000 0.000000
vt 1.000000 0.000000
vt 0.625000 0.000000
vt 0.000000 0.000000
vt 1.000000 0.000000
vt 0.750000 0.000000
vt 0.000000 0.000000
vt 1.000000 0.000000
vt 0.750000 0.000000
vt 0.000000 0.000000
vt 1.000000 0.000000
vt 0.250000 0.000000
vt 0.000000 0.000000
vt 1.000000 0.000000
vt 0.875000 0.000000
vt 0.000000 0.000000
vt 1.000000 0.000000
vt 0.625000 0.000000
vt 0.000000 0.000000
vt 1.000000 0.000000
vt 0.125000 0.000000
vt 0.000000 0.000000
vt 1.000000 0.000000
vt 0.375000 0.000000
vt 0.000000 0.000000
vt 1.000000 0.000000
vt 0.500000 -0.025000
vt 0.000000 0.500000
vt 0.500000 0.025000
vt 0.000000 0.500000
vt 0.000000 0.000000
vt 1.000000 0.000000
vt 0.000000 0.000000
vt 1.000000 0.000000
vt 0.500000 0.500000
vt 0.500000 0.000000
vt 0.000000 0.000000
vt 1.000000 0.000000
vt 0.000000 0.000000
vt 1.000000 0.000000
vt 0.000000 0.000000
vt 1.000000 0.000000
vt 0.500000 0.500000
vt 0.500000 0.000000
vt 0.000000 0.000000
vt 1.000000 0.000000
vt 0.468750 -0.025000
vt 0.009607 0.597545
vt 0.468750 0.025000
vt 0.009607 0.597545
vt 0.531250 -0.025000
vt 0.009607 0.402455
vt 0.531250 0.025000
vt 0.009607 0.402455
vt 0.125000 0.000000
vt 0.000000 0.000000
vt 1.000000 0.000000
vt 0.375000 0.000000
vt 0.000000 0.000000
vt 1.000000 0.000000
vt 0.875000 0.000000
vt 0.000000 0.000000
vt 1.000000 0.000000
vt 0.625000 0.000000
vt 0.000000 0.000000
vt 1.000000 0.000000
vt 0.437500 -0.025000
vt 0.038060 0.691342
vt 0.437500 0.025000
vt 0.038060 0.691342
vt 0.562500 -0.025000
vt 0.038060 0.308658
vt 0.562500 0.025000
vt 0.038060 0.308658
vt 0.250000 0.000000
vt 0.000000 0.000000
vt 1.000000 0.000000
vt 0.750000 0.000000
vt 0.000000 0.000000
vt 1.000000 0.000000
vt 0.406250 -0.025000
vt 0.084265 0.777785
vt 0.406250 0.025000
vt 0.084265 0.777785
vt 0.593750 -0.025000
vt 0.084265 0.222215
vt 0.593750 0.025000
vt 0.084265 0.222215
vt 0.089286 0.500000
vt 0.500000 -0.025000
vt 0.089286 0.500000
vt 0.500000 0.025000
vt 0.097177 0.580126
vt 0.468750 -0.025000
vt 0.097177 0.580126
vt 0.468750 0.025000
vt 0.097177 0.419874
vt 0.531250 -0.025000
vt 0.097177 0.419874
vt 0.531250 0.025000
vt 0.120549 0.657174
vt 0.437500 -0.025000
vt 0.120549 0.657174
vt 0.437500 0.025000
vt 0.120549 0.342826
vt 0.562500 -0.025000
vt 0.120549 0.342826
vt 0.562500 0.025000
vt 0.375000 -0.025000
vt 0.146447 0.853553
vt 0.375000 0.025000
vt 0.146447 0.853553
vt 0.625000 -0.025000
vt 0.146447 0.146447
vt 0.625000 0.025000
vt 0.146447 0.146447
vt 0.158504 0.728181
vt 0.406250 -0.025000
vt 0.158504 0.728181
vt 0.406250 0.025000
vt 0.158504 0.271819
vt 0.593750 -0.025000
vt 0.158504 0.271819
vt 0.593750 0.025000
vt 0.000000 0.200000
vt 1.000000 0.200000
vt 0.000000 0.000000
vt 1.000000 0.000000
vt 0.500000 0.200000
vt 0.000000 0.000000
vt 1.000000 0.000000
vt 0.209581 0.790419
vt 0.375000 -0.025000
vt 0.209581 0.790419
vt 0.375000 0.025000
vt 0.209581 0.209581
vt 0.625000 -0.025000
vt 0.209581 0.209581
vt 0.625000 0.025000
vt 0.125000 0.200000
vt 0.000000 0.000000
vt 1.000000 0.000000
vt 0.875000 0.200000
vt 0.000000 0.000000
vt 1.000000 0.000000
vt 0.375000 0.200000
vt 0.000000 0.000000
vt 1.000000 0.000000
vt 0.625000 0.200000
vt 0.000000 0.000000
vt 1.000000 0.000000
vt 0.343750 -0.025000
vt 0.222215 0.915735
vt 0.343750 0.025000
vt 0.222215 0.915735
vt 0.656250 -0.025000
vt 0.222215 0.084265
vt 0.656250 0.025000
vt 0.222215 0.084265
vt 0.000000 0.000000
vt 1.000000 0.000000
vt 0.250000 0.200000
vt 0.500000 0.500000
vt 0.000000 0.000000
vt 1.000000 0.000000
vt 0.750000 0.200000
vt 0.000000 0.000000
vt 1.000000 0.000000
vt 0.250000 0.200000
vt 0.500000 0.500000
vt 0.000000 0.000000
vt 1.000000 0.000000
vt 0.750000 0.200000
vt 0.000000 0.000000
vt 1.000000 0.000000
vt 0.000000 0.000000
vt 1.000000 0.000000
vt 0.500000 0.000000
vt 0.000000 0.000000
vt 1.000000 0.000000
vt 0.271819 0.841496
vt 0.343750 -0.025000
vt 0.271819 0.841496
vt 0.343750 0.025000
vt 0.271819 0.158504
vt 0.656250 -0.025000
vt 0.271819 0.158504
vt 0.656250 0.025000
vt 0.125000 0.000000
vt 0.000000 0.000000
vt 1.000000 0.000000
vt 0.875000 0.000000
vt 0.000000 0.000000
vt 1.000000 0.000000
vt 0.375000 0.000000
vt 0.000000 0.000000
vt 1.000000 0.000000
vt 0.625000 0.000000
vt 0.000000 0.000000
vt 1.000000 0.000000
vt 0.000000 0.000000
vt 1.000000 0.000000
vt 0.375000 0.200000
vt 0.000000 0.000000
vt 1.000000 0.000000
vt 0.625000 0.200000
vt 0.000000 0.000000
vt 1.000000 0.000000
vt 0.125000 0.200000
vt 0.000000 0.000000
vt 1.000000 0.000000
vt 0.875000 0.200000
vt 0.000000 0.000000
vt 1.000000 0.000000
vt 0.500000 0.200000
vt 0.000000 0.000000
vt 1.000000 0.000000
vt 0.000000 0.200000
vt 1.000000 0.200000
vt 0.312500 -0.025000
vt 0.308658 0.961940
vt 0.312500 0.025000
vt 0.308658 0.961940
vt 0.687500 -0.025000
vt 0.308658 0.038060
vt 0.687500 0.025000
vt 0.308658 0.038060
vt 0.250000 0.000000
vt 0.000000 0.000000
vt 1.000000 0.000000
vt 0.500000 0.500000
vt 0.750000 0.000000
vt 0.000000 0.000000
vt 1.000000 0.000000
vt 0.250000 0.000000
vt 0.000000 0.000000
vt 1.000000 0.000000
vt 0.500000 0.500000
vt 0.750000 0.000000
vt 0.000000 0.000000
vt 1.000000 0.000000
vt 0.342826 0.879451
vt 0.312500 -0.025000
vt 0.342826 0.879451
vt 0.312500 0.025000
vt 0.342826 0.120549
vt 0.687500 -0.025000
vt 0.342826 0.120549
vt 0.687500 0.025000
vt 0.000000 0.000000
vt 1.000000 0.000000
vt 0.375000 0.000000
vt 0.000000 0.000000
vt 1.000000 0.000000
vt 0.625000 0.000000
vt 0.000000 0.000000
vt 1.000000 0.000000
vt 0.125000 0.000000
vt 0.000000 0.000000
vt 1.000000 0.000000
vt 0.875000 0.000000
vt 0.000000 0.000000
vt 1.000000 0.000000
vt 0.500000 0.000000
vt 0.000000 0.000000
vt 1.000000 0.000000
vt 0.000000 0.000000
vt 1.000000 0.000000
vt 0.281250 -0.025000
vt 0.402455 0.990393
vt 0.281250 0.025000
vt 0.402455 0.990393
vt 0.718750 -0.025000
vt 0.402455 0.009607
vt 0.718750 0.025000
vt 0.402455 0.009607
vt 0.419874 0.902823
vt 0.281250 -0.025000
vt 0.419874 0.902823
vt 0.281250 0.025000
vt 0.419874 0.097177
vt 0.718750 -0.025000
vt 0.419874 0.097177
vt 0.718750 0.025000
vt 0.500000 0.000000
vt 0.000000 0.000000
vt 1.000000 0.000000
vt 0.500000 0.200000
vt 0.000000 0.000000
vt 1.000000 0.000000
vt 0.375000 0.000000
vt 0.000000 0.000000
vt 1.000000 0.000000
vt 0.625000 0.000000
vt 0.000000 0.000000
vt 1.000000 0.000000
vt 0.375000 0.200000
vt 0.000000 0.000000
vt 1.000000 0.000000
vt 0.625000 0.200000
vt 0.000000 0.000000
vt 1.000000 0.000000
vt 0.000000 0.000000
vt 1.000000 0.000000
vt 0.250000 0.000000
vt 0.500000 0.500000
vt 0.000000 0.000000
vt 1.000000 0.000000
vt 0.750000 0.000000
vt 0.250000 -0.025000
vt 0.500000 1.000000
vt 0.250000 0.025000
vt 0.500000 1.000000
vt 0.500000 0.910714
vt 0.250000 -0.025000
vt 0.500000 0.910714
vt 0.250000 0.025000
vt 0.250000 0.200000
vt 0.000000 0.000000
vt 1.000000 0.000000
vt 0.500000 0.500000
vt 0.750000 0.200000
vt 0.000000 0.000000
vt 1.000000 0.000000
vt 0.750000 -0.025000
vt 0.500000 0.089286
vt 0.750000 0.025000
vt 0.500000 0.089286
vt 0.500000 0.000000
vt 0.750000 -0.025000
vt 0.500000 0.000000
vt 0.750000 0.025000
vt 0.000000 0.000000
vt 1.000000 0.000000
vt 0.125000 0.000000
vt 0.000000 0.000000
vt 1.000000 0.000000
vt 0.875000 0.000000
vt 0.000000 0.000000
vt 1.000000 0.000000
vt 0.125000 0.200000
vt 0.000000 0.000000
vt 1.000000 0.000000
vt 0.875000 0.200000
vt 0.000000 0.000000
vt 1.000000 0.000000
vt 0.000000 0.000000
vt 1.000000 0.000000
vt 0.000000 0.000000
vt 1.000000 0.000000
vt 0.000000 0.200000
vt 1.000000 0.200000
vt 0.218750 -0.025000
vt 0.580126 0.902823
vt 0.218750 0.025000
vt 0.580126 0.902823
vt 0.781250 -0.025000
vt 0.580126 0.097177
vt 0.781250 0.025000
vt 0.580126 0.097177
vt 0.597545 0.990393
vt 0.218750 -0.025000
vt 0.597545 0.990393
vt 0.218750 0.025000
vt 0.597545 0.009607
vt 0.781250 -0.025000
vt 0.597545 0.009607
vt 0.781250 0.025000
vt 0.000000 0.000000
vt 1.000000 0.000000
vt 0.000000 0.000000
vt 1.000000 0.000000
vt 0.500000 0.000000
vt 0.000000 0.000000
vt 1.000000 0.000000
vt 0.125000 0.000000
vt 0.000000 0.000000
vt 1.000000 0.000000
vt 0.875000 0.000000
vt 0.000000 0.000000
vt 1.000000 0.000000
vt 0.375000 0.000000
vt 0.000000 0.000000
vt 1.000000 0.000000
vt 0.625000 0.000000
vt 0.000000 0.000000
vt 1.000000 0.000000
vt 0.187500 -0.025000
vt 0.657174 0.879451
vt 0.187500 0.025000
vt 0.657174 0.879451
vt 0.812500 -0.025000
vt 0.657174 0.120549
vt 0.812500 0.025000
vt 0.657174 0.120549
vt 0.000000 0.000000
vt 1.000000 0.000000
vt 0.250000 0.000000
vt 0.500000 0.500000
vt 0.000000 0.000000
vt 1.000000 0.000000
vt 0.750000 0.000000
vt 0.000000 0.000000
vt 1.000000 0.000000
vt 0.250000 0.000000
vt 0.500000 0.500000
vt 0.000000 0.000000
vt 1.000000 0.000000
vt 0.750000 0.000000
vt 0.691342 0.961940
vt 0.187500 -0.025000
vt 0.691342 0.961940
vt 0.187500 0.025000
vt 0.691342 0.038060
vt 0.812500 -0.025000
vt 0.691342 0.038060
vt 0.812500 0.025000
vt 0.000000 0.200000
vt 1.000000 0.200000
vt 0.000000 0.000000
vt 1.000000 0.000000
vt 0.500000 0.200000
vt 0.000000 0.000000
vt 1.000000 0.000000
vt 0.125000 0.200000
vt 0.000000 0.000000
vt 1.000000 0.000000
vt 0.875000 0.200000
vt 0.000000 0.000000
vt 1.000000 0.000000
vt 0.375000 0.200000
vt 0.000000 0.000000
vt 1.000000 0.000000
vt 0.625000 0.200000
vt 0.000000 0.000000
vt 1.000000 0.000000
vt 0.000000 0.000000
vt 1.000000 0.000000
vt 0.375000 0.000000
vt 0.000000 0.000000
vt 1.000000 0.000000
vt 0.625000 0.000000
vt 0.000000 0.000000
vt 1.000000 0.000000
vt 0.125000 0.000000
vt 0.000000 0.000000
vt 1.000000 0.000000
vt 0.875000 0.000000
vt 0.156250 -0.025000
vt 0.728181 0.841496
vt 0.156250 0.025000
vt 0.728181 0.841496
vt 0.843750 -0.025000
vt 0.728181 0.158504
vt 0.843750 0.025000
vt 0.728181 0.158504
vt 0.000000 0.000000
vt 1.000000 0.000000
vt 0.500000 0.000000
vt 0.000000 0.000000
vt 1.000000 0.000000
vt 0.000000 0.000000
vt 1.000000 0.000000
vt 0.250000 0.200000
vt 0.000000 0.000000
vt 1.000000 0.000000
vt 0.500000 0.500000
vt 0.750000 0.200000
vt 0.000000 0.000000
vt 1.000000 0.000000
vt 0.250000 0.200000
vt 0.000000 0.000000
vt 1.000000 0.000000
vt 0.500000 0.500000
vt 0.750000 0.200000
vt 0.000000 0.000000
vt 1.000000 0.000000
vt 0.777785 0.915735
vt 0.156250 -0.025000
vt 0.777785 0.915735
vt 0.156250 0.025000
vt 0.777785 0.084265
vt 0.843750 -0.025000
vt 0.777785 0.084265
vt 0.843750 0.025000
vt 0.000000 0.000000
vt 1.000000 0.000000
vt 0.375000 0.200000
vt 0.000000 0.000000
vt 1.000000 0.000000
vt 0.625000 0.200000
vt 0.000000 0.000000
vt 1.000000 0.000000
vt 0.125000 0.200000
vt 0.000000 0.000000
vt 1.000000 0.000000
vt 0.875000 0.200000
vt 0.125000 -0.025000
vt 0.790419 0.790419
vt 0.125000 0.025000
vt 0.790419 0.790419
vt 0.875000 -0.025000
vt 0.790419 0.209581
vt 0.875000 0.025000
vt 0.790419 0.209581
vt 0.000000 0.000000
vt 1.000000 0.000000
vt 0.500000 0.200000
vt 0.000000 0.000000
vt 1.000000 0.000000
vt 0.000000 0.200000
vt 1.000000 0.200000
vt 0.093750 -0.025000
vt 0.841496 0.728181
vt 0.093750 0.025000
vt 0.841496 0.728181
vt 0.906250 -0.025000
vt 0.841496 0.271819
vt 0.906250 0.025000
vt 0.841496 0.271819
vt 0.853553 0.853553
vt 0.125000 -0.025000
vt 0.853553 0.853553
vt 0.125000 0.025000
vt 0.853553 0.146447
vt 0.875000 -0.025000
vt 0.853553 0.146447
vt 0.875000 0.025000
vt 0.062500 -0.025000
vt 0.879451 0.657174
vt 0.062500 0.025000
vt 0.879451 0.657174
vt 0.937500 -0.025000
vt 0.879451 0.342826
vt 0.937500 0.025000
vt 0.879451 0.342826
vt 0.031250 -0.025000
vt 0.902823 0.580126
vt 0.031250 0.025000
vt 0.902823 0.580126
vt 0.968750 -0.025000
vt 0.902823 0.419874
vt 0.968750 0.025000
vt 0.902823 0.419874
vt 0.000000 -0.025000
vt 1.000000 -0.025000
vt 0.910714 0.500000
vt 0.000000 0.025000
vt 1.000000 0.025000
vt 0.910714 0.500000
vt 0.915735 0.777785
vt 0.093750 -0.025000
vt 0.915735 0.777785
vt 0.093750 0.025000
vt 0.915735 0.222215
vt 0.906250 -0.025000
vt 0.915735 0.222215
vt 0.906250 0.025000
vt 0.000000 0.000000
vt 1.000000 0.000000
vt 0.250000 0.000000
vt 0.000000 0.000000
vt 1.000000 0.000000
vt 0.750000 0.000000
vt 0.961940 0.691342
vt 0.062500 -0.025000
vt 0.961940 0.691342
vt 0.062500 0.025000
vt 0.961940 0.308658
vt 0.937500 -0.025000
vt 0.961940 0.308658
vt 0.937500 0.025000
vt 0.000000 0.000000
vt 1.000000 0.000000
vt 0.375000 0.000000
vt 0.000000 0.000000
vt 1.000000 0.000000
vt 0.125000 0.000000
vt 0.000000 0.000000
vt 1.000000 0.000000
vt 0.625000 0.000000
vt 0.000000 0.000000
vt 1.000000 0.000000
vt 0.875000 0.000000
vt 0.990393 0.597545
vt 0.031250 -0.025000
vt 0.990393 0.597545
vt 0.031250 0.025000
vt 0.990393 0.402455
vt 0.968750 -0.025000
vt 0.990393 0.402455
vt 0.968750 0.025000
vt 0.000000 0.000000
vt 1.000000 0.000000
vt 0.500000 0.000000
vt 0.500000 0.500000
vt 0.000000 0.000000
vt 1.000000 0.000000
vt 0.000000 0.000000
vt 1.000000 0.000000
vt 0.000000 0.000000
vt 1.000000 0.000000
vt 0.500000 0.000000
vt 0.500000 0.500000
vt 0.000000 0.000000
vt 1.000000 0.000000
vt 0.000000 0.000000
vt 1.000000 0.000000
vt 1.000000 0.500000
vt 0.000000 -0.025000
vt 1.000000 -0.025000
vt 1.000000 0.500000
vt 0.000000 0.025000
vt 1.000000 0.025000
vt 0.000000 0.000000
vt 1.000000 0.000000
vt 0.625000 0.000000
vt 0.000000 0.000000
vt 1.000000 0.000000
vt 0.875000 0.000000
vt 0.000000 0.000000
vt 1.000000 0.000000
vt 0.375000 0.000000
vt 0.000000 0.000000
vt 1.000000 0.000000
vt 0.125000 0.000000
vt 0.000000 0.000000
vt 1.000000 0.000000
vt 0.750000 0.000000
vt 0.000000 0.000000
vt 1.000000 0.000000
vt 0.250000 0.000000
vt 0.000000 0.000000
vt 1.000000 0.000000
vt 0.250000 0.000000
vt 0.000000 0.000000
vt 1.000000 0.000000
vt 0.375000 0.000000
vt 0.000000 0.000000
vt 1.000000 0.000000
vt 0.125000 0.000000
vt 0.000000 0.000000
vt 1.000000 0.000000
vt 0.500000 0.000000
vt 0.500000 0.500000
vt 0.000000 0.000000
vt 1.000000 0.000000
vt 0.000000 0.000000
vt 1.000000 0.000000
vt 0.000000 0.000000
vt 1.000000 0.000000
vt 0.625000 0.000000
vt 0.000000 0.000000
vt 1.000000 0.000000
vt 0.875000 0.000000
vt 0.000000 0.000000
vt 1.000000 0.000000
vt 0.750000 0.000000
vt 0.250000 0.200000
vt 0.000000 0.000000
vt 1.000000 0.000000
vt 0.750000 0.200000
vt 0.000000 0.000000
vt 1.000000 0.000000
vt 0.375000 0.200000
vt 0.000000 0.000000
vt 1.000000 0.000000
vt 0.125000 0.200000
vt 0.000000 0.000000
vt 1.000000 0.000000
vt 0.625000 0.200000
vt 0.000000 0.000000
vt 1.000000 0.000000
vt 0.875000 0.200000
vt 0.000000 0.000000
vt 1.000000 0.000000
vt 0.500000 0.200000
vt 0.000000 0.000000
vt 1.000000 0.000000
vt 0.500000 0.500000
vt 0.000000 0.200000
vt 1.000000 0.200000
vt 0.000000 0.000000
vt 1.000000 0.000000
vt 0.500000 0.200000
vt 0.000000 0.000000
vt 1.000000 0.000000
vt 0.500000 0.500000
vt 0.000000 0.200000
vt 1.000000 0.200000
vt 0.000000 0.000000
vt 1.000000 0.000000
vt 0.625000 0.200000
vt 0.000000 0.000000
vt 1.000000 0.000000
vt 0.875000 0.200000
vt 0.000000 0.000000
vt 1.000000 0.000000
vt 0.375000 0.200000
vt 0.000000 0.000000
vt 1.000000 0.000000
vt 0.125000 0.200000
vt 0.000000 0.000000
vt 1.000000 0.000000
vt 0.750000 0.200000
vt 0.000000 0.000000
vt 1.000000 0.000000
vt 0.250000 0.200000
vt 0.000000 0.000000
vt 1.000000 0.000000
vt 0.250000 0.200000
vt 0.000000 0.000000
vt 1.000000 0.000000
vt 0.375000 0.200000
vt 0.000000 0.000000
vt 1.000000 0.000000
vt 0.125000 0.200000
vt 0.000000 0.000000
vt 1.000000 0.000000
vt 0.500000 0.200000
vt 0.000000 0.000000
vt 1.000000 0.000000
vt 0.500000 0.500000
vt 0.000000 0.200000
vt 1.000000 0.200000
vt 0.000000 0.000000
vt 1.000000 0.000000
vt 0.625000 0.200000
vt 0.000000 0.000000
vt 1.000000 0.000000
vt 0.875000 0.200000
vt 0.000000 0.000000
vt 1.000000 0.000000
vt 0.750000 0.200000
vt 0.000000 0.000000
vt 1.000000 0.000000
vn -1.000000 0.000000 0.000000
vn -1.000000 0.000000 0.000000
vn 0.000000 -1.000000 0.000000
vn -1.000000 0.000000 0.000000
vn -1.000000 0.000000 0.000000
vn 0.000000 -0.707107 -0.707107
vn -1.000000 0.000000 0.000000
vn -1.000000 0.000000 0.000000
vn 0.000000 -0.707107 0.707107
vn -1.000000 0.000000 0.000000
vn -1.000000 0.000000 0.000000
vn 0.000000 0.000000 -1.000000
vn 0.000000 0.000000 -1.000000
vn -1.000000 0.000000 0.000000
vn -1.000000 0.000000 0.000000
vn -1.000000 0.000000 0.000000
vn 0.000000 0.000000 1.000000
vn -1.000000 0.000000 0.000000
vn -1.000000 0.000000 0.000000
vn 0.000000 0.707107 -0.707107
vn -1.000000 0.000000 0.000000
vn -1.000000 0.000000 0.000000
vn 0.000000 0.707107 0.707107
vn -1.000000 0.000000 0.000000
vn -1.000000 0.000000 0.000000
vn 0.000000 1.000000 0.000000
vn -0.809017 -0.587785 0.000000
vn -0.809017 -0.587785 0.000000
vn -0.587785 0.809017 0.000000
vn -0.809017 0.587785 0.000000
vn -0.809017 0.587785 0.000000
vn -0.587785 -0.809017 0.000000
vn -0.809017 -0.587785 0.000000
vn -0.809017 -0.587785 0.000000
vn -0.415627 0.572061 -0.707107
vn -0.809017 -0.587785 0.000000
vn -0.809017 -0.587785 0.000000
vn -0.415627 0.572061 0.707107
vn -0.809017 0.587785 0.000000
vn -0.809017 0.587785 0.000000
vn -0.415627 -0.572061 -0.707107
vn -0.809017 0.587785 0.000000
vn -0.809017 0.587785 0.000000
vn -0.415627 -0.572061 0.707107
vn -0.809017 -0.587785 0.000000
vn -0.809017 -0.587785 0.000000
vn 0.000000 0.000000 -1.000000
vn 0.000000 0.000000 -1.000000
vn -0.809017 -0.587785 0.000000
vn -0.809017 -0.587785 0.000000
vn -0.809017 -0.587785 0.000000
vn 0.000000 0.000000 1.000000
vn -0.809017 0.587785 0.000000
vn -0.809017 0.587785 0.000000
vn 0.000000 0.000000 -1.000000
vn 0.000000 0.000000 -1.000000
vn -0.809017 0.587785 0.000000
vn -0.809017 0.587785 0.000000
vn -0.809017 0.587785 0.000000
vn 0.000000 0.000000 1.000000
vn -0.809017 -0.587785 0.000000
vn -0.809017 -0.587785 0.000000
vn 0.415627 -0.572061 -0.707107
vn -0.809017 -0.587785 0.000000
vn -0.809017 -0.587785 0.000000
vn 0.415627 -0.572061 0.707107
vn -0.809017 0.587785 0.000000
vn -0.809017 0.587785 0.000000
vn 0.415627 0.572061 -0.707107
vn -0.809017 0.587785 0.000000
vn -0.809017 0.587785 0.000000
vn 0.415627 0.572061 0.707107
vn -0.809017 -0.587785 0.000000
vn -0.809017 -0.587785 0.000000
vn 0.587785 -0.809017 0.000000
vn -0.809017 0.587785 0.000000
vn -0.809017 0.587785 0.000000
vn 0.587785 0.809017 0.000000
vn 0.000000 -1.000000 0.000000
vn 1.000000 0.000000 0.000000
vn 1.000000 0.000000 0.000000
vn 0.000000 -0.707107 -0.707107
vn 1.000000 0.000000 0.000000
vn 1.000000 0.000000 0.000000
vn 0.000000 -0.707107 0.707107
vn 1.000000 0.000000 0.000000
vn 1.000000 0.000000 0.000000
vn 0.000000 0.000000 -1.000000
vn 0.000000 0.000000 -1.000000
vn 1.000000 0.000000 0.000000
vn 1.000000 0.000000 0.000000
vn 1.000000 0.000000 0.000000
vn 0.000000 0.000000 1.000000
vn 1.000000 0.000000 0.000000
vn 1.000000 0.000000 0.000000
vn 0.000000 0.707107 -0.707107
vn 1.000000 0.000000 0.000000
vn 1.000000 0.000000 0.000000
vn 0.000000 0.707107 0.707107
vn 1.000000 0.000000 0.000000
vn 1.000000 0.000000 0.000000
vn 0.000000 1.000000 0.000000
vn 1.000000 0.000000 0.000000
vn 1.000000 0.000000 0.000000
vn -0.587785 0.809017 0.000000
vn 0.809017 0.587785 0.000000
vn 0.809017 0.587785 0.000000
vn -0.587785 -0.809017 0.000000
vn 0.809017 -0.587785 0.000000
vn 0.809017 -0.587785 0.000000
vn -0.415627 0.572061 -0.707107
vn 0.809017 0.587785 0.000000
vn 0.809017 0.587785 0.000000
vn -0.415627 0.572061 0.707107
vn 0.809017 0.587785 0.000000
vn 0.809017 0.587785 0.000000
vn -0.415627 -0.572061 -0.707107
vn 0.809017 -0.587785 0.000000
vn 0.809017 -0.587785 0.000000
vn -0.415627 -0.572061 0.707107
vn 0.809017 -0.587785 0.000000
vn 0.809017 -0.587785 0.000000
vn -1.000000 0.000000 0.000000
vn 0.000000 0.000000 -1.000000
vn -1.000000 0.000000 0.000000
vn 0.000000 0.000000 1.000000
vn 0.000000 0.000000 -1.000000
vn 0.000000 0.000000 -1.000000
vn 0.809017 0.587785 0.000000
vn 0.809017 0.587785 0.000000
vn 0.809017 0.587785 0.000000
vn 0.000000 0.000000 1.000000
vn 0.809017 0.587785 0.000000
vn 0.809017 0.587785 0.000000
vn 0.000000 0.000000 -1.000000
vn 0.000000 0.000000 -1.000000
vn 0.809017 -0.587785 0.000000
vn 0.809017 -0.587785 0.000000
vn 0.809017 -0.587785 0.000000
vn 0.000000 0.000000 1.000000
vn 0.809017 -0.587785 0.000000
vn 0.809017 -0.587785 0.000000
vn -0.980785 -0.195090 0.000000
vn 0.000000 0.000000 -1.000000
vn -0.980785 -0.195090 0.000000
vn 0.000000 0.000000 1.000000
vn -0.980785 0.195090 0.000000
vn 0.000000 0.000000 -1.000000
vn -0.980785 0.195090 0.000000
vn 0.000000 0.000000 1.000000
vn 0.415627 -0.572061 -0.707107
vn 0.809017 0.587785 0.000000
vn 0.809017 0.587785 0.000000
vn 0.415627 -0.572061 0.707107
vn 0.809017 0.587785 0.000000
vn 0.809017 0.587785 0.000000
vn 0.415627 0.572061 -0.707107
vn 0.809017 -0.587785 0.000000
vn 0.809017 -0.587785 0.000000
vn 0.415627 0.572061 0.707107
vn 0.809017 -0.587785 0.000000
vn 0.809017 -0.587785 0.000000
vn -0.923880 -0.382683 0.000000
vn 0.000000 0.000000 -1.000000
vn -0.923880 -0.382683 0.000000
vn 0.000000 0.000000 1.000000
vn -0.923880 0.382683 0.000000
vn 0.000000 0.000000 -1.000000
vn -0.923880 0.382683 0.000000
vn 0.000000 0.000000 1.000000
vn 0.587785 -0.809017 0.000000
vn 0.809017 0.587785 0.000000
vn 0.809017 0.587785 0.000000
vn 0.587785 0.809017 0.000000
vn 0.809017 -0.587785 0.000000
vn 0.809017 -0.587785 0.000000
vn -0.831470 -0.555570 0.000000
vn 0.000000 0.000000 -1.000000
vn -0.831470 -0.555570 0.000000
vn 0.000000 0.000000 1.000000
vn -0.831470 0.555570 0.000000
vn 0.000000 0.000000 -1.000000
vn -0.831470 0.555570 0.000000
vn 0.000000 0.000000 1.000000
vn 0.000000 0.000000 -1.000000
vn 1.000000 0.000000 0.000000
vn 0.000000 0.000000 1.000000
vn 1.000000 0.000000 0.000000
vn 0.000000 0.000000 -1.000000
vn 0.980785 0.195090 0.000000
vn 0.000000 0.000000 1.000000
vn 0.980785 0.195090 0.000000
vn 0.000000 0.000000 -1.000000
vn 0.980785 -0.195090 0.000000
vn 0.000000 0.000000 1.000000
vn 0.980785 -0.195090 0.000000
vn 0.000000 0.000000 -1.000000
vn 0.923880 0.382683 0.000000
vn 0.000000 0.000000 1.000000
vn 0.923880 0.382683 0.000000
vn 0.000000 0.000000 -1.000000
vn 0.923880 -0.382683 0.000000
vn 0.000000 0.000000 1.000000
vn 0.923880 -0.382683 0.000000
vn -0.707107 -0.707107 0.000000
vn 0.000000 0.000000 -1.000000
vn -0.707107 -0.707107 0.000000
vn 0.000000 0.000000 1.000000
vn -0.707107 0.707107 0.000000
vn 0.000000 0.000000 -1.000000
vn -0.707107 0.707107 0.000000
vn 0.000000 0.000000 1.000000
vn 0.000000 0.000000 -1.000000
vn 0.831470 0.555570 0.000000
vn 0.000000 0.000000 1.000000
vn 0.831470 0.555570 0.000000
vn 0.000000 0.000000 -1.000000
vn 0.831470 -0.555570 0.000000
vn 0.000000 0.000000 1.000000
vn 0.831470 -0.555570 0.000000
vn -0.951057 0.309017 0.000000
vn -0.951057 0.309017 0.000000
vn -0.309017 -0.951057 0.000000
vn -0.309017 -0.951057 0.000000
vn -0.951057 -0.309017 0.000000
vn -0.309017 0.951057 0.000000
vn -0.309017 0.951057 0.000000
vn 0.000000 0.000000 -1.000000
vn 0.707107 0.707107 0.000000
vn 0.000000 0.000000 1.000000
vn 0.707107 0.707107 0.000000
vn 0.000000 0.000000 -1.000000
vn 0.707107 -0.707107 0.000000
vn 0.000000 0.000000 1.000000
vn 0.707107 -0.707107 0.000000
vn -0.672499 0.218508 -0.707107
vn -0.309017 -0.951057 0.000000
vn -0.309017 -0.951057 0.000000
vn -0.672499 0.218508 0.707107
vn -0.309017 -0.951057 0.000000
vn -0.309017 -0.951057 0.000000
vn -0.672499 -0.218508 -0.707107
vn -0.309017 0.951057 0.000000
vn -0.309017 0.951057 0.000000
vn -0.672499 -0.218508 0.707107
vn -0.309017 0.951057 0.000000
vn -0.309017 0.951057 0.000000
vn -0.555570 -0.831470 0.000000
vn 0.000000 0.000000 -1.000000
vn -0.555570 -0.831470 0.000000
vn 0.000000 0.000000 1.000000
vn -0.555570 0.831470 0.000000
vn 0.000000 0.000000 -1.000000
vn -0.555570 0.831470 0.000000
vn 0.000000 0.000000 1.000000
vn -0.309017 -0.951057 0.000000
vn -0.309017 -0.951057 0.000000
vn 0.000000 0.000000 -1.000000
vn -0.309017 -0.951057 0.000000
vn -0.309017 -0.951057 0.000000
vn -0.309017 -0.951057 0.000000
vn 0.000000 0.000000 1.000000
vn -0.309017 0.951057 0.000000
vn -0.309017 0.951057 0.000000
vn 0.000000 0.000000 -1.000000
vn -0.309017 0.951057 0.000000
vn -0.309017 0.951057 0.000000
vn -0.309017 0.951057 0.000000
vn 0.000000 0.000000 1.000000
vn -0.951057 0.309017 0.000000
vn -0.951057 0.309017 0.000000
vn 0.309017 0.951057 0.000000
vn 0.309017 0.951057 0.000000
vn -0.951057 -0.309017 0.000000
vn 0.309017 -0.951057 0.000000
vn 0.309017 -0.951057 0.000000
vn 0.000000 0.000000 -1.000000
vn 0.555570 0.831470 0.000000
vn 0.000000 0.000000 1.000000
vn 0.555570 0.831470 0.000000
vn 0.000000 0.000000 -1.000000
vn 0.555570 -0.831470 0.000000
vn 0.000000 0.000000 1.000000
vn 0.555570 -0.831470 0.000000
vn -0.672499 0.218508 -0.707107
vn 0.309017 0.951057 0.000000
vn 0.309017 0.951057 0.000000
vn -0.672499 0.218508 0.707107
vn 0.309017 0.951057 0.000000
vn 0.309017 0.951057 0.000000
vn -0.672499 -0.218508 -0.707107
vn 0.309017 -0.951057 0.000000
vn 0.309017 -0.951057 0.000000
vn -0.672499 -0.218508 0.707107
vn 0.309017 -0.951057 0.000000
vn 0.309017 -0.951057 0.000000
vn -0.309017 -0.951057 0.000000
vn -0.309017 -0.951057 0.000000
vn 0.672499 -0.218508 -0.707107
vn -0.309017 -0.951057 0.000000
vn -0.309017 -0.951057 0.000000
vn 0.672499 -0.218508 0.707107
vn -0.309017 0.951057 0.000000
vn -0.309017 0.951057 0.000000
vn 0.672499 0.218508 -0.707107
vn -0.309017 0.951057 0.000000
vn -0.309017 0.951057 0.000000
vn 0.672499 0.218508 0.707107
vn -0.309017 -0.951057 0.000000
vn -0.309017 -0.951057 0.000000
vn 0.951057 -0.309017 0.000000
vn -0.309017 0.951057 0.000000
vn -0.309017 0.951057 0.000000
vn 0.951057 0.309017 0.000000
vn 0.951057 0.309017 0.000000
vn -0.382683 -0.923880 0.000000
vn 0.000000 0.000000 -1.000000
vn -0.382683 -0.923880 0.000000
vn 0.000000 0.000000 1.000000
vn -0.382683 0.923880 0.000000
vn 0.000000 0.000000 -1.000000
vn -0.382683 0.923880 0.000000
vn 0.000000 0.000000 1.000000
vn 0.000000 0.000000 -1.000000
vn 0.309017 0.951057 0.000000
vn 0.309017 0.951057 0.000000
vn 0.309017 0.951057 0.000000
vn 0.000000 0.000000 1.000000
vn 0.309017 0.951057 0.000000
vn 0.309017 0.951057 0.000000
vn 0.000000 0.000000 -1.000000
vn 0.309017 -0.951057 0.000000
vn 0.309017 -0.951057 0.000000
vn 0.309017 -0.951057 0.000000
vn 0.000000 0.000000 1.000000
vn 0.309017 -0.951057 0.000000
vn 0.309017 -0.951057 0.000000
vn 0.000000 0.000000 -1.000000
vn 0.382683 0.923880 0.000000
vn 0.000000 0.000000 1.000000
vn 0.382683 0.923880 0.000000
vn 0.000000 0.000000 -1.000000
vn 0.382683 -0.923880 0.000000
vn 0.000000 0.000000 1.000000
vn 0.382683 -0.923880 0.000000
vn 0.309017 0.951057 0.000000
vn 0.309017 0.951057 0.000000
vn 0.672499 -0.218508 -0.707107
vn 0.309017 0.951057 0.000000
vn 0.309017 0.951057 0.000000
vn 0.672499 -0.218508 0.707107
vn 0.309017 -0.951057 0.000000
vn 0.309017 -0.951057 0.000000
vn 0.672499 0.218508 -0.707107
vn 0.309017 -0.951057 0.000000
vn 0.309017 -0.951057 0.000000
vn 0.672499 0.218508 0.707107
vn 0.309017 0.951057 0.000000
vn 0.309017 0.951057 0.000000
vn 0.951057 -0.309017 0.000000
vn 0.309017 -0.951057 0.000000
vn 0.309017 -0.951057 0.000000
vn 0.951057 0.309017 0.000000
vn 0.951057 0.309017 0.000000
vn -0.195090 -0.980785 0.000000
vn 0.000000 0.000000 -1.000000
vn -0.195090 -0.980785 0.000000
vn 0.000000 0.000000 1.000000
vn -0.195090 0.980785 0.000000
vn 0.000000 0.000000 -1.000000
vn -0.195090 0.980785 0.000000
vn 0.000000 0.000000 1.000000
vn 0.000000 0.000000 -1.000000
vn 0.195090 0.980785 0.000000
vn 0.000000 0.000000 1.000000
vn 0.195090 0.980785 0.000000
vn 0.000000 0.000000 -1.000000
vn 0.195090 -0.980785 0.000000
vn 0.000000 0.000000 1.000000
vn 0.195090 -0.980785 0.000000
vn -1.000000 0.000000 0.000000
vn 0.000000 -1.000000 0.000000
vn 0.000000 -1.000000 0.000000
vn -1.000000 0.000000 0.000000
vn 0.000000 1.000000 0.000000
vn 0.000000 1.000000 0.000000
vn -0.707107 0.000000 -0.707107
vn 0.000000 -1.000000 0.000000
vn 0.000000 -1.000000 0.000000
vn -0.707107 0.000000 0.707107
vn 0.000000 -1.000000 0.000000
vn 0.000000 -1.000000 0.000000
vn -0.707107 0.000000 -0.707107
vn 0.000000 1.000000 0.000000
vn 0.000000 1.000000 0.000000
vn -0.707107 0.000000 0.707107
vn 0.000000 1.000000 0.000000
vn 0.000000 1.000000 0.000000
vn 0.000000 -1.000000 0.000000
vn 0.000000 -1.000000 0.000000
vn 0.000000 0.000000 -1.000000
vn 0.000000 -1.000000 0.000000
vn 0.000000 -1.000000 0.000000
vn 0.000000 -1.000000 0.000000
vn 0.000000 0.000000 1.000000
vn 0.000000 -1.000000 0.000000
vn 0.000000 0.000000 -1.000000
vn 0.000000 -1.000000 0.000000
vn 0.000000 0.000000 1.000000
vn 0.000000 0.000000 -1.000000
vn 0.000000 1.000000 0.000000
vn 0.000000 0.000000 1.000000
vn 0.000000 1.000000 0.000000
vn 0.000000 0.000000 -1.000000
vn 0.000000 1.000000 0.000000
vn 0.000000 1.000000 0.000000
vn 0.000000 1.000000 0.000000
vn 0.000000 0.000000 1.000000
vn 0.000000 1.000000 0.000000
vn 0.000000 1.000000 0.000000
vn 0.000000 -1.000000 0.000000
vn 0.000000 0.000000 -1.000000
vn 0.000000 -1.000000 0.000000
vn 0.000000 0.000000 1.000000
vn 0.000000 0.000000 -1.000000
vn 0.000000 1.000000 0.000000
vn 0.000000 0.000000 1.000000
vn 0.000000 1.000000 0.000000
vn 0.000000 -1.000000 0.000000
vn 0.000000 -1.000000 0.000000
vn 0.707107 0.000000 -0.707107
vn 0.000000 -1.000000 0.000000
vn 0.000000 -1.000000 0.000000
vn 0.707107 0.000000 0.707107
vn 0.000000 1.000000 0.000000
vn 0.000000 1.000000 0.000000
vn 0.707107 0.000000 -0.707107
vn 0.000000 1.000000 0.000000
vn 0.000000 1.000000 0.000000
vn 0.707107 0.000000 0.707107
vn 0.000000 -1.000000 0.000000
vn 0.000000 -1.000000 0.000000
vn 1.000000 0.000000 0.000000
vn 1.000000 0.000000 0.000000
vn 0.000000 1.000000 0.000000
vn 0.000000 1.000000 0.000000
vn 1.000000 0.000000 0.000000
vn 1.000000 0.000000 0.000000
vn -0.195090 0.980785 0.000000
vn 0.000000 0.000000 -1.000000
vn -0.195090 0.980785 0.000000
vn 0.000000 0.000000 1.000000
vn -0.195090 -0.980785 0.000000
vn 0.000000 0.000000 -1.000000
vn -0.195090 -0.980785 0.000000
vn 0.000000 0.000000 1.000000
vn 0.000000 0.000000 -1.000000
vn 0.195090 -0.980785 0.000000
vn 0.000000 0.000000 1.000000
vn 0.195090 -0.980785 0.000000
vn 0.000000 0.000000 -1.000000
vn 0.195090 0.980785 0.000000
vn 0.000000 0.000000 1.000000
vn 0.195090 0.980785 0.000000
vn -0.951057 -0.309017 0.000000
vn -0.951057 -0.309017 0.000000
vn -0.309017 0.951057 0.000000
vn -0.309017 0.951057 0.000000
vn -0.951057 0.309017 0.000000
vn -0.309017 -0.951057 0.000000
vn -0.309017 -0.951057 0.000000
vn -0.672499 -0.218508 -0.707107
vn -0.309017 0.951057 0.000000
vn -0.309017 0.951057 0.000000
vn -0.672499 -0.218508 0.707107
vn -0.309017 0.951057 0.000000
vn -0.309017 0.951057 0.000000
vn -0.672499 0.218508 -0.707107
vn -0.309017 -0.951057 0.000000
vn -0.309017 -0.951057 0.000000
vn -0.672499 0.218508 0.707107
vn -0.309017 -0.951057 0.000000
vn -0.309017 -0.951057 0.000000
vn -0.382683 0.923880 0.000000
vn 0.000000 0.000000 -1.000000
vn -0.382683 0.923880 0.000000
vn 0.000000 0.000000 1.000000
vn -0.382683 -0.923880 0.000000
vn 0.000000 0.000000 -1.000000
vn -0.382683 -0.923880 0.000000
vn 0.000000 0.000000 1.000000
vn -0.309017 0.951057 0.000000
vn -0.309017 0.951057 0.000000
vn 0.000000 0.000000 -1.000000
vn -0.309017 0.951057 0.000000
vn -0.309017 0.951057 0.000000
vn -0.309017 0.951057 0.000000
vn 0.000000 0.000000 1.000000
vn -0.309017 -0.951057 0.000000
vn -0.309017 -0.951057 0.000000
vn 0.000000 0.000000 -1.000000
vn -0.309017 -0.951057 0.000000
vn -0.309017 -0.951057 0.000000
vn -0.309017 -0.951057 0.000000
vn 0.000000 0.000000 1.000000
vn 0.000000 0.000000 -1.000000
vn 0.382683 -0.923880 0.000000
vn 0.000000 0.000000 1.000000
vn 0.382683 -0.923880 0.000000
vn 0.000000 0.000000 -1.000000
vn 0.382683 0.923880 0.000000
vn 0.000000 0.000000 1.000000
vn 0.382683 0.923880 0.000000
vn -0.951057 -0.309017 0.000000
vn -0.951057 -0.309017 0.000000
vn 0.309017 -0.951057 0.000000
vn 0.309017 -0.951057 0.000000
vn -0.951057 0.309017 0.000000
vn 0.309017 0.951057 0.000000
vn 0.309017 0.951057 0.000000
vn -0.672499 -0.218508 -0.707107
vn 0.309017 -0.951057 0.000000
vn 0.309017 -0.951057 0.000000
vn -0.672499 -0.218508 0.707107
vn 0.309017 -0.951057 0.000000
vn 0.309017 -0.951057 0.000000
vn -0.672499 0.218508 -0.707107
vn 0.309017 0.951057 0.000000
vn 0.309017 0.951057 0.000000
vn -0.672499 0.218508 0.707107
vn 0.309017 0.951057 0.000000
vn 0.309017 0.951057 0.000000
vn -0.309017 0.951057 0.000000
vn -0.309017 0.951057 0.000000
vn 0.672499 0.218508 -0.707107
vn -0.309017 0.951057 0.000000
vn -0.309017 0.951057 0.000000
vn 0.672499 0.218508 0.707107
vn -0.309017 -0.951057 0.000000
vn -0.309017 -0.951057 0.000000
vn 0.672499 -0.218508 -0.707107
vn -0.309017 -0.951057 0.000000
vn -0.309017 -0.951057 0.000000
vn 0.672499 -0.218508 0.707107
vn -0.555570 0.831470 0.000000
vn 0.000000 0.000000 -1.000000
vn -0.555570 0.831470 0.000000
vn 0.000000 0.000000 1.000000
vn -0.555570 -0.831470 0.000000
vn 0.000000 0.000000 -1.000000
vn -0.555570 -0.831470 0.000000
vn 0.000000 0.000000 1.000000
vn -0.309017 0.951057 0.000000
vn -0.309017 0.951057 0.000000
vn 0.951057 0.309017 0.000000
vn -0.309017 -0.951057 0.000000
vn -0.309017 -0.951057 0.000000
vn 0.951057 -0.309017 0.000000
vn 0.951057 -0.309017 0.000000
vn 0.000000 0.000000 -1.000000
vn 0.309017 -0.951057 0.000000
vn 0.309017 -0.951057 0.000000
vn 0.309017 -0.951057 0.000000
vn 0.000000 0.000000 1.000000
vn 0.309017 -0.951057 0.000000
vn 0.309017 -0.951057 0.000000
vn 0.000000 0.000000 -1.000000
vn 0.309017 0.951057 0.000000
vn 0.309017 0.951057 0.000000
vn 0.309017 0.951057 0.000000
vn 0.000000 0.000000 1.000000
vn 0.309017 0.951057 0.000000
vn 0.309017 0.951057 0.000000
vn 0.000000 0.000000 -1.000000
vn 0.555570 -0.831470 0.000000
vn 0.000000 0.000000 1.000000
vn 0.555570 -0.831470 0.000000
vn 0.000000 0.000000 -1.000000
vn 0.555570 0.831470 0.000000
vn 0.000000 0.000000 1.000000
vn 0.555570 0.831470 0.000000
vn 0.309017 -0.951057 0.000000
vn 0.309017 -0.951057 0.000000
vn 0.672499 0.218508 -0.707107
vn 0.309017 -0.951057 0.000000
vn 0.309017 -0.951057 0.000000
vn 0.672499 0.218508 0.707107
vn 0.309017 0.951057 0.000000
vn 0.309017 0.951057 0.000000
vn 0.672499 -0.218508 -0.707107
vn 0.309017 0.951057 0.000000
vn 0.309017 0.951057 0.000000
vn 0.672499 -0.218508 0.707107
vn -0.707107 0.707107 0.000000
vn 0.000000 0.000000 -1.000000
vn -0.707107 0.707107 0.000000
vn 0.000000 0.000000 1.000000
vn -0.707107 -0.707107 0.000000
vn 0.000000 0.000000 -1.000000
vn -0.707107 -0.707107 0.000000
vn 0.000000 0.000000 1.000000
vn 0.309017 -0.951057 0.000000
vn 0.309017 -0.951057 0.000000
vn 0.951057 0.309017 0.000000
vn 0.309017 0.951057 0.000000
vn 0.309017 0.951057 0.000000
vn 0.951057 -0.309017 0.000000
vn 0.951057 -0.309017 0.000000
vn -0.831470 0.555570 0.000000
vn 0.000000 0.000000 -1.000000
vn -0.831470 0.555570 0.000000
vn 0.000000 0.000000 1.000000
vn -0.831470 -0.555570 0.000000
vn 0.000000 0.000000 -1.000000
vn -0.831470 -0.555570 0.000000
vn 0.000000 0.000000 1.000000
vn 0.000000 0.000000 -1.000000
vn 0.707107 -0.707107 0.000000
vn 0.000000 0.000000 1.000000
vn 0.707107 -0.707107 0.000000
vn 0.000000 0.000000 -1.000000
vn 0.707107 0.707107 0.000000
vn 0.000000 0.000000 1.000000
vn 0.707107 0.707107 0.000000
vn -0.923880 0.382683 0.000000
vn 0.000000 0.000000 -1.000000
vn -0.923880 0.382683 0.000000
vn 0.000000 0.000000 1.000000
vn -0.923880 -0.382683 0.000000
vn 0.000000 0.000000 -1.000000
vn -0.923880 -0.382683 0.000000
vn 0.000000 0.000000 1.000000
vn -0.980785 0.195090 0.000000
vn 0.000000 0.000000 -1.000000
vn -0.980785 0.195090 0.000000
vn 0.000000 0.000000 1.000000
vn -0.980785 -0.195090 0.000000
vn 0.000000 0.000000 -1.000000
vn -0.980785 -0.195090 0.000000
vn 0.000000 0.000000 1.000000
vn -1.000000 0.000000 0.000000
vn -1.000000 0.000000 0.000000
vn 0.000000 0.000000 -1.000000
vn -1.000000 0.000000 0.000000
vn -1.000000 0.000000 0.000000
vn 0.000000 0.000000 1.000000
vn 0.000000 0.000000 -1.000000
vn 0.831470 -0.555570 0.000000
vn 0.000000 0.000000 1.000000
vn 0.831470 -0.555570 0.000000
vn 0.000000 0.000000 -1.000000
vn 0.831470 0.555570 0.000000
vn 0.000000 0.000000 1.000000
vn 0.831470 0.555570 0.000000
vn -0.809017 0.587785 0.000000
vn -0.809017 0.587785 0.000000
vn -0.587785 -0.809017 0.000000
vn -0.809017 -0.587785 0.000000
vn -0.809017 -0.587785 0.000000
vn -0.587785 0.809017 0.000000
vn 0.000000 0.000000 -1.000000
vn 0.923880 -0.382683 0.000000
vn 0.000000 0.000000 1.000000
vn 0.923880 -0.382683 0.000000
vn 0.000000 0.000000 -1.000000
vn 0.923880 0.382683 0.000000
vn 0.000000 0.000000 1.000000
vn 0.923880 0.382683 0.000000
vn -0.809017 0.587785 0.000000
vn -0.809017 0.587785 0.000000
vn -0.415627 -0.572061 -0.707107
vn -0.809017 0.587785 0.000000
vn -0.809017 0.587785 0.000000
vn -0.415627 -0.572061 0.707107
vn -0.809017 -0.587785 0.000000
vn -0.809017 -0.587785 0.000000
vn -0.415627 0.572061 -0.707107
vn -0.809017 -0.587785 0.000000
vn -0.809017 -0.587785 0.000000
vn -0.415627 0.572061 0.707107
vn 0.000000 0.000000 -1.000000
vn 0.980785 -0.195090 0.000000
vn 0.000000 0.000000 1.000000
vn 0.980785 -0.195090 0.000000
vn 0.000000 0.000000 -1.000000
vn 0.980785 0.195090 0.000000
vn 0.000000 0.000000 1.000000
vn 0.980785 0.195090 0.000000
vn -0.809017 0.587785 0.000000
vn -0.809017 0.587785 0.000000
vn 0.000000 0.000000 -1.000000
vn -0.809017 0.587785 0.000000
vn -0.809017 0.587785 0.000000
vn -0.809017 0.587785 0.000000
vn 0.000000 0.000000 1.000000
vn 0.000000 0.000000 1.000000
vn -0.809017 -0.587785 0.000000
vn -0.809017 -0.587785 0.000000
vn 0.000000 0.000000 -1.000000
vn -0.809017 -0.587785 0.000000
vn -0.809017 -0.587785 0.000000
vn -0.809017 -0.587785 0.000000
vn 0.000000 0.000000 1.000000
vn 0.000000 0.000000 1.000000
vn 0.000000 0.000000 -1.000000
vn 1.000000 0.000000 0.000000
vn 1.000000 0.000000 0.000000
vn 0.000000 0.000000 1.000000
vn 1.000000 0.000000 0.000000
vn 1.000000 0.000000 0.000000
vn -0.809017 0.587785 0.000000
vn -0.809017 0.587785 0.000000
vn 0.415627 0.572061 -0.707107
vn -0.809017 0.587785 0.000000
vn -0.809017 0.587785 0.000000
vn 0.415627 0.572061 0.707107
vn -0.809017 -0.587785 0.000000
vn -0.809017 -0.587785 0.000000
vn 0.415627 -0.572061 -0.707107
vn -0.809017 -0.587785 0.000000
vn -0.809017 -0.587785 0.000000
vn 0.415627 -0.572061 0.707107
vn -0.809017 0.587785 0.000000
vn -0.809017 0.587785 0.000000
vn 0.587785 0.809017 0.000000
vn -0.809017 -0.587785 0.000000
vn -0.809017 -0.587785 0.000000
vn 0.587785 -0.809017 0.000000
vn -1.000000 0.000000 0.000000
vn -1.000000 0.000000 0.000000
vn 0.000000 -1.000000 0.000000
vn -1.000000 0.000000 0.000000
vn -1.000000 0.000000 0.000000
vn 0.000000 -0.707107 -0.707107
vn -1.000000 0.000000 0.000000
vn -1.000000 0.000000 0.000000
vn 0.000000 -0.707107 0.707107
vn -1.000000 0.000000 0.000000
vn -1.000000 0.000000 0.000000
vn 0.000000 0.000000 -1.000000
vn -1.000000 0.000000 0.000000
vn -1.000000 0.000000 0.000000
vn -1.000000 0.000000 0.000000
vn 0.000000 0.000000 1.000000
vn 0.000000 0.000000 1.000000
vn -1.000000 0.000000 0.000000
vn -1.000000 0.000000 0.000000
vn 0.000000 0.707107 -0.707107
vn -1.000000 0.000000 0.000000
vn -1.000000 0.000000 0.000000
vn 0.000000 0.707107 0.707107
vn -1.000000 0.000000 0.000000
vn -1.000000 0.000000 0.000000
vn 0.000000 1.000000 0.000000
vn -0.587785 -0.809017 0.000000
vn 0.809017 -0.587785 0.000000
vn 0.809017 -0.587785 0.000000
vn -0.587785 0.809017 0.000000
vn 0.809017 0.587785 0.000000
vn 0.809017 0.587785 0.000000
vn -0.415627 -0.572061 -0.707107
vn 0.809017 -0.587785 0.000000
vn 0.809017 -0.587785 0.000000
vn -0.415627 -0.572061 0.707107
vn 0.809017 -0.587785 0.000000
vn 0.809017 -0.587785 0.000000
vn -0.415627 0.572061 -0.707107
vn 0.809017 0.587785 0.000000
vn 0.809017 0.587785 0.000000
vn -0.415627 0.572061 0.707107
vn 0.809017 0.587785 0.000000
vn 0.809017 0.587785 0.000000
vn 0.000000 0.000000 -1.000000
vn 0.809017 -0.587785 0.000000
vn 0.809017 -0.587785 0.000000
vn 0.809017 -0.587785 0.000000
vn 0.000000 0.000000 1.000000
vn 0.000000 0.000000 1.000000
vn 0.809017 -0.587785 0.000000
vn 0.809017 -0.587785 0.000000
vn 0.000000 0.000000 -1.000000
vn 0.809017 0.587785 0.000000
vn 0.809017 0.587785 0.000000
vn 0.809017 0.587785 0.000000
vn 0.000000 0.000000 1.000000
vn 0.000000 0.000000 1.000000
vn 0.809017 0.587785 0.000000
vn 0.809017 0.587785 0.000000
vn 0.415627 0.572061 -0.707107
vn 0.809017 -0.587785 0.000000
vn 0.809017 -0.587785 0.000000
vn 0.415627 0.572061 0.707107
vn 0.809017 -0.587785 0.000000
vn 0.809017 -0.587785 0.000000
vn 0.415627 -0.572061 -0.707107
vn 0.809017 0.587785 0.000000
vn 0.809017 0.587785 0.000000
vn 0.415627 -0.572061 0.707107
vn 0.809017 0.587785 0.000000
vn 0.809017 0.587785 0.000000
vn 0.587785 0.809017 0.000000
vn 0.809017 -0.587785 0.000000
vn 0.809017 -0.587785 0.000000
vn 0.587785 -0.809017 0.000000
vn 0.809017 0.587785 0.000000
vn 0.809017 0.587785 0.000000
vn 0.000000 -1.000000 0.000000
vn 1.000000 0.000000 0.000000
vn 1.000000 0.000000 0.000000
vn 0.000000 -0.707107 -0.707107
vn 1.000000 0.000000 0.000000
vn 1.000000 0.000000 0.000000
vn 0.000000 -0.707107 0.707107
vn 1.000000 0.000000 0.000000
vn 1.000000 0.000000 0.000000
vn 0.000000 0.000000 -1.000000
vn 1.000000 0.000000 0.000000
vn 1.000000 0.000000 0.000000
vn 1.000000 0.000000 0.000000
vn 0.000000 0.000000 1.000000
vn 0.000000 0.000000 1.000000
vn 1.000000 0.000000 0.000000
vn 1.000000 0.000000 0.000000
vn 0.000000 0.707107 -0.707107
vn 1.000000 0.000000 0.000000
vn 1.000000 0.000000 0.000000
vn 0.000000 0.707107 0.707107
vn 1.000000 0.000000 0.000000
vn 1.000000 0.000000 0.000000
vn 0.000000 1.000000 0.000000
vn 1.000000 0.000000 0.000000
vn 1.000000 0.000000 0.000000
usemtl Trim
s 1
f 1359/1359/1359 1347/1347/1347 1353/1353/1353
f 1359/1359/1359 1353/1353/1353 1363/1363/1363
f 1347/1347/1347 1317/1317/1317 1330/1330/1330
f 1347/1347/1347 1330/1330/1330 1353/1353/1353
f 1317/1317/1317 1303/1303/1303 1309/1309/1309
f 1317/1317/1317 1309/1309/1309 1330/1330/1330
f 1303/1303/1303 1297/1297/1297 1300/1300/1300
f 1303/1303/1303 1300/1300/1300 1309/1309/1309
f 1297/1297/1297 1306/1306/1306 1312/1312/1312
f 1297/1297/1297 1312/1312/1312 1300/1300/1300
f 1306/1306/1306 1321/1321/1321 1334/1334/1334
f 1306/1306/1306 1334/1334/1334 1312/1312/1312
f 1321/1321/1321 1350/1350/1350 1356/1356/1356
f 1321/1321/1321 1356/1356/1356 1334/1334/1334
f 1350/1350/1350 1360/1360/1360 1364/1364/1364
f 1350/1350/1350 1364/1364/1364 1356/1356/1356
f 1318/1318/1318 1346/1346/1346 1357/1357/1357
f 1318/1318/1318 1316/1316/1316 1345/1345/1345
f 1318/1318/1318 1305/1305/1305 1315/1315/1315
f 1318/1318/1318 1299/1299/1299 1304/1304/1304
f 1318/1318/1318 1308/1308/1308 1298/1298/1298
f 1318/1318/1318 1320/1320/1320 1307/1307/1307
f 1318/1318/1318 1349/1349/1349 1319/1319/1319
f 1318/1318/1318 1358/1358/1358 1348/1348/1348
f 1333/1333/1333 1361/1361/1361 1352/1352/1352
f 1333/1333/1333 1351/1351/1351 1332/1332/1332
f 1333/1333/1333 1331/1331/1331 1311/1311/1311
f 1333/1333/1333 1310/1310/1310 1302/1302/1302
f 1333/1333/1333 1301/1301/1301 1314/1314/1314
f 1333/1333/1333 1313/1313/1313 1336/1336/1336
f 1333/1333/1333 1335/1335/1335 1355/1355/1355
f 1333/1333/1333 1354/1354/1354 1362/1362/1362
f 1559/1559/1559 1597/1597/1597 1550/1550/1550
f 1559/1559/1559 1621/1621/1621 1597/1597/1597
f 1550/1550/1550 1577/1577/1577 1542/1542/1542
f 1550/1550/1550 1597/1597/1597 1577/1577/1577
f 1542/1542/1542 1563/1563/1563 1526/1526/1526
f 1542/1542/1542 1577/1577/1577 1563/1563/1563
f 1526/1526/1526 1533/1533/1533 1511/1511/1511
f 1526/1526/1526 1563/1563/1563 1533/1533/1533
f 1511/1511/1511 1490/1490/1490 1462/1462/1462
f 1511/1511/1511 1533/1533/1533 1490/1490/1490
f 1462/1462/1462 1422/1422/1422 1401/1401/1401
f 1462/1462/1462 1490/1490/1490 1422/1422/1422
f 1401/1401/1401 1373/1373/1373 1366/1366/1366
f 1401/1401/1401 1422/1422/1422 1373/1373/1373
f 1366/1366/1366 1323/1323/1323 1326/1326/1326
f 1366/1366/1366 1373/1373/1373 1323/1323/1323
f 1326/1326/1326 1282/1282/1282 1289/1289/1289
f 1326/1326/1326 1323/1323/1323 1282/1282/1282
f 1289/1289/1289 1233/1233/1233 1254/1254/1254
f 1289/1289/1289 1282/1282/1282 1233/1233/1233
f 1254/1254/1254 1165/1165/1165 1193/1193/1193
f 1254/1254/1254 1233/1233/1233 1165/1165/1165
f 1193/1193/1193 1122/1122/1122 1144/1144/1144
f 1193/1193/1193 1165/1165/1165 1122/1122/1122
f 1144/1144/1144 1094/1094/1094 1129/1129/1129
f 1144/1144/1144 1122/1122/1122 1094/1094/1094
f 1129/1129/1129 1080/1080/1080 1113/1113/1113
f 1129/1129/1129 1094/1094/1094 1080/1080/1080
f 1113/1113/1113 1060/1060/1060 1105/1105/1105
f 1113/1113/1113 1080/1080/1080 1060/1060/1060
f 1105/1105/1105 1040/1040/1040 1101/1101/1101
f 1105/1105/1105 1060/1060/1060 1040/1040/1040
f 1101/1101/1101 1064/1064/1064 1109/1109/1109
f 1101/1101/1101 1040/1040/1040 1064/1064/1064
f 1109/1109/1109 1084/1084/1084 1117/1117/1117
f 1109/1109/1109 1064/1064/1064 1084/1084/1084
f 1117/1117/1117 1098/1098/1098 1133/1133/1133
f 1117/1117/1117 1084/1084/1084 1098/1098/1098
f 1133/1133/1133 1126/1126/1126 1148/1148/1148
f 1133/1133/1133 1098/1098/1098 1126/1126/1126
f 1148/1148/1148 1169/1169/1169 1197/1197/1197
f 1148/1148/1148 1126/1126/1126 1169/1169/1169
f 1197/1197/1197 1237/1237/1237 1258/1258/1258
f 1197/1197/1197 1169/1169/1169 1237/1237/1237
f 1258/1258/1258 1286/1286/1286 1293/1293/1293
f 1258/1258/1258 1237/1237/1237 1286/1286/1286
f 1293/1293/1293 1341/1341/1341 1338/1338/1338
f 1293/1293/1293 1286/1286/1286 1341/1341/1341
f 1338/1338/1338 1377/1377/1377 1370/1370/1370
f 1338/1338/1338 1341/1341/1341 1377/1377/1377
f 1370/1370/1370 1426/1426/1426 1405/1405/1405
f 1370/1370/1370 1377/1377/1377 1426/1426/1426
f 1405/1405/1405 1494/1494/1494 1466/1466/1466
f 1405/1405/1405 1426/1426/1426 1494/1494/1494
f 1466/1466/1466 1537/1537/1537 1515/1515/1515
f 1466/1466/1466 1494/1494/1494 1537/1537/1537
f 1515/1515/1515 1567/1567/1567 1530/1530/1530
f 1515/1515/1515 1537/1537/1537 1567/1567/1567
f 1530/1530/1530 1581/1581/1581 1546/1546/1546
f 1530/1530/1530 1567/1567/1567 1581/1581/1581
f 1546/1546/1546 1601/1601/1601 1554/1554/1554
f 1546/1546/1546 1581/1581/1581 1601/1601/1601
f 1554/1554/1554 1621/1621/1621 1559/1559/1559
f 1554/1554/1554 1601/1601/1601 1621/1621/1621
f 1622/1622/1622 1600/1600/1600 1598/1598/1598
f 1622/1622/1622 1625/1625/1625 1600/1600/1600
f 1598/1598/1598 1580/1580/1580 1578/1578/1578
f 1598/1598/1598 1600/1600/1600 1580/1580/1580
f 1578/1578/1578 1566/1566/1566 1564/1564/1564
f 1578/1578/1578 1580/1580/1580 1566/1566/1566
f 1564/1564/1564 1536/1536/1536 1534/1534/1534
f 1564/1564/1564 1566/1566/1566 1536/1536/1536
f 1534/1534/1534 1493/1493/1493 1491/1491/1491
f 1534/1534/1534 1536/1536/1536 1493/1493/1493
f 1491/1491/1491 1425/1425/1425 1423/1423/1423
f 1491/1491/1491 1493/1493/1493 1425/1425/1425
f 1423/1423/1423 1376/1376/1376 1374/1374/1374
f 1423/1423/1423 1425/1425/1425 1376/1376/1376
f 1374/1374/1374 1324/1324/1324 1322/1322/1322
f 1374/1374/1374 1376/1376/1376 1324/1324/1324
f 1322/1322/1322 1283/1283/1283 1281/1281/1281
f 1322/1322/1322 1324/1324/1324 1283/1283/1283
f 1281/1281/1281 1234/1234/1234 1232/1232/1232
f 1281/1281/1281 1283/1283/1283 1234/1234/1234
f 1232/1232/1232 1166/1166/1166 1164/1164/1164
f 1232/1232/1232 1234/1234/1234 1166/1166/1166
f 1164/1164/1164 1123/1123/1123 1121/1121/1121
f 1164/1164/1164 1166/1166/1166 1123/1123/1123
f 1121/1121/1121 1095/1095/1095 1093/1093/1093
f 1121/1121/1121 1123/1123/1123 1095/1095/1095
f 1093/1093/1093 1081/1081/1081 1079/1079/1079
f 1093/1093/1093 1095/1095/1095 1081/1081/1081
f 1079/1079/1079 1061/1061/1061 1059/1059/1059
f 1079/1079/1079 1081/1081/1081 1061/1061/1061
f 1059/1059/1059 1041/1041/1041 1039/1039/1039
f 1059/1059/1059 1061/1061/1061 1041/1041/1041
f 1039/1039/1039 1065/1065/1065 1063/1063/1063
f 1039/1039/1039 1041/1041/1041 1065/1065/1065
f 1063/1063/1063 1085/1085/1085 1083/1083/1083
f 1063/1063/1063 1065/1065/1065 1085/1085/1085
f 1083/1083/1083 1099/1099/1099 1097/1097/1097
f 1083/1083/1083 1085/1085/1085 1099/1099/1099
f 1097/1097/1097 1127/1127/1127 1125/1125/1125
f 1097/1097/1097 1099/1099/1099 1127/1127/1127
f 1125/1125/1125 1170/1170/1170 1168/1168/1168
f 1125/1125/1125 1127/1127/1127 1170/1170/1170
f 1168/1168/1168 1238/1238/1238 1236/1236/1236
f 1168/1168/1168 1170/1170/1170 1238/1238/1238
f 1236/1236/1236 1287/1287/1287 1285/1285/1285
f 1236/1236/1236 1238/1238/1238 1287/1287/1287
f 1285/1285/1285 1344/1344/1344 1342/1342/1342
f 1285/1285/1285 1287/1287/1287 1344/1344/1344
f 1342/1342/1342 1380/1380/1380 1378/1378/1378
f 1342/1342/1342 1344/1344/1344 1380/1380/1380
f 1378/1378/1378 1429/1429/1429 1427/1427/1427
f 1378/1378/1378 1380/1380/1380 1429/1429/1429
f 1427/1427/1427 1497/1497/1497 1495/1495/1495
f 1427/1427/1427 1429/1429/1429 1497/1497/1497
f 1495/1495/1495 1540/1540/1540 1538/1538/1538
f 1495/1495/1495 1497/1497/1497 1540/1540/1540
f 1538/1538/1538 1570/1570/1570 1568/1568/1568
f 1538/1538/1538 1540/1540/1540 1570/1570/1570
f 1568/1568/1568 1584/1584/1584 1582/1582/1582
f 1568/1568/1568 1570/1570/1570 1584/1584/1584
f 1582/1582/1582 1604/1604/1604 1602/1602/1602
f 1582/1582/1582 1584/1584/1584 1604/1604/1604
f 1602/1602/1602 1626/1626/1626 1623/1623/1623
f 1602/1602/1602 1604/1604/1604 1626/1626/1626
f 1624/1624/1624 1552/1552/1552 1599/1599/1599
f 1624/1624/1624 1562/1562/1562 1552/1552/1552
f 1599/1599/1599 1544/1544/1544 1579/1579/1579
f 1599/1599/1599 1552/1552/1552 1544/1544/1544
f 1579/1579/1579 1528/1528/1528 1565/1565/1565
f 1579/1579/1579 1544/1544/1544 1528/1528/1528
f 1565/1565/1565 1513/1513/1513 1535/1535/1535
f 1565/1565/1565 1528/1528/1528 1513/1513/1513
f 1535/1535/1535 1464/1464/1464 1492/1492/1492
f 1535/1535/1535 1513/1513/1513 1464/1464/1464
f 1492/1492/1492 1403/1403/1403 1424/1424/1424
f 1492/1492/1492 1464/1464/1464 1403/1403/1403
f 1424/1424/1424 1368/1368/1368 1375/1375/1375
f 1424/1424/1424 1403/1403/1403 1368/1368/1368
f 1375/1375/1375 1328/1328/1328 1325/1325/1325
f 1375/1375/1375 1368/1368/1368 1328/1328/1328
f 1325/1325/1325 1291/1291/1291 1284/1284/1284
f 1325/1325/1325 1328/1328/1328 1291/1291/1291
f 1284/1284/1284 1256/1256/1256 1235/1235/1235
f 1284/1284/1284 1291/1291/1291 1256/1256/1256
f 1235/1235/1235 1195/1195/1195 1167/1167/1167
f 1235/1235/1235 1256/1256/1256 1195/1195/1195
f 1167/1167/1167 1146/1146/1146 1124/1124/1124
f 1167/1167/1167 1195/1195/1195 1146/1146/1146
f 1124/1124/1124 1131/1131/1131 1096/1096/1096
f 1124/1124/1124 1146/1146/1146 1131/1131/1131
f 1096/1096/1096 1115/1115/1115 1082/1082/1082
f 1096/1096/1096 1131/1131/1131 1115/1115/1115
f 1082/1082/1082 1107/1107/1107 1062/1062/1062
f 1082/1082/1082 1115/1115/1115 1107/1107/1107
f 1062/1062/1062 1103/1103/1103 1042/1042/1042
f 1062/1062/1062 1107/1107/1107 1103/1103/1103
f 1042/1042/1042 1111/1111/1111 1066/1066/1066
f 1042/1042/1042 1103/1103/1103 1111/1111/1111
f 1066/1066/1066 1119/1119/1119 1086/1086/1086
f 1066/1066/1066 1111/1111/1111 1119/1119/1119
f 1086/1086/1086 1135/1135/1135 1100/1100/1100
f 1086/1086/1086 1119/1119/1119 1135/1135/1135
f 1100/1100/1100 1150/1150/1150 1128/1128/1128
f 1100/1100/1100 1135/1135/1135 1150/1150/1150
f 1128/1128/1128 1199/1199/1199 1171/1171/1171
f 1128/1128/1128 1150/1150/1150 1199/1199/1199
f 1171/1171/1171 1260/1260/1260 1239/1239/1239
f 1171/1171/1171 1199/1199/1199 1260/1260/1260
f 1239/1239/1239 1295/1295/1295 1288/1288/1288
f 1239/1239/1239 1260/1260/1260 1295/1295/1295
f 1288/1288/1288 1340/1340/1340 1343/1343/1343
f 1288/1288/1288 1295/1295/1295 1340/1340/1340
f 1343/1343/1343 1372/1372/1372 1379/1379/1379
f 1343/1343/1343 1340/1340/1340 1372/1372/1372
f 1379/1379/1379 1407/1407/1407 1428/1428/1428
f 1379/1379/1379 1372/1372/1372 1407/1407/1407
f 1428/1428/1428 1468/1468/1468 1496/1496/1496
f 1428/1428/1428 1407/1407/1407 1468/1468/1468
f 1496/1496/1496 1517/1517/1517 1539/1539/1539
f 1496/1496/1496 1468/1468/1468 1517/1517/1517
f 1539/1539/1539 1532/1532/1532 1569/1569/1569
f 1539/1539/1539 1517/1517/1517 1532/1532/1532
f 1569/1569/1569 1548/1548/1548 1583/1583/1583
f 1569/1569/1569 1532/1532/1532 1548/1548/1548
f 1583/1583/1583 1556/1556/1556 1603/1603/1603
f 1583/1583/1583 1548/1548/1548 1556/1556/1556
f 1603/1603/1603 1562/1562/1562 1624/1624/1624
f 1603/1603/1603 1556/1556/1556 1562/1562/1562
f 1560/1560/1560 1549/1549/1549 1551/1551/1551
f 1560/1560/1560 1557/1557/1557 1549/1549/1549
f 1551/1551/1551 1541/1541/1541 1543/1543/1543
f 1551/1551/1551 1549/1549/1549 1541/1541/1541
f 1543/1543/1543 1525/1525/1525 1527/1527/1527
f 1543/1543/1543 1541/1541/1541 1525/1525/1525
f 1527/1527/1527 1510/1510/1510 1512/1512/1512
f 1527/1527/1527 1525/1525/1525 1510/1510/1510
f 1512/1512/1512 1461/1461/1461 1463/1463/1463
f 1512/1512/1512 1510/1510/1510 1461/1461/1461
f 1463/1463/1463 1400/1400/1400 1402/1402/1402
f 1463/1463/1463 1461/1461/1461 1400/1400/1400
f 1402/1402/1402 1365/1365/1365 1367/1367/1367
f 1402/1402/1402 1400/1400/1400 1365/1365/1365
f 1367/1367/1367 1327/1327/1327 1329/1329/1329
f 1367/1367/1367 1365/1365/1365 1327/1327/1327
f 1329/1329/1329 1290/1290/1290 1292/1292/1292
f 1329/1329/1329 1327/1327/1327 1290/1290/1290
f 1292/1292/1292 1255/1255/1255 1257/1257/1257
f 1292/1292/1292 1290/1290/1290 1255/1255/1255
f 1257/1257/1257 1194/1194/1194 1196/1196/1196
f 1257/1257/1257 1255/1255/1255 1194/1194/1194
f 1196/1196/1196 1145/1145/1145 1147/1147/1147
f 1196/1196/1196 1194/1194/1194 1145/1145/1145
f 1147/1147/1147 1130/1130/1130 1132/1132/1132
f 1147/1147/1147 1145/1145/1145 1130/1130/1130
f 1132/1132/1132 1114/1114/1114 1116/1116/1116
f 1132/1132/1132 1130/1130/1130 1114/1114/1114
f 1116/1116/1116 1106/1106/1106 1108/1108/1108
f 1116/1116/1116 1114/1114/1114 1106/1106/1106
f 1108/1108/1108 1102/1102/1102 1104/1104/1104
f 1108/1108/1108 1106/1106/1106 1102/1102/1102
f 1104/1104/1104 1110/1110/1110 1112/1112/1112
f 1104/1104/1104 1102/1102/1102 1110/1110/1110
f 1112/1112/1112 1118/1118/1118 1120/1120/1120
f 1112/1112/1112 1110/1110/1110 1118/1118/1118
f 1120/1120/1120 1134/1134/1134 1136/1136/1136
f 1120/1120/1120 1118/1118/1118 1134/1134/1134
f 1136/1136/1136 1149/1149/1149 1151/1151/1151
f 1136/1136/1136 1134/1134/1134 1149/1149/1149
f 1151/1151/1151 1198/1198/1198 1200/1200/1200
f 1151/1151/1151 1149/1149/1149 1198/1198/1198
f 1200/1200/1200 1259/1259/1259 1261/1261/1261
f 1200/1200/1200 1198/1198/1198 1259/1259/1259
f 1261/1261/1261 1294/1294/1294 1296/1296/1296
f 1261/1261/1261 1259/1259/1259 1294/1294/1294
f 1296/1296/1296 1337/1337/1337 1339/1339/1339
f 1296/1296/1296 1294/1294/1294 1337/1337/1337
f 1339/1339/1339 1369/1369/1369 1371/1371/1371
f 1339/1339/1339 1337/1337/1337 1369/1369/1369
f 1371/1371/1371 1404/1404/1404 1406/1406/1406
f 1371/1371/1371 1369/1369/1369 1404/1404/1404
f 1406/1406/1406 1465/1465/1465 1467/1467/1467
f 1406/1406/1406 1404/1404/1404 1465/1465/1465
f 1467/1467/1467 1514/1514/1514 1516/1516/1516
f 1467/1467/1467 1465/1465/1465 1514/1514/1514
f 1516/1516/1516 1529/1529/1529 1531/1531/1531
f 1516/1516/1516 1514/1514/1514 1529/1529/1529
f 1531/1531/1531 1545/1545/1545 1547/1547/1547
f 1531/1531/1531 1529/1529/1529 1545/1545/1545
f 1547/1547/1547 1553/1553/1553 1555/1555/1555
f 1547/1547/1547 1545/1545/1545 1553/1553/1553
f 1555/1555/1555 1558/1558/1558 1561/1561/1561
f 1555/1555/1555 1553/1553/1553 1558/1558/1558
f 1660/1660/1660 1653/1653/1653 1729/1729/1729
f 1660/1660/1660 1729/1729/1729 1736/1736/1736
f 1653/1653/1653 1647/1647/1647 1723/1723/1723
f 1653/1653/1653 1723/1723/1723 1729/1729/1729
f 1647/1647/1647 1650/1650/1650 1726/1726/1726
f 1647/1647/1647 1726/1726/1726 1723/1723/1723
f 1650/1650/1650 1656/1656/1656 1732/1732/1732
f 1650/1650/1650 1732/1732/1732 1726/1726/1726
f 1656/1656/1656 1664/1664/1664 1740/1740/1740
f 1656/1656/1656 1740/1740/1740 1732/1732/1732
f 1664/1664/1664 1670/1670/1670 1746/1746/1746
f 1664/1664/1664 1746/1746/1746 1740/1740/1740
f 1670/1670/1670 1667/1667/1667 1743/1743/1743
f 1670/1670/1670 1743/1743/1743 1746/1746/1746
f 1667/1667/1667 1661/1661/1661 1737/1737/1737
f 1667/1667/1667 1737/1737/1737 1743/1743/1743
f 1657/1657/1657 1652/1652/1652 1658/1658/1658
f 1657/1657/1657 1646/1646/1646 1651/1651/1651
f 1657/1657/1657 1649/1649/1649 1645/1645/1645
f 1657/1657/1657 1655/1655/1655 1648/1648/1648
f 1657/1657/1657 1663/1663/1663 1654/1654/1654
f 1657/1657/1657 1669/1669/1669 1662/1662/1662
f 1657/1657/1657 1666/1666/1666 1668/1668/1668
f 1657/1657/1657 1659/1659/1659 1665/1665/1665
f 1735/1735/1735 1738/1738/1738 1731/1731/1731
f 1735/1735/1735 1730/1730/1730 1725/1725/1725
f 1735/1735/1735 1724/1724/1724 1728/1728/1728
f 1735/1735/1735 1727/1727/1727 1734/1734/1734
f 1735/1735/1735 1733/1733/1733 1742/1742/1742
f 1735/1735/1735 1741/1741/1741 1748/1748/1748
f 1735/1735/1735 1747/1747/1747 1745/1745/1745
f 1735/1735/1735 1744/1744/1744 1739/1739/1739
f 1619/1619/1619 1638/1638/1638 1714/1714/1714
f 1619/1619/1619 1714/1714/1714 1701/1701/1701
f 1638/1638/1638 1644/1644/1644 1720/1720/1720
f 1638/1638/1638 1720/1720/1720 1714/1714/1714
f 1644/1644/1644 1635/1635/1635 1711/1711/1711
f 1644/1644/1644 1711/1711/1711 1720/1720/1720
f 1635/1635/1635 1615/1615/1615 1697/1697/1697
f 1635/1635/1635 1697/1697/1697 1711/1711/1711
f 1615/1615/1615 1593/1593/1593 1683/1683/1683
f 1615/1615/1615 1683/1683/1683 1697/1697/1697
f 1593/1593/1593 1576/1576/1576 1674/1674/1674
f 1593/1593/1593 1674/1674/1674 1683/1683/1683
f 1576/1576/1576 1596/1596/1596 1686/1686/1686
f 1576/1576/1576 1686/1686/1686 1674/1674/1674
f 1596/1596/1596 1620/1620/1620 1702/1702/1702
f 1596/1596/1596 1702/1702/1702 1686/1686/1686
f 1616/1616/1616 1637/1637/1637 1617/1617/1617
f 1616/1616/1616 1643/1643/1643 1636/1636/1636
f 1616/1616/1616 1634/1634/1634 1642/1642/1642
f 1616/1616/1616 1614/1614/1614 1633/1633/1633
f 1616/1616/1616 1592/1592/1592 1613/1613/1613
f 1616/1616/1616 1575/1575/1575 1591/1591/1591
f 1616/1616/1616 1595/1595/1595 1574/1574/1574
f 1616/1616/1616 1618/1618/1618 1594/1594/1594
f 1700/1700/1700 1703/1703/1703 1716/1716/1716
f 1700/1700/1700 1715/1715/1715 1722/1722/1722
f 1700/1700/1700 1721/1721/1721 1713/1713/1713
f 1700/1700/1700 1712/1712/1712 1699/1699/1699
f 1700/1700/1700 1698/1698/1698 1685/1685/1685
f 1700/1700/1700 1684/1684/1684 1676/1676/1676
f 1700/1700/1700 1675/1675/1675 1688/1688/1688
f 1700/1700/1700 1687/1687/1687 1704/1704/1704
f 1474/1474/1474 1457/1457/1457 1506/1506/1506
f 1474/1474/1474 1506/1506/1506 1523/1523/1523
f 1457/1457/1457 1417/1417/1417 1483/1483/1483
f 1457/1457/1457 1483/1483/1483 1506/1506/1506
f 1417/1417/1417 1394/1394/1394 1443/1443/1443
f 1417/1417/1417 1443/1443/1443 1483/1483/1483
f 1394/1394/1394 1385/1385/1385 1434/1434/1434
f 1394/1394/1394 1434/1434/1434 1443/1443/1443
f 1385/1385/1385 1397/1397/1397 1446/1446/1446
f 1385/1385/1385 1446/1446/1446 1434/1434/1434
f 1397/1397/1397 1421/1421/1421 1487/1487/1487
f 1397/1397/1397 1487/1487/1487 1446/1446/1446
f 1421/1421/1421 1460/1460/1460 1509/1509/1509
f 1421/1421/1421 1509/1509/1509 1487/1487/1487
f 1460/1460/1460 1475/1475/1475 1524/1524/1524
f 1460/1460/1460 1524/1524/1524 1509/1509/1509
f 1418/1418/1418 1456/1456/1456 1472/1472/1472
f 1418/1418/1418 1416/1416/1416 1455/1455/1455
f 1418/1418/1418 1396/1396/1396 1415/1415/1415
f 1418/1418/1418 1387/1387/1387 1395/1395/1395
f 1418/1418/1418 1399/1399/1399 1386/1386/1386
f 1418/1418/1418 1420/1420/1420 1398/1398/1398
f 1418/1418/1418 1459/1459/1459 1419/1419/1419
f 1418/1418/1418 1473/1473/1473 1458/1458/1458
f 1486/1486/1486 1521/1521/1521 1505/1505/1505
f 1486/1486/1486 1504/1504/1504 1485/1485/1485
f 1486/1486/1486 1484/1484/1484 1445/1445/1445
f 1486/1486/1486 1444/1444/1444 1436/1436/1436
f 1486/1486/1486 1435/1435/1435 1448/1448/1448
f 1486/1486/1486 1447/1447/1447 1489/1489/1489
f 1486/1486/1486 1488/1488/1488 1508/1508/1508
f 1486/1486/1486 1507/1507/1507 1522/1522/1522
f 1279/1279/1279 1270/1270/1270 1221/1221/1221
f 1279/1279/1279 1221/1221/1221 1230/1230/1230
f 1270/1270/1270 1247/1247/1247 1181/1181/1181
f 1270/1270/1270 1181/1181/1181 1221/1221/1221
f 1247/1247/1247 1207/1207/1207 1158/1158/1158
f 1247/1247/1247 1158/1158/1158 1181/1181/1181
f 1207/1207/1207 1190/1190/1190 1141/1141/1141
f 1207/1207/1207 1141/1141/1141 1158/1158/1158
f 1190/1190/1190 1210/1210/1210 1161/1161/1161
f 1190/1190/1190 1161/1161/1161 1141/1141/1141
f 1210/1210/1210 1251/1251/1251 1185/1185/1185
f 1210/1210/1210 1185/1185/1185 1161/1161/1161
f 1251/1251/1251 1273/1273/1273 1224/1224/1224
f 1251/1251/1251 1224/1224/1224 1185/1185/1185
f 1273/1273/1273 1280/1280/1280 1231/1231/1231
f 1273/1273/1273 1231/1231/1231 1224/1224/1224
f 1250/1250/1250 1269/1269/1269 1277/1277/1277
f 1250/1250/1250 1249/1249/1249 1268/1268/1268
f 1250/1250/1250 1209/1209/1209 1248/1248/1248
f 1250/1250/1250 1192/1192/1192 1208/1208/1208
f 1250/1250/1250 1212/1212/1212 1191/1191/1191
f 1250/1250/1250 1253/1253/1253 1211/1211/1211
f 1250/1250/1250 1272/1272/1272 1252/1252/1252
f 1250/1250/1250 1278/1278/1278 1271/1271/1271
f 1182/1182/1182 1228/1228/1228 1220/1220/1220
f 1182/1182/1182 1219/1219/1219 1180/1180/1180
f 1182/1182/1182 1179/1179/1179 1160/1160/1160
f 1182/1182/1182 1159/1159/1159 1143/1143/1143
f 1182/1182/1182 1142/1142/1142 1163/1163/1163
f 1182/1182/1182 1162/1162/1162 1184/1184/1184
f 1182/1182/1182 1183/1183/1183 1223/1223/1223
f 1182/1182/1182 1222/1222/1222 1229/1229/1229
f 1051/1051/1051 1033/1033/1033 957/957/957
f 1051/1051/1051 957/957/957 971/971/971
f 1033/1033/1033 1024/1024/1024 948/948/948
f 1033/1033/1033 948/948/948 957/957/957
f 1024/1024/1024 1036/1036/1036 960/960/960
f 1024/1024/1024 960/960/960 948/948/948
f 1036/1036/1036 1056/1056/1056 976/976/976
f 1036/1036/1036 976/976/976 960/960/960
f 1056/1056/1056 1076/1076/1076 988/988/988
f 1056/1056/1056 988/988/988 976/976/976
f 1076/1076/1076 1090/1090/1090 994/994/994
f 1076/1076/1076 994/994/994 988/988/988
f 1090/1090/1090 1073/1073/1073 985/985/985
f 1090/1090/1090 985/985/985 994/994/994
f 1073/1073/1073 1052/1052/1052 972/972/972
f 1073/1073/1073 972/972/972 985/985/985
f 1055/1055/1055 1035/1035/1035 1053/1053/1053
f 1055/1055/1055 1026/1026/1026 1034/1034/1034
f 1055/1055/1055 1038/1038/1038 1025/1025/1025
f 1055/1055/1055 1058/1058/1058 1037/1037/1037
f 1055/1055/1055 1078/1078/1078 1057/1057/1057
f 1055/1055/1055 1092/1092/1092 1077/1077/1077
f 1055/1055/1055 1075/1075/1075 1091/1091/1091
f 1055/1055/1055 1054/1054/1054 1074/1074/1074
f 973/973/973 969/969/969 956/956/956
f 973/973/973 955/955/955 947/947/947
f 973/973/973 946/946/946 959/959/959
f 973/973/973 958/958/958 975/975/975
f 973/973/973 974/974/974 987/987/987
f 973/973/973 986/986/986 993/993/993
f 973/973/973 992/992/992 984/984/984
f 973/973/973 983/983/983 970/970/970
f 1004/1004/1004 998/998/998 922/922/922
f 1004/1004/1004 922/922/922 928/928/928
f 998/998/998 995/995/995 919/919/919
f 998/998/998 919/919/919 922/922/922
f 995/995/995 1001/1001/1001 925/925/925
f 995/995/995 925/925/925 919/919/919
f 1001/1001/1001 1009/1009/1009 933/933/933
f 1001/1001/1001 933/933/933 925/925/925
f 1009/1009/1009 1015/1015/1015 939/939/939
f 1009/1009/1009 939/939/939 933/933/933
f 1015/1015/1015 1018/1018/1018 942/942/942
f 1015/1015/1015 942/942/942 939/939/939
f 1018/1018/1018 1012/1012/1012 936/936/936
f 1018/1018/1018 936/936/936 942/942/942
f 1012/1012/1012 1005/1005/1005 929/929/929
f 1012/1012/1012 929/929/929 936/936/936
f 1008/1008/1008 1000/1000/1000 1006/1006/1006
f 1008/1008/1008 997/997/997 999/999/999
f 1008/1008/1008 1003/1003/1003 996/996/996
f 1008/1008/1008 1011/1011/1011 1002/1002/1002
f 1008/1008/1008 1017/1017/1017 1010/1010/1010
f 1008/1008/1008 1020/1020/1020 1016/1016/1016
f 1008/1008/1008 1014/1014/1014 1019/1019/1019
f 1008/1008/1008 1007/1007/1007 1013/1013/1013
f 930/930/930 926/926/926 921/921/921
f 930/930/930 920/920/920 918/918/918
f 930/930/930 917/917/917 924/924/924
f 930/930/930 923/923/923 932/932/932
f 930/930/930 931/931/931 938/938/938
f 930/930/930 937/937/937 941/941/941
f 930/930/930 940/940/940 935/935/935
f 930/930/930 934/934/934 927/927/927
f 1043/1043/1043 1067/1067/1067 979/979/979
f 1043/1043/1043 979/979/979 963/963/963
f 1067/1067/1067 1087/1087/1087 991/991/991
f 1067/1067/1067 991/991/991 979/979/979
f 1087/1087/1087 1070/1070/1070 982/982/982
f 1087/1087/1087 982/982/982 991/991/991
f 1070/1070/1070 1048/1048/1048 968/968/968
f 1070/1070/1070 968/968/968 982/982/982
f 1048/1048/1048 1030/1030/1030 954/954/954
f 1048/1048/1048 954/954/954 968/968/968
f 1030/1030/1030 1021/1021/1021 945/945/945
f 1030/1030/1030 945/945/945 954/954/954
f 1021/1021/1021 1027/1027/1027 951/951/951
f 1021/1021/1021 951/951/951 945/945/945
f 1027/1027/1027 1044/1044/1044 964/964/964
f 1027/1027/1027 964/964/964 951/951/951
f 1047/1047/1047 1069/1069/1069 1045/1045/1045
f 1047/1047/1047 1089/1089/1089 1068/1068/1068
f 1047/1047/1047 1072/1072/1072 1088/1088/1088
f 1047/1047/1047 1050/1050/1050 1071/1071/1071
f 1047/1047/1047 1032/1032/1032 1049/1049/1049
f 1047/1047/1047 1023/1023/1023 1031/1031/1031
f 1047/1047/1047 1029/1029/1029 1022/1022/1022
f 1047/1047/1047 1046/1046/1046 1028/1028/1028
f 965/965/965 961/961/961 978/978/978
f 965/965/965 977/977/977 990/990/990
f 965/965/965 989/989/989 981/981/981
f 965/965/965 980/980/980 967/967/967
f 965/965/965 966/966/966 953/953/953
f 965/965/965 952/952/952 944/944/944
f 965/965/965 943/943/943 950/950/950
f 965/965/965 949/949/949 962/962/962
f 1186/1186/1186 1201/1201/1201 1152/1152/1152
f 1186/1186/1186 1152/1152/1152 1137/1137/1137
f 1201/1201/1201 1240/1240/1240 1174/1174/1174
f 1201/1201/1201 1174/1174/1174 1152/1152/1152
f 1240/1240/1240 1264/1264/1264 1215/1215/1215
f 1240/1240/1240 1215/1215/1215 1174/1174/1174
f 1264/1264/1264 1276/1276/1276 1227/1227/1227
f 1264/1264/1264 1227/1227/1227 1215/1215/1215
f 1276/1276/1276 1267/1267/1267 1218/1218/1218
f 1276/1276/1276 1218/1218/1218 1227/1227/1227
f 1267/1267/1267 1244/1244/1244 1178/1178/1178
f 1267/1267/1267 1178/1178/1178 1218/1218/1218
f 1244/1244/1244 1204/1204/1204 1155/1155/1155
f 1244/1244/1244 1155/1155/1155 1178/1178/1178
f 1204/1204/1204 1187/1187/1187 1138/1138/1138
f 1204/1204/1204 1138/1138/1138 1155/1155/1155
f 1243/1243/1243 1203/1203/1203 1188/1188/1188
f 1243/1243/1243 1242/1242/1242 1202/1202/1202
f 1243/1243/1243 1263/1263/1263 1241/1241/1241
f 1243/1243/1243 1275/1275/1275 1262/1262/1262
f 1243/1243/1243 1266/1266/1266 1274/1274/1274
f 1243/1243/1243 1246/1246/1246 1265/1265/1265
f 1243/1243/1243 1206/1206/1206 1245/1245/1245
f 1243/1243/1243 1189/1189/1189 1205/1205/1205
f 1175/1175/1175 1139/1139/1139 1154/1154/1154
f 1175/1175/1175 1153/1153/1153 1173/1173/1173
f 1175/1175/1175 1172/1172/1172 1214/1214/1214
f 1175/1175/1175 1213/1213/1213 1226/1226/1226
f 1175/1175/1175 1225/1225/1225 1217/1217/1217
f 1175/1175/1175 1216/1216/1216 1177/1177/1177
f 1175/1175/1175 1176/1176/1176 1157/1157/1157
f 1175/1175/1175 1156/1156/1156 1140/1140/1140
f 1381/1381/1381 1388/1388/1388 1437/1437/1437
f 1381/1381/1381 1437/1437/1437 1430/1430/1430
f 1388/1388/1388 1410/1410/1410 1476/1476/1476
f 1388/1388/1388 1476/1476/1476 1437/1437/1437
f 1410/1410/1410 1451/1451/1451 1500/1500/1500
f 1410/1410/1410 1500/1500/1500 1476/1476/1476
f 1451/1451/1451 1471/1471/1471 1520/1520/1520
f 1451/1451/1451 1520/1520/1520 1500/1500/1500
f 1471/1471/1471 1454/1454/1454 1503/1503/1503
f 1471/1471/1471 1503/1503/1503 1520/1520/1520
f 1454/1454/1454 1414/1414/1414 1480/1480/1480
f 1454/1454/1454 1480/1480/1480 1503/1503/1503
f 1414/1414/1414 1391/1391/1391 1440/1440/1440
f 1414/1414/1414 1440/1440/1440 1480/1480/1480
f 1391/1391/1391 1382/1382/1382 1431/1431/1431
f 1391/1391/1391 1431/1431/1431 1440/1440/1440
f 1411/1411/1411 1390/1390/1390 1383/1383/1383
f 1411/1411/1411 1409/1409/1409 1389/1389/1389
f 1411/1411/1411 1450/1450/1450 1408/1408/1408
f 1411/1411/1411 1470/1470/1470 1449/1449/1449
f 1411/1411/1411 1453/1453/1453 1469/1469/1469
f 1411/1411/1411 1413/1413/1413 1452/1452/1452
f 1411/1411/1411 1393/1393/1393 1412/1412/1412
f 1411/1411/1411 1384/1384/1384 1392/1392/1392
f 1479/1479/1479 1432/1432/1432 1439/1439/1439
f 1479/1479/1479 1438/1438/1438 1478/1478/1478
f 1479/1479/1479 1477/1477/1477 1499/1499/1499
f 1479/1479/1479 1498/1498/1498 1519/1519/1519
f 1479/1479/1479 1518/1518/1518 1502/1502/1502
f 1479/1479/1479 1501/1501/1501 1482/1482/1482
f 1479/1479/1479 1481/1481/1481 1442/1442/1442
f 1479/1479/1479 1441/1441/1441 1433/1433/1433
f 1611/1611/1611 1590/1590/1590 1680/1680/1680
f 1611/1611/1611 1680/1680/1680 1693/1693/1693
f 1590/1590/1590 1573/1573/1573 1671/1671/1671
f 1590/1590/1590 1671/1671/1671 1680/1680/1680
f 1573/1573/1573 1587/1587/1587 1677/1677/1677
f 1573/1573/1573 1677/1677/1677 1671/1671/1671
f 1587/1587/1587 1607/1607/1607 1689/1689/1689
f 1587/1587/1587 1689/1689/1689 1677/1677/1677
f 1607/1607/1607 1629/1629/1629 1705/1705/1705
f 1607/1607/1607 1705/1705/1705 1689/1689/1689
f 1629/1629/1629 1641/1641/1641 1717/1717/1717
f 1629/1629/1629 1717/1717/1717 1705/1705/1705
f 1641/1641/1641 1632/1632/1632 1708/1708/1708
f 1641/1641/1641 1708/1708/1708 1717/1717/1717
f 1632/1632/1632 1612/1612/1612 1694/1694/1694
f 1632/1632/1632 1694/1694/1694 1708/1708/1708
f 1608/1608/1608 1589/1589/1589 1609/1609/1609
f 1608/1608/1608 1572/1572/1572 1588/1588/1588
f 1608/1608/1608 1586/1586/1586 1571/1571/1571
f 1608/1608/1608 1606/1606/1606 1585/1585/1585
f 1608/1608/1608 1628/1628/1628 1605/1605/1605
f 1608/1608/1608 1640/1640/1640 1627/1627/1627
f 1608/1608/1608 1631/1631/1631 1639/1639/1639
f 1608/1608/1608 1610/1610/1610 1630/1630/1630
f 1692/1692/1692 1695/1695/1695 1682/1682/1682
f 1692/1692/1692 1681/1681/1681 1673/1673/1673
f 1692/1692/1692 1672/1672/1672 1679/1679/1679
f 1692/1692/1692 1678/1678/1678 1691/1691/1691
f 1692/1692/1692 1690/1690/1690 1707/1707/1707
f 1692/1692/1692 1706/1706/1706 1719/1719/1719
f 1692/1692/1692 1718/1718/1718 1710/1710/1710
f 1692/1692/1692 1709/1709/1709 1696/1696/1696
