# Y up, metres; named parts; full animation hierarchy is in the Unity prefab
mtllib Materials.mtl
o Mercado_toldo_curvo
v -2.118101 2.715670 -1.350000
v -2.118101 2.715670 -1.350000
v -2.118101 2.715670 -1.350000
v -2.118101 2.715670 1.350000
v -2.118101 2.715670 1.350000
v -2.118101 2.715670 1.350000
v -2.112799 2.705223 -1.378284
v -2.112799 2.705223 -1.378284
v -2.112799 2.705223 -1.378284
v -2.112799 2.705223 -1.321716
v -2.112799 2.705223 -1.321716
v -2.112799 2.705223 -1.321716
v -2.112799 2.705223 1.321716
v -2.112799 2.705223 1.321716
v -2.112799 2.705223 1.321716
v -2.112799 2.705223 1.378284
v -2.112799 2.705223 1.378284
v -2.112799 2.705223 1.378284
v -2.100000 2.465000 0.000000
v -2.100000 2.465000 0.000000
v -2.100000 2.472200 -0.270000
v -2.100000 2.472200 -0.270000
v -2.100000 2.472200 0.270000
v -2.100000 2.472200 0.270000
v -2.100000 2.493800 -0.540000
v -2.100000 2.493800 -0.540000
v -2.100000 2.493800 0.540000
v -2.100000 2.493800 0.540000
v -2.100000 2.500000 0.000000
v -2.100000 2.500000 0.000000
v -2.100000 2.507200 -0.270000
v -2.100000 2.507200 -0.270000
v -2.100000 2.507200 0.270000
v -2.100000 2.507200 0.270000
v -2.100000 2.528800 -0.540000
v -2.100000 2.528800 -0.540000
v -2.100000 2.528800 0.540000
v -2.100000 2.528800 0.540000
v -2.100000 2.529800 -0.810000
v -2.100000 2.529800 -0.810000
v -2.100000 2.529800 0.810000
v -2.100000 2.529800 0.810000
v -2.100000 2.564800 -0.810000
v -2.100000 2.564800 -0.810000
v -2.100000 2.564800 0.810000
v -2.100000 2.564800 0.810000
v -2.100000 2.580200 -1.080000
v -2.100000 2.580200 -1.080000
v -2.100000 2.580200 1.080000
v -2.100000 2.580200 1.080000
v -2.100000 2.615200 -1.080000
v -2.100000 2.615200 -1.080000
v -2.100000 2.615200 1.080000
v -2.100000 2.615200 1.080000
v -2.100000 2.645000 -1.350000
v -2.100000 2.645000 1.350000
v -2.100000 2.680000 -1.390000
v -2.100000 2.680000 -1.390000
v -2.100000 2.680000 -1.390000
v -2.100000 2.680000 -1.350000
v -2.100000 2.680000 -1.350000
v -2.100000 2.680000 -1.310000
v -2.100000 2.680000 -1.310000
v -2.100000 2.680000 -1.310000
v -2.100000 2.680000 -1.310000
v -2.100000 2.680000 1.310000
v -2.100000 2.680000 1.310000
v -2.100000 2.680000 1.310000
v -2.100000 2.680000 1.350000
v -2.100000 2.680000 1.350000
v -2.100000 2.680000 1.390000
v -2.100000 2.680000 1.390000
v -2.100000 2.680000 1.390000
v -2.100000 2.680000 1.390000
v -2.087201 2.654777 -1.378284
v -2.087201 2.654777 -1.378284
v -2.087201 2.654777 -1.378284
v -2.087201 2.654777 -1.321716
v -2.087201 2.654777 -1.321716
v -2.087201 2.654777 -1.321716
v -2.087201 2.654777 1.321716
v -2.087201 2.654777 1.321716
v -2.087201 2.654777 1.321716
v -2.087201 2.654777 1.378284
v -2.087201 2.654777 1.378284
v -2.087201 2.654777 1.378284
v -2.081899 2.644330 -1.350000
v -2.081899 2.644330 -1.350000
v -2.081899 2.644330 -1.350000
v -2.081899 2.644330 1.350000
v -2.081899 2.644330 1.350000
v -2.081899 2.644330 1.350000
v -1.986382 2.782506 -1.350000
v -1.986382 2.782506 1.350000
v -1.981217 2.771990 -1.378284
v -1.981217 2.771990 -1.321716
v -1.981217 2.771990 1.321716
v -1.981217 2.771990 1.378284
v -1.968750 2.746602 -1.390000
v -1.968750 2.746602 -1.310000
v -1.968750 2.746602 -1.310000
v -1.968750 2.746602 1.310000
v -1.968750 2.746602 1.390000
v -1.968750 2.746602 1.390000
v -1.956283 2.721213 -1.378284
v -1.956283 2.721213 -1.321716
v -1.956283 2.721213 1.321716
v -1.956283 2.721213 1.378284
v -1.951118 2.710697 -1.350000
v -1.951118 2.710697 1.350000
v -1.950000 2.800000 -1.000000
v -1.950000 2.800000 -1.000000
v -1.950000 2.800000 1.000000
v -1.950000 2.800000 1.000000
v -1.940211 2.800000 -1.061803
v -1.940211 2.800000 -1.061803
v -1.940211 2.800000 -0.938197
v -1.940211 2.800000 -0.938197
v -1.940211 2.800000 0.938197
v -1.940211 2.800000 0.938197
v -1.940211 2.800000 1.061803
v -1.940211 2.800000 1.061803
v -1.911803 2.800000 -1.117557
v -1.911803 2.800000 -1.117557
v -1.911803 2.800000 -0.882443
v -1.911803 2.800000 -0.882443
v -1.911803 2.800000 0.882443
v -1.911803 2.800000 0.882443
v -1.911803 2.800000 1.117557
v -1.911803 2.800000 1.117557
v -1.900000 0.000000 -1.000000
v -1.900000 0.000000 -1.000000
v -1.900000 0.000000 1.000000
v -1.900000 0.000000 1.000000
v -1.892658 0.000000 -1.046353
v -1.892658 0.000000 -1.046353
v -1.892658 0.000000 -0.953647
v -1.892658 0.000000 -0.953647
v -1.892658 0.000000 0.953647
v -1.892658 0.000000 0.953647
v -1.892658 0.000000 1.046353
v -1.892658 0.000000 1.046353
v -1.890000 2.569500 0.000000
v -1.890000 2.569500 0.000000
v -1.890000 2.569500 0.000000
v -1.890000 2.569500 0.000000
v -1.890000 2.576700 -0.270000
v -1.890000 2.576700 -0.270000
v -1.890000 2.576700 -0.270000
v -1.890000 2.576700 -0.270000
v -1.890000 2.576700 0.270000
v -1.890000 2.576700 0.270000
v -1.890000 2.576700 0.270000
v -1.890000 2.576700 0.270000
v -1.890000 2.598300 -0.540000
v -1.890000 2.598300 -0.540000
v -1.890000 2.598300 -0.540000
v -1.890000 2.598300 -0.540000
v -1.890000 2.598300 0.540000
v -1.890000 2.598300 0.540000
v -1.890000 2.598300 0.540000
v -1.890000 2.598300 0.540000
v -1.890000 2.604500 0.000000
v -1.890000 2.604500 0.000000
v -1.890000 2.604500 0.000000
v -1.890000 2.604500 0.000000
v -1.890000 2.611700 -0.270000
v -1.890000 2.611700 -0.270000
v -1.890000 2.611700 -0.270000
v -1.890000 2.611700 -0.270000
v -1.890000 2.611700 0.270000
v -1.890000 2.611700 0.270000
v -1.890000 2.611700 0.270000
v -1.890000 2.611700 0.270000
v -1.890000 2.633300 -0.540000
v -1.890000 2.633300 -0.540000
v -1.890000 2.633300 -0.540000
v -1.890000 2.633300 -0.540000
v -1.890000 2.633300 0.540000
v -1.890000 2.633300 0.540000
v -1.890000 2.633300 0.540000
v -1.890000 2.633300 0.540000
v -1.890000 2.634300 -0.810000
v -1.890000 2.634300 -0.810000
v -1.890000 2.634300 -0.810000
v -1.890000 2.634300 -0.810000
v -1.890000 2.634300 0.810000
v -1.890000 2.634300 0.810000
v -1.890000 2.634300 0.810000
v -1.890000 2.634300 0.810000
v -1.890000 2.669300 -0.810000
v -1.890000 2.669300 -0.810000
v -1.890000 2.669300 -0.810000
v -1.890000 2.669300 -0.810000
v -1.890000 2.669300 0.810000
v -1.890000 2.669300 0.810000
v -1.890000 2.669300 0.810000
v -1.890000 2.669300 0.810000
v -1.890000 2.684700 -1.080000
v -1.890000 2.684700 -1.080000
v -1.890000 2.684700 -1.080000
v -1.890000 2.684700 -1.080000
v -1.890000 2.684700 1.080000
v -1.890000 2.684700 1.080000
v -1.890000 2.684700 1.080000
v -1.890000 2.684700 1.080000
v -1.890000 2.719700 -1.080000
v -1.890000 2.719700 -1.080000
v -1.890000 2.719700 -1.080000
v -1.890000 2.719700 -1.080000
v -1.890000 2.719700 1.080000
v -1.890000 2.719700 1.080000
v -1.890000 2.719700 1.080000
v -1.890000 2.719700 1.080000
v -1.890000 2.749500 -1.350000
v -1.890000 2.749500 -1.350000
v -1.890000 2.749500 1.350000
v -1.890000 2.749500 1.350000
v -1.890000 2.784500 -1.350000
v -1.890000 2.784500 -1.350000
v -1.890000 2.784500 1.350000
v -1.890000 2.784500 1.350000
v -1.871353 0.000000 -1.088168
v -1.871353 0.000000 -1.088168
v -1.871353 0.000000 -0.911832
v -1.871353 0.000000 -0.911832
v -1.871353 0.000000 0.911832
v -1.871353 0.000000 0.911832
v -1.871353 0.000000 1.088168
v -1.871353 0.000000 1.088168
v -1.870000 2.600000 -1.000000
v -1.870000 2.600000 1.000000
v -1.867557 2.800000 -1.161803
v -1.867557 2.800000 -1.161803
v -1.867557 2.800000 -0.838197
v -1.867557 2.800000 -0.838197
v -1.867557 2.800000 0.838197
v -1.867557 2.800000 0.838197
v -1.867557 2.800000 1.161803
v -1.867557 2.800000 1.161803
v -1.864127 2.600000 -1.037082
v -1.864127 2.600000 -0.962918
v -1.864127 2.600000 0.962918
v -1.864127 2.600000 1.037082
v -1.854166 2.845269 -1.350000
v -1.854166 2.845269 1.350000
v -1.849285 2.834618 -1.378284
v -1.849285 2.834618 -1.321716
v -1.849285 2.834618 1.321716
v -1.849285 2.834618 1.378284
v -1.847082 2.600000 -1.070534
v -1.847082 2.600000 -0.929466
v -1.847082 2.600000 0.929466
v -1.847082 2.600000 1.070534
v -1.838168 0.000000 -1.121353
v -1.838168 0.000000 -1.121353
v -1.838168 0.000000 -0.878647
v -1.838168 0.000000 -0.878647
v -1.838168 0.000000 0.878647
v -1.838168 0.000000 0.878647
v -1.838168 0.000000 1.121353
v -1.838168 0.000000 1.121353
v -1.837500 2.808906 -1.390000
v -1.837500 2.808906 -1.310000
v -1.837500 2.808906 -1.310000
v -1.837500 2.808906 1.310000
v -1.837500 2.808906 1.390000
v -1.837500 2.808906 1.390000
v -1.825715 2.783194 -1.378284
v -1.825715 2.783194 -1.321716
v -1.825715 2.783194 1.321716
v -1.825715 2.783194 1.378284
v -1.820834 2.772544 -1.350000
v -1.820834 2.772544 1.350000
v -1.820534 2.600000 -1.097082
v -1.820534 2.600000 -0.902918
v -1.820534 2.600000 0.902918
v -1.820534 2.600000 1.097082
v -1.811803 2.800000 -1.190211
v -1.811803 2.800000 -1.190211
v -1.811803 2.800000 -0.809789
v -1.811803 2.800000 -0.809789
v -1.811803 2.800000 0.809789
v -1.811803 2.800000 0.809789
v -1.811803 2.800000 1.190211
v -1.811803 2.800000 1.190211
v -1.796353 0.000000 -1.142658
v -1.796353 0.000000 -1.142658
v -1.796353 0.000000 -0.857342
v -1.796353 0.000000 -0.857342
v -1.796353 0.000000 0.857342
v -1.796353 0.000000 0.857342
v -1.796353 0.000000 1.142658
v -1.796353 0.000000 1.142658
v -1.787082 2.600000 -1.114127
v -1.787082 2.600000 -0.885873
v -1.787082 2.600000 0.885873
v -1.787082 2.600000 1.114127
v -1.750000 0.000000 -1.150000
v -1.750000 0.000000 -1.150000
v -1.750000 0.000000 -1.000000
v -1.750000 0.000000 -0.850000
v -1.750000 0.000000 -0.850000
v -1.750000 0.000000 0.850000
v -1.750000 0.000000 0.850000
v -1.750000 0.000000 1.000000
v -1.750000 0.000000 1.150000
v -1.750000 0.000000 1.150000
v -1.750000 0.809400 -1.015600
v -1.750000 0.809400 -1.015600
v -1.750000 0.809400 -0.424400
v -1.750000 0.809400 -0.424400
v -1.750000 0.809400 -0.424400
v -1.750000 0.890600 -1.015600
v -1.750000 0.890600 -1.015600
v -1.750000 0.890600 -1.015600
v -1.750000 0.890600 -0.424400
v -1.750000 0.890600 -0.424400
v -1.750000 0.890600 -0.424400
v -1.750000 2.600000 -1.120000
v -1.750000 2.600000 -0.880000
v -1.750000 2.600000 0.880000
v -1.750000 2.600000 1.120000
v -1.750000 2.800000 -1.200000
v -1.750000 2.800000 -1.200000
v -1.750000 2.800000 -1.000000
v -1.750000 2.800000 -0.800000
v -1.750000 2.800000 -0.800000
v -1.750000 2.800000 0.800000
v -1.750000 2.800000 0.800000
v -1.750000 2.800000 1.000000
v -1.750000 2.800000 1.200000
v -1.750000 2.800000 1.200000
v -1.721914 2.903719 -1.350000
v -1.721914 2.903719 1.350000
v -1.720600 0.780000 -1.015600
v -1.720600 0.780000 -1.015600
v -1.720600 0.780000 -0.424400
v -1.720600 0.780000 -0.424400
v -1.720600 0.809400 -1.045000
v -1.720600 0.809400 -0.395000
v -1.720600 0.890600 -1.045000
v -1.720600 0.890600 -0.395000
v -1.720600 0.920000 -1.015600
v -1.720600 0.920000 -1.015600
v -1.720600 0.920000 -0.424400
v -1.720600 0.920000 -0.424400
v -1.717326 2.892939 -1.378284
v -1.717326 2.892939 -1.321716
v -1.717326 2.892939 1.321716
v -1.717326 2.892939 1.378284
v -1.712918 2.600000 -1.114127
v -1.712918 2.600000 -0.885873
v -1.712918 2.600000 0.885873
v -1.712918 2.600000 1.114127
v -1.706250 2.866914 -1.390000
v -1.706250 2.866914 -1.310000
v -1.706250 2.866914 -1.310000
v -1.706250 2.866914 1.310000
v -1.706250 2.866914 1.390000
v -1.706250 2.866914 1.390000
v -1.703647 0.000000 -1.142658
v -1.703647 0.000000 -1.142658
v -1.703647 0.000000 -0.857342
v -1.703647 0.000000 -0.857342
v -1.703647 0.000000 0.857342
v -1.703647 0.000000 0.857342
v -1.703647 0.000000 1.142658
v -1.703647 0.000000 1.142658
v -1.695174 2.840889 -1.378284
v -1.695174 2.840889 -1.321716
v -1.695174 2.840889 1.321716
v -1.695174 2.840889 1.378284
v -1.690586 2.830109 -1.350000
v -1.690586 2.830109 1.350000
v -1.688197 2.800000 -1.190211
v -1.688197 2.800000 -1.190211
v -1.688197 2.800000 -0.809789
v -1.688197 2.800000 -0.809789
v -1.688197 2.800000 0.809789
v -1.688197 2.800000 0.809789
v -1.688197 2.800000 1.190211
v -1.688197 2.800000 1.190211
v -1.680000 2.663000 0.000000
v -1.680000 2.663000 0.000000
v -1.680000 2.663000 0.000000
v -1.680000 2.663000 0.000000
v -1.680000 2.670200 -0.270000
v -1.680000 2.670200 -0.270000
v -1.680000 2.670200 -0.270000
v -1.680000 2.670200 -0.270000
v -1.680000 2.670200 0.270000
v -1.680000 2.670200 0.270000
v -1.680000 2.670200 0.270000
v -1.680000 2.670200 0.270000
v -1.680000 2.691800 -0.540000
v -1.680000 2.691800 -0.540000
v -1.680000 2.691800 -0.540000
v -1.680000 2.691800 -0.540000
v -1.680000 2.691800 0.540000
v -1.680000 2.691800 0.540000
v -1.680000 2.691800 0.540000
v -1.680000 2.691800 0.540000
v -1.680000 2.698000 0.000000
v -1.680000 2.698000 0.000000
v -1.680000 2.698000 0.000000
v -1.680000 2.698000 0.000000
v -1.680000 2.705200 -0.270000
v -1.680000 2.705200 -0.270000
v -1.680000 2.705200 -0.270000
v -1.680000 2.705200 -0.270000
v -1.680000 2.705200 0.270000
v -1.680000 2.705200 0.270000
v -1.680000 2.705200 0.270000
v -1.680000 2.705200 0.270000
v -1.680000 2.726800 -0.540000
v -1.680000 2.726800 -0.540000
v -1.680000 2.726800 -0.540000
v -1.680000 2.726800 -0.540000
v -1.680000 2.726800 0.540000
v -1.680000 2.726800 0.540000
v -1.680000 2.726800 0.540000
v -1.680000 2.726800 0.540000
v -1.680000 2.727800 -0.810000
v -1.680000 2.727800 -0.810000
v -1.680000 2.727800 -0.810000
v -1.680000 2.727800 -0.810000
v -1.680000 2.727800 0.810000
v -1.680000 2.727800 0.810000
v -1.680000 2.727800 0.810000
v -1.680000 2.727800 0.810000
v -1.680000 2.762800 -0.810000
v -1.680000 2.762800 -0.810000
v -1.680000 2.762800 -0.810000
v -1.680000 2.762800 -0.810000
v -1.680000 2.762800 0.810000
v -1.680000 2.762800 0.810000
v -1.680000 2.762800 0.810000
v -1.680000 2.762800 0.810000
v -1.680000 2.778200 -1.080000
v -1.680000 2.778200 -1.080000
v -1.680000 2.778200 -1.080000
v -1.680000 2.778200 -1.080000
v -1.680000 2.778200 1.080000
v -1.680000 2.778200 1.080000
v -1.680000 2.778200 1.080000
v -1.680000 2.778200 1.080000
v -1.680000 2.813200 -1.080000
v -1.680000 2.813200 -1.080000
v -1.680000 2.813200 -1.080000
v -1.680000 2.813200 -1.080000
v -1.680000 2.813200 1.080000
v -1.680000 2.813200 1.080000
v -1.680000 2.813200 1.080000
v -1.680000 2.813200 1.080000
v -1.680000 2.843000 -1.350000
v -1.680000 2.843000 -1.350000
v -1.680000 2.843000 1.350000
v -1.680000 2.843000 1.350000
v -1.680000 2.878000 -1.350000
v -1.680000 2.878000 -1.350000
v -1.680000 2.878000 1.350000
v -1.680000 2.878000 1.350000
v -1.679466 2.600000 -1.097082
v -1.679466 2.600000 -0.902918
v -1.679466 2.600000 0.902918
v -1.679466 2.600000 1.097082
v -1.661832 0.000000 -1.121353
v -1.661832 0.000000 -1.121353
v -1.661832 0.000000 -0.878647
v -1.661832 0.000000 -0.878647
v -1.661832 0.000000 0.878647
v -1.661832 0.000000 0.878647
v -1.661832 0.000000 1.121353
v -1.661832 0.000000 1.121353
v -1.652918 2.600000 -1.070534
v -1.652918 2.600000 -0.929466
v -1.652918 2.600000 0.929466
v -1.652918 2.600000 1.070534
v -1.635873 2.600000 -1.037082
v -1.635873 2.600000 -0.962918
v -1.635873 2.600000 0.962918
v -1.635873 2.600000 1.037082
v -1.632443 2.800000 -1.161803
v -1.632443 2.800000 -1.161803
v -1.632443 2.800000 -0.838197
v -1.632443 2.800000 -0.838197
v -1.632443 2.800000 0.838197
v -1.632443 2.800000 0.838197
v -1.632443 2.800000 1.161803
v -1.632443 2.800000 1.161803
v -1.630000 2.600000 -1.000000
v -1.630000 2.600000 -1.000000
v -1.630000 2.600000 1.000000
v -1.630000 2.600000 1.000000
v -1.628647 0.000000 -1.088168
v -1.628647 0.000000 -1.088168
v -1.628647 0.000000 -0.911832
v -1.628647 0.000000 -0.911832
v -1.628647 0.000000 0.911832
v -1.628647 0.000000 0.911832
v -1.628647 0.000000 1.088168
v -1.628647 0.000000 1.088168
v -1.607342 0.000000 -1.046353
v -1.607342 0.000000 -1.046353
v -1.607342 0.000000 -0.953647
v -1.607342 0.000000 -0.953647
v -1.607342 0.000000 0.953647
v -1.607342 0.000000 0.953647
v -1.607342 0.000000 1.046353
v -1.607342 0.000000 1.046353
v -1.600000 0.000000 -1.000000
v -1.600000 0.000000 -1.000000
v -1.600000 0.000000 -1.000000
v -1.600000 0.000000 1.000000
v -1.600000 0.000000 1.000000
v -1.600000 0.000000 1.000000
v -1.589626 2.957855 -1.350000
v -1.589626 2.957855 1.350000
v -1.588197 2.800000 -1.117557
v -1.588197 2.800000 -1.117557
v -1.588197 2.800000 -0.882443
v -1.588197 2.800000 -0.882443
v -1.588197 2.800000 0.882443
v -1.588197 2.800000 0.882443
v -1.588197 2.800000 1.117557
v -1.588197 2.800000 1.117557
v -1.585342 2.946951 -1.378284
v -1.585342 2.946951 -1.321716
v -1.585342 2.946951 1.321716
v -1.585342 2.946951 1.378284
v -1.575000 2.920625 -1.390000
v -1.575000 2.920625 -1.310000
v -1.575000 2.920625 -1.310000
v -1.575000 2.920625 1.310000
v -1.575000 2.920625 1.390000
v -1.575000 2.920625 1.390000
v -1.564658 2.894299 -1.378284
v -1.564658 2.894299 -1.321716
v -1.564658 2.894299 1.321716
v -1.564658 2.894299 1.378284
v -1.560374 2.883395 -1.350000
v -1.560374 2.883395 1.350000
v -1.559789 2.800000 -1.061803
v -1.559789 2.800000 -1.061803
v -1.559789 2.800000 -0.938197
v -1.559789 2.800000 -0.938197
v -1.559789 2.800000 0.938197
v -1.559789 2.800000 0.938197
v -1.559789 2.800000 1.061803
v -1.559789 2.800000 1.061803
v -1.550000 2.800000 -1.000000
v -1.550000 2.800000 -1.000000
v -1.550000 2.800000 -1.000000
v -1.550000 2.800000 1.000000
v -1.550000 2.800000 1.000000
v -1.550000 2.800000 1.000000
v -1.520000 0.029400 -0.940600
v -1.520000 0.029400 -0.940600
v -1.520000 0.029400 -0.499400
v -1.520000 0.029400 -0.499400
v -1.520000 0.810600 -0.940600
v -1.520000 0.810600 -0.940600
v -1.520000 0.810600 -0.499400
v -1.520000 0.810600 -0.499400
v -1.490600 0.000000 -0.940600
v -1.490600 0.000000 -0.499400
v -1.490600 0.029400 -0.970000
v -1.490600 0.029400 -0.970000
v -1.490600 0.029400 -0.970000
v -1.490600 0.029400 -0.470000
v -1.490600 0.029400 -0.470000
v -1.490600 0.029400 -0.470000
v -1.490600 0.810600 -0.970000
v -1.490600 0.810600 -0.970000
v -1.490600 0.810600 -0.970000
v -1.490600 0.810600 -0.470000
v -1.490600 0.810600 -0.470000
v -1.490600 0.810600 -0.470000
v -1.490600 0.840000 -0.940600
v -1.490600 0.840000 -0.499400
v -1.470000 2.745500 0.000000
v -1.470000 2.745500 0.000000
v -1.470000 2.745500 0.000000
v -1.470000 2.745500 0.000000
v -1.470000 2.752700 -0.270000
v -1.470000 2.752700 -0.270000
v -1.470000 2.752700 -0.270000
v -1.470000 2.752700 -0.270000
v -1.470000 2.752700 0.270000
v -1.470000 2.752700 0.270000
v -1.470000 2.752700 0.270000
v -1.470000 2.752700 0.270000
v -1.470000 2.774300 -0.540000
v -1.470000 2.774300 -0.540000
v -1.470000 2.774300 -0.540000
v -1.470000 2.774300 -0.540000
v -1.470000 2.774300 0.540000
v -1.470000 2.774300 0.540000
v -1.470000 2.774300 0.540000
v -1.470000 2.774300 0.540000
v -1.470000 2.780500 0.000000
v -1.470000 2.780500 0.000000
v -1.470000 2.780500 0.000000
v -1.470000 2.780500 0.000000
v -1.470000 2.787700 -0.270000
v -1.470000 2.787700 -0.270000
v -1.470000 2.787700 -0.270000
v -1.470000 2.787700 -0.270000
v -1.470000 2.787700 0.270000
v -1.470000 2.787700 0.270000
v -1.470000 2.787700 0.270000
v -1.470000 2.787700 0.270000
v -1.470000 2.809300 -0.540000
v -1.470000 2.809300 -0.540000
v -1.470000 2.809300 -0.540000
v -1.470000 2.809300 -0.540000
v -1.470000 2.809300 0.540000
v -1.470000 2.809300 0.540000
v -1.470000 2.809300 0.540000
v -1.470000 2.809300 0.540000
v -1.470000 2.810300 -0.810000
v -1.470000 2.810300 -0.810000
v -1.470000 2.810300 -0.810000
v -1.470000 2.810300 -0.810000
v -1.470000 2.810300 0.810000
v -1.470000 2.810300 0.810000
v -1.470000 2.810300 0.810000
v -1.470000 2.810300 0.810000
v -1.470000 2.845300 -0.810000
v -1.470000 2.845300 -0.810000
v -1.470000 2.845300 -0.810000
v -1.470000 2.845300 -0.810000
v -1.470000 2.845300 0.810000
v -1.470000 2.845300 0.810000
v -1.470000 2.845300 0.810000
v -1.470000 2.845300 0.810000
v -1.470000 2.860700 -1.080000
v -1.470000 2.860700 -1.080000
v -1.470000 2.860700 -1.080000
v -1.470000 2.860700 -1.080000
v -1.470000 2.860700 1.080000
v -1.470000 2.860700 1.080000
v -1.470000 2.860700 1.080000
v -1.470000 2.860700 1.080000
v -1.470000 2.895700 -1.080000
v -1.470000 2.895700 -1.080000
v -1.470000 2.895700 -1.080000
v -1.470000 2.895700 -1.080000
v -1.470000 2.895700 1.080000
v -1.470000 2.895700 1.080000
v -1.470000 2.895700 1.080000
v -1.470000 2.895700 1.080000
v -1.470000 2.925500 -1.350000
v -1.470000 2.925500 -1.350000
v -1.470000 2.925500 1.350000
v -1.470000 2.925500 1.350000
v -1.470000 2.960500 -1.350000
v -1.470000 2.960500 -1.350000
v -1.470000 2.960500 1.350000
v -1.470000 2.960500 1.350000
v -1.457303 3.007673 -1.350000
v -1.457303 3.007673 1.350000
v -1.453333 2.996650 -1.378284
v -1.453333 2.996650 -1.321716
v -1.453333 2.996650 1.321716
v -1.453333 2.996650 1.378284
v -1.443750 2.970039 -1.390000
v -1.443750 2.970039 -1.310000
v -1.443750 2.970039 -1.310000
v -1.443750 2.970039 1.310000
v -1.443750 2.970039 1.390000
v -1.443750 2.970039 1.390000
v -1.434167 2.943428 -1.378284
v -1.434167 2.943428 -1.321716
v -1.434167 2.943428 1.321716
v -1.434167 2.943428 1.378284
v -1.430197 2.932405 -1.350000
v -1.430197 2.932405 1.350000
v -1.409400 0.000000 -0.940600
v -1.409400 0.000000 -0.499400
v -1.409400 0.029400 -0.970000
v -1.409400 0.029400 -0.970000
v -1.409400 0.029400 -0.970000
v -1.409400 0.029400 -0.470000
v -1.409400 0.029400 -0.470000
v -1.409400 0.029400 -0.470000
v -1.409400 0.810600 -0.970000
v -1.409400 0.810600 -0.970000
v -1.409400 0.810600 -0.970000
v -1.409400 0.810600 -0.470000
v -1.409400 0.810600 -0.470000
v -1.409400 0.810600 -0.470000
v -1.409400 0.840000 -0.940600
v -1.409400 0.840000 -0.499400
v -1.380000 0.029400 -0.940600
v -1.380000 0.029400 -0.940600
v -1.380000 0.029400 -0.499400
v -1.380000 0.029400 -0.499400
v -1.380000 0.810600 -0.940600
v -1.380000 0.810600 -0.940600
v -1.380000 0.810600 -0.499400
v -1.380000 0.810600 -0.499400
v -1.324945 3.053171 -1.350000
v -1.324945 3.053171 1.350000
v -1.321300 3.042037 -1.378284
v -1.321300 3.042037 -1.321716
v -1.321300 3.042037 1.321716
v -1.321300 3.042037 1.378284
v -1.312500 3.015156 -1.390000
v -1.312500 3.015156 -1.310000
v -1.312500 3.015156 -1.310000
v -1.312500 3.015156 1.310000
v -1.312500 3.015156 1.390000
v -1.312500 3.015156 1.390000
v -1.303700 2.988276 -1.378284
v -1.303700 2.988276 -1.321716
v -1.303700 2.988276 1.321716
v -1.303700 2.988276 1.378284
v -1.300055 2.977142 -1.350000
v -1.300055 2.977142 1.350000
v -1.260000 2.817000 0.000000
v -1.260000 2.817000 0.000000
v -1.260000 2.817000 0.000000
v -1.260000 2.817000 0.000000
v -1.260000 2.824200 -0.270000
v -1.260000 2.824200 -0.270000
v -1.260000 2.824200 -0.270000
v -1.260000 2.824200 -0.270000
v -1.260000 2.824200 0.270000
v -1.260000 2.824200 0.270000
v -1.260000 2.824200 0.270000
v -1.260000 2.824200 0.270000
v -1.260000 2.845800 -0.540000
v -1.260000 2.845800 -0.540000
v -1.260000 2.845800 -0.540000
v -1.260000 2.845800 -0.540000
v -1.260000 2.845800 0.540000
v -1.260000 2.845800 0.540000
v -1.260000 2.845800 0.540000
v -1.260000 2.845800 0.540000
v -1.260000 2.852000 0.000000
v -1.260000 2.852000 0.000000
v -1.260000 2.852000 0.000000
v -1.260000 2.852000 0.000000
v -1.260000 2.859200 -0.270000
v -1.260000 2.859200 -0.270000
v -1.260000 2.859200 -0.270000
v -1.260000 2.859200 -0.270000
v -1.260000 2.859200 0.270000
v -1.260000 2.859200 0.270000
v -1.260000 2.859200 0.270000
v -1.260000 2.859200 0.270000
v -1.260000 2.880800 -0.540000
v -1.260000 2.880800 -0.540000
v -1.260000 2.880800 -0.540000
v -1.260000 2.880800 -0.540000
v -1.260000 2.880800 0.540000
v -1.260000 2.880800 0.540000
v -1.260000 2.880800 0.540000
v -1.260000 2.880800 0.540000
v -1.260000 2.881800 -0.810000
v -1.260000 2.881800 -0.810000
v -1.260000 2.881800 -0.810000
v -1.260000 2.881800 -0.810000
v -1.260000 2.881800 0.810000
v -1.260000 2.881800 0.810000
v -1.260000 2.881800 0.810000
v -1.260000 2.881800 0.810000
v -1.260000 2.916800 -0.810000
v -1.260000 2.916800 -0.810000
v -1.260000 2.916800 -0.810000
v -1.260000 2.916800 -0.810000
v -1.260000 2.916800 0.810000
v -1.260000 2.916800 0.810000
v -1.260000 2.916800 0.810000
v -1.260000 2.916800 0.810000
v -1.260000 2.932200 -1.080000
v -1.260000 2.932200 -1.080000
v -1.260000 2.932200 -1.080000
v -1.260000 2.932200 -1.080000
v -1.260000 2.932200 1.080000
v -1.260000 2.932200 1.080000
v -1.260000 2.932200 1.080000
v -1.260000 2.932200 1.080000
v -1.260000 2.967200 -1.080000
v -1.260000 2.967200 -1.080000
v -1.260000 2.967200 -1.080000
v -1.260000 2.967200 -1.080000
v -1.260000 2.967200 1.080000
v -1.260000 2.967200 1.080000
v -1.260000 2.967200 1.080000
v -1.260000 2.967200 1.080000
v -1.260000 2.997000 -1.350000
v -1.260000 2.997000 -1.350000
v -1.260000 2.997000 1.350000
v -1.260000 2.997000 1.350000
v -1.260000 3.032000 -1.350000
v -1.260000 3.032000 -1.350000
v -1.260000 3.032000 1.350000
v -1.260000 3.032000 1.350000
v -1.192555 3.094346 -1.350000
v -1.192555 3.094346 1.350000
v -1.189244 3.083108 -1.378284
v -1.189244 3.083108 -1.321716
v -1.189244 3.083108 1.321716
v -1.189244 3.083108 1.378284
v -1.181250 3.055977 -1.390000
v -1.181250 3.055977 -1.310000
v -1.181250 3.055977 -1.310000
v -1.181250 3.055977 1.310000
v -1.181250 3.055977 1.390000
v -1.181250 3.055977 1.390000
v -1.173256 3.028845 -1.378284
v -1.173256 3.028845 -1.321716
v -1.173256 3.028845 1.321716
v -1.173256 3.028845 1.378284
v -1.169945 3.017607 -1.350000
v -1.169945 3.017607 1.350000
v -1.060134 3.131195 -1.350000
v -1.060134 3.131195 1.350000
v -1.057166 3.119861 -1.378284
v -1.057166 3.119861 -1.321716
v -1.057166 3.119861 1.321716
v -1.057166 3.119861 1.378284
v -1.050000 2.877500 0.000000
v -1.050000 2.877500 0.000000
v -1.050000 2.877500 0.000000
v -1.050000 2.877500 0.000000
v -1.050000 2.884700 -0.270000
v -1.050000 2.884700 -0.270000
v -1.050000 2.884700 -0.270000
v -1.050000 2.884700 -0.270000
v -1.050000 2.884700 0.270000
v -1.050000 2.884700 0.270000
v -1.050000 2.884700 0.270000
v -1.050000 2.884700 0.270000
v -1.050000 2.906300 -0.540000
v -1.050000 2.906300 -0.540000
v -1.050000 2.906300 -0.540000
v -1.050000 2.906300 -0.540000
v -1.050000 2.906300 0.540000
v -1.050000 2.906300 0.540000
v -1.050000 2.906300 0.540000
v -1.050000 2.906300 0.540000
v -1.050000 2.912500 0.000000
v -1.050000 2.912500 0.000000
v -1.050000 2.912500 0.000000
v -1.050000 2.912500 0.000000
v -1.050000 2.919700 -0.270000
v -1.050000 2.919700 -0.270000
v -1.050000 2.919700 -0.270000
v -1.050000 2.919700 -0.270000
v -1.050000 2.919700 0.270000
v -1.050000 2.919700 0.270000
v -1.050000 2.919700 0.270000
v -1.050000 2.919700 0.270000
v -1.050000 2.941300 -0.540000
v -1.050000 2.941300 -0.540000
v -1.050000 2.941300 -0.540000
v -1.050000 2.941300 -0.540000
v -1.050000 2.941300 0.540000
v -1.050000 2.941300 0.540000
v -1.050000 2.941300 0.540000
v -1.050000 2.941300 0.540000
v -1.050000 2.942300 -0.810000
v -1.050000 2.942300 -0.810000
v -1.050000 2.942300 -0.810000
v -1.050000 2.942300 -0.810000
v -1.050000 2.942300 0.810000
v -1.050000 2.942300 0.810000
v -1.050000 2.942300 0.810000
v -1.050000 2.942300 0.810000
v -1.050000 2.977300 -0.810000
v -1.050000 2.977300 -0.810000
v -1.050000 2.977300 -0.810000
v -1.050000 2.977300 -0.810000
v -1.050000 2.977300 0.810000
v -1.050000 2.977300 0.810000
v -1.050000 2.977300 0.810000
v -1.050000 2.977300 0.810000
v -1.050000 2.992700 -1.080000
v -1.050000 2.992700 -1.080000
v -1.050000 2.992700 -1.080000
v -1.050000 2.992700 -1.080000
v -1.050000 2.992700 1.080000
v -1.050000 2.992700 1.080000
v -1.050000 2.992700 1.080000
v -1.050000 2.992700 1.080000
v -1.050000 3.027700 -1.080000
v -1.050000 3.027700 -1.080000
v -1.050000 3.027700 -1.080000
v -1.050000 3.027700 -1.080000
v -1.050000 3.027700 1.080000
v -1.050000 3.027700 1.080000
v -1.050000 3.027700 1.080000
v -1.050000 3.027700 1.080000
v -1.050000 3.057500 -1.350000
v -1.050000 3.057500 -1.350000
v -1.050000 3.057500 1.350000
v -1.050000 3.057500 1.350000
v -1.050000 3.092500 -1.390000
v -1.050000 3.092500 -1.350000
v -1.050000 3.092500 -1.350000
v -1.050000 3.092500 -1.310000
v -1.050000 3.092500 -1.310000
v -1.050000 3.092500 1.310000
v -1.050000 3.092500 1.350000
v -1.050000 3.092500 1.350000
v -1.050000 3.092500 1.390000
v -1.050000 3.092500 1.390000
v -1.042834 3.065139 -1.378284
v -1.042834 3.065139 -1.321716
v -1.042834 3.065139 1.321716
v -1.042834 3.065139 1.378284
v -1.039866 3.053805 -1.350000
v -1.039866 3.053805 1.350000
v -0.927685 3.163716 -1.350000
v -0.927685 3.163716 1.350000
v -0.925068 3.152296 -1.378284
v -0.925068 3.152296 -1.321716
v -0.925068 3.152296 1.321716
v -0.925068 3.152296 1.378284
v -0.918750 3.124727 -1.390000
v -0.918750 3.124727 -1.310000
v -0.918750 3.124727 -1.310000
v -0.918750 3.124727 1.310000
v -0.918750 3.124727 1.390000
v -0.918750 3.124727 1.390000
v -0.912432 3.097157 -1.378284
v -0.912432 3.097157 -1.321716
v -0.912432 3.097157 1.321716
v -0.912432 3.097157 1.378284
v -0.909815 3.085737 -1.350000
v -0.909815 3.085737 1.350000
v -0.840000 2.927000 0.000000
v -0.840000 2.927000 0.000000
v -0.840000 2.927000 0.000000
v -0.840000 2.927000 0.000000
v -0.840000 2.934200 -0.270000
v -0.840000 2.934200 -0.270000
v -0.840000 2.934200 -0.270000
v -0.840000 2.934200 -0.270000
v -0.840000 2.934200 0.270000
v -0.840000 2.934200 0.270000
v -0.840000 2.934200 0.270000
v -0.840000 2.934200 0.270000
v -0.840000 2.955800 -0.540000
v -0.840000 2.955800 -0.540000
v -0.840000 2.955800 -0.540000
v -0.840000 2.955800 -0.540000
v -0.840000 2.955800 0.540000
v -0.840000 2.955800 0.540000
v -0.840000 2.955800 0.540000
v -0.840000 2.955800 0.540000
v -0.840000 2.962000 0.000000
v -0.840000 2.962000 0.000000
v -0.840000 2.962000 0.000000
v -0.840000 2.962000 0.000000
v -0.840000 2.969200 -0.270000
v -0.840000 2.969200 -0.270000
v -0.840000 2.969200 -0.270000
v -0.840000 2.969200 -0.270000
v -0.840000 2.969200 0.270000
v -0.840000 2.969200 0.270000
v -0.840000 2.969200 0.270000
v -0.840000 2.969200 0.270000
v -0.840000 2.990800 -0.540000
v -0.840000 2.990800 -0.540000
v -0.840000 2.990800 -0.540000
v -0.840000 2.990800 -0.540000
v -0.840000 2.990800 0.540000
v -0.840000 2.990800 0.540000
v -0.840000 2.990800 0.540000
v -0.840000 2.990800 0.540000
v -0.840000 2.991800 -0.810000
v -0.840000 2.991800 -0.810000
v -0.840000 2.991800 -0.810000
v -0.840000 2.991800 -0.810000
v -0.840000 2.991800 0.810000
v -0.840000 2.991800 0.810000
v -0.840000 2.991800 0.810000
v -0.840000 2.991800 0.810000
v -0.840000 3.026800 -0.810000
v -0.840000 3.026800 -0.810000
v -0.840000 3.026800 -0.810000
v -0.840000 3.026800 -0.810000
v -0.840000 3.026800 0.810000
v -0.840000 3.026800 0.810000
v -0.840000 3.026800 0.810000
v -0.840000 3.026800 0.810000
v -0.840000 3.042200 -1.080000
v -0.840000 3.042200 -1.080000
v -0.840000 3.042200 -1.080000
v -0.840000 3.042200 -1.080000
v -0.840000 3.042200 1.080000
v -0.840000 3.042200 1.080000
v -0.840000 3.042200 1.080000
v -0.840000 3.042200 1.080000
v -0.840000 3.077200 -1.080000
v -0.840000 3.077200 -1.080000
v -0.840000 3.077200 -1.080000
v -0.840000 3.077200 -1.080000
v -0.840000 3.077200 1.080000
v -0.840000 3.077200 1.080000
v -0.840000 3.077200 1.080000
v -0.840000 3.077200 1.080000
v -0.840000 3.107000 -1.350000
v -0.840000 3.107000 -1.350000
v -0.840000 3.107000 1.350000
v -0.840000 3.107000 1.350000
v -0.840000 3.142000 -1.350000
v -0.840000 3.142000 -1.350000
v -0.840000 3.142000 1.350000
v -0.840000 3.142000 1.350000
v -0.795210 3.191906 -1.350000
v -0.795210 3.191906 1.350000
v -0.792952 3.180410 -1.378284
v -0.792952 3.180410 -1.321716
v -0.792952 3.180410 1.321716
v -0.792952 3.180410 1.378284
v -0.787500 3.152656 -1.390000
v -0.787500 3.152656 -1.310000
v -0.787500 3.152656 -1.310000
v -0.787500 3.152656 1.310000
v -0.787500 3.152656 1.390000
v -0.787500 3.152656 1.390000
v -0.782048 3.124902 -1.378284
v -0.782048 3.124902 -1.321716
v -0.782048 3.124902 1.321716
v -0.782048 3.124902 1.378284
v -0.779790 3.113406 -1.350000
v -0.779790 3.113406 1.350000
v -0.662712 3.215764 -1.350000
v -0.662712 3.215764 1.350000
v -0.660819 3.204202 -1.378284
v -0.660819 3.204202 -1.321716
v -0.660819 3.204202 1.321716
v -0.660819 3.204202 1.378284
v -0.656250 3.176289 -1.390000
v -0.656250 3.176289 -1.310000
v -0.656250 3.176289 -1.310000
v -0.656250 3.176289 1.310000
v -0.656250 3.176289 1.390000
v -0.656250 3.176289 1.390000
v -0.651681 3.148376 -1.378284
v -0.651681 3.148376 -1.321716
v -0.651681 3.148376 1.321716
v -0.651681 3.148376 1.378284
v -0.649788 3.136814 -1.350000
v -0.649788 3.136814 1.350000
v -0.630000 2.965500 0.000000
v -0.630000 2.965500 0.000000
v -0.630000 2.965500 0.000000
v -0.630000 2.965500 0.000000
v -0.630000 2.972700 -0.270000
v -0.630000 2.972700 -0.270000
v -0.630000 2.972700 -0.270000
v -0.630000 2.972700 -0.270000
v -0.630000 2.972700 0.270000
v -0.630000 2.972700 0.270000
v -0.630000 2.972700 0.270000
v -0.630000 2.972700 0.270000
v -0.630000 2.994300 -0.540000
v -0.630000 2.994300 -0.540000
v -0.630000 2.994300 -0.540000
v -0.630000 2.994300 -0.540000
v -0.630000 2.994300 0.540000
v -0.630000 2.994300 0.540000
v -0.630000 2.994300 0.540000
v -0.630000 2.994300 0.540000
v -0.630000 3.000500 0.000000
v -0.630000 3.000500 0.000000
v -0.630000 3.000500 0.000000
v -0.630000 3.000500 0.000000
v -0.630000 3.007700 -0.270000
v -0.630000 3.007700 -0.270000
v -0.630000 3.007700 -0.270000
v -0.630000 3.007700 -0.270000
v -0.630000 3.007700 0.270000
v -0.630000 3.007700 0.270000
v -0.630000 3.007700 0.270000
v -0.630000 3.007700 0.270000
v -0.630000 3.029300 -0.540000
v -0.630000 3.029300 -0.540000
v -0.630000 3.029300 -0.540000
v -0.630000 3.029300 -0.540000
v -0.630000 3.029300 0.540000
v -0.630000 3.029300 0.540000
v -0.630000 3.029300 0.540000
v -0.630000 3.029300 0.540000
v -0.630000 3.030300 -0.810000
v -0.630000 3.030300 -0.810000
v -0.630000 3.030300 -0.810000
v -0.630000 3.030300 -0.810000
v -0.630000 3.030300 0.810000
v -0.630000 3.030300 0.810000
v -0.630000 3.030300 0.810000
v -0.630000 3.030300 0.810000
v -0.630000 3.065300 -0.810000
v -0.630000 3.065300 -0.810000
v -0.630000 3.065300 -0.810000
v -0.630000 3.065300 -0.810000
v -0.630000 3.065300 0.810000
v -0.630000 3.065300 0.810000
v -0.630000 3.065300 0.810000
v -0.630000 3.065300 0.810000
v -0.630000 3.080700 -1.080000
v -0.630000 3.080700 -1.080000
v -0.630000 3.080700 -1.080000
v -0.630000 3.080700 -1.080000
v -0.630000 3.080700 1.080000
v -0.630000 3.080700 1.080000
v -0.630000 3.080700 1.080000
v -0.630000 3.080700 1.080000
v -0.630000 3.115700 -1.080000
v -0.630000 3.115700 -1.080000
v -0.630000 3.115700 -1.080000
v -0.630000 3.115700 -1.080000
v -0.630000 3.115700 1.080000
v -0.630000 3.115700 1.080000
v -0.630000 3.115700 1.080000
v -0.630000 3.115700 1.080000
v -0.630000 3.145500 -1.350000
v -0.630000 3.145500 -1.350000
v -0.630000 3.145500 1.350000
v -0.630000 3.145500 1.350000
v -0.630000 3.180500 -1.350000
v -0.630000 3.180500 -1.350000
v -0.630000 3.180500 1.350000
v -0.630000 3.180500 1.350000
v -0.530194 3.235286 -1.350000
v -0.530194 3.235286 1.350000
v -0.528673 3.223670 -1.378284
v -0.528673 3.223670 -1.321716
v -0.528673 3.223670 1.321716
v -0.528673 3.223670 1.378284
v -0.525000 3.195625 -1.390000
v -0.525000 3.195625 -1.310000
v -0.525000 3.195625 -1.310000
v -0.525000 3.195625 1.310000
v -0.525000 3.195625 1.390000
v -0.525000 3.195625 1.390000
v -0.521327 3.167580 -1.378284
v -0.521327 3.167580 -1.321716
v -0.521327 3.167580 1.321716
v -0.521327 3.167580 1.378284
v -0.519806 3.155964 -1.350000
v -0.519806 3.155964 1.350000
v -0.420000 2.993000 0.000000
v -0.420000 2.993000 0.000000
v -0.420000 2.993000 0.000000
v -0.420000 2.993000 0.000000
v -0.420000 3.000200 -0.270000
v -0.420000 3.000200 -0.270000
v -0.420000 3.000200 -0.270000
v -0.420000 3.000200 -0.270000
v -0.420000 3.000200 0.270000
v -0.420000 3.000200 0.270000
v -0.420000 3.000200 0.270000
v -0.420000 3.000200 0.270000
v -0.420000 3.021800 -0.540000
v -0.420000 3.021800 -0.540000
v -0.420000 3.021800 -0.540000
v -0.420000 3.021800 -0.540000
v -0.420000 3.021800 0.540000
v -0.420000 3.021800 0.540000
v -0.420000 3.021800 0.540000
v -0.420000 3.021800 0.540000
v -0.420000 3.028000 0.000000
v -0.420000 3.028000 0.000000
v -0.420000 3.028000 0.000000
v -0.420000 3.028000 0.000000
v -0.420000 3.035200 -0.270000
v -0.420000 3.035200 -0.270000
v -0.420000 3.035200 -0.270000
v -0.420000 3.035200 -0.270000
v -0.420000 3.035200 0.270000
v -0.420000 3.035200 0.270000
v -0.420000 3.035200 0.270000
v -0.420000 3.035200 0.270000
v -0.420000 3.056800 -0.540000
v -0.420000 3.056800 -0.540000
v -0.420000 3.056800 -0.540000
v -0.420000 3.056800 -0.540000
v -0.420000 3.056800 0.540000
v -0.420000 3.056800 0.540000
v -0.420000 3.056800 0.540000
v -0.420000 3.056800 0.540000
v -0.420000 3.057800 -0.810000
v -0.420000 3.057800 -0.810000
v -0.420000 3.057800 -0.810000
v -0.420000 3.057800 -0.810000
v -0.420000 3.057800 0.810000
v -0.420000 3.057800 0.810000
v -0.420000 3.057800 0.810000
v -0.420000 3.057800 0.810000
v -0.420000 3.092800 -0.810000
v -0.420000 3.092800 -0.810000
v -0.420000 3.092800 -0.810000
v -0.420000 3.092800 -0.810000
v -0.420000 3.092800 0.810000
v -0.420000 3.092800 0.810000
v -0.420000 3.092800 0.810000
v -0.420000 3.092800 0.810000
v -0.420000 3.108200 -1.080000
v -0.420000 3.108200 -1.080000
v -0.420000 3.108200 -1.080000
v -0.420000 3.108200 -1.080000
v -0.420000 3.108200 1.080000
v -0.420000 3.108200 1.080000
v -0.420000 3.108200 1.080000
v -0.420000 3.108200 1.080000
v -0.420000 3.143200 -1.080000
v -0.420000 3.143200 -1.080000
v -0.420000 3.143200 -1.080000
v -0.420000 3.143200 -1.080000
v -0.420000 3.143200 1.080000
v -0.420000 3.143200 1.080000
v -0.420000 3.143200 1.080000
v -0.420000 3.143200 1.080000
v -0.420000 3.173000 -1.350000
v -0.420000 3.173000 -1.350000
v -0.420000 3.173000 1.350000
v -0.420000 3.173000 1.350000
v -0.420000 3.208000 -1.350000
v -0.420000 3.208000 -1.350000
v -0.420000 3.208000 1.350000
v -0.420000 3.208000 1.350000
v -0.397660 3.250473 -1.350000
v -0.397660 3.250473 1.350000
v -0.396515 3.238813 -1.378284
v -0.396515 3.238813 -1.321716
v -0.396515 3.238813 1.321716
v -0.396515 3.238813 1.378284
v -0.393750 3.210664 -1.390000
v -0.393750 3.210664 -1.310000
v -0.393750 3.210664 -1.310000
v -0.393750 3.210664 1.310000
v -0.393750 3.210664 1.390000
v -0.393750 3.210664 1.390000
v -0.390985 3.182515 -1.378284
v -0.390985 3.182515 -1.321716
v -0.390985 3.182515 1.321716
v -0.390985 3.182515 1.378284
v -0.389840 3.170856 -1.350000
v -0.389840 3.170856 1.350000
v -0.265113 3.261321 -1.350000
v -0.265113 3.261321 1.350000
v -0.264348 3.249630 -1.378284
v -0.264348 3.249630 -1.321716
v -0.264348 3.249630 1.321716
v -0.264348 3.249630 1.378284
v -0.262500 3.221406 -1.390000
v -0.262500 3.221406 -1.310000
v -0.262500 3.221406 -1.310000
v -0.262500 3.221406 1.310000
v -0.262500 3.221406 1.390000
v -0.262500 3.221406 1.390000
v -0.260652 3.193182 -1.378284
v -0.260652 3.193182 -1.321716
v -0.260652 3.193182 1.321716
v -0.260652 3.193182 1.378284
v -0.259887 3.181492 -1.350000
v -0.259887 3.181492 1.350000
v -0.210000 3.009500 0.000000
v -0.210000 3.009500 0.000000
v -0.210000 3.009500 0.000000
v -0.210000 3.009500 0.000000
v -0.210000 3.016700 -0.270000
v -0.210000 3.016700 -0.270000
v -0.210000 3.016700 -0.270000
v -0.210000 3.016700 -0.270000
v -0.210000 3.016700 0.270000
v -0.210000 3.016700 0.270000
v -0.210000 3.016700 0.270000
v -0.210000 3.016700 0.270000
v -0.210000 3.038300 -0.540000
v -0.210000 3.038300 -0.540000
v -0.210000 3.038300 -0.540000
v -0.210000 3.038300 -0.540000
v -0.210000 3.038300 0.540000
v -0.210000 3.038300 0.540000
v -0.210000 3.038300 0.540000
v -0.210000 3.038300 0.540000
v -0.210000 3.044500 0.000000
v -0.210000 3.044500 0.000000
v -0.210000 3.044500 0.000000
v -0.210000 3.044500 0.000000
v -0.210000 3.051700 -0.270000
v -0.210000 3.051700 -0.270000
v -0.210000 3.051700 -0.270000
v -0.210000 3.051700 -0.270000
v -0.210000 3.051700 0.270000
v -0.210000 3.051700 0.270000
v -0.210000 3.051700 0.270000
v -0.210000 3.051700 0.270000
v -0.210000 3.073300 -0.540000
v -0.210000 3.073300 -0.540000
v -0.210000 3.073300 -0.540000
v -0.210000 3.073300 -0.540000
v -0.210000 3.073300 0.540000
v -0.210000 3.073300 0.540000
v -0.210000 3.073300 0.540000
v -0.210000 3.073300 0.540000
v -0.210000 3.074300 -0.810000
v -0.210000 3.074300 -0.810000
v -0.210000 3.074300 -0.810000
v -0.210000 3.074300 -0.810000
v -0.210000 3.074300 0.810000
v -0.210000 3.074300 0.810000
v -0.210000 3.074300 0.810000
v -0.210000 3.074300 0.810000
v -0.210000 3.109300 -0.810000
v -0.210000 3.109300 -0.810000
v -0.210000 3.109300 -0.810000
v -0.210000 3.109300 -0.810000
v -0.210000 3.109300 0.810000
v -0.210000 3.109300 0.810000
v -0.210000 3.109300 0.810000
v -0.210000 3.109300 0.810000
v -0.210000 3.124700 -1.080000
v -0.210000 3.124700 -1.080000
v -0.210000 3.124700 -1.080000
v -0.210000 3.124700 -1.080000
v -0.210000 3.124700 1.080000
v -0.210000 3.124700 1.080000
v -0.210000 3.124700 1.080000
v -0.210000 3.124700 1.080000
v -0.210000 3.159700 -1.080000
v -0.210000 3.159700 -1.080000
v -0.210000 3.159700 -1.080000
v -0.210000 3.159700 -1.080000
v -0.210000 3.159700 1.080000
v -0.210000 3.159700 1.080000
v -0.210000 3.159700 1.080000
v -0.210000 3.159700 1.080000
v -0.210000 3.189500 -1.350000
v -0.210000 3.189500 -1.350000
v -0.210000 3.189500 1.350000
v -0.210000 3.189500 1.350000
v -0.210000 3.224500 -1.350000
v -0.210000 3.224500 -1.350000
v -0.210000 3.224500 1.350000
v -0.210000 3.224500 1.350000
v -0.132559 3.267830 -1.350000
v -0.132559 3.267830 1.350000
v -0.132175 3.256121 -1.378284
v -0.132175 3.256121 -1.321716
v -0.132175 3.256121 1.321716
v -0.132175 3.256121 1.378284
v -0.131250 3.227852 -1.390000
v -0.131250 3.227852 -1.310000
v -0.131250 3.227852 -1.310000
v -0.131250 3.227852 1.310000
v -0.131250 3.227852 1.390000
v -0.131250 3.227852 1.390000
v -0.130325 3.199582 -1.378284
v -0.130325 3.199582 -1.321716
v -0.130325 3.199582 1.321716
v -0.130325 3.199582 1.378284
v -0.129941 3.187873 -1.350000
v -0.129941 3.187873 1.350000
v 0.000000 3.015000 0.000000
v 0.000000 3.015000 0.000000
v 0.000000 3.015000 0.000000
v 0.000000 3.015000 0.000000
v 0.000000 3.022200 -0.270000
v 0.000000 3.022200 -0.270000
v 0.000000 3.022200 -0.270000
v 0.000000 3.022200 -0.270000
v 0.000000 3.022200 0.270000
v 0.000000 3.022200 0.270000
v 0.000000 3.022200 0.270000
v 0.000000 3.022200 0.270000
v 0.000000 3.043800 -0.540000
v 0.000000 3.043800 -0.540000
v 0.000000 3.043800 -0.540000
v 0.000000 3.043800 -0.540000
v 0.000000 3.043800 0.540000
v 0.000000 3.043800 0.540000
v 0.000000 3.043800 0.540000
v 0.000000 3.043800 0.540000
v 0.000000 3.050000 0.000000
v 0.000000 3.050000 0.000000
v 0.000000 3.050000 0.000000
v 0.000000 3.050000 0.000000
v 0.000000 3.057200 -0.270000
v 0.000000 3.057200 -0.270000
v 0.000000 3.057200 -0.270000
v 0.000000 3.057200 -0.270000
v 0.000000 3.057200 0.270000
v 0.000000 3.057200 0.270000
v 0.000000 3.057200 0.270000
v 0.000000 3.057200 0.270000
v 0.000000 3.078800 -0.540000
v 0.000000 3.078800 -0.540000
v 0.000000 3.078800 -0.540000
v 0.000000 3.078800 -0.540000
v 0.000000 3.078800 0.540000
v 0.000000 3.078800 0.540000
v 0.000000 3.078800 0.540000
v 0.000000 3.078800 0.540000
v 0.000000 3.079800 -0.810000
v 0.000000 3.079800 -0.810000
v 0.000000 3.079800 -0.810000
v 0.000000 3.079800 -0.810000
v 0.000000 3.079800 0.810000
v 0.000000 3.079800 0.810000
v 0.000000 3.079800 0.810000
v 0.000000 3.079800 0.810000
v 0.000000 3.114800 -0.810000
v 0.000000 3.114800 -0.810000
v 0.000000 3.114800 -0.810000
v 0.000000 3.114800 -0.810000
v 0.000000 3.114800 0.810000
v 0.000000 3.114800 0.810000
v 0.000000 3.114800 0.810000
v 0.000000 3.114800 0.810000
v 0.000000 3.130200 -1.080000
v 0.000000 3.130200 -1.080000
v 0.000000 3.130200 -1.080000
v 0.000000 3.130200 -1.080000
v 0.000000 3.130200 1.080000
v 0.000000 3.130200 1.080000
v 0.000000 3.130200 1.080000
v 0.000000 3.130200 1.080000
v 0.000000 3.165200 -1.080000
v 0.000000 3.165200 -1.080000
v 0.000000 3.165200 -1.080000
v 0.000000 3.165200 -1.080000
v 0.000000 3.165200 1.080000
v 0.000000 3.165200 1.080000
v 0.000000 3.165200 1.080000
v 0.000000 3.165200 1.080000
v 0.000000 3.190000 -1.350000
v 0.000000 3.190000 1.350000
v 0.000000 3.195000 -1.350000
v 0.000000 3.195000 -1.350000
v 0.000000 3.195000 1.350000
v 0.000000 3.195000 1.350000
v 0.000000 3.201716 -1.378284
v 0.000000 3.201716 -1.321716
v 0.000000 3.201716 1.321716
v 0.000000 3.201716 1.378284
v 0.000000 3.230000 -1.390000
v 0.000000 3.230000 -1.350000
v 0.000000 3.230000 -1.350000
v 0.000000 3.230000 -1.310000
v 0.000000 3.230000 -1.310000
v 0.000000 3.230000 1.310000
v 0.000000 3.230000 1.350000
v 0.000000 3.230000 1.350000
v 0.000000 3.230000 1.390000
v 0.000000 3.230000 1.390000
v 0.000000 3.258284 -1.378284
v 0.000000 3.258284 -1.321716
v 0.000000 3.258284 1.321716
v 0.000000 3.258284 1.378284
v 0.000000 3.270000 -1.350000
v 0.000000 3.270000 1.350000
v 0.129941 3.187873 -1.350000
v 0.129941 3.187873 1.350000
v 0.130325 3.199582 -1.378284
v 0.130325 3.199582 -1.321716
v 0.130325 3.199582 1.321716
v 0.130325 3.199582 1.378284
v 0.131250 3.227852 -1.390000
v 0.131250 3.227852 -1.310000
v 0.131250 3.227852 -1.310000
v 0.131250 3.227852 1.310000
v 0.131250 3.227852 1.390000
v 0.131250 3.227852 1.390000
v 0.132175 3.256121 -1.378284
v 0.132175 3.256121 -1.321716
v 0.132175 3.256121 1.321716
v 0.132175 3.256121 1.378284
v 0.132559 3.267830 -1.350000
v 0.132559 3.267830 1.350000
v 0.210000 3.009500 0.000000
v 0.210000 3.009500 0.000000
v 0.210000 3.009500 0.000000
v 0.210000 3.009500 0.000000
v 0.210000 3.016700 -0.270000
v 0.210000 3.016700 -0.270000
v 0.210000 3.016700 -0.270000
v 0.210000 3.016700 -0.270000
v 0.210000 3.016700 0.270000
v 0.210000 3.016700 0.270000
v 0.210000 3.016700 0.270000
v 0.210000 3.016700 0.270000
v 0.210000 3.038300 -0.540000
v 0.210000 3.038300 -0.540000
v 0.210000 3.038300 -0.540000
v 0.210000 3.038300 -0.540000
v 0.210000 3.038300 0.540000
v 0.210000 3.038300 0.540000
v 0.210000 3.038300 0.540000
v 0.210000 3.038300 0.540000
v 0.210000 3.044500 0.000000
v 0.210000 3.044500 0.000000
v 0.210000 3.044500 0.000000
v 0.210000 3.044500 0.000000
v 0.210000 3.051700 -0.270000
v 0.210000 3.051700 -0.270000
v 0.210000 3.051700 -0.270000
v 0.210000 3.051700 -0.270000
v 0.210000 3.051700 0.270000
v 0.210000 3.051700 0.270000
v 0.210000 3.051700 0.270000
v 0.210000 3.051700 0.270000
v 0.210000 3.073300 -0.540000
v 0.210000 3.073300 -0.540000
v 0.210000 3.073300 -0.540000
v 0.210000 3.073300 -0.540000
v 0.210000 3.073300 0.540000
v 0.210000 3.073300 0.540000
v 0.210000 3.073300 0.540000
v 0.210000 3.073300 0.540000
v 0.210000 3.074300 -0.810000
v 0.210000 3.074300 -0.810000
v 0.210000 3.074300 -0.810000
v 0.210000 3.074300 -0.810000
v 0.210000 3.074300 0.810000
v 0.210000 3.074300 0.810000
v 0.210000 3.074300 0.810000
v 0.210000 3.074300 0.810000
v 0.210000 3.109300 -0.810000
v 0.210000 3.109300 -0.810000
v 0.210000 3.109300 -0.810000
v 0.210000 3.109300 -0.810000
v 0.210000 3.109300 0.810000
v 0.210000 3.109300 0.810000
v 0.210000 3.109300 0.810000
v 0.210000 3.109300 0.810000
v 0.210000 3.124700 -1.080000
v 0.210000 3.124700 -1.080000
v 0.210000 3.124700 -1.080000
v 0.210000 3.124700 -1.080000
v 0.210000 3.124700 1.080000
v 0.210000 3.124700 1.080000
v 0.210000 3.124700 1.080000
v 0.210000 3.124700 1.080000
v 0.210000 3.159700 -1.080000
v 0.210000 3.159700 -1.080000
v 0.210000 3.159700 -1.080000
v 0.210000 3.159700 -1.080000
v 0.210000 3.159700 1.080000
v 0.210000 3.159700 1.080000
v 0.210000 3.159700 1.080000
v 0.210000 3.159700 1.080000
v 0.210000 3.189500 -1.350000
v 0.210000 3.189500 -1.350000
v 0.210000 3.189500 1.350000
v 0.210000 3.189500 1.350000
v 0.210000 3.224500 -1.350000
v 0.210000 3.224500 -1.350000
v 0.210000 3.224500 1.350000
v 0.210000 3.224500 1.350000
v 0.259887 3.181492 -1.350000
v 0.259887 3.181492 1.350000
v 0.260652 3.193182 -1.378284
v 0.260652 3.193182 -1.321716
v 0.260652 3.193182 1.321716
v 0.260652 3.193182 1.378284
v 0.262500 3.221406 -1.390000
v 0.262500 3.221406 -1.310000
v 0.262500 3.221406 -1.310000
v 0.262500 3.221406 1.310000
v 0.262500 3.221406 1.390000
v 0.262500 3.221406 1.390000
v 0.264348 3.249630 -1.378284
v 0.264348 3.249630 -1.321716
v 0.264348 3.249630 1.321716
v 0.264348 3.249630 1.378284
v 0.265113 3.261321 -1.350000
v 0.265113 3.261321 1.350000
v 0.389840 3.170856 -1.350000
v 0.389840 3.170856 1.350000
v 0.390985 3.182515 -1.378284
v 0.390985 3.182515 -1.321716
v 0.390985 3.182515 1.321716
v 0.390985 3.182515 1.378284
v 0.393750 3.210664 -1.390000
v 0.393750 3.210664 -1.310000
v 0.393750 3.210664 -1.310000
v 0.393750 3.210664 1.310000
v 0.393750 3.210664 1.390000
v 0.393750 3.210664 1.390000
v 0.396515 3.238813 -1.378284
v 0.396515 3.238813 -1.321716
v 0.396515 3.238813 1.321716
v 0.396515 3.238813 1.378284
v 0.397660 3.250473 -1.350000
v 0.397660 3.250473 1.350000
v 0.420000 2.993000 0.000000
v 0.420000 2.993000 0.000000
v 0.420000 2.993000 0.000000
v 0.420000 2.993000 0.000000
v 0.420000 3.000200 -0.270000
v 0.420000 3.000200 -0.270000
v 0.420000 3.000200 -0.270000
v 0.420000 3.000200 -0.270000
v 0.420000 3.000200 0.270000
v 0.420000 3.000200 0.270000
v 0.420000 3.000200 0.270000
v 0.420000 3.000200 0.270000
v 0.420000 3.021800 -0.540000
v 0.420000 3.021800 -0.540000
v 0.420000 3.021800 -0.540000
v 0.420000 3.021800 -0.540000
v 0.420000 3.021800 0.540000
v 0.420000 3.021800 0.540000
v 0.420000 3.021800 0.540000
v 0.420000 3.021800 0.540000
v 0.420000 3.028000 0.000000
v 0.420000 3.028000 0.000000
v 0.420000 3.028000 0.000000
v 0.420000 3.028000 0.000000
v 0.420000 3.035200 -0.270000
v 0.420000 3.035200 -0.270000
v 0.420000 3.035200 -0.270000
v 0.420000 3.035200 -0.270000
v 0.420000 3.035200 0.270000
v 0.420000 3.035200 0.270000
v 0.420000 3.035200 0.270000
v 0.420000 3.035200 0.270000
v 0.420000 3.056800 -0.540000
v 0.420000 3.056800 -0.540000
v 0.420000 3.056800 -0.540000
v 0.420000 3.056800 -0.540000
v 0.420000 3.056800 0.540000
v 0.420000 3.056800 0.540000
v 0.420000 3.056800 0.540000
v 0.420000 3.056800 0.540000
v 0.420000 3.057800 -0.810000
v 0.420000 3.057800 -0.810000
v 0.420000 3.057800 -0.810000
v 0.420000 3.057800 -0.810000
v 0.420000 3.057800 0.810000
v 0.420000 3.057800 0.810000
v 0.420000 3.057800 0.810000
v 0.420000 3.057800 0.810000
v 0.420000 3.092800 -0.810000
v 0.420000 3.092800 -0.810000
v 0.420000 3.092800 -0.810000
v 0.420000 3.092800 -0.810000
v 0.420000 3.092800 0.810000
v 0.420000 3.092800 0.810000
v 0.420000 3.092800 0.810000
v 0.420000 3.092800 0.810000
v 0.420000 3.108200 -1.080000
v 0.420000 3.108200 -1.080000
v 0.420000 3.108200 -1.080000
v 0.420000 3.108200 -1.080000
v 0.420000 3.108200 1.080000
v 0.420000 3.108200 1.080000
v 0.420000 3.108200 1.080000
v 0.420000 3.108200 1.080000
v 0.420000 3.143200 -1.080000
v 0.420000 3.143200 -1.080000
v 0.420000 3.143200 -1.080000
v 0.420000 3.143200 -1.080000
v 0.420000 3.143200 1.080000
v 0.420000 3.143200 1.080000
v 0.420000 3.143200 1.080000
v 0.420000 3.143200 1.080000
v 0.420000 3.173000 -1.350000
v 0.420000 3.173000 -1.350000
v 0.420000 3.173000 1.350000
v 0.420000 3.173000 1.350000
v 0.420000 3.208000 -1.350000
v 0.420000 3.208000 -1.350000
v 0.420000 3.208000 1.350000
v 0.420000 3.208000 1.350000
v 0.519806 3.155964 -1.350000
v 0.519806 3.155964 1.350000
v 0.521327 3.167580 -1.378284
v 0.521327 3.167580 -1.321716
v 0.521327 3.167580 1.321716
v 0.521327 3.167580 1.378284
v 0.525000 3.195625 -1.390000
v 0.525000 3.195625 -1.310000
v 0.525000 3.195625 -1.310000
v 0.525000 3.195625 1.310000
v 0.525000 3.195625 1.390000
v 0.525000 3.195625 1.390000
v 0.528673 3.223670 -1.378284
v 0.528673 3.223670 -1.321716
v 0.528673 3.223670 1.321716
v 0.528673 3.223670 1.378284
v 0.530194 3.235286 -1.350000
v 0.530194 3.235286 1.350000
v 0.630000 2.965500 0.000000
v 0.630000 2.965500 0.000000
v 0.630000 2.965500 0.000000
v 0.630000 2.965500 0.000000
v 0.630000 2.972700 -0.270000
v 0.630000 2.972700 -0.270000
v 0.630000 2.972700 -0.270000
v 0.630000 2.972700 -0.270000
v 0.630000 2.972700 0.270000
v 0.630000 2.972700 0.270000
v 0.630000 2.972700 0.270000
v 0.630000 2.972700 0.270000
v 0.630000 2.994300 -0.540000
v 0.630000 2.994300 -0.540000
v 0.630000 2.994300 -0.540000
v 0.630000 2.994300 -0.540000
v 0.630000 2.994300 0.540000
v 0.630000 2.994300 0.540000
v 0.630000 2.994300 0.540000
v 0.630000 2.994300 0.540000
v 0.630000 3.000500 0.000000
v 0.630000 3.000500 0.000000
v 0.630000 3.000500 0.000000
v 0.630000 3.000500 0.000000
v 0.630000 3.007700 -0.270000
v 0.630000 3.007700 -0.270000
v 0.630000 3.007700 -0.270000
v 0.630000 3.007700 -0.270000
v 0.630000 3.007700 0.270000
v 0.630000 3.007700 0.270000
v 0.630000 3.007700 0.270000
v 0.630000 3.007700 0.270000
v 0.630000 3.029300 -0.540000
v 0.630000 3.029300 -0.540000
v 0.630000 3.029300 -0.540000
v 0.630000 3.029300 -0.540000
v 0.630000 3.029300 0.540000
v 0.630000 3.029300 0.540000
v 0.630000 3.029300 0.540000
v 0.630000 3.029300 0.540000
v 0.630000 3.030300 -0.810000
v 0.630000 3.030300 -0.810000
v 0.630000 3.030300 -0.810000
v 0.630000 3.030300 -0.810000
v 0.630000 3.030300 0.810000
v 0.630000 3.030300 0.810000
v 0.630000 3.030300 0.810000
v 0.630000 3.030300 0.810000
v 0.630000 3.065300 -0.810000
v 0.630000 3.065300 -0.810000
v 0.630000 3.065300 -0.810000
v 0.630000 3.065300 -0.810000
v 0.630000 3.065300 0.810000
v 0.630000 3.065300 0.810000
v 0.630000 3.065300 0.810000
v 0.630000 3.065300 0.810000
v 0.630000 3.080700 -1.080000
v 0.630000 3.080700 -1.080000
v 0.630000 3.080700 -1.080000
v 0.630000 3.080700 -1.080000
v 0.630000 3.080700 1.080000
v 0.630000 3.080700 1.080000
v 0.630000 3.080700 1.080000
v 0.630000 3.080700 1.080000
v 0.630000 3.115700 -1.080000
v 0.630000 3.115700 -1.080000
v 0.630000 3.115700 -1.080000
v 0.630000 3.115700 -1.080000
v 0.630000 3.115700 1.080000
v 0.630000 3.115700 1.080000
v 0.630000 3.115700 1.080000
v 0.630000 3.115700 1.080000
v 0.630000 3.145500 -1.350000
v 0.630000 3.145500 -1.350000
v 0.630000 3.145500 1.350000
v 0.630000 3.145500 1.350000
v 0.630000 3.180500 -1.350000
v 0.630000 3.180500 -1.350000
v 0.630000 3.180500 1.350000
v 0.630000 3.180500 1.350000
v 0.649788 3.136814 -1.350000
v 0.649788 3.136814 1.350000
v 0.651681 3.148376 -1.378284
v 0.651681 3.148376 -1.321716
v 0.651681 3.148376 1.321716
v 0.651681 3.148376 1.378284
v 0.656250 3.176289 -1.390000
v 0.656250 3.176289 -1.310000
v 0.656250 3.176289 -1.310000
v 0.656250 3.176289 1.310000
v 0.656250 3.176289 1.390000
v 0.656250 3.176289 1.390000
v 0.660819 3.204202 -1.378284
v 0.660819 3.204202 -1.321716
v 0.660819 3.204202 1.321716
v 0.660819 3.204202 1.378284
v 0.662712 3.215764 -1.350000
v 0.662712 3.215764 1.350000
v 0.779790 3.113406 -1.350000
v 0.779790 3.113406 1.350000
v 0.782048 3.124902 -1.378284
v 0.782048 3.124902 -1.321716
v 0.782048 3.124902 1.321716
v 0.782048 3.124902 1.378284
v 0.787500 3.152656 -1.390000
v 0.787500 3.152656 -1.310000
v 0.787500 3.152656 -1.310000
v 0.787500 3.152656 1.310000
v 0.787500 3.152656 1.390000
v 0.787500 3.152656 1.390000
v 0.792952 3.180410 -1.378284
v 0.792952 3.180410 -1.321716
v 0.792952 3.180410 1.321716
v 0.792952 3.180410 1.378284
v 0.795210 3.191906 -1.350000
v 0.795210 3.191906 1.350000
v 0.840000 2.927000 0.000000
v 0.840000 2.927000 0.000000
v 0.840000 2.927000 0.000000
v 0.840000 2.927000 0.000000
v 0.840000 2.934200 -0.270000
v 0.840000 2.934200 -0.270000
v 0.840000 2.934200 -0.270000
v 0.840000 2.934200 -0.270000
v 0.840000 2.934200 0.270000
v 0.840000 2.934200 0.270000
v 0.840000 2.934200 0.270000
v 0.840000 2.934200 0.270000
v 0.840000 2.955800 -0.540000
v 0.840000 2.955800 -0.540000
v 0.840000 2.955800 -0.540000
v 0.840000 2.955800 -0.540000
v 0.840000 2.955800 0.540000
v 0.840000 2.955800 0.540000
v 0.840000 2.955800 0.540000
v 0.840000 2.955800 0.540000
v 0.840000 2.962000 0.000000
v 0.840000 2.962000 0.000000
v 0.840000 2.962000 0.000000
v 0.840000 2.962000 0.000000
v 0.840000 2.969200 -0.270000
v 0.840000 2.969200 -0.270000
v 0.840000 2.969200 -0.270000
v 0.840000 2.969200 -0.270000
v 0.840000 2.969200 0.270000
v 0.840000 2.969200 0.270000
v 0.840000 2.969200 0.270000
v 0.840000 2.969200 0.270000
v 0.840000 2.990800 -0.540000
v 0.840000 2.990800 -0.540000
v 0.840000 2.990800 -0.540000
v 0.840000 2.990800 -0.540000
v 0.840000 2.990800 0.540000
v 0.840000 2.990800 0.540000
v 0.840000 2.990800 0.540000
v 0.840000 2.990800 0.540000
v 0.840000 2.991800 -0.810000
v 0.840000 2.991800 -0.810000
v 0.840000 2.991800 -0.810000
v 0.840000 2.991800 -0.810000
v 0.840000 2.991800 0.810000
v 0.840000 2.991800 0.810000
v 0.840000 2.991800 0.810000
v 0.840000 2.991800 0.810000
v 0.840000 3.026800 -0.810000
v 0.840000 3.026800 -0.810000
v 0.840000 3.026800 -0.810000
v 0.840000 3.026800 -0.810000
v 0.840000 3.026800 0.810000
v 0.840000 3.026800 0.810000
v 0.840000 3.026800 0.810000
v 0.840000 3.026800 0.810000
v 0.840000 3.042200 -1.080000
v 0.840000 3.042200 -1.080000
v 0.840000 3.042200 -1.080000
v 0.840000 3.042200 -1.080000
v 0.840000 3.042200 1.080000
v 0.840000 3.042200 1.080000
v 0.840000 3.042200 1.080000
v 0.840000 3.042200 1.080000
v 0.840000 3.077200 -1.080000
v 0.840000 3.077200 -1.080000
v 0.840000 3.077200 -1.080000
v 0.840000 3.077200 -1.080000
v 0.840000 3.077200 1.080000
v 0.840000 3.077200 1.080000
v 0.840000 3.077200 1.080000
v 0.840000 3.077200 1.080000
v 0.840000 3.107000 -1.350000
v 0.840000 3.107000 -1.350000
v 0.840000 3.107000 1.350000
v 0.840000 3.107000 1.350000
v 0.840000 3.142000 -1.350000
v 0.840000 3.142000 -1.350000
v 0.840000 3.142000 1.350000
v 0.840000 3.142000 1.350000
v 0.909815 3.085737 -1.350000
v 0.909815 3.085737 1.350000
v 0.912432 3.097157 -1.378284
v 0.912432 3.097157 -1.321716
v 0.912432 3.097157 1.321716
v 0.912432 3.097157 1.378284
v 0.918750 3.124727 -1.390000
v 0.918750 3.124727 -1.310000
v 0.918750 3.124727 -1.310000
v 0.918750 3.124727 1.310000
v 0.918750 3.124727 1.390000
v 0.918750 3.124727 1.390000
v 0.925068 3.152296 -1.378284
v 0.925068 3.152296 -1.321716
v 0.925068 3.152296 1.321716
v 0.925068 3.152296 1.378284
v 0.927685 3.163716 -1.350000
v 0.927685 3.163716 1.350000
v 1.039866 3.053805 -1.350000
v 1.039866 3.053805 1.350000
v 1.042834 3.065139 -1.378284
v 1.042834 3.065139 -1.321716
v 1.042834 3.065139 1.321716
v 1.042834 3.065139 1.378284
v 1.050000 2.877500 0.000000
v 1.050000 2.877500 0.000000
v 1.050000 2.877500 0.000000
v 1.050000 2.877500 0.000000
v 1.050000 2.884700 -0.270000
v 1.050000 2.884700 -0.270000
v 1.050000 2.884700 -0.270000
v 1.050000 2.884700 -0.270000
v 1.050000 2.884700 0.270000
v 1.050000 2.884700 0.270000
v 1.050000 2.884700 0.270000
v 1.050000 2.884700 0.270000
v 1.050000 2.906300 -0.540000
v 1.050000 2.906300 -0.540000
v 1.050000 2.906300 -0.540000
v 1.050000 2.906300 -0.540000
v 1.050000 2.906300 0.540000
v 1.050000 2.906300 0.540000
v 1.050000 2.906300 0.540000
v 1.050000 2.906300 0.540000
v 1.050000 2.912500 0.000000
v 1.050000 2.912500 0.000000
v 1.050000 2.912500 0.000000
v 1.050000 2.912500 0.000000
v 1.050000 2.919700 -0.270000
v 1.050000 2.919700 -0.270000
v 1.050000 2.919700 -0.270000
v 1.050000 2.919700 -0.270000
v 1.050000 2.919700 0.270000
v 1.050000 2.919700 0.270000
v 1.050000 2.919700 0.270000
v 1.050000 2.919700 0.270000
v 1.050000 2.941300 -0.540000
v 1.050000 2.941300 -0.540000
v 1.050000 2.941300 -0.540000
v 1.050000 2.941300 -0.540000
v 1.050000 2.941300 0.540000
v 1.050000 2.941300 0.540000
v 1.050000 2.941300 0.540000
v 1.050000 2.941300 0.540000
v 1.050000 2.942300 -0.810000
v 1.050000 2.942300 -0.810000
v 1.050000 2.942300 -0.810000
v 1.050000 2.942300 -0.810000
v 1.050000 2.942300 0.810000
v 1.050000 2.942300 0.810000
v 1.050000 2.942300 0.810000
v 1.050000 2.942300 0.810000
v 1.050000 2.977300 -0.810000
v 1.050000 2.977300 -0.810000
v 1.050000 2.977300 -0.810000
v 1.050000 2.977300 -0.810000
v 1.050000 2.977300 0.810000
v 1.050000 2.977300 0.810000
v 1.050000 2.977300 0.810000
v 1.050000 2.977300 0.810000
v 1.050000 2.992700 -1.080000
v 1.050000 2.992700 -1.080000
v 1.050000 2.992700 -1.080000
v 1.050000 2.992700 -1.080000
v 1.050000 2.992700 1.080000
v 1.050000 2.992700 1.080000
v 1.050000 2.992700 1.080000
v 1.050000 2.992700 1.080000
v 1.050000 3.027700 -1.080000
v 1.050000 3.027700 -1.080000
v 1.050000 3.027700 -1.080000
v 1.050000 3.027700 -1.080000
v 1.050000 3.027700 1.080000
v 1.050000 3.027700 1.080000
v 1.050000 3.027700 1.080000
v 1.050000 3.027700 1.080000
v 1.050000 3.057500 -1.350000
v 1.050000 3.057500 -1.350000
v 1.050000 3.057500 1.350000
v 1.050000 3.057500 1.350000
v 1.050000 3.092500 -1.390000
v 1.050000 3.092500 -1.350000
v 1.050000 3.092500 -1.350000
v 1.050000 3.092500 -1.310000
v 1.050000 3.092500 -1.310000
v 1.050000 3.092500 1.310000
v 1.050000 3.092500 1.350000
v 1.050000 3.092500 1.350000
v 1.050000 3.092500 1.390000
v 1.050000 3.092500 1.390000
v 1.057166 3.119861 -1.378284
v 1.057166 3.119861 -1.321716
v 1.057166 3.119861 1.321716
v 1.057166 3.119861 1.378284
v 1.060134 3.131195 -1.350000
v 1.060134 3.131195 1.350000
v 1.169945 3.017607 -1.350000
v 1.169945 3.017607 1.350000
v 1.173256 3.028845 -1.378284
v 1.173256 3.028845 -1.321716
v 1.173256 3.028845 1.321716
v 1.173256 3.028845 1.378284
v 1.181250 3.055977 -1.390000
v 1.181250 3.055977 -1.310000
v 1.181250 3.055977 -1.310000
v 1.181250 3.055977 1.310000
v 1.181250 3.055977 1.390000
v 1.181250 3.055977 1.390000
v 1.189244 3.083108 -1.378284
v 1.189244 3.083108 -1.321716
v 1.189244 3.083108 1.321716
v 1.189244 3.083108 1.378284
v 1.192555 3.094346 -1.350000
v 1.192555 3.094346 1.350000
v 1.260000 2.817000 0.000000
v 1.260000 2.817000 0.000000
v 1.260000 2.817000 0.000000
v 1.260000 2.817000 0.000000
v 1.260000 2.824200 -0.270000
v 1.260000 2.824200 -0.270000
v 1.260000 2.824200 -0.270000
v 1.260000 2.824200 -0.270000
v 1.260000 2.824200 0.270000
v 1.260000 2.824200 0.270000
v 1.260000 2.824200 0.270000
v 1.260000 2.824200 0.270000
v 1.260000 2.845800 -0.540000
v 1.260000 2.845800 -0.540000
v 1.260000 2.845800 -0.540000
v 1.260000 2.845800 -0.540000
v 1.260000 2.845800 0.540000
v 1.260000 2.845800 0.540000
v 1.260000 2.845800 0.540000
v 1.260000 2.845800 0.540000
v 1.260000 2.852000 0.000000
v 1.260000 2.852000 0.000000
v 1.260000 2.852000 0.000000
v 1.260000 2.852000 0.000000
v 1.260000 2.859200 -0.270000
v 1.260000 2.859200 -0.270000
v 1.260000 2.859200 -0.270000
v 1.260000 2.859200 -0.270000
v 1.260000 2.859200 0.270000
v 1.260000 2.859200 0.270000
v 1.260000 2.859200 0.270000
v 1.260000 2.859200 0.270000
v 1.260000 2.880800 -0.540000
v 1.260000 2.880800 -0.540000
v 1.260000 2.880800 -0.540000
v 1.260000 2.880800 -0.540000
v 1.260000 2.880800 0.540000
v 1.260000 2.880800 0.540000
v 1.260000 2.880800 0.540000
v 1.260000 2.880800 0.540000
v 1.260000 2.881800 -0.810000
v 1.260000 2.881800 -0.810000
v 1.260000 2.881800 -0.810000
v 1.260000 2.881800 -0.810000
v 1.260000 2.881800 0.810000
v 1.260000 2.881800 0.810000
v 1.260000 2.881800 0.810000
v 1.260000 2.881800 0.810000
v 1.260000 2.916800 -0.810000
v 1.260000 2.916800 -0.810000
v 1.260000 2.916800 -0.810000
v 1.260000 2.916800 -0.810000
v 1.260000 2.916800 0.810000
v 1.260000 2.916800 0.810000
v 1.260000 2.916800 0.810000
v 1.260000 2.916800 0.810000
v 1.260000 2.932200 -1.080000
v 1.260000 2.932200 -1.080000
v 1.260000 2.932200 -1.080000
v 1.260000 2.932200 -1.080000
v 1.260000 2.932200 1.080000
v 1.260000 2.932200 1.080000
v 1.260000 2.932200 1.080000
v 1.260000 2.932200 1.080000
v 1.260000 2.967200 -1.080000
v 1.260000 2.967200 -1.080000
v 1.260000 2.967200 -1.080000
v 1.260000 2.967200 -1.080000
v 1.260000 2.967200 1.080000
v 1.260000 2.967200 1.080000
v 1.260000 2.967200 1.080000
v 1.260000 2.967200 1.080000
v 1.260000 2.997000 -1.350000
v 1.260000 2.997000 -1.350000
v 1.260000 2.997000 1.350000
v 1.260000 2.997000 1.350000
v 1.260000 3.032000 -1.350000
v 1.260000 3.032000 -1.350000
v 1.260000 3.032000 1.350000
v 1.260000 3.032000 1.350000
v 1.300055 2.977142 -1.350000
v 1.300055 2.977142 1.350000
v 1.303700 2.988276 -1.378284
v 1.303700 2.988276 -1.321716
v 1.303700 2.988276 1.321716
v 1.303700 2.988276 1.378284
v 1.312500 3.015156 -1.390000
v 1.312500 3.015156 -1.310000
v 1.312500 3.015156 -1.310000
v 1.312500 3.015156 1.310000
v 1.312500 3.015156 1.390000
v 1.312500 3.015156 1.390000
v 1.321300 3.042037 -1.378284
v 1.321300 3.042037 -1.321716
v 1.321300 3.042037 1.321716
v 1.321300 3.042037 1.378284
v 1.324945 3.053171 -1.350000
v 1.324945 3.053171 1.350000
v 1.380000 0.029400 -0.940600
v 1.380000 0.029400 -0.940600
v 1.380000 0.029400 -0.499400
v 1.380000 0.029400 -0.499400
v 1.380000 0.810600 -0.940600
v 1.380000 0.810600 -0.940600
v 1.380000 0.810600 -0.499400
v 1.380000 0.810600 -0.499400
v 1.409400 0.000000 -0.940600
v 1.409400 0.000000 -0.499400
v 1.409400 0.029400 -0.970000
v 1.409400 0.029400 -0.970000
v 1.409400 0.029400 -0.970000
v 1.409400 0.029400 -0.470000
v 1.409400 0.029400 -0.470000
v 1.409400 0.029400 -0.470000
v 1.409400 0.810600 -0.970000
v 1.409400 0.810600 -0.970000
v 1.409400 0.810600 -0.970000
v 1.409400 0.810600 -0.470000
v 1.409400 0.810600 -0.470000
v 1.409400 0.810600 -0.470000
v 1.409400 0.840000 -0.940600
v 1.409400 0.840000 -0.499400
v 1.430197 2.932405 -1.350000
v 1.430197 2.932405 1.350000
v 1.434167 2.943428 -1.378284
v 1.434167 2.943428 -1.321716
v 1.434167 2.943428 1.321716
v 1.434167 2.943428 1.378284
v 1.443750 2.970039 -1.390000
v 1.443750 2.970039 -1.310000
v 1.443750 2.970039 -1.310000
v 1.443750 2.970039 1.310000
v 1.443750 2.970039 1.390000
v 1.443750 2.970039 1.390000
v 1.453333 2.996650 -1.378284
v 1.453333 2.996650 -1.321716
v 1.453333 2.996650 1.321716
v 1.453333 2.996650 1.378284
v 1.457303 3.007673 -1.350000
v 1.457303 3.007673 1.350000
v 1.470000 2.745500 0.000000
v 1.470000 2.745500 0.000000
v 1.470000 2.745500 0.000000
v 1.470000 2.745500 0.000000
v 1.470000 2.752700 -0.270000
v 1.470000 2.752700 -0.270000
v 1.470000 2.752700 -0.270000
v 1.470000 2.752700 -0.270000
v 1.470000 2.752700 0.270000
v 1.470000 2.752700 0.270000
v 1.470000 2.752700 0.270000
v 1.470000 2.752700 0.270000
v 1.470000 2.774300 -0.540000
v 1.470000 2.774300 -0.540000
v 1.470000 2.774300 -0.540000
v 1.470000 2.774300 -0.540000
v 1.470000 2.774300 0.540000
v 1.470000 2.774300 0.540000
v 1.470000 2.774300 0.540000
v 1.470000 2.774300 0.540000
v 1.470000 2.780500 0.000000
v 1.470000 2.780500 0.000000
v 1.470000 2.780500 0.000000
v 1.470000 2.780500 0.000000
v 1.470000 2.787700 -0.270000
v 1.470000 2.787700 -0.270000
v 1.470000 2.787700 -0.270000
v 1.470000 2.787700 -0.270000
v 1.470000 2.787700 0.270000
v 1.470000 2.787700 0.270000
v 1.470000 2.787700 0.270000
v 1.470000 2.787700 0.270000
v 1.470000 2.809300 -0.540000
v 1.470000 2.809300 -0.540000
v 1.470000 2.809300 -0.540000
v 1.470000 2.809300 -0.540000
v 1.470000 2.809300 0.540000
v 1.470000 2.809300 0.540000
v 1.470000 2.809300 0.540000
v 1.470000 2.809300 0.540000
v 1.470000 2.810300 -0.810000
v 1.470000 2.810300 -0.810000
v 1.470000 2.810300 -0.810000
v 1.470000 2.810300 -0.810000
v 1.470000 2.810300 0.810000
v 1.470000 2.810300 0.810000
v 1.470000 2.810300 0.810000
v 1.470000 2.810300 0.810000
v 1.470000 2.845300 -0.810000
v 1.470000 2.845300 -0.810000
v 1.470000 2.845300 -0.810000
v 1.470000 2.845300 -0.810000
v 1.470000 2.845300 0.810000
v 1.470000 2.845300 0.810000
v 1.470000 2.845300 0.810000
v 1.470000 2.845300 0.810000
v 1.470000 2.860700 -1.080000
v 1.470000 2.860700 -1.080000
v 1.470000 2.860700 -1.080000
v 1.470000 2.860700 -1.080000
v 1.470000 2.860700 1.080000
v 1.470000 2.860700 1.080000
v 1.470000 2.860700 1.080000
v 1.470000 2.860700 1.080000
v 1.470000 2.895700 -1.080000
v 1.470000 2.895700 -1.080000
v 1.470000 2.895700 -1.080000
v 1.470000 2.895700 -1.080000
v 1.470000 2.895700 1.080000
v 1.470000 2.895700 1.080000
v 1.470000 2.895700 1.080000
v 1.470000 2.895700 1.080000
v 1.470000 2.925500 -1.350000
v 1.470000 2.925500 -1.350000
v 1.470000 2.925500 1.350000
v 1.470000 2.925500 1.350000
v 1.470000 2.960500 -1.350000
v 1.470000 2.960500 -1.350000
v 1.470000 2.960500 1.350000
v 1.470000 2.960500 1.350000
v 1.490600 0.000000 -0.940600
v 1.490600 0.000000 -0.499400
v 1.490600 0.029400 -0.970000
v 1.490600 0.029400 -0.970000
v 1.490600 0.029400 -0.970000
v 1.490600 0.029400 -0.470000
v 1.490600 0.029400 -0.470000
v 1.490600 0.029400 -0.470000
v 1.490600 0.810600 -0.970000
v 1.490600 0.810600 -0.970000
v 1.490600 0.810600 -0.970000
v 1.490600 0.810600 -0.470000
v 1.490600 0.810600 -0.470000
v 1.490600 0.810600 -0.470000
v 1.490600 0.840000 -0.940600
v 1.490600 0.840000 -0.499400
v 1.520000 0.029400 -0.940600
v 1.520000 0.029400 -0.940600
v 1.520000 0.029400 -0.499400
v 1.520000 0.029400 -0.499400
v 1.520000 0.810600 -0.940600
v 1.520000 0.810600 -0.940600
v 1.520000 0.810600 -0.499400
v 1.520000 0.810600 -0.499400
v 1.550000 2.800000 -1.000000
v 1.550000 2.800000 -1.000000
v 1.550000 2.800000 1.000000
v 1.550000 2.800000 1.000000
v 1.559789 2.800000 -1.061803
v 1.559789 2.800000 -1.061803
v 1.559789 2.800000 -0.938197
v 1.559789 2.800000 -0.938197
v 1.559789 2.800000 0.938197
v 1.559789 2.800000 0.938197
v 1.559789 2.800000 1.061803
v 1.559789 2.800000 1.061803
v 1.560374 2.883395 -1.350000
v 1.560374 2.883395 1.350000
v 1.564658 2.894299 -1.378284
v 1.564658 2.894299 -1.321716
v 1.564658 2.894299 1.321716
v 1.564658 2.894299 1.378284
v 1.575000 2.920625 -1.390000
v 1.575000 2.920625 -1.310000
v 1.575000 2.920625 -1.310000
v 1.575000 2.920625 1.310000
v 1.575000 2.920625 1.390000
v 1.575000 2.920625 1.390000
v 1.585342 2.946951 -1.378284
v 1.585342 2.946951 -1.321716
v 1.585342 2.946951 1.321716
v 1.585342 2.946951 1.378284
v 1.588197 2.800000 -1.117557
v 1.588197 2.800000 -1.117557
v 1.588197 2.800000 -0.882443
v 1.588197 2.800000 -0.882443
v 1.588197 2.800000 0.882443
v 1.588197 2.800000 0.882443
v 1.588197 2.800000 1.117557
v 1.588197 2.800000 1.117557
v 1.589626 2.957855 -1.350000
v 1.589626 2.957855 1.350000
v 1.600000 0.000000 -1.000000
v 1.600000 0.000000 -1.000000
v 1.600000 0.000000 1.000000
v 1.600000 0.000000 1.000000
v 1.607342 0.000000 -1.046353
v 1.607342 0.000000 -1.046353
v 1.607342 0.000000 -0.953647
v 1.607342 0.000000 -0.953647
v 1.607342 0.000000 0.953647
v 1.607342 0.000000 0.953647
v 1.607342 0.000000 1.046353
v 1.607342 0.000000 1.046353
v 1.628647 0.000000 -1.088168
v 1.628647 0.000000 -1.088168
v 1.628647 0.000000 -0.911832
v 1.628647 0.000000 -0.911832
v 1.628647 0.000000 0.911832
v 1.628647 0.000000 0.911832
v 1.628647 0.000000 1.088168
v 1.628647 0.000000 1.088168
v 1.630000 2.600000 -1.000000
v 1.630000 2.600000 1.000000
v 1.632443 2.800000 -1.161803
v 1.632443 2.800000 -1.161803
v 1.632443 2.800000 -0.838197
v 1.632443 2.800000 -0.838197
v 1.632443 2.800000 0.838197
v 1.632443 2.800000 0.838197
v 1.632443 2.800000 1.161803
v 1.632443 2.800000 1.161803
v 1.635873 2.600000 -1.037082
v 1.635873 2.600000 -0.962918
v 1.635873 2.600000 0.962918
v 1.635873 2.600000 1.037082
v 1.652918 2.600000 -1.070534
v 1.652918 2.600000 -0.929466
v 1.652918 2.600000 0.929466
v 1.652918 2.600000 1.070534
v 1.661832 0.000000 -1.121353
v 1.661832 0.000000 -1.121353
v 1.661832 0.000000 -0.878647
v 1.661832 0.000000 -0.878647
v 1.661832 0.000000 0.878647
v 1.661832 0.000000 0.878647
v 1.661832 0.000000 1.121353
v 1.661832 0.000000 1.121353
v 1.679466 2.600000 -1.097082
v 1.679466 2.600000 -0.902918
v 1.679466 2.600000 0.902918
v 1.679466 2.600000 1.097082
v 1.680000 2.663000 0.000000
v 1.680000 2.663000 0.000000
v 1.680000 2.663000 0.000000
v 1.680000 2.663000 0.000000
v 1.680000 2.670200 -0.270000
v 1.680000 2.670200 -0.270000
v 1.680000 2.670200 -0.270000
v 1.680000 2.670200 -0.270000
v 1.680000 2.670200 0.270000
v 1.680000 2.670200 0.270000
v 1.680000 2.670200 0.270000
v 1.680000 2.670200 0.270000
v 1.680000 2.691800 -0.540000
v 1.680000 2.691800 -0.540000
v 1.680000 2.691800 -0.540000
v 1.680000 2.691800 -0.540000
v 1.680000 2.691800 0.540000
v 1.680000 2.691800 0.540000
v 1.680000 2.691800 0.540000
v 1.680000 2.691800 0.540000
v 1.680000 2.698000 0.000000
v 1.680000 2.698000 0.000000
v 1.680000 2.698000 0.000000
v 1.680000 2.698000 0.000000
v 1.680000 2.705200 -0.270000
v 1.680000 2.705200 -0.270000
v 1.680000 2.705200 -0.270000
v 1.680000 2.705200 -0.270000
v 1.680000 2.705200 0.270000
v 1.680000 2.705200 0.270000
v 1.680000 2.705200 0.270000
v 1.680000 2.705200 0.270000
v 1.680000 2.726800 -0.540000
v 1.680000 2.726800 -0.540000
v 1.680000 2.726800 -0.540000
v 1.680000 2.726800 -0.540000
v 1.680000 2.726800 0.540000
v 1.680000 2.726800 0.540000
v 1.680000 2.726800 0.540000
v 1.680000 2.726800 0.540000
v 1.680000 2.727800 -0.810000
v 1.680000 2.727800 -0.810000
v 1.680000 2.727800 -0.810000
v 1.680000 2.727800 -0.810000
v 1.680000 2.727800 0.810000
v 1.680000 2.727800 0.810000
v 1.680000 2.727800 0.810000
v 1.680000 2.727800 0.810000
v 1.680000 2.762800 -0.810000
v 1.680000 2.762800 -0.810000
v 1.680000 2.762800 -0.810000
v 1.680000 2.762800 -0.810000
v 1.680000 2.762800 0.810000
v 1.680000 2.762800 0.810000
v 1.680000 2.762800 0.810000
v 1.680000 2.762800 0.810000
v 1.680000 2.778200 -1.080000
v 1.680000 2.778200 -1.080000
v 1.680000 2.778200 -1.080000
v 1.680000 2.778200 -1.080000
v 1.680000 2.778200 1.080000
v 1.680000 2.778200 1.080000
v 1.680000 2.778200 1.080000
v 1.680000 2.778200 1.080000
v 1.680000 2.813200 -1.080000
v 1.680000 2.813200 -1.080000
v 1.680000 2.813200 -1.080000
v 1.680000 2.813200 -1.080000
v 1.680000 2.813200 1.080000
v 1.680000 2.813200 1.080000
v 1.680000 2.813200 1.080000
v 1.680000 2.813200 1.080000
v 1.680000 2.843000 -1.350000
v 1.680000 2.843000 -1.350000
v 1.680000 2.843000 1.350000
v 1.680000 2.843000 1.350000
v 1.680000 2.878000 -1.350000
v 1.680000 2.878000 -1.350000
v 1.680000 2.878000 1.350000
v 1.680000 2.878000 1.350000
v 1.688197 2.800000 -1.190211
v 1.688197 2.800000 -1.190211
v 1.688197 2.800000 -0.809789
v 1.688197 2.800000 -0.809789
v 1.688197 2.800000 0.809789
v 1.688197 2.800000 0.809789
v 1.688197 2.800000 1.190211
v 1.688197 2.800000 1.190211
v 1.690586 2.830109 -1.350000
v 1.690586 2.830109 1.350000
v 1.695174 2.840889 -1.378284
v 1.695174 2.840889 -1.321716
v 1.695174 2.840889 1.321716
v 1.695174 2.840889 1.378284
v 1.703647 0.000000 -1.142658
v 1.703647 0.000000 -1.142658
v 1.703647 0.000000 -0.857342
v 1.703647 0.000000 -0.857342
v 1.703647 0.000000 0.857342
v 1.703647 0.000000 0.857342
v 1.703647 0.000000 1.142658
v 1.703647 0.000000 1.142658
v 1.706250 2.866914 -1.390000
v 1.706250 2.866914 -1.310000
v 1.706250 2.866914 -1.310000
v 1.706250 2.866914 1.310000
v 1.706250 2.866914 1.390000
v 1.706250 2.866914 1.390000
v 1.712918 2.600000 -1.114127
v 1.712918 2.600000 -0.885873
v 1.712918 2.600000 0.885873
v 1.712918 2.600000 1.114127
v 1.717326 2.892939 -1.378284
v 1.717326 2.892939 -1.321716
v 1.717326 2.892939 1.321716
v 1.717326 2.892939 1.378284
v 1.720600 0.780000 -1.015600
v 1.720600 0.780000 -1.015600
v 1.720600 0.780000 -0.424400
v 1.720600 0.780000 -0.424400
v 1.720600 0.809400 -1.045000
v 1.720600 0.809400 -0.395000
v 1.720600 0.890600 -1.045000
v 1.720600 0.890600 -0.395000
v 1.720600 0.920000 -1.015600
v 1.720600 0.920000 -1.015600
v 1.720600 0.920000 -0.424400
v 1.720600 0.920000 -0.424400
v 1.721914 2.903719 -1.350000
v 1.721914 2.903719 1.350000
v 1.750000 0.000000 -1.150000
v 1.750000 0.000000 -1.150000
v 1.750000 0.000000 -1.000000
v 1.750000 0.000000 -0.850000
v 1.750000 0.000000 -0.850000
v 1.750000 0.000000 0.850000
v 1.750000 0.000000 0.850000
v 1.750000 0.000000 1.000000
v 1.750000 0.000000 1.150000
v 1.750000 0.000000 1.150000
v 1.750000 0.809400 -1.015600
v 1.750000 0.809400 -1.015600
v 1.750000 0.809400 -0.424400
v 1.750000 0.809400 -0.424400
v 1.750000 0.809400 -0.424400
v 1.750000 0.890600 -1.015600
v 1.750000 0.890600 -1.015600
v 1.750000 0.890600 -1.015600
v 1.750000 0.890600 -0.424400
v 1.750000 0.890600 -0.424400
v 1.750000 0.890600 -0.424400
v 1.750000 2.600000 -1.120000
v 1.750000 2.600000 -0.880000
v 1.750000 2.600000 0.880000
v 1.750000 2.600000 1.120000
v 1.750000 2.800000 -1.200000
v 1.750000 2.800000 -1.200000
v 1.750000 2.800000 -1.000000
v 1.750000 2.800000 -0.800000
v 1.750000 2.800000 -0.800000
v 1.750000 2.800000 0.800000
v 1.750000 2.800000 0.800000
v 1.750000 2.800000 1.000000
v 1.750000 2.800000 1.200000
v 1.750000 2.800000 1.200000
v 1.787082 2.600000 -1.114127
v 1.787082 2.600000 -0.885873
v 1.787082 2.600000 0.885873
v 1.787082 2.600000 1.114127
v 1.796353 0.000000 -1.142658
v 1.796353 0.000000 -1.142658
v 1.796353 0.000000 -0.857342
v 1.796353 0.000000 -0.857342
v 1.796353 0.000000 0.857342
v 1.796353 0.000000 0.857342
v 1.796353 0.000000 1.142658
v 1.796353 0.000000 1.142658
v 1.811803 2.800000 -1.190211
v 1.811803 2.800000 -1.190211
v 1.811803 2.800000 -0.809789
v 1.811803 2.800000 -0.809789
v 1.811803 2.800000 0.809789
v 1.811803 2.800000 0.809789
v 1.811803 2.800000 1.190211
v 1.811803 2.800000 1.190211
v 1.820534 2.600000 -1.097082
v 1.820534 2.600000 -0.902918
v 1.820534 2.600000 0.902918
v 1.820534 2.600000 1.097082
v 1.820834 2.772544 -1.350000
v 1.820834 2.772544 1.350000
v 1.825715 2.783194 -1.378284
v 1.825715 2.783194 -1.321716
v 1.825715 2.783194 1.321716
v 1.825715 2.783194 1.378284
v 1.837500 2.808906 -1.390000
v 1.837500 2.808906 -1.310000
v 1.837500 2.808906 -1.310000
v 1.837500 2.808906 1.310000
v 1.837500 2.808906 1.390000
v 1.837500 2.808906 1.390000
v 1.838168 0.000000 -1.121353
v 1.838168 0.000000 -1.121353
v 1.838168 0.000000 -0.878647
v 1.838168 0.000000 -0.878647
v 1.838168 0.000000 0.878647
v 1.838168 0.000000 0.878647
v 1.838168 0.000000 1.121353
v 1.838168 0.000000 1.121353
v 1.847082 2.600000 -1.070534
v 1.847082 2.600000 -0.929466
v 1.847082 2.600000 0.929466
v 1.847082 2.600000 1.070534
v 1.849285 2.834618 -1.378284
v 1.849285 2.834618 -1.321716
v 1.849285 2.834618 1.321716
v 1.849285 2.834618 1.378284
v 1.854166 2.845269 -1.350000
v 1.854166 2.845269 1.350000
v 1.864127 2.600000 -1.037082
v 1.864127 2.600000 -0.962918
v 1.864127 2.600000 0.962918
v 1.864127 2.600000 1.037082
v 1.867557 2.800000 -1.161803
v 1.867557 2.800000 -1.161803
v 1.867557 2.800000 -0.838197
v 1.867557 2.800000 -0.838197
v 1.867557 2.800000 0.838197
v 1.867557 2.800000 0.838197
v 1.867557 2.800000 1.161803
v 1.867557 2.800000 1.161803
v 1.870000 2.600000 -1.000000
v 1.870000 2.600000 -1.000000
v 1.870000 2.600000 1.000000
v 1.870000 2.600000 1.000000
v 1.871353 0.000000 -1.088168
v 1.871353 0.000000 -1.088168
v 1.871353 0.000000 -0.911832
v 1.871353 0.000000 -0.911832
v 1.871353 0.000000 0.911832
v 1.871353 0.000000 0.911832
v 1.871353 0.000000 1.088168
v 1.871353 0.000000 1.088168
v 1.890000 2.569500 0.000000
v 1.890000 2.569500 0.000000
v 1.890000 2.569500 0.000000
v 1.890000 2.569500 0.000000
v 1.890000 2.576700 -0.270000
v 1.890000 2.576700 -0.270000
v 1.890000 2.576700 -0.270000
v 1.890000 2.576700 -0.270000
v 1.890000 2.576700 0.270000
v 1.890000 2.576700 0.270000
v 1.890000 2.576700 0.270000
v 1.890000 2.576700 0.270000
v 1.890000 2.598300 -0.540000
v 1.890000 2.598300 -0.540000
v 1.890000 2.598300 -0.540000
v 1.890000 2.598300 -0.540000
v 1.890000 2.598300 0.540000
v 1.890000 2.598300 0.540000
v 1.890000 2.598300 0.540000
v 1.890000 2.598300 0.540000
v 1.890000 2.604500 0.000000
v 1.890000 2.604500 0.000000
v 1.890000 2.604500 0.000000
v 1.890000 2.604500 0.000000
v 1.890000 2.611700 -0.270000
v 1.890000 2.611700 -0.270000
v 1.890000 2.611700 -0.270000
v 1.890000 2.611700 -0.270000
v 1.890000 2.611700 0.270000
v 1.890000 2.611700 0.270000
v 1.890000 2.611700 0.270000
v 1.890000 2.611700 0.270000
v 1.890000 2.633300 -0.540000
v 1.890000 2.633300 -0.540000
v 1.890000 2.633300 -0.540000
v 1.890000 2.633300 -0.540000
v 1.890000 2.633300 0.540000
v 1.890000 2.633300 0.540000
v 1.890000 2.633300 0.540000
v 1.890000 2.633300 0.540000
v 1.890000 2.634300 -0.810000
v 1.890000 2.634300 -0.810000
v 1.890000 2.634300 -0.810000
v 1.890000 2.634300 -0.810000
v 1.890000 2.634300 0.810000
v 1.890000 2.634300 0.810000
v 1.890000 2.634300 0.810000
v 1.890000 2.634300 0.810000
v 1.890000 2.669300 -0.810000
v 1.890000 2.669300 -0.810000
v 1.890000 2.669300 -0.810000
v 1.890000 2.669300 -0.810000
v 1.890000 2.669300 0.810000
v 1.890000 2.669300 0.810000
v 1.890000 2.669300 0.810000
v 1.890000 2.669300 0.810000
v 1.890000 2.684700 -1.080000
v 1.890000 2.684700 -1.080000
v 1.890000 2.684700 -1.080000
v 1.890000 2.684700 -1.080000
v 1.890000 2.684700 1.080000
v 1.890000 2.684700 1.080000
v 1.890000 2.684700 1.080000
v 1.890000 2.684700 1.080000
v 1.890000 2.719700 -1.080000
v 1.890000 2.719700 -1.080000
v 1.890000 2.719700 -1.080000
v 1.890000 2.719700 -1.080000
v 1.890000 2.719700 1.080000
v 1.890000 2.719700 1.080000
v 1.890000 2.719700 1.080000
v 1.890000 2.719700 1.080000
v 1.890000 2.749500 -1.350000
v 1.890000 2.749500 -1.350000
v 1.890000 2.749500 1.350000
v 1.890000 2.749500 1.350000
v 1.890000 2.784500 -1.350000
v 1.890000 2.784500 -1.350000
v 1.890000 2.784500 1.350000
v 1.890000 2.784500 1.350000
v 1.892658 0.000000 -1.046353
v 1.892658 0.000000 -1.046353
v 1.892658 0.000000 -0.953647
v 1.892658 0.000000 -0.953647
v 1.892658 0.000000 0.953647
v 1.892658 0.000000 0.953647
v 1.892658 0.000000 1.046353
v 1.892658 0.000000 1.046353
v 1.900000 0.000000 -1.000000
v 1.900000 0.000000 -1.000000
v 1.900000 0.000000 -1.000000
v 1.900000 0.000000 1.000000
v 1.900000 0.000000 1.000000
v 1.900000 0.000000 1.000000
v 1.911803 2.800000 -1.117557
v 1.911803 2.800000 -1.117557
v 1.911803 2.800000 -0.882443
v 1.911803 2.800000 -0.882443
v 1.911803 2.800000 0.882443
v 1.911803 2.800000 0.882443
v 1.911803 2.800000 1.117557
v 1.911803 2.800000 1.117557
v 1.940211 2.800000 -1.061803
v 1.940211 2.800000 -1.061803
v 1.940211 2.800000 -0.938197
v 1.940211 2.800000 -0.938197
v 1.940211 2.800000 0.938197
v 1.940211 2.800000 0.938197
v 1.940211 2.800000 1.061803
v 1.940211 2.800000 1.061803
v 1.950000 2.800000 -1.000000
v 1.950000 2.800000 -1.000000
v 1.950000 2.800000 -1.000000
v 1.950000 2.800000 1.000000
v 1.950000 2.800000 1.000000
v 1.950000 2.800000 1.000000
v 1.951118 2.710697 -1.350000
v 1.951118 2.710697 1.350000
v 1.956283 2.721213 -1.378284
v 1.956283 2.721213 -1.321716
v 1.956283 2.721213 1.321716
v 1.956283 2.721213 1.378284
v 1.968750 2.746602 -1.390000
v 1.968750 2.746602 -1.310000
v 1.968750 2.746602 -1.310000
v 1.968750 2.746602 1.310000
v 1.968750 2.746602 1.390000
v 1.968750 2.746602 1.390000
v 1.981217 2.771990 -1.378284
v 1.981217 2.771990 -1.321716
v 1.981217 2.771990 1.321716
v 1.981217 2.771990 1.378284
v 1.986382 2.782506 -1.350000
v 1.986382 2.782506 1.350000
v 2.081899 2.644330 -1.350000
v 2.081899 2.644330 -1.350000
v 2.081899 2.644330 -1.350000
v 2.081899 2.644330 1.350000
v 2.081899 2.644330 1.350000
v 2.081899 2.644330 1.350000
v 2.087201 2.654777 -1.378284
v 2.087201 2.654777 -1.378284
v 2.087201 2.654777 -1.378284
v 2.087201 2.654777 -1.321716
v 2.087201 2.654777 -1.321716
v 2.087201 2.654777 -1.321716
v 2.087201 2.654777 1.321716
v 2.087201 2.654777 1.321716
v 2.087201 2.654777 1.321716
v 2.087201 2.654777 1.378284
v 2.087201 2.654777 1.378284
v 2.087201 2.654777 1.378284
v 2.100000 2.465000 0.000000
v 2.100000 2.465000 0.000000
v 2.100000 2.472200 -0.270000
v 2.100000 2.472200 -0.270000
v 2.100000 2.472200 0.270000
v 2.100000 2.472200 0.270000
v 2.100000 2.493800 -0.540000
v 2.100000 2.493800 -0.540000
v 2.100000 2.493800 0.540000
v 2.100000 2.493800 0.540000
v 2.100000 2.500000 0.000000
v 2.100000 2.500000 0.000000
v 2.100000 2.507200 -0.270000
v 2.100000 2.507200 -0.270000
v 2.100000 2.507200 0.270000
v 2.100000 2.507200 0.270000
v 2.100000 2.528800 -0.540000
v 2.100000 2.528800 -0.540000
v 2.100000 2.528800 0.540000
v 2.100000 2.528800 0.540000
v 2.100000 2.529800 -0.810000
v 2.100000 2.529800 -0.810000
v 2.100000 2.529800 0.810000
v 2.100000 2.529800 0.810000
v 2.100000 2.564800 -0.810000
v 2.100000 2.564800 -0.810000
v 2.100000 2.564800 0.810000
v 2.100000 2.564800 0.810000
v 2.100000 2.580200 -1.080000
v 2.100000 2.580200 -1.080000
v 2.100000 2.580200 1.080000
v 2.100000 2.580200 1.080000
v 2.100000 2.615200 -1.080000
v 2.100000 2.615200 -1.080000
v 2.100000 2.615200 1.080000
v 2.100000 2.615200 1.080000
v 2.100000 2.645000 -1.350000
v 2.100000 2.645000 1.350000
v 2.100000 2.680000 -1.390000
v 2.100000 2.680000 -1.390000
v 2.100000 2.680000 -1.390000
v 2.100000 2.680000 -1.350000
v 2.100000 2.680000 -1.350000
v 2.100000 2.680000 -1.310000
v 2.100000 2.680000 -1.310000
v 2.100000 2.680000 -1.310000
v 2.100000 2.680000 -1.310000
v 2.100000 2.680000 1.310000
v 2.100000 2.680000 1.310000
v 2.100000 2.680000 1.310000
v 2.100000 2.680000 1.350000
v 2.100000 2.680000 1.350000
v 2.100000 2.680000 1.390000
v 2.100000 2.680000 1.390000
v 2.100000 2.680000 1.390000
v 2.100000 2.680000 1.390000
v 2.112799 2.705223 -1.378284
v 2.112799 2.705223 -1.378284
v 2.112799 2.705223 -1.378284
v 2.112799 2.705223 -1.321716
v 2.112799 2.705223 -1.321716
v 2.112799 2.705223 -1.321716
v 2.112799 2.705223 1.321716
v 2.112799 2.705223 1.321716
v 2.112799 2.705223 1.321716
v 2.112799 2.705223 1.378284
v 2.112799 2.705223 1.378284
v 2.112799 2.705223 1.378284
v 2.118101 2.715670 -1.350000
v 2.118101 2.715670 -1.350000
v 2.118101 2.715670 -1.350000
v 2.118101 2.715670 1.350000
v 2.118101 2.715670 1.350000
v 2.118101 2.715670 1.350000
vt 0.000000 0.000000
vt 1.000000 0.000000
vt 0.750000 0.000000
vt 0.000000 0.000000
vt 1.000000 0.000000
vt 0.750000 0.000000
vt 0.000000 0.000000
vt 1.000000 0.000000
vt 0.625000 0.000000
vt 0.000000 0.000000
vt 1.000000 0.000000
vt 0.875000 0.000000
vt 0.000000 0.000000
vt 1.000000 0.000000
vt 0.625000 0.000000
vt 0.000000 0.000000
vt 1.000000 0.000000
vt 0.875000 0.000000
vt 0.000000 0.000000
vt 0.000000 1.000000
vt 0.000000 0.000000
vt 0.000000 1.000000
vt 0.000000 0.000000
vt 0.000000 1.000000
vt 0.000000 0.000000
vt 0.000000 1.000000
vt 0.000000 0.000000
vt 0.000000 1.000000
vt 0.000000 0.000000
vt 0.000000 1.000000
vt 0.000000 0.000000
vt 0.000000 1.000000
vt 0.000000 0.000000
vt 0.000000 1.000000
vt 0.000000 0.000000
vt 0.000000 1.000000
vt 0.000000 0.000000
vt 0.000000 1.000000
vt 0.000000 0.000000
vt 0.000000 1.000000
vt 0.000000 0.000000
vt 0.000000 1.000000
vt 0.000000 0.000000
vt 0.000000 1.000000
vt 0.000000 0.000000
vt 0.000000 1.000000
vt 0.000000 0.000000
vt 0.000000 1.000000
vt 0.000000 0.000000
vt 0.000000 1.000000
vt 0.000000 0.000000
vt 0.000000 1.000000
vt 0.000000 0.000000
vt 0.000000 1.000000
vt 0.000000 0.000000
vt 0.000000 1.000000
vt 0.000000 0.000000
vt 1.000000 0.000000
vt 0.500000 0.000000
vt 0.500000 0.500000
vt 0.000000 0.000000
vt 0.000000 0.000000
vt 1.000000 0.000000
vt 0.000000 0.000000
vt 1.000000 0.000000
vt 0.000000 0.000000
vt 1.000000 0.000000
vt 0.500000 0.000000
vt 0.500000 0.500000
vt 0.000000 1.000000
vt 0.000000 0.000000
vt 1.000000 0.000000
vt 0.000000 0.000000
vt 1.000000 0.000000
vt 0.000000 0.000000
vt 1.000000 0.000000
vt 0.375000 0.000000
vt 0.000000 0.000000
vt 1.000000 0.000000
vt 0.125000 0.000000
vt 0.000000 0.000000
vt 1.000000 0.000000
vt 0.375000 0.000000
vt 0.000000 0.000000
vt 1.000000 0.000000
vt 0.125000 0.000000
vt 0.000000 0.000000
vt 1.000000 0.000000
vt 0.250000 0.000000
vt 0.000000 0.000000
vt 1.000000 0.000000
vt 0.250000 0.000000
vt 0.750000 0.200000
vt 0.750000 0.200000
vt 0.625000 0.200000
vt 0.875000 0.200000
vt 0.625000 0.200000
vt 0.875000 0.200000
vt 0.500000 0.200000
vt 0.000000 0.200000
vt 1.000000 0.200000
vt 0.500000 0.200000
vt 0.000000 0.200000
vt 1.000000 0.200000
vt 0.375000 0.200000
vt 0.125000 0.200000
vt 0.375000 0.200000
vt 0.125000 0.200000
vt 0.250000 0.200000
vt 0.250000 0.200000
vt 0.500000 1.750000
vt 0.000000 0.500000
vt 0.500000 1.750000
vt 0.000000 0.500000
vt 0.550000 1.750000
vt 0.024472 0.345492
vt 0.450000 1.750000
vt 0.024472 0.654508
vt 0.550000 1.750000
vt 0.024472 0.345492
vt 0.450000 1.750000
vt 0.024472 0.654508
vt 0.600000 1.750000
vt 0.095492 0.206107
vt 0.400000 1.750000
vt 0.095492 0.793893
vt 0.600000 1.750000
vt 0.095492 0.206107
vt 0.400000 1.750000
vt 0.095492 0.793893
vt 0.500000 0.000000
vt 0.125000 0.500000
vt 0.500000 0.000000
vt 0.125000 0.500000
vt 0.550000 0.000000
vt 0.143354 0.384119
vt 0.450000 0.000000
vt 0.143354 0.615881
vt 0.550000 0.000000
vt 0.143354 0.384119
vt 0.450000 0.000000
vt 0.143354 0.615881
vt 0.000000 0.000000
vt 0.000000 1.000000
vt 1.000000 0.000000
vt 1.000000 1.000000
vt 0.000000 0.000000
vt 0.000000 1.000000
vt 1.000000 0.000000
vt 1.000000 1.000000
vt 0.000000 0.000000
vt 0.000000 1.000000
vt 1.000000 0.000000
vt 1.000000 1.000000
vt 0.000000 0.000000
vt 0.000000 1.000000
vt 1.000000 0.000000
vt 1.000000 1.000000
vt 0.000000 0.000000
vt 0.000000 1.000000
vt 1.000000 0.000000
vt 1.000000 1.000000
vt 0.000000 0.000000
vt 0.000000 1.000000
vt 1.000000 0.000000
vt 1.000000 1.000000
vt 0.000000 0.000000
vt 0.000000 1.000000
vt 1.000000 0.000000
vt 1.000000 1.000000
vt 0.000000 0.000000
vt 0.000000 1.000000
vt 1.000000 0.000000
vt 1.000000 1.000000
vt 0.000000 0.000000
vt 0.000000 1.000000
vt 1.000000 0.000000
vt 1.000000 1.000000
vt 0.000000 0.000000
vt 0.000000 1.000000
vt 1.000000 0.000000
vt 1.000000 1.000000
vt 0.000000 0.000000
vt 0.000000 1.000000
vt 1.000000 0.000000
vt 1.000000 1.000000
vt 0.000000 0.000000
vt 0.000000 1.000000
vt 1.000000 0.000000
vt 1.000000 1.000000
vt 0.000000 0.000000
vt 0.000000 1.000000
vt 1.000000 0.000000
vt 1.000000 1.000000
vt 0.000000 0.000000
vt 0.000000 1.000000
vt 1.000000 0.000000
vt 1.000000 1.000000
vt 0.000000 0.000000
vt 0.000000 1.000000
vt 1.000000 0.000000
vt 1.000000 1.000000
vt 0.000000 0.000000
vt 0.000000 1.000000
vt 1.000000 0.000000
vt 1.000000 1.000000
vt 0.000000 0.000000
vt 0.000000 1.000000
vt 1.000000 0.000000
vt 1.000000 1.000000
vt 0.000000 0.000000
vt 0.000000 1.000000
vt 1.000000 0.000000
vt 1.000000 1.000000
vt 0.000000 0.000000
vt 1.000000 0.000000
vt 0.000000 1.000000
vt 1.000000 1.000000
vt 0.000000 0.000000
vt 1.000000 0.000000
vt 0.000000 1.000000
vt 1.000000 1.000000
vt 0.600000 0.000000
vt 0.196619 0.279581
vt 0.400000 0.000000
vt 0.196619 0.720419
vt 0.600000 0.000000
vt 0.196619 0.279581
vt 0.400000 0.000000
vt 0.196619 0.720419
vt 0.500000 1.625000
vt 0.500000 1.625000
vt 0.650000 1.750000
vt 0.206107 0.095492
vt 0.350000 1.750000
vt 0.206107 0.904508
vt 0.650000 1.750000
vt 0.206107 0.095492
vt 0.350000 1.750000
vt 0.206107 0.904508
vt 0.550000 1.625000
vt 0.450000 1.625000
vt 0.550000 1.625000
vt 0.450000 1.625000
vt 0.750000 0.400000
vt 0.750000 0.400000
vt 0.625000 0.400000
vt 0.875000 0.400000
vt 0.625000 0.400000
vt 0.875000 0.400000
vt 0.600000 1.625000
vt 0.400000 1.625000
vt 0.600000 1.625000
vt 0.400000 1.625000
vt 0.650000 0.000000
vt 0.279581 0.196619
vt 0.350000 0.000000
vt 0.279581 0.803381
vt 0.650000 0.000000
vt 0.279581 0.196619
vt 0.350000 0.000000
vt 0.279581 0.803381
vt 0.500000 0.400000
vt 0.000000 0.400000
vt 1.000000 0.400000
vt 0.500000 0.400000
vt 0.000000 0.400000
vt 1.000000 0.400000
vt 0.375000 0.400000
vt 0.125000 0.400000
vt 0.375000 0.400000
vt 0.125000 0.400000
vt 0.250000 0.400000
vt 0.250000 0.400000
vt 0.650000 1.625000
vt 0.350000 1.625000
vt 0.650000 1.625000
vt 0.350000 1.625000
vt 0.700000 1.750000
vt 0.345492 0.024472
vt 0.300000 1.750000
vt 0.345492 0.975528
vt 0.700000 1.750000
vt 0.345492 0.024472
vt 0.300000 1.750000
vt 0.345492 0.975528
vt 0.700000 0.000000
vt 0.384119 0.143354
vt 0.300000 0.000000
vt 0.384119 0.856646
vt 0.700000 0.000000
vt 0.384119 0.143354
vt 0.300000 0.000000
vt 0.384119 0.856646
vt 0.700000 1.625000
vt 0.300000 1.625000
vt 0.700000 1.625000
vt 0.300000 1.625000
vt 0.500000 0.125000
vt 0.750000 0.000000
vt 0.500000 0.500000
vt 0.500000 0.875000
vt 0.250000 0.000000
vt 0.500000 0.125000
vt 0.750000 0.000000
vt 0.500000 0.500000
vt 0.500000 0.875000
vt 0.250000 0.000000
vt 0.135838 0.035572
vt 0.135838 0.044219
vt 0.135838 0.035572
vt 0.135838 0.218101
vt 0.980409 0.035572
vt 0.135838 0.035572
vt 0.251838 0.035572
vt 0.251838 0.044219
vt 0.251838 0.035572
vt 0.251838 0.218101
vt 0.980409 0.035572
vt 0.750000 1.625000
vt 0.250000 1.625000
vt 0.750000 1.625000
vt 0.250000 1.625000
vt 0.750000 1.750000
vt 0.500000 0.000000
vt 0.500000 0.500000
vt 0.250000 1.750000
vt 0.500000 1.000000
vt 0.750000 1.750000
vt 0.500000 0.000000
vt 0.500000 0.500000
vt 0.250000 1.750000
vt 0.500000 1.000000
vt 0.750000 0.600000
vt 0.750000 0.600000
vt 0.093838 0.044219
vt 0.135838 0.044219
vt 0.093838 0.044219
vt 0.980409 0.044219
vt 0.135838 0.044219
vt 0.135838 0.044219
vt 0.251838 0.044219
vt 0.251838 0.044219
vt 0.135838 0.044219
vt 0.293838 0.044219
vt 0.293838 0.044219
vt 0.980409 0.044219
vt 0.625000 0.600000
vt 0.875000 0.600000
vt 0.625000 0.600000
vt 0.875000 0.600000
vt 0.800000 1.625000
vt 0.200000 1.625000
vt 0.800000 1.625000
vt 0.200000 1.625000
vt 0.500000 0.600000
vt 0.000000 0.600000
vt 1.000000 0.600000
vt 0.500000 0.600000
vt 0.000000 0.600000
vt 1.000000 0.600000
vt 0.615881 0.143354
vt 0.800000 0.000000
vt 0.615881 0.856646
vt 0.200000 0.000000
vt 0.615881 0.143354
vt 0.800000 0.000000
vt 0.615881 0.856646
vt 0.200000 0.000000
vt 0.375000 0.600000
vt 0.125000 0.600000
vt 0.375000 0.600000
vt 0.125000 0.600000
vt 0.250000 0.600000
vt 0.250000 0.600000
vt 0.654508 0.024472
vt 0.800000 1.750000
vt 0.654508 0.975528
vt 0.200000 1.750000
vt 0.654508 0.024472
vt 0.800000 1.750000
vt 0.654508 0.975528
vt 0.200000 1.750000
vt 0.000000 0.000000
vt 0.000000 1.000000
vt 1.000000 0.000000
vt 1.000000 1.000000
vt 0.000000 0.000000
vt 0.000000 1.000000
vt 1.000000 0.000000
vt 1.000000 1.000000
vt 0.000000 0.000000
vt 0.000000 1.000000
vt 1.000000 0.000000
vt 1.000000 1.000000
vt 0.000000 0.000000
vt 0.000000 1.000000
vt 1.000000 0.000000
vt 1.000000 1.000000
vt 0.000000 0.000000
vt 0.000000 1.000000
vt 1.000000 0.000000
vt 1.000000 1.000000
vt 0.000000 0.000000
vt 0.000000 1.000000
vt 1.000000 0.000000
vt 1.000000 1.000000
vt 0.000000 0.000000
vt 0.000000 1.000000
vt 1.000000 0.000000
vt 1.000000 1.000000
vt 0.000000 0.000000
vt 0.000000 1.000000
vt 1.000000 0.000000
vt 1.000000 1.000000
vt 0.000000 0.000000
vt 0.000000 1.000000
vt 1.000000 0.000000
vt 1.000000 1.000000
vt 0.000000 0.000000
vt 0.000000 1.000000
vt 1.000000 0.000000
vt 1.000000 1.000000
vt 0.000000 0.000000
vt 0.000000 1.000000
vt 1.000000 0.000000
vt 1.000000 1.000000
vt 0.000000 0.000000
vt 0.000000 1.000000
vt 1.000000 0.000000
vt 1.000000 1.000000
vt 0.000000 0.000000
vt 0.000000 1.000000
vt 1.000000 0.000000
vt 1.000000 1.000000
vt 0.000000 0.000000
vt 0.000000 1.000000
vt 1.000000 0.000000
vt 1.000000 1.000000
vt 0.000000 0.000000
vt 0.000000 1.000000
vt 1.000000 0.000000
vt 1.000000 1.000000
vt 0.000000 0.000000
vt 0.000000 1.000000
vt 1.000000 0.000000
vt 1.000000 1.000000
vt 0.000000 0.000000
vt 0.000000 1.000000
vt 1.000000 0.000000
vt 1.000000 1.000000
vt 0.000000 0.000000
vt 0.000000 1.000000
vt 1.000000 0.000000
vt 1.000000 1.000000
vt 0.000000 0.000000
vt 1.000000 0.000000
vt 0.000000 1.000000
vt 1.000000 1.000000
vt 0.000000 0.000000
vt 1.000000 0.000000
vt 0.000000 1.000000
vt 1.000000 1.000000
vt 0.850000 1.625000
vt 0.150000 1.625000
vt 0.850000 1.625000
vt 0.150000 1.625000
vt 0.720419 0.196619
vt 0.850000 0.000000
vt 0.720419 0.803381
vt 0.150000 0.000000
vt 0.720419 0.196619
vt 0.850000 0.000000
vt 0.720419 0.803381
vt 0.150000 0.000000
vt 0.900000 1.625000
vt 0.100000 1.625000
vt 0.900000 1.625000
vt 0.100000 1.625000
vt 0.950000 1.625000
vt 0.050000 1.625000
vt 0.950000 1.625000
vt 0.050000 1.625000
vt 0.793893 0.095492
vt 0.850000 1.750000
vt 0.793893 0.904508
vt 0.150000 1.750000
vt 0.793893 0.095492
vt 0.850000 1.750000
vt 0.793893 0.904508
vt 0.150000 1.750000
vt 0.000000 1.625000
vt 1.000000 1.625000
vt 0.000000 1.625000
vt 1.000000 1.625000
vt 0.803381 0.279581
vt 0.900000 0.000000
vt 0.803381 0.720419
vt 0.100000 0.000000
vt 0.803381 0.279581
vt 0.900000 0.000000
vt 0.803381 0.720419
vt 0.100000 0.000000
vt 0.856646 0.384119
vt 0.950000 0.000000
vt 0.856646 0.615881
vt 0.050000 0.000000
vt 0.856646 0.384119
vt 0.950000 0.000000
vt 0.856646 0.615881
vt 0.050000 0.000000
vt 0.875000 0.500000
vt 0.000000 0.000000
vt 1.000000 0.000000
vt 0.875000 0.500000
vt 0.000000 0.000000
vt 1.000000 0.000000
vt 0.750000 0.800000
vt 0.750000 0.800000
vt 0.904508 0.206107
vt 0.900000 1.750000
vt 0.904508 0.793893
vt 0.100000 1.750000
vt 0.904508 0.206107
vt 0.900000 1.750000
vt 0.904508 0.793893
vt 0.100000 1.750000
vt 0.625000 0.800000
vt 0.875000 0.800000
vt 0.625000 0.800000
vt 0.875000 0.800000
vt 0.500000 0.800000
vt 0.000000 0.800000
vt 1.000000 0.800000
vt 0.500000 0.800000
vt 0.000000 0.800000
vt 1.000000 0.800000
vt 0.375000 0.800000
vt 0.125000 0.800000
vt 0.375000 0.800000
vt 0.125000 0.800000
vt 0.250000 0.800000
vt 0.250000 0.800000
vt 0.975528 0.345492
vt 0.950000 1.750000
vt 0.975528 0.654508
vt 0.050000 1.750000
vt 0.975528 0.345492
vt 0.950000 1.750000
vt 0.975528 0.654508
vt 0.050000 1.750000
vt 1.000000 0.500000
vt 0.000000 1.750000
vt 1.000000 1.750000
vt 1.000000 0.500000
vt 0.000000 1.750000
vt 1.000000 1.750000
vt 0.068015 0.116563
vt 0.110015 0.116563
vt 0.068015 0.246328
vt 0.740301 0.116563
vt 0.068015 0.116563
vt 0.110015 0.346328
vt 0.068015 0.246328
vt 0.740301 0.346328
vt 0.110015 0.116563
vt 0.110015 0.246328
vt 0.068015 0.116563
vt 0.110015 0.107916
vt 0.110015 0.116563
vt 0.110015 0.116563
vt 0.110015 0.254975
vt 0.782301 0.116563
vt 0.068015 0.346328
vt 0.110015 0.107916
vt 0.110015 0.346328
vt 0.110015 0.254975
vt 0.110015 0.346328
vt 0.782301 0.346328
vt 0.110015 0.116563
vt 0.110015 0.246328
vt 0.000000 0.000000
vt 0.000000 1.000000
vt 1.000000 0.000000
vt 1.000000 1.000000
vt 0.000000 0.000000
vt 0.000000 1.000000
vt 1.000000 0.000000
vt 1.000000 1.000000
vt 0.000000 0.000000
vt 0.000000 1.000000
vt 1.000000 0.000000
vt 1.000000 1.000000
vt 0.000000 0.000000
vt 0.000000 1.000000
vt 1.000000 0.000000
vt 1.000000 1.000000
vt 0.000000 0.000000
vt 0.000000 1.000000
vt 1.000000 0.000000
vt 1.000000 1.000000
vt 0.000000 0.000000
vt 0.000000 1.000000
vt 1.000000 0.000000
vt 1.000000 1.000000
vt 0.000000 0.000000
vt 0.000000 1.000000
vt 1.000000 0.000000
vt 1.000000 1.000000
vt 0.000000 0.000000
vt 0.000000 1.000000
vt 1.000000 0.000000
vt 1.000000 1.000000
vt 0.000000 0.000000
vt 0.000000 1.000000
vt 1.000000 0.000000
vt 1.000000 1.000000
vt 0.000000 0.000000
vt 0.000000 1.000000
vt 1.000000 0.000000
vt 1.000000 1.000000
vt 0.000000 0.000000
vt 0.000000 1.000000
vt 1.000000 0.000000
vt 1.000000 1.000000
vt 0.000000 0.000000
vt 0.000000 1.000000
vt 1.000000 0.000000
vt 1.000000 1.000000
vt 0.000000 0.000000
vt 0.000000 1.000000
vt 1.000000 0.000000
vt 1.000000 1.000000
vt 0.000000 0.000000
vt 0.000000 1.000000
vt 1.000000 0.000000
vt 1.000000 1.000000
vt 0.000000 0.000000
vt 0.000000 1.000000
vt 1.000000 0.000000
vt 1.000000 1.000000
vt 0.000000 0.000000
vt 0.000000 1.000000
vt 1.000000 0.000000
vt 1.000000 1.000000
vt 0.000000 0.000000
vt 0.000000 1.000000
vt 1.000000 0.000000
vt 1.000000 1.000000
vt 0.000000 0.000000
vt 0.000000 1.000000
vt 1.000000 0.000000
vt 1.000000 1.000000
vt 0.000000 0.000000
vt 1.000000 0.000000
vt 0.000000 1.000000
vt 1.000000 1.000000
vt 0.000000 0.000000
vt 1.000000 0.000000
vt 0.000000 1.000000
vt 1.000000 1.000000
vt 0.750000 1.000000
vt 0.750000 1.000000
vt 0.625000 1.000000
vt 0.875000 1.000000
vt 0.625000 1.000000
vt 0.875000 1.000000
vt 0.500000 1.000000
vt 0.000000 1.000000
vt 1.000000 1.000000
vt 0.500000 1.000000
vt 0.000000 1.000000
vt 1.000000 1.000000
vt 0.375000 1.000000
vt 0.125000 1.000000
vt 0.375000 1.000000
vt 0.125000 1.000000
vt 0.250000 1.000000
vt 0.250000 1.000000
vt 0.226015 0.116563
vt 0.226015 0.246328
vt 0.068015 0.116563
vt 0.226015 0.107916
vt 0.226015 0.116563
vt 0.226015 0.116563
vt 0.226015 0.254975
vt 0.782301 0.116563
vt 0.068015 0.346328
vt 0.226015 0.107916
vt 0.226015 0.346328
vt 0.226015 0.254975
vt 0.226015 0.346328
vt 0.782301 0.346328
vt 0.226015 0.116563
vt 0.226015 0.246328
vt 0.110015 0.116563
vt 0.268015 0.116563
vt 0.268015 0.246328
vt 0.740301 0.116563
vt 0.110015 0.346328
vt 0.268015 0.116563
vt 0.268015 0.246328
vt 0.740301 0.346328
vt 0.750000 1.200000
vt 0.750000 1.200000
vt 0.625000 1.200000
vt 0.875000 1.200000
vt 0.625000 1.200000
vt 0.875000 1.200000
vt 0.500000 1.200000
vt 0.000000 1.200000
vt 1.000000 1.200000
vt 0.500000 1.200000
vt 0.000000 1.200000
vt 1.000000 1.200000
vt 0.375000 1.200000
vt 0.125000 1.200000
vt 0.375000 1.200000
vt 0.125000 1.200000
vt 0.250000 1.200000
vt 0.250000 1.200000
vt 0.000000 0.000000
vt 0.000000 1.000000
vt 1.000000 0.000000
vt 1.000000 1.000000
vt 0.000000 0.000000
vt 0.000000 1.000000
vt 1.000000 0.000000
vt 1.000000 1.000000
vt 0.000000 0.000000
vt 0.000000 1.000000
vt 1.000000 0.000000
vt 1.000000 1.000000
vt 0.000000 0.000000
vt 0.000000 1.000000
vt 1.000000 0.000000
vt 1.000000 1.000000
vt 0.000000 0.000000
vt 0.000000 1.000000
vt 1.000000 0.000000
vt 1.000000 1.000000
vt 0.000000 0.000000
vt 0.000000 1.000000
vt 1.000000 0.000000
vt 1.000000 1.000000
vt 0.000000 0.000000
vt 0.000000 1.000000
vt 1.000000 0.000000
vt 1.000000 1.000000
vt 0.000000 0.000000
vt 0.000000 1.000000
vt 1.000000 0.000000
vt 1.000000 1.000000
vt 0.000000 0.000000
vt 0.000000 1.000000
vt 1.000000 0.000000
vt 1.000000 1.000000
vt 0.000000 0.000000
vt 0.000000 1.000000
vt 1.000000 0.000000
vt 1.000000 1.000000
vt 0.000000 0.000000
vt 0.000000 1.000000
vt 1.000000 0.000000
vt 1.000000 1.000000
vt 0.000000 0.000000
vt 0.000000 1.000000
vt 1.000000 0.000000
vt 1.000000 1.000000
vt 0.000000 0.000000
vt 0.000000 1.000000
vt 1.000000 0.000000
vt 1.000000 1.000000
vt 0.000000 0.000000
vt 0.000000 1.000000
vt 1.000000 0.000000
vt 1.000000 1.000000
vt 0.000000 0.000000
vt 0.000000 1.000000
vt 1.000000 0.000000
vt 1.000000 1.000000
vt 0.000000 0.000000
vt 0.000000 1.000000
vt 1.000000 0.000000
vt 1.000000 1.000000
vt 0.000000 0.000000
vt 0.000000 1.000000
vt 1.000000 0.000000
vt 1.000000 1.000000
vt 0.000000 0.000000
vt 0.000000 1.000000
vt 1.000000 0.000000
vt 1.000000 1.000000
vt 0.000000 0.000000
vt 1.000000 0.000000
vt 0.000000 1.000000
vt 1.000000 1.000000
vt 0.000000 0.000000
vt 1.000000 0.000000
vt 0.000000 1.000000
vt 1.000000 1.000000
vt 0.750000 1.400000
vt 0.750000 1.400000
vt 0.625000 1.400000
vt 0.875000 1.400000
vt 0.625000 1.400000
vt 0.875000 1.400000
vt 0.500000 1.400000
vt 0.000000 1.400000
vt 1.000000 1.400000
vt 0.500000 1.400000
vt 0.000000 1.400000
vt 1.000000 1.400000
vt 0.375000 1.400000
vt 0.125000 1.400000
vt 0.375000 1.400000
vt 0.125000 1.400000
vt 0.250000 1.400000
vt 0.250000 1.400000
vt 0.750000 1.600000
vt 0.750000 1.600000
vt 0.625000 1.600000
vt 0.875000 1.600000
vt 0.625000 1.600000
vt 0.875000 1.600000
vt 0.000000 0.000000
vt 0.000000 1.000000
vt 1.000000 0.000000
vt 1.000000 1.000000
vt 0.000000 0.000000
vt 0.000000 1.000000
vt 1.000000 0.000000
vt 1.000000 1.000000
vt 0.000000 0.000000
vt 0.000000 1.000000
vt 1.000000 0.000000
vt 1.000000 1.000000
vt 0.000000 0.000000
vt 0.000000 1.000000
vt 1.000000 0.000000
vt 1.000000 1.000000
vt 0.000000 0.000000
vt 0.000000 1.000000
vt 1.000000 0.000000
vt 1.000000 1.000000
vt 0.000000 0.000000
vt 0.000000 1.000000
vt 1.000000 0.000000
vt 1.000000 1.000000
vt 0.000000 0.000000
vt 0.000000 1.000000
vt 1.000000 0.000000
vt 1.000000 1.000000
vt 0.000000 0.000000
vt 0.000000 1.000000
vt 1.000000 0.000000
vt 1.000000 1.000000
vt 0.000000 0.000000
vt 0.000000 1.000000
vt 1.000000 0.000000
vt 1.000000 1.000000
vt 0.000000 0.000000
vt 0.000000 1.000000
vt 1.000000 0.000000
vt 1.000000 1.000000
vt 0.000000 0.000000
vt 0.000000 1.000000
vt 1.000000 0.000000
vt 1.000000 1.000000
vt 0.000000 0.000000
vt 0.000000 1.000000
vt 1.000000 0.000000
vt 1.000000 1.000000
vt 0.000000 0.000000
vt 0.000000 1.000000
vt 1.000000 0.000000
vt 1.000000 1.000000
vt 0.000000 0.000000
vt 0.000000 1.000000
vt 1.000000 0.000000
vt 1.000000 1.000000
vt 0.000000 0.000000
vt 0.000000 1.000000
vt 1.000000 0.000000
vt 1.000000 1.000000
vt 0.000000 0.000000
vt 0.000000 1.000000
vt 1.000000 0.000000
vt 1.000000 1.000000
vt 0.000000 0.000000
vt 0.000000 1.000000
vt 1.000000 0.000000
vt 1.000000 1.000000
vt 0.000000 0.000000
vt 0.000000 1.000000
vt 1.000000 0.000000
vt 1.000000 1.000000
vt 0.000000 0.000000
vt 1.000000 0.000000
vt 0.000000 1.000000
vt 1.000000 1.000000
vt 0.500000 1.600000
vt 0.000000 0.000000
vt 1.000000 0.000000
vt 0.000000 1.600000
vt 1.000000 1.600000
vt 0.500000 1.600000
vt 0.000000 1.000000
vt 1.000000 1.000000
vt 0.000000 1.600000
vt 1.000000 1.600000
vt 0.375000 1.600000
vt 0.125000 1.600000
vt 0.375000 1.600000
vt 0.125000 1.600000
vt 0.250000 1.600000
vt 0.250000 1.600000
vt 0.750000 1.800000
vt 0.750000 1.800000
vt 0.625000 1.800000
vt 0.875000 1.800000
vt 0.625000 1.800000
vt 0.875000 1.800000
vt 0.500000 1.800000
vt 0.000000 1.800000
vt 1.000000 1.800000
vt 0.500000 1.800000
vt 0.000000 1.800000
vt 1.000000 1.800000
vt 0.375000 1.800000
vt 0.125000 1.800000
vt 0.375000 1.800000
vt 0.125000 1.800000
vt 0.250000 1.800000
vt 0.250000 1.800000
vt 0.000000 0.000000
vt 0.000000 1.000000
vt 1.000000 0.000000
vt 1.000000 1.000000
vt 0.000000 0.000000
vt 0.000000 1.000000
vt 1.000000 0.000000
vt 1.000000 1.000000
vt 0.000000 0.000000
vt 0.000000 1.000000
vt 1.000000 0.000000
vt 1.000000 1.000000
vt 0.000000 0.000000
vt 0.000000 1.000000
vt 1.000000 0.000000
vt 1.000000 1.000000
vt 0.000000 0.000000
vt 0.000000 1.000000
vt 1.000000 0.000000
vt 1.000000 1.000000
vt 0.000000 0.000000
vt 0.000000 1.000000
vt 1.000000 0.000000
vt 1.000000 1.000000
vt 0.000000 0.000000
vt 0.000000 1.000000
vt 1.000000 0.000000
vt 1.000000 1.000000
vt 0.000000 0.000000
vt 0.000000 1.000000
vt 1.000000 0.000000
vt 1.000000 1.000000
vt 0.000000 0.000000
vt 0.000000 1.000000
vt 1.000000 0.000000
vt 1.000000 1.000000
vt 0.000000 0.000000
vt 0.000000 1.000000
vt 1.000000 0.000000
vt 1.000000 1.000000
vt 0.000000 0.000000
vt 0.000000 1.000000
vt 1.000000 0.000000
vt 1.000000 1.000000
vt 0.000000 0.000000
vt 0.000000 1.000000
vt 1.000000 0.000000
vt 1.000000 1.000000
vt 0.000000 0.000000
vt 0.000000 1.000000
vt 1.000000 0.000000
vt 1.000000 1.000000
vt 0.000000 0.000000
vt 0.000000 1.000000
vt 1.000000 0.000000
vt 1.000000 1.000000
vt 0.000000 0.000000
vt 0.000000 1.000000
vt 1.000000 0.000000
vt 1.000000 1.000000
vt 0.000000 0.000000
vt 0.000000 1.000000
vt 1.000000 0.000000
vt 1.000000 1.000000
vt 0.000000 0.000000
vt 0.000000 1.000000
vt 1.000000 0.000000
vt 1.000000 1.000000
vt 0.000000 0.000000
vt 0.000000 1.000000
vt 1.000000 0.000000
vt 1.000000 1.000000
vt 0.000000 0.000000
vt 1.000000 0.000000
vt 0.000000 1.000000
vt 1.000000 1.000000
vt 0.000000 0.000000
vt 1.000000 0.000000
vt 0.000000 1.000000
vt 1.000000 1.000000
vt 0.750000 2.000000
vt 0.750000 2.000000
vt 0.625000 2.000000
vt 0.875000 2.000000
vt 0.625000 2.000000
vt 0.875000 2.000000
vt 0.500000 2.000000
vt 0.000000 2.000000
vt 1.000000 2.000000
vt 0.500000 2.000000
vt 0.000000 2.000000
vt 1.000000 2.000000
vt 0.375000 2.000000
vt 0.125000 2.000000
vt 0.375000 2.000000
vt 0.125000 2.000000
vt 0.250000 2.000000
vt 0.250000 2.000000
vt 0.750000 2.200000
vt 0.750000 2.200000
vt 0.625000 2.200000
vt 0.875000 2.200000
vt 0.625000 2.200000
vt 0.875000 2.200000
vt 0.500000 2.200000
vt 0.000000 2.200000
vt 1.000000 2.200000
vt 0.500000 2.200000
vt 0.000000 2.200000
vt 1.000000 2.200000
vt 0.375000 2.200000
vt 0.125000 2.200000
vt 0.375000 2.200000
vt 0.125000 2.200000
vt 0.250000 2.200000
vt 0.250000 2.200000
vt 0.000000 0.000000
vt 0.000000 1.000000
vt 1.000000 0.000000
vt 1.000000 1.000000
vt 0.000000 0.000000
vt 0.000000 1.000000
vt 1.000000 0.000000
vt 1.000000 1.000000
vt 0.000000 0.000000
vt 0.000000 1.000000
vt 1.000000 0.000000
vt 1.000000 1.000000
vt 0.000000 0.000000
vt 0.000000 1.000000
vt 1.000000 0.000000
vt 1.000000 1.000000
vt 0.000000 0.000000
vt 0.000000 1.000000
vt 1.000000 0.000000
vt 1.000000 1.000000
vt 0.000000 0.000000
vt 0.000000 1.000000
vt 1.000000 0.000000
vt 1.000000 1.000000
vt 0.000000 0.000000
vt 0.000000 1.000000
vt 1.000000 0.000000
vt 1.000000 1.000000
vt 0.000000 0.000000
vt 0.000000 1.000000
vt 1.000000 0.000000
vt 1.000000 1.000000
vt 0.000000 0.000000
vt 0.000000 1.000000
vt 1.000000 0.000000
vt 1.000000 1.000000
vt 0.000000 0.000000
vt 0.000000 1.000000
vt 1.000000 0.000000
vt 1.000000 1.000000
vt 0.000000 0.000000
vt 0.000000 1.000000
vt 1.000000 0.000000
vt 1.000000 1.000000
vt 0.000000 0.000000
vt 0.000000 1.000000
vt 1.000000 0.000000
vt 1.000000 1.000000
vt 0.000000 0.000000
vt 0.000000 1.000000
vt 1.000000 0.000000
vt 1.000000 1.000000
vt 0.000000 0.000000
vt 0.000000 1.000000
vt 1.000000 0.000000
vt 1.000000 1.000000
vt 0.000000 0.000000
vt 0.000000 1.000000
vt 1.000000 0.000000
vt 1.000000 1.000000
vt 0.000000 0.000000
vt 0.000000 1.000000
vt 1.000000 0.000000
vt 1.000000 1.000000
vt 0.000000 0.000000
vt 0.000000 1.000000
vt 1.000000 0.000000
vt 1.000000 1.000000
vt 0.000000 0.000000
vt 0.000000 1.000000
vt 1.000000 0.000000
vt 1.000000 1.000000
vt 0.000000 0.000000
vt 1.000000 0.000000
vt 0.000000 1.000000
vt 1.000000 1.000000
vt 0.000000 0.000000
vt 1.000000 0.000000
vt 0.000000 1.000000
vt 1.000000 1.000000
vt 0.750000 2.400000
vt 0.750000 2.400000
vt 0.625000 2.400000
vt 0.875000 2.400000
vt 0.625000 2.400000
vt 0.875000 2.400000
vt 0.500000 2.400000
vt 0.000000 2.400000
vt 1.000000 2.400000
vt 0.500000 2.400000
vt 0.000000 2.400000
vt 1.000000 2.400000
vt 0.375000 2.400000
vt 0.125000 2.400000
vt 0.375000 2.400000
vt 0.125000 2.400000
vt 0.250000 2.400000
vt 0.250000 2.400000
vt 0.000000 0.000000
vt 0.000000 1.000000
vt 1.000000 0.000000
vt 1.000000 1.000000
vt 0.000000 0.000000
vt 0.000000 1.000000
vt 1.000000 0.000000
vt 1.000000 1.000000
vt 0.000000 0.000000
vt 0.000000 1.000000
vt 1.000000 0.000000
vt 1.000000 1.000000
vt 0.000000 0.000000
vt 0.000000 1.000000
vt 1.000000 0.000000
vt 1.000000 1.000000
vt 0.000000 0.000000
vt 0.000000 1.000000
vt 1.000000 0.000000
vt 1.000000 1.000000
vt 0.000000 0.000000
vt 0.000000 1.000000
vt 1.000000 0.000000
vt 1.000000 1.000000
vt 0.000000 0.000000
vt 0.000000 1.000000
vt 1.000000 0.000000
vt 1.000000 1.000000
vt 0.000000 0.000000
vt 0.000000 1.000000
vt 1.000000 0.000000
vt 1.000000 1.000000
vt 0.000000 0.000000
vt 0.000000 1.000000
vt 1.000000 0.000000
vt 1.000000 1.000000
vt 0.000000 0.000000
vt 0.000000 1.000000
vt 1.000000 0.000000
vt 1.000000 1.000000
vt 0.000000 0.000000
vt 0.000000 1.000000
vt 1.000000 0.000000
vt 1.000000 1.000000
vt 0.000000 0.000000
vt 0.000000 1.000000
vt 1.000000 0.000000
vt 1.000000 1.000000
vt 0.000000 0.000000
vt 0.000000 1.000000
vt 1.000000 0.000000
vt 1.000000 1.000000
vt 0.000000 0.000000
vt 0.000000 1.000000
vt 1.000000 0.000000
vt 1.000000 1.000000
vt 0.000000 0.000000
vt 0.000000 1.000000
vt 1.000000 0.000000
vt 1.000000 1.000000
vt 0.000000 0.000000
vt 0.000000 1.000000
vt 1.000000 0.000000
vt 1.000000 1.000000
vt 0.000000 0.000000
vt 0.000000 1.000000
vt 1.000000 0.000000
vt 1.000000 1.000000
vt 0.000000 0.000000
vt 0.000000 1.000000
vt 1.000000 0.000000
vt 1.000000 1.000000
vt 0.000000 0.000000
vt 1.000000 0.000000
vt 0.000000 1.000000
vt 1.000000 1.000000
vt 0.000000 0.000000
vt 1.000000 0.000000
vt 0.000000 1.000000
vt 1.000000 1.000000
vt 0.750000 2.600000
vt 0.750000 2.600000
vt 0.625000 2.600000
vt 0.875000 2.600000
vt 0.625000 2.600000
vt 0.875000 2.600000
vt 0.500000 2.600000
vt 0.000000 2.600000
vt 1.000000 2.600000
vt 0.500000 2.600000
vt 0.000000 2.600000
vt 1.000000 2.600000
vt 0.375000 2.600000
vt 0.125000 2.600000
vt 0.375000 2.600000
vt 0.125000 2.600000
vt 0.250000 2.600000
vt 0.250000 2.600000
vt 0.750000 2.800000
vt 0.750000 2.800000
vt 0.625000 2.800000
vt 0.875000 2.800000
vt 0.625000 2.800000
vt 0.875000 2.800000
vt 0.500000 2.800000
vt 0.000000 2.800000
vt 1.000000 2.800000
vt 0.500000 2.800000
vt 0.000000 2.800000
vt 1.000000 2.800000
vt 0.375000 2.800000
vt 0.125000 2.800000
vt 0.375000 2.800000
vt 0.125000 2.800000
vt 0.250000 2.800000
vt 0.250000 2.800000
vt 0.000000 0.000000
vt 0.000000 1.000000
vt 1.000000 0.000000
vt 1.000000 1.000000
vt 0.000000 0.000000
vt 0.000000 1.000000
vt 1.000000 0.000000
vt 1.000000 1.000000
vt 0.000000 0.000000
vt 0.000000 1.000000
vt 1.000000 0.000000
vt 1.000000 1.000000
vt 0.000000 0.000000
vt 0.000000 1.000000
vt 1.000000 0.000000
vt 1.000000 1.000000
vt 0.000000 0.000000
vt 0.000000 1.000000
vt 1.000000 0.000000
vt 1.000000 1.000000
vt 0.000000 0.000000
vt 0.000000 1.000000
vt 1.000000 0.000000
vt 1.000000 1.000000
vt 0.000000 0.000000
vt 0.000000 1.000000
vt 1.000000 0.000000
vt 1.000000 1.000000
vt 0.000000 0.000000
vt 0.000000 1.000000
vt 1.000000 0.000000
vt 1.000000 1.000000
vt 0.000000 0.000000
vt 0.000000 1.000000
vt 1.000000 0.000000
vt 1.000000 1.000000
vt 0.000000 0.000000
vt 0.000000 1.000000
vt 1.000000 0.000000
vt 1.000000 1.000000
vt 0.000000 0.000000
vt 0.000000 1.000000
vt 1.000000 0.000000
vt 1.000000 1.000000
vt 0.000000 0.000000
vt 0.000000 1.000000
vt 1.000000 0.000000
vt 1.000000 1.000000
vt 0.000000 0.000000
vt 0.000000 1.000000
vt 1.000000 0.000000
vt 1.000000 1.000000
vt 0.000000 0.000000
vt 0.000000 1.000000
vt 1.000000 0.000000
vt 1.000000 1.000000
vt 0.000000 0.000000
vt 0.000000 1.000000
vt 1.000000 0.000000
vt 1.000000 1.000000
vt 0.000000 0.000000
vt 0.000000 1.000000
vt 1.000000 0.000000
vt 1.000000 1.000000
vt 0.000000 0.000000
vt 0.000000 1.000000
vt 1.000000 0.000000
vt 1.000000 1.000000
vt 0.000000 0.000000
vt 0.000000 1.000000
vt 1.000000 0.000000
vt 1.000000 1.000000
vt 0.000000 0.000000
vt 1.000000 0.000000
vt 0.000000 1.000000
vt 1.000000 1.000000
vt 0.000000 0.000000
vt 1.000000 0.000000
vt 0.000000 1.000000
vt 1.000000 1.000000
vt 0.750000 3.000000
vt 0.750000 3.000000
vt 0.625000 3.000000
vt 0.875000 3.000000
vt 0.625000 3.000000
vt 0.875000 3.000000
vt 0.500000 3.000000
vt 0.000000 3.000000
vt 1.000000 3.000000
vt 0.500000 3.000000
vt 0.000000 3.000000
vt 1.000000 3.000000
vt 0.375000 3.000000
vt 0.125000 3.000000
vt 0.375000 3.000000
vt 0.125000 3.000000
vt 0.250000 3.000000
vt 0.250000 3.000000
vt 0.000000 0.000000
vt 0.000000 1.000000
vt 1.000000 0.000000
vt 1.000000 1.000000
vt 0.000000 0.000000
vt 0.000000 1.000000
vt 1.000000 0.000000
vt 1.000000 1.000000
vt 0.000000 0.000000
vt 0.000000 1.000000
vt 1.000000 0.000000
vt 1.000000 1.000000
vt 0.000000 0.000000
vt 0.000000 1.000000
vt 1.000000 0.000000
vt 1.000000 1.000000
vt 0.000000 0.000000
vt 0.000000 1.000000
vt 1.000000 0.000000
vt 1.000000 1.000000
vt 0.000000 0.000000
vt 0.000000 1.000000
vt 1.000000 0.000000
vt 1.000000 1.000000
vt 0.000000 0.000000
vt 0.000000 1.000000
vt 1.000000 0.000000
vt 1.000000 1.000000
vt 0.000000 0.000000
vt 0.000000 1.000000
vt 1.000000 0.000000
vt 1.000000 1.000000
vt 0.000000 0.000000
vt 0.000000 1.000000
vt 1.000000 0.000000
vt 1.000000 1.000000
vt 0.000000 0.000000
vt 0.000000 1.000000
vt 1.000000 0.000000
vt 1.000000 1.000000
vt 0.000000 0.000000
vt 0.000000 1.000000
vt 1.000000 0.000000
vt 1.000000 1.000000
vt 0.000000 0.000000
vt 0.000000 1.000000
vt 1.000000 0.000000
vt 1.000000 1.000000
vt 0.000000 0.000000
vt 0.000000 1.000000
vt 1.000000 0.000000
vt 1.000000 1.000000
vt 0.000000 0.000000
vt 0.000000 1.000000
vt 1.000000 0.000000
vt 1.000000 1.000000
vt 0.000000 0.000000
vt 0.000000 1.000000
vt 1.000000 0.000000
vt 1.000000 1.000000
vt 0.000000 0.000000
vt 0.000000 1.000000
vt 1.000000 0.000000
vt 1.000000 1.000000
vt 0.000000 0.000000
vt 0.000000 1.000000
vt 1.000000 0.000000
vt 1.000000 1.000000
vt 0.000000 0.000000
vt 0.000000 1.000000
vt 1.000000 0.000000
vt 1.000000 1.000000
vt 0.250000 3.200000
vt 0.250000 3.200000
vt 0.000000 0.000000
vt 1.000000 0.000000
vt 0.000000 1.000000
vt 1.000000 1.000000
vt 0.375000 3.200000
vt 0.125000 3.200000
vt 0.375000 3.200000
vt 0.125000 3.200000
vt 0.500000 3.200000
vt 0.000000 0.000000
vt 1.000000 0.000000
vt 0.000000 3.200000
vt 1.000000 3.200000
vt 0.500000 3.200000
vt 0.000000 1.000000
vt 1.000000 1.000000
vt 0.000000 3.200000
vt 1.000000 3.200000
vt 0.625000 3.200000
vt 0.875000 3.200000
vt 0.625000 3.200000
vt 0.875000 3.200000
vt 0.750000 3.200000
vt 0.750000 3.200000
vt 0.250000 3.400000
vt 0.250000 3.400000
vt 0.375000 3.400000
vt 0.125000 3.400000
vt 0.375000 3.400000
vt 0.125000 3.400000
vt 0.500000 3.400000
vt 0.000000 3.400000
vt 1.000000 3.400000
vt 0.500000 3.400000
vt 0.000000 3.400000
vt 1.000000 3.400000
vt 0.625000 3.400000
vt 0.875000 3.400000
vt 0.625000 3.400000
vt 0.875000 3.400000
vt 0.750000 3.400000
vt 0.750000 3.400000
vt 0.000000 0.000000
vt 0.000000 1.000000
vt 1.000000 0.000000
vt 1.000000 1.000000
vt 0.000000 0.000000
vt 0.000000 1.000000
vt 1.000000 0.000000
vt 1.000000 1.000000
vt 0.000000 0.000000
vt 0.000000 1.000000
vt 1.000000 0.000000
vt 1.000000 1.000000
vt 0.000000 0.000000
vt 0.000000 1.000000
vt 1.000000 0.000000
vt 1.000000 1.000000
vt 0.000000 0.000000
vt 0.000000 1.000000
vt 1.000000 0.000000
vt 1.000000 1.000000
vt 0.000000 0.000000
vt 0.000000 1.000000
vt 1.000000 0.000000
vt 1.000000 1.000000
vt 0.000000 0.000000
vt 0.000000 1.000000
vt 1.000000 0.000000
vt 1.000000 1.000000
vt 0.000000 0.000000
vt 0.000000 1.000000
vt 1.000000 0.000000
vt 1.000000 1.000000
vt 0.000000 0.000000
vt 0.000000 1.000000
vt 1.000000 0.000000
vt 1.000000 1.000000
vt 0.000000 0.000000
vt 0.000000 1.000000
vt 1.000000 0.000000
vt 1.000000 1.000000
vt 0.000000 0.000000
vt 0.000000 1.000000
vt 1.000000 0.000000
vt 1.000000 1.000000
vt 0.000000 0.000000
vt 0.000000 1.000000
vt 1.000000 0.000000
vt 1.000000 1.000000
vt 0.000000 0.000000
vt 0.000000 1.000000
vt 1.000000 0.000000
vt 1.000000 1.000000
vt 0.000000 0.000000
vt 0.000000 1.000000
vt 1.000000 0.000000
vt 1.000000 1.000000
vt 0.000000 0.000000
vt 0.000000 1.000000
vt 1.000000 0.000000
vt 1.000000 1.000000
vt 0.000000 0.000000
vt 0.000000 1.000000
vt 1.000000 0.000000
vt 1.000000 1.000000
vt 0.000000 0.000000
vt 0.000000 1.000000
vt 1.000000 0.000000
vt 1.000000 1.000000
vt 0.000000 0.000000
vt 0.000000 1.000000
vt 1.000000 0.000000
vt 1.000000 1.000000
vt 0.000000 0.000000
vt 1.000000 0.000000
vt 0.000000 1.000000
vt 1.000000 1.000000
vt 0.000000 0.000000
vt 1.000000 0.000000
vt 0.000000 1.000000
vt 1.000000 1.000000
vt 0.250000 3.600000
vt 0.250000 3.600000
vt 0.375000 3.600000
vt 0.125000 3.600000
vt 0.375000 3.600000
vt 0.125000 3.600000
vt 0.500000 3.600000
vt 0.000000 3.600000
vt 1.000000 3.600000
vt 0.500000 3.600000
vt 0.000000 3.600000
vt 1.000000 3.600000
vt 0.625000 3.600000
vt 0.875000 3.600000
vt 0.625000 3.600000
vt 0.875000 3.600000
vt 0.750000 3.600000
vt 0.750000 3.600000
vt 0.250000 3.800000
vt 0.250000 3.800000
vt 0.375000 3.800000
vt 0.125000 3.800000
vt 0.375000 3.800000
vt 0.125000 3.800000
vt 0.500000 3.800000
vt 0.000000 3.800000
vt 1.000000 3.800000
vt 0.500000 3.800000
vt 0.000000 3.800000
vt 1.000000 3.800000
vt 0.625000 3.800000
vt 0.875000 3.800000
vt 0.625000 3.800000
vt 0.875000 3.800000
vt 0.750000 3.800000
vt 0.750000 3.800000
vt 0.000000 0.000000
vt 0.000000 1.000000
vt 1.000000 0.000000
vt 1.000000 1.000000
vt 0.000000 0.000000
vt 0.000000 1.000000
vt 1.000000 0.000000
vt 1.000000 1.000000
vt 0.000000 0.000000
vt 0.000000 1.000000
vt 1.000000 0.000000
vt 1.000000 1.000000
vt 0.000000 0.000000
vt 0.000000 1.000000
vt 1.000000 0.000000
vt 1.000000 1.000000
vt 0.000000 0.000000
vt 0.000000 1.000000
vt 1.000000 0.000000
vt 1.000000 1.000000
vt 0.000000 0.000000
vt 0.000000 1.000000
vt 1.000000 0.000000
vt 1.000000 1.000000
vt 0.000000 0.000000
vt 0.000000 1.000000
vt 1.000000 0.000000
vt 1.000000 1.000000
vt 0.000000 0.000000
vt 0.000000 1.000000
vt 1.000000 0.000000
vt 1.000000 1.000000
vt 0.000000 0.000000
vt 0.000000 1.000000
vt 1.000000 0.000000
vt 1.000000 1.000000
vt 0.000000 0.000000
vt 0.000000 1.000000
vt 1.000000 0.000000
vt 1.000000 1.000000
vt 0.000000 0.000000
vt 0.000000 1.000000
vt 1.000000 0.000000
vt 1.000000 1.000000
vt 0.000000 0.000000
vt 0.000000 1.000000
vt 1.000000 0.000000
vt 1.000000 1.000000
vt 0.000000 0.000000
vt 0.000000 1.000000
vt 1.000000 0.000000
vt 1.000000 1.000000
vt 0.000000 0.000000
vt 0.000000 1.000000
vt 1.000000 0.000000
vt 1.000000 1.000000
vt 0.000000 0.000000
vt 0.000000 1.000000
vt 1.000000 0.000000
vt 1.000000 1.000000
vt 0.000000 0.000000
vt 0.000000 1.000000
vt 1.000000 0.000000
vt 1.000000 1.000000
vt 0.000000 0.000000
vt 0.000000 1.000000
vt 1.000000 0.000000
vt 1.000000 1.000000
vt 0.000000 0.000000
vt 0.000000 1.000000
vt 1.000000 0.000000
vt 1.000000 1.000000
vt 0.000000 0.000000
vt 1.000000 0.000000
vt 0.000000 1.000000
vt 1.000000 1.000000
vt 0.000000 0.000000
vt 1.000000 0.000000
vt 0.000000 1.000000
vt 1.000000 1.000000
vt 0.250000 4.000000
vt 0.250000 4.000000
vt 0.375000 4.000000
vt 0.125000 4.000000
vt 0.375000 4.000000
vt 0.125000 4.000000
vt 0.500000 4.000000
vt 0.000000 4.000000
vt 1.000000 4.000000
vt 0.500000 4.000000
vt 0.000000 4.000000
vt 1.000000 4.000000
vt 0.625000 4.000000
vt 0.875000 4.000000
vt 0.625000 4.000000
vt 0.875000 4.000000
vt 0.750000 4.000000
vt 0.750000 4.000000
vt 0.000000 0.000000
vt 0.000000 1.000000
vt 1.000000 0.000000
vt 1.000000 1.000000
vt 0.000000 0.000000
vt 0.000000 1.000000
vt 1.000000 0.000000
vt 1.000000 1.000000
vt 0.000000 0.000000
vt 0.000000 1.000000
vt 1.000000 0.000000
vt 1.000000 1.000000
vt 0.000000 0.000000
vt 0.000000 1.000000
vt 1.000000 0.000000
vt 1.000000 1.000000
vt 0.000000 0.000000
vt 0.000000 1.000000
vt 1.000000 0.000000
vt 1.000000 1.000000
vt 0.000000 0.000000
vt 0.000000 1.000000
vt 1.000000 0.000000
vt 1.000000 1.000000
vt 0.000000 0.000000
vt 0.000000 1.000000
vt 1.000000 0.000000
vt 1.000000 1.000000
vt 0.000000 0.000000
vt 0.000000 1.000000
vt 1.000000 0.000000
vt 1.000000 1.000000
vt 0.000000 0.000000
vt 0.000000 1.000000
vt 1.000000 0.000000
vt 1.000000 1.000000
vt 0.000000 0.000000
vt 0.000000 1.000000
vt 1.000000 0.000000
vt 1.000000 1.000000
vt 0.000000 0.000000
vt 0.000000 1.000000
vt 1.000000 0.000000
vt 1.000000 1.000000
vt 0.000000 0.000000
vt 0.000000 1.000000
vt 1.000000 0.000000
vt 1.000000 1.000000
vt 0.000000 0.000000
vt 0.000000 1.000000
vt 1.000000 0.000000
vt 1.000000 1.000000
vt 0.000000 0.000000
vt 0.000000 1.000000
vt 1.000000 0.000000
vt 1.000000 1.000000
vt 0.000000 0.000000
vt 0.000000 1.000000
vt 1.000000 0.000000
vt 1.000000 1.000000
vt 0.000000 0.000000
vt 0.000000 1.000000
vt 1.000000 0.000000
vt 1.000000 1.000000
vt 0.000000 0.000000
vt 0.000000 1.000000
vt 1.000000 0.000000
vt 1.000000 1.000000
vt 0.000000 0.000000
vt 0.000000 1.000000
vt 1.000000 0.000000
vt 1.000000 1.000000
vt 0.000000 0.000000
vt 1.000000 0.000000
vt 0.000000 1.000000
vt 1.000000 1.000000
vt 0.000000 0.000000
vt 1.000000 0.000000
vt 0.000000 1.000000
vt 1.000000 1.000000
vt 0.250000 4.200000
vt 0.250000 4.200000
vt 0.375000 4.200000
vt 0.125000 4.200000
vt 0.375000 4.200000
vt 0.125000 4.200000
vt 0.500000 4.200000
vt 0.000000 4.200000
vt 1.000000 4.200000
vt 0.500000 4.200000
vt 0.000000 4.200000
vt 1.000000 4.200000
vt 0.625000 4.200000
vt 0.875000 4.200000
vt 0.625000 4.200000
vt 0.875000 4.200000
vt 0.750000 4.200000
vt 0.750000 4.200000
vt 0.250000 4.400000
vt 0.250000 4.400000
vt 0.375000 4.400000
vt 0.125000 4.400000
vt 0.375000 4.400000
vt 0.125000 4.400000
vt 0.500000 4.400000
vt 0.000000 4.400000
vt 1.000000 4.400000
vt 0.500000 4.400000
vt 0.000000 4.400000
vt 1.000000 4.400000
vt 0.625000 4.400000
vt 0.875000 4.400000
vt 0.625000 4.400000
vt 0.875000 4.400000
vt 0.750000 4.400000
vt 0.750000 4.400000
vt 0.000000 0.000000
vt 0.000000 1.000000
vt 1.000000 0.000000
vt 1.000000 1.000000
vt 0.000000 0.000000
vt 0.000000 1.000000
vt 1.000000 0.000000
vt 1.000000 1.000000
vt 0.000000 0.000000
vt 0.000000 1.000000
vt 1.000000 0.000000
vt 1.000000 1.000000
vt 0.000000 0.000000
vt 0.000000 1.000000
vt 1.000000 0.000000
vt 1.000000 1.000000
vt 0.000000 0.000000
vt 0.000000 1.000000
vt 1.000000 0.000000
vt 1.000000 1.000000
vt 0.000000 0.000000
vt 0.000000 1.000000
vt 1.000000 0.000000
vt 1.000000 1.000000
vt 0.000000 0.000000
vt 0.000000 1.000000
vt 1.000000 0.000000
vt 1.000000 1.000000
vt 0.000000 0.000000
vt 0.000000 1.000000
vt 1.000000 0.000000
vt 1.000000 1.000000
vt 0.000000 0.000000
vt 0.000000 1.000000
vt 1.000000 0.000000
vt 1.000000 1.000000
vt 0.000000 0.000000
vt 0.000000 1.000000
vt 1.000000 0.000000
vt 1.000000 1.000000
vt 0.000000 0.000000
vt 0.000000 1.000000
vt 1.000000 0.000000
vt 1.000000 1.000000
vt 0.000000 0.000000
vt 0.000000 1.000000
vt 1.000000 0.000000
vt 1.000000 1.000000
vt 0.000000 0.000000
vt 0.000000 1.000000
vt 1.000000 0.000000
vt 1.000000 1.000000
vt 0.000000 0.000000
vt 0.000000 1.000000
vt 1.000000 0.000000
vt 1.000000 1.000000
vt 0.000000 0.000000
vt 0.000000 1.000000
vt 1.000000 0.000000
vt 1.000000 1.000000
vt 0.000000 0.000000
vt 0.000000 1.000000
vt 1.000000 0.000000
vt 1.000000 1.000000
vt 0.000000 0.000000
vt 0.000000 1.000000
vt 1.000000 0.000000
vt 1.000000 1.000000
vt 0.000000 0.000000
vt 0.000000 1.000000
vt 1.000000 0.000000
vt 1.000000 1.000000
vt 0.000000 0.000000
vt 1.000000 0.000000
vt 0.000000 1.000000
vt 1.000000 1.000000
vt 0.000000 0.000000
vt 1.000000 0.000000
vt 0.000000 1.000000
vt 1.000000 1.000000
vt 0.250000 4.600000
vt 0.250000 4.600000
vt 0.375000 4.600000
vt 0.125000 4.600000
vt 0.375000 4.600000
vt 0.125000 4.600000
vt 0.500000 4.600000
vt 0.000000 4.600000
vt 1.000000 4.600000
vt 0.500000 4.600000
vt 0.000000 4.600000
vt 1.000000 4.600000
vt 0.625000 4.600000
vt 0.875000 4.600000
vt 0.625000 4.600000
vt 0.875000 4.600000
vt 0.750000 4.600000
vt 0.750000 4.600000
vt 0.250000 4.800000
vt 0.250000 4.800000
vt 0.375000 4.800000
vt 0.125000 4.800000
vt 0.375000 4.800000
vt 0.125000 4.800000
vt 0.000000 0.000000
vt 0.000000 1.000000
vt 1.000000 0.000000
vt 1.000000 1.000000
vt 0.000000 0.000000
vt 0.000000 1.000000
vt 1.000000 0.000000
vt 1.000000 1.000000
vt 0.000000 0.000000
vt 0.000000 1.000000
vt 1.000000 0.000000
vt 1.000000 1.000000
vt 0.000000 0.000000
vt 0.000000 1.000000
vt 1.000000 0.000000
vt 1.000000 1.000000
vt 0.000000 0.000000
vt 0.000000 1.000000
vt 1.000000 0.000000
vt 1.000000 1.000000
vt 0.000000 0.000000
vt 0.000000 1.000000
vt 1.000000 0.000000
vt 1.000000 1.000000
vt 0.000000 0.000000
vt 0.000000 1.000000
vt 1.000000 0.000000
vt 1.000000 1.000000
vt 0.000000 0.000000
vt 0.000000 1.000000
vt 1.000000 0.000000
vt 1.000000 1.000000
vt 0.000000 0.000000
vt 0.000000 1.000000
vt 1.000000 0.000000
vt 1.000000 1.000000
vt 0.000000 0.000000
vt 0.000000 1.000000
vt 1.000000 0.000000
vt 1.000000 1.000000
vt 0.000000 0.000000
vt 0.000000 1.000000
vt 1.000000 0.000000
vt 1.000000 1.000000
vt 0.000000 0.000000
vt 0.000000 1.000000
vt 1.000000 0.000000
vt 1.000000 1.000000
vt 0.000000 0.000000
vt 0.000000 1.000000
vt 1.000000 0.000000
vt 1.000000 1.000000
vt 0.000000 0.000000
vt 0.000000 1.000000
vt 1.000000 0.000000
vt 1.000000 1.000000
vt 0.000000 0.000000
vt 0.000000 1.000000
vt 1.000000 0.000000
vt 1.000000 1.000000
vt 0.000000 0.000000
vt 0.000000 1.000000
vt 1.000000 0.000000
vt 1.000000 1.000000
vt 0.000000 0.000000
vt 0.000000 1.000000
vt 1.000000 0.000000
vt 1.000000 1.000000
vt 0.000000 0.000000
vt 0.000000 1.000000
vt 1.000000 0.000000
vt 1.000000 1.000000
vt 0.000000 0.000000
vt 1.000000 0.000000
vt 0.000000 1.000000
vt 1.000000 1.000000
vt 0.500000 4.800000
vt 0.000000 0.000000
vt 1.000000 0.000000
vt 0.000000 4.800000
vt 1.000000 4.800000
vt 0.500000 4.800000
vt 0.000000 1.000000
vt 1.000000 1.000000
vt 0.000000 4.800000
vt 1.000000 4.800000
vt 0.625000 4.800000
vt 0.875000 4.800000
vt 0.625000 4.800000
vt 0.875000 4.800000
vt 0.750000 4.800000
vt 0.750000 4.800000
vt 0.250000 5.000000
vt 0.250000 5.000000
vt 0.375000 5.000000
vt 0.125000 5.000000
vt 0.375000 5.000000
vt 0.125000 5.000000
vt 0.500000 5.000000
vt 0.000000 5.000000
vt 1.000000 5.000000
vt 0.500000 5.000000
vt 0.000000 5.000000
vt 1.000000 5.000000
vt 0.625000 5.000000
vt 0.875000 5.000000
vt 0.625000 5.000000
vt 0.875000 5.000000
vt 0.750000 5.000000
vt 0.750000 5.000000
vt 0.000000 0.000000
vt 0.000000 1.000000
vt 1.000000 0.000000
vt 1.000000 1.000000
vt 0.000000 0.000000
vt 0.000000 1.000000
vt 1.000000 0.000000
vt 1.000000 1.000000
vt 0.000000 0.000000
vt 0.000000 1.000000
vt 1.000000 0.000000
vt 1.000000 1.000000
vt 0.000000 0.000000
vt 0.000000 1.000000
vt 1.000000 0.000000
vt 1.000000 1.000000
vt 0.000000 0.000000
vt 0.000000 1.000000
vt 1.000000 0.000000
vt 1.000000 1.000000
vt 0.000000 0.000000
vt 0.000000 1.000000
vt 1.000000 0.000000
vt 1.000000 1.000000
vt 0.000000 0.000000
vt 0.000000 1.000000
vt 1.000000 0.000000
vt 1.000000 1.000000
vt 0.000000 0.000000
vt 0.000000 1.000000
vt 1.000000 0.000000
vt 1.000000 1.000000
vt 0.000000 0.000000
vt 0.000000 1.000000
vt 1.000000 0.000000
vt 1.000000 1.000000
vt 0.000000 0.000000
vt 0.000000 1.000000
vt 1.000000 0.000000
vt 1.000000 1.000000
vt 0.000000 0.000000
vt 0.000000 1.000000
vt 1.000000 0.000000
vt 1.000000 1.000000
vt 0.000000 0.000000
vt 0.000000 1.000000
vt 1.000000 0.000000
vt 1.000000 1.000000
vt 0.000000 0.000000
vt 0.000000 1.000000
vt 1.000000 0.000000
vt 1.000000 1.000000
vt 0.000000 0.000000
vt 0.000000 1.000000
vt 1.000000 0.000000
vt 1.000000 1.000000
vt 0.000000 0.000000
vt 0.000000 1.000000
vt 1.000000 0.000000
vt 1.000000 1.000000
vt 0.000000 0.000000
vt 0.000000 1.000000
vt 1.000000 0.000000
vt 1.000000 1.000000
vt 0.000000 0.000000
vt 0.000000 1.000000
vt 1.000000 0.000000
vt 1.000000 1.000000
vt 0.000000 0.000000
vt 0.000000 1.000000
vt 1.000000 0.000000
vt 1.000000 1.000000
vt 0.000000 0.000000
vt 1.000000 0.000000
vt 0.000000 1.000000
vt 1.000000 1.000000
vt 0.000000 0.000000
vt 1.000000 0.000000
vt 0.000000 1.000000
vt 1.000000 1.000000
vt 0.250000 5.200000
vt 0.250000 5.200000
vt 0.375000 5.200000
vt 0.125000 5.200000
vt 0.375000 5.200000
vt 0.125000 5.200000
vt 0.500000 5.200000
vt 0.000000 5.200000
vt 1.000000 5.200000
vt 0.500000 5.200000
vt 0.000000 5.200000
vt 1.000000 5.200000
vt 0.625000 5.200000
vt 0.875000 5.200000
vt 0.625000 5.200000
vt 0.875000 5.200000
vt 0.750000 5.200000
vt 0.750000 5.200000
vt 0.058765 0.118379
vt 0.100765 0.118379
vt 0.058765 0.248144
vt 0.731051 0.118379
vt 0.058765 0.118379
vt 0.100765 0.348144
vt 0.058765 0.248144
vt 0.731051 0.348144
vt 0.100765 0.118379
vt 0.100765 0.248144
vt 0.058765 0.118379
vt 0.100765 0.109732
vt 0.100765 0.118379
vt 0.100765 0.118379
vt 0.100765 0.256791
vt 0.773051 0.118379
vt 0.058765 0.348144
vt 0.100765 0.109732
vt 0.100765 0.348144
vt 0.100765 0.256791
vt 0.100765 0.348144
vt 0.773051 0.348144
vt 0.100765 0.118379
vt 0.100765 0.248144
vt 0.250000 5.400000
vt 0.250000 5.400000
vt 0.375000 5.400000
vt 0.125000 5.400000
vt 0.375000 5.400000
vt 0.125000 5.400000
vt 0.500000 5.400000
vt 0.000000 5.400000
vt 1.000000 5.400000
vt 0.500000 5.400000
vt 0.000000 5.400000
vt 1.000000 5.400000
vt 0.625000 5.400000
vt 0.875000 5.400000
vt 0.625000 5.400000
vt 0.875000 5.400000
vt 0.750000 5.400000
vt 0.750000 5.400000
vt 0.000000 0.000000
vt 0.000000 1.000000
vt 1.000000 0.000000
vt 1.000000 1.000000
vt 0.000000 0.000000
vt 0.000000 1.000000
vt 1.000000 0.000000
vt 1.000000 1.000000
vt 0.000000 0.000000
vt 0.000000 1.000000
vt 1.000000 0.000000
vt 1.000000 1.000000
vt 0.000000 0.000000
vt 0.000000 1.000000
vt 1.000000 0.000000
vt 1.000000 1.000000
vt 0.000000 0.000000
vt 0.000000 1.000000
vt 1.000000 0.000000
vt 1.000000 1.000000
vt 0.000000 0.000000
vt 0.000000 1.000000
vt 1.000000 0.000000
vt 1.000000 1.000000
vt 0.000000 0.000000
vt 0.000000 1.000000
vt 1.000000 0.000000
vt 1.000000 1.000000
vt 0.000000 0.000000
vt 0.000000 1.000000
vt 1.000000 0.000000
vt 1.000000 1.000000
vt 0.000000 0.000000
vt 0.000000 1.000000
vt 1.000000 0.000000
vt 1.000000 1.000000
vt 0.000000 0.000000
vt 0.000000 1.000000
vt 1.000000 0.000000
vt 1.000000 1.000000
vt 0.000000 0.000000
vt 0.000000 1.000000
vt 1.000000 0.000000
vt 1.000000 1.000000
vt 0.000000 0.000000
vt 0.000000 1.000000
vt 1.000000 0.000000
vt 1.000000 1.000000
vt 0.000000 0.000000
vt 0.000000 1.000000
vt 1.000000 0.000000
vt 1.000000 1.000000
vt 0.000000 0.000000
vt 0.000000 1.000000
vt 1.000000 0.000000
vt 1.000000 1.000000
vt 0.000000 0.000000
vt 0.000000 1.000000
vt 1.000000 0.000000
vt 1.000000 1.000000
vt 0.000000 0.000000
vt 0.000000 1.000000
vt 1.000000 0.000000
vt 1.000000 1.000000
vt 0.000000 0.000000
vt 0.000000 1.000000
vt 1.000000 0.000000
vt 1.000000 1.000000
vt 0.000000 0.000000
vt 0.000000 1.000000
vt 1.000000 0.000000
vt 1.000000 1.000000
vt 0.000000 0.000000
vt 1.000000 0.000000
vt 0.000000 1.000000
vt 1.000000 1.000000
vt 0.000000 0.000000
vt 1.000000 0.000000
vt 0.000000 1.000000
vt 1.000000 1.000000
vt 0.216765 0.118379
vt 0.216765 0.248144
vt 0.058765 0.118379
vt 0.216765 0.109732
vt 0.216765 0.118379
vt 0.216765 0.118379
vt 0.216765 0.256791
vt 0.773051 0.118379
vt 0.058765 0.348144
vt 0.216765 0.109732
vt 0.216765 0.348144
vt 0.216765 0.256791
vt 0.216765 0.348144
vt 0.773051 0.348144
vt 0.216765 0.118379
vt 0.216765 0.248144
vt 0.100765 0.118379
vt 0.258765 0.118379
vt 0.258765 0.248144
vt 0.731051 0.118379
vt 0.100765 0.348144
vt 0.258765 0.118379
vt 0.258765 0.248144
vt 0.731051 0.348144
vt 0.500000 1.750000
vt 0.000000 0.500000
vt 0.500000 1.750000
vt 0.000000 0.500000
vt 0.550000 1.750000
vt 0.024472 0.345492
vt 0.450000 1.750000
vt 0.024472 0.654508
vt 0.550000 1.750000
vt 0.024472 0.345492
vt 0.450000 1.750000
vt 0.024472 0.654508
vt 0.250000 5.600000
vt 0.250000 5.600000
vt 0.375000 5.600000
vt 0.125000 5.600000
vt 0.375000 5.600000
vt 0.125000 5.600000
vt 0.500000 5.600000
vt 0.000000 5.600000
vt 1.000000 5.600000
vt 0.500000 5.600000
vt 0.000000 5.600000
vt 1.000000 5.600000
vt 0.625000 5.600000
vt 0.875000 5.600000
vt 0.625000 5.600000
vt 0.875000 5.600000
vt 0.600000 1.750000
vt 0.095492 0.206107
vt 0.400000 1.750000
vt 0.095492 0.793893
vt 0.600000 1.750000
vt 0.095492 0.206107
vt 0.400000 1.750000
vt 0.095492 0.793893
vt 0.750000 5.600000
vt 0.750000 5.600000
vt 0.500000 0.000000
vt 0.125000 0.500000
vt 0.500000 0.000000
vt 0.125000 0.500000
vt 0.550000 0.000000
vt 0.143354 0.384119
vt 0.450000 0.000000
vt 0.143354 0.615881
vt 0.550000 0.000000
vt 0.143354 0.384119
vt 0.450000 0.000000
vt 0.143354 0.615881
vt 0.600000 0.000000
vt 0.196619 0.279581
vt 0.400000 0.000000
vt 0.196619 0.720419
vt 0.600000 0.000000
vt 0.196619 0.279581
vt 0.400000 0.000000
vt 0.196619 0.720419
vt 0.500000 1.625000
vt 0.500000 1.625000
vt 0.650000 1.750000
vt 0.206107 0.095492
vt 0.350000 1.750000
vt 0.206107 0.904508
vt 0.650000 1.750000
vt 0.206107 0.095492
vt 0.350000 1.750000
vt 0.206107 0.904508
vt 0.550000 1.625000
vt 0.450000 1.625000
vt 0.550000 1.625000
vt 0.450000 1.625000
vt 0.600000 1.625000
vt 0.400000 1.625000
vt 0.600000 1.625000
vt 0.400000 1.625000
vt 0.650000 0.000000
vt 0.279581 0.196619
vt 0.350000 0.000000
vt 0.279581 0.803381
vt 0.650000 0.000000
vt 0.279581 0.196619
vt 0.350000 0.000000
vt 0.279581 0.803381
vt 0.650000 1.625000
vt 0.350000 1.625000
vt 0.650000 1.625000
vt 0.350000 1.625000
vt 0.000000 0.000000
vt 0.000000 1.000000
vt 1.000000 0.000000
vt 1.000000 1.000000
vt 0.000000 0.000000
vt 0.000000 1.000000
vt 1.000000 0.000000
vt 1.000000 1.000000
vt 0.000000 0.000000
vt 0.000000 1.000000
vt 1.000000 0.000000
vt 1.000000 1.000000
vt 0.000000 0.000000
vt 0.000000 1.000000
vt 1.000000 0.000000
vt 1.000000 1.000000
vt 0.000000 0.000000
vt 0.000000 1.000000
vt 1.000000 0.000000
vt 1.000000 1.000000
vt 0.000000 0.000000
vt 0.000000 1.000000
vt 1.000000 0.000000
vt 1.000000 1.000000
vt 0.000000 0.000000
vt 0.000000 1.000000
vt 1.000000 0.000000
vt 1.000000 1.000000
vt 0.000000 0.000000
vt 0.000000 1.000000
vt 1.000000 0.000000
vt 1.000000 1.000000
vt 0.000000 0.000000
vt 0.000000 1.000000
vt 1.000000 0.000000
vt 1.000000 1.000000
vt 0.000000 0.000000
vt 0.000000 1.000000
vt 1.000000 0.000000
vt 1.000000 1.000000
vt 0.000000 0.000000
vt 0.000000 1.000000
vt 1.000000 0.000000
vt 1.000000 1.000000
vt 0.000000 0.000000
vt 0.000000 1.000000
vt 1.000000 0.000000
vt 1.000000 1.000000
vt 0.000000 0.000000
vt 0.000000 1.000000
vt 1.000000 0.000000
vt 1.000000 1.000000
vt 0.000000 0.000000
vt 0.000000 1.000000
vt 1.000000 0.000000
vt 1.000000 1.000000
vt 0.000000 0.000000
vt 0.000000 1.000000
vt 1.000000 0.000000
vt 1.000000 1.000000
vt 0.000000 0.000000
vt 0.000000 1.000000
vt 1.000000 0.000000
vt 1.000000 1.000000
vt 0.000000 0.000000
vt 0.000000 1.000000
vt 1.000000 0.000000
vt 1.000000 1.000000
vt 0.000000 0.000000
vt 0.000000 1.000000
vt 1.000000 0.000000
vt 1.000000 1.000000
vt 0.000000 0.000000
vt 1.000000 0.000000
vt 0.000000 1.000000
vt 1.000000 1.000000
vt 0.000000 0.000000
vt 1.000000 0.000000
vt 0.000000 1.000000
vt 1.000000 1.000000
vt 0.700000 1.750000
vt 0.345492 0.024472
vt 0.300000 1.750000
vt 0.345492 0.975528
vt 0.700000 1.750000
vt 0.345492 0.024472
vt 0.300000 1.750000
vt 0.345492 0.975528
vt 0.250000 5.800000
vt 0.250000 5.800000
vt 0.375000 5.800000
vt 0.125000 5.800000
vt 0.375000 5.800000
vt 0.125000 5.800000
vt 0.700000 0.000000
vt 0.384119 0.143354
vt 0.300000 0.000000
vt 0.384119 0.856646
vt 0.700000 0.000000
vt 0.384119 0.143354
vt 0.300000 0.000000
vt 0.384119 0.856646
vt 0.500000 5.800000
vt 0.000000 5.800000
vt 1.000000 5.800000
vt 0.500000 5.800000
vt 0.000000 5.800000
vt 1.000000 5.800000
vt 0.700000 1.625000
vt 0.300000 1.625000
vt 0.700000 1.625000
vt 0.300000 1.625000
vt 0.625000 5.800000
vt 0.875000 5.800000
vt 0.625000 5.800000
vt 0.875000 5.800000
vt 0.093838 1.056336
vt 0.135838 1.056336
vt 0.093838 1.056336
vt 0.980409 1.056336
vt 0.135838 1.056336
vt 0.135838 1.056336
vt 0.251838 1.056336
vt 0.251838 1.056336
vt 0.135838 1.056336
vt 0.293838 1.056336
vt 0.293838 1.056336
vt 0.980409 1.056336
vt 0.750000 5.800000
vt 0.750000 5.800000
vt 0.500000 0.125000
vt 0.750000 0.000000
vt 0.500000 0.500000
vt 0.500000 0.875000
vt 0.250000 0.000000
vt 0.500000 0.125000
vt 0.750000 0.000000
vt 0.500000 0.500000
vt 0.500000 0.875000
vt 0.250000 0.000000
vt 0.135838 0.044219
vt 0.135838 1.064983
vt 0.135838 0.218101
vt 0.135838 1.064983
vt 0.980409 1.064983
vt 0.135838 1.064983
vt 0.251838 0.044219
vt 0.251838 1.064983
vt 0.251838 0.218101
vt 0.251838 1.064983
vt 0.980409 1.064983
vt 0.750000 1.625000
vt 0.250000 1.625000
vt 0.750000 1.625000
vt 0.250000 1.625000
vt 0.750000 1.750000
vt 0.500000 0.000000
vt 0.500000 0.500000
vt 0.250000 1.750000
vt 0.500000 1.000000
vt 0.750000 1.750000
vt 0.500000 0.000000
vt 0.500000 0.500000
vt 0.250000 1.750000
vt 0.500000 1.000000
vt 0.800000 1.625000
vt 0.200000 1.625000
vt 0.800000 1.625000
vt 0.200000 1.625000
vt 0.615881 0.143354
vt 0.800000 0.000000
vt 0.615881 0.856646
vt 0.200000 0.000000
vt 0.615881 0.143354
vt 0.800000 0.000000
vt 0.615881 0.856646
vt 0.200000 0.000000
vt 0.654508 0.024472
vt 0.800000 1.750000
vt 0.654508 0.975528
vt 0.200000 1.750000
vt 0.654508 0.024472
vt 0.800000 1.750000
vt 0.654508 0.975528
vt 0.200000 1.750000
vt 0.850000 1.625000
vt 0.150000 1.625000
vt 0.850000 1.625000
vt 0.150000 1.625000
vt 0.250000 6.000000
vt 0.250000 6.000000
vt 0.375000 6.000000
vt 0.125000 6.000000
vt 0.375000 6.000000
vt 0.125000 6.000000
vt 0.500000 6.000000
vt 0.000000 6.000000
vt 1.000000 6.000000
vt 0.500000 6.000000
vt 0.000000 6.000000
vt 1.000000 6.000000
vt 0.720419 0.196619
vt 0.850000 0.000000
vt 0.720419 0.803381
vt 0.150000 0.000000
vt 0.720419 0.196619
vt 0.850000 0.000000
vt 0.720419 0.803381
vt 0.150000 0.000000
vt 0.900000 1.625000
vt 0.100000 1.625000
vt 0.900000 1.625000
vt 0.100000 1.625000
vt 0.625000 6.000000
vt 0.875000 6.000000
vt 0.625000 6.000000
vt 0.875000 6.000000
vt 0.750000 6.000000
vt 0.750000 6.000000
vt 0.950000 1.625000
vt 0.050000 1.625000
vt 0.950000 1.625000
vt 0.050000 1.625000
vt 0.793893 0.095492
vt 0.850000 1.750000
vt 0.793893 0.904508
vt 0.150000 1.750000
vt 0.793893 0.095492
vt 0.850000 1.750000
vt 0.793893 0.904508
vt 0.150000 1.750000
vt 0.000000 1.625000
vt 1.000000 1.625000
vt 0.000000 1.625000
vt 1.000000 1.625000
vt 0.803381 0.279581
vt 0.900000 0.000000
vt 0.803381 0.720419
vt 0.100000 0.000000
vt 0.803381 0.279581
vt 0.900000 0.000000
vt 0.803381 0.720419
vt 0.100000 0.000000
vt 0.000000 0.000000
vt 0.000000 1.000000
vt 1.000000 0.000000
vt 1.000000 1.000000
vt 0.000000 0.000000
vt 0.000000 1.000000
vt 1.000000 0.000000
vt 1.000000 1.000000
vt 0.000000 0.000000
vt 0.000000 1.000000
vt 1.000000 0.000000
vt 1.000000 1.000000
vt 0.000000 0.000000
vt 0.000000 1.000000
vt 1.000000 0.000000
vt 1.000000 1.000000
vt 0.000000 0.000000
vt 0.000000 1.000000
vt 1.000000 0.000000
vt 1.000000 1.000000
vt 0.000000 0.000000
vt 0.000000 1.000000
vt 1.000000 0.000000
vt 1.000000 1.000000
vt 0.000000 0.000000
vt 0.000000 1.000000
vt 1.000000 0.000000
vt 1.000000 1.000000
vt 0.000000 0.000000
vt 0.000000 1.000000
vt 1.000000 0.000000
vt 1.000000 1.000000
vt 0.000000 0.000000
vt 0.000000 1.000000
vt 1.000000 0.000000
vt 1.000000 1.000000
vt 0.000000 0.000000
vt 0.000000 1.000000
vt 1.000000 0.000000
vt 1.000000 1.000000
vt 0.000000 0.000000
vt 0.000000 1.000000
vt 1.000000 0.000000
vt 1.000000 1.000000
vt 0.000000 0.000000
vt 0.000000 1.000000
vt 1.000000 0.000000
vt 1.000000 1.000000
vt 0.000000 0.000000
vt 0.000000 1.000000
vt 1.000000 0.000000
vt 1.000000 1.000000
vt 0.000000 0.000000
vt 0.000000 1.000000
vt 1.000000 0.000000
vt 1.000000 1.000000
vt 0.000000 0.000000
vt 0.000000 1.000000
vt 1.000000 0.000000
vt 1.000000 1.000000
vt 0.000000 0.000000
vt 0.000000 1.000000
vt 1.000000 0.000000
vt 1.000000 1.000000
vt 0.000000 0.000000
vt 0.000000 1.000000
vt 1.000000 0.000000
vt 1.000000 1.000000
vt 0.000000 0.000000
vt 0.000000 1.000000
vt 1.000000 0.000000
vt 1.000000 1.000000
vt 0.000000 0.000000
vt 1.000000 0.000000
vt 0.000000 1.000000
vt 1.000000 1.000000
vt 0.000000 0.000000
vt 1.000000 0.000000
vt 0.000000 1.000000
vt 1.000000 1.000000
vt 0.856646 0.384119
vt 0.950000 0.000000
vt 0.856646 0.615881
vt 0.050000 0.000000
vt 0.856646 0.384119
vt 0.950000 0.000000
vt 0.856646 0.615881
vt 0.050000 0.000000
vt 0.875000 0.500000
vt 0.000000 0.000000
vt 1.000000 0.000000
vt 0.875000 0.500000
vt 0.000000 0.000000
vt 1.000000 0.000000
vt 0.904508 0.206107
vt 0.900000 1.750000
vt 0.904508 0.793893
vt 0.100000 1.750000
vt 0.904508 0.206107
vt 0.900000 1.750000
vt 0.904508 0.793893
vt 0.100000 1.750000
vt 0.975528 0.345492
vt 0.950000 1.750000
vt 0.975528 0.654508
vt 0.050000 1.750000
vt 0.975528 0.345492
vt 0.950000 1.750000
vt 0.975528 0.654508
vt 0.050000 1.750000
vt 1.000000 0.500000
vt 0.000000 1.750000
vt 1.000000 1.750000
vt 1.000000 0.500000
vt 0.000000 1.750000
vt 1.000000 1.750000
vt 0.250000 6.200000
vt 0.250000 6.200000
vt 0.375000 6.200000
vt 0.125000 6.200000
vt 0.375000 6.200000
vt 0.125000 6.200000
vt 0.500000 6.200000
vt 0.000000 6.200000
vt 1.000000 6.200000
vt 0.500000 6.200000
vt 0.000000 6.200000
vt 1.000000 6.200000
vt 0.625000 6.200000
vt 0.875000 6.200000
vt 0.625000 6.200000
vt 0.875000 6.200000
vt 0.750000 6.200000
vt 0.750000 6.200000
vt 0.250000 6.400000
vt 0.000000 0.000000
vt 1.000000 0.000000
vt 0.250000 6.400000
vt 0.000000 0.000000
vt 1.000000 0.000000
vt 0.375000 6.400000
vt 0.000000 0.000000
vt 1.000000 0.000000
vt 0.125000 6.400000
vt 0.000000 0.000000
vt 1.000000 0.000000
vt 0.375000 6.400000
vt 0.000000 0.000000
vt 1.000000 0.000000
vt 0.125000 6.400000
vt 0.000000 0.000000
vt 1.000000 0.000000
vt 1.000000 0.000000
vt 1.000000 1.000000
vt 1.000000 0.000000
vt 1.000000 1.000000
vt 1.000000 0.000000
vt 1.000000 1.000000
vt 1.000000 0.000000
vt 1.000000 1.000000
vt 1.000000 0.000000
vt 1.000000 1.000000
vt 1.000000 0.000000
vt 1.000000 1.000000
vt 1.000000 0.000000
vt 1.000000 1.000000
vt 1.000000 0.000000
vt 1.000000 1.000000
vt 1.000000 0.000000
vt 1.000000 1.000000
vt 1.000000 0.000000
vt 1.000000 1.000000
vt 1.000000 0.000000
vt 1.000000 1.000000
vt 1.000000 0.000000
vt 1.000000 1.000000
vt 1.000000 0.000000
vt 1.000000 1.000000
vt 1.000000 0.000000
vt 1.000000 1.000000
vt 1.000000 0.000000
vt 1.000000 1.000000
vt 1.000000 0.000000
vt 1.000000 1.000000
vt 1.000000 0.000000
vt 1.000000 1.000000
vt 1.000000 0.000000
vt 1.000000 1.000000
vt 1.000000 0.000000
vt 1.000000 1.000000
vt 0.500000 6.400000
vt 0.000000 0.000000
vt 1.000000 0.000000
vt 1.000000 0.000000
vt 0.500000 0.500000
vt 0.000000 6.400000
vt 1.000000 6.400000
vt 0.000000 0.000000
vt 1.000000 0.000000
vt 0.500000 6.400000
vt 0.000000 0.000000
vt 1.000000 0.000000
vt 1.000000 1.000000
vt 0.500000 0.500000
vt 0.000000 6.400000
vt 1.000000 6.400000
vt 0.000000 0.000000
vt 1.000000 0.000000
vt 0.625000 6.400000
vt 0.000000 0.000000
vt 1.000000 0.000000
vt 0.875000 6.400000
vt 0.000000 0.000000
vt 1.000000 0.000000
vt 0.625000 6.400000
vt 0.000000 0.000000
vt 1.000000 0.000000
vt 0.875000 6.400000
vt 0.000000 0.000000
vt 1.000000 0.000000
vt 0.750000 6.400000
vt 0.000000 0.000000
vt 1.000000 0.000000
vt 0.750000 6.400000
vt 0.000000 0.000000
vt 1.000000 0.000000
vn -0.891757 -0.452514 0.000000
vn -0.891757 -0.452514 0.000000
vn -0.452514 0.891757 0.000000
vn -0.891757 -0.452514 0.000000
vn -0.891757 -0.452514 0.000000
vn -0.452514 0.891757 0.000000
vn -0.891757 -0.452514 0.000000
vn -0.891757 -0.452514 0.000000
vn -0.319976 0.630568 -0.707107
vn -0.891757 -0.452514 0.000000
vn -0.891757 -0.452514 0.000000
vn -0.319976 0.630568 0.707107
vn -0.891757 -0.452514 0.000000
vn -0.891757 -0.452514 0.000000
vn -0.319976 0.630568 -0.707107
vn -0.891757 -0.452514 0.000000
vn -0.891757 -0.452514 0.000000
vn -0.319976 0.630568 0.707107
vn 0.000000 -1.000000 0.000000
vn 0.000000 -1.000000 0.000000
vn 0.000000 -1.000000 0.000000
vn 0.000000 -1.000000 0.000000
vn 0.000000 -1.000000 0.000000
vn 0.000000 -1.000000 0.000000
vn 0.000000 -1.000000 0.000000
vn 0.000000 -1.000000 0.000000
vn 0.000000 -1.000000 0.000000
vn 0.000000 -1.000000 0.000000
vn 0.000000 1.000000 0.000000
vn 0.000000 1.000000 0.000000
vn 0.000000 1.000000 0.000000
vn 0.000000 1.000000 0.000000
vn 0.000000 1.000000 0.000000
vn 0.000000 1.000000 0.000000
vn 0.000000 1.000000 0.000000
vn 0.000000 1.000000 0.000000
vn 0.000000 1.000000 0.000000
vn 0.000000 1.000000 0.000000
vn 0.000000 -1.000000 0.000000
vn 0.000000 -1.000000 0.000000
vn 0.000000 -1.000000 0.000000
vn 0.000000 -1.000000 0.000000
vn 0.000000 1.000000 0.000000
vn 0.000000 1.000000 0.000000
vn 0.000000 1.000000 0.000000
vn 0.000000 1.000000 0.000000
vn 0.000000 -1.000000 0.000000
vn 0.000000 -1.000000 0.000000
vn 0.000000 -1.000000 0.000000
vn 0.000000 -1.000000 0.000000
vn 0.000000 1.000000 0.000000
vn 0.000000 1.000000 0.000000
vn 0.000000 1.000000 0.000000
vn 0.000000 1.000000 0.000000
vn 0.000000 -1.000000 0.000000
vn 0.000000 -1.000000 0.000000
vn -0.891757 -0.452514 0.000000
vn -0.891757 -0.452514 0.000000
vn 0.000000 0.000000 -1.000000
vn -0.891757 -0.452514 0.000000
vn 0.000000 1.000000 0.000000
vn -0.891757 -0.452514 0.000000
vn -0.891757 -0.452514 0.000000
vn 0.000000 0.000000 1.000000
vn 0.000000 0.000000 1.000000
vn -0.891757 -0.452514 0.000000
vn -0.891757 -0.452514 0.000000
vn 0.000000 0.000000 -1.000000
vn -0.891757 -0.452514 0.000000
vn 0.000000 1.000000 0.000000
vn -0.891757 -0.452514 0.000000
vn -0.891757 -0.452514 0.000000
vn 0.000000 0.000000 1.000000
vn 0.000000 0.000000 1.000000
vn -0.891757 -0.452514 0.000000
vn -0.891757 -0.452514 0.000000
vn 0.319976 -0.630568 -0.707107
vn -0.891757 -0.452514 0.000000
vn -0.891757 -0.452514 0.000000
vn 0.319976 -0.630568 0.707107
vn -0.891757 -0.452514 0.000000
vn -0.891757 -0.452514 0.000000
vn 0.319976 -0.630568 -0.707107
vn -0.891757 -0.452514 0.000000
vn -0.891757 -0.452514 0.000000
vn 0.319976 -0.630568 0.707107
vn -0.891757 -0.452514 0.000000
vn -0.891757 -0.452514 0.000000
vn 0.452514 -0.891757 0.000000
vn -0.891757 -0.452514 0.000000
vn -0.891757 -0.452514 0.000000
vn 0.452514 -0.891757 0.000000
vn -0.440791 0.897610 0.000000
vn -0.440791 0.897610 0.000000
vn -0.311686 0.634706 -0.707107
vn -0.311686 0.634706 0.707107
vn -0.311686 0.634706 -0.707107
vn -0.311686 0.634706 0.707107
vn 0.000000 0.000000 -1.000000
vn 0.000000 0.000000 1.000000
vn 0.000000 0.000000 1.000000
vn 0.000000 0.000000 -1.000000
vn 0.000000 0.000000 1.000000
vn 0.000000 0.000000 1.000000
vn 0.311686 -0.634706 -0.707107
vn 0.311686 -0.634706 0.707107
vn 0.311686 -0.634706 -0.707107
vn 0.311686 -0.634706 0.707107
vn 0.440791 -0.897610 0.000000
vn 0.440791 -0.897610 0.000000
vn -0.928477 -0.371391 0.000000
vn 0.000000 1.000000 0.000000
vn -0.928477 -0.371391 0.000000
vn 0.000000 1.000000 0.000000
vn -0.883034 -0.371391 -0.286915
vn 0.000000 1.000000 0.000000
vn -0.883034 -0.371391 0.286915
vn 0.000000 1.000000 0.000000
vn -0.883034 -0.371391 -0.286915
vn 0.000000 1.000000 0.000000
vn -0.883034 -0.371391 0.286915
vn 0.000000 1.000000 0.000000
vn -0.751153 -0.371391 -0.545745
vn 0.000000 1.000000 0.000000
vn -0.751153 -0.371391 0.545745
vn 0.000000 1.000000 0.000000
vn -0.751153 -0.371391 -0.545745
vn 0.000000 1.000000 0.000000
vn -0.751153 -0.371391 0.545745
vn 0.000000 1.000000 0.000000
vn -0.999933 0.011538 0.000000
vn 0.000000 -1.000000 0.000000
vn -0.999933 0.011538 0.000000
vn 0.000000 -1.000000 0.000000
vn -0.950993 0.011538 -0.308996
vn 0.000000 -1.000000 0.000000
vn -0.950993 0.011538 0.308996
vn 0.000000 -1.000000 0.000000
vn -0.950993 0.011538 -0.308996
vn 0.000000 -1.000000 0.000000
vn -0.950993 0.011538 0.308996
vn 0.000000 -1.000000 0.000000
vn 0.000000 -1.000000 0.000000
vn 0.000000 -1.000000 0.000000
vn 0.000000 -1.000000 0.000000
vn 0.000000 -1.000000 0.000000
vn 0.000000 -1.000000 0.000000
vn 0.000000 -1.000000 0.000000
vn 0.000000 -1.000000 0.000000
vn 0.000000 -1.000000 0.000000
vn 0.000000 -1.000000 0.000000
vn 0.000000 -1.000000 0.000000
vn 0.000000 -1.000000 0.000000
vn 0.000000 -1.000000 0.000000
vn 0.000000 -1.000000 0.000000
vn 0.000000 -1.000000 0.000000
vn 0.000000 -1.000000 0.000000
vn 0.000000 -1.000000 0.000000
vn 0.000000 -1.000000 0.000000
vn 0.000000 -1.000000 0.000000
vn 0.000000 -1.000000 0.000000
vn 0.000000 -1.000000 0.000000
vn 0.000000 1.000000 0.000000
vn 0.000000 1.000000 0.000000
vn 0.000000 1.000000 0.000000
vn 0.000000 1.000000 0.000000
vn 0.000000 1.000000 0.000000
vn 0.000000 1.000000 0.000000
vn 0.000000 1.000000 0.000000
vn 0.000000 1.000000 0.000000
vn 0.000000 1.000000 0.000000
vn 0.000000 1.000000 0.000000
vn 0.000000 1.000000 0.000000
vn 0.000000 1.000000 0.000000
vn 0.000000 1.000000 0.000000
vn 0.000000 1.000000 0.000000
vn 0.000000 1.000000 0.000000
vn 0.000000 1.000000 0.000000
vn 0.000000 1.000000 0.000000
vn 0.000000 1.000000 0.000000
vn 0.000000 1.000000 0.000000
vn 0.000000 1.000000 0.000000
vn 0.000000 -1.000000 0.000000
vn 0.000000 -1.000000 0.000000
vn 0.000000 -1.000000 0.000000
vn 0.000000 -1.000000 0.000000
vn 0.000000 -1.000000 0.000000
vn 0.000000 -1.000000 0.000000
vn 0.000000 -1.000000 0.000000
vn 0.000000 -1.000000 0.000000
vn 0.000000 1.000000 0.000000
vn 0.000000 1.000000 0.000000
vn 0.000000 1.000000 0.000000
vn 0.000000 1.000000 0.000000
vn 0.000000 1.000000 0.000000
vn 0.000000 1.000000 0.000000
vn 0.000000 1.000000 0.000000
vn 0.000000 1.000000 0.000000
vn 0.000000 -1.000000 0.000000
vn 0.000000 -1.000000 0.000000
vn 0.000000 -1.000000 0.000000
vn 0.000000 -1.000000 0.000000
vn 0.000000 -1.000000 0.000000
vn 0.000000 -1.000000 0.000000
vn 0.000000 -1.000000 0.000000
vn 0.000000 -1.000000 0.000000
vn 0.000000 1.000000 0.000000
vn 0.000000 1.000000 0.000000
vn 0.000000 1.000000 0.000000
vn 0.000000 1.000000 0.000000
vn 0.000000 1.000000 0.000000
vn 0.000000 1.000000 0.000000
vn 0.000000 1.000000 0.000000
vn 0.000000 1.000000 0.000000
vn 0.000000 -1.000000 0.000000
vn 0.000000 -1.000000 0.000000
vn 0.000000 -1.000000 0.000000
vn 0.000000 -1.000000 0.000000
vn 0.000000 1.000000 0.000000
vn 0.000000 1.000000 0.000000
vn 0.000000 1.000000 0.000000
vn 0.000000 1.000000 0.000000
vn -0.808963 0.011538 -0.587746
vn 0.000000 -1.000000 0.000000
vn -0.808963 0.011538 0.587746
vn 0.000000 -1.000000 0.000000
vn -0.808963 0.011538 -0.587746
vn 0.000000 -1.000000 0.000000
vn -0.808963 0.011538 0.587746
vn 0.000000 -1.000000 0.000000
vn -0.983031 -0.183440 0.000000
vn -0.983031 -0.183440 0.000000
vn -0.545745 -0.371391 -0.751153
vn 0.000000 1.000000 0.000000
vn -0.545745 -0.371391 0.751153
vn 0.000000 1.000000 0.000000
vn -0.545745 -0.371391 -0.751153
vn 0.000000 1.000000 0.000000
vn -0.545745 -0.371391 0.751153
vn 0.000000 1.000000 0.000000
vn -0.934918 -0.183440 -0.303773
vn -0.934918 -0.183440 0.303773
vn -0.934918 -0.183440 -0.303773
vn -0.934918 -0.183440 0.303773
vn -0.416655 0.909065 0.000000
vn -0.416655 0.909065 0.000000
vn -0.294619 0.642806 -0.707107
vn -0.294619 0.642806 0.707107
vn -0.294619 0.642806 -0.707107
vn -0.294619 0.642806 0.707107
vn -0.795289 -0.183440 -0.577811
vn -0.795289 -0.183440 0.577811
vn -0.795289 -0.183440 -0.577811
vn -0.795289 -0.183440 0.577811
vn -0.587746 0.011538 -0.808963
vn 0.000000 -1.000000 0.000000
vn -0.587746 0.011538 0.808963
vn 0.000000 -1.000000 0.000000
vn -0.587746 0.011538 -0.808963
vn 0.000000 -1.000000 0.000000
vn -0.587746 0.011538 0.808963
vn 0.000000 -1.000000 0.000000
vn 0.000000 0.000000 -1.000000
vn 0.000000 0.000000 1.000000
vn 0.000000 0.000000 1.000000
vn 0.000000 0.000000 -1.000000
vn 0.000000 0.000000 1.000000
vn 0.000000 0.000000 1.000000
vn 0.294619 -0.642806 -0.707107
vn 0.294619 -0.642806 0.707107
vn 0.294619 -0.642806 -0.707107
vn 0.294619 -0.642806 0.707107
vn 0.416655 -0.909065 0.000000
vn 0.416655 -0.909065 0.000000
vn -0.577811 -0.183440 -0.795289
vn -0.577811 -0.183440 0.795289
vn -0.577811 -0.183440 -0.795289
vn -0.577811 -0.183440 0.795289
vn -0.286915 -0.371391 -0.883034
vn 0.000000 1.000000 0.000000
vn -0.286915 -0.371391 0.883034
vn 0.000000 1.000000 0.000000
vn -0.286915 -0.371391 -0.883034
vn 0.000000 1.000000 0.000000
vn -0.286915 -0.371391 0.883034
vn 0.000000 1.000000 0.000000
vn -0.308996 0.011538 -0.950993
vn 0.000000 -1.000000 0.000000
vn -0.308996 0.011538 0.950993
vn 0.000000 -1.000000 0.000000
vn -0.308996 0.011538 -0.950993
vn 0.000000 -1.000000 0.000000
vn -0.308996 0.011538 0.950993
vn 0.000000 -1.000000 0.000000
vn -0.303773 -0.183440 -0.934918
vn -0.303773 -0.183440 0.934918
vn -0.303773 -0.183440 -0.934918
vn -0.303773 -0.183440 0.934918
vn 0.000000 -1.000000 0.000000
vn 0.000000 0.011538 -0.999933
vn 0.000000 -1.000000 0.000000
vn 0.000000 -1.000000 0.000000
vn 0.000000 0.011538 0.999933
vn 0.000000 -1.000000 0.000000
vn 0.000000 0.011538 -0.999933
vn 0.000000 -1.000000 0.000000
vn 0.000000 -1.000000 0.000000
vn 0.000000 0.011538 0.999933
vn -0.925899 -0.373126 -0.059057
vn -0.925899 -0.373126 -0.059057
vn -0.987373 -0.151349 0.046775
vn -0.987373 -0.151349 0.046775
vn -0.987373 -0.151349 0.046775
vn -0.966172 0.256831 -0.023441
vn -0.966172 0.256831 -0.023441
vn -0.966172 0.256831 -0.023441
vn -0.965426 0.256632 0.045736
vn -0.965426 0.256632 0.045736
vn -0.965426 0.256632 0.045736
vn 0.000000 -0.183440 -0.983031
vn 0.000000 -0.183440 0.983031
vn 0.000000 -0.183440 -0.983031
vn 0.000000 -0.183440 0.983031
vn 0.000000 -0.371391 -0.928477
vn 0.000000 1.000000 0.000000
vn 0.000000 1.000000 0.000000
vn 0.000000 -0.371391 0.928477
vn 0.000000 1.000000 0.000000
vn 0.000000 -0.371391 -0.928477
vn 0.000000 1.000000 0.000000
vn 0.000000 1.000000 0.000000
vn 0.000000 -0.371391 0.928477
vn 0.000000 1.000000 0.000000
vn -0.391604 0.920134 0.000000
vn -0.391604 0.920134 0.000000
vn -0.004355 -0.999694 -0.024355
vn -0.004355 -0.999694 -0.024355
vn -0.016388 -0.998763 0.046936
vn -0.016388 -0.998763 0.046936
vn -0.006183 -0.386415 -0.922304
vn -0.004111 -0.256899 0.966430
vn -0.007108 0.256147 -0.966612
vn -0.014114 0.255392 0.966735
vn -0.008461 0.998844 -0.047319
vn -0.008461 0.998844 -0.047319
vn -0.008263 0.998855 0.047128
vn -0.008263 0.998855 0.047128
vn -0.276906 0.650633 -0.707107
vn -0.276906 0.650633 0.707107
vn -0.276906 0.650633 -0.707107
vn -0.276906 0.650633 0.707107
vn 0.303773 -0.183440 -0.934918
vn 0.303773 -0.183440 0.934918
vn 0.303773 -0.183440 -0.934918
vn 0.303773 -0.183440 0.934918
vn 0.000000 0.000000 -1.000000
vn 0.000000 0.000000 1.000000
vn 0.000000 0.000000 1.000000
vn 0.000000 0.000000 -1.000000
vn 0.000000 0.000000 1.000000
vn 0.000000 0.000000 1.000000
vn 0.000000 -1.000000 0.000000
vn 0.308996 0.011538 -0.950993
vn 0.000000 -1.000000 0.000000
vn 0.308996 0.011538 0.950993
vn 0.000000 -1.000000 0.000000
vn 0.308996 0.011538 -0.950993
vn 0.000000 -1.000000 0.000000
vn 0.308996 0.011538 0.950993
vn 0.276906 -0.650633 -0.707107
vn 0.276906 -0.650633 0.707107
vn 0.276906 -0.650633 -0.707107
vn 0.276906 -0.650633 0.707107
vn 0.391604 -0.920134 0.000000
vn 0.391604 -0.920134 0.000000
vn 0.000000 1.000000 0.000000
vn 0.286915 -0.371391 -0.883034
vn 0.000000 1.000000 0.000000
vn 0.286915 -0.371391 0.883034
vn 0.000000 1.000000 0.000000
vn 0.286915 -0.371391 -0.883034
vn 0.000000 1.000000 0.000000
vn 0.286915 -0.371391 0.883034
vn 0.000000 -1.000000 0.000000
vn 0.000000 -1.000000 0.000000
vn 0.000000 -1.000000 0.000000
vn 0.000000 -1.000000 0.000000
vn 0.000000 -1.000000 0.000000
vn 0.000000 -1.000000 0.000000
vn 0.000000 -1.000000 0.000000
vn 0.000000 -1.000000 0.000000
vn 0.000000 -1.000000 0.000000
vn 0.000000 -1.000000 0.000000
vn 0.000000 -1.000000 0.000000
vn 0.000000 -1.000000 0.000000
vn 0.000000 -1.000000 0.000000
vn 0.000000 -1.000000 0.000000
vn 0.000000 -1.000000 0.000000
vn 0.000000 -1.000000 0.000000
vn 0.000000 -1.000000 0.000000
vn 0.000000 -1.000000 0.000000
vn 0.000000 -1.000000 0.000000
vn 0.000000 -1.000000 0.000000
vn 0.000000 1.000000 0.000000
vn 0.000000 1.000000 0.000000
vn 0.000000 1.000000 0.000000
vn 0.000000 1.000000 0.000000
vn 0.000000 1.000000 0.000000
vn 0.000000 1.000000 0.000000
vn 0.000000 1.000000 0.000000
vn 0.000000 1.000000 0.000000
vn 0.000000 1.000000 0.000000
vn 0.000000 1.000000 0.000000
vn 0.000000 1.000000 0.000000
vn 0.000000 1.000000 0.000000
vn 0.000000 1.000000 0.000000
vn 0.000000 1.000000 0.000000
vn 0.000000 1.000000 0.000000
vn 0.000000 1.000000 0.000000
vn 0.000000 1.000000 0.000000
vn 0.000000 1.000000 0.000000
vn 0.000000 1.000000 0.000000
vn 0.000000 1.000000 0.000000
vn 0.000000 -1.000000 0.000000
vn 0.000000 -1.000000 0.000000
vn 0.000000 -1.000000 0.000000
vn 0.000000 -1.000000 0.000000
vn 0.000000 -1.000000 0.000000
vn 0.000000 -1.000000 0.000000
vn 0.000000 -1.000000 0.000000
vn 0.000000 -1.000000 0.000000
vn 0.000000 1.000000 0.000000
vn 0.000000 1.000000 0.000000
vn 0.000000 1.000000 0.000000
vn 0.000000 1.000000 0.000000
vn 0.000000 1.000000 0.000000
vn 0.000000 1.000000 0.000000
vn 0.000000 1.000000 0.000000
vn 0.000000 1.000000 0.000000
vn 0.000000 -1.000000 0.000000
vn 0.000000 -1.000000 0.000000
vn 0.000000 -1.000000 0.000000
vn 0.000000 -1.000000 0.000000
vn 0.000000 -1.000000 0.000000
vn 0.000000 -1.000000 0.000000
vn 0.000000 -1.000000 0.000000
vn 0.000000 -1.000000 0.000000
vn 0.000000 1.000000 0.000000
vn 0.000000 1.000000 0.000000
vn 0.000000 1.000000 0.000000
vn 0.000000 1.000000 0.000000
vn 0.000000 1.000000 0.000000
vn 0.000000 1.000000 0.000000
vn 0.000000 1.000000 0.000000
vn 0.000000 1.000000 0.000000
vn 0.000000 -1.000000 0.000000
vn 0.000000 -1.000000 0.000000
vn 0.000000 -1.000000 0.000000
vn 0.000000 -1.000000 0.000000
vn 0.000000 1.000000 0.000000
vn 0.000000 1.000000 0.000000
vn 0.000000 1.000000 0.000000
vn 0.000000 1.000000 0.000000
vn 0.577811 -0.183440 -0.795289
vn 0.577811 -0.183440 0.795289
vn 0.577811 -0.183440 -0.795289
vn 0.577811 -0.183440 0.795289
vn 0.000000 -1.000000 0.000000
vn 0.587746 0.011538 -0.808963
vn 0.000000 -1.000000 0.000000
vn 0.587746 0.011538 0.808963
vn 0.000000 -1.000000 0.000000
vn 0.587746 0.011538 -0.808963
vn 0.000000 -1.000000 0.000000
vn 0.587746 0.011538 0.808963
vn 0.795289 -0.183440 -0.577811
vn 0.795289 -0.183440 0.577811
vn 0.795289 -0.183440 -0.577811
vn 0.795289 -0.183440 0.577811
vn 0.934918 -0.183440 -0.303773
vn 0.934918 -0.183440 0.303773
vn 0.934918 -0.183440 -0.303773
vn 0.934918 -0.183440 0.303773
vn 0.000000 1.000000 0.000000
vn 0.545745 -0.371391 -0.751153
vn 0.000000 1.000000 0.000000
vn 0.545745 -0.371391 0.751153
vn 0.000000 1.000000 0.000000
vn 0.545745 -0.371391 -0.751153
vn 0.000000 1.000000 0.000000
vn 0.545745 -0.371391 0.751153
vn 0.983031 -0.183440 0.000000
vn 0.983031 -0.183440 0.000000
vn 0.983031 -0.183440 0.000000
vn 0.983031 -0.183440 0.000000
vn 0.000000 -1.000000 0.000000
vn 0.808963 0.011538 -0.587746
vn 0.000000 -1.000000 0.000000
vn 0.808963 0.011538 0.587746
vn 0.000000 -1.000000 0.000000
vn 0.808963 0.011538 -0.587746
vn 0.000000 -1.000000 0.000000
vn 0.808963 0.011538 0.587746
vn 0.000000 -1.000000 0.000000
vn 0.950993 0.011538 -0.308996
vn 0.000000 -1.000000 0.000000
vn 0.950993 0.011538 0.308996
vn 0.000000 -1.000000 0.000000
vn 0.950993 0.011538 -0.308996
vn 0.000000 -1.000000 0.000000
vn 0.950993 0.011538 0.308996
vn 0.000000 -1.000000 0.000000
vn 0.999933 0.011538 0.000000
vn 0.999933 0.011538 0.000000
vn 0.000000 -1.000000 0.000000
vn 0.999933 0.011538 0.000000
vn 0.999933 0.011538 0.000000
vn -0.365652 0.930752 0.000000
vn -0.365652 0.930752 0.000000
vn 0.000000 1.000000 0.000000
vn 0.751153 -0.371391 -0.545745
vn 0.000000 1.000000 0.000000
vn 0.751153 -0.371391 0.545745
vn 0.000000 1.000000 0.000000
vn 0.751153 -0.371391 -0.545745
vn 0.000000 1.000000 0.000000
vn 0.751153 -0.371391 0.545745
vn -0.258555 0.658141 -0.707107
vn -0.258555 0.658141 0.707107
vn -0.258555 0.658141 -0.707107
vn -0.258555 0.658141 0.707107
vn 0.000000 0.000000 -1.000000
vn 0.000000 0.000000 1.000000
vn 0.000000 0.000000 1.000000
vn 0.000000 0.000000 -1.000000
vn 0.000000 0.000000 1.000000
vn 0.000000 0.000000 1.000000
vn 0.258555 -0.658141 -0.707107
vn 0.258555 -0.658141 0.707107
vn 0.258555 -0.658141 -0.707107
vn 0.258555 -0.658141 0.707107
vn 0.365652 -0.930752 0.000000
vn 0.365652 -0.930752 0.000000
vn 0.000000 1.000000 0.000000
vn 0.883034 -0.371391 -0.286915
vn 0.000000 1.000000 0.000000
vn 0.883034 -0.371391 0.286915
vn 0.000000 1.000000 0.000000
vn 0.883034 -0.371391 -0.286915
vn 0.000000 1.000000 0.000000
vn 0.883034 -0.371391 0.286915
vn 0.000000 1.000000 0.000000
vn 0.928477 -0.371391 0.000000
vn 0.928477 -0.371391 0.000000
vn 0.000000 1.000000 0.000000
vn 0.928477 -0.371391 0.000000
vn 0.928477 -0.371391 0.000000
vn -0.991756 -0.063693 -0.111194
vn -0.991756 -0.063693 -0.111194
vn -0.997885 -0.018431 0.062341
vn -0.997885 -0.018431 0.062341
vn -0.998824 0.036227 -0.032206
vn -0.998824 0.036227 -0.032206
vn -0.997401 0.036175 0.062311
vn -0.997401 0.036175 0.062311
vn -0.155429 -0.987171 -0.036529
vn -0.380758 -0.923521 0.046185
vn -0.250222 -0.059206 -0.966377
vn -0.250222 -0.059206 -0.966377
vn -0.250222 -0.059206 -0.966377
vn -0.151418 -0.035828 0.987820
vn -0.151418 -0.035828 0.987820
vn -0.151418 -0.035828 0.987820
vn -0.253568 0.030553 -0.966835
vn -0.253568 0.030553 -0.966835
vn -0.253568 0.030553 -0.966835
vn -0.376524 0.045368 0.925295
vn -0.376524 0.045368 0.925295
vn -0.376524 0.045368 0.925295
vn -0.155429 0.987171 -0.036529
vn -0.380758 0.923521 0.046185
vn 0.000000 -1.000000 0.000000
vn 0.000000 -1.000000 0.000000
vn 0.000000 -1.000000 0.000000
vn 0.000000 -1.000000 0.000000
vn 0.000000 -1.000000 0.000000
vn 0.000000 -1.000000 0.000000
vn 0.000000 -1.000000 0.000000
vn 0.000000 -1.000000 0.000000
vn 0.000000 -1.000000 0.000000
vn 0.000000 -1.000000 0.000000
vn 0.000000 -1.000000 0.000000
vn 0.000000 -1.000000 0.000000
vn 0.000000 -1.000000 0.000000
vn 0.000000 -1.000000 0.000000
vn 0.000000 -1.000000 0.000000
vn 0.000000 -1.000000 0.000000
vn 0.000000 -1.000000 0.000000
vn 0.000000 -1.000000 0.000000
vn 0.000000 -1.000000 0.000000
vn 0.000000 -1.000000 0.000000
vn 0.000000 1.000000 0.000000
vn 0.000000 1.000000 0.000000
vn 0.000000 1.000000 0.000000
vn 0.000000 1.000000 0.000000
vn 0.000000 1.000000 0.000000
vn 0.000000 1.000000 0.000000
vn 0.000000 1.000000 0.000000
vn 0.000000 1.000000 0.000000
vn 0.000000 1.000000 0.000000
vn 0.000000 1.000000 0.000000
vn 0.000000 1.000000 0.000000
vn 0.000000 1.000000 0.000000
vn 0.000000 1.000000 0.000000
vn 0.000000 1.000000 0.000000
vn 0.000000 1.000000 0.000000
vn 0.000000 1.000000 0.000000
vn 0.000000 1.000000 0.000000
vn 0.000000 1.000000 0.000000
vn 0.000000 1.000000 0.000000
vn 0.000000 1.000000 0.000000
vn 0.000000 -1.000000 0.000000
vn 0.000000 -1.000000 0.000000
vn 0.000000 -1.000000 0.000000
vn 0.000000 -1.000000 0.000000
vn 0.000000 -1.000000 0.000000
vn 0.000000 -1.000000 0.000000
vn 0.000000 -1.000000 0.000000
vn 0.000000 -1.000000 0.000000
vn 0.000000 1.000000 0.000000
vn 0.000000 1.000000 0.000000
vn 0.000000 1.000000 0.000000
vn 0.000000 1.000000 0.000000
vn 0.000000 1.000000 0.000000
vn 0.000000 1.000000 0.000000
vn 0.000000 1.000000 0.000000
vn 0.000000 1.000000 0.000000
vn 0.000000 -1.000000 0.000000
vn 0.000000 -1.000000 0.000000
vn 0.000000 -1.000000 0.000000
vn 0.000000 -1.000000 0.000000
vn 0.000000 -1.000000 0.000000
vn 0.000000 -1.000000 0.000000
vn 0.000000 -1.000000 0.000000
vn 0.000000 -1.000000 0.000000
vn 0.000000 1.000000 0.000000
vn 0.000000 1.000000 0.000000
vn 0.000000 1.000000 0.000000
vn 0.000000 1.000000 0.000000
vn 0.000000 1.000000 0.000000
vn 0.000000 1.000000 0.000000
vn 0.000000 1.000000 0.000000
vn 0.000000 1.000000 0.000000
vn 0.000000 -1.000000 0.000000
vn 0.000000 -1.000000 0.000000
vn 0.000000 -1.000000 0.000000
vn 0.000000 -1.000000 0.000000
vn 0.000000 1.000000 0.000000
vn 0.000000 1.000000 0.000000
vn 0.000000 1.000000 0.000000
vn 0.000000 1.000000 0.000000
vn -0.338819 0.940852 0.000000
vn -0.338819 0.940852 0.000000
vn -0.239581 0.665283 -0.707107
vn -0.239581 0.665283 0.707107
vn -0.239581 0.665283 -0.707107
vn -0.239581 0.665283 0.707107
vn 0.000000 0.000000 -1.000000
vn 0.000000 0.000000 1.000000
vn 0.000000 0.000000 1.000000
vn 0.000000 0.000000 -1.000000
vn 0.000000 0.000000 1.000000
vn 0.000000 0.000000 1.000000
vn 0.239581 -0.665283 -0.707107
vn 0.239581 -0.665283 0.707107
vn 0.239581 -0.665283 -0.707107
vn 0.239581 -0.665283 0.707107
vn 0.338819 -0.940852 0.000000
vn 0.338819 -0.940852 0.000000
vn 0.245101 -0.964337 -0.099895
vn 0.250989 -0.966549 0.052796
vn 0.153788 -0.020983 -0.987881
vn 0.153788 -0.020983 -0.987881
vn 0.153788 -0.020983 -0.987881
vn 0.256743 -0.035031 0.965845
vn 0.256743 -0.035031 0.965845
vn 0.256743 -0.035031 0.965845
vn 0.383599 0.026653 -0.923115
vn 0.383599 0.026653 -0.923115
vn 0.383599 0.026653 -0.923115
vn 0.256860 0.017847 0.966284
vn 0.256860 0.017847 0.966284
vn 0.256860 0.017847 0.966284
vn 0.245101 0.964337 -0.099895
vn 0.250989 0.966549 0.052796
vn 0.991756 -0.063693 -0.111194
vn 0.991756 -0.063693 -0.111194
vn 0.997885 -0.018431 0.062341
vn 0.997885 -0.018431 0.062341
vn 0.998824 0.036227 -0.032206
vn 0.998824 0.036227 -0.032206
vn 0.997401 0.036175 0.062311
vn 0.997401 0.036175 0.062311
vn -0.311132 0.950367 0.000000
vn -0.311132 0.950367 0.000000
vn -0.220004 0.672011 -0.707107
vn -0.220004 0.672011 0.707107
vn -0.220004 0.672011 -0.707107
vn -0.220004 0.672011 0.707107
vn 0.000000 0.000000 -1.000000
vn 0.000000 0.000000 1.000000
vn 0.000000 0.000000 1.000000
vn 0.000000 0.000000 -1.000000
vn 0.000000 0.000000 1.000000
vn 0.000000 0.000000 1.000000
vn 0.220004 -0.672011 -0.707107
vn 0.220004 -0.672011 0.707107
vn 0.220004 -0.672011 -0.707107
vn 0.220004 -0.672011 0.707107
vn 0.311132 -0.950367 0.000000
vn 0.311132 -0.950367 0.000000
vn 0.000000 -1.000000 0.000000
vn 0.000000 -1.000000 0.000000
vn 0.000000 -1.000000 0.000000
vn 0.000000 -1.000000 0.000000
vn 0.000000 -1.000000 0.000000
vn 0.000000 -1.000000 0.000000
vn 0.000000 -1.000000 0.000000
vn 0.000000 -1.000000 0.000000
vn 0.000000 -1.000000 0.000000
vn 0.000000 -1.000000 0.000000
vn 0.000000 -1.000000 0.000000
vn 0.000000 -1.000000 0.000000
vn 0.000000 -1.000000 0.000000
vn 0.000000 -1.000000 0.000000
vn 0.000000 -1.000000 0.000000
vn 0.000000 -1.000000 0.000000
vn 0.000000 -1.000000 0.000000
vn 0.000000 -1.000000 0.000000
vn 0.000000 -1.000000 0.000000
vn 0.000000 -1.000000 0.000000
vn 0.000000 1.000000 0.000000
vn 0.000000 1.000000 0.000000
vn 0.000000 1.000000 0.000000
vn 0.000000 1.000000 0.000000
vn 0.000000 1.000000 0.000000
vn 0.000000 1.000000 0.000000
vn 0.000000 1.000000 0.000000
vn 0.000000 1.000000 0.000000
vn 0.000000 1.000000 0.000000
vn 0.000000 1.000000 0.000000
vn 0.000000 1.000000 0.000000
vn 0.000000 1.000000 0.000000
vn 0.000000 1.000000 0.000000
vn 0.000000 1.000000 0.000000
vn 0.000000 1.000000 0.000000
vn 0.000000 1.000000 0.000000
vn 0.000000 1.000000 0.000000
vn 0.000000 1.000000 0.000000
vn 0.000000 1.000000 0.000000
vn 0.000000 1.000000 0.000000
vn 0.000000 -1.000000 0.000000
vn 0.000000 -1.000000 0.000000
vn 0.000000 -1.000000 0.000000
vn 0.000000 -1.000000 0.000000
vn 0.000000 -1.000000 0.000000
vn 0.000000 -1.000000 0.000000
vn 0.000000 -1.000000 0.000000
vn 0.000000 -1.000000 0.000000
vn 0.000000 1.000000 0.000000
vn 0.000000 1.000000 0.000000
vn 0.000000 1.000000 0.000000
vn 0.000000 1.000000 0.000000
vn 0.000000 1.000000 0.000000
vn 0.000000 1.000000 0.000000
vn 0.000000 1.000000 0.000000
vn 0.000000 1.000000 0.000000
vn 0.000000 -1.000000 0.000000
vn 0.000000 -1.000000 0.000000
vn 0.000000 -1.000000 0.000000
vn 0.000000 -1.000000 0.000000
vn 0.000000 -1.000000 0.000000
vn 0.000000 -1.000000 0.000000
vn 0.000000 -1.000000 0.000000
vn 0.000000 -1.000000 0.000000
vn 0.000000 1.000000 0.000000
vn 0.000000 1.000000 0.000000
vn 0.000000 1.000000 0.000000
vn 0.000000 1.000000 0.000000
vn 0.000000 1.000000 0.000000
vn 0.000000 1.000000 0.000000
vn 0.000000 1.000000 0.000000
vn 0.000000 1.000000 0.000000
vn 0.000000 -1.000000 0.000000
vn 0.000000 -1.000000 0.000000
vn 0.000000 -1.000000 0.000000
vn 0.000000 -1.000000 0.000000
vn 0.000000 1.000000 0.000000
vn 0.000000 1.000000 0.000000
vn 0.000000 1.000000 0.000000
vn 0.000000 1.000000 0.000000
vn -0.282630 0.959229 0.000000
vn -0.282630 0.959229 0.000000
vn -0.199850 0.678277 -0.707107
vn -0.199850 0.678277 0.707107
vn -0.199850 0.678277 -0.707107
vn -0.199850 0.678277 0.707107
vn 0.000000 0.000000 -1.000000
vn 0.000000 0.000000 1.000000
vn 0.000000 0.000000 1.000000
vn 0.000000 0.000000 -1.000000
vn 0.000000 0.000000 1.000000
vn 0.000000 0.000000 1.000000
vn 0.199850 -0.678277 -0.707107
vn 0.199850 -0.678277 0.707107
vn 0.199850 -0.678277 -0.707107
vn 0.199850 -0.678277 0.707107
vn 0.282630 -0.959229 0.000000
vn 0.282630 -0.959229 0.000000
vn -0.253359 0.967372 0.000000
vn -0.253359 0.967372 0.000000
vn -0.179152 0.684035 -0.707107
vn -0.179152 0.684035 0.707107
vn -0.179152 0.684035 -0.707107
vn -0.179152 0.684035 0.707107
vn 0.000000 -1.000000 0.000000
vn 0.000000 -1.000000 0.000000
vn 0.000000 -1.000000 0.000000
vn 0.000000 -1.000000 0.000000
vn 0.000000 -1.000000 0.000000
vn 0.000000 -1.000000 0.000000
vn 0.000000 -1.000000 0.000000
vn 0.000000 -1.000000 0.000000
vn 0.000000 -1.000000 0.000000
vn 0.000000 -1.000000 0.000000
vn 0.000000 -1.000000 0.000000
vn 0.000000 -1.000000 0.000000
vn 0.000000 -1.000000 0.000000
vn 0.000000 -1.000000 0.000000
vn 0.000000 -1.000000 0.000000
vn 0.000000 -1.000000 0.000000
vn 0.000000 -1.000000 0.000000
vn 0.000000 -1.000000 0.000000
vn 0.000000 -1.000000 0.000000
vn 0.000000 -1.000000 0.000000
vn 0.000000 1.000000 0.000000
vn 0.000000 1.000000 0.000000
vn 0.000000 1.000000 0.000000
vn 0.000000 1.000000 0.000000
vn 0.000000 1.000000 0.000000
vn 0.000000 1.000000 0.000000
vn 0.000000 1.000000 0.000000
vn 0.000000 1.000000 0.000000
vn 0.000000 1.000000 0.000000
vn 0.000000 1.000000 0.000000
vn 0.000000 1.000000 0.000000
vn 0.000000 1.000000 0.000000
vn 0.000000 1.000000 0.000000
vn 0.000000 1.000000 0.000000
vn 0.000000 1.000000 0.000000
vn 0.000000 1.000000 0.000000
vn 0.000000 1.000000 0.000000
vn 0.000000 1.000000 0.000000
vn 0.000000 1.000000 0.000000
vn 0.000000 1.000000 0.000000
vn 0.000000 -1.000000 0.000000
vn 0.000000 -1.000000 0.000000
vn 0.000000 -1.000000 0.000000
vn 0.000000 -1.000000 0.000000
vn 0.000000 -1.000000 0.000000
vn 0.000000 -1.000000 0.000000
vn 0.000000 -1.000000 0.000000
vn 0.000000 -1.000000 0.000000
vn 0.000000 1.000000 0.000000
vn 0.000000 1.000000 0.000000
vn 0.000000 1.000000 0.000000
vn 0.000000 1.000000 0.000000
vn 0.000000 1.000000 0.000000
vn 0.000000 1.000000 0.000000
vn 0.000000 1.000000 0.000000
vn 0.000000 1.000000 0.000000
vn 0.000000 -1.000000 0.000000
vn 0.000000 -1.000000 0.000000
vn 0.000000 -1.000000 0.000000
vn 0.000000 -1.000000 0.000000
vn 0.000000 -1.000000 0.000000
vn 0.000000 -1.000000 0.000000
vn 0.000000 -1.000000 0.000000
vn 0.000000 -1.000000 0.000000
vn 0.000000 1.000000 0.000000
vn 0.000000 1.000000 0.000000
vn 0.000000 1.000000 0.000000
vn 0.000000 1.000000 0.000000
vn 0.000000 1.000000 0.000000
vn 0.000000 1.000000 0.000000
vn 0.000000 1.000000 0.000000
vn 0.000000 1.000000 0.000000
vn 0.000000 -1.000000 0.000000
vn 0.000000 -1.000000 0.000000
vn 0.000000 -1.000000 0.000000
vn 0.000000 -1.000000 0.000000
vn 0.000000 0.000000 -1.000000
vn 0.000000 1.000000 0.000000
vn 0.000000 1.000000 0.000000
vn 0.000000 0.000000 1.000000
vn 0.000000 0.000000 1.000000
vn 0.000000 0.000000 -1.000000
vn 0.000000 1.000000 0.000000
vn 0.000000 1.000000 0.000000
vn 0.000000 0.000000 1.000000
vn 0.000000 0.000000 1.000000
vn 0.179152 -0.684035 -0.707107
vn 0.179152 -0.684035 0.707107
vn 0.179152 -0.684035 -0.707107
vn 0.179152 -0.684035 0.707107
vn 0.253359 -0.967372 0.000000
vn 0.253359 -0.967372 0.000000
vn -0.223376 0.974732 0.000000
vn -0.223376 0.974732 0.000000
vn -0.157951 0.689240 -0.707107
vn -0.157951 0.689240 0.707107
vn -0.157951 0.689240 -0.707107
vn -0.157951 0.689240 0.707107
vn 0.000000 0.000000 -1.000000
vn 0.000000 0.000000 1.000000
vn 0.000000 0.000000 1.000000
vn 0.000000 0.000000 -1.000000
vn 0.000000 0.000000 1.000000
vn 0.000000 0.000000 1.000000
vn 0.157951 -0.689240 -0.707107
vn 0.157951 -0.689240 0.707107
vn 0.157951 -0.689240 -0.707107
vn 0.157951 -0.689240 0.707107
vn 0.223376 -0.974732 0.000000
vn 0.223376 -0.974732 0.000000
vn 0.000000 -1.000000 0.000000
vn 0.000000 -1.000000 0.000000
vn 0.000000 -1.000000 0.000000
vn 0.000000 -1.000000 0.000000
vn 0.000000 -1.000000 0.000000
vn 0.000000 -1.000000 0.000000
vn 0.000000 -1.000000 0.000000
vn 0.000000 -1.000000 0.000000
vn 0.000000 -1.000000 0.000000
vn 0.000000 -1.000000 0.000000
vn 0.000000 -1.000000 0.000000
vn 0.000000 -1.000000 0.000000
vn 0.000000 -1.000000 0.000000
vn 0.000000 -1.000000 0.000000
vn 0.000000 -1.000000 0.000000
vn 0.000000 -1.000000 0.000000
vn 0.000000 -1.000000 0.000000
vn 0.000000 -1.000000 0.000000
vn 0.000000 -1.000000 0.000000
vn 0.000000 -1.000000 0.000000
vn 0.000000 1.000000 0.000000
vn 0.000000 1.000000 0.000000
vn 0.000000 1.000000 0.000000
vn 0.000000 1.000000 0.000000
vn 0.000000 1.000000 0.000000
vn 0.000000 1.000000 0.000000
vn 0.000000 1.000000 0.000000
vn 0.000000 1.000000 0.000000
vn 0.000000 1.000000 0.000000
vn 0.000000 1.000000 0.000000
vn 0.000000 1.000000 0.000000
vn 0.000000 1.000000 0.000000
vn 0.000000 1.000000 0.000000
vn 0.000000 1.000000 0.000000
vn 0.000000 1.000000 0.000000
vn 0.000000 1.000000 0.000000
vn 0.000000 1.000000 0.000000
vn 0.000000 1.000000 0.000000
vn 0.000000 1.000000 0.000000
vn 0.000000 1.000000 0.000000
vn 0.000000 -1.000000 0.000000
vn 0.000000 -1.000000 0.000000
vn 0.000000 -1.000000 0.000000
vn 0.000000 -1.000000 0.000000
vn 0.000000 -1.000000 0.000000
vn 0.000000 -1.000000 0.000000
vn 0.000000 -1.000000 0.000000
vn 0.000000 -1.000000 0.000000
vn 0.000000 1.000000 0.000000
vn 0.000000 1.000000 0.000000
vn 0.000000 1.000000 0.000000
vn 0.000000 1.000000 0.000000
vn 0.000000 1.000000 0.000000
vn 0.000000 1.000000 0.000000
vn 0.000000 1.000000 0.000000
vn 0.000000 1.000000 0.000000
vn 0.000000 -1.000000 0.000000
vn 0.000000 -1.000000 0.000000
vn 0.000000 -1.000000 0.000000
vn 0.000000 -1.000000 0.000000
vn 0.000000 -1.000000 0.000000
vn 0.000000 -1.000000 0.000000
vn 0.000000 -1.000000 0.000000
vn 0.000000 -1.000000 0.000000
vn 0.000000 1.000000 0.000000
vn 0.000000 1.000000 0.000000
vn 0.000000 1.000000 0.000000
vn 0.000000 1.000000 0.000000
vn 0.000000 1.000000 0.000000
vn 0.000000 1.000000 0.000000
vn 0.000000 1.000000 0.000000
vn 0.000000 1.000000 0.000000
vn 0.000000 -1.000000 0.000000
vn 0.000000 -1.000000 0.000000
vn 0.000000 -1.000000 0.000000
vn 0.000000 -1.000000 0.000000
vn 0.000000 1.000000 0.000000
vn 0.000000 1.000000 0.000000
vn 0.000000 1.000000 0.000000
vn 0.000000 1.000000 0.000000
vn -0.192745 0.981249 0.000000
vn -0.192745 0.981249 0.000000
vn -0.136292 0.693848 -0.707107
vn -0.136292 0.693848 0.707107
vn -0.136292 0.693848 -0.707107
vn -0.136292 0.693848 0.707107
vn 0.000000 0.000000 -1.000000
vn 0.000000 0.000000 1.000000
vn 0.000000 0.000000 1.000000
vn 0.000000 0.000000 -1.000000
vn 0.000000 0.000000 1.000000
vn 0.000000 0.000000 1.000000
vn 0.136292 -0.693848 -0.707107
vn 0.136292 -0.693848 0.707107
vn 0.136292 -0.693848 -0.707107
vn 0.136292 -0.693848 0.707107
vn 0.192745 -0.981249 0.000000
vn 0.192745 -0.981249 0.000000
vn -0.161541 0.986866 0.000000
vn -0.161541 0.986866 0.000000
vn -0.114226 0.697820 -0.707107
vn -0.114226 0.697820 0.707107
vn -0.114226 0.697820 -0.707107
vn -0.114226 0.697820 0.707107
vn 0.000000 0.000000 -1.000000
vn 0.000000 0.000000 1.000000
vn 0.000000 0.000000 1.000000
vn 0.000000 0.000000 -1.000000
vn 0.000000 0.000000 1.000000
vn 0.000000 0.000000 1.000000
vn 0.114226 -0.697820 -0.707107
vn 0.114226 -0.697820 0.707107
vn 0.114226 -0.697820 -0.707107
vn 0.114226 -0.697820 0.707107
vn 0.161541 -0.986866 0.000000
vn 0.161541 -0.986866 0.000000
vn 0.000000 -1.000000 0.000000
vn 0.000000 -1.000000 0.000000
vn 0.000000 -1.000000 0.000000
vn 0.000000 -1.000000 0.000000
vn 0.000000 -1.000000 0.000000
vn 0.000000 -1.000000 0.000000
vn 0.000000 -1.000000 0.000000
vn 0.000000 -1.000000 0.000000
vn 0.000000 -1.000000 0.000000
vn 0.000000 -1.000000 0.000000
vn 0.000000 -1.000000 0.000000
vn 0.000000 -1.000000 0.000000
vn 0.000000 -1.000000 0.000000
vn 0.000000 -1.000000 0.000000
vn 0.000000 -1.000000 0.000000
vn 0.000000 -1.000000 0.000000
vn 0.000000 -1.000000 0.000000
vn 0.000000 -1.000000 0.000000
vn 0.000000 -1.000000 0.000000
vn 0.000000 -1.000000 0.000000
vn 0.000000 1.000000 0.000000
vn 0.000000 1.000000 0.000000
vn 0.000000 1.000000 0.000000
vn 0.000000 1.000000 0.000000
vn 0.000000 1.000000 0.000000
vn 0.000000 1.000000 0.000000
vn 0.000000 1.000000 0.000000
vn 0.000000 1.000000 0.000000
vn 0.000000 1.000000 0.000000
vn 0.000000 1.000000 0.000000
vn 0.000000 1.000000 0.000000
vn 0.000000 1.000000 0.000000
vn 0.000000 1.000000 0.000000
vn 0.000000 1.000000 0.000000
vn 0.000000 1.000000 0.000000
vn 0.000000 1.000000 0.000000
vn 0.000000 1.000000 0.000000
vn 0.000000 1.000000 0.000000
vn 0.000000 1.000000 0.000000
vn 0.000000 1.000000 0.000000
vn 0.000000 -1.000000 0.000000
vn 0.000000 -1.000000 0.000000
vn 0.000000 -1.000000 0.000000
vn 0.000000 -1.000000 0.000000
vn 0.000000 -1.000000 0.000000
vn 0.000000 -1.000000 0.000000
vn 0.000000 -1.000000 0.000000
vn 0.000000 -1.000000 0.000000
vn 0.000000 1.000000 0.000000
vn 0.000000 1.000000 0.000000
vn 0.000000 1.000000 0.000000
vn 0.000000 1.000000 0.000000
vn 0.000000 1.000000 0.000000
vn 0.000000 1.000000 0.000000
vn 0.000000 1.000000 0.000000
vn 0.000000 1.000000 0.000000
vn 0.000000 -1.000000 0.000000
vn 0.000000 -1.000000 0.000000
vn 0.000000 -1.000000 0.000000
vn 0.000000 -1.000000 0.000000
vn 0.000000 -1.000000 0.000000
vn 0.000000 -1.000000 0.000000
vn 0.000000 -1.000000 0.000000
vn 0.000000 -1.000000 0.000000
vn 0.000000 1.000000 0.000000
vn 0.000000 1.000000 0.000000
vn 0.000000 1.000000 0.000000
vn 0.000000 1.000000 0.000000
vn 0.000000 1.000000 0.000000
vn 0.000000 1.000000 0.000000
vn 0.000000 1.000000 0.000000
vn 0.000000 1.000000 0.000000
vn 0.000000 -1.000000 0.000000
vn 0.000000 -1.000000 0.000000
vn 0.000000 -1.000000 0.000000
vn 0.000000 -1.000000 0.000000
vn 0.000000 1.000000 0.000000
vn 0.000000 1.000000 0.000000
vn 0.000000 1.000000 0.000000
vn 0.000000 1.000000 0.000000
vn -0.129844 0.991534 0.000000
vn -0.129844 0.991534 0.000000
vn -0.091813 0.701121 -0.707107
vn -0.091813 0.701121 0.707107
vn -0.091813 0.701121 -0.707107
vn -0.091813 0.701121 0.707107
vn 0.000000 0.000000 -1.000000
vn 0.000000 0.000000 1.000000
vn 0.000000 0.000000 1.000000
vn 0.000000 0.000000 -1.000000
vn 0.000000 0.000000 1.000000
vn 0.000000 0.000000 1.000000
vn 0.091813 -0.701121 -0.707107
vn 0.091813 -0.701121 0.707107
vn 0.091813 -0.701121 -0.707107
vn 0.091813 -0.701121 0.707107
vn 0.129844 -0.991534 0.000000
vn 0.129844 -0.991534 0.000000
vn 0.000000 -1.000000 0.000000
vn 0.000000 -1.000000 0.000000
vn 0.000000 -1.000000 0.000000
vn 0.000000 -1.000000 0.000000
vn 0.000000 -1.000000 0.000000
vn 0.000000 -1.000000 0.000000
vn 0.000000 -1.000000 0.000000
vn 0.000000 -1.000000 0.000000
vn 0.000000 -1.000000 0.000000
vn 0.000000 -1.000000 0.000000
vn 0.000000 -1.000000 0.000000
vn 0.000000 -1.000000 0.000000
vn 0.000000 -1.000000 0.000000
vn 0.000000 -1.000000 0.000000
vn 0.000000 -1.000000 0.000000
vn 0.000000 -1.000000 0.000000
vn 0.000000 -1.000000 0.000000
vn 0.000000 -1.000000 0.000000
vn 0.000000 -1.000000 0.000000
vn 0.000000 -1.000000 0.000000
vn 0.000000 1.000000 0.000000
vn 0.000000 1.000000 0.000000
vn 0.000000 1.000000 0.000000
vn 0.000000 1.000000 0.000000
vn 0.000000 1.000000 0.000000
vn 0.000000 1.000000 0.000000
vn 0.000000 1.000000 0.000000
vn 0.000000 1.000000 0.000000
vn 0.000000 1.000000 0.000000
vn 0.000000 1.000000 0.000000
vn 0.000000 1.000000 0.000000
vn 0.000000 1.000000 0.000000
vn 0.000000 1.000000 0.000000
vn 0.000000 1.000000 0.000000
vn 0.000000 1.000000 0.000000
vn 0.000000 1.000000 0.000000
vn 0.000000 1.000000 0.000000
vn 0.000000 1.000000 0.000000
vn 0.000000 1.000000 0.000000
vn 0.000000 1.000000 0.000000
vn 0.000000 -1.000000 0.000000
vn 0.000000 -1.000000 0.000000
vn 0.000000 -1.000000 0.000000
vn 0.000000 -1.000000 0.000000
vn 0.000000 -1.000000 0.000000
vn 0.000000 -1.000000 0.000000
vn 0.000000 -1.000000 0.000000
vn 0.000000 -1.000000 0.000000
vn 0.000000 1.000000 0.000000
vn 0.000000 1.000000 0.000000
vn 0.000000 1.000000 0.000000
vn 0.000000 1.000000 0.000000
vn 0.000000 1.000000 0.000000
vn 0.000000 1.000000 0.000000
vn 0.000000 1.000000 0.000000
vn 0.000000 1.000000 0.000000
vn 0.000000 -1.000000 0.000000
vn 0.000000 -1.000000 0.000000
vn 0.000000 -1.000000 0.000000
vn 0.000000 -1.000000 0.000000
vn 0.000000 -1.000000 0.000000
vn 0.000000 -1.000000 0.000000
vn 0.000000 -1.000000 0.000000
vn 0.000000 -1.000000 0.000000
vn 0.000000 1.000000 0.000000
vn 0.000000 1.000000 0.000000
vn 0.000000 1.000000 0.000000
vn 0.000000 1.000000 0.000000
vn 0.000000 1.000000 0.000000
vn 0.000000 1.000000 0.000000
vn 0.000000 1.000000 0.000000
vn 0.000000 1.000000 0.000000
vn 0.000000 -1.000000 0.000000
vn 0.000000 -1.000000 0.000000
vn 0.000000 -1.000000 0.000000
vn 0.000000 -1.000000 0.000000
vn 0.000000 1.000000 0.000000
vn 0.000000 1.000000 0.000000
vn 0.000000 1.000000 0.000000
vn 0.000000 1.000000 0.000000
vn -0.097744 0.995212 0.000000
vn -0.097744 0.995212 0.000000
vn -0.069115 0.703721 -0.707107
vn -0.069115 0.703721 0.707107
vn -0.069115 0.703721 -0.707107
vn -0.069115 0.703721 0.707107
vn 0.000000 0.000000 -1.000000
vn 0.000000 0.000000 1.000000
vn 0.000000 0.000000 1.000000
vn 0.000000 0.000000 -1.000000
vn 0.000000 0.000000 1.000000
vn 0.000000 0.000000 1.000000
vn 0.069115 -0.703721 -0.707107
vn 0.069115 -0.703721 0.707107
vn 0.069115 -0.703721 -0.707107
vn 0.069115 -0.703721 0.707107
vn 0.097744 -0.995212 0.000000
vn 0.097744 -0.995212 0.000000
vn -0.065336 0.997863 0.000000
vn -0.065336 0.997863 0.000000
vn -0.046200 0.705596 -0.707107
vn -0.046200 0.705596 0.707107
vn -0.046200 0.705596 -0.707107
vn -0.046200 0.705596 0.707107
vn 0.000000 0.000000 -1.000000
vn 0.000000 0.000000 1.000000
vn 0.000000 0.000000 1.000000
vn 0.000000 0.000000 -1.000000
vn 0.000000 0.000000 1.000000
vn 0.000000 0.000000 1.000000
vn 0.046200 -0.705596 -0.707107
vn 0.046200 -0.705596 0.707107
vn 0.046200 -0.705596 -0.707107
vn 0.046200 -0.705596 0.707107
vn 0.065336 -0.997863 0.000000
vn 0.065336 -0.997863 0.000000
vn 0.000000 -1.000000 0.000000
vn 0.000000 -1.000000 0.000000
vn 0.000000 -1.000000 0.000000
vn 0.000000 -1.000000 0.000000
vn 0.000000 -1.000000 0.000000
vn 0.000000 -1.000000 0.000000
vn 0.000000 -1.000000 0.000000
vn 0.000000 -1.000000 0.000000
vn 0.000000 -1.000000 0.000000
vn 0.000000 -1.000000 0.000000
vn 0.000000 -1.000000 0.000000
vn 0.000000 -1.000000 0.000000
vn 0.000000 -1.000000 0.000000
vn 0.000000 -1.000000 0.000000
vn 0.000000 -1.000000 0.000000
vn 0.000000 -1.000000 0.000000
vn 0.000000 -1.000000 0.000000
vn 0.000000 -1.000000 0.000000
vn 0.000000 -1.000000 0.000000
vn 0.000000 -1.000000 0.000000
vn 0.000000 1.000000 0.000000
vn 0.000000 1.000000 0.000000
vn 0.000000 1.000000 0.000000
vn 0.000000 1.000000 0.000000
vn 0.000000 1.000000 0.000000
vn 0.000000 1.000000 0.000000
vn 0.000000 1.000000 0.000000
vn 0.000000 1.000000 0.000000
vn 0.000000 1.000000 0.000000
vn 0.000000 1.000000 0.000000
vn 0.000000 1.000000 0.000000
vn 0.000000 1.000000 0.000000
vn 0.000000 1.000000 0.000000
vn 0.000000 1.000000 0.000000
vn 0.000000 1.000000 0.000000
vn 0.000000 1.000000 0.000000
vn 0.000000 1.000000 0.000000
vn 0.000000 1.000000 0.000000
vn 0.000000 1.000000 0.000000
vn 0.000000 1.000000 0.000000
vn 0.000000 -1.000000 0.000000
vn 0.000000 -1.000000 0.000000
vn 0.000000 -1.000000 0.000000
vn 0.000000 -1.000000 0.000000
vn 0.000000 -1.000000 0.000000
vn 0.000000 -1.000000 0.000000
vn 0.000000 -1.000000 0.000000
vn 0.000000 -1.000000 0.000000
vn 0.000000 1.000000 0.000000
vn 0.000000 1.000000 0.000000
vn 0.000000 1.000000 0.000000
vn 0.000000 1.000000 0.000000
vn 0.000000 1.000000 0.000000
vn 0.000000 1.000000 0.000000
vn 0.000000 1.000000 0.000000
vn 0.000000 1.000000 0.000000
vn 0.000000 -1.000000 0.000000
vn 0.000000 -1.000000 0.000000
vn 0.000000 -1.000000 0.000000
vn 0.000000 -1.000000 0.000000
vn 0.000000 -1.000000 0.000000
vn 0.000000 -1.000000 0.000000
vn 0.000000 -1.000000 0.000000
vn 0.000000 -1.000000 0.000000
vn 0.000000 1.000000 0.000000
vn 0.000000 1.000000 0.000000
vn 0.000000 1.000000 0.000000
vn 0.000000 1.000000 0.000000
vn 0.000000 1.000000 0.000000
vn 0.000000 1.000000 0.000000
vn 0.000000 1.000000 0.000000
vn 0.000000 1.000000 0.000000
vn 0.000000 -1.000000 0.000000
vn 0.000000 -1.000000 0.000000
vn 0.000000 -1.000000 0.000000
vn 0.000000 -1.000000 0.000000
vn 0.000000 1.000000 0.000000
vn 0.000000 1.000000 0.000000
vn 0.000000 1.000000 0.000000
vn 0.000000 1.000000 0.000000
vn -0.032721 0.999465 0.000000
vn -0.032721 0.999465 0.000000
vn -0.023137 0.706728 -0.707107
vn -0.023137 0.706728 0.707107
vn -0.023137 0.706728 -0.707107
vn -0.023137 0.706728 0.707107
vn 0.000000 0.000000 -1.000000
vn 0.000000 0.000000 1.000000
vn 0.000000 0.000000 1.000000
vn 0.000000 0.000000 -1.000000
vn 0.000000 0.000000 1.000000
vn 0.000000 0.000000 1.000000
vn 0.023137 -0.706728 -0.707107
vn 0.023137 -0.706728 0.707107
vn 0.023137 -0.706728 -0.707107
vn 0.023137 -0.706728 0.707107
vn 0.032721 -0.999465 0.000000
vn 0.032721 -0.999465 0.000000
vn 0.000000 -1.000000 0.000000
vn 0.000000 -1.000000 0.000000
vn 0.000000 -1.000000 0.000000
vn 0.000000 -1.000000 0.000000
vn 0.000000 -1.000000 0.000000
vn 0.000000 -1.000000 0.000000
vn 0.000000 -1.000000 0.000000
vn 0.000000 -1.000000 0.000000
vn 0.000000 -1.000000 0.000000
vn 0.000000 -1.000000 0.000000
vn 0.000000 -1.000000 0.000000
vn 0.000000 -1.000000 0.000000
vn 0.000000 -1.000000 0.000000
vn 0.000000 -1.000000 0.000000
vn 0.000000 -1.000000 0.000000
vn 0.000000 -1.000000 0.000000
vn 0.000000 -1.000000 0.000000
vn 0.000000 -1.000000 0.000000
vn 0.000000 -1.000000 0.000000
vn 0.000000 -1.000000 0.000000
vn 0.000000 1.000000 0.000000
vn 0.000000 1.000000 0.000000
vn 0.000000 1.000000 0.000000
vn 0.000000 1.000000 0.000000
vn 0.000000 1.000000 0.000000
vn 0.000000 1.000000 0.000000
vn 0.000000 1.000000 0.000000
vn 0.000000 1.000000 0.000000
vn 0.000000 1.000000 0.000000
vn 0.000000 1.000000 0.000000
vn 0.000000 1.000000 0.000000
vn 0.000000 1.000000 0.000000
vn 0.000000 1.000000 0.000000
vn 0.000000 1.000000 0.000000
vn 0.000000 1.000000 0.000000
vn 0.000000 1.000000 0.000000
vn 0.000000 1.000000 0.000000
vn 0.000000 1.000000 0.000000
vn 0.000000 1.000000 0.000000
vn 0.000000 1.000000 0.000000
vn 0.000000 -1.000000 0.000000
vn 0.000000 -1.000000 0.000000
vn 0.000000 -1.000000 0.000000
vn 0.000000 -1.000000 0.000000
vn 0.000000 -1.000000 0.000000
vn 0.000000 -1.000000 0.000000
vn 0.000000 -1.000000 0.000000
vn 0.000000 -1.000000 0.000000
vn 0.000000 1.000000 0.000000
vn 0.000000 1.000000 0.000000
vn 0.000000 1.000000 0.000000
vn 0.000000 1.000000 0.000000
vn 0.000000 1.000000 0.000000
vn 0.000000 1.000000 0.000000
vn 0.000000 1.000000 0.000000
vn 0.000000 1.000000 0.000000
vn 0.000000 -1.000000 0.000000
vn 0.000000 -1.000000 0.000000
vn 0.000000 -1.000000 0.000000
vn 0.000000 -1.000000 0.000000
vn 0.000000 -1.000000 0.000000
vn 0.000000 -1.000000 0.000000
vn 0.000000 -1.000000 0.000000
vn 0.000000 -1.000000 0.000000
vn 0.000000 1.000000 0.000000
vn 0.000000 1.000000 0.000000
vn 0.000000 1.000000 0.000000
vn 0.000000 1.000000 0.000000
vn 0.000000 1.000000 0.000000
vn 0.000000 1.000000 0.000000
vn 0.000000 1.000000 0.000000
vn 0.000000 1.000000 0.000000
vn 0.000000 -1.000000 0.000000
vn 0.000000 -1.000000 0.000000
vn 0.000000 -1.000000 0.000000
vn 0.000000 -1.000000 0.000000
vn 0.000000 -1.000000 0.000000
vn 0.000000 -1.000000 0.000000
vn 0.000000 -0.707107 -0.707107
vn 0.000000 -0.707107 0.707107
vn 0.000000 -0.707107 -0.707107
vn 0.000000 -0.707107 0.707107
vn 0.000000 0.000000 -1.000000
vn 0.000000 1.000000 0.000000
vn 0.000000 1.000000 0.000000
vn 0.000000 0.000000 1.000000
vn 0.000000 0.000000 1.000000
vn 0.000000 0.000000 -1.000000
vn 0.000000 1.000000 0.000000
vn 0.000000 1.000000 0.000000
vn 0.000000 0.000000 1.000000
vn 0.000000 0.000000 1.000000
vn 0.000000 0.707107 -0.707107
vn 0.000000 0.707107 0.707107
vn 0.000000 0.707107 -0.707107
vn 0.000000 0.707107 0.707107
vn 0.000000 1.000000 0.000000
vn 0.000000 1.000000 0.000000
vn -0.032721 -0.999465 0.000000
vn -0.032721 -0.999465 0.000000
vn -0.023137 -0.706728 -0.707107
vn -0.023137 -0.706728 0.707107
vn -0.023137 -0.706728 -0.707107
vn -0.023137 -0.706728 0.707107
vn 0.000000 0.000000 -1.000000
vn 0.000000 0.000000 1.000000
vn 0.000000 0.000000 1.000000
vn 0.000000 0.000000 -1.000000
vn 0.000000 0.000000 1.000000
vn 0.000000 0.000000 1.000000
vn 0.023137 0.706728 -0.707107
vn 0.023137 0.706728 0.707107
vn 0.023137 0.706728 -0.707107
vn 0.023137 0.706728 0.707107
vn 0.032721 0.999465 0.000000
vn 0.032721 0.999465 0.000000
vn 0.000000 -1.000000 0.000000
vn 0.000000 -1.000000 0.000000
vn 0.000000 -1.000000 0.000000
vn 0.000000 -1.000000 0.000000
vn 0.000000 -1.000000 0.000000
vn 0.000000 -1.000000 0.000000
vn 0.000000 -1.000000 0.000000
vn 0.000000 -1.000000 0.000000
vn 0.000000 -1.000000 0.000000
vn 0.000000 -1.000000 0.000000
vn 0.000000 -1.000000 0.000000
vn 0.000000 -1.000000 0.000000
vn 0.000000 -1.000000 0.000000
vn 0.000000 -1.000000 0.000000
vn 0.000000 -1.000000 0.000000
vn 0.000000 -1.000000 0.000000
vn 0.000000 -1.000000 0.000000
vn 0.000000 -1.000000 0.000000
vn 0.000000 -1.000000 0.000000
vn 0.000000 -1.000000 0.000000
vn 0.000000 1.000000 0.000000
vn 0.000000 1.000000 0.000000
vn 0.000000 1.000000 0.000000
vn 0.000000 1.000000 0.000000
vn 0.000000 1.000000 0.000000
vn 0.000000 1.000000 0.000000
vn 0.000000 1.000000 0.000000
vn 0.000000 1.000000 0.000000
vn 0.000000 1.000000 0.000000
vn 0.000000 1.000000 0.000000
vn 0.000000 1.000000 0.000000
vn 0.000000 1.000000 0.000000
vn 0.000000 1.000000 0.000000
vn 0.000000 1.000000 0.000000
vn 0.000000 1.000000 0.000000
vn 0.000000 1.000000 0.000000
vn 0.000000 1.000000 0.000000
vn 0.000000 1.000000 0.000000
vn 0.000000 1.000000 0.000000
vn 0.000000 1.000000 0.000000
vn 0.000000 -1.000000 0.000000
vn 0.000000 -1.000000 0.000000
vn 0.000000 -1.000000 0.000000
vn 0.000000 -1.000000 0.000000
vn 0.000000 -1.000000 0.000000
vn 0.000000 -1.000000 0.000000
vn 0.000000 -1.000000 0.000000
vn 0.000000 -1.000000 0.000000
vn 0.000000 1.000000 0.000000
vn 0.000000 1.000000 0.000000
vn 0.000000 1.000000 0.000000
vn 0.000000 1.000000 0.000000
vn 0.000000 1.000000 0.000000
vn 0.000000 1.000000 0.000000
vn 0.000000 1.000000 0.000000
vn 0.000000 1.000000 0.000000
vn 0.000000 -1.000000 0.000000
vn 0.000000 -1.000000 0.000000
vn 0.000000 -1.000000 0.000000
vn 0.000000 -1.000000 0.000000
vn 0.000000 -1.000000 0.000000
vn 0.000000 -1.000000 0.000000
vn 0.000000 -1.000000 0.000000
vn 0.000000 -1.000000 0.000000
vn 0.000000 1.000000 0.000000
vn 0.000000 1.000000 0.000000
vn 0.000000 1.000000 0.000000
vn 0.000000 1.000000 0.000000
vn 0.000000 1.000000 0.000000
vn 0.000000 1.000000 0.000000
vn 0.000000 1.000000 0.000000
vn 0.000000 1.000000 0.000000
vn 0.000000 -1.000000 0.000000
vn 0.000000 -1.000000 0.000000
vn 0.000000 -1.000000 0.000000
vn 0.000000 -1.000000 0.000000
vn 0.000000 1.000000 0.000000
vn 0.000000 1.000000 0.000000
vn 0.000000 1.000000 0.000000
vn 0.000000 1.000000 0.000000
vn -0.065336 -0.997863 0.000000
vn -0.065336 -0.997863 0.000000
vn -0.046200 -0.705596 -0.707107
vn -0.046200 -0.705596 0.707107
vn -0.046200 -0.705596 -0.707107
vn -0.046200 -0.705596 0.707107
vn 0.000000 0.000000 -1.000000
vn 0.000000 0.000000 1.000000
vn 0.000000 0.000000 1.000000
vn 0.000000 0.000000 -1.000000
vn 0.000000 0.000000 1.000000
vn 0.000000 0.000000 1.000000
vn 0.046200 0.705596 -0.707107
vn 0.046200 0.705596 0.707107
vn 0.046200 0.705596 -0.707107
vn 0.046200 0.705596 0.707107
vn 0.065336 0.997863 0.000000
vn 0.065336 0.997863 0.000000
vn -0.097744 -0.995212 0.000000
vn -0.097744 -0.995212 0.000000
vn -0.069115 -0.703721 -0.707107
vn -0.069115 -0.703721 0.707107
vn -0.069115 -0.703721 -0.707107
vn -0.069115 -0.703721 0.707107
vn 0.000000 0.000000 -1.000000
vn 0.000000 0.000000 1.000000
vn 0.000000 0.000000 1.000000
vn 0.000000 0.000000 -1.000000
vn 0.000000 0.000000 1.000000
vn 0.000000 0.000000 1.000000
vn 0.069115 0.703721 -0.707107
vn 0.069115 0.703721 0.707107
vn 0.069115 0.703721 -0.707107
vn 0.069115 0.703721 0.707107
vn 0.097744 0.995212 0.000000
vn 0.097744 0.995212 0.000000
vn 0.000000 -1.000000 0.000000
vn 0.000000 -1.000000 0.000000
vn 0.000000 -1.000000 0.000000
vn 0.000000 -1.000000 0.000000
vn 0.000000 -1.000000 0.000000
vn 0.000000 -1.000000 0.000000
vn 0.000000 -1.000000 0.000000
vn 0.000000 -1.000000 0.000000
vn 0.000000 -1.000000 0.000000
vn 0.000000 -1.000000 0.000000
vn 0.000000 -1.000000 0.000000
vn 0.000000 -1.000000 0.000000
vn 0.000000 -1.000000 0.000000
vn 0.000000 -1.000000 0.000000
vn 0.000000 -1.000000 0.000000
vn 0.000000 -1.000000 0.000000
vn 0.000000 -1.000000 0.000000
vn 0.000000 -1.000000 0.000000
vn 0.000000 -1.000000 0.000000
vn 0.000000 -1.000000 0.000000
vn 0.000000 1.000000 0.000000
vn 0.000000 1.000000 0.000000
vn 0.000000 1.000000 0.000000
vn 0.000000 1.000000 0.000000
vn 0.000000 1.000000 0.000000
vn 0.000000 1.000000 0.000000
vn 0.000000 1.000000 0.000000
vn 0.000000 1.000000 0.000000
vn 0.000000 1.000000 0.000000
vn 0.000000 1.000000 0.000000
vn 0.000000 1.000000 0.000000
vn 0.000000 1.000000 0.000000
vn 0.000000 1.000000 0.000000
vn 0.000000 1.000000 0.000000
vn 0.000000 1.000000 0.000000
vn 0.000000 1.000000 0.000000
vn 0.000000 1.000000 0.000000
vn 0.000000 1.000000 0.000000
vn 0.000000 1.000000 0.000000
vn 0.000000 1.000000 0.000000
vn 0.000000 -1.000000 0.000000
vn 0.000000 -1.000000 0.000000
vn 0.000000 -1.000000 0.000000
vn 0.000000 -1.000000 0.000000
vn 0.000000 -1.000000 0.000000
vn 0.000000 -1.000000 0.000000
vn 0.000000 -1.000000 0.000000
vn 0.000000 -1.000000 0.000000
vn 0.000000 1.000000 0.000000
vn 0.000000 1.000000 0.000000
vn 0.000000 1.000000 0.000000
vn 0.000000 1.000000 0.000000
vn 0.000000 1.000000 0.000000
vn 0.000000 1.000000 0.000000
vn 0.000000 1.000000 0.000000
vn 0.000000 1.000000 0.000000
vn 0.000000 -1.000000 0.000000
vn 0.000000 -1.000000 0.000000
vn 0.000000 -1.000000 0.000000
vn 0.000000 -1.000000 0.000000
vn 0.000000 -1.000000 0.000000
vn 0.000000 -1.000000 0.000000
vn 0.000000 -1.000000 0.000000
vn 0.000000 -1.000000 0.000000
vn 0.000000 1.000000 0.000000
vn 0.000000 1.000000 0.000000
vn 0.000000 1.000000 0.000000
vn 0.000000 1.000000 0.000000
vn 0.000000 1.000000 0.000000
vn 0.000000 1.000000 0.000000
vn 0.000000 1.000000 0.000000
vn 0.000000 1.000000 0.000000
vn 0.000000 -1.000000 0.000000
vn 0.000000 -1.000000 0.000000
vn 0.000000 -1.000000 0.000000
vn 0.000000 -1.000000 0.000000
vn 0.000000 1.000000 0.000000
vn 0.000000 1.000000 0.000000
vn 0.000000 1.000000 0.000000
vn 0.000000 1.000000 0.000000
vn -0.129844 -0.991534 0.000000
vn -0.129844 -0.991534 0.000000
vn -0.091813 -0.701121 -0.707107
vn -0.091813 -0.701121 0.707107
vn -0.091813 -0.701121 -0.707107
vn -0.091813 -0.701121 0.707107
vn 0.000000 0.000000 -1.000000
vn 0.000000 0.000000 1.000000
vn 0.000000 0.000000 1.000000
vn 0.000000 0.000000 -1.000000
vn 0.000000 0.000000 1.000000
vn 0.000000 0.000000 1.000000
vn 0.091813 0.701121 -0.707107
vn 0.091813 0.701121 0.707107
vn 0.091813 0.701121 -0.707107
vn 0.091813 0.701121 0.707107
vn 0.129844 0.991534 0.000000
vn 0.129844 0.991534 0.000000
vn 0.000000 -1.000000 0.000000
vn 0.000000 -1.000000 0.000000
vn 0.000000 -1.000000 0.000000
vn 0.000000 -1.000000 0.000000
vn 0.000000 -1.000000 0.000000
vn 0.000000 -1.000000 0.000000
vn 0.000000 -1.000000 0.000000
vn 0.000000 -1.000000 0.000000
vn 0.000000 -1.000000 0.000000
vn 0.000000 -1.000000 0.000000
vn 0.000000 -1.000000 0.000000
vn 0.000000 -1.000000 0.000000
vn 0.000000 -1.000000 0.000000
vn 0.000000 -1.000000 0.000000
vn 0.000000 -1.000000 0.000000
vn 0.000000 -1.000000 0.000000
vn 0.000000 -1.000000 0.000000
vn 0.000000 -1.000000 0.000000
vn 0.000000 -1.000000 0.000000
vn 0.000000 -1.000000 0.000000
vn 0.000000 1.000000 0.000000
vn 0.000000 1.000000 0.000000
vn 0.000000 1.000000 0.000000
vn 0.000000 1.000000 0.000000
vn 0.000000 1.000000 0.000000
vn 0.000000 1.000000 0.000000
vn 0.000000 1.000000 0.000000
vn 0.000000 1.000000 0.000000
vn 0.000000 1.000000 0.000000
vn 0.000000 1.000000 0.000000
vn 0.000000 1.000000 0.000000
vn 0.000000 1.000000 0.000000
vn 0.000000 1.000000 0.000000
vn 0.000000 1.000000 0.000000
vn 0.000000 1.000000 0.000000
vn 0.000000 1.000000 0.000000
vn 0.000000 1.000000 0.000000
vn 0.000000 1.000000 0.000000
vn 0.000000 1.000000 0.000000
vn 0.000000 1.000000 0.000000
vn 0.000000 -1.000000 0.000000
vn 0.000000 -1.000000 0.000000
vn 0.000000 -1.000000 0.000000
vn 0.000000 -1.000000 0.000000
vn 0.000000 -1.000000 0.000000
vn 0.000000 -1.000000 0.000000
vn 0.000000 -1.000000 0.000000
vn 0.000000 -1.000000 0.000000
vn 0.000000 1.000000 0.000000
vn 0.000000 1.000000 0.000000
vn 0.000000 1.000000 0.000000
vn 0.000000 1.000000 0.000000
vn 0.000000 1.000000 0.000000
vn 0.000000 1.000000 0.000000
vn 0.000000 1.000000 0.000000
vn 0.000000 1.000000 0.000000
vn 0.000000 -1.000000 0.000000
vn 0.000000 -1.000000 0.000000
vn 0.000000 -1.000000 0.000000
vn 0.000000 -1.000000 0.000000
vn 0.000000 -1.000000 0.000000
vn 0.000000 -1.000000 0.000000
vn 0.000000 -1.000000 0.000000
vn 0.000000 -1.000000 0.000000
vn 0.000000 1.000000 0.000000
vn 0.000000 1.000000 0.000000
vn 0.000000 1.000000 0.000000
vn 0.000000 1.000000 0.000000
vn 0.000000 1.000000 0.000000
vn 0.000000 1.000000 0.000000
vn 0.000000 1.000000 0.000000
vn 0.000000 1.000000 0.000000
vn 0.000000 -1.000000 0.000000
vn 0.000000 -1.000000 0.000000
vn 0.000000 -1.000000 0.000000
vn 0.000000 -1.000000 0.000000
vn 0.000000 1.000000 0.000000
vn 0.000000 1.000000 0.000000
vn 0.000000 1.000000 0.000000
vn 0.000000 1.000000 0.000000
vn -0.161541 -0.986866 0.000000
vn -0.161541 -0.986866 0.000000
vn -0.114226 -0.697820 -0.707107
vn -0.114226 -0.697820 0.707107
vn -0.114226 -0.697820 -0.707107
vn -0.114226 -0.697820 0.707107
vn 0.000000 0.000000 -1.000000
vn 0.000000 0.000000 1.000000
vn 0.000000 0.000000 1.000000
vn 0.000000 0.000000 -1.000000
vn 0.000000 0.000000 1.000000
vn 0.000000 0.000000 1.000000
vn 0.114226 0.697820 -0.707107
vn 0.114226 0.697820 0.707107
vn 0.114226 0.697820 -0.707107
vn 0.114226 0.697820 0.707107
vn 0.161541 0.986866 0.000000
vn 0.161541 0.986866 0.000000
vn -0.192745 -0.981249 0.000000
vn -0.192745 -0.981249 0.000000
vn -0.136292 -0.693848 -0.707107
vn -0.136292 -0.693848 0.707107
vn -0.136292 -0.693848 -0.707107
vn -0.136292 -0.693848 0.707107
vn 0.000000 0.000000 -1.000000
vn 0.000000 0.000000 1.000000
vn 0.000000 0.000000 1.000000
vn 0.000000 0.000000 -1.000000
vn 0.000000 0.000000 1.000000
vn 0.000000 0.000000 1.000000
vn 0.136292 0.693848 -0.707107
vn 0.136292 0.693848 0.707107
vn 0.136292 0.693848 -0.707107
vn 0.136292 0.693848 0.707107
vn 0.192745 0.981249 0.000000
vn 0.192745 0.981249 0.000000
vn 0.000000 -1.000000 0.000000
vn 0.000000 -1.000000 0.000000
vn 0.000000 -1.000000 0.000000
vn 0.000000 -1.000000 0.000000
vn 0.000000 -1.000000 0.000000
vn 0.000000 -1.000000 0.000000
vn 0.000000 -1.000000 0.000000
vn 0.000000 -1.000000 0.000000
vn 0.000000 -1.000000 0.000000
vn 0.000000 -1.000000 0.000000
vn 0.000000 -1.000000 0.000000
vn 0.000000 -1.000000 0.000000
vn 0.000000 -1.000000 0.000000
vn 0.000000 -1.000000 0.000000
vn 0.000000 -1.000000 0.000000
vn 0.000000 -1.000000 0.000000
vn 0.000000 -1.000000 0.000000
vn 0.000000 -1.000000 0.000000
vn 0.000000 -1.000000 0.000000
vn 0.000000 -1.000000 0.000000
vn 0.000000 1.000000 0.000000
vn 0.000000 1.000000 0.000000
vn 0.000000 1.000000 0.000000
vn 0.000000 1.000000 0.000000
vn 0.000000 1.000000 0.000000
vn 0.000000 1.000000 0.000000
vn 0.000000 1.000000 0.000000
vn 0.000000 1.000000 0.000000
vn 0.000000 1.000000 0.000000
vn 0.000000 1.000000 0.000000
vn 0.000000 1.000000 0.000000
vn 0.000000 1.000000 0.000000
vn 0.000000 1.000000 0.000000
vn 0.000000 1.000000 0.000000
vn 0.000000 1.000000 0.000000
vn 0.000000 1.000000 0.000000
vn 0.000000 1.000000 0.000000
vn 0.000000 1.000000 0.000000
vn 0.000000 1.000000 0.000000
vn 0.000000 1.000000 0.000000
vn 0.000000 -1.000000 0.000000
vn 0.000000 -1.000000 0.000000
vn 0.000000 -1.000000 0.000000
vn 0.000000 -1.000000 0.000000
vn 0.000000 -1.000000 0.000000
vn 0.000000 -1.000000 0.000000
vn 0.000000 -1.000000 0.000000
vn 0.000000 -1.000000 0.000000
vn 0.000000 1.000000 0.000000
vn 0.000000 1.000000 0.000000
vn 0.000000 1.000000 0.000000
vn 0.000000 1.000000 0.000000
vn 0.000000 1.000000 0.000000
vn 0.000000 1.000000 0.000000
vn 0.000000 1.000000 0.000000
vn 0.000000 1.000000 0.000000
vn 0.000000 -1.000000 0.000000
vn 0.000000 -1.000000 0.000000
vn 0.000000 -1.000000 0.000000
vn 0.000000 -1.000000 0.000000
vn 0.000000 -1.000000 0.000000
vn 0.000000 -1.000000 0.000000
vn 0.000000 -1.000000 0.000000
vn 0.000000 -1.000000 0.000000
vn 0.000000 1.000000 0.000000
vn 0.000000 1.000000 0.000000
vn 0.000000 1.000000 0.000000
vn 0.000000 1.000000 0.000000
vn 0.000000 1.000000 0.000000
vn 0.000000 1.000000 0.000000
vn 0.000000 1.000000 0.000000
vn 0.000000 1.000000 0.000000
vn 0.000000 -1.000000 0.000000
vn 0.000000 -1.000000 0.000000
vn 0.000000 -1.000000 0.000000
vn 0.000000 -1.000000 0.000000
vn 0.000000 1.000000 0.000000
vn 0.000000 1.000000 0.000000
vn 0.000000 1.000000 0.000000
vn 0.000000 1.000000 0.000000
vn -0.223376 -0.974732 0.000000
vn -0.223376 -0.974732 0.000000
vn -0.157951 -0.689240 -0.707107
vn -0.157951 -0.689240 0.707107
vn -0.157951 -0.689240 -0.707107
vn -0.157951 -0.689240 0.707107
vn 0.000000 0.000000 -1.000000
vn 0.000000 0.000000 1.000000
vn 0.000000 0.000000 1.000000
vn 0.000000 0.000000 -1.000000
vn 0.000000 0.000000 1.000000
vn 0.000000 0.000000 1.000000
vn 0.157951 0.689240 -0.707107
vn 0.157951 0.689240 0.707107
vn 0.157951 0.689240 -0.707107
vn 0.157951 0.689240 0.707107
vn 0.223376 0.974732 0.000000
vn 0.223376 0.974732 0.000000
vn -0.253359 -0.967372 0.000000
vn -0.253359 -0.967372 0.000000
vn -0.179152 -0.684035 -0.707107
vn -0.179152 -0.684035 0.707107
vn -0.179152 -0.684035 -0.707107
vn -0.179152 -0.684035 0.707107
vn 0.000000 -1.000000 0.000000
vn 0.000000 -1.000000 0.000000
vn 0.000000 -1.000000 0.000000
vn 0.000000 -1.000000 0.000000
vn 0.000000 -1.000000 0.000000
vn 0.000000 -1.000000 0.000000
vn 0.000000 -1.000000 0.000000
vn 0.000000 -1.000000 0.000000
vn 0.000000 -1.000000 0.000000
vn 0.000000 -1.000000 0.000000
vn 0.000000 -1.000000 0.000000
vn 0.000000 -1.000000 0.000000
vn 0.000000 -1.000000 0.000000
vn 0.000000 -1.000000 0.000000
vn 0.000000 -1.000000 0.000000
vn 0.000000 -1.000000 0.000000
vn 0.000000 -1.000000 0.000000
vn 0.000000 -1.000000 0.000000
vn 0.000000 -1.000000 0.000000
vn 0.000000 -1.000000 0.000000
vn 0.000000 1.000000 0.000000
vn 0.000000 1.000000 0.000000
vn 0.000000 1.000000 0.000000
vn 0.000000 1.000000 0.000000
vn 0.000000 1.000000 0.000000
vn 0.000000 1.000000 0.000000
vn 0.000000 1.000000 0.000000
vn 0.000000 1.000000 0.000000
vn 0.000000 1.000000 0.000000
vn 0.000000 1.000000 0.000000
vn 0.000000 1.000000 0.000000
vn 0.000000 1.000000 0.000000
vn 0.000000 1.000000 0.000000
vn 0.000000 1.000000 0.000000
vn 0.000000 1.000000 0.000000
vn 0.000000 1.000000 0.000000
vn 0.000000 1.000000 0.000000
vn 0.000000 1.000000 0.000000
vn 0.000000 1.000000 0.000000
vn 0.000000 1.000000 0.000000
vn 0.000000 -1.000000 0.000000
vn 0.000000 -1.000000 0.000000
vn 0.000000 -1.000000 0.000000
vn 0.000000 -1.000000 0.000000
vn 0.000000 -1.000000 0.000000
vn 0.000000 -1.000000 0.000000
vn 0.000000 -1.000000 0.000000
vn 0.000000 -1.000000 0.000000
vn 0.000000 1.000000 0.000000
vn 0.000000 1.000000 0.000000
vn 0.000000 1.000000 0.000000
vn 0.000000 1.000000 0.000000
vn 0.000000 1.000000 0.000000
vn 0.000000 1.000000 0.000000
vn 0.000000 1.000000 0.000000
vn 0.000000 1.000000 0.000000
vn 0.000000 -1.000000 0.000000
vn 0.000000 -1.000000 0.000000
vn 0.000000 -1.000000 0.000000
vn 0.000000 -1.000000 0.000000
vn 0.000000 -1.000000 0.000000
vn 0.000000 -1.000000 0.000000
vn 0.000000 -1.000000 0.000000
vn 0.000000 -1.000000 0.000000
vn 0.000000 1.000000 0.000000
vn 0.000000 1.000000 0.000000
vn 0.000000 1.000000 0.000000
vn 0.000000 1.000000 0.000000
vn 0.000000 1.000000 0.000000
vn 0.000000 1.000000 0.000000
vn 0.000000 1.000000 0.000000
vn 0.000000 1.000000 0.000000
vn 0.000000 -1.000000 0.000000
vn 0.000000 -1.000000 0.000000
vn 0.000000 -1.000000 0.000000
vn 0.000000 -1.000000 0.000000
vn 0.000000 0.000000 -1.000000
vn 0.000000 1.000000 0.000000
vn 0.000000 1.000000 0.000000
vn 0.000000 0.000000 1.000000
vn 0.000000 0.000000 1.000000
vn 0.000000 0.000000 -1.000000
vn 0.000000 1.000000 0.000000
vn 0.000000 1.000000 0.000000
vn 0.000000 0.000000 1.000000
vn 0.000000 0.000000 1.000000
vn 0.179152 0.684035 -0.707107
vn 0.179152 0.684035 0.707107
vn 0.179152 0.684035 -0.707107
vn 0.179152 0.684035 0.707107
vn 0.253359 0.967372 0.000000
vn 0.253359 0.967372 0.000000
vn -0.282630 -0.959229 0.000000
vn -0.282630 -0.959229 0.000000
vn -0.199850 -0.678277 -0.707107
vn -0.199850 -0.678277 0.707107
vn -0.199850 -0.678277 -0.707107
vn -0.199850 -0.678277 0.707107
vn 0.000000 0.000000 -1.000000
vn 0.000000 0.000000 1.000000
vn 0.000000 0.000000 1.000000
vn 0.000000 0.000000 -1.000000
vn 0.000000 0.000000 1.000000
vn 0.000000 0.000000 1.000000
vn 0.199850 0.678277 -0.707107
vn 0.199850 0.678277 0.707107
vn 0.199850 0.678277 -0.707107
vn 0.199850 0.678277 0.707107
vn 0.282630 0.959229 0.000000
vn 0.282630 0.959229 0.000000
vn 0.000000 -1.000000 0.000000
vn 0.000000 -1.000000 0.000000
vn 0.000000 -1.000000 0.000000
vn 0.000000 -1.000000 0.000000
vn 0.000000 -1.000000 0.000000
vn 0.000000 -1.000000 0.000000
vn 0.000000 -1.000000 0.000000
vn 0.000000 -1.000000 0.000000
vn 0.000000 -1.000000 0.000000
vn 0.000000 -1.000000 0.000000
vn 0.000000 -1.000000 0.000000
vn 0.000000 -1.000000 0.000000
vn 0.000000 -1.000000 0.000000
vn 0.000000 -1.000000 0.000000
vn 0.000000 -1.000000 0.000000
vn 0.000000 -1.000000 0.000000
vn 0.000000 -1.000000 0.000000
vn 0.000000 -1.000000 0.000000
vn 0.000000 -1.000000 0.000000
vn 0.000000 -1.000000 0.000000
vn 0.000000 1.000000 0.000000
vn 0.000000 1.000000 0.000000
vn 0.000000 1.000000 0.000000
vn 0.000000 1.000000 0.000000
vn 0.000000 1.000000 0.000000
vn 0.000000 1.000000 0.000000
vn 0.000000 1.000000 0.000000
vn 0.000000 1.000000 0.000000
vn 0.000000 1.000000 0.000000
vn 0.000000 1.000000 0.000000
vn 0.000000 1.000000 0.000000
vn 0.000000 1.000000 0.000000
vn 0.000000 1.000000 0.000000
vn 0.000000 1.000000 0.000000
vn 0.000000 1.000000 0.000000
vn 0.000000 1.000000 0.000000
vn 0.000000 1.000000 0.000000
vn 0.000000 1.000000 0.000000
vn 0.000000 1.000000 0.000000
vn 0.000000 1.000000 0.000000
vn 0.000000 -1.000000 0.000000
vn 0.000000 -1.000000 0.000000
vn 0.000000 -1.000000 0.000000
vn 0.000000 -1.000000 0.000000
vn 0.000000 -1.000000 0.000000
vn 0.000000 -1.000000 0.000000
vn 0.000000 -1.000000 0.000000
vn 0.000000 -1.000000 0.000000
vn 0.000000 1.000000 0.000000
vn 0.000000 1.000000 0.000000
vn 0.000000 1.000000 0.000000
vn 0.000000 1.000000 0.000000
vn 0.000000 1.000000 0.000000
vn 0.000000 1.000000 0.000000
vn 0.000000 1.000000 0.000000
vn 0.000000 1.000000 0.000000
vn 0.000000 -1.000000 0.000000
vn 0.000000 -1.000000 0.000000
vn 0.000000 -1.000000 0.000000
vn 0.000000 -1.000000 0.000000
vn 0.000000 -1.000000 0.000000
vn 0.000000 -1.000000 0.000000
vn 0.000000 -1.000000 0.000000
vn 0.000000 -1.000000 0.000000
vn 0.000000 1.000000 0.000000
vn 0.000000 1.000000 0.000000
vn 0.000000 1.000000 0.000000
vn 0.000000 1.000000 0.000000
vn 0.000000 1.000000 0.000000
vn 0.000000 1.000000 0.000000
vn 0.000000 1.000000 0.000000
vn 0.000000 1.000000 0.000000
vn 0.000000 -1.000000 0.000000
vn 0.000000 -1.000000 0.000000
vn 0.000000 -1.000000 0.000000
vn 0.000000 -1.000000 0.000000
vn 0.000000 1.000000 0.000000
vn 0.000000 1.000000 0.000000
vn 0.000000 1.000000 0.000000
vn 0.000000 1.000000 0.000000
vn -0.311132 -0.950367 0.000000
vn -0.311132 -0.950367 0.000000
vn -0.220004 -0.672011 -0.707107
vn -0.220004 -0.672011 0.707107
vn -0.220004 -0.672011 -0.707107
vn -0.220004 -0.672011 0.707107
vn 0.000000 0.000000 -1.000000
vn 0.000000 0.000000 1.000000
vn 0.000000 0.000000 1.000000
vn 0.000000 0.000000 -1.000000
vn 0.000000 0.000000 1.000000
vn 0.000000 0.000000 1.000000
vn 0.220004 0.672011 -0.707107
vn 0.220004 0.672011 0.707107
vn 0.220004 0.672011 -0.707107
vn 0.220004 0.672011 0.707107
vn 0.311132 0.950367 0.000000
vn 0.311132 0.950367 0.000000
vn -0.991756 -0.063693 -0.111194
vn -0.991756 -0.063693 -0.111194
vn -0.997885 -0.018431 0.062341
vn -0.997885 -0.018431 0.062341
vn -0.998824 0.036227 -0.032206
vn -0.998824 0.036227 -0.032206
vn -0.997401 0.036175 0.062311
vn -0.997401 0.036175 0.062311
vn -0.155429 -0.987171 -0.036529
vn -0.380758 -0.923521 0.046185
vn -0.250222 -0.059206 -0.966377
vn -0.250222 -0.059206 -0.966377
vn -0.250222 -0.059206 -0.966377
vn -0.151418 -0.035828 0.987820
vn -0.151418 -0.035828 0.987820
vn -0.151418 -0.035828 0.987820
vn -0.253568 0.030553 -0.966835
vn -0.253568 0.030553 -0.966835
vn -0.253568 0.030553 -0.966835
vn -0.376524 0.045368 0.925295
vn -0.376524 0.045368 0.925295
vn -0.376524 0.045368 0.925295
vn -0.155429 0.987171 -0.036529
vn -0.380758 0.923521 0.046185
vn -0.338819 -0.940852 0.000000
vn -0.338819 -0.940852 0.000000
vn -0.239581 -0.665283 -0.707107
vn -0.239581 -0.665283 0.707107
vn -0.239581 -0.665283 -0.707107
vn -0.239581 -0.665283 0.707107
vn 0.000000 0.000000 -1.000000
vn 0.000000 0.000000 1.000000
vn 0.000000 0.000000 1.000000
vn 0.000000 0.000000 -1.000000
vn 0.000000 0.000000 1.000000
vn 0.000000 0.000000 1.000000
vn 0.239581 0.665283 -0.707107
vn 0.239581 0.665283 0.707107
vn 0.239581 0.665283 -0.707107
vn 0.239581 0.665283 0.707107
vn 0.338819 0.940852 0.000000
vn 0.338819 0.940852 0.000000
vn 0.000000 -1.000000 0.000000
vn 0.000000 -1.000000 0.000000
vn 0.000000 -1.000000 0.000000
vn 0.000000 -1.000000 0.000000
vn 0.000000 -1.000000 0.000000
vn 0.000000 -1.000000 0.000000
vn 0.000000 -1.000000 0.000000
vn 0.000000 -1.000000 0.000000
vn 0.000000 -1.000000 0.000000
vn 0.000000 -1.000000 0.000000
vn 0.000000 -1.000000 0.000000
vn 0.000000 -1.000000 0.000000
vn 0.000000 -1.000000 0.000000
vn 0.000000 -1.000000 0.000000
vn 0.000000 -1.000000 0.000000
vn 0.000000 -1.000000 0.000000
vn 0.000000 -1.000000 0.000000
vn 0.000000 -1.000000 0.000000
vn 0.000000 -1.000000 0.000000
vn 0.000000 -1.000000 0.000000
vn 0.000000 1.000000 0.000000
vn 0.000000 1.000000 0.000000
vn 0.000000 1.000000 0.000000
vn 0.000000 1.000000 0.000000
vn 0.000000 1.000000 0.000000
vn 0.000000 1.000000 0.000000
vn 0.000000 1.000000 0.000000
vn 0.000000 1.000000 0.000000
vn 0.000000 1.000000 0.000000
vn 0.000000 1.000000 0.000000
vn 0.000000 1.000000 0.000000
vn 0.000000 1.000000 0.000000
vn 0.000000 1.000000 0.000000
vn 0.000000 1.000000 0.000000
vn 0.000000 1.000000 0.000000
vn 0.000000 1.000000 0.000000
vn 0.000000 1.000000 0.000000
vn 0.000000 1.000000 0.000000
vn 0.000000 1.000000 0.000000
vn 0.000000 1.000000 0.000000
vn 0.000000 -1.000000 0.000000
vn 0.000000 -1.000000 0.000000
vn 0.000000 -1.000000 0.000000
vn 0.000000 -1.000000 0.000000
vn 0.000000 -1.000000 0.000000
vn 0.000000 -1.000000 0.000000
vn 0.000000 -1.000000 0.000000
vn 0.000000 -1.000000 0.000000
vn 0.000000 1.000000 0.000000
vn 0.000000 1.000000 0.000000
vn 0.000000 1.000000 0.000000
vn 0.000000 1.000000 0.000000
vn 0.000000 1.000000 0.000000
vn 0.000000 1.000000 0.000000
vn 0.000000 1.000000 0.000000
vn 0.000000 1.000000 0.000000
vn 0.000000 -1.000000 0.000000
vn 0.000000 -1.000000 0.000000
vn 0.000000 -1.000000 0.000000
vn 0.000000 -1.000000 0.000000
vn 0.000000 -1.000000 0.000000
vn 0.000000 -1.000000 0.000000
vn 0.000000 -1.000000 0.000000
vn 0.000000 -1.000000 0.000000
vn 0.000000 1.000000 0.000000
vn 0.000000 1.000000 0.000000
vn 0.000000 1.000000 0.000000
vn 0.000000 1.000000 0.000000
vn 0.000000 1.000000 0.000000
vn 0.000000 1.000000 0.000000
vn 0.000000 1.000000 0.000000
vn 0.000000 1.000000 0.000000
vn 0.000000 -1.000000 0.000000
vn 0.000000 -1.000000 0.000000
vn 0.000000 -1.000000 0.000000
vn 0.000000 -1.000000 0.000000
vn 0.000000 1.000000 0.000000
vn 0.000000 1.000000 0.000000
vn 0.000000 1.000000 0.000000
vn 0.000000 1.000000 0.000000
vn 0.245101 -0.964337 -0.099895
vn 0.250989 -0.966549 0.052796
vn 0.153788 -0.020983 -0.987881
vn 0.153788 -0.020983 -0.987881
vn 0.153788 -0.020983 -0.987881
vn 0.256743 -0.035031 0.965845
vn 0.256743 -0.035031 0.965845
vn 0.256743 -0.035031 0.965845
vn 0.383599 0.026653 -0.923115
vn 0.383599 0.026653 -0.923115
vn 0.383599 0.026653 -0.923115
vn 0.256860 0.017847 0.966284
vn 0.256860 0.017847 0.966284
vn 0.256860 0.017847 0.966284
vn 0.245101 0.964337 -0.099895
vn 0.250989 0.966549 0.052796
vn 0.991756 -0.063693 -0.111194
vn 0.991756 -0.063693 -0.111194
vn 0.997885 -0.018431 0.062341
vn 0.997885 -0.018431 0.062341
vn 0.998824 0.036227 -0.032206
vn 0.998824 0.036227 -0.032206
vn 0.997401 0.036175 0.062311
vn 0.997401 0.036175 0.062311
vn -0.928477 -0.371391 0.000000
vn 0.000000 1.000000 0.000000
vn -0.928477 -0.371391 0.000000
vn 0.000000 1.000000 0.000000
vn -0.883034 -0.371391 -0.286915
vn 0.000000 1.000000 0.000000
vn -0.883034 -0.371391 0.286915
vn 0.000000 1.000000 0.000000
vn -0.883034 -0.371391 -0.286915
vn 0.000000 1.000000 0.000000
vn -0.883034 -0.371391 0.286915
vn 0.000000 1.000000 0.000000
vn -0.365652 -0.930752 0.000000
vn -0.365652 -0.930752 0.000000
vn -0.258555 -0.658141 -0.707107
vn -0.258555 -0.658141 0.707107
vn -0.258555 -0.658141 -0.707107
vn -0.258555 -0.658141 0.707107
vn 0.000000 0.000000 -1.000000
vn 0.000000 0.000000 1.000000
vn 0.000000 0.000000 1.000000
vn 0.000000 0.000000 -1.000000
vn 0.000000 0.000000 1.000000
vn 0.000000 0.000000 1.000000
vn 0.258555 0.658141 -0.707107
vn 0.258555 0.658141 0.707107
vn 0.258555 0.658141 -0.707107
vn 0.258555 0.658141 0.707107
vn -0.751153 -0.371391 -0.545745
vn 0.000000 1.000000 0.000000
vn -0.751153 -0.371391 0.545745
vn 0.000000 1.000000 0.000000
vn -0.751153 -0.371391 -0.545745
vn 0.000000 1.000000 0.000000
vn -0.751153 -0.371391 0.545745
vn 0.000000 1.000000 0.000000
vn 0.365652 0.930752 0.000000
vn 0.365652 0.930752 0.000000
vn -0.999933 0.011538 0.000000
vn 0.000000 -1.000000 0.000000
vn -0.999933 0.011538 0.000000
vn 0.000000 -1.000000 0.000000
vn -0.950993 0.011538 -0.308996
vn 0.000000 -1.000000 0.000000
vn -0.950993 0.011538 0.308996
vn 0.000000 -1.000000 0.000000
vn -0.950993 0.011538 -0.308996
vn 0.000000 -1.000000 0.000000
vn -0.950993 0.011538 0.308996
vn 0.000000 -1.000000 0.000000
vn -0.808963 0.011538 -0.587746
vn 0.000000 -1.000000 0.000000
vn -0.808963 0.011538 0.587746
vn 0.000000 -1.000000 0.000000
vn -0.808963 0.011538 -0.587746
vn 0.000000 -1.000000 0.000000
vn -0.808963 0.011538 0.587746
vn 0.000000 -1.000000 0.000000
vn -0.983031 -0.183440 0.000000
vn -0.983031 -0.183440 0.000000
vn -0.545745 -0.371391 -0.751153
vn 0.000000 1.000000 0.000000
vn -0.545745 -0.371391 0.751153
vn 0.000000 1.000000 0.000000
vn -0.545745 -0.371391 -0.751153
vn 0.000000 1.000000 0.000000
vn -0.545745 -0.371391 0.751153
vn 0.000000 1.000000 0.000000
vn -0.934918 -0.183440 -0.303773
vn -0.934918 -0.183440 0.303773
vn -0.934918 -0.183440 -0.303773
vn -0.934918 -0.183440 0.303773
vn -0.795289 -0.183440 -0.577811
vn -0.795289 -0.183440 0.577811
vn -0.795289 -0.183440 -0.577811
vn -0.795289 -0.183440 0.577811
vn -0.587746 0.011538 -0.808963
vn 0.000000 -1.000000 0.000000
vn -0.587746 0.011538 0.808963
vn 0.000000 -1.000000 0.000000
vn -0.587746 0.011538 -0.808963
vn 0.000000 -1.000000 0.000000
vn -0.587746 0.011538 0.808963
vn 0.000000 -1.000000 0.000000
vn -0.577811 -0.183440 -0.795289
vn -0.577811 -0.183440 0.795289
vn -0.577811 -0.183440 -0.795289
vn -0.577811 -0.183440 0.795289
vn 0.000000 -1.000000 0.000000
vn 0.000000 -1.000000 0.000000
vn 0.000000 -1.000000 0.000000
vn 0.000000 -1.000000 0.000000
vn 0.000000 -1.000000 0.000000
vn 0.000000 -1.000000 0.000000
vn 0.000000 -1.000000 0.000000
vn 0.000000 -1.000000 0.000000
vn 0.000000 -1.000000 0.000000
vn 0.000000 -1.000000 0.000000
vn 0.000000 -1.000000 0.000000
vn 0.000000 -1.000000 0.000000
vn 0.000000 -1.000000 0.000000
vn 0.000000 -1.000000 0.000000
vn 0.000000 -1.000000 0.000000
vn 0.000000 -1.000000 0.000000
vn 0.000000 -1.000000 0.000000
vn 0.000000 -1.000000 0.000000
vn 0.000000 -1.000000 0.000000
vn 0.000000 -1.000000 0.000000
vn 0.000000 1.000000 0.000000
vn 0.000000 1.000000 0.000000
vn 0.000000 1.000000 0.000000
vn 0.000000 1.000000 0.000000
vn 0.000000 1.000000 0.000000
vn 0.000000 1.000000 0.000000
vn 0.000000 1.000000 0.000000
vn 0.000000 1.000000 0.000000
vn 0.000000 1.000000 0.000000
vn 0.000000 1.000000 0.000000
vn 0.000000 1.000000 0.000000
vn 0.000000 1.000000 0.000000
vn 0.000000 1.000000 0.000000
vn 0.000000 1.000000 0.000000
vn 0.000000 1.000000 0.000000
vn 0.000000 1.000000 0.000000
vn 0.000000 1.000000 0.000000
vn 0.000000 1.000000 0.000000
vn 0.000000 1.000000 0.000000
vn 0.000000 1.000000 0.000000
vn 0.000000 -1.000000 0.000000
vn 0.000000 -1.000000 0.000000
vn 0.000000 -1.000000 0.000000
vn 0.000000 -1.000000 0.000000
vn 0.000000 -1.000000 0.000000
vn 0.000000 -1.000000 0.000000
vn 0.000000 -1.000000 0.000000
vn 0.000000 -1.000000 0.000000
vn 0.000000 1.000000 0.000000
vn 0.000000 1.000000 0.000000
vn 0.000000 1.000000 0.000000
vn 0.000000 1.000000 0.000000
vn 0.000000 1.000000 0.000000
vn 0.000000 1.000000 0.000000
vn 0.000000 1.000000 0.000000
vn 0.000000 1.000000 0.000000
vn 0.000000 -1.000000 0.000000
vn 0.000000 -1.000000 0.000000
vn 0.000000 -1.000000 0.000000
vn 0.000000 -1.000000 0.000000
vn 0.000000 -1.000000 0.000000
vn 0.000000 -1.000000 0.000000
vn 0.000000 -1.000000 0.000000
vn 0.000000 -1.000000 0.000000
vn 0.000000 1.000000 0.000000
vn 0.000000 1.000000 0.000000
vn 0.000000 1.000000 0.000000
vn 0.000000 1.000000 0.000000
vn 0.000000 1.000000 0.000000
vn 0.000000 1.000000 0.000000
vn 0.000000 1.000000 0.000000
vn 0.000000 1.000000 0.000000
vn 0.000000 -1.000000 0.000000
vn 0.000000 -1.000000 0.000000
vn 0.000000 -1.000000 0.000000
vn 0.000000 -1.000000 0.000000
vn 0.000000 1.000000 0.000000
vn 0.000000 1.000000 0.000000
vn 0.000000 1.000000 0.000000
vn 0.000000 1.000000 0.000000
vn -0.286915 -0.371391 -0.883034
vn 0.000000 1.000000 0.000000
vn -0.286915 -0.371391 0.883034
vn 0.000000 1.000000 0.000000
vn -0.286915 -0.371391 -0.883034
vn 0.000000 1.000000 0.000000
vn -0.286915 -0.371391 0.883034
vn 0.000000 1.000000 0.000000
vn -0.391604 -0.920134 0.000000
vn -0.391604 -0.920134 0.000000
vn -0.276906 -0.650633 -0.707107
vn -0.276906 -0.650633 0.707107
vn -0.276906 -0.650633 -0.707107
vn -0.276906 -0.650633 0.707107
vn -0.308996 0.011538 -0.950993
vn 0.000000 -1.000000 0.000000
vn -0.308996 0.011538 0.950993
vn 0.000000 -1.000000 0.000000
vn -0.308996 0.011538 -0.950993
vn 0.000000 -1.000000 0.000000
vn -0.308996 0.011538 0.950993
vn 0.000000 -1.000000 0.000000
vn 0.000000 0.000000 -1.000000
vn 0.000000 0.000000 1.000000
vn 0.000000 0.000000 1.000000
vn 0.000000 0.000000 -1.000000
vn 0.000000 0.000000 1.000000
vn 0.000000 0.000000 1.000000
vn -0.303773 -0.183440 -0.934918
vn -0.303773 -0.183440 0.934918
vn -0.303773 -0.183440 -0.934918
vn -0.303773 -0.183440 0.934918
vn 0.276906 0.650633 -0.707107
vn 0.276906 0.650633 0.707107
vn 0.276906 0.650633 -0.707107
vn 0.276906 0.650633 0.707107
vn 0.008058 -0.995932 -0.089746
vn 0.008058 -0.995932 -0.089746
vn 0.008263 -0.998855 0.047128
vn 0.008263 -0.998855 0.047128
vn 0.008373 -0.151510 -0.988420
vn 0.008187 -0.256893 0.966405
vn 0.008187 0.256893 -0.966405
vn 0.007108 0.256147 0.966612
vn 0.004249 0.998871 -0.047320
vn 0.004249 0.998871 -0.047320
vn 0.016388 0.998763 0.046936
vn 0.016388 0.998763 0.046936
vn 0.391604 0.920134 0.000000
vn 0.391604 0.920134 0.000000
vn 0.000000 -1.000000 0.000000
vn 0.000000 0.011538 -0.999933
vn 0.000000 -1.000000 0.000000
vn 0.000000 -1.000000 0.000000
vn 0.000000 0.011538 0.999933
vn 0.000000 -1.000000 0.000000
vn 0.000000 0.011538 -0.999933
vn 0.000000 -1.000000 0.000000
vn 0.000000 -1.000000 0.000000
vn 0.000000 0.011538 0.999933
vn 0.923330 -0.382417 -0.034903
vn 0.923330 -0.382417 -0.034903
vn 0.987373 -0.151349 0.046775
vn 0.987373 -0.151349 0.046775
vn 0.987373 -0.151349 0.046775
vn 0.966773 0.252493 -0.039964
vn 0.966773 0.252493 -0.039964
vn 0.966773 0.252493 -0.039964
vn 0.965426 0.256632 0.045736
vn 0.965426 0.256632 0.045736
vn 0.965426 0.256632 0.045736
vn 0.000000 -0.183440 -0.983031
vn 0.000000 -0.183440 0.983031
vn 0.000000 -0.183440 -0.983031
vn 0.000000 -0.183440 0.983031
vn 0.000000 -0.371391 -0.928477
vn 0.000000 1.000000 0.000000
vn 0.000000 1.000000 0.000000
vn 0.000000 -0.371391 0.928477
vn 0.000000 1.000000 0.000000
vn 0.000000 -0.371391 -0.928477
vn 0.000000 1.000000 0.000000
vn 0.000000 1.000000 0.000000
vn 0.000000 -0.371391 0.928477
vn 0.000000 1.000000 0.000000
vn 0.303773 -0.183440 -0.934918
vn 0.303773 -0.183440 0.934918
vn 0.303773 -0.183440 -0.934918
vn 0.303773 -0.183440 0.934918
vn 0.000000 -1.000000 0.000000
vn 0.308996 0.011538 -0.950993
vn 0.000000 -1.000000 0.000000
vn 0.308996 0.011538 0.950993
vn 0.000000 -1.000000 0.000000
vn 0.308996 0.011538 -0.950993
vn 0.000000 -1.000000 0.000000
vn 0.308996 0.011538 0.950993
vn 0.000000 1.000000 0.000000
vn 0.286915 -0.371391 -0.883034
vn 0.000000 1.000000 0.000000
vn 0.286915 -0.371391 0.883034
vn 0.000000 1.000000 0.000000
vn 0.286915 -0.371391 -0.883034
vn 0.000000 1.000000 0.000000
vn 0.286915 -0.371391 0.883034
vn 0.577811 -0.183440 -0.795289
vn 0.577811 -0.183440 0.795289
vn 0.577811 -0.183440 -0.795289
vn 0.577811 -0.183440 0.795289
vn -0.416655 -0.909065 0.000000
vn -0.416655 -0.909065 0.000000
vn -0.294619 -0.642806 -0.707107
vn -0.294619 -0.642806 0.707107
vn -0.294619 -0.642806 -0.707107
vn -0.294619 -0.642806 0.707107
vn 0.000000 0.000000 -1.000000
vn 0.000000 0.000000 1.000000
vn 0.000000 0.000000 1.000000
vn 0.000000 0.000000 -1.000000
vn 0.000000 0.000000 1.000000
vn 0.000000 0.000000 1.000000
vn 0.000000 -1.000000 0.000000
vn 0.587746 0.011538 -0.808963
vn 0.000000 -1.000000 0.000000
vn 0.587746 0.011538 0.808963
vn 0.000000 -1.000000 0.000000
vn 0.587746 0.011538 -0.808963
vn 0.000000 -1.000000 0.000000
vn 0.587746 0.011538 0.808963
vn 0.795289 -0.183440 -0.577811
vn 0.795289 -0.183440 0.577811
vn 0.795289 -0.183440 -0.577811
vn 0.795289 -0.183440 0.577811
vn 0.294619 0.642806 -0.707107
vn 0.294619 0.642806 0.707107
vn 0.294619 0.642806 -0.707107
vn 0.294619 0.642806 0.707107
vn 0.416655 0.909065 0.000000
vn 0.416655 0.909065 0.000000
vn 0.934918 -0.183440 -0.303773
vn 0.934918 -0.183440 0.303773
vn 0.934918 -0.183440 -0.303773
vn 0.934918 -0.183440 0.303773
vn 0.000000 1.000000 0.000000
vn 0.545745 -0.371391 -0.751153
vn 0.000000 1.000000 0.000000
vn 0.545745 -0.371391 0.751153
vn 0.000000 1.000000 0.000000
vn 0.545745 -0.371391 -0.751153
vn 0.000000 1.000000 0.000000
vn 0.545745 -0.371391 0.751153
vn 0.983031 -0.183440 0.000000
vn 0.983031 -0.183440 0.000000
vn 0.983031 -0.183440 0.000000
vn 0.983031 -0.183440 0.000000
vn 0.000000 -1.000000 0.000000
vn 0.808963 0.011538 -0.587746
vn 0.000000 -1.000000 0.000000
vn 0.808963 0.011538 0.587746
vn 0.000000 -1.000000 0.000000
vn 0.808963 0.011538 -0.587746
vn 0.000000 -1.000000 0.000000
vn 0.808963 0.011538 0.587746
vn 0.000000 -1.000000 0.000000
vn 0.000000 -1.000000 0.000000
vn 0.000000 -1.000000 0.000000
vn 0.000000 -1.000000 0.000000
vn 0.000000 -1.000000 0.000000
vn 0.000000 -1.000000 0.000000
vn 0.000000 -1.000000 0.000000
vn 0.000000 -1.000000 0.000000
vn 0.000000 -1.000000 0.000000
vn 0.000000 -1.000000 0.000000
vn 0.000000 -1.000000 0.000000
vn 0.000000 -1.000000 0.000000
vn 0.000000 -1.000000 0.000000
vn 0.000000 -1.000000 0.000000
vn 0.000000 -1.000000 0.000000
vn 0.000000 -1.000000 0.000000
vn 0.000000 -1.000000 0.000000
vn 0.000000 -1.000000 0.000000
vn 0.000000 -1.000000 0.000000
vn 0.000000 -1.000000 0.000000
vn 0.000000 1.000000 0.000000
vn 0.000000 1.000000 0.000000
vn 0.000000 1.000000 0.000000
vn 0.000000 1.000000 0.000000
vn 0.000000 1.000000 0.000000
vn 0.000000 1.000000 0.000000
vn 0.000000 1.000000 0.000000
vn 0.000000 1.000000 0.000000
vn 0.000000 1.000000 0.000000
vn 0.000000 1.000000 0.000000
vn 0.000000 1.000000 0.000000
vn 0.000000 1.000000 0.000000
vn 0.000000 1.000000 0.000000
vn 0.000000 1.000000 0.000000
vn 0.000000 1.000000 0.000000
vn 0.000000 1.000000 0.000000
vn 0.000000 1.000000 0.000000
vn 0.000000 1.000000 0.000000
vn 0.000000 1.000000 0.000000
vn 0.000000 1.000000 0.000000
vn 0.000000 -1.000000 0.000000
vn 0.000000 -1.000000 0.000000
vn 0.000000 -1.000000 0.000000
vn 0.000000 -1.000000 0.000000
vn 0.000000 -1.000000 0.000000
vn 0.000000 -1.000000 0.000000
vn 0.000000 -1.000000 0.000000
vn 0.000000 -1.000000 0.000000
vn 0.000000 1.000000 0.000000
vn 0.000000 1.000000 0.000000
vn 0.000000 1.000000 0.000000
vn 0.000000 1.000000 0.000000
vn 0.000000 1.000000 0.000000
vn 0.000000 1.000000 0.000000
vn 0.000000 1.000000 0.000000
vn 0.000000 1.000000 0.000000
vn 0.000000 -1.000000 0.000000
vn 0.000000 -1.000000 0.000000
vn 0.000000 -1.000000 0.000000
vn 0.000000 -1.000000 0.000000
vn 0.000000 -1.000000 0.000000
vn 0.000000 -1.000000 0.000000
vn 0.000000 -1.000000 0.000000
vn 0.000000 -1.000000 0.000000
vn 0.000000 1.000000 0.000000
vn 0.000000 1.000000 0.000000
vn 0.000000 1.000000 0.000000
vn 0.000000 1.000000 0.000000
vn 0.000000 1.000000 0.000000
vn 0.000000 1.000000 0.000000
vn 0.000000 1.000000 0.000000
vn 0.000000 1.000000 0.000000
vn 0.000000 -1.000000 0.000000
vn 0.000000 -1.000000 0.000000
vn 0.000000 -1.000000 0.000000
vn 0.000000 -1.000000 0.000000
vn 0.000000 1.000000 0.000000
vn 0.000000 1.000000 0.000000
vn 0.000000 1.000000 0.000000
vn 0.000000 1.000000 0.000000
vn 0.000000 -1.000000 0.000000
vn 0.950993 0.011538 -0.308996
vn 0.000000 -1.000000 0.000000
vn 0.950993 0.011538 0.308996
vn 0.000000 -1.000000 0.000000
vn 0.950993 0.011538 -0.308996
vn 0.000000 -1.000000 0.000000
vn 0.950993 0.011538 0.308996
vn 0.000000 -1.000000 0.000000
vn 0.999933 0.011538 0.000000
vn 0.999933 0.011538 0.000000
vn 0.000000 -1.000000 0.000000
vn 0.999933 0.011538 0.000000
vn 0.999933 0.011538 0.000000
vn 0.000000 1.000000 0.000000
vn 0.751153 -0.371391 -0.545745
vn 0.000000 1.000000 0.000000
vn 0.751153 -0.371391 0.545745
vn 0.000000 1.000000 0.000000
vn 0.751153 -0.371391 -0.545745
vn 0.000000 1.000000 0.000000
vn 0.751153 -0.371391 0.545745
vn 0.000000 1.000000 0.000000
vn 0.883034 -0.371391 -0.286915
vn 0.000000 1.000000 0.000000
vn 0.883034 -0.371391 0.286915
vn 0.000000 1.000000 0.000000
vn 0.883034 -0.371391 -0.286915
vn 0.000000 1.000000 0.000000
vn 0.883034 -0.371391 0.286915
vn 0.000000 1.000000 0.000000
vn 0.928477 -0.371391 0.000000
vn 0.928477 -0.371391 0.000000
vn 0.000000 1.000000 0.000000
vn 0.928477 -0.371391 0.000000
vn 0.928477 -0.371391 0.000000
vn -0.440791 -0.897610 0.000000
vn -0.440791 -0.897610 0.000000
vn -0.311686 -0.634706 -0.707107
vn -0.311686 -0.634706 0.707107
vn -0.311686 -0.634706 -0.707107
vn -0.311686 -0.634706 0.707107
vn 0.000000 0.000000 -1.000000
vn 0.000000 0.000000 1.000000
vn 0.000000 0.000000 1.000000
vn 0.000000 0.000000 -1.000000
vn 0.000000 0.000000 1.000000
vn 0.000000 0.000000 1.000000
vn 0.311686 0.634706 -0.707107
vn 0.311686 0.634706 0.707107
vn 0.311686 0.634706 -0.707107
vn 0.311686 0.634706 0.707107
vn 0.440791 0.897610 0.000000
vn 0.440791 0.897610 0.000000
vn -0.452514 -0.891757 0.000000
vn 0.891757 -0.452514 0.000000
vn 0.891757 -0.452514 0.000000
vn -0.452514 -0.891757 0.000000
vn 0.891757 -0.452514 0.000000
vn 0.891757 -0.452514 0.000000
vn -0.319976 -0.630568 -0.707107
vn 0.891757 -0.452514 0.000000
vn 0.891757 -0.452514 0.000000
vn -0.319976 -0.630568 0.707107
vn 0.891757 -0.452514 0.000000
vn 0.891757 -0.452514 0.000000
vn -0.319976 -0.630568 -0.707107
vn 0.891757 -0.452514 0.000000
vn 0.891757 -0.452514 0.000000
vn -0.319976 -0.630568 0.707107
vn 0.891757 -0.452514 0.000000
vn 0.891757 -0.452514 0.000000
vn 0.000000 -1.000000 0.000000
vn 0.000000 -1.000000 0.000000
vn 0.000000 -1.000000 0.000000
vn 0.000000 -1.000000 0.000000
vn 0.000000 -1.000000 0.000000
vn 0.000000 -1.000000 0.000000
vn 0.000000 -1.000000 0.000000
vn 0.000000 -1.000000 0.000000
vn 0.000000 -1.000000 0.000000
vn 0.000000 -1.000000 0.000000
vn 0.000000 1.000000 0.000000
vn 0.000000 1.000000 0.000000
vn 0.000000 1.000000 0.000000
vn 0.000000 1.000000 0.000000
vn 0.000000 1.000000 0.000000
vn 0.000000 1.000000 0.000000
vn 0.000000 1.000000 0.000000
vn 0.000000 1.000000 0.000000
vn 0.000000 1.000000 0.000000
vn 0.000000 1.000000 0.000000
vn 0.000000 -1.000000 0.000000
vn 0.000000 -1.000000 0.000000
vn 0.000000 -1.000000 0.000000
vn 0.000000 -1.000000 0.000000
vn 0.000000 1.000000 0.000000
vn 0.000000 1.000000 0.000000
vn 0.000000 1.000000 0.000000
vn 0.000000 1.000000 0.000000
vn 0.000000 -1.000000 0.000000
vn 0.000000 -1.000000 0.000000
vn 0.000000 -1.000000 0.000000
vn 0.000000 -1.000000 0.000000
vn 0.000000 1.000000 0.000000
vn 0.000000 1.000000 0.000000
vn 0.000000 1.000000 0.000000
vn 0.000000 1.000000 0.000000
vn 0.000000 -1.000000 0.000000
vn 0.000000 -1.000000 0.000000
vn 0.000000 0.000000 -1.000000
vn 0.891757 -0.452514 0.000000
vn 0.891757 -0.452514 0.000000
vn 0.000000 1.000000 0.000000
vn 0.891757 -0.452514 0.000000
vn 0.000000 0.000000 1.000000
vn 0.000000 0.000000 1.000000
vn 0.891757 -0.452514 0.000000
vn 0.891757 -0.452514 0.000000
vn 0.000000 0.000000 -1.000000
vn 0.891757 -0.452514 0.000000
vn 0.891757 -0.452514 0.000000
vn 0.000000 1.000000 0.000000
vn 0.891757 -0.452514 0.000000
vn 0.000000 0.000000 1.000000
vn 0.000000 0.000000 1.000000
vn 0.891757 -0.452514 0.000000
vn 0.891757 -0.452514 0.000000
vn 0.319976 0.630568 -0.707107
vn 0.891757 -0.452514 0.000000
vn 0.891757 -0.452514 0.000000
vn 0.319976 0.630568 0.707107
vn 0.891757 -0.452514 0.000000
vn 0.891757 -0.452514 0.000000
vn 0.319976 0.630568 -0.707107
vn 0.891757 -0.452514 0.000000
vn 0.891757 -0.452514 0.000000
vn 0.319976 0.630568 0.707107
vn 0.891757 -0.452514 0.000000
vn 0.891757 -0.452514 0.000000
vn 0.452514 0.891757 0.000000
vn 0.891757 -0.452514 0.000000
vn 0.891757 -0.452514 0.000000
vn 0.452514 0.891757 0.000000
vn 0.891757 -0.452514 0.000000
vn 0.891757 -0.452514 0.000000
usemtl Cloth
s 1
f 61/61/61 210/210/210 220/220/220
f 55/55/55 216/216/216 202/202/202
f 61/61/61 52/52/52 210/210/210
f 55/55/55 202/202/202 48/48/48
f 219/219/219 451/451/451 461/461/461
f 215/215/215 457/457/457 443/443/443
f 219/219/219 208/208/208 451/451/451
f 215/215/215 443/443/443 200/200/200
f 460/460/460 649/649/649 659/659/659
f 456/456/456 655/655/655 641/641/641
f 460/460/460 449/449/449 649/649/649
f 456/456/456 641/641/641 441/441/441
f 658/658/658 789/789/789 799/799/799
f 654/654/654 795/795/795 781/781/781
f 658/658/658 647/647/647 789/789/789
f 654/654/654 781/781/781 639/639/639
f 798/798/798 893/893/893 904/904/904
f 794/794/794 899/899/899 885/885/885
f 798/798/798 787/787/787 893/893/893
f 794/794/794 885/885/885 779/779/779
f 903/903/903 1003/1003/1003 1013/1013/1013
f 898/898/898 1009/1009/1009 995/995/995
f 903/903/903 891/891/891 1003/1003/1003
f 898/898/898 995/995/995 883/883/883
f 1012/1012/1012 1119/1119/1119 1129/1129/1129
f 1008/1008/1008 1125/1125/1125 1111/1111/1111
f 1012/1012/1012 1001/1001/1001 1119/1119/1119
f 1008/1008/1008 1111/1111/1111 993/993/993
f 1128/1128/1128 1217/1217/1217 1227/1227/1227
f 1124/1124/1124 1223/1223/1223 1209/1209/1209
f 1128/1128/1128 1117/1117/1117 1217/1217/1217
f 1124/1124/1124 1209/1209/1209 1109/1109/1109
f 1226/1226/1226 1333/1333/1333 1343/1343/1343
f 1222/1222/1222 1339/1339/1339 1325/1325/1325
f 1226/1226/1226 1215/1215/1215 1333/1333/1333
f 1222/1222/1222 1325/1325/1325 1207/1207/1207
f 1342/1342/1342 1431/1431/1431 1448/1448/1448
f 1338/1338/1338 1439/1439/1439 1423/1423/1423
f 1342/1342/1342 1331/1331/1331 1431/1431/1431
f 1338/1338/1338 1423/1423/1423 1323/1323/1323
f 1447/1447/1447 1547/1547/1547 1557/1557/1557
f 1438/1438/1438 1553/1553/1553 1539/1539/1539
f 1447/1447/1447 1429/1429/1429 1547/1547/1547
f 1438/1438/1438 1539/1539/1539 1421/1421/1421
f 1556/1556/1556 1663/1663/1663 1673/1673/1673
f 1552/1552/1552 1669/1669/1669 1655/1655/1655
f 1556/1556/1556 1545/1545/1545 1663/1663/1663
f 1552/1552/1552 1655/1655/1655 1537/1537/1537
f 1672/1672/1672 1761/1761/1761 1771/1771/1771
f 1668/1668/1668 1767/1767/1767 1753/1753/1753
f 1672/1672/1672 1661/1661/1661 1761/1761/1761
f 1668/1668/1668 1753/1753/1753 1653/1653/1653
f 1770/1770/1770 1877/1877/1877 1887/1887/1887
f 1766/1766/1766 1883/1883/1883 1869/1869/1869
f 1770/1770/1770 1759/1759/1759 1877/1877/1877
f 1766/1766/1766 1869/1869/1869 1751/1751/1751
f 1886/1886/1886 1981/1981/1981 1992/1992/1992
f 1882/1882/1882 1987/1987/1987 1973/1973/1973
f 1886/1886/1886 1875/1875/1875 1981/1981/1981
f 1882/1882/1882 1973/1973/1973 1867/1867/1867
f 1991/1991/1991 2091/2091/2091 2101/2101/2101
f 1986/1986/1986 2097/2097/2097 2083/2083/2083
f 1991/1991/1991 1979/1979/1979 2091/2091/2091
f 1986/1986/1986 2083/2083/2083 1971/1971/1971
f 2100/2100/2100 2231/2231/2231 2241/2241/2241
f 2096/2096/2096 2237/2237/2237 2223/2223/2223
f 2100/2100/2100 2089/2089/2089 2231/2231/2231
f 2096/2096/2096 2223/2223/2223 2081/2081/2081
f 2240/2240/2240 2423/2423/2423 2433/2433/2433
f 2236/2236/2236 2429/2429/2429 2415/2415/2415
f 2240/2240/2240 2229/2229/2229 2423/2423/2423
f 2236/2236/2236 2415/2415/2415 2221/2221/2221
f 2432/2432/2432 2666/2666/2666 2676/2676/2676
f 2428/2428/2428 2672/2672/2672 2658/2658/2658
f 2432/2432/2432 2421/2421/2421 2666/2666/2666
f 2428/2428/2428 2658/2658/2658 2413/2413/2413
f 2675/2675/2675 2784/2784/2784 2792/2792/2792
f 2671/2671/2671 2787/2787/2787 2780/2780/2780
f 2675/2675/2675 2664/2664/2664 2784/2784/2784
f 2671/2671/2671 2780/2780/2780 2656/2656/2656
f 51/51/51 194/194/194 209/209/209
f 47/47/47 201/201/201 186/186/186
f 51/51/51 44/44/44 194/194/194
f 47/47/47 186/186/186 40/40/40
f 207/207/207 435/435/435 450/450/450
f 199/199/199 442/442/442 427/427/427
f 207/207/207 192/192/192 435/435/435
f 199/199/199 427/427/427 184/184/184
f 448/448/448 633/633/633 648/648/648
f 440/440/440 640/640/640 625/625/625
f 448/448/448 433/433/433 633/633/633
f 440/440/440 625/625/625 425/425/425
f 646/646/646 773/773/773 788/788/788
f 638/638/638 780/780/780 765/765/765
f 646/646/646 631/631/631 773/773/773
f 638/638/638 765/765/765 623/623/623
f 786/786/786 877/877/877 892/892/892
f 778/778/778 884/884/884 869/869/869
f 786/786/786 771/771/771 877/877/877
f 778/778/778 869/869/869 763/763/763
f 890/890/890 987/987/987 1002/1002/1002
f 882/882/882 994/994/994 979/979/979
f 890/890/890 875/875/875 987/987/987
f 882/882/882 979/979/979 867/867/867
f 1000/1000/1000 1103/1103/1103 1118/1118/1118
f 992/992/992 1110/1110/1110 1095/1095/1095
f 1000/1000/1000 985/985/985 1103/1103/1103
f 992/992/992 1095/1095/1095 977/977/977
f 1116/1116/1116 1201/1201/1201 1216/1216/1216
f 1108/1108/1108 1208/1208/1208 1193/1193/1193
f 1116/1116/1116 1101/1101/1101 1201/1201/1201
f 1108/1108/1108 1193/1193/1193 1093/1093/1093
f 1214/1214/1214 1317/1317/1317 1332/1332/1332
f 1206/1206/1206 1324/1324/1324 1309/1309/1309
f 1214/1214/1214 1199/1199/1199 1317/1317/1317
f 1206/1206/1206 1309/1309/1309 1191/1191/1191
f 1330/1330/1330 1415/1415/1415 1430/1430/1430
f 1322/1322/1322 1422/1422/1422 1407/1407/1407
f 1330/1330/1330 1315/1315/1315 1415/1415/1415
f 1322/1322/1322 1407/1407/1407 1307/1307/1307
f 1428/1428/1428 1531/1531/1531 1546/1546/1546
f 1420/1420/1420 1538/1538/1538 1523/1523/1523
f 1428/1428/1428 1413/1413/1413 1531/1531/1531
f 1420/1420/1420 1523/1523/1523 1405/1405/1405
f 1544/1544/1544 1647/1647/1647 1662/1662/1662
f 1536/1536/1536 1654/1654/1654 1639/1639/1639
f 1544/1544/1544 1529/1529/1529 1647/1647/1647
f 1536/1536/1536 1639/1639/1639 1521/1521/1521
f 1660/1660/1660 1745/1745/1745 1760/1760/1760
f 1652/1652/1652 1752/1752/1752 1737/1737/1737
f 1660/1660/1660 1645/1645/1645 1745/1745/1745
f 1652/1652/1652 1737/1737/1737 1637/1637/1637
f 1758/1758/1758 1861/1861/1861 1876/1876/1876
f 1750/1750/1750 1868/1868/1868 1853/1853/1853
f 1758/1758/1758 1743/1743/1743 1861/1861/1861
f 1750/1750/1750 1853/1853/1853 1735/1735/1735
f 1874/1874/1874 1965/1965/1965 1980/1980/1980
f 1866/1866/1866 1972/1972/1972 1957/1957/1957
f 1874/1874/1874 1859/1859/1859 1965/1965/1965
f 1866/1866/1866 1957/1957/1957 1851/1851/1851
f 1978/1978/1978 2075/2075/2075 2090/2090/2090
f 1970/1970/1970 2082/2082/2082 2067/2067/2067
f 1978/1978/1978 1963/1963/1963 2075/2075/2075
f 1970/1970/1970 2067/2067/2067 1955/1955/1955
f 2088/2088/2088 2215/2215/2215 2230/2230/2230
f 2080/2080/2080 2222/2222/2222 2207/2207/2207
f 2088/2088/2088 2073/2073/2073 2215/2215/2215
f 2080/2080/2080 2207/2207/2207 2065/2065/2065
f 2228/2228/2228 2407/2407/2407 2422/2422/2422
f 2220/2220/2220 2414/2414/2414 2399/2399/2399
f 2228/2228/2228 2213/2213/2213 2407/2407/2407
f 2220/2220/2220 2399/2399/2399 2205/2205/2205
f 2420/2420/2420 2650/2650/2650 2665/2665/2665
f 2412/2412/2412 2657/2657/2657 2642/2642/2642
f 2420/2420/2420 2405/2405/2405 2650/2650/2650
f 2412/2412/2412 2642/2642/2642 2397/2397/2397
f 2663/2663/2663 2776/2776/2776 2783/2783/2783
f 2655/2655/2655 2779/2779/2779 2772/2772/2772
f 2663/2663/2663 2648/2648/2648 2776/2776/2776
f 2655/2655/2655 2772/2772/2772 2640/2640/2640
f 43/43/43 178/178/178 193/193/193
f 39/39/39 185/185/185 158/158/158
f 43/43/43 36/36/36 178/178/178
f 39/39/39 158/158/158 26/26/26
f 191/191/191 419/419/419 434/434/434
f 183/183/183 426/426/426 399/399/399
f 191/191/191 176/176/176 419/419/419
f 183/183/183 399/399/399 156/156/156
f 432/432/432 617/617/617 632/632/632
f 424/424/424 624/624/624 597/597/597
f 432/432/432 417/417/417 617/617/617
f 424/424/424 597/597/597 397/397/397
f 630/630/630 757/757/757 772/772/772
f 622/622/622 764/764/764 737/737/737
f 630/630/630 615/615/615 757/757/757
f 622/622/622 737/737/737 595/595/595
f 770/770/770 861/861/861 876/876/876
f 762/762/762 868/868/868 841/841/841
f 770/770/770 755/755/755 861/861/861
f 762/762/762 841/841/841 735/735/735
f 874/874/874 971/971/971 986/986/986
f 866/866/866 978/978/978 951/951/951
f 874/874/874 859/859/859 971/971/971
f 866/866/866 951/951/951 839/839/839
f 984/984/984 1087/1087/1087 1102/1102/1102
f 976/976/976 1094/1094/1094 1067/1067/1067
f 984/984/984 969/969/969 1087/1087/1087
f 976/976/976 1067/1067/1067 949/949/949
f 1100/1100/1100 1185/1185/1185 1200/1200/1200
f 1092/1092/1092 1192/1192/1192 1165/1165/1165
f 1100/1100/1100 1085/1085/1085 1185/1185/1185
f 1092/1092/1092 1165/1165/1165 1065/1065/1065
f 1198/1198/1198 1301/1301/1301 1316/1316/1316
f 1190/1190/1190 1308/1308/1308 1281/1281/1281
f 1198/1198/1198 1183/1183/1183 1301/1301/1301
f 1190/1190/1190 1281/1281/1281 1163/1163/1163
f 1314/1314/1314 1399/1399/1399 1414/1414/1414
f 1306/1306/1306 1406/1406/1406 1379/1379/1379
f 1314/1314/1314 1299/1299/1299 1399/1399/1399
f 1306/1306/1306 1379/1379/1379 1279/1279/1279
f 1412/1412/1412 1515/1515/1515 1530/1530/1530
f 1404/1404/1404 1522/1522/1522 1495/1495/1495
f 1412/1412/1412 1397/1397/1397 1515/1515/1515
f 1404/1404/1404 1495/1495/1495 1377/1377/1377
f 1528/1528/1528 1631/1631/1631 1646/1646/1646
f 1520/1520/1520 1638/1638/1638 1611/1611/1611
f 1528/1528/1528 1513/1513/1513 1631/1631/1631
f 1520/1520/1520 1611/1611/1611 1493/1493/1493
f 1644/1644/1644 1729/1729/1729 1744/1744/1744
f 1636/1636/1636 1736/1736/1736 1709/1709/1709
f 1644/1644/1644 1629/1629/1629 1729/1729/1729
f 1636/1636/1636 1709/1709/1709 1609/1609/1609
f 1742/1742/1742 1845/1845/1845 1860/1860/1860
f 1734/1734/1734 1852/1852/1852 1825/1825/1825
f 1742/1742/1742 1727/1727/1727 1845/1845/1845
f 1734/1734/1734 1825/1825/1825 1707/1707/1707
f 1858/1858/1858 1949/1949/1949 1964/1964/1964
f 1850/1850/1850 1956/1956/1956 1929/1929/1929
f 1858/1858/1858 1843/1843/1843 1949/1949/1949
f 1850/1850/1850 1929/1929/1929 1823/1823/1823
f 1962/1962/1962 2059/2059/2059 2074/2074/2074
f 1954/1954/1954 2066/2066/2066 2039/2039/2039
f 1962/1962/1962 1947/1947/1947 2059/2059/2059
f 1954/1954/1954 2039/2039/2039 1927/1927/1927
f 2072/2072/2072 2199/2199/2199 2214/2214/2214
f 2064/2064/2064 2206/2206/2206 2179/2179/2179
f 2072/2072/2072 2057/2057/2057 2199/2199/2199
f 2064/2064/2064 2179/2179/2179 2037/2037/2037
f 2212/2212/2212 2391/2391/2391 2406/2406/2406
f 2204/2204/2204 2398/2398/2398 2371/2371/2371
f 2212/2212/2212 2197/2197/2197 2391/2391/2391
f 2204/2204/2204 2371/2371/2371 2177/2177/2177
f 2404/2404/2404 2634/2634/2634 2649/2649/2649
f 2396/2396/2396 2641/2641/2641 2614/2614/2614
f 2404/2404/2404 2389/2389/2389 2634/2634/2634
f 2396/2396/2396 2614/2614/2614 2369/2369/2369
f 2647/2647/2647 2768/2768/2768 2775/2775/2775
f 2639/2639/2639 2771/2771/2771 2758/2758/2758
f 2647/2647/2647 2632/2632/2632 2768/2768/2768
f 2639/2639/2639 2758/2758/2758 2612/2612/2612
f 35/35/35 170/170/170 177/177/177
f 25/25/25 157/157/157 150/150/150
f 35/35/35 32/32/32 170/170/170
f 25/25/25 150/150/150 22/22/22
f 175/175/175 411/411/411 418/418/418
f 155/155/155 398/398/398 391/391/391
f 175/175/175 168/168/168 411/411/411
f 155/155/155 391/391/391 148/148/148
f 416/416/416 609/609/609 616/616/616
f 396/396/396 596/596/596 589/589/589
f 416/416/416 409/409/409 609/609/609
f 396/396/396 589/589/589 389/389/389
f 614/614/614 749/749/749 756/756/756
f 594/594/594 736/736/736 729/729/729
f 614/614/614 607/607/607 749/749/749
f 594/594/594 729/729/729 587/587/587
f 754/754/754 853/853/853 860/860/860
f 734/734/734 840/840/840 833/833/833
f 754/754/754 747/747/747 853/853/853
f 734/734/734 833/833/833 727/727/727
f 858/858/858 963/963/963 970/970/970
f 838/838/838 950/950/950 943/943/943
f 858/858/858 851/851/851 963/963/963
f 838/838/838 943/943/943 831/831/831
f 968/968/968 1079/1079/1079 1086/1086/1086
f 948/948/948 1066/1066/1066 1059/1059/1059
f 968/968/968 961/961/961 1079/1079/1079
f 948/948/948 1059/1059/1059 941/941/941
f 1084/1084/1084 1177/1177/1177 1184/1184/1184
f 1064/1064/1064 1164/1164/1164 1157/1157/1157
f 1084/1084/1084 1077/1077/1077 1177/1177/1177
f 1064/1064/1064 1157/1157/1157 1057/1057/1057
f 1182/1182/1182 1293/1293/1293 1300/1300/1300
f 1162/1162/1162 1280/1280/1280 1273/1273/1273
f 1182/1182/1182 1175/1175/1175 1293/1293/1293
f 1162/1162/1162 1273/1273/1273 1155/1155/1155
f 1298/1298/1298 1391/1391/1391 1398/1398/1398
f 1278/1278/1278 1378/1378/1378 1371/1371/1371
f 1298/1298/1298 1291/1291/1291 1391/1391/1391
f 1278/1278/1278 1371/1371/1371 1271/1271/1271
f 1396/1396/1396 1507/1507/1507 1514/1514/1514
f 1376/1376/1376 1494/1494/1494 1487/1487/1487
f 1396/1396/1396 1389/1389/1389 1507/1507/1507
f 1376/1376/1376 1487/1487/1487 1369/1369/1369
f 1512/1512/1512 1623/1623/1623 1630/1630/1630
f 1492/1492/1492 1610/1610/1610 1603/1603/1603
f 1512/1512/1512 1505/1505/1505 1623/1623/1623
f 1492/1492/1492 1603/1603/1603 1485/1485/1485
f 1628/1628/1628 1721/1721/1721 1728/1728/1728
f 1608/1608/1608 1708/1708/1708 1701/1701/1701
f 1628/1628/1628 1621/1621/1621 1721/1721/1721
f 1608/1608/1608 1701/1701/1701 1601/1601/1601
f 1726/1726/1726 1837/1837/1837 1844/1844/1844
f 1706/1706/1706 1824/1824/1824 1817/1817/1817
f 1726/1726/1726 1719/1719/1719 1837/1837/1837
f 1706/1706/1706 1817/1817/1817 1699/1699/1699
f 1842/1842/1842 1941/1941/1941 1948/1948/1948
f 1822/1822/1822 1928/1928/1928 1921/1921/1921
f 1842/1842/1842 1835/1835/1835 1941/1941/1941
f 1822/1822/1822 1921/1921/1921 1815/1815/1815
f 1946/1946/1946 2051/2051/2051 2058/2058/2058
f 1926/1926/1926 2038/2038/2038 2031/2031/2031
f 1946/1946/1946 1939/1939/1939 2051/2051/2051
f 1926/1926/1926 2031/2031/2031 1919/1919/1919
f 2056/2056/2056 2191/2191/2191 2198/2198/2198
f 2036/2036/2036 2178/2178/2178 2171/2171/2171
f 2056/2056/2056 2049/2049/2049 2191/2191/2191
f 2036/2036/2036 2171/2171/2171 2029/2029/2029
f 2196/2196/2196 2383/2383/2383 2390/2390/2390
f 2176/2176/2176 2370/2370/2370 2363/2363/2363
f 2196/2196/2196 2189/2189/2189 2383/2383/2383
f 2176/2176/2176 2363/2363/2363 2169/2169/2169
f 2388/2388/2388 2626/2626/2626 2633/2633/2633
f 2368/2368/2368 2613/2613/2613 2606/2606/2606
f 2388/2388/2388 2381/2381/2381 2626/2626/2626
f 2368/2368/2368 2606/2606/2606 2361/2361/2361
f 2631/2631/2631 2764/2764/2764 2767/2767/2767
f 2611/2611/2611 2757/2757/2757 2754/2754/2754
f 2631/2631/2631 2624/2624/2624 2764/2764/2764
f 2611/2611/2611 2754/2754/2754 2604/2604/2604
f 31/31/31 166/166/166 169/169/169
f 21/21/21 149/149/149 146/146/146
f 31/31/31 30/30/30 166/166/166
f 21/21/21 146/146/146 20/20/20
f 167/167/167 407/407/407 410/410/410
f 147/147/147 390/390/390 387/387/387
f 167/167/167 164/164/164 407/407/407
f 147/147/147 387/387/387 144/144/144
f 408/408/408 605/605/605 608/608/608
f 388/388/388 588/588/588 585/585/585
f 408/408/408 405/405/405 605/605/605
f 388/388/388 585/585/585 385/385/385
f 606/606/606 745/745/745 748/748/748
f 586/586/586 728/728/728 725/725/725
f 606/606/606 603/603/603 745/745/745
f 586/586/586 725/725/725 583/583/583
f 746/746/746 849/849/849 852/852/852
f 726/726/726 832/832/832 829/829/829
f 746/746/746 743/743/743 849/849/849
f 726/726/726 829/829/829 723/723/723
f 850/850/850 959/959/959 962/962/962
f 830/830/830 942/942/942 939/939/939
f 850/850/850 847/847/847 959/959/959
f 830/830/830 939/939/939 827/827/827
f 960/960/960 1075/1075/1075 1078/1078/1078
f 940/940/940 1058/1058/1058 1055/1055/1055
f 960/960/960 957/957/957 1075/1075/1075
f 940/940/940 1055/1055/1055 937/937/937
f 1076/1076/1076 1173/1173/1173 1176/1176/1176
f 1056/1056/1056 1156/1156/1156 1153/1153/1153
f 1076/1076/1076 1073/1073/1073 1173/1173/1173
f 1056/1056/1056 1153/1153/1153 1053/1053/1053
f 1174/1174/1174 1289/1289/1289 1292/1292/1292
f 1154/1154/1154 1272/1272/1272 1269/1269/1269
f 1174/1174/1174 1171/1171/1171 1289/1289/1289
f 1154/1154/1154 1269/1269/1269 1151/1151/1151
f 1290/1290/1290 1387/1387/1387 1390/1390/1390
f 1270/1270/1270 1370/1370/1370 1367/1367/1367
f 1290/1290/1290 1287/1287/1287 1387/1387/1387
f 1270/1270/1270 1367/1367/1367 1267/1267/1267
f 1388/1388/1388 1503/1503/1503 1506/1506/1506
f 1368/1368/1368 1486/1486/1486 1483/1483/1483
f 1388/1388/1388 1385/1385/1385 1503/1503/1503
f 1368/1368/1368 1483/1483/1483 1365/1365/1365
f 1504/1504/1504 1619/1619/1619 1622/1622/1622
f 1484/1484/1484 1602/1602/1602 1599/1599/1599
f 1504/1504/1504 1501/1501/1501 1619/1619/1619
f 1484/1484/1484 1599/1599/1599 1481/1481/1481
f 1620/1620/1620 1717/1717/1717 1720/1720/1720
f 1600/1600/1600 1700/1700/1700 1697/1697/1697
f 1620/1620/1620 1617/1617/1617 1717/1717/1717
f 1600/1600/1600 1697/1697/1697 1597/1597/1597
f 1718/1718/1718 1833/1833/1833 1836/1836/1836
f 1698/1698/1698 1816/1816/1816 1813/1813/1813
f 1718/1718/1718 1715/1715/1715 1833/1833/1833
f 1698/1698/1698 1813/1813/1813 1695/1695/1695
f 1834/1834/1834 1937/1937/1937 1940/1940/1940
f 1814/1814/1814 1920/1920/1920 1917/1917/1917
f 1834/1834/1834 1831/1831/1831 1937/1937/1937
f 1814/1814/1814 1917/1917/1917 1811/1811/1811
f 1938/1938/1938 2047/2047/2047 2050/2050/2050
f 1918/1918/1918 2030/2030/2030 2027/2027/2027
f 1938/1938/1938 1935/1935/1935 2047/2047/2047
f 1918/1918/1918 2027/2027/2027 1915/1915/1915
f 2048/2048/2048 2187/2187/2187 2190/2190/2190
f 2028/2028/2028 2170/2170/2170 2167/2167/2167
f 2048/2048/2048 2045/2045/2045 2187/2187/2187
f 2028/2028/2028 2167/2167/2167 2025/2025/2025
f 2188/2188/2188 2379/2379/2379 2382/2382/2382
f 2168/2168/2168 2362/2362/2362 2359/2359/2359
f 2188/2188/2188 2185/2185/2185 2379/2379/2379
f 2168/2168/2168 2359/2359/2359 2165/2165/2165
f 2380/2380/2380 2622/2622/2622 2625/2625/2625
f 2360/2360/2360 2605/2605/2605 2602/2602/2602
f 2380/2380/2380 2377/2377/2377 2622/2622/2622
f 2360/2360/2360 2602/2602/2602 2357/2357/2357
f 2623/2623/2623 2762/2762/2762 2763/2763/2763
f 2603/2603/2603 2753/2753/2753 2752/2752/2752
f 2623/2623/2623 2620/2620/2620 2762/2762/2762
f 2603/2603/2603 2752/2752/2752 2600/2600/2600
f 29/29/29 174/174/174 165/165/165
f 19/19/19 145/145/145 154/154/154
f 29/29/29 34/34/34 174/174/174
f 19/19/19 154/154/154 24/24/24
f 163/163/163 415/415/415 406/406/406
f 143/143/143 386/386/386 395/395/395
f 163/163/163 172/172/172 415/415/415
f 143/143/143 395/395/395 152/152/152
f 404/404/404 613/613/613 604/604/604
f 384/384/384 584/584/584 593/593/593
f 404/404/404 413/413/413 613/613/613
f 384/384/384 593/593/593 393/393/393
f 602/602/602 753/753/753 744/744/744
f 582/582/582 724/724/724 733/733/733
f 602/602/602 611/611/611 753/753/753
f 582/582/582 733/733/733 591/591/591
f 742/742/742 857/857/857 848/848/848
f 722/722/722 828/828/828 837/837/837
f 742/742/742 751/751/751 857/857/857
f 722/722/722 837/837/837 731/731/731
f 846/846/846 967/967/967 958/958/958
f 826/826/826 938/938/938 947/947/947
f 846/846/846 855/855/855 967/967/967
f 826/826/826 947/947/947 835/835/835
f 956/956/956 1083/1083/1083 1074/1074/1074
f 936/936/936 1054/1054/1054 1063/1063/1063
f 956/956/956 965/965/965 1083/1083/1083
f 936/936/936 1063/1063/1063 945/945/945
f 1072/1072/1072 1181/1181/1181 1172/1172/1172
f 1052/1052/1052 1152/1152/1152 1161/1161/1161
f 1072/1072/1072 1081/1081/1081 1181/1181/1181
f 1052/1052/1052 1161/1161/1161 1061/1061/1061
f 1170/1170/1170 1297/1297/1297 1288/1288/1288
f 1150/1150/1150 1268/1268/1268 1277/1277/1277
f 1170/1170/1170 1179/1179/1179 1297/1297/1297
f 1150/1150/1150 1277/1277/1277 1159/1159/1159
f 1286/1286/1286 1395/1395/1395 1386/1386/1386
f 1266/1266/1266 1366/1366/1366 1375/1375/1375
f 1286/1286/1286 1295/1295/1295 1395/1395/1395
f 1266/1266/1266 1375/1375/1375 1275/1275/1275
f 1384/1384/1384 1511/1511/1511 1502/1502/1502
f 1364/1364/1364 1482/1482/1482 1491/1491/1491
f 1384/1384/1384 1393/1393/1393 1511/1511/1511
f 1364/1364/1364 1491/1491/1491 1373/1373/1373
f 1500/1500/1500 1627/1627/1627 1618/1618/1618
f 1480/1480/1480 1598/1598/1598 1607/1607/1607
f 1500/1500/1500 1509/1509/1509 1627/1627/1627
f 1480/1480/1480 1607/1607/1607 1489/1489/1489
f 1616/1616/1616 1725/1725/1725 1716/1716/1716
f 1596/1596/1596 1696/1696/1696 1705/1705/1705
f 1616/1616/1616 1625/1625/1625 1725/1725/1725
f 1596/1596/1596 1705/1705/1705 1605/1605/1605
f 1714/1714/1714 1841/1841/1841 1832/1832/1832
f 1694/1694/1694 1812/1812/1812 1821/1821/1821
f 1714/1714/1714 1723/1723/1723 1841/1841/1841
f 1694/1694/1694 1821/1821/1821 1703/1703/1703
f 1830/1830/1830 1945/1945/1945 1936/1936/1936
f 1810/1810/1810 1916/1916/1916 1925/1925/1925
f 1830/1830/1830 1839/1839/1839 1945/1945/1945
f 1810/1810/1810 1925/1925/1925 1819/1819/1819
f 1934/1934/1934 2055/2055/2055 2046/2046/2046
f 1914/1914/1914 2026/2026/2026 2035/2035/2035
f 1934/1934/1934 1943/1943/1943 2055/2055/2055
f 1914/1914/1914 2035/2035/2035 1923/1923/1923
f 2044/2044/2044 2195/2195/2195 2186/2186/2186
f 2024/2024/2024 2166/2166/2166 2175/2175/2175
f 2044/2044/2044 2053/2053/2053 2195/2195/2195
f 2024/2024/2024 2175/2175/2175 2033/2033/2033
f 2184/2184/2184 2387/2387/2387 2378/2378/2378
f 2164/2164/2164 2358/2358/2358 2367/2367/2367
f 2184/2184/2184 2193/2193/2193 2387/2387/2387
f 2164/2164/2164 2367/2367/2367 2173/2173/2173
f 2376/2376/2376 2630/2630/2630 2621/2621/2621
f 2356/2356/2356 2601/2601/2601 2610/2610/2610
f 2376/2376/2376 2385/2385/2385 2630/2630/2630
f 2356/2356/2356 2610/2610/2610 2365/2365/2365
f 2619/2619/2619 2766/2766/2766 2761/2761/2761
f 2599/2599/2599 2751/2751/2751 2756/2756/2756
f 2619/2619/2619 2628/2628/2628 2766/2766/2766
f 2599/2599/2599 2756/2756/2756 2608/2608/2608
f 33/33/33 182/182/182 173/173/173
f 23/23/23 153/153/153 162/162/162
f 33/33/33 38/38/38 182/182/182
f 23/23/23 162/162/162 28/28/28
f 171/171/171 423/423/423 414/414/414
f 151/151/151 394/394/394 403/403/403
f 171/171/171 180/180/180 423/423/423
f 151/151/151 403/403/403 160/160/160
f 412/412/412 621/621/621 612/612/612
f 392/392/392 592/592/592 601/601/601
f 412/412/412 421/421/421 621/621/621
f 392/392/392 601/601/601 401/401/401
f 610/610/610 761/761/761 752/752/752
f 590/590/590 732/732/732 741/741/741
f 610/610/610 619/619/619 761/761/761
f 590/590/590 741/741/741 599/599/599
f 750/750/750 865/865/865 856/856/856
f 730/730/730 836/836/836 845/845/845
f 750/750/750 759/759/759 865/865/865
f 730/730/730 845/845/845 739/739/739
f 854/854/854 975/975/975 966/966/966
f 834/834/834 946/946/946 955/955/955
f 854/854/854 863/863/863 975/975/975
f 834/834/834 955/955/955 843/843/843
f 964/964/964 1091/1091/1091 1082/1082/1082
f 944/944/944 1062/1062/1062 1071/1071/1071
f 964/964/964 973/973/973 1091/1091/1091
f 944/944/944 1071/1071/1071 953/953/953
f 1080/1080/1080 1189/1189/1189 1180/1180/1180
f 1060/1060/1060 1160/1160/1160 1169/1169/1169
f 1080/1080/1080 1089/1089/1089 1189/1189/1189
f 1060/1060/1060 1169/1169/1169 1069/1069/1069
f 1178/1178/1178 1305/1305/1305 1296/1296/1296
f 1158/1158/1158 1276/1276/1276 1285/1285/1285
f 1178/1178/1178 1187/1187/1187 1305/1305/1305
f 1158/1158/1158 1285/1285/1285 1167/1167/1167
f 1294/1294/1294 1403/1403/1403 1394/1394/1394
f 1274/1274/1274 1374/1374/1374 1383/1383/1383
f 1294/1294/1294 1303/1303/1303 1403/1403/1403
f 1274/1274/1274 1383/1383/1383 1283/1283/1283
f 1392/1392/1392 1519/1519/1519 1510/1510/1510
f 1372/1372/1372 1490/1490/1490 1499/1499/1499
f 1392/1392/1392 1401/1401/1401 1519/1519/1519
f 1372/1372/1372 1499/1499/1499 1381/1381/1381
f 1508/1508/1508 1635/1635/1635 1626/1626/1626
f 1488/1488/1488 1606/1606/1606 1615/1615/1615
f 1508/1508/1508 1517/1517/1517 1635/1635/1635
f 1488/1488/1488 1615/1615/1615 1497/1497/1497
f 1624/1624/1624 1733/1733/1733 1724/1724/1724
f 1604/1604/1604 1704/1704/1704 1713/1713/1713
f 1624/1624/1624 1633/1633/1633 1733/1733/1733
f 1604/1604/1604 1713/1713/1713 1613/1613/1613
f 1722/1722/1722 1849/1849/1849 1840/1840/1840
f 1702/1702/1702 1820/1820/1820 1829/1829/1829
f 1722/1722/1722 1731/1731/1731 1849/1849/1849
f 1702/1702/1702 1829/1829/1829 1711/1711/1711
f 1838/1838/1838 1953/1953/1953 1944/1944/1944
f 1818/1818/1818 1924/1924/1924 1933/1933/1933
f 1838/1838/1838 1847/1847/1847 1953/1953/1953
f 1818/1818/1818 1933/1933/1933 1827/1827/1827
f 1942/1942/1942 2063/2063/2063 2054/2054/2054
f 1922/1922/1922 2034/2034/2034 2043/2043/2043
f 1942/1942/1942 1951/1951/1951 2063/2063/2063
f 1922/1922/1922 2043/2043/2043 1931/1931/1931
f 2052/2052/2052 2203/2203/2203 2194/2194/2194
f 2032/2032/2032 2174/2174/2174 2183/2183/2183
f 2052/2052/2052 2061/2061/2061 2203/2203/2203
f 2032/2032/2032 2183/2183/2183 2041/2041/2041
f 2192/2192/2192 2395/2395/2395 2386/2386/2386
f 2172/2172/2172 2366/2366/2366 2375/2375/2375
f 2192/2192/2192 2201/2201/2201 2395/2395/2395
f 2172/2172/2172 2375/2375/2375 2181/2181/2181
f 2384/2384/2384 2638/2638/2638 2629/2629/2629
f 2364/2364/2364 2609/2609/2609 2618/2618/2618
f 2384/2384/2384 2393/2393/2393 2638/2638/2638
f 2364/2364/2364 2618/2618/2618 2373/2373/2373
f 2627/2627/2627 2770/2770/2770 2765/2765/2765
f 2607/2607/2607 2755/2755/2755 2760/2760/2760
f 2627/2627/2627 2636/2636/2636 2770/2770/2770
f 2607/2607/2607 2760/2760/2760 2616/2616/2616
f 37/37/37 198/198/198 181/181/181
f 27/27/27 161/161/161 190/190/190
f 37/37/37 46/46/46 198/198/198
f 27/27/27 190/190/190 42/42/42
f 179/179/179 439/439/439 422/422/422
f 159/159/159 402/402/402 431/431/431
f 179/179/179 196/196/196 439/439/439
f 159/159/159 431/431/431 188/188/188
f 420/420/420 637/637/637 620/620/620
f 400/400/400 600/600/600 629/629/629
f 420/420/420 437/437/437 637/637/637
f 400/400/400 629/629/629 429/429/429
f 618/618/618 777/777/777 760/760/760
f 598/598/598 740/740/740 769/769/769
f 618/618/618 635/635/635 777/777/777
f 598/598/598 769/769/769 627/627/627
f 758/758/758 881/881/881 864/864/864
f 738/738/738 844/844/844 873/873/873
f 758/758/758 775/775/775 881/881/881
f 738/738/738 873/873/873 767/767/767
f 862/862/862 991/991/991 974/974/974
f 842/842/842 954/954/954 983/983/983
f 862/862/862 879/879/879 991/991/991
f 842/842/842 983/983/983 871/871/871
f 972/972/972 1107/1107/1107 1090/1090/1090
f 952/952/952 1070/1070/1070 1099/1099/1099
f 972/972/972 989/989/989 1107/1107/1107
f 952/952/952 1099/1099/1099 981/981/981
f 1088/1088/1088 1205/1205/1205 1188/1188/1188
f 1068/1068/1068 1168/1168/1168 1197/1197/1197
f 1088/1088/1088 1105/1105/1105 1205/1205/1205
f 1068/1068/1068 1197/1197/1197 1097/1097/1097
f 1186/1186/1186 1321/1321/1321 1304/1304/1304
f 1166/1166/1166 1284/1284/1284 1313/1313/1313
f 1186/1186/1186 1203/1203/1203 1321/1321/1321
f 1166/1166/1166 1313/1313/1313 1195/1195/1195
f 1302/1302/1302 1419/1419/1419 1402/1402/1402
f 1282/1282/1282 1382/1382/1382 1411/1411/1411
f 1302/1302/1302 1319/1319/1319 1419/1419/1419
f 1282/1282/1282 1411/1411/1411 1311/1311/1311
f 1400/1400/1400 1535/1535/1535 1518/1518/1518
f 1380/1380/1380 1498/1498/1498 1527/1527/1527
f 1400/1400/1400 1417/1417/1417 1535/1535/1535
f 1380/1380/1380 1527/1527/1527 1409/1409/1409
f 1516/1516/1516 1651/1651/1651 1634/1634/1634
f 1496/1496/1496 1614/1614/1614 1643/1643/1643
f 1516/1516/1516 1533/1533/1533 1651/1651/1651
f 1496/1496/1496 1643/1643/1643 1525/1525/1525
f 1632/1632/1632 1749/1749/1749 1732/1732/1732
f 1612/1612/1612 1712/1712/1712 1741/1741/1741
f 1632/1632/1632 1649/1649/1649 1749/1749/1749
f 1612/1612/1612 1741/1741/1741 1641/1641/1641
f 1730/1730/1730 1865/1865/1865 1848/1848/1848
f 1710/1710/1710 1828/1828/1828 1857/1857/1857
f 1730/1730/1730 1747/1747/1747 1865/1865/1865
f 1710/1710/1710 1857/1857/1857 1739/1739/1739
f 1846/1846/1846 1969/1969/1969 1952/1952/1952
f 1826/1826/1826 1932/1932/1932 1961/1961/1961
f 1846/1846/1846 1863/1863/1863 1969/1969/1969
f 1826/1826/1826 1961/1961/1961 1855/1855/1855
f 1950/1950/1950 2079/2079/2079 2062/2062/2062
f 1930/1930/1930 2042/2042/2042 2071/2071/2071
f 1950/1950/1950 1967/1967/1967 2079/2079/2079
f 1930/1930/1930 2071/2071/2071 1959/1959/1959
f 2060/2060/2060 2219/2219/2219 2202/2202/2202
f 2040/2040/2040 2182/2182/2182 2211/2211/2211
f 2060/2060/2060 2077/2077/2077 2219/2219/2219
f 2040/2040/2040 2211/2211/2211 2069/2069/2069
f 2200/2200/2200 2411/2411/2411 2394/2394/2394
f 2180/2180/2180 2374/2374/2374 2403/2403/2403
f 2200/2200/2200 2217/2217/2217 2411/2411/2411
f 2180/2180/2180 2403/2403/2403 2209/2209/2209
f 2392/2392/2392 2654/2654/2654 2637/2637/2637
f 2372/2372/2372 2617/2617/2617 2646/2646/2646
f 2392/2392/2392 2409/2409/2409 2654/2654/2654
f 2372/2372/2372 2646/2646/2646 2401/2401/2401
f 2635/2635/2635 2778/2778/2778 2769/2769/2769
f 2615/2615/2615 2759/2759/2759 2774/2774/2774
f 2635/2635/2635 2652/2652/2652 2778/2778/2778
f 2615/2615/2615 2774/2774/2774 2644/2644/2644
f 45/45/45 214/214/214 197/197/197
f 41/41/41 189/189/189 206/206/206
f 45/45/45 54/54/54 214/214/214
f 41/41/41 206/206/206 50/50/50
f 195/195/195 455/455/455 438/438/438
f 187/187/187 430/430/430 447/447/447
f 195/195/195 212/212/212 455/455/455
f 187/187/187 447/447/447 204/204/204
f 436/436/436 653/653/653 636/636/636
f 428/428/428 628/628/628 645/645/645
f 436/436/436 453/453/453 653/653/653
f 428/428/428 645/645/645 445/445/445
f 634/634/634 793/793/793 776/776/776
f 626/626/626 768/768/768 785/785/785
f 634/634/634 651/651/651 793/793/793
f 626/626/626 785/785/785 643/643/643
f 774/774/774 897/897/897 880/880/880
f 766/766/766 872/872/872 889/889/889
f 774/774/774 791/791/791 897/897/897
f 766/766/766 889/889/889 783/783/783
f 878/878/878 1007/1007/1007 990/990/990
f 870/870/870 982/982/982 999/999/999
f 878/878/878 895/895/895 1007/1007/1007
f 870/870/870 999/999/999 887/887/887
f 988/988/988 1123/1123/1123 1106/1106/1106
f 980/980/980 1098/1098/1098 1115/1115/1115
f 988/988/988 1005/1005/1005 1123/1123/1123
f 980/980/980 1115/1115/1115 997/997/997
f 1104/1104/1104 1221/1221/1221 1204/1204/1204
f 1096/1096/1096 1196/1196/1196 1213/1213/1213
f 1104/1104/1104 1121/1121/1121 1221/1221/1221
f 1096/1096/1096 1213/1213/1213 1113/1113/1113
f 1202/1202/1202 1337/1337/1337 1320/1320/1320
f 1194/1194/1194 1312/1312/1312 1329/1329/1329
f 1202/1202/1202 1219/1219/1219 1337/1337/1337
f 1194/1194/1194 1329/1329/1329 1211/1211/1211
f 1318/1318/1318 1435/1435/1435 1418/1418/1418
f 1310/1310/1310 1410/1410/1410 1427/1427/1427
f 1318/1318/1318 1335/1335/1335 1435/1435/1435
f 1310/1310/1310 1427/1427/1427 1327/1327/1327
f 1416/1416/1416 1551/1551/1551 1534/1534/1534
f 1408/1408/1408 1526/1526/1526 1543/1543/1543
f 1416/1416/1416 1433/1433/1433 1551/1551/1551
f 1408/1408/1408 1543/1543/1543 1425/1425/1425
f 1532/1532/1532 1667/1667/1667 1650/1650/1650
f 1524/1524/1524 1642/1642/1642 1659/1659/1659
f 1532/1532/1532 1549/1549/1549 1667/1667/1667
f 1524/1524/1524 1659/1659/1659 1541/1541/1541
f 1648/1648/1648 1765/1765/1765 1748/1748/1748
f 1640/1640/1640 1740/1740/1740 1757/1757/1757
f 1648/1648/1648 1665/1665/1665 1765/1765/1765
f 1640/1640/1640 1757/1757/1757 1657/1657/1657
f 1746/1746/1746 1881/1881/1881 1864/1864/1864
f 1738/1738/1738 1856/1856/1856 1873/1873/1873
f 1746/1746/1746 1763/1763/1763 1881/1881/1881
f 1738/1738/1738 1873/1873/1873 1755/1755/1755
f 1862/1862/1862 1985/1985/1985 1968/1968/1968
f 1854/1854/1854 1960/1960/1960 1977/1977/1977
f 1862/1862/1862 1879/1879/1879 1985/1985/1985
f 1854/1854/1854 1977/1977/1977 1871/1871/1871
f 1966/1966/1966 2095/2095/2095 2078/2078/2078
f 1958/1958/1958 2070/2070/2070 2087/2087/2087
f 1966/1966/1966 1983/1983/1983 2095/2095/2095
f 1958/1958/1958 2087/2087/2087 1975/1975/1975
f 2076/2076/2076 2235/2235/2235 2218/2218/2218
f 2068/2068/2068 2210/2210/2210 2227/2227/2227
f 2076/2076/2076 2093/2093/2093 2235/2235/2235
f 2068/2068/2068 2227/2227/2227 2085/2085/2085
f 2216/2216/2216 2427/2427/2427 2410/2410/2410
f 2208/2208/2208 2402/2402/2402 2419/2419/2419
f 2216/2216/2216 2233/2233/2233 2427/2427/2427
f 2208/2208/2208 2419/2419/2419 2225/2225/2225
f 2408/2408/2408 2670/2670/2670 2653/2653/2653
f 2400/2400/2400 2645/2645/2645 2662/2662/2662
f 2408/2408/2408 2425/2425/2425 2670/2670/2670
f 2400/2400/2400 2662/2662/2662 2417/2417/2417
f 2651/2651/2651 2786/2786/2786 2777/2777/2777
f 2643/2643/2643 2773/2773/2773 2782/2782/2782
f 2651/2651/2651 2668/2668/2668 2786/2786/2786
f 2643/2643/2643 2782/2782/2782 2660/2660/2660
f 53/53/53 222/222/222 213/213/213
f 49/49/49 205/205/205 218/218/218
f 53/53/53 70/70/70 222/222/222
f 49/49/49 218/218/218 56/56/56
f 211/211/211 463/463/463 454/454/454
f 203/203/203 446/446/446 459/459/459
f 211/211/211 221/221/221 463/463/463
f 203/203/203 459/459/459 217/217/217
f 452/452/452 661/661/661 652/652/652
f 444/444/444 644/644/644 657/657/657
f 452/452/452 462/462/462 661/661/661
f 444/444/444 657/657/657 458/458/458
f 650/650/650 801/801/801 792/792/792
f 642/642/642 784/784/784 797/797/797
f 650/650/650 660/660/660 801/801/801
f 642/642/642 797/797/797 656/656/656
f 790/790/790 909/909/909 896/896/896
f 782/782/782 888/888/888 901/901/901
f 790/790/790 800/800/800 909/909/909
f 782/782/782 901/901/901 796/796/796
f 894/894/894 1015/1015/1015 1006/1006/1006
f 886/886/886 998/998/998 1011/1011/1011
f 894/894/894 908/908/908 1015/1015/1015
f 886/886/886 1011/1011/1011 900/900/900
f 1004/1004/1004 1131/1131/1131 1122/1122/1122
f 996/996/996 1114/1114/1114 1127/1127/1127
f 1004/1004/1004 1014/1014/1014 1131/1131/1131
f 996/996/996 1127/1127/1127 1010/1010/1010
f 1120/1120/1120 1229/1229/1229 1220/1220/1220
f 1112/1112/1112 1212/1212/1212 1225/1225/1225
f 1120/1120/1120 1130/1130/1130 1229/1229/1229
f 1112/1112/1112 1225/1225/1225 1126/1126/1126
f 1218/1218/1218 1345/1345/1345 1336/1336/1336
f 1210/1210/1210 1328/1328/1328 1341/1341/1341
f 1218/1218/1218 1228/1228/1228 1345/1345/1345
f 1210/1210/1210 1341/1341/1341 1224/1224/1224
f 1334/1334/1334 1453/1453/1453 1434/1434/1434
f 1326/1326/1326 1426/1426/1426 1441/1441/1441
f 1334/1334/1334 1344/1344/1344 1453/1453/1453
f 1326/1326/1326 1441/1441/1441 1340/1340/1340
f 1432/1432/1432 1559/1559/1559 1550/1550/1550
f 1424/1424/1424 1542/1542/1542 1555/1555/1555
f 1432/1432/1432 1452/1452/1452 1559/1559/1559
f 1424/1424/1424 1555/1555/1555 1440/1440/1440
f 1548/1548/1548 1675/1675/1675 1666/1666/1666
f 1540/1540/1540 1658/1658/1658 1671/1671/1671
f 1548/1548/1548 1558/1558/1558 1675/1675/1675
f 1540/1540/1540 1671/1671/1671 1554/1554/1554
f 1664/1664/1664 1773/1773/1773 1764/1764/1764
f 1656/1656/1656 1756/1756/1756 1769/1769/1769
f 1664/1664/1664 1674/1674/1674 1773/1773/1773
f 1656/1656/1656 1769/1769/1769 1670/1670/1670
f 1762/1762/1762 1889/1889/1889 1880/1880/1880
f 1754/1754/1754 1872/1872/1872 1885/1885/1885
f 1762/1762/1762 1772/1772/1772 1889/1889/1889
f 1754/1754/1754 1885/1885/1885 1768/1768/1768
f 1878/1878/1878 1997/1997/1997 1984/1984/1984
f 1870/1870/1870 1976/1976/1976 1989/1989/1989
f 1878/1878/1878 1888/1888/1888 1997/1997/1997
f 1870/1870/1870 1989/1989/1989 1884/1884/1884
f 1982/1982/1982 2103/2103/2103 2094/2094/2094
f 1974/1974/1974 2086/2086/2086 2099/2099/2099
f 1982/1982/1982 1996/1996/1996 2103/2103/2103
f 1974/1974/1974 2099/2099/2099 1988/1988/1988
f 2092/2092/2092 2243/2243/2243 2234/2234/2234
f 2084/2084/2084 2226/2226/2226 2239/2239/2239
f 2092/2092/2092 2102/2102/2102 2243/2243/2243
f 2084/2084/2084 2239/2239/2239 2098/2098/2098
f 2232/2232/2232 2435/2435/2435 2426/2426/2426
f 2224/2224/2224 2418/2418/2418 2431/2431/2431
f 2232/2232/2232 2242/2242/2242 2435/2435/2435
f 2224/2224/2224 2431/2431/2431 2238/2238/2238
f 2424/2424/2424 2678/2678/2678 2669/2669/2669
f 2416/2416/2416 2661/2661/2661 2674/2674/2674
f 2424/2424/2424 2434/2434/2434 2678/2678/2678
f 2416/2416/2416 2674/2674/2674 2430/2430/2430
f 2667/2667/2667 2801/2801/2801 2785/2785/2785
f 2659/2659/2659 2781/2781/2781 2788/2788/2788
f 2667/2667/2667 2677/2677/2677 2801/2801/2801
f 2659/2659/2659 2788/2788/2788 2673/2673/2673
usemtl Trim
s 1
f 64/64/64 80/80/80 106/106/106
f 64/64/64 106/106/106 100/100/100
f 80/80/80 89/89/89 109/109/109
f 80/80/80 109/109/109 106/106/106
f 89/89/89 77/77/77 105/105/105
f 89/89/89 105/105/105 109/109/109
f 77/77/77 59/59/59 99/99/99
f 77/77/77 99/99/99 105/105/105
f 59/59/59 9/9/9 95/95/95
f 59/59/59 95/95/95 99/99/99
f 9/9/9 3/3/3 93/93/93
f 9/9/9 93/93/93 95/95/95
f 3/3/3 12/12/12 96/96/96
f 3/3/3 96/96/96 93/93/93
f 12/12/12 65/65/65 101/101/101
f 12/12/12 101/101/101 96/96/96
f 100/100/100 106/106/106 270/270/270
f 100/100/100 270/270/270 264/264/264
f 106/106/106 109/109/109 273/273/273
f 106/106/106 273/273/273 270/270/270
f 109/109/109 105/105/105 269/269/269
f 109/109/109 269/269/269 273/273/273
f 105/105/105 99/99/99 263/263/263
f 105/105/105 263/263/263 269/269/269
f 99/99/99 95/95/95 247/247/247
f 99/99/99 247/247/247 263/263/263
f 95/95/95 93/93/93 245/245/245
f 95/95/95 245/245/245 247/247/247
f 93/93/93 96/96/96 248/248/248
f 93/93/93 248/248/248 245/245/245
f 96/96/96 101/101/101 265/265/265
f 96/96/96 265/265/265 248/248/248
f 264/264/264 270/270/270 371/371/371
f 264/264/264 371/371/371 357/357/357
f 270/270/270 273/273/273 374/374/374
f 270/270/270 374/374/374 371/371/371
f 273/273/273 269/269/269 370/370/370
f 273/273/273 370/370/370 374/374/374
f 269/269/269 263/263/263 356/356/356
f 269/269/269 356/356/356 370/370/370
f 263/263/263 247/247/247 348/348/348
f 263/263/263 348/348/348 356/356/356
f 247/247/247 245/245/245 334/334/334
f 247/247/247 334/334/334 348/348/348
f 245/245/245 248/248/248 349/349/349
f 245/245/245 349/349/349 334/334/334
f 248/248/248 265/265/265 358/358/358
f 248/248/248 358/358/358 349/349/349
f 357/357/357 371/371/371 539/539/539
f 357/357/357 539/539/539 533/533/533
f 371/371/371 374/374/374 542/542/542
f 371/371/371 542/542/542 539/539/539
f 374/374/374 370/370/370 538/538/538
f 374/374/374 538/538/538 542/542/542
f 370/370/370 356/356/356 532/532/532
f 370/370/370 532/532/532 538/538/538
f 356/356/356 348/348/348 528/528/528
f 356/356/356 528/528/528 532/532/532
f 348/348/348 334/334/334 518/518/518
f 348/348/348 518/518/518 528/528/528
f 334/334/334 349/349/349 529/529/529
f 334/334/334 529/529/529 518/518/518
f 349/349/349 358/358/358 534/534/534
f 349/349/349 534/534/534 529/529/529
f 533/533/533 539/539/539 675/675/675
f 533/533/533 675/675/675 669/669/669
f 539/539/539 542/542/542 678/678/678
f 539/539/539 678/678/678 675/675/675
f 542/542/542 538/538/538 674/674/674
f 542/542/542 674/674/674 678/678/678
f 538/538/538 532/532/532 668/668/668
f 538/538/538 668/668/668 674/674/674
f 532/532/532 528/528/528 664/664/664
f 532/532/532 664/664/664 668/668/668
f 528/528/528 518/518/518 662/662/662
f 528/528/528 662/662/662 664/664/664
f 518/518/518 529/529/529 665/665/665
f 518/518/518 665/665/665 662/662/662
f 529/529/529 534/534/534 670/670/670
f 529/529/529 670/670/670 665/665/665
f 669/669/669 675/675/675 717/717/717
f 669/669/669 717/717/717 711/711/711
f 675/675/675 678/678/678 720/720/720
f 675/675/675 720/720/720 717/717/717
f 678/678/678 674/674/674 716/716/716
f 678/678/678 716/716/716 720/720/720
f 674/674/674 668/668/668 710/710/710
f 674/674/674 710/710/710 716/716/716
f 668/668/668 664/664/664 706/706/706
f 668/668/668 706/706/706 710/710/710
f 664/664/664 662/662/662 704/704/704
f 664/664/664 704/704/704 706/706/706
f 662/662/662 665/665/665 707/707/707
f 662/662/662 707/707/707 704/704/704
f 665/665/665 670/670/670 712/712/712
f 665/665/665 712/712/712 707/707/707
f 711/711/711 717/717/717 815/815/815
f 711/711/711 815/815/815 809/809/809
f 717/717/717 720/720/720 818/818/818
f 717/717/717 818/818/818 815/815/815
f 720/720/720 716/716/716 814/814/814
f 720/720/720 814/814/814 818/818/818
f 716/716/716 710/710/710 808/808/808
f 716/716/716 808/808/808 814/814/814
f 710/710/710 706/706/706 804/804/804
f 710/710/710 804/804/804 808/808/808
f 706/706/706 704/704/704 802/802/802
f 706/706/706 802/802/802 804/804/804
f 704/704/704 707/707/707 805/805/805
f 704/704/704 805/805/805 802/802/802
f 707/707/707 712/712/712 810/810/810
f 707/707/707 810/810/810 805/805/805
f 809/809/809 815/815/815 913/913/913
f 809/809/809 913/913/913 905/905/905
f 815/815/815 818/818/818 916/916/916
f 815/815/815 916/916/916 913/913/913
f 818/818/818 814/814/814 912/912/912
f 818/818/818 912/912/912 916/916/916
f 814/814/814 808/808/808 902/902/902
f 814/814/814 902/902/902 912/912/912
f 808/808/808 804/804/804 822/822/822
f 808/808/808 822/822/822 902/902/902
f 804/804/804 802/802/802 820/820/820
f 804/804/804 820/820/820 822/822/822
f 802/802/802 805/805/805 823/823/823
f 802/802/802 823/823/823 820/820/820
f 805/805/805 810/810/810 906/906/906
f 805/805/805 906/906/906 823/823/823
f 905/905/905 913/913/913 931/931/931
f 905/905/905 931/931/931 925/925/925
f 913/913/913 916/916/916 934/934/934
f 913/913/913 934/934/934 931/931/931
f 916/916/916 912/912/912 930/930/930
f 916/916/916 930/930/930 934/934/934
f 912/912/912 902/902/902 924/924/924
f 912/912/912 924/924/924 930/930/930
f 902/902/902 822/822/822 920/920/920
f 902/902/902 920/920/920 924/924/924
f 822/822/822 820/820/820 918/918/918
f 822/822/822 918/918/918 920/920/920
f 820/820/820 823/823/823 921/921/921
f 820/820/820 921/921/921 918/918/918
f 823/823/823 906/906/906 926/926/926
f 823/823/823 926/926/926 921/921/921
f 925/925/925 931/931/931 1029/1029/1029
f 925/925/925 1029/1029/1029 1023/1023/1023
f 931/931/931 934/934/934 1032/1032/1032
f 931/931/931 1032/1032/1032 1029/1029/1029
f 934/934/934 930/930/930 1028/1028/1028
f 934/934/934 1028/1028/1028 1032/1032/1032
f 930/930/930 924/924/924 1022/1022/1022
f 930/930/930 1022/1022/1022 1028/1028/1028
f 924/924/924 920/920/920 1018/1018/1018
f 924/924/924 1018/1018/1018 1022/1022/1022
f 920/920/920 918/918/918 1016/1016/1016
f 920/920/920 1016/1016/1016 1018/1018/1018
f 918/918/918 921/921/921 1019/1019/1019
f 918/918/918 1019/1019/1019 1016/1016/1016
f 921/921/921 926/926/926 1024/1024/1024
f 921/921/921 1024/1024/1024 1019/1019/1019
f 1023/1023/1023 1029/1029/1029 1047/1047/1047
f 1023/1023/1023 1047/1047/1047 1041/1041/1041
f 1029/1029/1029 1032/1032/1032 1050/1050/1050
f 1029/1029/1029 1050/1050/1050 1047/1047/1047
f 1032/1032/1032 1028/1028/1028 1046/1046/1046
f 1032/1032/1032 1046/1046/1046 1050/1050/1050
f 1028/1028/1028 1022/1022/1022 1040/1040/1040
f 1028/1028/1028 1040/1040/1040 1046/1046/1046
f 1022/1022/1022 1018/1018/1018 1036/1036/1036
f 1022/1022/1022 1036/1036/1036 1040/1040/1040
f 1018/1018/1018 1016/1016/1016 1034/1034/1034
f 1018/1018/1018 1034/1034/1034 1036/1036/1036
f 1016/1016/1016 1019/1019/1019 1037/1037/1037
f 1016/1016/1016 1037/1037/1037 1034/1034/1034
f 1019/1019/1019 1024/1024/1024 1042/1042/1042
f 1019/1019/1019 1042/1042/1042 1037/1037/1037
f 1041/1041/1041 1047/1047/1047 1145/1145/1145
f 1041/1041/1041 1145/1145/1145 1139/1139/1139
f 1047/1047/1047 1050/1050/1050 1148/1148/1148
f 1047/1047/1047 1148/1148/1148 1145/1145/1145
f 1050/1050/1050 1046/1046/1046 1144/1144/1144
f 1050/1050/1050 1144/1144/1144 1148/1148/1148
f 1046/1046/1046 1040/1040/1040 1138/1138/1138
f 1046/1046/1046 1138/1138/1138 1144/1144/1144
f 1040/1040/1040 1036/1036/1036 1134/1134/1134
f 1040/1040/1040 1134/1134/1134 1138/1138/1138
f 1036/1036/1036 1034/1034/1034 1132/1132/1132
f 1036/1036/1036 1132/1132/1132 1134/1134/1134
f 1034/1034/1034 1037/1037/1037 1135/1135/1135
f 1034/1034/1034 1135/1135/1135 1132/1132/1132
f 1037/1037/1037 1042/1042/1042 1140/1140/1140
f 1037/1037/1037 1140/1140/1140 1135/1135/1135
f 1139/1139/1139 1145/1145/1145 1243/1243/1243
f 1139/1139/1139 1243/1243/1243 1237/1237/1237
f 1145/1145/1145 1148/1148/1148 1246/1246/1246
f 1145/1145/1145 1246/1246/1246 1243/1243/1243
f 1148/1148/1148 1144/1144/1144 1242/1242/1242
f 1148/1148/1148 1242/1242/1242 1246/1246/1246
f 1144/1144/1144 1138/1138/1138 1236/1236/1236
f 1144/1144/1144 1236/1236/1236 1242/1242/1242
f 1138/1138/1138 1134/1134/1134 1232/1232/1232
f 1138/1138/1138 1232/1232/1232 1236/1236/1236
f 1134/1134/1134 1132/1132/1132 1230/1230/1230
f 1134/1134/1134 1230/1230/1230 1232/1232/1232
f 1132/1132/1132 1135/1135/1135 1233/1233/1233
f 1132/1132/1132 1233/1233/1233 1230/1230/1230
f 1135/1135/1135 1140/1140/1140 1238/1238/1238
f 1135/1135/1135 1238/1238/1238 1233/1233/1233
f 1237/1237/1237 1243/1243/1243 1261/1261/1261
f 1237/1237/1237 1261/1261/1261 1255/1255/1255
f 1243/1243/1243 1246/1246/1246 1264/1264/1264
f 1243/1243/1243 1264/1264/1264 1261/1261/1261
f 1246/1246/1246 1242/1242/1242 1260/1260/1260
f 1246/1246/1246 1260/1260/1260 1264/1264/1264
f 1242/1242/1242 1236/1236/1236 1254/1254/1254
f 1242/1242/1242 1254/1254/1254 1260/1260/1260
f 1236/1236/1236 1232/1232/1232 1250/1250/1250
f 1236/1236/1236 1250/1250/1250 1254/1254/1254
f 1232/1232/1232 1230/1230/1230 1248/1248/1248
f 1232/1232/1232 1248/1248/1248 1250/1250/1250
f 1230/1230/1230 1233/1233/1233 1251/1251/1251
f 1230/1230/1230 1251/1251/1251 1248/1248/1248
f 1233/1233/1233 1238/1238/1238 1256/1256/1256
f 1233/1233/1233 1256/1256/1256 1251/1251/1251
f 1255/1255/1255 1261/1261/1261 1359/1359/1359
f 1255/1255/1255 1359/1359/1359 1353/1353/1353
f 1261/1261/1261 1264/1264/1264 1362/1362/1362
f 1261/1261/1261 1362/1362/1362 1359/1359/1359
f 1264/1264/1264 1260/1260/1260 1358/1358/1358
f 1264/1264/1264 1358/1358/1358 1362/1362/1362
f 1260/1260/1260 1254/1254/1254 1352/1352/1352
f 1260/1260/1260 1352/1352/1352 1358/1358/1358
f 1254/1254/1254 1250/1250/1250 1348/1348/1348
f 1254/1254/1254 1348/1348/1348 1352/1352/1352
f 1250/1250/1250 1248/1248/1248 1346/1346/1346
f 1250/1250/1250 1346/1346/1346 1348/1348/1348
f 1248/1248/1248 1251/1251/1251 1349/1349/1349
f 1248/1248/1248 1349/1349/1349 1346/1346/1346
f 1251/1251/1251 1256/1256/1256 1354/1354/1354
f 1251/1251/1251 1354/1354/1354 1349/1349/1349
f 1353/1353/1353 1359/1359/1359 1443/1443/1443
f 1353/1353/1353 1443/1443/1443 1449/1449/1449
f 1359/1359/1359 1362/1362/1362 1436/1436/1436
f 1359/1359/1359 1436/1436/1436 1443/1443/1443
f 1362/1362/1362 1358/1358/1358 1442/1442/1442
f 1362/1362/1362 1442/1442/1442 1436/1436/1436
f 1358/1358/1358 1352/1352/1352 1446/1446/1446
f 1358/1358/1358 1446/1446/1446 1442/1442/1442
f 1352/1352/1352 1348/1348/1348 1456/1456/1456
f 1352/1352/1352 1456/1456/1456 1446/1446/1446
f 1348/1348/1348 1346/1346/1346 1460/1460/1460
f 1348/1348/1348 1460/1460/1460 1456/1456/1456
f 1346/1346/1346 1349/1349/1349 1457/1457/1457
f 1346/1346/1346 1457/1457/1457 1460/1460/1460
f 1349/1349/1349 1354/1354/1354 1450/1450/1450
f 1349/1349/1349 1450/1450/1450 1457/1457/1457
f 1449/1449/1449 1443/1443/1443 1465/1465/1465
f 1449/1449/1449 1465/1465/1465 1469/1469/1469
f 1443/1443/1443 1436/1436/1436 1462/1462/1462
f 1443/1443/1443 1462/1462/1462 1465/1465/1465
f 1436/1436/1436 1442/1442/1442 1464/1464/1464
f 1436/1436/1436 1464/1464/1464 1462/1462/1462
f 1442/1442/1442 1446/1446/1446 1468/1468/1468
f 1442/1442/1442 1468/1468/1468 1464/1464/1464
f 1446/1446/1446 1456/1456/1456 1474/1474/1474
f 1446/1446/1446 1474/1474/1474 1468/1468/1468
f 1456/1456/1456 1460/1460/1460 1478/1478/1478
f 1456/1456/1456 1478/1478/1478 1474/1474/1474
f 1460/1460/1460 1457/1457/1457 1475/1475/1475
f 1460/1460/1460 1475/1475/1475 1478/1478/1478
f 1457/1457/1457 1450/1450/1450 1470/1470/1470
f 1457/1457/1457 1470/1470/1470 1475/1475/1475
f 1469/1469/1469 1465/1465/1465 1563/1563/1563
f 1469/1469/1469 1563/1563/1563 1567/1567/1567
f 1465/1465/1465 1462/1462/1462 1560/1560/1560
f 1465/1465/1465 1560/1560/1560 1563/1563/1563
f 1462/1462/1462 1464/1464/1464 1562/1562/1562
f 1462/1462/1462 1562/1562/1562 1560/1560/1560
f 1464/1464/1464 1468/1468/1468 1566/1566/1566
f 1464/1464/1464 1566/1566/1566 1562/1562/1562
f 1468/1468/1468 1474/1474/1474 1572/1572/1572
f 1468/1468/1468 1572/1572/1572 1566/1566/1566
f 1474/1474/1474 1478/1478/1478 1576/1576/1576
f 1474/1474/1474 1576/1576/1576 1572/1572/1572
f 1478/1478/1478 1475/1475/1475 1573/1573/1573
f 1478/1478/1478 1573/1573/1573 1576/1576/1576
f 1475/1475/1475 1470/1470/1470 1568/1568/1568
f 1475/1475/1475 1568/1568/1568 1573/1573/1573
f 1567/1567/1567 1563/1563/1563 1581/1581/1581
f 1567/1567/1567 1581/1581/1581 1585/1585/1585
f 1563/1563/1563 1560/1560/1560 1578/1578/1578
f 1563/1563/1563 1578/1578/1578 1581/1581/1581
f 1560/1560/1560 1562/1562/1562 1580/1580/1580
f 1560/1560/1560 1580/1580/1580 1578/1578/1578
f 1562/1562/1562 1566/1566/1566 1584/1584/1584
f 1562/1562/1562 1584/1584/1584 1580/1580/1580
f 1566/1566/1566 1572/1572/1572 1590/1590/1590
f 1566/1566/1566 1590/1590/1590 1584/1584/1584
f 1572/1572/1572 1576/1576/1576 1594/1594/1594
f 1572/1572/1572 1594/1594/1594 1590/1590/1590
f 1576/1576/1576 1573/1573/1573 1591/1591/1591
f 1576/1576/1576 1591/1591/1591 1594/1594/1594
f 1573/1573/1573 1568/1568/1568 1586/1586/1586
f 1573/1573/1573 1586/1586/1586 1591/1591/1591
f 1585/1585/1585 1581/1581/1581 1679/1679/1679
f 1585/1585/1585 1679/1679/1679 1683/1683/1683
f 1581/1581/1581 1578/1578/1578 1676/1676/1676
f 1581/1581/1581 1676/1676/1676 1679/1679/1679
f 1578/1578/1578 1580/1580/1580 1678/1678/1678
f 1578/1578/1578 1678/1678/1678 1676/1676/1676
f 1580/1580/1580 1584/1584/1584 1682/1682/1682
f 1580/1580/1580 1682/1682/1682 1678/1678/1678
f 1584/1584/1584 1590/1590/1590 1688/1688/1688
f 1584/1584/1584 1688/1688/1688 1682/1682/1682
f 1590/1590/1590 1594/1594/1594 1692/1692/1692
f 1590/1590/1590 1692/1692/1692 1688/1688/1688
f 1594/1594/1594 1591/1591/1591 1689/1689/1689
f 1594/1594/1594 1689/1689/1689 1692/1692/1692
f 1591/1591/1591 1586/1586/1586 1684/1684/1684
f 1591/1591/1591 1684/1684/1684 1689/1689/1689
f 1683/1683/1683 1679/1679/1679 1777/1777/1777
f 1683/1683/1683 1777/1777/1777 1781/1781/1781
f 1679/1679/1679 1676/1676/1676 1774/1774/1774
f 1679/1679/1679 1774/1774/1774 1777/1777/1777
f 1676/1676/1676 1678/1678/1678 1776/1776/1776
f 1676/1676/1676 1776/1776/1776 1774/1774/1774
f 1678/1678/1678 1682/1682/1682 1780/1780/1780
f 1678/1678/1678 1780/1780/1780 1776/1776/1776
f 1682/1682/1682 1688/1688/1688 1786/1786/1786
f 1682/1682/1682 1786/1786/1786 1780/1780/1780
f 1688/1688/1688 1692/1692/1692 1790/1790/1790
f 1688/1688/1688 1790/1790/1790 1786/1786/1786
f 1692/1692/1692 1689/1689/1689 1787/1787/1787
f 1692/1692/1692 1787/1787/1787 1790/1790/1790
f 1689/1689/1689 1684/1684/1684 1782/1782/1782
f 1689/1689/1689 1782/1782/1782 1787/1787/1787
f 1781/1781/1781 1777/1777/1777 1795/1795/1795
f 1781/1781/1781 1795/1795/1795 1799/1799/1799
f 1777/1777/1777 1774/1774/1774 1792/1792/1792
f 1777/1777/1777 1792/1792/1792 1795/1795/1795
f 1774/1774/1774 1776/1776/1776 1794/1794/1794
f 1774/1774/1774 1794/1794/1794 1792/1792/1792
f 1776/1776/1776 1780/1780/1780 1798/1798/1798
f 1776/1776/1776 1798/1798/1798 1794/1794/1794
f 1780/1780/1780 1786/1786/1786 1804/1804/1804
f 1780/1780/1780 1804/1804/1804 1798/1798/1798
f 1786/1786/1786 1790/1790/1790 1808/1808/1808
f 1786/1786/1786 1808/1808/1808 1804/1804/1804
f 1790/1790/1790 1787/1787/1787 1805/1805/1805
f 1790/1790/1790 1805/1805/1805 1808/1808/1808
f 1787/1787/1787 1782/1782/1782 1800/1800/1800
f 1787/1787/1787 1800/1800/1800 1805/1805/1805
f 1799/1799/1799 1795/1795/1795 1893/1893/1893
f 1799/1799/1799 1893/1893/1893 1897/1897/1897
f 1795/1795/1795 1792/1792/1792 1890/1890/1890
f 1795/1795/1795 1890/1890/1890 1893/1893/1893
f 1792/1792/1792 1794/1794/1794 1892/1892/1892
f 1792/1792/1792 1892/1892/1892 1890/1890/1890
f 1794/1794/1794 1798/1798/1798 1896/1896/1896
f 1794/1794/1794 1896/1896/1896 1892/1892/1892
f 1798/1798/1798 1804/1804/1804 1902/1902/1902
f 1798/1798/1798 1902/1902/1902 1896/1896/1896
f 1804/1804/1804 1808/1808/1808 1906/1906/1906
f 1804/1804/1804 1906/1906/1906 1902/1902/1902
f 1808/1808/1808 1805/1805/1805 1903/1903/1903
f 1808/1808/1808 1903/1903/1903 1906/1906/1906
f 1805/1805/1805 1800/1800/1800 1898/1898/1898
f 1805/1805/1805 1898/1898/1898 1903/1903/1903
f 1897/1897/1897 1893/1893/1893 1911/1911/1911
f 1897/1897/1897 1911/1911/1911 1993/1993/1993
f 1893/1893/1893 1890/1890/1890 1908/1908/1908
f 1893/1893/1893 1908/1908/1908 1911/1911/1911
f 1890/1890/1890 1892/1892/1892 1910/1910/1910
f 1890/1890/1890 1910/1910/1910 1908/1908/1908
f 1892/1892/1892 1896/1896/1896 1990/1990/1990
f 1892/1892/1892 1990/1990/1990 1910/1910/1910
f 1896/1896/1896 1902/1902/1902 2000/2000/2000
f 1896/1896/1896 2000/2000/2000 1990/1990/1990
f 1902/1902/1902 1906/1906/1906 2004/2004/2004
f 1902/1902/1902 2004/2004/2004 2000/2000/2000
f 1906/1906/1906 1903/1903/1903 2001/2001/2001
f 1906/1906/1906 2001/2001/2001 2004/2004/2004
f 1903/1903/1903 1898/1898/1898 1994/1994/1994
f 1903/1903/1903 1994/1994/1994 2001/2001/2001
f 1993/1993/1993 1911/1911/1911 2009/2009/2009
f 1993/1993/1993 2009/2009/2009 2013/2013/2013
f 1911/1911/1911 1908/1908/1908 2006/2006/2006
f 1911/1911/1911 2006/2006/2006 2009/2009/2009
f 1908/1908/1908 1910/1910/1910 2008/2008/2008
f 1908/1908/1908 2008/2008/2008 2006/2006/2006
f 1910/1910/1910 1990/1990/1990 2012/2012/2012
f 1910/1910/1910 2012/2012/2012 2008/2008/2008
f 1990/1990/1990 2000/2000/2000 2018/2018/2018
f 1990/1990/1990 2018/2018/2018 2012/2012/2012
f 2000/2000/2000 2004/2004/2004 2022/2022/2022
f 2000/2000/2000 2022/2022/2022 2018/2018/2018
f 2004/2004/2004 2001/2001/2001 2019/2019/2019
f 2004/2004/2004 2019/2019/2019 2022/2022/2022
f 2001/2001/2001 1994/1994/1994 2014/2014/2014
f 2001/2001/2001 2014/2014/2014 2019/2019/2019
f 2013/2013/2013 2009/2009/2009 2107/2107/2107
f 2013/2013/2013 2107/2107/2107 2111/2111/2111
f 2009/2009/2009 2006/2006/2006 2104/2104/2104
f 2009/2009/2009 2104/2104/2104 2107/2107/2107
f 2006/2006/2006 2008/2008/2008 2106/2106/2106
f 2006/2006/2006 2106/2106/2106 2104/2104/2104
f 2008/2008/2008 2012/2012/2012 2110/2110/2110
f 2008/2008/2008 2110/2110/2110 2106/2106/2106
f 2012/2012/2012 2018/2018/2018 2116/2116/2116
f 2012/2012/2012 2116/2116/2116 2110/2110/2110
f 2018/2018/2018 2022/2022/2022 2120/2120/2120
f 2018/2018/2018 2120/2120/2120 2116/2116/2116
f 2022/2022/2022 2019/2019/2019 2117/2117/2117
f 2022/2022/2022 2117/2117/2117 2120/2120/2120
f 2019/2019/2019 2014/2014/2014 2112/2112/2112
f 2019/2019/2019 2112/2112/2112 2117/2117/2117
f 2111/2111/2111 2107/2107/2107 2149/2149/2149
f 2111/2111/2111 2149/2149/2149 2153/2153/2153
f 2107/2107/2107 2104/2104/2104 2146/2146/2146
f 2107/2107/2107 2146/2146/2146 2149/2149/2149
f 2104/2104/2104 2106/2106/2106 2148/2148/2148
f 2104/2104/2104 2148/2148/2148 2146/2146/2146
f 2106/2106/2106 2110/2110/2110 2152/2152/2152
f 2106/2106/2106 2152/2152/2152 2148/2148/2148
f 2110/2110/2110 2116/2116/2116 2158/2158/2158
f 2110/2110/2110 2158/2158/2158 2152/2152/2152
f 2116/2116/2116 2120/2120/2120 2162/2162/2162
f 2116/2116/2116 2162/2162/2162 2158/2158/2158
f 2120/2120/2120 2117/2117/2117 2159/2159/2159
f 2120/2120/2120 2159/2159/2159 2162/2162/2162
f 2117/2117/2117 2112/2112/2112 2154/2154/2154
f 2117/2117/2117 2154/2154/2154 2159/2159/2159
f 2153/2153/2153 2149/2149/2149 2283/2283/2283
f 2153/2153/2153 2283/2283/2283 2287/2287/2287
f 2149/2149/2149 2146/2146/2146 2280/2280/2280
f 2149/2149/2149 2280/2280/2280 2283/2283/2283
f 2146/2146/2146 2148/2148/2148 2282/2282/2282
f 2146/2146/2146 2282/2282/2282 2280/2280/2280
f 2148/2148/2148 2152/2152/2152 2286/2286/2286
f 2148/2148/2148 2286/2286/2286 2282/2282/2282
f 2152/2152/2152 2158/2158/2158 2292/2292/2292
f 2152/2152/2152 2292/2292/2292 2286/2286/2286
f 2158/2158/2158 2162/2162/2162 2304/2304/2304
f 2158/2158/2158 2304/2304/2304 2292/2292/2292
f 2162/2162/2162 2159/2159/2159 2293/2293/2293
f 2162/2162/2162 2293/2293/2293 2304/2304/2304
f 2159/2159/2159 2154/2154/2154 2288/2288/2288
f 2159/2159/2159 2288/2288/2288 2293/2293/2293
f 2287/2287/2287 2283/2283/2283 2447/2447/2447
f 2287/2287/2287 2447/2447/2447 2459/2459/2459
f 2283/2283/2283 2280/2280/2280 2444/2444/2444
f 2283/2283/2283 2444/2444/2444 2447/2447/2447
f 2280/2280/2280 2282/2282/2282 2446/2446/2446
f 2280/2280/2280 2446/2446/2446 2444/2444/2444
f 2282/2282/2282 2286/2286/2286 2458/2458/2458
f 2282/2282/2282 2458/2458/2458 2446/2446/2446
f 2286/2286/2286 2292/2292/2292 2468/2468/2468
f 2286/2286/2286 2468/2468/2468 2458/2458/2458
f 2292/2292/2292 2304/2304/2304 2484/2484/2484
f 2292/2292/2292 2484/2484/2484 2468/2468/2468
f 2304/2304/2304 2293/2293/2293 2469/2469/2469
f 2304/2304/2304 2469/2469/2469 2484/2484/2484
f 2293/2293/2293 2288/2288/2288 2460/2460/2460
f 2293/2293/2293 2460/2460/2460 2469/2469/2469
f 2459/2459/2459 2447/2447/2447 2548/2548/2548
f 2459/2459/2459 2548/2548/2548 2552/2552/2552
f 2447/2447/2447 2444/2444/2444 2545/2545/2545
f 2447/2447/2447 2545/2545/2545 2548/2548/2548
f 2444/2444/2444 2446/2446/2446 2547/2547/2547
f 2444/2444/2444 2547/2547/2547 2545/2545/2545
f 2446/2446/2446 2458/2458/2458 2551/2551/2551
f 2446/2446/2446 2551/2551/2551 2547/2547/2547
f 2458/2458/2458 2468/2468/2468 2569/2569/2569
f 2458/2458/2458 2569/2569/2569 2551/2551/2551
f 2468/2468/2468 2484/2484/2484 2573/2573/2573
f 2468/2468/2468 2573/2573/2573 2569/2569/2569
f 2484/2484/2484 2469/2469/2469 2570/2570/2570
f 2484/2484/2484 2570/2570/2570 2573/2573/2573
f 2469/2469/2469 2460/2460/2460 2553/2553/2553
f 2469/2469/2469 2553/2553/2553 2570/2570/2570
f 2552/2552/2552 2548/2548/2548 2718/2718/2718
f 2552/2552/2552 2718/2718/2718 2722/2722/2722
f 2548/2548/2548 2545/2545/2545 2715/2715/2715
f 2548/2548/2548 2715/2715/2715 2718/2718/2718
f 2545/2545/2545 2547/2547/2547 2717/2717/2717
f 2545/2545/2545 2717/2717/2717 2715/2715/2715
f 2547/2547/2547 2551/2551/2551 2721/2721/2721
f 2547/2547/2547 2721/2721/2721 2717/2717/2717
f 2551/2551/2551 2569/2569/2569 2727/2727/2727
f 2551/2551/2551 2727/2727/2727 2721/2721/2721
f 2569/2569/2569 2573/2573/2573 2731/2731/2731
f 2569/2569/2569 2731/2731/2731 2727/2727/2727
f 2573/2573/2573 2570/2570/2570 2728/2728/2728
f 2573/2573/2573 2728/2728/2728 2731/2731/2731
f 2570/2570/2570 2553/2553/2553 2723/2723/2723
f 2570/2570/2570 2723/2723/2723 2728/2728/2728
f 2722/2722/2722 2718/2718/2718 2742/2742/2742
f 2722/2722/2722 2742/2742/2742 2794/2794/2794
f 2718/2718/2718 2715/2715/2715 2733/2733/2733
f 2718/2718/2718 2733/2733/2733 2742/2742/2742
f 2715/2715/2715 2717/2717/2717 2739/2739/2739
f 2715/2715/2715 2739/2739/2739 2733/2733/2733
f 2717/2717/2717 2721/2721/2721 2789/2789/2789
f 2717/2717/2717 2789/2789/2789 2739/2739/2739
f 2721/2721/2721 2727/2727/2727 2807/2807/2807
f 2721/2721/2721 2807/2807/2807 2789/2789/2789
f 2727/2727/2727 2731/2731/2731 2819/2819/2819
f 2727/2727/2727 2819/2819/2819 2807/2807/2807
f 2731/2731/2731 2728/2728/2728 2810/2810/2810
f 2731/2731/2731 2810/2810/2810 2819/2819/2819
f 2728/2728/2728 2723/2723/2723 2795/2795/2795
f 2728/2728/2728 2795/2795/2795 2810/2810/2810
f 60/60/60 79/79/79 62/62/62
f 60/60/60 88/88/88 78/78/78
f 60/60/60 76/76/76 87/87/87
f 60/60/60 58/58/58 75/75/75
f 60/60/60 8/8/8 57/57/57
f 60/60/60 2/2/2 7/7/7
f 60/60/60 11/11/11 1/1/1
f 60/60/60 63/63/63 10/10/10
f 2793/2793/2793 2796/2796/2796 2744/2744/2744
f 2793/2793/2793 2743/2743/2743 2735/2735/2735
f 2793/2793/2793 2734/2734/2734 2741/2741/2741
f 2793/2793/2793 2740/2740/2740 2791/2791/2791
f 2793/2793/2793 2790/2790/2790 2809/2809/2809
f 2793/2793/2793 2808/2808/2808 2821/2821/2821
f 2793/2793/2793 2820/2820/2820 2812/2812/2812
f 2793/2793/2793 2811/2811/2811 2797/2797/2797
f 73/73/73 86/86/86 108/108/108
f 73/73/73 108/108/108 103/103/103
f 86/86/86 92/92/92 110/110/110
f 86/86/86 110/110/110 108/108/108
f 92/92/92 83/83/83 107/107/107
f 92/92/92 107/107/107 110/110/110
f 83/83/83 68/68/68 102/102/102
f 83/83/83 102/102/102 107/107/107
f 68/68/68 15/15/15 97/97/97
f 68/68/68 97/97/97 102/102/102
f 15/15/15 6/6/6 94/94/94
f 15/15/15 94/94/94 97/97/97
f 6/6/6 18/18/18 98/98/98
f 6/6/6 98/98/98 94/94/94
f 18/18/18 74/74/74 104/104/104
f 18/18/18 104/104/104 98/98/98
f 103/103/103 108/108/108 272/272/272
f 103/103/103 272/272/272 267/267/267
f 108/108/108 110/110/110 274/274/274
f 108/108/108 274/274/274 272/272/272
f 110/110/110 107/107/107 271/271/271
f 110/110/110 271/271/271 274/274/274
f 107/107/107 102/102/102 266/266/266
f 107/107/107 266/266/266 271/271/271
f 102/102/102 97/97/97 249/249/249
f 102/102/102 249/249/249 266/266/266
f 97/97/97 94/94/94 246/246/246
f 97/97/97 246/246/246 249/249/249
f 94/94/94 98/98/98 250/250/250
f 94/94/94 250/250/250 246/246/246
f 98/98/98 104/104/104 268/268/268
f 98/98/98 268/268/268 250/250/250
f 267/267/267 272/272/272 373/373/373
f 267/267/267 373/373/373 360/360/360
f 272/272/272 274/274/274 375/375/375
f 272/272/272 375/375/375 373/373/373
f 274/274/274 271/271/271 372/372/372
f 274/274/274 372/372/372 375/375/375
f 271/271/271 266/266/266 359/359/359
f 271/271/271 359/359/359 372/372/372
f 266/266/266 249/249/249 350/350/350
f 266/266/266 350/350/350 359/359/359
f 249/249/249 246/246/246 335/335/335
f 249/249/249 335/335/335 350/350/350
f 246/246/246 250/250/250 351/351/351
f 246/246/246 351/351/351 335/335/335
f 250/250/250 268/268/268 361/361/361
f 250/250/250 361/361/361 351/351/351
f 360/360/360 373/373/373 541/541/541
f 360/360/360 541/541/541 536/536/536
f 373/373/373 375/375/375 543/543/543
f 373/373/373 543/543/543 541/541/541
f 375/375/375 372/372/372 540/540/540
f 375/375/375 540/540/540 543/543/543
f 372/372/372 359/359/359 535/535/535
f 372/372/372 535/535/535 540/540/540
f 359/359/359 350/350/350 530/530/530
f 359/359/359 530/530/530 535/535/535
f 350/350/350 335/335/335 519/519/519
f 350/350/350 519/519/519 530/530/530
f 335/335/335 351/351/351 531/531/531
f 335/335/335 531/531/531 519/519/519
f 351/351/351 361/361/361 537/537/537
f 351/351/351 537/537/537 531/531/531
f 536/536/536 541/541/541 677/677/677
f 536/536/536 677/677/677 672/672/672
f 541/541/541 543/543/543 679/679/679
f 541/541/541 679/679/679 677/677/677
f 543/543/543 540/540/540 676/676/676
f 543/543/543 676/676/676 679/679/679
f 540/540/540 535/535/535 671/671/671
f 540/540/540 671/671/671 676/676/676
f 535/535/535 530/530/530 666/666/666
f 535/535/535 666/666/666 671/671/671
f 530/530/530 519/519/519 663/663/663
f 530/530/530 663/663/663 666/666/666
f 519/519/519 531/531/531 667/667/667
f 519/519/519 667/667/667 663/663/663
f 531/531/531 537/537/537 673/673/673
f 531/531/531 673/673/673 667/667/667
f 672/672/672 677/677/677 719/719/719
f 672/672/672 719/719/719 714/714/714
f 677/677/677 679/679/679 721/721/721
f 677/677/677 721/721/721 719/719/719
f 679/679/679 676/676/676 718/718/718
f 679/679/679 718/718/718 721/721/721
f 676/676/676 671/671/671 713/713/713
f 676/676/676 713/713/713 718/718/718
f 671/671/671 666/666/666 708/708/708
f 671/671/671 708/708/708 713/713/713
f 666/666/666 663/663/663 705/705/705
f 666/666/666 705/705/705 708/708/708
f 663/663/663 667/667/667 709/709/709
f 663/663/663 709/709/709 705/705/705
f 667/667/667 673/673/673 715/715/715
f 667/667/667 715/715/715 709/709/709
f 714/714/714 719/719/719 817/817/817
f 714/714/714 817/817/817 812/812/812
f 719/719/719 721/721/721 819/819/819
f 719/719/719 819/819/819 817/817/817
f 721/721/721 718/718/718 816/816/816
f 721/721/721 816/816/816 819/819/819
f 718/718/718 713/713/713 811/811/811
f 718/718/718 811/811/811 816/816/816
f 713/713/713 708/708/708 806/806/806
f 713/713/713 806/806/806 811/811/811
f 708/708/708 705/705/705 803/803/803
f 708/708/708 803/803/803 806/806/806
f 705/705/705 709/709/709 807/807/807
f 705/705/705 807/807/807 803/803/803
f 709/709/709 715/715/715 813/813/813
f 709/709/709 813/813/813 807/807/807
f 812/812/812 817/817/817 915/915/915
f 812/812/812 915/915/915 910/910/910
f 817/817/817 819/819/819 917/917/917
f 817/817/817 917/917/917 915/915/915
f 819/819/819 816/816/816 914/914/914
f 819/819/819 914/914/914 917/917/917
f 816/816/816 811/811/811 907/907/907
f 816/816/816 907/907/907 914/914/914
f 811/811/811 806/806/806 824/824/824
f 811/811/811 824/824/824 907/907/907
f 806/806/806 803/803/803 821/821/821
f 806/806/806 821/821/821 824/824/824
f 803/803/803 807/807/807 825/825/825
f 803/803/803 825/825/825 821/821/821
f 807/807/807 813/813/813 911/911/911
f 807/807/807 911/911/911 825/825/825
f 910/910/910 915/915/915 933/933/933
f 910/910/910 933/933/933 928/928/928
f 915/915/915 917/917/917 935/935/935
f 915/915/915 935/935/935 933/933/933
f 917/917/917 914/914/914 932/932/932
f 917/917/917 932/932/932 935/935/935
f 914/914/914 907/907/907 927/927/927
f 914/914/914 927/927/927 932/932/932
f 907/907/907 824/824/824 922/922/922
f 907/907/907 922/922/922 927/927/927
f 824/824/824 821/821/821 919/919/919
f 824/824/824 919/919/919 922/922/922
f 821/821/821 825/825/825 923/923/923
f 821/821/821 923/923/923 919/919/919
f 825/825/825 911/911/911 929/929/929
f 825/825/825 929/929/929 923/923/923
f 928/928/928 933/933/933 1031/1031/1031
f 928/928/928 1031/1031/1031 1026/1026/1026
f 933/933/933 935/935/935 1033/1033/1033
f 933/933/933 1033/1033/1033 1031/1031/1031
f 935/935/935 932/932/932 1030/1030/1030
f 935/935/935 1030/1030/1030 1033/1033/1033
f 932/932/932 927/927/927 1025/1025/1025
f 932/932/932 1025/1025/1025 1030/1030/1030
f 927/927/927 922/922/922 1020/1020/1020
f 927/927/927 1020/1020/1020 1025/1025/1025
f 922/922/922 919/919/919 1017/1017/1017
f 922/922/922 1017/1017/1017 1020/1020/1020
f 919/919/919 923/923/923 1021/1021/1021
f 919/919/919 1021/1021/1021 1017/1017/1017
f 923/923/923 929/929/929 1027/1027/1027
f 923/923/923 1027/1027/1027 1021/1021/1021
f 1026/1026/1026 1031/1031/1031 1049/1049/1049
f 1026/1026/1026 1049/1049/1049 1044/1044/1044
f 1031/1031/1031 1033/1033/1033 1051/1051/1051
f 1031/1031/1031 1051/1051/1051 1049/1049/1049
f 1033/1033/1033 1030/1030/1030 1048/1048/1048
f 1033/1033/1033 1048/1048/1048 1051/1051/1051
f 1030/1030/1030 1025/1025/1025 1043/1043/1043
f 1030/1030/1030 1043/1043/1043 1048/1048/1048
f 1025/1025/1025 1020/1020/1020 1038/1038/1038
f 1025/1025/1025 1038/1038/1038 1043/1043/1043
f 1020/1020/1020 1017/1017/1017 1035/1035/1035
f 1020/1020/1020 1035/1035/1035 1038/1038/1038
f 1017/1017/1017 1021/1021/1021 1039/1039/1039
f 1017/1017/1017 1039/1039/1039 1035/1035/1035
f 1021/1021/1021 1027/1027/1027 1045/1045/1045
f 1021/1021/1021 1045/1045/1045 1039/1039/1039
f 1044/1044/1044 1049/1049/1049 1147/1147/1147
f 1044/1044/1044 1147/1147/1147 1142/1142/1142
f 1049/1049/1049 1051/1051/1051 1149/1149/1149
f 1049/1049/1049 1149/1149/1149 1147/1147/1147
f 1051/1051/1051 1048/1048/1048 1146/1146/1146
f 1051/1051/1051 1146/1146/1146 1149/1149/1149
f 1048/1048/1048 1043/1043/1043 1141/1141/1141
f 1048/1048/1048 1141/1141/1141 1146/1146/1146
f 1043/1043/1043 1038/1038/1038 1136/1136/1136
f 1043/1043/1043 1136/1136/1136 1141/1141/1141
f 1038/1038/1038 1035/1035/1035 1133/1133/1133
f 1038/1038/1038 1133/1133/1133 1136/1136/1136
f 1035/1035/1035 1039/1039/1039 1137/1137/1137
f 1035/1035/1035 1137/1137/1137 1133/1133/1133
f 1039/1039/1039 1045/1045/1045 1143/1143/1143
f 1039/1039/1039 1143/1143/1143 1137/1137/1137
f 1142/1142/1142 1147/1147/1147 1245/1245/1245
f 1142/1142/1142 1245/1245/1245 1240/1240/1240
f 1147/1147/1147 1149/1149/1149 1247/1247/1247
f 1147/1147/1147 1247/1247/1247 1245/1245/1245
f 1149/1149/1149 1146/1146/1146 1244/1244/1244
f 1149/1149/1149 1244/1244/1244 1247/1247/1247
f 1146/1146/1146 1141/1141/1141 1239/1239/1239
f 1146/1146/1146 1239/1239/1239 1244/1244/1244
f 1141/1141/1141 1136/1136/1136 1234/1234/1234
f 1141/1141/1141 1234/1234/1234 1239/1239/1239
f 1136/1136/1136 1133/1133/1133 1231/1231/1231
f 1136/1136/1136 1231/1231/1231 1234/1234/1234
f 1133/1133/1133 1137/1137/1137 1235/1235/1235
f 1133/1133/1133 1235/1235/1235 1231/1231/1231
f 1137/1137/1137 1143/1143/1143 1241/1241/1241
f 1137/1137/1137 1241/1241/1241 1235/1235/1235
f 1240/1240/1240 1245/1245/1245 1263/1263/1263
f 1240/1240/1240 1263/1263/1263 1258/1258/1258
f 1245/1245/1245 1247/1247/1247 1265/1265/1265
f 1245/1245/1245 1265/1265/1265 1263/1263/1263
f 1247/1247/1247 1244/1244/1244 1262/1262/1262
f 1247/1247/1247 1262/1262/1262 1265/1265/1265
f 1244/1244/1244 1239/1239/1239 1257/1257/1257
f 1244/1244/1244 1257/1257/1257 1262/1262/1262
f 1239/1239/1239 1234/1234/1234 1252/1252/1252
f 1239/1239/1239 1252/1252/1252 1257/1257/1257
f 1234/1234/1234 1231/1231/1231 1249/1249/1249
f 1234/1234/1234 1249/1249/1249 1252/1252/1252
f 1231/1231/1231 1235/1235/1235 1253/1253/1253
f 1231/1231/1231 1253/1253/1253 1249/1249/1249
f 1235/1235/1235 1241/1241/1241 1259/1259/1259
f 1235/1235/1235 1259/1259/1259 1253/1253/1253
f 1258/1258/1258 1263/1263/1263 1361/1361/1361
f 1258/1258/1258 1361/1361/1361 1356/1356/1356
f 1263/1263/1263 1265/1265/1265 1363/1363/1363
f 1263/1263/1263 1363/1363/1363 1361/1361/1361
f 1265/1265/1265 1262/1262/1262 1360/1360/1360
f 1265/1265/1265 1360/1360/1360 1363/1363/1363
f 1262/1262/1262 1257/1257/1257 1355/1355/1355
f 1262/1262/1262 1355/1355/1355 1360/1360/1360
f 1257/1257/1257 1252/1252/1252 1350/1350/1350
f 1257/1257/1257 1350/1350/1350 1355/1355/1355
f 1252/1252/1252 1249/1249/1249 1347/1347/1347
f 1252/1252/1252 1347/1347/1347 1350/1350/1350
f 1249/1249/1249 1253/1253/1253 1351/1351/1351
f 1249/1249/1249 1351/1351/1351 1347/1347/1347
f 1253/1253/1253 1259/1259/1259 1357/1357/1357
f 1253/1253/1253 1357/1357/1357 1351/1351/1351
f 1356/1356/1356 1361/1361/1361 1445/1445/1445
f 1356/1356/1356 1445/1445/1445 1454/1454/1454
f 1361/1361/1361 1363/1363/1363 1437/1437/1437
f 1361/1361/1361 1437/1437/1437 1445/1445/1445
f 1363/1363/1363 1360/1360/1360 1444/1444/1444
f 1363/1363/1363 1444/1444/1444 1437/1437/1437
f 1360/1360/1360 1355/1355/1355 1451/1451/1451
f 1360/1360/1360 1451/1451/1451 1444/1444/1444
f 1355/1355/1355 1350/1350/1350 1458/1458/1458
f 1355/1355/1355 1458/1458/1458 1451/1451/1451
f 1350/1350/1350 1347/1347/1347 1461/1461/1461
f 1350/1350/1350 1461/1461/1461 1458/1458/1458
f 1347/1347/1347 1351/1351/1351 1459/1459/1459
f 1347/1347/1347 1459/1459/1459 1461/1461/1461
f 1351/1351/1351 1357/1357/1357 1455/1455/1455
f 1351/1351/1351 1455/1455/1455 1459/1459/1459
f 1454/1454/1454 1445/1445/1445 1467/1467/1467
f 1454/1454/1454 1467/1467/1467 1472/1472/1472
f 1445/1445/1445 1437/1437/1437 1463/1463/1463
f 1445/1445/1445 1463/1463/1463 1467/1467/1467
f 1437/1437/1437 1444/1444/1444 1466/1466/1466
f 1437/1437/1437 1466/1466/1466 1463/1463/1463
f 1444/1444/1444 1451/1451/1451 1471/1471/1471
f 1444/1444/1444 1471/1471/1471 1466/1466/1466
f 1451/1451/1451 1458/1458/1458 1476/1476/1476
f 1451/1451/1451 1476/1476/1476 1471/1471/1471
f 1458/1458/1458 1461/1461/1461 1479/1479/1479
f 1458/1458/1458 1479/1479/1479 1476/1476/1476
f 1461/1461/1461 1459/1459/1459 1477/1477/1477
f 1461/1461/1461 1477/1477/1477 1479/1479/1479
f 1459/1459/1459 1455/1455/1455 1473/1473/1473
f 1459/1459/1459 1473/1473/1473 1477/1477/1477
f 1472/1472/1472 1467/1467/1467 1565/1565/1565
f 1472/1472/1472 1565/1565/1565 1570/1570/1570
f 1467/1467/1467 1463/1463/1463 1561/1561/1561
f 1467/1467/1467 1561/1561/1561 1565/1565/1565
f 1463/1463/1463 1466/1466/1466 1564/1564/1564
f 1463/1463/1463 1564/1564/1564 1561/1561/1561
f 1466/1466/1466 1471/1471/1471 1569/1569/1569
f 1466/1466/1466 1569/1569/1569 1564/1564/1564
f 1471/1471/1471 1476/1476/1476 1574/1574/1574
f 1471/1471/1471 1574/1574/1574 1569/1569/1569
f 1476/1476/1476 1479/1479/1479 1577/1577/1577
f 1476/1476/1476 1577/1577/1577 1574/1574/1574
f 1479/1479/1479 1477/1477/1477 1575/1575/1575
f 1479/1479/1479 1575/1575/1575 1577/1577/1577
f 1477/1477/1477 1473/1473/1473 1571/1571/1571
f 1477/1477/1477 1571/1571/1571 1575/1575/1575
f 1570/1570/1570 1565/1565/1565 1583/1583/1583
f 1570/1570/1570 1583/1583/1583 1588/1588/1588
f 1565/1565/1565 1561/1561/1561 1579/1579/1579
f 1565/1565/1565 1579/1579/1579 1583/1583/1583
f 1561/1561/1561 1564/1564/1564 1582/1582/1582
f 1561/1561/1561 1582/1582/1582 1579/1579/1579
f 1564/1564/1564 1569/1569/1569 1587/1587/1587
f 1564/1564/1564 1587/1587/1587 1582/1582/1582
f 1569/1569/1569 1574/1574/1574 1592/1592/1592
f 1569/1569/1569 1592/1592/1592 1587/1587/1587
f 1574/1574/1574 1577/1577/1577 1595/1595/1595
f 1574/1574/1574 1595/1595/1595 1592/1592/1592
f 1577/1577/1577 1575/1575/1575 1593/1593/1593
f 1577/1577/1577 1593/1593/1593 1595/1595/1595
f 1575/1575/1575 1571/1571/1571 1589/1589/1589
f 1575/1575/1575 1589/1589/1589 1593/1593/1593
f 1588/1588/1588 1583/1583/1583 1681/1681/1681
f 1588/1588/1588 1681/1681/1681 1686/1686/1686
f 1583/1583/1583 1579/1579/1579 1677/1677/1677
f 1583/1583/1583 1677/1677/1677 1681/1681/1681
f 1579/1579/1579 1582/1582/1582 1680/1680/1680
f 1579/1579/1579 1680/1680/1680 1677/1677/1677
f 1582/1582/1582 1587/1587/1587 1685/1685/1685
f 1582/1582/1582 1685/1685/1685 1680/1680/1680
f 1587/1587/1587 1592/1592/1592 1690/1690/1690
f 1587/1587/1587 1690/1690/1690 1685/1685/1685
f 1592/1592/1592 1595/1595/1595 1693/1693/1693
f 1592/1592/1592 1693/1693/1693 1690/1690/1690
f 1595/1595/1595 1593/1593/1593 1691/1691/1691
f 1595/1595/1595 1691/1691/1691 1693/1693/1693
f 1593/1593/1593 1589/1589/1589 1687/1687/1687
f 1593/1593/1593 1687/1687/1687 1691/1691/1691
f 1686/1686/1686 1681/1681/1681 1779/1779/1779
f 1686/1686/1686 1779/1779/1779 1784/1784/1784
f 1681/1681/1681 1677/1677/1677 1775/1775/1775
f 1681/1681/1681 1775/1775/1775 1779/1779/1779
f 1677/1677/1677 1680/1680/1680 1778/1778/1778
f 1677/1677/1677 1778/1778/1778 1775/1775/1775
f 1680/1680/1680 1685/1685/1685 1783/1783/1783
f 1680/1680/1680 1783/1783/1783 1778/1778/1778
f 1685/1685/1685 1690/1690/1690 1788/1788/1788
f 1685/1685/1685 1788/1788/1788 1783/1783/1783
f 1690/1690/1690 1693/1693/1693 1791/1791/1791
f 1690/1690/1690 1791/1791/1791 1788/1788/1788
f 1693/1693/1693 1691/1691/1691 1789/1789/1789
f 1693/1693/1693 1789/1789/1789 1791/1791/1791
f 1691/1691/1691 1687/1687/1687 1785/1785/1785
f 1691/1691/1691 1785/1785/1785 1789/1789/1789
f 1784/1784/1784 1779/1779/1779 1797/1797/1797
f 1784/1784/1784 1797/1797/1797 1802/1802/1802
f 1779/1779/1779 1775/1775/1775 1793/1793/1793
f 1779/1779/1779 1793/1793/1793 1797/1797/1797
f 1775/1775/1775 1778/1778/1778 1796/1796/1796
f 1775/1775/1775 1796/1796/1796 1793/1793/1793
f 1778/1778/1778 1783/1783/1783 1801/1801/1801
f 1778/1778/1778 1801/1801/1801 1796/1796/1796
f 1783/1783/1783 1788/1788/1788 1806/1806/1806
f 1783/1783/1783 1806/1806/1806 1801/1801/1801
f 1788/1788/1788 1791/1791/1791 1809/1809/1809
f 1788/1788/1788 1809/1809/1809 1806/1806/1806
f 1791/1791/1791 1789/1789/1789 1807/1807/1807
f 1791/1791/1791 1807/1807/1807 1809/1809/1809
f 1789/1789/1789 1785/1785/1785 1803/1803/1803
f 1789/1789/1789 1803/1803/1803 1807/1807/1807
f 1802/1802/1802 1797/1797/1797 1895/1895/1895
f 1802/1802/1802 1895/1895/1895 1900/1900/1900
f 1797/1797/1797 1793/1793/1793 1891/1891/1891
f 1797/1797/1797 1891/1891/1891 1895/1895/1895
f 1793/1793/1793 1796/1796/1796 1894/1894/1894
f 1793/1793/1793 1894/1894/1894 1891/1891/1891
f 1796/1796/1796 1801/1801/1801 1899/1899/1899
f 1796/1796/1796 1899/1899/1899 1894/1894/1894
f 1801/1801/1801 1806/1806/1806 1904/1904/1904
f 1801/1801/1801 1904/1904/1904 1899/1899/1899
f 1806/1806/1806 1809/1809/1809 1907/1907/1907
f 1806/1806/1806 1907/1907/1907 1904/1904/1904
f 1809/1809/1809 1807/1807/1807 1905/1905/1905
f 1809/1809/1809 1905/1905/1905 1907/1907/1907
f 1807/1807/1807 1803/1803/1803 1901/1901/1901
f 1807/1807/1807 1901/1901/1901 1905/1905/1905
f 1900/1900/1900 1895/1895/1895 1913/1913/1913
f 1900/1900/1900 1913/1913/1913 1998/1998/1998
f 1895/1895/1895 1891/1891/1891 1909/1909/1909
f 1895/1895/1895 1909/1909/1909 1913/1913/1913
f 1891/1891/1891 1894/1894/1894 1912/1912/1912
f 1891/1891/1891 1912/1912/1912 1909/1909/1909
f 1894/1894/1894 1899/1899/1899 1995/1995/1995
f 1894/1894/1894 1995/1995/1995 1912/1912/1912
f 1899/1899/1899 1904/1904/1904 2002/2002/2002
f 1899/1899/1899 2002/2002/2002 1995/1995/1995
f 1904/1904/1904 1907/1907/1907 2005/2005/2005
f 1904/1904/1904 2005/2005/2005 2002/2002/2002
f 1907/1907/1907 1905/1905/1905 2003/2003/2003
f 1907/1907/1907 2003/2003/2003 2005/2005/2005
f 1905/1905/1905 1901/1901/1901 1999/1999/1999
f 1905/1905/1905 1999/1999/1999 2003/2003/2003
f 1998/1998/1998 1913/1913/1913 2011/2011/2011
f 1998/1998/1998 2011/2011/2011 2016/2016/2016
f 1913/1913/1913 1909/1909/1909 2007/2007/2007
f 1913/1913/1913 2007/2007/2007 2011/2011/2011
f 1909/1909/1909 1912/1912/1912 2010/2010/2010
f 1909/1909/1909 2010/2010/2010 2007/2007/2007
f 1912/1912/1912 1995/1995/1995 2015/2015/2015
f 1912/1912/1912 2015/2015/2015 2010/2010/2010
f 1995/1995/1995 2002/2002/2002 2020/2020/2020
f 1995/1995/1995 2020/2020/2020 2015/2015/2015
f 2002/2002/2002 2005/2005/2005 2023/2023/2023
f 2002/2002/2002 2023/2023/2023 2020/2020/2020
f 2005/2005/2005 2003/2003/2003 2021/2021/2021
f 2005/2005/2005 2021/2021/2021 2023/2023/2023
f 2003/2003/2003 1999/1999/1999 2017/2017/2017
f 2003/2003/2003 2017/2017/2017 2021/2021/2021
f 2016/2016/2016 2011/2011/2011 2109/2109/2109
f 2016/2016/2016 2109/2109/2109 2114/2114/2114
f 2011/2011/2011 2007/2007/2007 2105/2105/2105
f 2011/2011/2011 2105/2105/2105 2109/2109/2109
f 2007/2007/2007 2010/2010/2010 2108/2108/2108
f 2007/2007/2007 2108/2108/2108 2105/2105/2105
f 2010/2010/2010 2015/2015/2015 2113/2113/2113
f 2010/2010/2010 2113/2113/2113 2108/2108/2108
f 2015/2015/2015 2020/2020/2020 2118/2118/2118
f 2015/2015/2015 2118/2118/2118 2113/2113/2113
f 2020/2020/2020 2023/2023/2023 2121/2121/2121
f 2020/2020/2020 2121/2121/2121 2118/2118/2118
f 2023/2023/2023 2021/2021/2021 2119/2119/2119
f 2023/2023/2023 2119/2119/2119 2121/2121/2121
f 2021/2021/2021 2017/2017/2017 2115/2115/2115
f 2021/2021/2021 2115/2115/2115 2119/2119/2119
f 2114/2114/2114 2109/2109/2109 2151/2151/2151
f 2114/2114/2114 2151/2151/2151 2156/2156/2156
f 2109/2109/2109 2105/2105/2105 2147/2147/2147
f 2109/2109/2109 2147/2147/2147 2151/2151/2151
f 2105/2105/2105 2108/2108/2108 2150/2150/2150
f 2105/2105/2105 2150/2150/2150 2147/2147/2147
f 2108/2108/2108 2113/2113/2113 2155/2155/2155
f 2108/2108/2108 2155/2155/2155 2150/2150/2150
f 2113/2113/2113 2118/2118/2118 2160/2160/2160
f 2113/2113/2113 2160/2160/2160 2155/2155/2155
f 2118/2118/2118 2121/2121/2121 2163/2163/2163
f 2118/2118/2118 2163/2163/2163 2160/2160/2160
f 2121/2121/2121 2119/2119/2119 2161/2161/2161
f 2121/2121/2121 2161/2161/2161 2163/2163/2163
f 2119/2119/2119 2115/2115/2115 2157/2157/2157
f 2119/2119/2119 2157/2157/2157 2161/2161/2161
f 2156/2156/2156 2151/2151/2151 2285/2285/2285
f 2156/2156/2156 2285/2285/2285 2290/2290/2290
f 2151/2151/2151 2147/2147/2147 2281/2281/2281
f 2151/2151/2151 2281/2281/2281 2285/2285/2285
f 2147/2147/2147 2150/2150/2150 2284/2284/2284
f 2147/2147/2147 2284/2284/2284 2281/2281/2281
f 2150/2150/2150 2155/2155/2155 2289/2289/2289
f 2150/2150/2150 2289/2289/2289 2284/2284/2284
f 2155/2155/2155 2160/2160/2160 2294/2294/2294
f 2155/2155/2155 2294/2294/2294 2289/2289/2289
f 2160/2160/2160 2163/2163/2163 2305/2305/2305
f 2160/2160/2160 2305/2305/2305 2294/2294/2294
f 2163/2163/2163 2161/2161/2161 2295/2295/2295
f 2163/2163/2163 2295/2295/2295 2305/2305/2305
f 2161/2161/2161 2157/2157/2157 2291/2291/2291
f 2161/2161/2161 2291/2291/2291 2295/2295/2295
f 2290/2290/2290 2285/2285/2285 2449/2449/2449
f 2290/2290/2290 2449/2449/2449 2462/2462/2462
f 2285/2285/2285 2281/2281/2281 2445/2445/2445
f 2285/2285/2285 2445/2445/2445 2449/2449/2449
f 2281/2281/2281 2284/2284/2284 2448/2448/2448
f 2281/2281/2281 2448/2448/2448 2445/2445/2445
f 2284/2284/2284 2289/2289/2289 2461/2461/2461
f 2284/2284/2284 2461/2461/2461 2448/2448/2448
f 2289/2289/2289 2294/2294/2294 2470/2470/2470
f 2289/2289/2289 2470/2470/2470 2461/2461/2461
f 2294/2294/2294 2305/2305/2305 2485/2485/2485
f 2294/2294/2294 2485/2485/2485 2470/2470/2470
f 2305/2305/2305 2295/2295/2295 2471/2471/2471
f 2305/2305/2305 2471/2471/2471 2485/2485/2485
f 2295/2295/2295 2291/2291/2291 2463/2463/2463
f 2295/2295/2295 2463/2463/2463 2471/2471/2471
f 2462/2462/2462 2449/2449/2449 2550/2550/2550
f 2462/2462/2462 2550/2550/2550 2555/2555/2555
f 2449/2449/2449 2445/2445/2445 2546/2546/2546
f 2449/2449/2449 2546/2546/2546 2550/2550/2550
f 2445/2445/2445 2448/2448/2448 2549/2549/2549
f 2445/2445/2445 2549/2549/2549 2546/2546/2546
f 2448/2448/2448 2461/2461/2461 2554/2554/2554
f 2448/2448/2448 2554/2554/2554 2549/2549/2549
f 2461/2461/2461 2470/2470/2470 2571/2571/2571
f 2461/2461/2461 2571/2571/2571 2554/2554/2554
f 2470/2470/2470 2485/2485/2485 2574/2574/2574
f 2470/2470/2470 2574/2574/2574 2571/2571/2571
f 2485/2485/2485 2471/2471/2471 2572/2572/2572
f 2485/2485/2485 2572/2572/2572 2574/2574/2574
f 2471/2471/2471 2463/2463/2463 2556/2556/2556
f 2471/2471/2471 2556/2556/2556 2572/2572/2572
f 2555/2555/2555 2550/2550/2550 2720/2720/2720
f 2555/2555/2555 2720/2720/2720 2725/2725/2725
f 2550/2550/2550 2546/2546/2546 2716/2716/2716
f 2550/2550/2550 2716/2716/2716 2720/2720/2720
f 2546/2546/2546 2549/2549/2549 2719/2719/2719
f 2546/2546/2546 2719/2719/2719 2716/2716/2716
f 2549/2549/2549 2554/2554/2554 2724/2724/2724
f 2549/2549/2549 2724/2724/2724 2719/2719/2719
f 2554/2554/2554 2571/2571/2571 2729/2729/2729
f 2554/2554/2554 2729/2729/2729 2724/2724/2724
f 2571/2571/2571 2574/2574/2574 2732/2732/2732
f 2571/2571/2571 2732/2732/2732 2729/2729/2729
f 2574/2574/2574 2572/2572/2572 2730/2730/2730
f 2574/2574/2574 2730/2730/2730 2732/2732/2732
f 2572/2572/2572 2556/2556/2556 2726/2726/2726
f 2572/2572/2572 2726/2726/2726 2730/2730/2730
f 2725/2725/2725 2720/2720/2720 2748/2748/2748
f 2725/2725/2725 2748/2748/2748 2803/2803/2803
f 2720/2720/2720 2716/2716/2716 2736/2736/2736
f 2720/2720/2720 2736/2736/2736 2748/2748/2748
f 2716/2716/2716 2719/2719/2719 2745/2745/2745
f 2716/2716/2716 2745/2745/2745 2736/2736/2736
f 2719/2719/2719 2724/2724/2724 2798/2798/2798
f 2719/2719/2719 2798/2798/2798 2745/2745/2745
f 2724/2724/2724 2729/2729/2729 2813/2813/2813
f 2724/2724/2724 2813/2813/2813 2798/2798/2798
f 2729/2729/2729 2732/2732/2732 2822/2822/2822
f 2729/2729/2729 2822/2822/2822 2813/2813/2813
f 2732/2732/2732 2730/2730/2730 2816/2816/2816
f 2732/2732/2732 2816/2816/2816 2822/2822/2822
f 2730/2730/2730 2726/2726/2726 2804/2804/2804
f 2730/2730/2730 2804/2804/2804 2816/2816/2816
f 69/69/69 85/85/85 71/71/71
f 69/69/69 91/91/91 84/84/84
f 69/69/69 82/82/82 90/90/90
f 69/69/69 67/67/67 81/81/81
f 69/69/69 14/14/14 66/66/66
f 69/69/69 5/5/5 13/13/13
f 69/69/69 17/17/17 4/4/4
f 69/69/69 72/72/72 16/16/16
f 2802/2802/2802 2805/2805/2805 2750/2750/2750
f 2802/2802/2802 2749/2749/2749 2738/2738/2738
f 2802/2802/2802 2737/2737/2737 2747/2747/2747
f 2802/2802/2802 2746/2746/2746 2800/2800/2800
f 2802/2802/2802 2799/2799/2799 2815/2815/2815
f 2802/2802/2802 2814/2814/2814 2824/2824/2824
f 2802/2802/2802 2823/2823/2823 2818/2818/2818
f 2802/2802/2802 2817/2817/2817 2806/2806/2806
usemtl Wood
s 1
f 301/301/301 512/512/512 506/506/506
f 301/301/301 506/506/506 498/498/498
f 301/301/301 498/498/498 470/470/470
f 301/301/301 470/470/470 364/364/364
f 301/301/301 364/364/364 302/302/302
f 301/301/301 302/302/302 290/290/290
f 301/301/301 290/290/290 258/258/258
f 301/301/301 258/258/258 226/226/226
f 301/301/301 226/226/226 138/138/138
f 301/301/301 138/138/138 132/132/132
f 301/301/301 132/132/132 136/136/136
f 301/301/301 136/136/136 224/224/224
f 301/301/301 224/224/224 256/256/256
f 301/301/301 256/256/256 288/288/288
f 301/301/301 288/288/288 299/299/299
f 301/301/301 299/299/299 362/362/362
f 301/301/301 362/362/362 468/468/468
f 301/301/301 468/468/468 496/496/496
f 301/301/301 496/496/496 504/504/504
f 301/301/301 504/504/504 512/512/512
f 513/513/513 481/481/481 507/507/507
f 513/513/513 492/492/492 481/481/481
f 507/507/507 477/477/477 499/499/499
f 507/507/507 481/481/481 477/477/477
f 499/499/499 465/465/465 471/471/471
f 499/499/499 477/477/477 465/465/465
f 471/471/471 353/353/353 365/365/365
f 471/471/471 465/465/465 353/353/353
f 365/365/365 321/321/321 303/303/303
f 365/365/365 353/353/353 321/321/321
f 303/303/303 296/296/296 289/289/289
f 303/303/303 321/321/321 296/296/296
f 289/289/289 276/276/276 257/257/257
f 289/289/289 296/296/296 276/276/276
f 257/257/257 252/252/252 225/225/225
f 257/257/257 276/276/276 252/252/252
f 225/225/225 242/242/242 137/137/137
f 225/225/225 252/252/252 242/242/242
f 137/137/137 231/231/231 131/131/131
f 137/137/137 242/242/242 231/231/231
f 131/131/131 241/241/241 135/135/135
f 131/131/131 231/231/231 241/241/241
f 135/135/135 251/251/251 223/223/223
f 135/135/135 241/241/241 251/251/251
f 223/223/223 275/275/275 255/255/255
f 223/223/223 251/251/251 275/275/275
f 255/255/255 295/295/295 287/287/287
f 255/255/255 275/275/275 295/295/295
f 287/287/287 320/320/320 300/300/300
f 287/287/287 295/295/295 320/320/320
f 300/300/300 352/352/352 363/363/363
f 300/300/300 320/320/320 352/352/352
f 363/363/363 464/464/464 469/469/469
f 363/363/363 352/352/352 464/464/464
f 469/469/469 476/476/476 497/497/497
f 469/469/469 464/464/464 476/476/476
f 497/497/497 480/480/480 505/505/505
f 497/497/497 476/476/476 480/480/480
f 505/505/505 493/493/493 514/514/514
f 505/505/505 480/480/480 493/493/493
f 492/492/492 547/547/547 481/481/481
f 492/492/492 553/553/553 547/547/547
f 481/481/481 523/523/523 477/477/477
f 481/481/481 547/547/547 523/523/523
f 477/477/477 487/487/487 465/465/465
f 477/477/477 523/523/523 487/487/487
f 465/465/465 379/379/379 353/353/353
f 465/465/465 487/487/487 379/379/379
f 353/353/353 327/327/327 321/321/321
f 353/353/353 379/379/379 327/327/327
f 321/321/321 281/281/281 296/296/296
f 321/321/321 327/327/327 281/281/281
f 296/296/296 235/235/235 276/276/276
f 296/296/296 281/281/281 235/235/235
f 276/276/276 125/125/125 252/252/252
f 276/276/276 235/235/235 125/125/125
f 252/252/252 117/117/117 242/242/242
f 252/252/252 125/125/125 117/117/117
f 242/242/242 111/111/111 231/231/231
f 242/242/242 117/117/117 111/111/111
f 231/231/231 115/115/115 241/241/241
f 231/231/231 111/111/111 115/115/115
f 241/241/241 123/123/123 251/251/251
f 241/241/241 115/115/115 123/123/123
f 251/251/251 233/233/233 275/275/275
f 251/251/251 123/123/123 233/233/233
f 275/275/275 279/279/279 295/295/295
f 275/275/275 233/233/233 279/279/279
f 295/295/295 324/324/324 320/320/320
f 295/295/295 279/279/279 324/324/324
f 320/320/320 377/377/377 352/352/352
f 320/320/320 324/324/324 377/377/377
f 352/352/352 485/485/485 464/464/464
f 352/352/352 377/377/377 485/485/485
f 464/464/464 521/521/521 476/476/476
f 464/464/464 485/485/485 521/521/521
f 476/476/476 545/545/545 480/480/480
f 476/476/476 521/521/521 545/545/545
f 480/480/480 554/554/554 493/493/493
f 480/480/480 545/545/545 554/554/554
f 552/552/552 326/326/326 546/546/546
f 546/546/546 326/326/326 522/522/522
f 522/522/522 326/326/326 486/486/486
f 486/486/486 326/326/326 378/378/378
f 378/378/378 326/326/326 328/328/328
f 328/328/328 326/326/326 282/282/282
f 282/282/282 326/326/326 236/236/236
f 236/236/236 326/326/326 126/126/126
f 126/126/126 326/326/326 118/118/118
f 118/118/118 326/326/326 112/112/112
f 112/112/112 326/326/326 116/116/116
f 116/116/116 326/326/326 124/124/124
f 124/124/124 326/326/326 234/234/234
f 234/234/234 326/326/326 280/280/280
f 280/280/280 326/326/326 325/325/325
f 325/325/325 326/326/326 376/376/376
f 376/376/376 326/326/326 484/484/484
f 484/484/484 326/326/326 520/520/520
f 520/520/520 326/326/326 544/544/544
f 544/544/544 326/326/326 552/552/552
f 306/306/306 515/515/515 510/510/510
f 306/306/306 510/510/510 502/502/502
f 306/306/306 502/502/502 474/474/474
f 306/306/306 474/474/474 368/368/368
f 306/306/306 368/368/368 307/307/307
f 306/306/306 307/307/307 294/294/294
f 306/306/306 294/294/294 262/262/262
f 306/306/306 262/262/262 230/230/230
f 306/306/306 230/230/230 142/142/142
f 306/306/306 142/142/142 134/134/134
f 306/306/306 134/134/134 140/140/140
f 306/306/306 140/140/140 228/228/228
f 306/306/306 228/228/228 260/260/260
f 306/306/306 260/260/260 292/292/292
f 306/306/306 292/292/292 304/304/304
f 306/306/306 304/304/304 366/366/366
f 306/306/306 366/366/366 472/472/472
f 306/306/306 472/472/472 500/500/500
f 306/306/306 500/500/500 508/508/508
f 306/306/306 508/508/508 515/515/515
f 516/516/516 483/483/483 511/511/511
f 516/516/516 494/494/494 483/483/483
f 511/511/511 479/479/479 503/503/503
f 511/511/511 483/483/483 479/479/479
f 503/503/503 467/467/467 475/475/475
f 503/503/503 479/479/479 467/467/467
f 475/475/475 355/355/355 369/369/369
f 475/475/475 467/467/467 355/355/355
f 369/369/369 323/323/323 308/308/308
f 369/369/369 355/355/355 323/323/323
f 308/308/308 298/298/298 293/293/293
f 308/308/308 323/323/323 298/298/298
f 293/293/293 278/278/278 261/261/261
f 293/293/293 298/298/298 278/278/278
f 261/261/261 254/254/254 229/229/229
f 261/261/261 278/278/278 254/254/254
f 229/229/229 244/244/244 141/141/141
f 229/229/229 254/254/254 244/244/244
f 141/141/141 232/232/232 133/133/133
f 141/141/141 244/244/244 232/232/232
f 133/133/133 243/243/243 139/139/139
f 133/133/133 232/232/232 243/243/243
f 139/139/139 253/253/253 227/227/227
f 139/139/139 243/243/243 253/253/253
f 227/227/227 277/277/277 259/259/259
f 227/227/227 253/253/253 277/277/277
f 259/259/259 297/297/297 291/291/291
f 259/259/259 277/277/277 297/297/297
f 291/291/291 322/322/322 305/305/305
f 291/291/291 297/297/297 322/322/322
f 305/305/305 354/354/354 367/367/367
f 305/305/305 322/322/322 354/354/354
f 367/367/367 466/466/466 473/473/473
f 367/367/367 354/354/354 466/466/466
f 473/473/473 478/478/478 501/501/501
f 473/473/473 466/466/466 478/478/478
f 501/501/501 482/482/482 509/509/509
f 501/501/501 478/478/478 482/482/482
f 509/509/509 495/495/495 517/517/517
f 509/509/509 482/482/482 495/495/495
f 494/494/494 551/551/551 483/483/483
f 494/494/494 556/556/556 551/551/551
f 483/483/483 527/527/527 479/479/479
f 483/483/483 551/551/551 527/527/527
f 479/479/479 491/491/491 467/467/467
f 479/479/479 527/527/527 491/491/491
f 467/467/467 383/383/383 355/355/355
f 467/467/467 491/491/491 383/383/383
f 355/355/355 332/332/332 323/323/323
f 355/355/355 383/383/383 332/332/332
f 323/323/323 285/285/285 298/298/298
f 323/323/323 332/332/332 285/285/285
f 298/298/298 239/239/239 278/278/278
f 298/298/298 285/285/285 239/239/239
f 278/278/278 129/129/129 254/254/254
f 278/278/278 239/239/239 129/129/129
f 254/254/254 121/121/121 244/244/244
f 254/254/254 129/129/129 121/121/121
f 244/244/244 113/113/113 232/232/232
f 244/244/244 121/121/121 113/113/113
f 232/232/232 119/119/119 243/243/243
f 232/232/232 113/113/113 119/119/119
f 243/243/243 127/127/127 253/253/253
f 243/243/243 119/119/119 127/127/127
f 253/253/253 237/237/237 277/277/277
f 253/253/253 127/127/127 237/237/237
f 277/277/277 283/283/283 297/297/297
f 277/277/277 237/237/237 283/283/283
f 297/297/297 329/329/329 322/322/322
f 297/297/297 283/283/283 329/329/329
f 322/322/322 381/381/381 354/354/354
f 322/322/322 329/329/329 381/381/381
f 354/354/354 489/489/489 466/466/466
f 354/354/354 381/381/381 489/489/489
f 466/466/466 525/525/525 478/478/478
f 466/466/466 489/489/489 525/525/525
f 478/478/478 549/549/549 482/482/482
f 478/478/478 525/525/525 549/549/549
f 482/482/482 557/557/557 495/495/495
f 482/482/482 549/549/549 557/557/557
f 555/555/555 331/331/331 550/550/550
f 550/550/550 331/331/331 526/526/526
f 526/526/526 331/331/331 490/490/490
f 490/490/490 331/331/331 382/382/382
f 382/382/382 331/331/331 333/333/333
f 333/333/333 331/331/331 286/286/286
f 286/286/286 331/331/331 240/240/240
f 240/240/240 331/331/331 130/130/130
f 130/130/130 331/331/331 122/122/122
f 122/122/122 331/331/331 114/114/114
f 114/114/114 331/331/331 120/120/120
f 120/120/120 331/331/331 128/128/128
f 128/128/128 331/331/331 238/238/238
f 238/238/238 331/331/331 284/284/284
f 284/284/284 331/331/331 330/330/330
f 330/330/330 331/331/331 380/380/380
f 380/380/380 331/331/331 488/488/488
f 488/488/488 331/331/331 524/524/524
f 524/524/524 331/331/331 548/548/548
f 548/548/548 331/331/331 555/555/555
f 2488/2488/2488 2687/2687/2687 2681/2681/2681
f 2488/2488/2488 2681/2681/2681 2593/2593/2593
f 2488/2488/2488 2593/2593/2593 2559/2559/2559
f 2488/2488/2488 2559/2559/2559 2527/2527/2527
f 2488/2488/2488 2527/2527/2527 2489/2489/2489
f 2488/2488/2488 2489/2489/2489 2453/2453/2453
f 2488/2488/2488 2453/2453/2453 2347/2347/2347
f 2488/2488/2488 2347/2347/2347 2321/2321/2321
f 2488/2488/2488 2321/2321/2321 2313/2313/2313
f 2488/2488/2488 2313/2313/2313 2307/2307/2307
f 2488/2488/2488 2307/2307/2307 2311/2311/2311
f 2488/2488/2488 2311/2311/2311 2319/2319/2319
f 2488/2488/2488 2319/2319/2319 2345/2345/2345
f 2488/2488/2488 2345/2345/2345 2451/2451/2451
f 2488/2488/2488 2451/2451/2451 2486/2486/2486
f 2488/2488/2488 2486/2486/2486 2525/2525/2525
f 2488/2488/2488 2525/2525/2525 2557/2557/2557
f 2488/2488/2488 2557/2557/2557 2591/2591/2591
f 2488/2488/2488 2591/2591/2591 2679/2679/2679
f 2488/2488/2488 2679/2679/2679 2687/2687/2687
f 2688/2688/2688 2576/2576/2576 2682/2682/2682
f 2688/2688/2688 2587/2587/2587 2576/2576/2576
f 2682/2682/2682 2566/2566/2566 2594/2594/2594
f 2682/2682/2682 2576/2576/2576 2566/2566/2566
f 2594/2594/2594 2542/2542/2542 2560/2560/2560
f 2594/2594/2594 2566/2566/2566 2542/2542/2542
f 2560/2560/2560 2522/2522/2522 2528/2528/2528
f 2560/2560/2560 2542/2542/2542 2522/2522/2522
f 2528/2528/2528 2508/2508/2508 2490/2490/2490
f 2528/2528/2528 2522/2522/2522 2508/2508/2508
f 2490/2490/2490 2465/2465/2465 2452/2452/2452
f 2490/2490/2490 2508/2508/2508 2465/2465/2465
f 2452/2452/2452 2353/2353/2353 2346/2346/2346
f 2452/2452/2452 2465/2465/2465 2353/2353/2353
f 2346/2346/2346 2341/2341/2341 2320/2320/2320
f 2346/2346/2346 2353/2353/2353 2341/2341/2341
f 2320/2320/2320 2337/2337/2337 2312/2312/2312
f 2320/2320/2320 2341/2341/2341 2337/2337/2337
f 2312/2312/2312 2326/2326/2326 2306/2306/2306
f 2312/2312/2312 2337/2337/2337 2326/2326/2326
f 2306/2306/2306 2336/2336/2336 2310/2310/2310
f 2306/2306/2306 2326/2326/2326 2336/2336/2336
f 2310/2310/2310 2340/2340/2340 2318/2318/2318
f 2310/2310/2310 2336/2336/2336 2340/2340/2340
f 2318/2318/2318 2352/2352/2352 2344/2344/2344
f 2318/2318/2318 2340/2340/2340 2352/2352/2352
f 2344/2344/2344 2464/2464/2464 2450/2450/2450
f 2344/2344/2344 2352/2352/2352 2464/2464/2464
f 2450/2450/2450 2507/2507/2507 2487/2487/2487
f 2450/2450/2450 2464/2464/2464 2507/2507/2507
f 2487/2487/2487 2521/2521/2521 2526/2526/2526
f 2487/2487/2487 2507/2507/2507 2521/2521/2521
f 2526/2526/2526 2541/2541/2541 2558/2558/2558
f 2526/2526/2526 2521/2521/2521 2541/2541/2541
f 2558/2558/2558 2565/2565/2565 2592/2592/2592
f 2558/2558/2558 2541/2541/2541 2565/2565/2565
f 2592/2592/2592 2575/2575/2575 2680/2680/2680
f 2592/2592/2592 2565/2565/2565 2575/2575/2575
f 2680/2680/2680 2588/2588/2588 2689/2689/2689
f 2680/2680/2680 2575/2575/2575 2588/2588/2588
f 2587/2587/2587 2704/2704/2704 2576/2576/2576
f 2587/2587/2587 2710/2710/2710 2704/2704/2704
f 2576/2576/2576 2696/2696/2696 2566/2566/2566
f 2576/2576/2576 2704/2704/2704 2696/2696/2696
f 2566/2566/2566 2582/2582/2582 2542/2542/2542
f 2566/2566/2566 2696/2696/2696 2582/2582/2582
f 2542/2542/2542 2536/2536/2536 2522/2522/2522
f 2542/2542/2542 2582/2582/2582 2536/2536/2536
f 2522/2522/2522 2514/2514/2514 2508/2508/2508
f 2522/2522/2522 2536/2536/2536 2514/2514/2514
f 2508/2508/2508 2438/2438/2438 2465/2465/2465
f 2508/2508/2508 2514/2514/2514 2438/2438/2438
f 2465/2465/2465 2330/2330/2330 2353/2353/2353
f 2465/2465/2465 2438/2438/2438 2330/2330/2330
f 2353/2353/2353 2298/2298/2298 2341/2341/2341
f 2353/2353/2353 2330/2330/2330 2298/2298/2298
f 2341/2341/2341 2274/2274/2274 2337/2337/2337
f 2341/2341/2341 2298/2298/2298 2274/2274/2274
f 2337/2337/2337 2268/2268/2268 2326/2326/2326
f 2337/2337/2337 2274/2274/2274 2268/2268/2268
f 2326/2326/2326 2272/2272/2272 2336/2336/2336
f 2326/2326/2326 2268/2268/2268 2272/2272/2272
f 2336/2336/2336 2296/2296/2296 2340/2340/2340
f 2336/2336/2336 2272/2272/2272 2296/2296/2296
f 2340/2340/2340 2328/2328/2328 2352/2352/2352
f 2340/2340/2340 2296/2296/2296 2328/2328/2328
f 2352/2352/2352 2436/2436/2436 2464/2464/2464
f 2352/2352/2352 2328/2328/2328 2436/2436/2436
f 2464/2464/2464 2511/2511/2511 2507/2507/2507
f 2464/2464/2464 2436/2436/2436 2511/2511/2511
f 2507/2507/2507 2534/2534/2534 2521/2521/2521
f 2507/2507/2507 2511/2511/2511 2534/2534/2534
f 2521/2521/2521 2580/2580/2580 2541/2541/2541
f 2521/2521/2521 2534/2534/2534 2580/2580/2580
f 2541/2541/2541 2694/2694/2694 2565/2565/2565
f 2541/2541/2541 2580/2580/2580 2694/2694/2694
f 2565/2565/2565 2702/2702/2702 2575/2575/2575
f 2565/2565/2565 2694/2694/2694 2702/2702/2702
f 2575/2575/2575 2711/2711/2711 2588/2588/2588
f 2575/2575/2575 2702/2702/2702 2711/2711/2711
f 2709/2709/2709 2513/2513/2513 2703/2703/2703
f 2703/2703/2703 2513/2513/2513 2695/2695/2695
f 2695/2695/2695 2513/2513/2513 2581/2581/2581
f 2581/2581/2581 2513/2513/2513 2535/2535/2535
f 2535/2535/2535 2513/2513/2513 2515/2515/2515
f 2515/2515/2515 2513/2513/2513 2439/2439/2439
f 2439/2439/2439 2513/2513/2513 2331/2331/2331
f 2331/2331/2331 2513/2513/2513 2299/2299/2299
f 2299/2299/2299 2513/2513/2513 2275/2275/2275
f 2275/2275/2275 2513/2513/2513 2269/2269/2269
f 2269/2269/2269 2513/2513/2513 2273/2273/2273
f 2273/2273/2273 2513/2513/2513 2297/2297/2297
f 2297/2297/2297 2513/2513/2513 2329/2329/2329
f 2329/2329/2329 2513/2513/2513 2437/2437/2437
f 2437/2437/2437 2513/2513/2513 2512/2512/2512
f 2512/2512/2512 2513/2513/2513 2533/2533/2533
f 2533/2533/2533 2513/2513/2513 2579/2579/2579
f 2579/2579/2579 2513/2513/2513 2693/2693/2693
f 2693/2693/2693 2513/2513/2513 2701/2701/2701
f 2701/2701/2701 2513/2513/2513 2709/2709/2709
f 2493/2493/2493 2690/2690/2690 2685/2685/2685
f 2493/2493/2493 2685/2685/2685 2597/2597/2597
f 2493/2493/2493 2597/2597/2597 2563/2563/2563
f 2493/2493/2493 2563/2563/2563 2531/2531/2531
f 2493/2493/2493 2531/2531/2531 2494/2494/2494
f 2493/2493/2493 2494/2494/2494 2457/2457/2457
f 2493/2493/2493 2457/2457/2457 2351/2351/2351
f 2493/2493/2493 2351/2351/2351 2325/2325/2325
f 2493/2493/2493 2325/2325/2325 2317/2317/2317
f 2493/2493/2493 2317/2317/2317 2309/2309/2309
f 2493/2493/2493 2309/2309/2309 2315/2315/2315
f 2493/2493/2493 2315/2315/2315 2323/2323/2323
f 2493/2493/2493 2323/2323/2323 2349/2349/2349
f 2493/2493/2493 2349/2349/2349 2455/2455/2455
f 2493/2493/2493 2455/2455/2455 2491/2491/2491
f 2493/2493/2493 2491/2491/2491 2529/2529/2529
f 2493/2493/2493 2529/2529/2529 2561/2561/2561
f 2493/2493/2493 2561/2561/2561 2595/2595/2595
f 2493/2493/2493 2595/2595/2595 2683/2683/2683
f 2493/2493/2493 2683/2683/2683 2690/2690/2690
f 2691/2691/2691 2578/2578/2578 2686/2686/2686
f 2691/2691/2691 2589/2589/2589 2578/2578/2578
f 2686/2686/2686 2568/2568/2568 2598/2598/2598
f 2686/2686/2686 2578/2578/2578 2568/2568/2568
f 2598/2598/2598 2544/2544/2544 2564/2564/2564
f 2598/2598/2598 2568/2568/2568 2544/2544/2544
f 2564/2564/2564 2524/2524/2524 2532/2532/2532
f 2564/2564/2564 2544/2544/2544 2524/2524/2524
f 2532/2532/2532 2510/2510/2510 2495/2495/2495
f 2532/2532/2532 2524/2524/2524 2510/2510/2510
f 2495/2495/2495 2467/2467/2467 2456/2456/2456
f 2495/2495/2495 2510/2510/2510 2467/2467/2467
f 2456/2456/2456 2355/2355/2355 2350/2350/2350
f 2456/2456/2456 2467/2467/2467 2355/2355/2355
f 2350/2350/2350 2343/2343/2343 2324/2324/2324
f 2350/2350/2350 2355/2355/2355 2343/2343/2343
f 2324/2324/2324 2339/2339/2339 2316/2316/2316
f 2324/2324/2324 2343/2343/2343 2339/2339/2339
f 2316/2316/2316 2327/2327/2327 2308/2308/2308
f 2316/2316/2316 2339/2339/2339 2327/2327/2327
f 2308/2308/2308 2338/2338/2338 2314/2314/2314
f 2308/2308/2308 2327/2327/2327 2338/2338/2338
f 2314/2314/2314 2342/2342/2342 2322/2322/2322
f 2314/2314/2314 2338/2338/2338 2342/2342/2342
f 2322/2322/2322 2354/2354/2354 2348/2348/2348
f 2322/2322/2322 2342/2342/2342 2354/2354/2354
f 2348/2348/2348 2466/2466/2466 2454/2454/2454
f 2348/2348/2348 2354/2354/2354 2466/2466/2466
f 2454/2454/2454 2509/2509/2509 2492/2492/2492
f 2454/2454/2454 2466/2466/2466 2509/2509/2509
f 2492/2492/2492 2523/2523/2523 2530/2530/2530
f 2492/2492/2492 2509/2509/2509 2523/2523/2523
f 2530/2530/2530 2543/2543/2543 2562/2562/2562
f 2530/2530/2530 2523/2523/2523 2543/2543/2543
f 2562/2562/2562 2567/2567/2567 2596/2596/2596
f 2562/2562/2562 2543/2543/2543 2567/2567/2567
f 2596/2596/2596 2577/2577/2577 2684/2684/2684
f 2596/2596/2596 2567/2567/2567 2577/2577/2577
f 2684/2684/2684 2590/2590/2590 2692/2692/2692
f 2684/2684/2684 2577/2577/2577 2590/2590/2590
f 2589/2589/2589 2708/2708/2708 2578/2578/2578
f 2589/2589/2589 2713/2713/2713 2708/2708/2708
f 2578/2578/2578 2700/2700/2700 2568/2568/2568
f 2578/2578/2578 2708/2708/2708 2700/2700/2700
f 2568/2568/2568 2586/2586/2586 2544/2544/2544
f 2568/2568/2568 2700/2700/2700 2586/2586/2586
f 2544/2544/2544 2540/2540/2540 2524/2524/2524
f 2544/2544/2544 2586/2586/2586 2540/2540/2540
f 2524/2524/2524 2519/2519/2519 2510/2510/2510
f 2524/2524/2524 2540/2540/2540 2519/2519/2519
f 2510/2510/2510 2442/2442/2442 2467/2467/2467
f 2510/2510/2510 2519/2519/2519 2442/2442/2442
f 2467/2467/2467 2334/2334/2334 2355/2355/2355
f 2467/2467/2467 2442/2442/2442 2334/2334/2334
f 2355/2355/2355 2302/2302/2302 2343/2343/2343
f 2355/2355/2355 2334/2334/2334 2302/2302/2302
f 2343/2343/2343 2278/2278/2278 2339/2339/2339
f 2343/2343/2343 2302/2302/2302 2278/2278/2278
f 2339/2339/2339 2270/2270/2270 2327/2327/2327
f 2339/2339/2339 2278/2278/2278 2270/2270/2270
f 2327/2327/2327 2276/2276/2276 2338/2338/2338
f 2327/2327/2327 2270/2270/2270 2276/2276/2276
f 2338/2338/2338 2300/2300/2300 2342/2342/2342
f 2338/2338/2338 2276/2276/2276 2300/2300/2300
f 2342/2342/2342 2332/2332/2332 2354/2354/2354
f 2342/2342/2342 2300/2300/2300 2332/2332/2332
f 2354/2354/2354 2440/2440/2440 2466/2466/2466
f 2354/2354/2354 2332/2332/2332 2440/2440/2440
f 2466/2466/2466 2516/2516/2516 2509/2509/2509
f 2466/2466/2466 2440/2440/2440 2516/2516/2516
f 2509/2509/2509 2538/2538/2538 2523/2523/2523
f 2509/2509/2509 2516/2516/2516 2538/2538/2538
f 2523/2523/2523 2584/2584/2584 2543/2543/2543
f 2523/2523/2523 2538/2538/2538 2584/2584/2584
f 2543/2543/2543 2698/2698/2698 2567/2567/2567
f 2543/2543/2543 2584/2584/2584 2698/2698/2698
f 2567/2567/2567 2706/2706/2706 2577/2577/2577
f 2567/2567/2567 2698/2698/2698 2706/2706/2706
f 2577/2577/2577 2714/2714/2714 2590/2590/2590
f 2577/2577/2577 2706/2706/2706 2714/2714/2714
f 2712/2712/2712 2518/2518/2518 2707/2707/2707
f 2707/2707/2707 2518/2518/2518 2699/2699/2699
f 2699/2699/2699 2518/2518/2518 2585/2585/2585
f 2585/2585/2585 2518/2518/2518 2539/2539/2539
f 2539/2539/2539 2518/2518/2518 2520/2520/2520
f 2520/2520/2520 2518/2518/2518 2443/2443/2443
f 2443/2443/2443 2518/2518/2518 2335/2335/2335
f 2335/2335/2335 2518/2518/2518 2303/2303/2303
f 2303/2303/2303 2518/2518/2518 2279/2279/2279
f 2279/2279/2279 2518/2518/2518 2271/2271/2271
f 2271/2271/2271 2518/2518/2518 2277/2277/2277
f 2277/2277/2277 2518/2518/2518 2301/2301/2301
f 2301/2301/2301 2518/2518/2518 2333/2333/2333
f 2333/2333/2333 2518/2518/2518 2441/2441/2441
f 2441/2441/2441 2518/2518/2518 2517/2517/2517
f 2517/2517/2517 2518/2518/2518 2537/2537/2537
f 2537/2537/2537 2518/2518/2518 2583/2583/2583
f 2583/2583/2583 2518/2518/2518 2697/2697/2697
f 2697/2697/2697 2518/2518/2518 2705/2705/2705
f 2705/2705/2705 2518/2518/2518 2712/2712/2712
f 336/336/336 309/309/309 340/340/340
f 343/343/343 346/346/346 317/317/317
f 2503/2503/2503 2478/2478/2478 2481/2481/2481
f 342/342/342 315/315/315 345/345/345
f 2479/2479/2479 2505/2505/2505 2482/2482/2482
f 338/338/338 341/341/341 311/311/311
f 2472/2472/2472 2476/2476/2476 2497/2497/2497
f 2474/2474/2474 2499/2499/2499 2477/2477/2477
f 316/316/316 310/310/310 312/312/312
f 316/316/316 312/312/312 318/318/318
f 347/347/347 2483/2483/2483 2480/2480/2480
f 347/347/347 2480/2480/2480 344/344/344
f 347/347/347 314/314/314 319/319/319
f 347/347/347 344/344/344 314/314/314
f 343/343/343 317/317/317 311/311/311
f 343/343/343 311/311/311 341/341/341
f 2503/2503/2503 2476/2476/2476 2478/2478/2478
f 2503/2503/2503 2497/2497/2497 2476/2476/2476
f 2501/2501/2501 2480/2480/2480 2483/2483/2483
f 2501/2501/2501 2483/2483/2483 2506/2506/2506
f 342/342/342 345/345/345 2481/2481/2481
f 342/342/342 2481/2481/2481 2478/2478/2478
f 342/342/342 2478/2478/2478 2476/2476/2476
f 342/342/342 2476/2476/2476 340/340/340
f 342/342/342 309/309/309 315/315/315
f 342/342/342 340/340/340 309/309/309
f 2498/2498/2498 2496/2496/2496 2502/2502/2502
f 2498/2498/2498 2502/2502/2502 2504/2504/2504
f 2479/2479/2479 2499/2499/2499 2505/2505/2505
f 2479/2479/2479 2477/2477/2477 2499/2499/2499
f 2479/2479/2479 2482/2482/2482 346/346/346
f 2479/2479/2479 346/346/346 343/343/343
f 2479/2479/2479 343/343/343 341/341/341
f 2479/2479/2479 341/341/341 2477/2477/2477
f 339/339/339 313/313/313 309/309/309
f 339/339/339 309/309/309 337/337/337
f 2472/2472/2472 340/340/340 2476/2476/2476
f 2472/2472/2472 336/336/336 340/340/340
f 2475/2475/2475 2497/2497/2497 2500/2500/2500
f 2475/2475/2475 2473/2473/2473 2497/2497/2497
f 2474/2474/2474 2477/2477/2477 341/341/341
f 2474/2474/2474 341/341/341 338/338/338
f 2475/2475/2475 339/339/339 337/337/337
f 2475/2475/2475 337/337/337 2473/2473/2473
f 577/577/577 581/581/581 564/564/564
f 566/566/566 558/558/558 569/569/569
f 689/689/689 694/694/694 701/701/701
f 680/680/680 683/683/683 697/697/697
f 695/695/695 691/691/691 702/702/702
f 575/575/575 562/562/562 580/580/580
f 567/567/567 572/572/572 560/560/560
f 681/681/681 698/698/698 686/686/686
f 699/699/699 696/696/696 700/700/700
f 699/699/699 700/700/700 703/703/703
f 563/563/563 559/559/559 561/561/561
f 563/563/563 561/561/561 565/565/565
f 581/581/581 562/562/562 564/564/564
f 581/581/581 580/580/580 562/562/562
f 579/579/579 561/561/561 573/573/573
f 579/579/579 565/565/565 561/561/561
f 693/693/693 699/699/699 703/703/703
f 693/693/693 687/687/687 699/699/699
f 692/692/692 578/578/578 571/571/571
f 692/692/692 571/571/571 685/685/685
f 688/688/688 700/700/700 696/696/696
f 688/688/688 696/696/696 682/682/682
f 680/680/680 569/569/569 683/683/683
f 680/680/680 566/566/566 569/569/569
f 695/695/695 577/577/577 691/691/691
f 695/695/695 581/581/581 577/577/577
f 695/695/695 702/702/702 701/701/701
f 695/695/695 701/701/701 694/694/694
f 695/695/695 580/580/580 581/581/581
f 695/695/695 694/694/694 580/580/580
f 575/575/575 580/580/580 694/694/694
f 575/575/575 694/694/694 689/689/689
f 574/574/574 559/559/559 563/563/563
f 574/574/574 568/568/568 559/559/559
f 576/576/576 690/690/690 684/684/684
f 576/576/576 684/684/684 570/570/570
f 567/567/567 560/560/560 558/558/558
f 567/567/567 558/558/558 566/566/566
f 681/681/681 686/686/686 572/572/572
f 681/681/681 572/572/572 567/567/567
f 681/681/681 697/697/697 698/698/698
f 681/681/681 680/680/680 697/697/697
f 681/681/681 566/566/566 680/680/680
f 681/681/681 567/567/567 566/566/566
f 2141/2141/2141 2145/2145/2145 2128/2128/2128
f 2130/2130/2130 2122/2122/2122 2133/2133/2133
f 2253/2253/2253 2258/2258/2258 2265/2265/2265
f 2244/2244/2244 2247/2247/2247 2261/2261/2261
f 2259/2259/2259 2255/2255/2255 2266/2266/2266
f 2139/2139/2139 2126/2126/2126 2144/2144/2144
f 2131/2131/2131 2136/2136/2136 2124/2124/2124
f 2245/2245/2245 2262/2262/2262 2250/2250/2250
f 2263/2263/2263 2260/2260/2260 2264/2264/2264
f 2263/2263/2263 2264/2264/2264 2267/2267/2267
f 2127/2127/2127 2123/2123/2123 2125/2125/2125
f 2127/2127/2127 2125/2125/2125 2129/2129/2129
f 2145/2145/2145 2126/2126/2126 2128/2128/2128
f 2145/2145/2145 2144/2144/2144 2126/2126/2126
f 2143/2143/2143 2125/2125/2125 2137/2137/2137
f 2143/2143/2143 2129/2129/2129 2125/2125/2125
f 2257/2257/2257 2263/2263/2263 2267/2267/2267
f 2257/2257/2257 2251/2251/2251 2263/2263/2263
f 2256/2256/2256 2142/2142/2142 2135/2135/2135
f 2256/2256/2256 2135/2135/2135 2249/2249/2249
f 2252/2252/2252 2264/2264/2264 2260/2260/2260
f 2252/2252/2252 2260/2260/2260 2246/2246/2246
f 2244/2244/2244 2133/2133/2133 2247/2247/2247
f 2244/2244/2244 2130/2130/2130 2133/2133/2133
f 2259/2259/2259 2141/2141/2141 2255/2255/2255
f 2259/2259/2259 2145/2145/2145 2141/2141/2141
f 2259/2259/2259 2266/2266/2266 2265/2265/2265
f 2259/2259/2259 2265/2265/2265 2258/2258/2258
f 2259/2259/2259 2144/2144/2144 2145/2145/2145
f 2259/2259/2259 2258/2258/2258 2144/2144/2144
f 2139/2139/2139 2144/2144/2144 2258/2258/2258
f 2139/2139/2139 2258/2258/2258 2253/2253/2253
f 2138/2138/2138 2123/2123/2123 2127/2127/2127
f 2138/2138/2138 2132/2132/2132 2123/2123/2123
f 2140/2140/2140 2254/2254/2254 2248/2248/2248
f 2140/2140/2140 2248/2248/2248 2134/2134/2134
f 2131/2131/2131 2124/2124/2124 2122/2122/2122
f 2131/2131/2131 2122/2122/2122 2130/2130/2130
f 2245/2245/2245 2250/2250/2250 2136/2136/2136
f 2245/2245/2245 2136/2136/2136 2131/2131/2131
f 2245/2245/2245 2261/2261/2261 2262/2262/2262
f 2245/2245/2245 2244/2244/2244 2261/2261/2261
f 2245/2245/2245 2130/2130/2130 2244/2244/2244
f 2245/2245/2245 2131/2131/2131 2130/2130/2130
o Emblema
v -0.333736 3.341724 0.000000
v -0.317997 3.338290 -0.038891
v -0.317997 3.338290 0.038891
v -0.280000 3.330000 -0.055000
v -0.280000 3.330000 0.055000
v -0.242003 3.321710 -0.038891
v -0.242003 3.321710 0.038891
v -0.226264 3.318276 0.000000
v -0.226264 3.318276 0.000000
v -0.197881 3.072937 0.000000
v -0.197881 3.072937 0.000000
v -0.197881 3.072937 0.000000
v -0.183857 3.080863 -0.038891
v -0.183857 3.080863 -0.038891
v -0.183857 3.080863 -0.038891
v -0.183857 3.080863 0.038891
v -0.183857 3.080863 0.038891
v -0.183857 3.080863 0.038891
v -0.150000 3.100000 -0.055000
v -0.150000 3.100000 -0.055000
v -0.150000 3.100000 -0.055000
v -0.150000 3.100000 -0.055000
v -0.150000 3.100000 0.000000
v -0.150000 3.100000 0.055000
v -0.150000 3.100000 0.055000
v -0.150000 3.100000 0.055000
v -0.134379 3.971761 0.000000
v -0.134379 3.971761 0.000000
v -0.134379 3.971761 0.000000
v -0.118452 3.974174 -0.038891
v -0.118452 3.974174 -0.038891
v -0.118452 3.974174 -0.038891
v -0.118452 3.974174 0.038891
v -0.118452 3.974174 0.038891
v -0.118452 3.974174 0.038891
v -0.116143 3.119137 -0.038891
v -0.116143 3.119137 -0.038891
v -0.116143 3.119137 -0.038891
v -0.116143 3.119137 0.038891
v -0.116143 3.119137 0.038891
v -0.116143 3.119137 0.038891
v -0.102119 3.127063 0.000000
v -0.102119 3.127063 0.000000
v -0.102119 3.127063 0.000000
v -0.082568 3.666175 0.000000
v -0.080000 3.980000 -0.055000
v -0.080000 3.980000 -0.055000
v -0.080000 3.980000 -0.055000
v -0.080000 3.980000 0.000000
v -0.080000 3.980000 0.055000
v -0.080000 3.980000 0.055000
v -0.080000 3.980000 0.055000
v -0.067171 3.661437 -0.038891
v -0.067171 3.661437 0.038891
v -0.063736 3.341724 0.000000
v -0.047997 3.338290 -0.038891
v -0.047997 3.338290 0.038891
v -0.041548 3.985826 -0.038891
v -0.041548 3.985826 -0.038891
v -0.041548 3.985826 -0.038891
v -0.041548 3.985826 0.038891
v -0.041548 3.985826 0.038891
v -0.041548 3.985826 0.038891
v -0.030000 3.650000 -0.055000
v -0.030000 3.650000 0.055000
v -0.028000 2.900000 0.000000
v -0.028000 2.900000 0.000000
v -0.028000 2.900000 0.000000
v -0.028000 3.400000 0.000000
v -0.028000 3.400000 0.000000
v -0.028000 3.400000 0.000000
v -0.025621 3.988239 0.000000
v -0.025621 3.988239 0.000000
v -0.025621 3.988239 0.000000
v -0.025621 3.988239 0.000000
v -0.019799 2.900000 -0.019799
v -0.019799 2.900000 -0.019799
v -0.019799 2.900000 -0.019799
v -0.019799 2.900000 0.019799
v -0.019799 2.900000 0.019799
v -0.019799 2.900000 0.019799
v -0.019799 3.400000 -0.019799
v -0.019799 3.400000 -0.019799
v -0.019799 3.400000 -0.019799
v -0.019799 3.400000 0.019799
v -0.019799 3.400000 0.019799
v -0.019799 3.400000 0.019799
v -0.010000 3.330000 -0.055000
v -0.010000 3.330000 0.055000
v 0.000000 2.900000 -0.028000
v 0.000000 2.900000 -0.028000
v 0.000000 2.900000 -0.028000
v 0.000000 2.900000 0.000000
v 0.000000 2.900000 0.028000
v 0.000000 2.900000 0.028000
v 0.000000 2.900000 0.028000
v 0.000000 3.400000 -0.028000
v 0.000000 3.400000 -0.028000
v 0.000000 3.400000 -0.028000
v 0.000000 3.400000 0.000000
v 0.000000 3.400000 0.028000
v 0.000000 3.400000 0.028000
v 0.000000 3.400000 0.028000
v 0.007171 3.638563 -0.038891
v 0.007171 3.638563 0.038891
v 0.019799 2.900000 -0.019799
v 0.019799 2.900000 -0.019799
v 0.019799 2.900000 -0.019799
v 0.019799 2.900000 0.019799
v 0.019799 2.900000 0.019799
v 0.019799 2.900000 0.019799
v 0.019799 3.400000 -0.019799
v 0.019799 3.400000 -0.019799
v 0.019799 3.400000 -0.019799
v 0.019799 3.400000 0.019799
v 0.019799 3.400000 0.019799
v 0.019799 3.400000 0.019799
v 0.022568 3.633825 0.000000
v 0.022568 3.633825 0.000000
v 0.027997 3.321710 -0.038891
v 0.027997 3.321710 0.038891
v 0.028000 2.900000 0.000000
v 0.028000 2.900000 0.000000
v 0.028000 2.900000 0.000000
v 0.028000 2.900000 0.000000
v 0.028000 3.400000 0.000000
v 0.028000 3.400000 0.000000
v 0.028000 3.400000 0.000000
v 0.028000 3.400000 0.000000
v 0.043736 3.318276 0.000000
v 0.043736 3.318276 0.000000
v 0.072119 3.072937 0.000000
v 0.072119 3.072937 0.000000
v 0.072119 3.072937 0.000000
v 0.086143 3.080863 -0.038891
v 0.086143 3.080863 -0.038891
v 0.086143 3.080863 -0.038891
v 0.086143 3.080863 0.038891
v 0.086143 3.080863 0.038891
v 0.086143 3.080863 0.038891
v 0.120000 3.100000 -0.055000
v 0.120000 3.100000 -0.055000
v 0.120000 3.100000 -0.055000
v 0.120000 3.100000 -0.055000
v 0.120000 3.100000 0.000000
v 0.120000 3.100000 0.055000
v 0.120000 3.100000 0.055000
v 0.120000 3.100000 0.055000
v 0.135621 3.971761 0.000000
v 0.135621 3.971761 0.000000
v 0.135621 3.971761 0.000000
v 0.151548 3.974174 -0.038891
v 0.151548 3.974174 -0.038891
v 0.151548 3.974174 -0.038891
v 0.151548 3.974174 0.038891
v 0.151548 3.974174 0.038891
v 0.151548 3.974174 0.038891
v 0.153857 3.119137 -0.038891
v 0.153857 3.119137 -0.038891
v 0.153857 3.119137 -0.038891
v 0.153857 3.119137 0.038891
v 0.153857 3.119137 0.038891
v 0.153857 3.119137 0.038891
v 0.167881 3.127063 0.000000
v 0.167881 3.127063 0.000000
v 0.167881 3.127063 0.000000
v 0.187432 3.666175 0.000000
v 0.190000 3.980000 -0.055000
v 0.190000 3.980000 -0.055000
v 0.190000 3.980000 -0.055000
v 0.190000 3.980000 0.000000
v 0.190000 3.980000 0.055000
v 0.190000 3.980000 0.055000
v 0.190000 3.980000 0.055000
v 0.202829 3.661437 -0.038891
v 0.202829 3.661437 0.038891
v 0.228452 3.985826 -0.038891
v 0.228452 3.985826 -0.038891
v 0.228452 3.985826 -0.038891
v 0.228452 3.985826 0.038891
v 0.228452 3.985826 0.038891
v 0.228452 3.985826 0.038891
v 0.240000 3.650000 -0.055000
v 0.240000 3.650000 0.055000
v 0.244379 3.988239 0.000000
v 0.244379 3.988239 0.000000
v 0.244379 3.988239 0.000000
v 0.244379 3.988239 0.000000
v 0.277171 3.638563 -0.038891
v 0.277171 3.638563 0.038891
v 0.292568 3.633825 0.000000
v 0.292568 3.633825 0.000000
vt 0.500000 0.200000
vt 0.375000 0.200000
vt 0.625000 0.200000
vt 0.250000 0.200000
vt 0.750000 0.200000
vt 0.125000 0.200000
vt 0.875000 0.200000
vt 0.000000 0.200000
vt 1.000000 0.200000
vt 0.250000 0.000000
vt 0.000000 0.000000
vt 1.000000 0.000000
vt 0.125000 0.000000
vt 0.000000 0.000000
vt 1.000000 0.000000
vt 0.375000 0.000000
vt 0.000000 0.000000
vt 1.000000 0.000000
vt 0.000000 0.000000
vt 1.000000 0.000000
vt 0.000000 0.000000
vt 1.000000 0.000000
vt 0.500000 0.500000
vt 0.500000 0.000000
vt 0.000000 0.000000
vt 1.000000 0.000000
vt 0.500000 0.600000
vt 0.000000 0.000000
vt 1.000000 0.000000
vt 0.375000 0.600000
vt 0.000000 0.000000
vt 1.000000 0.000000
vt 0.625000 0.600000
vt 0.000000 0.000000
vt 1.000000 0.000000
vt 0.000000 0.000000
vt 1.000000 0.000000
vt 0.875000 0.000000
vt 0.000000 0.000000
vt 1.000000 0.000000
vt 0.625000 0.000000
vt 0.000000 0.000000
vt 1.000000 0.000000
vt 0.750000 0.000000
vt 0.500000 0.400000
vt 0.000000 0.000000
vt 1.000000 0.000000
vt 0.250000 0.600000
vt 0.500000 0.500000
vt 0.000000 0.000000
vt 1.000000 0.000000
vt 0.750000 0.600000
vt 0.375000 0.400000
vt 0.625000 0.400000
vt 0.500000 0.200000
vt 0.375000 0.200000
vt 0.625000 0.200000
vt 0.000000 0.000000
vt 1.000000 0.000000
vt 0.125000 0.600000
vt 0.000000 0.000000
vt 1.000000 0.000000
vt 0.875000 0.600000
vt 0.250000 0.400000
vt 0.750000 0.400000
vt 0.500000 0.000000
vt 0.000000 0.000000
vt 1.000000 0.000000
vt 0.500000 0.200000
vt 0.000000 0.000000
vt 1.000000 0.000000
vt 0.000000 0.000000
vt 1.000000 0.000000
vt 0.000000 0.600000
vt 1.000000 0.600000
vt 0.375000 0.000000
vt 0.000000 0.000000
vt 1.000000 0.000000
vt 0.625000 0.000000
vt 0.000000 0.000000
vt 1.000000 0.000000
vt 0.375000 0.200000
vt 0.000000 0.000000
vt 1.000000 0.000000
vt 0.625000 0.200000
vt 0.000000 0.000000
vt 1.000000 0.000000
vt 0.250000 0.200000
vt 0.750000 0.200000
vt 0.000000 0.000000
vt 1.000000 0.000000
vt 0.250000 0.000000
vt 0.500000 0.500000
vt 0.000000 0.000000
vt 1.000000 0.000000
vt 0.750000 0.000000
vt 0.250000 0.200000
vt 0.000000 0.000000
vt 1.000000 0.000000
vt 0.500000 0.500000
vt 0.750000 0.200000
vt 0.000000 0.000000
vt 1.000000 0.000000
vt 0.125000 0.400000
vt 0.875000 0.400000
vt 0.000000 0.000000
vt 1.000000 0.000000
vt 0.125000 0.000000
vt 0.000000 0.000000
vt 1.000000 0.000000
vt 0.875000 0.000000
vt 0.000000 0.000000
vt 1.000000 0.000000
vt 0.125000 0.200000
vt 0.000000 0.000000
vt 1.000000 0.000000
vt 0.875000 0.200000
vt 0.000000 0.400000
vt 1.000000 0.400000
vt 0.125000 0.200000
vt 0.875000 0.200000
vt 0.000000 0.000000
vt 1.000000 0.000000
vt 0.000000 0.000000
vt 1.000000 0.000000
vt 0.000000 0.000000
vt 1.000000 0.000000
vt 0.000000 0.200000
vt 1.000000 0.200000
vt 0.000000 0.200000
vt 1.000000 0.200000
vt 0.250000 0.000000
vt 0.000000 0.000000
vt 1.000000 0.000000
vt 0.125000 0.000000
vt 0.000000 0.000000
vt 1.000000 0.000000
vt 0.375000 0.000000
vt 0.000000 0.000000
vt 1.000000 0.000000
vt 0.000000 0.000000
vt 1.000000 0.000000
vt 0.000000 0.000000
vt 1.000000 0.000000
vt 0.500000 0.500000
vt 0.500000 0.000000
vt 0.000000 0.000000
vt 1.000000 0.000000
vt 0.500000 0.600000
vt 0.000000 0.000000
vt 1.000000 0.000000
vt 0.375000 0.600000
vt 0.000000 0.000000
vt 1.000000 0.000000
vt 0.625000 0.600000
vt 0.000000 0.000000
vt 1.000000 0.000000
vt 0.000000 0.000000
vt 1.000000 0.000000
vt 0.875000 0.000000
vt 0.000000 0.000000
vt 1.000000 0.000000
vt 0.625000 0.000000
vt 0.000000 0.000000
vt 1.000000 0.000000
vt 0.750000 0.000000
vt 0.500000 0.400000
vt 0.000000 0.000000
vt 1.000000 0.000000
vt 0.250000 0.600000
vt 0.500000 0.500000
vt 0.000000 0.000000
vt 1.000000 0.000000
vt 0.750000 0.600000
vt 0.375000 0.400000
vt 0.625000 0.400000
vt 0.000000 0.000000
vt 1.000000 0.000000
vt 0.125000 0.600000
vt 0.000000 0.000000
vt 1.000000 0.000000
vt 0.875000 0.600000
vt 0.250000 0.400000
vt 0.750000 0.400000
vt 0.000000 0.000000
vt 1.000000 0.000000
vt 0.000000 0.600000
vt 1.000000 0.600000
vt 0.125000 0.400000
vt 0.875000 0.400000
vt 0.000000 0.400000
vt 1.000000 0.400000
vn -0.977016 0.213167 0.000000
vn -0.690854 0.150732 -0.707107
vn -0.690854 0.150732 0.707107
vn 0.000000 0.000000 -1.000000
vn 0.000000 0.000000 1.000000
vn 0.690854 -0.150732 -0.707107
vn 0.690854 -0.150732 0.707107
vn 0.977016 -0.213167 0.000000
vn 0.977016 -0.213167 0.000000
vn -0.870563 -0.492057 0.000000
vn 0.492057 -0.870563 0.000000
vn 0.492057 -0.870563 0.000000
vn -0.615581 -0.347937 -0.707107
vn 0.492057 -0.870563 0.000000
vn 0.492057 -0.870563 0.000000
vn -0.615581 -0.347937 0.707107
vn 0.492057 -0.870563 0.000000
vn 0.492057 -0.870563 0.000000
vn 0.000000 0.000000 -1.000000
vn 0.000000 0.000000 -1.000000
vn 0.492057 -0.870563 0.000000
vn 0.492057 -0.870563 0.000000
vn 0.492057 -0.870563 0.000000
vn 0.000000 0.000000 1.000000
vn 0.492057 -0.870563 0.000000
vn 0.492057 -0.870563 0.000000
vn -0.988716 -0.149805 0.000000
vn -0.149805 0.988716 0.000000
vn -0.149805 0.988716 0.000000
vn -0.699127 -0.105928 -0.707107
vn -0.149805 0.988716 0.000000
vn -0.149805 0.988716 0.000000
vn -0.699127 -0.105928 0.707107
vn -0.149805 0.988716 0.000000
vn -0.149805 0.988716 0.000000
vn 0.492057 -0.870563 0.000000
vn 0.492057 -0.870563 0.000000
vn 0.615581 0.347937 -0.707107
vn 0.492057 -0.870563 0.000000
vn 0.492057 -0.870563 0.000000
vn 0.615581 0.347937 0.707107
vn 0.492057 -0.870563 0.000000
vn 0.492057 -0.870563 0.000000
vn 0.870563 0.492057 0.000000
vn -0.955779 0.294086 0.000000
vn -0.149805 0.988716 0.000000
vn -0.149805 0.988716 0.000000
vn 0.000000 0.000000 -1.000000
vn -0.149805 0.988716 0.000000
vn -0.149805 0.988716 0.000000
vn -0.149805 0.988716 0.000000
vn 0.000000 0.000000 1.000000
vn -0.675838 0.207950 -0.707107
vn -0.675838 0.207950 0.707107
vn -0.977016 0.213167 0.000000
vn -0.690854 0.150732 -0.707107
vn -0.690854 0.150732 0.707107
vn -0.149805 0.988716 0.000000
vn -0.149805 0.988716 0.000000
vn 0.699127 0.105928 -0.707107
vn -0.149805 0.988716 0.000000
vn -0.149805 0.988716 0.000000
vn 0.699127 0.105928 0.707107
vn 0.000000 0.000000 -1.000000
vn 0.000000 0.000000 1.000000
vn -1.000000 0.000000 0.000000
vn 0.000000 -1.000000 0.000000
vn 0.000000 -1.000000 0.000000
vn -1.000000 0.000000 0.000000
vn 0.000000 1.000000 0.000000
vn 0.000000 1.000000 0.000000
vn -0.149805 0.988716 0.000000
vn -0.149805 0.988716 0.000000
vn 0.988716 0.149805 0.000000
vn 0.988716 0.149805 0.000000
vn -0.707107 0.000000 -0.707107
vn 0.000000 -1.000000 0.000000
vn 0.000000 -1.000000 0.000000
vn -0.707107 0.000000 0.707107
vn 0.000000 -1.000000 0.000000
vn 0.000000 -1.000000 0.000000
vn -0.707107 0.000000 -0.707107
vn 0.000000 1.000000 0.000000
vn 0.000000 1.000000 0.000000
vn -0.707107 0.000000 0.707107
vn 0.000000 1.000000 0.000000
vn 0.000000 1.000000 0.000000
vn 0.000000 0.000000 -1.000000
vn 0.000000 0.000000 1.000000
vn 0.000000 -1.000000 0.000000
vn 0.000000 -1.000000 0.000000
vn 0.000000 0.000000 -1.000000
vn 0.000000 -1.000000 0.000000
vn 0.000000 -1.000000 0.000000
vn 0.000000 -1.000000 0.000000
vn 0.000000 0.000000 1.000000
vn 0.000000 0.000000 -1.000000
vn 0.000000 1.000000 0.000000
vn 0.000000 1.000000 0.000000
vn 0.000000 1.000000 0.000000
vn 0.000000 0.000000 1.000000
vn 0.000000 1.000000 0.000000
vn 0.000000 1.000000 0.000000
vn 0.675838 -0.207950 -0.707107
vn 0.675838 -0.207950 0.707107
vn 0.000000 -1.000000 0.000000
vn 0.000000 -1.000000 0.000000
vn 0.707107 0.000000 -0.707107
vn 0.000000 -1.000000 0.000000
vn 0.000000 -1.000000 0.000000
vn 0.707107 0.000000 0.707107
vn 0.000000 1.000000 0.000000
vn 0.000000 1.000000 0.000000
vn 0.707107 0.000000 -0.707107
vn 0.000000 1.000000 0.000000
vn 0.000000 1.000000 0.000000
vn 0.707107 0.000000 0.707107
vn 0.955779 -0.294086 0.000000
vn 0.955779 -0.294086 0.000000
vn 0.690854 -0.150732 -0.707107
vn 0.690854 -0.150732 0.707107
vn 0.000000 -1.000000 0.000000
vn 0.000000 -1.000000 0.000000
vn 1.000000 0.000000 0.000000
vn 1.000000 0.000000 0.000000
vn 0.000000 1.000000 0.000000
vn 0.000000 1.000000 0.000000
vn 1.000000 0.000000 0.000000
vn 1.000000 0.000000 0.000000
vn 0.977016 -0.213167 0.000000
vn 0.977016 -0.213167 0.000000
vn -0.870563 -0.492057 0.000000
vn 0.492057 -0.870563 0.000000
vn 0.492057 -0.870563 0.000000
vn -0.615581 -0.347937 -0.707107
vn 0.492057 -0.870563 0.000000
vn 0.492057 -0.870563 0.000000
vn -0.615581 -0.347937 0.707107
vn 0.492057 -0.870563 0.000000
vn 0.492057 -0.870563 0.000000
vn 0.000000 0.000000 -1.000000
vn 0.000000 0.000000 -1.000000
vn 0.492057 -0.870563 0.000000
vn 0.492057 -0.870563 0.000000
vn 0.492057 -0.870563 0.000000
vn 0.000000 0.000000 1.000000
vn 0.492057 -0.870563 0.000000
vn 0.492057 -0.870563 0.000000
vn -0.988716 -0.149805 0.000000
vn -0.149805 0.988716 0.000000
vn -0.149805 0.988716 0.000000
vn -0.699127 -0.105928 -0.707107
vn -0.149805 0.988716 0.000000
vn -0.149805 0.988716 0.000000
vn -0.699127 -0.105928 0.707107
vn -0.149805 0.988716 0.000000
vn -0.149805 0.988716 0.000000
vn 0.492057 -0.870563 0.000000
vn 0.492057 -0.870563 0.000000
vn 0.615581 0.347937 -0.707107
vn 0.492057 -0.870563 0.000000
vn 0.492057 -0.870563 0.000000
vn 0.615581 0.347937 0.707107
vn 0.492057 -0.870563 0.000000
vn 0.492057 -0.870563 0.000000
vn 0.870563 0.492057 0.000000
vn -0.955779 0.294086 0.000000
vn -0.149805 0.988716 0.000000
vn -0.149805 0.988716 0.000000
vn 0.000000 0.000000 -1.000000
vn -0.149805 0.988716 0.000000
vn -0.149805 0.988716 0.000000
vn -0.149805 0.988716 0.000000
vn 0.000000 0.000000 1.000000
vn -0.675838 0.207950 -0.707107
vn -0.675838 0.207950 0.707107
vn -0.149805 0.988716 0.000000
vn -0.149805 0.988716 0.000000
vn 0.699127 0.105928 -0.707107
vn -0.149805 0.988716 0.000000
vn -0.149805 0.988716 0.000000
vn 0.699127 0.105928 0.707107
vn 0.000000 0.000000 -1.000000
vn 0.000000 0.000000 1.000000
vn -0.149805 0.988716 0.000000
vn -0.149805 0.988716 0.000000
vn 0.988716 0.149805 0.000000
vn 0.988716 0.149805 0.000000
vn 0.675838 -0.207950 -0.707107
vn 0.675838 -0.207950 0.707107
vn 0.955779 -0.294086 0.000000
vn 0.955779 -0.294086 0.000000
usemtl Trim
s 1
f 2948/2948/2948 2932/2932/2932 2938/2938/2938
f 2948/2948/2948 2938/2938/2938 2952/2952/2952
f 2932/2932/2932 2916/2916/2916 2921/2921/2921
f 2932/2932/2932 2921/2921/2921 2938/2938/2938
f 2916/2916/2916 2900/2900/2900 2906/2906/2906
f 2916/2916/2916 2906/2906/2906 2921/2921/2921
f 2900/2900/2900 2890/2890/2890 2893/2893/2893
f 2900/2900/2900 2893/2893/2893 2906/2906/2906
f 2890/2890/2890 2903/2903/2903 2909/2909/2909
f 2890/2890/2890 2909/2909/2909 2893/2893/2893
f 2903/2903/2903 2920/2920/2920 2925/2925/2925
f 2903/2903/2903 2925/2925/2925 2909/2909/2909
f 2920/2920/2920 2935/2935/2935 2941/2941/2941
f 2920/2920/2920 2941/2941/2941 2925/2925/2925
f 2935/2935/2935 2949/2949/2949 2953/2953/2953
f 2935/2935/2935 2953/2953/2953 2941/2941/2941
f 2917/2917/2917 2931/2931/2931 2946/2946/2946
f 2917/2917/2917 2915/2915/2915 2930/2930/2930
f 2917/2917/2917 2902/2902/2902 2914/2914/2914
f 2917/2917/2917 2892/2892/2892 2901/2901/2901
f 2917/2917/2917 2905/2905/2905 2891/2891/2891
f 2917/2917/2917 2919/2919/2919 2904/2904/2904
f 2917/2917/2917 2934/2934/2934 2918/2918/2918
f 2917/2917/2917 2947/2947/2947 2933/2933/2933
f 2924/2924/2924 2950/2950/2950 2937/2937/2937
f 2924/2924/2924 2936/2936/2936 2923/2923/2923
f 2924/2924/2924 2922/2922/2922 2908/2908/2908
f 2924/2924/2924 2907/2907/2907 2895/2895/2895
f 2924/2924/2924 2894/2894/2894 2911/2911/2911
f 2924/2924/2924 2910/2910/2910 2927/2927/2927
f 2924/2924/2924 2926/2926/2926 2940/2940/2940
f 2924/2924/2924 2939/2939/2939 2951/2951/2951
f 2843/2843/2843 2837/2837/2837 2830/2830/2830
f 2843/2843/2843 2830/2830/2830 2832/2832/2832
f 2837/2837/2837 2834/2834/2834 2828/2828/2828
f 2837/2837/2837 2828/2828/2828 2830/2830/2830
f 2834/2834/2834 2840/2840/2840 2826/2826/2826
f 2834/2834/2834 2826/2826/2826 2828/2828/2828
f 2840/2840/2840 2848/2848/2848 2825/2825/2825
f 2840/2840/2840 2825/2825/2825 2826/2826/2826
f 2848/2848/2848 2865/2865/2865 2827/2827/2827
f 2848/2848/2848 2827/2827/2827 2825/2825/2825
f 2865/2865/2865 2868/2868/2868 2829/2829/2829
f 2865/2865/2865 2829/2829/2829 2827/2827/2827
f 2868/2868/2868 2862/2862/2862 2831/2831/2831
f 2868/2868/2868 2831/2831/2831 2829/2829/2829
f 2862/2862/2862 2844/2844/2844 2833/2833/2833
f 2862/2862/2862 2833/2833/2833 2831/2831/2831
f 2832/2832/2832 2830/2830/2830 2928/2928/2928
f 2832/2832/2832 2928/2928/2928 2942/2942/2942
f 2830/2830/2830 2828/2828/2828 2888/2888/2888
f 2830/2830/2830 2888/2888/2888 2928/2928/2928
f 2828/2828/2828 2826/2826/2826 2877/2877/2877
f 2828/2828/2828 2877/2877/2877 2888/2888/2888
f 2826/2826/2826 2825/2825/2825 2869/2869/2869
f 2826/2826/2826 2869/2869/2869 2877/2877/2877
f 2825/2825/2825 2827/2827/2827 2878/2878/2878
f 2825/2825/2825 2878/2878/2878 2869/2869/2869
f 2827/2827/2827 2829/2829/2829 2889/2889/2889
f 2827/2827/2827 2889/2889/2889 2878/2878/2878
f 2829/2829/2829 2831/2831/2831 2929/2929/2929
f 2829/2829/2829 2929/2929/2929 2889/2889/2889
f 2831/2831/2831 2833/2833/2833 2943/2943/2943
f 2831/2831/2831 2943/2943/2943 2929/2929/2929
f 2942/2942/2942 2928/2928/2928 2884/2884/2884
f 2942/2942/2942 2884/2884/2884 2898/2898/2898
f 2928/2928/2928 2888/2888/2888 2872/2872/2872
f 2928/2928/2928 2872/2872/2872 2884/2884/2884
f 2888/2888/2888 2877/2877/2877 2854/2854/2854
f 2888/2888/2888 2854/2854/2854 2872/2872/2872
f 2877/2877/2877 2869/2869/2869 2851/2851/2851
f 2877/2877/2877 2851/2851/2851 2854/2854/2854
f 2869/2869/2869 2878/2878/2878 2857/2857/2857
f 2869/2869/2869 2857/2857/2857 2851/2851/2851
f 2878/2878/2878 2889/2889/2889 2876/2876/2876
f 2878/2878/2878 2876/2876/2876 2857/2857/2857
f 2889/2889/2889 2929/2929/2929 2887/2887/2887
f 2889/2889/2889 2887/2887/2887 2876/2876/2876
f 2929/2929/2929 2943/2943/2943 2899/2899/2899
f 2929/2929/2929 2899/2899/2899 2887/2887/2887
f 2847/2847/2847 2839/2839/2839 2845/2845/2845
f 2847/2847/2847 2836/2836/2836 2838/2838/2838
f 2847/2847/2847 2842/2842/2842 2835/2835/2835
f 2847/2847/2847 2850/2850/2850 2841/2841/2841
f 2847/2847/2847 2864/2864/2864 2849/2849/2849
f 2847/2847/2847 2867/2867/2867 2863/2863/2863
f 2847/2847/2847 2861/2861/2861 2866/2866/2866
f 2847/2847/2847 2846/2846/2846 2860/2860/2860
f 2873/2873/2873 2896/2896/2896 2883/2883/2883
f 2873/2873/2873 2882/2882/2882 2871/2871/2871
f 2873/2873/2873 2870/2870/2870 2856/2856/2856
f 2873/2873/2873 2855/2855/2855 2853/2853/2853
f 2873/2873/2873 2852/2852/2852 2859/2859/2859
f 2873/2873/2873 2858/2858/2858 2875/2875/2875
f 2873/2873/2873 2874/2874/2874 2886/2886/2886
f 2873/2873/2873 2885/2885/2885 2897/2897/2897
f 2965/2965/2965 2959/2959/2959 2944/2944/2944
f 2965/2965/2965 2944/2944/2944 2954/2954/2954
f 2959/2959/2959 2956/2956/2956 2912/2912/2912
f 2959/2959/2959 2912/2912/2912 2944/2944/2944
f 2956/2956/2956 2962/2962/2962 2880/2880/2880
f 2956/2956/2956 2880/2880/2880 2912/2912/2912
f 2962/2962/2962 2970/2970/2970 2879/2879/2879
f 2962/2962/2962 2879/2879/2879 2880/2880/2880
f 2970/2970/2970 2987/2987/2987 2881/2881/2881
f 2970/2970/2970 2881/2881/2881 2879/2879/2879
f 2987/2987/2987 2990/2990/2990 2913/2913/2913
f 2987/2987/2987 2913/2913/2913 2881/2881/2881
f 2990/2990/2990 2984/2984/2984 2945/2945/2945
f 2990/2990/2990 2945/2945/2945 2913/2913/2913
f 2984/2984/2984 2966/2966/2966 2955/2955/2955
f 2984/2984/2984 2955/2955/2955 2945/2945/2945
f 2954/2954/2954 2944/2944/2944 3013/3013/3013
f 2954/2954/2954 3013/3013/3013 3015/3015/3015
f 2944/2944/2944 2912/2912/2912 3007/3007/3007
f 2944/2944/2944 3007/3007/3007 3013/3013/3013
f 2912/2912/2912 2880/2880/2880 2999/2999/2999
f 2912/2912/2912 2999/2999/2999 3007/3007/3007
f 2880/2880/2880 2879/2879/2879 2991/2991/2991
f 2880/2880/2880 2991/2991/2991 2999/2999/2999
f 2879/2879/2879 2881/2881/2881 3000/3000/3000
f 2879/2879/2879 3000/3000/3000 2991/2991/2991
f 2881/2881/2881 2913/2913/2913 3008/3008/3008
f 2881/2881/2881 3008/3008/3008 3000/3000/3000
f 2913/2913/2913 2945/2945/2945 3014/3014/3014
f 2913/2913/2913 3014/3014/3014 3008/3008/3008
f 2945/2945/2945 2955/2955/2955 3016/3016/3016
f 2945/2945/2945 3016/3016/3016 3014/3014/3014
f 3015/3015/3015 3013/3013/3013 3003/3003/3003
f 3015/3015/3015 3003/3003/3003 3011/3011/3011
f 3013/3013/3013 3007/3007/3007 2994/2994/2994
f 3013/3013/3013 2994/2994/2994 3003/3003/3003
f 3007/3007/3007 2999/2999/2999 2976/2976/2976
f 3007/3007/3007 2976/2976/2976 2994/2994/2994
f 2999/2999/2999 2991/2991/2991 2973/2973/2973
f 2999/2999/2999 2973/2973/2973 2976/2976/2976
f 2991/2991/2991 3000/3000/3000 2979/2979/2979
f 2991/2991/2991 2979/2979/2979 2973/2973/2973
f 3000/3000/3000 3008/3008/3008 2998/2998/2998
f 3000/3000/3000 2998/2998/2998 2979/2979/2979
f 3008/3008/3008 3014/3014/3014 3006/3006/3006
f 3008/3008/3008 3006/3006/3006 2998/2998/2998
f 3014/3014/3014 3016/3016/3016 3012/3012/3012
f 3014/3014/3014 3012/3012/3012 3006/3006/3006
f 2969/2969/2969 2961/2961/2961 2967/2967/2967
f 2969/2969/2969 2958/2958/2958 2960/2960/2960
f 2969/2969/2969 2964/2964/2964 2957/2957/2957
f 2969/2969/2969 2972/2972/2972 2963/2963/2963
f 2969/2969/2969 2986/2986/2986 2971/2971/2971
f 2969/2969/2969 2989/2989/2989 2985/2985/2985
f 2969/2969/2969 2983/2983/2983 2988/2988/2988
f 2969/2969/2969 2968/2968/2968 2982/2982/2982
f 2995/2995/2995 3009/3009/3009 3002/3002/3002
f 2995/2995/2995 3001/3001/3001 2993/2993/2993
f 2995/2995/2995 2992/2992/2992 2978/2978/2978
f 2995/2995/2995 2977/2977/2977 2975/2975/2975
f 2995/2995/2995 2974/2974/2974 2981/2981/2981
f 2995/2995/2995 2980/2980/2980 2997/2997/2997
f 2995/2995/2995 2996/2996/2996 3005/3005/3005
f 2995/2995/2995 3004/3004/3004 3010/3010/3010
