# Y up, metres; named parts; full animation hierarchy is in the Unity prefab
mtllib Materials.mtl
o Pasarela_y_barandillas_curvas
v -4.133501 0.084444 -1.200000
v -4.133501 0.084444 -1.200000
v -4.133501 0.084444 1.200000
v -4.133501 0.084444 1.200000
v -4.117453 0.115947 -1.200000
v -4.117453 0.115947 -1.200000
v -4.117453 0.115947 1.200000
v -4.117453 0.115947 1.200000
v -4.117453 0.115947 1.200000
v -4.109726 0.092171 -1.225000
v -4.109726 0.092171 1.225000
v -4.099502 -0.020170 -1.200000
v -4.099502 -0.020170 -1.200000
v -4.099502 -0.020170 1.200000
v -4.099502 -0.020170 1.200000
v -4.098595 0.076090 -1.000000
v -4.098595 0.076090 -1.000000
v -4.098595 0.076090 -1.000000
v -4.098595 0.076090 1.000000
v -4.098595 0.076090 1.000000
v -4.098595 0.076090 1.000000
v -4.084362 0.031441 -1.113137
v -4.084362 0.031441 -1.113137
v -4.084362 0.031441 -1.113137
v -4.084362 0.031441 -0.886863
v -4.084362 0.031441 -0.886863
v -4.084362 0.031441 -0.886863
v -4.084362 0.031441 0.886863
v -4.084362 0.031441 0.886863
v -4.084362 0.031441 0.886863
v -4.084362 0.031441 1.113137
v -4.084362 0.031441 1.113137
v -4.084362 0.031441 1.113137
v -4.075726 -0.012443 -1.225000
v -4.075726 -0.012443 1.225000
v -4.072779 0.755106 -1.250000
v -4.072779 0.755106 -1.250000
v -4.072779 0.755106 -1.250000
v -4.072779 0.755106 1.250000
v -4.072779 0.755106 1.250000
v -4.072779 0.755106 1.250000
v -4.072779 1.365106 -1.250000
v -4.072779 1.365106 -1.250000
v -4.072779 1.365106 -1.250000
v -4.072779 1.365106 1.250000
v -4.072779 1.365106 1.250000
v -4.072779 1.365106 1.250000
v -4.067999 -0.036219 -1.200000
v -4.067999 -0.036219 -1.200000
v -4.067999 -0.036219 1.200000
v -4.067999 -0.036219 1.200000
v -4.067999 -0.036219 1.200000
v -4.066107 0.734176 -1.303033
v -4.066107 0.734176 -1.303033
v -4.066107 0.734176 -1.303033
v -4.066107 0.734176 -1.196967
v -4.066107 0.734176 -1.196967
v -4.066107 0.734176 -1.196967
v -4.066107 0.734176 1.196967
v -4.066107 0.734176 1.196967
v -4.066107 0.734176 1.196967
v -4.066107 0.734176 1.303033
v -4.066107 0.734176 1.303033
v -4.066107 0.734176 1.303033
v -4.066107 1.344176 -1.303033
v -4.066107 1.344176 -1.303033
v -4.066107 1.344176 -1.303033
v -4.066107 1.344176 -1.196967
v -4.066107 1.344176 -1.196967
v -4.066107 1.344176 -1.196967
v -4.066107 1.344176 1.196967
v -4.066107 1.344176 1.196967
v -4.066107 1.344176 1.196967
v -4.066107 1.344176 1.303033
v -4.066107 1.344176 1.303033
v -4.066107 1.344176 1.303033
v -4.050000 -0.076352 -1.160000
v -4.050000 -0.076352 -1.160000
v -4.050000 -0.076352 -1.160000
v -4.050000 -0.076352 -1.000000
v -4.050000 -0.076352 -0.840000
v -4.050000 -0.076352 -0.840000
v -4.050000 -0.076352 -0.840000
v -4.050000 -0.076352 -0.840000
v -4.050000 -0.076352 0.840000
v -4.050000 -0.076352 0.840000
v -4.050000 -0.076352 0.840000
v -4.050000 -0.076352 1.000000
v -4.050000 -0.076352 1.160000
v -4.050000 -0.076352 1.160000
v -4.050000 -0.076352 1.160000
v -4.050000 -0.076352 1.160000
v -4.050000 0.683648 -1.325000
v -4.050000 0.683648 -1.325000
v -4.050000 0.683648 -1.325000
v -4.050000 0.683648 -1.250000
v -4.050000 0.683648 -1.175000
v -4.050000 0.683648 -1.175000
v -4.050000 0.683648 -1.175000
v -4.050000 0.683648 -1.175000
v -4.050000 0.683648 1.175000
v -4.050000 0.683648 1.175000
v -4.050000 0.683648 1.175000
v -4.050000 0.683648 1.250000
v -4.050000 0.683648 1.325000
v -4.050000 0.683648 1.325000
v -4.050000 0.683648 1.325000
v -4.050000 0.683648 1.325000
v -4.050000 1.293648 -1.325000
v -4.050000 1.293648 -1.325000
v -4.050000 1.293648 -1.325000
v -4.050000 1.293648 -1.250000
v -4.050000 1.293648 -1.175000
v -4.050000 1.293648 -1.175000
v -4.050000 1.293648 -1.175000
v -4.050000 1.293648 -1.175000
v -4.050000 1.293648 1.175000
v -4.050000 1.293648 1.175000
v -4.050000 1.293648 1.175000
v -4.050000 1.293648 1.250000
v -4.050000 1.293648 1.325000
v -4.050000 1.293648 1.325000
v -4.050000 1.293648 1.325000
v -4.050000 1.293648 1.325000
v -4.033893 0.633121 -1.303033
v -4.033893 0.633121 -1.303033
v -4.033893 0.633121 -1.303033
v -4.033893 0.633121 -1.196967
v -4.033893 0.633121 -1.196967
v -4.033893 0.633121 -1.196967
v -4.033893 0.633121 1.196967
v -4.033893 0.633121 1.196967
v -4.033893 0.633121 1.196967
v -4.033893 0.633121 1.303033
v -4.033893 0.633121 1.303033
v -4.033893 0.633121 1.303033
v -4.033893 1.243121 -1.303033
v -4.033893 1.243121 -1.303033
v -4.033893 1.243121 -1.303033
v -4.033893 1.243121 -1.196967
v -4.033893 1.243121 -1.196967
v -4.033893 1.243121 -1.196967
v -4.033893 1.243121 1.196967
v -4.033893 1.243121 1.196967
v -4.033893 1.243121 1.196967
v -4.033893 1.243121 1.303033
v -4.033893 1.243121 1.303033
v -4.033893 1.243121 1.303033
v -4.027221 0.612191 -1.250000
v -4.027221 0.612191 -1.250000
v -4.027221 0.612191 -1.250000
v -4.027221 0.612191 1.250000
v -4.027221 0.612191 1.250000
v -4.027221 0.612191 1.250000
v -4.027221 1.222191 -1.250000
v -4.027221 1.222191 -1.250000
v -4.027221 1.222191 -1.250000
v -4.027221 1.222191 1.250000
v -4.027221 1.222191 1.250000
v -4.027221 1.222191 1.250000
v -4.015638 -0.184144 -1.113137
v -4.015638 -0.184144 -1.113137
v -4.015638 -0.184144 -1.113137
v -4.015638 -0.184144 -0.886863
v -4.015638 -0.184144 -0.886863
v -4.015638 -0.184144 -0.886863
v -4.015638 -0.184144 0.886863
v -4.015638 -0.184144 0.886863
v -4.015638 -0.184144 0.886863
v -4.015638 -0.184144 1.113137
v -4.015638 -0.184144 1.113137
v -4.015638 -0.184144 1.113137
v -4.001405 -0.228793 -1.000000
v -4.001405 -0.228793 -1.000000
v -4.001405 -0.228793 -1.000000
v -4.001405 -0.228793 1.000000
v -4.001405 -0.228793 1.000000
v -4.001405 -0.228793 1.000000
v -4.000000 0.157094 -1.250000
v -4.000000 0.157094 1.250000
v -4.000000 1.327094 -1.250000
v -4.000000 1.327094 1.250000
v -3.995106 0.157094 -1.280902
v -3.995106 0.157094 -1.219098
v -3.995106 0.157094 1.219098
v -3.995106 0.157094 1.280902
v -3.995106 1.327094 -1.280902
v -3.995106 1.327094 -1.219098
v -3.995106 1.327094 1.219098
v -3.995106 1.327094 1.280902
v -3.992000 0.142094 -1.250000
v -3.992000 0.142094 -1.250000
v -3.992000 0.142094 1.250000
v -3.992000 0.142094 1.250000
v -3.992000 1.342094 -1.250000
v -3.992000 1.342094 -1.250000
v -3.992000 1.342094 1.250000
v -3.992000 1.342094 1.250000
v -3.987497 0.142094 -1.278430
v -3.987497 0.142094 -1.278430
v -3.987497 0.142094 -1.221570
v -3.987497 0.142094 -1.221570
v -3.987497 0.142094 1.221570
v -3.987497 0.142094 1.221570
v -3.987497 0.142094 1.278430
v -3.987497 0.142094 1.278430
v -3.987497 1.342094 -1.278430
v -3.987497 1.342094 -1.278430
v -3.987497 1.342094 -1.221570
v -3.987497 1.342094 -1.221570
v -3.987497 1.342094 1.221570
v -3.987497 1.342094 1.221570
v -3.987497 1.342094 1.278430
v -3.987497 1.342094 1.278430
v -3.980902 0.157094 -1.308779
v -3.980902 0.157094 -1.191221
v -3.980902 0.157094 1.191221
v -3.980902 0.157094 1.308779
v -3.980902 1.327094 -1.308779
v -3.980902 1.327094 -1.191221
v -3.980902 1.327094 1.191221
v -3.980902 1.327094 1.308779
v -3.974430 0.142094 -1.304076
v -3.974430 0.142094 -1.304076
v -3.974430 0.142094 -1.195924
v -3.974430 0.142094 -1.195924
v -3.974430 0.142094 1.195924
v -3.974430 0.142094 1.195924
v -3.974430 0.142094 1.304076
v -3.974430 0.142094 1.304076
v -3.974430 1.342094 -1.304076
v -3.974430 1.342094 -1.304076
v -3.974430 1.342094 -1.195924
v -3.974430 1.342094 -1.195924
v -3.974430 1.342094 1.195924
v -3.974430 1.342094 1.195924
v -3.974430 1.342094 1.304076
v -3.974430 1.342094 1.304076
v -3.958779 0.157094 -1.330902
v -3.958779 0.157094 -1.169098
v -3.958779 0.157094 1.169098
v -3.958779 0.157094 1.330902
v -3.958779 1.327094 -1.330902
v -3.958779 1.327094 -1.169098
v -3.958779 1.327094 1.169098
v -3.958779 1.327094 1.330902
v -3.954076 0.142094 -1.324430
v -3.954076 0.142094 -1.324430
v -3.954076 0.142094 -1.175570
v -3.954076 0.142094 -1.175570
v -3.954076 0.142094 1.175570
v -3.954076 0.142094 1.175570
v -3.954076 0.142094 1.324430
v -3.954076 0.142094 1.324430
v -3.954076 1.342094 -1.324430
v -3.954076 1.342094 -1.324430
v -3.954076 1.342094 -1.175570
v -3.954076 1.342094 -1.175570
v -3.954076 1.342094 1.175570
v -3.954076 1.342094 1.175570
v -3.954076 1.342094 1.324430
v -3.954076 1.342094 1.324430
v -3.932001 0.176219 -1.200000
v -3.932001 0.176219 -1.200000
v -3.932001 0.176219 -1.200000
v -3.932001 0.176219 1.200000
v -3.932001 0.176219 1.200000
v -3.932001 0.176219 1.200000
v -3.930902 0.157094 -1.345106
v -3.930902 0.157094 -1.154894
v -3.930902 0.157094 1.154894
v -3.930902 0.157094 1.345106
v -3.930902 1.327094 -1.345106
v -3.930902 1.327094 -1.154894
v -3.930902 1.327094 1.154894
v -3.930902 1.327094 1.345106
v -3.928430 0.142094 -1.337497
v -3.928430 0.142094 -1.337497
v -3.928430 0.142094 -1.162503
v -3.928430 0.142094 -1.162503
v -3.928430 0.142094 1.162503
v -3.928430 0.142094 1.162503
v -3.928430 0.142094 1.337497
v -3.928430 0.142094 1.337497
v -3.928430 1.342094 -1.337497
v -3.928430 1.342094 -1.337497
v -3.928430 1.342094 -1.162503
v -3.928430 1.342094 -1.162503
v -3.928430 1.342094 1.162503
v -3.928430 1.342094 1.162503
v -3.928430 1.342094 1.337497
v -3.928430 1.342094 1.337497
v -3.924274 0.152443 -1.225000
v -3.924274 0.152443 1.225000
v -3.900498 0.160170 -1.200000
v -3.900498 0.160170 -1.200000
v -3.900498 0.160170 1.200000
v -3.900498 0.160170 1.200000
v -3.900000 0.142094 -1.342000
v -3.900000 0.142094 -1.342000
v -3.900000 0.142094 -1.250000
v -3.900000 0.142094 -1.158000
v -3.900000 0.142094 -1.158000
v -3.900000 0.142094 1.158000
v -3.900000 0.142094 1.158000
v -3.900000 0.142094 1.250000
v -3.900000 0.142094 1.342000
v -3.900000 0.142094 1.342000
v -3.900000 0.157094 -1.350000
v -3.900000 0.157094 -1.150000
v -3.900000 0.157094 1.150000
v -3.900000 0.157094 1.350000
v -3.900000 1.327094 -1.350000
v -3.900000 1.327094 -1.150000
v -3.900000 1.327094 1.150000
v -3.900000 1.327094 1.350000
v -3.900000 1.342094 -1.342000
v -3.900000 1.342094 -1.342000
v -3.900000 1.342094 -1.250000
v -3.900000 1.342094 -1.158000
v -3.900000 1.342094 -1.158000
v -3.900000 1.342094 1.158000
v -3.900000 1.342094 1.158000
v -3.900000 1.342094 1.250000
v -3.900000 1.342094 1.342000
v -3.900000 1.342094 1.342000
v -3.890274 0.047829 -1.225000
v -3.890274 0.047829 1.225000
v -3.883212 0.165619 -1.200000
v -3.883212 0.165619 -1.200000
v -3.883212 0.165619 1.200000
v -3.883212 0.165619 1.200000
v -3.882547 0.024053 -1.200000
v -3.882547 0.024053 -1.200000
v -3.882547 0.024053 -1.200000
v -3.882547 0.024053 1.200000
v -3.882547 0.024053 1.200000
v -3.882547 0.024053 1.200000
v -3.871570 0.142094 -1.337497
v -3.871570 0.142094 -1.337497
v -3.871570 0.142094 -1.162503
v -3.871570 0.142094 -1.162503
v -3.871570 0.142094 1.162503
v -3.871570 0.142094 1.162503
v -3.871570 0.142094 1.337497
v -3.871570 0.142094 1.337497
v -3.871570 1.342094 -1.337497
v -3.871570 1.342094 -1.337497
v -3.871570 1.342094 -1.162503
v -3.871570 1.342094 -1.162503
v -3.871570 1.342094 1.162503
v -3.871570 1.342094 1.162503
v -3.871570 1.342094 1.337497
v -3.871570 1.342094 1.337497
v -3.869098 0.157094 -1.345106
v -3.869098 0.157094 -1.154894
v -3.869098 0.157094 1.154894
v -3.869098 0.157094 1.345106
v -3.869098 1.327094 -1.345106
v -3.869098 1.327094 -1.154894
v -3.869098 1.327094 1.154894
v -3.869098 1.327094 1.345106
v -3.866584 0.196820 -1.200000
v -3.866584 0.196820 -1.200000
v -3.866584 0.196820 1.200000
v -3.866584 0.196820 1.200000
v -3.866584 0.196820 1.200000
v -3.866499 0.055556 -1.200000
v -3.866499 0.055556 -1.200000
v -3.866499 0.055556 1.200000
v -3.866499 0.055556 1.200000
v -3.859297 0.172906 -1.225000
v -3.859297 0.172906 1.225000
v -3.851151 0.060395 -1.200000
v -3.851151 0.060395 -1.200000
v -3.851151 0.060395 1.200000
v -3.851151 0.060395 1.200000
v -3.845924 0.142094 -1.324430
v -3.845924 0.142094 -1.324430
v -3.845924 0.142094 -1.175570
v -3.845924 0.142094 -1.175570
v -3.845924 0.142094 1.175570
v -3.845924 0.142094 1.175570
v -3.845924 0.142094 1.324430
v -3.845924 0.142094 1.324430
v -3.845924 1.342094 -1.324430
v -3.845924 1.342094 -1.324430
v -3.845924 1.342094 -1.175570
v -3.845924 1.342094 -1.175570
v -3.845924 1.342094 1.175570
v -3.845924 1.342094 1.175570
v -3.845924 1.342094 1.324430
v -3.845924 1.342094 1.324430
v -3.844041 0.157230 -1.000000
v -3.844041 0.157230 1.000000
v -3.841221 0.157094 -1.330902
v -3.841221 0.157094 -1.169098
v -3.841221 0.157094 1.169098
v -3.841221 0.157094 1.330902
v -3.841221 1.327094 -1.330902
v -3.841221 1.327094 -1.169098
v -3.841221 1.327094 1.169098
v -3.841221 1.327094 1.330902
v -3.830226 0.112449 -1.113137
v -3.830226 0.112449 -0.886863
v -3.830226 0.112449 0.886863
v -3.830226 0.112449 1.113137
v -3.827237 0.067682 -1.225000
v -3.827237 0.067682 1.225000
v -3.825570 0.142094 -1.304076
v -3.825570 0.142094 -1.304076
v -3.825570 0.142094 -1.195924
v -3.825570 0.142094 -1.195924
v -3.825570 0.142094 1.195924
v -3.825570 0.142094 1.195924
v -3.825570 0.142094 1.304076
v -3.825570 0.142094 1.304076
v -3.825570 1.342094 -1.304076
v -3.825570 1.342094 -1.304076
v -3.825570 1.342094 -1.195924
v -3.825570 1.342094 -1.195924
v -3.825570 1.342094 1.195924
v -3.825570 1.342094 1.195924
v -3.825570 1.342094 1.304076
v -3.825570 1.342094 1.304076
v -3.819950 0.043767 -1.200000
v -3.819950 0.043767 -1.200000
v -3.819950 0.043767 1.200000
v -3.819950 0.043767 1.200000
v -3.819950 0.043767 1.200000
v -3.819098 0.157094 -1.308779
v -3.819098 0.157094 -1.191221
v -3.819098 0.157094 1.191221
v -3.819098 0.157094 1.308779
v -3.819098 1.327094 -1.308779
v -3.819098 1.327094 -1.191221
v -3.819098 1.327094 1.191221
v -3.819098 1.327094 1.308779
v -3.818984 0.836007 -1.250000
v -3.818984 0.836007 1.250000
v -3.818984 1.446007 -1.250000
v -3.818984 1.446007 1.250000
v -3.812508 0.815016 -1.303033
v -3.812508 0.815016 -1.196967
v -3.812508 0.815016 1.196967
v -3.812508 0.815016 1.303033
v -3.812508 1.425016 -1.303033
v -3.812508 1.425016 -1.196967
v -3.812508 1.425016 1.196967
v -3.812508 1.425016 1.303033
v -3.812503 0.142094 -1.278430
v -3.812503 0.142094 -1.278430
v -3.812503 0.142094 -1.221570
v -3.812503 0.142094 -1.221570
v -3.812503 0.142094 1.221570
v -3.812503 0.142094 1.221570
v -3.812503 0.142094 1.278430
v -3.812503 0.142094 1.278430
v -3.812503 1.342094 -1.278430
v -3.812503 1.342094 -1.278430
v -3.812503 1.342094 -1.221570
v -3.812503 1.342094 -1.221570
v -3.812503 1.342094 1.221570
v -3.812503 1.342094 1.221570
v -3.812503 1.342094 1.278430
v -3.812503 1.342094 1.278430
v -3.808000 0.142094 -1.250000
v -3.808000 0.142094 -1.250000
v -3.808000 0.142094 -1.250000
v -3.808000 0.142094 1.250000
v -3.808000 0.142094 1.250000
v -3.808000 0.142094 1.250000
v -3.808000 1.342094 -1.250000
v -3.808000 1.342094 -1.250000
v -3.808000 1.342094 -1.250000
v -3.808000 1.342094 1.250000
v -3.808000 1.342094 1.250000
v -3.808000 1.342094 1.250000
v -3.804894 0.157094 -1.280902
v -3.804894 0.157094 -1.219098
v -3.804894 0.157094 1.219098
v -3.804894 0.157094 1.280902
v -3.804894 1.327094 -1.280902
v -3.804894 1.327094 -1.219098
v -3.804894 1.327094 1.219098
v -3.804894 1.327094 1.280902
v -3.800000 0.157094 -1.250000
v -3.800000 0.157094 -1.250000
v -3.800000 0.157094 1.250000
v -3.800000 0.157094 1.250000
v -3.800000 1.327094 -1.250000
v -3.800000 1.327094 -1.250000
v -3.800000 1.327094 1.250000
v -3.800000 1.327094 1.250000
v -3.796875 0.004339 -1.160000
v -3.796875 0.004339 -0.840000
v -3.796875 0.004339 -0.840000
v -3.796875 0.004339 0.840000
v -3.796875 0.004339 1.160000
v -3.796875 0.004339 1.160000
v -3.796875 0.764339 -1.325000
v -3.796875 0.764339 -1.175000
v -3.796875 0.764339 -1.175000
v -3.796875 0.764339 1.175000
v -3.796875 0.764339 1.325000
v -3.796875 0.764339 1.325000
v -3.796875 1.374339 -1.325000
v -3.796875 1.374339 -1.175000
v -3.796875 1.374339 -1.175000
v -3.796875 1.374339 1.175000
v -3.796875 1.374339 1.325000
v -3.796875 1.374339 1.325000
v -3.781242 0.713663 -1.303033
v -3.781242 0.713663 -1.196967
v -3.781242 0.713663 1.196967
v -3.781242 0.713663 1.303033
v -3.781242 1.323663 -1.303033
v -3.781242 1.323663 -1.196967
v -3.781242 1.323663 1.196967
v -3.781242 1.323663 1.303033
v -3.774766 0.692672 -1.250000
v -3.774766 0.692672 1.250000
v -3.774766 1.302672 -1.250000
v -3.774766 1.302672 1.250000
v -3.763524 -0.103770 -1.113137
v -3.763524 -0.103770 -0.886863
v -3.763524 -0.103770 0.886863
v -3.763524 -0.103770 1.113137
v -3.749709 -0.148551 -1.000000
v -3.749709 -0.148551 1.000000
v -3.680050 0.253655 -1.200000
v -3.680050 0.253655 -1.200000
v -3.680050 0.253655 -1.200000
v -3.680050 0.253655 1.200000
v -3.680050 0.253655 1.200000
v -3.680050 0.253655 1.200000
v -3.672763 0.229740 -1.225000
v -3.672763 0.229740 1.225000
v -3.648849 0.237027 -1.200000
v -3.648849 0.237027 -1.200000
v -3.648849 0.237027 1.200000
v -3.648849 0.237027 1.200000
v -3.640703 0.124516 -1.225000
v -3.640703 0.124516 1.225000
v -3.633416 0.100602 -1.200000
v -3.633416 0.100602 -1.200000
v -3.633416 0.100602 -1.200000
v -3.633416 0.100602 1.200000
v -3.633416 0.100602 1.200000
v -3.633416 0.100602 1.200000
v -3.632872 0.241739 -1.200000
v -3.632872 0.241739 -1.200000
v -3.632872 0.241739 1.200000
v -3.632872 0.241739 1.200000
v -3.616788 0.131803 -1.200000
v -3.616788 0.131803 -1.200000
v -3.616788 0.131803 1.200000
v -3.616788 0.131803 1.200000
v -3.615664 0.272624 -1.200000
v -3.615664 0.272624 -1.200000
v -3.615664 0.272624 1.200000
v -3.615664 0.272624 1.200000
v -3.615664 0.272624 1.200000
v -3.608826 0.248577 -1.225000
v -3.608826 0.248577 1.225000
v -3.602784 0.135934 -1.200000
v -3.602784 0.135934 -1.200000
v -3.602784 0.135934 1.200000
v -3.602784 0.135934 1.200000
v -3.588020 0.233578 -1.000000
v -3.588020 0.233578 1.000000
v -3.578738 0.142772 -1.225000
v -3.578738 0.142772 1.225000
v -3.575054 0.188545 -1.113137
v -3.575054 0.188545 -0.886863
v -3.575054 0.188545 0.886863
v -3.575054 0.188545 1.113137
v -3.571899 0.118726 -1.200000
v -3.571899 0.118726 -1.200000
v -3.571899 0.118726 1.200000
v -3.571899 0.118726 1.200000
v -3.571899 0.118726 1.200000
v -3.564502 0.911897 -1.250000
v -3.564502 0.911897 1.250000
v -3.564502 1.521897 -1.250000
v -3.564502 1.521897 1.250000
v -3.558424 0.890787 -1.303033
v -3.558424 0.890787 -1.196967
v -3.558424 0.890787 1.196967
v -3.558424 0.890787 1.303033
v -3.558424 1.500787 -1.303033
v -3.558424 1.500787 -1.196967
v -3.558424 1.500787 1.196967
v -3.558424 1.500787 1.303033
v -3.543750 0.079825 -1.160000
v -3.543750 0.079825 -0.840000
v -3.543750 0.079825 -0.840000
v -3.543750 0.079825 0.840000
v -3.543750 0.079825 1.160000
v -3.543750 0.079825 1.160000
v -3.543750 0.839825 -1.325000
v -3.543750 0.839825 -1.175000
v -3.543750 0.839825 -1.175000
v -3.543750 0.839825 1.175000
v -3.543750 0.839825 1.325000
v -3.543750 0.839825 1.325000
v -3.543750 1.449825 -1.325000
v -3.543750 1.449825 -1.175000
v -3.543750 1.449825 -1.175000
v -3.543750 1.449825 1.175000
v -3.543750 1.449825 1.325000
v -3.543750 1.449825 1.325000
v -3.529076 0.788862 -1.303033
v -3.529076 0.788862 -1.196967
v -3.529076 0.788862 1.196967
v -3.529076 0.788862 1.303033
v -3.529076 1.398862 -1.303033
v -3.529076 1.398862 -1.196967
v -3.529076 1.398862 1.196967
v -3.529076 1.398862 1.303033
v -3.522998 0.767753 -1.250000
v -3.522998 0.767753 1.250000
v -3.522998 1.377753 -1.250000
v -3.522998 1.377753 1.250000
v -3.512446 -0.028896 -1.113137
v -3.512446 -0.028896 -0.886863
v -3.512446 -0.028896 0.886863
v -3.512446 -0.028896 1.113137
v -3.499480 -0.073929 -1.000000
v -3.499480 -0.073929 1.000000
v -3.428101 0.325962 -1.200000
v -3.428101 0.325962 -1.200000
v -3.428101 0.325962 -1.200000
v -3.428101 0.325962 1.200000
v -3.428101 0.325962 1.200000
v -3.428101 0.325962 1.200000
v -3.421262 0.301915 -1.225000
v -3.421262 0.301915 1.225000
v -3.397216 0.308754 -1.200000
v -3.397216 0.308754 -1.200000
v -3.397216 0.308754 1.200000
v -3.397216 0.308754 1.200000
v -3.391174 0.196110 -1.225000
v -3.391174 0.196110 1.225000
v -3.384336 0.172064 -1.200000
v -3.384336 0.172064 -1.200000
v -3.384336 0.172064 -1.200000
v -3.384336 0.172064 1.200000
v -3.384336 0.172064 1.200000
v -3.384336 0.172064 1.200000
v -3.382482 0.312800 -1.200000
v -3.382482 0.312800 -1.200000
v -3.382482 0.312800 1.200000
v -3.382482 0.312800 1.200000
v -3.367128 0.202949 -1.200000
v -3.367128 0.202949 -1.200000
v -3.367128 0.202949 1.200000
v -3.367128 0.202949 1.200000
v -3.364694 0.343354 -1.200000
v -3.364694 0.343354 -1.200000
v -3.364694 0.343354 1.200000
v -3.364694 0.343354 1.200000
v -3.364694 0.343354 1.200000
v -3.358311 0.319183 -1.225000
v -3.358311 0.319183 1.225000
v -3.354398 0.206446 -1.200000
v -3.354398 0.206446 -1.200000
v -3.354398 0.206446 1.200000
v -3.354398 0.206446 1.200000
v -3.331952 0.304675 -1.000000
v -3.331952 0.304675 1.000000
v -3.330227 0.212828 -1.225000
v -3.330227 0.212828 1.225000
v -3.323844 0.188657 -1.200000
v -3.323844 0.188657 -1.200000
v -3.323844 0.188657 1.200000
v -3.323844 0.188657 1.200000
v -3.323844 0.188657 1.200000
v -3.319847 0.259402 -1.113137
v -3.319847 0.259402 -0.886863
v -3.319847 0.259402 0.886863
v -3.319847 0.259402 1.113137
v -3.309997 0.982559 -1.250000
v -3.309997 0.982559 1.250000
v -3.309997 1.592559 -1.250000
v -3.309997 1.592559 1.250000
v -3.304323 0.961337 -1.303033
v -3.304323 0.961337 -1.196967
v -3.304323 0.961337 1.196967
v -3.304323 0.961337 1.303033
v -3.304323 1.571337 -1.303033
v -3.304323 1.571337 -1.196967
v -3.304323 1.571337 1.196967
v -3.304323 1.571337 1.303033
v -3.290625 0.150104 -1.160000
v -3.290625 0.150104 -0.840000
v -3.290625 0.150104 -0.840000
v -3.290625 0.150104 0.840000
v -3.290625 0.150104 1.160000
v -3.290625 0.150104 1.160000
v -3.290625 0.910104 -1.325000
v -3.290625 0.910104 -1.175000
v -3.290625 0.910104 -1.175000
v -3.290625 0.910104 1.175000
v -3.290625 0.910104 1.325000
v -3.290625 0.910104 1.325000
v -3.290625 1.520104 -1.325000
v -3.290625 1.520104 -1.175000
v -3.290625 1.520104 -1.175000
v -3.290625 1.520104 1.175000
v -3.290625 1.520104 1.325000
v -3.290625 1.520104 1.325000
v -3.276927 0.858870 -1.303033
v -3.276927 0.858870 -1.196967
v -3.276927 0.858870 1.196967
v -3.276927 0.858870 1.303033
v -3.276927 1.468870 -1.303033
v -3.276927 1.468870 -1.196967
v -3.276927 1.468870 1.196967
v -3.276927 1.468870 1.303033
v -3.271253 0.837649 -1.250000
v -3.271253 0.837649 1.250000
v -3.271253 1.447649 -1.250000
v -3.271253 1.447649 1.250000
v -3.261403 0.040806 -1.113137
v -3.261403 0.040806 -0.886863
v -3.261403 0.040806 0.886863
v -3.261403 0.040806 1.113137
v -3.249298 -0.004467 -1.000000
v -3.249298 -0.004467 1.000000
v -3.176156 0.393140 -1.200000
v -3.176156 0.393140 -1.200000
v -3.176156 0.393140 -1.200000
v -3.176156 0.393140 1.200000
v -3.176156 0.393140 1.200000
v -3.176156 0.393140 1.200000
v -3.169773 0.368969 -1.225000
v -3.169773 0.368969 1.225000
v -3.145602 0.375351 -1.200000
v -3.145602 0.375351 -1.200000
v -3.145602 0.375351 1.200000
v -3.145602 0.375351 1.200000
v -3.141689 0.262614 -1.225000
v -3.141689 0.262614 1.225000
v -3.135306 0.238443 -1.200000
v -3.135306 0.238443 -1.200000
v -3.135306 0.238443 -1.200000
v -3.135306 0.238443 1.200000
v -3.135306 0.238443 1.200000
v -3.135306 0.238443 1.200000
v -3.132040 0.378800 -1.200000
v -3.132040 0.378800 -1.200000
v -3.132040 0.378800 1.200000
v -3.132040 0.378800 1.200000
v -3.117518 0.268997 -1.200000
v -3.117518 0.268997 -1.200000
v -3.117518 0.268997 1.200000
v -3.117518 0.268997 1.200000
v -3.113672 0.409010 -1.200000
v -3.113672 0.409010 -1.200000
v -3.113672 0.409010 1.200000
v -3.113672 0.409010 1.200000
v -3.113672 0.409010 1.200000
v -3.107751 0.384721 -1.225000
v -3.107751 0.384721 1.225000
v -3.105991 0.271929 -1.200000
v -3.105991 0.271929 -1.200000
v -3.105991 0.271929 1.200000
v -3.105991 0.271929 1.200000
v -3.081702 0.277850 -1.225000
v -3.081702 0.277850 1.225000
v -3.075837 0.370516 -1.000000
v -3.075837 0.370516 1.000000
v -3.075781 0.253561 -1.200000
v -3.075781 0.253561 -1.200000
v -3.075781 0.253561 1.200000
v -3.075781 0.253561 1.200000
v -3.075781 0.253561 1.200000
v -3.064609 0.325019 -1.113137
v -3.064609 0.325019 -0.886863
v -3.064609 0.325019 0.886863
v -3.064609 0.325019 1.113137
v -3.055471 1.047992 -1.250000
v -3.055471 1.047992 1.250000
v -3.055471 1.657992 -1.250000
v -3.055471 1.657992 1.250000
v -3.050207 1.026665 -1.303033
v -3.050207 1.026665 -1.196967
v -3.050207 1.026665 1.196967
v -3.050207 1.026665 1.303033
v -3.050207 1.636665 -1.303033
v -3.050207 1.636665 -1.196967
v -3.050207 1.636665 1.196967
v -3.050207 1.636665 1.303033
v -3.037500 0.215177 -1.160000
v -3.037500 0.215177 -0.840000
v -3.037500 0.215177 -0.840000
v -3.037500 0.215177 0.840000
v -3.037500 0.215177 1.160000
v -3.037500 0.215177 1.160000
v -3.037500 0.975177 -1.325000
v -3.037500 0.975177 -1.175000
v -3.037500 0.975177 -1.175000
v -3.037500 0.975177 1.175000
v -3.037500 0.975177 1.325000
v -3.037500 0.975177 1.325000
v -3.037500 1.585177 -1.325000
v -3.037500 1.585177 -1.175000
v -3.037500 1.585177 -1.175000
v -3.037500 1.585177 1.175000
v -3.037500 1.585177 1.325000
v -3.037500 1.585177 1.325000
v -3.024793 0.923689 -1.303033
v -3.024793 0.923689 -1.196967
v -3.024793 0.923689 1.196967
v -3.024793 0.923689 1.303033
v -3.024793 1.533689 -1.303033
v -3.024793 1.533689 -1.196967
v -3.024793 1.533689 1.196967
v -3.024793 1.533689 1.303033
v -3.019529 0.902362 -1.250000
v -3.019529 0.902362 1.250000
v -3.019529 1.512362 -1.250000
v -3.019529 1.512362 1.250000
v -3.010391 0.105336 -1.113137
v -3.010391 0.105336 -0.886863
v -3.010391 0.105336 0.886863
v -3.010391 0.105336 1.113137
v -2.999163 0.059838 -1.000000
v -2.999163 0.059838 1.000000
v -2.924219 0.455189 -1.200000
v -2.924219 0.455189 -1.200000
v -2.924219 0.455189 -1.200000
v -2.924219 0.455189 1.200000
v -2.924219 0.455189 1.200000
v -2.924219 0.455189 1.200000
v -2.918298 0.430900 -1.225000
v -2.918298 0.430900 1.225000
v -2.894009 0.436821 -1.200000
v -2.894009 0.436821 -1.200000
v -2.894009 0.436821 1.200000
v -2.894009 0.436821 1.200000
v -2.892249 0.324029 -1.225000
v -2.892249 0.324029 1.225000
v -2.886328 0.299740 -1.200000
v -2.886328 0.299740 -1.200000
v -2.886328 0.299740 -1.200000
v -2.886328 0.299740 1.200000
v -2.886328 0.299740 1.200000
v -2.886328 0.299740 1.200000
v -2.881545 0.439737 -1.200000
v -2.881545 0.439737 -1.200000
v -2.881545 0.439737 1.200000
v -2.881545 0.439737 1.200000
v -2.867960 0.329950 -1.200000
v -2.867960 0.329950 -1.200000
v -2.867960 0.329950 1.200000
v -2.867960 0.329950 1.200000
v -2.862599 0.469587 -1.200000
v -2.862599 0.469587 -1.200000
v -2.862599 0.469587 1.200000
v -2.862599 0.469587 1.200000
v -2.862599 0.469587 1.200000
v -2.857559 0.332385 -1.200000
v -2.857559 0.332385 -1.200000
v -2.857559 0.332385 1.200000
v -2.857559 0.332385 1.200000
v -2.857147 0.445189 -1.225000
v -2.857147 0.445189 1.225000
v -2.833160 0.337836 -1.225000
v -2.833160 0.337836 1.225000
v -2.827709 0.313438 -1.200000
v -2.827709 0.313438 -1.200000
v -2.827709 0.313438 1.200000
v -2.827709 0.313438 1.200000
v -2.827709 0.313438 1.200000
v -2.819680 0.431101 -1.000000
v -2.819680 0.431101 1.000000
v -2.809339 0.385393 -1.113137
v -2.809339 0.385393 -0.886863
v -2.809339 0.385393 0.886863
v -2.809339 0.385393 1.113137
v -2.800924 1.108196 -1.250000
v -2.800924 1.108196 1.250000
v -2.800924 1.718196 -1.250000
v -2.800924 1.718196 1.250000
v -2.796077 1.086771 -1.303033
v -2.796077 1.086771 -1.196967
v -2.796077 1.086771 1.196967
v -2.796077 1.086771 1.303033
v -2.796077 1.696771 -1.303033
v -2.796077 1.696771 -1.196967
v -2.796077 1.696771 1.196967
v -2.796077 1.696771 1.303033
v -2.784375 0.275045 -1.160000
v -2.784375 0.275045 -0.840000
v -2.784375 0.275045 -0.840000
v -2.784375 0.275045 0.840000
v -2.784375 0.275045 1.160000
v -2.784375 0.275045 1.160000
v -2.784375 1.035045 -1.325000
v -2.784375 1.035045 -1.175000
v -2.784375 1.035045 -1.175000
v -2.784375 1.035045 1.175000
v -2.784375 1.035045 1.325000
v -2.784375 1.035045 1.325000
v -2.784375 1.645045 -1.325000
v -2.784375 1.645045 -1.175000
v -2.784375 1.645045 -1.175000
v -2.784375 1.645045 1.175000
v -2.784375 1.645045 1.325000
v -2.784375 1.645045 1.325000
v -2.772673 0.983319 -1.303033
v -2.772673 0.983319 -1.196967
v -2.772673 0.983319 1.196967
v -2.772673 0.983319 1.303033
v -2.772673 1.593319 -1.303033
v -2.772673 1.593319 -1.196967
v -2.772673 1.593319 1.196967
v -2.772673 1.593319 1.303033
v -2.767826 0.961893 -1.250000
v -2.767826 0.961893 1.250000
v -2.767826 1.571893 -1.250000
v -2.767826 1.571893 1.250000
v -2.759411 0.164696 -1.113137
v -2.759411 0.164696 -0.886863
v -2.759411 0.164696 0.886863
v -2.759411 0.164696 1.113137
v -2.749070 0.118988 -1.000000
v -2.749070 0.118988 1.000000
v -2.700000 0.500375 -1.250000
v -2.700000 0.500375 1.250000
v -2.700000 1.670375 -1.250000
v -2.700000 1.670375 1.250000
v -2.695106 0.500375 -1.280902
v -2.695106 0.500375 -1.219098
v -2.695106 0.500375 1.219098
v -2.695106 0.500375 1.280902
v -2.695106 1.670375 -1.280902
v -2.695106 1.670375 -1.219098
v -2.695106 1.670375 1.219098
v -2.695106 1.670375 1.280902
v -2.692000 0.485375 -1.250000
v -2.692000 0.485375 -1.250000
v -2.692000 0.485375 1.250000
v -2.692000 0.485375 1.250000
v -2.692000 1.685375 -1.250000
v -2.692000 1.685375 -1.250000
v -2.692000 1.685375 1.250000
v -2.692000 1.685375 1.250000
v -2.687497 0.485375 -1.278430
v -2.687497 0.485375 -1.278430
v -2.687497 0.485375 -1.221570
v -2.687497 0.485375 -1.221570
v -2.687497 0.485375 1.221570
v -2.687497 0.485375 1.221570
v -2.687497 0.485375 1.278430
v -2.687497 0.485375 1.278430
v -2.687497 1.685375 -1.278430
v -2.687497 1.685375 -1.278430
v -2.687497 1.685375 -1.221570
v -2.687497 1.685375 -1.221570
v -2.687497 1.685375 1.221570
v -2.687497 1.685375 1.221570
v -2.687497 1.685375 1.278430
v -2.687497 1.685375 1.278430
v -2.680902 0.500375 -1.308779
v -2.680902 0.500375 -1.191221
v -2.680902 0.500375 1.191221
v -2.680902 0.500375 1.308779
v -2.680902 1.670375 -1.308779
v -2.680902 1.670375 -1.191221
v -2.680902 1.670375 1.191221
v -2.680902 1.670375 1.308779
v -2.674430 0.485375 -1.304076
v -2.674430 0.485375 -1.304076
v -2.674430 0.485375 -1.195924
v -2.674430 0.485375 -1.195924
v -2.674430 0.485375 1.195924
v -2.674430 0.485375 1.195924
v -2.674430 0.485375 1.304076
v -2.674430 0.485375 1.304076
v -2.674430 1.685375 -1.304076
v -2.674430 1.685375 -1.304076
v -2.674430 1.685375 -1.195924
v -2.674430 1.685375 -1.195924
v -2.674430 1.685375 1.195924
v -2.674430 1.685375 1.195924
v -2.674430 1.685375 1.304076
v -2.674430 1.685375 1.304076
v -2.672291 0.512109 -1.200000
v -2.672291 0.512109 -1.200000
v -2.672291 0.512109 -1.200000
v -2.672291 0.512109 1.200000
v -2.672291 0.512109 1.200000
v -2.672291 0.512109 1.200000
v -2.666840 0.487711 -1.225000
v -2.666840 0.487711 1.225000
v -2.658779 0.500375 -1.330902
v -2.658779 0.500375 -1.169098
v -2.658779 0.500375 1.169098
v -2.658779 0.500375 1.330902
v -2.658779 1.670375 -1.330902
v -2.658779 1.670375 -1.169098
v -2.658779 1.670375 1.169098
v -2.658779 1.670375 1.330902
v -2.654076 0.485375 -1.324430
v -2.654076 0.485375 -1.324430
v -2.654076 0.485375 -1.175570
v -2.654076 0.485375 -1.175570
v -2.654076 0.485375 1.175570
v -2.654076 0.485375 1.175570
v -2.654076 0.485375 1.324430
v -2.654076 0.485375 1.324430
v -2.654076 1.685375 -1.324430
v -2.654076 1.685375 -1.324430
v -2.654076 1.685375 -1.175570
v -2.654076 1.685375 -1.175570
v -2.654076 1.685375 1.175570
v -2.654076 1.685375 1.175570
v -2.654076 1.685375 1.324430
v -2.654076 1.685375 1.324430
v -2.642853 0.380358 -1.225000
v -2.642853 0.380358 1.225000
v -2.642441 0.493162 -1.200000
v -2.642441 0.493162 -1.200000
v -2.642441 0.493162 1.200000
v -2.642441 0.493162 1.200000
v -2.637401 0.355960 -1.200000
v -2.637401 0.355960 -1.200000
v -2.637401 0.355960 -1.200000
v -2.637401 0.355960 1.200000
v -2.637401 0.355960 1.200000
v -2.637401 0.355960 1.200000
v -2.630997 0.495608 -1.200000
v -2.630997 0.495608 -1.200000
v -2.630997 0.495608 1.200000
v -2.630997 0.495608 1.200000
v -2.630902 0.500375 -1.345106
v -2.630902 0.500375 -1.154894
v -2.630902 0.500375 1.154894
v -2.630902 0.500375 1.345106
v -2.630902 1.670375 -1.345106
v -2.630902 1.670375 -1.154894
v -2.630902 1.670375 1.154894
v -2.630902 1.670375 1.345106
v -2.628430 0.485375 -1.337497
v -2.628430 0.485375 -1.337497
v -2.628430 0.485375 -1.162503
v -2.628430 0.485375 -1.162503
v -2.628430 0.485375 1.162503
v -2.628430 0.485375 1.162503
v -2.628430 0.485375 1.337497
v -2.628430 0.485375 1.337497
v -2.628430 1.685375 -1.337497
v -2.628430 1.685375 -1.337497
v -2.628430 1.685375 -1.162503
v -2.628430 1.685375 -1.162503
v -2.628430 1.685375 1.162503
v -2.628430 1.685375 1.162503
v -2.628430 1.685375 1.337497
v -2.628430 1.685375 1.337497
v -2.618455 0.385809 -1.200000
v -2.618455 0.385809 -1.200000
v -2.618455 0.385809 1.200000
v -2.618455 0.385809 1.200000
v -2.611474 0.525084 -1.200000
v -2.611474 0.525084 -1.200000
v -2.611474 0.525084 1.200000
v -2.611474 0.525084 1.200000
v -2.611474 0.525084 1.200000
v -2.609100 0.387810 -1.200000
v -2.609100 0.387810 -1.200000
v -2.609100 0.387810 1.200000
v -2.609100 0.387810 1.200000
v -2.606497 0.500585 -1.225000
v -2.606497 0.500585 1.225000
v -2.600000 0.485375 -1.342000
v -2.600000 0.485375 -1.342000
v -2.600000 0.485375 -1.250000
v -2.600000 0.485375 -1.158000
v -2.600000 0.485375 -1.158000
v -2.600000 0.485375 1.158000
v -2.600000 0.485375 1.158000
v -2.600000 0.485375 1.250000
v -2.600000 0.485375 1.342000
v -2.600000 0.485375 1.342000
v -2.600000 0.500375 -1.350000
v -2.600000 0.500375 -1.150000
v -2.600000 0.500375 1.150000
v -2.600000 0.500375 1.350000
v -2.600000 1.670375 -1.350000
v -2.600000 1.670375 -1.150000
v -2.600000 1.670375 1.150000
v -2.600000 1.670375 1.350000
v -2.600000 1.685375 -1.342000
v -2.600000 1.685375 -1.342000
v -2.600000 1.685375 -1.250000
v -2.600000 1.685375 -1.158000
v -2.600000 1.685375 -1.158000
v -2.600000 1.685375 1.158000
v -2.600000 1.685375 1.158000
v -2.600000 1.685375 1.250000
v -2.600000 1.685375 1.342000
v -2.600000 1.685375 1.342000
v -2.584600 0.392786 -1.225000
v -2.584600 0.392786 1.225000
v -2.579624 0.368286 -1.200000
v -2.579624 0.368286 -1.200000
v -2.579624 0.368286 1.200000
v -2.579624 0.368286 1.200000
v -2.579624 0.368286 1.200000
v -2.571570 0.485375 -1.337497
v -2.571570 0.485375 -1.337497
v -2.571570 0.485375 -1.162503
v -2.571570 0.485375 -1.162503
v -2.571570 0.485375 1.162503
v -2.571570 0.485375 1.162503
v -2.571570 0.485375 1.337497
v -2.571570 0.485375 1.337497
v -2.571570 1.685375 -1.337497
v -2.571570 1.685375 -1.337497
v -2.571570 1.685375 -1.162503
v -2.571570 1.685375 -1.162503
v -2.571570 1.685375 1.162503
v -2.571570 1.685375 1.162503
v -2.571570 1.685375 1.337497
v -2.571570 1.685375 1.337497
v -2.569098 0.500375 -1.345106
v -2.569098 0.500375 -1.154894
v -2.569098 0.500375 1.154894
v -2.569098 0.500375 1.345106
v -2.569098 1.670375 -1.345106
v -2.569098 1.670375 -1.154894
v -2.569098 1.670375 1.154894
v -2.569098 1.670375 1.345106
v -2.563482 0.486426 -1.000000
v -2.563482 0.486426 1.000000
v -2.554041 0.440524 -1.113137
v -2.554041 0.440524 -0.886863
v -2.554041 0.440524 0.886863
v -2.554041 0.440524 1.113137
v -2.546359 1.163169 -1.250000
v -2.546359 1.163169 1.250000
v -2.546359 1.773169 -1.250000
v -2.546359 1.773169 1.250000
v -2.545924 0.485375 -1.324430
v -2.545924 0.485375 -1.324430
v -2.545924 0.485375 -1.175570
v -2.545924 0.485375 -1.175570
v -2.545924 0.485375 1.175570
v -2.545924 0.485375 1.175570
v -2.545924 0.485375 1.324430
v -2.545924 0.485375 1.324430
v -2.545924 1.685375 -1.324430
v -2.545924 1.685375 -1.324430
v -2.545924 1.685375 -1.175570
v -2.545924 1.685375 -1.175570
v -2.545924 1.685375 1.175570
v -2.545924 1.685375 1.175570
v -2.545924 1.685375 1.324430
v -2.545924 1.685375 1.324430
v -2.541933 1.141652 -1.303033
v -2.541933 1.141652 -1.196967
v -2.541933 1.141652 1.196967
v -2.541933 1.141652 1.303033
v -2.541933 1.751652 -1.303033
v -2.541933 1.751652 -1.196967
v -2.541933 1.751652 1.196967
v -2.541933 1.751652 1.303033
v -2.541221 0.500375 -1.330902
v -2.541221 0.500375 -1.169098
v -2.541221 0.500375 1.169098
v -2.541221 0.500375 1.330902
v -2.541221 1.670375 -1.330902
v -2.541221 1.670375 -1.169098
v -2.541221 1.670375 1.169098
v -2.541221 1.670375 1.330902
v -2.531250 0.329706 -1.160000
v -2.531250 0.329706 -0.840000
v -2.531250 0.329706 -0.840000
v -2.531250 0.329706 0.840000
v -2.531250 0.329706 1.160000
v -2.531250 0.329706 1.160000
v -2.531250 1.089706 -1.325000
v -2.531250 1.089706 -1.175000
v -2.531250 1.089706 -1.175000
v -2.531250 1.089706 1.175000
v -2.531250 1.089706 1.325000
v -2.531250 1.089706 1.325000
v -2.531250 1.699706 -1.325000
v -2.531250 1.699706 -1.175000
v -2.531250 1.699706 -1.175000
v -2.531250 1.699706 1.175000
v -2.531250 1.699706 1.325000
v -2.531250 1.699706 1.325000
v -2.525570 0.485375 -1.304076
v -2.525570 0.485375 -1.304076
v -2.525570 0.485375 -1.195924
v -2.525570 0.485375 -1.195924
v -2.525570 0.485375 1.195924
v -2.525570 0.485375 1.195924
v -2.525570 0.485375 1.304076
v -2.525570 0.485375 1.304076
v -2.525570 1.685375 -1.304076
v -2.525570 1.685375 -1.304076
v -2.525570 1.685375 -1.195924
v -2.525570 1.685375 -1.195924
v -2.525570 1.685375 1.195924
v -2.525570 1.685375 1.195924
v -2.525570 1.685375 1.304076
v -2.525570 1.685375 1.304076
v -2.520567 1.037761 -1.303033
v -2.520567 1.037761 -1.196967
v -2.520567 1.037761 1.196967
v -2.520567 1.037761 1.303033
v -2.520567 1.647761 -1.303033
v -2.520567 1.647761 -1.196967
v -2.520567 1.647761 1.196967
v -2.520567 1.647761 1.303033
v -2.519098 0.500375 -1.308779
v -2.519098 0.500375 -1.191221
v -2.519098 0.500375 1.191221
v -2.519098 0.500375 1.308779
v -2.519098 1.670375 -1.308779
v -2.519098 1.670375 -1.191221
v -2.519098 1.670375 1.191221
v -2.519098 1.670375 1.308779
v -2.516141 1.016244 -1.250000
v -2.516141 1.016244 1.250000
v -2.516141 1.626244 -1.250000
v -2.516141 1.626244 1.250000
v -2.512503 0.485375 -1.278430
v -2.512503 0.485375 -1.278430
v -2.512503 0.485375 -1.221570
v -2.512503 0.485375 -1.221570
v -2.512503 0.485375 1.221570
v -2.512503 0.485375 1.221570
v -2.512503 0.485375 1.278430
v -2.512503 0.485375 1.278430
v -2.512503 1.685375 -1.278430
v -2.512503 1.685375 -1.278430
v -2.512503 1.685375 -1.221570
v -2.512503 1.685375 -1.221570
v -2.512503 1.685375 1.221570
v -2.512503 1.685375 1.221570
v -2.512503 1.685375 1.278430
v -2.512503 1.685375 1.278430
v -2.508459 0.218889 -1.113137
v -2.508459 0.218889 -0.886863
v -2.508459 0.218889 0.886863
v -2.508459 0.218889 1.113137
v -2.508000 0.485375 -1.250000
v -2.508000 0.485375 -1.250000
v -2.508000 0.485375 -1.250000
v -2.508000 0.485375 1.250000
v -2.508000 0.485375 1.250000
v -2.508000 0.485375 1.250000
v -2.508000 1.685375 -1.250000
v -2.508000 1.685375 -1.250000
v -2.508000 1.685375 -1.250000
v -2.508000 1.685375 1.250000
v -2.508000 1.685375 1.250000
v -2.508000 1.685375 1.250000
v -2.504894 0.500375 -1.280902
v -2.504894 0.500375 -1.219098
v -2.504894 0.500375 1.219098
v -2.504894 0.500375 1.280902
v -2.504894 1.670375 -1.280902
v -2.504894 1.670375 -1.219098
v -2.504894 1.670375 1.219098
v -2.504894 1.670375 1.280902
v -2.500000 0.500375 -1.250000
v -2.500000 0.500375 -1.250000
v -2.500000 0.500375 1.250000
v -2.500000 0.500375 1.250000
v -2.500000 1.670375 -1.250000
v -2.500000 1.670375 -1.250000
v -2.500000 1.670375 1.250000
v -2.500000 1.670375 1.250000
v -2.499018 0.172987 -1.000000
v -2.499018 0.172987 1.000000
v -2.420376 0.563901 -1.200000
v -2.420376 0.563901 -1.200000
v -2.420376 0.563901 -1.200000
v -2.420376 0.563901 1.200000
v -2.420376 0.563901 1.200000
v -2.420376 0.563901 1.200000
v -2.415400 0.539401 -1.225000
v -2.415400 0.539401 1.225000
v -2.393503 0.431603 -1.225000
v -2.393503 0.431603 1.225000
v -2.390900 0.544378 -1.200000
v -2.390900 0.544378 -1.200000
v -2.390900 0.544378 1.200000
v -2.390900 0.544378 1.200000
v -2.388526 0.407103 -1.200000
v -2.388526 0.407103 -1.200000
v -2.388526 0.407103 -1.200000
v -2.388526 0.407103 1.200000
v -2.388526 0.407103 1.200000
v -2.388526 0.407103 1.200000
v -2.380394 0.546410 -1.200000
v -2.380394 0.546410 -1.200000
v -2.380394 0.546410 1.200000
v -2.380394 0.546410 1.200000
v -2.369003 0.436579 -1.200000
v -2.369003 0.436579 -1.200000
v -2.369003 0.436579 1.200000
v -2.369003 0.436579 1.200000
v -2.360612 0.438203 -1.200000
v -2.360612 0.438203 -1.200000
v -2.360612 0.438203 1.200000
v -2.360612 0.438203 1.200000
v -2.360297 0.575498 -1.200000
v -2.360297 0.575498 -1.200000
v -2.360297 0.575498 1.200000
v -2.360297 0.575498 1.200000
v -2.360297 0.575498 1.200000
v -2.355801 0.550906 -1.225000
v -2.355801 0.550906 1.225000
v -2.336020 0.442699 -1.225000
v -2.336020 0.442699 1.225000
v -2.331524 0.418107 -1.200000
v -2.331524 0.418107 -1.200000
v -2.331524 0.418107 1.200000
v -2.331524 0.418107 1.200000
v -2.331524 0.418107 1.200000
v -2.307246 0.536490 -1.000000
v -2.307246 0.536490 1.000000
v -2.298717 0.490410 -1.113137
v -2.298717 0.490410 -0.886863
v -2.298717 0.490410 0.886863
v -2.298717 0.490410 1.113137
v -2.291775 1.212910 -1.250000
v -2.291775 1.212910 1.250000
v -2.291775 1.822910 -1.250000
v -2.291775 1.822910 1.250000
v -2.287777 1.191309 -1.303033
v -2.287777 1.191309 -1.196967
v -2.287777 1.191309 1.196967
v -2.287777 1.191309 1.303033
v -2.287777 1.801309 -1.303033
v -2.287777 1.801309 -1.196967
v -2.287777 1.801309 1.196967
v -2.287777 1.801309 1.303033
v -2.278125 0.379162 -1.160000
v -2.278125 0.379162 -0.840000
v -2.278125 0.379162 -0.840000
v -2.278125 0.379162 0.840000
v -2.278125 0.379162 1.160000
v -2.278125 0.379162 1.160000
v -2.278125 1.139162 -1.325000
v -2.278125 1.139162 -1.175000
v -2.278125 1.139162 -1.175000
v -2.278125 1.139162 1.175000
v -2.278125 1.139162 1.325000
v -2.278125 1.139162 1.325000
v -2.278125 1.749162 -1.325000
v -2.278125 1.749162 -1.175000
v -2.278125 1.749162 -1.175000
v -2.278125 1.749162 1.175000
v -2.278125 1.749162 1.325000
v -2.278125 1.749162 1.325000
v -2.268473 1.087015 -1.303033
v -2.268473 1.087015 -1.196967
v -2.268473 1.087015 1.196967
v -2.268473 1.087015 1.303033
v -2.268473 1.697015 -1.303033
v -2.268473 1.697015 -1.196967
v -2.268473 1.697015 1.196967
v -2.268473 1.697015 1.303033
v -2.264475 1.065415 -1.250000
v -2.264475 1.065415 1.250000
v -2.264475 1.675415 -1.250000
v -2.264475 1.675415 1.250000
v -2.257533 0.267915 -1.113137
v -2.257533 0.267915 -0.886863
v -2.257533 0.267915 0.886863
v -2.257533 0.267915 1.113137
v -2.249004 0.221835 -1.000000
v -2.249004 0.221835 1.000000
v -2.168476 0.610565 -1.200000
v -2.168476 0.610565 -1.200000
v -2.168476 0.610565 -1.200000
v -2.168476 0.610565 1.200000
v -2.168476 0.610565 1.200000
v -2.168476 0.610565 1.200000
v -2.163980 0.585973 -1.225000
v -2.163980 0.585973 1.225000
v -2.144199 0.477766 -1.225000
v -2.144199 0.477766 1.225000
v -2.139703 0.453174 -1.200000
v -2.139703 0.453174 -1.200000
v -2.139703 0.453174 -1.200000
v -2.139703 0.453174 1.200000
v -2.139703 0.453174 1.200000
v -2.139703 0.453174 1.200000
v -2.139388 0.590469 -1.200000
v -2.139388 0.590469 -1.200000
v -2.139388 0.590469 1.200000
v -2.139388 0.590469 1.200000
v -2.129736 0.592139 -1.200000
v -2.129736 0.592139 -1.200000
v -2.129736 0.592139 1.200000
v -2.129736 0.592139 1.200000
v -2.119606 0.482262 -1.200000
v -2.119606 0.482262 -1.200000
v -2.119606 0.482262 1.200000
v -2.119606 0.482262 1.200000
v -2.112092 0.483564 -1.200000
v -2.112092 0.483564 -1.200000
v -2.112092 0.483564 1.200000
v -2.112092 0.483564 1.200000
v -2.109069 0.620826 -1.200000
v -2.109069 0.620826 -1.200000
v -2.109069 0.620826 1.200000
v -2.109069 0.620826 1.200000
v -2.109069 0.620826 1.200000
v -2.105059 0.596149 -1.225000
v -2.105059 0.596149 1.225000
v -2.087416 0.487573 -1.225000
v -2.087416 0.487573 1.225000
v -2.083406 0.462897 -1.200000
v -2.083406 0.462897 -1.200000
v -2.083406 0.462897 1.200000
v -2.083406 0.462897 1.200000
v -2.083406 0.462897 1.200000
v -2.050976 0.581289 -1.000000
v -2.050976 0.581289 1.000000
v -2.043368 0.535048 -1.113137
v -2.043368 0.535048 -0.886863
v -2.043368 0.535048 0.886863
v -2.043368 0.535048 1.113137
v -2.037176 1.257417 -1.250000
v -2.037176 1.257417 1.250000
v -2.037176 1.867417 -1.250000
v -2.037176 1.867417 1.250000
v -2.033610 1.235742 -1.303033
v -2.033610 1.235742 -1.196967
v -2.033610 1.235742 1.196967
v -2.033610 1.235742 1.303033
v -2.033610 1.845742 -1.303033
v -2.033610 1.845742 -1.196967
v -2.033610 1.845742 1.196967
v -2.033610 1.845742 1.303033
v -2.025000 0.423412 -1.160000
v -2.025000 0.423412 -0.840000
v -2.025000 0.423412 -0.840000
v -2.025000 0.423412 0.840000
v -2.025000 0.423412 1.160000
v -2.025000 0.423412 1.160000
v -2.025000 1.183412 -1.325000
v -2.025000 1.183412 -1.175000
v -2.025000 1.183412 -1.175000
v -2.025000 1.183412 1.175000
v -2.025000 1.183412 1.325000
v -2.025000 1.183412 1.325000
v -2.025000 1.793412 -1.325000
v -2.025000 1.793412 -1.175000
v -2.025000 1.793412 -1.175000
v -2.025000 1.793412 1.175000
v -2.025000 1.793412 1.325000
v -2.025000 1.793412 1.325000
v -2.016390 1.131083 -1.303033
v -2.016390 1.131083 -1.196967
v -2.016390 1.131083 1.196967
v -2.016390 1.131083 1.303033
v -2.016390 1.741083 -1.303033
v -2.016390 1.741083 -1.196967
v -2.016390 1.741083 1.196967
v -2.016390 1.741083 1.303033
v -2.012824 1.109407 -1.250000
v -2.012824 1.109407 1.250000
v -2.012824 1.719407 -1.250000
v -2.012824 1.719407 1.250000
v -2.006632 0.311776 -1.113137
v -2.006632 0.311776 -0.886863
v -2.006632 0.311776 0.886863
v -2.006632 0.311776 1.113137
v -1.999024 0.265535 -1.000000
v -1.999024 0.265535 1.000000
v -1.916594 0.652103 -1.200000
v -1.916594 0.652103 -1.200000
v -1.916594 0.652103 -1.200000
v -1.916594 0.652103 1.200000
v -1.916594 0.652103 1.200000
v -1.916594 0.652103 1.200000
v -1.912584 0.627427 -1.225000
v -1.912584 0.627427 1.225000
v -1.894941 0.518851 -1.225000
v -1.894941 0.518851 1.225000
v -1.890931 0.494174 -1.200000
v -1.890931 0.494174 -1.200000
v -1.890931 0.494174 -1.200000
v -1.890931 0.494174 1.200000
v -1.890931 0.494174 1.200000
v -1.890931 0.494174 1.200000
v -1.887908 0.631436 -1.200000
v -1.887908 0.631436 -1.200000
v -1.887908 0.631436 1.200000
v -1.887908 0.631436 1.200000
v -1.879023 0.632794 -1.200000
v -1.879023 0.632794 -1.200000
v -1.879023 0.632794 1.200000
v -1.879023 0.632794 1.200000
v -1.870264 0.522861 -1.200000
v -1.870264 0.522861 -1.200000
v -1.870264 0.522861 1.200000
v -1.870264 0.522861 1.200000
v -1.863538 0.523889 -1.200000
v -1.863538 0.523889 -1.200000
v -1.863538 0.523889 1.200000
v -1.863538 0.523889 1.200000
v -1.857791 0.661064 -1.200000
v -1.857791 0.661064 -1.200000
v -1.857791 0.661064 1.200000
v -1.857791 0.661064 1.200000
v -1.857791 0.661064 1.200000
v -1.854272 0.636313 -1.225000
v -1.854272 0.636313 1.225000
v -1.838787 0.527408 -1.225000
v -1.838787 0.527408 1.225000
v -1.835267 0.502657 -1.200000
v -1.835267 0.502657 -1.200000
v -1.835267 0.502657 1.200000
v -1.835267 0.502657 1.200000
v -1.835267 0.502657 1.200000
v -1.794674 0.620823 -1.000000
v -1.794674 0.620823 1.000000
v -1.787997 0.574439 -1.113137
v -1.787997 0.574439 -0.886863
v -1.787997 0.574439 0.886863
v -1.787997 0.574439 1.113137
v -1.782562 1.296691 -1.250000
v -1.782562 1.296691 1.250000
v -1.782562 1.906691 -1.250000
v -1.782562 1.906691 1.250000
v -1.779432 1.274948 -1.303033
v -1.779432 1.274948 -1.196967
v -1.779432 1.274948 1.196967
v -1.779432 1.274948 1.303033
v -1.779432 1.884948 -1.303033
v -1.779432 1.884948 -1.196967
v -1.779432 1.884948 1.196967
v -1.779432 1.884948 1.303033
v -1.771875 0.462456 -1.160000
v -1.771875 0.462456 -0.840000
v -1.771875 0.462456 -0.840000
v -1.771875 0.462456 0.840000
v -1.771875 0.462456 1.160000
v -1.771875 0.462456 1.160000
v -1.771875 1.222456 -1.325000
v -1.771875 1.222456 -1.175000
v -1.771875 1.222456 -1.175000
v -1.771875 1.222456 1.175000
v -1.771875 1.222456 1.325000
v -1.771875 1.222456 1.325000
v -1.771875 1.832456 -1.325000
v -1.771875 1.832456 -1.175000
v -1.771875 1.832456 -1.175000
v -1.771875 1.832456 1.175000
v -1.771875 1.832456 1.325000
v -1.771875 1.832456 1.325000
v -1.764318 1.169964 -1.303033
v -1.764318 1.169964 -1.196967
v -1.764318 1.169964 1.196967
v -1.764318 1.169964 1.303033
v -1.764318 1.779964 -1.303033
v -1.764318 1.779964 -1.196967
v -1.764318 1.779964 1.196967
v -1.764318 1.779964 1.303033
v -1.761188 1.148221 -1.250000
v -1.761188 1.148221 1.250000
v -1.761188 1.758221 -1.250000
v -1.761188 1.758221 1.250000
v -1.755753 0.350474 -1.113137
v -1.755753 0.350474 -0.886863
v -1.755753 0.350474 0.886863
v -1.755753 0.350474 1.113137
v -1.749076 0.304089 -1.000000
v -1.749076 0.304089 1.000000
v -1.664733 0.688515 -1.200000
v -1.664733 0.688515 -1.200000
v -1.664733 0.688515 -1.200000
v -1.664733 0.688515 1.200000
v -1.664733 0.688515 1.200000
v -1.664733 0.688515 1.200000
v -1.661213 0.663763 -1.225000
v -1.661213 0.663763 1.225000
v -1.645728 0.554859 -1.225000
v -1.645728 0.554859 1.225000
v -1.642209 0.530108 -1.200000
v -1.642209 0.530108 -1.200000
v -1.642209 0.530108 -1.200000
v -1.642209 0.530108 1.200000
v -1.642209 0.530108 1.200000
v -1.642209 0.530108 1.200000
v -1.636462 0.667283 -1.200000
v -1.636462 0.667283 -1.200000
v -1.636462 0.667283 1.200000
v -1.636462 0.667283 1.200000
v -1.628254 0.668370 -1.200000
v -1.628254 0.668370 -1.200000
v -1.628254 0.668370 1.200000
v -1.628254 0.668370 1.200000
v -1.620977 0.558378 -1.200000
v -1.620977 0.558378 -1.200000
v -1.620977 0.558378 1.200000
v -1.620977 0.558378 1.200000
v -1.614946 0.559178 -1.200000
v -1.614946 0.559178 -1.200000
v -1.614946 0.559178 1.200000
v -1.614946 0.559178 1.200000
v -1.606462 0.696211 -1.200000
v -1.606462 0.696211 -1.200000
v -1.606462 0.696211 1.200000
v -1.606462 0.696211 1.200000
v -1.606462 0.696211 1.200000
v -1.603438 0.671394 -1.225000
v -1.603438 0.671394 1.225000
v -1.590130 0.562202 -1.225000
v -1.590130 0.562202 1.225000
v -1.587105 0.537386 -1.200000
v -1.587105 0.537386 -1.200000
v -1.587105 0.537386 1.200000
v -1.587105 0.537386 1.200000
v -1.587105 0.537386 1.200000
v -1.538345 0.655090 -1.000000
v -1.538345 0.655090 1.000000
v -1.532606 0.608580 -1.113137
v -1.532606 0.608580 -0.886863
v -1.532606 0.608580 0.886863
v -1.532606 0.608580 1.113137
v -1.527935 1.330730 -1.250000
v -1.527935 1.330730 1.250000
v -1.527935 1.940730 -1.250000
v -1.527935 1.940730 1.250000
v -1.525245 1.308928 -1.303033
v -1.525245 1.308928 -1.196967
v -1.525245 1.308928 1.196967
v -1.525245 1.308928 1.303033
v -1.525245 1.918928 -1.303033
v -1.525245 1.918928 -1.196967
v -1.525245 1.918928 1.196967
v -1.525245 1.918928 1.303033
v -1.518750 0.496294 -1.160000
v -1.518750 0.496294 -0.840000
v -1.518750 0.496294 -0.840000
v -1.518750 0.496294 0.840000
v -1.518750 0.496294 1.160000
v -1.518750 0.496294 1.160000
v -1.518750 1.256294 -1.325000
v -1.518750 1.256294 -1.175000
v -1.518750 1.256294 -1.175000
v -1.518750 1.256294 1.175000
v -1.518750 1.256294 1.325000
v -1.518750 1.256294 1.325000
v -1.518750 1.866294 -1.325000
v -1.518750 1.866294 -1.175000
v -1.518750 1.866294 -1.175000
v -1.518750 1.866294 1.175000
v -1.518750 1.866294 1.325000
v -1.518750 1.866294 1.325000
v -1.512255 1.203661 -1.303033
v -1.512255 1.203661 -1.196967
v -1.512255 1.203661 1.196967
v -1.512255 1.203661 1.303033
v -1.512255 1.813661 -1.303033
v -1.512255 1.813661 -1.196967
v -1.512255 1.813661 1.196967
v -1.512255 1.813661 1.303033
v -1.509565 1.181859 -1.250000
v -1.509565 1.181859 1.250000
v -1.509565 1.791859 -1.250000
v -1.509565 1.791859 1.250000
v -1.504894 0.384009 -1.113137
v -1.504894 0.384009 -0.886863
v -1.504894 0.384009 0.886863
v -1.504894 0.384009 1.113137
v -1.499155 0.337499 -1.000000
v -1.499155 0.337499 1.000000
v -1.412895 0.719802 -1.200000
v -1.412895 0.719802 -1.200000
v -1.412895 0.719802 -1.200000
v -1.412895 0.719802 1.200000
v -1.412895 0.719802 1.200000
v -1.412895 0.719802 1.200000
v -1.409870 0.694985 -1.225000
v -1.409870 0.694985 1.225000
v -1.400000 0.706344 -1.250000
v -1.400000 0.706344 1.250000
v -1.400000 1.876344 -1.250000
v -1.400000 1.876344 1.250000
v -1.396562 0.585793 -1.225000
v -1.396562 0.585793 1.225000
v -1.395106 0.706344 -1.280902
v -1.395106 0.706344 -1.219098
v -1.395106 0.706344 1.219098
v -1.395106 0.706344 1.280902
v -1.395106 1.876344 -1.280902
v -1.395106 1.876344 -1.219098
v -1.395106 1.876344 1.219098
v -1.395106 1.876344 1.280902
v -1.393538 0.560977 -1.200000
v -1.393538 0.560977 -1.200000
v -1.393538 0.560977 -1.200000
v -1.393538 0.560977 1.200000
v -1.393538 0.560977 1.200000
v -1.393538 0.560977 1.200000
v -1.392000 0.691344 -1.250000
v -1.392000 0.691344 -1.250000
v -1.392000 0.691344 1.250000
v -1.392000 0.691344 1.250000
v -1.392000 1.891344 -1.250000
v -1.392000 1.891344 -1.250000
v -1.392000 1.891344 1.250000
v -1.392000 1.891344 1.250000
v -1.387497 0.691344 -1.278430
v -1.387497 0.691344 -1.278430
v -1.387497 0.691344 -1.221570
v -1.387497 0.691344 -1.221570
v -1.387497 0.691344 1.221570
v -1.387497 0.691344 1.221570
v -1.387497 0.691344 1.278430
v -1.387497 0.691344 1.278430
v -1.387497 1.891344 -1.278430
v -1.387497 1.891344 -1.278430
v -1.387497 1.891344 -1.221570
v -1.387497 1.891344 -1.221570
v -1.387497 1.891344 1.221570
v -1.387497 1.891344 1.221570
v -1.387497 1.891344 1.278430
v -1.387497 1.891344 1.278430
v -1.385054 0.698010 -1.200000
v -1.385054 0.698010 -1.200000
v -1.385054 0.698010 1.200000
v -1.385054 0.698010 1.200000
v -1.380902 0.706344 -1.308779
v -1.380902 0.706344 -1.191221
v -1.380902 0.706344 1.191221
v -1.380902 0.706344 1.308779
v -1.380902 1.876344 -1.308779
v -1.380902 1.876344 -1.191221
v -1.380902 1.876344 1.191221
v -1.380902 1.876344 1.308779
v -1.377430 0.698864 -1.200000
v -1.377430 0.698864 -1.200000
v -1.377430 0.698864 1.200000
v -1.377430 0.698864 1.200000
v -1.374430 0.691344 -1.304076
v -1.374430 0.691344 -1.304076
v -1.374430 0.691344 -1.195924
v -1.374430 0.691344 -1.195924
v -1.374430 0.691344 1.195924
v -1.374430 0.691344 1.195924
v -1.374430 0.691344 1.304076
v -1.374430 0.691344 1.304076
v -1.374430 1.891344 -1.304076
v -1.374430 1.891344 -1.304076
v -1.374430 1.891344 -1.195924
v -1.374430 1.891344 -1.195924
v -1.374430 1.891344 1.195924
v -1.374430 1.891344 1.195924
v -1.374430 1.891344 1.304076
v -1.374430 1.891344 1.304076
v -1.371746 0.588818 -1.200000
v -1.371746 0.588818 -1.200000
v -1.371746 0.588818 1.200000
v -1.371746 0.588818 1.200000
v -1.366316 0.589427 -1.200000
v -1.366316 0.589427 -1.200000
v -1.366316 0.589427 1.200000
v -1.366316 0.589427 1.200000
v -1.358779 0.706344 -1.330902
v -1.358779 0.706344 -1.169098
v -1.358779 0.706344 1.169098
v -1.358779 0.706344 1.330902
v -1.358779 1.876344 -1.330902
v -1.358779 1.876344 -1.169098
v -1.358779 1.876344 1.169098
v -1.358779 1.876344 1.330902
v -1.355084 0.726262 -1.200000
v -1.355084 0.726262 -1.200000
v -1.355084 0.726262 1.200000
v -1.355084 0.726262 1.200000
v -1.355084 0.726262 1.200000
v -1.354076 0.691344 -1.324430
v -1.354076 0.691344 -1.324430
v -1.354076 0.691344 -1.175570
v -1.354076 0.691344 -1.175570
v -1.354076 0.691344 1.175570
v -1.354076 0.691344 1.175570
v -1.354076 0.691344 1.324430
v -1.354076 0.691344 1.324430
v -1.354076 1.891344 -1.324430
v -1.354076 1.891344 -1.324430
v -1.354076 1.891344 -1.175570
v -1.354076 1.891344 -1.175570
v -1.354076 1.891344 1.175570
v -1.354076 1.891344 1.175570
v -1.354076 1.891344 1.324430
v -1.354076 1.891344 1.324430
v -1.352558 0.701390 -1.225000
v -1.352558 0.701390 1.225000
v -1.341444 0.591953 -1.225000
v -1.341444 0.591953 1.225000
v -1.338918 0.567081 -1.200000
v -1.338918 0.567081 -1.200000
v -1.338918 0.567081 1.200000
v -1.338918 0.567081 1.200000
v -1.338918 0.567081 1.200000
v -1.330902 0.706344 -1.345106
v -1.330902 0.706344 -1.154894
v -1.330902 0.706344 1.154894
v -1.330902 0.706344 1.345106
v -1.330902 1.876344 -1.345106
v -1.330902 1.876344 -1.154894
v -1.330902 1.876344 1.154894
v -1.330902 1.876344 1.345106
v -1.328430 0.691344 -1.337497
v -1.328430 0.691344 -1.337497
v -1.328430 0.691344 -1.162503
v -1.328430 0.691344 -1.162503
v -1.328430 0.691344 1.162503
v -1.328430 0.691344 1.162503
v -1.328430 0.691344 1.337497
v -1.328430 0.691344 1.337497
v -1.328430 1.891344 -1.337497
v -1.328430 1.891344 -1.337497
v -1.328430 1.891344 -1.162503
v -1.328430 1.891344 -1.162503
v -1.328430 1.891344 1.162503
v -1.328430 1.891344 1.162503
v -1.328430 1.891344 1.337497
v -1.328430 1.891344 1.337497
v -1.300000 0.691344 -1.342000
v -1.300000 0.691344 -1.342000
v -1.300000 0.691344 -1.250000
v -1.300000 0.691344 -1.158000
v -1.300000 0.691344 -1.158000
v -1.300000 0.691344 1.158000
v -1.300000 0.691344 1.158000
v -1.300000 0.691344 1.250000
v -1.300000 0.691344 1.342000
v -1.300000 0.691344 1.342000
v -1.300000 0.706344 -1.350000
v -1.300000 0.706344 -1.150000
v -1.300000 0.706344 1.150000
v -1.300000 0.706344 1.350000
v -1.300000 1.876344 -1.350000
v -1.300000 1.876344 -1.150000
v -1.300000 1.876344 1.150000
v -1.300000 1.876344 1.350000
v -1.300000 1.891344 -1.342000
v -1.300000 1.891344 -1.342000
v -1.300000 1.891344 -1.250000
v -1.300000 1.891344 -1.158000
v -1.300000 1.891344 -1.158000
v -1.300000 1.891344 1.158000
v -1.300000 1.891344 1.158000
v -1.300000 1.891344 1.250000
v -1.300000 1.891344 1.342000
v -1.300000 1.891344 1.342000
v -1.281992 0.684087 -1.000000
v -1.281992 0.684087 1.000000
v -1.277198 0.637470 -1.113137
v -1.277198 0.637470 -0.886863
v -1.277198 0.637470 0.886863
v -1.277198 0.637470 1.113137
v -1.273297 1.359533 -1.250000
v -1.273297 1.359533 1.250000
v -1.273297 1.969533 -1.250000
v -1.273297 1.969533 1.250000
v -1.271570 0.691344 -1.337497
v -1.271570 0.691344 -1.337497
v -1.271570 0.691344 -1.162503
v -1.271570 0.691344 -1.162503
v -1.271570 0.691344 1.162503
v -1.271570 0.691344 1.162503
v -1.271570 0.691344 1.337497
v -1.271570 0.691344 1.337497
v -1.271570 1.891344 -1.337497
v -1.271570 1.891344 -1.337497
v -1.271570 1.891344 -1.162503
v -1.271570 1.891344 -1.162503
v -1.271570 1.891344 1.162503
v -1.271570 1.891344 1.162503
v -1.271570 1.891344 1.337497
v -1.271570 1.891344 1.337497
v -1.271050 1.337681 -1.303033
v -1.271050 1.337681 -1.196967
v -1.271050 1.337681 1.196967
v -1.271050 1.337681 1.303033
v -1.271050 1.947681 -1.303033
v -1.271050 1.947681 -1.196967
v -1.271050 1.947681 1.196967
v -1.271050 1.947681 1.303033
v -1.269098 0.706344 -1.345106
v -1.269098 0.706344 -1.154894
v -1.269098 0.706344 1.154894
v -1.269098 0.706344 1.345106
v -1.269098 1.876344 -1.345106
v -1.269098 1.876344 -1.154894
v -1.269098 1.876344 1.154894
v -1.269098 1.876344 1.345106
v -1.265625 0.524927 -1.160000
v -1.265625 0.524927 -0.840000
v -1.265625 0.524927 -0.840000
v -1.265625 0.524927 0.840000
v -1.265625 0.524927 1.160000
v -1.265625 0.524927 1.160000
v -1.265625 1.284927 -1.325000
v -1.265625 1.284927 -1.175000
v -1.265625 1.284927 -1.175000
v -1.265625 1.284927 1.175000
v -1.265625 1.284927 1.325000
v -1.265625 1.284927 1.325000
v -1.265625 1.894927 -1.325000
v -1.265625 1.894927 -1.175000
v -1.265625 1.894927 -1.175000
v -1.265625 1.894927 1.175000
v -1.265625 1.894927 1.325000
v -1.265625 1.894927 1.325000
v -1.260200 1.232172 -1.303033
v -1.260200 1.232172 -1.196967
v -1.260200 1.232172 1.196967
v -1.260200 1.232172 1.303033
v -1.260200 1.842172 -1.303033
v -1.260200 1.842172 -1.196967
v -1.260200 1.842172 1.196967
v -1.260200 1.842172 1.303033
v -1.257953 1.210320 -1.250000
v -1.257953 1.210320 1.250000
v -1.257953 1.820320 -1.250000
v -1.257953 1.820320 1.250000
v -1.254052 0.412383 -1.113137
v -1.254052 0.412383 -0.886863
v -1.254052 0.412383 0.886863
v -1.254052 0.412383 1.113137
v -1.249258 0.365766 -1.000000
v -1.249258 0.365766 1.000000
v -1.245924 0.691344 -1.324430
v -1.245924 0.691344 -1.324430
v -1.245924 0.691344 -1.175570
v -1.245924 0.691344 -1.175570
v -1.245924 0.691344 1.175570
v -1.245924 0.691344 1.175570
v -1.245924 0.691344 1.324430
v -1.245924 0.691344 1.324430
v -1.245924 1.891344 -1.324430
v -1.245924 1.891344 -1.324430
v -1.245924 1.891344 -1.175570
v -1.245924 1.891344 -1.175570
v -1.245924 1.891344 1.175570
v -1.245924 1.891344 1.175570
v -1.245924 1.891344 1.324430
v -1.245924 1.891344 1.324430
v -1.241221 0.706344 -1.330902
v -1.241221 0.706344 -1.169098
v -1.241221 0.706344 1.169098
v -1.241221 0.706344 1.330902
v -1.241221 1.876344 -1.330902
v -1.241221 1.876344 -1.169098
v -1.241221 1.876344 1.169098
v -1.241221 1.876344 1.330902
v -1.225570 0.691344 -1.304076
v -1.225570 0.691344 -1.304076
v -1.225570 0.691344 -1.195924
v -1.225570 0.691344 -1.195924
v -1.225570 0.691344 1.195924
v -1.225570 0.691344 1.195924
v -1.225570 0.691344 1.304076
v -1.225570 0.691344 1.304076
v -1.225570 1.891344 -1.304076
v -1.225570 1.891344 -1.304076
v -1.225570 1.891344 -1.195924
v -1.225570 1.891344 -1.195924
v -1.225570 1.891344 1.195924
v -1.225570 1.891344 1.195924
v -1.225570 1.891344 1.304076
v -1.225570 1.891344 1.304076
v -1.219098 0.706344 -1.308779
v -1.219098 0.706344 -1.191221
v -1.219098 0.706344 1.191221
v -1.219098 0.706344 1.308779
v -1.219098 1.876344 -1.308779
v -1.219098 1.876344 -1.191221
v -1.219098 1.876344 1.191221
v -1.219098 1.876344 1.308779
v -1.212503 0.691344 -1.278430
v -1.212503 0.691344 -1.278430
v -1.212503 0.691344 -1.221570
v -1.212503 0.691344 -1.221570
v -1.212503 0.691344 1.221570
v -1.212503 0.691344 1.221570
v -1.212503 0.691344 1.278430
v -1.212503 0.691344 1.278430
v -1.212503 1.891344 -1.278430
v -1.212503 1.891344 -1.278430
v -1.212503 1.891344 -1.221570
v -1.212503 1.891344 -1.221570
v -1.212503 1.891344 1.221570
v -1.212503 1.891344 1.221570
v -1.212503 1.891344 1.278430
v -1.212503 1.891344 1.278430
v -1.208000 0.691344 -1.250000
v -1.208000 0.691344 -1.250000
v -1.208000 0.691344 -1.250000
v -1.208000 0.691344 1.250000
v -1.208000 0.691344 1.250000
v -1.208000 0.691344 1.250000
v -1.208000 1.891344 -1.250000
v -1.208000 1.891344 -1.250000
v -1.208000 1.891344 -1.250000
v -1.208000 1.891344 1.250000
v -1.208000 1.891344 1.250000
v -1.208000 1.891344 1.250000
v -1.204894 0.706344 -1.280902
v -1.204894 0.706344 -1.219098
v -1.204894 0.706344 1.219098
v -1.204894 0.706344 1.280902
v -1.204894 1.876344 -1.280902
v -1.204894 1.876344 -1.219098
v -1.204894 1.876344 1.219098
v -1.204894 1.876344 1.280902
v -1.200000 0.706344 -1.250000
v -1.200000 0.706344 -1.250000
v -1.200000 0.706344 1.250000
v -1.200000 0.706344 1.250000
v -1.200000 1.876344 -1.250000
v -1.200000 1.876344 -1.250000
v -1.200000 1.876344 1.250000
v -1.200000 1.876344 1.250000
v -1.161082 0.745966 -1.200000
v -1.161082 0.745966 -1.200000
v -1.161082 0.745966 -1.200000
v -1.161082 0.745966 1.200000
v -1.161082 0.745966 1.200000
v -1.161082 0.745966 1.200000
v -1.158556 0.721094 -1.225000
v -1.158556 0.721094 1.225000
v -1.147442 0.611657 -1.225000
v -1.147442 0.611657 1.225000
v -1.144916 0.586785 -1.200000
v -1.144916 0.586785 -1.200000
v -1.144916 0.586785 -1.200000
v -1.144916 0.586785 1.200000
v -1.144916 0.586785 1.200000
v -1.144916 0.586785 1.200000
v -1.133684 0.723620 -1.200000
v -1.133684 0.723620 -1.200000
v -1.133684 0.723620 1.200000
v -1.133684 0.723620 1.200000
v -1.126552 0.724274 -1.200000
v -1.126552 0.724274 -1.200000
v -1.126552 0.724274 1.200000
v -1.126552 0.724274 1.200000
v -1.122570 0.614183 -1.200000
v -1.122570 0.614183 -1.200000
v -1.122570 0.614183 1.200000
v -1.122570 0.614183 1.200000
v -1.117644 0.614635 -1.200000
v -1.117644 0.614635 -1.200000
v -1.117644 0.614635 1.200000
v -1.117644 0.614635 1.200000
v -1.103658 0.751216 -1.200000
v -1.103658 0.751216 -1.200000
v -1.103658 0.751216 1.200000
v -1.103658 0.751216 1.200000
v -1.103658 0.751216 1.200000
v -1.101634 0.726298 -1.225000
v -1.101634 0.726298 1.225000
v -1.092726 0.616660 -1.225000
v -1.092726 0.616660 1.225000
v -1.090701 0.591742 -1.200000
v -1.090701 0.591742 -1.200000
v -1.090701 0.591742 1.200000
v -1.090701 0.591742 1.200000
v -1.090701 0.591742 1.200000
v -1.025618 0.707814 -1.000000
v -1.025618 0.707814 1.000000
v -1.021776 0.661109 -1.113137
v -1.021776 0.661109 -0.886863
v -1.021776 0.661109 0.886863
v -1.021776 0.661109 1.113137
v -1.018649 1.383101 -1.250000
v -1.018649 1.383101 1.250000
v -1.018649 1.993101 -1.250000
v -1.018649 1.993101 1.250000
v -1.016848 1.361207 -1.303033
v -1.016848 1.361207 -1.196967
v -1.016848 1.361207 1.196967
v -1.016848 1.361207 1.303033
v -1.016848 1.971207 -1.303033
v -1.016848 1.971207 -1.196967
v -1.016848 1.971207 1.196967
v -1.016848 1.971207 1.303033
v -1.012500 0.548353 -1.160000
v -1.012500 0.548353 -0.840000
v -1.012500 0.548353 -0.840000
v -1.012500 0.548353 0.840000
v -1.012500 0.548353 1.160000
v -1.012500 0.548353 1.160000
v -1.012500 1.308353 -1.325000
v -1.012500 1.308353 -1.175000
v -1.012500 1.308353 -1.175000
v -1.012500 1.308353 1.175000
v -1.012500 1.308353 1.325000
v -1.012500 1.308353 1.325000
v -1.012500 1.918353 -1.325000
v -1.012500 1.918353 -1.175000
v -1.012500 1.918353 -1.175000
v -1.012500 1.918353 1.175000
v -1.012500 1.918353 1.325000
v -1.012500 1.918353 1.325000
v -1.008152 1.255499 -1.303033
v -1.008152 1.255499 -1.196967
v -1.008152 1.255499 1.196967
v -1.008152 1.255499 1.303033
v -1.008152 1.865499 -1.303033
v -1.008152 1.865499 -1.196967
v -1.008152 1.865499 1.196967
v -1.008152 1.865499 1.303033
v -1.006351 1.233606 -1.250000
v -1.006351 1.233606 1.250000
v -1.006351 1.843606 -1.250000
v -1.006351 1.843606 1.250000
v -1.003224 0.435597 -1.113137
v -1.003224 0.435597 -0.886863
v -1.003224 0.435597 0.886863
v -1.003224 0.435597 1.113137
v -0.999382 0.388892 -1.000000
v -0.999382 0.388892 1.000000
v -0.909299 0.767008 -1.200000
v -0.909299 0.767008 -1.200000
v -0.909299 0.767008 -1.200000
v -0.909299 0.767008 1.200000
v -0.909299 0.767008 1.200000
v -0.909299 0.767008 1.200000
v -0.907274 0.742090 -1.225000
v -0.907274 0.742090 1.225000
v -0.898366 0.632452 -1.225000
v -0.898366 0.632452 1.225000
v -0.896342 0.607534 -1.200000
v -0.896342 0.607534 -1.200000
v -0.896342 0.607534 -1.200000
v -0.896342 0.607534 1.200000
v -0.896342 0.607534 1.200000
v -0.896342 0.607534 1.200000
v -0.882356 0.744115 -1.200000
v -0.882356 0.744115 -1.200000
v -0.882356 0.744115 1.200000
v -0.882356 0.744115 1.200000
v -0.875619 0.744596 -1.200000
v -0.875619 0.744596 -1.200000
v -0.875619 0.744596 1.200000
v -0.875619 0.744596 1.200000
v -0.873448 0.634476 -1.200000
v -0.873448 0.634476 -1.200000
v -0.873448 0.634476 1.200000
v -0.873448 0.634476 1.200000
v -0.868928 0.634799 -1.200000
v -0.868928 0.634799 -1.200000
v -0.868928 0.634799 1.200000
v -0.868928 0.634799 1.200000
v -0.852185 0.771070 -1.200000
v -0.852185 0.771070 -1.200000
v -0.852185 0.771070 1.200000
v -0.852185 0.771070 1.200000
v -0.852185 0.771070 1.200000
v -0.850665 0.746116 -1.225000
v -0.850665 0.746116 1.225000
v -0.843974 0.636320 -1.225000
v -0.843974 0.636320 1.225000
v -0.842454 0.611366 -1.200000
v -0.842454 0.611366 -1.200000
v -0.842454 0.611366 1.200000
v -0.842454 0.611366 1.200000
v -0.842454 0.611366 1.200000
v -0.769228 0.726270 -1.000000
v -0.769228 0.726270 1.000000
v -0.766342 0.679496 -1.113137
v -0.766342 0.679496 -0.886863
v -0.766342 0.679496 0.886863
v -0.766342 0.679496 1.113137
v -0.763994 1.401431 -1.250000
v -0.763994 1.401431 1.250000
v -0.763994 2.011431 -1.250000
v -0.763994 2.011431 1.250000
v -0.762641 1.379506 -1.303033
v -0.762641 1.379506 -1.196967
v -0.762641 1.379506 1.196967
v -0.762641 1.379506 1.303033
v -0.762641 1.989506 -1.303033
v -0.762641 1.989506 -1.196967
v -0.762641 1.989506 1.196967
v -0.762641 1.989506 1.303033
v -0.759375 0.566574 -1.160000
v -0.759375 0.566574 -0.840000
v -0.759375 0.566574 -0.840000
v -0.759375 0.566574 0.840000
v -0.759375 0.566574 1.160000
v -0.759375 0.566574 1.160000
v -0.759375 1.326574 -1.325000
v -0.759375 1.326574 -1.175000
v -0.759375 1.326574 -1.175000
v -0.759375 1.326574 1.175000
v -0.759375 1.326574 1.325000
v -0.759375 1.326574 1.325000
v -0.759375 1.936574 -1.325000
v -0.759375 1.936574 -1.175000
v -0.759375 1.936574 -1.175000
v -0.759375 1.936574 1.175000
v -0.759375 1.936574 1.325000
v -0.759375 1.936574 1.325000
v -0.756109 1.273641 -1.303033
v -0.756109 1.273641 -1.196967
v -0.756109 1.273641 1.196967
v -0.756109 1.273641 1.303033
v -0.756109 1.883641 -1.303033
v -0.756109 1.883641 -1.196967
v -0.756109 1.883641 1.196967
v -0.756109 1.883641 1.303033
v -0.754756 1.251716 -1.250000
v -0.754756 1.251716 1.250000
v -0.754756 1.861716 -1.250000
v -0.754756 1.861716 1.250000
v -0.752408 0.453651 -1.113137
v -0.752408 0.453651 -0.886863
v -0.752408 0.453651 0.886863
v -0.752408 0.453651 1.113137
v -0.749522 0.406877 -1.000000
v -0.749522 0.406877 1.000000
v -0.657546 0.782931 -1.200000
v -0.657546 0.782931 -1.200000
v -0.657546 0.782931 -1.200000
v -0.657546 0.782931 1.200000
v -0.657546 0.782931 1.200000
v -0.657546 0.782931 1.200000
v -0.656026 0.757977 -1.225000
v -0.656026 0.757977 1.225000
v -0.649335 0.648181 -1.225000
v -0.649335 0.648181 1.225000
v -0.647815 0.623227 -1.200000
v -0.647815 0.623227 -1.200000
v -0.647815 0.623227 -1.200000
v -0.647815 0.623227 1.200000
v -0.647815 0.623227 1.200000
v -0.647815 0.623227 1.200000
v -0.631072 0.759498 -1.200000
v -0.631072 0.759498 -1.200000
v -0.631072 0.759498 1.200000
v -0.631072 0.759498 1.200000
v -0.624632 0.759826 -1.200000
v -0.624632 0.759826 -1.200000
v -0.624632 0.759826 1.200000
v -0.624632 0.759826 1.200000
v -0.624381 0.649701 -1.200000
v -0.624381 0.649701 -1.200000
v -0.624381 0.649701 1.200000
v -0.624381 0.649701 1.200000
v -0.620167 0.649917 -1.200000
v -0.620167 0.649917 -1.200000
v -0.620167 0.649917 1.200000
v -0.620167 0.649917 1.200000
v -0.600667 0.785820 -1.200000
v -0.600667 0.785820 -1.200000
v -0.600667 0.785820 1.200000
v -0.600667 0.785820 1.200000
v -0.600667 0.785820 1.200000
v -0.599652 0.760841 -1.225000
v -0.599652 0.760841 1.225000
v -0.595187 0.650931 -1.225000
v -0.595187 0.650931 1.225000
v -0.594172 0.625952 -1.200000
v -0.594172 0.625952 -1.200000
v -0.594172 0.625952 1.200000
v -0.594172 0.625952 1.200000
v -0.594172 0.625952 1.200000
v -0.512826 0.739453 -1.000000
v -0.512826 0.739453 1.000000
v -0.510900 0.692630 -1.113137
v -0.510900 0.692630 -0.886863
v -0.510900 0.692630 0.886863
v -0.510900 0.692630 1.113137
v -0.509332 1.414525 -1.250000
v -0.509332 1.414525 1.250000
v -0.509332 2.024525 -1.250000
v -0.509332 2.024525 1.250000
v -0.508430 1.392576 -1.303033
v -0.508430 1.392576 -1.196967
v -0.508430 1.392576 1.196967
v -0.508430 1.392576 1.303033
v -0.508430 2.002576 -1.303033
v -0.508430 2.002576 -1.196967
v -0.508430 2.002576 1.196967
v -0.508430 2.002576 1.303033
v -0.506250 0.579588 -1.160000
v -0.506250 0.579588 -0.840000
v -0.506250 0.579588 -0.840000
v -0.506250 0.579588 0.840000
v -0.506250 0.579588 1.160000
v -0.506250 0.579588 1.160000
v -0.506250 1.339588 -1.325000
v -0.506250 1.339588 -1.175000
v -0.506250 1.339588 -1.175000
v -0.506250 1.339588 1.175000
v -0.506250 1.339588 1.325000
v -0.506250 1.339588 1.325000
v -0.506250 1.949588 -1.325000
v -0.506250 1.949588 -1.175000
v -0.506250 1.949588 -1.175000
v -0.506250 1.949588 1.175000
v -0.506250 1.949588 1.325000
v -0.506250 1.949588 1.325000
v -0.504070 1.286600 -1.303033
v -0.504070 1.286600 -1.196967
v -0.504070 1.286600 1.196967
v -0.504070 1.286600 1.303033
v -0.504070 1.896600 -1.303033
v -0.504070 1.896600 -1.196967
v -0.504070 1.896600 1.196967
v -0.504070 1.896600 1.303033
v -0.503168 1.264652 -1.250000
v -0.503168 1.264652 1.250000
v -0.503168 1.874652 -1.250000
v -0.503168 1.874652 1.250000
v -0.501600 0.466547 -1.113137
v -0.501600 0.466547 -0.886863
v -0.501600 0.466547 0.886863
v -0.501600 0.466547 1.113137
v -0.499674 0.419723 -1.000000
v -0.499674 0.419723 1.000000
v -0.405828 0.793735 -1.200000
v -0.405828 0.793735 -1.200000
v -0.405828 0.793735 -1.200000
v -0.405828 0.793735 1.200000
v -0.405828 0.793735 1.200000
v -0.405828 0.793735 1.200000
v -0.404813 0.768756 -1.225000
v -0.404813 0.768756 1.225000
v -0.400348 0.658847 -1.225000
v -0.400348 0.658847 1.225000
v -0.399333 0.633867 -1.200000
v -0.399333 0.633867 -1.200000
v -0.399333 0.633867 -1.200000
v -0.399333 0.633867 1.200000
v -0.399333 0.633867 1.200000
v -0.399333 0.633867 1.200000
v -0.379833 0.769771 -1.200000
v -0.379833 0.769771 -1.200000
v -0.379833 0.769771 1.200000
v -0.379833 0.769771 1.200000
v -0.375368 0.659862 -1.200000
v -0.375368 0.659862 -1.200000
v -0.375368 0.659862 1.200000
v -0.375368 0.659862 1.200000
v -0.373592 0.769962 -1.200000
v -0.373592 0.769962 -1.200000
v -0.373592 0.769962 1.200000
v -0.373592 0.769962 1.200000
v -0.371358 0.659985 -1.200000
v -0.371358 0.659985 -1.200000
v -0.371358 0.659985 1.200000
v -0.371358 0.659985 1.200000
v -0.349105 0.795464 -1.200000
v -0.349105 0.795464 -1.200000
v -0.349105 0.795464 1.200000
v -0.349105 0.795464 1.200000
v -0.349105 0.795464 1.200000
v -0.348597 0.770470 -1.225000
v -0.348597 0.770470 1.225000
v -0.346363 0.660492 -1.225000
v -0.346363 0.660492 1.225000
v -0.345855 0.635497 -1.200000
v -0.345855 0.635497 -1.200000
v -0.345855 0.635497 1.200000
v -0.345855 0.635497 1.200000
v -0.345855 0.635497 1.200000
v -0.256415 0.747363 -1.000000
v -0.256415 0.747363 1.000000
v -0.255451 0.700510 -1.113137
v -0.255451 0.700510 -0.886863
v -0.255451 0.700510 0.886863
v -0.255451 0.700510 1.113137
v -0.254667 1.422381 -1.250000
v -0.254667 1.422381 1.250000
v -0.254667 2.032381 -1.250000
v -0.254667 2.032381 1.250000
v -0.254215 1.400419 -1.303033
v -0.254215 1.400419 -1.196967
v -0.254215 1.400419 1.196967
v -0.254215 1.400419 1.303033
v -0.254215 2.010419 -1.303033
v -0.254215 2.010419 -1.196967
v -0.254215 2.010419 1.196967
v -0.254215 2.010419 1.303033
v -0.253125 0.587397 -1.160000
v -0.253125 0.587397 -0.840000
v -0.253125 0.587397 -0.840000
v -0.253125 0.587397 0.840000
v -0.253125 0.587397 1.160000
v -0.253125 0.587397 1.160000
v -0.253125 1.347397 -1.325000
v -0.253125 1.347397 -1.175000
v -0.253125 1.347397 -1.175000
v -0.253125 1.347397 1.175000
v -0.253125 1.347397 1.325000
v -0.253125 1.347397 1.325000
v -0.253125 1.957397 -1.325000
v -0.253125 1.957397 -1.175000
v -0.253125 1.957397 -1.175000
v -0.253125 1.957397 1.175000
v -0.253125 1.957397 1.325000
v -0.253125 1.957397 1.325000
v -0.252035 1.294375 -1.303033
v -0.252035 1.294375 -1.196967
v -0.252035 1.294375 1.196967
v -0.252035 1.294375 1.303033
v -0.252035 1.904375 -1.303033
v -0.252035 1.904375 -1.196967
v -0.252035 1.904375 1.196967
v -0.252035 1.904375 1.303033
v -0.251583 1.272413 -1.250000
v -0.251583 1.272413 1.250000
v -0.251583 1.882413 -1.250000
v -0.251583 1.882413 1.250000
v -0.250799 0.474284 -1.113137
v -0.250799 0.474284 -0.886863
v -0.250799 0.474284 0.886863
v -0.250799 0.474284 1.113137
v -0.249835 0.427431 -1.000000
v -0.249835 0.427431 1.000000
v -0.154145 0.799424 -1.200000
v -0.154145 0.799424 -1.200000
v -0.154145 0.799424 -1.200000
v -0.154145 0.799424 1.200000
v -0.154145 0.799424 1.200000
v -0.154145 0.799424 1.200000
v -0.153637 0.774430 -1.225000
v -0.153637 0.774430 1.225000
v -0.151403 0.664452 -1.225000
v -0.151403 0.664452 1.225000
v -0.150895 0.639457 -1.200000
v -0.150895 0.639457 -1.200000
v -0.150895 0.639457 -1.200000
v -0.150895 0.639457 1.200000
v -0.150895 0.639457 1.200000
v -0.150895 0.639457 1.200000
v -0.128642 0.774937 -1.200000
v -0.128642 0.774937 -1.200000
v -0.128642 0.774937 1.200000
v -0.128642 0.774937 1.200000
v -0.126408 0.664960 -1.200000
v -0.126408 0.664960 -1.200000
v -0.126408 0.664960 1.200000
v -0.126408 0.664960 1.200000
v -0.122500 0.665000 -1.200000
v -0.122500 0.665000 -1.200000
v -0.122500 0.665000 1.200000
v -0.122500 0.665000 1.200000
v -0.122500 0.775000 -1.200000
v -0.122500 0.775000 -1.200000
v -0.122500 0.775000 1.200000
v -0.122500 0.775000 1.200000
v -0.100000 0.775000 -1.250000
v -0.100000 0.775000 1.250000
v -0.100000 1.945000 -1.250000
v -0.100000 1.945000 1.250000
v -0.097500 0.640000 -1.200000
v -0.097500 0.640000 -1.200000
v -0.097500 0.640000 1.200000
v -0.097500 0.640000 1.200000
v -0.097500 0.640000 1.200000
v -0.097500 0.665000 -1.225000
v -0.097500 0.665000 1.225000
v -0.097500 0.775000 -1.225000
v -0.097500 0.775000 1.225000
v -0.097500 0.800000 -1.200000
v -0.097500 0.800000 -1.200000
v -0.097500 0.800000 1.200000
v -0.097500 0.800000 1.200000
v -0.097500 0.800000 1.200000
v -0.095106 0.775000 -1.280902
v -0.095106 0.775000 -1.219098
v -0.095106 0.775000 1.219098
v -0.095106 0.775000 1.280902
v -0.095106 1.945000 -1.280902
v -0.095106 1.945000 -1.219098
v -0.095106 1.945000 1.219098
v -0.095106 1.945000 1.280902
v -0.092000 0.760000 -1.250000
v -0.092000 0.760000 -1.250000
v -0.092000 0.760000 1.250000
v -0.092000 0.760000 1.250000
v -0.092000 1.960000 -1.250000
v -0.092000 1.960000 -1.250000
v -0.092000 1.960000 1.250000
v -0.092000 1.960000 1.250000
v -0.087497 0.760000 -1.278430
v -0.087497 0.760000 -1.278430
v -0.087497 0.760000 -1.221570
v -0.087497 0.760000 -1.221570
v -0.087497 0.760000 1.221570
v -0.087497 0.760000 1.221570
v -0.087497 0.760000 1.278430
v -0.087497 0.760000 1.278430
v -0.087497 1.960000 -1.278430
v -0.087497 1.960000 -1.278430
v -0.087497 1.960000 -1.221570
v -0.087497 1.960000 -1.221570
v -0.087497 1.960000 1.221570
v -0.087497 1.960000 1.221570
v -0.087497 1.960000 1.278430
v -0.087497 1.960000 1.278430
v -0.080902 0.775000 -1.308779
v -0.080902 0.775000 -1.191221
v -0.080902 0.775000 1.191221
v -0.080902 0.775000 1.308779
v -0.080902 1.945000 -1.308779
v -0.080902 1.945000 -1.191221
v -0.080902 1.945000 1.191221
v -0.080902 1.945000 1.308779
v -0.074430 0.760000 -1.304076
v -0.074430 0.760000 -1.304076
v -0.074430 0.760000 -1.195924
v -0.074430 0.760000 -1.195924
v -0.074430 0.760000 1.195924
v -0.074430 0.760000 1.195924
v -0.074430 0.760000 1.304076
v -0.074430 0.760000 1.304076
v -0.074430 1.960000 -1.304076
v -0.074430 1.960000 -1.304076
v -0.074430 1.960000 -1.195924
v -0.074430 1.960000 -1.195924
v -0.074430 1.960000 1.195924
v -0.074430 1.960000 1.195924
v -0.074430 1.960000 1.304076
v -0.074430 1.960000 1.304076
v -0.058779 0.775000 -1.330902
v -0.058779 0.775000 -1.169098
v -0.058779 0.775000 1.169098
v -0.058779 0.775000 1.330902
v -0.058779 1.945000 -1.330902
v -0.058779 1.945000 -1.169098
v -0.058779 1.945000 1.169098
v -0.058779 1.945000 1.330902
v -0.054076 0.760000 -1.324430
v -0.054076 0.760000 -1.324430
v -0.054076 0.760000 -1.175570
v -0.054076 0.760000 -1.175570
v -0.054076 0.760000 1.175570
v -0.054076 0.760000 1.175570
v -0.054076 0.760000 1.324430
v -0.054076 0.760000 1.324430
v -0.054076 1.960000 -1.324430
v -0.054076 1.960000 -1.324430
v -0.054076 1.960000 -1.175570
v -0.054076 1.960000 -1.175570
v -0.054076 1.960000 1.175570
v -0.054076 1.960000 1.175570
v -0.054076 1.960000 1.324430
v -0.054076 1.960000 1.324430
v -0.030902 0.775000 -1.345106
v -0.030902 0.775000 -1.154894
v -0.030902 0.775000 1.154894
v -0.030902 0.775000 1.345106
v -0.030902 1.945000 -1.345106
v -0.030902 1.945000 -1.154894
v -0.030902 1.945000 1.154894
v -0.030902 1.945000 1.345106
v -0.028430 0.760000 -1.337497
v -0.028430 0.760000 -1.337497
v -0.028430 0.760000 -1.162503
v -0.028430 0.760000 -1.162503
v -0.028430 0.760000 1.162503
v -0.028430 0.760000 1.162503
v -0.028430 0.760000 1.337497
v -0.028430 0.760000 1.337497
v -0.028430 1.960000 -1.337497
v -0.028430 1.960000 -1.337497
v -0.028430 1.960000 -1.162503
v -0.028430 1.960000 -1.162503
v -0.028430 1.960000 1.162503
v -0.028430 1.960000 1.162503
v -0.028430 1.960000 1.337497
v -0.028430 1.960000 1.337497
v 0.000000 0.430000 -1.000000
v 0.000000 0.430000 1.000000
v 0.000000 0.476863 -1.113137
v 0.000000 0.476863 -0.886863
v 0.000000 0.476863 0.886863
v 0.000000 0.476863 1.113137
v 0.000000 0.590000 -1.160000
v 0.000000 0.590000 -0.840000
v 0.000000 0.590000 -0.840000
v 0.000000 0.590000 0.840000
v 0.000000 0.590000 1.160000
v 0.000000 0.590000 1.160000
v 0.000000 0.703137 -1.113137
v 0.000000 0.703137 -0.886863
v 0.000000 0.703137 0.886863
v 0.000000 0.703137 1.113137
v 0.000000 0.750000 -1.000000
v 0.000000 0.750000 1.000000
v 0.000000 0.760000 -1.342000
v 0.000000 0.760000 -1.342000
v 0.000000 0.760000 -1.250000
v 0.000000 0.760000 -1.158000
v 0.000000 0.760000 -1.158000
v 0.000000 0.760000 1.158000
v 0.000000 0.760000 1.158000
v 0.000000 0.760000 1.250000
v 0.000000 0.760000 1.342000
v 0.000000 0.760000 1.342000
v 0.000000 0.775000 -1.350000
v 0.000000 0.775000 -1.150000
v 0.000000 0.775000 1.150000
v 0.000000 0.775000 1.350000
v 0.000000 1.275000 -1.250000
v 0.000000 1.275000 1.250000
v 0.000000 1.296967 -1.303033
v 0.000000 1.296967 -1.196967
v 0.000000 1.296967 1.196967
v 0.000000 1.296967 1.303033
v 0.000000 1.350000 -1.325000
v 0.000000 1.350000 -1.175000
v 0.000000 1.350000 -1.175000
v 0.000000 1.350000 1.175000
v 0.000000 1.350000 1.325000
v 0.000000 1.350000 1.325000
v 0.000000 1.403033 -1.303033
v 0.000000 1.403033 -1.196967
v 0.000000 1.403033 1.196967
v 0.000000 1.403033 1.303033
v 0.000000 1.425000 -1.250000
v 0.000000 1.425000 1.250000
v 0.000000 1.885000 -1.250000
v 0.000000 1.885000 1.250000
v 0.000000 1.906967 -1.303033
v 0.000000 1.906967 -1.196967
v 0.000000 1.906967 1.196967
v 0.000000 1.906967 1.303033
v 0.000000 1.945000 -1.350000
v 0.000000 1.945000 -1.150000
v 0.000000 1.945000 1.150000
v 0.000000 1.945000 1.350000
v 0.000000 1.960000 -1.342000
v 0.000000 1.960000 -1.342000
v 0.000000 1.960000 -1.325000
v 0.000000 1.960000 -1.250000
v 0.000000 1.960000 -1.175000
v 0.000000 1.960000 -1.175000
v 0.000000 1.960000 -1.158000
v 0.000000 1.960000 -1.158000
v 0.000000 1.960000 1.158000
v 0.000000 1.960000 1.158000
v 0.000000 1.960000 1.175000
v 0.000000 1.960000 1.250000
v 0.000000 1.960000 1.325000
v 0.000000 1.960000 1.325000
v 0.000000 1.960000 1.342000
v 0.000000 1.960000 1.342000
v 0.000000 2.013033 -1.303033
v 0.000000 2.013033 -1.196967
v 0.000000 2.013033 1.196967
v 0.000000 2.013033 1.303033
v 0.000000 2.035000 -1.250000
v 0.000000 2.035000 1.250000
v 0.028430 0.760000 -1.337497
v 0.028430 0.760000 -1.337497
v 0.028430 0.760000 -1.162503
v 0.028430 0.760000 -1.162503
v 0.028430 0.760000 1.162503
v 0.028430 0.760000 1.162503
v 0.028430 0.760000 1.337497
v 0.028430 0.760000 1.337497
v 0.028430 1.960000 -1.337497
v 0.028430 1.960000 -1.337497
v 0.028430 1.960000 -1.162503
v 0.028430 1.960000 -1.162503
v 0.028430 1.960000 1.162503
v 0.028430 1.960000 1.162503
v 0.028430 1.960000 1.337497
v 0.028430 1.960000 1.337497
v 0.030902 0.775000 -1.345106
v 0.030902 0.775000 -1.154894
v 0.030902 0.775000 1.154894
v 0.030902 0.775000 1.345106
v 0.030902 1.945000 -1.345106
v 0.030902 1.945000 -1.154894
v 0.030902 1.945000 1.154894
v 0.030902 1.945000 1.345106
v 0.054076 0.760000 -1.324430
v 0.054076 0.760000 -1.324430
v 0.054076 0.760000 -1.175570
v 0.054076 0.760000 -1.175570
v 0.054076 0.760000 1.175570
v 0.054076 0.760000 1.175570
v 0.054076 0.760000 1.324430
v 0.054076 0.760000 1.324430
v 0.054076 1.960000 -1.324430
v 0.054076 1.960000 -1.324430
v 0.054076 1.960000 -1.175570
v 0.054076 1.960000 -1.175570
v 0.054076 1.960000 1.175570
v 0.054076 1.960000 1.175570
v 0.054076 1.960000 1.324430
v 0.054076 1.960000 1.324430
v 0.058779 0.775000 -1.330902
v 0.058779 0.775000 -1.169098
v 0.058779 0.775000 1.169098
v 0.058779 0.775000 1.330902
v 0.058779 1.945000 -1.330902
v 0.058779 1.945000 -1.169098
v 0.058779 1.945000 1.169098
v 0.058779 1.945000 1.330902
v 0.074430 0.760000 -1.304076
v 0.074430 0.760000 -1.304076
v 0.074430 0.760000 -1.195924
v 0.074430 0.760000 -1.195924
v 0.074430 0.760000 1.195924
v 0.074430 0.760000 1.195924
v 0.074430 0.760000 1.304076
v 0.074430 0.760000 1.304076
v 0.074430 1.960000 -1.304076
v 0.074430 1.960000 -1.304076
v 0.074430 1.960000 -1.195924
v 0.074430 1.960000 -1.195924
v 0.074430 1.960000 1.195924
v 0.074430 1.960000 1.195924
v 0.074430 1.960000 1.304076
v 0.074430 1.960000 1.304076
v 0.080902 0.775000 -1.308779
v 0.080902 0.775000 -1.191221
v 0.080902 0.775000 1.191221
v 0.080902 0.775000 1.308779
v 0.080902 1.945000 -1.308779
v 0.080902 1.945000 -1.191221
v 0.080902 1.945000 1.191221
v 0.080902 1.945000 1.308779
v 0.087497 0.760000 -1.278430
v 0.087497 0.760000 -1.278430
v 0.087497 0.760000 -1.221570
v 0.087497 0.760000 -1.221570
v 0.087497 0.760000 1.221570
v 0.087497 0.760000 1.221570
v 0.087497 0.760000 1.278430
v 0.087497 0.760000 1.278430
v 0.087497 1.960000 -1.278430
v 0.087497 1.960000 -1.278430
v 0.087497 1.960000 -1.221570
v 0.087497 1.960000 -1.221570
v 0.087497 1.960000 1.221570
v 0.087497 1.960000 1.221570
v 0.087497 1.960000 1.278430
v 0.087497 1.960000 1.278430
v 0.092000 0.760000 -1.250000
v 0.092000 0.760000 -1.250000
v 0.092000 0.760000 -1.250000
v 0.092000 0.760000 1.250000
v 0.092000 0.760000 1.250000
v 0.092000 0.760000 1.250000
v 0.092000 1.960000 -1.250000
v 0.092000 1.960000 -1.250000
v 0.092000 1.960000 -1.250000
v 0.092000 1.960000 1.250000
v 0.092000 1.960000 1.250000
v 0.092000 1.960000 1.250000
v 0.095106 0.775000 -1.280902
v 0.095106 0.775000 -1.219098
v 0.095106 0.775000 1.219098
v 0.095106 0.775000 1.280902
v 0.095106 1.945000 -1.280902
v 0.095106 1.945000 -1.219098
v 0.095106 1.945000 1.219098
v 0.095106 1.945000 1.280902
v 0.097500 0.640000 -1.200000
v 0.097500 0.640000 -1.200000
v 0.097500 0.640000 -1.200000
v 0.097500 0.640000 1.200000
v 0.097500 0.640000 1.200000
v 0.097500 0.640000 1.200000
v 0.097500 0.665000 -1.225000
v 0.097500 0.665000 1.225000
v 0.097500 0.775000 -1.225000
v 0.097500 0.775000 1.225000
v 0.097500 0.800000 -1.200000
v 0.097500 0.800000 -1.200000
v 0.097500 0.800000 -1.200000
v 0.097500 0.800000 1.200000
v 0.097500 0.800000 1.200000
v 0.097500 0.800000 1.200000
v 0.100000 0.775000 -1.250000
v 0.100000 0.775000 -1.250000
v 0.100000 0.775000 1.250000
v 0.100000 0.775000 1.250000
v 0.100000 1.945000 -1.250000
v 0.100000 1.945000 -1.250000
v 0.100000 1.945000 1.250000
v 0.100000 1.945000 1.250000
v 0.122500 0.665000 -1.200000
v 0.122500 0.665000 -1.200000
v 0.122500 0.665000 1.200000
v 0.122500 0.665000 1.200000
v 0.122500 0.775000 -1.200000
v 0.122500 0.775000 -1.200000
v 0.122500 0.775000 1.200000
v 0.122500 0.775000 1.200000
v 0.126408 0.664960 -1.200000
v 0.126408 0.664960 -1.200000
v 0.126408 0.664960 1.200000
v 0.126408 0.664960 1.200000
v 0.128642 0.774937 -1.200000
v 0.128642 0.774937 -1.200000
v 0.128642 0.774937 1.200000
v 0.128642 0.774937 1.200000
v 0.150895 0.639457 -1.200000
v 0.150895 0.639457 -1.200000
v 0.150895 0.639457 1.200000
v 0.150895 0.639457 1.200000
v 0.150895 0.639457 1.200000
v 0.151403 0.664452 -1.225000
v 0.151403 0.664452 1.225000
v 0.153637 0.774430 -1.225000
v 0.153637 0.774430 1.225000
v 0.154145 0.799424 -1.200000
v 0.154145 0.799424 -1.200000
v 0.154145 0.799424 1.200000
v 0.154145 0.799424 1.200000
v 0.154145 0.799424 1.200000
v 0.249835 0.427431 -1.000000
v 0.249835 0.427431 1.000000
v 0.250799 0.474284 -1.113137
v 0.250799 0.474284 -0.886863
v 0.250799 0.474284 0.886863
v 0.250799 0.474284 1.113137
v 0.251583 1.272413 -1.250000
v 0.251583 1.272413 1.250000
v 0.251583 1.882413 -1.250000
v 0.251583 1.882413 1.250000
v 0.252035 1.294375 -1.303033
v 0.252035 1.294375 -1.196967
v 0.252035 1.294375 1.196967
v 0.252035 1.294375 1.303033
v 0.252035 1.904375 -1.303033
v 0.252035 1.904375 -1.196967
v 0.252035 1.904375 1.196967
v 0.252035 1.904375 1.303033
v 0.253125 0.587397 -1.160000
v 0.253125 0.587397 -0.840000
v 0.253125 0.587397 -0.840000
v 0.253125 0.587397 0.840000
v 0.253125 0.587397 1.160000
v 0.253125 0.587397 1.160000
v 0.253125 1.347397 -1.325000
v 0.253125 1.347397 -1.175000
v 0.253125 1.347397 -1.175000
v 0.253125 1.347397 1.175000
v 0.253125 1.347397 1.325000
v 0.253125 1.347397 1.325000
v 0.253125 1.957397 -1.325000
v 0.253125 1.957397 -1.175000
v 0.253125 1.957397 -1.175000
v 0.253125 1.957397 1.175000
v 0.253125 1.957397 1.325000
v 0.253125 1.957397 1.325000
v 0.254215 1.400419 -1.303033
v 0.254215 1.400419 -1.196967
v 0.254215 1.400419 1.196967
v 0.254215 1.400419 1.303033
v 0.254215 2.010419 -1.303033
v 0.254215 2.010419 -1.196967
v 0.254215 2.010419 1.196967
v 0.254215 2.010419 1.303033
v 0.254667 1.422381 -1.250000
v 0.254667 1.422381 1.250000
v 0.254667 2.032381 -1.250000
v 0.254667 2.032381 1.250000
v 0.255451 0.700510 -1.113137
v 0.255451 0.700510 -0.886863
v 0.255451 0.700510 0.886863
v 0.255451 0.700510 1.113137
v 0.256415 0.747363 -1.000000
v 0.256415 0.747363 1.000000
v 0.345855 0.635497 -1.200000
v 0.345855 0.635497 -1.200000
v 0.345855 0.635497 -1.200000
v 0.345855 0.635497 1.200000
v 0.345855 0.635497 1.200000
v 0.345855 0.635497 1.200000
v 0.346363 0.660492 -1.225000
v 0.346363 0.660492 1.225000
v 0.348597 0.770470 -1.225000
v 0.348597 0.770470 1.225000
v 0.349105 0.795464 -1.200000
v 0.349105 0.795464 -1.200000
v 0.349105 0.795464 -1.200000
v 0.349105 0.795464 1.200000
v 0.349105 0.795464 1.200000
v 0.349105 0.795464 1.200000
v 0.371358 0.659985 -1.200000
v 0.371358 0.659985 -1.200000
v 0.371358 0.659985 1.200000
v 0.371358 0.659985 1.200000
v 0.373592 0.769962 -1.200000
v 0.373592 0.769962 -1.200000
v 0.373592 0.769962 1.200000
v 0.373592 0.769962 1.200000
v 0.375368 0.659862 -1.200000
v 0.375368 0.659862 -1.200000
v 0.375368 0.659862 1.200000
v 0.375368 0.659862 1.200000
v 0.379833 0.769771 -1.200000
v 0.379833 0.769771 -1.200000
v 0.379833 0.769771 1.200000
v 0.379833 0.769771 1.200000
v 0.399333 0.633867 -1.200000
v 0.399333 0.633867 -1.200000
v 0.399333 0.633867 1.200000
v 0.399333 0.633867 1.200000
v 0.399333 0.633867 1.200000
v 0.400348 0.658847 -1.225000
v 0.400348 0.658847 1.225000
v 0.404813 0.768756 -1.225000
v 0.404813 0.768756 1.225000
v 0.405828 0.793735 -1.200000
v 0.405828 0.793735 -1.200000
v 0.405828 0.793735 1.200000
v 0.405828 0.793735 1.200000
v 0.405828 0.793735 1.200000
v 0.499674 0.419723 -1.000000
v 0.499674 0.419723 1.000000
v 0.501600 0.466547 -1.113137
v 0.501600 0.466547 -0.886863
v 0.501600 0.466547 0.886863
v 0.501600 0.466547 1.113137
v 0.503168 1.264652 -1.250000
v 0.503168 1.264652 1.250000
v 0.503168 1.874652 -1.250000
v 0.503168 1.874652 1.250000
v 0.504070 1.286600 -1.303033
v 0.504070 1.286600 -1.196967
v 0.504070 1.286600 1.196967
v 0.504070 1.286600 1.303033
v 0.504070 1.896600 -1.303033
v 0.504070 1.896600 -1.196967
v 0.504070 1.896600 1.196967
v 0.504070 1.896600 1.303033
v 0.506250 0.579588 -1.160000
v 0.506250 0.579588 -0.840000
v 0.506250 0.579588 -0.840000
v 0.506250 0.579588 0.840000
v 0.506250 0.579588 1.160000
v 0.506250 0.579588 1.160000
v 0.506250 1.339588 -1.325000
v 0.506250 1.339588 -1.175000
v 0.506250 1.339588 -1.175000
v 0.506250 1.339588 1.175000
v 0.506250 1.339588 1.325000
v 0.506250 1.339588 1.325000
v 0.506250 1.949588 -1.325000
v 0.506250 1.949588 -1.175000
v 0.506250 1.949588 -1.175000
v 0.506250 1.949588 1.175000
v 0.506250 1.949588 1.325000
v 0.506250 1.949588 1.325000
v 0.508430 1.392576 -1.303033
v 0.508430 1.392576 -1.196967
v 0.508430 1.392576 1.196967
v 0.508430 1.392576 1.303033
v 0.508430 2.002576 -1.303033
v 0.508430 2.002576 -1.196967
v 0.508430 2.002576 1.196967
v 0.508430 2.002576 1.303033
v 0.509332 1.414525 -1.250000
v 0.509332 1.414525 1.250000
v 0.509332 2.024525 -1.250000
v 0.509332 2.024525 1.250000
v 0.510900 0.692630 -1.113137
v 0.510900 0.692630 -0.886863
v 0.510900 0.692630 0.886863
v 0.510900 0.692630 1.113137
v 0.512826 0.739453 -1.000000
v 0.512826 0.739453 1.000000
v 0.594172 0.625952 -1.200000
v 0.594172 0.625952 -1.200000
v 0.594172 0.625952 -1.200000
v 0.594172 0.625952 1.200000
v 0.594172 0.625952 1.200000
v 0.594172 0.625952 1.200000
v 0.595187 0.650931 -1.225000
v 0.595187 0.650931 1.225000
v 0.599652 0.760841 -1.225000
v 0.599652 0.760841 1.225000
v 0.600667 0.785820 -1.200000
v 0.600667 0.785820 -1.200000
v 0.600667 0.785820 -1.200000
v 0.600667 0.785820 1.200000
v 0.600667 0.785820 1.200000
v 0.600667 0.785820 1.200000
v 0.620167 0.649917 -1.200000
v 0.620167 0.649917 -1.200000
v 0.620167 0.649917 1.200000
v 0.620167 0.649917 1.200000
v 0.624381 0.649701 -1.200000
v 0.624381 0.649701 -1.200000
v 0.624381 0.649701 1.200000
v 0.624381 0.649701 1.200000
v 0.624632 0.759826 -1.200000
v 0.624632 0.759826 -1.200000
v 0.624632 0.759826 1.200000
v 0.624632 0.759826 1.200000
v 0.631072 0.759498 -1.200000
v 0.631072 0.759498 -1.200000
v 0.631072 0.759498 1.200000
v 0.631072 0.759498 1.200000
v 0.647815 0.623227 -1.200000
v 0.647815 0.623227 -1.200000
v 0.647815 0.623227 1.200000
v 0.647815 0.623227 1.200000
v 0.647815 0.623227 1.200000
v 0.649335 0.648181 -1.225000
v 0.649335 0.648181 1.225000
v 0.656026 0.757977 -1.225000
v 0.656026 0.757977 1.225000
v 0.657546 0.782931 -1.200000
v 0.657546 0.782931 -1.200000
v 0.657546 0.782931 1.200000
v 0.657546 0.782931 1.200000
v 0.657546 0.782931 1.200000
v 0.749522 0.406877 -1.000000
v 0.749522 0.406877 1.000000
v 0.752408 0.453651 -1.113137
v 0.752408 0.453651 -0.886863
v 0.752408 0.453651 0.886863
v 0.752408 0.453651 1.113137
v 0.754756 1.251716 -1.250000
v 0.754756 1.251716 1.250000
v 0.754756 1.861716 -1.250000
v 0.754756 1.861716 1.250000
v 0.756109 1.273641 -1.303033
v 0.756109 1.273641 -1.196967
v 0.756109 1.273641 1.196967
v 0.756109 1.273641 1.303033
v 0.756109 1.883641 -1.303033
v 0.756109 1.883641 -1.196967
v 0.756109 1.883641 1.196967
v 0.756109 1.883641 1.303033
v 0.759375 0.566574 -1.160000
v 0.759375 0.566574 -0.840000
v 0.759375 0.566574 -0.840000
v 0.759375 0.566574 0.840000
v 0.759375 0.566574 1.160000
v 0.759375 0.566574 1.160000
v 0.759375 1.326574 -1.325000
v 0.759375 1.326574 -1.175000
v 0.759375 1.326574 -1.175000
v 0.759375 1.326574 1.175000
v 0.759375 1.326574 1.325000
v 0.759375 1.326574 1.325000
v 0.759375 1.936574 -1.325000
v 0.759375 1.936574 -1.175000
v 0.759375 1.936574 -1.175000
v 0.759375 1.936574 1.175000
v 0.759375 1.936574 1.325000
v 0.759375 1.936574 1.325000
v 0.762641 1.379506 -1.303033
v 0.762641 1.379506 -1.196967
v 0.762641 1.379506 1.196967
v 0.762641 1.379506 1.303033
v 0.762641 1.989506 -1.303033
v 0.762641 1.989506 -1.196967
v 0.762641 1.989506 1.196967
v 0.762641 1.989506 1.303033
v 0.763994 1.401431 -1.250000
v 0.763994 1.401431 1.250000
v 0.763994 2.011431 -1.250000
v 0.763994 2.011431 1.250000
v 0.766342 0.679496 -1.113137
v 0.766342 0.679496 -0.886863
v 0.766342 0.679496 0.886863
v 0.766342 0.679496 1.113137
v 0.769228 0.726270 -1.000000
v 0.769228 0.726270 1.000000
v 0.842454 0.611366 -1.200000
v 0.842454 0.611366 -1.200000
v 0.842454 0.611366 -1.200000
v 0.842454 0.611366 1.200000
v 0.842454 0.611366 1.200000
v 0.842454 0.611366 1.200000
v 0.843974 0.636320 -1.225000
v 0.843974 0.636320 1.225000
v 0.850665 0.746116 -1.225000
v 0.850665 0.746116 1.225000
v 0.852185 0.771070 -1.200000
v 0.852185 0.771070 -1.200000
v 0.852185 0.771070 -1.200000
v 0.852185 0.771070 1.200000
v 0.852185 0.771070 1.200000
v 0.852185 0.771070 1.200000
v 0.868928 0.634799 -1.200000
v 0.868928 0.634799 -1.200000
v 0.868928 0.634799 1.200000
v 0.868928 0.634799 1.200000
v 0.873448 0.634476 -1.200000
v 0.873448 0.634476 -1.200000
v 0.873448 0.634476 1.200000
v 0.873448 0.634476 1.200000
v 0.875619 0.744596 -1.200000
v 0.875619 0.744596 -1.200000
v 0.875619 0.744596 1.200000
v 0.875619 0.744596 1.200000
v 0.882356 0.744115 -1.200000
v 0.882356 0.744115 -1.200000
v 0.882356 0.744115 1.200000
v 0.882356 0.744115 1.200000
v 0.896342 0.607534 -1.200000
v 0.896342 0.607534 -1.200000
v 0.896342 0.607534 1.200000
v 0.896342 0.607534 1.200000
v 0.896342 0.607534 1.200000
v 0.898366 0.632452 -1.225000
v 0.898366 0.632452 1.225000
v 0.907274 0.742090 -1.225000
v 0.907274 0.742090 1.225000
v 0.909299 0.767008 -1.200000
v 0.909299 0.767008 -1.200000
v 0.909299 0.767008 1.200000
v 0.909299 0.767008 1.200000
v 0.909299 0.767008 1.200000
v 0.999382 0.388892 -1.000000
v 0.999382 0.388892 1.000000
v 1.003224 0.435597 -1.113137
v 1.003224 0.435597 -0.886863
v 1.003224 0.435597 0.886863
v 1.003224 0.435597 1.113137
v 1.006351 1.233606 -1.250000
v 1.006351 1.233606 1.250000
v 1.006351 1.843606 -1.250000
v 1.006351 1.843606 1.250000
v 1.008152 1.255499 -1.303033
v 1.008152 1.255499 -1.196967
v 1.008152 1.255499 1.196967
v 1.008152 1.255499 1.303033
v 1.008152 1.865499 -1.303033
v 1.008152 1.865499 -1.196967
v 1.008152 1.865499 1.196967
v 1.008152 1.865499 1.303033
v 1.012500 0.548353 -1.160000
v 1.012500 0.548353 -0.840000
v 1.012500 0.548353 -0.840000
v 1.012500 0.548353 0.840000
v 1.012500 0.548353 1.160000
v 1.012500 0.548353 1.160000
v 1.012500 1.308353 -1.325000
v 1.012500 1.308353 -1.175000
v 1.012500 1.308353 -1.175000
v 1.012500 1.308353 1.175000
v 1.012500 1.308353 1.325000
v 1.012500 1.308353 1.325000
v 1.012500 1.918353 -1.325000
v 1.012500 1.918353 -1.175000
v 1.012500 1.918353 -1.175000
v 1.012500 1.918353 1.175000
v 1.012500 1.918353 1.325000
v 1.012500 1.918353 1.325000
v 1.016848 1.361207 -1.303033
v 1.016848 1.361207 -1.196967
v 1.016848 1.361207 1.196967
v 1.016848 1.361207 1.303033
v 1.016848 1.971207 -1.303033
v 1.016848 1.971207 -1.196967
v 1.016848 1.971207 1.196967
v 1.016848 1.971207 1.303033
v 1.018649 1.383101 -1.250000
v 1.018649 1.383101 1.250000
v 1.018649 1.993101 -1.250000
v 1.018649 1.993101 1.250000
v 1.021776 0.661109 -1.113137
v 1.021776 0.661109 -0.886863
v 1.021776 0.661109 0.886863
v 1.021776 0.661109 1.113137
v 1.025618 0.707814 -1.000000
v 1.025618 0.707814 1.000000
v 1.090701 0.591742 -1.200000
v 1.090701 0.591742 -1.200000
v 1.090701 0.591742 -1.200000
v 1.090701 0.591742 1.200000
v 1.090701 0.591742 1.200000
v 1.090701 0.591742 1.200000
v 1.092726 0.616660 -1.225000
v 1.092726 0.616660 1.225000
v 1.101634 0.726298 -1.225000
v 1.101634 0.726298 1.225000
v 1.103658 0.751216 -1.200000
v 1.103658 0.751216 -1.200000
v 1.103658 0.751216 -1.200000
v 1.103658 0.751216 1.200000
v 1.103658 0.751216 1.200000
v 1.103658 0.751216 1.200000
v 1.117644 0.614635 -1.200000
v 1.117644 0.614635 -1.200000
v 1.117644 0.614635 1.200000
v 1.117644 0.614635 1.200000
v 1.122570 0.614183 -1.200000
v 1.122570 0.614183 -1.200000
v 1.122570 0.614183 1.200000
v 1.122570 0.614183 1.200000
v 1.126552 0.724274 -1.200000
v 1.126552 0.724274 -1.200000
v 1.126552 0.724274 1.200000
v 1.126552 0.724274 1.200000
v 1.133684 0.723620 -1.200000
v 1.133684 0.723620 -1.200000
v 1.133684 0.723620 1.200000
v 1.133684 0.723620 1.200000
v 1.144916 0.586785 -1.200000
v 1.144916 0.586785 -1.200000
v 1.144916 0.586785 1.200000
v 1.144916 0.586785 1.200000
v 1.144916 0.586785 1.200000
v 1.147442 0.611657 -1.225000
v 1.147442 0.611657 1.225000
v 1.158556 0.721094 -1.225000
v 1.158556 0.721094 1.225000
v 1.161082 0.745966 -1.200000
v 1.161082 0.745966 -1.200000
v 1.161082 0.745966 1.200000
v 1.161082 0.745966 1.200000
v 1.161082 0.745966 1.200000
v 1.200000 0.706344 -1.250000
v 1.200000 0.706344 1.250000
v 1.200000 1.876344 -1.250000
v 1.200000 1.876344 1.250000
v 1.204894 0.706344 -1.280902
v 1.204894 0.706344 -1.219098
v 1.204894 0.706344 1.219098
v 1.204894 0.706344 1.280902
v 1.204894 1.876344 -1.280902
v 1.204894 1.876344 -1.219098
v 1.204894 1.876344 1.219098
v 1.204894 1.876344 1.280902
v 1.208000 0.691344 -1.250000
v 1.208000 0.691344 -1.250000
v 1.208000 0.691344 1.250000
v 1.208000 0.691344 1.250000
v 1.208000 1.891344 -1.250000
v 1.208000 1.891344 -1.250000
v 1.208000 1.891344 1.250000
v 1.208000 1.891344 1.250000
v 1.212503 0.691344 -1.278430
v 1.212503 0.691344 -1.278430
v 1.212503 0.691344 -1.221570
v 1.212503 0.691344 -1.221570
v 1.212503 0.691344 1.221570
v 1.212503 0.691344 1.221570
v 1.212503 0.691344 1.278430
v 1.212503 0.691344 1.278430
v 1.212503 1.891344 -1.278430
v 1.212503 1.891344 -1.278430
v 1.212503 1.891344 -1.221570
v 1.212503 1.891344 -1.221570
v 1.212503 1.891344 1.221570
v 1.212503 1.891344 1.221570
v 1.212503 1.891344 1.278430
v 1.212503 1.891344 1.278430
v 1.219098 0.706344 -1.308779
v 1.219098 0.706344 -1.191221
v 1.219098 0.706344 1.191221
v 1.219098 0.706344 1.308779
v 1.219098 1.876344 -1.308779
v 1.219098 1.876344 -1.191221
v 1.219098 1.876344 1.191221
v 1.219098 1.876344 1.308779
v 1.225570 0.691344 -1.304076
v 1.225570 0.691344 -1.304076
v 1.225570 0.691344 -1.195924
v 1.225570 0.691344 -1.195924
v 1.225570 0.691344 1.195924
v 1.225570 0.691344 1.195924
v 1.225570 0.691344 1.304076
v 1.225570 0.691344 1.304076
v 1.225570 1.891344 -1.304076
v 1.225570 1.891344 -1.304076
v 1.225570 1.891344 -1.195924
v 1.225570 1.891344 -1.195924
v 1.225570 1.891344 1.195924
v 1.225570 1.891344 1.195924
v 1.225570 1.891344 1.304076
v 1.225570 1.891344 1.304076
v 1.241221 0.706344 -1.330902
v 1.241221 0.706344 -1.169098
v 1.241221 0.706344 1.169098
v 1.241221 0.706344 1.330902
v 1.241221 1.876344 -1.330902
v 1.241221 1.876344 -1.169098
v 1.241221 1.876344 1.169098
v 1.241221 1.876344 1.330902
v 1.245924 0.691344 -1.324430
v 1.245924 0.691344 -1.324430
v 1.245924 0.691344 -1.175570
v 1.245924 0.691344 -1.175570
v 1.245924 0.691344 1.175570
v 1.245924 0.691344 1.175570
v 1.245924 0.691344 1.324430
v 1.245924 0.691344 1.324430
v 1.245924 1.891344 -1.324430
v 1.245924 1.891344 -1.324430
v 1.245924 1.891344 -1.175570
v 1.245924 1.891344 -1.175570
v 1.245924 1.891344 1.175570
v 1.245924 1.891344 1.175570
v 1.245924 1.891344 1.324430
v 1.245924 1.891344 1.324430
v 1.249258 0.365766 -1.000000
v 1.249258 0.365766 1.000000
v 1.254052 0.412383 -1.113137
v 1.254052 0.412383 -0.886863
v 1.254052 0.412383 0.886863
v 1.254052 0.412383 1.113137
v 1.257953 1.210320 -1.250000
v 1.257953 1.210320 1.250000
v 1.257953 1.820320 -1.250000
v 1.257953 1.820320 1.250000
v 1.260200 1.232172 -1.303033
v 1.260200 1.232172 -1.196967
v 1.260200 1.232172 1.196967
v 1.260200 1.232172 1.303033
v 1.260200 1.842172 -1.303033
v 1.260200 1.842172 -1.196967
v 1.260200 1.842172 1.196967
v 1.260200 1.842172 1.303033
v 1.265625 0.524927 -1.160000
v 1.265625 0.524927 -0.840000
v 1.265625 0.524927 -0.840000
v 1.265625 0.524927 0.840000
v 1.265625 0.524927 1.160000
v 1.265625 0.524927 1.160000
v 1.265625 1.284927 -1.325000
v 1.265625 1.284927 -1.175000
v 1.265625 1.284927 -1.175000
v 1.265625 1.284927 1.175000
v 1.265625 1.284927 1.325000
v 1.265625 1.284927 1.325000
v 1.265625 1.894927 -1.325000
v 1.265625 1.894927 -1.175000
v 1.265625 1.894927 -1.175000
v 1.265625 1.894927 1.175000
v 1.265625 1.894927 1.325000
v 1.265625 1.894927 1.325000
v 1.269098 0.706344 -1.345106
v 1.269098 0.706344 -1.154894
v 1.269098 0.706344 1.154894
v 1.269098 0.706344 1.345106
v 1.269098 1.876344 -1.345106
v 1.269098 1.876344 -1.154894
v 1.269098 1.876344 1.154894
v 1.269098 1.876344 1.345106
v 1.271050 1.337681 -1.303033
v 1.271050 1.337681 -1.196967
v 1.271050 1.337681 1.196967
v 1.271050 1.337681 1.303033
v 1.271050 1.947681 -1.303033
v 1.271050 1.947681 -1.196967
v 1.271050 1.947681 1.196967
v 1.271050 1.947681 1.303033
v 1.271570 0.691344 -1.337497
v 1.271570 0.691344 -1.337497
v 1.271570 0.691344 -1.162503
v 1.271570 0.691344 -1.162503
v 1.271570 0.691344 1.162503
v 1.271570 0.691344 1.162503
v 1.271570 0.691344 1.337497
v 1.271570 0.691344 1.337497
v 1.271570 1.891344 -1.337497
v 1.271570 1.891344 -1.337497
v 1.271570 1.891344 -1.162503
v 1.271570 1.891344 -1.162503
v 1.271570 1.891344 1.162503
v 1.271570 1.891344 1.162503
v 1.271570 1.891344 1.337497
v 1.271570 1.891344 1.337497
v 1.273297 1.359533 -1.250000
v 1.273297 1.359533 1.250000
v 1.273297 1.969533 -1.250000
v 1.273297 1.969533 1.250000
v 1.277198 0.637470 -1.113137
v 1.277198 0.637470 -0.886863
v 1.277198 0.637470 0.886863
v 1.277198 0.637470 1.113137
v 1.281992 0.684087 -1.000000
v 1.281992 0.684087 1.000000
v 1.300000 0.691344 -1.342000
v 1.300000 0.691344 -1.342000
v 1.300000 0.691344 -1.250000
v 1.300000 0.691344 -1.158000
v 1.300000 0.691344 -1.158000
v 1.300000 0.691344 1.158000
v 1.300000 0.691344 1.158000
v 1.300000 0.691344 1.250000
v 1.300000 0.691344 1.342000
v 1.300000 0.691344 1.342000
v 1.300000 0.706344 -1.350000
v 1.300000 0.706344 -1.150000
v 1.300000 0.706344 1.150000
v 1.300000 0.706344 1.350000
v 1.300000 1.876344 -1.350000
v 1.300000 1.876344 -1.150000
v 1.300000 1.876344 1.150000
v 1.300000 1.876344 1.350000
v 1.300000 1.891344 -1.342000
v 1.300000 1.891344 -1.342000
v 1.300000 1.891344 -1.250000
v 1.300000 1.891344 -1.158000
v 1.300000 1.891344 -1.158000
v 1.300000 1.891344 1.158000
v 1.300000 1.891344 1.158000
v 1.300000 1.891344 1.250000
v 1.300000 1.891344 1.342000
v 1.300000 1.891344 1.342000
v 1.328430 0.691344 -1.337497
v 1.328430 0.691344 -1.337497
v 1.328430 0.691344 -1.162503
v 1.328430 0.691344 -1.162503
v 1.328430 0.691344 1.162503
v 1.328430 0.691344 1.162503
v 1.328430 0.691344 1.337497
v 1.328430 0.691344 1.337497
v 1.328430 1.891344 -1.337497
v 1.328430 1.891344 -1.337497
v 1.328430 1.891344 -1.162503
v 1.328430 1.891344 -1.162503
v 1.328430 1.891344 1.162503
v 1.328430 1.891344 1.162503
v 1.328430 1.891344 1.337497
v 1.328430 1.891344 1.337497
v 1.330902 0.706344 -1.345106
v 1.330902 0.706344 -1.154894
v 1.330902 0.706344 1.154894
v 1.330902 0.706344 1.345106
v 1.330902 1.876344 -1.345106
v 1.330902 1.876344 -1.154894
v 1.330902 1.876344 1.154894
v 1.330902 1.876344 1.345106
v 1.338918 0.567081 -1.200000
v 1.338918 0.567081 -1.200000
v 1.338918 0.567081 -1.200000
v 1.338918 0.567081 1.200000
v 1.338918 0.567081 1.200000
v 1.338918 0.567081 1.200000
v 1.341444 0.591953 -1.225000
v 1.341444 0.591953 1.225000
v 1.352558 0.701390 -1.225000
v 1.352558 0.701390 1.225000
v 1.354076 0.691344 -1.324430
v 1.354076 0.691344 -1.324430
v 1.354076 0.691344 -1.175570
v 1.354076 0.691344 -1.175570
v 1.354076 0.691344 1.175570
v 1.354076 0.691344 1.175570
v 1.354076 0.691344 1.324430
v 1.354076 0.691344 1.324430
v 1.354076 1.891344 -1.324430
v 1.354076 1.891344 -1.324430
v 1.354076 1.891344 -1.175570
v 1.354076 1.891344 -1.175570
v 1.354076 1.891344 1.175570
v 1.354076 1.891344 1.175570
v 1.354076 1.891344 1.324430
v 1.354076 1.891344 1.324430
v 1.355084 0.726262 -1.200000
v 1.355084 0.726262 -1.200000
v 1.355084 0.726262 -1.200000
v 1.355084 0.726262 1.200000
v 1.355084 0.726262 1.200000
v 1.355084 0.726262 1.200000
v 1.358779 0.706344 -1.330902
v 1.358779 0.706344 -1.169098
v 1.358779 0.706344 1.169098
v 1.358779 0.706344 1.330902
v 1.358779 1.876344 -1.330902
v 1.358779 1.876344 -1.169098
v 1.358779 1.876344 1.169098
v 1.358779 1.876344 1.330902
v 1.366316 0.589427 -1.200000
v 1.366316 0.589427 -1.200000
v 1.366316 0.589427 1.200000
v 1.366316 0.589427 1.200000
v 1.371746 0.588818 -1.200000
v 1.371746 0.588818 -1.200000
v 1.371746 0.588818 1.200000
v 1.371746 0.588818 1.200000
v 1.374430 0.691344 -1.304076
v 1.374430 0.691344 -1.304076
v 1.374430 0.691344 -1.195924
v 1.374430 0.691344 -1.195924
v 1.374430 0.691344 1.195924
v 1.374430 0.691344 1.195924
v 1.374430 0.691344 1.304076
v 1.374430 0.691344 1.304076
v 1.374430 1.891344 -1.304076
v 1.374430 1.891344 -1.304076
v 1.374430 1.891344 -1.195924
v 1.374430 1.891344 -1.195924
v 1.374430 1.891344 1.195924
v 1.374430 1.891344 1.195924
v 1.374430 1.891344 1.304076
v 1.374430 1.891344 1.304076
v 1.377430 0.698864 -1.200000
v 1.377430 0.698864 -1.200000
v 1.377430 0.698864 1.200000
v 1.377430 0.698864 1.200000
v 1.380902 0.706344 -1.308779
v 1.380902 0.706344 -1.191221
v 1.380902 0.706344 1.191221
v 1.380902 0.706344 1.308779
v 1.380902 1.876344 -1.308779
v 1.380902 1.876344 -1.191221
v 1.380902 1.876344 1.191221
v 1.380902 1.876344 1.308779
v 1.385054 0.698010 -1.200000
v 1.385054 0.698010 -1.200000
v 1.385054 0.698010 1.200000
v 1.385054 0.698010 1.200000
v 1.387497 0.691344 -1.278430
v 1.387497 0.691344 -1.278430
v 1.387497 0.691344 -1.221570
v 1.387497 0.691344 -1.221570
v 1.387497 0.691344 1.221570
v 1.387497 0.691344 1.221570
v 1.387497 0.691344 1.278430
v 1.387497 0.691344 1.278430
v 1.387497 1.891344 -1.278430
v 1.387497 1.891344 -1.278430
v 1.387497 1.891344 -1.221570
v 1.387497 1.891344 -1.221570
v 1.387497 1.891344 1.221570
v 1.387497 1.891344 1.221570
v 1.387497 1.891344 1.278430
v 1.387497 1.891344 1.278430
v 1.392000 0.691344 -1.250000
v 1.392000 0.691344 -1.250000
v 1.392000 0.691344 -1.250000
v 1.392000 0.691344 1.250000
v 1.392000 0.691344 1.250000
v 1.392000 0.691344 1.250000
v 1.392000 1.891344 -1.250000
v 1.392000 1.891344 -1.250000
v 1.392000 1.891344 -1.250000
v 1.392000 1.891344 1.250000
v 1.392000 1.891344 1.250000
v 1.392000 1.891344 1.250000
v 1.393538 0.560977 -1.200000
v 1.393538 0.560977 -1.200000
v 1.393538 0.560977 1.200000
v 1.393538 0.560977 1.200000
v 1.393538 0.560977 1.200000
v 1.395106 0.706344 -1.280902
v 1.395106 0.706344 -1.219098
v 1.395106 0.706344 1.219098
v 1.395106 0.706344 1.280902
v 1.395106 1.876344 -1.280902
v 1.395106 1.876344 -1.219098
v 1.395106 1.876344 1.219098
v 1.395106 1.876344 1.280902
v 1.396562 0.585793 -1.225000
v 1.396562 0.585793 1.225000
v 1.400000 0.706344 -1.250000
v 1.400000 0.706344 -1.250000
v 1.400000 0.706344 1.250000
v 1.400000 0.706344 1.250000
v 1.400000 1.876344 -1.250000
v 1.400000 1.876344 -1.250000
v 1.400000 1.876344 1.250000
v 1.400000 1.876344 1.250000
v 1.409870 0.694985 -1.225000
v 1.409870 0.694985 1.225000
v 1.412895 0.719802 -1.200000
v 1.412895 0.719802 -1.200000
v 1.412895 0.719802 1.200000
v 1.412895 0.719802 1.200000
v 1.412895 0.719802 1.200000
v 1.499155 0.337499 -1.000000
v 1.499155 0.337499 1.000000
v 1.504894 0.384009 -1.113137
v 1.504894 0.384009 -0.886863
v 1.504894 0.384009 0.886863
v 1.504894 0.384009 1.113137
v 1.509565 1.181859 -1.250000
v 1.509565 1.181859 1.250000
v 1.509565 1.791859 -1.250000
v 1.509565 1.791859 1.250000
v 1.512255 1.203661 -1.303033
v 1.512255 1.203661 -1.196967
v 1.512255 1.203661 1.196967
v 1.512255 1.203661 1.303033
v 1.512255 1.813661 -1.303033
v 1.512255 1.813661 -1.196967
v 1.512255 1.813661 1.196967
v 1.512255 1.813661 1.303033
v 1.518750 0.496294 -1.160000
v 1.518750 0.496294 -0.840000
v 1.518750 0.496294 -0.840000
v 1.518750 0.496294 0.840000
v 1.518750 0.496294 1.160000
v 1.518750 0.496294 1.160000
v 1.518750 1.256294 -1.325000
v 1.518750 1.256294 -1.175000
v 1.518750 1.256294 -1.175000
v 1.518750 1.256294 1.175000
v 1.518750 1.256294 1.325000
v 1.518750 1.256294 1.325000
v 1.518750 1.866294 -1.325000
v 1.518750 1.866294 -1.175000
v 1.518750 1.866294 -1.175000
v 1.518750 1.866294 1.175000
v 1.518750 1.866294 1.325000
v 1.518750 1.866294 1.325000
v 1.525245 1.308928 -1.303033
v 1.525245 1.308928 -1.196967
v 1.525245 1.308928 1.196967
v 1.525245 1.308928 1.303033
v 1.525245 1.918928 -1.303033
v 1.525245 1.918928 -1.196967
v 1.525245 1.918928 1.196967
v 1.525245 1.918928 1.303033
v 1.527935 1.330730 -1.250000
v 1.527935 1.330730 1.250000
v 1.527935 1.940730 -1.250000
v 1.527935 1.940730 1.250000
v 1.532606 0.608580 -1.113137
v 1.532606 0.608580 -0.886863
v 1.532606 0.608580 0.886863
v 1.532606 0.608580 1.113137
v 1.538345 0.655090 -1.000000
v 1.538345 0.655090 1.000000
v 1.587105 0.537386 -1.200000
v 1.587105 0.537386 -1.200000
v 1.587105 0.537386 -1.200000
v 1.587105 0.537386 1.200000
v 1.587105 0.537386 1.200000
v 1.587105 0.537386 1.200000
v 1.590130 0.562202 -1.225000
v 1.590130 0.562202 1.225000
v 1.603438 0.671394 -1.225000
v 1.603438 0.671394 1.225000
v 1.606462 0.696211 -1.200000
v 1.606462 0.696211 -1.200000
v 1.606462 0.696211 -1.200000
v 1.606462 0.696211 1.200000
v 1.606462 0.696211 1.200000
v 1.606462 0.696211 1.200000
v 1.614946 0.559178 -1.200000
v 1.614946 0.559178 -1.200000
v 1.614946 0.559178 1.200000
v 1.614946 0.559178 1.200000
v 1.620977 0.558378 -1.200000
v 1.620977 0.558378 -1.200000
v 1.620977 0.558378 1.200000
v 1.620977 0.558378 1.200000
v 1.628254 0.668370 -1.200000
v 1.628254 0.668370 -1.200000
v 1.628254 0.668370 1.200000
v 1.628254 0.668370 1.200000
v 1.636462 0.667283 -1.200000
v 1.636462 0.667283 -1.200000
v 1.636462 0.667283 1.200000
v 1.636462 0.667283 1.200000
v 1.642209 0.530108 -1.200000
v 1.642209 0.530108 -1.200000
v 1.642209 0.530108 1.200000
v 1.642209 0.530108 1.200000
v 1.642209 0.530108 1.200000
v 1.645728 0.554859 -1.225000
v 1.645728 0.554859 1.225000
v 1.661213 0.663763 -1.225000
v 1.661213 0.663763 1.225000
v 1.664733 0.688515 -1.200000
v 1.664733 0.688515 -1.200000
v 1.664733 0.688515 1.200000
v 1.664733 0.688515 1.200000
v 1.664733 0.688515 1.200000
v 1.749076 0.304089 -1.000000
v 1.749076 0.304089 1.000000
v 1.755753 0.350474 -1.113137
v 1.755753 0.350474 -0.886863
v 1.755753 0.350474 0.886863
v 1.755753 0.350474 1.113137
v 1.761188 1.148221 -1.250000
v 1.761188 1.148221 1.250000
v 1.761188 1.758221 -1.250000
v 1.761188 1.758221 1.250000
v 1.764318 1.169964 -1.303033
v 1.764318 1.169964 -1.196967
v 1.764318 1.169964 1.196967
v 1.764318 1.169964 1.303033
v 1.764318 1.779964 -1.303033
v 1.764318 1.779964 -1.196967
v 1.764318 1.779964 1.196967
v 1.764318 1.779964 1.303033
v 1.771875 0.462456 -1.160000
v 1.771875 0.462456 -0.840000
v 1.771875 0.462456 -0.840000
v 1.771875 0.462456 0.840000
v 1.771875 0.462456 1.160000
v 1.771875 0.462456 1.160000
v 1.771875 1.222456 -1.325000
v 1.771875 1.222456 -1.175000
v 1.771875 1.222456 -1.175000
v 1.771875 1.222456 1.175000
v 1.771875 1.222456 1.325000
v 1.771875 1.222456 1.325000
v 1.771875 1.832456 -1.325000
v 1.771875 1.832456 -1.175000
v 1.771875 1.832456 -1.175000
v 1.771875 1.832456 1.175000
v 1.771875 1.832456 1.325000
v 1.771875 1.832456 1.325000
v 1.779432 1.274948 -1.303033
v 1.779432 1.274948 -1.196967
v 1.779432 1.274948 1.196967
v 1.779432 1.274948 1.303033
v 1.779432 1.884948 -1.303033
v 1.779432 1.884948 -1.196967
v 1.779432 1.884948 1.196967
v 1.779432 1.884948 1.303033
v 1.782562 1.296691 -1.250000
v 1.782562 1.296691 1.250000
v 1.782562 1.906691 -1.250000
v 1.782562 1.906691 1.250000
v 1.787997 0.574439 -1.113137
v 1.787997 0.574439 -0.886863
v 1.787997 0.574439 0.886863
v 1.787997 0.574439 1.113137
v 1.794674 0.620823 -1.000000
v 1.794674 0.620823 1.000000
v 1.835267 0.502657 -1.200000
v 1.835267 0.502657 -1.200000
v 1.835267 0.502657 -1.200000
v 1.835267 0.502657 1.200000
v 1.835267 0.502657 1.200000
v 1.835267 0.502657 1.200000
v 1.838787 0.527408 -1.225000
v 1.838787 0.527408 1.225000
v 1.854272 0.636313 -1.225000
v 1.854272 0.636313 1.225000
v 1.857791 0.661064 -1.200000
v 1.857791 0.661064 -1.200000
v 1.857791 0.661064 -1.200000
v 1.857791 0.661064 1.200000
v 1.857791 0.661064 1.200000
v 1.857791 0.661064 1.200000
v 1.863538 0.523889 -1.200000
v 1.863538 0.523889 -1.200000
v 1.863538 0.523889 1.200000
v 1.863538 0.523889 1.200000
v 1.870264 0.522861 -1.200000
v 1.870264 0.522861 -1.200000
v 1.870264 0.522861 1.200000
v 1.870264 0.522861 1.200000
v 1.879023 0.632794 -1.200000
v 1.879023 0.632794 -1.200000
v 1.879023 0.632794 1.200000
v 1.879023 0.632794 1.200000
v 1.887908 0.631436 -1.200000
v 1.887908 0.631436 -1.200000
v 1.887908 0.631436 1.200000
v 1.887908 0.631436 1.200000
v 1.890931 0.494174 -1.200000
v 1.890931 0.494174 -1.200000
v 1.890931 0.494174 1.200000
v 1.890931 0.494174 1.200000
v 1.890931 0.494174 1.200000
v 1.894941 0.518851 -1.225000
v 1.894941 0.518851 1.225000
v 1.912584 0.627427 -1.225000
v 1.912584 0.627427 1.225000
v 1.916594 0.652103 -1.200000
v 1.916594 0.652103 -1.200000
v 1.916594 0.652103 1.200000
v 1.916594 0.652103 1.200000
v 1.916594 0.652103 1.200000
v 1.999024 0.265535 -1.000000
v 1.999024 0.265535 1.000000
v 2.006632 0.311776 -1.113137
v 2.006632 0.311776 -0.886863
v 2.006632 0.311776 0.886863
v 2.006632 0.311776 1.113137
v 2.012824 1.109407 -1.250000
v 2.012824 1.109407 1.250000
v 2.012824 1.719407 -1.250000
v 2.012824 1.719407 1.250000
v 2.016390 1.131083 -1.303033
v 2.016390 1.131083 -1.196967
v 2.016390 1.131083 1.196967
v 2.016390 1.131083 1.303033
v 2.016390 1.741083 -1.303033
v 2.016390 1.741083 -1.196967
v 2.016390 1.741083 1.196967
v 2.016390 1.741083 1.303033
v 2.025000 0.423412 -1.160000
v 2.025000 0.423412 -0.840000
v 2.025000 0.423412 -0.840000
v 2.025000 0.423412 0.840000
v 2.025000 0.423412 1.160000
v 2.025000 0.423412 1.160000
v 2.025000 1.183412 -1.325000
v 2.025000 1.183412 -1.175000
v 2.025000 1.183412 -1.175000
v 2.025000 1.183412 1.175000
v 2.025000 1.183412 1.325000
v 2.025000 1.183412 1.325000
v 2.025000 1.793412 -1.325000
v 2.025000 1.793412 -1.175000
v 2.025000 1.793412 -1.175000
v 2.025000 1.793412 1.175000
v 2.025000 1.793412 1.325000
v 2.025000 1.793412 1.325000
v 2.033610 1.235742 -1.303033
v 2.033610 1.235742 -1.196967
v 2.033610 1.235742 1.196967
v 2.033610 1.235742 1.303033
v 2.033610 1.845742 -1.303033
v 2.033610 1.845742 -1.196967
v 2.033610 1.845742 1.196967
v 2.033610 1.845742 1.303033
v 2.037176 1.257417 -1.250000
v 2.037176 1.257417 1.250000
v 2.037176 1.867417 -1.250000
v 2.037176 1.867417 1.250000
v 2.043368 0.535048 -1.113137
v 2.043368 0.535048 -0.886863
v 2.043368 0.535048 0.886863
v 2.043368 0.535048 1.113137
v 2.050976 0.581289 -1.000000
v 2.050976 0.581289 1.000000
v 2.083406 0.462897 -1.200000
v 2.083406 0.462897 -1.200000
v 2.083406 0.462897 -1.200000
v 2.083406 0.462897 1.200000
v 2.083406 0.462897 1.200000
v 2.083406 0.462897 1.200000
v 2.087416 0.487573 -1.225000
v 2.087416 0.487573 1.225000
v 2.105059 0.596149 -1.225000
v 2.105059 0.596149 1.225000
v 2.109069 0.620826 -1.200000
v 2.109069 0.620826 -1.200000
v 2.109069 0.620826 -1.200000
v 2.109069 0.620826 1.200000
v 2.109069 0.620826 1.200000
v 2.109069 0.620826 1.200000
v 2.112092 0.483564 -1.200000
v 2.112092 0.483564 -1.200000
v 2.112092 0.483564 1.200000
v 2.112092 0.483564 1.200000
v 2.119606 0.482262 -1.200000
v 2.119606 0.482262 -1.200000
v 2.119606 0.482262 1.200000
v 2.119606 0.482262 1.200000
v 2.129736 0.592139 -1.200000
v 2.129736 0.592139 -1.200000
v 2.129736 0.592139 1.200000
v 2.129736 0.592139 1.200000
v 2.139388 0.590469 -1.200000
v 2.139388 0.590469 -1.200000
v 2.139388 0.590469 1.200000
v 2.139388 0.590469 1.200000
v 2.139703 0.453174 -1.200000
v 2.139703 0.453174 -1.200000
v 2.139703 0.453174 1.200000
v 2.139703 0.453174 1.200000
v 2.139703 0.453174 1.200000
v 2.144199 0.477766 -1.225000
v 2.144199 0.477766 1.225000
v 2.163980 0.585973 -1.225000
v 2.163980 0.585973 1.225000
v 2.168476 0.610565 -1.200000
v 2.168476 0.610565 -1.200000
v 2.168476 0.610565 1.200000
v 2.168476 0.610565 1.200000
v 2.168476 0.610565 1.200000
v 2.249004 0.221835 -1.000000
v 2.249004 0.221835 1.000000
v 2.257533 0.267915 -1.113137
v 2.257533 0.267915 -0.886863
v 2.257533 0.267915 0.886863
v 2.257533 0.267915 1.113137
v 2.264475 1.065415 -1.250000
v 2.264475 1.065415 1.250000
v 2.264475 1.675415 -1.250000
v 2.264475 1.675415 1.250000
v 2.268473 1.087015 -1.303033
v 2.268473 1.087015 -1.196967
v 2.268473 1.087015 1.196967
v 2.268473 1.087015 1.303033
v 2.268473 1.697015 -1.303033
v 2.268473 1.697015 -1.196967
v 2.268473 1.697015 1.196967
v 2.268473 1.697015 1.303033
v 2.278125 0.379162 -1.160000
v 2.278125 0.379162 -0.840000
v 2.278125 0.379162 -0.840000
v 2.278125 0.379162 0.840000
v 2.278125 0.379162 1.160000
v 2.278125 0.379162 1.160000
v 2.278125 1.139162 -1.325000
v 2.278125 1.139162 -1.175000
v 2.278125 1.139162 -1.175000
v 2.278125 1.139162 1.175000
v 2.278125 1.139162 1.325000
v 2.278125 1.139162 1.325000
v 2.278125 1.749162 -1.325000
v 2.278125 1.749162 -1.175000
v 2.278125 1.749162 -1.175000
v 2.278125 1.749162 1.175000
v 2.278125 1.749162 1.325000
v 2.278125 1.749162 1.325000
v 2.287777 1.191309 -1.303033
v 2.287777 1.191309 -1.196967
v 2.287777 1.191309 1.196967
v 2.287777 1.191309 1.303033
v 2.287777 1.801309 -1.303033
v 2.287777 1.801309 -1.196967
v 2.287777 1.801309 1.196967
v 2.287777 1.801309 1.303033
v 2.291775 1.212910 -1.250000
v 2.291775 1.212910 1.250000
v 2.291775 1.822910 -1.250000
v 2.291775 1.822910 1.250000
v 2.298717 0.490410 -1.113137
v 2.298717 0.490410 -0.886863
v 2.298717 0.490410 0.886863
v 2.298717 0.490410 1.113137
v 2.307246 0.536490 -1.000000
v 2.307246 0.536490 1.000000
v 2.331524 0.418107 -1.200000
v 2.331524 0.418107 -1.200000
v 2.331524 0.418107 -1.200000
v 2.331524 0.418107 1.200000
v 2.331524 0.418107 1.200000
v 2.331524 0.418107 1.200000
v 2.336020 0.442699 -1.225000
v 2.336020 0.442699 1.225000
v 2.355801 0.550906 -1.225000
v 2.355801 0.550906 1.225000
v 2.360297 0.575498 -1.200000
v 2.360297 0.575498 -1.200000
v 2.360297 0.575498 -1.200000
v 2.360297 0.575498 1.200000
v 2.360297 0.575498 1.200000
v 2.360297 0.575498 1.200000
v 2.360612 0.438203 -1.200000
v 2.360612 0.438203 -1.200000
v 2.360612 0.438203 1.200000
v 2.360612 0.438203 1.200000
v 2.369003 0.436579 -1.200000
v 2.369003 0.436579 -1.200000
v 2.369003 0.436579 1.200000
v 2.369003 0.436579 1.200000
v 2.380394 0.546410 -1.200000
v 2.380394 0.546410 -1.200000
v 2.380394 0.546410 1.200000
v 2.380394 0.546410 1.200000
v 2.388526 0.407103 -1.200000
v 2.388526 0.407103 -1.200000
v 2.388526 0.407103 1.200000
v 2.388526 0.407103 1.200000
v 2.388526 0.407103 1.200000
v 2.390900 0.544378 -1.200000
v 2.390900 0.544378 -1.200000
v 2.390900 0.544378 1.200000
v 2.390900 0.544378 1.200000
v 2.393503 0.431603 -1.225000
v 2.393503 0.431603 1.225000
v 2.415400 0.539401 -1.225000
v 2.415400 0.539401 1.225000
v 2.420376 0.563901 -1.200000
v 2.420376 0.563901 -1.200000
v 2.420376 0.563901 1.200000
v 2.420376 0.563901 1.200000
v 2.420376 0.563901 1.200000
v 2.499018 0.172987 -1.000000
v 2.499018 0.172987 1.000000
v 2.500000 0.500375 -1.250000
v 2.500000 0.500375 1.250000
v 2.500000 1.670375 -1.250000
v 2.500000 1.670375 1.250000
v 2.504894 0.500375 -1.280902
v 2.504894 0.500375 -1.219098
v 2.504894 0.500375 1.219098
v 2.504894 0.500375 1.280902
v 2.504894 1.670375 -1.280902
v 2.504894 1.670375 -1.219098
v 2.504894 1.670375 1.219098
v 2.504894 1.670375 1.280902
v 2.508000 0.485375 -1.250000
v 2.508000 0.485375 -1.250000
v 2.508000 0.485375 1.250000
v 2.508000 0.485375 1.250000
v 2.508000 1.685375 -1.250000
v 2.508000 1.685375 -1.250000
v 2.508000 1.685375 1.250000
v 2.508000 1.685375 1.250000
v 2.508459 0.218889 -1.113137
v 2.508459 0.218889 -0.886863
v 2.508459 0.218889 0.886863
v 2.508459 0.218889 1.113137
v 2.512503 0.485375 -1.278430
v 2.512503 0.485375 -1.278430
v 2.512503 0.485375 -1.221570
v 2.512503 0.485375 -1.221570
v 2.512503 0.485375 1.221570
v 2.512503 0.485375 1.221570
v 2.512503 0.485375 1.278430
v 2.512503 0.485375 1.278430
v 2.512503 1.685375 -1.278430
v 2.512503 1.685375 -1.278430
v 2.512503 1.685375 -1.221570
v 2.512503 1.685375 -1.221570
v 2.512503 1.685375 1.221570
v 2.512503 1.685375 1.221570
v 2.512503 1.685375 1.278430
v 2.512503 1.685375 1.278430
v 2.516141 1.016244 -1.250000
v 2.516141 1.016244 1.250000
v 2.516141 1.626244 -1.250000
v 2.516141 1.626244 1.250000
v 2.519098 0.500375 -1.308779
v 2.519098 0.500375 -1.191221
v 2.519098 0.500375 1.191221
v 2.519098 0.500375 1.308779
v 2.519098 1.670375 -1.308779
v 2.519098 1.670375 -1.191221
v 2.519098 1.670375 1.191221
v 2.519098 1.670375 1.308779
v 2.520567 1.037761 -1.303033
v 2.520567 1.037761 -1.196967
v 2.520567 1.037761 1.196967
v 2.520567 1.037761 1.303033
v 2.520567 1.647761 -1.303033
v 2.520567 1.647761 -1.196967
v 2.520567 1.647761 1.196967
v 2.520567 1.647761 1.303033
v 2.525570 0.485375 -1.304076
v 2.525570 0.485375 -1.304076
v 2.525570 0.485375 -1.195924
v 2.525570 0.485375 -1.195924
v 2.525570 0.485375 1.195924
v 2.525570 0.485375 1.195924
v 2.525570 0.485375 1.304076
v 2.525570 0.485375 1.304076
v 2.525570 1.685375 -1.304076
v 2.525570 1.685375 -1.304076
v 2.525570 1.685375 -1.195924
v 2.525570 1.685375 -1.195924
v 2.525570 1.685375 1.195924
v 2.525570 1.685375 1.195924
v 2.525570 1.685375 1.304076
v 2.525570 1.685375 1.304076
v 2.531250 0.329706 -1.160000
v 2.531250 0.329706 -0.840000
v 2.531250 0.329706 -0.840000
v 2.531250 0.329706 0.840000
v 2.531250 0.329706 1.160000
v 2.531250 0.329706 1.160000
v 2.531250 1.089706 -1.325000
v 2.531250 1.089706 -1.175000
v 2.531250 1.089706 -1.175000
v 2.531250 1.089706 1.175000
v 2.531250 1.089706 1.325000
v 2.531250 1.089706 1.325000
v 2.531250 1.699706 -1.325000
v 2.531250 1.699706 -1.175000
v 2.531250 1.699706 -1.175000
v 2.531250 1.699706 1.175000
v 2.531250 1.699706 1.325000
v 2.531250 1.699706 1.325000
v 2.541221 0.500375 -1.330902
v 2.541221 0.500375 -1.169098
v 2.541221 0.500375 1.169098
v 2.541221 0.500375 1.330902
v 2.541221 1.670375 -1.330902
v 2.541221 1.670375 -1.169098
v 2.541221 1.670375 1.169098
v 2.541221 1.670375 1.330902
v 2.541933 1.141652 -1.303033
v 2.541933 1.141652 -1.196967
v 2.541933 1.141652 1.196967
v 2.541933 1.141652 1.303033
v 2.541933 1.751652 -1.303033
v 2.541933 1.751652 -1.196967
v 2.541933 1.751652 1.196967
v 2.541933 1.751652 1.303033
v 2.545924 0.485375 -1.324430
v 2.545924 0.485375 -1.324430
v 2.545924 0.485375 -1.175570
v 2.545924 0.485375 -1.175570
v 2.545924 0.485375 1.175570
v 2.545924 0.485375 1.175570
v 2.545924 0.485375 1.324430
v 2.545924 0.485375 1.324430
v 2.545924 1.685375 -1.324430
v 2.545924 1.685375 -1.324430
v 2.545924 1.685375 -1.175570
v 2.545924 1.685375 -1.175570
v 2.545924 1.685375 1.175570
v 2.545924 1.685375 1.175570
v 2.545924 1.685375 1.324430
v 2.545924 1.685375 1.324430
v 2.546359 1.163169 -1.250000
v 2.546359 1.163169 1.250000
v 2.546359 1.773169 -1.250000
v 2.546359 1.773169 1.250000
v 2.554041 0.440524 -1.113137
v 2.554041 0.440524 -0.886863
v 2.554041 0.440524 0.886863
v 2.554041 0.440524 1.113137
v 2.563482 0.486426 -1.000000
v 2.563482 0.486426 1.000000
v 2.569098 0.500375 -1.345106
v 2.569098 0.500375 -1.154894
v 2.569098 0.500375 1.154894
v 2.569098 0.500375 1.345106
v 2.569098 1.670375 -1.345106
v 2.569098 1.670375 -1.154894
v 2.569098 1.670375 1.154894
v 2.569098 1.670375 1.345106
v 2.571570 0.485375 -1.337497
v 2.571570 0.485375 -1.337497
v 2.571570 0.485375 -1.162503
v 2.571570 0.485375 -1.162503
v 2.571570 0.485375 1.162503
v 2.571570 0.485375 1.162503
v 2.571570 0.485375 1.337497
v 2.571570 0.485375 1.337497
v 2.571570 1.685375 -1.337497
v 2.571570 1.685375 -1.337497
v 2.571570 1.685375 -1.162503
v 2.571570 1.685375 -1.162503
v 2.571570 1.685375 1.162503
v 2.571570 1.685375 1.162503
v 2.571570 1.685375 1.337497
v 2.571570 1.685375 1.337497
v 2.579624 0.368286 -1.200000
v 2.579624 0.368286 -1.200000
v 2.579624 0.368286 -1.200000
v 2.579624 0.368286 1.200000
v 2.579624 0.368286 1.200000
v 2.579624 0.368286 1.200000
v 2.584600 0.392786 -1.225000
v 2.584600 0.392786 1.225000
v 2.600000 0.485375 -1.342000
v 2.600000 0.485375 -1.342000
v 2.600000 0.485375 -1.250000
v 2.600000 0.485375 -1.158000
v 2.600000 0.485375 -1.158000
v 2.600000 0.485375 1.158000
v 2.600000 0.485375 1.158000
v 2.600000 0.485375 1.250000
v 2.600000 0.485375 1.342000
v 2.600000 0.485375 1.342000
v 2.600000 0.500375 -1.350000
v 2.600000 0.500375 -1.150000
v 2.600000 0.500375 1.150000
v 2.600000 0.500375 1.350000
v 2.600000 1.670375 -1.350000
v 2.600000 1.670375 -1.150000
v 2.600000 1.670375 1.150000
v 2.600000 1.670375 1.350000
v 2.600000 1.685375 -1.342000
v 2.600000 1.685375 -1.342000
v 2.600000 1.685375 -1.250000
v 2.600000 1.685375 -1.158000
v 2.600000 1.685375 -1.158000
v 2.600000 1.685375 1.158000
v 2.600000 1.685375 1.158000
v 2.600000 1.685375 1.250000
v 2.600000 1.685375 1.342000
v 2.600000 1.685375 1.342000
v 2.606497 0.500585 -1.225000
v 2.606497 0.500585 1.225000
v 2.609100 0.387810 -1.200000
v 2.609100 0.387810 -1.200000
v 2.609100 0.387810 1.200000
v 2.609100 0.387810 1.200000
v 2.611474 0.525084 -1.200000
v 2.611474 0.525084 -1.200000
v 2.611474 0.525084 -1.200000
v 2.611474 0.525084 1.200000
v 2.611474 0.525084 1.200000
v 2.611474 0.525084 1.200000
v 2.618455 0.385809 -1.200000
v 2.618455 0.385809 -1.200000
v 2.618455 0.385809 1.200000
v 2.618455 0.385809 1.200000
v 2.628430 0.485375 -1.337497
v 2.628430 0.485375 -1.337497
v 2.628430 0.485375 -1.162503
v 2.628430 0.485375 -1.162503
v 2.628430 0.485375 1.162503
v 2.628430 0.485375 1.162503
v 2.628430 0.485375 1.337497
v 2.628430 0.485375 1.337497
v 2.628430 1.685375 -1.337497
v 2.628430 1.685375 -1.337497
v 2.628430 1.685375 -1.162503
v 2.628430 1.685375 -1.162503
v 2.628430 1.685375 1.162503
v 2.628430 1.685375 1.162503
v 2.628430 1.685375 1.337497
v 2.628430 1.685375 1.337497
v 2.630902 0.500375 -1.345106
v 2.630902 0.500375 -1.154894
v 2.630902 0.500375 1.154894
v 2.630902 0.500375 1.345106
v 2.630902 1.670375 -1.345106
v 2.630902 1.670375 -1.154894
v 2.630902 1.670375 1.154894
v 2.630902 1.670375 1.345106
v 2.630997 0.495608 -1.200000
v 2.630997 0.495608 -1.200000
v 2.630997 0.495608 1.200000
v 2.630997 0.495608 1.200000
v 2.637401 0.355960 -1.200000
v 2.637401 0.355960 -1.200000
v 2.637401 0.355960 1.200000
v 2.637401 0.355960 1.200000
v 2.637401 0.355960 1.200000
v 2.642441 0.493162 -1.200000
v 2.642441 0.493162 -1.200000
v 2.642441 0.493162 1.200000
v 2.642441 0.493162 1.200000
v 2.642853 0.380358 -1.225000
v 2.642853 0.380358 1.225000
v 2.654076 0.485375 -1.324430
v 2.654076 0.485375 -1.324430
v 2.654076 0.485375 -1.175570
v 2.654076 0.485375 -1.175570
v 2.654076 0.485375 1.175570
v 2.654076 0.485375 1.175570
v 2.654076 0.485375 1.324430
v 2.654076 0.485375 1.324430
v 2.654076 1.685375 -1.324430
v 2.654076 1.685375 -1.324430
v 2.654076 1.685375 -1.175570
v 2.654076 1.685375 -1.175570
v 2.654076 1.685375 1.175570
v 2.654076 1.685375 1.175570
v 2.654076 1.685375 1.324430
v 2.654076 1.685375 1.324430
v 2.658779 0.500375 -1.330902
v 2.658779 0.500375 -1.169098
v 2.658779 0.500375 1.169098
v 2.658779 0.500375 1.330902
v 2.658779 1.670375 -1.330902
v 2.658779 1.670375 -1.169098
v 2.658779 1.670375 1.169098
v 2.658779 1.670375 1.330902
v 2.666840 0.487711 -1.225000
v 2.666840 0.487711 1.225000
v 2.672291 0.512109 -1.200000
v 2.672291 0.512109 -1.200000
v 2.672291 0.512109 1.200000
v 2.672291 0.512109 1.200000
v 2.672291 0.512109 1.200000
v 2.674430 0.485375 -1.304076
v 2.674430 0.485375 -1.304076
v 2.674430 0.485375 -1.195924
v 2.674430 0.485375 -1.195924
v 2.674430 0.485375 1.195924
v 2.674430 0.485375 1.195924
v 2.674430 0.485375 1.304076
v 2.674430 0.485375 1.304076
v 2.674430 1.685375 -1.304076
v 2.674430 1.685375 -1.304076
v 2.674430 1.685375 -1.195924
v 2.674430 1.685375 -1.195924
v 2.674430 1.685375 1.195924
v 2.674430 1.685375 1.195924
v 2.674430 1.685375 1.304076
v 2.674430 1.685375 1.304076
v 2.680902 0.500375 -1.308779
v 2.680902 0.500375 -1.191221
v 2.680902 0.500375 1.191221
v 2.680902 0.500375 1.308779
v 2.680902 1.670375 -1.308779
v 2.680902 1.670375 -1.191221
v 2.680902 1.670375 1.191221
v 2.680902 1.670375 1.308779
v 2.687497 0.485375 -1.278430
v 2.687497 0.485375 -1.278430
v 2.687497 0.485375 -1.221570
v 2.687497 0.485375 -1.221570
v 2.687497 0.485375 1.221570
v 2.687497 0.485375 1.221570
v 2.687497 0.485375 1.278430
v 2.687497 0.485375 1.278430
v 2.687497 1.685375 -1.278430
v 2.687497 1.685375 -1.278430
v 2.687497 1.685375 -1.221570
v 2.687497 1.685375 -1.221570
v 2.687497 1.685375 1.221570
v 2.687497 1.685375 1.221570
v 2.687497 1.685375 1.278430
v 2.687497 1.685375 1.278430
v 2.692000 0.485375 -1.250000
v 2.692000 0.485375 -1.250000
v 2.692000 0.485375 -1.250000
v 2.692000 0.485375 1.250000
v 2.692000 0.485375 1.250000
v 2.692000 0.485375 1.250000
v 2.692000 1.685375 -1.250000
v 2.692000 1.685375 -1.250000
v 2.692000 1.685375 -1.250000
v 2.692000 1.685375 1.250000
v 2.692000 1.685375 1.250000
v 2.692000 1.685375 1.250000
v 2.695106 0.500375 -1.280902
v 2.695106 0.500375 -1.219098
v 2.695106 0.500375 1.219098
v 2.695106 0.500375 1.280902
v 2.695106 1.670375 -1.280902
v 2.695106 1.670375 -1.219098
v 2.695106 1.670375 1.219098
v 2.695106 1.670375 1.280902
v 2.700000 0.500375 -1.250000
v 2.700000 0.500375 -1.250000
v 2.700000 0.500375 1.250000
v 2.700000 0.500375 1.250000
v 2.700000 1.670375 -1.250000
v 2.700000 1.670375 -1.250000
v 2.700000 1.670375 1.250000
v 2.700000 1.670375 1.250000
v 2.749070 0.118988 -1.000000
v 2.749070 0.118988 1.000000
v 2.759411 0.164696 -1.113137
v 2.759411 0.164696 -0.886863
v 2.759411 0.164696 0.886863
v 2.759411 0.164696 1.113137
v 2.767826 0.961893 -1.250000
v 2.767826 0.961893 1.250000
v 2.767826 1.571893 -1.250000
v 2.767826 1.571893 1.250000
v 2.772673 0.983319 -1.303033
v 2.772673 0.983319 -1.196967
v 2.772673 0.983319 1.196967
v 2.772673 0.983319 1.303033
v 2.772673 1.593319 -1.303033
v 2.772673 1.593319 -1.196967
v 2.772673 1.593319 1.196967
v 2.772673 1.593319 1.303033
v 2.784375 0.275045 -1.160000
v 2.784375 0.275045 -0.840000
v 2.784375 0.275045 -0.840000
v 2.784375 0.275045 0.840000
v 2.784375 0.275045 1.160000
v 2.784375 0.275045 1.160000
v 2.784375 1.035045 -1.325000
v 2.784375 1.035045 -1.175000
v 2.784375 1.035045 -1.175000
v 2.784375 1.035045 1.175000
v 2.784375 1.035045 1.325000
v 2.784375 1.035045 1.325000
v 2.784375 1.645045 -1.325000
v 2.784375 1.645045 -1.175000
v 2.784375 1.645045 -1.175000
v 2.784375 1.645045 1.175000
v 2.784375 1.645045 1.325000
v 2.784375 1.645045 1.325000
v 2.796077 1.086771 -1.303033
v 2.796077 1.086771 -1.196967
v 2.796077 1.086771 1.196967
v 2.796077 1.086771 1.303033
v 2.796077 1.696771 -1.303033
v 2.796077 1.696771 -1.196967
v 2.796077 1.696771 1.196967
v 2.796077 1.696771 1.303033
v 2.800924 1.108196 -1.250000
v 2.800924 1.108196 1.250000
v 2.800924 1.718196 -1.250000
v 2.800924 1.718196 1.250000
v 2.809339 0.385393 -1.113137
v 2.809339 0.385393 -0.886863
v 2.809339 0.385393 0.886863
v 2.809339 0.385393 1.113137
v 2.819680 0.431101 -1.000000
v 2.819680 0.431101 1.000000
v 2.827709 0.313438 -1.200000
v 2.827709 0.313438 -1.200000
v 2.827709 0.313438 -1.200000
v 2.827709 0.313438 1.200000
v 2.827709 0.313438 1.200000
v 2.827709 0.313438 1.200000
v 2.833160 0.337836 -1.225000
v 2.833160 0.337836 1.225000
v 2.857147 0.445189 -1.225000
v 2.857147 0.445189 1.225000
v 2.857559 0.332385 -1.200000
v 2.857559 0.332385 -1.200000
v 2.857559 0.332385 1.200000
v 2.857559 0.332385 1.200000
v 2.862599 0.469587 -1.200000
v 2.862599 0.469587 -1.200000
v 2.862599 0.469587 -1.200000
v 2.862599 0.469587 1.200000
v 2.862599 0.469587 1.200000
v 2.862599 0.469587 1.200000
v 2.867960 0.329950 -1.200000
v 2.867960 0.329950 -1.200000
v 2.867960 0.329950 1.200000
v 2.867960 0.329950 1.200000
v 2.881545 0.439737 -1.200000
v 2.881545 0.439737 -1.200000
v 2.881545 0.439737 1.200000
v 2.881545 0.439737 1.200000
v 2.886328 0.299740 -1.200000
v 2.886328 0.299740 -1.200000
v 2.886328 0.299740 1.200000
v 2.886328 0.299740 1.200000
v 2.886328 0.299740 1.200000
v 2.892249 0.324029 -1.225000
v 2.892249 0.324029 1.225000
v 2.894009 0.436821 -1.200000
v 2.894009 0.436821 -1.200000
v 2.894009 0.436821 1.200000
v 2.894009 0.436821 1.200000
v 2.918298 0.430900 -1.225000
v 2.918298 0.430900 1.225000
v 2.924219 0.455189 -1.200000
v 2.924219 0.455189 -1.200000
v 2.924219 0.455189 1.200000
v 2.924219 0.455189 1.200000
v 2.924219 0.455189 1.200000
v 2.999163 0.059838 -1.000000
v 2.999163 0.059838 1.000000
v 3.010391 0.105336 -1.113137
v 3.010391 0.105336 -0.886863
v 3.010391 0.105336 0.886863
v 3.010391 0.105336 1.113137
v 3.019529 0.902362 -1.250000
v 3.019529 0.902362 1.250000
v 3.019529 1.512362 -1.250000
v 3.019529 1.512362 1.250000
v 3.024793 0.923689 -1.303033
v 3.024793 0.923689 -1.196967
v 3.024793 0.923689 1.196967
v 3.024793 0.923689 1.303033
v 3.024793 1.533689 -1.303033
v 3.024793 1.533689 -1.196967
v 3.024793 1.533689 1.196967
v 3.024793 1.533689 1.303033
v 3.037500 0.215177 -1.160000
v 3.037500 0.215177 -0.840000
v 3.037500 0.215177 -0.840000
v 3.037500 0.215177 0.840000
v 3.037500 0.215177 1.160000
v 3.037500 0.215177 1.160000
v 3.037500 0.975177 -1.325000
v 3.037500 0.975177 -1.175000
v 3.037500 0.975177 -1.175000
v 3.037500 0.975177 1.175000
v 3.037500 0.975177 1.325000
v 3.037500 0.975177 1.325000
v 3.037500 1.585177 -1.325000
v 3.037500 1.585177 -1.175000
v 3.037500 1.585177 -1.175000
v 3.037500 1.585177 1.175000
v 3.037500 1.585177 1.325000
v 3.037500 1.585177 1.325000
v 3.050207 1.026665 -1.303033
v 3.050207 1.026665 -1.196967
v 3.050207 1.026665 1.196967
v 3.050207 1.026665 1.303033
v 3.050207 1.636665 -1.303033
v 3.050207 1.636665 -1.196967
v 3.050207 1.636665 1.196967
v 3.050207 1.636665 1.303033
v 3.055471 1.047992 -1.250000
v 3.055471 1.047992 1.250000
v 3.055471 1.657992 -1.250000
v 3.055471 1.657992 1.250000
v 3.064609 0.325019 -1.113137
v 3.064609 0.325019 -0.886863
v 3.064609 0.325019 0.886863
v 3.064609 0.325019 1.113137
v 3.075781 0.253561 -1.200000
v 3.075781 0.253561 -1.200000
v 3.075781 0.253561 -1.200000
v 3.075781 0.253561 1.200000
v 3.075781 0.253561 1.200000
v 3.075781 0.253561 1.200000
v 3.075837 0.370516 -1.000000
v 3.075837 0.370516 1.000000
v 3.081702 0.277850 -1.225000
v 3.081702 0.277850 1.225000
v 3.105991 0.271929 -1.200000
v 3.105991 0.271929 -1.200000
v 3.105991 0.271929 1.200000
v 3.105991 0.271929 1.200000
v 3.107751 0.384721 -1.225000
v 3.107751 0.384721 1.225000
v 3.113672 0.409010 -1.200000
v 3.113672 0.409010 -1.200000
v 3.113672 0.409010 -1.200000
v 3.113672 0.409010 1.200000
v 3.113672 0.409010 1.200000
v 3.113672 0.409010 1.200000
v 3.117518 0.268997 -1.200000
v 3.117518 0.268997 -1.200000
v 3.117518 0.268997 1.200000
v 3.117518 0.268997 1.200000
v 3.132040 0.378800 -1.200000
v 3.132040 0.378800 -1.200000
v 3.132040 0.378800 1.200000
v 3.132040 0.378800 1.200000
v 3.135306 0.238443 -1.200000
v 3.135306 0.238443 -1.200000
v 3.135306 0.238443 1.200000
v 3.135306 0.238443 1.200000
v 3.135306 0.238443 1.200000
v 3.141689 0.262614 -1.225000
v 3.141689 0.262614 1.225000
v 3.145602 0.375351 -1.200000
v 3.145602 0.375351 -1.200000
v 3.145602 0.375351 1.200000
v 3.145602 0.375351 1.200000
v 3.169773 0.368969 -1.225000
v 3.169773 0.368969 1.225000
v 3.176156 0.393140 -1.200000
v 3.176156 0.393140 -1.200000
v 3.176156 0.393140 1.200000
v 3.176156 0.393140 1.200000
v 3.176156 0.393140 1.200000
v 3.249298 -0.004467 -1.000000
v 3.249298 -0.004467 1.000000
v 3.261403 0.040806 -1.113137
v 3.261403 0.040806 -0.886863
v 3.261403 0.040806 0.886863
v 3.261403 0.040806 1.113137
v 3.271253 0.837649 -1.250000
v 3.271253 0.837649 1.250000
v 3.271253 1.447649 -1.250000
v 3.271253 1.447649 1.250000
v 3.276927 0.858870 -1.303033
v 3.276927 0.858870 -1.196967
v 3.276927 0.858870 1.196967
v 3.276927 0.858870 1.303033
v 3.276927 1.468870 -1.303033
v 3.276927 1.468870 -1.196967
v 3.276927 1.468870 1.196967
v 3.276927 1.468870 1.303033
v 3.290625 0.150104 -1.160000
v 3.290625 0.150104 -0.840000
v 3.290625 0.150104 -0.840000
v 3.290625 0.150104 0.840000
v 3.290625 0.150104 1.160000
v 3.290625 0.150104 1.160000
v 3.290625 0.910104 -1.325000
v 3.290625 0.910104 -1.175000
v 3.290625 0.910104 -1.175000
v 3.290625 0.910104 1.175000
v 3.290625 0.910104 1.325000
v 3.290625 0.910104 1.325000
v 3.290625 1.520104 -1.325000
v 3.290625 1.520104 -1.175000
v 3.290625 1.520104 -1.175000
v 3.290625 1.520104 1.175000
v 3.290625 1.520104 1.325000
v 3.290625 1.520104 1.325000
v 3.304323 0.961337 -1.303033
v 3.304323 0.961337 -1.196967
v 3.304323 0.961337 1.196967
v 3.304323 0.961337 1.303033
v 3.304323 1.571337 -1.303033
v 3.304323 1.571337 -1.196967
v 3.304323 1.571337 1.196967
v 3.304323 1.571337 1.303033
v 3.309997 0.982559 -1.250000
v 3.309997 0.982559 1.250000
v 3.309997 1.592559 -1.250000
v 3.309997 1.592559 1.250000
v 3.319847 0.259402 -1.113137
v 3.319847 0.259402 -0.886863
v 3.319847 0.259402 0.886863
v 3.319847 0.259402 1.113137
v 3.323844 0.188657 -1.200000
v 3.323844 0.188657 -1.200000
v 3.323844 0.188657 -1.200000
v 3.323844 0.188657 1.200000
v 3.323844 0.188657 1.200000
v 3.323844 0.188657 1.200000
v 3.330227 0.212828 -1.225000
v 3.330227 0.212828 1.225000
v 3.331952 0.304675 -1.000000
v 3.331952 0.304675 1.000000
v 3.354398 0.206446 -1.200000
v 3.354398 0.206446 -1.200000
v 3.354398 0.206446 1.200000
v 3.354398 0.206446 1.200000
v 3.358311 0.319183 -1.225000
v 3.358311 0.319183 1.225000
v 3.364694 0.343354 -1.200000
v 3.364694 0.343354 -1.200000
v 3.364694 0.343354 -1.200000
v 3.364694 0.343354 1.200000
v 3.364694 0.343354 1.200000
v 3.364694 0.343354 1.200000
v 3.367128 0.202949 -1.200000
v 3.367128 0.202949 -1.200000
v 3.367128 0.202949 1.200000
v 3.367128 0.202949 1.200000
v 3.382482 0.312800 -1.200000
v 3.382482 0.312800 -1.200000
v 3.382482 0.312800 1.200000
v 3.382482 0.312800 1.200000
v 3.384336 0.172064 -1.200000
v 3.384336 0.172064 -1.200000
v 3.384336 0.172064 1.200000
v 3.384336 0.172064 1.200000
v 3.384336 0.172064 1.200000
v 3.391174 0.196110 -1.225000
v 3.391174 0.196110 1.225000
v 3.397216 0.308754 -1.200000
v 3.397216 0.308754 -1.200000
v 3.397216 0.308754 1.200000
v 3.397216 0.308754 1.200000
v 3.421262 0.301915 -1.225000
v 3.421262 0.301915 1.225000
v 3.428101 0.325962 -1.200000
v 3.428101 0.325962 -1.200000
v 3.428101 0.325962 1.200000
v 3.428101 0.325962 1.200000
v 3.428101 0.325962 1.200000
v 3.499480 -0.073929 -1.000000
v 3.499480 -0.073929 1.000000
v 3.512446 -0.028896 -1.113137
v 3.512446 -0.028896 -0.886863
v 3.512446 -0.028896 0.886863
v 3.512446 -0.028896 1.113137
v 3.522998 0.767753 -1.250000
v 3.522998 0.767753 1.250000
v 3.522998 1.377753 -1.250000
v 3.522998 1.377753 1.250000
v 3.529076 0.788862 -1.303033
v 3.529076 0.788862 -1.196967
v 3.529076 0.788862 1.196967
v 3.529076 0.788862 1.303033
v 3.529076 1.398862 -1.303033
v 3.529076 1.398862 -1.196967
v 3.529076 1.398862 1.196967
v 3.529076 1.398862 1.303033
v 3.543750 0.079825 -1.160000
v 3.543750 0.079825 -0.840000
v 3.543750 0.079825 -0.840000
v 3.543750 0.079825 0.840000
v 3.543750 0.079825 1.160000
v 3.543750 0.079825 1.160000
v 3.543750 0.839825 -1.325000
v 3.543750 0.839825 -1.175000
v 3.543750 0.839825 -1.175000
v 3.543750 0.839825 1.175000
v 3.543750 0.839825 1.325000
v 3.543750 0.839825 1.325000
v 3.543750 1.449825 -1.325000
v 3.543750 1.449825 -1.175000
v 3.543750 1.449825 -1.175000
v 3.543750 1.449825 1.175000
v 3.543750 1.449825 1.325000
v 3.543750 1.449825 1.325000
v 3.558424 0.890787 -1.303033
v 3.558424 0.890787 -1.196967
v 3.558424 0.890787 1.196967
v 3.558424 0.890787 1.303033
v 3.558424 1.500787 -1.303033
v 3.558424 1.500787 -1.196967
v 3.558424 1.500787 1.196967
v 3.558424 1.500787 1.303033
v 3.564502 0.911897 -1.250000
v 3.564502 0.911897 1.250000
v 3.564502 1.521897 -1.250000
v 3.564502 1.521897 1.250000
v 3.571899 0.118726 -1.200000
v 3.571899 0.118726 -1.200000
v 3.571899 0.118726 -1.200000
v 3.571899 0.118726 1.200000
v 3.571899 0.118726 1.200000
v 3.571899 0.118726 1.200000
v 3.575054 0.188545 -1.113137
v 3.575054 0.188545 -0.886863
v 3.575054 0.188545 0.886863
v 3.575054 0.188545 1.113137
v 3.578738 0.142772 -1.225000
v 3.578738 0.142772 1.225000
v 3.588020 0.233578 -1.000000
v 3.588020 0.233578 1.000000
v 3.602784 0.135934 -1.200000
v 3.602784 0.135934 -1.200000
v 3.602784 0.135934 1.200000
v 3.602784 0.135934 1.200000
v 3.608826 0.248577 -1.225000
v 3.608826 0.248577 1.225000
v 3.615664 0.272624 -1.200000
v 3.615664 0.272624 -1.200000
v 3.615664 0.272624 -1.200000
v 3.615664 0.272624 1.200000
v 3.615664 0.272624 1.200000
v 3.615664 0.272624 1.200000
v 3.616788 0.131803 -1.200000
v 3.616788 0.131803 -1.200000
v 3.616788 0.131803 1.200000
v 3.616788 0.131803 1.200000
v 3.632872 0.241739 -1.200000
v 3.632872 0.241739 -1.200000
v 3.632872 0.241739 1.200000
v 3.632872 0.241739 1.200000
v 3.633416 0.100602 -1.200000
v 3.633416 0.100602 -1.200000
v 3.633416 0.100602 1.200000
v 3.633416 0.100602 1.200000
v 3.633416 0.100602 1.200000
v 3.640703 0.124516 -1.225000
v 3.640703 0.124516 1.225000
v 3.648849 0.237027 -1.200000
v 3.648849 0.237027 -1.200000
v 3.648849 0.237027 1.200000
v 3.648849 0.237027 1.200000
v 3.672763 0.229740 -1.225000
v 3.672763 0.229740 1.225000
v 3.680050 0.253655 -1.200000
v 3.680050 0.253655 -1.200000
v 3.680050 0.253655 1.200000
v 3.680050 0.253655 1.200000
v 3.680050 0.253655 1.200000
v 3.749709 -0.148551 -1.000000
v 3.749709 -0.148551 1.000000
v 3.763524 -0.103770 -1.113137
v 3.763524 -0.103770 -0.886863
v 3.763524 -0.103770 0.886863
v 3.763524 -0.103770 1.113137
v 3.774766 0.692672 -1.250000
v 3.774766 0.692672 1.250000
v 3.774766 1.302672 -1.250000
v 3.774766 1.302672 1.250000
v 3.781242 0.713663 -1.303033
v 3.781242 0.713663 -1.196967
v 3.781242 0.713663 1.196967
v 3.781242 0.713663 1.303033
v 3.781242 1.323663 -1.303033
v 3.781242 1.323663 -1.196967
v 3.781242 1.323663 1.196967
v 3.781242 1.323663 1.303033
v 3.796875 0.004339 -1.160000
v 3.796875 0.004339 -0.840000
v 3.796875 0.004339 -0.840000
v 3.796875 0.004339 0.840000
v 3.796875 0.004339 1.160000
v 3.796875 0.004339 1.160000
v 3.796875 0.764339 -1.325000
v 3.796875 0.764339 -1.175000
v 3.796875 0.764339 -1.175000
v 3.796875 0.764339 1.175000
v 3.796875 0.764339 1.325000
v 3.796875 0.764339 1.325000
v 3.796875 1.374339 -1.325000
v 3.796875 1.374339 -1.175000
v 3.796875 1.374339 -1.175000
v 3.796875 1.374339 1.175000
v 3.796875 1.374339 1.325000
v 3.796875 1.374339 1.325000
v 3.800000 0.157094 -1.250000
v 3.800000 0.157094 1.250000
v 3.800000 1.327094 -1.250000
v 3.800000 1.327094 1.250000
v 3.804894 0.157094 -1.280902
v 3.804894 0.157094 -1.219098
v 3.804894 0.157094 1.219098
v 3.804894 0.157094 1.280902
v 3.804894 1.327094 -1.280902
v 3.804894 1.327094 -1.219098
v 3.804894 1.327094 1.219098
v 3.804894 1.327094 1.280902
v 3.808000 0.142094 -1.250000
v 3.808000 0.142094 -1.250000
v 3.808000 0.142094 1.250000
v 3.808000 0.142094 1.250000
v 3.808000 1.342094 -1.250000
v 3.808000 1.342094 -1.250000
v 3.808000 1.342094 1.250000
v 3.808000 1.342094 1.250000
v 3.812503 0.142094 -1.278430
v 3.812503 0.142094 -1.278430
v 3.812503 0.142094 -1.221570
v 3.812503 0.142094 -1.221570
v 3.812503 0.142094 1.221570
v 3.812503 0.142094 1.221570
v 3.812503 0.142094 1.278430
v 3.812503 0.142094 1.278430
v 3.812503 1.342094 -1.278430
v 3.812503 1.342094 -1.278430
v 3.812503 1.342094 -1.221570
v 3.812503 1.342094 -1.221570
v 3.812503 1.342094 1.221570
v 3.812503 1.342094 1.221570
v 3.812503 1.342094 1.278430
v 3.812503 1.342094 1.278430
v 3.812508 0.815016 -1.303033
v 3.812508 0.815016 -1.196967
v 3.812508 0.815016 1.196967
v 3.812508 0.815016 1.303033
v 3.812508 1.425016 -1.303033
v 3.812508 1.425016 -1.196967
v 3.812508 1.425016 1.196967
v 3.812508 1.425016 1.303033
v 3.818984 0.836007 -1.250000
v 3.818984 0.836007 1.250000
v 3.818984 1.446007 -1.250000
v 3.818984 1.446007 1.250000
v 3.819098 0.157094 -1.308779
v 3.819098 0.157094 -1.191221
v 3.819098 0.157094 1.191221
v 3.819098 0.157094 1.308779
v 3.819098 1.327094 -1.308779
v 3.819098 1.327094 -1.191221
v 3.819098 1.327094 1.191221
v 3.819098 1.327094 1.308779
v 3.819950 0.043767 -1.200000
v 3.819950 0.043767 -1.200000
v 3.819950 0.043767 -1.200000
v 3.819950 0.043767 1.200000
v 3.819950 0.043767 1.200000
v 3.819950 0.043767 1.200000
v 3.825570 0.142094 -1.304076
v 3.825570 0.142094 -1.304076
v 3.825570 0.142094 -1.195924
v 3.825570 0.142094 -1.195924
v 3.825570 0.142094 1.195924
v 3.825570 0.142094 1.195924
v 3.825570 0.142094 1.304076
v 3.825570 0.142094 1.304076
v 3.825570 1.342094 -1.304076
v 3.825570 1.342094 -1.304076
v 3.825570 1.342094 -1.195924
v 3.825570 1.342094 -1.195924
v 3.825570 1.342094 1.195924
v 3.825570 1.342094 1.195924
v 3.825570 1.342094 1.304076
v 3.825570 1.342094 1.304076
v 3.827237 0.067682 -1.225000
v 3.827237 0.067682 1.225000
v 3.830226 0.112449 -1.113137
v 3.830226 0.112449 -0.886863
v 3.830226 0.112449 0.886863
v 3.830226 0.112449 1.113137
v 3.841221 0.157094 -1.330902
v 3.841221 0.157094 -1.169098
v 3.841221 0.157094 1.169098
v 3.841221 0.157094 1.330902
v 3.841221 1.327094 -1.330902
v 3.841221 1.327094 -1.169098
v 3.841221 1.327094 1.169098
v 3.841221 1.327094 1.330902
v 3.844041 0.157230 -1.000000
v 3.844041 0.157230 1.000000
v 3.845924 0.142094 -1.324430
v 3.845924 0.142094 -1.324430
v 3.845924 0.142094 -1.175570
v 3.845924 0.142094 -1.175570
v 3.845924 0.142094 1.175570
v 3.845924 0.142094 1.175570
v 3.845924 0.142094 1.324430
v 3.845924 0.142094 1.324430
v 3.845924 1.342094 -1.324430
v 3.845924 1.342094 -1.324430
v 3.845924 1.342094 -1.175570
v 3.845924 1.342094 -1.175570
v 3.845924 1.342094 1.175570
v 3.845924 1.342094 1.175570
v 3.845924 1.342094 1.324430
v 3.845924 1.342094 1.324430
v 3.851151 0.060395 -1.200000
v 3.851151 0.060395 -1.200000
v 3.851151 0.060395 1.200000
v 3.851151 0.060395 1.200000
v 3.859297 0.172906 -1.225000
v 3.859297 0.172906 1.225000
v 3.866499 0.055556 -1.200000
v 3.866499 0.055556 -1.200000
v 3.866499 0.055556 1.200000
v 3.866499 0.055556 1.200000
v 3.866584 0.196820 -1.200000
v 3.866584 0.196820 -1.200000
v 3.866584 0.196820 -1.200000
v 3.866584 0.196820 1.200000
v 3.866584 0.196820 1.200000
v 3.866584 0.196820 1.200000
v 3.869098 0.157094 -1.345106
v 3.869098 0.157094 -1.154894
v 3.869098 0.157094 1.154894
v 3.869098 0.157094 1.345106
v 3.869098 1.327094 -1.345106
v 3.869098 1.327094 -1.154894
v 3.869098 1.327094 1.154894
v 3.869098 1.327094 1.345106
v 3.871570 0.142094 -1.337497
v 3.871570 0.142094 -1.337497
v 3.871570 0.142094 -1.162503
v 3.871570 0.142094 -1.162503
v 3.871570 0.142094 1.162503
v 3.871570 0.142094 1.162503
v 3.871570 0.142094 1.337497
v 3.871570 0.142094 1.337497
v 3.871570 1.342094 -1.337497
v 3.871570 1.342094 -1.337497
v 3.871570 1.342094 -1.162503
v 3.871570 1.342094 -1.162503
v 3.871570 1.342094 1.162503
v 3.871570 1.342094 1.162503
v 3.871570 1.342094 1.337497
v 3.871570 1.342094 1.337497
v 3.882547 0.024053 -1.200000
v 3.882547 0.024053 -1.200000
v 3.882547 0.024053 1.200000
v 3.882547 0.024053 1.200000
v 3.882547 0.024053 1.200000
v 3.883212 0.165619 -1.200000
v 3.883212 0.165619 -1.200000
v 3.883212 0.165619 1.200000
v 3.883212 0.165619 1.200000
v 3.890274 0.047829 -1.225000
v 3.890274 0.047829 1.225000
v 3.900000 0.142094 -1.342000
v 3.900000 0.142094 -1.342000
v 3.900000 0.142094 -1.250000
v 3.900000 0.142094 -1.158000
v 3.900000 0.142094 -1.158000
v 3.900000 0.142094 1.158000
v 3.900000 0.142094 1.158000
v 3.900000 0.142094 1.250000
v 3.900000 0.142094 1.342000
v 3.900000 0.142094 1.342000
v 3.900000 0.157094 -1.350000
v 3.900000 0.157094 -1.150000
v 3.900000 0.157094 1.150000
v 3.900000 0.157094 1.350000
v 3.900000 1.327094 -1.350000
v 3.900000 1.327094 -1.150000
v 3.900000 1.327094 1.150000
v 3.900000 1.327094 1.350000
v 3.900000 1.342094 -1.342000
v 3.900000 1.342094 -1.342000
v 3.900000 1.342094 -1.250000
v 3.900000 1.342094 -1.158000
v 3.900000 1.342094 -1.158000
v 3.900000 1.342094 1.158000
v 3.900000 1.342094 1.158000
v 3.900000 1.342094 1.250000
v 3.900000 1.342094 1.342000
v 3.900000 1.342094 1.342000
v 3.900498 0.160170 -1.200000
v 3.900498 0.160170 -1.200000
v 3.900498 0.160170 1.200000
v 3.900498 0.160170 1.200000
v 3.924274 0.152443 -1.225000
v 3.924274 0.152443 1.225000
v 3.928430 0.142094 -1.337497
v 3.928430 0.142094 -1.337497
v 3.928430 0.142094 -1.162503
v 3.928430 0.142094 -1.162503
v 3.928430 0.142094 1.162503
v 3.928430 0.142094 1.162503
v 3.928430 0.142094 1.337497
v 3.928430 0.142094 1.337497
v 3.928430 1.342094 -1.337497
v 3.928430 1.342094 -1.337497
v 3.928430 1.342094 -1.162503
v 3.928430 1.342094 -1.162503
v 3.928430 1.342094 1.162503
v 3.928430 1.342094 1.162503
v 3.928430 1.342094 1.337497
v 3.928430 1.342094 1.337497
v 3.930902 0.157094 -1.345106
v 3.930902 0.157094 -1.154894
v 3.930902 0.157094 1.154894
v 3.930902 0.157094 1.345106
v 3.930902 1.327094 -1.345106
v 3.930902 1.327094 -1.154894
v 3.930902 1.327094 1.154894
v 3.930902 1.327094 1.345106
v 3.932001 0.176219 -1.200000
v 3.932001 0.176219 -1.200000
v 3.932001 0.176219 1.200000
v 3.932001 0.176219 1.200000
v 3.932001 0.176219 1.200000
v 3.954076 0.142094 -1.324430
v 3.954076 0.142094 -1.324430
v 3.954076 0.142094 -1.175570
v 3.954076 0.142094 -1.175570
v 3.954076 0.142094 1.175570
v 3.954076 0.142094 1.175570
v 3.954076 0.142094 1.324430
v 3.954076 0.142094 1.324430
v 3.954076 1.342094 -1.324430
v 3.954076 1.342094 -1.324430
v 3.954076 1.342094 -1.175570
v 3.954076 1.342094 -1.175570
v 3.954076 1.342094 1.175570
v 3.954076 1.342094 1.175570
v 3.954076 1.342094 1.324430
v 3.954076 1.342094 1.324430
v 3.958779 0.157094 -1.330902
v 3.958779 0.157094 -1.169098
v 3.958779 0.157094 1.169098
v 3.958779 0.157094 1.330902
v 3.958779 1.327094 -1.330902
v 3.958779 1.327094 -1.169098
v 3.958779 1.327094 1.169098
v 3.958779 1.327094 1.330902
v 3.974430 0.142094 -1.304076
v 3.974430 0.142094 -1.304076
v 3.974430 0.142094 -1.195924
v 3.974430 0.142094 -1.195924
v 3.974430 0.142094 1.195924
v 3.974430 0.142094 1.195924
v 3.974430 0.142094 1.304076
v 3.974430 0.142094 1.304076
v 3.974430 1.342094 -1.304076
v 3.974430 1.342094 -1.304076
v 3.974430 1.342094 -1.195924
v 3.974430 1.342094 -1.195924
v 3.974430 1.342094 1.195924
v 3.974430 1.342094 1.195924
v 3.974430 1.342094 1.304076
v 3.974430 1.342094 1.304076
v 3.980902 0.157094 -1.308779
v 3.980902 0.157094 -1.191221
v 3.980902 0.157094 1.191221
v 3.980902 0.157094 1.308779
v 3.980902 1.327094 -1.308779
v 3.980902 1.327094 -1.191221
v 3.980902 1.327094 1.191221
v 3.980902 1.327094 1.308779
v 3.987497 0.142094 -1.278430
v 3.987497 0.142094 -1.278430
v 3.987497 0.142094 -1.221570
v 3.987497 0.142094 -1.221570
v 3.987497 0.142094 1.221570
v 3.987497 0.142094 1.221570
v 3.987497 0.142094 1.278430
v 3.987497 0.142094 1.278430
v 3.987497 1.342094 -1.278430
v 3.987497 1.342094 -1.278430
v 3.987497 1.342094 -1.221570
v 3.987497 1.342094 -1.221570
v 3.987497 1.342094 1.221570
v 3.987497 1.342094 1.221570
v 3.987497 1.342094 1.278430
v 3.987497 1.342094 1.278430
v 3.992000 0.142094 -1.250000
v 3.992000 0.142094 -1.250000
v 3.992000 0.142094 -1.250000
v 3.992000 0.142094 1.250000
v 3.992000 0.142094 1.250000
v 3.992000 0.142094 1.250000
v 3.992000 1.342094 -1.250000
v 3.992000 1.342094 -1.250000
v 3.992000 1.342094 -1.250000
v 3.992000 1.342094 1.250000
v 3.992000 1.342094 1.250000
v 3.992000 1.342094 1.250000
v 3.995106 0.157094 -1.280902
v 3.995106 0.157094 -1.219098
v 3.995106 0.157094 1.219098
v 3.995106 0.157094 1.280902
v 3.995106 1.327094 -1.280902
v 3.995106 1.327094 -1.219098
v 3.995106 1.327094 1.219098
v 3.995106 1.327094 1.280902
v 4.000000 0.157094 -1.250000
v 4.000000 0.157094 -1.250000
v 4.000000 0.157094 1.250000
v 4.000000 0.157094 1.250000
v 4.000000 1.327094 -1.250000
v 4.000000 1.327094 -1.250000
v 4.000000 1.327094 1.250000
v 4.000000 1.327094 1.250000
v 4.001405 -0.228793 -1.000000
v 4.001405 -0.228793 -1.000000
v 4.001405 -0.228793 -1.000000
v 4.001405 -0.228793 1.000000
v 4.001405 -0.228793 1.000000
v 4.001405 -0.228793 1.000000
v 4.015638 -0.184144 -1.113137
v 4.015638 -0.184144 -1.113137
v 4.015638 -0.184144 -1.113137
v 4.015638 -0.184144 -0.886863
v 4.015638 -0.184144 -0.886863
v 4.015638 -0.184144 -0.886863
v 4.015638 -0.184144 0.886863
v 4.015638 -0.184144 0.886863
v 4.015638 -0.184144 0.886863
v 4.015638 -0.184144 1.113137
v 4.015638 -0.184144 1.113137
v 4.015638 -0.184144 1.113137
v 4.027221 0.612191 -1.250000
v 4.027221 0.612191 -1.250000
v 4.027221 0.612191 -1.250000
v 4.027221 0.612191 1.250000
v 4.027221 0.612191 1.250000
v 4.027221 0.612191 1.250000
v 4.027221 1.222191 -1.250000
v 4.027221 1.222191 -1.250000
v 4.027221 1.222191 -1.250000
v 4.027221 1.222191 1.250000
v 4.027221 1.222191 1.250000
v 4.027221 1.222191 1.250000
v 4.033893 0.633121 -1.303033
v 4.033893 0.633121 -1.303033
v 4.033893 0.633121 -1.303033
v 4.033893 0.633121 -1.196967
v 4.033893 0.633121 -1.196967
v 4.033893 0.633121 -1.196967
v 4.033893 0.633121 1.196967
v 4.033893 0.633121 1.196967
v 4.033893 0.633121 1.196967
v 4.033893 0.633121 1.303033
v 4.033893 0.633121 1.303033
v 4.033893 0.633121 1.303033
v 4.033893 1.243121 -1.303033
v 4.033893 1.243121 -1.303033
v 4.033893 1.243121 -1.303033
v 4.033893 1.243121 -1.196967
v 4.033893 1.243121 -1.196967
v 4.033893 1.243121 -1.196967
v 4.033893 1.243121 1.196967
v 4.033893 1.243121 1.196967
v 4.033893 1.243121 1.196967
v 4.033893 1.243121 1.303033
v 4.033893 1.243121 1.303033
v 4.033893 1.243121 1.303033
v 4.050000 -0.076352 -1.160000
v 4.050000 -0.076352 -1.160000
v 4.050000 -0.076352 -1.160000
v 4.050000 -0.076352 -1.000000
v 4.050000 -0.076352 -0.840000
v 4.050000 -0.076352 -0.840000
v 4.050000 -0.076352 -0.840000
v 4.050000 -0.076352 -0.840000
v 4.050000 -0.076352 0.840000
v 4.050000 -0.076352 0.840000
v 4.050000 -0.076352 0.840000
v 4.050000 -0.076352 1.000000
v 4.050000 -0.076352 1.160000
v 4.050000 -0.076352 1.160000
v 4.050000 -0.076352 1.160000
v 4.050000 -0.076352 1.160000
v 4.050000 0.683648 -1.325000
v 4.050000 0.683648 -1.325000
v 4.050000 0.683648 -1.325000
v 4.050000 0.683648 -1.250000
v 4.050000 0.683648 -1.175000
v 4.050000 0.683648 -1.175000
v 4.050000 0.683648 -1.175000
v 4.050000 0.683648 -1.175000
v 4.050000 0.683648 1.175000
v 4.050000 0.683648 1.175000
v 4.050000 0.683648 1.175000
v 4.050000 0.683648 1.250000
v 4.050000 0.683648 1.325000
v 4.050000 0.683648 1.325000
v 4.050000 0.683648 1.325000
v 4.050000 0.683648 1.325000
v 4.050000 1.293648 -1.325000
v 4.050000 1.293648 -1.325000
v 4.050000 1.293648 -1.325000
v 4.050000 1.293648 -1.250000
v 4.050000 1.293648 -1.175000
v 4.050000 1.293648 -1.175000
v 4.050000 1.293648 -1.175000
v 4.050000 1.293648 -1.175000
v 4.050000 1.293648 1.175000
v 4.050000 1.293648 1.175000
v 4.050000 1.293648 1.175000
v 4.050000 1.293648 1.250000
v 4.050000 1.293648 1.325000
v 4.050000 1.293648 1.325000
v 4.050000 1.293648 1.325000
v 4.050000 1.293648 1.325000
v 4.066107 0.734176 -1.303033
v 4.066107 0.734176 -1.303033
v 4.066107 0.734176 -1.303033
v 4.066107 0.734176 -1.196967
v 4.066107 0.734176 -1.196967
v 4.066107 0.734176 -1.196967
v 4.066107 0.734176 1.196967
v 4.066107 0.734176 1.196967
v 4.066107 0.734176 1.196967
v 4.066107 0.734176 1.303033
v 4.066107 0.734176 1.303033
v 4.066107 0.734176 1.303033
v 4.066107 1.344176 -1.303033
v 4.066107 1.344176 -1.303033
v 4.066107 1.344176 -1.303033
v 4.066107 1.344176 -1.196967
v 4.066107 1.344176 -1.196967
v 4.066107 1.344176 -1.196967
v 4.066107 1.344176 1.196967
v 4.066107 1.344176 1.196967
v 4.066107 1.344176 1.196967
v 4.066107 1.344176 1.303033
v 4.066107 1.344176 1.303033
v 4.066107 1.344176 1.303033
v 4.067999 -0.036219 -1.200000
v 4.067999 -0.036219 -1.200000
v 4.067999 -0.036219 -1.200000
v 4.067999 -0.036219 1.200000
v 4.067999 -0.036219 1.200000
v 4.067999 -0.036219 1.200000
v 4.072779 0.755106 -1.250000
v 4.072779 0.755106 -1.250000
v 4.072779 0.755106 -1.250000
v 4.072779 0.755106 1.250000
v 4.072779 0.755106 1.250000
v 4.072779 0.755106 1.250000
v 4.072779 1.365106 -1.250000
v 4.072779 1.365106 -1.250000
v 4.072779 1.365106 -1.250000
v 4.072779 1.365106 1.250000
v 4.072779 1.365106 1.250000
v 4.072779 1.365106 1.250000
v 4.075726 -0.012443 -1.225000
v 4.075726 -0.012443 1.225000
v 4.084362 0.031441 -1.113137
v 4.084362 0.031441 -1.113137
v 4.084362 0.031441 -1.113137
v 4.084362 0.031441 -0.886863
v 4.084362 0.031441 -0.886863
v 4.084362 0.031441 -0.886863
v 4.084362 0.031441 0.886863
v 4.084362 0.031441 0.886863
v 4.084362 0.031441 0.886863
v 4.084362 0.031441 1.113137
v 4.084362 0.031441 1.113137
v 4.084362 0.031441 1.113137
v 4.098595 0.076090 -1.000000
v 4.098595 0.076090 -1.000000
v 4.098595 0.076090 -1.000000
v 4.098595 0.076090 1.000000
v 4.098595 0.076090 1.000000
v 4.098595 0.076090 1.000000
v 4.099502 -0.020170 -1.200000
v 4.099502 -0.020170 -1.200000
v 4.099502 -0.020170 1.200000
v 4.099502 -0.020170 1.200000
v 4.109726 0.092171 -1.225000
v 4.109726 0.092171 1.225000
v 4.117453 0.115947 -1.200000
v 4.117453 0.115947 -1.200000
v 4.117453 0.115947 -1.200000
v 4.117453 0.115947 1.200000
v 4.117453 0.115947 1.200000
v 4.117453 0.115947 1.200000
v 4.133501 0.084444 -1.200000
v 4.133501 0.084444 -1.200000
v 4.133501 0.084444 1.200000
v 4.133501 0.084444 1.200000
vt 0.243016 0.128438
vt 0.243016 0.135791
vt 0.243016 0.128438
vt 0.243016 0.841673
vt 0.085873 0.135791
vt 0.278731 0.135791
vt 0.085873 0.841673
vt 0.278731 0.135791
vt 0.278731 0.841673
vt 0.243016 0.135791
vt 0.243016 0.135791
vt 0.085873 0.128438
vt 0.085873 0.135791
vt 0.085873 0.128438
vt 0.085873 0.841673
vt 0.000000 0.000000
vt 1.000000 0.000000
vt 0.750000 0.000000
vt 0.000000 0.000000
vt 1.000000 0.000000
vt 0.750000 0.000000
vt 0.000000 0.000000
vt 1.000000 0.000000
vt 0.625000 0.000000
vt 0.000000 0.000000
vt 1.000000 0.000000
vt 0.875000 0.000000
vt 0.000000 0.000000
vt 1.000000 0.000000
vt 0.625000 0.000000
vt 0.000000 0.000000
vt 1.000000 0.000000
vt 0.875000 0.000000
vt 0.085873 0.135791
vt 0.085873 0.135791
vt 0.000000 0.000000
vt 1.000000 0.000000
vt 0.750000 0.000000
vt 0.000000 0.000000
vt 1.000000 0.000000
vt 0.750000 0.000000
vt 0.000000 0.000000
vt 1.000000 0.000000
vt 0.750000 0.000000
vt 0.000000 0.000000
vt 1.000000 0.000000
vt 0.750000 0.000000
vt 0.050159 0.135791
vt 0.085873 0.135791
vt 0.050159 0.135791
vt 0.050159 0.841673
vt 0.085873 0.841673
vt 0.000000 0.000000
vt 1.000000 0.000000
vt 0.625000 0.000000
vt 0.000000 0.000000
vt 1.000000 0.000000
vt 0.875000 0.000000
vt 0.000000 0.000000
vt 1.000000 0.000000
vt 0.625000 0.000000
vt 0.000000 0.000000
vt 1.000000 0.000000
vt 0.875000 0.000000
vt 0.000000 0.000000
vt 1.000000 0.000000
vt 0.625000 0.000000
vt 0.000000 0.000000
vt 1.000000 0.000000
vt 0.875000 0.000000
vt 0.000000 0.000000
vt 1.000000 0.000000
vt 0.625000 0.000000
vt 0.000000 0.000000
vt 1.000000 0.000000
vt 0.875000 0.000000
vt 0.000000 0.000000
vt 1.000000 0.000000
vt 0.500000 0.000000
vt 0.500000 0.500000
vt 0.000000 0.000000
vt 1.000000 0.000000
vt 0.000000 0.000000
vt 1.000000 0.000000
vt 0.000000 0.000000
vt 1.000000 0.000000
vt 0.500000 0.000000
vt 0.500000 0.500000
vt 0.000000 0.000000
vt 1.000000 0.000000
vt 0.000000 0.000000
vt 1.000000 0.000000
vt 0.000000 0.000000
vt 1.000000 0.000000
vt 0.500000 0.000000
vt 0.500000 0.500000
vt 0.000000 0.000000
vt 1.000000 0.000000
vt 0.000000 0.000000
vt 1.000000 0.000000
vt 0.000000 0.000000
vt 1.000000 0.000000
vt 0.500000 0.000000
vt 0.500000 0.500000
vt 0.000000 0.000000
vt 1.000000 0.000000
vt 0.000000 0.000000
vt 1.000000 0.000000
vt 0.000000 0.000000
vt 1.000000 0.000000
vt 0.500000 0.000000
vt 0.500000 0.500000
vt 0.000000 0.000000
vt 1.000000 0.000000
vt 0.000000 0.000000
vt 1.000000 0.000000
vt 0.000000 0.000000
vt 1.000000 0.000000
vt 0.500000 0.000000
vt 0.500000 0.500000
vt 0.000000 0.000000
vt 1.000000 0.000000
vt 0.000000 0.000000
vt 1.000000 0.000000
vt 0.000000 0.000000
vt 1.000000 0.000000
vt 0.375000 0.000000
vt 0.000000 0.000000
vt 1.000000 0.000000
vt 0.125000 0.000000
vt 0.000000 0.000000
vt 1.000000 0.000000
vt 0.375000 0.000000
vt 0.000000 0.000000
vt 1.000000 0.000000
vt 0.125000 0.000000
vt 0.000000 0.000000
vt 1.000000 0.000000
vt 0.375000 0.000000
vt 0.000000 0.000000
vt 1.000000 0.000000
vt 0.125000 0.000000
vt 0.000000 0.000000
vt 1.000000 0.000000
vt 0.375000 0.000000
vt 0.000000 0.000000
vt 1.000000 0.000000
vt 0.125000 0.000000
vt 0.000000 0.000000
vt 1.000000 0.000000
vt 0.250000 0.000000
vt 0.000000 0.000000
vt 1.000000 0.000000
vt 0.250000 0.000000
vt 0.000000 0.000000
vt 1.000000 0.000000
vt 0.250000 0.000000
vt 0.000000 0.000000
vt 1.000000 0.000000
vt 0.250000 0.000000
vt 0.000000 0.000000
vt 1.000000 0.000000
vt 0.375000 0.000000
vt 0.000000 0.000000
vt 1.000000 0.000000
vt 0.125000 0.000000
vt 0.000000 0.000000
vt 1.000000 0.000000
vt 0.375000 0.000000
vt 0.000000 0.000000
vt 1.000000 0.000000
vt 0.125000 0.000000
vt 0.000000 0.000000
vt 1.000000 0.000000
vt 0.250000 0.000000
vt 0.000000 0.000000
vt 1.000000 0.000000
vt 0.250000 0.000000
vt 0.500000 -0.365625
vt 0.500000 -0.365625
vt 0.500000 0.365625
vt 0.500000 0.365625
vt 0.550000 -0.365625
vt 0.450000 -0.365625
vt 0.550000 -0.365625
vt 0.450000 -0.365625
vt 0.550000 0.365625
vt 0.450000 0.365625
vt 0.550000 0.365625
vt 0.450000 0.365625
vt 0.500000 -0.375000
vt 0.040000 0.500000
vt 0.500000 -0.375000
vt 0.040000 0.500000
vt 0.500000 0.375000
vt 0.040000 0.500000
vt 0.500000 0.375000
vt 0.040000 0.500000
vt 0.550000 -0.375000
vt 0.062514 0.357852
vt 0.450000 -0.375000
vt 0.062514 0.642148
vt 0.550000 -0.375000
vt 0.062514 0.357852
vt 0.450000 -0.375000
vt 0.062514 0.642148
vt 0.550000 0.375000
vt 0.062514 0.357852
vt 0.450000 0.375000
vt 0.062514 0.642148
vt 0.550000 0.375000
vt 0.062514 0.357852
vt 0.450000 0.375000
vt 0.062514 0.642148
vt 0.600000 -0.365625
vt 0.400000 -0.365625
vt 0.600000 -0.365625
vt 0.400000 -0.365625
vt 0.600000 0.365625
vt 0.400000 0.365625
vt 0.600000 0.365625
vt 0.400000 0.365625
vt 0.600000 -0.375000
vt 0.127852 0.229619
vt 0.400000 -0.375000
vt 0.127852 0.770381
vt 0.600000 -0.375000
vt 0.127852 0.229619
vt 0.400000 -0.375000
vt 0.127852 0.770381
vt 0.600000 0.375000
vt 0.127852 0.229619
vt 0.400000 0.375000
vt 0.127852 0.770381
vt 0.600000 0.375000
vt 0.127852 0.229619
vt 0.400000 0.375000
vt 0.127852 0.770381
vt 0.650000 -0.365625
vt 0.350000 -0.365625
vt 0.650000 -0.365625
vt 0.350000 -0.365625
vt 0.650000 0.365625
vt 0.350000 0.365625
vt 0.650000 0.365625
vt 0.350000 0.365625
vt 0.650000 -0.375000
vt 0.229619 0.127852
vt 0.350000 -0.375000
vt 0.229619 0.872148
vt 0.650000 -0.375000
vt 0.229619 0.127852
vt 0.350000 -0.375000
vt 0.229619 0.872148
vt 0.650000 0.375000
vt 0.229619 0.127852
vt 0.350000 0.375000
vt 0.229619 0.872148
vt 0.650000 0.375000
vt 0.229619 0.127852
vt 0.350000 0.375000
vt 0.229619 0.872148
vt 0.278731 0.135791
vt 0.278731 0.193144
vt 0.364445 0.135791
vt 0.278731 0.193144
vt 0.278731 0.841673
vt 0.364445 0.841673
vt 0.700000 -0.365625
vt 0.300000 -0.365625
vt 0.700000 -0.365625
vt 0.300000 -0.365625
vt 0.700000 0.365625
vt 0.300000 0.365625
vt 0.700000 0.365625
vt 0.300000 0.365625
vt 0.700000 -0.375000
vt 0.357852 0.062514
vt 0.300000 -0.375000
vt 0.357852 0.937486
vt 0.700000 -0.375000
vt 0.357852 0.062514
vt 0.300000 -0.375000
vt 0.357852 0.937486
vt 0.700000 0.375000
vt 0.357852 0.062514
vt 0.300000 0.375000
vt 0.357852 0.937486
vt 0.700000 0.375000
vt 0.357852 0.062514
vt 0.300000 0.375000
vt 0.357852 0.937486
vt 0.243016 0.193144
vt 0.243016 0.193144
vt 0.243016 0.135791
vt 0.243016 0.200497
vt 0.243016 0.200497
vt 0.243016 0.841673
vt 0.500000 0.040000
vt 0.750000 -0.375000
vt 0.500000 0.500000
vt 0.500000 0.960000
vt 0.250000 -0.375000
vt 0.500000 0.040000
vt 0.750000 -0.375000
vt 0.500000 0.500000
vt 0.500000 0.960000
vt 0.250000 -0.375000
vt 0.750000 -0.365625
vt 0.250000 -0.365625
vt 0.750000 -0.365625
vt 0.250000 -0.365625
vt 0.750000 0.365625
vt 0.250000 0.365625
vt 0.750000 0.365625
vt 0.250000 0.365625
vt 0.750000 0.375000
vt 0.500000 0.040000
vt 0.500000 0.500000
vt 0.250000 0.375000
vt 0.500000 0.960000
vt 0.750000 0.375000
vt 0.500000 0.040000
vt 0.500000 0.500000
vt 0.250000 0.375000
vt 0.500000 0.960000
vt 0.085873 0.193144
vt 0.085873 0.193144
vt 0.244341 0.127120
vt 0.244341 0.134473
vt 0.244341 0.127120
vt 0.244341 0.840356
vt 0.050159 0.135791
vt 0.050159 0.193144
vt 0.364445 0.135791
vt 0.050159 0.193144
vt 0.050159 0.841673
vt 0.364445 0.841673
vt 0.642148 0.062514
vt 0.800000 -0.375000
vt 0.642148 0.937486
vt 0.200000 -0.375000
vt 0.642148 0.062514
vt 0.800000 -0.375000
vt 0.642148 0.937486
vt 0.200000 -0.375000
vt 0.642148 0.062514
vt 0.800000 0.375000
vt 0.642148 0.937486
vt 0.200000 0.375000
vt 0.642148 0.062514
vt 0.800000 0.375000
vt 0.642148 0.937486
vt 0.200000 0.375000
vt 0.800000 -0.365625
vt 0.200000 -0.365625
vt 0.800000 -0.365625
vt 0.200000 -0.365625
vt 0.800000 0.365625
vt 0.200000 0.365625
vt 0.800000 0.365625
vt 0.200000 0.365625
vt 0.087198 0.134473
vt 0.280055 0.134473
vt 0.087198 0.840356
vt 0.280055 0.134473
vt 0.280055 0.840356
vt 0.085873 0.135791
vt 0.085873 0.200497
vt 0.085873 0.200497
vt 0.085873 0.841673
vt 0.244341 0.134473
vt 0.244341 0.134473
vt 0.087198 0.127120
vt 0.087198 0.134473
vt 0.087198 0.127120
vt 0.087198 0.840356
vt 0.770381 0.127852
vt 0.850000 -0.375000
vt 0.770381 0.872148
vt 0.150000 -0.375000
vt 0.770381 0.127852
vt 0.850000 -0.375000
vt 0.770381 0.872148
vt 0.150000 -0.375000
vt 0.770381 0.127852
vt 0.850000 0.375000
vt 0.770381 0.872148
vt 0.150000 0.375000
vt 0.770381 0.127852
vt 0.850000 0.375000
vt 0.770381 0.872148
vt 0.150000 0.375000
vt 0.750000 0.200000
vt 0.750000 0.200000
vt 0.850000 -0.365625
vt 0.150000 -0.365625
vt 0.850000 -0.365625
vt 0.150000 -0.365625
vt 0.850000 0.365625
vt 0.150000 0.365625
vt 0.850000 0.365625
vt 0.150000 0.365625
vt 0.625000 0.200000
vt 0.875000 0.200000
vt 0.625000 0.200000
vt 0.875000 0.200000
vt 0.087198 0.134473
vt 0.087198 0.134473
vt 0.872148 0.229619
vt 0.900000 -0.375000
vt 0.872148 0.770381
vt 0.100000 -0.375000
vt 0.872148 0.229619
vt 0.900000 -0.375000
vt 0.872148 0.770381
vt 0.100000 -0.375000
vt 0.872148 0.229619
vt 0.900000 0.375000
vt 0.872148 0.770381
vt 0.100000 0.375000
vt 0.872148 0.229619
vt 0.900000 0.375000
vt 0.872148 0.770381
vt 0.100000 0.375000
vt 0.051484 0.134473
vt 0.087198 0.134473
vt 0.051484 0.134473
vt 0.051484 0.840356
vt 0.087198 0.840356
vt 0.900000 -0.365625
vt 0.100000 -0.365625
vt 0.900000 -0.365625
vt 0.100000 -0.365625
vt 0.900000 0.365625
vt 0.100000 0.365625
vt 0.900000 0.365625
vt 0.100000 0.365625
vt 0.750000 0.200000
vt 0.750000 0.200000
vt 0.750000 0.200000
vt 0.750000 0.200000
vt 0.625000 0.200000
vt 0.875000 0.200000
vt 0.625000 0.200000
vt 0.875000 0.200000
vt 0.625000 0.200000
vt 0.875000 0.200000
vt 0.625000 0.200000
vt 0.875000 0.200000
vt 0.937486 0.357852
vt 0.950000 -0.375000
vt 0.937486 0.642148
vt 0.050000 -0.375000
vt 0.937486 0.357852
vt 0.950000 -0.375000
vt 0.937486 0.642148
vt 0.050000 -0.375000
vt 0.937486 0.357852
vt 0.950000 0.375000
vt 0.937486 0.642148
vt 0.050000 0.375000
vt 0.937486 0.357852
vt 0.950000 0.375000
vt 0.937486 0.642148
vt 0.050000 0.375000
vt 0.960000 0.500000
vt 0.000000 -0.375000
vt 1.000000 -0.375000
vt 0.960000 0.500000
vt 0.000000 -0.375000
vt 1.000000 -0.375000
vt 0.960000 0.500000
vt 0.000000 0.375000
vt 1.000000 0.375000
vt 0.960000 0.500000
vt 0.000000 0.375000
vt 1.000000 0.375000
vt 0.950000 -0.365625
vt 0.050000 -0.365625
vt 0.950000 -0.365625
vt 0.050000 -0.365625
vt 0.950000 0.365625
vt 0.050000 0.365625
vt 0.950000 0.365625
vt 0.050000 0.365625
vt 0.000000 -0.365625
vt 1.000000 -0.365625
vt 0.000000 -0.365625
vt 1.000000 -0.365625
vt 0.000000 0.365625
vt 1.000000 0.365625
vt 0.000000 0.365625
vt 1.000000 0.365625
vt 0.500000 0.200000
vt 0.000000 0.200000
vt 1.000000 0.200000
vt 0.500000 0.200000
vt 0.000000 0.200000
vt 1.000000 0.200000
vt 0.500000 0.200000
vt 0.000000 0.200000
vt 1.000000 0.200000
vt 0.500000 0.200000
vt 0.000000 0.200000
vt 1.000000 0.200000
vt 0.500000 0.200000
vt 0.000000 0.200000
vt 1.000000 0.200000
vt 0.500000 0.200000
vt 0.000000 0.200000
vt 1.000000 0.200000
vt 0.375000 0.200000
vt 0.125000 0.200000
vt 0.375000 0.200000
vt 0.125000 0.200000
vt 0.375000 0.200000
vt 0.125000 0.200000
vt 0.375000 0.200000
vt 0.125000 0.200000
vt 0.250000 0.200000
vt 0.250000 0.200000
vt 0.250000 0.200000
vt 0.250000 0.200000
vt 0.375000 0.200000
vt 0.125000 0.200000
vt 0.375000 0.200000
vt 0.125000 0.200000
vt 0.250000 0.200000
vt 0.250000 0.200000
vt 0.280055 0.134473
vt 0.280055 0.191826
vt 0.365769 0.134473
vt 0.280055 0.191826
vt 0.280055 0.840356
vt 0.365769 0.840356
vt 0.244341 0.191826
vt 0.244341 0.191826
vt 0.244341 0.134473
vt 0.244341 0.199179
vt 0.244341 0.199179
vt 0.244341 0.840356
vt 0.087198 0.191826
vt 0.087198 0.191826
vt 0.051484 0.134473
vt 0.051484 0.191826
vt 0.365769 0.134473
vt 0.051484 0.191826
vt 0.051484 0.840356
vt 0.365769 0.840356
vt 0.312181 0.048478
vt 0.312181 0.055831
vt 0.312181 0.048478
vt 0.312181 0.761713
vt 0.087198 0.134473
vt 0.087198 0.199179
vt 0.087198 0.199179
vt 0.087198 0.840356
vt 0.155039 0.055831
vt 0.347896 0.055831
vt 0.155039 0.761713
vt 0.347896 0.055831
vt 0.347896 0.761713
vt 0.312181 0.055831
vt 0.312181 0.055831
vt 0.155039 0.048478
vt 0.155039 0.055831
vt 0.155039 0.048478
vt 0.155039 0.761713
vt 0.750000 0.400000
vt 0.750000 0.400000
vt 0.155039 0.055831
vt 0.155039 0.055831
vt 0.625000 0.400000
vt 0.875000 0.400000
vt 0.625000 0.400000
vt 0.875000 0.400000
vt 0.119324 0.055831
vt 0.155039 0.055831
vt 0.119324 0.055831
vt 0.119324 0.761713
vt 0.155039 0.761713
vt 0.750000 0.400000
vt 0.750000 0.400000
vt 0.750000 0.400000
vt 0.750000 0.400000
vt 0.625000 0.400000
vt 0.875000 0.400000
vt 0.625000 0.400000
vt 0.875000 0.400000
vt 0.625000 0.400000
vt 0.875000 0.400000
vt 0.625000 0.400000
vt 0.875000 0.400000
vt 0.500000 0.400000
vt 0.000000 0.400000
vt 1.000000 0.400000
vt 0.500000 0.400000
vt 0.000000 0.400000
vt 1.000000 0.400000
vt 0.500000 0.400000
vt 0.000000 0.400000
vt 1.000000 0.400000
vt 0.500000 0.400000
vt 0.000000 0.400000
vt 1.000000 0.400000
vt 0.500000 0.400000
vt 0.000000 0.400000
vt 1.000000 0.400000
vt 0.500000 0.400000
vt 0.000000 0.400000
vt 1.000000 0.400000
vt 0.375000 0.400000
vt 0.125000 0.400000
vt 0.375000 0.400000
vt 0.125000 0.400000
vt 0.375000 0.400000
vt 0.125000 0.400000
vt 0.375000 0.400000
vt 0.125000 0.400000
vt 0.250000 0.400000
vt 0.250000 0.400000
vt 0.250000 0.400000
vt 0.250000 0.400000
vt 0.375000 0.400000
vt 0.125000 0.400000
vt 0.375000 0.400000
vt 0.125000 0.400000
vt 0.250000 0.400000
vt 0.250000 0.400000
vt 0.347896 0.055831
vt 0.347896 0.113184
vt 0.433610 0.055831
vt 0.347896 0.113184
vt 0.347896 0.761713
vt 0.433610 0.761713
vt 0.312181 0.113184
vt 0.312181 0.113184
vt 0.312181 0.055831
vt 0.312181 0.120537
vt 0.312181 0.120537
vt 0.312181 0.761713
vt 0.155039 0.113184
vt 0.155039 0.113184
vt 0.119324 0.055831
vt 0.119324 0.113184
vt 0.433610 0.055831
vt 0.119324 0.113184
vt 0.119324 0.761713
vt 0.433610 0.761713
vt 0.224593 0.121625
vt 0.224593 0.128978
vt 0.224593 0.121625
vt 0.224593 0.834860
vt 0.155039 0.055831
vt 0.155039 0.120537
vt 0.155039 0.120537
vt 0.155039 0.761713
vt 0.067451 0.128978
vt 0.260308 0.128978
vt 0.067451 0.834860
vt 0.260308 0.128978
vt 0.260308 0.834860
vt 0.224593 0.128978
vt 0.224593 0.128978
vt 0.067451 0.121625
vt 0.067451 0.128978
vt 0.067451 0.121625
vt 0.067451 0.834860
vt 0.750000 0.600000
vt 0.750000 0.600000
vt 0.067451 0.128978
vt 0.067451 0.128978
vt 0.031736 0.128978
vt 0.067451 0.128978
vt 0.031736 0.128978
vt 0.031736 0.834860
vt 0.067451 0.834860
vt 0.625000 0.600000
vt 0.875000 0.600000
vt 0.625000 0.600000
vt 0.875000 0.600000
vt 0.750000 0.600000
vt 0.750000 0.600000
vt 0.750000 0.600000
vt 0.750000 0.600000
vt 0.625000 0.600000
vt 0.875000 0.600000
vt 0.625000 0.600000
vt 0.875000 0.600000
vt 0.625000 0.600000
vt 0.875000 0.600000
vt 0.625000 0.600000
vt 0.875000 0.600000
vt 0.500000 0.600000
vt 0.000000 0.600000
vt 1.000000 0.600000
vt 0.500000 0.600000
vt 0.000000 0.600000
vt 1.000000 0.600000
vt 0.500000 0.600000
vt 0.000000 0.600000
vt 1.000000 0.600000
vt 0.500000 0.600000
vt 0.000000 0.600000
vt 1.000000 0.600000
vt 0.500000 0.600000
vt 0.000000 0.600000
vt 1.000000 0.600000
vt 0.500000 0.600000
vt 0.000000 0.600000
vt 1.000000 0.600000
vt 0.375000 0.600000
vt 0.125000 0.600000
vt 0.375000 0.600000
vt 0.125000 0.600000
vt 0.375000 0.600000
vt 0.125000 0.600000
vt 0.375000 0.600000
vt 0.125000 0.600000
vt 0.250000 0.600000
vt 0.250000 0.600000
vt 0.250000 0.600000
vt 0.250000 0.600000
vt 0.375000 0.600000
vt 0.125000 0.600000
vt 0.375000 0.600000
vt 0.125000 0.600000
vt 0.250000 0.600000
vt 0.250000 0.600000
vt 0.260308 0.128978
vt 0.260308 0.186331
vt 0.346022 0.128978
vt 0.260308 0.186331
vt 0.260308 0.834860
vt 0.346022 0.834860
vt 0.224593 0.186331
vt 0.224593 0.186331
vt 0.224593 0.128978
vt 0.224593 0.193684
vt 0.224593 0.193684
vt 0.224593 0.834860
vt 0.067451 0.186331
vt 0.067451 0.186331
vt 0.031736 0.128978
vt 0.031736 0.186331
vt 0.346022 0.128978
vt 0.031736 0.186331
vt 0.031736 0.834860
vt 0.346022 0.834860
vt 0.275559 0.023369
vt 0.275559 0.030722
vt 0.275559 0.023369
vt 0.275559 0.736605
vt 0.067451 0.128978
vt 0.067451 0.193684
vt 0.067451 0.193684
vt 0.067451 0.834860
vt 0.118416 0.030722
vt 0.311274 0.030722
vt 0.118416 0.736605
vt 0.311274 0.030722
vt 0.311274 0.736605
vt 0.275559 0.030722
vt 0.275559 0.030722
vt 0.118416 0.023369
vt 0.118416 0.030722
vt 0.118416 0.023369
vt 0.118416 0.736605
vt 0.118416 0.030722
vt 0.118416 0.030722
vt 0.750000 0.800000
vt 0.750000 0.800000
vt 0.082702 0.030722
vt 0.118416 0.030722
vt 0.082702 0.030722
vt 0.082702 0.736605
vt 0.118416 0.736605
vt 0.625000 0.800000
vt 0.875000 0.800000
vt 0.625000 0.800000
vt 0.875000 0.800000
vt 0.750000 0.800000
vt 0.750000 0.800000
vt 0.750000 0.800000
vt 0.750000 0.800000
vt 0.625000 0.800000
vt 0.875000 0.800000
vt 0.625000 0.800000
vt 0.875000 0.800000
vt 0.625000 0.800000
vt 0.875000 0.800000
vt 0.625000 0.800000
vt 0.875000 0.800000
vt 0.500000 0.800000
vt 0.000000 0.800000
vt 1.000000 0.800000
vt 0.500000 0.800000
vt 0.000000 0.800000
vt 1.000000 0.800000
vt 0.500000 0.800000
vt 0.000000 0.800000
vt 1.000000 0.800000
vt 0.500000 0.800000
vt 0.000000 0.800000
vt 1.000000 0.800000
vt 0.500000 0.800000
vt 0.000000 0.800000
vt 1.000000 0.800000
vt 0.500000 0.800000
vt 0.000000 0.800000
vt 1.000000 0.800000
vt 0.375000 0.800000
vt 0.125000 0.800000
vt 0.375000 0.800000
vt 0.125000 0.800000
vt 0.375000 0.800000
vt 0.125000 0.800000
vt 0.375000 0.800000
vt 0.125000 0.800000
vt 0.250000 0.800000
vt 0.250000 0.800000
vt 0.250000 0.800000
vt 0.250000 0.800000
vt 0.375000 0.800000
vt 0.125000 0.800000
vt 0.375000 0.800000
vt 0.125000 0.800000
vt 0.250000 0.800000
vt 0.250000 0.800000
vt 0.311274 0.030722
vt 0.311274 0.088075
vt 0.396988 0.030722
vt 0.311274 0.088075
vt 0.311274 0.736605
vt 0.396988 0.736605
vt 0.275559 0.088075
vt 0.275559 0.088075
vt 0.275559 0.030722
vt 0.275559 0.095428
vt 0.275559 0.095428
vt 0.275559 0.736605
vt 0.118416 0.088075
vt 0.118416 0.088075
vt 0.082702 0.030722
vt 0.082702 0.088075
vt 0.396988 0.030722
vt 0.082702 0.088075
vt 0.082702 0.736605
vt 0.396988 0.736605
vt 0.297635 0.047919
vt 0.297635 0.055272
vt 0.297635 0.047919
vt 0.297635 0.761154
vt 0.118416 0.030722
vt 0.118416 0.095428
vt 0.118416 0.095428
vt 0.118416 0.736605
vt 0.140492 0.055272
vt 0.333350 0.055272
vt 0.140492 0.761154
vt 0.333350 0.055272
vt 0.333350 0.761154
vt 0.140492 0.047919
vt 0.140492 0.055272
vt 0.140492 0.047919
vt 0.140492 0.761154
vt 0.297635 0.055272
vt 0.297635 0.055272
vt 0.140492 0.055272
vt 0.140492 0.055272
vt 0.104778 0.055272
vt 0.140492 0.055272
vt 0.104778 0.055272
vt 0.104778 0.761154
vt 0.140492 0.761154
vt 0.750000 1.000000
vt 0.750000 1.000000
vt 0.625000 1.000000
vt 0.875000 1.000000
vt 0.625000 1.000000
vt 0.875000 1.000000
vt 0.750000 1.000000
vt 0.750000 1.000000
vt 0.750000 1.000000
vt 0.750000 1.000000
vt 0.625000 1.000000
vt 0.875000 1.000000
vt 0.625000 1.000000
vt 0.875000 1.000000
vt 0.625000 1.000000
vt 0.875000 1.000000
vt 0.625000 1.000000
vt 0.875000 1.000000
vt 0.500000 1.000000
vt 0.000000 1.000000
vt 1.000000 1.000000
vt 0.500000 1.000000
vt 0.000000 1.000000
vt 1.000000 1.000000
vt 0.500000 1.000000
vt 0.000000 1.000000
vt 1.000000 1.000000
vt 0.500000 1.000000
vt 0.000000 1.000000
vt 1.000000 1.000000
vt 0.500000 1.000000
vt 0.000000 1.000000
vt 1.000000 1.000000
vt 0.500000 1.000000
vt 0.000000 1.000000
vt 1.000000 1.000000
vt 0.375000 1.000000
vt 0.125000 1.000000
vt 0.375000 1.000000
vt 0.125000 1.000000
vt 0.375000 1.000000
vt 0.125000 1.000000
vt 0.375000 1.000000
vt 0.125000 1.000000
vt 0.250000 1.000000
vt 0.250000 1.000000
vt 0.250000 1.000000
vt 0.250000 1.000000
vt 0.375000 1.000000
vt 0.125000 1.000000
vt 0.375000 1.000000
vt 0.125000 1.000000
vt 0.250000 1.000000
vt 0.250000 1.000000
vt 0.500000 -0.365625
vt 0.500000 -0.365625
vt 0.500000 0.365625
vt 0.500000 0.365625
vt 0.550000 -0.365625
vt 0.450000 -0.365625
vt 0.550000 -0.365625
vt 0.450000 -0.365625
vt 0.550000 0.365625
vt 0.450000 0.365625
vt 0.550000 0.365625
vt 0.450000 0.365625
vt 0.500000 -0.375000
vt 0.040000 0.500000
vt 0.500000 -0.375000
vt 0.040000 0.500000
vt 0.500000 0.375000
vt 0.040000 0.500000
vt 0.500000 0.375000
vt 0.040000 0.500000
vt 0.550000 -0.375000
vt 0.062514 0.357852
vt 0.450000 -0.375000
vt 0.062514 0.642148
vt 0.550000 -0.375000
vt 0.062514 0.357852
vt 0.450000 -0.375000
vt 0.062514 0.642148
vt 0.550000 0.375000
vt 0.062514 0.357852
vt 0.450000 0.375000
vt 0.062514 0.642148
vt 0.550000 0.375000
vt 0.062514 0.357852
vt 0.450000 0.375000
vt 0.062514 0.642148
vt 0.600000 -0.365625
vt 0.400000 -0.365625
vt 0.600000 -0.365625
vt 0.400000 -0.365625
vt 0.600000 0.365625
vt 0.400000 0.365625
vt 0.600000 0.365625
vt 0.400000 0.365625
vt 0.600000 -0.375000
vt 0.127852 0.229619
vt 0.400000 -0.375000
vt 0.127852 0.770381
vt 0.600000 -0.375000
vt 0.127852 0.229619
vt 0.400000 -0.375000
vt 0.127852 0.770381
vt 0.600000 0.375000
vt 0.127852 0.229619
vt 0.400000 0.375000
vt 0.127852 0.770381
vt 0.600000 0.375000
vt 0.127852 0.229619
vt 0.400000 0.375000
vt 0.127852 0.770381
vt 0.333350 0.055272
vt 0.333350 0.112625
vt 0.419064 0.055272
vt 0.333350 0.112625
vt 0.333350 0.761154
vt 0.419064 0.761154
vt 0.297635 0.112625
vt 0.297635 0.112625
vt 0.650000 -0.365625
vt 0.350000 -0.365625
vt 0.650000 -0.365625
vt 0.350000 -0.365625
vt 0.650000 0.365625
vt 0.350000 0.365625
vt 0.650000 0.365625
vt 0.350000 0.365625
vt 0.650000 -0.375000
vt 0.229619 0.127852
vt 0.350000 -0.375000
vt 0.229619 0.872148
vt 0.650000 -0.375000
vt 0.229619 0.127852
vt 0.350000 -0.375000
vt 0.229619 0.872148
vt 0.650000 0.375000
vt 0.229619 0.127852
vt 0.350000 0.375000
vt 0.229619 0.872148
vt 0.650000 0.375000
vt 0.229619 0.127852
vt 0.350000 0.375000
vt 0.229619 0.872148
vt 0.140492 0.112625
vt 0.140492 0.112625
vt 0.297635 0.055272
vt 0.297635 0.119978
vt 0.297635 0.119978
vt 0.297635 0.761154
vt 0.104778 0.055272
vt 0.104778 0.112625
vt 0.419064 0.055272
vt 0.104778 0.112625
vt 0.104778 0.761154
vt 0.419064 0.761154
vt 0.235564 0.089133
vt 0.235564 0.096486
vt 0.235564 0.089133
vt 0.235564 0.802369
vt 0.700000 -0.365625
vt 0.300000 -0.365625
vt 0.700000 -0.365625
vt 0.300000 -0.365625
vt 0.700000 0.365625
vt 0.300000 0.365625
vt 0.700000 0.365625
vt 0.300000 0.365625
vt 0.700000 -0.375000
vt 0.357852 0.062514
vt 0.300000 -0.375000
vt 0.357852 0.937486
vt 0.700000 -0.375000
vt 0.357852 0.062514
vt 0.300000 -0.375000
vt 0.357852 0.937486
vt 0.700000 0.375000
vt 0.357852 0.062514
vt 0.300000 0.375000
vt 0.357852 0.937486
vt 0.700000 0.375000
vt 0.357852 0.062514
vt 0.300000 0.375000
vt 0.357852 0.937486
vt 0.140492 0.055272
vt 0.140492 0.119978
vt 0.140492 0.119978
vt 0.140492 0.761154
vt 0.078421 0.096486
vt 0.271278 0.096486
vt 0.078421 0.802369
vt 0.271278 0.096486
vt 0.271278 0.802369
vt 0.078421 0.089133
vt 0.078421 0.096486
vt 0.078421 0.089133
vt 0.078421 0.802369
vt 0.235564 0.096486
vt 0.235564 0.096486
vt 0.500000 0.040000
vt 0.750000 -0.375000
vt 0.500000 0.500000
vt 0.500000 0.960000
vt 0.250000 -0.375000
vt 0.500000 0.040000
vt 0.750000 -0.375000
vt 0.500000 0.500000
vt 0.500000 0.960000
vt 0.250000 -0.375000
vt 0.750000 -0.365625
vt 0.250000 -0.365625
vt 0.750000 -0.365625
vt 0.250000 -0.365625
vt 0.750000 0.365625
vt 0.250000 0.365625
vt 0.750000 0.365625
vt 0.250000 0.365625
vt 0.750000 0.375000
vt 0.500000 0.040000
vt 0.500000 0.500000
vt 0.250000 0.375000
vt 0.500000 0.960000
vt 0.750000 0.375000
vt 0.500000 0.040000
vt 0.500000 0.500000
vt 0.250000 0.375000
vt 0.500000 0.960000
vt 0.078421 0.096486
vt 0.078421 0.096486
vt 0.042707 0.096486
vt 0.078421 0.096486
vt 0.042707 0.096486
vt 0.042707 0.802369
vt 0.078421 0.802369
vt 0.642148 0.062514
vt 0.800000 -0.375000
vt 0.642148 0.937486
vt 0.200000 -0.375000
vt 0.642148 0.062514
vt 0.800000 -0.375000
vt 0.642148 0.937486
vt 0.200000 -0.375000
vt 0.642148 0.062514
vt 0.800000 0.375000
vt 0.642148 0.937486
vt 0.200000 0.375000
vt 0.642148 0.062514
vt 0.800000 0.375000
vt 0.642148 0.937486
vt 0.200000 0.375000
vt 0.800000 -0.365625
vt 0.200000 -0.365625
vt 0.800000 -0.365625
vt 0.200000 -0.365625
vt 0.800000 0.365625
vt 0.200000 0.365625
vt 0.800000 0.365625
vt 0.200000 0.365625
vt 0.750000 1.200000
vt 0.750000 1.200000
vt 0.625000 1.200000
vt 0.875000 1.200000
vt 0.625000 1.200000
vt 0.875000 1.200000
vt 0.750000 1.200000
vt 0.750000 1.200000
vt 0.750000 1.200000
vt 0.750000 1.200000
vt 0.770381 0.127852
vt 0.850000 -0.375000
vt 0.770381 0.872148
vt 0.150000 -0.375000
vt 0.770381 0.127852
vt 0.850000 -0.375000
vt 0.770381 0.872148
vt 0.150000 -0.375000
vt 0.770381 0.127852
vt 0.850000 0.375000
vt 0.770381 0.872148
vt 0.150000 0.375000
vt 0.770381 0.127852
vt 0.850000 0.375000
vt 0.770381 0.872148
vt 0.150000 0.375000
vt 0.625000 1.200000
vt 0.875000 1.200000
vt 0.625000 1.200000
vt 0.875000 1.200000
vt 0.625000 1.200000
vt 0.875000 1.200000
vt 0.625000 1.200000
vt 0.875000 1.200000
vt 0.850000 -0.365625
vt 0.150000 -0.365625
vt 0.850000 -0.365625
vt 0.150000 -0.365625
vt 0.850000 0.365625
vt 0.150000 0.365625
vt 0.850000 0.365625
vt 0.150000 0.365625
vt 0.500000 1.200000
vt 0.000000 1.200000
vt 1.000000 1.200000
vt 0.500000 1.200000
vt 0.000000 1.200000
vt 1.000000 1.200000
vt 0.500000 1.200000
vt 0.000000 1.200000
vt 1.000000 1.200000
vt 0.500000 1.200000
vt 0.000000 1.200000
vt 1.000000 1.200000
vt 0.500000 1.200000
vt 0.000000 1.200000
vt 1.000000 1.200000
vt 0.500000 1.200000
vt 0.000000 1.200000
vt 1.000000 1.200000
vt 0.872148 0.229619
vt 0.900000 -0.375000
vt 0.872148 0.770381
vt 0.100000 -0.375000
vt 0.872148 0.229619
vt 0.900000 -0.375000
vt 0.872148 0.770381
vt 0.100000 -0.375000
vt 0.872148 0.229619
vt 0.900000 0.375000
vt 0.872148 0.770381
vt 0.100000 0.375000
vt 0.872148 0.229619
vt 0.900000 0.375000
vt 0.872148 0.770381
vt 0.100000 0.375000
vt 0.375000 1.200000
vt 0.125000 1.200000
vt 0.375000 1.200000
vt 0.125000 1.200000
vt 0.375000 1.200000
vt 0.125000 1.200000
vt 0.375000 1.200000
vt 0.125000 1.200000
vt 0.900000 -0.365625
vt 0.100000 -0.365625
vt 0.900000 -0.365625
vt 0.100000 -0.365625
vt 0.900000 0.365625
vt 0.100000 0.365625
vt 0.900000 0.365625
vt 0.100000 0.365625
vt 0.250000 1.200000
vt 0.250000 1.200000
vt 0.250000 1.200000
vt 0.250000 1.200000
vt 0.937486 0.357852
vt 0.950000 -0.375000
vt 0.937486 0.642148
vt 0.050000 -0.375000
vt 0.937486 0.357852
vt 0.950000 -0.375000
vt 0.937486 0.642148
vt 0.050000 -0.375000
vt 0.937486 0.357852
vt 0.950000 0.375000
vt 0.937486 0.642148
vt 0.050000 0.375000
vt 0.937486 0.357852
vt 0.950000 0.375000
vt 0.937486 0.642148
vt 0.050000 0.375000
vt 0.375000 1.200000
vt 0.125000 1.200000
vt 0.375000 1.200000
vt 0.125000 1.200000
vt 0.960000 0.500000
vt 0.000000 -0.375000
vt 1.000000 -0.375000
vt 0.960000 0.500000
vt 0.000000 -0.375000
vt 1.000000 -0.375000
vt 0.960000 0.500000
vt 0.000000 0.375000
vt 1.000000 0.375000
vt 0.960000 0.500000
vt 0.000000 0.375000
vt 1.000000 0.375000
vt 0.950000 -0.365625
vt 0.050000 -0.365625
vt 0.950000 -0.365625
vt 0.050000 -0.365625
vt 0.950000 0.365625
vt 0.050000 0.365625
vt 0.950000 0.365625
vt 0.050000 0.365625
vt 0.000000 -0.365625
vt 1.000000 -0.365625
vt 0.000000 -0.365625
vt 1.000000 -0.365625
vt 0.000000 0.365625
vt 1.000000 0.365625
vt 0.000000 0.365625
vt 1.000000 0.365625
vt 0.250000 1.200000
vt 0.250000 1.200000
vt 0.271278 0.096486
vt 0.271278 0.153839
vt 0.356992 0.096486
vt 0.271278 0.153839
vt 0.271278 0.802369
vt 0.356992 0.802369
vt 0.235564 0.153839
vt 0.235564 0.153839
vt 0.078421 0.153839
vt 0.078421 0.153839
vt 0.235564 0.096486
vt 0.235564 0.161192
vt 0.235564 0.161192
vt 0.235564 0.802369
vt 0.042707 0.096486
vt 0.042707 0.153839
vt 0.356992 0.096486
vt 0.042707 0.153839
vt 0.042707 0.802369
vt 0.356992 0.802369
vt 0.217556 0.032034
vt 0.217556 0.039386
vt 0.217556 0.032034
vt 0.217556 0.745269
vt 0.078421 0.096486
vt 0.078421 0.161192
vt 0.078421 0.161192
vt 0.078421 0.802369
vt 0.060413 0.032034
vt 0.060413 0.039386
vt 0.060413 0.032034
vt 0.060413 0.745269
vt 0.060413 0.039386
vt 0.253270 0.039386
vt 0.060413 0.745269
vt 0.253270 0.039386
vt 0.253270 0.745269
vt 0.217556 0.039386
vt 0.217556 0.039386
vt 0.060413 0.039386
vt 0.060413 0.039386
vt 0.024699 0.039386
vt 0.060413 0.039386
vt 0.024699 0.039386
vt 0.024699 0.745269
vt 0.060413 0.745269
vt 0.750000 1.400000
vt 0.750000 1.400000
vt 0.625000 1.400000
vt 0.875000 1.400000
vt 0.625000 1.400000
vt 0.875000 1.400000
vt 0.750000 1.400000
vt 0.750000 1.400000
vt 0.750000 1.400000
vt 0.750000 1.400000
vt 0.625000 1.400000
vt 0.875000 1.400000
vt 0.625000 1.400000
vt 0.875000 1.400000
vt 0.625000 1.400000
vt 0.875000 1.400000
vt 0.625000 1.400000
vt 0.875000 1.400000
vt 0.500000 1.400000
vt 0.000000 1.400000
vt 1.000000 1.400000
vt 0.500000 1.400000
vt 0.000000 1.400000
vt 1.000000 1.400000
vt 0.500000 1.400000
vt 0.000000 1.400000
vt 1.000000 1.400000
vt 0.500000 1.400000
vt 0.000000 1.400000
vt 1.000000 1.400000
vt 0.500000 1.400000
vt 0.000000 1.400000
vt 1.000000 1.400000
vt 0.500000 1.400000
vt 0.000000 1.400000
vt 1.000000 1.400000
vt 0.375000 1.400000
vt 0.125000 1.400000
vt 0.375000 1.400000
vt 0.125000 1.400000
vt 0.375000 1.400000
vt 0.125000 1.400000
vt 0.375000 1.400000
vt 0.125000 1.400000
vt 0.250000 1.400000
vt 0.250000 1.400000
vt 0.250000 1.400000
vt 0.250000 1.400000
vt 0.375000 1.400000
vt 0.125000 1.400000
vt 0.375000 1.400000
vt 0.125000 1.400000
vt 0.250000 1.400000
vt 0.250000 1.400000
vt 0.253270 0.039386
vt 0.253270 0.096739
vt 0.338985 0.039386
vt 0.253270 0.096739
vt 0.253270 0.745269
vt 0.338985 0.745269
vt 0.217556 0.096739
vt 0.217556 0.096739
vt 0.060413 0.096739
vt 0.060413 0.096739
vt 0.024699 0.039386
vt 0.024699 0.096739
vt 0.338985 0.039386
vt 0.024699 0.096739
vt 0.024699 0.745269
vt 0.338985 0.745269
vt 0.217556 0.039386
vt 0.217556 0.104092
vt 0.217556 0.104092
vt 0.217556 0.745269
vt 0.239288 0.098190
vt 0.239288 0.105543
vt 0.239288 0.098190
vt 0.239288 0.811426
vt 0.060413 0.039386
vt 0.060413 0.104092
vt 0.060413 0.104092
vt 0.060413 0.745269
vt 0.082145 0.098190
vt 0.082145 0.105543
vt 0.082145 0.098190
vt 0.082145 0.811426
vt 0.082145 0.105543
vt 0.275002 0.105543
vt 0.082145 0.811426
vt 0.275002 0.105543
vt 0.275002 0.811426
vt 0.239288 0.105543
vt 0.239288 0.105543
vt 0.082145 0.105543
vt 0.082145 0.105543
vt 0.046431 0.105543
vt 0.082145 0.105543
vt 0.046431 0.105543
vt 0.046431 0.811426
vt 0.082145 0.811426
vt 0.750000 1.600000
vt 0.750000 1.600000
vt 0.625000 1.600000
vt 0.875000 1.600000
vt 0.625000 1.600000
vt 0.875000 1.600000
vt 0.750000 1.600000
vt 0.750000 1.600000
vt 0.750000 1.600000
vt 0.750000 1.600000
vt 0.625000 1.600000
vt 0.875000 1.600000
vt 0.625000 1.600000
vt 0.875000 1.600000
vt 0.625000 1.600000
vt 0.875000 1.600000
vt 0.625000 1.600000
vt 0.875000 1.600000
vt 0.500000 1.600000
vt 0.000000 1.600000
vt 1.000000 1.600000
vt 0.500000 1.600000
vt 0.000000 1.600000
vt 1.000000 1.600000
vt 0.500000 1.600000
vt 0.000000 1.600000
vt 1.000000 1.600000
vt 0.500000 1.600000
vt 0.000000 1.600000
vt 1.000000 1.600000
vt 0.500000 1.600000
vt 0.000000 1.600000
vt 1.000000 1.600000
vt 0.500000 1.600000
vt 0.000000 1.600000
vt 1.000000 1.600000
vt 0.375000 1.600000
vt 0.125000 1.600000
vt 0.375000 1.600000
vt 0.125000 1.600000
vt 0.375000 1.600000
vt 0.125000 1.600000
vt 0.375000 1.600000
vt 0.125000 1.600000
vt 0.250000 1.600000
vt 0.250000 1.600000
vt 0.250000 1.600000
vt 0.250000 1.600000
vt 0.375000 1.600000
vt 0.125000 1.600000
vt 0.375000 1.600000
vt 0.125000 1.600000
vt 0.250000 1.600000
vt 0.250000 1.600000
vt 0.275002 0.105543
vt 0.275002 0.162896
vt 0.360716 0.105543
vt 0.275002 0.162896
vt 0.275002 0.811426
vt 0.360716 0.811426
vt 0.239288 0.162896
vt 0.239288 0.162896
vt 0.082145 0.162896
vt 0.082145 0.162896
vt 0.046431 0.105543
vt 0.046431 0.162896
vt 0.360716 0.105543
vt 0.046431 0.162896
vt 0.046431 0.811426
vt 0.360716 0.811426
vt 0.239288 0.105543
vt 0.239288 0.170249
vt 0.239288 0.170249
vt 0.239288 0.811426
vt 0.267658 0.106936
vt 0.267658 0.114289
vt 0.267658 0.106936
vt 0.267658 0.820172
vt 0.082145 0.105543
vt 0.082145 0.170249
vt 0.082145 0.170249
vt 0.082145 0.811426
vt 0.110515 0.106936
vt 0.110515 0.114289
vt 0.110515 0.106936
vt 0.110515 0.820172
vt 0.110515 0.114289
vt 0.303372 0.114289
vt 0.110515 0.820172
vt 0.303372 0.114289
vt 0.303372 0.820172
vt 0.267658 0.114289
vt 0.267658 0.114289
vt 0.110515 0.114289
vt 0.110515 0.114289
vt 0.074800 0.114289
vt 0.110515 0.114289
vt 0.074800 0.114289
vt 0.074800 0.820172
vt 0.110515 0.820172
vt 0.750000 1.800000
vt 0.750000 1.800000
vt 0.625000 1.800000
vt 0.875000 1.800000
vt 0.625000 1.800000
vt 0.875000 1.800000
vt 0.750000 1.800000
vt 0.750000 1.800000
vt 0.750000 1.800000
vt 0.750000 1.800000
vt 0.625000 1.800000
vt 0.875000 1.800000
vt 0.625000 1.800000
vt 0.875000 1.800000
vt 0.625000 1.800000
vt 0.875000 1.800000
vt 0.625000 1.800000
vt 0.875000 1.800000
vt 0.500000 1.800000
vt 0.000000 1.800000
vt 1.000000 1.800000
vt 0.500000 1.800000
vt 0.000000 1.800000
vt 1.000000 1.800000
vt 0.500000 1.800000
vt 0.000000 1.800000
vt 1.000000 1.800000
vt 0.500000 1.800000
vt 0.000000 1.800000
vt 1.000000 1.800000
vt 0.500000 1.800000
vt 0.000000 1.800000
vt 1.000000 1.800000
vt 0.500000 1.800000
vt 0.000000 1.800000
vt 1.000000 1.800000
vt 0.375000 1.800000
vt 0.125000 1.800000
vt 0.375000 1.800000
vt 0.125000 1.800000
vt 0.375000 1.800000
vt 0.125000 1.800000
vt 0.375000 1.800000
vt 0.125000 1.800000
vt 0.250000 1.800000
vt 0.250000 1.800000
vt 0.250000 1.800000
vt 0.250000 1.800000
vt 0.375000 1.800000
vt 0.125000 1.800000
vt 0.375000 1.800000
vt 0.125000 1.800000
vt 0.250000 1.800000
vt 0.250000 1.800000
vt 0.303372 0.114289
vt 0.303372 0.171642
vt 0.389086 0.114289
vt 0.303372 0.171642
vt 0.303372 0.820172
vt 0.389086 0.820172
vt 0.267658 0.171642
vt 0.267658 0.171642
vt 0.110515 0.171642
vt 0.110515 0.171642
vt 0.074800 0.114289
vt 0.074800 0.171642
vt 0.389086 0.114289
vt 0.074800 0.171642
vt 0.074800 0.820172
vt 0.389086 0.820172
vt 0.267658 0.114289
vt 0.267658 0.178995
vt 0.267658 0.178995
vt 0.267658 0.820172
vt 0.224487 0.028673
vt 0.224487 0.036026
vt 0.224487 0.028673
vt 0.224487 0.741909
vt 0.110515 0.114289
vt 0.110515 0.178995
vt 0.110515 0.178995
vt 0.110515 0.820172
vt 0.067345 0.028673
vt 0.067345 0.036026
vt 0.067345 0.028673
vt 0.067345 0.741909
vt 0.067345 0.036026
vt 0.260202 0.036026
vt 0.067345 0.741909
vt 0.260202 0.036026
vt 0.260202 0.741909
vt 0.224487 0.036026
vt 0.224487 0.036026
vt 0.067345 0.036026
vt 0.067345 0.036026
vt 0.031630 0.036026
vt 0.067345 0.036026
vt 0.031630 0.036026
vt 0.031630 0.741909
vt 0.067345 0.741909
vt 0.750000 2.000000
vt 0.750000 2.000000
vt 0.625000 2.000000
vt 0.875000 2.000000
vt 0.625000 2.000000
vt 0.875000 2.000000
vt 0.750000 2.000000
vt 0.750000 2.000000
vt 0.750000 2.000000
vt 0.750000 2.000000
vt 0.625000 2.000000
vt 0.875000 2.000000
vt 0.625000 2.000000
vt 0.875000 2.000000
vt 0.625000 2.000000
vt 0.875000 2.000000
vt 0.625000 2.000000
vt 0.875000 2.000000
vt 0.500000 2.000000
vt 0.000000 2.000000
vt 1.000000 2.000000
vt 0.500000 2.000000
vt 0.000000 2.000000
vt 1.000000 2.000000
vt 0.500000 2.000000
vt 0.000000 2.000000
vt 1.000000 2.000000
vt 0.500000 2.000000
vt 0.000000 2.000000
vt 1.000000 2.000000
vt 0.500000 2.000000
vt 0.000000 2.000000
vt 1.000000 2.000000
vt 0.500000 2.000000
vt 0.000000 2.000000
vt 1.000000 2.000000
vt 0.375000 2.000000
vt 0.125000 2.000000
vt 0.375000 2.000000
vt 0.125000 2.000000
vt 0.375000 2.000000
vt 0.125000 2.000000
vt 0.375000 2.000000
vt 0.125000 2.000000
vt 0.250000 2.000000
vt 0.250000 2.000000
vt 0.250000 2.000000
vt 0.250000 2.000000
vt 0.375000 2.000000
vt 0.125000 2.000000
vt 0.375000 2.000000
vt 0.125000 2.000000
vt 0.250000 2.000000
vt 0.250000 2.000000
vt 0.260202 0.036026
vt 0.260202 0.093379
vt 0.345916 0.036026
vt 0.260202 0.093379
vt 0.260202 0.741909
vt 0.345916 0.741909
vt 0.224487 0.093379
vt 0.224487 0.093379
vt 0.500000 -0.365625
vt 0.500000 -0.365625
vt 0.500000 0.365625
vt 0.500000 0.365625
vt 0.067345 0.093379
vt 0.067345 0.093379
vt 0.550000 -0.365625
vt 0.450000 -0.365625
vt 0.550000 -0.365625
vt 0.450000 -0.365625
vt 0.550000 0.365625
vt 0.450000 0.365625
vt 0.550000 0.365625
vt 0.450000 0.365625
vt 0.031630 0.036026
vt 0.031630 0.093379
vt 0.345916 0.036026
vt 0.031630 0.093379
vt 0.031630 0.741909
vt 0.345916 0.741909
vt 0.500000 -0.375000
vt 0.040000 0.500000
vt 0.500000 -0.375000
vt 0.040000 0.500000
vt 0.500000 0.375000
vt 0.040000 0.500000
vt 0.500000 0.375000
vt 0.040000 0.500000
vt 0.550000 -0.375000
vt 0.062514 0.357852
vt 0.450000 -0.375000
vt 0.062514 0.642148
vt 0.550000 -0.375000
vt 0.062514 0.357852
vt 0.450000 -0.375000
vt 0.062514 0.642148
vt 0.550000 0.375000
vt 0.062514 0.357852
vt 0.450000 0.375000
vt 0.062514 0.642148
vt 0.550000 0.375000
vt 0.062514 0.357852
vt 0.450000 0.375000
vt 0.062514 0.642148
vt 0.224487 0.036026
vt 0.224487 0.100732
vt 0.224487 0.100732
vt 0.224487 0.741909
vt 0.600000 -0.365625
vt 0.400000 -0.365625
vt 0.600000 -0.365625
vt 0.400000 -0.365625
vt 0.600000 0.365625
vt 0.400000 0.365625
vt 0.600000 0.365625
vt 0.400000 0.365625
vt 0.226616 0.103007
vt 0.226616 0.110360
vt 0.226616 0.103007
vt 0.226616 0.816242
vt 0.600000 -0.375000
vt 0.127852 0.229619
vt 0.400000 -0.375000
vt 0.127852 0.770381
vt 0.600000 -0.375000
vt 0.127852 0.229619
vt 0.400000 -0.375000
vt 0.127852 0.770381
vt 0.600000 0.375000
vt 0.127852 0.229619
vt 0.400000 0.375000
vt 0.127852 0.770381
vt 0.600000 0.375000
vt 0.127852 0.229619
vt 0.400000 0.375000
vt 0.127852 0.770381
vt 0.067345 0.036026
vt 0.067345 0.100732
vt 0.067345 0.100732
vt 0.067345 0.741909
vt 0.069473 0.103007
vt 0.069473 0.110360
vt 0.069473 0.103007
vt 0.069473 0.816242
vt 0.650000 -0.365625
vt 0.350000 -0.365625
vt 0.650000 -0.365625
vt 0.350000 -0.365625
vt 0.650000 0.365625
vt 0.350000 0.365625
vt 0.650000 0.365625
vt 0.350000 0.365625
vt 0.069473 0.110360
vt 0.262330 0.110360
vt 0.069473 0.816242
vt 0.262330 0.110360
vt 0.262330 0.816242
vt 0.650000 -0.375000
vt 0.229619 0.127852
vt 0.350000 -0.375000
vt 0.229619 0.872148
vt 0.650000 -0.375000
vt 0.229619 0.127852
vt 0.350000 -0.375000
vt 0.229619 0.872148
vt 0.650000 0.375000
vt 0.229619 0.127852
vt 0.350000 0.375000
vt 0.229619 0.872148
vt 0.650000 0.375000
vt 0.229619 0.127852
vt 0.350000 0.375000
vt 0.229619 0.872148
vt 0.226616 0.110360
vt 0.226616 0.110360
vt 0.069473 0.110360
vt 0.069473 0.110360
vt 0.033759 0.110360
vt 0.069473 0.110360
vt 0.033759 0.110360
vt 0.033759 0.816242
vt 0.069473 0.816242
vt 0.700000 -0.365625
vt 0.300000 -0.365625
vt 0.700000 -0.365625
vt 0.300000 -0.365625
vt 0.700000 0.365625
vt 0.300000 0.365625
vt 0.700000 0.365625
vt 0.300000 0.365625
vt 0.700000 -0.375000
vt 0.357852 0.062514
vt 0.300000 -0.375000
vt 0.357852 0.937486
vt 0.700000 -0.375000
vt 0.357852 0.062514
vt 0.300000 -0.375000
vt 0.357852 0.937486
vt 0.700000 0.375000
vt 0.357852 0.062514
vt 0.300000 0.375000
vt 0.357852 0.937486
vt 0.700000 0.375000
vt 0.357852 0.062514
vt 0.300000 0.375000
vt 0.357852 0.937486
vt 0.500000 0.040000
vt 0.750000 -0.375000
vt 0.500000 0.500000
vt 0.500000 0.960000
vt 0.250000 -0.375000
vt 0.500000 0.040000
vt 0.750000 -0.375000
vt 0.500000 0.500000
vt 0.500000 0.960000
vt 0.250000 -0.375000
vt 0.750000 -0.365625
vt 0.250000 -0.365625
vt 0.750000 -0.365625
vt 0.250000 -0.365625
vt 0.750000 0.365625
vt 0.250000 0.365625
vt 0.750000 0.365625
vt 0.250000 0.365625
vt 0.750000 0.375000
vt 0.500000 0.040000
vt 0.500000 0.500000
vt 0.250000 0.375000
vt 0.500000 0.960000
vt 0.750000 0.375000
vt 0.500000 0.040000
vt 0.500000 0.500000
vt 0.250000 0.375000
vt 0.500000 0.960000
vt 0.750000 2.200000
vt 0.750000 2.200000
vt 0.625000 2.200000
vt 0.875000 2.200000
vt 0.625000 2.200000
vt 0.875000 2.200000
vt 0.750000 2.200000
vt 0.750000 2.200000
vt 0.750000 2.200000
vt 0.750000 2.200000
vt 0.642148 0.062514
vt 0.800000 -0.375000
vt 0.642148 0.937486
vt 0.200000 -0.375000
vt 0.642148 0.062514
vt 0.800000 -0.375000
vt 0.642148 0.937486
vt 0.200000 -0.375000
vt 0.642148 0.062514
vt 0.800000 0.375000
vt 0.642148 0.937486
vt 0.200000 0.375000
vt 0.642148 0.062514
vt 0.800000 0.375000
vt 0.642148 0.937486
vt 0.200000 0.375000
vt 0.625000 2.200000
vt 0.875000 2.200000
vt 0.625000 2.200000
vt 0.875000 2.200000
vt 0.625000 2.200000
vt 0.875000 2.200000
vt 0.625000 2.200000
vt 0.875000 2.200000
vt 0.800000 -0.365625
vt 0.200000 -0.365625
vt 0.800000 -0.365625
vt 0.200000 -0.365625
vt 0.800000 0.365625
vt 0.200000 0.365625
vt 0.800000 0.365625
vt 0.200000 0.365625
vt 0.500000 2.200000
vt 0.000000 2.200000
vt 1.000000 2.200000
vt 0.500000 2.200000
vt 0.000000 2.200000
vt 1.000000 2.200000
vt 0.500000 2.200000
vt 0.000000 2.200000
vt 1.000000 2.200000
vt 0.500000 2.200000
vt 0.000000 2.200000
vt 1.000000 2.200000
vt 0.500000 2.200000
vt 0.000000 2.200000
vt 1.000000 2.200000
vt 0.500000 2.200000
vt 0.000000 2.200000
vt 1.000000 2.200000
vt 0.375000 2.200000
vt 0.125000 2.200000
vt 0.375000 2.200000
vt 0.125000 2.200000
vt 0.375000 2.200000
vt 0.125000 2.200000
vt 0.375000 2.200000
vt 0.125000 2.200000
vt 0.250000 2.200000
vt 0.250000 2.200000
vt 0.250000 2.200000
vt 0.250000 2.200000
vt 0.375000 2.200000
vt 0.125000 2.200000
vt 0.375000 2.200000
vt 0.125000 2.200000
vt 0.250000 2.200000
vt 0.250000 2.200000
vt 0.770381 0.127852
vt 0.850000 -0.375000
vt 0.770381 0.872148
vt 0.150000 -0.375000
vt 0.770381 0.127852
vt 0.850000 -0.375000
vt 0.770381 0.872148
vt 0.150000 -0.375000
vt 0.770381 0.127852
vt 0.850000 0.375000
vt 0.770381 0.872148
vt 0.150000 0.375000
vt 0.770381 0.127852
vt 0.850000 0.375000
vt 0.770381 0.872148
vt 0.150000 0.375000
vt 0.850000 -0.365625
vt 0.150000 -0.365625
vt 0.850000 -0.365625
vt 0.150000 -0.365625
vt 0.850000 0.365625
vt 0.150000 0.365625
vt 0.850000 0.365625
vt 0.150000 0.365625
vt 0.872148 0.229619
vt 0.900000 -0.375000
vt 0.872148 0.770381
vt 0.100000 -0.375000
vt 0.872148 0.229619
vt 0.900000 -0.375000
vt 0.872148 0.770381
vt 0.100000 -0.375000
vt 0.872148 0.229619
vt 0.900000 0.375000
vt 0.872148 0.770381
vt 0.100000 0.375000
vt 0.872148 0.229619
vt 0.900000 0.375000
vt 0.872148 0.770381
vt 0.100000 0.375000
vt 0.900000 -0.365625
vt 0.100000 -0.365625
vt 0.900000 -0.365625
vt 0.100000 -0.365625
vt 0.900000 0.365625
vt 0.100000 0.365625
vt 0.900000 0.365625
vt 0.100000 0.365625
vt 0.937486 0.357852
vt 0.950000 -0.375000
vt 0.937486 0.642148
vt 0.050000 -0.375000
vt 0.937486 0.357852
vt 0.950000 -0.375000
vt 0.937486 0.642148
vt 0.050000 -0.375000
vt 0.937486 0.357852
vt 0.950000 0.375000
vt 0.937486 0.642148
vt 0.050000 0.375000
vt 0.937486 0.357852
vt 0.950000 0.375000
vt 0.937486 0.642148
vt 0.050000 0.375000
vt 0.960000 0.500000
vt 0.000000 -0.375000
vt 1.000000 -0.375000
vt 0.960000 0.500000
vt 0.000000 -0.375000
vt 1.000000 -0.375000
vt 0.960000 0.500000
vt 0.000000 0.375000
vt 1.000000 0.375000
vt 0.960000 0.500000
vt 0.000000 0.375000
vt 1.000000 0.375000
vt 0.950000 -0.365625
vt 0.050000 -0.365625
vt 0.950000 -0.365625
vt 0.050000 -0.365625
vt 0.950000 0.365625
vt 0.050000 0.365625
vt 0.950000 0.365625
vt 0.050000 0.365625
vt 0.000000 -0.365625
vt 1.000000 -0.365625
vt 0.000000 -0.365625
vt 1.000000 -0.365625
vt 0.000000 0.365625
vt 1.000000 0.365625
vt 0.000000 0.365625
vt 1.000000 0.365625
vt 0.262330 0.110360
vt 0.262330 0.167713
vt 0.348044 0.110360
vt 0.262330 0.167713
vt 0.262330 0.816242
vt 0.348044 0.816242
vt 0.226616 0.167713
vt 0.226616 0.167713
vt 0.069473 0.167713
vt 0.069473 0.167713
vt 0.033759 0.110360
vt 0.033759 0.167713
vt 0.348044 0.110360
vt 0.033759 0.167713
vt 0.033759 0.816242
vt 0.348044 0.816242
vt 0.226616 0.110360
vt 0.226616 0.175066
vt 0.226616 0.175066
vt 0.226616 0.816242
vt 0.279766 0.078837
vt 0.279766 0.086190
vt 0.279766 0.078837
vt 0.279766 0.792072
vt 0.069473 0.110360
vt 0.069473 0.175066
vt 0.069473 0.175066
vt 0.069473 0.816242
vt 0.122623 0.078837
vt 0.122623 0.086190
vt 0.122623 0.078837
vt 0.122623 0.792072
vt 0.122623 0.086190
vt 0.315481 0.086190
vt 0.122623 0.792072
vt 0.315481 0.086190
vt 0.315481 0.792072
vt 0.279766 0.086190
vt 0.279766 0.086190
vt 0.122623 0.086190
vt 0.122623 0.086190
vt 0.086909 0.086190
vt 0.122623 0.086190
vt 0.086909 0.086190
vt 0.086909 0.792072
vt 0.122623 0.792072
vt 0.750000 2.400000
vt 0.750000 2.400000
vt 0.625000 2.400000
vt 0.875000 2.400000
vt 0.625000 2.400000
vt 0.875000 2.400000
vt 0.750000 2.400000
vt 0.750000 2.400000
vt 0.750000 2.400000
vt 0.750000 2.400000
vt 0.625000 2.400000
vt 0.875000 2.400000
vt 0.625000 2.400000
vt 0.875000 2.400000
vt 0.625000 2.400000
vt 0.875000 2.400000
vt 0.625000 2.400000
vt 0.875000 2.400000
vt 0.500000 2.400000
vt 0.000000 2.400000
vt 1.000000 2.400000
vt 0.500000 2.400000
vt 0.000000 2.400000
vt 1.000000 2.400000
vt 0.500000 2.400000
vt 0.000000 2.400000
vt 1.000000 2.400000
vt 0.500000 2.400000
vt 0.000000 2.400000
vt 1.000000 2.400000
vt 0.500000 2.400000
vt 0.000000 2.400000
vt 1.000000 2.400000
vt 0.500000 2.400000
vt 0.000000 2.400000
vt 1.000000 2.400000
vt 0.375000 2.400000
vt 0.125000 2.400000
vt 0.375000 2.400000
vt 0.125000 2.400000
vt 0.375000 2.400000
vt 0.125000 2.400000
vt 0.375000 2.400000
vt 0.125000 2.400000
vt 0.250000 2.400000
vt 0.250000 2.400000
vt 0.250000 2.400000
vt 0.250000 2.400000
vt 0.375000 2.400000
vt 0.125000 2.400000
vt 0.375000 2.400000
vt 0.125000 2.400000
vt 0.250000 2.400000
vt 0.250000 2.400000
vt 0.315481 0.086190
vt 0.315481 0.143543
vt 0.401195 0.086190
vt 0.315481 0.143543
vt 0.315481 0.792072
vt 0.401195 0.792072
vt 0.279766 0.143543
vt 0.279766 0.143543
vt 0.122623 0.143543
vt 0.122623 0.143543
vt 0.086909 0.086190
vt 0.086909 0.143543
vt 0.401195 0.086190
vt 0.086909 0.143543
vt 0.086909 0.792072
vt 0.401195 0.792072
vt 0.279766 0.086190
vt 0.279766 0.150896
vt 0.279766 0.150896
vt 0.279766 0.792072
vt 0.319697 0.124462
vt 0.319697 0.131815
vt 0.319697 0.124462
vt 0.319697 0.837697
vt 0.122623 0.086190
vt 0.122623 0.150896
vt 0.122623 0.150896
vt 0.122623 0.792072
vt 0.162554 0.124462
vt 0.162554 0.131815
vt 0.162554 0.124462
vt 0.162554 0.837697
vt 0.162554 0.131815
vt 0.355412 0.131815
vt 0.162554 0.837697
vt 0.355412 0.131815
vt 0.355412 0.837697
vt 0.319697 0.131815
vt 0.319697 0.131815
vt 0.162554 0.131815
vt 0.162554 0.131815
vt 0.126840 0.131815
vt 0.162554 0.131815
vt 0.126840 0.131815
vt 0.126840 0.837697
vt 0.162554 0.837697
vt 0.750000 2.600000
vt 0.750000 2.600000
vt 0.625000 2.600000
vt 0.875000 2.600000
vt 0.625000 2.600000
vt 0.875000 2.600000
vt 0.750000 2.600000
vt 0.750000 2.600000
vt 0.750000 2.600000
vt 0.750000 2.600000
vt 0.625000 2.600000
vt 0.875000 2.600000
vt 0.625000 2.600000
vt 0.875000 2.600000
vt 0.625000 2.600000
vt 0.875000 2.600000
vt 0.625000 2.600000
vt 0.875000 2.600000
vt 0.500000 2.600000
vt 0.000000 2.600000
vt 1.000000 2.600000
vt 0.500000 2.600000
vt 0.000000 2.600000
vt 1.000000 2.600000
vt 0.500000 2.600000
vt 0.000000 2.600000
vt 1.000000 2.600000
vt 0.500000 2.600000
vt 0.000000 2.600000
vt 1.000000 2.600000
vt 0.500000 2.600000
vt 0.000000 2.600000
vt 1.000000 2.600000
vt 0.500000 2.600000
vt 0.000000 2.600000
vt 1.000000 2.600000
vt 0.375000 2.600000
vt 0.125000 2.600000
vt 0.375000 2.600000
vt 0.125000 2.600000
vt 0.375000 2.600000
vt 0.125000 2.600000
vt 0.375000 2.600000
vt 0.125000 2.600000
vt 0.250000 2.600000
vt 0.250000 2.600000
vt 0.250000 2.600000
vt 0.250000 2.600000
vt 0.375000 2.600000
vt 0.125000 2.600000
vt 0.375000 2.600000
vt 0.125000 2.600000
vt 0.250000 2.600000
vt 0.250000 2.600000
vt 0.355412 0.131815
vt 0.355412 0.189168
vt 0.441126 0.131815
vt 0.355412 0.189168
vt 0.355412 0.837697
vt 0.441126 0.837697
vt 0.319697 0.189168
vt 0.319697 0.189168
vt 0.162554 0.189168
vt 0.162554 0.189168
vt 0.126840 0.131815
vt 0.126840 0.189168
vt 0.441126 0.131815
vt 0.126840 0.189168
vt 0.126840 0.837697
vt 0.441126 0.837697
vt 0.319697 0.131815
vt 0.319697 0.196521
vt 0.319697 0.196521
vt 0.319697 0.837697
vt 0.248968 0.041142
vt 0.248968 0.048495
vt 0.248968 0.041142
vt 0.248968 0.754377
vt 0.162554 0.131815
vt 0.162554 0.196521
vt 0.162554 0.196521
vt 0.162554 0.837697
vt 0.091826 0.041142
vt 0.091826 0.048495
vt 0.091826 0.041142
vt 0.091826 0.754377
vt 0.091826 0.048495
vt 0.284683 0.048495
vt 0.091826 0.754377
vt 0.284683 0.048495
vt 0.284683 0.754377
vt 0.248968 0.048495
vt 0.248968 0.048495
vt 0.091826 0.048495
vt 0.091826 0.048495
vt 0.056111 0.048495
vt 0.091826 0.048495
vt 0.056111 0.048495
vt 0.056111 0.754377
vt 0.091826 0.754377
vt 0.750000 2.800000
vt 0.750000 2.800000
vt 0.625000 2.800000
vt 0.875000 2.800000
vt 0.625000 2.800000
vt 0.875000 2.800000
vt 0.750000 2.800000
vt 0.750000 2.800000
vt 0.750000 2.800000
vt 0.750000 2.800000
vt 0.625000 2.800000
vt 0.875000 2.800000
vt 0.625000 2.800000
vt 0.875000 2.800000
vt 0.625000 2.800000
vt 0.875000 2.800000
vt 0.625000 2.800000
vt 0.875000 2.800000
vt 0.500000 2.800000
vt 0.000000 2.800000
vt 1.000000 2.800000
vt 0.500000 2.800000
vt 0.000000 2.800000
vt 1.000000 2.800000
vt 0.500000 2.800000
vt 0.000000 2.800000
vt 1.000000 2.800000
vt 0.500000 2.800000
vt 0.000000 2.800000
vt 1.000000 2.800000
vt 0.500000 2.800000
vt 0.000000 2.800000
vt 1.000000 2.800000
vt 0.500000 2.800000
vt 0.000000 2.800000
vt 1.000000 2.800000
vt 0.375000 2.800000
vt 0.125000 2.800000
vt 0.375000 2.800000
vt 0.125000 2.800000
vt 0.375000 2.800000
vt 0.125000 2.800000
vt 0.375000 2.800000
vt 0.125000 2.800000
vt 0.250000 2.800000
vt 0.250000 2.800000
vt 0.250000 2.800000
vt 0.250000 2.800000
vt 0.375000 2.800000
vt 0.125000 2.800000
vt 0.375000 2.800000
vt 0.125000 2.800000
vt 0.250000 2.800000
vt 0.250000 2.800000
vt 0.284683 0.048495
vt 0.284683 0.105848
vt 0.370397 0.048495
vt 0.284683 0.105848
vt 0.284683 0.754377
vt 0.370397 0.754377
vt 0.248968 0.105848
vt 0.248968 0.105848
vt 0.091826 0.105848
vt 0.091826 0.105848
vt 0.056111 0.048495
vt 0.056111 0.105848
vt 0.370397 0.048495
vt 0.056111 0.105848
vt 0.056111 0.754377
vt 0.370397 0.754377
vt 0.248968 0.048495
vt 0.248968 0.113201
vt 0.248968 0.113201
vt 0.248968 0.754377
vt 0.091826 0.048495
vt 0.091826 0.113201
vt 0.091826 0.113201
vt 0.091826 0.754377
vt 0.244177 0.096019
vt 0.244177 0.103372
vt 0.244177 0.096019
vt 0.244177 0.809255
vt 0.087034 0.096019
vt 0.087034 0.103372
vt 0.087034 0.096019
vt 0.087034 0.809255
vt 0.087034 0.103372
vt 0.279892 0.103372
vt 0.087034 0.809255
vt 0.279892 0.103372
vt 0.279892 0.809255
vt 0.244177 0.103372
vt 0.244177 0.103372
vt 0.087034 0.103372
vt 0.087034 0.103372
vt 0.051320 0.103372
vt 0.087034 0.103372
vt 0.051320 0.103372
vt 0.051320 0.809255
vt 0.087034 0.809255
vt 0.750000 3.000000
vt 0.750000 3.000000
vt 0.625000 3.000000
vt 0.875000 3.000000
vt 0.625000 3.000000
vt 0.875000 3.000000
vt 0.750000 3.000000
vt 0.750000 3.000000
vt 0.750000 3.000000
vt 0.750000 3.000000
vt 0.625000 3.000000
vt 0.875000 3.000000
vt 0.625000 3.000000
vt 0.875000 3.000000
vt 0.625000 3.000000
vt 0.875000 3.000000
vt 0.625000 3.000000
vt 0.875000 3.000000
vt 0.500000 3.000000
vt 0.000000 3.000000
vt 1.000000 3.000000
vt 0.500000 3.000000
vt 0.000000 3.000000
vt 1.000000 3.000000
vt 0.500000 3.000000
vt 0.000000 3.000000
vt 1.000000 3.000000
vt 0.500000 3.000000
vt 0.000000 3.000000
vt 1.000000 3.000000
vt 0.500000 3.000000
vt 0.000000 3.000000
vt 1.000000 3.000000
vt 0.500000 3.000000
vt 0.000000 3.000000
vt 1.000000 3.000000
vt 0.375000 3.000000
vt 0.125000 3.000000
vt 0.375000 3.000000
vt 0.125000 3.000000
vt 0.375000 3.000000
vt 0.125000 3.000000
vt 0.375000 3.000000
vt 0.125000 3.000000
vt 0.250000 3.000000
vt 0.250000 3.000000
vt 0.250000 3.000000
vt 0.250000 3.000000
vt 0.375000 3.000000
vt 0.125000 3.000000
vt 0.375000 3.000000
vt 0.125000 3.000000
vt 0.250000 3.000000
vt 0.250000 3.000000
vt 0.279892 0.103372
vt 0.279892 0.160725
vt 0.365606 0.103372
vt 0.279892 0.160725
vt 0.279892 0.809255
vt 0.365606 0.809255
vt 0.244177 0.160725
vt 0.244177 0.160725
vt 0.087034 0.160725
vt 0.087034 0.160725
vt 0.051320 0.103372
vt 0.051320 0.160725
vt 0.365606 0.103372
vt 0.051320 0.160725
vt 0.051320 0.809255
vt 0.365606 0.809255
vt 0.244177 0.103372
vt 0.244177 0.168078
vt 0.244177 0.168078
vt 0.244177 0.809255
vt 0.087034 0.103372
vt 0.087034 0.168078
vt 0.087034 0.168078
vt 0.087034 0.809255
vt 0.155032 0.083732
vt 0.155032 0.091085
vt 0.155032 0.083732
vt 0.155032 0.796968
vt 0.312175 0.083732
vt 0.312175 0.091085
vt 0.312175 0.083732
vt 0.312175 0.796968
vt 0.500000 -0.365625
vt 0.500000 -0.365625
vt 0.500000 0.365625
vt 0.500000 0.365625
vt 0.119318 0.091085
vt 0.155032 0.091085
vt 0.119318 0.091085
vt 0.119318 0.796968
vt 0.155032 0.796968
vt 0.155032 0.091085
vt 0.155032 0.091085
vt 0.312175 0.091085
vt 0.312175 0.091085
vt 0.155032 0.091085
vt 0.347889 0.091085
vt 0.155032 0.796968
vt 0.347889 0.091085
vt 0.347889 0.796968
vt 0.550000 -0.365625
vt 0.450000 -0.365625
vt 0.550000 -0.365625
vt 0.450000 -0.365625
vt 0.550000 0.365625
vt 0.450000 0.365625
vt 0.550000 0.365625
vt 0.450000 0.365625
vt 0.500000 -0.375000
vt 0.040000 0.500000
vt 0.500000 -0.375000
vt 0.040000 0.500000
vt 0.500000 0.375000
vt 0.040000 0.500000
vt 0.500000 0.375000
vt 0.040000 0.500000
vt 0.550000 -0.375000
vt 0.062514 0.357852
vt 0.450000 -0.375000
vt 0.062514 0.642148
vt 0.550000 -0.375000
vt 0.062514 0.357852
vt 0.450000 -0.375000
vt 0.062514 0.642148
vt 0.550000 0.375000
vt 0.062514 0.357852
vt 0.450000 0.375000
vt 0.062514 0.642148
vt 0.550000 0.375000
vt 0.062514 0.357852
vt 0.450000 0.375000
vt 0.062514 0.642148
vt 0.600000 -0.365625
vt 0.400000 -0.365625
vt 0.600000 -0.365625
vt 0.400000 -0.365625
vt 0.600000 0.365625
vt 0.400000 0.365625
vt 0.600000 0.365625
vt 0.400000 0.365625
vt 0.600000 -0.375000
vt 0.127852 0.229619
vt 0.400000 -0.375000
vt 0.127852 0.770381
vt 0.600000 -0.375000
vt 0.127852 0.229619
vt 0.400000 -0.375000
vt 0.127852 0.770381
vt 0.600000 0.375000
vt 0.127852 0.229619
vt 0.400000 0.375000
vt 0.127852 0.770381
vt 0.600000 0.375000
vt 0.127852 0.229619
vt 0.400000 0.375000
vt 0.127852 0.770381
vt 0.650000 -0.365625
vt 0.350000 -0.365625
vt 0.650000 -0.365625
vt 0.350000 -0.365625
vt 0.650000 0.365625
vt 0.350000 0.365625
vt 0.650000 0.365625
vt 0.350000 0.365625
vt 0.650000 -0.375000
vt 0.229619 0.127852
vt 0.350000 -0.375000
vt 0.229619 0.872148
vt 0.650000 -0.375000
vt 0.229619 0.127852
vt 0.350000 -0.375000
vt 0.229619 0.872148
vt 0.650000 0.375000
vt 0.229619 0.127852
vt 0.350000 0.375000
vt 0.229619 0.872148
vt 0.650000 0.375000
vt 0.229619 0.127852
vt 0.350000 0.375000
vt 0.229619 0.872148
vt 0.700000 -0.365625
vt 0.300000 -0.365625
vt 0.700000 -0.365625
vt 0.300000 -0.365625
vt 0.700000 0.365625
vt 0.300000 0.365625
vt 0.700000 0.365625
vt 0.300000 0.365625
vt 0.700000 -0.375000
vt 0.357852 0.062514
vt 0.300000 -0.375000
vt 0.357852 0.937486
vt 0.700000 -0.375000
vt 0.357852 0.062514
vt 0.300000 -0.375000
vt 0.357852 0.937486
vt 0.700000 0.375000
vt 0.357852 0.062514
vt 0.300000 0.375000
vt 0.357852 0.937486
vt 0.700000 0.375000
vt 0.357852 0.062514
vt 0.300000 0.375000
vt 0.357852 0.937486
vt 0.250000 3.200000
vt 0.250000 3.200000
vt 0.375000 3.200000
vt 0.125000 3.200000
vt 0.375000 3.200000
vt 0.125000 3.200000
vt 0.500000 3.200000
vt 0.000000 3.200000
vt 1.000000 3.200000
vt 0.500000 3.200000
vt 0.000000 3.200000
vt 1.000000 3.200000
vt 0.625000 3.200000
vt 0.875000 3.200000
vt 0.625000 3.200000
vt 0.875000 3.200000
vt 0.750000 3.200000
vt 0.750000 3.200000
vt 0.500000 0.040000
vt 0.750000 -0.375000
vt 0.500000 0.500000
vt 0.500000 0.960000
vt 0.250000 -0.375000
vt 0.500000 0.040000
vt 0.750000 -0.375000
vt 0.500000 0.500000
vt 0.500000 0.960000
vt 0.250000 -0.375000
vt 0.750000 -0.365625
vt 0.250000 -0.365625
vt 0.750000 -0.365625
vt 0.250000 -0.365625
vt 0.250000 3.200000
vt 0.250000 3.200000
vt 0.375000 3.200000
vt 0.125000 3.200000
vt 0.375000 3.200000
vt 0.125000 3.200000
vt 0.500000 3.200000
vt 0.000000 3.200000
vt 1.000000 3.200000
vt 0.500000 3.200000
vt 0.000000 3.200000
vt 1.000000 3.200000
vt 0.625000 3.200000
vt 0.875000 3.200000
vt 0.625000 3.200000
vt 0.875000 3.200000
vt 0.750000 3.200000
vt 0.750000 3.200000
vt 0.250000 3.200000
vt 0.250000 3.200000
vt 0.375000 3.200000
vt 0.125000 3.200000
vt 0.375000 3.200000
vt 0.125000 3.200000
vt 0.750000 0.365625
vt 0.250000 0.365625
vt 0.750000 0.365625
vt 0.250000 0.365625
vt 0.750000 0.375000
vt 0.500000 0.040000
vt 0.500000 3.200000
vt 0.500000 0.500000
vt 0.000000 3.200000
vt 1.000000 3.200000
vt 0.250000 0.375000
vt 0.500000 0.960000
vt 0.750000 0.375000
vt 0.500000 0.040000
vt 0.500000 3.200000
vt 0.500000 0.500000
vt 0.000000 3.200000
vt 1.000000 3.200000
vt 0.250000 0.375000
vt 0.500000 0.960000
vt 0.625000 3.200000
vt 0.875000 3.200000
vt 0.625000 3.200000
vt 0.875000 3.200000
vt 0.750000 3.200000
vt 0.750000 3.200000
vt 0.642148 0.062514
vt 0.800000 -0.375000
vt 0.642148 0.937486
vt 0.200000 -0.375000
vt 0.642148 0.062514
vt 0.800000 -0.375000
vt 0.642148 0.937486
vt 0.200000 -0.375000
vt 0.642148 0.062514
vt 0.800000 0.375000
vt 0.642148 0.937486
vt 0.200000 0.375000
vt 0.642148 0.062514
vt 0.800000 0.375000
vt 0.642148 0.937486
vt 0.200000 0.375000
vt 0.800000 -0.365625
vt 0.200000 -0.365625
vt 0.800000 -0.365625
vt 0.200000 -0.365625
vt 0.800000 0.365625
vt 0.200000 0.365625
vt 0.800000 0.365625
vt 0.200000 0.365625
vt 0.770381 0.127852
vt 0.850000 -0.375000
vt 0.770381 0.872148
vt 0.150000 -0.375000
vt 0.770381 0.127852
vt 0.850000 -0.375000
vt 0.770381 0.872148
vt 0.150000 -0.375000
vt 0.770381 0.127852
vt 0.850000 0.375000
vt 0.770381 0.872148
vt 0.150000 0.375000
vt 0.770381 0.127852
vt 0.850000 0.375000
vt 0.770381 0.872148
vt 0.150000 0.375000
vt 0.850000 -0.365625
vt 0.150000 -0.365625
vt 0.850000 -0.365625
vt 0.150000 -0.365625
vt 0.850000 0.365625
vt 0.150000 0.365625
vt 0.850000 0.365625
vt 0.150000 0.365625
vt 0.872148 0.229619
vt 0.900000 -0.375000
vt 0.872148 0.770381
vt 0.100000 -0.375000
vt 0.872148 0.229619
vt 0.900000 -0.375000
vt 0.872148 0.770381
vt 0.100000 -0.375000
vt 0.872148 0.229619
vt 0.900000 0.375000
vt 0.872148 0.770381
vt 0.100000 0.375000
vt 0.872148 0.229619
vt 0.900000 0.375000
vt 0.872148 0.770381
vt 0.100000 0.375000
vt 0.900000 -0.365625
vt 0.100000 -0.365625
vt 0.900000 -0.365625
vt 0.100000 -0.365625
vt 0.900000 0.365625
vt 0.100000 0.365625
vt 0.900000 0.365625
vt 0.100000 0.365625
vt 0.937486 0.357852
vt 0.950000 -0.375000
vt 0.937486 0.642148
vt 0.050000 -0.375000
vt 0.937486 0.357852
vt 0.950000 -0.375000
vt 0.937486 0.642148
vt 0.050000 -0.375000
vt 0.937486 0.357852
vt 0.950000 0.375000
vt 0.937486 0.642148
vt 0.050000 0.375000
vt 0.937486 0.357852
vt 0.950000 0.375000
vt 0.937486 0.642148
vt 0.050000 0.375000
vt 0.960000 0.500000
vt 0.000000 -0.375000
vt 1.000000 -0.375000
vt 0.960000 0.500000
vt 0.000000 -0.375000
vt 1.000000 -0.375000
vt 0.960000 0.500000
vt 0.000000 0.375000
vt 1.000000 0.375000
vt 0.960000 0.500000
vt 0.000000 0.375000
vt 1.000000 0.375000
vt 0.950000 -0.365625
vt 0.050000 -0.365625
vt 0.950000 -0.365625
vt 0.050000 -0.365625
vt 0.950000 0.365625
vt 0.050000 0.365625
vt 0.950000 0.365625
vt 0.050000 0.365625
vt 0.119318 0.091085
vt 0.119318 0.148438
vt 0.433604 0.091085
vt 0.119318 0.148438
vt 0.119318 0.796968
vt 0.433604 0.796968
vt 0.155032 0.148438
vt 0.155032 0.148438
vt 0.312175 0.148438
vt 0.312175 0.148438
vt 0.347889 0.091085
vt 0.347889 0.148438
vt 0.433604 0.091085
vt 0.347889 0.148438
vt 0.347889 0.796968
vt 0.433604 0.796968
vt 0.000000 -0.365625
vt 1.000000 -0.365625
vt 0.000000 -0.365625
vt 1.000000 -0.365625
vt 0.000000 0.365625
vt 1.000000 0.365625
vt 0.000000 0.365625
vt 1.000000 0.365625
vt 0.155032 0.091085
vt 0.155032 0.155791
vt 0.155032 0.155791
vt 0.155032 0.796968
vt 0.312175 0.091085
vt 0.312175 0.155791
vt 0.312175 0.155791
vt 0.312175 0.796968
vt 0.069523 0.107288
vt 0.069523 0.114641
vt 0.069523 0.107288
vt 0.069523 0.820524
vt 0.226666 0.107288
vt 0.226666 0.114641
vt 0.226666 0.107288
vt 0.226666 0.820524
vt 0.033809 0.114641
vt 0.069523 0.114641
vt 0.033809 0.114641
vt 0.033809 0.820524
vt 0.069523 0.820524
vt 0.069523 0.114641
vt 0.069523 0.114641
vt 0.226666 0.114641
vt 0.226666 0.114641
vt 0.069523 0.114641
vt 0.262381 0.114641
vt 0.069523 0.820524
vt 0.262381 0.114641
vt 0.262381 0.820524
vt 0.250000 3.400000
vt 0.250000 3.400000
vt 0.375000 3.400000
vt 0.125000 3.400000
vt 0.375000 3.400000
vt 0.125000 3.400000
vt 0.250000 3.400000
vt 0.250000 3.400000
vt 0.250000 3.400000
vt 0.250000 3.400000
vt 0.375000 3.400000
vt 0.125000 3.400000
vt 0.375000 3.400000
vt 0.125000 3.400000
vt 0.375000 3.400000
vt 0.125000 3.400000
vt 0.375000 3.400000
vt 0.125000 3.400000
vt 0.500000 3.400000
vt 0.000000 3.400000
vt 1.000000 3.400000
vt 0.500000 3.400000
vt 0.000000 3.400000
vt 1.000000 3.400000
vt 0.500000 3.400000
vt 0.000000 3.400000
vt 1.000000 3.400000
vt 0.500000 3.400000
vt 0.000000 3.400000
vt 1.000000 3.400000
vt 0.500000 3.400000
vt 0.000000 3.400000
vt 1.000000 3.400000
vt 0.500000 3.400000
vt 0.000000 3.400000
vt 1.000000 3.400000
vt 0.625000 3.400000
vt 0.875000 3.400000
vt 0.625000 3.400000
vt 0.875000 3.400000
vt 0.625000 3.400000
vt 0.875000 3.400000
vt 0.625000 3.400000
vt 0.875000 3.400000
vt 0.750000 3.400000
vt 0.750000 3.400000
vt 0.750000 3.400000
vt 0.750000 3.400000
vt 0.625000 3.400000
vt 0.875000 3.400000
vt 0.625000 3.400000
vt 0.875000 3.400000
vt 0.750000 3.400000
vt 0.750000 3.400000
vt 0.033809 0.114641
vt 0.033809 0.171994
vt 0.348095 0.114641
vt 0.033809 0.171994
vt 0.033809 0.820524
vt 0.348095 0.820524
vt 0.069523 0.171994
vt 0.069523 0.171994
vt 0.226666 0.171994
vt 0.226666 0.171994
vt 0.262381 0.114641
vt 0.262381 0.171994
vt 0.348095 0.114641
vt 0.262381 0.171994
vt 0.262381 0.820524
vt 0.348095 0.820524
vt 0.069523 0.114641
vt 0.069523 0.179347
vt 0.069523 0.179347
vt 0.069523 0.820524
vt 0.226666 0.114641
vt 0.226666 0.179347
vt 0.226666 0.179347
vt 0.226666 0.820524
vt 0.112048 0.050304
vt 0.112048 0.057657
vt 0.112048 0.050304
vt 0.112048 0.763539
vt 0.269191 0.050304
vt 0.269191 0.057657
vt 0.269191 0.050304
vt 0.269191 0.763539
vt 0.076334 0.057657
vt 0.112048 0.057657
vt 0.076334 0.057657
vt 0.076334 0.763539
vt 0.112048 0.763539
vt 0.112048 0.057657
vt 0.112048 0.057657
vt 0.269191 0.057657
vt 0.269191 0.057657
vt 0.112048 0.057657
vt 0.304905 0.057657
vt 0.112048 0.763539
vt 0.304905 0.057657
vt 0.304905 0.763539
vt 0.250000 3.600000
vt 0.250000 3.600000
vt 0.375000 3.600000
vt 0.125000 3.600000
vt 0.375000 3.600000
vt 0.125000 3.600000
vt 0.250000 3.600000
vt 0.250000 3.600000
vt 0.250000 3.600000
vt 0.250000 3.600000
vt 0.375000 3.600000
vt 0.125000 3.600000
vt 0.375000 3.600000
vt 0.125000 3.600000
vt 0.375000 3.600000
vt 0.125000 3.600000
vt 0.375000 3.600000
vt 0.125000 3.600000
vt 0.500000 3.600000
vt 0.000000 3.600000
vt 1.000000 3.600000
vt 0.500000 3.600000
vt 0.000000 3.600000
vt 1.000000 3.600000
vt 0.500000 3.600000
vt 0.000000 3.600000
vt 1.000000 3.600000
vt 0.500000 3.600000
vt 0.000000 3.600000
vt 1.000000 3.600000
vt 0.500000 3.600000
vt 0.000000 3.600000
vt 1.000000 3.600000
vt 0.500000 3.600000
vt 0.000000 3.600000
vt 1.000000 3.600000
vt 0.625000 3.600000
vt 0.875000 3.600000
vt 0.625000 3.600000
vt 0.875000 3.600000
vt 0.625000 3.600000
vt 0.875000 3.600000
vt 0.625000 3.600000
vt 0.875000 3.600000
vt 0.750000 3.600000
vt 0.750000 3.600000
vt 0.750000 3.600000
vt 0.750000 3.600000
vt 0.625000 3.600000
vt 0.875000 3.600000
vt 0.625000 3.600000
vt 0.875000 3.600000
vt 0.750000 3.600000
vt 0.750000 3.600000
vt 0.076334 0.057657
vt 0.076334 0.115010
vt 0.390619 0.057657
vt 0.076334 0.115010
vt 0.076334 0.763539
vt 0.390619 0.763539
vt 0.112048 0.115010
vt 0.112048 0.115010
vt 0.269191 0.115010
vt 0.269191 0.115010
vt 0.304905 0.057657
vt 0.304905 0.115010
vt 0.390619 0.057657
vt 0.304905 0.115010
vt 0.304905 0.763539
vt 0.390619 0.763539
vt 0.112048 0.057657
vt 0.112048 0.122363
vt 0.112048 0.122363
vt 0.112048 0.763539
vt 0.137390 0.108489
vt 0.137390 0.115842
vt 0.137390 0.108489
vt 0.137390 0.821724
vt 0.269191 0.057657
vt 0.269191 0.122363
vt 0.269191 0.122363
vt 0.269191 0.763539
vt 0.294533 0.108489
vt 0.294533 0.115842
vt 0.294533 0.108489
vt 0.294533 0.821724
vt 0.101676 0.115842
vt 0.137390 0.115842
vt 0.101676 0.115842
vt 0.101676 0.821724
vt 0.137390 0.821724
vt 0.137390 0.115842
vt 0.137390 0.115842
vt 0.294533 0.115842
vt 0.294533 0.115842
vt 0.137390 0.115842
vt 0.330247 0.115842
vt 0.137390 0.821724
vt 0.330247 0.115842
vt 0.330247 0.821724
vt 0.250000 3.800000
vt 0.250000 3.800000
vt 0.375000 3.800000
vt 0.125000 3.800000
vt 0.375000 3.800000
vt 0.125000 3.800000
vt 0.250000 3.800000
vt 0.250000 3.800000
vt 0.250000 3.800000
vt 0.250000 3.800000
vt 0.375000 3.800000
vt 0.125000 3.800000
vt 0.375000 3.800000
vt 0.125000 3.800000
vt 0.375000 3.800000
vt 0.125000 3.800000
vt 0.375000 3.800000
vt 0.125000 3.800000
vt 0.500000 3.800000
vt 0.000000 3.800000
vt 1.000000 3.800000
vt 0.500000 3.800000
vt 0.000000 3.800000
vt 1.000000 3.800000
vt 0.500000 3.800000
vt 0.000000 3.800000
vt 1.000000 3.800000
vt 0.500000 3.800000
vt 0.000000 3.800000
vt 1.000000 3.800000
vt 0.500000 3.800000
vt 0.000000 3.800000
vt 1.000000 3.800000
vt 0.500000 3.800000
vt 0.000000 3.800000
vt 1.000000 3.800000
vt 0.625000 3.800000
vt 0.875000 3.800000
vt 0.625000 3.800000
vt 0.875000 3.800000
vt 0.625000 3.800000
vt 0.875000 3.800000
vt 0.625000 3.800000
vt 0.875000 3.800000
vt 0.750000 3.800000
vt 0.750000 3.800000
vt 0.750000 3.800000
vt 0.750000 3.800000
vt 0.625000 3.800000
vt 0.875000 3.800000
vt 0.625000 3.800000
vt 0.875000 3.800000
vt 0.750000 3.800000
vt 0.750000 3.800000
vt 0.101676 0.115842
vt 0.101676 0.173195
vt 0.415962 0.115842
vt 0.101676 0.173195
vt 0.101676 0.821724
vt 0.415962 0.821724
vt 0.137390 0.173195
vt 0.137390 0.173195
vt 0.294533 0.173195
vt 0.294533 0.173195
vt 0.330247 0.115842
vt 0.330247 0.173195
vt 0.415962 0.115842
vt 0.330247 0.173195
vt 0.330247 0.821724
vt 0.415962 0.821724
vt 0.137390 0.115842
vt 0.137390 0.180548
vt 0.137390 0.180548
vt 0.137390 0.821724
vt 0.091517 0.061278
vt 0.091517 0.068631
vt 0.091517 0.061278
vt 0.091517 0.774514
vt 0.294533 0.115842
vt 0.294533 0.180548
vt 0.294533 0.180548
vt 0.294533 0.821724
vt 0.248660 0.061278
vt 0.248660 0.068631
vt 0.248660 0.061278
vt 0.248660 0.774514
vt 0.055802 0.068631
vt 0.091517 0.068631
vt 0.055802 0.068631
vt 0.055802 0.774514
vt 0.091517 0.774514
vt 0.091517 0.068631
vt 0.091517 0.068631
vt 0.248660 0.068631
vt 0.248660 0.068631
vt 0.091517 0.068631
vt 0.284374 0.068631
vt 0.091517 0.774514
vt 0.284374 0.068631
vt 0.284374 0.774514
vt 0.250000 4.000000
vt 0.250000 4.000000
vt 0.375000 4.000000
vt 0.125000 4.000000
vt 0.375000 4.000000
vt 0.125000 4.000000
vt 0.250000 4.000000
vt 0.250000 4.000000
vt 0.250000 4.000000
vt 0.250000 4.000000
vt 0.375000 4.000000
vt 0.125000 4.000000
vt 0.375000 4.000000
vt 0.125000 4.000000
vt 0.375000 4.000000
vt 0.125000 4.000000
vt 0.375000 4.000000
vt 0.125000 4.000000
vt 0.500000 4.000000
vt 0.000000 4.000000
vt 1.000000 4.000000
vt 0.500000 4.000000
vt 0.000000 4.000000
vt 1.000000 4.000000
vt 0.500000 4.000000
vt 0.000000 4.000000
vt 1.000000 4.000000
vt 0.500000 4.000000
vt 0.000000 4.000000
vt 1.000000 4.000000
vt 0.500000 4.000000
vt 0.000000 4.000000
vt 1.000000 4.000000
vt 0.500000 4.000000
vt 0.000000 4.000000
vt 1.000000 4.000000
vt 0.625000 4.000000
vt 0.875000 4.000000
vt 0.625000 4.000000
vt 0.875000 4.000000
vt 0.625000 4.000000
vt 0.875000 4.000000
vt 0.625000 4.000000
vt 0.875000 4.000000
vt 0.750000 4.000000
vt 0.750000 4.000000
vt 0.750000 4.000000
vt 0.750000 4.000000
vt 0.625000 4.000000
vt 0.875000 4.000000
vt 0.625000 4.000000
vt 0.875000 4.000000
vt 0.750000 4.000000
vt 0.750000 4.000000
vt 0.055802 0.068631
vt 0.055802 0.125984
vt 0.370088 0.068631
vt 0.055802 0.125984
vt 0.055802 0.774514
vt 0.370088 0.774514
vt 0.091517 0.125984
vt 0.091517 0.125984
vt 0.248660 0.125984
vt 0.248660 0.125984
vt 0.284374 0.068631
vt 0.284374 0.125984
vt 0.370088 0.068631
vt 0.284374 0.125984
vt 0.284374 0.774514
vt 0.370088 0.774514
vt 0.091517 0.068631
vt 0.091517 0.133337
vt 0.091517 0.133337
vt 0.091517 0.774514
vt 0.080133 0.080366
vt 0.080133 0.087719
vt 0.080133 0.080366
vt 0.080133 0.793602
vt 0.248660 0.068631
vt 0.248660 0.133337
vt 0.248660 0.133337
vt 0.248660 0.774514
vt 0.237275 0.080366
vt 0.237275 0.087719
vt 0.237275 0.080366
vt 0.237275 0.793602
vt 0.044418 0.087719
vt 0.080133 0.087719
vt 0.044418 0.087719
vt 0.044418 0.793602
vt 0.080133 0.793602
vt 0.080133 0.087719
vt 0.080133 0.087719
vt 0.237275 0.087719
vt 0.237275 0.087719
vt 0.080133 0.087719
vt 0.272990 0.087719
vt 0.080133 0.793602
vt 0.272990 0.087719
vt 0.272990 0.793602
vt 0.500000 -0.365625
vt 0.500000 -0.365625
vt 0.500000 0.365625
vt 0.500000 0.365625
vt 0.550000 -0.365625
vt 0.450000 -0.365625
vt 0.550000 -0.365625
vt 0.450000 -0.365625
vt 0.550000 0.365625
vt 0.450000 0.365625
vt 0.550000 0.365625
vt 0.450000 0.365625
vt 0.500000 -0.375000
vt 0.040000 0.500000
vt 0.500000 -0.375000
vt 0.040000 0.500000
vt 0.500000 0.375000
vt 0.040000 0.500000
vt 0.500000 0.375000
vt 0.040000 0.500000
vt 0.550000 -0.375000
vt 0.062514 0.357852
vt 0.450000 -0.375000
vt 0.062514 0.642148
vt 0.550000 -0.375000
vt 0.062514 0.357852
vt 0.450000 -0.375000
vt 0.062514 0.642148
vt 0.550000 0.375000
vt 0.062514 0.357852
vt 0.450000 0.375000
vt 0.062514 0.642148
vt 0.550000 0.375000
vt 0.062514 0.357852
vt 0.450000 0.375000
vt 0.062514 0.642148
vt 0.600000 -0.365625
vt 0.400000 -0.365625
vt 0.600000 -0.365625
vt 0.400000 -0.365625
vt 0.600000 0.365625
vt 0.400000 0.365625
vt 0.600000 0.365625
vt 0.400000 0.365625
vt 0.600000 -0.375000
vt 0.127852 0.229619
vt 0.400000 -0.375000
vt 0.127852 0.770381
vt 0.600000 -0.375000
vt 0.127852 0.229619
vt 0.400000 -0.375000
vt 0.127852 0.770381
vt 0.600000 0.375000
vt 0.127852 0.229619
vt 0.400000 0.375000
vt 0.127852 0.770381
vt 0.600000 0.375000
vt 0.127852 0.229619
vt 0.400000 0.375000
vt 0.127852 0.770381
vt 0.650000 -0.365625
vt 0.350000 -0.365625
vt 0.650000 -0.365625
vt 0.350000 -0.365625
vt 0.650000 0.365625
vt 0.350000 0.365625
vt 0.650000 0.365625
vt 0.350000 0.365625
vt 0.650000 -0.375000
vt 0.229619 0.127852
vt 0.350000 -0.375000
vt 0.229619 0.872148
vt 0.650000 -0.375000
vt 0.229619 0.127852
vt 0.350000 -0.375000
vt 0.229619 0.872148
vt 0.650000 0.375000
vt 0.229619 0.127852
vt 0.350000 0.375000
vt 0.229619 0.872148
vt 0.650000 0.375000
vt 0.229619 0.127852
vt 0.350000 0.375000
vt 0.229619 0.872148
vt 0.250000 4.200000
vt 0.250000 4.200000
vt 0.375000 4.200000
vt 0.125000 4.200000
vt 0.375000 4.200000
vt 0.125000 4.200000
vt 0.250000 4.200000
vt 0.250000 4.200000
vt 0.250000 4.200000
vt 0.250000 4.200000
vt 0.375000 4.200000
vt 0.125000 4.200000
vt 0.375000 4.200000
vt 0.125000 4.200000
vt 0.375000 4.200000
vt 0.125000 4.200000
vt 0.375000 4.200000
vt 0.125000 4.200000
vt 0.500000 4.200000
vt 0.000000 4.200000
vt 1.000000 4.200000
vt 0.500000 4.200000
vt 0.000000 4.200000
vt 1.000000 4.200000
vt 0.500000 4.200000
vt 0.000000 4.200000
vt 1.000000 4.200000
vt 0.500000 4.200000
vt 0.000000 4.200000
vt 1.000000 4.200000
vt 0.500000 4.200000
vt 0.000000 4.200000
vt 1.000000 4.200000
vt 0.500000 4.200000
vt 0.000000 4.200000
vt 1.000000 4.200000
vt 0.700000 -0.365625
vt 0.300000 -0.365625
vt 0.700000 -0.365625
vt 0.300000 -0.365625
vt 0.700000 0.365625
vt 0.300000 0.365625
vt 0.700000 0.365625
vt 0.300000 0.365625
vt 0.625000 4.200000
vt 0.875000 4.200000
vt 0.625000 4.200000
vt 0.875000 4.200000
vt 0.625000 4.200000
vt 0.875000 4.200000
vt 0.625000 4.200000
vt 0.875000 4.200000
vt 0.700000 -0.375000
vt 0.357852 0.062514
vt 0.300000 -0.375000
vt 0.357852 0.937486
vt 0.700000 -0.375000
vt 0.357852 0.062514
vt 0.300000 -0.375000
vt 0.357852 0.937486
vt 0.700000 0.375000
vt 0.357852 0.062514
vt 0.300000 0.375000
vt 0.357852 0.937486
vt 0.700000 0.375000
vt 0.357852 0.062514
vt 0.300000 0.375000
vt 0.357852 0.937486
vt 0.750000 4.200000
vt 0.750000 4.200000
vt 0.750000 4.200000
vt 0.750000 4.200000
vt 0.625000 4.200000
vt 0.875000 4.200000
vt 0.625000 4.200000
vt 0.875000 4.200000
vt 0.750000 4.200000
vt 0.750000 4.200000
vt 0.500000 0.040000
vt 0.750000 -0.375000
vt 0.500000 0.500000
vt 0.500000 0.960000
vt 0.250000 -0.375000
vt 0.500000 0.040000
vt 0.750000 -0.375000
vt 0.500000 0.500000
vt 0.500000 0.960000
vt 0.250000 -0.375000
vt 0.750000 -0.365625
vt 0.250000 -0.365625
vt 0.750000 -0.365625
vt 0.250000 -0.365625
vt 0.750000 0.365625
vt 0.250000 0.365625
vt 0.750000 0.365625
vt 0.250000 0.365625
vt 0.750000 0.375000
vt 0.500000 0.040000
vt 0.500000 0.500000
vt 0.250000 0.375000
vt 0.500000 0.960000
vt 0.750000 0.375000
vt 0.500000 0.040000
vt 0.500000 0.500000
vt 0.250000 0.375000
vt 0.500000 0.960000
vt 0.642148 0.062514
vt 0.800000 -0.375000
vt 0.642148 0.937486
vt 0.200000 -0.375000
vt 0.642148 0.062514
vt 0.800000 -0.375000
vt 0.642148 0.937486
vt 0.200000 -0.375000
vt 0.642148 0.062514
vt 0.800000 0.375000
vt 0.642148 0.937486
vt 0.200000 0.375000
vt 0.642148 0.062514
vt 0.800000 0.375000
vt 0.642148 0.937486
vt 0.200000 0.375000
vt 0.800000 -0.365625
vt 0.200000 -0.365625
vt 0.800000 -0.365625
vt 0.200000 -0.365625
vt 0.800000 0.365625
vt 0.200000 0.365625
vt 0.800000 0.365625
vt 0.200000 0.365625
vt 0.044418 0.087719
vt 0.044418 0.145072
vt 0.358704 0.087719
vt 0.044418 0.145072
vt 0.044418 0.793602
vt 0.358704 0.793602
vt 0.080133 0.145072
vt 0.080133 0.145072
vt 0.237275 0.145072
vt 0.237275 0.145072
vt 0.770381 0.127852
vt 0.850000 -0.375000
vt 0.770381 0.872148
vt 0.150000 -0.375000
vt 0.770381 0.127852
vt 0.850000 -0.375000
vt 0.770381 0.872148
vt 0.150000 -0.375000
vt 0.770381 0.127852
vt 0.850000 0.375000
vt 0.770381 0.872148
vt 0.150000 0.375000
vt 0.770381 0.127852
vt 0.850000 0.375000
vt 0.770381 0.872148
vt 0.150000 0.375000
vt 0.272990 0.087719
vt 0.272990 0.145072
vt 0.358704 0.087719
vt 0.272990 0.145072
vt 0.272990 0.793602
vt 0.358704 0.793602
vt 0.850000 -0.365625
vt 0.150000 -0.365625
vt 0.850000 -0.365625
vt 0.150000 -0.365625
vt 0.850000 0.365625
vt 0.150000 0.365625
vt 0.850000 0.365625
vt 0.150000 0.365625
vt 0.080133 0.087719
vt 0.080133 0.152425
vt 0.080133 0.152425
vt 0.080133 0.793602
vt 0.132181 0.102075
vt 0.132181 0.109428
vt 0.132181 0.102075
vt 0.132181 0.815310
vt 0.872148 0.229619
vt 0.900000 -0.375000
vt 0.872148 0.770381
vt 0.100000 -0.375000
vt 0.872148 0.229619
vt 0.900000 -0.375000
vt 0.872148 0.770381
vt 0.100000 -0.375000
vt 0.872148 0.229619
vt 0.900000 0.375000
vt 0.872148 0.770381
vt 0.100000 0.375000
vt 0.872148 0.229619
vt 0.900000 0.375000
vt 0.872148 0.770381
vt 0.100000 0.375000
vt 0.237275 0.087719
vt 0.237275 0.152425
vt 0.237275 0.152425
vt 0.237275 0.793602
vt 0.900000 -0.365625
vt 0.100000 -0.365625
vt 0.900000 -0.365625
vt 0.100000 -0.365625
vt 0.900000 0.365625
vt 0.100000 0.365625
vt 0.900000 0.365625
vt 0.100000 0.365625
vt 0.289324 0.102075
vt 0.289324 0.109428
vt 0.289324 0.102075
vt 0.289324 0.815310
vt 0.937486 0.357852
vt 0.950000 -0.375000
vt 0.937486 0.642148
vt 0.050000 -0.375000
vt 0.937486 0.357852
vt 0.950000 -0.375000
vt 0.937486 0.642148
vt 0.050000 -0.375000
vt 0.937486 0.357852
vt 0.950000 0.375000
vt 0.937486 0.642148
vt 0.050000 0.375000
vt 0.937486 0.357852
vt 0.950000 0.375000
vt 0.937486 0.642148
vt 0.050000 0.375000
vt 0.960000 0.500000
vt 0.000000 -0.375000
vt 1.000000 -0.375000
vt 0.960000 0.500000
vt 0.000000 -0.375000
vt 1.000000 -0.375000
vt 0.960000 0.500000
vt 0.000000 0.375000
vt 1.000000 0.375000
vt 0.960000 0.500000
vt 0.000000 0.375000
vt 1.000000 0.375000
vt 0.096467 0.109428
vt 0.132181 0.109428
vt 0.096467 0.109428
vt 0.096467 0.815310
vt 0.132181 0.815310
vt 0.950000 -0.365625
vt 0.050000 -0.365625
vt 0.950000 -0.365625
vt 0.050000 -0.365625
vt 0.950000 0.365625
vt 0.050000 0.365625
vt 0.950000 0.365625
vt 0.050000 0.365625
vt 0.132181 0.109428
vt 0.132181 0.109428
vt 0.000000 -0.365625
vt 1.000000 -0.365625
vt 0.000000 -0.365625
vt 1.000000 -0.365625
vt 0.000000 0.365625
vt 1.000000 0.365625
vt 0.000000 0.365625
vt 1.000000 0.365625
vt 0.289324 0.109428
vt 0.289324 0.109428
vt 0.132181 0.109428
vt 0.325038 0.109428
vt 0.132181 0.815310
vt 0.325038 0.109428
vt 0.325038 0.815310
vt 0.250000 4.400000
vt 0.250000 4.400000
vt 0.375000 4.400000
vt 0.125000 4.400000
vt 0.375000 4.400000
vt 0.125000 4.400000
vt 0.250000 4.400000
vt 0.250000 4.400000
vt 0.250000 4.400000
vt 0.250000 4.400000
vt 0.375000 4.400000
vt 0.125000 4.400000
vt 0.375000 4.400000
vt 0.125000 4.400000
vt 0.375000 4.400000
vt 0.125000 4.400000
vt 0.375000 4.400000
vt 0.125000 4.400000
vt 0.500000 4.400000
vt 0.000000 4.400000
vt 1.000000 4.400000
vt 0.500000 4.400000
vt 0.000000 4.400000
vt 1.000000 4.400000
vt 0.500000 4.400000
vt 0.000000 4.400000
vt 1.000000 4.400000
vt 0.500000 4.400000
vt 0.000000 4.400000
vt 1.000000 4.400000
vt 0.500000 4.400000
vt 0.000000 4.400000
vt 1.000000 4.400000
vt 0.500000 4.400000
vt 0.000000 4.400000
vt 1.000000 4.400000
vt 0.625000 4.400000
vt 0.875000 4.400000
vt 0.625000 4.400000
vt 0.875000 4.400000
vt 0.625000 4.400000
vt 0.875000 4.400000
vt 0.625000 4.400000
vt 0.875000 4.400000
vt 0.750000 4.400000
vt 0.750000 4.400000
vt 0.750000 4.400000
vt 0.750000 4.400000
vt 0.625000 4.400000
vt 0.875000 4.400000
vt 0.625000 4.400000
vt 0.875000 4.400000
vt 0.750000 4.400000
vt 0.750000 4.400000
vt 0.096467 0.109428
vt 0.096467 0.166781
vt 0.410753 0.109428
vt 0.096467 0.166781
vt 0.096467 0.815310
vt 0.410753 0.815310
vt 0.132181 0.166781
vt 0.132181 0.166781
vt 0.289324 0.166781
vt 0.289324 0.166781
vt 0.325038 0.109428
vt 0.325038 0.166781
vt 0.410753 0.109428
vt 0.325038 0.166781
vt 0.325038 0.815310
vt 0.410753 0.815310
vt 0.132181 0.109428
vt 0.132181 0.174134
vt 0.132181 0.174134
vt 0.132181 0.815310
vt 0.153489 0.084575
vt 0.153489 0.091927
vt 0.153489 0.084575
vt 0.153489 0.797810
vt 0.289324 0.109428
vt 0.289324 0.174134
vt 0.289324 0.174134
vt 0.289324 0.815310
vt 0.310632 0.084575
vt 0.310632 0.091927
vt 0.310632 0.084575
vt 0.310632 0.797810
vt 0.117775 0.091927
vt 0.153489 0.091927
vt 0.117775 0.091927
vt 0.117775 0.797810
vt 0.153489 0.797810
vt 0.153489 0.091927
vt 0.153489 0.091927
vt 0.310632 0.091927
vt 0.310632 0.091927
vt 0.153489 0.091927
vt 0.346346 0.091927
vt 0.153489 0.797810
vt 0.346346 0.091927
vt 0.346346 0.797810
vt 0.250000 4.600000
vt 0.250000 4.600000
vt 0.375000 4.600000
vt 0.125000 4.600000
vt 0.375000 4.600000
vt 0.125000 4.600000
vt 0.250000 4.600000
vt 0.250000 4.600000
vt 0.250000 4.600000
vt 0.250000 4.600000
vt 0.375000 4.600000
vt 0.125000 4.600000
vt 0.375000 4.600000
vt 0.125000 4.600000
vt 0.375000 4.600000
vt 0.125000 4.600000
vt 0.375000 4.600000
vt 0.125000 4.600000
vt 0.500000 4.600000
vt 0.000000 4.600000
vt 1.000000 4.600000
vt 0.500000 4.600000
vt 0.000000 4.600000
vt 1.000000 4.600000
vt 0.500000 4.600000
vt 0.000000 4.600000
vt 1.000000 4.600000
vt 0.500000 4.600000
vt 0.000000 4.600000
vt 1.000000 4.600000
vt 0.500000 4.600000
vt 0.000000 4.600000
vt 1.000000 4.600000
vt 0.500000 4.600000
vt 0.000000 4.600000
vt 1.000000 4.600000
vt 0.625000 4.600000
vt 0.875000 4.600000
vt 0.625000 4.600000
vt 0.875000 4.600000
vt 0.625000 4.600000
vt 0.875000 4.600000
vt 0.625000 4.600000
vt 0.875000 4.600000
vt 0.750000 4.600000
vt 0.750000 4.600000
vt 0.750000 4.600000
vt 0.750000 4.600000
vt 0.625000 4.600000
vt 0.875000 4.600000
vt 0.625000 4.600000
vt 0.875000 4.600000
vt 0.750000 4.600000
vt 0.750000 4.600000
vt 0.117775 0.091927
vt 0.117775 0.149280
vt 0.432060 0.091927
vt 0.117775 0.149280
vt 0.117775 0.797810
vt 0.432060 0.797810
vt 0.153489 0.149280
vt 0.153489 0.149280
vt 0.310632 0.149280
vt 0.310632 0.149280
vt 0.346346 0.091927
vt 0.346346 0.149280
vt 0.432060 0.091927
vt 0.346346 0.149280
vt 0.346346 0.797810
vt 0.432060 0.797810
vt 0.153489 0.091927
vt 0.153489 0.156633
vt 0.153489 0.156633
vt 0.153489 0.797810
vt 0.148171 0.114121
vt 0.148171 0.121474
vt 0.148171 0.114121
vt 0.148171 0.827356
vt 0.310632 0.091927
vt 0.310632 0.156633
vt 0.310632 0.156633
vt 0.310632 0.797810
vt 0.305314 0.114121
vt 0.305314 0.121474
vt 0.305314 0.114121
vt 0.305314 0.827356
vt 0.112457 0.121474
vt 0.148171 0.121474
vt 0.112457 0.121474
vt 0.112457 0.827356
vt 0.148171 0.827356
vt 0.148171 0.121474
vt 0.148171 0.121474
vt 0.305314 0.121474
vt 0.305314 0.121474
vt 0.148171 0.121474
vt 0.341028 0.121474
vt 0.148171 0.827356
vt 0.341028 0.121474
vt 0.341028 0.827356
vt 0.250000 4.800000
vt 0.250000 4.800000
vt 0.375000 4.800000
vt 0.125000 4.800000
vt 0.375000 4.800000
vt 0.125000 4.800000
vt 0.250000 4.800000
vt 0.250000 4.800000
vt 0.250000 4.800000
vt 0.250000 4.800000
vt 0.375000 4.800000
vt 0.125000 4.800000
vt 0.375000 4.800000
vt 0.125000 4.800000
vt 0.375000 4.800000
vt 0.125000 4.800000
vt 0.375000 4.800000
vt 0.125000 4.800000
vt 0.500000 4.800000
vt 0.000000 4.800000
vt 1.000000 4.800000
vt 0.500000 4.800000
vt 0.000000 4.800000
vt 1.000000 4.800000
vt 0.500000 4.800000
vt 0.000000 4.800000
vt 1.000000 4.800000
vt 0.500000 4.800000
vt 0.000000 4.800000
vt 1.000000 4.800000
vt 0.500000 4.800000
vt 0.000000 4.800000
vt 1.000000 4.800000
vt 0.500000 4.800000
vt 0.000000 4.800000
vt 1.000000 4.800000
vt 0.625000 4.800000
vt 0.875000 4.800000
vt 0.625000 4.800000
vt 0.875000 4.800000
vt 0.625000 4.800000
vt 0.875000 4.800000
vt 0.625000 4.800000
vt 0.875000 4.800000
vt 0.750000 4.800000
vt 0.750000 4.800000
vt 0.750000 4.800000
vt 0.750000 4.800000
vt 0.625000 4.800000
vt 0.875000 4.800000
vt 0.625000 4.800000
vt 0.875000 4.800000
vt 0.750000 4.800000
vt 0.750000 4.800000
vt 0.112457 0.121474
vt 0.112457 0.178827
vt 0.426743 0.121474
vt 0.112457 0.178827
vt 0.112457 0.827356
vt 0.426743 0.827356
vt 0.148171 0.178827
vt 0.148171 0.178827
vt 0.305314 0.178827
vt 0.305314 0.178827
vt 0.341028 0.121474
vt 0.341028 0.178827
vt 0.426743 0.121474
vt 0.341028 0.178827
vt 0.341028 0.827356
vt 0.426743 0.827356
vt 0.148171 0.121474
vt 0.148171 0.186180
vt 0.148171 0.186180
vt 0.148171 0.827356
vt 0.084435 0.066226
vt 0.084435 0.073579
vt 0.084435 0.066226
vt 0.084435 0.779461
vt 0.305314 0.121474
vt 0.305314 0.186180
vt 0.305314 0.186180
vt 0.305314 0.827356
vt 0.241578 0.066226
vt 0.241578 0.073579
vt 0.241578 0.066226
vt 0.241578 0.779461
vt 0.048721 0.073579
vt 0.084435 0.073579
vt 0.048721 0.073579
vt 0.048721 0.779461
vt 0.084435 0.779461
vt 0.084435 0.073579
vt 0.084435 0.073579
vt 0.241578 0.073579
vt 0.241578 0.073579
vt 0.084435 0.073579
vt 0.277292 0.073579
vt 0.084435 0.779461
vt 0.277292 0.073579
vt 0.277292 0.779461
vt 0.250000 5.000000
vt 0.250000 5.000000
vt 0.375000 5.000000
vt 0.125000 5.000000
vt 0.375000 5.000000
vt 0.125000 5.000000
vt 0.250000 5.000000
vt 0.250000 5.000000
vt 0.250000 5.000000
vt 0.250000 5.000000
vt 0.375000 5.000000
vt 0.125000 5.000000
vt 0.375000 5.000000
vt 0.125000 5.000000
vt 0.375000 5.000000
vt 0.125000 5.000000
vt 0.375000 5.000000
vt 0.125000 5.000000
vt 0.500000 5.000000
vt 0.000000 5.000000
vt 1.000000 5.000000
vt 0.500000 5.000000
vt 0.000000 5.000000
vt 1.000000 5.000000
vt 0.500000 5.000000
vt 0.000000 5.000000
vt 1.000000 5.000000
vt 0.500000 5.000000
vt 0.000000 5.000000
vt 1.000000 5.000000
vt 0.500000 5.000000
vt 0.000000 5.000000
vt 1.000000 5.000000
vt 0.500000 5.000000
vt 0.000000 5.000000
vt 1.000000 5.000000
vt 0.625000 5.000000
vt 0.875000 5.000000
vt 0.625000 5.000000
vt 0.875000 5.000000
vt 0.625000 5.000000
vt 0.875000 5.000000
vt 0.625000 5.000000
vt 0.875000 5.000000
vt 0.750000 5.000000
vt 0.750000 5.000000
vt 0.750000 5.000000
vt 0.750000 5.000000
vt 0.625000 5.000000
vt 0.875000 5.000000
vt 0.625000 5.000000
vt 0.875000 5.000000
vt 0.750000 5.000000
vt 0.750000 5.000000
vt 0.048721 0.073579
vt 0.048721 0.130932
vt 0.363006 0.073579
vt 0.048721 0.130932
vt 0.048721 0.779461
vt 0.363006 0.779461
vt 0.084435 0.130932
vt 0.084435 0.130932
vt 0.241578 0.130932
vt 0.241578 0.130932
vt 0.277292 0.073579
vt 0.277292 0.130932
vt 0.363006 0.073579
vt 0.277292 0.130932
vt 0.277292 0.779461
vt 0.363006 0.779461
vt 0.084435 0.073579
vt 0.084435 0.138285
vt 0.084435 0.138285
vt 0.084435 0.779461
vt 0.159384 0.020077
vt 0.159384 0.027430
vt 0.159384 0.020077
vt 0.159384 0.733312
vt 0.241578 0.073579
vt 0.241578 0.138285
vt 0.241578 0.138285
vt 0.241578 0.779461
vt 0.123670 0.027430
vt 0.159384 0.027430
vt 0.123670 0.027430
vt 0.123670 0.733312
vt 0.159384 0.733312
vt 0.316527 0.020077
vt 0.316527 0.027430
vt 0.316527 0.020077
vt 0.316527 0.733312
vt 0.159384 0.027430
vt 0.159384 0.027430
vt 0.316527 0.027430
vt 0.316527 0.027430
vt 0.159384 0.027430
vt 0.352241 0.027430
vt 0.159384 0.733312
vt 0.352241 0.027430
vt 0.352241 0.733312
vt 0.250000 5.200000
vt 0.250000 5.200000
vt 0.500000 -0.365625
vt 0.500000 -0.365625
vt 0.500000 0.365625
vt 0.500000 0.365625
vt 0.550000 -0.365625
vt 0.450000 -0.365625
vt 0.550000 -0.365625
vt 0.450000 -0.365625
vt 0.550000 0.365625
vt 0.450000 0.365625
vt 0.550000 0.365625
vt 0.450000 0.365625
vt 0.500000 -0.375000
vt 0.040000 0.500000
vt 0.500000 -0.375000
vt 0.040000 0.500000
vt 0.500000 0.375000
vt 0.040000 0.500000
vt 0.500000 0.375000
vt 0.040000 0.500000
vt 0.375000 5.200000
vt 0.125000 5.200000
vt 0.375000 5.200000
vt 0.125000 5.200000
vt 0.550000 -0.375000
vt 0.062514 0.357852
vt 0.450000 -0.375000
vt 0.062514 0.642148
vt 0.550000 -0.375000
vt 0.062514 0.357852
vt 0.450000 -0.375000
vt 0.062514 0.642148
vt 0.550000 0.375000
vt 0.062514 0.357852
vt 0.450000 0.375000
vt 0.062514 0.642148
vt 0.550000 0.375000
vt 0.062514 0.357852
vt 0.450000 0.375000
vt 0.062514 0.642148
vt 0.250000 5.200000
vt 0.250000 5.200000
vt 0.250000 5.200000
vt 0.250000 5.200000
vt 0.600000 -0.365625
vt 0.400000 -0.365625
vt 0.600000 -0.365625
vt 0.400000 -0.365625
vt 0.600000 0.365625
vt 0.400000 0.365625
vt 0.600000 0.365625
vt 0.400000 0.365625
vt 0.375000 5.200000
vt 0.125000 5.200000
vt 0.375000 5.200000
vt 0.125000 5.200000
vt 0.375000 5.200000
vt 0.125000 5.200000
vt 0.375000 5.200000
vt 0.125000 5.200000
vt 0.600000 -0.375000
vt 0.127852 0.229619
vt 0.400000 -0.375000
vt 0.127852 0.770381
vt 0.600000 -0.375000
vt 0.127852 0.229619
vt 0.400000 -0.375000
vt 0.127852 0.770381
vt 0.600000 0.375000
vt 0.127852 0.229619
vt 0.400000 0.375000
vt 0.127852 0.770381
vt 0.600000 0.375000
vt 0.127852 0.229619
vt 0.400000 0.375000
vt 0.127852 0.770381
vt 0.500000 5.200000
vt 0.000000 5.200000
vt 1.000000 5.200000
vt 0.500000 5.200000
vt 0.000000 5.200000
vt 1.000000 5.200000
vt 0.500000 5.200000
vt 0.000000 5.200000
vt 1.000000 5.200000
vt 0.500000 5.200000
vt 0.000000 5.200000
vt 1.000000 5.200000
vt 0.500000 5.200000
vt 0.000000 5.200000
vt 1.000000 5.200000
vt 0.500000 5.200000
vt 0.000000 5.200000
vt 1.000000 5.200000
vt 0.650000 -0.365625
vt 0.350000 -0.365625
vt 0.650000 -0.365625
vt 0.350000 -0.365625
vt 0.650000 0.365625
vt 0.350000 0.365625
vt 0.650000 0.365625
vt 0.350000 0.365625
vt 0.625000 5.200000
vt 0.875000 5.200000
vt 0.625000 5.200000
vt 0.875000 5.200000
vt 0.625000 5.200000
vt 0.875000 5.200000
vt 0.625000 5.200000
vt 0.875000 5.200000
vt 0.650000 -0.375000
vt 0.229619 0.127852
vt 0.350000 -0.375000
vt 0.229619 0.872148
vt 0.650000 -0.375000
vt 0.229619 0.127852
vt 0.350000 -0.375000
vt 0.229619 0.872148
vt 0.650000 0.375000
vt 0.229619 0.127852
vt 0.350000 0.375000
vt 0.229619 0.872148
vt 0.650000 0.375000
vt 0.229619 0.127852
vt 0.350000 0.375000
vt 0.229619 0.872148
vt 0.750000 5.200000
vt 0.750000 5.200000
vt 0.750000 5.200000
vt 0.750000 5.200000
vt 0.625000 5.200000
vt 0.875000 5.200000
vt 0.625000 5.200000
vt 0.875000 5.200000
vt 0.750000 5.200000
vt 0.750000 5.200000
vt 0.700000 -0.365625
vt 0.300000 -0.365625
vt 0.700000 -0.365625
vt 0.300000 -0.365625
vt 0.700000 0.365625
vt 0.300000 0.365625
vt 0.700000 0.365625
vt 0.300000 0.365625
vt 0.700000 -0.375000
vt 0.357852 0.062514
vt 0.300000 -0.375000
vt 0.357852 0.937486
vt 0.700000 -0.375000
vt 0.357852 0.062514
vt 0.300000 -0.375000
vt 0.357852 0.937486
vt 0.700000 0.375000
vt 0.357852 0.062514
vt 0.300000 0.375000
vt 0.357852 0.937486
vt 0.700000 0.375000
vt 0.357852 0.062514
vt 0.300000 0.375000
vt 0.357852 0.937486
vt 0.123670 0.027430
vt 0.123670 0.084783
vt 0.437955 0.027430
vt 0.123670 0.084783
vt 0.123670 0.733312
vt 0.437955 0.733312
vt 0.159384 0.084783
vt 0.159384 0.084783
vt 0.500000 0.040000
vt 0.750000 -0.375000
vt 0.500000 0.500000
vt 0.500000 0.960000
vt 0.250000 -0.375000
vt 0.500000 0.040000
vt 0.750000 -0.375000
vt 0.500000 0.500000
vt 0.500000 0.960000
vt 0.250000 -0.375000
vt 0.750000 -0.365625
vt 0.250000 -0.365625
vt 0.750000 -0.365625
vt 0.250000 -0.365625
vt 0.750000 0.365625
vt 0.250000 0.365625
vt 0.750000 0.365625
vt 0.250000 0.365625
vt 0.750000 0.375000
vt 0.500000 0.040000
vt 0.500000 0.500000
vt 0.250000 0.375000
vt 0.500000 0.960000
vt 0.750000 0.375000
vt 0.500000 0.040000
vt 0.500000 0.500000
vt 0.250000 0.375000
vt 0.500000 0.960000
vt 0.316527 0.084783
vt 0.316527 0.084783
vt 0.159384 0.027430
vt 0.159384 0.092136
vt 0.159384 0.092136
vt 0.159384 0.733312
vt 0.352241 0.027430
vt 0.352241 0.084783
vt 0.437955 0.027430
vt 0.352241 0.084783
vt 0.352241 0.733312
vt 0.437955 0.733312
vt 0.060627 0.108556
vt 0.060627 0.115909
vt 0.060627 0.108556
vt 0.060627 0.821792
vt 0.642148 0.062514
vt 0.800000 -0.375000
vt 0.642148 0.937486
vt 0.200000 -0.375000
vt 0.642148 0.062514
vt 0.800000 -0.375000
vt 0.642148 0.937486
vt 0.200000 -0.375000
vt 0.642148 0.062514
vt 0.800000 0.375000
vt 0.642148 0.937486
vt 0.200000 0.375000
vt 0.642148 0.062514
vt 0.800000 0.375000
vt 0.642148 0.937486
vt 0.200000 0.375000
vt 0.800000 -0.365625
vt 0.200000 -0.365625
vt 0.800000 -0.365625
vt 0.200000 -0.365625
vt 0.800000 0.365625
vt 0.200000 0.365625
vt 0.800000 0.365625
vt 0.200000 0.365625
vt 0.316527 0.027430
vt 0.316527 0.092136
vt 0.316527 0.092136
vt 0.316527 0.733312
vt 0.024913 0.115909
vt 0.060627 0.115909
vt 0.024913 0.115909
vt 0.024913 0.821792
vt 0.060627 0.821792
vt 0.217770 0.108556
vt 0.217770 0.115909
vt 0.217770 0.108556
vt 0.217770 0.821792
vt 0.060627 0.115909
vt 0.060627 0.115909
vt 0.770381 0.127852
vt 0.850000 -0.375000
vt 0.770381 0.872148
vt 0.150000 -0.375000
vt 0.770381 0.127852
vt 0.850000 -0.375000
vt 0.770381 0.872148
vt 0.150000 -0.375000
vt 0.770381 0.127852
vt 0.850000 0.375000
vt 0.770381 0.872148
vt 0.150000 0.375000
vt 0.770381 0.127852
vt 0.850000 0.375000
vt 0.770381 0.872148
vt 0.150000 0.375000
vt 0.850000 -0.365625
vt 0.150000 -0.365625
vt 0.850000 -0.365625
vt 0.150000 -0.365625
vt 0.850000 0.365625
vt 0.150000 0.365625
vt 0.850000 0.365625
vt 0.150000 0.365625
vt 0.217770 0.115909
vt 0.217770 0.115909
vt 0.060627 0.115909
vt 0.253484 0.115909
vt 0.060627 0.821792
vt 0.253484 0.115909
vt 0.253484 0.821792
vt 0.872148 0.229619
vt 0.900000 -0.375000
vt 0.872148 0.770381
vt 0.100000 -0.375000
vt 0.872148 0.229619
vt 0.900000 -0.375000
vt 0.872148 0.770381
vt 0.100000 -0.375000
vt 0.872148 0.229619
vt 0.900000 0.375000
vt 0.872148 0.770381
vt 0.100000 0.375000
vt 0.872148 0.229619
vt 0.900000 0.375000
vt 0.872148 0.770381
vt 0.100000 0.375000
vt 0.900000 -0.365625
vt 0.100000 -0.365625
vt 0.900000 -0.365625
vt 0.100000 -0.365625
vt 0.900000 0.365625
vt 0.100000 0.365625
vt 0.900000 0.365625
vt 0.100000 0.365625
vt 0.937486 0.357852
vt 0.950000 -0.375000
vt 0.937486 0.642148
vt 0.050000 -0.375000
vt 0.937486 0.357852
vt 0.950000 -0.375000
vt 0.937486 0.642148
vt 0.050000 -0.375000
vt 0.937486 0.357852
vt 0.950000 0.375000
vt 0.937486 0.642148
vt 0.050000 0.375000
vt 0.937486 0.357852
vt 0.950000 0.375000
vt 0.937486 0.642148
vt 0.050000 0.375000
vt 0.960000 0.500000
vt 0.000000 -0.375000
vt 1.000000 -0.375000
vt 0.960000 0.500000
vt 0.000000 -0.375000
vt 1.000000 -0.375000
vt 0.960000 0.500000
vt 0.000000 0.375000
vt 1.000000 0.375000
vt 0.960000 0.500000
vt 0.000000 0.375000
vt 1.000000 0.375000
vt 0.950000 -0.365625
vt 0.050000 -0.365625
vt 0.950000 -0.365625
vt 0.050000 -0.365625
vt 0.950000 0.365625
vt 0.050000 0.365625
vt 0.950000 0.365625
vt 0.050000 0.365625
vt 0.000000 -0.365625
vt 1.000000 -0.365625
vt 0.000000 -0.365625
vt 1.000000 -0.365625
vt 0.000000 0.365625
vt 1.000000 0.365625
vt 0.000000 0.365625
vt 1.000000 0.365625
vt 0.250000 5.400000
vt 0.250000 5.400000
vt 0.375000 5.400000
vt 0.125000 5.400000
vt 0.375000 5.400000
vt 0.125000 5.400000
vt 0.250000 5.400000
vt 0.250000 5.400000
vt 0.250000 5.400000
vt 0.250000 5.400000
vt 0.375000 5.400000
vt 0.125000 5.400000
vt 0.375000 5.400000
vt 0.125000 5.400000
vt 0.375000 5.400000
vt 0.125000 5.400000
vt 0.375000 5.400000
vt 0.125000 5.400000
vt 0.500000 5.400000
vt 0.000000 5.400000
vt 1.000000 5.400000
vt 0.500000 5.400000
vt 0.000000 5.400000
vt 1.000000 5.400000
vt 0.500000 5.400000
vt 0.000000 5.400000
vt 1.000000 5.400000
vt 0.500000 5.400000
vt 0.000000 5.400000
vt 1.000000 5.400000
vt 0.500000 5.400000
vt 0.000000 5.400000
vt 1.000000 5.400000
vt 0.500000 5.400000
vt 0.000000 5.400000
vt 1.000000 5.400000
vt 0.625000 5.400000
vt 0.875000 5.400000
vt 0.625000 5.400000
vt 0.875000 5.400000
vt 0.625000 5.400000
vt 0.875000 5.400000
vt 0.625000 5.400000
vt 0.875000 5.400000
vt 0.750000 5.400000
vt 0.750000 5.400000
vt 0.750000 5.400000
vt 0.750000 5.400000
vt 0.625000 5.400000
vt 0.875000 5.400000
vt 0.625000 5.400000
vt 0.875000 5.400000
vt 0.750000 5.400000
vt 0.750000 5.400000
vt 0.024913 0.115909
vt 0.024913 0.173262
vt 0.339198 0.115909
vt 0.024913 0.173262
vt 0.024913 0.821792
vt 0.339198 0.821792
vt 0.060627 0.173262
vt 0.060627 0.173262
vt 0.217770 0.173262
vt 0.217770 0.173262
vt 0.060627 0.115909
vt 0.060627 0.180615
vt 0.060627 0.180615
vt 0.060627 0.821792
vt 0.253484 0.115909
vt 0.253484 0.173262
vt 0.339198 0.115909
vt 0.253484 0.173262
vt 0.253484 0.821792
vt 0.339198 0.821792
vt 0.109414 0.087423
vt 0.109414 0.094776
vt 0.109414 0.087423
vt 0.109414 0.800658
vt 0.217770 0.115909
vt 0.217770 0.180615
vt 0.217770 0.180615
vt 0.217770 0.821792
vt 0.073700 0.094776
vt 0.109414 0.094776
vt 0.073700 0.094776
vt 0.073700 0.800658
vt 0.109414 0.800658
vt 0.109414 0.094776
vt 0.109414 0.094776
vt 0.266557 0.087423
vt 0.266557 0.094776
vt 0.266557 0.087423
vt 0.266557 0.800658
vt 0.266557 0.094776
vt 0.266557 0.094776
vt 0.109414 0.094776
vt 0.302272 0.094776
vt 0.109414 0.800658
vt 0.302272 0.094776
vt 0.302272 0.800658
vt 0.250000 5.600000
vt 0.250000 5.600000
vt 0.375000 5.600000
vt 0.125000 5.600000
vt 0.375000 5.600000
vt 0.125000 5.600000
vt 0.250000 5.600000
vt 0.250000 5.600000
vt 0.250000 5.600000
vt 0.250000 5.600000
vt 0.375000 5.600000
vt 0.125000 5.600000
vt 0.375000 5.600000
vt 0.125000 5.600000
vt 0.375000 5.600000
vt 0.125000 5.600000
vt 0.375000 5.600000
vt 0.125000 5.600000
vt 0.500000 5.600000
vt 0.000000 5.600000
vt 1.000000 5.600000
vt 0.500000 5.600000
vt 0.000000 5.600000
vt 1.000000 5.600000
vt 0.500000 5.600000
vt 0.000000 5.600000
vt 1.000000 5.600000
vt 0.500000 5.600000
vt 0.000000 5.600000
vt 1.000000 5.600000
vt 0.500000 5.600000
vt 0.000000 5.600000
vt 1.000000 5.600000
vt 0.500000 5.600000
vt 0.000000 5.600000
vt 1.000000 5.600000
vt 0.625000 5.600000
vt 0.875000 5.600000
vt 0.625000 5.600000
vt 0.875000 5.600000
vt 0.625000 5.600000
vt 0.875000 5.600000
vt 0.625000 5.600000
vt 0.875000 5.600000
vt 0.750000 5.600000
vt 0.750000 5.600000
vt 0.750000 5.600000
vt 0.750000 5.600000
vt 0.625000 5.600000
vt 0.875000 5.600000
vt 0.625000 5.600000
vt 0.875000 5.600000
vt 0.073700 0.094776
vt 0.073700 0.152129
vt 0.387986 0.094776
vt 0.073700 0.152129
vt 0.073700 0.800658
vt 0.387986 0.800658
vt 0.750000 5.600000
vt 0.750000 5.600000
vt 0.109414 0.152129
vt 0.109414 0.152129
vt 0.109414 0.094776
vt 0.109414 0.159482
vt 0.109414 0.159482
vt 0.109414 0.800658
vt 0.266557 0.152129
vt 0.266557 0.152129
vt 0.302272 0.094776
vt 0.302272 0.152129
vt 0.387986 0.094776
vt 0.302272 0.152129
vt 0.302272 0.800658
vt 0.387986 0.800658
vt 0.118028 0.022090
vt 0.118028 0.029443
vt 0.118028 0.022090
vt 0.118028 0.735325
vt 0.266557 0.094776
vt 0.266557 0.159482
vt 0.266557 0.159482
vt 0.266557 0.800658
vt 0.082314 0.029443
vt 0.118028 0.029443
vt 0.082314 0.029443
vt 0.082314 0.735325
vt 0.118028 0.735325
vt 0.118028 0.029443
vt 0.118028 0.029443
vt 0.275171 0.022090
vt 0.275171 0.029443
vt 0.275171 0.022090
vt 0.275171 0.735325
vt 0.275171 0.029443
vt 0.275171 0.029443
vt 0.118028 0.029443
vt 0.310885 0.029443
vt 0.118028 0.735325
vt 0.310885 0.029443
vt 0.310885 0.735325
vt 0.250000 5.800000
vt 0.250000 5.800000
vt 0.375000 5.800000
vt 0.125000 5.800000
vt 0.375000 5.800000
vt 0.125000 5.800000
vt 0.250000 5.800000
vt 0.250000 5.800000
vt 0.250000 5.800000
vt 0.250000 5.800000
vt 0.375000 5.800000
vt 0.125000 5.800000
vt 0.375000 5.800000
vt 0.125000 5.800000
vt 0.375000 5.800000
vt 0.125000 5.800000
vt 0.375000 5.800000
vt 0.125000 5.800000
vt 0.500000 5.800000
vt 0.000000 5.800000
vt 1.000000 5.800000
vt 0.500000 5.800000
vt 0.000000 5.800000
vt 1.000000 5.800000
vt 0.500000 5.800000
vt 0.000000 5.800000
vt 1.000000 5.800000
vt 0.500000 5.800000
vt 0.000000 5.800000
vt 1.000000 5.800000
vt 0.500000 5.800000
vt 0.000000 5.800000
vt 1.000000 5.800000
vt 0.500000 5.800000
vt 0.000000 5.800000
vt 1.000000 5.800000
vt 0.625000 5.800000
vt 0.875000 5.800000
vt 0.625000 5.800000
vt 0.875000 5.800000
vt 0.625000 5.800000
vt 0.875000 5.800000
vt 0.625000 5.800000
vt 0.875000 5.800000
vt 0.750000 5.800000
vt 0.750000 5.800000
vt 0.750000 5.800000
vt 0.750000 5.800000
vt 0.625000 5.800000
vt 0.875000 5.800000
vt 0.625000 5.800000
vt 0.875000 5.800000
vt 0.082314 0.029443
vt 0.082314 0.086796
vt 0.396599 0.029443
vt 0.082314 0.086796
vt 0.082314 0.735325
vt 0.396599 0.735325
vt 0.118028 0.086796
vt 0.118028 0.086796
vt 0.750000 5.800000
vt 0.750000 5.800000
vt 0.118028 0.029443
vt 0.118028 0.094149
vt 0.118028 0.094149
vt 0.118028 0.735325
vt 0.275171 0.086796
vt 0.275171 0.086796
vt 0.310885 0.029443
vt 0.310885 0.086796
vt 0.396599 0.029443
vt 0.310885 0.086796
vt 0.310885 0.735325
vt 0.396599 0.735325
vt 0.087868 0.128160
vt 0.087868 0.135513
vt 0.087868 0.128160
vt 0.087868 0.841396
vt 0.275171 0.029443
vt 0.275171 0.094149
vt 0.275171 0.094149
vt 0.275171 0.735325
vt 0.052153 0.135513
vt 0.087868 0.135513
vt 0.052153 0.135513
vt 0.052153 0.841396
vt 0.087868 0.841396
vt 0.087868 0.135513
vt 0.087868 0.135513
vt 0.245011 0.128160
vt 0.245011 0.135513
vt 0.245011 0.128160
vt 0.245011 0.841396
vt 0.245011 0.135513
vt 0.245011 0.135513
vt 0.087868 0.135513
vt 0.280725 0.135513
vt 0.087868 0.841396
vt 0.280725 0.135513
vt 0.280725 0.841396
vt 0.250000 6.000000
vt 0.250000 6.000000
vt 0.375000 6.000000
vt 0.125000 6.000000
vt 0.375000 6.000000
vt 0.125000 6.000000
vt 0.250000 6.000000
vt 0.250000 6.000000
vt 0.250000 6.000000
vt 0.250000 6.000000
vt 0.375000 6.000000
vt 0.125000 6.000000
vt 0.375000 6.000000
vt 0.125000 6.000000
vt 0.375000 6.000000
vt 0.125000 6.000000
vt 0.375000 6.000000
vt 0.125000 6.000000
vt 0.500000 6.000000
vt 0.000000 6.000000
vt 1.000000 6.000000
vt 0.500000 6.000000
vt 0.000000 6.000000
vt 1.000000 6.000000
vt 0.500000 6.000000
vt 0.000000 6.000000
vt 1.000000 6.000000
vt 0.500000 6.000000
vt 0.000000 6.000000
vt 1.000000 6.000000
vt 0.500000 6.000000
vt 0.000000 6.000000
vt 1.000000 6.000000
vt 0.500000 6.000000
vt 0.000000 6.000000
vt 1.000000 6.000000
vt 0.625000 6.000000
vt 0.875000 6.000000
vt 0.625000 6.000000
vt 0.875000 6.000000
vt 0.625000 6.000000
vt 0.875000 6.000000
vt 0.625000 6.000000
vt 0.875000 6.000000
vt 0.750000 6.000000
vt 0.750000 6.000000
vt 0.750000 6.000000
vt 0.750000 6.000000
vt 0.052153 0.135513
vt 0.052153 0.192866
vt 0.366439 0.135513
vt 0.052153 0.192866
vt 0.052153 0.841396
vt 0.366439 0.841396
vt 0.625000 6.000000
vt 0.875000 6.000000
vt 0.625000 6.000000
vt 0.875000 6.000000
vt 0.087868 0.192866
vt 0.087868 0.192866
vt 0.750000 6.000000
vt 0.750000 6.000000
vt 0.087868 0.135513
vt 0.087868 0.200219
vt 0.087868 0.200219
vt 0.087868 0.841396
vt 0.245011 0.192866
vt 0.245011 0.192866
vt 0.280725 0.135513
vt 0.280725 0.192866
vt 0.366439 0.135513
vt 0.280725 0.192866
vt 0.280725 0.841396
vt 0.366439 0.841396
vt 0.096863 0.075968
vt 0.096863 0.083320
vt 0.096863 0.075968
vt 0.096863 0.789203
vt 0.245011 0.135513
vt 0.245011 0.200219
vt 0.245011 0.200219
vt 0.245011 0.841396
vt 0.061149 0.083320
vt 0.096863 0.083320
vt 0.061149 0.083320
vt 0.061149 0.789203
vt 0.096863 0.789203
vt 0.096863 0.083320
vt 0.096863 0.083320
vt 0.254006 0.075968
vt 0.254006 0.083320
vt 0.254006 0.075968
vt 0.254006 0.789203
vt 0.254006 0.083320
vt 0.254006 0.083320
vt 0.096863 0.083320
vt 0.289720 0.083320
vt 0.096863 0.789203
vt 0.289720 0.083320
vt 0.289720 0.789203
vt 0.250000 6.200000
vt 0.250000 6.200000
vt 0.375000 6.200000
vt 0.125000 6.200000
vt 0.375000 6.200000
vt 0.125000 6.200000
vt 0.250000 6.200000
vt 0.250000 6.200000
vt 0.250000 6.200000
vt 0.250000 6.200000
vt 0.375000 6.200000
vt 0.125000 6.200000
vt 0.375000 6.200000
vt 0.125000 6.200000
vt 0.375000 6.200000
vt 0.125000 6.200000
vt 0.375000 6.200000
vt 0.125000 6.200000
vt 0.500000 6.200000
vt 0.000000 6.200000
vt 1.000000 6.200000
vt 0.500000 6.200000
vt 0.000000 6.200000
vt 1.000000 6.200000
vt 0.500000 6.200000
vt 0.000000 6.200000
vt 1.000000 6.200000
vt 0.500000 6.200000
vt 0.000000 6.200000
vt 1.000000 6.200000
vt 0.500000 6.200000
vt 0.000000 6.200000
vt 1.000000 6.200000
vt 0.500000 6.200000
vt 0.000000 6.200000
vt 1.000000 6.200000
vt 0.500000 -0.365625
vt 0.500000 -0.365625
vt 0.500000 0.365625
vt 0.500000 0.365625
vt 0.550000 -0.365625
vt 0.450000 -0.365625
vt 0.550000 -0.365625
vt 0.450000 -0.365625
vt 0.550000 0.365625
vt 0.450000 0.365625
vt 0.550000 0.365625
vt 0.450000 0.365625
vt 0.500000 -0.375000
vt 0.040000 0.500000
vt 0.500000 -0.375000
vt 0.040000 0.500000
vt 0.500000 0.375000
vt 0.040000 0.500000
vt 0.500000 0.375000
vt 0.040000 0.500000
vt 0.550000 -0.375000
vt 0.062514 0.357852
vt 0.450000 -0.375000
vt 0.062514 0.642148
vt 0.550000 -0.375000
vt 0.062514 0.357852
vt 0.450000 -0.375000
vt 0.062514 0.642148
vt 0.550000 0.375000
vt 0.062514 0.357852
vt 0.450000 0.375000
vt 0.062514 0.642148
vt 0.550000 0.375000
vt 0.062514 0.357852
vt 0.450000 0.375000
vt 0.062514 0.642148
vt 0.625000 6.200000
vt 0.875000 6.200000
vt 0.625000 6.200000
vt 0.875000 6.200000
vt 0.625000 6.200000
vt 0.875000 6.200000
vt 0.625000 6.200000
vt 0.875000 6.200000
vt 0.750000 6.200000
vt 0.750000 6.200000
vt 0.750000 6.200000
vt 0.750000 6.200000
vt 0.600000 -0.365625
vt 0.400000 -0.365625
vt 0.600000 -0.365625
vt 0.400000 -0.365625
vt 0.600000 0.365625
vt 0.400000 0.365625
vt 0.600000 0.365625
vt 0.400000 0.365625
vt 0.061149 0.083320
vt 0.061149 0.140673
vt 0.375434 0.083320
vt 0.061149 0.140673
vt 0.061149 0.789203
vt 0.375434 0.789203
vt 0.600000 -0.375000
vt 0.127852 0.229619
vt 0.400000 -0.375000
vt 0.127852 0.770381
vt 0.600000 -0.375000
vt 0.127852 0.229619
vt 0.400000 -0.375000
vt 0.127852 0.770381
vt 0.600000 0.375000
vt 0.127852 0.229619
vt 0.400000 0.375000
vt 0.127852 0.770381
vt 0.600000 0.375000
vt 0.127852 0.229619
vt 0.400000 0.375000
vt 0.127852 0.770381
vt 0.096863 0.140673
vt 0.096863 0.140673
vt 0.625000 6.200000
vt 0.875000 6.200000
vt 0.625000 6.200000
vt 0.875000 6.200000
vt 0.650000 -0.365625
vt 0.350000 -0.365625
vt 0.650000 -0.365625
vt 0.350000 -0.365625
vt 0.650000 0.365625
vt 0.350000 0.365625
vt 0.650000 0.365625
vt 0.350000 0.365625
vt 0.750000 6.200000
vt 0.750000 6.200000
vt 0.650000 -0.375000
vt 0.229619 0.127852
vt 0.350000 -0.375000
vt 0.229619 0.872148
vt 0.650000 -0.375000
vt 0.229619 0.127852
vt 0.350000 -0.375000
vt 0.229619 0.872148
vt 0.650000 0.375000
vt 0.229619 0.127852
vt 0.350000 0.375000
vt 0.229619 0.872148
vt 0.650000 0.375000
vt 0.229619 0.127852
vt 0.350000 0.375000
vt 0.229619 0.872148
vt 0.096863 0.083320
vt 0.096863 0.148026
vt 0.096863 0.148026
vt 0.096863 0.789203
vt 0.254006 0.140673
vt 0.254006 0.140673
vt 0.159770 0.031732
vt 0.159770 0.039085
vt 0.159770 0.031732
vt 0.159770 0.744967
vt 0.289720 0.083320
vt 0.289720 0.140673
vt 0.375434 0.083320
vt 0.289720 0.140673
vt 0.289720 0.789203
vt 0.375434 0.789203
vt 0.700000 -0.365625
vt 0.300000 -0.365625
vt 0.700000 -0.365625
vt 0.300000 -0.365625
vt 0.700000 0.365625
vt 0.300000 0.365625
vt 0.700000 0.365625
vt 0.300000 0.365625
vt 0.700000 -0.375000
vt 0.357852 0.062514
vt 0.300000 -0.375000
vt 0.357852 0.937486
vt 0.700000 -0.375000
vt 0.357852 0.062514
vt 0.300000 -0.375000
vt 0.357852 0.937486
vt 0.700000 0.375000
vt 0.357852 0.062514
vt 0.300000 0.375000
vt 0.357852 0.937486
vt 0.700000 0.375000
vt 0.357852 0.062514
vt 0.300000 0.375000
vt 0.357852 0.937486
vt 0.124056 0.039085
vt 0.159770 0.039085
vt 0.124056 0.039085
vt 0.124056 0.744967
vt 0.159770 0.744967
vt 0.254006 0.083320
vt 0.254006 0.148026
vt 0.254006 0.148026
vt 0.254006 0.789203
vt 0.159770 0.039085
vt 0.159770 0.039085
vt 0.500000 0.040000
vt 0.750000 -0.375000
vt 0.500000 0.500000
vt 0.500000 0.960000
vt 0.250000 -0.375000
vt 0.500000 0.040000
vt 0.750000 -0.375000
vt 0.500000 0.500000
vt 0.500000 0.960000
vt 0.250000 -0.375000
vt 0.750000 -0.365625
vt 0.250000 -0.365625
vt 0.750000 -0.365625
vt 0.250000 -0.365625
vt 0.750000 0.365625
vt 0.250000 0.365625
vt 0.750000 0.365625
vt 0.250000 0.365625
vt 0.750000 0.375000
vt 0.500000 0.040000
vt 0.500000 0.500000
vt 0.250000 0.375000
vt 0.500000 0.960000
vt 0.750000 0.375000
vt 0.500000 0.040000
vt 0.500000 0.500000
vt 0.250000 0.375000
vt 0.500000 0.960000
vt 0.316913 0.031732
vt 0.316913 0.039085
vt 0.316913 0.031732
vt 0.316913 0.744967
vt 0.316913 0.039085
vt 0.316913 0.039085
vt 0.642148 0.062514
vt 0.800000 -0.375000
vt 0.642148 0.937486
vt 0.200000 -0.375000
vt 0.642148 0.062514
vt 0.800000 -0.375000
vt 0.642148 0.937486
vt 0.200000 -0.375000
vt 0.642148 0.062514
vt 0.800000 0.375000
vt 0.642148 0.937486
vt 0.200000 0.375000
vt 0.642148 0.062514
vt 0.800000 0.375000
vt 0.642148 0.937486
vt 0.200000 0.375000
vt 0.800000 -0.365625
vt 0.200000 -0.365625
vt 0.800000 -0.365625
vt 0.200000 -0.365625
vt 0.800000 0.365625
vt 0.200000 0.365625
vt 0.800000 0.365625
vt 0.200000 0.365625
vt 0.159770 0.039085
vt 0.352627 0.039085
vt 0.159770 0.744967
vt 0.352627 0.039085
vt 0.352627 0.744967
vt 0.770381 0.127852
vt 0.850000 -0.375000
vt 0.770381 0.872148
vt 0.150000 -0.375000
vt 0.770381 0.127852
vt 0.850000 -0.375000
vt 0.770381 0.872148
vt 0.150000 -0.375000
vt 0.770381 0.127852
vt 0.850000 0.375000
vt 0.770381 0.872148
vt 0.150000 0.375000
vt 0.770381 0.127852
vt 0.850000 0.375000
vt 0.770381 0.872148
vt 0.150000 0.375000
vt 0.850000 -0.365625
vt 0.150000 -0.365625
vt 0.850000 -0.365625
vt 0.150000 -0.365625
vt 0.850000 0.365625
vt 0.150000 0.365625
vt 0.850000 0.365625
vt 0.150000 0.365625
vt 0.872148 0.229619
vt 0.900000 -0.375000
vt 0.872148 0.770381
vt 0.100000 -0.375000
vt 0.872148 0.229619
vt 0.900000 -0.375000
vt 0.872148 0.770381
vt 0.100000 -0.375000
vt 0.872148 0.229619
vt 0.900000 0.375000
vt 0.872148 0.770381
vt 0.100000 0.375000
vt 0.872148 0.229619
vt 0.900000 0.375000
vt 0.872148 0.770381
vt 0.100000 0.375000
vt 0.900000 -0.365625
vt 0.100000 -0.365625
vt 0.900000 -0.365625
vt 0.100000 -0.365625
vt 0.900000 0.365625
vt 0.100000 0.365625
vt 0.900000 0.365625
vt 0.100000 0.365625
vt 0.937486 0.357852
vt 0.950000 -0.375000
vt 0.937486 0.642148
vt 0.050000 -0.375000
vt 0.937486 0.357852
vt 0.950000 -0.375000
vt 0.937486 0.642148
vt 0.050000 -0.375000
vt 0.937486 0.357852
vt 0.950000 0.375000
vt 0.937486 0.642148
vt 0.050000 0.375000
vt 0.937486 0.357852
vt 0.950000 0.375000
vt 0.937486 0.642148
vt 0.050000 0.375000
vt 0.960000 0.500000
vt 0.000000 -0.375000
vt 1.000000 -0.375000
vt 0.960000 0.500000
vt 0.000000 -0.375000
vt 1.000000 -0.375000
vt 0.960000 0.500000
vt 0.000000 0.375000
vt 1.000000 0.375000
vt 0.960000 0.500000
vt 0.000000 0.375000
vt 1.000000 0.375000
vt 0.950000 -0.365625
vt 0.050000 -0.365625
vt 0.950000 -0.365625
vt 0.050000 -0.365625
vt 0.950000 0.365625
vt 0.050000 0.365625
vt 0.950000 0.365625
vt 0.050000 0.365625
vt 0.000000 -0.365625
vt 1.000000 -0.365625
vt 0.000000 -0.365625
vt 1.000000 -0.365625
vt 0.000000 0.365625
vt 1.000000 0.365625
vt 0.000000 0.365625
vt 1.000000 0.365625
vt 0.250000 6.400000
vt 0.000000 0.000000
vt 1.000000 0.000000
vt 0.250000 6.400000
vt 0.000000 0.000000
vt 1.000000 0.000000
vt 0.375000 6.400000
vt 0.000000 0.000000
vt 1.000000 0.000000
vt 0.125000 6.400000
vt 0.000000 0.000000
vt 1.000000 0.000000
vt 0.375000 6.400000
vt 0.000000 0.000000
vt 1.000000 0.000000
vt 0.125000 6.400000
vt 0.000000 0.000000
vt 1.000000 0.000000
vt 0.250000 6.400000
vt 0.000000 0.000000
vt 1.000000 0.000000
vt 0.250000 6.400000
vt 0.000000 0.000000
vt 1.000000 0.000000
vt 0.250000 6.400000
vt 0.000000 0.000000
vt 1.000000 0.000000
vt 0.250000 6.400000
vt 0.000000 0.000000
vt 1.000000 0.000000
vt 0.375000 6.400000
vt 0.000000 0.000000
vt 1.000000 0.000000
vt 0.125000 6.400000
vt 0.000000 0.000000
vt 1.000000 0.000000
vt 0.375000 6.400000
vt 0.000000 0.000000
vt 1.000000 0.000000
vt 0.125000 6.400000
vt 0.000000 0.000000
vt 1.000000 0.000000
vt 0.375000 6.400000
vt 0.000000 0.000000
vt 1.000000 0.000000
vt 0.125000 6.400000
vt 0.000000 0.000000
vt 1.000000 0.000000
vt 0.375000 6.400000
vt 0.000000 0.000000
vt 1.000000 0.000000
vt 0.125000 6.400000
vt 0.000000 0.000000
vt 1.000000 0.000000
vt 0.500000 6.400000
vt 0.000000 0.000000
vt 1.000000 0.000000
vt 0.500000 0.500000
vt 0.000000 6.400000
vt 1.000000 6.400000
vt 0.000000 0.000000
vt 1.000000 0.000000
vt 0.500000 6.400000
vt 0.000000 0.000000
vt 1.000000 0.000000
vt 0.500000 0.500000
vt 0.000000 6.400000
vt 1.000000 6.400000
vt 0.000000 0.000000
vt 1.000000 0.000000
vt 0.500000 6.400000
vt 0.000000 0.000000
vt 1.000000 0.000000
vt 0.500000 0.500000
vt 0.000000 6.400000
vt 1.000000 6.400000
vt 0.000000 0.000000
vt 1.000000 0.000000
vt 0.500000 6.400000
vt 0.000000 0.000000
vt 1.000000 0.000000
vt 0.500000 0.500000
vt 0.000000 6.400000
vt 1.000000 6.400000
vt 0.000000 0.000000
vt 1.000000 0.000000
vt 0.500000 6.400000
vt 0.000000 0.000000
vt 1.000000 0.000000
vt 0.500000 0.500000
vt 0.000000 6.400000
vt 1.000000 6.400000
vt 0.000000 0.000000
vt 1.000000 0.000000
vt 0.500000 6.400000
vt 0.000000 0.000000
vt 1.000000 0.000000
vt 0.500000 0.500000
vt 0.000000 6.400000
vt 1.000000 6.400000
vt 0.000000 0.000000
vt 1.000000 0.000000
vt 0.625000 6.400000
vt 0.000000 0.000000
vt 1.000000 0.000000
vt 0.875000 6.400000
vt 0.000000 0.000000
vt 1.000000 0.000000
vt 0.625000 6.400000
vt 0.000000 0.000000
vt 1.000000 0.000000
vt 0.875000 6.400000
vt 0.000000 0.000000
vt 1.000000 0.000000
vt 0.625000 6.400000
vt 0.000000 0.000000
vt 1.000000 0.000000
vt 0.875000 6.400000
vt 0.000000 0.000000
vt 1.000000 0.000000
vt 0.625000 6.400000
vt 0.000000 0.000000
vt 1.000000 0.000000
vt 0.875000 6.400000
vt 0.000000 0.000000
vt 1.000000 0.000000
vt 0.124056 0.039085
vt 0.124056 0.096438
vt 0.438342 0.039085
vt 0.124056 0.096438
vt 0.124056 0.744967
vt 0.438342 0.744967
vt 0.750000 6.400000
vt 0.000000 0.000000
vt 1.000000 0.000000
vt 0.750000 6.400000
vt 0.000000 0.000000
vt 1.000000 0.000000
vt 0.750000 6.400000
vt 0.000000 0.000000
vt 1.000000 0.000000
vt 0.750000 6.400000
vt 0.000000 0.000000
vt 1.000000 0.000000
vt 0.159770 0.096438
vt 0.159770 0.096438
vt 0.625000 6.400000
vt 0.000000 0.000000
vt 1.000000 0.000000
vt 0.875000 6.400000
vt 0.000000 0.000000
vt 1.000000 0.000000
vt 0.625000 6.400000
vt 0.000000 0.000000
vt 1.000000 0.000000
vt 0.875000 6.400000
vt 0.000000 0.000000
vt 1.000000 0.000000
vt 0.750000 6.400000
vt 0.000000 0.000000
vt 1.000000 0.000000
vt 0.750000 6.400000
vt 0.000000 0.000000
vt 1.000000 0.000000
vt 0.159770 0.039085
vt 0.159770 0.103791
vt 0.159770 0.103791
vt 0.159770 0.744967
vt 0.316913 0.096438
vt 0.316913 0.096438
vt 0.352627 0.039085
vt 0.352627 0.096438
vt 0.438342 0.039085
vt 0.352627 0.096438
vt 0.352627 0.744967
vt 0.438342 0.744967
vt 0.316913 0.039085
vt 0.316913 0.103791
vt 0.316913 0.103791
vt 0.316913 0.744967
vn -0.991403 -0.130744 -0.005095
vn -0.991403 -0.130744 -0.005095
vn -0.991365 -0.130739 0.010136
vn -0.991365 -0.130739 0.010136
vn -0.414469 0.910006 -0.010243
vn -0.414469 0.910006 -0.010243
vn -0.414485 0.910042 0.005148
vn -0.414485 0.910042 0.005148
vn -0.414485 0.910042 0.005148
vn -0.150538 0.132903 -0.979630
vn -0.150538 0.132903 0.979630
vn -0.817198 -0.576161 -0.014998
vn -0.817198 -0.576161 -0.014998
vn -0.914697 -0.404011 0.010255
vn -0.914697 -0.404011 0.010255
vn -0.952761 -0.303721 0.000000
vn -0.952761 -0.303721 0.000000
vn -0.303721 0.952761 0.000000
vn -0.952761 -0.303721 0.000000
vn -0.952761 -0.303721 0.000000
vn -0.303721 0.952761 0.000000
vn -0.952761 -0.303721 0.000000
vn -0.952761 -0.303721 0.000000
vn -0.214763 0.673704 -0.707107
vn -0.952761 -0.303721 0.000000
vn -0.952761 -0.303721 0.000000
vn -0.214763 0.673704 0.707107
vn -0.952761 -0.303721 0.000000
vn -0.952761 -0.303721 0.000000
vn -0.214763 0.673704 -0.707107
vn -0.952761 -0.303721 0.000000
vn -0.952761 -0.303721 0.000000
vn -0.214763 0.673704 0.707107
vn -0.000082 -0.300924 -0.953648
vn -0.000082 -0.300924 0.953648
vn -0.952761 -0.303721 0.000000
vn -0.952761 -0.303721 0.000000
vn -0.303721 0.952761 0.000000
vn -0.952761 -0.303721 0.000000
vn -0.952761 -0.303721 0.000000
vn -0.303721 0.952761 0.000000
vn -0.952761 -0.303721 0.000000
vn -0.952761 -0.303721 0.000000
vn -0.303721 0.952761 0.000000
vn -0.952761 -0.303721 0.000000
vn -0.952761 -0.303721 0.000000
vn -0.303721 0.952761 0.000000
vn 0.251053 -0.967958 -0.005482
vn 0.251053 -0.967958 -0.005482
vn 0.113470 -0.993500 0.009081
vn 0.113470 -0.993500 0.009081
vn 0.113470 -0.993500 0.009081
vn -0.952761 -0.303721 0.000000
vn -0.952761 -0.303721 0.000000
vn -0.214763 0.673704 -0.707107
vn -0.952761 -0.303721 0.000000
vn -0.952761 -0.303721 0.000000
vn -0.214763 0.673704 0.707107
vn -0.952761 -0.303721 0.000000
vn -0.952761 -0.303721 0.000000
vn -0.214763 0.673704 -0.707107
vn -0.952761 -0.303721 0.000000
vn -0.952761 -0.303721 0.000000
vn -0.214763 0.673704 0.707107
vn -0.952761 -0.303721 0.000000
vn -0.952761 -0.303721 0.000000
vn -0.214763 0.673704 -0.707107
vn -0.952761 -0.303721 0.000000
vn -0.952761 -0.303721 0.000000
vn -0.214763 0.673704 0.707107
vn -0.952761 -0.303721 0.000000
vn -0.952761 -0.303721 0.000000
vn -0.214763 0.673704 -0.707107
vn -0.952761 -0.303721 0.000000
vn -0.952761 -0.303721 0.000000
vn -0.214763 0.673704 0.707107
vn -0.952761 -0.303721 0.000000
vn -0.952761 -0.303721 0.000000
vn 0.000000 0.000000 -1.000000
vn -0.952761 -0.303721 0.000000
vn -0.952761 -0.303721 0.000000
vn -0.952761 -0.303721 0.000000
vn 0.000000 0.000000 1.000000
vn 0.000000 0.000000 1.000000
vn -0.952761 -0.303721 0.000000
vn -0.952761 -0.303721 0.000000
vn 0.000000 0.000000 -1.000000
vn -0.952761 -0.303721 0.000000
vn -0.952761 -0.303721 0.000000
vn -0.952761 -0.303721 0.000000
vn 0.000000 0.000000 1.000000
vn 0.000000 0.000000 1.000000
vn -0.952761 -0.303721 0.000000
vn -0.952761 -0.303721 0.000000
vn 0.000000 0.000000 -1.000000
vn -0.952761 -0.303721 0.000000
vn -0.952761 -0.303721 0.000000
vn -0.952761 -0.303721 0.000000
vn 0.000000 0.000000 1.000000
vn 0.000000 0.000000 1.000000
vn -0.952761 -0.303721 0.000000
vn -0.952761 -0.303721 0.000000
vn 0.000000 0.000000 -1.000000
vn -0.952761 -0.303721 0.000000
vn -0.952761 -0.303721 0.000000
vn -0.952761 -0.303721 0.000000
vn 0.000000 0.000000 1.000000
vn 0.000000 0.000000 1.000000
vn -0.952761 -0.303721 0.000000
vn -0.952761 -0.303721 0.000000
vn 0.000000 0.000000 -1.000000
vn -0.952761 -0.303721 0.000000
vn -0.952761 -0.303721 0.000000
vn -0.952761 -0.303721 0.000000
vn 0.000000 0.000000 1.000000
vn 0.000000 0.000000 1.000000
vn -0.952761 -0.303721 0.000000
vn -0.952761 -0.303721 0.000000
vn 0.000000 0.000000 -1.000000
vn -0.952761 -0.303721 0.000000
vn -0.952761 -0.303721 0.000000
vn -0.952761 -0.303721 0.000000
vn 0.000000 0.000000 1.000000
vn 0.000000 0.000000 1.000000
vn -0.952761 -0.303721 0.000000
vn -0.952761 -0.303721 0.000000
vn 0.214763 -0.673704 -0.707107
vn -0.952761 -0.303721 0.000000
vn -0.952761 -0.303721 0.000000
vn 0.214763 -0.673704 0.707107
vn -0.952761 -0.303721 0.000000
vn -0.952761 -0.303721 0.000000
vn 0.214763 -0.673704 -0.707107
vn -0.952761 -0.303721 0.000000
vn -0.952761 -0.303721 0.000000
vn 0.214763 -0.673704 0.707107
vn -0.952761 -0.303721 0.000000
vn -0.952761 -0.303721 0.000000
vn 0.214763 -0.673704 -0.707107
vn -0.952761 -0.303721 0.000000
vn -0.952761 -0.303721 0.000000
vn 0.214763 -0.673704 0.707107
vn -0.952761 -0.303721 0.000000
vn -0.952761 -0.303721 0.000000
vn 0.214763 -0.673704 -0.707107
vn -0.952761 -0.303721 0.000000
vn -0.952761 -0.303721 0.000000
vn 0.214763 -0.673704 0.707107
vn -0.952761 -0.303721 0.000000
vn -0.952761 -0.303721 0.000000
vn 0.303721 -0.952761 0.000000
vn -0.952761 -0.303721 0.000000
vn -0.952761 -0.303721 0.000000
vn 0.303721 -0.952761 0.000000
vn -0.952761 -0.303721 0.000000
vn -0.952761 -0.303721 0.000000
vn 0.303721 -0.952761 0.000000
vn -0.952761 -0.303721 0.000000
vn -0.952761 -0.303721 0.000000
vn 0.303721 -0.952761 0.000000
vn -0.952761 -0.303721 0.000000
vn -0.952761 -0.303721 0.000000
vn 0.214763 -0.673704 -0.707107
vn -0.952761 -0.303721 0.000000
vn -0.952761 -0.303721 0.000000
vn 0.214763 -0.673704 0.707107
vn -0.952761 -0.303721 0.000000
vn -0.952761 -0.303721 0.000000
vn 0.214763 -0.673704 -0.707107
vn -0.952761 -0.303721 0.000000
vn -0.952761 -0.303721 0.000000
vn 0.214763 -0.673704 0.707107
vn -0.952761 -0.303721 0.000000
vn -0.952761 -0.303721 0.000000
vn 0.303721 -0.952761 0.000000
vn -0.952761 -0.303721 0.000000
vn -0.952761 -0.303721 0.000000
vn 0.303721 -0.952761 0.000000
vn -0.970142 -0.242536 0.000000
vn -0.970142 -0.242536 0.000000
vn -0.970142 0.242536 0.000000
vn -0.970142 0.242536 0.000000
vn -0.922660 -0.242536 -0.299791
vn -0.922660 -0.242536 0.299791
vn -0.922660 -0.242536 -0.299791
vn -0.922660 -0.242536 0.299791
vn -0.922660 0.242536 -0.299791
vn -0.922660 0.242536 0.299791
vn -0.922660 0.242536 -0.299791
vn -0.922660 0.242536 0.299791
vn -0.882353 -0.470588 0.000000
vn 0.000000 -1.000000 0.000000
vn -0.882353 -0.470588 0.000000
vn 0.000000 -1.000000 0.000000
vn -0.882353 0.470588 0.000000
vn 0.000000 1.000000 0.000000
vn -0.882353 0.470588 0.000000
vn 0.000000 1.000000 0.000000
vn -0.839168 -0.470588 -0.272662
vn 0.000000 -1.000000 0.000000
vn -0.839168 -0.470588 0.272662
vn 0.000000 -1.000000 0.000000
vn -0.839168 -0.470588 -0.272662
vn 0.000000 -1.000000 0.000000
vn -0.839168 -0.470588 0.272662
vn 0.000000 -1.000000 0.000000
vn -0.839168 0.470588 -0.272662
vn 0.000000 1.000000 0.000000
vn -0.839168 0.470588 0.272662
vn 0.000000 1.000000 0.000000
vn -0.839168 0.470588 -0.272662
vn 0.000000 1.000000 0.000000
vn -0.839168 0.470588 0.272662
vn 0.000000 1.000000 0.000000
vn -0.784862 -0.242536 -0.570235
vn -0.784862 -0.242536 0.570235
vn -0.784862 -0.242536 -0.570235
vn -0.784862 -0.242536 0.570235
vn -0.784862 0.242536 -0.570235
vn -0.784862 0.242536 0.570235
vn -0.784862 0.242536 -0.570235
vn -0.784862 0.242536 0.570235
vn -0.713839 -0.470588 -0.518634
vn 0.000000 -1.000000 0.000000
vn -0.713839 -0.470588 0.518634
vn 0.000000 -1.000000 0.000000
vn -0.713839 -0.470588 -0.518634
vn 0.000000 -1.000000 0.000000
vn -0.713839 -0.470588 0.518634
vn 0.000000 -1.000000 0.000000
vn -0.713839 0.470588 -0.518634
vn 0.000000 1.000000 0.000000
vn -0.713839 0.470588 0.518634
vn 0.000000 1.000000 0.000000
vn -0.713839 0.470588 -0.518634
vn 0.000000 1.000000 0.000000
vn -0.713839 0.470588 0.518634
vn 0.000000 1.000000 0.000000
vn -0.570235 -0.242536 -0.784862
vn -0.570235 -0.242536 0.784862
vn -0.570235 -0.242536 -0.784862
vn -0.570235 -0.242536 0.784862
vn -0.570235 0.242536 -0.784862
vn -0.570235 0.242536 0.784862
vn -0.570235 0.242536 -0.784862
vn -0.570235 0.242536 0.784862
vn -0.518634 -0.470588 -0.713839
vn 0.000000 -1.000000 0.000000
vn -0.518634 -0.470588 0.713839
vn 0.000000 -1.000000 0.000000
vn -0.518634 -0.470588 -0.713839
vn 0.000000 -1.000000 0.000000
vn -0.518634 -0.470588 0.713839
vn 0.000000 -1.000000 0.000000
vn -0.518634 0.470588 -0.713839
vn 0.000000 1.000000 0.000000
vn -0.518634 0.470588 0.713839
vn 0.000000 1.000000 0.000000
vn -0.518634 0.470588 -0.713839
vn 0.000000 1.000000 0.000000
vn -0.518634 0.470588 0.713839
vn 0.000000 1.000000 0.000000
vn -0.251326 0.967848 -0.010290
vn -0.251326 0.967848 -0.010290
vn -0.251326 0.967848 -0.010290
vn -0.115038 0.993216 0.016994
vn -0.115038 0.993216 0.016994
vn -0.115038 0.993216 0.016994
vn -0.299791 -0.242536 -0.922660
vn -0.299791 -0.242536 0.922660
vn -0.299791 -0.242536 -0.922660
vn -0.299791 -0.242536 0.922660
vn -0.299791 0.242536 -0.922660
vn -0.299791 0.242536 0.922660
vn -0.299791 0.242536 -0.922660
vn -0.299791 0.242536 0.922660
vn -0.272662 -0.470588 -0.839168
vn 0.000000 -1.000000 0.000000
vn -0.272662 -0.470588 0.839168
vn 0.000000 -1.000000 0.000000
vn -0.272662 -0.470588 -0.839168
vn 0.000000 -1.000000 0.000000
vn -0.272662 -0.470588 0.839168
vn 0.000000 -1.000000 0.000000
vn -0.272662 0.470588 -0.839168
vn 0.000000 1.000000 0.000000
vn -0.272662 0.470588 0.839168
vn 0.000000 1.000000 0.000000
vn -0.272662 0.470588 -0.839168
vn 0.000000 1.000000 0.000000
vn -0.272662 0.470588 0.839168
vn 0.000000 1.000000 0.000000
vn 0.049675 0.206425 -0.977201
vn 0.049675 0.206425 0.977201
vn 0.879175 0.476410 -0.009208
vn 0.879175 0.476410 -0.009208
vn 0.879418 0.475701 0.018245
vn 0.879418 0.475701 0.018245
vn 0.000000 -1.000000 0.000000
vn 0.000000 -0.470588 -0.882353
vn 0.000000 -1.000000 0.000000
vn 0.000000 -1.000000 0.000000
vn 0.000000 -0.470588 0.882353
vn 0.000000 -1.000000 0.000000
vn 0.000000 -0.470588 -0.882353
vn 0.000000 -1.000000 0.000000
vn 0.000000 -1.000000 0.000000
vn 0.000000 -0.470588 0.882353
vn 0.000000 -0.242536 -0.970142
vn 0.000000 -0.242536 0.970142
vn 0.000000 -0.242536 -0.970142
vn 0.000000 -0.242536 0.970142
vn 0.000000 0.242536 -0.970142
vn 0.000000 0.242536 0.970142
vn 0.000000 0.242536 -0.970142
vn 0.000000 0.242536 0.970142
vn 0.000000 0.470588 -0.882353
vn 0.000000 1.000000 0.000000
vn 0.000000 1.000000 0.000000
vn 0.000000 0.470588 0.882353
vn 0.000000 1.000000 0.000000
vn 0.000000 0.470588 -0.882353
vn 0.000000 1.000000 0.000000
vn 0.000000 1.000000 0.000000
vn 0.000000 0.470588 0.882353
vn 0.000000 1.000000 0.000000
vn 0.138011 -0.061211 -0.988537
vn 0.138011 -0.061211 0.988537
vn -0.993650 -0.112401 -0.005095
vn -0.993650 -0.112401 -0.005095
vn -0.993612 -0.112397 0.010136
vn -0.993612 -0.112397 0.010136
vn 0.413490 -0.910307 -0.019146
vn 0.413490 -0.910307 -0.019146
vn 0.413490 -0.910307 -0.019146
vn 0.414004 -0.910224 0.009667
vn 0.414004 -0.910224 0.009667
vn 0.414004 -0.910224 0.009667
vn 0.000000 -1.000000 0.000000
vn 0.272662 -0.470588 -0.839168
vn 0.000000 -1.000000 0.000000
vn 0.272662 -0.470588 0.839168
vn 0.000000 -1.000000 0.000000
vn 0.272662 -0.470588 -0.839168
vn 0.000000 -1.000000 0.000000
vn 0.272662 -0.470588 0.839168
vn 0.000000 1.000000 0.000000
vn 0.272662 0.470588 -0.839168
vn 0.000000 1.000000 0.000000
vn 0.272662 0.470588 0.839168
vn 0.000000 1.000000 0.000000
vn 0.272662 0.470588 -0.839168
vn 0.000000 1.000000 0.000000
vn 0.272662 0.470588 0.839168
vn 0.299791 -0.242536 -0.922660
vn 0.299791 -0.242536 0.922660
vn 0.299791 -0.242536 -0.922660
vn 0.299791 -0.242536 0.922660
vn 0.299791 0.242536 -0.922660
vn 0.299791 0.242536 0.922660
vn 0.299791 0.242536 -0.922660
vn 0.299791 0.242536 0.922660
vn -0.397582 0.917510 -0.010243
vn -0.397582 0.917510 -0.010243
vn -0.397597 0.917546 0.005148
vn -0.397597 0.917546 0.005148
vn -0.397597 0.917546 0.005148
vn 0.999889 0.012357 -0.008318
vn 0.999889 0.012357 -0.008318
vn 0.977581 0.210484 0.005677
vn 0.977581 0.210484 0.005677
vn -0.148056 0.135663 -0.979630
vn -0.148056 0.135663 0.979630
vn -0.827706 -0.560962 -0.014998
vn -0.827706 -0.560962 -0.014998
vn -0.922006 -0.387039 0.010255
vn -0.922006 -0.387039 0.010255
vn 0.000000 -1.000000 0.000000
vn 0.518634 -0.470588 -0.713839
vn 0.000000 -1.000000 0.000000
vn 0.518634 -0.470588 0.713839
vn 0.000000 -1.000000 0.000000
vn 0.518634 -0.470588 -0.713839
vn 0.000000 -1.000000 0.000000
vn 0.518634 -0.470588 0.713839
vn 0.000000 1.000000 0.000000
vn 0.518634 0.470588 -0.713839
vn 0.000000 1.000000 0.000000
vn 0.518634 0.470588 0.713839
vn 0.000000 1.000000 0.000000
vn 0.518634 0.470588 -0.713839
vn 0.000000 1.000000 0.000000
vn 0.518634 0.470588 0.713839
vn -0.294787 0.955563 0.000000
vn -0.294787 0.955563 0.000000
vn 0.570235 -0.242536 -0.784862
vn 0.570235 -0.242536 0.784862
vn 0.570235 -0.242536 -0.784862
vn 0.570235 -0.242536 0.784862
vn 0.570235 0.242536 -0.784862
vn 0.570235 0.242536 0.784862
vn 0.570235 0.242536 -0.784862
vn 0.570235 0.242536 0.784862
vn -0.208446 0.675685 -0.707107
vn -0.208446 0.675685 0.707107
vn -0.208446 0.675685 -0.707107
vn -0.208446 0.675685 0.707107
vn -0.005643 -0.300871 -0.953648
vn -0.005643 -0.300871 0.953648
vn 0.000000 -1.000000 0.000000
vn 0.713839 -0.470588 -0.518634
vn 0.000000 -1.000000 0.000000
vn 0.713839 -0.470588 0.518634
vn 0.000000 -1.000000 0.000000
vn 0.713839 -0.470588 -0.518634
vn 0.000000 -1.000000 0.000000
vn 0.713839 -0.470588 0.518634
vn 0.000000 1.000000 0.000000
vn 0.713839 0.470588 -0.518634
vn 0.000000 1.000000 0.000000
vn 0.713839 0.470588 0.518634
vn 0.000000 1.000000 0.000000
vn 0.713839 0.470588 -0.518634
vn 0.000000 1.000000 0.000000
vn 0.713839 0.470588 0.518634
vn 0.233123 -0.972432 -0.005482
vn 0.233123 -0.972432 -0.005482
vn 0.095092 -0.995427 0.009081
vn 0.095092 -0.995427 0.009081
vn 0.095092 -0.995427 0.009081
vn 0.784862 -0.242536 -0.570235
vn 0.784862 -0.242536 0.570235
vn 0.784862 -0.242536 -0.570235
vn 0.784862 -0.242536 0.570235
vn 0.784862 0.242536 -0.570235
vn 0.784862 0.242536 0.570235
vn 0.784862 0.242536 -0.570235
vn 0.784862 0.242536 0.570235
vn -0.294787 0.955563 0.000000
vn -0.294787 0.955563 0.000000
vn -0.294787 0.955563 0.000000
vn -0.294787 0.955563 0.000000
vn -0.208446 0.675685 -0.707107
vn -0.208446 0.675685 0.707107
vn -0.208446 0.675685 -0.707107
vn -0.208446 0.675685 0.707107
vn -0.208446 0.675685 -0.707107
vn -0.208446 0.675685 0.707107
vn -0.208446 0.675685 -0.707107
vn -0.208446 0.675685 0.707107
vn 0.000000 -1.000000 0.000000
vn 0.839168 -0.470588 -0.272662
vn 0.000000 -1.000000 0.000000
vn 0.839168 -0.470588 0.272662
vn 0.000000 -1.000000 0.000000
vn 0.839168 -0.470588 -0.272662
vn 0.000000 -1.000000 0.000000
vn 0.839168 -0.470588 0.272662
vn 0.000000 1.000000 0.000000
vn 0.839168 0.470588 -0.272662
vn 0.000000 1.000000 0.000000
vn 0.839168 0.470588 0.272662
vn 0.000000 1.000000 0.000000
vn 0.839168 0.470588 -0.272662
vn 0.000000 1.000000 0.000000
vn 0.839168 0.470588 0.272662
vn 0.000000 -1.000000 0.000000
vn 0.882353 -0.470588 0.000000
vn 0.882353 -0.470588 0.000000
vn 0.000000 -1.000000 0.000000
vn 0.882353 -0.470588 0.000000
vn 0.882353 -0.470588 0.000000
vn 0.000000 1.000000 0.000000
vn 0.882353 0.470588 0.000000
vn 0.882353 0.470588 0.000000
vn 0.000000 1.000000 0.000000
vn 0.882353 0.470588 0.000000
vn 0.882353 0.470588 0.000000
vn 0.922660 -0.242536 -0.299791
vn 0.922660 -0.242536 0.299791
vn 0.922660 -0.242536 -0.299791
vn 0.922660 -0.242536 0.299791
vn 0.922660 0.242536 -0.299791
vn 0.922660 0.242536 0.299791
vn 0.922660 0.242536 -0.299791
vn 0.922660 0.242536 0.299791
vn 0.970142 -0.242536 0.000000
vn 0.970142 -0.242536 0.000000
vn 0.970142 -0.242536 0.000000
vn 0.970142 -0.242536 0.000000
vn 0.970142 0.242536 0.000000
vn 0.970142 0.242536 0.000000
vn 0.970142 0.242536 0.000000
vn 0.970142 0.242536 0.000000
vn 0.000000 0.000000 -1.000000
vn 0.000000 0.000000 1.000000
vn 0.000000 0.000000 1.000000
vn 0.000000 0.000000 -1.000000
vn 0.000000 0.000000 1.000000
vn 0.000000 0.000000 1.000000
vn 0.000000 0.000000 -1.000000
vn 0.000000 0.000000 1.000000
vn 0.000000 0.000000 1.000000
vn 0.000000 0.000000 -1.000000
vn 0.000000 0.000000 1.000000
vn 0.000000 0.000000 1.000000
vn 0.000000 0.000000 -1.000000
vn 0.000000 0.000000 1.000000
vn 0.000000 0.000000 1.000000
vn 0.000000 0.000000 -1.000000
vn 0.000000 0.000000 1.000000
vn 0.000000 0.000000 1.000000
vn 0.208446 -0.675685 -0.707107
vn 0.208446 -0.675685 0.707107
vn 0.208446 -0.675685 -0.707107
vn 0.208446 -0.675685 0.707107
vn 0.208446 -0.675685 -0.707107
vn 0.208446 -0.675685 0.707107
vn 0.208446 -0.675685 -0.707107
vn 0.208446 -0.675685 0.707107
vn 0.294787 -0.955563 0.000000
vn 0.294787 -0.955563 0.000000
vn 0.294787 -0.955563 0.000000
vn 0.294787 -0.955563 0.000000
vn 0.208446 -0.675685 -0.707107
vn 0.208446 -0.675685 0.707107
vn 0.208446 -0.675685 -0.707107
vn 0.208446 -0.675685 0.707107
vn 0.294787 -0.955563 0.000000
vn 0.294787 -0.955563 0.000000
vn -0.233398 0.972327 -0.010290
vn -0.233398 0.972327 -0.010290
vn -0.233398 0.972327 -0.010290
vn -0.096665 0.995172 0.016994
vn -0.096665 0.995172 0.016994
vn -0.096665 0.995172 0.016994
vn 0.053481 0.205471 -0.977201
vn 0.053481 0.205471 0.977201
vn 0.887829 0.460082 -0.009208
vn 0.887829 0.460082 -0.009208
vn 0.888058 0.459369 0.018245
vn 0.888058 0.459369 0.018245
vn 0.136856 -0.063751 -0.988537
vn 0.136856 -0.063751 0.988537
vn 0.396598 -0.917793 -0.019146
vn 0.396598 -0.917793 -0.019146
vn 0.396598 -0.917793 -0.019146
vn 0.397113 -0.917719 0.009667
vn 0.397113 -0.917719 0.009667
vn 0.397113 -0.917719 0.009667
vn -0.995577 -0.093811 -0.005095
vn -0.995577 -0.093811 -0.005095
vn -0.995539 -0.093807 0.010136
vn -0.995539 -0.093807 0.010136
vn 0.999947 -0.006122 -0.008318
vn 0.999947 -0.006122 -0.008318
vn 0.981303 0.192383 0.005677
vn 0.981303 0.192383 0.005677
vn -0.380365 0.924780 -0.010243
vn -0.380365 0.924780 -0.010243
vn -0.380379 0.924816 0.005148
vn -0.380379 0.924816 0.005148
vn -0.380379 0.924816 0.005148
vn -0.145495 0.138406 -0.979630
vn -0.145495 0.138406 0.979630
vn -0.838045 -0.545394 -0.014998
vn -0.838045 -0.545394 -0.014998
vn -0.929079 -0.369740 0.010255
vn -0.929079 -0.369740 0.010255
vn -0.276689 0.960960 0.000000
vn -0.276689 0.960960 0.000000
vn -0.011265 -0.300713 -0.953648
vn -0.011265 -0.300713 0.953648
vn -0.195649 0.679501 -0.707107
vn -0.195649 0.679501 0.707107
vn -0.195649 0.679501 -0.707107
vn -0.195649 0.679501 0.707107
vn 0.214908 -0.976619 -0.005482
vn 0.214908 -0.976619 -0.005482
vn 0.076471 -0.997030 0.009081
vn 0.076471 -0.997030 0.009081
vn 0.076471 -0.997030 0.009081
vn -0.276689 0.960960 0.000000
vn -0.276689 0.960960 0.000000
vn -0.276689 0.960960 0.000000
vn -0.276689 0.960960 0.000000
vn -0.195649 0.679501 -0.707107
vn -0.195649 0.679501 0.707107
vn -0.195649 0.679501 -0.707107
vn -0.195649 0.679501 0.707107
vn -0.195649 0.679501 -0.707107
vn -0.195649 0.679501 0.707107
vn -0.195649 0.679501 -0.707107
vn -0.195649 0.679501 0.707107
vn 0.000000 0.000000 -1.000000
vn 0.000000 0.000000 1.000000
vn 0.000000 0.000000 1.000000
vn 0.000000 0.000000 -1.000000
vn 0.000000 0.000000 1.000000
vn 0.000000 0.000000 1.000000
vn 0.000000 0.000000 -1.000000
vn 0.000000 0.000000 1.000000
vn 0.000000 0.000000 1.000000
vn 0.000000 0.000000 -1.000000
vn 0.000000 0.000000 1.000000
vn 0.000000 0.000000 1.000000
vn 0.000000 0.000000 -1.000000
vn 0.000000 0.000000 1.000000
vn 0.000000 0.000000 1.000000
vn 0.000000 0.000000 -1.000000
vn 0.000000 0.000000 1.000000
vn 0.000000 0.000000 1.000000
vn 0.195649 -0.679501 -0.707107
vn 0.195649 -0.679501 0.707107
vn 0.195649 -0.679501 -0.707107
vn 0.195649 -0.679501 0.707107
vn 0.195649 -0.679501 -0.707107
vn 0.195649 -0.679501 0.707107
vn 0.195649 -0.679501 -0.707107
vn 0.195649 -0.679501 0.707107
vn 0.276689 -0.960960 0.000000
vn 0.276689 -0.960960 0.000000
vn 0.276689 -0.960960 0.000000
vn 0.276689 -0.960960 0.000000
vn 0.195649 -0.679501 -0.707107
vn 0.195649 -0.679501 0.707107
vn 0.195649 -0.679501 -0.707107
vn 0.195649 -0.679501 0.707107
vn 0.276689 -0.960960 0.000000
vn 0.276689 -0.960960 0.000000
vn -0.215185 0.976519 -0.010290
vn -0.215185 0.976519 -0.010290
vn -0.215185 0.976519 -0.010290
vn -0.078049 0.996805 0.016994
vn -0.078049 0.996805 0.016994
vn -0.078049 0.996805 0.016994
vn 0.057312 0.204436 -0.977201
vn 0.057312 0.204436 0.977201
vn 0.896272 0.443409 -0.009208
vn 0.896272 0.443409 -0.009208
vn 0.896488 0.442691 0.018245
vn 0.896488 0.442691 0.018245
vn 0.135641 -0.066298 -0.988537
vn 0.135641 -0.066298 0.988537
vn 0.379375 -0.925045 -0.019146
vn 0.379375 -0.925045 -0.019146
vn 0.379375 -0.925045 -0.019146
vn 0.379892 -0.924980 0.009667
vn 0.379892 -0.924980 0.009667
vn 0.379892 -0.924980 0.009667
vn -0.997171 -0.074987 -0.005095
vn -0.997171 -0.074987 -0.005095
vn -0.997133 -0.074984 0.010136
vn -0.997133 -0.074984 0.010136
vn 0.999658 -0.024810 -0.008318
vn 0.999658 -0.024810 -0.008318
vn 0.984728 0.174009 0.005677
vn 0.984728 0.174009 0.005677
vn -0.362827 0.931800 -0.010243
vn -0.362827 0.931800 -0.010243
vn -0.362841 0.931837 0.005148
vn -0.362841 0.931837 0.005148
vn -0.362841 0.931837 0.005148
vn -0.142855 0.141130 -0.979630
vn -0.142855 0.141130 0.979630
vn -0.848198 -0.529466 -0.014998
vn -0.848198 -0.529466 -0.014998
vn -0.935897 -0.352123 0.010255
vn -0.935897 -0.352123 0.010255
vn -0.258291 0.966067 0.000000
vn -0.258291 0.966067 0.000000
vn -0.016944 -0.300446 -0.953648
vn -0.016944 -0.300446 0.953648
vn 0.196421 -0.980504 -0.005482
vn 0.196421 -0.980504 -0.005482
vn 0.057623 -0.998297 0.009081
vn 0.057623 -0.998297 0.009081
vn 0.057623 -0.998297 0.009081
vn -0.182639 0.683113 -0.707107
vn -0.182639 0.683113 0.707107
vn -0.182639 0.683113 -0.707107
vn -0.182639 0.683113 0.707107
vn -0.258291 0.966067 0.000000
vn -0.258291 0.966067 0.000000
vn -0.258291 0.966067 0.000000
vn -0.258291 0.966067 0.000000
vn -0.182639 0.683113 -0.707107
vn -0.182639 0.683113 0.707107
vn -0.182639 0.683113 -0.707107
vn -0.182639 0.683113 0.707107
vn -0.182639 0.683113 -0.707107
vn -0.182639 0.683113 0.707107
vn -0.182639 0.683113 -0.707107
vn -0.182639 0.683113 0.707107
vn 0.000000 0.000000 -1.000000
vn 0.000000 0.000000 1.000000
vn 0.000000 0.000000 1.000000
vn 0.000000 0.000000 -1.000000
vn 0.000000 0.000000 1.000000
vn 0.000000 0.000000 1.000000
vn 0.000000 0.000000 -1.000000
vn 0.000000 0.000000 1.000000
vn 0.000000 0.000000 1.000000
vn 0.000000 0.000000 -1.000000
vn 0.000000 0.000000 1.000000
vn 0.000000 0.000000 1.000000
vn 0.000000 0.000000 -1.000000
vn 0.000000 0.000000 1.000000
vn 0.000000 0.000000 1.000000
vn 0.000000 0.000000 -1.000000
vn 0.000000 0.000000 1.000000
vn 0.000000 0.000000 1.000000
vn 0.182639 -0.683113 -0.707107
vn 0.182639 -0.683113 0.707107
vn 0.182639 -0.683113 -0.707107
vn 0.182639 -0.683113 0.707107
vn 0.182639 -0.683113 -0.707107
vn 0.182639 -0.683113 0.707107
vn 0.182639 -0.683113 -0.707107
vn 0.182639 -0.683113 0.707107
vn 0.258291 -0.966067 0.000000
vn 0.258291 -0.966067 0.000000
vn 0.258291 -0.966067 0.000000
vn 0.258291 -0.966067 0.000000
vn 0.182639 -0.683113 -0.707107
vn 0.182639 -0.683113 0.707107
vn 0.182639 -0.683113 -0.707107
vn 0.182639 -0.683113 0.707107
vn 0.258291 -0.966067 0.000000
vn 0.258291 -0.966067 0.000000
vn -0.196700 0.980410 -0.010290
vn -0.196700 0.980410 -0.010290
vn -0.196700 0.980410 -0.010290
vn -0.059205 0.998101 0.016994
vn -0.059205 0.998101 0.016994
vn -0.059205 0.998101 0.016994
vn 0.061163 0.203317 -0.977201
vn 0.061163 0.203317 0.977201
vn 0.904488 0.426399 -0.009208
vn 0.904488 0.426399 -0.009208
vn 0.904691 0.425677 0.018245
vn 0.904691 0.425677 0.018245
vn 0.134364 -0.068848 -0.988537
vn 0.134364 -0.068848 0.988537
vn 0.361833 -0.932046 -0.019146
vn 0.361833 -0.932046 -0.019146
vn 0.361833 -0.932046 -0.019146
vn 0.362351 -0.931992 0.009667
vn 0.362351 -0.931992 0.009667
vn 0.362351 -0.931992 0.009667
vn -0.998421 -0.055947 -0.005095
vn -0.998421 -0.055947 -0.005095
vn -0.998382 -0.055945 0.010136
vn -0.998382 -0.055945 0.010136
vn 0.999011 -0.043689 -0.008318
vn 0.999011 -0.043689 -0.008318
vn 0.987839 0.155376 0.005677
vn 0.987839 0.155376 0.005677
vn -0.344982 0.938553 -0.010243
vn -0.344982 0.938553 -0.010243
vn -0.344995 0.938590 0.005148
vn -0.344995 0.938590 0.005148
vn -0.344995 0.938590 0.005148
vn -0.140136 0.143830 -0.979630
vn -0.140136 0.143830 0.979630
vn -0.858147 -0.513186 -0.014998
vn -0.858147 -0.513186 -0.014998
vn -0.942446 -0.334202 0.010255
vn -0.942446 -0.334202 0.010255
vn -0.022673 -0.300068 -0.953648
vn -0.022673 -0.300068 0.953648
vn -0.239608 0.970870 0.000000
vn -0.239608 0.970870 0.000000
vn 0.177676 -0.984074 -0.005482
vn 0.177676 -0.984074 -0.005482
vn 0.038564 -0.999215 0.009081
vn 0.038564 -0.999215 0.009081
vn 0.038564 -0.999215 0.009081
vn -0.169428 0.686509 -0.707107
vn -0.169428 0.686509 0.707107
vn -0.169428 0.686509 -0.707107
vn -0.169428 0.686509 0.707107
vn -0.239608 0.970870 0.000000
vn -0.239608 0.970870 0.000000
vn -0.239608 0.970870 0.000000
vn -0.239608 0.970870 0.000000
vn -0.169428 0.686509 -0.707107
vn -0.169428 0.686509 0.707107
vn -0.169428 0.686509 -0.707107
vn -0.169428 0.686509 0.707107
vn -0.169428 0.686509 -0.707107
vn -0.169428 0.686509 0.707107
vn -0.169428 0.686509 -0.707107
vn -0.169428 0.686509 0.707107
vn 0.000000 0.000000 -1.000000
vn 0.000000 0.000000 1.000000
vn 0.000000 0.000000 1.000000
vn 0.000000 0.000000 -1.000000
vn 0.000000 0.000000 1.000000
vn 0.000000 0.000000 1.000000
vn 0.000000 0.000000 -1.000000
vn 0.000000 0.000000 1.000000
vn 0.000000 0.000000 1.000000
vn 0.000000 0.000000 -1.000000
vn 0.000000 0.000000 1.000000
vn 0.000000 0.000000 1.000000
vn 0.000000 0.000000 -1.000000
vn 0.000000 0.000000 1.000000
vn 0.000000 0.000000 1.000000
vn 0.000000 0.000000 -1.000000
vn 0.000000 0.000000 1.000000
vn 0.000000 0.000000 1.000000
vn 0.169428 -0.686509 -0.707107
vn 0.169428 -0.686509 0.707107
vn 0.169428 -0.686509 -0.707107
vn 0.169428 -0.686509 0.707107
vn 0.169428 -0.686509 -0.707107
vn 0.169428 -0.686509 0.707107
vn 0.169428 -0.686509 -0.707107
vn 0.169428 -0.686509 0.707107
vn 0.239608 -0.970870 0.000000
vn 0.239608 -0.970870 0.000000
vn 0.239608 -0.970870 0.000000
vn 0.239608 -0.970870 0.000000
vn 0.169428 -0.686509 -0.707107
vn 0.169428 -0.686509 0.707107
vn 0.169428 -0.686509 -0.707107
vn 0.169428 -0.686509 0.707107
vn 0.239608 -0.970870 0.000000
vn 0.239608 -0.970870 0.000000
vn -0.177957 0.983984 -0.010290
vn -0.177957 0.983984 -0.010290
vn -0.177957 0.983984 -0.010290
vn -0.040149 0.999049 0.016994
vn -0.040149 0.999049 0.016994
vn -0.040149 0.999049 0.016994
vn 0.065032 0.202113 -0.977201
vn 0.065032 0.202113 0.977201
vn 0.912460 0.409063 -0.009208
vn 0.912460 0.409063 -0.009208
vn 0.912649 0.408338 0.018245
vn 0.912649 0.408338 0.018245
vn 0.133026 -0.071399 -0.988537
vn 0.133026 -0.071399 0.988537
vn 0.343983 -0.938781 -0.019146
vn 0.343983 -0.938781 -0.019146
vn 0.343983 -0.938781 -0.019146
vn 0.344502 -0.938736 0.009667
vn 0.344502 -0.938736 0.009667
vn 0.344502 -0.938736 0.009667
vn -0.999313 -0.036707 -0.005095
vn -0.999313 -0.036707 -0.005095
vn -0.999275 -0.036706 0.010136
vn -0.999275 -0.036706 0.010136
vn 0.997995 -0.062743 -0.008318
vn 0.997995 -0.062743 -0.008318
vn 0.990624 0.136500 0.005677
vn 0.990624 0.136500 0.005677
vn -0.326841 0.945024 -0.010243
vn -0.326841 0.945024 -0.010243
vn -0.326854 0.945061 0.005148
vn -0.326854 0.945061 0.005148
vn -0.326854 0.945061 0.005148
vn -0.867871 -0.496563 -0.014998
vn -0.867871 -0.496563 -0.014998
vn -0.948708 -0.315988 0.010255
vn -0.948708 -0.315988 0.010255
vn -0.137340 0.146502 -0.979630
vn -0.137340 0.146502 0.979630
vn -0.028448 -0.299576 -0.953648
vn -0.028448 -0.299576 0.953648
vn 0.158690 -0.987313 -0.005482
vn 0.158690 -0.987313 -0.005482
vn 0.019312 -0.999772 0.009081
vn 0.019312 -0.999772 0.009081
vn 0.019312 -0.999772 0.009081
vn -0.220654 0.975352 0.000000
vn -0.220654 0.975352 0.000000
vn -0.156026 0.689678 -0.707107
vn -0.156026 0.689678 0.707107
vn -0.156026 0.689678 -0.707107
vn -0.156026 0.689678 0.707107
vn -0.220654 0.975352 0.000000
vn -0.220654 0.975352 0.000000
vn -0.220654 0.975352 0.000000
vn -0.220654 0.975352 0.000000
vn -0.156026 0.689678 -0.707107
vn -0.156026 0.689678 0.707107
vn -0.156026 0.689678 -0.707107
vn -0.156026 0.689678 0.707107
vn -0.156026 0.689678 -0.707107
vn -0.156026 0.689678 0.707107
vn -0.156026 0.689678 -0.707107
vn -0.156026 0.689678 0.707107
vn 0.000000 0.000000 -1.000000
vn 0.000000 0.000000 1.000000
vn 0.000000 0.000000 1.000000
vn 0.000000 0.000000 -1.000000
vn 0.000000 0.000000 1.000000
vn 0.000000 0.000000 1.000000
vn 0.000000 0.000000 -1.000000
vn 0.000000 0.000000 1.000000
vn 0.000000 0.000000 1.000000
vn 0.000000 0.000000 -1.000000
vn 0.000000 0.000000 1.000000
vn 0.000000 0.000000 1.000000
vn 0.000000 0.000000 -1.000000
vn 0.000000 0.000000 1.000000
vn 0.000000 0.000000 1.000000
vn 0.000000 0.000000 -1.000000
vn 0.000000 0.000000 1.000000
vn 0.000000 0.000000 1.000000
vn 0.156026 -0.689678 -0.707107
vn 0.156026 -0.689678 0.707107
vn 0.156026 -0.689678 -0.707107
vn 0.156026 -0.689678 0.707107
vn 0.156026 -0.689678 -0.707107
vn 0.156026 -0.689678 0.707107
vn 0.156026 -0.689678 -0.707107
vn 0.156026 -0.689678 0.707107
vn 0.220654 -0.975352 0.000000
vn 0.220654 -0.975352 0.000000
vn 0.220654 -0.975352 0.000000
vn 0.220654 -0.975352 0.000000
vn 0.156026 -0.689678 -0.707107
vn 0.156026 -0.689678 0.707107
vn 0.156026 -0.689678 -0.707107
vn 0.156026 -0.689678 0.707107
vn 0.220654 -0.975352 0.000000
vn 0.220654 -0.975352 0.000000
vn -0.970142 -0.242536 0.000000
vn -0.970142 -0.242536 0.000000
vn -0.970142 0.242536 0.000000
vn -0.970142 0.242536 0.000000
vn -0.922660 -0.242536 -0.299791
vn -0.922660 -0.242536 0.299791
vn -0.922660 -0.242536 -0.299791
vn -0.922660 -0.242536 0.299791
vn -0.922660 0.242536 -0.299791
vn -0.922660 0.242536 0.299791
vn -0.922660 0.242536 -0.299791
vn -0.922660 0.242536 0.299791
vn -0.882353 -0.470588 0.000000
vn 0.000000 -1.000000 0.000000
vn -0.882353 -0.470588 0.000000
vn 0.000000 -1.000000 0.000000
vn -0.882353 0.470588 0.000000
vn 0.000000 1.000000 0.000000
vn -0.882353 0.470588 0.000000
vn 0.000000 1.000000 0.000000
vn -0.839168 -0.470588 -0.272662
vn 0.000000 -1.000000 0.000000
vn -0.839168 -0.470588 0.272662
vn 0.000000 -1.000000 0.000000
vn -0.839168 -0.470588 -0.272662
vn 0.000000 -1.000000 0.000000
vn -0.839168 -0.470588 0.272662
vn 0.000000 -1.000000 0.000000
vn -0.839168 0.470588 -0.272662
vn 0.000000 1.000000 0.000000
vn -0.839168 0.470588 0.272662
vn 0.000000 1.000000 0.000000
vn -0.839168 0.470588 -0.272662
vn 0.000000 1.000000 0.000000
vn -0.839168 0.470588 0.272662
vn 0.000000 1.000000 0.000000
vn -0.784862 -0.242536 -0.570235
vn -0.784862 -0.242536 0.570235
vn -0.784862 -0.242536 -0.570235
vn -0.784862 -0.242536 0.570235
vn -0.784862 0.242536 -0.570235
vn -0.784862 0.242536 0.570235
vn -0.784862 0.242536 -0.570235
vn -0.784862 0.242536 0.570235
vn -0.713839 -0.470588 -0.518634
vn 0.000000 -1.000000 0.000000
vn -0.713839 -0.470588 0.518634
vn 0.000000 -1.000000 0.000000
vn -0.713839 -0.470588 -0.518634
vn 0.000000 -1.000000 0.000000
vn -0.713839 -0.470588 0.518634
vn 0.000000 -1.000000 0.000000
vn -0.713839 0.470588 -0.518634
vn 0.000000 1.000000 0.000000
vn -0.713839 0.470588 0.518634
vn 0.000000 1.000000 0.000000
vn -0.713839 0.470588 -0.518634
vn 0.000000 1.000000 0.000000
vn -0.713839 0.470588 0.518634
vn 0.000000 1.000000 0.000000
vn -0.158973 0.987229 -0.010290
vn -0.158973 0.987229 -0.010290
vn -0.158973 0.987229 -0.010290
vn -0.020901 0.999637 0.016994
vn -0.020901 0.999637 0.016994
vn -0.020901 0.999637 0.016994
vn 0.068912 0.200823 -0.977201
vn 0.068912 0.200823 0.977201
vn -0.570235 -0.242536 -0.784862
vn -0.570235 -0.242536 0.784862
vn -0.570235 -0.242536 -0.784862
vn -0.570235 -0.242536 0.784862
vn -0.570235 0.242536 -0.784862
vn -0.570235 0.242536 0.784862
vn -0.570235 0.242536 -0.784862
vn -0.570235 0.242536 0.784862
vn -0.518634 -0.470588 -0.713839
vn 0.000000 -1.000000 0.000000
vn -0.518634 -0.470588 0.713839
vn 0.000000 -1.000000 0.000000
vn -0.518634 -0.470588 -0.713839
vn 0.000000 -1.000000 0.000000
vn -0.518634 -0.470588 0.713839
vn 0.000000 -1.000000 0.000000
vn -0.518634 0.470588 -0.713839
vn 0.000000 1.000000 0.000000
vn -0.518634 0.470588 0.713839
vn 0.000000 1.000000 0.000000
vn -0.518634 0.470588 -0.713839
vn 0.000000 1.000000 0.000000
vn -0.518634 0.470588 0.713839
vn 0.000000 1.000000 0.000000
vn 0.131627 -0.073948 -0.988537
vn 0.131627 -0.073948 0.988537
vn 0.920169 0.391413 -0.009208
vn 0.920169 0.391413 -0.009208
vn 0.920344 0.390684 0.018245
vn 0.920344 0.390684 0.018245
vn 0.325839 -0.945231 -0.019146
vn 0.325839 -0.945231 -0.019146
vn 0.325839 -0.945231 -0.019146
vn 0.326359 -0.945197 0.009667
vn 0.326359 -0.945197 0.009667
vn 0.326359 -0.945197 0.009667
vn -0.999838 -0.017287 -0.005095
vn -0.999838 -0.017287 -0.005095
vn -0.999799 -0.017286 0.010136
vn -0.999799 -0.017286 0.010136
vn -0.299791 -0.242536 -0.922660
vn -0.299791 -0.242536 0.922660
vn -0.299791 -0.242536 -0.922660
vn -0.299791 -0.242536 0.922660
vn -0.299791 0.242536 -0.922660
vn -0.299791 0.242536 0.922660
vn -0.299791 0.242536 -0.922660
vn -0.299791 0.242536 0.922660
vn -0.272662 -0.470588 -0.839168
vn 0.000000 -1.000000 0.000000
vn -0.272662 -0.470588 0.839168
vn 0.000000 -1.000000 0.000000
vn -0.272662 -0.470588 -0.839168
vn 0.000000 -1.000000 0.000000
vn -0.272662 -0.470588 0.839168
vn 0.000000 -1.000000 0.000000
vn -0.272662 0.470588 -0.839168
vn 0.000000 1.000000 0.000000
vn -0.272662 0.470588 0.839168
vn 0.000000 1.000000 0.000000
vn -0.272662 0.470588 -0.839168
vn 0.000000 1.000000 0.000000
vn -0.272662 0.470588 0.839168
vn 0.000000 1.000000 0.000000
vn 0.996602 -0.081952 -0.008318
vn 0.996602 -0.081952 -0.008318
vn 0.993069 0.117395 0.005677
vn 0.993069 0.117395 0.005677
vn -0.308421 0.951195 -0.010243
vn -0.308421 0.951195 -0.010243
vn -0.308433 0.951232 0.005148
vn -0.308433 0.951232 0.005148
vn -0.308433 0.951232 0.005148
vn -0.877354 -0.479609 -0.014998
vn -0.877354 -0.479609 -0.014998
vn -0.954667 -0.297498 0.010255
vn -0.954667 -0.297498 0.010255
vn -0.134468 0.149143 -0.979630
vn -0.134468 0.149143 0.979630
vn 0.000000 -1.000000 0.000000
vn 0.000000 -0.470588 -0.882353
vn 0.000000 -1.000000 0.000000
vn 0.000000 -1.000000 0.000000
vn 0.000000 -0.470588 0.882353
vn 0.000000 -1.000000 0.000000
vn 0.000000 -0.470588 -0.882353
vn 0.000000 -1.000000 0.000000
vn 0.000000 -1.000000 0.000000
vn 0.000000 -0.470588 0.882353
vn 0.000000 -0.242536 -0.970142
vn 0.000000 -0.242536 0.970142
vn 0.000000 -0.242536 -0.970142
vn 0.000000 -0.242536 0.970142
vn 0.000000 0.242536 -0.970142
vn 0.000000 0.242536 0.970142
vn 0.000000 0.242536 -0.970142
vn 0.000000 0.242536 0.970142
vn 0.000000 0.470588 -0.882353
vn 0.000000 1.000000 0.000000
vn 0.000000 1.000000 0.000000
vn 0.000000 0.470588 0.882353
vn 0.000000 1.000000 0.000000
vn 0.000000 0.470588 -0.882353
vn 0.000000 1.000000 0.000000
vn 0.000000 1.000000 0.000000
vn 0.000000 0.470588 0.882353
vn 0.000000 1.000000 0.000000
vn -0.034263 -0.298967 -0.953648
vn -0.034263 -0.298967 0.953648
vn 0.139480 -0.990210 -0.005482
vn 0.139480 -0.990210 -0.005482
vn -0.000114 -0.999959 0.009081
vn -0.000114 -0.999959 0.009081
vn -0.000114 -0.999959 0.009081
vn 0.000000 -1.000000 0.000000
vn 0.272662 -0.470588 -0.839168
vn 0.000000 -1.000000 0.000000
vn 0.272662 -0.470588 0.839168
vn 0.000000 -1.000000 0.000000
vn 0.272662 -0.470588 -0.839168
vn 0.000000 -1.000000 0.000000
vn 0.272662 -0.470588 0.839168
vn 0.000000 1.000000 0.000000
vn 0.272662 0.470588 -0.839168
vn 0.000000 1.000000 0.000000
vn 0.272662 0.470588 0.839168
vn 0.000000 1.000000 0.000000
vn 0.272662 0.470588 -0.839168
vn 0.000000 1.000000 0.000000
vn 0.272662 0.470588 0.839168
vn 0.299791 -0.242536 -0.922660
vn 0.299791 -0.242536 0.922660
vn 0.299791 -0.242536 -0.922660
vn 0.299791 -0.242536 0.922660
vn 0.299791 0.242536 -0.922660
vn 0.299791 0.242536 0.922660
vn 0.299791 0.242536 -0.922660
vn 0.299791 0.242536 0.922660
vn -0.201448 0.979499 0.000000
vn -0.201448 0.979499 0.000000
vn -0.142445 0.692611 -0.707107
vn -0.142445 0.692611 0.707107
vn -0.142445 0.692611 -0.707107
vn -0.142445 0.692611 0.707107
vn -0.201448 0.979499 0.000000
vn -0.201448 0.979499 0.000000
vn -0.201448 0.979499 0.000000
vn -0.201448 0.979499 0.000000
vn 0.000000 -1.000000 0.000000
vn 0.518634 -0.470588 -0.713839
vn 0.000000 -1.000000 0.000000
vn 0.518634 -0.470588 0.713839
vn 0.000000 -1.000000 0.000000
vn 0.518634 -0.470588 -0.713839
vn 0.000000 -1.000000 0.000000
vn 0.518634 -0.470588 0.713839
vn 0.000000 1.000000 0.000000
vn 0.518634 0.470588 -0.713839
vn 0.000000 1.000000 0.000000
vn 0.518634 0.470588 0.713839
vn 0.000000 1.000000 0.000000
vn 0.518634 0.470588 -0.713839
vn 0.000000 1.000000 0.000000
vn 0.518634 0.470588 0.713839
vn -0.142445 0.692611 -0.707107
vn -0.142445 0.692611 0.707107
vn -0.142445 0.692611 -0.707107
vn -0.142445 0.692611 0.707107
vn -0.142445 0.692611 -0.707107
vn -0.142445 0.692611 0.707107
vn -0.142445 0.692611 -0.707107
vn -0.142445 0.692611 0.707107
vn 0.570235 -0.242536 -0.784862
vn 0.570235 -0.242536 0.784862
vn 0.570235 -0.242536 -0.784862
vn 0.570235 -0.242536 0.784862
vn 0.570235 0.242536 -0.784862
vn 0.570235 0.242536 0.784862
vn 0.570235 0.242536 -0.784862
vn 0.570235 0.242536 0.784862
vn 0.000000 0.000000 -1.000000
vn 0.000000 0.000000 1.000000
vn 0.000000 0.000000 1.000000
vn 0.000000 0.000000 -1.000000
vn 0.000000 0.000000 1.000000
vn 0.000000 0.000000 1.000000
vn 0.000000 0.000000 -1.000000
vn 0.000000 0.000000 1.000000
vn 0.000000 0.000000 1.000000
vn 0.000000 0.000000 -1.000000
vn 0.000000 0.000000 1.000000
vn 0.000000 0.000000 1.000000
vn 0.000000 0.000000 -1.000000
vn 0.000000 0.000000 1.000000
vn 0.000000 0.000000 1.000000
vn 0.000000 0.000000 -1.000000
vn 0.000000 0.000000 1.000000
vn 0.000000 0.000000 1.000000
vn 0.000000 -1.000000 0.000000
vn 0.713839 -0.470588 -0.518634
vn 0.000000 -1.000000 0.000000
vn 0.713839 -0.470588 0.518634
vn 0.000000 -1.000000 0.000000
vn 0.713839 -0.470588 -0.518634
vn 0.000000 -1.000000 0.000000
vn 0.713839 -0.470588 0.518634
vn 0.000000 1.000000 0.000000
vn 0.713839 0.470588 -0.518634
vn 0.000000 1.000000 0.000000
vn 0.713839 0.470588 0.518634
vn 0.000000 1.000000 0.000000
vn 0.713839 0.470588 -0.518634
vn 0.000000 1.000000 0.000000
vn 0.713839 0.470588 0.518634
vn 0.142445 -0.692611 -0.707107
vn 0.142445 -0.692611 0.707107
vn 0.142445 -0.692611 -0.707107
vn 0.142445 -0.692611 0.707107
vn 0.142445 -0.692611 -0.707107
vn 0.142445 -0.692611 0.707107
vn 0.142445 -0.692611 -0.707107
vn 0.142445 -0.692611 0.707107
vn 0.784862 -0.242536 -0.570235
vn 0.784862 -0.242536 0.570235
vn 0.784862 -0.242536 -0.570235
vn 0.784862 -0.242536 0.570235
vn 0.784862 0.242536 -0.570235
vn 0.784862 0.242536 0.570235
vn 0.784862 0.242536 -0.570235
vn 0.784862 0.242536 0.570235
vn 0.201448 -0.979499 0.000000
vn 0.201448 -0.979499 0.000000
vn 0.201448 -0.979499 0.000000
vn 0.201448 -0.979499 0.000000
vn 0.000000 -1.000000 0.000000
vn 0.839168 -0.470588 -0.272662
vn 0.000000 -1.000000 0.000000
vn 0.839168 -0.470588 0.272662
vn 0.000000 -1.000000 0.000000
vn 0.839168 -0.470588 -0.272662
vn 0.000000 -1.000000 0.000000
vn 0.839168 -0.470588 0.272662
vn 0.000000 1.000000 0.000000
vn 0.839168 0.470588 -0.272662
vn 0.000000 1.000000 0.000000
vn 0.839168 0.470588 0.272662
vn 0.000000 1.000000 0.000000
vn 0.839168 0.470588 -0.272662
vn 0.000000 1.000000 0.000000
vn 0.839168 0.470588 0.272662
vn 0.142445 -0.692611 -0.707107
vn 0.142445 -0.692611 0.707107
vn 0.142445 -0.692611 -0.707107
vn 0.142445 -0.692611 0.707107
vn 0.000000 -1.000000 0.000000
vn 0.882353 -0.470588 0.000000
vn 0.882353 -0.470588 0.000000
vn 0.000000 -1.000000 0.000000
vn 0.882353 -0.470588 0.000000
vn 0.882353 -0.470588 0.000000
vn 0.000000 1.000000 0.000000
vn 0.882353 0.470588 0.000000
vn 0.882353 0.470588 0.000000
vn 0.000000 1.000000 0.000000
vn 0.882353 0.470588 0.000000
vn 0.882353 0.470588 0.000000
vn 0.922660 -0.242536 -0.299791
vn 0.922660 -0.242536 0.299791
vn 0.922660 -0.242536 -0.299791
vn 0.922660 -0.242536 0.299791
vn 0.922660 0.242536 -0.299791
vn 0.922660 0.242536 0.299791
vn 0.922660 0.242536 -0.299791
vn 0.922660 0.242536 0.299791
vn 0.970142 -0.242536 0.000000
vn 0.970142 -0.242536 0.000000
vn 0.970142 -0.242536 0.000000
vn 0.970142 -0.242536 0.000000
vn 0.970142 0.242536 0.000000
vn 0.970142 0.242536 0.000000
vn 0.970142 0.242536 0.000000
vn 0.970142 0.242536 0.000000
vn 0.201448 -0.979499 0.000000
vn 0.201448 -0.979499 0.000000
vn -0.139764 0.990131 -0.010290
vn -0.139764 0.990131 -0.010290
vn -0.139764 0.990131 -0.010290
vn -0.001477 0.999855 0.016994
vn -0.001477 0.999855 0.016994
vn -0.001477 0.999855 0.016994
vn 0.072801 0.199446 -0.977201
vn 0.072801 0.199446 0.977201
vn 0.130165 -0.076491 -0.988537
vn 0.130165 -0.076491 0.988537
vn 0.927599 0.373463 -0.009208
vn 0.927599 0.373463 -0.009208
vn 0.927760 0.372731 0.018245
vn 0.927760 0.372731 0.018245
vn 0.307414 -0.951383 -0.019146
vn 0.307414 -0.951383 -0.019146
vn 0.307414 -0.951383 -0.019146
vn 0.307935 -0.951358 0.009667
vn 0.307935 -0.951358 0.009667
vn 0.307935 -0.951358 0.009667
vn -0.999984 0.002295 -0.005095
vn -0.999984 0.002295 -0.005095
vn -0.999946 0.002295 0.010136
vn -0.999946 0.002295 0.010136
vn 0.994821 -0.101298 -0.008318
vn 0.994821 -0.101298 -0.008318
vn 0.995162 0.098081 0.005677
vn 0.995162 0.098081 0.005677
vn -0.886577 -0.462337 -0.014998
vn -0.886577 -0.462337 -0.014998
vn -0.960310 -0.278747 0.010255
vn -0.960310 -0.278747 0.010255
vn -0.289736 0.957052 -0.010243
vn -0.289736 0.957052 -0.010243
vn -0.289747 0.957089 0.005148
vn -0.289747 0.957089 0.005148
vn -0.289747 0.957089 0.005148
vn -0.131521 0.151747 -0.979630
vn -0.131521 0.151747 0.979630
vn -0.040110 -0.298239 -0.953648
vn -0.040110 -0.298239 0.953648
vn 0.120063 -0.992751 -0.005482
vn 0.120063 -0.992751 -0.005482
vn -0.019694 -0.999765 0.009081
vn -0.019694 -0.999765 0.009081
vn -0.019694 -0.999765 0.009081
vn -0.182006 0.983297 0.000000
vn -0.182006 0.983297 0.000000
vn -0.128698 0.695296 -0.707107
vn -0.128698 0.695296 0.707107
vn -0.128698 0.695296 -0.707107
vn -0.128698 0.695296 0.707107
vn -0.182006 0.983297 0.000000
vn -0.182006 0.983297 0.000000
vn -0.182006 0.983297 0.000000
vn -0.182006 0.983297 0.000000
vn -0.128698 0.695296 -0.707107
vn -0.128698 0.695296 0.707107
vn -0.128698 0.695296 -0.707107
vn -0.128698 0.695296 0.707107
vn -0.128698 0.695296 -0.707107
vn -0.128698 0.695296 0.707107
vn -0.128698 0.695296 -0.707107
vn -0.128698 0.695296 0.707107
vn 0.000000 0.000000 -1.000000
vn 0.000000 0.000000 1.000000
vn 0.000000 0.000000 1.000000
vn 0.000000 0.000000 -1.000000
vn 0.000000 0.000000 1.000000
vn 0.000000 0.000000 1.000000
vn 0.000000 0.000000 -1.000000
vn 0.000000 0.000000 1.000000
vn 0.000000 0.000000 1.000000
vn 0.000000 0.000000 -1.000000
vn 0.000000 0.000000 1.000000
vn 0.000000 0.000000 1.000000
vn 0.000000 0.000000 -1.000000
vn 0.000000 0.000000 1.000000
vn 0.000000 0.000000 1.000000
vn 0.000000 0.000000 -1.000000
vn 0.000000 0.000000 1.000000
vn 0.000000 0.000000 1.000000
vn 0.128698 -0.695296 -0.707107
vn 0.128698 -0.695296 0.707107
vn 0.128698 -0.695296 -0.707107
vn 0.128698 -0.695296 0.707107
vn 0.128698 -0.695296 -0.707107
vn 0.128698 -0.695296 0.707107
vn 0.128698 -0.695296 -0.707107
vn 0.128698 -0.695296 0.707107
vn 0.182006 -0.983297 0.000000
vn 0.182006 -0.983297 0.000000
vn 0.182006 -0.983297 0.000000
vn 0.182006 -0.983297 0.000000
vn 0.128698 -0.695296 -0.707107
vn 0.128698 -0.695296 0.707107
vn 0.128698 -0.695296 -0.707107
vn 0.128698 -0.695296 0.707107
vn 0.182006 -0.983297 0.000000
vn 0.182006 -0.983297 0.000000
vn -0.120349 0.992678 -0.010290
vn -0.120349 0.992678 -0.010290
vn -0.120349 0.992678 -0.010290
vn 0.018102 0.999692 0.016994
vn 0.018102 0.999692 0.016994
vn 0.018102 0.999692 0.016994
vn 0.076692 0.197982 -0.977201
vn 0.076692 0.197982 0.977201
vn 0.128642 -0.079025 -0.988537
vn 0.128642 -0.079025 0.988537
vn 0.288726 -0.957220 -0.019146
vn 0.288726 -0.957220 -0.019146
vn 0.288726 -0.957220 -0.019146
vn 0.289247 -0.957206 0.009667
vn 0.289247 -0.957206 0.009667
vn 0.289247 -0.957206 0.009667
vn 0.934734 0.355228 -0.009208
vn 0.934734 0.355228 -0.009208
vn 0.934881 0.354493 0.018245
vn 0.934881 0.354493 0.018245
vn -0.999745 0.022017 -0.005095
vn -0.999745 0.022017 -0.005095
vn -0.999706 0.022016 0.010136
vn -0.999706 0.022016 0.010136
vn 0.992647 -0.120759 -0.008318
vn 0.992647 -0.120759 -0.008318
vn 0.996892 0.078575 0.005677
vn 0.996892 0.078575 0.005677
vn -0.895524 -0.444761 -0.014998
vn -0.895524 -0.444761 -0.014998
vn -0.965621 -0.259753 0.010255
vn -0.965621 -0.259753 0.010255
vn -0.270804 0.962580 -0.010243
vn -0.270804 0.962580 -0.010243
vn -0.270815 0.962618 0.005148
vn -0.270815 0.962618 0.005148
vn -0.270815 0.962618 0.005148
vn -0.128503 0.154311 -0.979630
vn -0.128503 0.154311 0.979630
vn -0.045985 -0.297390 -0.953648
vn -0.045985 -0.297390 0.953648
vn 0.100460 -0.994926 -0.005482
vn 0.100460 -0.994926 -0.005482
vn -0.039409 -0.999182 0.009081
vn -0.039409 -0.999182 0.009081
vn -0.039409 -0.999182 0.009081
vn -0.162348 0.986734 0.000000
vn -0.162348 0.986734 0.000000
vn -0.114798 0.697726 -0.707107
vn -0.114798 0.697726 0.707107
vn -0.114798 0.697726 -0.707107
vn -0.114798 0.697726 0.707107
vn -0.162348 0.986734 0.000000
vn -0.162348 0.986734 0.000000
vn -0.162348 0.986734 0.000000
vn -0.162348 0.986734 0.000000
vn -0.114798 0.697726 -0.707107
vn -0.114798 0.697726 0.707107
vn -0.114798 0.697726 -0.707107
vn -0.114798 0.697726 0.707107
vn -0.114798 0.697726 -0.707107
vn -0.114798 0.697726 0.707107
vn -0.114798 0.697726 -0.707107
vn -0.114798 0.697726 0.707107
vn 0.000000 0.000000 -1.000000
vn 0.000000 0.000000 1.000000
vn 0.000000 0.000000 1.000000
vn 0.000000 0.000000 -1.000000
vn 0.000000 0.000000 1.000000
vn 0.000000 0.000000 1.000000
vn 0.000000 0.000000 -1.000000
vn 0.000000 0.000000 1.000000
vn 0.000000 0.000000 1.000000
vn 0.000000 0.000000 -1.000000
vn 0.000000 0.000000 1.000000
vn 0.000000 0.000000 1.000000
vn 0.000000 0.000000 -1.000000
vn 0.000000 0.000000 1.000000
vn 0.000000 0.000000 1.000000
vn 0.000000 0.000000 -1.000000
vn 0.000000 0.000000 1.000000
vn 0.000000 0.000000 1.000000
vn 0.114798 -0.697726 -0.707107
vn 0.114798 -0.697726 0.707107
vn 0.114798 -0.697726 -0.707107
vn 0.114798 -0.697726 0.707107
vn 0.114798 -0.697726 -0.707107
vn 0.114798 -0.697726 0.707107
vn 0.114798 -0.697726 -0.707107
vn 0.114798 -0.697726 0.707107
vn 0.162348 -0.986734 0.000000
vn 0.162348 -0.986734 0.000000
vn 0.162348 -0.986734 0.000000
vn 0.162348 -0.986734 0.000000
vn 0.114798 -0.697726 -0.707107
vn 0.114798 -0.697726 0.707107
vn 0.114798 -0.697726 -0.707107
vn 0.114798 -0.697726 0.707107
vn 0.162348 -0.986734 0.000000
vn 0.162348 -0.986734 0.000000
vn -0.100747 0.994859 -0.010290
vn -0.100747 0.994859 -0.010290
vn -0.100747 0.994859 -0.010290
vn 0.037815 0.999140 0.016994
vn 0.037815 0.999140 0.016994
vn 0.037815 0.999140 0.016994
vn 0.080582 0.196431 -0.977201
vn 0.080582 0.196431 0.977201
vn 0.127059 -0.081547 -0.988537
vn 0.127059 -0.081547 0.988537
vn 0.269791 -0.962729 -0.019146
vn 0.269791 -0.962729 -0.019146
vn 0.269791 -0.962729 -0.019146
vn 0.270312 -0.962724 0.009667
vn 0.270312 -0.962724 0.009667
vn 0.270312 -0.962724 0.009667
vn 0.941559 0.336723 -0.009208
vn 0.941559 0.336723 -0.009208
vn 0.941690 0.335986 0.018245
vn 0.941690 0.335986 0.018245
vn -0.999111 0.041857 -0.005095
vn -0.999111 0.041857 -0.005095
vn -0.999072 0.041856 0.010136
vn -0.999072 0.041856 0.010136
vn 0.990072 -0.140313 -0.008318
vn 0.990072 -0.140313 -0.008318
vn 0.998248 0.058898 0.005677
vn 0.998248 0.058898 0.005677
vn -0.904176 -0.426898 -0.014998
vn -0.904176 -0.426898 -0.014998
vn -0.970586 -0.240535 0.010255
vn -0.970586 -0.240535 0.010255
vn -0.251644 0.967766 -0.010243
vn -0.251644 0.967766 -0.010243
vn -0.251653 0.967804 0.005148
vn -0.251653 0.967804 0.005148
vn -0.251653 0.967804 0.005148
vn -0.125415 0.156832 -0.979630
vn -0.125415 0.156832 0.979630
vn -0.051879 -0.296418 -0.953648
vn -0.051879 -0.296418 0.953648
vn 0.080691 -0.996724 -0.005482
vn 0.080691 -0.996724 -0.005482
vn -0.059234 -0.998203 0.009081
vn -0.059234 -0.998203 0.009081
vn -0.059234 -0.998203 0.009081
vn -0.142496 0.989795 0.000000
vn -0.142496 0.989795 0.000000
vn -0.100760 0.699891 -0.707107
vn -0.100760 0.699891 0.707107
vn -0.100760 0.699891 -0.707107
vn -0.100760 0.699891 0.707107
vn -0.142496 0.989795 0.000000
vn -0.142496 0.989795 0.000000
vn -0.142496 0.989795 0.000000
vn -0.142496 0.989795 0.000000
vn -0.100760 0.699891 -0.707107
vn -0.100760 0.699891 0.707107
vn -0.100760 0.699891 -0.707107
vn -0.100760 0.699891 0.707107
vn -0.100760 0.699891 -0.707107
vn -0.100760 0.699891 0.707107
vn -0.100760 0.699891 -0.707107
vn -0.100760 0.699891 0.707107
vn 0.000000 0.000000 -1.000000
vn 0.000000 0.000000 1.000000
vn 0.000000 0.000000 1.000000
vn 0.000000 0.000000 -1.000000
vn 0.000000 0.000000 1.000000
vn 0.000000 0.000000 1.000000
vn 0.000000 0.000000 -1.000000
vn 0.000000 0.000000 1.000000
vn 0.000000 0.000000 1.000000
vn 0.000000 0.000000 -1.000000
vn 0.000000 0.000000 1.000000
vn 0.000000 0.000000 1.000000
vn 0.000000 0.000000 -1.000000
vn 0.000000 0.000000 1.000000
vn 0.000000 0.000000 1.000000
vn 0.000000 0.000000 -1.000000
vn 0.000000 0.000000 1.000000
vn 0.000000 0.000000 1.000000
vn 0.100760 -0.699891 -0.707107
vn 0.100760 -0.699891 0.707107
vn 0.100760 -0.699891 -0.707107
vn 0.100760 -0.699891 0.707107
vn 0.100760 -0.699891 -0.707107
vn 0.100760 -0.699891 0.707107
vn 0.100760 -0.699891 -0.707107
vn 0.100760 -0.699891 0.707107
vn 0.142496 -0.989795 0.000000
vn 0.142496 -0.989795 0.000000
vn 0.142496 -0.989795 0.000000
vn 0.142496 -0.989795 0.000000
vn 0.100760 -0.699891 -0.707107
vn 0.100760 -0.699891 0.707107
vn 0.100760 -0.699891 -0.707107
vn 0.100760 -0.699891 0.707107
vn 0.142496 -0.989795 0.000000
vn 0.142496 -0.989795 0.000000
vn -0.080979 0.996663 -0.010290
vn -0.080979 0.996663 -0.010290
vn -0.080979 0.996663 -0.010290
vn 0.057641 0.998193 0.016994
vn 0.057641 0.998193 0.016994
vn 0.057641 0.998193 0.016994
vn 0.084465 0.194793 -0.977201
vn 0.084465 0.194793 0.977201
vn 0.125415 -0.084053 -0.988537
vn 0.125415 -0.084053 0.988537
vn 0.250627 -0.967894 -0.019146
vn 0.250627 -0.967894 -0.019146
vn 0.250627 -0.967894 -0.019146
vn 0.251149 -0.967900 0.009667
vn 0.251149 -0.967900 0.009667
vn 0.251149 -0.967900 0.009667
vn 0.948057 0.317967 -0.009208
vn 0.948057 0.317967 -0.009208
vn 0.948174 0.317227 0.018245
vn 0.948174 0.317227 0.018245
vn -0.998076 0.061794 -0.005095
vn -0.998076 0.061794 -0.005095
vn -0.998038 0.061791 0.010136
vn -0.998038 0.061791 0.010136
vn 0.987092 -0.159938 -0.008318
vn 0.987092 -0.159938 -0.008318
vn 0.999220 0.039072 0.005677
vn 0.999220 0.039072 0.005677
vn -0.912517 -0.408763 -0.014998
vn -0.912517 -0.408763 -0.014998
vn -0.975195 -0.221111 0.010255
vn -0.975195 -0.221111 0.010255
vn -0.232274 0.972596 -0.010243
vn -0.232274 0.972596 -0.010243
vn -0.232283 0.972635 0.005148
vn -0.232283 0.972635 0.005148
vn -0.232283 0.972635 0.005148
vn -0.122259 0.159304 -0.979630
vn -0.122259 0.159304 0.979630
vn -0.057786 -0.295323 -0.953648
vn -0.057786 -0.295323 0.953648
vn 0.060778 -0.998136 -0.005482
vn 0.060778 -0.998136 -0.005482
vn -0.079149 -0.996821 0.009081
vn -0.079149 -0.996821 0.009081
vn -0.079149 -0.996821 0.009081
vn -0.122470 0.992472 0.000000
vn -0.122470 0.992472 0.000000
vn -0.086599 0.701784 -0.707107
vn -0.086599 0.701784 0.707107
vn -0.086599 0.701784 -0.707107
vn -0.086599 0.701784 0.707107
vn -0.122470 0.992472 0.000000
vn -0.122470 0.992472 0.000000
vn -0.122470 0.992472 0.000000
vn -0.122470 0.992472 0.000000
vn -0.086599 0.701784 -0.707107
vn -0.086599 0.701784 0.707107
vn -0.086599 0.701784 -0.707107
vn -0.086599 0.701784 0.707107
vn -0.086599 0.701784 -0.707107
vn -0.086599 0.701784 0.707107
vn -0.086599 0.701784 -0.707107
vn -0.086599 0.701784 0.707107
vn 0.000000 0.000000 -1.000000
vn 0.000000 0.000000 1.000000
vn 0.000000 0.000000 1.000000
vn 0.000000 0.000000 -1.000000
vn 0.000000 0.000000 1.000000
vn 0.000000 0.000000 1.000000
vn 0.000000 0.000000 -1.000000
vn 0.000000 0.000000 1.000000
vn 0.000000 0.000000 1.000000
vn 0.000000 0.000000 -1.000000
vn 0.000000 0.000000 1.000000
vn 0.000000 0.000000 1.000000
vn 0.000000 0.000000 -1.000000
vn 0.000000 0.000000 1.000000
vn 0.000000 0.000000 1.000000
vn 0.000000 0.000000 -1.000000
vn 0.000000 0.000000 1.000000
vn 0.000000 0.000000 1.000000
vn 0.086599 -0.701784 -0.707107
vn 0.086599 -0.701784 0.707107
vn 0.086599 -0.701784 -0.707107
vn 0.086599 -0.701784 0.707107
vn 0.086599 -0.701784 -0.707107
vn 0.086599 -0.701784 0.707107
vn 0.086599 -0.701784 -0.707107
vn 0.086599 -0.701784 0.707107
vn 0.122470 -0.992472 0.000000
vn 0.122470 -0.992472 0.000000
vn 0.122470 -0.992472 0.000000
vn 0.122470 -0.992472 0.000000
vn 0.086599 -0.701784 -0.707107
vn 0.086599 -0.701784 0.707107
vn 0.086599 -0.701784 -0.707107
vn 0.086599 -0.701784 0.707107
vn 0.122470 -0.992472 0.000000
vn 0.122470 -0.992472 0.000000
vn -0.061067 0.998081 -0.010290
vn -0.061067 0.998081 -0.010290
vn -0.061067 0.998081 -0.010290
vn 0.077556 0.996843 0.016994
vn 0.077556 0.996843 0.016994
vn 0.077556 0.996843 0.016994
vn 0.088337 0.193068 -0.977201
vn 0.088337 0.193068 0.977201
vn -0.970142 -0.242536 0.000000
vn -0.970142 -0.242536 0.000000
vn -0.970142 0.242536 0.000000
vn -0.970142 0.242536 0.000000
vn 0.123712 -0.086540 -0.988537
vn 0.123712 -0.086540 0.988537
vn -0.922660 -0.242536 -0.299791
vn -0.922660 -0.242536 0.299791
vn -0.922660 -0.242536 -0.299791
vn -0.922660 -0.242536 0.299791
vn -0.922660 0.242536 -0.299791
vn -0.922660 0.242536 0.299791
vn -0.922660 0.242536 -0.299791
vn -0.922660 0.242536 0.299791
vn 0.231256 -0.972705 -0.019146
vn 0.231256 -0.972705 -0.019146
vn 0.231256 -0.972705 -0.019146
vn 0.231777 -0.972721 0.009667
vn 0.231777 -0.972721 0.009667
vn 0.231777 -0.972721 0.009667
vn -0.882353 -0.470588 0.000000
vn 0.000000 -1.000000 0.000000
vn -0.882353 -0.470588 0.000000
vn 0.000000 -1.000000 0.000000
vn -0.882353 0.470588 0.000000
vn 0.000000 1.000000 0.000000
vn -0.882353 0.470588 0.000000
vn 0.000000 1.000000 0.000000
vn -0.839168 -0.470588 -0.272662
vn 0.000000 -1.000000 0.000000
vn -0.839168 -0.470588 0.272662
vn 0.000000 -1.000000 0.000000
vn -0.839168 -0.470588 -0.272662
vn 0.000000 -1.000000 0.000000
vn -0.839168 -0.470588 0.272662
vn 0.000000 -1.000000 0.000000
vn -0.839168 0.470588 -0.272662
vn 0.000000 1.000000 0.000000
vn -0.839168 0.470588 0.272662
vn 0.000000 1.000000 0.000000
vn -0.839168 0.470588 -0.272662
vn 0.000000 1.000000 0.000000
vn -0.839168 0.470588 0.272662
vn 0.000000 1.000000 0.000000
vn 0.954216 0.298978 -0.009208
vn 0.954216 0.298978 -0.009208
vn 0.954318 0.298236 0.018245
vn 0.954318 0.298236 0.018245
vn -0.784862 -0.242536 -0.570235
vn -0.784862 -0.242536 0.570235
vn -0.784862 -0.242536 -0.570235
vn -0.784862 -0.242536 0.570235
vn -0.784862 0.242536 -0.570235
vn -0.784862 0.242536 0.570235
vn -0.784862 0.242536 -0.570235
vn -0.784862 0.242536 0.570235
vn -0.996635 0.081803 -0.005095
vn -0.996635 0.081803 -0.005095
vn -0.996597 0.081800 0.010136
vn -0.996597 0.081800 0.010136
vn -0.713839 -0.470588 -0.518634
vn 0.000000 -1.000000 0.000000
vn -0.713839 -0.470588 0.518634
vn 0.000000 -1.000000 0.000000
vn -0.713839 -0.470588 -0.518634
vn 0.000000 -1.000000 0.000000
vn -0.713839 -0.470588 0.518634
vn 0.000000 -1.000000 0.000000
vn -0.713839 0.470588 -0.518634
vn 0.000000 1.000000 0.000000
vn -0.713839 0.470588 0.518634
vn 0.000000 1.000000 0.000000
vn -0.713839 0.470588 -0.518634
vn 0.000000 1.000000 0.000000
vn -0.713839 0.470588 0.518634
vn 0.000000 1.000000 0.000000
vn 0.983703 -0.179611 -0.008318
vn 0.983703 -0.179611 -0.008318
vn 0.999801 0.019117 0.005677
vn 0.999801 0.019117 0.005677
vn -0.920533 -0.390376 -0.014998
vn -0.920533 -0.390376 -0.014998
vn -0.979434 -0.201504 0.010255
vn -0.979434 -0.201504 0.010255
vn -0.570235 -0.242536 -0.784862
vn -0.570235 -0.242536 0.784862
vn -0.570235 -0.242536 -0.784862
vn -0.570235 -0.242536 0.784862
vn -0.570235 0.242536 -0.784862
vn -0.570235 0.242536 0.784862
vn -0.570235 0.242536 -0.784862
vn -0.570235 0.242536 0.784862
vn -0.212717 0.977060 -0.010243
vn -0.212717 0.977060 -0.010243
vn -0.212726 0.977098 0.005148
vn -0.212726 0.977098 0.005148
vn -0.212726 0.977098 0.005148
vn -0.518634 -0.470588 -0.713839
vn 0.000000 -1.000000 0.000000
vn -0.518634 -0.470588 0.713839
vn 0.000000 -1.000000 0.000000
vn -0.518634 -0.470588 -0.713839
vn 0.000000 -1.000000 0.000000
vn -0.518634 -0.470588 0.713839
vn 0.000000 -1.000000 0.000000
vn -0.518634 0.470588 -0.713839
vn 0.000000 1.000000 0.000000
vn -0.518634 0.470588 0.713839
vn 0.000000 1.000000 0.000000
vn -0.518634 0.470588 -0.713839
vn 0.000000 1.000000 0.000000
vn -0.518634 0.470588 0.713839
vn 0.000000 1.000000 0.000000
vn -0.119039 0.161725 -0.979630
vn -0.119039 0.161725 0.979630
vn -0.063698 -0.294105 -0.953648
vn -0.063698 -0.294105 0.953648
vn 0.040743 -0.999155 -0.005482
vn 0.040743 -0.999155 -0.005482
vn -0.099130 -0.995033 0.009081
vn -0.099130 -0.995033 0.009081
vn -0.099130 -0.995033 0.009081
vn -0.299791 -0.242536 -0.922660
vn -0.299791 -0.242536 0.922660
vn -0.299791 -0.242536 -0.922660
vn -0.299791 -0.242536 0.922660
vn -0.299791 0.242536 -0.922660
vn -0.299791 0.242536 0.922660
vn -0.299791 0.242536 -0.922660
vn -0.299791 0.242536 0.922660
vn -0.272662 -0.470588 -0.839168
vn 0.000000 -1.000000 0.000000
vn -0.272662 -0.470588 0.839168
vn 0.000000 -1.000000 0.000000
vn -0.272662 -0.470588 -0.839168
vn 0.000000 -1.000000 0.000000
vn -0.272662 -0.470588 0.839168
vn 0.000000 -1.000000 0.000000
vn -0.272662 0.470588 -0.839168
vn 0.000000 1.000000 0.000000
vn -0.272662 0.470588 0.839168
vn 0.000000 1.000000 0.000000
vn -0.272662 0.470588 -0.839168
vn 0.000000 1.000000 0.000000
vn -0.272662 0.470588 0.839168
vn 0.000000 1.000000 0.000000
vn 0.000000 -1.000000 0.000000
vn 0.000000 -0.470588 -0.882353
vn 0.000000 -1.000000 0.000000
vn 0.000000 -1.000000 0.000000
vn 0.000000 -0.470588 0.882353
vn 0.000000 -1.000000 0.000000
vn 0.000000 -0.470588 -0.882353
vn 0.000000 -1.000000 0.000000
vn 0.000000 -1.000000 0.000000
vn 0.000000 -0.470588 0.882353
vn 0.000000 -0.242536 -0.970142
vn 0.000000 -0.242536 0.970142
vn 0.000000 -0.242536 -0.970142
vn 0.000000 -0.242536 0.970142
vn 0.000000 0.242536 -0.970142
vn 0.000000 0.242536 0.970142
vn 0.000000 0.242536 -0.970142
vn 0.000000 0.242536 0.970142
vn 0.000000 0.470588 -0.882353
vn 0.000000 1.000000 0.000000
vn 0.000000 1.000000 0.000000
vn 0.000000 0.470588 0.882353
vn 0.000000 1.000000 0.000000
vn 0.000000 0.470588 -0.882353
vn 0.000000 1.000000 0.000000
vn 0.000000 1.000000 0.000000
vn 0.000000 0.470588 0.882353
vn 0.000000 1.000000 0.000000
vn -0.102293 0.994754 0.000000
vn -0.102293 0.994754 0.000000
vn -0.072332 0.703398 -0.707107
vn -0.072332 0.703398 0.707107
vn -0.072332 0.703398 -0.707107
vn -0.072332 0.703398 0.707107
vn -0.102293 0.994754 0.000000
vn -0.102293 0.994754 0.000000
vn -0.102293 0.994754 0.000000
vn -0.102293 0.994754 0.000000
vn 0.000000 -1.000000 0.000000
vn 0.272662 -0.470588 -0.839168
vn 0.000000 -1.000000 0.000000
vn 0.272662 -0.470588 0.839168
vn 0.000000 -1.000000 0.000000
vn 0.272662 -0.470588 -0.839168
vn 0.000000 -1.000000 0.000000
vn 0.272662 -0.470588 0.839168
vn 0.000000 1.000000 0.000000
vn 0.272662 0.470588 -0.839168
vn 0.000000 1.000000 0.000000
vn 0.272662 0.470588 0.839168
vn 0.000000 1.000000 0.000000
vn 0.272662 0.470588 -0.839168
vn 0.000000 1.000000 0.000000
vn 0.272662 0.470588 0.839168
vn -0.072332 0.703398 -0.707107
vn -0.072332 0.703398 0.707107
vn -0.072332 0.703398 -0.707107
vn -0.072332 0.703398 0.707107
vn -0.072332 0.703398 -0.707107
vn -0.072332 0.703398 0.707107
vn -0.072332 0.703398 -0.707107
vn -0.072332 0.703398 0.707107
vn 0.299791 -0.242536 -0.922660
vn 0.299791 -0.242536 0.922660
vn 0.299791 -0.242536 -0.922660
vn 0.299791 -0.242536 0.922660
vn 0.299791 0.242536 -0.922660
vn 0.299791 0.242536 0.922660
vn 0.299791 0.242536 -0.922660
vn 0.299791 0.242536 0.922660
vn 0.000000 0.000000 -1.000000
vn 0.000000 0.000000 1.000000
vn 0.000000 0.000000 1.000000
vn 0.000000 0.000000 -1.000000
vn 0.000000 0.000000 1.000000
vn 0.000000 0.000000 1.000000
vn 0.000000 0.000000 -1.000000
vn 0.000000 0.000000 1.000000
vn 0.000000 0.000000 1.000000
vn 0.000000 0.000000 -1.000000
vn 0.000000 0.000000 1.000000
vn 0.000000 0.000000 1.000000
vn 0.000000 0.000000 -1.000000
vn 0.000000 0.000000 1.000000
vn 0.000000 0.000000 1.000000
vn 0.000000 0.000000 -1.000000
vn 0.000000 0.000000 1.000000
vn 0.000000 0.000000 1.000000
vn 0.072332 -0.703398 -0.707107
vn 0.072332 -0.703398 0.707107
vn 0.072332 -0.703398 -0.707107
vn 0.072332 -0.703398 0.707107
vn 0.072332 -0.703398 -0.707107
vn 0.072332 -0.703398 0.707107
vn 0.072332 -0.703398 -0.707107
vn 0.072332 -0.703398 0.707107
vn 0.102293 -0.994754 0.000000
vn 0.102293 -0.994754 0.000000
vn 0.102293 -0.994754 0.000000
vn 0.102293 -0.994754 0.000000
vn 0.072332 -0.703398 -0.707107
vn 0.072332 -0.703398 0.707107
vn 0.072332 -0.703398 -0.707107
vn 0.072332 -0.703398 0.707107
vn 0.102293 -0.994754 0.000000
vn 0.102293 -0.994754 0.000000
vn 0.000000 -1.000000 0.000000
vn 0.518634 -0.470588 -0.713839
vn 0.000000 -1.000000 0.000000
vn 0.518634 -0.470588 0.713839
vn 0.000000 -1.000000 0.000000
vn 0.518634 -0.470588 -0.713839
vn 0.000000 -1.000000 0.000000
vn 0.518634 -0.470588 0.713839
vn 0.000000 1.000000 0.000000
vn 0.518634 0.470588 -0.713839
vn 0.000000 1.000000 0.000000
vn 0.518634 0.470588 0.713839
vn 0.000000 1.000000 0.000000
vn 0.518634 0.470588 -0.713839
vn 0.000000 1.000000 0.000000
vn 0.518634 0.470588 0.713839
vn 0.570235 -0.242536 -0.784862
vn 0.570235 -0.242536 0.784862
vn 0.570235 -0.242536 -0.784862
vn 0.570235 -0.242536 0.784862
vn 0.570235 0.242536 -0.784862
vn 0.570235 0.242536 0.784862
vn 0.570235 0.242536 -0.784862
vn 0.570235 0.242536 0.784862
vn 0.000000 -1.000000 0.000000
vn 0.713839 -0.470588 -0.518634
vn 0.000000 -1.000000 0.000000
vn 0.713839 -0.470588 0.518634
vn 0.000000 -1.000000 0.000000
vn 0.713839 -0.470588 -0.518634
vn 0.000000 -1.000000 0.000000
vn 0.713839 -0.470588 0.518634
vn 0.000000 1.000000 0.000000
vn 0.713839 0.470588 -0.518634
vn 0.000000 1.000000 0.000000
vn 0.713839 0.470588 0.518634
vn 0.000000 1.000000 0.000000
vn 0.713839 0.470588 -0.518634
vn 0.000000 1.000000 0.000000
vn 0.713839 0.470588 0.518634
vn 0.784862 -0.242536 -0.570235
vn 0.784862 -0.242536 0.570235
vn 0.784862 -0.242536 -0.570235
vn 0.784862 -0.242536 0.570235
vn 0.784862 0.242536 -0.570235
vn 0.784862 0.242536 0.570235
vn 0.784862 0.242536 -0.570235
vn 0.784862 0.242536 0.570235
vn 0.000000 -1.000000 0.000000
vn 0.839168 -0.470588 -0.272662
vn 0.000000 -1.000000 0.000000
vn 0.839168 -0.470588 0.272662
vn 0.000000 -1.000000 0.000000
vn 0.839168 -0.470588 -0.272662
vn 0.000000 -1.000000 0.000000
vn 0.839168 -0.470588 0.272662
vn 0.000000 1.000000 0.000000
vn 0.839168 0.470588 -0.272662
vn 0.000000 1.000000 0.000000
vn 0.839168 0.470588 0.272662
vn 0.000000 1.000000 0.000000
vn 0.839168 0.470588 -0.272662
vn 0.000000 1.000000 0.000000
vn 0.839168 0.470588 0.272662
vn 0.000000 -1.000000 0.000000
vn 0.882353 -0.470588 0.000000
vn 0.882353 -0.470588 0.000000
vn 0.000000 -1.000000 0.000000
vn 0.882353 -0.470588 0.000000
vn 0.882353 -0.470588 0.000000
vn 0.000000 1.000000 0.000000
vn 0.882353 0.470588 0.000000
vn 0.882353 0.470588 0.000000
vn 0.000000 1.000000 0.000000
vn 0.882353 0.470588 0.000000
vn 0.882353 0.470588 0.000000
vn 0.922660 -0.242536 -0.299791
vn 0.922660 -0.242536 0.299791
vn 0.922660 -0.242536 -0.299791
vn 0.922660 -0.242536 0.299791
vn 0.922660 0.242536 -0.299791
vn 0.922660 0.242536 0.299791
vn 0.922660 0.242536 -0.299791
vn 0.922660 0.242536 0.299791
vn 0.970142 -0.242536 0.000000
vn 0.970142 -0.242536 0.000000
vn 0.970142 -0.242536 0.000000
vn 0.970142 -0.242536 0.000000
vn 0.970142 0.242536 0.000000
vn 0.970142 0.242536 0.000000
vn 0.970142 0.242536 0.000000
vn 0.970142 0.242536 0.000000
vn -0.041033 0.999105 -0.010290
vn -0.041033 0.999105 -0.010290
vn -0.041033 0.999105 -0.010290
vn 0.097537 0.995087 0.016994
vn 0.097537 0.995087 0.016994
vn 0.097537 0.995087 0.016994
vn 0.092192 0.191257 -0.977201
vn 0.092192 0.191257 0.977201
vn 0.121951 -0.089004 -0.988537
vn 0.121951 -0.089004 0.988537
vn 0.211697 -0.977148 -0.019146
vn 0.211697 -0.977148 -0.019146
vn 0.211697 -0.977148 -0.019146
vn 0.212217 -0.977175 0.009667
vn 0.212217 -0.977175 0.009667
vn 0.212217 -0.977175 0.009667
vn 0.960021 0.279776 -0.009208
vn 0.960021 0.279776 -0.009208
vn 0.960108 0.279032 0.018245
vn 0.960108 0.279032 0.018245
vn -0.994786 0.101861 -0.005095
vn -0.994786 0.101861 -0.005095
vn -0.994747 0.101857 0.010136
vn -0.994747 0.101857 0.010136
vn 0.979902 -0.199308 -0.008318
vn 0.979902 -0.199308 -0.008318
vn 0.999983 -0.000943 0.005677
vn 0.999983 -0.000943 0.005677
vn -0.928210 -0.371755 -0.014998
vn -0.928210 -0.371755 -0.014998
vn -0.983294 -0.181735 0.010255
vn -0.983294 -0.181735 0.010255
vn -0.192994 0.981146 -0.010243
vn -0.192994 0.981146 -0.010243
vn -0.193002 0.981185 0.005148
vn -0.193002 0.981185 0.005148
vn -0.193002 0.981185 0.005148
vn -0.115757 0.164090 -0.979630
vn -0.115757 0.164090 0.979630
vn -0.069609 -0.292762 -0.953648
vn -0.069609 -0.292762 0.953648
vn 0.020610 -0.999773 -0.005482
vn 0.020610 -0.999773 -0.005482
vn -0.119152 -0.992835 0.009081
vn -0.119152 -0.992835 0.009081
vn -0.119152 -0.992835 0.009081
vn -0.081989 0.996633 0.000000
vn -0.081989 0.996633 0.000000
vn -0.057975 0.704726 -0.707107
vn -0.057975 0.704726 0.707107
vn -0.057975 0.704726 -0.707107
vn -0.057975 0.704726 0.707107
vn -0.081989 0.996633 0.000000
vn -0.081989 0.996633 0.000000
vn -0.081989 0.996633 0.000000
vn -0.081989 0.996633 0.000000
vn -0.057975 0.704726 -0.707107
vn -0.057975 0.704726 0.707107
vn -0.057975 0.704726 -0.707107
vn -0.057975 0.704726 0.707107
vn -0.057975 0.704726 -0.707107
vn -0.057975 0.704726 0.707107
vn -0.057975 0.704726 -0.707107
vn -0.057975 0.704726 0.707107
vn 0.000000 0.000000 -1.000000
vn 0.000000 0.000000 1.000000
vn 0.000000 0.000000 1.000000
vn 0.000000 0.000000 -1.000000
vn 0.000000 0.000000 1.000000
vn 0.000000 0.000000 1.000000
vn 0.000000 0.000000 -1.000000
vn 0.000000 0.000000 1.000000
vn 0.000000 0.000000 1.000000
vn 0.000000 0.000000 -1.000000
vn 0.000000 0.000000 1.000000
vn 0.000000 0.000000 1.000000
vn 0.000000 0.000000 -1.000000
vn 0.000000 0.000000 1.000000
vn 0.000000 0.000000 1.000000
vn 0.000000 0.000000 -1.000000
vn 0.000000 0.000000 1.000000
vn 0.000000 0.000000 1.000000
vn 0.057975 -0.704726 -0.707107
vn 0.057975 -0.704726 0.707107
vn 0.057975 -0.704726 -0.707107
vn 0.057975 -0.704726 0.707107
vn 0.057975 -0.704726 -0.707107
vn 0.057975 -0.704726 0.707107
vn 0.057975 -0.704726 -0.707107
vn 0.057975 -0.704726 0.707107
vn 0.081989 -0.996633 0.000000
vn 0.081989 -0.996633 0.000000
vn 0.081989 -0.996633 0.000000
vn 0.081989 -0.996633 0.000000
vn 0.057975 -0.704726 -0.707107
vn 0.057975 -0.704726 0.707107
vn 0.057975 -0.704726 -0.707107
vn 0.057975 -0.704726 0.707107
vn 0.081989 -0.996633 0.000000
vn 0.081989 -0.996633 0.000000
vn -0.020901 0.999729 -0.010290
vn -0.020901 0.999729 -0.010290
vn -0.020901 0.999729 -0.010290
vn 0.117560 0.992920 0.016994
vn 0.117560 0.992920 0.016994
vn 0.117560 0.992920 0.016994
vn 0.096026 0.189362 -0.977201
vn 0.096026 0.189362 0.977201
vn 0.120134 -0.091443 -0.988537
vn 0.120134 -0.091443 0.988537
vn 0.191972 -0.981214 -0.019146
vn 0.191972 -0.981214 -0.019146
vn 0.191972 -0.981214 -0.019146
vn 0.192492 -0.981251 0.009667
vn 0.192492 -0.981251 0.009667
vn 0.192492 -0.981251 0.009667
vn 0.965462 0.260383 -0.009208
vn 0.965462 0.260383 -0.009208
vn 0.965534 0.259637 0.018245
vn 0.965534 0.259637 0.018245
vn -0.992524 0.121943 -0.005095
vn -0.992524 0.121943 -0.005095
vn -0.992486 0.121938 0.010136
vn -0.992486 0.121938 0.010136
vn 0.975688 -0.219005 -0.008318
vn 0.975688 -0.219005 -0.008318
vn 0.999762 -0.021085 0.005677
vn 0.999762 -0.021085 0.005677
vn -0.935533 -0.352921 -0.014998
vn -0.935533 -0.352921 -0.014998
vn -0.986766 -0.161828 0.010255
vn -0.986766 -0.161828 0.010255
vn -0.173127 0.984846 -0.010243
vn -0.173127 0.984846 -0.010243
vn -0.173134 0.984885 0.005148
vn -0.173134 0.984885 0.005148
vn -0.173134 0.984885 0.005148
vn -0.112417 0.166395 -0.979630
vn -0.112417 0.166395 0.979630
vn -0.075511 -0.291296 -0.953648
vn -0.075511 -0.291296 0.953648
vn 0.000402 -0.999985 -0.005482
vn 0.000402 -0.999985 -0.005482
vn -0.139191 -0.990224 0.009081
vn -0.139191 -0.990224 0.009081
vn -0.139191 -0.990224 0.009081
vn -0.061582 0.998102 0.000000
vn -0.061582 0.998102 0.000000
vn -0.043545 0.705765 -0.707107
vn -0.043545 0.705765 0.707107
vn -0.043545 0.705765 -0.707107
vn -0.043545 0.705765 0.707107
vn -0.061582 0.998102 0.000000
vn -0.061582 0.998102 0.000000
vn -0.061582 0.998102 0.000000
vn -0.061582 0.998102 0.000000
vn -0.043545 0.705765 -0.707107
vn -0.043545 0.705765 0.707107
vn -0.043545 0.705765 -0.707107
vn -0.043545 0.705765 0.707107
vn -0.043545 0.705765 -0.707107
vn -0.043545 0.705765 0.707107
vn -0.043545 0.705765 -0.707107
vn -0.043545 0.705765 0.707107
vn 0.000000 0.000000 -1.000000
vn 0.000000 0.000000 1.000000
vn 0.000000 0.000000 1.000000
vn 0.000000 0.000000 -1.000000
vn 0.000000 0.000000 1.000000
vn 0.000000 0.000000 1.000000
vn 0.000000 0.000000 -1.000000
vn 0.000000 0.000000 1.000000
vn 0.000000 0.000000 1.000000
vn 0.000000 0.000000 -1.000000
vn 0.000000 0.000000 1.000000
vn 0.000000 0.000000 1.000000
vn 0.000000 0.000000 -1.000000
vn 0.000000 0.000000 1.000000
vn 0.000000 0.000000 1.000000
vn 0.000000 0.000000 -1.000000
vn 0.000000 0.000000 1.000000
vn 0.000000 0.000000 1.000000
vn 0.043545 -0.705765 -0.707107
vn 0.043545 -0.705765 0.707107
vn 0.043545 -0.705765 -0.707107
vn 0.043545 -0.705765 0.707107
vn 0.043545 -0.705765 -0.707107
vn 0.043545 -0.705765 0.707107
vn 0.043545 -0.705765 -0.707107
vn 0.043545 -0.705765 0.707107
vn 0.061582 -0.998102 0.000000
vn 0.061582 -0.998102 0.000000
vn 0.061582 -0.998102 0.000000
vn 0.061582 -0.998102 0.000000
vn 0.043545 -0.705765 -0.707107
vn 0.043545 -0.705765 0.707107
vn 0.043545 -0.705765 -0.707107
vn 0.043545 -0.705765 0.707107
vn 0.061582 -0.998102 0.000000
vn 0.061582 -0.998102 0.000000
vn -0.000694 0.999947 -0.010290
vn -0.000694 0.999947 -0.010290
vn -0.000694 0.999947 -0.010290
vn 0.137601 0.990342 0.016994
vn 0.137601 0.990342 0.016994
vn 0.137601 0.990342 0.016994
vn 0.099833 0.187382 -0.977201
vn 0.099833 0.187382 0.977201
vn 0.118261 -0.093852 -0.988537
vn 0.118261 -0.093852 0.988537
vn 0.172104 -0.984893 -0.019146
vn 0.172104 -0.984893 -0.019146
vn 0.172104 -0.984893 -0.019146
vn 0.172623 -0.984941 0.009667
vn 0.172623 -0.984941 0.009667
vn 0.172623 -0.984941 0.009667
vn 0.970526 0.240819 -0.009208
vn 0.970526 0.240819 -0.009208
vn 0.970584 0.240072 0.018245
vn 0.970584 0.240072 0.018245
vn -0.989850 0.142024 -0.005095
vn -0.989850 0.142024 -0.005095
vn -0.989812 0.142019 0.010136
vn -0.989812 0.142019 0.010136
vn 0.971063 -0.238677 -0.008318
vn 0.971063 -0.238677 -0.008318
vn 0.999131 -0.041284 0.005677
vn 0.999131 -0.041284 0.005677
vn -0.942490 -0.333897 -0.014998
vn -0.942490 -0.333897 -0.014998
vn -0.989842 -0.141804 0.010255
vn -0.989842 -0.141804 0.010255
vn -0.153141 0.988151 -0.010243
vn -0.153141 0.988151 -0.010243
vn -0.153147 0.988190 0.005148
vn -0.153147 0.988190 0.005148
vn -0.153147 0.988190 0.005148
vn -0.109023 0.168638 -0.979630
vn -0.109023 0.168638 0.979630
vn -0.081397 -0.289706 -0.953648
vn -0.081397 -0.289706 0.953648
vn -0.019856 -0.999788 -0.005482
vn -0.019856 -0.999788 -0.005482
vn -0.159222 -0.987201 0.009081
vn -0.159222 -0.987201 0.009081
vn -0.159222 -0.987201 0.009081
vn -0.041098 0.999155 0.000000
vn -0.041098 0.999155 0.000000
vn -0.029061 0.706509 -0.707107
vn -0.029061 0.706509 0.707107
vn -0.029061 0.706509 -0.707107
vn -0.029061 0.706509 0.707107
vn -0.041098 0.999155 0.000000
vn -0.041098 0.999155 0.000000
vn -0.041098 0.999155 0.000000
vn -0.041098 0.999155 0.000000
vn -0.029061 0.706509 -0.707107
vn -0.029061 0.706509 0.707107
vn -0.029061 0.706509 -0.707107
vn -0.029061 0.706509 0.707107
vn -0.029061 0.706509 -0.707107
vn -0.029061 0.706509 0.707107
vn -0.029061 0.706509 -0.707107
vn -0.029061 0.706509 0.707107
vn 0.000000 0.000000 -1.000000
vn 0.000000 0.000000 1.000000
vn 0.000000 0.000000 1.000000
vn 0.000000 0.000000 -1.000000
vn 0.000000 0.000000 1.000000
vn 0.000000 0.000000 1.000000
vn 0.000000 0.000000 -1.000000
vn 0.000000 0.000000 1.000000
vn 0.000000 0.000000 1.000000
vn 0.000000 0.000000 -1.000000
vn 0.000000 0.000000 1.000000
vn 0.000000 0.000000 1.000000
vn 0.000000 0.000000 -1.000000
vn 0.000000 0.000000 1.000000
vn 0.000000 0.000000 1.000000
vn 0.000000 0.000000 -1.000000
vn 0.000000 0.000000 1.000000
vn 0.000000 0.000000 1.000000
vn 0.029061 -0.706509 -0.707107
vn 0.029061 -0.706509 0.707107
vn 0.029061 -0.706509 -0.707107
vn 0.029061 -0.706509 0.707107
vn 0.029061 -0.706509 -0.707107
vn 0.029061 -0.706509 0.707107
vn 0.029061 -0.706509 -0.707107
vn 0.029061 -0.706509 0.707107
vn 0.041098 -0.999155 0.000000
vn 0.041098 -0.999155 0.000000
vn 0.041098 -0.999155 0.000000
vn 0.041098 -0.999155 0.000000
vn 0.029061 -0.706509 -0.707107
vn 0.029061 -0.706509 0.707107
vn 0.029061 -0.706509 -0.707107
vn 0.029061 -0.706509 0.707107
vn 0.041098 -0.999155 0.000000
vn 0.041098 -0.999155 0.000000
vn 0.019563 0.999756 -0.010290
vn 0.019563 0.999756 -0.010290
vn 0.019563 0.999756 -0.010290
vn 0.157636 0.987351 0.016994
vn 0.157636 0.987351 0.016994
vn 0.157636 0.987351 0.016994
vn 0.103608 0.185321 -0.977201
vn 0.103608 0.185321 0.977201
vn 0.116336 -0.096228 -0.988537
vn 0.116336 -0.096228 0.988537
vn 0.152117 -0.988177 -0.019146
vn 0.152117 -0.988177 -0.019146
vn 0.152117 -0.988177 -0.019146
vn 0.152635 -0.988235 0.009667
vn 0.152635 -0.988235 0.009667
vn 0.152635 -0.988235 0.009667
vn 0.975206 0.221109 -0.009208
vn 0.975206 0.221109 -0.009208
vn 0.975248 0.220360 0.018245
vn 0.975248 0.220360 0.018245
vn 0.966029 -0.258300 -0.008318
vn 0.966029 -0.258300 -0.008318
vn 0.998090 -0.061516 0.005677
vn 0.998090 -0.061516 0.005677
vn -0.986764 0.162081 -0.005095
vn -0.986764 0.162081 -0.005095
vn -0.986726 0.162075 0.010136
vn -0.986726 0.162075 0.010136
vn -0.949072 -0.314703 -0.014998
vn -0.949072 -0.314703 -0.014998
vn -0.992515 -0.121690 0.010255
vn -0.992515 -0.121690 0.010255
vn -0.133058 0.991055 -0.010243
vn -0.133058 0.991055 -0.010243
vn -0.133063 0.991094 0.005148
vn -0.133063 0.991094 0.005148
vn -0.133063 0.991094 0.005148
vn -0.105579 0.170816 -0.979630
vn -0.105579 0.170816 0.979630
vn -0.087259 -0.287995 -0.953648
vn -0.087259 -0.287995 0.953648
vn -0.040139 -0.999179 -0.005482
vn -0.040139 -0.999179 -0.005482
vn -0.179222 -0.983767 0.009081
vn -0.179222 -0.983767 0.009081
vn -0.179222 -0.983767 0.009081
vn -0.020562 0.999789 0.000000
vn -0.020562 0.999789 0.000000
vn -0.014540 0.706957 -0.707107
vn -0.014540 0.706957 0.707107
vn -0.014540 0.706957 -0.707107
vn -0.014540 0.706957 0.707107
vn -0.020562 0.999789 0.000000
vn -0.020562 0.999789 0.000000
vn -0.020562 0.999789 0.000000
vn -0.020562 0.999789 0.000000
vn -0.014540 0.706957 -0.707107
vn -0.014540 0.706957 0.707107
vn -0.014540 0.706957 -0.707107
vn -0.014540 0.706957 0.707107
vn -0.014540 0.706957 -0.707107
vn -0.014540 0.706957 0.707107
vn -0.014540 0.706957 -0.707107
vn -0.014540 0.706957 0.707107
vn 0.000000 0.000000 -1.000000
vn 0.000000 0.000000 1.000000
vn 0.000000 0.000000 1.000000
vn 0.000000 0.000000 -1.000000
vn 0.000000 0.000000 1.000000
vn 0.000000 0.000000 1.000000
vn 0.000000 0.000000 -1.000000
vn 0.000000 0.000000 1.000000
vn 0.000000 0.000000 1.000000
vn 0.000000 0.000000 -1.000000
vn 0.000000 0.000000 1.000000
vn 0.000000 0.000000 1.000000
vn 0.000000 0.000000 -1.000000
vn 0.000000 0.000000 1.000000
vn 0.000000 0.000000 1.000000
vn 0.000000 0.000000 -1.000000
vn 0.000000 0.000000 1.000000
vn 0.000000 0.000000 1.000000
vn 0.014540 -0.706957 -0.707107
vn 0.014540 -0.706957 0.707107
vn 0.014540 -0.706957 -0.707107
vn 0.014540 -0.706957 0.707107
vn 0.014540 -0.706957 -0.707107
vn 0.014540 -0.706957 0.707107
vn 0.014540 -0.706957 -0.707107
vn 0.014540 -0.706957 0.707107
vn 0.020562 -0.999789 0.000000
vn 0.020562 -0.999789 0.000000
vn 0.020562 -0.999789 0.000000
vn 0.020562 -0.999789 0.000000
vn 0.014540 -0.706957 -0.707107
vn 0.014540 -0.706957 0.707107
vn 0.014540 -0.706957 -0.707107
vn 0.014540 -0.706957 0.707107
vn 0.020562 -0.999789 0.000000
vn 0.020562 -0.999789 0.000000
vn 0.039846 0.999153 -0.010290
vn 0.039846 0.999153 -0.010290
vn 0.039846 0.999153 -0.010290
vn 0.177638 0.983949 0.016994
vn 0.177638 0.983949 0.016994
vn 0.177638 0.983949 0.016994
vn 0.107348 0.183181 -0.977201
vn 0.107348 0.183181 0.977201
vn 0.114359 -0.098569 -0.988537
vn 0.114359 -0.098569 0.988537
vn 0.132034 -0.991060 -0.019146
vn 0.132034 -0.991060 -0.019146
vn 0.132034 -0.991060 -0.019146
vn 0.132550 -0.991129 0.009667
vn 0.132550 -0.991129 0.009667
vn 0.132550 -0.991129 0.009667
vn 0.979492 0.201275 -0.009208
vn 0.979492 0.201275 -0.009208
vn 0.979518 0.200526 0.018245
vn 0.979518 0.200526 0.018245
vn 0.960589 -0.277849 -0.008318
vn 0.960589 -0.277849 -0.008318
vn 0.996636 -0.081756 0.005677
vn 0.996636 -0.081756 0.005677
vn -0.955267 -0.295364 -0.014998
vn -0.955267 -0.295364 -0.014998
vn -0.994782 -0.101508 0.010255
vn -0.994782 -0.101508 0.010255
vn -0.983269 0.182087 -0.005095
vn -0.983269 0.182087 -0.005095
vn -0.983231 0.182080 0.010136
vn -0.983231 0.182080 0.010136
vn -0.970142 -0.242536 0.000000
vn -0.970142 -0.242536 0.000000
vn -0.970142 0.242536 0.000000
vn -0.970142 0.242536 0.000000
vn -0.060423 -0.998158 -0.005482
vn -0.060423 -0.998158 -0.005482
vn -0.199163 -0.979924 0.009081
vn -0.199163 -0.979924 0.009081
vn -0.199163 -0.979924 0.009081
vn -0.093089 -0.286163 -0.953648
vn -0.093089 -0.286163 0.953648
vn -0.102088 0.172925 -0.979630
vn -0.102088 0.172925 0.979630
vn -0.112904 0.993553 -0.010243
vn -0.112904 0.993553 -0.010243
vn -0.112908 0.993592 0.005148
vn -0.112908 0.993592 0.005148
vn -0.112908 0.993592 0.005148
vn -0.922660 -0.242536 -0.299791
vn -0.922660 -0.242536 0.299791
vn -0.922660 -0.242536 -0.299791
vn -0.922660 -0.242536 0.299791
vn -0.922660 0.242536 -0.299791
vn -0.922660 0.242536 0.299791
vn -0.922660 0.242536 -0.299791
vn -0.922660 0.242536 0.299791
vn -0.882353 -0.470588 0.000000
vn 0.000000 -1.000000 0.000000
vn -0.882353 -0.470588 0.000000
vn 0.000000 -1.000000 0.000000
vn -0.882353 0.470588 0.000000
vn 0.000000 1.000000 0.000000
vn -0.882353 0.470588 0.000000
vn 0.000000 1.000000 0.000000
vn -0.839168 -0.470588 -0.272662
vn 0.000000 -1.000000 0.000000
vn -0.839168 -0.470588 0.272662
vn 0.000000 -1.000000 0.000000
vn -0.839168 -0.470588 -0.272662
vn 0.000000 -1.000000 0.000000
vn -0.839168 -0.470588 0.272662
vn 0.000000 -1.000000 0.000000
vn -0.839168 0.470588 -0.272662
vn 0.000000 1.000000 0.000000
vn -0.839168 0.470588 0.272662
vn 0.000000 1.000000 0.000000
vn -0.839168 0.470588 -0.272662
vn 0.000000 1.000000 0.000000
vn -0.839168 0.470588 0.272662
vn 0.000000 1.000000 0.000000
vn -0.784862 -0.242536 -0.570235
vn -0.784862 -0.242536 0.570235
vn -0.784862 -0.242536 -0.570235
vn -0.784862 -0.242536 0.570235
vn -0.784862 0.242536 -0.570235
vn -0.784862 0.242536 0.570235
vn -0.784862 0.242536 -0.570235
vn -0.784862 0.242536 0.570235
vn -0.713839 -0.470588 -0.518634
vn 0.000000 -1.000000 0.000000
vn -0.713839 -0.470588 0.518634
vn 0.000000 -1.000000 0.000000
vn -0.713839 -0.470588 -0.518634
vn 0.000000 -1.000000 0.000000
vn -0.713839 -0.470588 0.518634
vn 0.000000 -1.000000 0.000000
vn -0.713839 0.470588 -0.518634
vn 0.000000 1.000000 0.000000
vn -0.713839 0.470588 0.518634
vn 0.000000 1.000000 0.000000
vn -0.713839 0.470588 -0.518634
vn 0.000000 1.000000 0.000000
vn -0.713839 0.470588 0.518634
vn 0.000000 1.000000 0.000000
vn -0.570235 -0.242536 -0.784862
vn -0.570235 -0.242536 0.784862
vn -0.570235 -0.242536 -0.784862
vn -0.570235 -0.242536 0.784862
vn -0.570235 0.242536 -0.784862
vn -0.570235 0.242536 0.784862
vn -0.570235 0.242536 -0.784862
vn -0.570235 0.242536 0.784862
vn -0.518634 -0.470588 -0.713839
vn 0.000000 -1.000000 0.000000
vn -0.518634 -0.470588 0.713839
vn 0.000000 -1.000000 0.000000
vn -0.518634 -0.470588 -0.713839
vn 0.000000 -1.000000 0.000000
vn -0.518634 -0.470588 0.713839
vn 0.000000 -1.000000 0.000000
vn -0.518634 0.470588 -0.713839
vn 0.000000 1.000000 0.000000
vn -0.518634 0.470588 0.713839
vn 0.000000 1.000000 0.000000
vn -0.518634 0.470588 -0.713839
vn 0.000000 1.000000 0.000000
vn -0.518634 0.470588 0.713839
vn 0.000000 1.000000 0.000000
vn -0.299791 -0.242536 -0.922660
vn -0.299791 -0.242536 0.922660
vn -0.299791 -0.242536 -0.922660
vn -0.299791 -0.242536 0.922660
vn -0.299791 0.242536 -0.922660
vn -0.299791 0.242536 0.922660
vn -0.299791 0.242536 -0.922660
vn -0.299791 0.242536 0.922660
vn -0.272662 -0.470588 -0.839168
vn 0.000000 -1.000000 0.000000
vn -0.272662 -0.470588 0.839168
vn 0.000000 -1.000000 0.000000
vn -0.272662 -0.470588 -0.839168
vn 0.000000 -1.000000 0.000000
vn -0.272662 -0.470588 0.839168
vn 0.000000 -1.000000 0.000000
vn -0.272662 0.470588 -0.839168
vn 0.000000 1.000000 0.000000
vn -0.272662 0.470588 0.839168
vn 0.000000 1.000000 0.000000
vn -0.272662 0.470588 -0.839168
vn 0.000000 1.000000 0.000000
vn -0.272662 0.470588 0.839168
vn 0.000000 1.000000 0.000000
vn 0.000000 -1.000000 0.000000
vn 0.000000 -1.000000 0.000000
vn 0.000000 -0.707107 -0.707107
vn 0.000000 -0.707107 0.707107
vn 0.000000 -0.707107 -0.707107
vn 0.000000 -0.707107 0.707107
vn 0.000000 0.000000 -1.000000
vn 0.000000 0.000000 1.000000
vn 0.000000 0.000000 1.000000
vn 0.000000 0.000000 -1.000000
vn 0.000000 0.000000 1.000000
vn 0.000000 0.000000 1.000000
vn 0.000000 0.707107 -0.707107
vn 0.000000 0.707107 0.707107
vn 0.000000 0.707107 -0.707107
vn 0.000000 0.707107 0.707107
vn 0.000000 1.000000 0.000000
vn 0.000000 1.000000 0.000000
vn 0.000000 -1.000000 0.000000
vn 0.000000 -0.470588 -0.882353
vn 0.000000 -1.000000 0.000000
vn 0.000000 -1.000000 0.000000
vn 0.000000 -0.470588 0.882353
vn 0.000000 -1.000000 0.000000
vn 0.000000 -0.470588 -0.882353
vn 0.000000 -1.000000 0.000000
vn 0.000000 -1.000000 0.000000
vn 0.000000 -0.470588 0.882353
vn 0.000000 -0.242536 -0.970142
vn 0.000000 -0.242536 0.970142
vn 0.000000 -0.242536 -0.970142
vn 0.000000 -0.242536 0.970142
vn 0.000000 -1.000000 0.000000
vn 0.000000 -1.000000 0.000000
vn 0.000000 -0.707107 -0.707107
vn 0.000000 -0.707107 0.707107
vn 0.000000 -0.707107 -0.707107
vn 0.000000 -0.707107 0.707107
vn 0.000000 0.000000 -1.000000
vn 0.000000 0.000000 1.000000
vn 0.000000 0.000000 1.000000
vn 0.000000 0.000000 -1.000000
vn 0.000000 0.000000 1.000000
vn 0.000000 0.000000 1.000000
vn 0.000000 0.707107 -0.707107
vn 0.000000 0.707107 0.707107
vn 0.000000 0.707107 -0.707107
vn 0.000000 0.707107 0.707107
vn 0.000000 1.000000 0.000000
vn 0.000000 1.000000 0.000000
vn 0.000000 -1.000000 0.000000
vn 0.000000 -1.000000 0.000000
vn 0.000000 -0.707107 -0.707107
vn 0.000000 -0.707107 0.707107
vn 0.000000 -0.707107 -0.707107
vn 0.000000 -0.707107 0.707107
vn 0.000000 0.242536 -0.970142
vn 0.000000 0.242536 0.970142
vn 0.000000 0.242536 -0.970142
vn 0.000000 0.242536 0.970142
vn 0.000000 0.470588 -0.882353
vn 0.000000 1.000000 0.000000
vn 0.000000 0.000000 -1.000000
vn 0.000000 1.000000 0.000000
vn 0.000000 0.000000 1.000000
vn 0.000000 0.000000 1.000000
vn 0.000000 0.470588 0.882353
vn 0.000000 1.000000 0.000000
vn 0.000000 0.470588 -0.882353
vn 0.000000 1.000000 0.000000
vn 0.000000 0.000000 -1.000000
vn 0.000000 1.000000 0.000000
vn 0.000000 0.000000 1.000000
vn 0.000000 0.000000 1.000000
vn 0.000000 0.470588 0.882353
vn 0.000000 1.000000 0.000000
vn 0.000000 0.707107 -0.707107
vn 0.000000 0.707107 0.707107
vn 0.000000 0.707107 -0.707107
vn 0.000000 0.707107 0.707107
vn 0.000000 1.000000 0.000000
vn 0.000000 1.000000 0.000000
vn 0.000000 -1.000000 0.000000
vn 0.272662 -0.470588 -0.839168
vn 0.000000 -1.000000 0.000000
vn 0.272662 -0.470588 0.839168
vn 0.000000 -1.000000 0.000000
vn 0.272662 -0.470588 -0.839168
vn 0.000000 -1.000000 0.000000
vn 0.272662 -0.470588 0.839168
vn 0.000000 1.000000 0.000000
vn 0.272662 0.470588 -0.839168
vn 0.000000 1.000000 0.000000
vn 0.272662 0.470588 0.839168
vn 0.000000 1.000000 0.000000
vn 0.272662 0.470588 -0.839168
vn 0.000000 1.000000 0.000000
vn 0.272662 0.470588 0.839168
vn 0.299791 -0.242536 -0.922660
vn 0.299791 -0.242536 0.922660
vn 0.299791 -0.242536 -0.922660
vn 0.299791 -0.242536 0.922660
vn 0.299791 0.242536 -0.922660
vn 0.299791 0.242536 0.922660
vn 0.299791 0.242536 -0.922660
vn 0.299791 0.242536 0.922660
vn 0.000000 -1.000000 0.000000
vn 0.518634 -0.470588 -0.713839
vn 0.000000 -1.000000 0.000000
vn 0.518634 -0.470588 0.713839
vn 0.000000 -1.000000 0.000000
vn 0.518634 -0.470588 -0.713839
vn 0.000000 -1.000000 0.000000
vn 0.518634 -0.470588 0.713839
vn 0.000000 1.000000 0.000000
vn 0.518634 0.470588 -0.713839
vn 0.000000 1.000000 0.000000
vn 0.518634 0.470588 0.713839
vn 0.000000 1.000000 0.000000
vn 0.518634 0.470588 -0.713839
vn 0.000000 1.000000 0.000000
vn 0.518634 0.470588 0.713839
vn 0.570235 -0.242536 -0.784862
vn 0.570235 -0.242536 0.784862
vn 0.570235 -0.242536 -0.784862
vn 0.570235 -0.242536 0.784862
vn 0.570235 0.242536 -0.784862
vn 0.570235 0.242536 0.784862
vn 0.570235 0.242536 -0.784862
vn 0.570235 0.242536 0.784862
vn 0.000000 -1.000000 0.000000
vn 0.713839 -0.470588 -0.518634
vn 0.000000 -1.000000 0.000000
vn 0.713839 -0.470588 0.518634
vn 0.000000 -1.000000 0.000000
vn 0.713839 -0.470588 -0.518634
vn 0.000000 -1.000000 0.000000
vn 0.713839 -0.470588 0.518634
vn 0.000000 1.000000 0.000000
vn 0.713839 0.470588 -0.518634
vn 0.000000 1.000000 0.000000
vn 0.713839 0.470588 0.518634
vn 0.000000 1.000000 0.000000
vn 0.713839 0.470588 -0.518634
vn 0.000000 1.000000 0.000000
vn 0.713839 0.470588 0.518634
vn 0.784862 -0.242536 -0.570235
vn 0.784862 -0.242536 0.570235
vn 0.784862 -0.242536 -0.570235
vn 0.784862 -0.242536 0.570235
vn 0.784862 0.242536 -0.570235
vn 0.784862 0.242536 0.570235
vn 0.784862 0.242536 -0.570235
vn 0.784862 0.242536 0.570235
vn 0.000000 -1.000000 0.000000
vn 0.839168 -0.470588 -0.272662
vn 0.000000 -1.000000 0.000000
vn 0.839168 -0.470588 0.272662
vn 0.000000 -1.000000 0.000000
vn 0.839168 -0.470588 -0.272662
vn 0.000000 -1.000000 0.000000
vn 0.839168 -0.470588 0.272662
vn 0.000000 1.000000 0.000000
vn 0.839168 0.470588 -0.272662
vn 0.000000 1.000000 0.000000
vn 0.839168 0.470588 0.272662
vn 0.000000 1.000000 0.000000
vn 0.839168 0.470588 -0.272662
vn 0.000000 1.000000 0.000000
vn 0.839168 0.470588 0.272662
vn 0.000000 -1.000000 0.000000
vn 0.882353 -0.470588 0.000000
vn 0.882353 -0.470588 0.000000
vn 0.000000 -1.000000 0.000000
vn 0.882353 -0.470588 0.000000
vn 0.882353 -0.470588 0.000000
vn 0.000000 1.000000 0.000000
vn 0.882353 0.470588 0.000000
vn 0.882353 0.470588 0.000000
vn 0.000000 1.000000 0.000000
vn 0.882353 0.470588 0.000000
vn 0.882353 0.470588 0.000000
vn 0.922660 -0.242536 -0.299791
vn 0.922660 -0.242536 0.299791
vn 0.922660 -0.242536 -0.299791
vn 0.922660 -0.242536 0.299791
vn 0.922660 0.242536 -0.299791
vn 0.922660 0.242536 0.299791
vn 0.922660 0.242536 -0.299791
vn 0.922660 0.242536 0.299791
vn 0.111880 -0.993537 -0.019146
vn 0.111880 -0.993537 -0.019146
vn 0.111880 -0.993537 -0.019146
vn 0.112395 -0.993617 0.009667
vn 0.112395 -0.993617 0.009667
vn 0.112395 -0.993617 0.009667
vn 0.112334 -0.100871 -0.988537
vn 0.112334 -0.100871 0.988537
vn 0.111046 0.180963 -0.977201
vn 0.111046 0.180963 0.977201
vn 0.060129 0.998138 -0.010290
vn 0.060129 0.998138 -0.010290
vn 0.060129 0.998138 -0.010290
vn 0.197584 0.980139 0.016994
vn 0.197584 0.980139 0.016994
vn 0.197584 0.980139 0.016994
vn 0.970142 -0.242536 0.000000
vn 0.970142 -0.242536 0.000000
vn 0.970142 -0.242536 0.000000
vn 0.970142 -0.242536 0.000000
vn 0.970142 0.242536 0.000000
vn 0.970142 0.242536 0.000000
vn 0.970142 0.242536 0.000000
vn 0.970142 0.242536 0.000000
vn 0.954748 -0.297300 -0.008318
vn 0.954748 -0.297300 -0.008318
vn 0.994770 -0.101979 0.005677
vn 0.994770 -0.101979 0.005677
vn 0.983377 0.181341 -0.009208
vn 0.983377 0.181341 -0.009208
vn 0.983389 0.180592 0.018245
vn 0.983389 0.180592 0.018245
vn -0.961068 -0.275904 -0.014998
vn -0.961068 -0.275904 -0.014998
vn -0.996638 -0.081285 0.010255
vn -0.996638 -0.081285 0.010255
vn -0.979369 0.202018 -0.005095
vn -0.979369 0.202018 -0.005095
vn -0.979331 0.202010 0.010136
vn -0.979331 0.202010 0.010136
vn -0.080681 -0.996725 -0.005482
vn -0.080681 -0.996725 -0.005482
vn -0.219023 -0.975677 0.009081
vn -0.219023 -0.975677 0.009081
vn -0.219023 -0.975677 0.009081
vn -0.098882 -0.284214 -0.953648
vn -0.098882 -0.284214 0.953648
vn -0.098555 0.174962 -0.979630
vn -0.098555 0.174962 0.979630
vn -0.092703 0.995641 -0.010243
vn -0.092703 0.995641 -0.010243
vn -0.092707 0.995680 0.005148
vn -0.092707 0.995680 0.005148
vn -0.092707 0.995680 0.005148
vn -0.020562 -0.999789 0.000000
vn -0.020562 -0.999789 0.000000
vn -0.014540 -0.706957 -0.707107
vn -0.014540 -0.706957 0.707107
vn -0.014540 -0.706957 -0.707107
vn -0.014540 -0.706957 0.707107
vn -0.020562 -0.999789 0.000000
vn -0.020562 -0.999789 0.000000
vn -0.020562 -0.999789 0.000000
vn -0.020562 -0.999789 0.000000
vn -0.014540 -0.706957 -0.707107
vn -0.014540 -0.706957 0.707107
vn -0.014540 -0.706957 -0.707107
vn -0.014540 -0.706957 0.707107
vn -0.014540 -0.706957 -0.707107
vn -0.014540 -0.706957 0.707107
vn -0.014540 -0.706957 -0.707107
vn -0.014540 -0.706957 0.707107
vn 0.000000 0.000000 -1.000000
vn 0.000000 0.000000 1.000000
vn 0.000000 0.000000 1.000000
vn 0.000000 0.000000 -1.000000
vn 0.000000 0.000000 1.000000
vn 0.000000 0.000000 1.000000
vn 0.000000 0.000000 -1.000000
vn 0.000000 0.000000 1.000000
vn 0.000000 0.000000 1.000000
vn 0.000000 0.000000 -1.000000
vn 0.000000 0.000000 1.000000
vn 0.000000 0.000000 1.000000
vn 0.000000 0.000000 -1.000000
vn 0.000000 0.000000 1.000000
vn 0.000000 0.000000 1.000000
vn 0.000000 0.000000 -1.000000
vn 0.000000 0.000000 1.000000
vn 0.000000 0.000000 1.000000
vn 0.014540 0.706957 -0.707107
vn 0.014540 0.706957 0.707107
vn 0.014540 0.706957 -0.707107
vn 0.014540 0.706957 0.707107
vn 0.014540 0.706957 -0.707107
vn 0.014540 0.706957 0.707107
vn 0.014540 0.706957 -0.707107
vn 0.014540 0.706957 0.707107
vn 0.020562 0.999789 0.000000
vn 0.020562 0.999789 0.000000
vn 0.020562 0.999789 0.000000
vn 0.020562 0.999789 0.000000
vn 0.014540 0.706957 -0.707107
vn 0.014540 0.706957 0.707107
vn 0.014540 0.706957 -0.707107
vn 0.014540 0.706957 0.707107
vn 0.020562 0.999789 0.000000
vn 0.020562 0.999789 0.000000
vn 0.091679 -0.995605 -0.019146
vn 0.091679 -0.995605 -0.019146
vn 0.091679 -0.995605 -0.019146
vn 0.092193 -0.995694 0.009667
vn 0.092193 -0.995694 0.009667
vn 0.092193 -0.995694 0.009667
vn 0.110262 -0.103132 -0.988537
vn 0.110262 -0.103132 0.988537
vn 0.114698 0.178671 -0.977201
vn 0.114698 0.178671 0.977201
vn 0.080387 0.996711 -0.010290
vn 0.080387 0.996711 -0.010290
vn 0.080387 0.996711 -0.010290
vn 0.217448 0.975924 0.016994
vn 0.217448 0.975924 0.016994
vn 0.217448 0.975924 0.016994
vn 0.948513 -0.316628 -0.008318
vn 0.948513 -0.316628 -0.008318
vn 0.992494 -0.122160 0.005677
vn 0.992494 -0.122160 0.005677
vn 0.986857 0.161333 -0.009208
vn 0.986857 0.161333 -0.009208
vn 0.986854 0.160584 0.018245
vn 0.986854 0.160584 0.018245
vn -0.966469 -0.256345 -0.014998
vn -0.966469 -0.256345 -0.014998
vn -0.998082 -0.061045 0.010255
vn -0.998082 -0.061045 0.010255
vn -0.975068 0.221849 -0.005095
vn -0.975068 0.221849 -0.005095
vn -0.975030 0.221841 0.010136
vn -0.975030 0.221841 0.010136
vn -0.100890 -0.994882 -0.005482
vn -0.100890 -0.994882 -0.005482
vn -0.238776 -0.971032 0.009081
vn -0.238776 -0.971032 0.009081
vn -0.238776 -0.971032 0.009081
vn -0.104628 -0.282149 -0.953648
vn -0.104628 -0.282149 0.953648
vn -0.094985 0.176926 -0.979630
vn -0.094985 0.176926 0.979630
vn -0.072481 0.997317 -0.010243
vn -0.072481 0.997317 -0.010243
vn -0.072484 0.997356 0.005148
vn -0.072484 0.997356 0.005148
vn -0.072484 0.997356 0.005148
vn -0.041098 -0.999155 0.000000
vn -0.041098 -0.999155 0.000000
vn -0.029061 -0.706509 -0.707107
vn -0.029061 -0.706509 0.707107
vn -0.029061 -0.706509 -0.707107
vn -0.029061 -0.706509 0.707107
vn -0.041098 -0.999155 0.000000
vn -0.041098 -0.999155 0.000000
vn -0.041098 -0.999155 0.000000
vn -0.041098 -0.999155 0.000000
vn -0.029061 -0.706509 -0.707107
vn -0.029061 -0.706509 0.707107
vn -0.029061 -0.706509 -0.707107
vn -0.029061 -0.706509 0.707107
vn -0.029061 -0.706509 -0.707107
vn -0.029061 -0.706509 0.707107
vn -0.029061 -0.706509 -0.707107
vn -0.029061 -0.706509 0.707107
vn 0.000000 0.000000 -1.000000
vn 0.000000 0.000000 1.000000
vn 0.000000 0.000000 1.000000
vn 0.000000 0.000000 -1.000000
vn 0.000000 0.000000 1.000000
vn 0.000000 0.000000 1.000000
vn 0.000000 0.000000 -1.000000
vn 0.000000 0.000000 1.000000
vn 0.000000 0.000000 1.000000
vn 0.000000 0.000000 -1.000000
vn 0.000000 0.000000 1.000000
vn 0.000000 0.000000 1.000000
vn 0.000000 0.000000 -1.000000
vn 0.000000 0.000000 1.000000
vn 0.000000 0.000000 1.000000
vn 0.000000 0.000000 -1.000000
vn 0.000000 0.000000 1.000000
vn 0.000000 0.000000 1.000000
vn 0.029061 0.706509 -0.707107
vn 0.029061 0.706509 0.707107
vn 0.029061 0.706509 -0.707107
vn 0.029061 0.706509 0.707107
vn 0.029061 0.706509 -0.707107
vn 0.029061 0.706509 0.707107
vn 0.029061 0.706509 -0.707107
vn 0.029061 0.706509 0.707107
vn 0.041098 0.999155 0.000000
vn 0.041098 0.999155 0.000000
vn 0.041098 0.999155 0.000000
vn 0.041098 0.999155 0.000000
vn 0.029061 0.706509 -0.707107
vn 0.029061 0.706509 0.707107
vn 0.029061 0.706509 -0.707107
vn 0.029061 0.706509 0.707107
vn 0.041098 0.999155 0.000000
vn 0.041098 0.999155 0.000000
vn 0.071458 -0.997260 -0.019146
vn 0.071458 -0.997260 -0.019146
vn 0.071458 -0.997260 -0.019146
vn 0.071970 -0.997360 0.009667
vn 0.071970 -0.997360 0.009667
vn 0.071970 -0.997360 0.009667
vn 0.108147 -0.105348 -0.988537
vn 0.108147 -0.105348 0.988537
vn 0.118300 0.176306 -0.977201
vn 0.118300 0.176306 0.977201
vn 0.100595 0.994874 -0.010290
vn 0.100595 0.994874 -0.010290
vn 0.100595 0.994874 -0.010290
vn 0.237206 0.971311 0.016994
vn 0.237206 0.971311 0.016994
vn 0.237206 0.971311 0.016994
vn 0.941893 -0.335809 -0.008318
vn 0.941893 -0.335809 -0.008318
vn 0.989811 -0.142274 0.005677
vn 0.989811 -0.142274 0.005677
vn -0.971464 -0.236714 -0.014998
vn -0.971464 -0.236714 -0.014998
vn -0.999114 -0.040813 0.010255
vn -0.999114 -0.040813 0.010255
vn 0.989928 0.141275 -0.009208
vn 0.989928 0.141275 -0.009208
vn 0.989909 0.140526 0.018245
vn 0.989909 0.140526 0.018245
vn -0.970373 0.241557 -0.005095
vn -0.970373 0.241557 -0.005095
vn -0.970336 0.241548 0.010136
vn -0.970336 0.241548 0.010136
vn -0.121023 -0.992635 -0.005482
vn -0.121023 -0.992635 -0.005482
vn -0.258398 -0.965996 0.009081
vn -0.258398 -0.965996 0.009081
vn -0.258398 -0.965996 0.009081
vn -0.110323 -0.279971 -0.953648
vn -0.110323 -0.279971 0.953648
vn -0.091381 0.178814 -0.979630
vn -0.091381 0.178814 0.979630
vn -0.052262 0.998581 -0.010243
vn -0.052262 0.998581 -0.010243
vn -0.052264 0.998620 0.005148
vn -0.052264 0.998620 0.005148
vn -0.052264 0.998620 0.005148
vn -0.061582 -0.998102 0.000000
vn -0.061582 -0.998102 0.000000
vn -0.043545 -0.705765 -0.707107
vn -0.043545 -0.705765 0.707107
vn -0.043545 -0.705765 -0.707107
vn -0.043545 -0.705765 0.707107
vn -0.061582 -0.998102 0.000000
vn -0.061582 -0.998102 0.000000
vn -0.061582 -0.998102 0.000000
vn -0.061582 -0.998102 0.000000
vn -0.043545 -0.705765 -0.707107
vn -0.043545 -0.705765 0.707107
vn -0.043545 -0.705765 -0.707107
vn -0.043545 -0.705765 0.707107
vn -0.043545 -0.705765 -0.707107
vn -0.043545 -0.705765 0.707107
vn -0.043545 -0.705765 -0.707107
vn -0.043545 -0.705765 0.707107
vn 0.000000 0.000000 -1.000000
vn 0.000000 0.000000 1.000000
vn 0.000000 0.000000 1.000000
vn 0.000000 0.000000 -1.000000
vn 0.000000 0.000000 1.000000
vn 0.000000 0.000000 1.000000
vn 0.000000 0.000000 -1.000000
vn 0.000000 0.000000 1.000000
vn 0.000000 0.000000 1.000000
vn 0.000000 0.000000 -1.000000
vn 0.000000 0.000000 1.000000
vn 0.000000 0.000000 1.000000
vn 0.000000 0.000000 -1.000000
vn 0.000000 0.000000 1.000000
vn 0.000000 0.000000 1.000000
vn 0.000000 0.000000 -1.000000
vn 0.000000 0.000000 1.000000
vn 0.000000 0.000000 1.000000
vn 0.043545 0.705765 -0.707107
vn 0.043545 0.705765 0.707107
vn 0.043545 0.705765 -0.707107
vn 0.043545 0.705765 0.707107
vn 0.043545 0.705765 -0.707107
vn 0.043545 0.705765 0.707107
vn 0.043545 0.705765 -0.707107
vn 0.043545 0.705765 0.707107
vn 0.061582 0.998102 0.000000
vn 0.061582 0.998102 0.000000
vn 0.061582 0.998102 0.000000
vn 0.061582 0.998102 0.000000
vn 0.043545 0.705765 -0.707107
vn 0.043545 0.705765 0.707107
vn 0.043545 0.705765 -0.707107
vn 0.043545 0.705765 0.707107
vn 0.061582 0.998102 0.000000
vn 0.061582 0.998102 0.000000
vn 0.051241 -0.998503 -0.019146
vn 0.051241 -0.998503 -0.019146
vn 0.051241 -0.998503 -0.019146
vn 0.051750 -0.998613 0.009667
vn 0.051750 -0.998613 0.009667
vn 0.051750 -0.998613 0.009667
vn 0.105990 -0.107517 -0.988537
vn 0.105990 -0.107517 0.988537
vn 0.121847 0.173874 -0.977201
vn 0.121847 0.173874 0.977201
vn 0.120729 0.992632 -0.010290
vn 0.120729 0.992632 -0.010290
vn 0.120729 0.992632 -0.010290
vn 0.256835 0.966306 0.016994
vn 0.256835 0.966306 0.016994
vn 0.256835 0.966306 0.016994
vn 0.934897 -0.354821 -0.008318
vn 0.934897 -0.354821 -0.008318
vn 0.986726 -0.162297 0.005677
vn 0.986726 -0.162297 0.005677
vn -0.976049 -0.217034 -0.014998
vn -0.976049 -0.217034 -0.014998
vn -0.999735 -0.020614 0.010255
vn -0.999735 -0.020614 0.010255
vn 0.992586 0.121192 -0.009208
vn 0.992586 0.121192 -0.009208
vn 0.992553 0.120443 0.018245
vn 0.992553 0.120443 0.018245
vn -0.965294 0.261117 -0.005095
vn -0.965294 0.261117 -0.005095
vn -0.965257 0.261107 0.010136
vn -0.965257 0.261107 0.010136
vn -0.141058 -0.989986 -0.005482
vn -0.141058 -0.989986 -0.005482
vn -0.277866 -0.960577 0.009081
vn -0.277866 -0.960577 0.009081
vn -0.277866 -0.960577 0.009081
vn -0.115958 -0.277685 -0.953648
vn -0.115958 -0.277685 0.953648
vn -0.087749 0.180624 -0.979630
vn -0.087749 0.180624 0.979630
vn -0.032072 0.999433 -0.010243
vn -0.032072 0.999433 -0.010243
vn -0.032073 0.999472 0.005148
vn -0.032073 0.999472 0.005148
vn -0.032073 0.999472 0.005148
vn -0.081989 -0.996633 0.000000
vn -0.081989 -0.996633 0.000000
vn -0.057975 -0.704726 -0.707107
vn -0.057975 -0.704726 0.707107
vn -0.057975 -0.704726 -0.707107
vn -0.057975 -0.704726 0.707107
vn -0.081989 -0.996633 0.000000
vn -0.081989 -0.996633 0.000000
vn -0.081989 -0.996633 0.000000
vn -0.081989 -0.996633 0.000000
vn -0.057975 -0.704726 -0.707107
vn -0.057975 -0.704726 0.707107
vn -0.057975 -0.704726 -0.707107
vn -0.057975 -0.704726 0.707107
vn -0.057975 -0.704726 -0.707107
vn -0.057975 -0.704726 0.707107
vn -0.057975 -0.704726 -0.707107
vn -0.057975 -0.704726 0.707107
vn 0.000000 0.000000 -1.000000
vn 0.000000 0.000000 1.000000
vn 0.000000 0.000000 1.000000
vn 0.000000 0.000000 -1.000000
vn 0.000000 0.000000 1.000000
vn 0.000000 0.000000 1.000000
vn 0.000000 0.000000 -1.000000
vn 0.000000 0.000000 1.000000
vn 0.000000 0.000000 1.000000
vn 0.000000 0.000000 -1.000000
vn 0.000000 0.000000 1.000000
vn 0.000000 0.000000 1.000000
vn 0.000000 0.000000 -1.000000
vn 0.000000 0.000000 1.000000
vn 0.000000 0.000000 1.000000
vn 0.000000 0.000000 -1.000000
vn 0.000000 0.000000 1.000000
vn 0.000000 0.000000 1.000000
vn 0.057975 0.704726 -0.707107
vn 0.057975 0.704726 0.707107
vn 0.057975 0.704726 -0.707107
vn 0.057975 0.704726 0.707107
vn 0.057975 0.704726 -0.707107
vn 0.057975 0.704726 0.707107
vn 0.057975 0.704726 -0.707107
vn 0.057975 0.704726 0.707107
vn 0.081989 0.996633 0.000000
vn 0.081989 0.996633 0.000000
vn 0.081989 0.996633 0.000000
vn 0.081989 0.996633 0.000000
vn 0.057975 0.704726 -0.707107
vn 0.057975 0.704726 0.707107
vn 0.057975 0.704726 -0.707107
vn 0.057975 0.704726 0.707107
vn 0.081989 0.996633 0.000000
vn 0.081989 0.996633 0.000000
vn 0.031052 -0.999334 -0.019146
vn 0.031052 -0.999334 -0.019146
vn 0.031052 -0.999334 -0.019146
vn 0.031559 -0.999455 0.009667
vn 0.031559 -0.999455 0.009667
vn 0.031559 -0.999455 0.009667
vn 0.103796 -0.109637 -0.988537
vn 0.103796 -0.109637 0.988537
vn 0.125336 0.171376 -0.977201
vn 0.125336 0.171376 0.977201
vn 0.140764 0.989990 -0.010290
vn 0.140764 0.989990 -0.010290
vn 0.140764 0.989990 -0.010290
vn 0.276310 0.960918 0.016994
vn 0.276310 0.960918 0.016994
vn 0.276310 0.960918 0.016994
vn 0.927536 -0.373642 -0.008318
vn 0.927536 -0.373642 -0.008318
vn 0.983244 -0.182204 0.005677
vn 0.983244 -0.182204 0.005677
vn -0.980222 -0.197330 -0.014998
vn -0.980222 -0.197330 -0.014998
vn -0.999947 -0.000473 0.010255
vn -0.999947 -0.000473 0.010255
vn 0.994833 0.101109 -0.009208
vn 0.994833 0.101109 -0.009208
vn 0.994784 0.100361 0.018245
vn 0.994784 0.100361 0.018245
vn -0.959838 0.280507 -0.005095
vn -0.959838 0.280507 -0.005095
vn -0.959802 0.280496 0.010136
vn -0.959802 0.280496 0.010136
vn -0.160970 -0.986944 -0.005482
vn -0.160970 -0.986944 -0.005482
vn -0.297158 -0.954785 0.009081
vn -0.297158 -0.954785 0.009081
vn -0.297158 -0.954785 0.009081
vn -0.121528 -0.275293 -0.953648
vn -0.121528 -0.275293 0.953648
vn -0.084093 0.182355 -0.979630
vn -0.084093 0.182355 0.979630
vn -0.011935 0.999876 -0.010243
vn -0.011935 0.999876 -0.010243
vn -0.011935 0.999916 0.005148
vn -0.011935 0.999916 0.005148
vn -0.011935 0.999916 0.005148
vn -0.970142 -0.242536 0.000000
vn -0.970142 -0.242536 0.000000
vn -0.970142 0.242536 0.000000
vn -0.970142 0.242536 0.000000
vn -0.922660 -0.242536 -0.299791
vn -0.922660 -0.242536 0.299791
vn -0.922660 -0.242536 -0.299791
vn -0.922660 -0.242536 0.299791
vn -0.922660 0.242536 -0.299791
vn -0.922660 0.242536 0.299791
vn -0.922660 0.242536 -0.299791
vn -0.922660 0.242536 0.299791
vn -0.882353 -0.470588 0.000000
vn 0.000000 -1.000000 0.000000
vn -0.882353 -0.470588 0.000000
vn 0.000000 -1.000000 0.000000
vn -0.882353 0.470588 0.000000
vn 0.000000 1.000000 0.000000
vn -0.882353 0.470588 0.000000
vn 0.000000 1.000000 0.000000
vn -0.839168 -0.470588 -0.272662
vn 0.000000 -1.000000 0.000000
vn -0.839168 -0.470588 0.272662
vn 0.000000 -1.000000 0.000000
vn -0.839168 -0.470588 -0.272662
vn 0.000000 -1.000000 0.000000
vn -0.839168 -0.470588 0.272662
vn 0.000000 -1.000000 0.000000
vn -0.839168 0.470588 -0.272662
vn 0.000000 1.000000 0.000000
vn -0.839168 0.470588 0.272662
vn 0.000000 1.000000 0.000000
vn -0.839168 0.470588 -0.272662
vn 0.000000 1.000000 0.000000
vn -0.839168 0.470588 0.272662
vn 0.000000 1.000000 0.000000
vn -0.784862 -0.242536 -0.570235
vn -0.784862 -0.242536 0.570235
vn -0.784862 -0.242536 -0.570235
vn -0.784862 -0.242536 0.570235
vn -0.784862 0.242536 -0.570235
vn -0.784862 0.242536 0.570235
vn -0.784862 0.242536 -0.570235
vn -0.784862 0.242536 0.570235
vn -0.713839 -0.470588 -0.518634
vn 0.000000 -1.000000 0.000000
vn -0.713839 -0.470588 0.518634
vn 0.000000 -1.000000 0.000000
vn -0.713839 -0.470588 -0.518634
vn 0.000000 -1.000000 0.000000
vn -0.713839 -0.470588 0.518634
vn 0.000000 -1.000000 0.000000
vn -0.713839 0.470588 -0.518634
vn 0.000000 1.000000 0.000000
vn -0.713839 0.470588 0.518634
vn 0.000000 1.000000 0.000000
vn -0.713839 0.470588 -0.518634
vn 0.000000 1.000000 0.000000
vn -0.713839 0.470588 0.518634
vn 0.000000 1.000000 0.000000
vn -0.570235 -0.242536 -0.784862
vn -0.570235 -0.242536 0.784862
vn -0.570235 -0.242536 -0.784862
vn -0.570235 -0.242536 0.784862
vn -0.570235 0.242536 -0.784862
vn -0.570235 0.242536 0.784862
vn -0.570235 0.242536 -0.784862
vn -0.570235 0.242536 0.784862
vn -0.518634 -0.470588 -0.713839
vn 0.000000 -1.000000 0.000000
vn -0.518634 -0.470588 0.713839
vn 0.000000 -1.000000 0.000000
vn -0.518634 -0.470588 -0.713839
vn 0.000000 -1.000000 0.000000
vn -0.518634 -0.470588 0.713839
vn 0.000000 -1.000000 0.000000
vn -0.518634 0.470588 -0.713839
vn 0.000000 1.000000 0.000000
vn -0.518634 0.470588 0.713839
vn 0.000000 1.000000 0.000000
vn -0.518634 0.470588 -0.713839
vn 0.000000 1.000000 0.000000
vn -0.518634 0.470588 0.713839
vn 0.000000 1.000000 0.000000
vn -0.102293 -0.994754 0.000000
vn -0.102293 -0.994754 0.000000
vn -0.072332 -0.703398 -0.707107
vn -0.072332 -0.703398 0.707107
vn -0.072332 -0.703398 -0.707107
vn -0.072332 -0.703398 0.707107
vn -0.102293 -0.994754 0.000000
vn -0.102293 -0.994754 0.000000
vn -0.102293 -0.994754 0.000000
vn -0.102293 -0.994754 0.000000
vn -0.072332 -0.703398 -0.707107
vn -0.072332 -0.703398 0.707107
vn -0.072332 -0.703398 -0.707107
vn -0.072332 -0.703398 0.707107
vn -0.072332 -0.703398 -0.707107
vn -0.072332 -0.703398 0.707107
vn -0.072332 -0.703398 -0.707107
vn -0.072332 -0.703398 0.707107
vn 0.000000 0.000000 -1.000000
vn 0.000000 0.000000 1.000000
vn 0.000000 0.000000 1.000000
vn 0.000000 0.000000 -1.000000
vn 0.000000 0.000000 1.000000
vn 0.000000 0.000000 1.000000
vn 0.000000 0.000000 -1.000000
vn 0.000000 0.000000 1.000000
vn 0.000000 0.000000 1.000000
vn 0.000000 0.000000 -1.000000
vn 0.000000 0.000000 1.000000
vn 0.000000 0.000000 1.000000
vn 0.000000 0.000000 -1.000000
vn 0.000000 0.000000 1.000000
vn 0.000000 0.000000 1.000000
vn 0.000000 0.000000 -1.000000
vn 0.000000 0.000000 1.000000
vn 0.000000 0.000000 1.000000
vn -0.299791 -0.242536 -0.922660
vn -0.299791 -0.242536 0.922660
vn -0.299791 -0.242536 -0.922660
vn -0.299791 -0.242536 0.922660
vn -0.299791 0.242536 -0.922660
vn -0.299791 0.242536 0.922660
vn -0.299791 0.242536 -0.922660
vn -0.299791 0.242536 0.922660
vn 0.072332 0.703398 -0.707107
vn 0.072332 0.703398 0.707107
vn 0.072332 0.703398 -0.707107
vn 0.072332 0.703398 0.707107
vn 0.072332 0.703398 -0.707107
vn 0.072332 0.703398 0.707107
vn 0.072332 0.703398 -0.707107
vn 0.072332 0.703398 0.707107
vn -0.272662 -0.470588 -0.839168
vn 0.000000 -1.000000 0.000000
vn -0.272662 -0.470588 0.839168
vn 0.000000 -1.000000 0.000000
vn -0.272662 -0.470588 -0.839168
vn 0.000000 -1.000000 0.000000
vn -0.272662 -0.470588 0.839168
vn 0.000000 -1.000000 0.000000
vn -0.272662 0.470588 -0.839168
vn 0.000000 1.000000 0.000000
vn -0.272662 0.470588 0.839168
vn 0.000000 1.000000 0.000000
vn -0.272662 0.470588 -0.839168
vn 0.000000 1.000000 0.000000
vn -0.272662 0.470588 0.839168
vn 0.000000 1.000000 0.000000
vn 0.102293 0.994754 0.000000
vn 0.102293 0.994754 0.000000
vn 0.102293 0.994754 0.000000
vn 0.102293 0.994754 0.000000
vn 0.072332 0.703398 -0.707107
vn 0.072332 0.703398 0.707107
vn 0.072332 0.703398 -0.707107
vn 0.072332 0.703398 0.707107
vn 0.102293 0.994754 0.000000
vn 0.102293 0.994754 0.000000
vn 0.000000 -1.000000 0.000000
vn 0.000000 -0.470588 -0.882353
vn 0.000000 -1.000000 0.000000
vn 0.000000 -1.000000 0.000000
vn 0.000000 -0.470588 0.882353
vn 0.000000 -1.000000 0.000000
vn 0.000000 -0.470588 -0.882353
vn 0.000000 -1.000000 0.000000
vn 0.000000 -1.000000 0.000000
vn 0.000000 -0.470588 0.882353
vn 0.000000 -0.242536 -0.970142
vn 0.000000 -0.242536 0.970142
vn 0.000000 -0.242536 -0.970142
vn 0.000000 -0.242536 0.970142
vn 0.000000 0.242536 -0.970142
vn 0.000000 0.242536 0.970142
vn 0.000000 0.242536 -0.970142
vn 0.000000 0.242536 0.970142
vn 0.000000 0.470588 -0.882353
vn 0.000000 1.000000 0.000000
vn 0.000000 1.000000 0.000000
vn 0.000000 0.470588 0.882353
vn 0.000000 1.000000 0.000000
vn 0.000000 0.470588 -0.882353
vn 0.000000 1.000000 0.000000
vn 0.000000 1.000000 0.000000
vn 0.000000 0.470588 0.882353
vn 0.000000 1.000000 0.000000
vn 0.000000 -1.000000 0.000000
vn 0.272662 -0.470588 -0.839168
vn 0.000000 -1.000000 0.000000
vn 0.272662 -0.470588 0.839168
vn 0.000000 -1.000000 0.000000
vn 0.272662 -0.470588 -0.839168
vn 0.000000 -1.000000 0.000000
vn 0.272662 -0.470588 0.839168
vn 0.000000 1.000000 0.000000
vn 0.272662 0.470588 -0.839168
vn 0.000000 1.000000 0.000000
vn 0.272662 0.470588 0.839168
vn 0.000000 1.000000 0.000000
vn 0.272662 0.470588 -0.839168
vn 0.000000 1.000000 0.000000
vn 0.272662 0.470588 0.839168
vn 0.299791 -0.242536 -0.922660
vn 0.299791 -0.242536 0.922660
vn 0.299791 -0.242536 -0.922660
vn 0.299791 -0.242536 0.922660
vn 0.299791 0.242536 -0.922660
vn 0.299791 0.242536 0.922660
vn 0.299791 0.242536 -0.922660
vn 0.299791 0.242536 0.922660
vn 0.010917 -0.999757 -0.019146
vn 0.010917 -0.999757 -0.019146
vn 0.010917 -0.999757 -0.019146
vn 0.011422 -0.999888 0.009667
vn 0.011422 -0.999888 0.009667
vn 0.011422 -0.999888 0.009667
vn 0.101567 -0.111705 -0.988537
vn 0.101567 -0.111705 0.988537
vn 0.128762 0.168817 -0.977201
vn 0.128762 0.168817 0.977201
vn 0.000000 -1.000000 0.000000
vn 0.518634 -0.470588 -0.713839
vn 0.000000 -1.000000 0.000000
vn 0.518634 -0.470588 0.713839
vn 0.000000 -1.000000 0.000000
vn 0.518634 -0.470588 -0.713839
vn 0.000000 -1.000000 0.000000
vn 0.518634 -0.470588 0.713839
vn 0.000000 1.000000 0.000000
vn 0.518634 0.470588 -0.713839
vn 0.000000 1.000000 0.000000
vn 0.518634 0.470588 0.713839
vn 0.000000 1.000000 0.000000
vn 0.518634 0.470588 -0.713839
vn 0.000000 1.000000 0.000000
vn 0.518634 0.470588 0.713839
vn 0.160676 0.986954 -0.010290
vn 0.160676 0.986954 -0.010290
vn 0.160676 0.986954 -0.010290
vn 0.295608 0.955158 0.016994
vn 0.295608 0.955158 0.016994
vn 0.295608 0.955158 0.016994
vn 0.570235 -0.242536 -0.784862
vn 0.570235 -0.242536 0.784862
vn 0.570235 -0.242536 -0.784862
vn 0.570235 -0.242536 0.784862
vn 0.570235 0.242536 -0.784862
vn 0.570235 0.242536 0.784862
vn 0.570235 0.242536 -0.784862
vn 0.570235 0.242536 0.784862
vn 0.919822 -0.392248 -0.008318
vn 0.919822 -0.392248 -0.008318
vn 0.979375 -0.201972 0.005677
vn 0.979375 -0.201972 0.005677
vn -0.983984 -0.177627 -0.014998
vn -0.983984 -0.177627 -0.014998
vn -0.999756 0.019586 0.010255
vn -0.999756 0.019586 0.010255
vn 0.000000 -1.000000 0.000000
vn 0.713839 -0.470588 -0.518634
vn 0.000000 -1.000000 0.000000
vn 0.713839 -0.470588 0.518634
vn 0.000000 -1.000000 0.000000
vn 0.713839 -0.470588 -0.518634
vn 0.000000 -1.000000 0.000000
vn 0.713839 -0.470588 0.518634
vn 0.000000 1.000000 0.000000
vn 0.713839 0.470588 -0.518634
vn 0.000000 1.000000 0.000000
vn 0.713839 0.470588 0.518634
vn 0.000000 1.000000 0.000000
vn 0.713839 0.470588 -0.518634
vn 0.000000 1.000000 0.000000
vn 0.713839 0.470588 0.518634
vn 0.996667 0.081050 -0.009208
vn 0.996667 0.081050 -0.009208
vn 0.996603 0.080304 0.018245
vn 0.996603 0.080304 0.018245
vn 0.784862 -0.242536 -0.570235
vn 0.784862 -0.242536 0.570235
vn 0.784862 -0.242536 -0.570235
vn 0.784862 -0.242536 0.570235
vn 0.784862 0.242536 -0.570235
vn 0.784862 0.242536 0.570235
vn 0.784862 0.242536 -0.570235
vn 0.784862 0.242536 0.570235
vn -0.954018 0.299705 -0.005095
vn -0.954018 0.299705 -0.005095
vn -0.953982 0.299694 0.010136
vn -0.953982 0.299694 0.010136
vn 0.000000 -1.000000 0.000000
vn 0.839168 -0.470588 -0.272662
vn 0.000000 -1.000000 0.000000
vn 0.839168 -0.470588 0.272662
vn 0.000000 -1.000000 0.000000
vn 0.839168 -0.470588 -0.272662
vn 0.000000 -1.000000 0.000000
vn 0.839168 -0.470588 0.272662
vn 0.000000 1.000000 0.000000
vn 0.839168 0.470588 -0.272662
vn 0.000000 1.000000 0.000000
vn 0.839168 0.470588 0.272662
vn 0.000000 1.000000 0.000000
vn 0.839168 0.470588 -0.272662
vn 0.000000 1.000000 0.000000
vn 0.839168 0.470588 0.272662
vn 0.000000 -1.000000 0.000000
vn 0.882353 -0.470588 0.000000
vn 0.882353 -0.470588 0.000000
vn 0.000000 -1.000000 0.000000
vn 0.882353 -0.470588 0.000000
vn 0.882353 -0.470588 0.000000
vn 0.000000 1.000000 0.000000
vn 0.882353 0.470588 0.000000
vn 0.882353 0.470588 0.000000
vn 0.000000 1.000000 0.000000
vn 0.882353 0.470588 0.000000
vn 0.882353 0.470588 0.000000
vn -0.180736 -0.983516 -0.005482
vn -0.180736 -0.983516 -0.005482
vn -0.316251 -0.948632 0.009081
vn -0.316251 -0.948632 0.009081
vn -0.316251 -0.948632 0.009081
vn 0.922660 -0.242536 -0.299791
vn 0.922660 -0.242536 0.299791
vn 0.922660 -0.242536 -0.299791
vn 0.922660 -0.242536 0.299791
vn 0.922660 0.242536 -0.299791
vn 0.922660 0.242536 0.299791
vn 0.922660 0.242536 -0.299791
vn 0.922660 0.242536 0.299791
vn -0.127026 -0.272800 -0.953648
vn -0.127026 -0.272800 0.953648
vn 0.970142 -0.242536 0.000000
vn 0.970142 -0.242536 0.000000
vn 0.970142 -0.242536 0.000000
vn 0.970142 -0.242536 0.000000
vn 0.970142 0.242536 0.000000
vn 0.970142 0.242536 0.000000
vn 0.970142 0.242536 0.000000
vn 0.970142 0.242536 0.000000
vn -0.080418 0.184005 -0.979630
vn -0.080418 0.184005 0.979630
vn 0.008125 0.999915 -0.010243
vn 0.008125 0.999915 -0.010243
vn 0.008126 0.999954 0.005148
vn 0.008126 0.999954 0.005148
vn 0.008126 0.999954 0.005148
vn -0.122470 -0.992472 0.000000
vn -0.122470 -0.992472 0.000000
vn -0.086599 -0.701784 -0.707107
vn -0.086599 -0.701784 0.707107
vn -0.086599 -0.701784 -0.707107
vn -0.086599 -0.701784 0.707107
vn -0.122470 -0.992472 0.000000
vn -0.122470 -0.992472 0.000000
vn -0.122470 -0.992472 0.000000
vn -0.122470 -0.992472 0.000000
vn -0.086599 -0.701784 -0.707107
vn -0.086599 -0.701784 0.707107
vn -0.086599 -0.701784 -0.707107
vn -0.086599 -0.701784 0.707107
vn -0.086599 -0.701784 -0.707107
vn -0.086599 -0.701784 0.707107
vn -0.086599 -0.701784 -0.707107
vn -0.086599 -0.701784 0.707107
vn 0.000000 0.000000 -1.000000
vn 0.000000 0.000000 1.000000
vn 0.000000 0.000000 1.000000
vn 0.000000 0.000000 -1.000000
vn 0.000000 0.000000 1.000000
vn 0.000000 0.000000 1.000000
vn 0.000000 0.000000 -1.000000
vn 0.000000 0.000000 1.000000
vn 0.000000 0.000000 1.000000
vn 0.000000 0.000000 -1.000000
vn 0.000000 0.000000 1.000000
vn 0.000000 0.000000 1.000000
vn 0.000000 0.000000 -1.000000
vn 0.000000 0.000000 1.000000
vn 0.000000 0.000000 1.000000
vn 0.000000 0.000000 -1.000000
vn 0.000000 0.000000 1.000000
vn 0.000000 0.000000 1.000000
vn 0.086599 0.701784 -0.707107
vn 0.086599 0.701784 0.707107
vn 0.086599 0.701784 -0.707107
vn 0.086599 0.701784 0.707107
vn 0.086599 0.701784 -0.707107
vn 0.086599 0.701784 0.707107
vn 0.086599 0.701784 -0.707107
vn 0.086599 0.701784 0.707107
vn 0.122470 0.992472 0.000000
vn 0.122470 0.992472 0.000000
vn 0.122470 0.992472 0.000000
vn 0.122470 0.992472 0.000000
vn 0.086599 0.701784 -0.707107
vn 0.086599 0.701784 0.707107
vn 0.086599 0.701784 -0.707107
vn 0.086599 0.701784 0.707107
vn 0.122470 0.992472 0.000000
vn 0.122470 0.992472 0.000000
vn -0.009140 -0.999775 -0.019146
vn -0.009140 -0.999775 -0.019146
vn -0.009140 -0.999775 -0.019146
vn -0.008638 -0.999916 0.009667
vn -0.008638 -0.999916 0.009667
vn -0.008638 -0.999916 0.009667
vn 0.099305 -0.113720 -0.988537
vn 0.099305 -0.113720 0.988537
vn 0.132123 0.166200 -0.977201
vn 0.132123 0.166200 0.977201
vn 0.180442 0.983532 -0.010290
vn 0.180442 0.983532 -0.010290
vn 0.180442 0.983532 -0.010290
vn 0.314710 0.949036 0.016994
vn 0.314710 0.949036 0.016994
vn 0.314710 0.949036 0.016994
vn 0.911768 -0.410621 -0.008318
vn 0.911768 -0.410621 -0.008318
vn 0.975126 -0.221577 0.005677
vn 0.975126 -0.221577 0.005677
vn -0.987333 -0.157949 -0.014998
vn -0.987333 -0.157949 -0.014998
vn -0.999165 0.039540 0.010255
vn -0.999165 0.039540 0.010255
vn 0.998093 0.061041 -0.009208
vn 0.998093 0.061041 -0.009208
vn 0.998014 0.060295 0.018245
vn 0.998014 0.060295 0.018245
vn -0.947845 0.318690 -0.005095
vn -0.947845 0.318690 -0.005095
vn -0.947809 0.318678 0.010136
vn -0.947809 0.318678 0.010136
vn -0.200333 -0.979713 -0.005482
vn -0.200333 -0.979713 -0.005482
vn -0.335125 -0.942130 0.009081
vn -0.335125 -0.942130 0.009081
vn -0.335125 -0.942130 0.009081
vn -0.132446 -0.270209 -0.953648
vn -0.132446 -0.270209 0.953648
vn -0.076729 0.185574 -0.979630
vn -0.076729 0.185574 0.979630
vn 0.028085 0.999553 -0.010243
vn 0.028085 0.999553 -0.010243
vn 0.028086 0.999592 0.005148
vn 0.028086 0.999592 0.005148
vn 0.028086 0.999592 0.005148
vn -0.142496 -0.989795 0.000000
vn -0.142496 -0.989795 0.000000
vn -0.100760 -0.699891 -0.707107
vn -0.100760 -0.699891 0.707107
vn -0.100760 -0.699891 -0.707107
vn -0.100760 -0.699891 0.707107
vn -0.142496 -0.989795 0.000000
vn -0.142496 -0.989795 0.000000
vn -0.142496 -0.989795 0.000000
vn -0.142496 -0.989795 0.000000
vn -0.100760 -0.699891 -0.707107
vn -0.100760 -0.699891 0.707107
vn -0.100760 -0.699891 -0.707107
vn -0.100760 -0.699891 0.707107
vn -0.100760 -0.699891 -0.707107
vn -0.100760 -0.699891 0.707107
vn -0.100760 -0.699891 -0.707107
vn -0.100760 -0.699891 0.707107
vn 0.000000 0.000000 -1.000000
vn 0.000000 0.000000 1.000000
vn 0.000000 0.000000 1.000000
vn 0.000000 0.000000 -1.000000
vn 0.000000 0.000000 1.000000
vn 0.000000 0.000000 1.000000
vn 0.000000 0.000000 -1.000000
vn 0.000000 0.000000 1.000000
vn 0.000000 0.000000 1.000000
vn 0.000000 0.000000 -1.000000
vn 0.000000 0.000000 1.000000
vn 0.000000 0.000000 1.000000
vn 0.000000 0.000000 -1.000000
vn 0.000000 0.000000 1.000000
vn 0.000000 0.000000 1.000000
vn 0.000000 0.000000 -1.000000
vn 0.000000 0.000000 1.000000
vn 0.000000 0.000000 1.000000
vn 0.100760 0.699891 -0.707107
vn 0.100760 0.699891 0.707107
vn 0.100760 0.699891 -0.707107
vn 0.100760 0.699891 0.707107
vn 0.100760 0.699891 -0.707107
vn 0.100760 0.699891 0.707107
vn 0.100760 0.699891 -0.707107
vn 0.100760 0.699891 0.707107
vn 0.142496 0.989795 0.000000
vn 0.142496 0.989795 0.000000
vn 0.142496 0.989795 0.000000
vn 0.142496 0.989795 0.000000
vn 0.100760 0.699891 -0.707107
vn 0.100760 0.699891 0.707107
vn 0.100760 0.699891 -0.707107
vn 0.100760 0.699891 0.707107
vn 0.142496 0.989795 0.000000
vn 0.142496 0.989795 0.000000
vn -0.029096 -0.999393 -0.019146
vn -0.029096 -0.999393 -0.019146
vn -0.029096 -0.999393 -0.019146
vn -0.028597 -0.999544 0.009667
vn -0.028597 -0.999544 0.009667
vn -0.028597 -0.999544 0.009667
vn 0.097015 -0.115680 -0.988537
vn 0.097015 -0.115680 0.988537
vn 0.135414 0.163529 -0.977201
vn 0.135414 0.163529 0.977201
vn 0.200039 0.979734 -0.010290
vn 0.200039 0.979734 -0.010290
vn 0.200039 0.979734 -0.010290
vn 0.333592 0.942564 0.016994
vn 0.333592 0.942564 0.016994
vn 0.333592 0.942564 0.016994
vn 0.903389 -0.428741 -0.008318
vn 0.903389 -0.428741 -0.008318
vn 0.970509 -0.240999 0.005677
vn 0.970509 -0.240999 0.005677
vn -0.990274 -0.138319 -0.014998
vn -0.990274 -0.138319 -0.014998
vn -0.998184 0.059365 0.010255
vn -0.998184 0.059365 0.010255
vn 0.999112 0.041104 -0.009208
vn 0.999112 0.041104 -0.009208
vn 0.999019 0.040360 0.018245
vn 0.999019 0.040360 0.018245
vn -0.941333 0.337442 -0.005095
vn -0.941333 0.337442 -0.005095
vn -0.941296 0.337429 0.010136
vn -0.941296 0.337429 0.010136
vn -0.219741 -0.975543 -0.005482
vn -0.219741 -0.975543 -0.005482
vn -0.353761 -0.935292 0.009081
vn -0.353761 -0.935292 0.009081
vn -0.353761 -0.935292 0.009081
vn -0.137784 -0.267527 -0.953648
vn -0.137784 -0.267527 0.953648
vn -0.073030 0.187061 -0.979630
vn -0.073030 0.187061 0.979630
vn 0.047920 0.998799 -0.010243
vn 0.047920 0.998799 -0.010243
vn 0.047922 0.998838 0.005148
vn 0.047922 0.998838 0.005148
vn 0.047922 0.998838 0.005148
vn -0.162348 -0.986734 0.000000
vn -0.162348 -0.986734 0.000000
vn -0.114798 -0.697726 -0.707107
vn -0.114798 -0.697726 0.707107
vn -0.114798 -0.697726 -0.707107
vn -0.114798 -0.697726 0.707107
vn -0.162348 -0.986734 0.000000
vn -0.162348 -0.986734 0.000000
vn -0.162348 -0.986734 0.000000
vn -0.162348 -0.986734 0.000000
vn -0.114798 -0.697726 -0.707107
vn -0.114798 -0.697726 0.707107
vn -0.114798 -0.697726 -0.707107
vn -0.114798 -0.697726 0.707107
vn -0.114798 -0.697726 -0.707107
vn -0.114798 -0.697726 0.707107
vn -0.114798 -0.697726 -0.707107
vn -0.114798 -0.697726 0.707107
vn 0.000000 0.000000 -1.000000
vn 0.000000 0.000000 1.000000
vn 0.000000 0.000000 1.000000
vn 0.000000 0.000000 -1.000000
vn 0.000000 0.000000 1.000000
vn 0.000000 0.000000 1.000000
vn 0.000000 0.000000 -1.000000
vn 0.000000 0.000000 1.000000
vn 0.000000 0.000000 1.000000
vn 0.000000 0.000000 -1.000000
vn 0.000000 0.000000 1.000000
vn 0.000000 0.000000 1.000000
vn 0.000000 0.000000 -1.000000
vn 0.000000 0.000000 1.000000
vn 0.000000 0.000000 1.000000
vn 0.000000 0.000000 -1.000000
vn 0.000000 0.000000 1.000000
vn 0.000000 0.000000 1.000000
vn 0.114798 0.697726 -0.707107
vn 0.114798 0.697726 0.707107
vn 0.114798 0.697726 -0.707107
vn 0.114798 0.697726 0.707107
vn 0.114798 0.697726 -0.707107
vn 0.114798 0.697726 0.707107
vn 0.114798 0.697726 -0.707107
vn 0.114798 0.697726 0.707107
vn 0.162348 0.986734 0.000000
vn 0.162348 0.986734 0.000000
vn 0.162348 0.986734 0.000000
vn 0.162348 0.986734 0.000000
vn 0.114798 0.697726 -0.707107
vn 0.114798 0.697726 0.707107
vn 0.114798 0.697726 -0.707107
vn 0.114798 0.697726 0.707107
vn 0.162348 0.986734 0.000000
vn 0.162348 0.986734 0.000000
vn -0.048928 -0.998619 -0.019146
vn -0.048928 -0.998619 -0.019146
vn -0.048928 -0.998619 -0.019146
vn -0.048433 -0.998780 0.009667
vn -0.048433 -0.998780 0.009667
vn -0.048433 -0.998780 0.009667
vn 0.094700 -0.117583 -0.988537
vn 0.094700 -0.117583 0.988537
vn 0.138634 0.160809 -0.977201
vn 0.138634 0.160809 0.977201
vn 0.219448 0.975570 -0.010290
vn 0.219448 0.975570 -0.010290
vn 0.219448 0.975570 -0.010290
vn 0.352236 0.935757 0.016994
vn 0.352236 0.935757 0.016994
vn 0.352236 0.935757 0.016994
vn 0.894701 -0.446588 -0.008318
vn 0.894701 -0.446588 -0.008318
vn 0.965534 -0.260216 0.005677
vn 0.965534 -0.260216 0.005677
vn -0.992809 -0.118762 -0.014998
vn -0.992809 -0.118762 -0.014998
vn -0.996819 0.079040 0.010255
vn -0.996819 0.079040 0.010255
vn 0.999731 0.021264 -0.009208
vn 0.999731 0.021264 -0.009208
vn 0.999623 0.020522 0.018245
vn 0.999623 0.020522 0.018245
vn -0.934494 0.355942 -0.005095
vn -0.934494 0.355942 -0.005095
vn -0.934458 0.355928 0.010136
vn -0.934458 0.355928 0.010136
vn -0.238939 -0.971019 -0.005482
vn -0.238939 -0.971019 -0.005482
vn -0.372138 -0.928133 0.009081
vn -0.372138 -0.928133 0.009081
vn -0.372138 -0.928133 0.009081
vn -0.143033 -0.264758 -0.953648
vn -0.143033 -0.264758 0.953648
vn -0.069326 0.188465 -0.979630
vn -0.069326 0.188465 0.979630
vn 0.067610 0.997659 -0.010243
vn 0.067610 0.997659 -0.010243
vn 0.067612 0.997698 0.005148
vn 0.067612 0.997698 0.005148
vn 0.067612 0.997698 0.005148
vn -0.182006 -0.983297 0.000000
vn -0.182006 -0.983297 0.000000
vn -0.128698 -0.695296 -0.707107
vn -0.128698 -0.695296 0.707107
vn -0.128698 -0.695296 -0.707107
vn -0.128698 -0.695296 0.707107
vn -0.182006 -0.983297 0.000000
vn -0.182006 -0.983297 0.000000
vn -0.182006 -0.983297 0.000000
vn -0.182006 -0.983297 0.000000
vn -0.128698 -0.695296 -0.707107
vn -0.128698 -0.695296 0.707107
vn -0.128698 -0.695296 -0.707107
vn -0.128698 -0.695296 0.707107
vn -0.128698 -0.695296 -0.707107
vn -0.128698 -0.695296 0.707107
vn -0.128698 -0.695296 -0.707107
vn -0.128698 -0.695296 0.707107
vn 0.000000 0.000000 -1.000000
vn 0.000000 0.000000 1.000000
vn 0.000000 0.000000 1.000000
vn 0.000000 0.000000 -1.000000
vn 0.000000 0.000000 1.000000
vn 0.000000 0.000000 1.000000
vn 0.000000 0.000000 -1.000000
vn 0.000000 0.000000 1.000000
vn 0.000000 0.000000 1.000000
vn 0.000000 0.000000 -1.000000
vn 0.000000 0.000000 1.000000
vn 0.000000 0.000000 1.000000
vn 0.000000 0.000000 -1.000000
vn 0.000000 0.000000 1.000000
vn 0.000000 0.000000 1.000000
vn 0.000000 0.000000 -1.000000
vn 0.000000 0.000000 1.000000
vn 0.000000 0.000000 1.000000
vn 0.128698 0.695296 -0.707107
vn 0.128698 0.695296 0.707107
vn 0.128698 0.695296 -0.707107
vn 0.128698 0.695296 0.707107
vn 0.128698 0.695296 -0.707107
vn 0.128698 0.695296 0.707107
vn 0.128698 0.695296 -0.707107
vn 0.128698 0.695296 0.707107
vn 0.182006 0.983297 0.000000
vn 0.182006 0.983297 0.000000
vn 0.182006 0.983297 0.000000
vn 0.182006 0.983297 0.000000
vn 0.128698 0.695296 -0.707107
vn 0.128698 0.695296 0.707107
vn 0.128698 0.695296 -0.707107
vn 0.128698 0.695296 0.707107
vn 0.182006 0.983297 0.000000
vn 0.182006 0.983297 0.000000
vn -0.068614 -0.997460 -0.019146
vn -0.068614 -0.997460 -0.019146
vn -0.068614 -0.997460 -0.019146
vn -0.068122 -0.997630 0.009667
vn -0.068122 -0.997630 0.009667
vn -0.068122 -0.997630 0.009667
vn 0.092363 -0.119428 -0.988537
vn 0.092363 -0.119428 0.988537
vn 0.141778 0.158043 -0.977201
vn 0.141778 0.158043 0.977201
vn 0.238646 0.971052 -0.010290
vn 0.238646 0.971052 -0.010290
vn 0.238646 0.971052 -0.010290
vn 0.370623 0.928628 0.016994
vn 0.370623 0.928628 0.016994
vn 0.370623 0.928628 0.016994
vn 0.885719 -0.464147 -0.008318
vn 0.885719 -0.464147 -0.008318
vn 0.960214 -0.279208 0.005677
vn 0.960214 -0.279208 0.005677
vn -0.994945 -0.099298 -0.014998
vn -0.994945 -0.099298 -0.014998
vn -0.995080 0.098544 0.010255
vn -0.995080 0.098544 0.010255
vn 0.999956 0.001542 -0.009208
vn 0.999956 0.001542 -0.009208
vn 0.999833 0.000803 0.018245
vn 0.999833 0.000803 0.018245
vn -0.257907 -0.966154 -0.005482
vn -0.257907 -0.966154 -0.005482
vn -0.390241 -0.920668 0.009081
vn -0.390241 -0.920668 0.009081
vn -0.390241 -0.920668 0.009081
vn -0.927345 0.374172 -0.005095
vn -0.927345 0.374172 -0.005095
vn -0.927310 0.374158 0.010136
vn -0.927310 0.374158 0.010136
vn -0.148190 -0.261906 -0.953648
vn -0.148190 -0.261906 0.953648
vn -0.065623 0.189786 -0.979630
vn -0.065623 0.189786 0.979630
vn 0.087132 0.996144 -0.010243
vn 0.087132 0.996144 -0.010243
vn 0.087136 0.996183 0.005148
vn 0.087136 0.996183 0.005148
vn 0.087136 0.996183 0.005148
vn -0.201448 -0.979499 0.000000
vn -0.201448 -0.979499 0.000000
vn -0.970142 -0.242536 0.000000
vn -0.970142 -0.242536 0.000000
vn -0.970142 0.242536 0.000000
vn -0.970142 0.242536 0.000000
vn -0.922660 -0.242536 -0.299791
vn -0.922660 -0.242536 0.299791
vn -0.922660 -0.242536 -0.299791
vn -0.922660 -0.242536 0.299791
vn -0.922660 0.242536 -0.299791
vn -0.922660 0.242536 0.299791
vn -0.922660 0.242536 -0.299791
vn -0.922660 0.242536 0.299791
vn -0.882353 -0.470588 0.000000
vn 0.000000 -1.000000 0.000000
vn -0.882353 -0.470588 0.000000
vn 0.000000 -1.000000 0.000000
vn -0.882353 0.470588 0.000000
vn 0.000000 1.000000 0.000000
vn -0.882353 0.470588 0.000000
vn 0.000000 1.000000 0.000000
vn -0.142445 -0.692611 -0.707107
vn -0.142445 -0.692611 0.707107
vn -0.142445 -0.692611 -0.707107
vn -0.142445 -0.692611 0.707107
vn -0.839168 -0.470588 -0.272662
vn 0.000000 -1.000000 0.000000
vn -0.839168 -0.470588 0.272662
vn 0.000000 -1.000000 0.000000
vn -0.839168 -0.470588 -0.272662
vn 0.000000 -1.000000 0.000000
vn -0.839168 -0.470588 0.272662
vn 0.000000 -1.000000 0.000000
vn -0.839168 0.470588 -0.272662
vn 0.000000 1.000000 0.000000
vn -0.839168 0.470588 0.272662
vn 0.000000 1.000000 0.000000
vn -0.839168 0.470588 -0.272662
vn 0.000000 1.000000 0.000000
vn -0.839168 0.470588 0.272662
vn 0.000000 1.000000 0.000000
vn -0.201448 -0.979499 0.000000
vn -0.201448 -0.979499 0.000000
vn -0.201448 -0.979499 0.000000
vn -0.201448 -0.979499 0.000000
vn -0.784862 -0.242536 -0.570235
vn -0.784862 -0.242536 0.570235
vn -0.784862 -0.242536 -0.570235
vn -0.784862 -0.242536 0.570235
vn -0.784862 0.242536 -0.570235
vn -0.784862 0.242536 0.570235
vn -0.784862 0.242536 -0.570235
vn -0.784862 0.242536 0.570235
vn -0.142445 -0.692611 -0.707107
vn -0.142445 -0.692611 0.707107
vn -0.142445 -0.692611 -0.707107
vn -0.142445 -0.692611 0.707107
vn -0.142445 -0.692611 -0.707107
vn -0.142445 -0.692611 0.707107
vn -0.142445 -0.692611 -0.707107
vn -0.142445 -0.692611 0.707107
vn -0.713839 -0.470588 -0.518634
vn 0.000000 -1.000000 0.000000
vn -0.713839 -0.470588 0.518634
vn 0.000000 -1.000000 0.000000
vn -0.713839 -0.470588 -0.518634
vn 0.000000 -1.000000 0.000000
vn -0.713839 -0.470588 0.518634
vn 0.000000 -1.000000 0.000000
vn -0.713839 0.470588 -0.518634
vn 0.000000 1.000000 0.000000
vn -0.713839 0.470588 0.518634
vn 0.000000 1.000000 0.000000
vn -0.713839 0.470588 -0.518634
vn 0.000000 1.000000 0.000000
vn -0.713839 0.470588 0.518634
vn 0.000000 1.000000 0.000000
vn 0.000000 0.000000 -1.000000
vn 0.000000 0.000000 1.000000
vn 0.000000 0.000000 1.000000
vn 0.000000 0.000000 -1.000000
vn 0.000000 0.000000 1.000000
vn 0.000000 0.000000 1.000000
vn 0.000000 0.000000 -1.000000
vn 0.000000 0.000000 1.000000
vn 0.000000 0.000000 1.000000
vn 0.000000 0.000000 -1.000000
vn 0.000000 0.000000 1.000000
vn 0.000000 0.000000 1.000000
vn 0.000000 0.000000 -1.000000
vn 0.000000 0.000000 1.000000
vn 0.000000 0.000000 1.000000
vn 0.000000 0.000000 -1.000000
vn 0.000000 0.000000 1.000000
vn 0.000000 0.000000 1.000000
vn -0.570235 -0.242536 -0.784862
vn -0.570235 -0.242536 0.784862
vn -0.570235 -0.242536 -0.784862
vn -0.570235 -0.242536 0.784862
vn -0.570235 0.242536 -0.784862
vn -0.570235 0.242536 0.784862
vn -0.570235 0.242536 -0.784862
vn -0.570235 0.242536 0.784862
vn 0.142445 0.692611 -0.707107
vn 0.142445 0.692611 0.707107
vn 0.142445 0.692611 -0.707107
vn 0.142445 0.692611 0.707107
vn 0.142445 0.692611 -0.707107
vn 0.142445 0.692611 0.707107
vn 0.142445 0.692611 -0.707107
vn 0.142445 0.692611 0.707107
vn -0.518634 -0.470588 -0.713839
vn 0.000000 -1.000000 0.000000
vn -0.518634 -0.470588 0.713839
vn 0.000000 -1.000000 0.000000
vn -0.518634 -0.470588 -0.713839
vn 0.000000 -1.000000 0.000000
vn -0.518634 -0.470588 0.713839
vn 0.000000 -1.000000 0.000000
vn -0.518634 0.470588 -0.713839
vn 0.000000 1.000000 0.000000
vn -0.518634 0.470588 0.713839
vn 0.000000 1.000000 0.000000
vn -0.518634 0.470588 -0.713839
vn 0.000000 1.000000 0.000000
vn -0.518634 0.470588 0.713839
vn 0.000000 1.000000 0.000000
vn 0.201448 0.979499 0.000000
vn 0.201448 0.979499 0.000000
vn 0.201448 0.979499 0.000000
vn 0.201448 0.979499 0.000000
vn 0.142445 0.692611 -0.707107
vn 0.142445 0.692611 0.707107
vn 0.142445 0.692611 -0.707107
vn 0.142445 0.692611 0.707107
vn 0.201448 0.979499 0.000000
vn 0.201448 0.979499 0.000000
vn -0.299791 -0.242536 -0.922660
vn -0.299791 -0.242536 0.922660
vn -0.299791 -0.242536 -0.922660
vn -0.299791 -0.242536 0.922660
vn -0.299791 0.242536 -0.922660
vn -0.299791 0.242536 0.922660
vn -0.299791 0.242536 -0.922660
vn -0.299791 0.242536 0.922660
vn -0.272662 -0.470588 -0.839168
vn 0.000000 -1.000000 0.000000
vn -0.272662 -0.470588 0.839168
vn 0.000000 -1.000000 0.000000
vn -0.272662 -0.470588 -0.839168
vn 0.000000 -1.000000 0.000000
vn -0.272662 -0.470588 0.839168
vn 0.000000 -1.000000 0.000000
vn -0.272662 0.470588 -0.839168
vn 0.000000 1.000000 0.000000
vn -0.272662 0.470588 0.839168
vn 0.000000 1.000000 0.000000
vn -0.272662 0.470588 -0.839168
vn 0.000000 1.000000 0.000000
vn -0.272662 0.470588 0.839168
vn 0.000000 1.000000 0.000000
vn -0.088133 -0.995925 -0.019146
vn -0.088133 -0.995925 -0.019146
vn -0.088133 -0.995925 -0.019146
vn -0.087644 -0.996105 0.009667
vn -0.087644 -0.996105 0.009667
vn -0.087644 -0.996105 0.009667
vn 0.090006 -0.121214 -0.988537
vn 0.090006 -0.121214 0.988537
vn 0.000000 -1.000000 0.000000
vn 0.000000 -0.470588 -0.882353
vn 0.000000 -1.000000 0.000000
vn 0.000000 -1.000000 0.000000
vn 0.000000 -0.470588 0.882353
vn 0.000000 -1.000000 0.000000
vn 0.000000 -0.470588 -0.882353
vn 0.000000 -1.000000 0.000000
vn 0.000000 -1.000000 0.000000
vn 0.000000 -0.470588 0.882353
vn 0.000000 -0.242536 -0.970142
vn 0.000000 -0.242536 0.970142
vn 0.000000 -0.242536 -0.970142
vn 0.000000 -0.242536 0.970142
vn 0.000000 0.242536 -0.970142
vn 0.000000 0.242536 0.970142
vn 0.000000 0.242536 -0.970142
vn 0.000000 0.242536 0.970142
vn 0.000000 0.470588 -0.882353
vn 0.000000 1.000000 0.000000
vn 0.000000 1.000000 0.000000
vn 0.000000 0.470588 0.882353
vn 0.000000 1.000000 0.000000
vn 0.000000 0.470588 -0.882353
vn 0.000000 1.000000 0.000000
vn 0.000000 1.000000 0.000000
vn 0.000000 0.470588 0.882353
vn 0.000000 1.000000 0.000000
vn 0.144846 0.155237 -0.977201
vn 0.144846 0.155237 0.977201
vn 0.876460 -0.481402 -0.008318
vn 0.876460 -0.481402 -0.008318
vn 0.954562 -0.297957 0.005677
vn 0.954562 -0.297957 0.005677
vn 0.257615 0.966193 -0.010290
vn 0.257615 0.966193 -0.010290
vn 0.257615 0.966193 -0.010290
vn 0.388736 0.921192 0.016994
vn 0.388736 0.921192 0.016994
vn 0.388736 0.921192 0.016994
vn -0.996686 -0.079951 -0.014998
vn -0.996686 -0.079951 -0.014998
vn -0.992978 0.117857 0.010255
vn -0.992978 0.117857 0.010255
vn 0.000000 -1.000000 0.000000
vn 0.272662 -0.470588 -0.839168
vn 0.000000 -1.000000 0.000000
vn 0.272662 -0.470588 0.839168
vn 0.000000 -1.000000 0.000000
vn 0.272662 -0.470588 -0.839168
vn 0.000000 -1.000000 0.000000
vn 0.272662 -0.470588 0.839168
vn 0.000000 1.000000 0.000000
vn 0.272662 0.470588 -0.839168
vn 0.000000 1.000000 0.000000
vn 0.272662 0.470588 0.839168
vn 0.000000 1.000000 0.000000
vn 0.272662 0.470588 -0.839168
vn 0.000000 1.000000 0.000000
vn 0.272662 0.470588 0.839168
vn 0.299791 -0.242536 -0.922660
vn 0.299791 -0.242536 0.922660
vn 0.299791 -0.242536 -0.922660
vn 0.299791 -0.242536 0.922660
vn 0.299791 0.242536 -0.922660
vn 0.299791 0.242536 0.922660
vn 0.299791 0.242536 -0.922660
vn 0.299791 0.242536 0.922660
vn 0.999795 -0.018039 -0.009208
vn 0.999795 -0.018039 -0.009208
vn 0.999657 -0.018775 0.018245
vn 0.999657 -0.018775 0.018245
vn -0.276627 -0.960962 -0.005482
vn -0.276627 -0.960962 -0.005482
vn -0.408053 -0.912913 0.009081
vn -0.408053 -0.912913 0.009081
vn -0.408053 -0.912913 0.009081
vn -0.919901 0.392117 -0.005095
vn -0.919901 0.392117 -0.005095
vn -0.919866 0.392102 0.010136
vn -0.919866 0.392102 0.010136
vn -0.153250 -0.258978 -0.953648
vn -0.153250 -0.258978 0.953648
vn 0.000000 -1.000000 0.000000
vn 0.518634 -0.470588 -0.713839
vn 0.000000 -1.000000 0.000000
vn 0.518634 -0.470588 0.713839
vn 0.000000 -1.000000 0.000000
vn 0.518634 -0.470588 -0.713839
vn 0.000000 -1.000000 0.000000
vn 0.518634 -0.470588 0.713839
vn 0.000000 1.000000 0.000000
vn 0.518634 0.470588 -0.713839
vn 0.000000 1.000000 0.000000
vn 0.518634 0.470588 0.713839
vn 0.000000 1.000000 0.000000
vn 0.518634 0.470588 -0.713839
vn 0.000000 1.000000 0.000000
vn 0.518634 0.470588 0.713839
vn 0.570235 -0.242536 -0.784862
vn 0.570235 -0.242536 0.784862
vn 0.570235 -0.242536 -0.784862
vn 0.570235 -0.242536 0.784862
vn 0.570235 0.242536 -0.784862
vn 0.570235 0.242536 0.784862
vn 0.570235 0.242536 -0.784862
vn 0.570235 0.242536 0.784862
vn -0.061923 0.191025 -0.979630
vn -0.061923 0.191025 0.979630
vn 0.106468 0.994263 -0.010243
vn 0.106468 0.994263 -0.010243
vn 0.106472 0.994302 0.005148
vn 0.106472 0.994302 0.005148
vn 0.106472 0.994302 0.005148
vn 0.000000 -1.000000 0.000000
vn 0.713839 -0.470588 -0.518634
vn 0.000000 -1.000000 0.000000
vn 0.713839 -0.470588 0.518634
vn 0.000000 -1.000000 0.000000
vn 0.713839 -0.470588 -0.518634
vn 0.000000 -1.000000 0.000000
vn 0.713839 -0.470588 0.518634
vn 0.000000 1.000000 0.000000
vn 0.713839 0.470588 -0.518634
vn 0.000000 1.000000 0.000000
vn 0.713839 0.470588 0.518634
vn 0.000000 1.000000 0.000000
vn 0.713839 0.470588 -0.518634
vn 0.000000 1.000000 0.000000
vn 0.713839 0.470588 0.518634
vn 0.784862 -0.242536 -0.570235
vn 0.784862 -0.242536 0.570235
vn 0.784862 -0.242536 -0.570235
vn 0.784862 -0.242536 0.570235
vn 0.784862 0.242536 -0.570235
vn 0.784862 0.242536 0.570235
vn 0.784862 0.242536 -0.570235
vn 0.784862 0.242536 0.570235
vn 0.000000 -1.000000 0.000000
vn 0.839168 -0.470588 -0.272662
vn 0.000000 -1.000000 0.000000
vn 0.839168 -0.470588 0.272662
vn 0.000000 -1.000000 0.000000
vn 0.839168 -0.470588 -0.272662
vn 0.000000 -1.000000 0.000000
vn 0.839168 -0.470588 0.272662
vn 0.000000 1.000000 0.000000
vn 0.839168 0.470588 -0.272662
vn 0.000000 1.000000 0.000000
vn 0.839168 0.470588 0.272662
vn 0.000000 1.000000 0.000000
vn 0.839168 0.470588 -0.272662
vn 0.000000 1.000000 0.000000
vn 0.839168 0.470588 0.272662
vn 0.000000 -1.000000 0.000000
vn 0.882353 -0.470588 0.000000
vn 0.882353 -0.470588 0.000000
vn 0.000000 -1.000000 0.000000
vn 0.882353 -0.470588 0.000000
vn 0.882353 -0.470588 0.000000
vn 0.000000 1.000000 0.000000
vn 0.882353 0.470588 0.000000
vn 0.882353 0.470588 0.000000
vn 0.000000 1.000000 0.000000
vn 0.882353 0.470588 0.000000
vn 0.882353 0.470588 0.000000
vn 0.922660 -0.242536 -0.299791
vn 0.922660 -0.242536 0.299791
vn 0.922660 -0.242536 -0.299791
vn 0.922660 -0.242536 0.299791
vn 0.922660 0.242536 -0.299791
vn 0.922660 0.242536 0.299791
vn 0.922660 0.242536 -0.299791
vn 0.922660 0.242536 0.299791
vn 0.970142 -0.242536 0.000000
vn 0.970142 -0.242536 0.000000
vn 0.970142 -0.242536 0.000000
vn 0.970142 -0.242536 0.000000
vn 0.970142 0.242536 0.000000
vn 0.970142 0.242536 0.000000
vn 0.970142 0.242536 0.000000
vn 0.970142 0.242536 0.000000
vn -0.220654 -0.975352 0.000000
vn -0.220654 -0.975352 0.000000
vn -0.156026 -0.689678 -0.707107
vn -0.156026 -0.689678 0.707107
vn -0.156026 -0.689678 -0.707107
vn -0.156026 -0.689678 0.707107
vn -0.220654 -0.975352 0.000000
vn -0.220654 -0.975352 0.000000
vn -0.220654 -0.975352 0.000000
vn -0.220654 -0.975352 0.000000
vn -0.156026 -0.689678 -0.707107
vn -0.156026 -0.689678 0.707107
vn -0.156026 -0.689678 -0.707107
vn -0.156026 -0.689678 0.707107
vn -0.156026 -0.689678 -0.707107
vn -0.156026 -0.689678 0.707107
vn -0.156026 -0.689678 -0.707107
vn -0.156026 -0.689678 0.707107
vn 0.000000 0.000000 -1.000000
vn 0.000000 0.000000 1.000000
vn 0.000000 0.000000 1.000000
vn 0.000000 0.000000 -1.000000
vn 0.000000 0.000000 1.000000
vn 0.000000 0.000000 1.000000
vn 0.000000 0.000000 -1.000000
vn 0.000000 0.000000 1.000000
vn 0.000000 0.000000 1.000000
vn 0.000000 0.000000 -1.000000
vn 0.000000 0.000000 1.000000
vn 0.000000 0.000000 1.000000
vn 0.000000 0.000000 -1.000000
vn 0.000000 0.000000 1.000000
vn 0.000000 0.000000 1.000000
vn 0.000000 0.000000 -1.000000
vn 0.000000 0.000000 1.000000
vn 0.000000 0.000000 1.000000
vn 0.156026 0.689678 -0.707107
vn 0.156026 0.689678 0.707107
vn 0.156026 0.689678 -0.707107
vn 0.156026 0.689678 0.707107
vn 0.156026 0.689678 -0.707107
vn 0.156026 0.689678 0.707107
vn 0.156026 0.689678 -0.707107
vn 0.156026 0.689678 0.707107
vn 0.220654 0.975352 0.000000
vn 0.220654 0.975352 0.000000
vn 0.220654 0.975352 0.000000
vn 0.220654 0.975352 0.000000
vn 0.156026 0.689678 -0.707107
vn 0.156026 0.689678 0.707107
vn 0.156026 0.689678 -0.707107
vn 0.156026 0.689678 0.707107
vn 0.220654 0.975352 0.000000
vn 0.220654 0.975352 0.000000
vn -0.107464 -0.994025 -0.019146
vn -0.107464 -0.994025 -0.019146
vn -0.107464 -0.994025 -0.019146
vn -0.106979 -0.994214 0.009667
vn -0.106979 -0.994214 0.009667
vn -0.106979 -0.994214 0.009667
vn 0.087634 -0.122939 -0.988537
vn 0.087634 -0.122939 0.988537
vn 0.147834 0.152394 -0.977201
vn 0.147834 0.152394 0.977201
vn 0.866943 -0.498338 -0.008318
vn 0.866943 -0.498338 -0.008318
vn 0.948594 -0.316445 0.005677
vn 0.948594 -0.316445 0.005677
vn 0.276336 0.961006 -0.010290
vn 0.276336 0.961006 -0.010290
vn 0.276336 0.961006 -0.010290
vn 0.406559 0.913467 0.016994
vn 0.406559 0.913467 0.016994
vn 0.406559 0.913467 0.016994
vn -0.998041 -0.060740 -0.014998
vn -0.998041 -0.060740 -0.014998
vn -0.990524 0.136960 0.010255
vn -0.990524 0.136960 0.010255
vn 0.999256 -0.037458 -0.009208
vn 0.999256 -0.037458 -0.009208
vn 0.999104 -0.038192 0.018245
vn 0.999104 -0.038192 0.018245
vn -0.295084 -0.955456 -0.005482
vn -0.295084 -0.955456 -0.005482
vn -0.425560 -0.904885 0.009081
vn -0.425560 -0.904885 0.009081
vn -0.425560 -0.904885 0.009081
vn -0.158210 -0.255978 -0.953648
vn -0.158210 -0.255978 0.953648
vn -0.912178 0.409762 -0.005095
vn -0.912178 0.409762 -0.005095
vn -0.912143 0.409746 0.010136
vn -0.912143 0.409746 0.010136
vn -0.058233 0.192182 -0.979630
vn -0.058233 0.192182 0.979630
vn 0.125598 0.992028 -0.010243
vn 0.125598 0.992028 -0.010243
vn 0.125602 0.992067 0.005148
vn 0.125602 0.992067 0.005148
vn 0.125602 0.992067 0.005148
vn -0.239608 -0.970870 0.000000
vn -0.239608 -0.970870 0.000000
vn -0.169428 -0.686509 -0.707107
vn -0.169428 -0.686509 0.707107
vn -0.169428 -0.686509 -0.707107
vn -0.169428 -0.686509 0.707107
vn -0.239608 -0.970870 0.000000
vn -0.239608 -0.970870 0.000000
vn -0.239608 -0.970870 0.000000
vn -0.239608 -0.970870 0.000000
vn -0.169428 -0.686509 -0.707107
vn -0.169428 -0.686509 0.707107
vn -0.169428 -0.686509 -0.707107
vn -0.169428 -0.686509 0.707107
vn -0.169428 -0.686509 -0.707107
vn -0.169428 -0.686509 0.707107
vn -0.169428 -0.686509 -0.707107
vn -0.169428 -0.686509 0.707107
vn 0.000000 0.000000 -1.000000
vn 0.000000 0.000000 1.000000
vn 0.000000 0.000000 1.000000
vn 0.000000 0.000000 -1.000000
vn 0.000000 0.000000 1.000000
vn 0.000000 0.000000 1.000000
vn 0.000000 0.000000 -1.000000
vn 0.000000 0.000000 1.000000
vn 0.000000 0.000000 1.000000
vn 0.000000 0.000000 -1.000000
vn 0.000000 0.000000 1.000000
vn 0.000000 0.000000 1.000000
vn 0.000000 0.000000 -1.000000
vn 0.000000 0.000000 1.000000
vn 0.000000 0.000000 1.000000
vn 0.000000 0.000000 -1.000000
vn 0.000000 0.000000 1.000000
vn 0.000000 0.000000 1.000000
vn 0.169428 0.686509 -0.707107
vn 0.169428 0.686509 0.707107
vn 0.169428 0.686509 -0.707107
vn 0.169428 0.686509 0.707107
vn 0.169428 0.686509 -0.707107
vn 0.169428 0.686509 0.707107
vn 0.169428 0.686509 -0.707107
vn 0.169428 0.686509 0.707107
vn 0.239608 0.970870 0.000000
vn 0.239608 0.970870 0.000000
vn 0.239608 0.970870 0.000000
vn 0.239608 0.970870 0.000000
vn 0.169428 0.686509 -0.707107
vn 0.169428 0.686509 0.707107
vn 0.169428 0.686509 -0.707107
vn 0.169428 0.686509 0.707107
vn -0.126589 -0.991770 -0.019146
vn -0.126589 -0.991770 -0.019146
vn -0.126589 -0.991770 -0.019146
vn -0.126107 -0.991970 0.009667
vn -0.126107 -0.991970 0.009667
vn -0.126107 -0.991970 0.009667
vn 0.239608 0.970870 0.000000
vn 0.239608 0.970870 0.000000
vn 0.085250 -0.124604 -0.988537
vn 0.085250 -0.124604 0.988537
vn 0.857184 -0.514943 -0.008318
vn 0.857184 -0.514943 -0.008318
vn 0.942323 -0.334656 0.005677
vn 0.942323 -0.334656 0.005677
vn 0.150742 0.149518 -0.977201
vn 0.150742 0.149518 0.977201
vn 0.294794 0.955505 -0.010290
vn 0.294794 0.955505 -0.010290
vn 0.294794 0.955505 -0.010290
vn 0.424076 0.905467 0.016994
vn 0.424076 0.905467 0.016994
vn 0.424076 0.905467 0.016994
vn -0.999018 -0.041685 -0.014998
vn -0.999018 -0.041685 -0.014998
vn -0.987730 0.155835 0.010255
vn -0.987730 0.155835 0.010255
vn 0.998349 -0.056697 -0.009208
vn 0.998349 -0.056697 -0.009208
vn 0.998183 -0.057428 0.018245
vn 0.998183 -0.057428 0.018245
vn -0.313261 -0.949651 -0.005482
vn -0.313261 -0.949651 -0.005482
vn -0.442748 -0.896600 0.009081
vn -0.442748 -0.896600 0.009081
vn -0.442748 -0.896600 0.009081
vn -0.163065 -0.252913 -0.953648
vn -0.163065 -0.252913 0.953648
vn -0.904194 0.427092 -0.005095
vn -0.904194 0.427092 -0.005095
vn -0.904159 0.427076 0.010136
vn -0.904159 0.427076 0.010136
vn -0.054555 0.193258 -0.979630
vn -0.054555 0.193258 0.979630
vn 0.144503 0.989451 -0.010243
vn 0.144503 0.989451 -0.010243
vn 0.144509 0.989490 0.005148
vn 0.144509 0.989490 0.005148
vn 0.144509 0.989490 0.005148
vn -0.258291 -0.966067 0.000000
vn -0.258291 -0.966067 0.000000
vn -0.182639 -0.683113 -0.707107
vn -0.182639 -0.683113 0.707107
vn -0.182639 -0.683113 -0.707107
vn -0.182639 -0.683113 0.707107
vn -0.258291 -0.966067 0.000000
vn -0.258291 -0.966067 0.000000
vn -0.258291 -0.966067 0.000000
vn -0.258291 -0.966067 0.000000
vn -0.182639 -0.683113 -0.707107
vn -0.182639 -0.683113 0.707107
vn -0.182639 -0.683113 -0.707107
vn -0.182639 -0.683113 0.707107
vn -0.182639 -0.683113 -0.707107
vn -0.182639 -0.683113 0.707107
vn -0.182639 -0.683113 -0.707107
vn -0.182639 -0.683113 0.707107
vn 0.000000 0.000000 -1.000000
vn 0.000000 0.000000 1.000000
vn 0.000000 0.000000 1.000000
vn 0.000000 0.000000 -1.000000
vn 0.000000 0.000000 1.000000
vn 0.000000 0.000000 1.000000
vn 0.000000 0.000000 -1.000000
vn 0.000000 0.000000 1.000000
vn 0.000000 0.000000 1.000000
vn 0.000000 0.000000 -1.000000
vn 0.000000 0.000000 1.000000
vn 0.000000 0.000000 1.000000
vn 0.000000 0.000000 -1.000000
vn 0.000000 0.000000 1.000000
vn 0.000000 0.000000 1.000000
vn 0.000000 0.000000 -1.000000
vn 0.000000 0.000000 1.000000
vn 0.000000 0.000000 1.000000
vn 0.182639 0.683113 -0.707107
vn 0.182639 0.683113 0.707107
vn 0.182639 0.683113 -0.707107
vn 0.182639 0.683113 0.707107
vn 0.182639 0.683113 -0.707107
vn 0.182639 0.683113 0.707107
vn 0.182639 0.683113 -0.707107
vn 0.182639 0.683113 0.707107
vn 0.258291 0.966067 0.000000
vn 0.258291 0.966067 0.000000
vn 0.258291 0.966067 0.000000
vn 0.258291 0.966067 0.000000
vn 0.182639 0.683113 -0.707107
vn 0.182639 0.683113 0.707107
vn 0.182639 0.683113 -0.707107
vn 0.182639 0.683113 0.707107
vn -0.145489 -0.989175 -0.019146
vn -0.145489 -0.989175 -0.019146
vn -0.145489 -0.989175 -0.019146
vn -0.145012 -0.989383 0.009667
vn -0.145012 -0.989383 0.009667
vn -0.145012 -0.989383 0.009667
vn 0.082857 -0.126208 -0.988537
vn 0.082857 -0.126208 0.988537
vn 0.258291 0.966067 0.000000
vn 0.258291 0.966067 0.000000
vn 0.847203 -0.531205 -0.008318
vn 0.847203 -0.531205 -0.008318
vn 0.935766 -0.352575 0.005677
vn 0.935766 -0.352575 0.005677
vn 0.153567 0.146615 -0.977201
vn 0.153567 0.146615 0.977201
vn 0.312972 0.949707 -0.010290
vn 0.312972 0.949707 -0.010290
vn 0.312972 0.949707 -0.010290
vn 0.441276 0.897210 0.016994
vn 0.441276 0.897210 0.016994
vn 0.441276 0.897210 0.016994
vn -0.999627 -0.022806 -0.014998
vn -0.999627 -0.022806 -0.014998
vn -0.984610 0.174465 0.010255
vn -0.984610 0.174465 0.010255
vn 0.997085 -0.075736 -0.009208
vn 0.997085 -0.075736 -0.009208
vn 0.996905 -0.076463 0.018245
vn 0.996905 -0.076463 0.018245
vn -0.331144 -0.943564 -0.005482
vn -0.331144 -0.943564 -0.005482
vn -0.459606 -0.888076 0.009081
vn -0.459606 -0.888076 0.009081
vn -0.459606 -0.888076 0.009081
vn -0.167813 -0.249787 -0.953648
vn -0.167813 -0.249787 0.953648
vn -0.895965 0.444096 -0.005095
vn -0.895965 0.444096 -0.005095
vn -0.895930 0.444079 0.010136
vn -0.895930 0.444079 0.010136
vn -0.050895 0.194254 -0.979630
vn -0.050895 0.194254 0.979630
vn 0.163169 0.986545 -0.010243
vn 0.163169 0.986545 -0.010243
vn 0.163175 0.986584 0.005148
vn 0.163175 0.986584 0.005148
vn 0.163175 0.986584 0.005148
vn -0.276689 -0.960960 0.000000
vn -0.276689 -0.960960 0.000000
vn -0.195649 -0.679501 -0.707107
vn -0.195649 -0.679501 0.707107
vn -0.195649 -0.679501 -0.707107
vn -0.195649 -0.679501 0.707107
vn -0.276689 -0.960960 0.000000
vn -0.276689 -0.960960 0.000000
vn -0.276689 -0.960960 0.000000
vn -0.276689 -0.960960 0.000000
vn -0.195649 -0.679501 -0.707107
vn -0.195649 -0.679501 0.707107
vn -0.195649 -0.679501 -0.707107
vn -0.195649 -0.679501 0.707107
vn -0.195649 -0.679501 -0.707107
vn -0.195649 -0.679501 0.707107
vn -0.195649 -0.679501 -0.707107
vn -0.195649 -0.679501 0.707107
vn 0.000000 0.000000 -1.000000
vn 0.000000 0.000000 1.000000
vn 0.000000 0.000000 1.000000
vn 0.000000 0.000000 -1.000000
vn 0.000000 0.000000 1.000000
vn 0.000000 0.000000 1.000000
vn 0.000000 0.000000 -1.000000
vn 0.000000 0.000000 1.000000
vn 0.000000 0.000000 1.000000
vn 0.000000 0.000000 -1.000000
vn 0.000000 0.000000 1.000000
vn 0.000000 0.000000 1.000000
vn 0.000000 0.000000 -1.000000
vn 0.000000 0.000000 1.000000
vn 0.000000 0.000000 1.000000
vn 0.000000 0.000000 -1.000000
vn 0.000000 0.000000 1.000000
vn 0.000000 0.000000 1.000000
vn 0.195649 0.679501 -0.707107
vn 0.195649 0.679501 0.707107
vn 0.195649 0.679501 -0.707107
vn 0.195649 0.679501 0.707107
vn 0.195649 0.679501 -0.707107
vn 0.195649 0.679501 0.707107
vn 0.195649 0.679501 -0.707107
vn 0.195649 0.679501 0.707107
vn 0.276689 0.960960 0.000000
vn 0.276689 0.960960 0.000000
vn 0.276689 0.960960 0.000000
vn 0.276689 0.960960 0.000000
vn -0.164149 -0.986250 -0.019146
vn -0.164149 -0.986250 -0.019146
vn -0.164149 -0.986250 -0.019146
vn -0.163675 -0.986467 0.009667
vn -0.163675 -0.986467 0.009667
vn -0.163675 -0.986467 0.009667
vn 0.195649 0.679501 -0.707107
vn 0.195649 0.679501 0.707107
vn 0.195649 0.679501 -0.707107
vn 0.195649 0.679501 0.707107
vn 0.080458 -0.127751 -0.988537
vn 0.080458 -0.127751 0.988537
vn 0.276689 0.960960 0.000000
vn 0.276689 0.960960 0.000000
vn 0.837017 -0.547114 -0.008318
vn 0.837017 -0.547114 -0.008318
vn 0.928939 -0.370190 0.005677
vn 0.928939 -0.370190 0.005677
vn 0.156309 0.143688 -0.977201
vn 0.156309 0.143688 0.977201
vn 0.330856 0.943625 -0.010290
vn 0.330856 0.943625 -0.010290
vn 0.330856 0.943625 -0.010290
vn 0.458146 0.888715 0.016994
vn 0.458146 0.888715 0.016994
vn 0.458146 0.888715 0.016994
vn -0.999879 -0.004120 -0.014998
vn -0.999879 -0.004120 -0.014998
vn -0.981177 0.192837 0.010255
vn -0.981177 0.192837 0.010255
vn 0.995477 -0.094558 -0.009208
vn 0.995477 -0.094558 -0.009208
vn 0.995283 -0.095281 0.018245
vn 0.995283 -0.095281 0.018245
vn -0.348721 -0.937210 -0.005482
vn -0.348721 -0.937210 -0.005482
vn -0.476124 -0.879331 0.009081
vn -0.476124 -0.879331 0.009081
vn -0.476124 -0.879331 0.009081
vn -0.172453 -0.246607 -0.953648
vn -0.172453 -0.246607 0.953648
vn -0.887508 0.460764 -0.005095
vn -0.887508 0.460764 -0.005095
vn -0.887474 0.460746 0.010136
vn -0.887474 0.460746 0.010136
vn -0.047255 0.195172 -0.979630
vn -0.047255 0.195172 0.979630
vn 0.181578 0.983323 -0.010243
vn 0.181578 0.983323 -0.010243
vn 0.181585 0.983362 0.005148
vn 0.181585 0.983362 0.005148
vn 0.181585 0.983362 0.005148
vn -0.294787 -0.955563 0.000000
vn -0.294787 -0.955563 0.000000
vn -0.208446 -0.675685 -0.707107
vn -0.208446 -0.675685 0.707107
vn -0.208446 -0.675685 -0.707107
vn -0.208446 -0.675685 0.707107
vn -0.294787 -0.955563 0.000000
vn -0.294787 -0.955563 0.000000
vn -0.294787 -0.955563 0.000000
vn -0.294787 -0.955563 0.000000
vn -0.208446 -0.675685 -0.707107
vn -0.208446 -0.675685 0.707107
vn -0.208446 -0.675685 -0.707107
vn -0.208446 -0.675685 0.707107
vn -0.208446 -0.675685 -0.707107
vn -0.208446 -0.675685 0.707107
vn -0.208446 -0.675685 -0.707107
vn -0.208446 -0.675685 0.707107
vn 0.000000 0.000000 -1.000000
vn 0.000000 0.000000 1.000000
vn 0.000000 0.000000 1.000000
vn 0.000000 0.000000 -1.000000
vn 0.000000 0.000000 1.000000
vn 0.000000 0.000000 1.000000
vn 0.000000 0.000000 -1.000000
vn 0.000000 0.000000 1.000000
vn 0.000000 0.000000 1.000000
vn 0.000000 0.000000 -1.000000
vn 0.000000 0.000000 1.000000
vn 0.000000 0.000000 1.000000
vn 0.000000 0.000000 -1.000000
vn 0.000000 0.000000 1.000000
vn 0.000000 0.000000 1.000000
vn 0.000000 0.000000 -1.000000
vn 0.000000 0.000000 1.000000
vn 0.000000 0.000000 1.000000
vn -0.970142 -0.242536 0.000000
vn -0.970142 -0.242536 0.000000
vn -0.970142 0.242536 0.000000
vn -0.970142 0.242536 0.000000
vn -0.922660 -0.242536 -0.299791
vn -0.922660 -0.242536 0.299791
vn -0.922660 -0.242536 -0.299791
vn -0.922660 -0.242536 0.299791
vn -0.922660 0.242536 -0.299791
vn -0.922660 0.242536 0.299791
vn -0.922660 0.242536 -0.299791
vn -0.922660 0.242536 0.299791
vn -0.882353 -0.470588 0.000000
vn 0.000000 -1.000000 0.000000
vn -0.882353 -0.470588 0.000000
vn 0.000000 -1.000000 0.000000
vn -0.882353 0.470588 0.000000
vn 0.000000 1.000000 0.000000
vn -0.882353 0.470588 0.000000
vn 0.000000 1.000000 0.000000
vn -0.839168 -0.470588 -0.272662
vn 0.000000 -1.000000 0.000000
vn -0.839168 -0.470588 0.272662
vn 0.000000 -1.000000 0.000000
vn -0.839168 -0.470588 -0.272662
vn 0.000000 -1.000000 0.000000
vn -0.839168 -0.470588 0.272662
vn 0.000000 -1.000000 0.000000
vn -0.839168 0.470588 -0.272662
vn 0.000000 1.000000 0.000000
vn -0.839168 0.470588 0.272662
vn 0.000000 1.000000 0.000000
vn -0.839168 0.470588 -0.272662
vn 0.000000 1.000000 0.000000
vn -0.839168 0.470588 0.272662
vn 0.000000 1.000000 0.000000
vn 0.208446 0.675685 -0.707107
vn 0.208446 0.675685 0.707107
vn 0.208446 0.675685 -0.707107
vn 0.208446 0.675685 0.707107
vn 0.208446 0.675685 -0.707107
vn 0.208446 0.675685 0.707107
vn 0.208446 0.675685 -0.707107
vn 0.208446 0.675685 0.707107
vn 0.294787 0.955563 0.000000
vn 0.294787 0.955563 0.000000
vn 0.294787 0.955563 0.000000
vn 0.294787 0.955563 0.000000
vn -0.784862 -0.242536 -0.570235
vn -0.784862 -0.242536 0.570235
vn -0.784862 -0.242536 -0.570235
vn -0.784862 -0.242536 0.570235
vn -0.784862 0.242536 -0.570235
vn -0.784862 0.242536 0.570235
vn -0.784862 0.242536 -0.570235
vn -0.784862 0.242536 0.570235
vn -0.182553 -0.983010 -0.019146
vn -0.182553 -0.983010 -0.019146
vn -0.182553 -0.983010 -0.019146
vn -0.182083 -0.983236 0.009667
vn -0.182083 -0.983236 0.009667
vn -0.182083 -0.983236 0.009667
vn -0.713839 -0.470588 -0.518634
vn 0.000000 -1.000000 0.000000
vn -0.713839 -0.470588 0.518634
vn 0.000000 -1.000000 0.000000
vn -0.713839 -0.470588 -0.518634
vn 0.000000 -1.000000 0.000000
vn -0.713839 -0.470588 0.518634
vn 0.000000 -1.000000 0.000000
vn -0.713839 0.470588 -0.518634
vn 0.000000 1.000000 0.000000
vn -0.713839 0.470588 0.518634
vn 0.000000 1.000000 0.000000
vn -0.713839 0.470588 -0.518634
vn 0.000000 1.000000 0.000000
vn -0.713839 0.470588 0.518634
vn 0.000000 1.000000 0.000000
vn 0.078057 -0.129232 -0.988537
vn 0.078057 -0.129232 0.988537
vn 0.208446 0.675685 -0.707107
vn 0.208446 0.675685 0.707107
vn 0.208446 0.675685 -0.707107
vn 0.208446 0.675685 0.707107
vn -0.570235 -0.242536 -0.784862
vn -0.570235 -0.242536 0.784862
vn -0.570235 -0.242536 -0.784862
vn -0.570235 -0.242536 0.784862
vn -0.570235 0.242536 -0.784862
vn -0.570235 0.242536 0.784862
vn -0.570235 0.242536 -0.784862
vn -0.570235 0.242536 0.784862
vn 0.294787 0.955563 0.000000
vn 0.294787 0.955563 0.000000
vn -0.518634 -0.470588 -0.713839
vn 0.000000 -1.000000 0.000000
vn -0.518634 -0.470588 0.713839
vn 0.000000 -1.000000 0.000000
vn -0.518634 -0.470588 -0.713839
vn 0.000000 -1.000000 0.000000
vn -0.518634 -0.470588 0.713839
vn 0.000000 -1.000000 0.000000
vn -0.518634 0.470588 -0.713839
vn 0.000000 1.000000 0.000000
vn -0.518634 0.470588 0.713839
vn 0.000000 1.000000 0.000000
vn -0.518634 0.470588 -0.713839
vn 0.000000 1.000000 0.000000
vn -0.518634 0.470588 0.713839
vn 0.000000 1.000000 0.000000
vn 0.826645 -0.562662 -0.008318
vn 0.826645 -0.562662 -0.008318
vn 0.921858 -0.387486 0.005677
vn 0.921858 -0.387486 0.005677
vn 0.158968 0.140741 -0.977201
vn 0.158968 0.140741 0.977201
vn -0.999784 0.014358 -0.014998
vn -0.999784 0.014358 -0.014998
vn -0.977446 0.210935 0.010255
vn -0.977446 0.210935 0.010255
vn 0.348434 0.937277 -0.010290
vn 0.348434 0.937277 -0.010290
vn 0.348434 0.937277 -0.010290
vn 0.474676 0.879997 0.016994
vn 0.474676 0.879997 0.016994
vn 0.474676 0.879997 0.016994
vn -0.299791 -0.242536 -0.922660
vn -0.299791 -0.242536 0.922660
vn -0.299791 -0.242536 -0.922660
vn -0.299791 -0.242536 0.922660
vn -0.299791 0.242536 -0.922660
vn -0.299791 0.242536 0.922660
vn -0.299791 0.242536 -0.922660
vn -0.299791 0.242536 0.922660
vn -0.272662 -0.470588 -0.839168
vn 0.000000 -1.000000 0.000000
vn -0.272662 -0.470588 0.839168
vn 0.000000 -1.000000 0.000000
vn -0.272662 -0.470588 -0.839168
vn 0.000000 -1.000000 0.000000
vn -0.272662 -0.470588 0.839168
vn 0.000000 -1.000000 0.000000
vn -0.272662 0.470588 -0.839168
vn 0.000000 1.000000 0.000000
vn -0.272662 0.470588 0.839168
vn 0.000000 1.000000 0.000000
vn -0.272662 0.470588 -0.839168
vn 0.000000 1.000000 0.000000
vn -0.272662 0.470588 0.839168
vn 0.000000 1.000000 0.000000
vn -0.365981 -0.930606 -0.005482
vn -0.365981 -0.930606 -0.005482
vn -0.492292 -0.870383 0.009081
vn -0.492292 -0.870383 0.009081
vn -0.492292 -0.870383 0.009081
vn 0.993536 -0.113146 -0.009208
vn 0.993536 -0.113146 -0.009208
vn 0.993329 -0.113866 0.018245
vn 0.993329 -0.113866 0.018245
vn -0.176980 -0.243379 -0.953648
vn -0.176980 -0.243379 0.953648
vn 0.000000 -1.000000 0.000000
vn 0.000000 -0.470588 -0.882353
vn 0.000000 -1.000000 0.000000
vn 0.000000 -1.000000 0.000000
vn 0.000000 -0.470588 0.882353
vn 0.000000 -1.000000 0.000000
vn 0.000000 -0.470588 -0.882353
vn 0.000000 -1.000000 0.000000
vn 0.000000 -1.000000 0.000000
vn 0.000000 -0.470588 0.882353
vn 0.000000 -0.242536 -0.970142
vn 0.000000 -0.242536 0.970142
vn 0.000000 -0.242536 -0.970142
vn 0.000000 -0.242536 0.970142
vn 0.000000 0.242536 -0.970142
vn 0.000000 0.242536 0.970142
vn 0.000000 0.242536 -0.970142
vn 0.000000 0.242536 0.970142
vn 0.000000 0.470588 -0.882353
vn 0.000000 1.000000 0.000000
vn 0.000000 1.000000 0.000000
vn 0.000000 0.470588 0.882353
vn 0.000000 1.000000 0.000000
vn 0.000000 0.470588 -0.882353
vn 0.000000 1.000000 0.000000
vn 0.000000 1.000000 0.000000
vn 0.000000 0.470588 0.882353
vn 0.000000 1.000000 0.000000
vn -0.878842 0.477086 -0.005095
vn -0.878842 0.477086 -0.005095
vn -0.878808 0.477067 0.010136
vn -0.878808 0.477067 0.010136
vn -0.043641 0.196012 -0.979630
vn -0.043641 0.196012 0.979630
vn 0.000000 -1.000000 0.000000
vn 0.272662 -0.470588 -0.839168
vn 0.000000 -1.000000 0.000000
vn 0.272662 -0.470588 0.839168
vn 0.000000 -1.000000 0.000000
vn 0.272662 -0.470588 -0.839168
vn 0.000000 -1.000000 0.000000
vn 0.272662 -0.470588 0.839168
vn 0.000000 1.000000 0.000000
vn 0.272662 0.470588 -0.839168
vn 0.000000 1.000000 0.000000
vn 0.272662 0.470588 0.839168
vn 0.000000 1.000000 0.000000
vn 0.272662 0.470588 -0.839168
vn 0.000000 1.000000 0.000000
vn 0.272662 0.470588 0.839168
vn 0.299791 -0.242536 -0.922660
vn 0.299791 -0.242536 0.922660
vn 0.299791 -0.242536 -0.922660
vn 0.299791 -0.242536 0.922660
vn 0.299791 0.242536 -0.922660
vn 0.299791 0.242536 0.922660
vn 0.299791 0.242536 -0.922660
vn 0.299791 0.242536 0.922660
vn 0.199718 0.979800 -0.010243
vn 0.199718 0.979800 -0.010243
vn 0.199726 0.979838 0.005148
vn 0.199726 0.979838 0.005148
vn 0.199726 0.979838 0.005148
vn 0.000000 -1.000000 0.000000
vn 0.518634 -0.470588 -0.713839
vn 0.000000 -1.000000 0.000000
vn 0.518634 -0.470588 0.713839
vn 0.000000 -1.000000 0.000000
vn 0.518634 -0.470588 -0.713839
vn 0.000000 -1.000000 0.000000
vn 0.518634 -0.470588 0.713839
vn 0.000000 1.000000 0.000000
vn 0.518634 0.470588 -0.713839
vn 0.000000 1.000000 0.000000
vn 0.518634 0.470588 0.713839
vn 0.000000 1.000000 0.000000
vn 0.518634 0.470588 -0.713839
vn 0.000000 1.000000 0.000000
vn 0.518634 0.470588 0.713839
vn 0.570235 -0.242536 -0.784862
vn 0.570235 -0.242536 0.784862
vn 0.570235 -0.242536 -0.784862
vn 0.570235 -0.242536 0.784862
vn 0.570235 0.242536 -0.784862
vn 0.570235 0.242536 0.784862
vn 0.570235 0.242536 -0.784862
vn 0.570235 0.242536 0.784862
vn 0.000000 -1.000000 0.000000
vn 0.713839 -0.470588 -0.518634
vn 0.000000 -1.000000 0.000000
vn 0.713839 -0.470588 0.518634
vn 0.000000 -1.000000 0.000000
vn 0.713839 -0.470588 -0.518634
vn 0.000000 -1.000000 0.000000
vn 0.713839 -0.470588 0.518634
vn 0.000000 1.000000 0.000000
vn 0.713839 0.470588 -0.518634
vn 0.000000 1.000000 0.000000
vn 0.713839 0.470588 0.518634
vn 0.000000 1.000000 0.000000
vn 0.713839 0.470588 -0.518634
vn 0.000000 1.000000 0.000000
vn 0.713839 0.470588 0.518634
vn 0.784862 -0.242536 -0.570235
vn 0.784862 -0.242536 0.570235
vn 0.784862 -0.242536 -0.570235
vn 0.784862 -0.242536 0.570235
vn 0.784862 0.242536 -0.570235
vn 0.784862 0.242536 0.570235
vn 0.784862 0.242536 -0.570235
vn 0.784862 0.242536 0.570235
vn 0.000000 -1.000000 0.000000
vn 0.839168 -0.470588 -0.272662
vn 0.000000 -1.000000 0.000000
vn 0.839168 -0.470588 0.272662
vn 0.000000 -1.000000 0.000000
vn 0.839168 -0.470588 -0.272662
vn 0.000000 -1.000000 0.000000
vn 0.839168 -0.470588 0.272662
vn 0.000000 1.000000 0.000000
vn 0.839168 0.470588 -0.272662
vn 0.000000 1.000000 0.000000
vn 0.839168 0.470588 0.272662
vn 0.000000 1.000000 0.000000
vn 0.839168 0.470588 -0.272662
vn 0.000000 1.000000 0.000000
vn 0.839168 0.470588 0.272662
vn 0.000000 -1.000000 0.000000
vn 0.882353 -0.470588 0.000000
vn 0.882353 -0.470588 0.000000
vn 0.000000 -1.000000 0.000000
vn 0.882353 -0.470588 0.000000
vn 0.882353 -0.470588 0.000000
vn 0.000000 1.000000 0.000000
vn 0.882353 0.470588 0.000000
vn 0.882353 0.470588 0.000000
vn 0.000000 1.000000 0.000000
vn 0.882353 0.470588 0.000000
vn 0.882353 0.470588 0.000000
vn 0.922660 -0.242536 -0.299791
vn 0.922660 -0.242536 0.299791
vn 0.922660 -0.242536 -0.299791
vn 0.922660 -0.242536 0.299791
vn 0.922660 0.242536 -0.299791
vn 0.922660 0.242536 0.299791
vn 0.922660 0.242536 -0.299791
vn 0.922660 0.242536 0.299791
vn 0.970142 -0.242536 0.000000
vn 0.970142 -0.242536 0.000000
vn 0.970142 -0.242536 0.000000
vn 0.970142 -0.242536 0.000000
vn 0.970142 0.242536 0.000000
vn 0.970142 0.242536 0.000000
vn 0.970142 0.242536 0.000000
vn 0.970142 0.242536 0.000000
vn -0.303721 -0.952761 0.000000
vn 0.952761 -0.303721 0.000000
vn 0.952761 -0.303721 0.000000
vn -0.303721 -0.952761 0.000000
vn 0.952761 -0.303721 0.000000
vn 0.952761 -0.303721 0.000000
vn -0.214763 -0.673704 -0.707107
vn 0.952761 -0.303721 0.000000
vn 0.952761 -0.303721 0.000000
vn -0.214763 -0.673704 0.707107
vn 0.952761 -0.303721 0.000000
vn 0.952761 -0.303721 0.000000
vn -0.214763 -0.673704 -0.707107
vn 0.952761 -0.303721 0.000000
vn 0.952761 -0.303721 0.000000
vn -0.214763 -0.673704 0.707107
vn 0.952761 -0.303721 0.000000
vn 0.952761 -0.303721 0.000000
vn -0.303721 -0.952761 0.000000
vn 0.952761 -0.303721 0.000000
vn 0.952761 -0.303721 0.000000
vn -0.303721 -0.952761 0.000000
vn 0.952761 -0.303721 0.000000
vn 0.952761 -0.303721 0.000000
vn -0.303721 -0.952761 0.000000
vn 0.952761 -0.303721 0.000000
vn 0.952761 -0.303721 0.000000
vn -0.303721 -0.952761 0.000000
vn 0.952761 -0.303721 0.000000
vn 0.952761 -0.303721 0.000000
vn -0.214763 -0.673704 -0.707107
vn 0.952761 -0.303721 0.000000
vn 0.952761 -0.303721 0.000000
vn -0.214763 -0.673704 0.707107
vn 0.952761 -0.303721 0.000000
vn 0.952761 -0.303721 0.000000
vn -0.214763 -0.673704 -0.707107
vn 0.952761 -0.303721 0.000000
vn 0.952761 -0.303721 0.000000
vn -0.214763 -0.673704 0.707107
vn 0.952761 -0.303721 0.000000
vn 0.952761 -0.303721 0.000000
vn -0.214763 -0.673704 -0.707107
vn 0.952761 -0.303721 0.000000
vn 0.952761 -0.303721 0.000000
vn -0.214763 -0.673704 0.707107
vn 0.952761 -0.303721 0.000000
vn 0.952761 -0.303721 0.000000
vn -0.214763 -0.673704 -0.707107
vn 0.952761 -0.303721 0.000000
vn 0.952761 -0.303721 0.000000
vn -0.214763 -0.673704 0.707107
vn 0.952761 -0.303721 0.000000
vn 0.952761 -0.303721 0.000000
vn 0.000000 0.000000 -1.000000
vn 0.952761 -0.303721 0.000000
vn 0.952761 -0.303721 0.000000
vn 0.952761 -0.303721 0.000000
vn 0.000000 0.000000 1.000000
vn 0.000000 0.000000 1.000000
vn 0.952761 -0.303721 0.000000
vn 0.952761 -0.303721 0.000000
vn 0.000000 0.000000 -1.000000
vn 0.952761 -0.303721 0.000000
vn 0.952761 -0.303721 0.000000
vn 0.952761 -0.303721 0.000000
vn 0.000000 0.000000 1.000000
vn 0.000000 0.000000 1.000000
vn 0.952761 -0.303721 0.000000
vn 0.952761 -0.303721 0.000000
vn 0.000000 0.000000 -1.000000
vn 0.952761 -0.303721 0.000000
vn 0.952761 -0.303721 0.000000
vn 0.952761 -0.303721 0.000000
vn 0.000000 0.000000 1.000000
vn 0.000000 0.000000 1.000000
vn 0.952761 -0.303721 0.000000
vn 0.952761 -0.303721 0.000000
vn 0.000000 0.000000 -1.000000
vn 0.952761 -0.303721 0.000000
vn 0.952761 -0.303721 0.000000
vn 0.952761 -0.303721 0.000000
vn 0.000000 0.000000 1.000000
vn 0.000000 0.000000 1.000000
vn 0.952761 -0.303721 0.000000
vn 0.952761 -0.303721 0.000000
vn 0.000000 0.000000 -1.000000
vn 0.952761 -0.303721 0.000000
vn 0.952761 -0.303721 0.000000
vn 0.952761 -0.303721 0.000000
vn 0.000000 0.000000 1.000000
vn 0.000000 0.000000 1.000000
vn 0.952761 -0.303721 0.000000
vn 0.952761 -0.303721 0.000000
vn 0.000000 0.000000 -1.000000
vn 0.952761 -0.303721 0.000000
vn 0.952761 -0.303721 0.000000
vn 0.952761 -0.303721 0.000000
vn 0.000000 0.000000 1.000000
vn 0.000000 0.000000 1.000000
vn 0.952761 -0.303721 0.000000
vn 0.952761 -0.303721 0.000000
vn 0.214763 0.673704 -0.707107
vn 0.952761 -0.303721 0.000000
vn 0.952761 -0.303721 0.000000
vn 0.214763 0.673704 0.707107
vn 0.952761 -0.303721 0.000000
vn 0.952761 -0.303721 0.000000
vn 0.214763 0.673704 -0.707107
vn 0.952761 -0.303721 0.000000
vn 0.952761 -0.303721 0.000000
vn 0.214763 0.673704 0.707107
vn 0.952761 -0.303721 0.000000
vn 0.952761 -0.303721 0.000000
vn 0.214763 0.673704 -0.707107
vn 0.952761 -0.303721 0.000000
vn 0.952761 -0.303721 0.000000
vn 0.214763 0.673704 0.707107
vn 0.952761 -0.303721 0.000000
vn 0.952761 -0.303721 0.000000
vn 0.214763 0.673704 -0.707107
vn 0.952761 -0.303721 0.000000
vn 0.952761 -0.303721 0.000000
vn 0.214763 0.673704 0.707107
vn 0.952761 -0.303721 0.000000
vn 0.952761 -0.303721 0.000000
vn -0.200687 -0.979468 -0.019146
vn -0.200687 -0.979468 -0.019146
vn -0.200687 -0.979468 -0.019146
vn -0.200222 -0.979703 0.009667
vn -0.200222 -0.979703 0.009667
vn -0.200222 -0.979703 0.009667
vn 0.303721 0.952761 0.000000
vn 0.952761 -0.303721 0.000000
vn 0.952761 -0.303721 0.000000
vn 0.303721 0.952761 0.000000
vn 0.952761 -0.303721 0.000000
vn 0.952761 -0.303721 0.000000
vn 0.303721 0.952761 0.000000
vn 0.952761 -0.303721 0.000000
vn 0.952761 -0.303721 0.000000
vn 0.303721 0.952761 0.000000
vn 0.952761 -0.303721 0.000000
vn 0.952761 -0.303721 0.000000
vn 0.075655 -0.130653 -0.988537
vn 0.075655 -0.130653 0.988537
vn 0.214763 0.673704 -0.707107
vn 0.952761 -0.303721 0.000000
vn 0.952761 -0.303721 0.000000
vn 0.214763 0.673704 0.707107
vn 0.952761 -0.303721 0.000000
vn 0.952761 -0.303721 0.000000
vn 0.214763 0.673704 -0.707107
vn 0.952761 -0.303721 0.000000
vn 0.952761 -0.303721 0.000000
vn 0.214763 0.673704 0.707107
vn 0.952761 -0.303721 0.000000
vn 0.952761 -0.303721 0.000000
vn 0.303721 0.952761 0.000000
vn 0.952761 -0.303721 0.000000
vn 0.952761 -0.303721 0.000000
vn 0.303721 0.952761 0.000000
vn 0.952761 -0.303721 0.000000
vn 0.952761 -0.303721 0.000000
vn 0.816107 -0.577841 -0.008318
vn 0.816107 -0.577841 -0.008318
vn 0.914540 -0.404455 0.005677
vn 0.914540 -0.404455 0.005677
vn 0.161541 0.137779 -0.977201
vn 0.161541 0.137779 0.977201
vn 0.365695 0.930678 -0.010290
vn 0.365695 0.930678 -0.010290
vn 0.365695 0.930678 -0.010290
vn 0.490856 0.871075 0.016994
vn 0.490856 0.871075 0.016994
vn 0.490856 0.871075 0.016994
vn 0.991275 -0.131486 -0.009208
vn 0.991275 -0.131486 -0.009208
vn 0.991055 -0.132203 0.018245
vn 0.991055 -0.132203 0.018245
usemtl Trim
s 1
f 99/99/99 130/130/130 514/514/514
f 99/99/99 514/514/514 502/502/502
f 130/130/130 151/151/151 521/521/521
f 130/130/130 521/521/521 514/514/514
f 151/151/151 127/127/127 513/513/513
f 151/151/151 513/513/513 521/521/521
f 127/127/127 95/95/95 501/501/501
f 127/127/127 501/501/501 513/513/513
f 95/95/95 55/55/55 443/443/443
f 95/95/95 443/443/443 501/501/501
f 55/55/55 38/38/38 439/439/439
f 55/55/55 439/439/439 443/443/443
f 38/38/38 58/58/58 444/444/444
f 38/38/38 444/444/444 439/439/439
f 58/58/58 100/100/100 503/503/503
f 58/58/58 503/503/503 444/444/444
f 502/502/502 514/514/514 614/614/614
f 502/502/502 614/614/614 602/602/602
f 514/514/514 521/521/521 621/621/621
f 514/514/514 621/621/621 614/614/614
f 521/521/521 513/513/513 613/613/613
f 521/521/521 613/613/613 621/621/621
f 513/513/513 501/501/501 601/601/601
f 513/513/513 601/601/601 613/613/613
f 501/501/501 443/443/443 587/587/587
f 501/501/501 587/587/587 601/601/601
f 443/443/443 439/439/439 583/583/583
f 443/443/443 583/583/583 587/587/587
f 439/439/439 444/444/444 588/588/588
f 439/439/439 588/588/588 583/583/583
f 444/444/444 503/503/503 603/603/603
f 444/444/444 603/603/603 588/588/588
f 602/602/602 614/614/614 714/714/714
f 602/602/602 714/714/714 702/702/702
f 614/614/614 621/621/621 721/721/721
f 614/614/614 721/721/721 714/714/714
f 621/621/621 613/613/613 713/713/713
f 621/621/621 713/713/713 721/721/721
f 613/613/613 601/601/601 701/701/701
f 613/613/613 701/701/701 713/713/713
f 601/601/601 587/587/587 687/687/687
f 601/601/601 687/687/687 701/701/701
f 587/587/587 583/583/583 683/683/683
f 587/587/587 683/683/683 687/687/687
f 583/583/583 588/588/588 688/688/688
f 583/583/583 688/688/688 683/683/683
f 588/588/588 603/603/603 703/703/703
f 588/588/588 703/703/703 688/688/688
f 702/702/702 714/714/714 814/814/814
f 702/702/702 814/814/814 802/802/802
f 714/714/714 721/721/721 821/821/821
f 714/714/714 821/821/821 814/814/814
f 721/721/721 713/713/713 813/813/813
f 721/721/721 813/813/813 821/821/821
f 713/713/713 701/701/701 801/801/801
f 713/713/713 801/801/801 813/813/813
f 701/701/701 687/687/687 787/787/787
f 701/701/701 787/787/787 801/801/801
f 687/687/687 683/683/683 783/783/783
f 687/687/687 783/783/783 787/787/787
f 683/683/683 688/688/688 788/788/788
f 683/683/683 788/788/788 783/783/783
f 688/688/688 703/703/703 803/803/803
f 688/688/688 803/803/803 788/788/788
f 802/802/802 814/814/814 914/914/914
f 802/802/802 914/914/914 902/902/902
f 814/814/814 821/821/821 921/921/921
f 814/814/814 921/921/921 914/914/914
f 821/821/821 813/813/813 913/913/913
f 821/821/821 913/913/913 921/921/921
f 813/813/813 801/801/801 901/901/901
f 813/813/813 901/901/901 913/913/913
f 801/801/801 787/787/787 887/887/887
f 801/801/801 887/887/887 901/901/901
f 787/787/787 783/783/783 883/883/883
f 787/787/787 883/883/883 887/887/887
f 783/783/783 788/788/788 888/888/888
f 783/783/783 888/888/888 883/883/883
f 788/788/788 803/803/803 903/903/903
f 788/788/788 903/903/903 888/888/888
f 902/902/902 914/914/914 1214/1214/1214
f 902/902/902 1214/1214/1214 1186/1186/1186
f 914/914/914 921/921/921 1229/1229/1229
f 914/914/914 1229/1229/1229 1214/1214/1214
f 921/921/921 913/913/913 1213/1213/1213
f 921/921/921 1213/1213/1213 1229/1229/1229
f 913/913/913 901/901/901 1185/1185/1185
f 913/913/913 1185/1185/1185 1213/1213/1213
f 901/901/901 887/887/887 1163/1163/1163
f 901/901/901 1163/1163/1163 1185/1185/1185
f 887/887/887 883/883/883 1143/1143/1143
f 887/887/887 1143/1143/1143 1163/1163/1163
f 883/883/883 888/888/888 1164/1164/1164
f 883/883/883 1164/1164/1164 1143/1143/1143
f 888/888/888 903/903/903 1187/1187/1187
f 888/888/888 1187/1187/1187 1164/1164/1164
f 1186/1186/1186 1214/1214/1214 1366/1366/1366
f 1186/1186/1186 1366/1366/1366 1354/1354/1354
f 1214/1214/1214 1229/1229/1229 1373/1373/1373
f 1214/1214/1214 1373/1373/1373 1366/1366/1366
f 1229/1229/1229 1213/1213/1213 1365/1365/1365
f 1229/1229/1229 1365/1365/1365 1373/1373/1373
f 1213/1213/1213 1185/1185/1185 1353/1353/1353
f 1213/1213/1213 1353/1353/1353 1365/1365/1365
f 1185/1185/1185 1163/1163/1163 1339/1339/1339
f 1185/1185/1185 1339/1339/1339 1353/1353/1353
f 1163/1163/1163 1143/1143/1143 1335/1335/1335
f 1163/1163/1163 1335/1335/1335 1339/1339/1339
f 1143/1143/1143 1164/1164/1164 1340/1340/1340
f 1143/1143/1143 1340/1340/1340 1335/1335/1335
f 1164/1164/1164 1187/1187/1187 1355/1355/1355
f 1164/1164/1164 1355/1355/1355 1340/1340/1340
f 1354/1354/1354 1366/1366/1366 1466/1466/1466
f 1354/1354/1354 1466/1466/1466 1454/1454/1454
f 1366/1366/1366 1373/1373/1373 1473/1473/1473
f 1366/1366/1366 1473/1473/1473 1466/1466/1466
f 1373/1373/1373 1365/1365/1365 1465/1465/1465
f 1373/1373/1373 1465/1465/1465 1473/1473/1473
f 1365/1365/1365 1353/1353/1353 1453/1453/1453
f 1365/1365/1365 1453/1453/1453 1465/1465/1465
f 1353/1353/1353 1339/1339/1339 1439/1439/1439
f 1353/1353/1353 1439/1439/1439 1453/1453/1453
f 1339/1339/1339 1335/1335/1335 1435/1435/1435
f 1339/1339/1339 1435/1435/1435 1439/1439/1439
f 1335/1335/1335 1340/1340/1340 1440/1440/1440
f 1335/1335/1335 1440/1440/1440 1435/1435/1435
f 1340/1340/1340 1355/1355/1355 1455/1455/1455
f 1340/1340/1340 1455/1455/1455 1440/1440/1440
f 1454/1454/1454 1466/1466/1466 1566/1566/1566
f 1454/1454/1454 1566/1566/1566 1554/1554/1554
f 1466/1466/1466 1473/1473/1473 1573/1573/1573
f 1466/1466/1466 1573/1573/1573 1566/1566/1566
f 1473/1473/1473 1465/1465/1465 1565/1565/1565
f 1473/1473/1473 1565/1565/1565 1573/1573/1573
f 1465/1465/1465 1453/1453/1453 1553/1553/1553
f 1465/1465/1465 1553/1553/1553 1565/1565/1565
f 1453/1453/1453 1439/1439/1439 1539/1539/1539
f 1453/1453/1453 1539/1539/1539 1553/1553/1553
f 1439/1439/1439 1435/1435/1435 1535/1535/1535
f 1439/1439/1439 1535/1535/1535 1539/1539/1539
f 1435/1435/1435 1440/1440/1440 1540/1540/1540
f 1435/1435/1435 1540/1540/1540 1535/1535/1535
f 1440/1440/1440 1455/1455/1455 1555/1555/1555
f 1440/1440/1440 1555/1555/1555 1540/1540/1540
f 1554/1554/1554 1566/1566/1566 1666/1666/1666
f 1554/1554/1554 1666/1666/1666 1654/1654/1654
f 1566/1566/1566 1573/1573/1573 1673/1673/1673
f 1566/1566/1566 1673/1673/1673 1666/1666/1666
f 1573/1573/1573 1565/1565/1565 1665/1665/1665
f 1573/1573/1573 1665/1665/1665 1673/1673/1673
f 1565/1565/1565 1553/1553/1553 1653/1653/1653
f 1565/1565/1565 1653/1653/1653 1665/1665/1665
f 1553/1553/1553 1539/1539/1539 1639/1639/1639
f 1553/1553/1553 1639/1639/1639 1653/1653/1653
f 1539/1539/1539 1535/1535/1535 1635/1635/1635
f 1539/1539/1539 1635/1635/1635 1639/1639/1639
f 1535/1535/1535 1540/1540/1540 1640/1640/1640
f 1535/1535/1535 1640/1640/1640 1635/1635/1635
f 1540/1540/1540 1555/1555/1555 1655/1655/1655
f 1540/1540/1540 1655/1655/1655 1640/1640/1640
f 1654/1654/1654 1666/1666/1666 1926/1926/1926
f 1654/1654/1654 1926/1926/1926 1914/1914/1914
f 1666/1666/1666 1673/1673/1673 1933/1933/1933
f 1666/1666/1666 1933/1933/1933 1926/1926/1926
f 1673/1673/1673 1665/1665/1665 1925/1925/1925
f 1673/1673/1673 1925/1925/1925 1933/1933/1933
f 1665/1665/1665 1653/1653/1653 1913/1913/1913
f 1665/1665/1665 1913/1913/1913 1925/1925/1925
f 1653/1653/1653 1639/1639/1639 1891/1891/1891
f 1653/1653/1653 1891/1891/1891 1913/1913/1913
f 1639/1639/1639 1635/1635/1635 1871/1871/1871
f 1639/1639/1639 1871/1871/1871 1891/1891/1891
f 1635/1635/1635 1640/1640/1640 1892/1892/1892
f 1635/1635/1635 1892/1892/1892 1871/1871/1871
f 1640/1640/1640 1655/1655/1655 1915/1915/1915
f 1640/1640/1640 1915/1915/1915 1892/1892/1892
f 1914/1914/1914 1926/1926/1926 2118/2118/2118
f 1914/1914/1914 2118/2118/2118 2106/2106/2106
f 1926/1926/1926 1933/1933/1933 2125/2125/2125
f 1926/1926/1926 2125/2125/2125 2118/2118/2118
f 1933/1933/1933 1925/1925/1925 2117/2117/2117
f 1933/1933/1933 2117/2117/2117 2125/2125/2125
f 1925/1925/1925 1913/1913/1913 2105/2105/2105
f 1925/1925/1925 2105/2105/2105 2117/2117/2117
f 1913/1913/1913 1891/1891/1891 2091/2091/2091
f 1913/1913/1913 2091/2091/2091 2105/2105/2105
f 1891/1891/1891 1871/1871/1871 2087/2087/2087
f 1891/1891/1891 2087/2087/2087 2091/2091/2091
f 1871/1871/1871 1892/1892/1892 2092/2092/2092
f 1871/1871/1871 2092/2092/2092 2087/2087/2087
f 1892/1892/1892 1915/1915/1915 2107/2107/2107
f 1892/1892/1892 2107/2107/2107 2092/2092/2092
f 2106/2106/2106 2118/2118/2118 2218/2218/2218
f 2106/2106/2106 2218/2218/2218 2206/2206/2206
f 2118/2118/2118 2125/2125/2125 2225/2225/2225
f 2118/2118/2118 2225/2225/2225 2218/2218/2218
f 2125/2125/2125 2117/2117/2117 2217/2217/2217
f 2125/2125/2125 2217/2217/2217 2225/2225/2225
f 2117/2117/2117 2105/2105/2105 2205/2205/2205
f 2117/2117/2117 2205/2205/2205 2217/2217/2217
f 2105/2105/2105 2091/2091/2091 2191/2191/2191
f 2105/2105/2105 2191/2191/2191 2205/2205/2205
f 2091/2091/2091 2087/2087/2087 2187/2187/2187
f 2091/2091/2091 2187/2187/2187 2191/2191/2191
f 2087/2087/2087 2092/2092/2092 2192/2192/2192
f 2087/2087/2087 2192/2192/2192 2187/2187/2187
f 2092/2092/2092 2107/2107/2107 2207/2207/2207
f 2092/2092/2092 2207/2207/2207 2192/2192/2192
f 2206/2206/2206 2218/2218/2218 2318/2318/2318
f 2206/2206/2206 2318/2318/2318 2306/2306/2306
f 2218/2218/2218 2225/2225/2225 2325/2325/2325
f 2218/2218/2218 2325/2325/2325 2318/2318/2318
f 2225/2225/2225 2217/2217/2217 2317/2317/2317
f 2225/2225/2225 2317/2317/2317 2325/2325/2325
f 2217/2217/2217 2205/2205/2205 2305/2305/2305
f 2217/2217/2217 2305/2305/2305 2317/2317/2317
f 2205/2205/2205 2191/2191/2191 2291/2291/2291
f 2205/2205/2205 2291/2291/2291 2305/2305/2305
f 2191/2191/2191 2187/2187/2187 2287/2287/2287
f 2191/2191/2191 2287/2287/2287 2291/2291/2291
f 2187/2187/2187 2192/2192/2192 2292/2292/2292
f 2187/2187/2187 2292/2292/2292 2287/2287/2287
f 2192/2192/2192 2207/2207/2207 2307/2307/2307
f 2192/2192/2192 2307/2307/2307 2292/2292/2292
f 2306/2306/2306 2318/2318/2318 2418/2418/2418
f 2306/2306/2306 2418/2418/2418 2406/2406/2406
f 2318/2318/2318 2325/2325/2325 2425/2425/2425
f 2318/2318/2318 2425/2425/2425 2418/2418/2418
f 2325/2325/2325 2317/2317/2317 2417/2417/2417
f 2325/2325/2325 2417/2417/2417 2425/2425/2425
f 2317/2317/2317 2305/2305/2305 2405/2405/2405
f 2317/2317/2317 2405/2405/2405 2417/2417/2417
f 2305/2305/2305 2291/2291/2291 2391/2391/2391
f 2305/2305/2305 2391/2391/2391 2405/2405/2405
f 2291/2291/2291 2287/2287/2287 2387/2387/2387
f 2291/2291/2291 2387/2387/2387 2391/2391/2391
f 2287/2287/2287 2292/2292/2292 2392/2392/2392
f 2287/2287/2287 2392/2392/2392 2387/2387/2387
f 2292/2292/2292 2307/2307/2307 2407/2407/2407
f 2292/2292/2292 2407/2407/2407 2392/2392/2392
f 2406/2406/2406 2418/2418/2418 2624/2624/2624
f 2406/2406/2406 2624/2624/2624 2628/2628/2628
f 2418/2418/2418 2425/2425/2425 2621/2621/2621
f 2418/2418/2418 2621/2621/2621 2624/2624/2624
f 2425/2425/2425 2417/2417/2417 2623/2623/2623
f 2425/2425/2425 2623/2623/2623 2621/2621/2621
f 2417/2417/2417 2405/2405/2405 2627/2627/2627
f 2417/2417/2417 2627/2627/2627 2623/2623/2623
f 2405/2405/2405 2391/2391/2391 2633/2633/2633
f 2405/2405/2405 2633/2633/2633 2627/2627/2627
f 2391/2391/2391 2387/2387/2387 2637/2637/2637
f 2391/2391/2391 2637/2637/2637 2633/2633/2633
f 2387/2387/2387 2392/2392/2392 2634/2634/2634
f 2387/2387/2387 2634/2634/2634 2637/2637/2637
f 2392/2392/2392 2407/2407/2407 2629/2629/2629
f 2392/2392/2392 2629/2629/2629 2634/2634/2634
f 2628/2628/2628 2624/2624/2624 2844/2844/2844
f 2628/2628/2628 2844/2844/2844 2858/2858/2858
f 2624/2624/2624 2621/2621/2621 2839/2839/2839
f 2624/2624/2624 2839/2839/2839 2844/2844/2844
f 2621/2621/2621 2623/2623/2623 2843/2843/2843
f 2621/2621/2621 2843/2843/2843 2839/2839/2839
f 2623/2623/2623 2627/2627/2627 2857/2857/2857
f 2623/2623/2623 2857/2857/2857 2843/2843/2843
f 2627/2627/2627 2633/2633/2633 2869/2869/2869
f 2627/2627/2627 2869/2869/2869 2857/2857/2857
f 2633/2633/2633 2637/2637/2637 2877/2877/2877
f 2633/2633/2633 2877/2877/2877 2869/2869/2869
f 2637/2637/2637 2634/2634/2634 2870/2870/2870
f 2637/2637/2637 2870/2870/2870 2877/2877/2877
f 2634/2634/2634 2629/2629/2629 2859/2859/2859
f 2634/2634/2634 2859/2859/2859 2870/2870/2870
f 2858/2858/2858 2844/2844/2844 2944/2944/2944
f 2858/2858/2858 2944/2944/2944 2958/2958/2958
f 2844/2844/2844 2839/2839/2839 2939/2939/2939
f 2844/2844/2844 2939/2939/2939 2944/2944/2944
f 2839/2839/2839 2843/2843/2843 2943/2943/2943
f 2839/2839/2839 2943/2943/2943 2939/2939/2939
f 2843/2843/2843 2857/2857/2857 2957/2957/2957
f 2843/2843/2843 2957/2957/2957 2943/2943/2943
f 2857/2857/2857 2869/2869/2869 2969/2969/2969
f 2857/2857/2857 2969/2969/2969 2957/2957/2957
f 2869/2869/2869 2877/2877/2877 2977/2977/2977
f 2869/2869/2869 2977/2977/2977 2969/2969/2969
f 2877/2877/2877 2870/2870/2870 2970/2970/2970
f 2877/2877/2877 2970/2970/2970 2977/2977/2977
f 2870/2870/2870 2859/2859/2859 2959/2959/2959
f 2870/2870/2870 2959/2959/2959 2970/2970/2970
f 2958/2958/2958 2944/2944/2944 3044/3044/3044
f 2958/2958/2958 3044/3044/3044 3058/3058/3058
f 2944/2944/2944 2939/2939/2939 3039/3039/3039
f 2944/2944/2944 3039/3039/3039 3044/3044/3044
f 2939/2939/2939 2943/2943/2943 3043/3043/3043
f 2939/2939/2939 3043/3043/3043 3039/3039/3039
f 2943/2943/2943 2957/2957/2957 3057/3057/3057
f 2943/2943/2943 3057/3057/3057 3043/3043/3043
f 2957/2957/2957 2969/2969/2969 3069/3069/3069
f 2957/2957/2957 3069/3069/3069 3057/3057/3057
f 2969/2969/2969 2977/2977/2977 3077/3077/3077
f 2969/2969/2969 3077/3077/3077 3069/3069/3069
f 2977/2977/2977 2970/2970/2970 3070/3070/3070
f 2977/2977/2977 3070/3070/3070 3077/3077/3077
f 2970/2970/2970 2959/2959/2959 3059/3059/3059
f 2970/2970/2970 3059/3059/3059 3070/3070/3070
f 3058/3058/3058 3044/3044/3044 3144/3144/3144
f 3058/3058/3058 3144/3144/3144 3158/3158/3158
f 3044/3044/3044 3039/3039/3039 3139/3139/3139
f 3044/3044/3044 3139/3139/3139 3144/3144/3144
f 3039/3039/3039 3043/3043/3043 3143/3143/3143
f 3039/3039/3039 3143/3143/3143 3139/3139/3139
f 3043/3043/3043 3057/3057/3057 3157/3157/3157
f 3043/3043/3043 3157/3157/3157 3143/3143/3143
f 3057/3057/3057 3069/3069/3069 3169/3169/3169
f 3057/3057/3057 3169/3169/3169 3157/3157/3157
f 3069/3069/3069 3077/3077/3077 3177/3177/3177
f 3069/3069/3069 3177/3177/3177 3169/3169/3169
f 3077/3077/3077 3070/3070/3070 3170/3170/3170
f 3077/3077/3077 3170/3170/3170 3177/3177/3177
f 3070/3070/3070 3059/3059/3059 3159/3159/3159
f 3070/3070/3070 3159/3159/3159 3170/3170/3170
f 3158/3158/3158 3144/3144/3144 3328/3328/3328
f 3158/3158/3158 3328/3328/3328 3342/3342/3342
f 3144/3144/3144 3139/3139/3139 3323/3323/3323
f 3144/3144/3144 3323/3323/3323 3328/3328/3328
f 3139/3139/3139 3143/3143/3143 3327/3327/3327
f 3139/3139/3139 3327/3327/3327 3323/3323/3323
f 3143/3143/3143 3157/3157/3157 3341/3341/3341
f 3143/3143/3143 3341/3341/3341 3327/3327/3327
f 3157/3157/3157 3169/3169/3169 3361/3361/3361
f 3157/3157/3157 3361/3361/3361 3341/3341/3341
f 3169/3169/3169 3177/3177/3177 3385/3385/3385
f 3169/3169/3169 3385/3385/3385 3361/3361/3361
f 3177/3177/3177 3170/3170/3170 3362/3362/3362
f 3177/3177/3177 3362/3362/3362 3385/3385/3385
f 3170/3170/3170 3159/3159/3159 3343/3343/3343
f 3170/3170/3170 3343/3343/3343 3362/3362/3362
f 3342/3342/3342 3328/3328/3328 3596/3596/3596
f 3342/3342/3342 3596/3596/3596 3610/3610/3610
f 3328/3328/3328 3323/3323/3323 3591/3591/3591
f 3328/3328/3328 3591/3591/3591 3596/3596/3596
f 3323/3323/3323 3327/3327/3327 3595/3595/3595
f 3323/3323/3323 3595/3595/3595 3591/3591/3591
f 3327/3327/3327 3341/3341/3341 3609/3609/3609
f 3327/3327/3327 3609/3609/3609 3595/3595/3595
f 3341/3341/3341 3361/3361/3361 3621/3621/3621
f 3341/3341/3341 3621/3621/3621 3609/3609/3609
f 3361/3361/3361 3385/3385/3385 3629/3629/3629
f 3361/3361/3361 3629/3629/3629 3621/3621/3621
f 3385/3385/3385 3362/3362/3362 3622/3622/3622
f 3385/3385/3385 3622/3622/3622 3629/3629/3629
f 3362/3362/3362 3343/3343/3343 3611/3611/3611
f 3362/3362/3362 3611/3611/3611 3622/3622/3622
f 3610/3610/3610 3596/3596/3596 3696/3696/3696
f 3610/3610/3610 3696/3696/3696 3710/3710/3710
f 3596/3596/3596 3591/3591/3591 3691/3691/3691
f 3596/3596/3596 3691/3691/3691 3696/3696/3696
f 3591/3591/3591 3595/3595/3595 3695/3695/3695
f 3591/3591/3591 3695/3695/3695 3691/3691/3691
f 3595/3595/3595 3609/3609/3609 3709/3709/3709
f 3595/3595/3595 3709/3709/3709 3695/3695/3695
f 3609/3609/3609 3621/3621/3621 3721/3721/3721
f 3609/3609/3609 3721/3721/3721 3709/3709/3709
f 3621/3621/3621 3629/3629/3629 3729/3729/3729
f 3621/3621/3621 3729/3729/3729 3721/3721/3721
f 3629/3629/3629 3622/3622/3622 3722/3722/3722
f 3629/3629/3629 3722/3722/3722 3729/3729/3729
f 3622/3622/3622 3611/3611/3611 3711/3711/3711
f 3622/3622/3622 3711/3711/3711 3722/3722/3722
f 3710/3710/3710 3696/3696/3696 3796/3796/3796
f 3710/3710/3710 3796/3796/3796 3810/3810/3810
f 3696/3696/3696 3691/3691/3691 3791/3791/3791
f 3696/3696/3696 3791/3791/3791 3796/3796/3796
f 3691/3691/3691 3695/3695/3695 3795/3795/3795
f 3691/3691/3691 3795/3795/3795 3791/3791/3791
f 3695/3695/3695 3709/3709/3709 3809/3809/3809
f 3695/3695/3695 3809/3809/3809 3795/3795/3795
f 3709/3709/3709 3721/3721/3721 3821/3821/3821
f 3709/3709/3709 3821/3821/3821 3809/3809/3809
f 3721/3721/3721 3729/3729/3729 3829/3829/3829
f 3721/3721/3721 3829/3829/3829 3821/3821/3821
f 3729/3729/3729 3722/3722/3722 3822/3822/3822
f 3729/3729/3729 3822/3822/3822 3829/3829/3829
f 3722/3722/3722 3711/3711/3711 3811/3811/3811
f 3722/3722/3722 3811/3811/3811 3822/3822/3822
f 3810/3810/3810 3796/3796/3796 3896/3896/3896
f 3810/3810/3810 3896/3896/3896 3910/3910/3910
f 3796/3796/3796 3791/3791/3791 3891/3891/3891
f 3796/3796/3796 3891/3891/3891 3896/3896/3896
f 3791/3791/3791 3795/3795/3795 3895/3895/3895
f 3791/3791/3791 3895/3895/3895 3891/3891/3891
f 3795/3795/3795 3809/3809/3809 3909/3909/3909
f 3795/3795/3795 3909/3909/3909 3895/3895/3895
f 3809/3809/3809 3821/3821/3821 3921/3921/3921
f 3809/3809/3809 3921/3921/3921 3909/3909/3909
f 3821/3821/3821 3829/3829/3829 3929/3929/3929
f 3821/3821/3821 3929/3929/3929 3921/3921/3921
f 3829/3829/3829 3822/3822/3822 3922/3922/3922
f 3829/3829/3829 3922/3922/3922 3929/3929/3929
f 3822/3822/3822 3811/3811/3811 3911/3911/3911
f 3822/3822/3822 3911/3911/3911 3922/3922/3922
f 3910/3910/3910 3896/3896/3896 4040/4040/4040
f 3910/3910/3910 4040/4040/4040 4070/4070/4070
f 3896/3896/3896 3891/3891/3891 4027/4027/4027
f 3896/3896/3896 4027/4027/4027 4040/4040/4040
f 3891/3891/3891 3895/3895/3895 4039/4039/4039
f 3891/3891/3891 4039/4039/4039 4027/4027/4027
f 3895/3895/3895 3909/3909/3909 4069/4069/4069
f 3895/3895/3895 4069/4069/4069 4039/4039/4039
f 3909/3909/3909 3921/3921/3921 4089/4089/4089
f 3909/3909/3909 4089/4089/4089 4069/4069/4069
f 3921/3921/3921 3929/3929/3929 4113/4113/4113
f 3921/3921/3921 4113/4113/4113 4089/4089/4089
f 3929/3929/3929 3922/3922/3922 4090/4090/4090
f 3929/3929/3929 4090/4090/4090 4113/4113/4113
f 3922/3922/3922 3911/3911/3911 4071/4071/4071
f 3922/3922/3922 4071/4071/4071 4090/4090/4090
f 4070/4070/4070 4040/4040/4040 4348/4348/4348
f 4070/4070/4070 4348/4348/4348 4362/4362/4362
f 4040/4040/4040 4027/4027/4027 4343/4343/4343
f 4040/4040/4040 4343/4343/4343 4348/4348/4348
f 4027/4027/4027 4039/4039/4039 4347/4347/4347
f 4027/4027/4027 4347/4347/4347 4343/4343/4343
f 4039/4039/4039 4069/4069/4069 4361/4361/4361
f 4039/4039/4039 4361/4361/4361 4347/4347/4347
f 4069/4069/4069 4089/4089/4089 4373/4373/4373
f 4069/4069/4069 4373/4373/4373 4361/4361/4361
f 4089/4089/4089 4113/4113/4113 4381/4381/4381
f 4089/4089/4089 4381/4381/4381 4373/4373/4373
f 4113/4113/4113 4090/4090/4090 4374/4374/4374
f 4113/4113/4113 4374/4374/4374 4381/4381/4381
f 4090/4090/4090 4071/4071/4071 4363/4363/4363
f 4090/4090/4090 4363/4363/4363 4374/4374/4374
f 4362/4362/4362 4348/4348/4348 4448/4448/4448
f 4362/4362/4362 4448/4448/4448 4462/4462/4462
f 4348/4348/4348 4343/4343/4343 4443/4443/4443
f 4348/4348/4348 4443/4443/4443 4448/4448/4448
f 4343/4343/4343 4347/4347/4347 4447/4447/4447
f 4343/4343/4343 4447/4447/4447 4443/4443/4443
f 4347/4347/4347 4361/4361/4361 4461/4461/4461
f 4347/4347/4347 4461/4461/4461 4447/4447/4447
f 4361/4361/4361 4373/4373/4373 4473/4473/4473
f 4361/4361/4361 4473/4473/4473 4461/4461/4461
f 4373/4373/4373 4381/4381/4381 4481/4481/4481
f 4373/4373/4373 4481/4481/4481 4473/4473/4473
f 4381/4381/4381 4374/4374/4374 4474/4474/4474
f 4381/4381/4381 4474/4474/4474 4481/4481/4481
f 4374/4374/4374 4363/4363/4363 4463/4463/4463
f 4374/4374/4374 4463/4463/4463 4474/4474/4474
f 4462/4462/4462 4448/4448/4448 4548/4548/4548
f 4462/4462/4462 4548/4548/4548 4562/4562/4562
f 4448/4448/4448 4443/4443/4443 4543/4543/4543
f 4448/4448/4448 4543/4543/4543 4548/4548/4548
f 4443/4443/4443 4447/4447/4447 4547/4547/4547
f 4443/4443/4443 4547/4547/4547 4543/4543/4543
f 4447/4447/4447 4461/4461/4461 4561/4561/4561
f 4447/4447/4447 4561/4561/4561 4547/4547/4547
f 4461/4461/4461 4473/4473/4473 4573/4573/4573
f 4461/4461/4461 4573/4573/4573 4561/4561/4561
f 4473/4473/4473 4481/4481/4481 4581/4581/4581
f 4473/4473/4473 4581/4581/4581 4573/4573/4573
f 4481/4481/4481 4474/4474/4474 4574/4574/4574
f 4481/4481/4481 4574/4574/4574 4581/4581/4581
f 4474/4474/4474 4463/4463/4463 4563/4563/4563
f 4474/4474/4474 4563/4563/4563 4574/4574/4574
f 4562/4562/4562 4548/4548/4548 4648/4648/4648
f 4562/4562/4562 4648/4648/4648 4662/4662/4662
f 4548/4548/4548 4543/4543/4543 4643/4643/4643
f 4548/4548/4548 4643/4643/4643 4648/4648/4648
f 4543/4543/4543 4547/4547/4547 4647/4647/4647
f 4543/4543/4543 4647/4647/4647 4643/4643/4643
f 4547/4547/4547 4561/4561/4561 4661/4661/4661
f 4547/4547/4547 4661/4661/4661 4647/4647/4647
f 4561/4561/4561 4573/4573/4573 4673/4673/4673
f 4561/4561/4561 4673/4673/4673 4661/4661/4661
f 4573/4573/4573 4581/4581/4581 4681/4681/4681
f 4573/4573/4573 4681/4681/4681 4673/4673/4673
f 4581/4581/4581 4574/4574/4574 4674/4674/4674
f 4581/4581/4581 4674/4674/4674 4681/4681/4681
f 4574/4574/4574 4563/4563/4563 4663/4663/4663
f 4574/4574/4574 4663/4663/4663 4674/4674/4674
f 4662/4662/4662 4648/4648/4648 4748/4748/4748
f 4662/4662/4662 4748/4748/4748 4762/4762/4762
f 4648/4648/4648 4643/4643/4643 4743/4743/4743
f 4648/4648/4648 4743/4743/4743 4748/4748/4748
f 4643/4643/4643 4647/4647/4647 4747/4747/4747
f 4643/4643/4643 4747/4747/4747 4743/4743/4743
f 4647/4647/4647 4661/4661/4661 4761/4761/4761
f 4647/4647/4647 4761/4761/4761 4747/4747/4747
f 4661/4661/4661 4673/4673/4673 4809/4809/4809
f 4661/4661/4661 4809/4809/4809 4761/4761/4761
f 4673/4673/4673 4681/4681/4681 4817/4817/4817
f 4673/4673/4673 4817/4817/4817 4809/4809/4809
f 4681/4681/4681 4674/4674/4674 4810/4810/4810
f 4681/4681/4681 4810/4810/4810 4817/4817/4817
f 4674/4674/4674 4663/4663/4663 4763/4763/4763
f 4674/4674/4674 4763/4763/4763 4810/4810/4810
f 4762/4762/4762 4748/4748/4748 5122/5122/5122
f 4762/4762/4762 5122/5122/5122 5163/5163/5163
f 4748/4748/4748 4743/4743/4743 5107/5107/5107
f 4748/4748/4748 5107/5107/5107 5122/5122/5122
f 4743/4743/4743 4747/4747/4747 5119/5119/5119
f 4743/4743/4743 5119/5119/5119 5107/5107/5107
f 4747/4747/4747 4761/4761/4761 5159/5159/5159
f 4747/4747/4747 5159/5159/5159 5119/5119/5119
f 4761/4761/4761 4809/4809/4809 5191/5191/5191
f 4761/4761/4761 5191/5191/5191 5159/5159/5159
f 4809/4809/4809 4817/4817/4817 5221/5221/5221
f 4809/4809/4809 5221/5221/5221 5191/5191/5191
f 4817/4817/4817 4810/4810/4810 5194/5194/5194
f 4817/4817/4817 5194/5194/5194 5221/5221/5221
f 4810/4810/4810 4763/4763/4763 5164/5164/5164
f 4810/4810/4810 5164/5164/5164 5194/5194/5194
f 96/96/96 129/129/129 97/97/97
f 96/96/96 150/150/150 128/128/128
f 96/96/96 126/126/126 149/149/149
f 96/96/96 94/94/94 125/125/125
f 96/96/96 54/54/54 93/93/93
f 96/96/96 37/37/37 53/53/53
f 96/96/96 57/57/57 36/36/36
f 96/96/96 98/98/98 56/56/56
f 5162/5162/5162 5165/5165/5165 5124/5124/5124
f 5162/5162/5162 5123/5123/5123 5109/5109/5109
f 5162/5162/5162 5108/5108/5108 5121/5121/5121
f 5162/5162/5162 5120/5120/5120 5161/5161/5161
f 5162/5162/5162 5160/5160/5160 5193/5193/5193
f 5162/5162/5162 5192/5192/5192 5223/5223/5223
f 5162/5162/5162 5222/5222/5222 5196/5196/5196
f 5162/5162/5162 5195/5195/5195 5166/5166/5166
f 115/115/115 142/142/142 518/518/518
f 115/115/115 518/518/518 508/508/508
f 142/142/142 157/157/157 523/523/523
f 142/142/142 523/523/523 518/518/518
f 157/157/157 139/139/139 517/517/517
f 157/157/157 517/517/517 523/523/523
f 139/139/139 111/111/111 507/507/507
f 139/139/139 507/507/507 517/517/517
f 111/111/111 67/67/67 447/447/447
f 111/111/111 447/447/447 507/507/507
f 67/67/67 44/44/44 441/441/441
f 67/67/67 441/441/441 447/447/447
f 44/44/44 70/70/70 448/448/448
f 44/44/44 448/448/448 441/441/441
f 70/70/70 116/116/116 509/509/509
f 70/70/70 509/509/509 448/448/448
f 508/508/508 518/518/518 618/618/618
f 508/508/508 618/618/618 608/608/608
f 518/518/518 523/523/523 623/623/623
f 518/518/518 623/623/623 618/618/618
f 523/523/523 517/517/517 617/617/617
f 523/523/523 617/617/617 623/623/623
f 517/517/517 507/507/507 607/607/607
f 517/517/517 607/607/607 617/617/617
f 507/507/507 447/447/447 591/591/591
f 507/507/507 591/591/591 607/607/607
f 447/447/447 441/441/441 585/585/585
f 447/447/447 585/585/585 591/591/591
f 441/441/441 448/448/448 592/592/592
f 441/441/441 592/592/592 585/585/585
f 448/448/448 509/509/509 609/609/609
f 448/448/448 609/609/609 592/592/592
f 608/608/608 618/618/618 718/718/718
f 608/608/608 718/718/718 708/708/708
f 618/618/618 623/623/623 723/723/723
f 618/618/618 723/723/723 718/718/718
f 623/623/623 617/617/617 717/717/717
f 623/623/623 717/717/717 723/723/723
f 617/617/617 607/607/607 707/707/707
f 617/617/617 707/707/707 717/717/717
f 607/607/607 591/591/591 691/691/691
f 607/607/607 691/691/691 707/707/707
f 591/591/591 585/585/585 685/685/685
f 591/591/591 685/685/685 691/691/691
f 585/585/585 592/592/592 692/692/692
f 585/585/585 692/692/692 685/685/685
f 592/592/592 609/609/609 709/709/709
f 592/592/592 709/709/709 692/692/692
f 708/708/708 718/718/718 818/818/818
f 708/708/708 818/818/818 808/808/808
f 718/718/718 723/723/723 823/823/823
f 718/718/718 823/823/823 818/818/818
f 723/723/723 717/717/717 817/817/817
f 723/723/723 817/817/817 823/823/823
f 717/717/717 707/707/707 807/807/807
f 717/717/717 807/807/807 817/817/817
f 707/707/707 691/691/691 791/791/791
f 707/707/707 791/791/791 807/807/807
f 691/691/691 685/685/685 785/785/785
f 691/691/691 785/785/785 791/791/791
f 685/685/685 692/692/692 792/792/792
f 685/685/685 792/792/792 785/785/785
f 692/692/692 709/709/709 809/809/809
f 692/692/692 809/809/809 792/792/792
f 808/808/808 818/818/818 918/918/918
f 808/808/808 918/918/918 908/908/908
f 818/818/818 823/823/823 923/923/923
f 818/818/818 923/923/923 918/918/918
f 823/823/823 817/817/817 917/917/917
f 823/823/823 917/917/917 923/923/923
f 817/817/817 807/807/807 907/907/907
f 817/817/817 907/907/907 917/917/917
f 807/807/807 791/791/791 891/891/891
f 807/807/807 891/891/891 907/907/907
f 791/791/791 785/785/785 885/885/885
f 791/791/791 885/885/885 891/891/891
f 785/785/785 792/792/792 892/892/892
f 785/785/785 892/892/892 885/885/885
f 792/792/792 809/809/809 909/909/909
f 792/792/792 909/909/909 892/892/892
f 908/908/908 918/918/918 1218/1218/1218
f 908/908/908 1218/1218/1218 1192/1192/1192
f 918/918/918 923/923/923 1231/1231/1231
f 918/918/918 1231/1231/1231 1218/1218/1218
f 923/923/923 917/917/917 1217/1217/1217
f 923/923/923 1217/1217/1217 1231/1231/1231
f 917/917/917 907/907/907 1191/1191/1191
f 917/917/917 1191/1191/1191 1217/1217/1217
f 907/907/907 891/891/891 1167/1167/1167
f 907/907/907 1167/1167/1167 1191/1191/1191
f 891/891/891 885/885/885 1145/1145/1145
f 891/891/891 1145/1145/1145 1167/1167/1167
f 885/885/885 892/892/892 1168/1168/1168
f 885/885/885 1168/1168/1168 1145/1145/1145
f 892/892/892 909/909/909 1193/1193/1193
f 892/892/892 1193/1193/1193 1168/1168/1168
f 1192/1192/1192 1218/1218/1218 1370/1370/1370
f 1192/1192/1192 1370/1370/1370 1360/1360/1360
f 1218/1218/1218 1231/1231/1231 1375/1375/1375
f 1218/1218/1218 1375/1375/1375 1370/1370/1370
f 1231/1231/1231 1217/1217/1217 1369/1369/1369
f 1231/1231/1231 1369/1369/1369 1375/1375/1375
f 1217/1217/1217 1191/1191/1191 1359/1359/1359
f 1217/1217/1217 1359/1359/1359 1369/1369/1369
f 1191/1191/1191 1167/1167/1167 1343/1343/1343
f 1191/1191/1191 1343/1343/1343 1359/1359/1359
f 1167/1167/1167 1145/1145/1145 1337/1337/1337
f 1167/1167/1167 1337/1337/1337 1343/1343/1343
f 1145/1145/1145 1168/1168/1168 1344/1344/1344
f 1145/1145/1145 1344/1344/1344 1337/1337/1337
f 1168/1168/1168 1193/1193/1193 1361/1361/1361
f 1168/1168/1168 1361/1361/1361 1344/1344/1344
f 1360/1360/1360 1370/1370/1370 1470/1470/1470
f 1360/1360/1360 1470/1470/1470 1460/1460/1460
f 1370/1370/1370 1375/1375/1375 1475/1475/1475
f 1370/1370/1370 1475/1475/1475 1470/1470/1470
f 1375/1375/1375 1369/1369/1369 1469/1469/1469
f 1375/1375/1375 1469/1469/1469 1475/1475/1475
f 1369/1369/1369 1359/1359/1359 1459/1459/1459
f 1369/1369/1369 1459/1459/1459 1469/1469/1469
f 1359/1359/1359 1343/1343/1343 1443/1443/1443
f 1359/1359/1359 1443/1443/1443 1459/1459/1459
f 1343/1343/1343 1337/1337/1337 1437/1437/1437
f 1343/1343/1343 1437/1437/1437 1443/1443/1443
f 1337/1337/1337 1344/1344/1344 1444/1444/1444
f 1337/1337/1337 1444/1444/1444 1437/1437/1437
f 1344/1344/1344 1361/1361/1361 1461/1461/1461
f 1344/1344/1344 1461/1461/1461 1444/1444/1444
f 1460/1460/1460 1470/1470/1470 1570/1570/1570
f 1460/1460/1460 1570/1570/1570 1560/1560/1560
f 1470/1470/1470 1475/1475/1475 1575/1575/1575
f 1470/1470/1470 1575/1575/1575 1570/1570/1570
f 1475/1475/1475 1469/1469/1469 1569/1569/1569
f 1475/1475/1475 1569/1569/1569 1575/1575/1575
f 1469/1469/1469 1459/1459/1459 1559/1559/1559
f 1469/1469/1469 1559/1559/1559 1569/1569/1569
f 1459/1459/1459 1443/1443/1443 1543/1543/1543
f 1459/1459/1459 1543/1543/1543 1559/1559/1559
f 1443/1443/1443 1437/1437/1437 1537/1537/1537
f 1443/1443/1443 1537/1537/1537 1543/1543/1543
f 1437/1437/1437 1444/1444/1444 1544/1544/1544
f 1437/1437/1437 1544/1544/1544 1537/1537/1537
f 1444/1444/1444 1461/1461/1461 1561/1561/1561
f 1444/1444/1444 1561/1561/1561 1544/1544/1544
f 1560/1560/1560 1570/1570/1570 1670/1670/1670
f 1560/1560/1560 1670/1670/1670 1660/1660/1660
f 1570/1570/1570 1575/1575/1575 1675/1675/1675
f 1570/1570/1570 1675/1675/1675 1670/1670/1670
f 1575/1575/1575 1569/1569/1569 1669/1669/1669
f 1575/1575/1575 1669/1669/1669 1675/1675/1675
f 1569/1569/1569 1559/1559/1559 1659/1659/1659
f 1569/1569/1569 1659/1659/1659 1669/1669/1669
f 1559/1559/1559 1543/1543/1543 1643/1643/1643
f 1559/1559/1559 1643/1643/1643 1659/1659/1659
f 1543/1543/1543 1537/1537/1537 1637/1637/1637
f 1543/1543/1543 1637/1637/1637 1643/1643/1643
f 1537/1537/1537 1544/1544/1544 1644/1644/1644
f 1537/1537/1537 1644/1644/1644 1637/1637/1637
f 1544/1544/1544 1561/1561/1561 1661/1661/1661
f 1544/1544/1544 1661/1661/1661 1644/1644/1644
f 1660/1660/1660 1670/1670/1670 1930/1930/1930
f 1660/1660/1660 1930/1930/1930 1920/1920/1920
f 1670/1670/1670 1675/1675/1675 1935/1935/1935
f 1670/1670/1670 1935/1935/1935 1930/1930/1930
f 1675/1675/1675 1669/1669/1669 1929/1929/1929
f 1675/1675/1675 1929/1929/1929 1935/1935/1935
f 1669/1669/1669 1659/1659/1659 1919/1919/1919
f 1669/1669/1669 1919/1919/1919 1929/1929/1929
f 1659/1659/1659 1643/1643/1643 1895/1895/1895
f 1659/1659/1659 1895/1895/1895 1919/1919/1919
f 1643/1643/1643 1637/1637/1637 1873/1873/1873
f 1643/1643/1643 1873/1873/1873 1895/1895/1895
f 1637/1637/1637 1644/1644/1644 1896/1896/1896
f 1637/1637/1637 1896/1896/1896 1873/1873/1873
f 1644/1644/1644 1661/1661/1661 1921/1921/1921
f 1644/1644/1644 1921/1921/1921 1896/1896/1896
f 1920/1920/1920 1930/1930/1930 2122/2122/2122
f 1920/1920/1920 2122/2122/2122 2112/2112/2112
f 1930/1930/1930 1935/1935/1935 2127/2127/2127
f 1930/1930/1930 2127/2127/2127 2122/2122/2122
f 1935/1935/1935 1929/1929/1929 2121/2121/2121
f 1935/1935/1935 2121/2121/2121 2127/2127/2127
f 1929/1929/1929 1919/1919/1919 2111/2111/2111
f 1929/1929/1929 2111/2111/2111 2121/2121/2121
f 1919/1919/1919 1895/1895/1895 2095/2095/2095
f 1919/1919/1919 2095/2095/2095 2111/2111/2111
f 1895/1895/1895 1873/1873/1873 2089/2089/2089
f 1895/1895/1895 2089/2089/2089 2095/2095/2095
f 1873/1873/1873 1896/1896/1896 2096/2096/2096
f 1873/1873/1873 2096/2096/2096 2089/2089/2089
f 1896/1896/1896 1921/1921/1921 2113/2113/2113
f 1896/1896/1896 2113/2113/2113 2096/2096/2096
f 2112/2112/2112 2122/2122/2122 2222/2222/2222
f 2112/2112/2112 2222/2222/2222 2212/2212/2212
f 2122/2122/2122 2127/2127/2127 2227/2227/2227
f 2122/2122/2122 2227/2227/2227 2222/2222/2222
f 2127/2127/2127 2121/2121/2121 2221/2221/2221
f 2127/2127/2127 2221/2221/2221 2227/2227/2227
f 2121/2121/2121 2111/2111/2111 2211/2211/2211
f 2121/2121/2121 2211/2211/2211 2221/2221/2221
f 2111/2111/2111 2095/2095/2095 2195/2195/2195
f 2111/2111/2111 2195/2195/2195 2211/2211/2211
f 2095/2095/2095 2089/2089/2089 2189/2189/2189
f 2095/2095/2095 2189/2189/2189 2195/2195/2195
f 2089/2089/2089 2096/2096/2096 2196/2196/2196
f 2089/2089/2089 2196/2196/2196 2189/2189/2189
f 2096/2096/2096 2113/2113/2113 2213/2213/2213
f 2096/2096/2096 2213/2213/2213 2196/2196/2196
f 2212/2212/2212 2222/2222/2222 2322/2322/2322
f 2212/2212/2212 2322/2322/2322 2312/2312/2312
f 2222/2222/2222 2227/2227/2227 2327/2327/2327
f 2222/2222/2222 2327/2327/2327 2322/2322/2322
f 2227/2227/2227 2221/2221/2221 2321/2321/2321
f 2227/2227/2227 2321/2321/2321 2327/2327/2327
f 2221/2221/2221 2211/2211/2211 2311/2311/2311
f 2221/2221/2221 2311/2311/2311 2321/2321/2321
f 2211/2211/2211 2195/2195/2195 2295/2295/2295
f 2211/2211/2211 2295/2295/2295 2311/2311/2311
f 2195/2195/2195 2189/2189/2189 2289/2289/2289
f 2195/2195/2195 2289/2289/2289 2295/2295/2295
f 2189/2189/2189 2196/2196/2196 2296/2296/2296
f 2189/2189/2189 2296/2296/2296 2289/2289/2289
f 2196/2196/2196 2213/2213/2213 2313/2313/2313
f 2196/2196/2196 2313/2313/2313 2296/2296/2296
f 2312/2312/2312 2322/2322/2322 2422/2422/2422
f 2312/2312/2312 2422/2422/2422 2412/2412/2412
f 2322/2322/2322 2327/2327/2327 2427/2427/2427
f 2322/2322/2322 2427/2427/2427 2422/2422/2422
f 2327/2327/2327 2321/2321/2321 2421/2421/2421
f 2327/2327/2327 2421/2421/2421 2427/2427/2427
f 2321/2321/2321 2311/2311/2311 2411/2411/2411
f 2321/2321/2321 2411/2411/2411 2421/2421/2421
f 2311/2311/2311 2295/2295/2295 2395/2395/2395
f 2311/2311/2311 2395/2395/2395 2411/2411/2411
f 2295/2295/2295 2289/2289/2289 2389/2389/2389
f 2295/2295/2295 2389/2389/2389 2395/2395/2395
f 2289/2289/2289 2296/2296/2296 2396/2396/2396
f 2289/2289/2289 2396/2396/2396 2389/2389/2389
f 2296/2296/2296 2313/2313/2313 2413/2413/2413
f 2296/2296/2296 2413/2413/2413 2396/2396/2396
f 2412/2412/2412 2422/2422/2422 2642/2642/2642
f 2412/2412/2412 2642/2642/2642 2653/2653/2653
f 2422/2422/2422 2427/2427/2427 2639/2639/2639
f 2422/2422/2422 2639/2639/2639 2642/2642/2642
f 2427/2427/2427 2421/2421/2421 2641/2641/2641
f 2427/2427/2427 2641/2641/2641 2639/2639/2639
f 2421/2421/2421 2411/2411/2411 2651/2651/2651
f 2421/2421/2421 2651/2651/2651 2641/2641/2641
f 2411/2411/2411 2395/2395/2395 2665/2665/2665
f 2411/2411/2411 2665/2665/2665 2651/2651/2651
f 2395/2395/2395 2389/2389/2389 2669/2669/2669
f 2395/2395/2395 2669/2669/2669 2665/2665/2665
f 2389/2389/2389 2396/2396/2396 2666/2666/2666
f 2389/2389/2389 2666/2666/2666 2669/2669/2669
f 2396/2396/2396 2413/2413/2413 2654/2654/2654
f 2396/2396/2396 2654/2654/2654 2666/2666/2666
f 2653/2653/2653 2642/2642/2642 2848/2848/2848
f 2653/2653/2653 2848/2848/2848 2864/2864/2864
f 2642/2642/2642 2639/2639/2639 2841/2841/2841
f 2642/2642/2642 2841/2841/2841 2848/2848/2848
f 2639/2639/2639 2641/2641/2641 2847/2847/2847
f 2639/2639/2639 2847/2847/2847 2841/2841/2841
f 2641/2641/2641 2651/2651/2651 2863/2863/2863
f 2641/2641/2641 2863/2863/2863 2847/2847/2847
f 2651/2651/2651 2665/2665/2665 2873/2873/2873
f 2651/2651/2651 2873/2873/2873 2863/2863/2863
f 2665/2665/2665 2669/2669/2669 2879/2879/2879
f 2665/2665/2665 2879/2879/2879 2873/2873/2873
f 2669/2669/2669 2666/2666/2666 2874/2874/2874
f 2669/2669/2669 2874/2874/2874 2879/2879/2879
f 2666/2666/2666 2654/2654/2654 2865/2865/2865
f 2666/2666/2666 2865/2865/2865 2874/2874/2874
f 2864/2864/2864 2848/2848/2848 2948/2948/2948
f 2864/2864/2864 2948/2948/2948 2964/2964/2964
f 2848/2848/2848 2841/2841/2841 2941/2941/2941
f 2848/2848/2848 2941/2941/2941 2948/2948/2948
f 2841/2841/2841 2847/2847/2847 2947/2947/2947
f 2841/2841/2841 2947/2947/2947 2941/2941/2941
f 2847/2847/2847 2863/2863/2863 2963/2963/2963
f 2847/2847/2847 2963/2963/2963 2947/2947/2947
f 2863/2863/2863 2873/2873/2873 2973/2973/2973
f 2863/2863/2863 2973/2973/2973 2963/2963/2963
f 2873/2873/2873 2879/2879/2879 2979/2979/2979
f 2873/2873/2873 2979/2979/2979 2973/2973/2973
f 2879/2879/2879 2874/2874/2874 2974/2974/2974
f 2879/2879/2879 2974/2974/2974 2979/2979/2979
f 2874/2874/2874 2865/2865/2865 2965/2965/2965
f 2874/2874/2874 2965/2965/2965 2974/2974/2974
f 2964/2964/2964 2948/2948/2948 3048/3048/3048
f 2964/2964/2964 3048/3048/3048 3064/3064/3064
f 2948/2948/2948 2941/2941/2941 3041/3041/3041
f 2948/2948/2948 3041/3041/3041 3048/3048/3048
f 2941/2941/2941 2947/2947/2947 3047/3047/3047
f 2941/2941/2941 3047/3047/3047 3041/3041/3041
f 2947/2947/2947 2963/2963/2963 3063/3063/3063
f 2947/2947/2947 3063/3063/3063 3047/3047/3047
f 2963/2963/2963 2973/2973/2973 3073/3073/3073
f 2963/2963/2963 3073/3073/3073 3063/3063/3063
f 2973/2973/2973 2979/2979/2979 3079/3079/3079
f 2973/2973/2973 3079/3079/3079 3073/3073/3073
f 2979/2979/2979 2974/2974/2974 3074/3074/3074
f 2979/2979/2979 3074/3074/3074 3079/3079/3079
f 2974/2974/2974 2965/2965/2965 3065/3065/3065
f 2974/2974/2974 3065/3065/3065 3074/3074/3074
f 3064/3064/3064 3048/3048/3048 3148/3148/3148
f 3064/3064/3064 3148/3148/3148 3164/3164/3164
f 3048/3048/3048 3041/3041/3041 3141/3141/3141
f 3048/3048/3048 3141/3141/3141 3148/3148/3148
f 3041/3041/3041 3047/3047/3047 3147/3147/3147
f 3041/3041/3041 3147/3147/3147 3141/3141/3141
f 3047/3047/3047 3063/3063/3063 3163/3163/3163
f 3047/3047/3047 3163/3163/3163 3147/3147/3147
f 3063/3063/3063 3073/3073/3073 3173/3173/3173
f 3063/3063/3063 3173/3173/3173 3163/3163/3163
f 3073/3073/3073 3079/3079/3079 3179/3179/3179
f 3073/3073/3073 3179/3179/3179 3173/3173/3173
f 3079/3079/3079 3074/3074/3074 3174/3174/3174
f 3079/3079/3079 3174/3174/3174 3179/3179/3179
f 3074/3074/3074 3065/3065/3065 3165/3165/3165
f 3074/3074/3074 3165/3165/3165 3174/3174/3174
f 3164/3164/3164 3148/3148/3148 3332/3332/3332
f 3164/3164/3164 3332/3332/3332 3348/3348/3348
f 3148/3148/3148 3141/3141/3141 3325/3325/3325
f 3148/3148/3148 3325/3325/3325 3332/3332/3332
f 3141/3141/3141 3147/3147/3147 3331/3331/3331
f 3141/3141/3141 3331/3331/3331 3325/3325/3325
f 3147/3147/3147 3163/3163/3163 3347/3347/3347
f 3147/3147/3147 3347/3347/3347 3331/3331/3331
f 3163/3163/3163 3173/3173/3173 3365/3365/3365
f 3163/3163/3163 3365/3365/3365 3347/3347/3347
f 3173/3173/3173 3179/3179/3179 3387/3387/3387
f 3173/3173/3173 3387/3387/3387 3365/3365/3365
f 3179/3179/3179 3174/3174/3174 3366/3366/3366
f 3179/3179/3179 3366/3366/3366 3387/3387/3387
f 3174/3174/3174 3165/3165/3165 3349/3349/3349
f 3174/3174/3174 3349/3349/3349 3366/3366/3366
f 3348/3348/3348 3332/3332/3332 3600/3600/3600
f 3348/3348/3348 3600/3600/3600 3616/3616/3616
f 3332/3332/3332 3325/3325/3325 3593/3593/3593
f 3332/3332/3332 3593/3593/3593 3600/3600/3600
f 3325/3325/3325 3331/3331/3331 3599/3599/3599
f 3325/3325/3325 3599/3599/3599 3593/3593/3593
f 3331/3331/3331 3347/3347/3347 3615/3615/3615
f 3331/3331/3331 3615/3615/3615 3599/3599/3599
f 3347/3347/3347 3365/3365/3365 3625/3625/3625
f 3347/3347/3347 3625/3625/3625 3615/3615/3615
f 3365/3365/3365 3387/3387/3387 3631/3631/3631
f 3365/3365/3365 3631/3631/3631 3625/3625/3625
f 3387/3387/3387 3366/3366/3366 3626/3626/3626
f 3387/3387/3387 3626/3626/3626 3631/3631/3631
f 3366/3366/3366 3349/3349/3349 3617/3617/3617
f 3366/3366/3366 3617/3617/3617 3626/3626/3626
f 3616/3616/3616 3600/3600/3600 3700/3700/3700
f 3616/3616/3616 3700/3700/3700 3716/3716/3716
f 3600/3600/3600 3593/3593/3593 3693/3693/3693
f 3600/3600/3600 3693/3693/3693 3700/3700/3700
f 3593/3593/3593 3599/3599/3599 3699/3699/3699
f 3593/3593/3593 3699/3699/3699 3693/3693/3693
f 3599/3599/3599 3615/3615/3615 3715/3715/3715
f 3599/3599/3599 3715/3715/3715 3699/3699/3699
f 3615/3615/3615 3625/3625/3625 3725/3725/3725
f 3615/3615/3615 3725/3725/3725 3715/3715/3715
f 3625/3625/3625 3631/3631/3631 3731/3731/3731
f 3625/3625/3625 3731/3731/3731 3725/3725/3725
f 3631/3631/3631 3626/3626/3626 3726/3726/3726
f 3631/3631/3631 3726/3726/3726 3731/3731/3731
f 3626/3626/3626 3617/3617/3617 3717/3717/3717
f 3626/3626/3626 3717/3717/3717 3726/3726/3726
f 3716/3716/3716 3700/3700/3700 3800/3800/3800
f 3716/3716/3716 3800/3800/3800 3816/3816/3816
f 3700/3700/3700 3693/3693/3693 3793/3793/3793
f 3700/3700/3700 3793/3793/3793 3800/3800/3800
f 3693/3693/3693 3699/3699/3699 3799/3799/3799
f 3693/3693/3693 3799/3799/3799 3793/3793/3793
f 3699/3699/3699 3715/3715/3715 3815/3815/3815
f 3699/3699/3699 3815/3815/3815 3799/3799/3799
f 3715/3715/3715 3725/3725/3725 3825/3825/3825
f 3715/3715/3715 3825/3825/3825 3815/3815/3815
f 3725/3725/3725 3731/3731/3731 3831/3831/3831
f 3725/3725/3725 3831/3831/3831 3825/3825/3825
f 3731/3731/3731 3726/3726/3726 3826/3826/3826
f 3731/3731/3731 3826/3826/3826 3831/3831/3831
f 3726/3726/3726 3717/3717/3717 3817/3817/3817
f 3726/3726/3726 3817/3817/3817 3826/3826/3826
f 3816/3816/3816 3800/3800/3800 3900/3900/3900
f 3816/3816/3816 3900/3900/3900 3916/3916/3916
f 3800/3800/3800 3793/3793/3793 3893/3893/3893
f 3800/3800/3800 3893/3893/3893 3900/3900/3900
f 3793/3793/3793 3799/3799/3799 3899/3899/3899
f 3793/3793/3793 3899/3899/3899 3893/3893/3893
f 3799/3799/3799 3815/3815/3815 3915/3915/3915
f 3799/3799/3799 3915/3915/3915 3899/3899/3899
f 3815/3815/3815 3825/3825/3825 3925/3925/3925
f 3815/3815/3815 3925/3925/3925 3915/3915/3915
f 3825/3825/3825 3831/3831/3831 3931/3931/3931
f 3825/3825/3825 3931/3931/3931 3925/3925/3925
f 3831/3831/3831 3826/3826/3826 3926/3926/3926
f 3831/3831/3831 3926/3926/3926 3931/3931/3931
f 3826/3826/3826 3817/3817/3817 3917/3917/3917
f 3826/3826/3826 3917/3917/3917 3926/3926/3926
f 3916/3916/3916 3900/3900/3900 4044/4044/4044
f 3916/3916/3916 4044/4044/4044 4076/4076/4076
f 3900/3900/3900 3893/3893/3893 4029/4029/4029
f 3900/3900/3900 4029/4029/4029 4044/4044/4044
f 3893/3893/3893 3899/3899/3899 4043/4043/4043
f 3893/3893/3893 4043/4043/4043 4029/4029/4029
f 3899/3899/3899 3915/3915/3915 4075/4075/4075
f 3899/3899/3899 4075/4075/4075 4043/4043/4043
f 3915/3915/3915 3925/3925/3925 4093/4093/4093
f 3915/3915/3915 4093/4093/4093 4075/4075/4075
f 3925/3925/3925 3931/3931/3931 4115/4115/4115
f 3925/3925/3925 4115/4115/4115 4093/4093/4093
f 3931/3931/3931 3926/3926/3926 4094/4094/4094
f 3931/3931/3931 4094/4094/4094 4115/4115/4115
f 3926/3926/3926 3917/3917/3917 4077/4077/4077
f 3926/3926/3926 4077/4077/4077 4094/4094/4094
f 4076/4076/4076 4044/4044/4044 4352/4352/4352
f 4076/4076/4076 4352/4352/4352 4368/4368/4368
f 4044/4044/4044 4029/4029/4029 4345/4345/4345
f 4044/4044/4044 4345/4345/4345 4352/4352/4352
f 4029/4029/4029 4043/4043/4043 4351/4351/4351
f 4029/4029/4029 4351/4351/4351 4345/4345/4345
f 4043/4043/4043 4075/4075/4075 4367/4367/4367
f 4043/4043/4043 4367/4367/4367 4351/4351/4351
f 4075/4075/4075 4093/4093/4093 4377/4377/4377
f 4075/4075/4075 4377/4377/4377 4367/4367/4367
f 4093/4093/4093 4115/4115/4115 4383/4383/4383
f 4093/4093/4093 4383/4383/4383 4377/4377/4377
f 4115/4115/4115 4094/4094/4094 4378/4378/4378
f 4115/4115/4115 4378/4378/4378 4383/4383/4383
f 4094/4094/4094 4077/4077/4077 4369/4369/4369
f 4094/4094/4094 4369/4369/4369 4378/4378/4378
f 4368/4368/4368 4352/4352/4352 4452/4452/4452
f 4368/4368/4368 4452/4452/4452 4468/4468/4468
f 4352/4352/4352 4345/4345/4345 4445/4445/4445
f 4352/4352/4352 4445/4445/4445 4452/4452/4452
f 4345/4345/4345 4351/4351/4351 4451/4451/4451
f 4345/4345/4345 4451/4451/4451 4445/4445/4445
f 4351/4351/4351 4367/4367/4367 4467/4467/4467
f 4351/4351/4351 4467/4467/4467 4451/4451/4451
f 4367/4367/4367 4377/4377/4377 4477/4477/4477
f 4367/4367/4367 4477/4477/4477 4467/4467/4467
f 4377/4377/4377 4383/4383/4383 4483/4483/4483
f 4377/4377/4377 4483/4483/4483 4477/4477/4477
f 4383/4383/4383 4378/4378/4378 4478/4478/4478
f 4383/4383/4383 4478/4478/4478 4483/4483/4483
f 4378/4378/4378 4369/4369/4369 4469/4469/4469
f 4378/4378/4378 4469/4469/4469 4478/4478/4478
f 4468/4468/4468 4452/4452/4452 4552/4552/4552
f 4468/4468/4468 4552/4552/4552 4568/4568/4568
f 4452/4452/4452 4445/4445/4445 4545/4545/4545
f 4452/4452/4452 4545/4545/4545 4552/4552/4552
f 4445/4445/4445 4451/4451/4451 4551/4551/4551
f 4445/4445/4445 4551/4551/4551 4545/4545/4545
f 4451/4451/4451 4467/4467/4467 4567/4567/4567
f 4451/4451/4451 4567/4567/4567 4551/4551/4551
f 4467/4467/4467 4477/4477/4477 4577/4577/4577
f 4467/4467/4467 4577/4577/4577 4567/4567/4567
f 4477/4477/4477 4483/4483/4483 4583/4583/4583
f 4477/4477/4477 4583/4583/4583 4577/4577/4577
f 4483/4483/4483 4478/4478/4478 4578/4578/4578
f 4483/4483/4483 4578/4578/4578 4583/4583/4583
f 4478/4478/4478 4469/4469/4469 4569/4569/4569
f 4478/4478/4478 4569/4569/4569 4578/4578/4578
f 4568/4568/4568 4552/4552/4552 4652/4652/4652
f 4568/4568/4568 4652/4652/4652 4668/4668/4668
f 4552/4552/4552 4545/4545/4545 4645/4645/4645
f 4552/4552/4552 4645/4645/4645 4652/4652/4652
f 4545/4545/4545 4551/4551/4551 4651/4651/4651
f 4545/4545/4545 4651/4651/4651 4645/4645/4645
f 4551/4551/4551 4567/4567/4567 4667/4667/4667
f 4551/4551/4551 4667/4667/4667 4651/4651/4651
f 4567/4567/4567 4577/4577/4577 4677/4677/4677
f 4567/4567/4567 4677/4677/4677 4667/4667/4667
f 4577/4577/4577 4583/4583/4583 4683/4683/4683
f 4577/4577/4577 4683/4683/4683 4677/4677/4677
f 4583/4583/4583 4578/4578/4578 4678/4678/4678
f 4583/4583/4583 4678/4678/4678 4683/4683/4683
f 4578/4578/4578 4569/4569/4569 4669/4669/4669
f 4578/4578/4578 4669/4669/4669 4678/4678/4678
f 4668/4668/4668 4652/4652/4652 4752/4752/4752
f 4668/4668/4668 4752/4752/4752 4768/4768/4768
f 4652/4652/4652 4645/4645/4645 4745/4745/4745
f 4652/4652/4652 4745/4745/4745 4752/4752/4752
f 4645/4645/4645 4651/4651/4651 4751/4751/4751
f 4645/4645/4645 4751/4751/4751 4745/4745/4745
f 4651/4651/4651 4667/4667/4667 4767/4767/4767
f 4651/4651/4651 4767/4767/4767 4751/4751/4751
f 4667/4667/4667 4677/4677/4677 4813/4813/4813
f 4667/4667/4667 4813/4813/4813 4767/4767/4767
f 4677/4677/4677 4683/4683/4683 4819/4819/4819
f 4677/4677/4677 4819/4819/4819 4813/4813/4813
f 4683/4683/4683 4678/4678/4678 4814/4814/4814
f 4683/4683/4683 4814/4814/4814 4819/4819/4819
f 4678/4678/4678 4669/4669/4669 4769/4769/4769
f 4678/4678/4678 4769/4769/4769 4814/4814/4814
f 4768/4768/4768 4752/4752/4752 5134/5134/5134
f 4768/4768/4768 5134/5134/5134 5179/5179/5179
f 4752/4752/4752 4745/4745/4745 5113/5113/5113
f 4752/4752/4752 5113/5113/5113 5134/5134/5134
f 4745/4745/4745 4751/4751/4751 5131/5131/5131
f 4745/4745/4745 5131/5131/5131 5113/5113/5113
f 4751/4751/4751 4767/4767/4767 5175/5175/5175
f 4751/4751/4751 5175/5175/5175 5131/5131/5131
f 4767/4767/4767 4813/4813/4813 5203/5203/5203
f 4767/4767/4767 5203/5203/5203 5175/5175/5175
f 4813/4813/4813 4819/4819/4819 5227/5227/5227
f 4813/4813/4813 5227/5227/5227 5203/5203/5203
f 4819/4819/4819 4814/4814/4814 5206/5206/5206
f 4819/4819/4819 5206/5206/5206 5227/5227/5227
f 4814/4814/4814 4769/4769/4769 5180/5180/5180
f 4814/4814/4814 5180/5180/5180 5206/5206/5206
f 112/112/112 141/141/141 113/113/113
f 112/112/112 156/156/156 140/140/140
f 112/112/112 138/138/138 155/155/155
f 112/112/112 110/110/110 137/137/137
f 112/112/112 66/66/66 109/109/109
f 112/112/112 43/43/43 65/65/65
f 112/112/112 69/69/69 42/42/42
f 112/112/112 114/114/114 68/68/68
f 5178/5178/5178 5181/5181/5181 5136/5136/5136
f 5178/5178/5178 5135/5135/5135 5115/5115/5115
f 5178/5178/5178 5114/5114/5114 5133/5133/5133
f 5178/5178/5178 5132/5132/5132 5177/5177/5177
f 5178/5178/5178 5176/5176/5176 5205/5205/5205
f 5178/5178/5178 5204/5204/5204 5229/5229/5229
f 5178/5178/5178 5228/5228/5228 5208/5208/5208
f 5178/5178/5178 5207/5207/5207 5182/5182/5182
f 107/107/107 136/136/136 516/516/516
f 107/107/107 516/516/516 505/505/505
f 136/136/136 154/154/154 522/522/522
f 136/136/136 522/522/522 516/516/516
f 154/154/154 133/133/133 515/515/515
f 154/154/154 515/515/515 522/522/522
f 133/133/133 103/103/103 504/504/504
f 133/133/133 504/504/504 515/515/515
f 103/103/103 61/61/61 445/445/445
f 103/103/103 445/445/445 504/504/504
f 61/61/61 41/41/41 440/440/440
f 61/61/61 440/440/440 445/445/445
f 41/41/41 64/64/64 446/446/446
f 41/41/41 446/446/446 440/440/440
f 64/64/64 108/108/108 506/506/506
f 64/64/64 506/506/506 446/446/446
f 505/505/505 516/516/516 616/616/616
f 505/505/505 616/616/616 605/605/605
f 516/516/516 522/522/522 622/622/622
f 516/516/516 622/622/622 616/616/616
f 522/522/522 515/515/515 615/615/615
f 522/522/522 615/615/615 622/622/622
f 515/515/515 504/504/504 604/604/604
f 515/515/515 604/604/604 615/615/615
f 504/504/504 445/445/445 589/589/589
f 504/504/504 589/589/589 604/604/604
f 445/445/445 440/440/440 584/584/584
f 445/445/445 584/584/584 589/589/589
f 440/440/440 446/446/446 590/590/590
f 440/440/440 590/590/590 584/584/584
f 446/446/446 506/506/506 606/606/606
f 446/446/446 606/606/606 590/590/590
f 605/605/605 616/616/616 716/716/716
f 605/605/605 716/716/716 705/705/705
f 616/616/616 622/622/622 722/722/722
f 616/616/616 722/722/722 716/716/716
f 622/622/622 615/615/615 715/715/715
f 622/622/622 715/715/715 722/722/722
f 615/615/615 604/604/604 704/704/704
f 615/615/615 704/704/704 715/715/715
f 604/604/604 589/589/589 689/689/689
f 604/604/604 689/689/689 704/704/704
f 589/589/589 584/584/584 684/684/684
f 589/589/589 684/684/684 689/689/689
f 584/584/584 590/590/590 690/690/690
f 584/584/584 690/690/690 684/684/684
f 590/590/590 606/606/606 706/706/706
f 590/590/590 706/706/706 690/690/690
f 705/705/705 716/716/716 816/816/816
f 705/705/705 816/816/816 805/805/805
f 716/716/716 722/722/722 822/822/822
f 716/716/716 822/822/822 816/816/816
f 722/722/722 715/715/715 815/815/815
f 722/722/722 815/815/815 822/822/822
f 715/715/715 704/704/704 804/804/804
f 715/715/715 804/804/804 815/815/815
f 704/704/704 689/689/689 789/789/789
f 704/704/704 789/789/789 804/804/804
f 689/689/689 684/684/684 784/784/784
f 689/689/689 784/784/784 789/789/789
f 684/684/684 690/690/690 790/790/790
f 684/684/684 790/790/790 784/784/784
f 690/690/690 706/706/706 806/806/806
f 690/690/690 806/806/806 790/790/790
f 805/805/805 816/816/816 916/916/916
f 805/805/805 916/916/916 905/905/905
f 816/816/816 822/822/822 922/922/922
f 816/816/816 922/922/922 916/916/916
f 822/822/822 815/815/815 915/915/915
f 822/822/822 915/915/915 922/922/922
f 815/815/815 804/804/804 904/904/904
f 815/815/815 904/904/904 915/915/915
f 804/804/804 789/789/789 889/889/889
f 804/804/804 889/889/889 904/904/904
f 789/789/789 784/784/784 884/884/884
f 789/789/789 884/884/884 889/889/889
f 784/784/784 790/790/790 890/890/890
f 784/784/784 890/890/890 884/884/884
f 790/790/790 806/806/806 906/906/906
f 790/790/790 906/906/906 890/890/890
f 905/905/905 916/916/916 1216/1216/1216
f 905/905/905 1216/1216/1216 1189/1189/1189
f 916/916/916 922/922/922 1230/1230/1230
f 916/916/916 1230/1230/1230 1216/1216/1216
f 922/922/922 915/915/915 1215/1215/1215
f 922/922/922 1215/1215/1215 1230/1230/1230
f 915/915/915 904/904/904 1188/1188/1188
f 915/915/915 1188/1188/1188 1215/1215/1215
f 904/904/904 889/889/889 1165/1165/1165
f 904/904/904 1165/1165/1165 1188/1188/1188
f 889/889/889 884/884/884 1144/1144/1144
f 889/889/889 1144/1144/1144 1165/1165/1165
f 884/884/884 890/890/890 1166/1166/1166
f 884/884/884 1166/1166/1166 1144/1144/1144
f 890/890/890 906/906/906 1190/1190/1190
f 890/890/890 1190/1190/1190 1166/1166/1166
f 1189/1189/1189 1216/1216/1216 1368/1368/1368
f 1189/1189/1189 1368/1368/1368 1357/1357/1357
f 1216/1216/1216 1230/1230/1230 1374/1374/1374
f 1216/1216/1216 1374/1374/1374 1368/1368/1368
f 1230/1230/1230 1215/1215/1215 1367/1367/1367
f 1230/1230/1230 1367/1367/1367 1374/1374/1374
f 1215/1215/1215 1188/1188/1188 1356/1356/1356
f 1215/1215/1215 1356/1356/1356 1367/1367/1367
f 1188/1188/1188 1165/1165/1165 1341/1341/1341
f 1188/1188/1188 1341/1341/1341 1356/1356/1356
f 1165/1165/1165 1144/1144/1144 1336/1336/1336
f 1165/1165/1165 1336/1336/1336 1341/1341/1341
f 1144/1144/1144 1166/1166/1166 1342/1342/1342
f 1144/1144/1144 1342/1342/1342 1336/1336/1336
f 1166/1166/1166 1190/1190/1190 1358/1358/1358
f 1166/1166/1166 1358/1358/1358 1342/1342/1342
f 1357/1357/1357 1368/1368/1368 1468/1468/1468
f 1357/1357/1357 1468/1468/1468 1457/1457/1457
f 1368/1368/1368 1374/1374/1374 1474/1474/1474
f 1368/1368/1368 1474/1474/1474 1468/1468/1468
f 1374/1374/1374 1367/1367/1367 1467/1467/1467
f 1374/1374/1374 1467/1467/1467 1474/1474/1474
f 1367/1367/1367 1356/1356/1356 1456/1456/1456
f 1367/1367/1367 1456/1456/1456 1467/1467/1467
f 1356/1356/1356 1341/1341/1341 1441/1441/1441
f 1356/1356/1356 1441/1441/1441 1456/1456/1456
f 1341/1341/1341 1336/1336/1336 1436/1436/1436
f 1341/1341/1341 1436/1436/1436 1441/1441/1441
f 1336/1336/1336 1342/1342/1342 1442/1442/1442
f 1336/1336/1336 1442/1442/1442 1436/1436/1436
f 1342/1342/1342 1358/1358/1358 1458/1458/1458
f 1342/1342/1342 1458/1458/1458 1442/1442/1442
f 1457/1457/1457 1468/1468/1468 1568/1568/1568
f 1457/1457/1457 1568/1568/1568 1557/1557/1557
f 1468/1468/1468 1474/1474/1474 1574/1574/1574
f 1468/1468/1468 1574/1574/1574 1568/1568/1568
f 1474/1474/1474 1467/1467/1467 1567/1567/1567
f 1474/1474/1474 1567/1567/1567 1574/1574/1574
f 1467/1467/1467 1456/1456/1456 1556/1556/1556
f 1467/1467/1467 1556/1556/1556 1567/1567/1567
f 1456/1456/1456 1441/1441/1441 1541/1541/1541
f 1456/1456/1456 1541/1541/1541 1556/1556/1556
f 1441/1441/1441 1436/1436/1436 1536/1536/1536
f 1441/1441/1441 1536/1536/1536 1541/1541/1541
f 1436/1436/1436 1442/1442/1442 1542/1542/1542
f 1436/1436/1436 1542/1542/1542 1536/1536/1536
f 1442/1442/1442 1458/1458/1458 1558/1558/1558
f 1442/1442/1442 1558/1558/1558 1542/1542/1542
f 1557/1557/1557 1568/1568/1568 1668/1668/1668
f 1557/1557/1557 1668/1668/1668 1657/1657/1657
f 1568/1568/1568 1574/1574/1574 1674/1674/1674
f 1568/1568/1568 1674/1674/1674 1668/1668/1668
f 1574/1574/1574 1567/1567/1567 1667/1667/1667
f 1574/1574/1574 1667/1667/1667 1674/1674/1674
f 1567/1567/1567 1556/1556/1556 1656/1656/1656
f 1567/1567/1567 1656/1656/1656 1667/1667/1667
f 1556/1556/1556 1541/1541/1541 1641/1641/1641
f 1556/1556/1556 1641/1641/1641 1656/1656/1656
f 1541/1541/1541 1536/1536/1536 1636/1636/1636
f 1541/1541/1541 1636/1636/1636 1641/1641/1641
f 1536/1536/1536 1542/1542/1542 1642/1642/1642
f 1536/1536/1536 1642/1642/1642 1636/1636/1636
f 1542/1542/1542 1558/1558/1558 1658/1658/1658
f 1542/1542/1542 1658/1658/1658 1642/1642/1642
f 1657/1657/1657 1668/1668/1668 1928/1928/1928
f 1657/1657/1657 1928/1928/1928 1917/1917/1917
f 1668/1668/1668 1674/1674/1674 1934/1934/1934
f 1668/1668/1668 1934/1934/1934 1928/1928/1928
f 1674/1674/1674 1667/1667/1667 1927/1927/1927
f 1674/1674/1674 1927/1927/1927 1934/1934/1934
f 1667/1667/1667 1656/1656/1656 1916/1916/1916
f 1667/1667/1667 1916/1916/1916 1927/1927/1927
f 1656/1656/1656 1641/1641/1641 1893/1893/1893
f 1656/1656/1656 1893/1893/1893 1916/1916/1916
f 1641/1641/1641 1636/1636/1636 1872/1872/1872
f 1641/1641/1641 1872/1872/1872 1893/1893/1893
f 1636/1636/1636 1642/1642/1642 1894/1894/1894
f 1636/1636/1636 1894/1894/1894 1872/1872/1872
f 1642/1642/1642 1658/1658/1658 1918/1918/1918
f 1642/1642/1642 1918/1918/1918 1894/1894/1894
f 1917/1917/1917 1928/1928/1928 2120/2120/2120
f 1917/1917/1917 2120/2120/2120 2109/2109/2109
f 1928/1928/1928 1934/1934/1934 2126/2126/2126
f 1928/1928/1928 2126/2126/2126 2120/2120/2120
f 1934/1934/1934 1927/1927/1927 2119/2119/2119
f 1934/1934/1934 2119/2119/2119 2126/2126/2126
f 1927/1927/1927 1916/1916/1916 2108/2108/2108
f 1927/1927/1927 2108/2108/2108 2119/2119/2119
f 1916/1916/1916 1893/1893/1893 2093/2093/2093
f 1916/1916/1916 2093/2093/2093 2108/2108/2108
f 1893/1893/1893 1872/1872/1872 2088/2088/2088
f 1893/1893/1893 2088/2088/2088 2093/2093/2093
f 1872/1872/1872 1894/1894/1894 2094/2094/2094
f 1872/1872/1872 2094/2094/2094 2088/2088/2088
f 1894/1894/1894 1918/1918/1918 2110/2110/2110
f 1894/1894/1894 2110/2110/2110 2094/2094/2094
f 2109/2109/2109 2120/2120/2120 2220/2220/2220
f 2109/2109/2109 2220/2220/2220 2209/2209/2209
f 2120/2120/2120 2126/2126/2126 2226/2226/2226
f 2120/2120/2120 2226/2226/2226 2220/2220/2220
f 2126/2126/2126 2119/2119/2119 2219/2219/2219
f 2126/2126/2126 2219/2219/2219 2226/2226/2226
f 2119/2119/2119 2108/2108/2108 2208/2208/2208
f 2119/2119/2119 2208/2208/2208 2219/2219/2219
f 2108/2108/2108 2093/2093/2093 2193/2193/2193
f 2108/2108/2108 2193/2193/2193 2208/2208/2208
f 2093/2093/2093 2088/2088/2088 2188/2188/2188
f 2093/2093/2093 2188/2188/2188 2193/2193/2193
f 2088/2088/2088 2094/2094/2094 2194/2194/2194
f 2088/2088/2088 2194/2194/2194 2188/2188/2188
f 2094/2094/2094 2110/2110/2110 2210/2210/2210
f 2094/2094/2094 2210/2210/2210 2194/2194/2194
f 2209/2209/2209 2220/2220/2220 2320/2320/2320
f 2209/2209/2209 2320/2320/2320 2309/2309/2309
f 2220/2220/2220 2226/2226/2226 2326/2326/2326
f 2220/2220/2220 2326/2326/2326 2320/2320/2320
f 2226/2226/2226 2219/2219/2219 2319/2319/2319
f 2226/2226/2226 2319/2319/2319 2326/2326/2326
f 2219/2219/2219 2208/2208/2208 2308/2308/2308
f 2219/2219/2219 2308/2308/2308 2319/2319/2319
f 2208/2208/2208 2193/2193/2193 2293/2293/2293
f 2208/2208/2208 2293/2293/2293 2308/2308/2308
f 2193/2193/2193 2188/2188/2188 2288/2288/2288
f 2193/2193/2193 2288/2288/2288 2293/2293/2293
f 2188/2188/2188 2194/2194/2194 2294/2294/2294
f 2188/2188/2188 2294/2294/2294 2288/2288/2288
f 2194/2194/2194 2210/2210/2210 2310/2310/2310
f 2194/2194/2194 2310/2310/2310 2294/2294/2294
f 2309/2309/2309 2320/2320/2320 2420/2420/2420
f 2309/2309/2309 2420/2420/2420 2409/2409/2409
f 2320/2320/2320 2326/2326/2326 2426/2426/2426
f 2320/2320/2320 2426/2426/2426 2420/2420/2420
f 2326/2326/2326 2319/2319/2319 2419/2419/2419
f 2326/2326/2326 2419/2419/2419 2426/2426/2426
f 2319/2319/2319 2308/2308/2308 2408/2408/2408
f 2319/2319/2319 2408/2408/2408 2419/2419/2419
f 2308/2308/2308 2293/2293/2293 2393/2393/2393
f 2308/2308/2308 2393/2393/2393 2408/2408/2408
f 2293/2293/2293 2288/2288/2288 2388/2388/2388
f 2293/2293/2293 2388/2388/2388 2393/2393/2393
f 2288/2288/2288 2294/2294/2294 2394/2394/2394
f 2288/2288/2288 2394/2394/2394 2388/2388/2388
f 2294/2294/2294 2310/2310/2310 2410/2410/2410
f 2294/2294/2294 2410/2410/2410 2394/2394/2394
f 2409/2409/2409 2420/2420/2420 2626/2626/2626
f 2409/2409/2409 2626/2626/2626 2631/2631/2631
f 2420/2420/2420 2426/2426/2426 2622/2622/2622
f 2420/2420/2420 2622/2622/2622 2626/2626/2626
f 2426/2426/2426 2419/2419/2419 2625/2625/2625
f 2426/2426/2426 2625/2625/2625 2622/2622/2622
f 2419/2419/2419 2408/2408/2408 2630/2630/2630
f 2419/2419/2419 2630/2630/2630 2625/2625/2625
f 2408/2408/2408 2393/2393/2393 2635/2635/2635
f 2408/2408/2408 2635/2635/2635 2630/2630/2630
f 2393/2393/2393 2388/2388/2388 2638/2638/2638
f 2393/2393/2393 2638/2638/2638 2635/2635/2635
f 2388/2388/2388 2394/2394/2394 2636/2636/2636
f 2388/2388/2388 2636/2636/2636 2638/2638/2638
f 2394/2394/2394 2410/2410/2410 2632/2632/2632
f 2394/2394/2394 2632/2632/2632 2636/2636/2636
f 2631/2631/2631 2626/2626/2626 2846/2846/2846
f 2631/2631/2631 2846/2846/2846 2861/2861/2861
f 2626/2626/2626 2622/2622/2622 2840/2840/2840
f 2626/2626/2626 2840/2840/2840 2846/2846/2846
f 2622/2622/2622 2625/2625/2625 2845/2845/2845
f 2622/2622/2622 2845/2845/2845 2840/2840/2840
f 2625/2625/2625 2630/2630/2630 2860/2860/2860
f 2625/2625/2625 2860/2860/2860 2845/2845/2845
f 2630/2630/2630 2635/2635/2635 2871/2871/2871
f 2630/2630/2630 2871/2871/2871 2860/2860/2860
f 2635/2635/2635 2638/2638/2638 2878/2878/2878
f 2635/2635/2635 2878/2878/2878 2871/2871/2871
f 2638/2638/2638 2636/2636/2636 2872/2872/2872
f 2638/2638/2638 2872/2872/2872 2878/2878/2878
f 2636/2636/2636 2632/2632/2632 2862/2862/2862
f 2636/2636/2636 2862/2862/2862 2872/2872/2872
f 2861/2861/2861 2846/2846/2846 2946/2946/2946
f 2861/2861/2861 2946/2946/2946 2961/2961/2961
f 2846/2846/2846 2840/2840/2840 2940/2940/2940
f 2846/2846/2846 2940/2940/2940 2946/2946/2946
f 2840/2840/2840 2845/2845/2845 2945/2945/2945
f 2840/2840/2840 2945/2945/2945 2940/2940/2940
f 2845/2845/2845 2860/2860/2860 2960/2960/2960
f 2845/2845/2845 2960/2960/2960 2945/2945/2945
f 2860/2860/2860 2871/2871/2871 2971/2971/2971
f 2860/2860/2860 2971/2971/2971 2960/2960/2960
f 2871/2871/2871 2878/2878/2878 2978/2978/2978
f 2871/2871/2871 2978/2978/2978 2971/2971/2971
f 2878/2878/2878 2872/2872/2872 2972/2972/2972
f 2878/2878/2878 2972/2972/2972 2978/2978/2978
f 2872/2872/2872 2862/2862/2862 2962/2962/2962
f 2872/2872/2872 2962/2962/2962 2972/2972/2972
f 2961/2961/2961 2946/2946/2946 3046/3046/3046
f 2961/2961/2961 3046/3046/3046 3061/3061/3061
f 2946/2946/2946 2940/2940/2940 3040/3040/3040
f 2946/2946/2946 3040/3040/3040 3046/3046/3046
f 2940/2940/2940 2945/2945/2945 3045/3045/3045
f 2940/2940/2940 3045/3045/3045 3040/3040/3040
f 2945/2945/2945 2960/2960/2960 3060/3060/3060
f 2945/2945/2945 3060/3060/3060 3045/3045/3045
f 2960/2960/2960 2971/2971/2971 3071/3071/3071
f 2960/2960/2960 3071/3071/3071 3060/3060/3060
f 2971/2971/2971 2978/2978/2978 3078/3078/3078
f 2971/2971/2971 3078/3078/3078 3071/3071/3071
f 2978/2978/2978 2972/2972/2972 3072/3072/3072
f 2978/2978/2978 3072/3072/3072 3078/3078/3078
f 2972/2972/2972 2962/2962/2962 3062/3062/3062
f 2972/2972/2972 3062/3062/3062 3072/3072/3072
f 3061/3061/3061 3046/3046/3046 3146/3146/3146
f 3061/3061/3061 3146/3146/3146 3161/3161/3161
f 3046/3046/3046 3040/3040/3040 3140/3140/3140
f 3046/3046/3046 3140/3140/3140 3146/3146/3146
f 3040/3040/3040 3045/3045/3045 3145/3145/3145
f 3040/3040/3040 3145/3145/3145 3140/3140/3140
f 3045/3045/3045 3060/3060/3060 3160/3160/3160
f 3045/3045/3045 3160/3160/3160 3145/3145/3145
f 3060/3060/3060 3071/3071/3071 3171/3171/3171
f 3060/3060/3060 3171/3171/3171 3160/3160/3160
f 3071/3071/3071 3078/3078/3078 3178/3178/3178
f 3071/3071/3071 3178/3178/3178 3171/3171/3171
f 3078/3078/3078 3072/3072/3072 3172/3172/3172
f 3078/3078/3078 3172/3172/3172 3178/3178/3178
f 3072/3072/3072 3062/3062/3062 3162/3162/3162
f 3072/3072/3072 3162/3162/3162 3172/3172/3172
f 3161/3161/3161 3146/3146/3146 3330/3330/3330
f 3161/3161/3161 3330/3330/3330 3345/3345/3345
f 3146/3146/3146 3140/3140/3140 3324/3324/3324
f 3146/3146/3146 3324/3324/3324 3330/3330/3330
f 3140/3140/3140 3145/3145/3145 3329/3329/3329
f 3140/3140/3140 3329/3329/3329 3324/3324/3324
f 3145/3145/3145 3160/3160/3160 3344/3344/3344
f 3145/3145/3145 3344/3344/3344 3329/3329/3329
f 3160/3160/3160 3171/3171/3171 3363/3363/3363
f 3160/3160/3160 3363/3363/3363 3344/3344/3344
f 3171/3171/3171 3178/3178/3178 3386/3386/3386
f 3171/3171/3171 3386/3386/3386 3363/3363/3363
f 3178/3178/3178 3172/3172/3172 3364/3364/3364
f 3178/3178/3178 3364/3364/3364 3386/3386/3386
f 3172/3172/3172 3162/3162/3162 3346/3346/3346
f 3172/3172/3172 3346/3346/3346 3364/3364/3364
f 3345/3345/3345 3330/3330/3330 3598/3598/3598
f 3345/3345/3345 3598/3598/3598 3613/3613/3613
f 3330/3330/3330 3324/3324/3324 3592/3592/3592
f 3330/3330/3330 3592/3592/3592 3598/3598/3598
f 3324/3324/3324 3329/3329/3329 3597/3597/3597
f 3324/3324/3324 3597/3597/3597 3592/3592/3592
f 3329/3329/3329 3344/3344/3344 3612/3612/3612
f 3329/3329/3329 3612/3612/3612 3597/3597/3597
f 3344/3344/3344 3363/3363/3363 3623/3623/3623
f 3344/3344/3344 3623/3623/3623 3612/3612/3612
f 3363/3363/3363 3386/3386/3386 3630/3630/3630
f 3363/3363/3363 3630/3630/3630 3623/3623/3623
f 3386/3386/3386 3364/3364/3364 3624/3624/3624
f 3386/3386/3386 3624/3624/3624 3630/3630/3630
f 3364/3364/3364 3346/3346/3346 3614/3614/3614
f 3364/3364/3364 3614/3614/3614 3624/3624/3624
f 3613/3613/3613 3598/3598/3598 3698/3698/3698
f 3613/3613/3613 3698/3698/3698 3713/3713/3713
f 3598/3598/3598 3592/3592/3592 3692/3692/3692
f 3598/3598/3598 3692/3692/3692 3698/3698/3698
f 3592/3592/3592 3597/3597/3597 3697/3697/3697
f 3592/3592/3592 3697/3697/3697 3692/3692/3692
f 3597/3597/3597 3612/3612/3612 3712/3712/3712
f 3597/3597/3597 3712/3712/3712 3697/3697/3697
f 3612/3612/3612 3623/3623/3623 3723/3723/3723
f 3612/3612/3612 3723/3723/3723 3712/3712/3712
f 3623/3623/3623 3630/3630/3630 3730/3730/3730
f 3623/3623/3623 3730/3730/3730 3723/3723/3723
f 3630/3630/3630 3624/3624/3624 3724/3724/3724
f 3630/3630/3630 3724/3724/3724 3730/3730/3730
f 3624/3624/3624 3614/3614/3614 3714/3714/3714
f 3624/3624/3624 3714/3714/3714 3724/3724/3724
f 3713/3713/3713 3698/3698/3698 3798/3798/3798
f 3713/3713/3713 3798/3798/3798 3813/3813/3813
f 3698/3698/3698 3692/3692/3692 3792/3792/3792
f 3698/3698/3698 3792/3792/3792 3798/3798/3798
f 3692/3692/3692 3697/3697/3697 3797/3797/3797
f 3692/3692/3692 3797/3797/3797 3792/3792/3792
f 3697/3697/3697 3712/3712/3712 3812/3812/3812
f 3697/3697/3697 3812/3812/3812 3797/3797/3797
f 3712/3712/3712 3723/3723/3723 3823/3823/3823
f 3712/3712/3712 3823/3823/3823 3812/3812/3812
f 3723/3723/3723 3730/3730/3730 3830/3830/3830
f 3723/3723/3723 3830/3830/3830 3823/3823/3823
f 3730/3730/3730 3724/3724/3724 3824/3824/3824
f 3730/3730/3730 3824/3824/3824 3830/3830/3830
f 3724/3724/3724 3714/3714/3714 3814/3814/3814
f 3724/3724/3724 3814/3814/3814 3824/3824/3824
f 3813/3813/3813 3798/3798/3798 3898/3898/3898
f 3813/3813/3813 3898/3898/3898 3913/3913/3913
f 3798/3798/3798 3792/3792/3792 3892/3892/3892
f 3798/3798/3798 3892/3892/3892 3898/3898/3898
f 3792/3792/3792 3797/3797/3797 3897/3897/3897
f 3792/3792/3792 3897/3897/3897 3892/3892/3892
f 3797/3797/3797 3812/3812/3812 3912/3912/3912
f 3797/3797/3797 3912/3912/3912 3897/3897/3897
f 3812/3812/3812 3823/3823/3823 3923/3923/3923
f 3812/3812/3812 3923/3923/3923 3912/3912/3912
f 3823/3823/3823 3830/3830/3830 3930/3930/3930
f 3823/3823/3823 3930/3930/3930 3923/3923/3923
f 3830/3830/3830 3824/3824/3824 3924/3924/3924
f 3830/3830/3830 3924/3924/3924 3930/3930/3930
f 3824/3824/3824 3814/3814/3814 3914/3914/3914
f 3824/3824/3824 3914/3914/3914 3924/3924/3924
f 3913/3913/3913 3898/3898/3898 4042/4042/4042
f 3913/3913/3913 4042/4042/4042 4073/4073/4073
f 3898/3898/3898 3892/3892/3892 4028/4028/4028
f 3898/3898/3898 4028/4028/4028 4042/4042/4042
f 3892/3892/3892 3897/3897/3897 4041/4041/4041
f 3892/3892/3892 4041/4041/4041 4028/4028/4028
f 3897/3897/3897 3912/3912/3912 4072/4072/4072
f 3897/3897/3897 4072/4072/4072 4041/4041/4041
f 3912/3912/3912 3923/3923/3923 4091/4091/4091
f 3912/3912/3912 4091/4091/4091 4072/4072/4072
f 3923/3923/3923 3930/3930/3930 4114/4114/4114
f 3923/3923/3923 4114/4114/4114 4091/4091/4091
f 3930/3930/3930 3924/3924/3924 4092/4092/4092
f 3930/3930/3930 4092/4092/4092 4114/4114/4114
f 3924/3924/3924 3914/3914/3914 4074/4074/4074
f 3924/3924/3924 4074/4074/4074 4092/4092/4092
f 4073/4073/4073 4042/4042/4042 4350/4350/4350
f 4073/4073/4073 4350/4350/4350 4365/4365/4365
f 4042/4042/4042 4028/4028/4028 4344/4344/4344
f 4042/4042/4042 4344/4344/4344 4350/4350/4350
f 4028/4028/4028 4041/4041/4041 4349/4349/4349
f 4028/4028/4028 4349/4349/4349 4344/4344/4344
f 4041/4041/4041 4072/4072/4072 4364/4364/4364
f 4041/4041/4041 4364/4364/4364 4349/4349/4349
f 4072/4072/4072 4091/4091/4091 4375/4375/4375
f 4072/4072/4072 4375/4375/4375 4364/4364/4364
f 4091/4091/4091 4114/4114/4114 4382/4382/4382
f 4091/4091/4091 4382/4382/4382 4375/4375/4375
f 4114/4114/4114 4092/4092/4092 4376/4376/4376
f 4114/4114/4114 4376/4376/4376 4382/4382/4382
f 4092/4092/4092 4074/4074/4074 4366/4366/4366
f 4092/4092/4092 4366/4366/4366 4376/4376/4376
f 4365/4365/4365 4350/4350/4350 4450/4450/4450
f 4365/4365/4365 4450/4450/4450 4465/4465/4465
f 4350/4350/4350 4344/4344/4344 4444/4444/4444
f 4350/4350/4350 4444/4444/4444 4450/4450/4450
f 4344/4344/4344 4349/4349/4349 4449/4449/4449
f 4344/4344/4344 4449/4449/4449 4444/4444/4444
f 4349/4349/4349 4364/4364/4364 4464/4464/4464
f 4349/4349/4349 4464/4464/4464 4449/4449/4449
f 4364/4364/4364 4375/4375/4375 4475/4475/4475
f 4364/4364/4364 4475/4475/4475 4464/4464/4464
f 4375/4375/4375 4382/4382/4382 4482/4482/4482
f 4375/4375/4375 4482/4482/4482 4475/4475/4475
f 4382/4382/4382 4376/4376/4376 4476/4476/4476
f 4382/4382/4382 4476/4476/4476 4482/4482/4482
f 4376/4376/4376 4366/4366/4366 4466/4466/4466
f 4376/4376/4376 4466/4466/4466 4476/4476/4476
f 4465/4465/4465 4450/4450/4450 4550/4550/4550
f 4465/4465/4465 4550/4550/4550 4565/4565/4565
f 4450/4450/4450 4444/4444/4444 4544/4544/4544
f 4450/4450/4450 4544/4544/4544 4550/4550/4550
f 4444/4444/4444 4449/4449/4449 4549/4549/4549
f 4444/4444/4444 4549/4549/4549 4544/4544/4544
f 4449/4449/4449 4464/4464/4464 4564/4564/4564
f 4449/4449/4449 4564/4564/4564 4549/4549/4549
f 4464/4464/4464 4475/4475/4475 4575/4575/4575
f 4464/4464/4464 4575/4575/4575 4564/4564/4564
f 4475/4475/4475 4482/4482/4482 4582/4582/4582
f 4475/4475/4475 4582/4582/4582 4575/4575/4575
f 4482/4482/4482 4476/4476/4476 4576/4576/4576
f 4482/4482/4482 4576/4576/4576 4582/4582/4582
f 4476/4476/4476 4466/4466/4466 4566/4566/4566
f 4476/4476/4476 4566/4566/4566 4576/4576/4576
f 4565/4565/4565 4550/4550/4550 4650/4650/4650
f 4565/4565/4565 4650/4650/4650 4665/4665/4665
f 4550/4550/4550 4544/4544/4544 4644/4644/4644
f 4550/4550/4550 4644/4644/4644 4650/4650/4650
f 4544/4544/4544 4549/4549/4549 4649/4649/4649
f 4544/4544/4544 4649/4649/4649 4644/4644/4644
f 4549/4549/4549 4564/4564/4564 4664/4664/4664
f 4549/4549/4549 4664/4664/4664 4649/4649/4649
f 4564/4564/4564 4575/4575/4575 4675/4675/4675
f 4564/4564/4564 4675/4675/4675 4664/4664/4664
f 4575/4575/4575 4582/4582/4582 4682/4682/4682
f 4575/4575/4575 4682/4682/4682 4675/4675/4675
f 4582/4582/4582 4576/4576/4576 4676/4676/4676
f 4582/4582/4582 4676/4676/4676 4682/4682/4682
f 4576/4576/4576 4566/4566/4566 4666/4666/4666
f 4576/4576/4576 4666/4666/4666 4676/4676/4676
f 4665/4665/4665 4650/4650/4650 4750/4750/4750
f 4665/4665/4665 4750/4750/4750 4765/4765/4765
f 4650/4650/4650 4644/4644/4644 4744/4744/4744
f 4650/4650/4650 4744/4744/4744 4750/4750/4750
f 4644/4644/4644 4649/4649/4649 4749/4749/4749
f 4644/4644/4644 4749/4749/4749 4744/4744/4744
f 4649/4649/4649 4664/4664/4664 4764/4764/4764
f 4649/4649/4649 4764/4764/4764 4749/4749/4749
f 4664/4664/4664 4675/4675/4675 4811/4811/4811
f 4664/4664/4664 4811/4811/4811 4764/4764/4764
f 4675/4675/4675 4682/4682/4682 4818/4818/4818
f 4675/4675/4675 4818/4818/4818 4811/4811/4811
f 4682/4682/4682 4676/4676/4676 4812/4812/4812
f 4682/4682/4682 4812/4812/4812 4818/4818/4818
f 4676/4676/4676 4666/4666/4666 4766/4766/4766
f 4676/4676/4676 4766/4766/4766 4812/4812/4812
f 4765/4765/4765 4750/4750/4750 5128/5128/5128
f 4765/4765/4765 5128/5128/5128 5171/5171/5171
f 4750/4750/4750 4744/4744/4744 5110/5110/5110
f 4750/4750/4750 5110/5110/5110 5128/5128/5128
f 4744/4744/4744 4749/4749/4749 5125/5125/5125
f 4744/4744/4744 5125/5125/5125 5110/5110/5110
f 4749/4749/4749 4764/4764/4764 5167/5167/5167
f 4749/4749/4749 5167/5167/5167 5125/5125/5125
f 4764/4764/4764 4811/4811/4811 5197/5197/5197
f 4764/4764/4764 5197/5197/5197 5167/5167/5167
f 4811/4811/4811 4818/4818/4818 5224/5224/5224
f 4811/4811/4811 5224/5224/5224 5197/5197/5197
f 4818/4818/4818 4812/4812/4812 5200/5200/5200
f 4818/4818/4818 5200/5200/5200 5224/5224/5224
f 4812/4812/4812 4766/4766/4766 5172/5172/5172
f 4812/4812/4812 5172/5172/5172 5200/5200/5200
f 104/104/104 135/135/135 105/105/105
f 104/104/104 153/153/153 134/134/134
f 104/104/104 132/132/132 152/152/152
f 104/104/104 102/102/102 131/131/131
f 104/104/104 60/60/60 101/101/101
f 104/104/104 40/40/40 59/59/59
f 104/104/104 63/63/63 39/39/39
f 104/104/104 106/106/106 62/62/62
f 5170/5170/5170 5173/5173/5173 5130/5130/5130
f 5170/5170/5170 5129/5129/5129 5112/5112/5112
f 5170/5170/5170 5111/5111/5111 5127/5127/5127
f 5170/5170/5170 5126/5126/5126 5169/5169/5169
f 5170/5170/5170 5168/5168/5168 5199/5199/5199
f 5170/5170/5170 5198/5198/5198 5226/5226/5226
f 5170/5170/5170 5225/5225/5225 5202/5202/5202
f 5170/5170/5170 5201/5201/5201 5174/5174/5174
f 123/123/123 148/148/148 520/520/520
f 123/123/123 520/520/520 511/511/511
f 148/148/148 160/160/160 524/524/524
f 148/148/148 524/524/524 520/520/520
f 160/160/160 145/145/145 519/519/519
f 160/160/160 519/519/519 524/524/524
f 145/145/145 119/119/119 510/510/510
f 145/145/145 510/510/510 519/519/519
f 119/119/119 73/73/73 449/449/449
f 119/119/119 449/449/449 510/510/510
f 73/73/73 47/47/47 442/442/442
f 73/73/73 442/442/442 449/449/449
f 47/47/47 76/76/76 450/450/450
f 47/47/47 450/450/450 442/442/442
f 76/76/76 124/124/124 512/512/512
f 76/76/76 512/512/512 450/450/450
f 511/511/511 520/520/520 620/620/620
f 511/511/511 620/620/620 611/611/611
f 520/520/520 524/524/524 624/624/624
f 520/520/520 624/624/624 620/620/620
f 524/524/524 519/519/519 619/619/619
f 524/524/524 619/619/619 624/624/624
f 519/519/519 510/510/510 610/610/610
f 519/519/519 610/610/610 619/619/619
f 510/510/510 449/449/449 593/593/593
f 510/510/510 593/593/593 610/610/610
f 449/449/449 442/442/442 586/586/586
f 449/449/449 586/586/586 593/593/593
f 442/442/442 450/450/450 594/594/594
f 442/442/442 594/594/594 586/586/586
f 450/450/450 512/512/512 612/612/612
f 450/450/450 612/612/612 594/594/594
f 611/611/611 620/620/620 720/720/720
f 611/611/611 720/720/720 711/711/711
f 620/620/620 624/624/624 724/724/724
f 620/620/620 724/724/724 720/720/720
f 624/624/624 619/619/619 719/719/719
f 624/624/624 719/719/719 724/724/724
f 619/619/619 610/610/610 710/710/710
f 619/619/619 710/710/710 719/719/719
f 610/610/610 593/593/593 693/693/693
f 610/610/610 693/693/693 710/710/710
f 593/593/593 586/586/586 686/686/686
f 593/593/593 686/686/686 693/693/693
f 586/586/586 594/594/594 694/694/694
f 586/586/586 694/694/694 686/686/686
f 594/594/594 612/612/612 712/712/712
f 594/594/594 712/712/712 694/694/694
f 711/711/711 720/720/720 820/820/820
f 711/711/711 820/820/820 811/811/811
f 720/720/720 724/724/724 824/824/824
f 720/720/720 824/824/824 820/820/820
f 724/724/724 719/719/719 819/819/819
f 724/724/724 819/819/819 824/824/824
f 719/719/719 710/710/710 810/810/810
f 719/719/719 810/810/810 819/819/819
f 710/710/710 693/693/693 793/793/793
f 710/710/710 793/793/793 810/810/810
f 693/693/693 686/686/686 786/786/786
f 693/693/693 786/786/786 793/793/793
f 686/686/686 694/694/694 794/794/794
f 686/686/686 794/794/794 786/786/786
f 694/694/694 712/712/712 812/812/812
f 694/694/694 812/812/812 794/794/794
f 811/811/811 820/820/820 920/920/920
f 811/811/811 920/920/920 911/911/911
f 820/820/820 824/824/824 924/924/924
f 820/820/820 924/924/924 920/920/920
f 824/824/824 819/819/819 919/919/919
f 824/824/824 919/919/919 924/924/924
f 819/819/819 810/810/810 910/910/910
f 819/819/819 910/910/910 919/919/919
f 810/810/810 793/793/793 893/893/893
f 810/810/810 893/893/893 910/910/910
f 793/793/793 786/786/786 886/886/886
f 793/793/793 886/886/886 893/893/893
f 786/786/786 794/794/794 894/894/894
f 786/786/786 894/894/894 886/886/886
f 794/794/794 812/812/812 912/912/912
f 794/794/794 912/912/912 894/894/894
f 911/911/911 920/920/920 1220/1220/1220
f 911/911/911 1220/1220/1220 1195/1195/1195
f 920/920/920 924/924/924 1232/1232/1232
f 920/920/920 1232/1232/1232 1220/1220/1220
f 924/924/924 919/919/919 1219/1219/1219
f 924/924/924 1219/1219/1219 1232/1232/1232
f 919/919/919 910/910/910 1194/1194/1194
f 919/919/919 1194/1194/1194 1219/1219/1219
f 910/910/910 893/893/893 1169/1169/1169
f 910/910/910 1169/1169/1169 1194/1194/1194
f 893/893/893 886/886/886 1146/1146/1146
f 893/893/893 1146/1146/1146 1169/1169/1169
f 886/886/886 894/894/894 1170/1170/1170
f 886/886/886 1170/1170/1170 1146/1146/1146
f 894/894/894 912/912/912 1196/1196/1196
f 894/894/894 1196/1196/1196 1170/1170/1170
f 1195/1195/1195 1220/1220/1220 1372/1372/1372
f 1195/1195/1195 1372/1372/1372 1363/1363/1363
f 1220/1220/1220 1232/1232/1232 1376/1376/1376
f 1220/1220/1220 1376/1376/1376 1372/1372/1372
f 1232/1232/1232 1219/1219/1219 1371/1371/1371
f 1232/1232/1232 1371/1371/1371 1376/1376/1376
f 1219/1219/1219 1194/1194/1194 1362/1362/1362
f 1219/1219/1219 1362/1362/1362 1371/1371/1371
f 1194/1194/1194 1169/1169/1169 1345/1345/1345
f 1194/1194/1194 1345/1345/1345 1362/1362/1362
f 1169/1169/1169 1146/1146/1146 1338/1338/1338
f 1169/1169/1169 1338/1338/1338 1345/1345/1345
f 1146/1146/1146 1170/1170/1170 1346/1346/1346
f 1146/1146/1146 1346/1346/1346 1338/1338/1338
f 1170/1170/1170 1196/1196/1196 1364/1364/1364
f 1170/1170/1170 1364/1364/1364 1346/1346/1346
f 1363/1363/1363 1372/1372/1372 1472/1472/1472
f 1363/1363/1363 1472/1472/1472 1463/1463/1463
f 1372/1372/1372 1376/1376/1376 1476/1476/1476
f 1372/1372/1372 1476/1476/1476 1472/1472/1472
f 1376/1376/1376 1371/1371/1371 1471/1471/1471
f 1376/1376/1376 1471/1471/1471 1476/1476/1476
f 1371/1371/1371 1362/1362/1362 1462/1462/1462
f 1371/1371/1371 1462/1462/1462 1471/1471/1471
f 1362/1362/1362 1345/1345/1345 1445/1445/1445
f 1362/1362/1362 1445/1445/1445 1462/1462/1462
f 1345/1345/1345 1338/1338/1338 1438/1438/1438
f 1345/1345/1345 1438/1438/1438 1445/1445/1445
f 1338/1338/1338 1346/1346/1346 1446/1446/1446
f 1338/1338/1338 1446/1446/1446 1438/1438/1438
f 1346/1346/1346 1364/1364/1364 1464/1464/1464
f 1346/1346/1346 1464/1464/1464 1446/1446/1446
f 1463/1463/1463 1472/1472/1472 1572/1572/1572
f 1463/1463/1463 1572/1572/1572 1563/1563/1563
f 1472/1472/1472 1476/1476/1476 1576/1576/1576
f 1472/1472/1472 1576/1576/1576 1572/1572/1572
f 1476/1476/1476 1471/1471/1471 1571/1571/1571
f 1476/1476/1476 1571/1571/1571 1576/1576/1576
f 1471/1471/1471 1462/1462/1462 1562/1562/1562
f 1471/1471/1471 1562/1562/1562 1571/1571/1571
f 1462/1462/1462 1445/1445/1445 1545/1545/1545
f 1462/1462/1462 1545/1545/1545 1562/1562/1562
f 1445/1445/1445 1438/1438/1438 1538/1538/1538
f 1445/1445/1445 1538/1538/1538 1545/1545/1545
f 1438/1438/1438 1446/1446/1446 1546/1546/1546
f 1438/1438/1438 1546/1546/1546 1538/1538/1538
f 1446/1446/1446 1464/1464/1464 1564/1564/1564
f 1446/1446/1446 1564/1564/1564 1546/1546/1546
f 1563/1563/1563 1572/1572/1572 1672/1672/1672
f 1563/1563/1563 1672/1672/1672 1663/1663/1663
f 1572/1572/1572 1576/1576/1576 1676/1676/1676
f 1572/1572/1572 1676/1676/1676 1672/1672/1672
f 1576/1576/1576 1571/1571/1571 1671/1671/1671
f 1576/1576/1576 1671/1671/1671 1676/1676/1676
f 1571/1571/1571 1562/1562/1562 1662/1662/1662
f 1571/1571/1571 1662/1662/1662 1671/1671/1671
f 1562/1562/1562 1545/1545/1545 1645/1645/1645
f 1562/1562/1562 1645/1645/1645 1662/1662/1662
f 1545/1545/1545 1538/1538/1538 1638/1638/1638
f 1545/1545/1545 1638/1638/1638 1645/1645/1645
f 1538/1538/1538 1546/1546/1546 1646/1646/1646
f 1538/1538/1538 1646/1646/1646 1638/1638/1638
f 1546/1546/1546 1564/1564/1564 1664/1664/1664
f 1546/1546/1546 1664/1664/1664 1646/1646/1646
f 1663/1663/1663 1672/1672/1672 1932/1932/1932
f 1663/1663/1663 1932/1932/1932 1923/1923/1923
f 1672/1672/1672 1676/1676/1676 1936/1936/1936
f 1672/1672/1672 1936/1936/1936 1932/1932/1932
f 1676/1676/1676 1671/1671/1671 1931/1931/1931
f 1676/1676/1676 1931/1931/1931 1936/1936/1936
f 1671/1671/1671 1662/1662/1662 1922/1922/1922
f 1671/1671/1671 1922/1922/1922 1931/1931/1931
f 1662/1662/1662 1645/1645/1645 1897/1897/1897
f 1662/1662/1662 1897/1897/1897 1922/1922/1922
f 1645/1645/1645 1638/1638/1638 1874/1874/1874
f 1645/1645/1645 1874/1874/1874 1897/1897/1897
f 1638/1638/1638 1646/1646/1646 1898/1898/1898
f 1638/1638/1638 1898/1898/1898 1874/1874/1874
f 1646/1646/1646 1664/1664/1664 1924/1924/1924
f 1646/1646/1646 1924/1924/1924 1898/1898/1898
f 1923/1923/1923 1932/1932/1932 2124/2124/2124
f 1923/1923/1923 2124/2124/2124 2115/2115/2115
f 1932/1932/1932 1936/1936/1936 2128/2128/2128
f 1932/1932/1932 2128/2128/2128 2124/2124/2124
f 1936/1936/1936 1931/1931/1931 2123/2123/2123
f 1936/1936/1936 2123/2123/2123 2128/2128/2128
f 1931/1931/1931 1922/1922/1922 2114/2114/2114
f 1931/1931/1931 2114/2114/2114 2123/2123/2123
f 1922/1922/1922 1897/1897/1897 2097/2097/2097
f 1922/1922/1922 2097/2097/2097 2114/2114/2114
f 1897/1897/1897 1874/1874/1874 2090/2090/2090
f 1897/1897/1897 2090/2090/2090 2097/2097/2097
f 1874/1874/1874 1898/1898/1898 2098/2098/2098
f 1874/1874/1874 2098/2098/2098 2090/2090/2090
f 1898/1898/1898 1924/1924/1924 2116/2116/2116
f 1898/1898/1898 2116/2116/2116 2098/2098/2098
f 2115/2115/2115 2124/2124/2124 2224/2224/2224
f 2115/2115/2115 2224/2224/2224 2215/2215/2215
f 2124/2124/2124 2128/2128/2128 2228/2228/2228
f 2124/2124/2124 2228/2228/2228 2224/2224/2224
f 2128/2128/2128 2123/2123/2123 2223/2223/2223
f 2128/2128/2128 2223/2223/2223 2228/2228/2228
f 2123/2123/2123 2114/2114/2114 2214/2214/2214
f 2123/2123/2123 2214/2214/2214 2223/2223/2223
f 2114/2114/2114 2097/2097/2097 2197/2197/2197
f 2114/2114/2114 2197/2197/2197 2214/2214/2214
f 2097/2097/2097 2090/2090/2090 2190/2190/2190
f 2097/2097/2097 2190/2190/2190 2197/2197/2197
f 2090/2090/2090 2098/2098/2098 2198/2198/2198
f 2090/2090/2090 2198/2198/2198 2190/2190/2190
f 2098/2098/2098 2116/2116/2116 2216/2216/2216
f 2098/2098/2098 2216/2216/2216 2198/2198/2198
f 2215/2215/2215 2224/2224/2224 2324/2324/2324
f 2215/2215/2215 2324/2324/2324 2315/2315/2315
f 2224/2224/2224 2228/2228/2228 2328/2328/2328
f 2224/2224/2224 2328/2328/2328 2324/2324/2324
f 2228/2228/2228 2223/2223/2223 2323/2323/2323
f 2228/2228/2228 2323/2323/2323 2328/2328/2328
f 2223/2223/2223 2214/2214/2214 2314/2314/2314
f 2223/2223/2223 2314/2314/2314 2323/2323/2323
f 2214/2214/2214 2197/2197/2197 2297/2297/2297
f 2214/2214/2214 2297/2297/2297 2314/2314/2314
f 2197/2197/2197 2190/2190/2190 2290/2290/2290
f 2197/2197/2197 2290/2290/2290 2297/2297/2297
f 2190/2190/2190 2198/2198/2198 2298/2298/2298
f 2190/2190/2190 2298/2298/2298 2290/2290/2290
f 2198/2198/2198 2216/2216/2216 2316/2316/2316
f 2198/2198/2198 2316/2316/2316 2298/2298/2298
f 2315/2315/2315 2324/2324/2324 2424/2424/2424
f 2315/2315/2315 2424/2424/2424 2415/2415/2415
f 2324/2324/2324 2328/2328/2328 2428/2428/2428
f 2324/2324/2324 2428/2428/2428 2424/2424/2424
f 2328/2328/2328 2323/2323/2323 2423/2423/2423
f 2328/2328/2328 2423/2423/2423 2428/2428/2428
f 2323/2323/2323 2314/2314/2314 2414/2414/2414
f 2323/2323/2323 2414/2414/2414 2423/2423/2423
f 2314/2314/2314 2297/2297/2297 2397/2397/2397
f 2314/2314/2314 2397/2397/2397 2414/2414/2414
f 2297/2297/2297 2290/2290/2290 2390/2390/2390
f 2297/2297/2297 2390/2390/2390 2397/2397/2397
f 2290/2290/2290 2298/2298/2298 2398/2398/2398
f 2290/2290/2290 2398/2398/2398 2390/2390/2390
f 2298/2298/2298 2316/2316/2316 2416/2416/2416
f 2298/2298/2298 2416/2416/2416 2398/2398/2398
f 2415/2415/2415 2424/2424/2424 2644/2644/2644
f 2415/2415/2415 2644/2644/2644 2661/2661/2661
f 2424/2424/2424 2428/2428/2428 2640/2640/2640
f 2424/2424/2424 2640/2640/2640 2644/2644/2644
f 2428/2428/2428 2423/2423/2423 2643/2643/2643
f 2428/2428/2428 2643/2643/2643 2640/2640/2640
f 2423/2423/2423 2414/2414/2414 2659/2659/2659
f 2423/2423/2423 2659/2659/2659 2643/2643/2643
f 2414/2414/2414 2397/2397/2397 2667/2667/2667
f 2414/2414/2414 2667/2667/2667 2659/2659/2659
f 2397/2397/2397 2390/2390/2390 2670/2670/2670
f 2397/2397/2397 2670/2670/2670 2667/2667/2667
f 2390/2390/2390 2398/2398/2398 2668/2668/2668
f 2390/2390/2390 2668/2668/2668 2670/2670/2670
f 2398/2398/2398 2416/2416/2416 2662/2662/2662
f 2398/2398/2398 2662/2662/2662 2668/2668/2668
f 2661/2661/2661 2644/2644/2644 2850/2850/2850
f 2661/2661/2661 2850/2850/2850 2867/2867/2867
f 2644/2644/2644 2640/2640/2640 2842/2842/2842
f 2644/2644/2644 2842/2842/2842 2850/2850/2850
f 2640/2640/2640 2643/2643/2643 2849/2849/2849
f 2640/2640/2640 2849/2849/2849 2842/2842/2842
f 2643/2643/2643 2659/2659/2659 2866/2866/2866
f 2643/2643/2643 2866/2866/2866 2849/2849/2849
f 2659/2659/2659 2667/2667/2667 2875/2875/2875
f 2659/2659/2659 2875/2875/2875 2866/2866/2866
f 2667/2667/2667 2670/2670/2670 2880/2880/2880
f 2667/2667/2667 2880/2880/2880 2875/2875/2875
f 2670/2670/2670 2668/2668/2668 2876/2876/2876
f 2670/2670/2670 2876/2876/2876 2880/2880/2880
f 2668/2668/2668 2662/2662/2662 2868/2868/2868
f 2668/2668/2668 2868/2868/2868 2876/2876/2876
f 2867/2867/2867 2850/2850/2850 2950/2950/2950
f 2867/2867/2867 2950/2950/2950 2967/2967/2967
f 2850/2850/2850 2842/2842/2842 2942/2942/2942
f 2850/2850/2850 2942/2942/2942 2950/2950/2950
f 2842/2842/2842 2849/2849/2849 2949/2949/2949
f 2842/2842/2842 2949/2949/2949 2942/2942/2942
f 2849/2849/2849 2866/2866/2866 2966/2966/2966
f 2849/2849/2849 2966/2966/2966 2949/2949/2949
f 2866/2866/2866 2875/2875/2875 2975/2975/2975
f 2866/2866/2866 2975/2975/2975 2966/2966/2966
f 2875/2875/2875 2880/2880/2880 2980/2980/2980
f 2875/2875/2875 2980/2980/2980 2975/2975/2975
f 2880/2880/2880 2876/2876/2876 2976/2976/2976
f 2880/2880/2880 2976/2976/2976 2980/2980/2980
f 2876/2876/2876 2868/2868/2868 2968/2968/2968
f 2876/2876/2876 2968/2968/2968 2976/2976/2976
f 2967/2967/2967 2950/2950/2950 3050/3050/3050
f 2967/2967/2967 3050/3050/3050 3067/3067/3067
f 2950/2950/2950 2942/2942/2942 3042/3042/3042
f 2950/2950/2950 3042/3042/3042 3050/3050/3050
f 2942/2942/2942 2949/2949/2949 3049/3049/3049
f 2942/2942/2942 3049/3049/3049 3042/3042/3042
f 2949/2949/2949 2966/2966/2966 3066/3066/3066
f 2949/2949/2949 3066/3066/3066 3049/3049/3049
f 2966/2966/2966 2975/2975/2975 3075/3075/3075
f 2966/2966/2966 3075/3075/3075 3066/3066/3066
f 2975/2975/2975 2980/2980/2980 3080/3080/3080
f 2975/2975/2975 3080/3080/3080 3075/3075/3075
f 2980/2980/2980 2976/2976/2976 3076/3076/3076
f 2980/2980/2980 3076/3076/3076 3080/3080/3080
f 2976/2976/2976 2968/2968/2968 3068/3068/3068
f 2976/2976/2976 3068/3068/3068 3076/3076/3076
f 3067/3067/3067 3050/3050/3050 3150/3150/3150
f 3067/3067/3067 3150/3150/3150 3167/3167/3167
f 3050/3050/3050 3042/3042/3042 3142/3142/3142
f 3050/3050/3050 3142/3142/3142 3150/3150/3150
f 3042/3042/3042 3049/3049/3049 3149/3149/3149
f 3042/3042/3042 3149/3149/3149 3142/3142/3142
f 3049/3049/3049 3066/3066/3066 3166/3166/3166
f 3049/3049/3049 3166/3166/3166 3149/3149/3149
f 3066/3066/3066 3075/3075/3075 3175/3175/3175
f 3066/3066/3066 3175/3175/3175 3166/3166/3166
f 3075/3075/3075 3080/3080/3080 3180/3180/3180
f 3075/3075/3075 3180/3180/3180 3175/3175/3175
f 3080/3080/3080 3076/3076/3076 3176/3176/3176
f 3080/3080/3080 3176/3176/3176 3180/3180/3180
f 3076/3076/3076 3068/3068/3068 3168/3168/3168
f 3076/3076/3076 3168/3168/3168 3176/3176/3176
f 3167/3167/3167 3150/3150/3150 3334/3334/3334
f 3167/3167/3167 3334/3334/3334 3351/3351/3351
f 3150/3150/3150 3142/3142/3142 3326/3326/3326
f 3150/3150/3150 3326/3326/3326 3334/3334/3334
f 3142/3142/3142 3149/3149/3149 3333/3333/3333
f 3142/3142/3142 3333/3333/3333 3326/3326/3326
f 3149/3149/3149 3166/3166/3166 3350/3350/3350
f 3149/3149/3149 3350/3350/3350 3333/3333/3333
f 3166/3166/3166 3175/3175/3175 3367/3367/3367
f 3166/3166/3166 3367/3367/3367 3350/3350/3350
f 3175/3175/3175 3180/3180/3180 3388/3388/3388
f 3175/3175/3175 3388/3388/3388 3367/3367/3367
f 3180/3180/3180 3176/3176/3176 3368/3368/3368
f 3180/3180/3180 3368/3368/3368 3388/3388/3388
f 3176/3176/3176 3168/3168/3168 3352/3352/3352
f 3176/3176/3176 3352/3352/3352 3368/3368/3368
f 3351/3351/3351 3334/3334/3334 3602/3602/3602
f 3351/3351/3351 3602/3602/3602 3619/3619/3619
f 3334/3334/3334 3326/3326/3326 3594/3594/3594
f 3334/3334/3334 3594/3594/3594 3602/3602/3602
f 3326/3326/3326 3333/3333/3333 3601/3601/3601
f 3326/3326/3326 3601/3601/3601 3594/3594/3594
f 3333/3333/3333 3350/3350/3350 3618/3618/3618
f 3333/3333/3333 3618/3618/3618 3601/3601/3601
f 3350/3350/3350 3367/3367/3367 3627/3627/3627
f 3350/3350/3350 3627/3627/3627 3618/3618/3618
f 3367/3367/3367 3388/3388/3388 3632/3632/3632
f 3367/3367/3367 3632/3632/3632 3627/3627/3627
f 3388/3388/3388 3368/3368/3368 3628/3628/3628
f 3388/3388/3388 3628/3628/3628 3632/3632/3632
f 3368/3368/3368 3352/3352/3352 3620/3620/3620
f 3368/3368/3368 3620/3620/3620 3628/3628/3628
f 3619/3619/3619 3602/3602/3602 3702/3702/3702
f 3619/3619/3619 3702/3702/3702 3719/3719/3719
f 3602/3602/3602 3594/3594/3594 3694/3694/3694
f 3602/3602/3602 3694/3694/3694 3702/3702/3702
f 3594/3594/3594 3601/3601/3601 3701/3701/3701
f 3594/3594/3594 3701/3701/3701 3694/3694/3694
f 3601/3601/3601 3618/3618/3618 3718/3718/3718
f 3601/3601/3601 3718/3718/3718 3701/3701/3701
f 3618/3618/3618 3627/3627/3627 3727/3727/3727
f 3618/3618/3618 3727/3727/3727 3718/3718/3718
f 3627/3627/3627 3632/3632/3632 3732/3732/3732
f 3627/3627/3627 3732/3732/3732 3727/3727/3727
f 3632/3632/3632 3628/3628/3628 3728/3728/3728
f 3632/3632/3632 3728/3728/3728 3732/3732/3732
f 3628/3628/3628 3620/3620/3620 3720/3720/3720
f 3628/3628/3628 3720/3720/3720 3728/3728/3728
f 3719/3719/3719 3702/3702/3702 3802/3802/3802
f 3719/3719/3719 3802/3802/3802 3819/3819/3819
f 3702/3702/3702 3694/3694/3694 3794/3794/3794
f 3702/3702/3702 3794/3794/3794 3802/3802/3802
f 3694/3694/3694 3701/3701/3701 3801/3801/3801
f 3694/3694/3694 3801/3801/3801 3794/3794/3794
f 3701/3701/3701 3718/3718/3718 3818/3818/3818
f 3701/3701/3701 3818/3818/3818 3801/3801/3801
f 3718/3718/3718 3727/3727/3727 3827/3827/3827
f 3718/3718/3718 3827/3827/3827 3818/3818/3818
f 3727/3727/3727 3732/3732/3732 3832/3832/3832
f 3727/3727/3727 3832/3832/3832 3827/3827/3827
f 3732/3732/3732 3728/3728/3728 3828/3828/3828
f 3732/3732/3732 3828/3828/3828 3832/3832/3832
f 3728/3728/3728 3720/3720/3720 3820/3820/3820
f 3728/3728/3728 3820/3820/3820 3828/3828/3828
f 3819/3819/3819 3802/3802/3802 3902/3902/3902
f 3819/3819/3819 3902/3902/3902 3919/3919/3919
f 3802/3802/3802 3794/3794/3794 3894/3894/3894
f 3802/3802/3802 3894/3894/3894 3902/3902/3902
f 3794/3794/3794 3801/3801/3801 3901/3901/3901
f 3794/3794/3794 3901/3901/3901 3894/3894/3894
f 3801/3801/3801 3818/3818/3818 3918/3918/3918
f 3801/3801/3801 3918/3918/3918 3901/3901/3901
f 3818/3818/3818 3827/3827/3827 3927/3927/3927
f 3818/3818/3818 3927/3927/3927 3918/3918/3918
f 3827/3827/3827 3832/3832/3832 3932/3932/3932
f 3827/3827/3827 3932/3932/3932 3927/3927/3927
f 3832/3832/3832 3828/3828/3828 3928/3928/3928
f 3832/3832/3832 3928/3928/3928 3932/3932/3932
f 3828/3828/3828 3820/3820/3820 3920/3920/3920
f 3828/3828/3828 3920/3920/3920 3928/3928/3928
f 3919/3919/3919 3902/3902/3902 4046/4046/4046
f 3919/3919/3919 4046/4046/4046 4079/4079/4079
f 3902/3902/3902 3894/3894/3894 4030/4030/4030
f 3902/3902/3902 4030/4030/4030 4046/4046/4046
f 3894/3894/3894 3901/3901/3901 4045/4045/4045
f 3894/3894/3894 4045/4045/4045 4030/4030/4030
f 3901/3901/3901 3918/3918/3918 4078/4078/4078
f 3901/3901/3901 4078/4078/4078 4045/4045/4045
f 3918/3918/3918 3927/3927/3927 4095/4095/4095
f 3918/3918/3918 4095/4095/4095 4078/4078/4078
f 3927/3927/3927 3932/3932/3932 4116/4116/4116
f 3927/3927/3927 4116/4116/4116 4095/4095/4095
f 3932/3932/3932 3928/3928/3928 4096/4096/4096
f 3932/3932/3932 4096/4096/4096 4116/4116/4116
f 3928/3928/3928 3920/3920/3920 4080/4080/4080
f 3928/3928/3928 4080/4080/4080 4096/4096/4096
f 4079/4079/4079 4046/4046/4046 4354/4354/4354
f 4079/4079/4079 4354/4354/4354 4371/4371/4371
f 4046/4046/4046 4030/4030/4030 4346/4346/4346
f 4046/4046/4046 4346/4346/4346 4354/4354/4354
f 4030/4030/4030 4045/4045/4045 4353/4353/4353
f 4030/4030/4030 4353/4353/4353 4346/4346/4346
f 4045/4045/4045 4078/4078/4078 4370/4370/4370
f 4045/4045/4045 4370/4370/4370 4353/4353/4353
f 4078/4078/4078 4095/4095/4095 4379/4379/4379
f 4078/4078/4078 4379/4379/4379 4370/4370/4370
f 4095/4095/4095 4116/4116/4116 4384/4384/4384
f 4095/4095/4095 4384/4384/4384 4379/4379/4379
f 4116/4116/4116 4096/4096/4096 4380/4380/4380
f 4116/4116/4116 4380/4380/4380 4384/4384/4384
f 4096/4096/4096 4080/4080/4080 4372/4372/4372
f 4096/4096/4096 4372/4372/4372 4380/4380/4380
f 4371/4371/4371 4354/4354/4354 4454/4454/4454
f 4371/4371/4371 4454/4454/4454 4471/4471/4471
f 4354/4354/4354 4346/4346/4346 4446/4446/4446
f 4354/4354/4354 4446/4446/4446 4454/4454/4454
f 4346/4346/4346 4353/4353/4353 4453/4453/4453
f 4346/4346/4346 4453/4453/4453 4446/4446/4446
f 4353/4353/4353 4370/4370/4370 4470/4470/4470
f 4353/4353/4353 4470/4470/4470 4453/4453/4453
f 4370/4370/4370 4379/4379/4379 4479/4479/4479
f 4370/4370/4370 4479/4479/4479 4470/4470/4470
f 4379/4379/4379 4384/4384/4384 4484/4484/4484
f 4379/4379/4379 4484/4484/4484 4479/4479/4479
f 4384/4384/4384 4380/4380/4380 4480/4480/4480
f 4384/4384/4384 4480/4480/4480 4484/4484/4484
f 4380/4380/4380 4372/4372/4372 4472/4472/4472
f 4380/4380/4380 4472/4472/4472 4480/4480/4480
f 4471/4471/4471 4454/4454/4454 4554/4554/4554
f 4471/4471/4471 4554/4554/4554 4571/4571/4571
f 4454/4454/4454 4446/4446/4446 4546/4546/4546
f 4454/4454/4454 4546/4546/4546 4554/4554/4554
f 4446/4446/4446 4453/4453/4453 4553/4553/4553
f 4446/4446/4446 4553/4553/4553 4546/4546/4546
f 4453/4453/4453 4470/4470/4470 4570/4570/4570
f 4453/4453/4453 4570/4570/4570 4553/4553/4553
f 4470/4470/4470 4479/4479/4479 4579/4579/4579
f 4470/4470/4470 4579/4579/4579 4570/4570/4570
f 4479/4479/4479 4484/4484/4484 4584/4584/4584
f 4479/4479/4479 4584/4584/4584 4579/4579/4579
f 4484/4484/4484 4480/4480/4480 4580/4580/4580
f 4484/4484/4484 4580/4580/4580 4584/4584/4584
f 4480/4480/4480 4472/4472/4472 4572/4572/4572
f 4480/4480/4480 4572/4572/4572 4580/4580/4580
f 4571/4571/4571 4554/4554/4554 4654/4654/4654
f 4571/4571/4571 4654/4654/4654 4671/4671/4671
f 4554/4554/4554 4546/4546/4546 4646/4646/4646
f 4554/4554/4554 4646/4646/4646 4654/4654/4654
f 4546/4546/4546 4553/4553/4553 4653/4653/4653
f 4546/4546/4546 4653/4653/4653 4646/4646/4646
f 4553/4553/4553 4570/4570/4570 4670/4670/4670
f 4553/4553/4553 4670/4670/4670 4653/4653/4653
f 4570/4570/4570 4579/4579/4579 4679/4679/4679
f 4570/4570/4570 4679/4679/4679 4670/4670/4670
f 4579/4579/4579 4584/4584/4584 4684/4684/4684
f 4579/4579/4579 4684/4684/4684 4679/4679/4679
f 4584/4584/4584 4580/4580/4580 4680/4680/4680
f 4584/4584/4584 4680/4680/4680 4684/4684/4684
f 4580/4580/4580 4572/4572/4572 4672/4672/4672
f 4580/4580/4580 4672/4672/4672 4680/4680/4680
f 4671/4671/4671 4654/4654/4654 4754/4754/4754
f 4671/4671/4671 4754/4754/4754 4771/4771/4771
f 4654/4654/4654 4646/4646/4646 4746/4746/4746
f 4654/4654/4654 4746/4746/4746 4754/4754/4754
f 4646/4646/4646 4653/4653/4653 4753/4753/4753
f 4646/4646/4646 4753/4753/4753 4746/4746/4746
f 4653/4653/4653 4670/4670/4670 4770/4770/4770
f 4653/4653/4653 4770/4770/4770 4753/4753/4753
f 4670/4670/4670 4679/4679/4679 4815/4815/4815
f 4670/4670/4670 4815/4815/4815 4770/4770/4770
f 4679/4679/4679 4684/4684/4684 4820/4820/4820
f 4679/4679/4679 4820/4820/4820 4815/4815/4815
f 4684/4684/4684 4680/4680/4680 4816/4816/4816
f 4684/4684/4684 4816/4816/4816 4820/4820/4820
f 4680/4680/4680 4672/4672/4672 4772/4772/4772
f 4680/4680/4680 4772/4772/4772 4816/4816/4816
f 4771/4771/4771 4754/4754/4754 5140/5140/5140
f 4771/4771/4771 5140/5140/5140 5187/5187/5187
f 4754/4754/4754 4746/4746/4746 5116/5116/5116
f 4754/4754/4754 5116/5116/5116 5140/5140/5140
f 4746/4746/4746 4753/4753/4753 5137/5137/5137
f 4746/4746/4746 5137/5137/5137 5116/5116/5116
f 4753/4753/4753 4770/4770/4770 5183/5183/5183
f 4753/4753/4753 5183/5183/5183 5137/5137/5137
f 4770/4770/4770 4815/4815/4815 5209/5209/5209
f 4770/4770/4770 5209/5209/5209 5183/5183/5183
f 4815/4815/4815 4820/4820/4820 5230/5230/5230
f 4815/4815/4815 5230/5230/5230 5209/5209/5209
f 4820/4820/4820 4816/4816/4816 5212/5212/5212
f 4820/4820/4820 5212/5212/5212 5230/5230/5230
f 4816/4816/4816 4772/4772/4772 5188/5188/5188
f 4816/4816/4816 5188/5188/5188 5212/5212/5212
f 120/120/120 147/147/147 121/121/121
f 120/120/120 159/159/159 146/146/146
f 120/120/120 144/144/144 158/158/158
f 120/120/120 118/118/118 143/143/143
f 120/120/120 72/72/72 117/117/117
f 120/120/120 46/46/46 71/71/71
f 120/120/120 75/75/75 45/45/45
f 120/120/120 122/122/122 74/74/74
f 5186/5186/5186 5189/5189/5189 5142/5142/5142
f 5186/5186/5186 5141/5141/5141 5118/5118/5118
f 5186/5186/5186 5117/5117/5117 5139/5139/5139
f 5186/5186/5186 5138/5138/5138 5185/5185/5185
f 5186/5186/5186 5184/5184/5184 5211/5211/5211
f 5186/5186/5186 5210/5210/5210 5232/5232/5232
f 5186/5186/5186 5231/5231/5231 5214/5214/5214
f 5186/5186/5186 5213/5213/5213 5190/5190/5190
usemtl Wood
s 1
f 297/297/297 266/266/266 294/294/294
f 48/48/48 12/12/12 34/34/34
f 11/11/11 8/8/8 3/3/3
f 296/296/296 293/293/293 264/264/264
f 10/10/10 1/1/1 6/6/6
f 50/50/50 35/35/35 14/14/14
f 334/334/334 327/327/327 369/369/369
f 336/336/336 370/370/370 328/328/328
f 2/2/2 13/13/13 15/15/15
f 2/2/2 15/15/15 4/4/4
f 7/7/7 268/268/268 265/265/265
f 7/7/7 265/265/265 5/5/5
f 9/9/9 2/2/2 4/4/4
f 9/9/9 6/6/6 2/2/2
f 11/11/11 3/3/3 14/14/14
f 11/11/11 14/14/14 35/35/35
f 11/11/11 266/266/266 8/8/8
f 11/11/11 294/294/294 266/266/266
f 296/296/296 327/327/327 293/293/293
f 296/296/296 369/369/369 327/327/327
f 295/295/295 371/371/371 368/368/368
f 295/295/295 298/298/298 371/371/371
f 295/295/295 263/263/263 267/267/267
f 295/295/295 267/267/267 298/298/298
f 10/10/10 6/6/6 264/264/264
f 10/10/10 264/264/264 293/293/293
f 10/10/10 293/293/293 327/327/327
f 10/10/10 327/327/327 34/34/34
f 10/10/10 12/12/12 1/1/1
f 10/10/10 34/34/34 12/12/12
f 328/328/328 11/11/11 35/35/35
f 328/328/328 294/294/294 11/11/11
f 328/328/328 370/370/370 297/297/297
f 328/328/328 297/297/297 294/294/294
f 51/51/51 15/15/15 13/13/13
f 51/51/51 13/13/13 48/48/48
f 334/334/334 34/34/34 327/327/327
f 334/334/334 48/48/48 34/34/34
f 336/336/336 328/328/328 35/35/35
f 336/336/336 35/35/35 50/50/50
f 337/337/337 368/368/368 371/371/371
f 337/337/337 333/333/333 368/368/368
f 338/338/338 52/52/52 49/49/49
f 338/338/338 49/49/49 335/335/335
f 541/541/541 534/534/534 538/538/538
f 426/426/426 374/374/374 408/408/408
f 373/373/373 366/366/366 331/331/331
f 540/540/540 537/537/537 532/532/532
f 372/372/372 329/329/329 364/364/364
f 428/428/428 409/409/409 376/376/376
f 546/546/546 543/543/543 556/556/556
f 548/548/548 557/557/557 544/544/544
f 330/330/330 375/375/375 377/377/377
f 330/330/330 377/377/377 332/332/332
f 365/365/365 536/536/536 533/533/533
f 365/365/365 533/533/533 363/363/363
f 367/367/367 330/330/330 332/332/332
f 367/367/367 364/364/364 330/330/330
f 373/373/373 331/331/331 376/376/376
f 373/373/373 376/376/376 409/409/409
f 373/373/373 534/534/534 366/366/366
f 373/373/373 538/538/538 534/534/534
f 540/540/540 543/543/543 537/537/537
f 540/540/540 556/556/556 543/543/543
f 539/539/539 558/558/558 555/555/555
f 539/539/539 542/542/542 558/558/558
f 539/539/539 531/531/531 535/535/535
f 539/539/539 535/535/535 542/542/542
f 372/372/372 364/364/364 532/532/532
f 372/372/372 532/532/532 537/537/537
f 372/372/372 537/537/537 543/543/543
f 372/372/372 543/543/543 408/408/408
f 372/372/372 374/374/374 329/329/329
f 372/372/372 408/408/408 374/374/374
f 544/544/544 373/373/373 409/409/409
f 544/544/544 538/538/538 373/373/373
f 544/544/544 557/557/557 541/541/541
f 544/544/544 541/541/541 538/538/538
f 429/429/429 377/377/377 375/375/375
f 429/429/429 375/375/375 426/426/426
f 546/546/546 408/408/408 543/543/543
f 546/546/546 426/426/426 408/408/408
f 548/548/548 544/544/544 409/409/409
f 548/548/548 409/409/409 428/428/428
f 549/549/549 555/555/555 558/558/558
f 549/549/549 545/545/545 555/555/555
f 550/550/550 430/430/430 427/427/427
f 550/550/550 427/427/427 547/547/547
f 641/641/641 634/634/634 638/638/638
f 578/578/578 566/566/566 572/572/572
f 565/565/565 562/562/562 553/553/553
f 640/640/640 637/637/637 632/632/632
f 564/564/564 551/551/551 560/560/560
f 580/580/580 573/573/573 568/568/568
f 646/646/646 643/643/643 656/656/656
f 648/648/648 657/657/657 644/644/644
f 552/552/552 567/567/567 569/569/569
f 552/552/552 569/569/569 554/554/554
f 561/561/561 636/636/636 633/633/633
f 561/561/561 633/633/633 559/559/559
f 563/563/563 552/552/552 554/554/554
f 563/563/563 560/560/560 552/552/552
f 565/565/565 553/553/553 568/568/568
f 565/565/565 568/568/568 573/573/573
f 565/565/565 634/634/634 562/562/562
f 565/565/565 638/638/638 634/634/634
f 640/640/640 643/643/643 637/637/637
f 640/640/640 656/656/656 643/643/643
f 639/639/639 658/658/658 655/655/655
f 639/639/639 642/642/642 658/658/658
f 639/639/639 631/631/631 635/635/635
f 639/639/639 635/635/635 642/642/642
f 564/564/564 560/560/560 632/632/632
f 564/564/564 632/632/632 637/637/637
f 564/564/564 637/637/637 643/643/643
f 564/564/564 643/643/643 572/572/572
f 564/564/564 566/566/566 551/551/551
f 564/564/564 572/572/572 566/566/566
f 644/644/644 565/565/565 573/573/573
f 644/644/644 638/638/638 565/565/565
f 644/644/644 657/657/657 641/641/641
f 644/644/644 641/641/641 638/638/638
f 581/581/581 569/569/569 567/567/567
f 581/581/581 567/567/567 578/578/578
f 646/646/646 572/572/572 643/643/643
f 646/646/646 578/578/578 572/572/572
f 648/648/648 644/644/644 573/573/573
f 648/648/648 573/573/573 580/580/580
f 649/649/649 655/655/655 658/658/658
f 649/649/649 645/645/645 655/655/655
f 650/650/650 582/582/582 579/579/579
f 650/650/650 579/579/579 647/647/647
f 741/741/741 734/734/734 738/738/738
f 674/674/674 666/666/666 672/672/672
f 665/665/665 662/662/662 653/653/653
f 740/740/740 737/737/737 732/732/732
f 664/664/664 651/651/651 660/660/660
f 676/676/676 673/673/673 668/668/668
f 746/746/746 743/743/743 756/756/756
f 748/748/748 757/757/757 744/744/744
f 652/652/652 667/667/667 669/669/669
f 652/652/652 669/669/669 654/654/654
f 661/661/661 736/736/736 733/733/733
f 661/661/661 733/733/733 659/659/659
f 663/663/663 652/652/652 654/654/654
f 663/663/663 660/660/660 652/652/652
f 665/665/665 653/653/653 668/668/668
f 665/665/665 668/668/668 673/673/673
f 665/665/665 734/734/734 662/662/662
f 665/665/665 738/738/738 734/734/734
f 740/740/740 743/743/743 737/737/737
f 740/740/740 756/756/756 743/743/743
f 739/739/739 758/758/758 755/755/755
f 739/739/739 742/742/742 758/758/758
f 739/739/739 731/731/731 735/735/735
f 739/739/739 735/735/735 742/742/742
f 664/664/664 660/660/660 732/732/732
f 664/664/664 732/732/732 737/737/737
f 664/664/664 737/737/737 743/743/743
f 664/664/664 743/743/743 672/672/672
f 664/664/664 666/666/666 651/651/651
f 664/664/664 672/672/672 666/666/666
f 744/744/744 665/665/665 673/673/673
f 744/744/744 738/738/738 665/665/665
f 744/744/744 757/757/757 741/741/741
f 744/744/744 741/741/741 738/738/738
f 677/677/677 669/669/669 667/667/667
f 677/677/677 667/667/667 674/674/674
f 746/746/746 672/672/672 743/743/743
f 746/746/746 674/674/674 672/672/672
f 748/748/748 744/744/744 673/673/673
f 748/748/748 673/673/673 676/676/676
f 749/749/749 755/755/755 758/758/758
f 749/749/749 745/745/745 755/755/755
f 750/750/750 678/678/678 675/675/675
f 750/750/750 675/675/675 747/747/747
f 841/841/841 834/834/834 838/838/838
f 774/774/774 766/766/766 770/770/770
f 765/765/765 762/762/762 753/753/753
f 840/840/840 837/837/837 832/832/832
f 764/764/764 751/751/751 760/760/760
f 776/776/776 771/771/771 768/768/768
f 846/846/846 843/843/843 856/856/856
f 848/848/848 857/857/857 844/844/844
f 752/752/752 767/767/767 769/769/769
f 752/752/752 769/769/769 754/754/754
f 761/761/761 836/836/836 833/833/833
f 761/761/761 833/833/833 759/759/759
f 763/763/763 752/752/752 754/754/754
f 763/763/763 760/760/760 752/752/752
f 765/765/765 753/753/753 768/768/768
f 765/765/765 768/768/768 771/771/771
f 765/765/765 834/834/834 762/762/762
f 765/765/765 838/838/838 834/834/834
f 840/840/840 843/843/843 837/837/837
f 840/840/840 856/856/856 843/843/843
f 839/839/839 858/858/858 855/855/855
f 839/839/839 842/842/842 858/858/858
f 839/839/839 831/831/831 835/835/835
f 839/839/839 835/835/835 842/842/842
f 764/764/764 760/760/760 832/832/832
f 764/764/764 832/832/832 837/837/837
f 764/764/764 837/837/837 843/843/843
f 764/764/764 843/843/843 770/770/770
f 764/764/764 766/766/766 751/751/751
f 764/764/764 770/770/770 766/766/766
f 844/844/844 765/765/765 771/771/771
f 844/844/844 838/838/838 765/765/765
f 844/844/844 857/857/857 841/841/841
f 844/844/844 841/841/841 838/838/838
f 777/777/777 769/769/769 767/767/767
f 777/777/777 767/767/767 774/774/774
f 846/846/846 770/770/770 843/843/843
f 846/846/846 774/774/774 770/770/770
f 848/848/848 844/844/844 771/771/771
f 848/848/848 771/771/771 776/776/776
f 849/849/849 855/855/855 858/858/858
f 849/849/849 845/845/845 855/855/855
f 850/850/850 778/778/778 775/775/775
f 850/850/850 775/775/775 847/847/847
f 1027/1027/1027 994/994/994 998/998/998
f 872/872/872 864/864/864 870/870/870
f 869/869/869 862/862/862 853/853/853
f 1026/1026/1026 997/997/997 992/992/992
f 868/868/868 851/851/851 860/860/860
f 874/874/874 871/871/871 866/866/866
f 1030/1030/1030 1023/1023/1023 1064/1064/1064
f 1032/1032/1032 1065/1065/1065 1024/1024/1024
f 852/852/852 865/865/865 867/867/867
f 852/852/852 867/867/867 854/854/854
f 861/861/861 996/996/996 993/993/993
f 861/861/861 993/993/993 859/859/859
f 863/863/863 852/852/852 854/854/854
f 863/863/863 860/860/860 852/852/852
f 869/869/869 853/853/853 866/866/866
f 869/869/869 866/866/866 871/871/871
f 869/869/869 994/994/994 862/862/862
f 869/869/869 998/998/998 994/994/994
f 1026/1026/1026 1023/1023/1023 997/997/997
f 1026/1026/1026 1064/1064/1064 1023/1023/1023
f 1025/1025/1025 1066/1066/1066 1063/1063/1063
f 1025/1025/1025 1028/1028/1028 1066/1066/1066
f 1025/1025/1025 991/991/991 995/995/995
f 1025/1025/1025 995/995/995 1028/1028/1028
f 868/868/868 860/860/860 992/992/992
f 868/868/868 992/992/992 997/997/997
f 868/868/868 997/997/997 1023/1023/1023
f 868/868/868 1023/1023/1023 870/870/870
f 868/868/868 864/864/864 851/851/851
f 868/868/868 870/870/870 864/864/864
f 1024/1024/1024 869/869/869 871/871/871
f 1024/1024/1024 998/998/998 869/869/869
f 1024/1024/1024 1065/1065/1065 1027/1027/1027
f 1024/1024/1024 1027/1027/1027 998/998/998
f 875/875/875 867/867/867 865/865/865
f 875/875/875 865/865/865 872/872/872
f 1030/1030/1030 870/870/870 1023/1023/1023
f 1030/1030/1030 872/872/872 870/870/870
f 1032/1032/1032 1024/1024/1024 871/871/871
f 1032/1032/1032 871/871/871 874/874/874
f 1033/1033/1033 1063/1063/1063 1066/1066/1066
f 1033/1033/1033 1029/1029/1029 1063/1063/1063
f 1034/1034/1034 876/876/876 873/873/873
f 1034/1034/1034 873/873/873 1031/1031/1031
f 1295/1295/1295 1286/1286/1286 1290/1290/1290
f 1108/1108/1108 1072/1072/1072 1106/1106/1106
f 1077/1077/1077 1070/1070/1070 1037/1037/1037
f 1294/1294/1294 1289/1289/1289 1284/1284/1284
f 1076/1076/1076 1035/1035/1035 1068/1068/1068
f 1110/1110/1110 1107/1107/1107 1074/1074/1074
f 1298/1298/1298 1291/1291/1291 1308/1308/1308
f 1300/1300/1300 1309/1309/1309 1292/1292/1292
f 1036/1036/1036 1073/1073/1073 1075/1075/1075
f 1036/1036/1036 1075/1075/1075 1038/1038/1038
f 1069/1069/1069 1288/1288/1288 1285/1285/1285
f 1069/1069/1069 1285/1285/1285 1067/1067/1067
f 1071/1071/1071 1036/1036/1036 1038/1038/1038
f 1071/1071/1071 1068/1068/1068 1036/1036/1036
f 1077/1077/1077 1037/1037/1037 1074/1074/1074
f 1077/1077/1077 1074/1074/1074 1107/1107/1107
f 1077/1077/1077 1286/1286/1286 1070/1070/1070
f 1077/1077/1077 1290/1290/1290 1286/1286/1286
f 1294/1294/1294 1291/1291/1291 1289/1289/1289
f 1294/1294/1294 1308/1308/1308 1291/1291/1291
f 1293/1293/1293 1310/1310/1310 1307/1307/1307
f 1293/1293/1293 1296/1296/1296 1310/1310/1310
f 1293/1293/1293 1283/1283/1283 1287/1287/1287
f 1293/1293/1293 1287/1287/1287 1296/1296/1296
f 1076/1076/1076 1068/1068/1068 1284/1284/1284
f 1076/1076/1076 1284/1284/1284 1289/1289/1289
f 1076/1076/1076 1289/1289/1289 1291/1291/1291
f 1076/1076/1076 1291/1291/1291 1106/1106/1106
f 1076/1076/1076 1072/1072/1072 1035/1035/1035
f 1076/1076/1076 1106/1106/1106 1072/1072/1072
f 1292/1292/1292 1077/1077/1077 1107/1107/1107
f 1292/1292/1292 1290/1290/1290 1077/1077/1077
f 1292/1292/1292 1309/1309/1309 1295/1295/1295
f 1292/1292/1292 1295/1295/1295 1290/1290/1290
f 1111/1111/1111 1075/1075/1075 1073/1073/1073
f 1111/1111/1111 1073/1073/1073 1108/1108/1108
f 1298/1298/1298 1106/1106/1106 1291/1291/1291
f 1298/1298/1298 1108/1108/1108 1106/1106/1106
f 1300/1300/1300 1292/1292/1292 1107/1107/1107
f 1300/1300/1300 1107/1107/1107 1110/1110/1110
f 1301/1301/1301 1307/1307/1307 1310/1310/1310
f 1301/1301/1301 1297/1297/1297 1307/1307/1307
f 1302/1302/1302 1112/1112/1112 1109/1109/1109
f 1302/1302/1302 1109/1109/1109 1299/1299/1299
f 1401/1401/1401 1386/1386/1386 1390/1390/1390
f 1324/1324/1324 1311/1311/1311 1322/1322/1322
f 1321/1321/1321 1318/1318/1318 1305/1305/1305
f 1400/1400/1400 1389/1389/1389 1384/1384/1384
f 1320/1320/1320 1303/1303/1303 1316/1316/1316
f 1326/1326/1326 1323/1323/1323 1313/1313/1313
f 1394/1394/1394 1391/1391/1391 1408/1408/1408
f 1396/1396/1396 1409/1409/1409 1392/1392/1392
f 1304/1304/1304 1312/1312/1312 1314/1314/1314
f 1304/1304/1304 1314/1314/1314 1306/1306/1306
f 1317/1317/1317 1388/1388/1388 1385/1385/1385
f 1317/1317/1317 1385/1385/1385 1315/1315/1315
f 1319/1319/1319 1304/1304/1304 1306/1306/1306
f 1319/1319/1319 1316/1316/1316 1304/1304/1304
f 1321/1321/1321 1305/1305/1305 1313/1313/1313
f 1321/1321/1321 1313/1313/1313 1323/1323/1323
f 1321/1321/1321 1386/1386/1386 1318/1318/1318
f 1321/1321/1321 1390/1390/1390 1386/1386/1386
f 1400/1400/1400 1391/1391/1391 1389/1389/1389
f 1400/1400/1400 1408/1408/1408 1391/1391/1391
f 1399/1399/1399 1410/1410/1410 1407/1407/1407
f 1399/1399/1399 1402/1402/1402 1410/1410/1410
f 1399/1399/1399 1383/1383/1383 1387/1387/1387
f 1399/1399/1399 1387/1387/1387 1402/1402/1402
f 1320/1320/1320 1316/1316/1316 1384/1384/1384
f 1320/1320/1320 1384/1384/1384 1389/1389/1389
f 1320/1320/1320 1389/1389/1389 1391/1391/1391
f 1320/1320/1320 1391/1391/1391 1322/1322/1322
f 1320/1320/1320 1311/1311/1311 1303/1303/1303
f 1320/1320/1320 1322/1322/1322 1311/1311/1311
f 1392/1392/1392 1321/1321/1321 1323/1323/1323
f 1392/1392/1392 1390/1390/1390 1321/1321/1321
f 1392/1392/1392 1409/1409/1409 1401/1401/1401
f 1392/1392/1392 1401/1401/1401 1390/1390/1390
f 1327/1327/1327 1314/1314/1314 1312/1312/1312
f 1327/1327/1327 1312/1312/1312 1324/1324/1324
f 1394/1394/1394 1322/1322/1322 1391/1391/1391
f 1394/1394/1394 1324/1324/1324 1322/1322/1322
f 1396/1396/1396 1392/1392/1392 1323/1323/1323
f 1396/1396/1396 1323/1323/1323 1326/1326/1326
f 1397/1397/1397 1407/1407/1407 1410/1410/1410
f 1397/1397/1397 1393/1393/1393 1407/1407/1407
f 1398/1398/1398 1328/1328/1328 1325/1325/1325
f 1398/1398/1398 1325/1325/1325 1395/1395/1395
f 1501/1501/1501 1486/1486/1486 1490/1490/1490
f 1424/1424/1424 1411/1411/1411 1422/1422/1422
f 1421/1421/1421 1418/1418/1418 1405/1405/1405
f 1500/1500/1500 1489/1489/1489 1484/1484/1484
f 1420/1420/1420 1403/1403/1403 1416/1416/1416
f 1426/1426/1426 1423/1423/1423 1413/1413/1413
f 1494/1494/1494 1491/1491/1491 1508/1508/1508
f 1496/1496/1496 1509/1509/1509 1492/1492/1492
f 1404/1404/1404 1412/1412/1412 1414/1414/1414
f 1404/1404/1404 1414/1414/1414 1406/1406/1406
f 1417/1417/1417 1488/1488/1488 1485/1485/1485
f 1417/1417/1417 1485/1485/1485 1415/1415/1415
f 1419/1419/1419 1404/1404/1404 1406/1406/1406
f 1419/1419/1419 1416/1416/1416 1404/1404/1404
f 1421/1421/1421 1405/1405/1405 1413/1413/1413
f 1421/1421/1421 1413/1413/1413 1423/1423/1423
f 1421/1421/1421 1486/1486/1486 1418/1418/1418
f 1421/1421/1421 1490/1490/1490 1486/1486/1486
f 1500/1500/1500 1491/1491/1491 1489/1489/1489
f 1500/1500/1500 1508/1508/1508 1491/1491/1491
f 1499/1499/1499 1510/1510/1510 1507/1507/1507
f 1499/1499/1499 1502/1502/1502 1510/1510/1510
f 1499/1499/1499 1483/1483/1483 1487/1487/1487
f 1499/1499/1499 1487/1487/1487 1502/1502/1502
f 1420/1420/1420 1416/1416/1416 1484/1484/1484
f 1420/1420/1420 1484/1484/1484 1489/1489/1489
f 1420/1420/1420 1489/1489/1489 1491/1491/1491
f 1420/1420/1420 1491/1491/1491 1422/1422/1422
f 1420/1420/1420 1411/1411/1411 1403/1403/1403
f 1420/1420/1420 1422/1422/1422 1411/1411/1411
f 1492/1492/1492 1421/1421/1421 1423/1423/1423
f 1492/1492/1492 1490/1490/1490 1421/1421/1421
f 1492/1492/1492 1509/1509/1509 1501/1501/1501
f 1492/1492/1492 1501/1501/1501 1490/1490/1490
f 1427/1427/1427 1414/1414/1414 1412/1412/1412
f 1427/1427/1427 1412/1412/1412 1424/1424/1424
f 1494/1494/1494 1422/1422/1422 1491/1491/1491
f 1494/1494/1494 1424/1424/1424 1422/1422/1422
f 1496/1496/1496 1492/1492/1492 1423/1423/1423
f 1496/1496/1496 1423/1423/1423 1426/1426/1426
f 1497/1497/1497 1507/1507/1507 1510/1510/1510
f 1497/1497/1497 1493/1493/1493 1507/1507/1507
f 1498/1498/1498 1428/1428/1428 1425/1425/1425
f 1498/1498/1498 1425/1425/1425 1495/1495/1495
f 1601/1601/1601 1586/1586/1586 1590/1590/1590
f 1524/1524/1524 1511/1511/1511 1522/1522/1522
f 1521/1521/1521 1518/1518/1518 1505/1505/1505
f 1600/1600/1600 1589/1589/1589 1584/1584/1584
f 1520/1520/1520 1503/1503/1503 1516/1516/1516
f 1526/1526/1526 1523/1523/1523 1513/1513/1513
f 1594/1594/1594 1591/1591/1591 1608/1608/1608
f 1596/1596/1596 1609/1609/1609 1592/1592/1592
f 1504/1504/1504 1512/1512/1512 1514/1514/1514
f 1504/1504/1504 1514/1514/1514 1506/1506/1506
f 1517/1517/1517 1588/1588/1588 1585/1585/1585
f 1517/1517/1517 1585/1585/1585 1515/1515/1515
f 1519/1519/1519 1504/1504/1504 1506/1506/1506
f 1519/1519/1519 1516/1516/1516 1504/1504/1504
f 1521/1521/1521 1505/1505/1505 1513/1513/1513
f 1521/1521/1521 1513/1513/1513 1523/1523/1523
f 1521/1521/1521 1586/1586/1586 1518/1518/1518
f 1521/1521/1521 1590/1590/1590 1586/1586/1586
f 1600/1600/1600 1591/1591/1591 1589/1589/1589
f 1600/1600/1600 1608/1608/1608 1591/1591/1591
f 1599/1599/1599 1610/1610/1610 1607/1607/1607
f 1599/1599/1599 1602/1602/1602 1610/1610/1610
f 1599/1599/1599 1583/1583/1583 1587/1587/1587
f 1599/1599/1599 1587/1587/1587 1602/1602/1602
f 1520/1520/1520 1516/1516/1516 1584/1584/1584
f 1520/1520/1520 1584/1584/1584 1589/1589/1589
f 1520/1520/1520 1589/1589/1589 1591/1591/1591
f 1520/1520/1520 1591/1591/1591 1522/1522/1522
f 1520/1520/1520 1511/1511/1511 1503/1503/1503
f 1520/1520/1520 1522/1522/1522 1511/1511/1511
f 1592/1592/1592 1521/1521/1521 1523/1523/1523
f 1592/1592/1592 1590/1590/1590 1521/1521/1521
f 1592/1592/1592 1609/1609/1609 1601/1601/1601
f 1592/1592/1592 1601/1601/1601 1590/1590/1590
f 1527/1527/1527 1514/1514/1514 1512/1512/1512
f 1527/1527/1527 1512/1512/1512 1524/1524/1524
f 1594/1594/1594 1522/1522/1522 1591/1591/1591
f 1594/1594/1594 1524/1524/1524 1522/1522/1522
f 1596/1596/1596 1592/1592/1592 1523/1523/1523
f 1596/1596/1596 1523/1523/1523 1526/1526/1526
f 1597/1597/1597 1607/1607/1607 1610/1610/1610
f 1597/1597/1597 1593/1593/1593 1607/1607/1607
f 1598/1598/1598 1528/1528/1528 1525/1525/1525
f 1598/1598/1598 1525/1525/1525 1595/1595/1595
f 1737/1737/1737 1686/1686/1686 1690/1690/1690
f 1624/1624/1624 1611/1611/1611 1622/1622/1622
f 1621/1621/1621 1618/1618/1618 1605/1605/1605
f 1736/1736/1736 1689/1689/1689 1684/1684/1684
f 1620/1620/1620 1603/1603/1603 1616/1616/1616
f 1626/1626/1626 1623/1623/1623 1613/1613/1613
f 1706/1706/1706 1695/1695/1695 1768/1768/1768
f 1708/1708/1708 1769/1769/1769 1696/1696/1696
f 1604/1604/1604 1612/1612/1612 1614/1614/1614
f 1604/1604/1604 1614/1614/1614 1606/1606/1606
f 1617/1617/1617 1688/1688/1688 1685/1685/1685
f 1617/1617/1617 1685/1685/1685 1615/1615/1615
f 1619/1619/1619 1604/1604/1604 1606/1606/1606
f 1619/1619/1619 1616/1616/1616 1604/1604/1604
f 1621/1621/1621 1605/1605/1605 1613/1613/1613
f 1621/1621/1621 1613/1613/1613 1623/1623/1623
f 1621/1621/1621 1686/1686/1686 1618/1618/1618
f 1621/1621/1621 1690/1690/1690 1686/1686/1686
f 1736/1736/1736 1695/1695/1695 1689/1689/1689
f 1736/1736/1736 1768/1768/1768 1695/1695/1695
f 1735/1735/1735 1770/1770/1770 1767/1767/1767
f 1735/1735/1735 1738/1738/1738 1770/1770/1770
f 1735/1735/1735 1683/1683/1683 1687/1687/1687
f 1735/1735/1735 1687/1687/1687 1738/1738/1738
f 1620/1620/1620 1616/1616/1616 1684/1684/1684
f 1620/1620/1620 1684/1684/1684 1689/1689/1689
f 1620/1620/1620 1689/1689/1689 1695/1695/1695
f 1620/1620/1620 1695/1695/1695 1622/1622/1622
f 1620/1620/1620 1611/1611/1611 1603/1603/1603
f 1620/1620/1620 1622/1622/1622 1611/1611/1611
f 1696/1696/1696 1621/1621/1621 1623/1623/1623
f 1696/1696/1696 1690/1690/1690 1621/1621/1621
f 1696/1696/1696 1769/1769/1769 1737/1737/1737
f 1696/1696/1696 1737/1737/1737 1690/1690/1690
f 1627/1627/1627 1614/1614/1614 1612/1612/1612
f 1627/1627/1627 1612/1612/1612 1624/1624/1624
f 1706/1706/1706 1622/1622/1622 1695/1695/1695
f 1706/1706/1706 1624/1624/1624 1622/1622/1622
f 1708/1708/1708 1696/1696/1696 1623/1623/1623
f 1708/1708/1708 1623/1623/1623 1626/1626/1626
f 1709/1709/1709 1767/1767/1767 1770/1770/1770
f 1709/1709/1709 1705/1705/1705 1767/1767/1767
f 1710/1710/1710 1628/1628/1628 1625/1625/1625
f 1710/1710/1710 1625/1625/1625 1707/1707/1707
f 2053/2053/2053 2038/2038/2038 2042/2042/2042
f 1808/1808/1808 1771/1771/1771 1806/1806/1806
f 1805/1805/1805 1786/1786/1786 1749/1749/1749
f 2052/2052/2052 2041/2041/2041 2036/2036/2036
f 1804/1804/1804 1747/1747/1747 1784/1784/1784
f 1810/1810/1810 1807/1807/1807 1773/1773/1773
f 2046/2046/2046 2043/2043/2043 2060/2060/2060
f 2048/2048/2048 2061/2061/2061 2044/2044/2044
f 1748/1748/1748 1772/1772/1772 1774/1774/1774
f 1748/1748/1748 1774/1774/1774 1750/1750/1750
f 1785/1785/1785 2040/2040/2040 2037/2037/2037
f 1785/1785/1785 2037/2037/2037 1783/1783/1783
f 1787/1787/1787 1748/1748/1748 1750/1750/1750
f 1787/1787/1787 1784/1784/1784 1748/1748/1748
f 1805/1805/1805 1749/1749/1749 1773/1773/1773
f 1805/1805/1805 1773/1773/1773 1807/1807/1807
f 1805/1805/1805 2038/2038/2038 1786/1786/1786
f 1805/1805/1805 2042/2042/2042 2038/2038/2038
f 2052/2052/2052 2043/2043/2043 2041/2041/2041
f 2052/2052/2052 2060/2060/2060 2043/2043/2043
f 2051/2051/2051 2062/2062/2062 2059/2059/2059
f 2051/2051/2051 2054/2054/2054 2062/2062/2062
f 2051/2051/2051 2035/2035/2035 2039/2039/2039
f 2051/2051/2051 2039/2039/2039 2054/2054/2054
f 1804/1804/1804 1784/1784/1784 2036/2036/2036
f 1804/1804/1804 2036/2036/2036 2041/2041/2041
f 1804/1804/1804 2041/2041/2041 2043/2043/2043
f 1804/1804/1804 2043/2043/2043 1806/1806/1806
f 1804/1804/1804 1771/1771/1771 1747/1747/1747
f 1804/1804/1804 1806/1806/1806 1771/1771/1771
f 2044/2044/2044 1805/1805/1805 1807/1807/1807
f 2044/2044/2044 2042/2042/2042 1805/1805/1805
f 2044/2044/2044 2061/2061/2061 2053/2053/2053
f 2044/2044/2044 2053/2053/2053 2042/2042/2042
f 1811/1811/1811 1774/1774/1774 1772/1772/1772
f 1811/1811/1811 1772/1772/1772 1808/1808/1808
f 2046/2046/2046 1806/1806/1806 2043/2043/2043
f 2046/2046/2046 1808/1808/1808 1806/1806/1806
f 2048/2048/2048 2044/2044/2044 1807/1807/1807
f 2048/2048/2048 1807/1807/1807 1810/1810/1810
f 2049/2049/2049 2059/2059/2059 2062/2062/2062
f 2049/2049/2049 2045/2045/2045 2059/2059/2059
f 2050/2050/2050 1812/1812/1812 1809/1809/1809
f 2050/2050/2050 1809/1809/1809 2047/2047/2047
f 2153/2153/2153 2138/2138/2138 2142/2142/2142
f 2076/2076/2076 2063/2063/2063 2074/2074/2074
f 2073/2073/2073 2070/2070/2070 2057/2057/2057
f 2152/2152/2152 2141/2141/2141 2136/2136/2136
f 2072/2072/2072 2055/2055/2055 2068/2068/2068
f 2078/2078/2078 2075/2075/2075 2065/2065/2065
f 2146/2146/2146 2143/2143/2143 2160/2160/2160
f 2148/2148/2148 2161/2161/2161 2144/2144/2144
f 2056/2056/2056 2064/2064/2064 2066/2066/2066
f 2056/2056/2056 2066/2066/2066 2058/2058/2058
f 2069/2069/2069 2140/2140/2140 2137/2137/2137
f 2069/2069/2069 2137/2137/2137 2067/2067/2067
f 2071/2071/2071 2056/2056/2056 2058/2058/2058
f 2071/2071/2071 2068/2068/2068 2056/2056/2056
f 2073/2073/2073 2057/2057/2057 2065/2065/2065
f 2073/2073/2073 2065/2065/2065 2075/2075/2075
f 2073/2073/2073 2138/2138/2138 2070/2070/2070
f 2073/2073/2073 2142/2142/2142 2138/2138/2138
f 2152/2152/2152 2143/2143/2143 2141/2141/2141
f 2152/2152/2152 2160/2160/2160 2143/2143/2143
f 2151/2151/2151 2162/2162/2162 2159/2159/2159
f 2151/2151/2151 2154/2154/2154 2162/2162/2162
f 2151/2151/2151 2135/2135/2135 2139/2139/2139
f 2151/2151/2151 2139/2139/2139 2154/2154/2154
f 2072/2072/2072 2068/2068/2068 2136/2136/2136
f 2072/2072/2072 2136/2136/2136 2141/2141/2141
f 2072/2072/2072 2141/2141/2141 2143/2143/2143
f 2072/2072/2072 2143/2143/2143 2074/2074/2074
f 2072/2072/2072 2063/2063/2063 2055/2055/2055
f 2072/2072/2072 2074/2074/2074 2063/2063/2063
f 2144/2144/2144 2073/2073/2073 2075/2075/2075
f 2144/2144/2144 2142/2142/2142 2073/2073/2073
f 2144/2144/2144 2161/2161/2161 2153/2153/2153
f 2144/2144/2144 2153/2153/2153 2142/2142/2142
f 2079/2079/2079 2066/2066/2066 2064/2064/2064
f 2079/2079/2079 2064/2064/2064 2076/2076/2076
f 2146/2146/2146 2074/2074/2074 2143/2143/2143
f 2146/2146/2146 2076/2076/2076 2074/2074/2074
f 2148/2148/2148 2144/2144/2144 2075/2075/2075
f 2148/2148/2148 2075/2075/2075 2078/2078/2078
f 2149/2149/2149 2159/2159/2159 2162/2162/2162
f 2149/2149/2149 2145/2145/2145 2159/2159/2159
f 2150/2150/2150 2080/2080/2080 2077/2077/2077
f 2150/2150/2150 2077/2077/2077 2147/2147/2147
f 2253/2253/2253 2238/2238/2238 2242/2242/2242
f 2176/2176/2176 2163/2163/2163 2174/2174/2174
f 2173/2173/2173 2170/2170/2170 2157/2157/2157
f 2252/2252/2252 2241/2241/2241 2236/2236/2236
f 2172/2172/2172 2155/2155/2155 2168/2168/2168
f 2178/2178/2178 2175/2175/2175 2165/2165/2165
f 2246/2246/2246 2243/2243/2243 2260/2260/2260
f 2248/2248/2248 2261/2261/2261 2244/2244/2244
f 2156/2156/2156 2164/2164/2164 2166/2166/2166
f 2156/2156/2156 2166/2166/2166 2158/2158/2158
f 2169/2169/2169 2240/2240/2240 2237/2237/2237
f 2169/2169/2169 2237/2237/2237 2167/2167/2167
f 2171/2171/2171 2156/2156/2156 2158/2158/2158
f 2171/2171/2171 2168/2168/2168 2156/2156/2156
f 2173/2173/2173 2157/2157/2157 2165/2165/2165
f 2173/2173/2173 2165/2165/2165 2175/2175/2175
f 2173/2173/2173 2238/2238/2238 2170/2170/2170
f 2173/2173/2173 2242/2242/2242 2238/2238/2238
f 2252/2252/2252 2243/2243/2243 2241/2241/2241
f 2252/2252/2252 2260/2260/2260 2243/2243/2243
f 2251/2251/2251 2262/2262/2262 2259/2259/2259
f 2251/2251/2251 2254/2254/2254 2262/2262/2262
f 2251/2251/2251 2235/2235/2235 2239/2239/2239
f 2251/2251/2251 2239/2239/2239 2254/2254/2254
f 2172/2172/2172 2168/2168/2168 2236/2236/2236
f 2172/2172/2172 2236/2236/2236 2241/2241/2241
f 2172/2172/2172 2241/2241/2241 2243/2243/2243
f 2172/2172/2172 2243/2243/2243 2174/2174/2174
f 2172/2172/2172 2163/2163/2163 2155/2155/2155
f 2172/2172/2172 2174/2174/2174 2163/2163/2163
f 2244/2244/2244 2173/2173/2173 2175/2175/2175
f 2244/2244/2244 2242/2242/2242 2173/2173/2173
f 2244/2244/2244 2261/2261/2261 2253/2253/2253
f 2244/2244/2244 2253/2253/2253 2242/2242/2242
f 2179/2179/2179 2166/2166/2166 2164/2164/2164
f 2179/2179/2179 2164/2164/2164 2176/2176/2176
f 2246/2246/2246 2174/2174/2174 2243/2243/2243
f 2246/2246/2246 2176/2176/2176 2174/2174/2174
f 2248/2248/2248 2244/2244/2244 2175/2175/2175
f 2248/2248/2248 2175/2175/2175 2178/2178/2178
f 2249/2249/2249 2259/2259/2259 2262/2262/2262
f 2249/2249/2249 2245/2245/2245 2259/2259/2259
f 2250/2250/2250 2180/2180/2180 2177/2177/2177
f 2250/2250/2250 2177/2177/2177 2247/2247/2247
f 2353/2353/2353 2338/2338/2338 2342/2342/2342
f 2276/2276/2276 2263/2263/2263 2274/2274/2274
f 2273/2273/2273 2270/2270/2270 2257/2257/2257
f 2352/2352/2352 2341/2341/2341 2336/2336/2336
f 2272/2272/2272 2255/2255/2255 2268/2268/2268
f 2278/2278/2278 2275/2275/2275 2265/2265/2265
f 2346/2346/2346 2343/2343/2343 2356/2356/2356
f 2348/2348/2348 2357/2357/2357 2344/2344/2344
f 2256/2256/2256 2264/2264/2264 2266/2266/2266
f 2256/2256/2256 2266/2266/2266 2258/2258/2258
f 2269/2269/2269 2340/2340/2340 2337/2337/2337
f 2269/2269/2269 2337/2337/2337 2267/2267/2267
f 2271/2271/2271 2256/2256/2256 2258/2258/2258
f 2271/2271/2271 2268/2268/2268 2256/2256/2256
f 2273/2273/2273 2257/2257/2257 2265/2265/2265
f 2273/2273/2273 2265/2265/2265 2275/2275/2275
f 2273/2273/2273 2338/2338/2338 2270/2270/2270
f 2273/2273/2273 2342/2342/2342 2338/2338/2338
f 2352/2352/2352 2343/2343/2343 2341/2341/2341
f 2352/2352/2352 2356/2356/2356 2343/2343/2343
f 2351/2351/2351 2358/2358/2358 2355/2355/2355
f 2351/2351/2351 2354/2354/2354 2358/2358/2358
f 2351/2351/2351 2335/2335/2335 2339/2339/2339
f 2351/2351/2351 2339/2339/2339 2354/2354/2354
f 2272/2272/2272 2268/2268/2268 2336/2336/2336
f 2272/2272/2272 2336/2336/2336 2341/2341/2341
f 2272/2272/2272 2341/2341/2341 2343/2343/2343
f 2272/2272/2272 2343/2343/2343 2274/2274/2274
f 2272/2272/2272 2263/2263/2263 2255/2255/2255
f 2272/2272/2272 2274/2274/2274 2263/2263/2263
f 2344/2344/2344 2273/2273/2273 2275/2275/2275
f 2344/2344/2344 2342/2342/2342 2273/2273/2273
f 2344/2344/2344 2357/2357/2357 2353/2353/2353
f 2344/2344/2344 2353/2353/2353 2342/2342/2342
f 2279/2279/2279 2266/2266/2266 2264/2264/2264
f 2279/2279/2279 2264/2264/2264 2276/2276/2276
f 2346/2346/2346 2274/2274/2274 2343/2343/2343
f 2346/2346/2346 2276/2276/2276 2274/2274/2274
f 2348/2348/2348 2344/2344/2344 2275/2275/2275
f 2348/2348/2348 2275/2275/2275 2278/2278/2278
f 2349/2349/2349 2355/2355/2355 2358/2358/2358
f 2349/2349/2349 2345/2345/2345 2355/2355/2355
f 2350/2350/2350 2280/2280/2280 2277/2277/2277
f 2350/2350/2350 2277/2277/2277 2347/2347/2347
f 2453/2453/2453 2438/2438/2438 2442/2442/2442
f 2376/2376/2376 2363/2363/2363 2374/2374/2374
f 2373/2373/2373 2370/2370/2370 2361/2361/2361
f 2452/2452/2452 2441/2441/2441 2436/2436/2436
f 2372/2372/2372 2359/2359/2359 2368/2368/2368
f 2378/2378/2378 2375/2375/2375 2365/2365/2365
f 2446/2446/2446 2443/2443/2443 2456/2456/2456
f 2448/2448/2448 2457/2457/2457 2444/2444/2444
f 2360/2360/2360 2364/2364/2364 2366/2366/2366
f 2360/2360/2360 2366/2366/2366 2362/2362/2362
f 2369/2369/2369 2440/2440/2440 2437/2437/2437
f 2369/2369/2369 2437/2437/2437 2367/2367/2367
f 2371/2371/2371 2360/2360/2360 2362/2362/2362
f 2371/2371/2371 2368/2368/2368 2360/2360/2360
f 2373/2373/2373 2361/2361/2361 2365/2365/2365
f 2373/2373/2373 2365/2365/2365 2375/2375/2375
f 2373/2373/2373 2438/2438/2438 2370/2370/2370
f 2373/2373/2373 2442/2442/2442 2438/2438/2438
f 2452/2452/2452 2443/2443/2443 2441/2441/2441
f 2452/2452/2452 2456/2456/2456 2443/2443/2443
f 2451/2451/2451 2458/2458/2458 2455/2455/2455
f 2451/2451/2451 2454/2454/2454 2458/2458/2458
f 2451/2451/2451 2435/2435/2435 2439/2439/2439
f 2451/2451/2451 2439/2439/2439 2454/2454/2454
f 2372/2372/2372 2368/2368/2368 2436/2436/2436
f 2372/2372/2372 2436/2436/2436 2441/2441/2441
f 2372/2372/2372 2441/2441/2441 2443/2443/2443
f 2372/2372/2372 2443/2443/2443 2374/2374/2374
f 2372/2372/2372 2363/2363/2363 2359/2359/2359
f 2372/2372/2372 2374/2374/2374 2363/2363/2363
f 2444/2444/2444 2373/2373/2373 2375/2375/2375
f 2444/2444/2444 2442/2442/2442 2373/2373/2373
f 2444/2444/2444 2457/2457/2457 2453/2453/2453
f 2444/2444/2444 2453/2453/2453 2442/2442/2442
f 2379/2379/2379 2366/2366/2366 2364/2364/2364
f 2379/2379/2379 2364/2364/2364 2376/2376/2376
f 2446/2446/2446 2374/2374/2374 2443/2443/2443
f 2446/2446/2446 2376/2376/2376 2374/2374/2374
f 2448/2448/2448 2444/2444/2444 2375/2375/2375
f 2448/2448/2448 2375/2375/2375 2378/2378/2378
f 2449/2449/2449 2455/2455/2455 2458/2458/2458
f 2449/2449/2449 2445/2445/2445 2455/2455/2455
f 2450/2450/2450 2380/2380/2380 2377/2377/2377
f 2450/2450/2450 2377/2377/2377 2447/2447/2447
f 2809/2809/2809 2792/2792/2792 2788/2788/2788
f 2471/2471/2471 2459/2459/2459 2476/2476/2476
f 2479/2479/2479 2483/2483/2483 2465/2465/2465
f 2808/2808/2808 2787/2787/2787 2790/2790/2790
f 2478/2478/2478 2463/2463/2463 2481/2481/2481
f 2473/2473/2473 2477/2477/2477 2461/2461/2461
f 2780/2780/2780 2785/2785/2785 2804/2804/2804
f 2782/2782/2782 2805/2805/2805 2786/2786/2786
f 2464/2464/2464 2460/2460/2460 2462/2462/2462
f 2464/2464/2464 2462/2462/2462 2466/2466/2466
f 2482/2482/2482 2794/2794/2794 2791/2791/2791
f 2482/2482/2482 2791/2791/2791 2480/2480/2480
f 2484/2484/2484 2464/2464/2464 2466/2466/2466
f 2484/2484/2484 2481/2481/2481 2464/2464/2464
f 2479/2479/2479 2465/2465/2465 2461/2461/2461
f 2479/2479/2479 2461/2461/2461 2477/2477/2477
f 2479/2479/2479 2792/2792/2792 2483/2483/2483
f 2479/2479/2479 2788/2788/2788 2792/2792/2792
f 2808/2808/2808 2785/2785/2785 2787/2787/2787
f 2808/2808/2808 2804/2804/2804 2785/2785/2785
f 2807/2807/2807 2806/2806/2806 2803/2803/2803
f 2807/2807/2807 2810/2810/2810 2806/2806/2806
f 2807/2807/2807 2789/2789/2789 2793/2793/2793
f 2807/2807/2807 2793/2793/2793 2810/2810/2810
f 2478/2478/2478 2481/2481/2481 2790/2790/2790
f 2478/2478/2478 2790/2790/2790 2787/2787/2787
f 2478/2478/2478 2787/2787/2787 2785/2785/2785
f 2478/2478/2478 2785/2785/2785 2476/2476/2476
f 2478/2478/2478 2459/2459/2459 2463/2463/2463
f 2478/2478/2478 2476/2476/2476 2459/2459/2459
f 2786/2786/2786 2479/2479/2479 2477/2477/2477
f 2786/2786/2786 2788/2788/2788 2479/2479/2479
f 2786/2786/2786 2805/2805/2805 2809/2809/2809
f 2786/2786/2786 2809/2809/2809 2788/2788/2788
f 2474/2474/2474 2462/2462/2462 2460/2460/2460
f 2474/2474/2474 2460/2460/2460 2471/2471/2471
f 2780/2780/2780 2476/2476/2476 2785/2785/2785
f 2780/2780/2780 2471/2471/2471 2476/2476/2476
f 2782/2782/2782 2786/2786/2786 2477/2477/2477
f 2782/2782/2782 2477/2477/2477 2473/2473/2473
f 2783/2783/2783 2803/2803/2803 2806/2806/2806
f 2783/2783/2783 2779/2779/2779 2803/2803/2803
f 2784/2784/2784 2475/2475/2475 2472/2472/2472
f 2784/2784/2784 2472/2472/2472 2781/2781/2781
f 2909/2909/2909 2900/2900/2900 2896/2896/2896
f 2819/2819/2819 2811/2811/2811 2824/2824/2824
f 2827/2827/2827 2831/2831/2831 2817/2817/2817
f 2908/2908/2908 2895/2895/2895 2898/2898/2898
f 2826/2826/2826 2815/2815/2815 2829/2829/2829
f 2821/2821/2821 2825/2825/2825 2813/2813/2813
f 2888/2888/2888 2893/2893/2893 2904/2904/2904
f 2890/2890/2890 2905/2905/2905 2894/2894/2894
f 2816/2816/2816 2812/2812/2812 2814/2814/2814
f 2816/2816/2816 2814/2814/2814 2818/2818/2818
f 2830/2830/2830 2902/2902/2902 2899/2899/2899
f 2830/2830/2830 2899/2899/2899 2828/2828/2828
f 2832/2832/2832 2816/2816/2816 2818/2818/2818
f 2832/2832/2832 2829/2829/2829 2816/2816/2816
f 2827/2827/2827 2817/2817/2817 2813/2813/2813
f 2827/2827/2827 2813/2813/2813 2825/2825/2825
f 2827/2827/2827 2900/2900/2900 2831/2831/2831
f 2827/2827/2827 2896/2896/2896 2900/2900/2900
f 2908/2908/2908 2893/2893/2893 2895/2895/2895
f 2908/2908/2908 2904/2904/2904 2893/2893/2893
f 2907/2907/2907 2906/2906/2906 2903/2903/2903
f 2907/2907/2907 2910/2910/2910 2906/2906/2906
f 2907/2907/2907 2897/2897/2897 2901/2901/2901
f 2907/2907/2907 2901/2901/2901 2910/2910/2910
f 2826/2826/2826 2829/2829/2829 2898/2898/2898
f 2826/2826/2826 2898/2898/2898 2895/2895/2895
f 2826/2826/2826 2895/2895/2895 2893/2893/2893
f 2826/2826/2826 2893/2893/2893 2824/2824/2824
f 2826/2826/2826 2811/2811/2811 2815/2815/2815
f 2826/2826/2826 2824/2824/2824 2811/2811/2811
f 2894/2894/2894 2827/2827/2827 2825/2825/2825
f 2894/2894/2894 2896/2896/2896 2827/2827/2827
f 2894/2894/2894 2905/2905/2905 2909/2909/2909
f 2894/2894/2894 2909/2909/2909 2896/2896/2896
f 2822/2822/2822 2814/2814/2814 2812/2812/2812
f 2822/2822/2822 2812/2812/2812 2819/2819/2819
f 2888/2888/2888 2824/2824/2824 2893/2893/2893
f 2888/2888/2888 2819/2819/2819 2824/2824/2824
f 2890/2890/2890 2894/2894/2894 2825/2825/2825
f 2890/2890/2890 2825/2825/2825 2821/2821/2821
f 2891/2891/2891 2903/2903/2903 2906/2906/2906
f 2891/2891/2891 2887/2887/2887 2903/2903/2903
f 2892/2892/2892 2823/2823/2823 2820/2820/2820
f 2892/2892/2892 2820/2820/2820 2889/2889/2889
f 3013/3013/3013 3000/3000/3000 2996/2996/2996
f 2919/2919/2919 2911/2911/2911 2924/2924/2924
f 2927/2927/2927 2931/2931/2931 2917/2917/2917
f 3012/3012/3012 2995/2995/2995 2998/2998/2998
f 2926/2926/2926 2915/2915/2915 2929/2929/2929
f 2921/2921/2921 2925/2925/2925 2913/2913/2913
f 2988/2988/2988 2993/2993/2993 3004/3004/3004
f 2990/2990/2990 3005/3005/3005 2994/2994/2994
f 2916/2916/2916 2912/2912/2912 2914/2914/2914
f 2916/2916/2916 2914/2914/2914 2918/2918/2918
f 2930/2930/2930 3002/3002/3002 2999/2999/2999
f 2930/2930/2930 2999/2999/2999 2928/2928/2928
f 2932/2932/2932 2916/2916/2916 2918/2918/2918
f 2932/2932/2932 2929/2929/2929 2916/2916/2916
f 2927/2927/2927 2917/2917/2917 2913/2913/2913
f 2927/2927/2927 2913/2913/2913 2925/2925/2925
f 2927/2927/2927 3000/3000/3000 2931/2931/2931
f 2927/2927/2927 2996/2996/2996 3000/3000/3000
f 3012/3012/3012 2993/2993/2993 2995/2995/2995
f 3012/3012/3012 3004/3004/3004 2993/2993/2993
f 3011/3011/3011 3006/3006/3006 3003/3003/3003
f 3011/3011/3011 3014/3014/3014 3006/3006/3006
f 3011/3011/3011 2997/2997/2997 3001/3001/3001
f 3011/3011/3011 3001/3001/3001 3014/3014/3014
f 2926/2926/2926 2929/2929/2929 2998/2998/2998
f 2926/2926/2926 2998/2998/2998 2995/2995/2995
f 2926/2926/2926 2995/2995/2995 2993/2993/2993
f 2926/2926/2926 2993/2993/2993 2924/2924/2924
f 2926/2926/2926 2911/2911/2911 2915/2915/2915
f 2926/2926/2926 2924/2924/2924 2911/2911/2911
f 2994/2994/2994 2927/2927/2927 2925/2925/2925
f 2994/2994/2994 2996/2996/2996 2927/2927/2927
f 2994/2994/2994 3005/3005/3005 3013/3013/3013
f 2994/2994/2994 3013/3013/3013 2996/2996/2996
f 2922/2922/2922 2914/2914/2914 2912/2912/2912
f 2922/2922/2922 2912/2912/2912 2919/2919/2919
f 2988/2988/2988 2924/2924/2924 2993/2993/2993
f 2988/2988/2988 2919/2919/2919 2924/2924/2924
f 2990/2990/2990 2994/2994/2994 2925/2925/2925
f 2990/2990/2990 2925/2925/2925 2921/2921/2921
f 2991/2991/2991 3003/3003/3003 3006/3006/3006
f 2991/2991/2991 2987/2987/2987 3003/3003/3003
f 2992/2992/2992 2923/2923/2923 2920/2920/2920
f 2992/2992/2992 2920/2920/2920 2989/2989/2989
f 3113/3113/3113 3100/3100/3100 3096/3096/3096
f 3019/3019/3019 3007/3007/3007 3024/3024/3024
f 3027/3027/3027 3031/3031/3031 3017/3017/3017
f 3112/3112/3112 3095/3095/3095 3098/3098/3098
f 3026/3026/3026 3015/3015/3015 3029/3029/3029
f 3021/3021/3021 3025/3025/3025 3009/3009/3009
f 3088/3088/3088 3093/3093/3093 3104/3104/3104
f 3090/3090/3090 3105/3105/3105 3094/3094/3094
f 3016/3016/3016 3008/3008/3008 3010/3010/3010
f 3016/3016/3016 3010/3010/3010 3018/3018/3018
f 3030/3030/3030 3102/3102/3102 3099/3099/3099
f 3030/3030/3030 3099/3099/3099 3028/3028/3028
f 3032/3032/3032 3016/3016/3016 3018/3018/3018
f 3032/3032/3032 3029/3029/3029 3016/3016/3016
f 3027/3027/3027 3017/3017/3017 3009/3009/3009
f 3027/3027/3027 3009/3009/3009 3025/3025/3025
f 3027/3027/3027 3100/3100/3100 3031/3031/3031
f 3027/3027/3027 3096/3096/3096 3100/3100/3100
f 3112/3112/3112 3093/3093/3093 3095/3095/3095
f 3112/3112/3112 3104/3104/3104 3093/3093/3093
f 3111/3111/3111 3106/3106/3106 3103/3103/3103
f 3111/3111/3111 3114/3114/3114 3106/3106/3106
f 3111/3111/3111 3097/3097/3097 3101/3101/3101
f 3111/3111/3111 3101/3101/3101 3114/3114/3114
f 3026/3026/3026 3029/3029/3029 3098/3098/3098
f 3026/3026/3026 3098/3098/3098 3095/3095/3095
f 3026/3026/3026 3095/3095/3095 3093/3093/3093
f 3026/3026/3026 3093/3093/3093 3024/3024/3024
f 3026/3026/3026 3007/3007/3007 3015/3015/3015
f 3026/3026/3026 3024/3024/3024 3007/3007/3007
f 3094/3094/3094 3027/3027/3027 3025/3025/3025
f 3094/3094/3094 3096/3096/3096 3027/3027/3027
f 3094/3094/3094 3105/3105/3105 3113/3113/3113
f 3094/3094/3094 3113/3113/3113 3096/3096/3096
f 3022/3022/3022 3010/3010/3010 3008/3008/3008
f 3022/3022/3022 3008/3008/3008 3019/3019/3019
f 3088/3088/3088 3024/3024/3024 3093/3093/3093
f 3088/3088/3088 3019/3019/3019 3024/3024/3024
f 3090/3090/3090 3094/3094/3094 3025/3025/3025
f 3090/3090/3090 3025/3025/3025 3021/3021/3021
f 3091/3091/3091 3103/3103/3103 3106/3106/3106
f 3091/3091/3091 3087/3087/3087 3103/3103/3103
f 3092/3092/3092 3023/3023/3023 3020/3020/3020
f 3092/3092/3092 3020/3020/3020 3089/3089/3089
f 3213/3213/3213 3200/3200/3200 3196/3196/3196
f 3119/3119/3119 3107/3107/3107 3124/3124/3124
f 3127/3127/3127 3131/3131/3131 3117/3117/3117
f 3212/3212/3212 3195/3195/3195 3198/3198/3198
f 3126/3126/3126 3115/3115/3115 3129/3129/3129
f 3121/3121/3121 3125/3125/3125 3109/3109/3109
f 3188/3188/3188 3193/3193/3193 3204/3204/3204
f 3190/3190/3190 3205/3205/3205 3194/3194/3194
f 3116/3116/3116 3108/3108/3108 3110/3110/3110
f 3116/3116/3116 3110/3110/3110 3118/3118/3118
f 3130/3130/3130 3202/3202/3202 3199/3199/3199
f 3130/3130/3130 3199/3199/3199 3128/3128/3128
f 3132/3132/3132 3116/3116/3116 3118/3118/3118
f 3132/3132/3132 3129/3129/3129 3116/3116/3116
f 3127/3127/3127 3117/3117/3117 3109/3109/3109
f 3127/3127/3127 3109/3109/3109 3125/3125/3125
f 3127/3127/3127 3200/3200/3200 3131/3131/3131
f 3127/3127/3127 3196/3196/3196 3200/3200/3200
f 3212/3212/3212 3193/3193/3193 3195/3195/3195
f 3212/3212/3212 3204/3204/3204 3193/3193/3193
f 3211/3211/3211 3206/3206/3206 3203/3203/3203
f 3211/3211/3211 3214/3214/3214 3206/3206/3206
f 3211/3211/3211 3197/3197/3197 3201/3201/3201
f 3211/3211/3211 3201/3201/3201 3214/3214/3214
f 3126/3126/3126 3129/3129/3129 3198/3198/3198
f 3126/3126/3126 3198/3198/3198 3195/3195/3195
f 3126/3126/3126 3195/3195/3195 3193/3193/3193
f 3126/3126/3126 3193/3193/3193 3124/3124/3124
f 3126/3126/3126 3107/3107/3107 3115/3115/3115
f 3126/3126/3126 3124/3124/3124 3107/3107/3107
f 3194/3194/3194 3127/3127/3127 3125/3125/3125
f 3194/3194/3194 3196/3196/3196 3127/3127/3127
f 3194/3194/3194 3205/3205/3205 3213/3213/3213
f 3194/3194/3194 3213/3213/3213 3196/3196/3196
f 3122/3122/3122 3110/3110/3110 3108/3108/3108
f 3122/3122/3122 3108/3108/3108 3119/3119/3119
f 3188/3188/3188 3124/3124/3124 3193/3193/3193
f 3188/3188/3188 3119/3119/3119 3124/3124/3124
f 3190/3190/3190 3194/3194/3194 3125/3125/3125
f 3190/3190/3190 3125/3125/3125 3121/3121/3121
f 3191/3191/3191 3203/3203/3203 3206/3206/3206
f 3191/3191/3191 3187/3187/3187 3203/3203/3203
f 3192/3192/3192 3123/3123/3123 3120/3120/3120
f 3192/3192/3192 3120/3120/3120 3189/3189/3189
f 3513/3513/3513 3476/3476/3476 3456/3456/3456
f 3219/3219/3219 3207/3207/3207 3224/3224/3224
f 3227/3227/3227 3231/3231/3231 3217/3217/3217
f 3512/3512/3512 3455/3455/3455 3474/3474/3474
f 3226/3226/3226 3215/3215/3215 3229/3229/3229
f 3221/3221/3221 3225/3225/3225 3209/3209/3209
f 3448/3448/3448 3453/3453/3453 3488/3488/3488
f 3450/3450/3450 3489/3489/3489 3454/3454/3454
f 3216/3216/3216 3208/3208/3208 3210/3210/3210
f 3216/3216/3216 3210/3210/3210 3218/3218/3218
f 3230/3230/3230 3478/3478/3478 3475/3475/3475
f 3230/3230/3230 3475/3475/3475 3228/3228/3228
f 3232/3232/3232 3216/3216/3216 3218/3218/3218
f 3232/3232/3232 3229/3229/3229 3216/3216/3216
f 3227/3227/3227 3217/3217/3217 3209/3209/3209
f 3227/3227/3227 3209/3209/3209 3225/3225/3225
f 3227/3227/3227 3476/3476/3476 3231/3231/3231
f 3227/3227/3227 3456/3456/3456 3476/3476/3476
f 3512/3512/3512 3453/3453/3453 3455/3455/3455
f 3512/3512/3512 3488/3488/3488 3453/3453/3453
f 3511/3511/3511 3490/3490/3490 3487/3487/3487
f 3511/3511/3511 3514/3514/3514 3490/3490/3490
f 3511/3511/3511 3473/3473/3473 3477/3477/3477
f 3511/3511/3511 3477/3477/3477 3514/3514/3514
f 3226/3226/3226 3229/3229/3229 3474/3474/3474
f 3226/3226/3226 3474/3474/3474 3455/3455/3455
f 3226/3226/3226 3455/3455/3455 3453/3453/3453
f 3226/3226/3226 3453/3453/3453 3224/3224/3224
f 3226/3226/3226 3207/3207/3207 3215/3215/3215
f 3226/3226/3226 3224/3224/3224 3207/3207/3207
f 3454/3454/3454 3227/3227/3227 3225/3225/3225
f 3454/3454/3454 3456/3456/3456 3227/3227/3227
f 3454/3454/3454 3489/3489/3489 3513/3513/3513
f 3454/3454/3454 3513/3513/3513 3456/3456/3456
f 3222/3222/3222 3210/3210/3210 3208/3208/3208
f 3222/3222/3222 3208/3208/3208 3219/3219/3219
f 3448/3448/3448 3224/3224/3224 3453/3453/3453
f 3448/3448/3448 3219/3219/3219 3224/3224/3224
f 3450/3450/3450 3454/3454/3454 3225/3225/3225
f 3450/3450/3450 3225/3225/3225 3221/3221/3221
f 3451/3451/3451 3487/3487/3487 3490/3490/3490
f 3451/3451/3451 3447/3447/3447 3487/3487/3487
f 3452/3452/3452 3223/3223/3223 3220/3220/3220
f 3452/3452/3452 3220/3220/3220 3449/3449/3449
f 3665/3665/3665 3652/3652/3652 3648/3648/3648
f 3555/3555/3555 3491/3491/3491 3568/3568/3568
f 3579/3579/3579 3583/3583/3583 3525/3525/3525
f 3664/3664/3664 3647/3647/3647 3650/3650/3650
f 3578/3578/3578 3523/3523/3523 3581/3581/3581
f 3557/3557/3557 3569/3569/3569 3493/3493/3493
f 3640/3640/3640 3645/3645/3645 3656/3656/3656
f 3642/3642/3642 3657/3657/3657 3646/3646/3646
f 3524/3524/3524 3492/3492/3492 3494/3494/3494
f 3524/3524/3524 3494/3494/3494 3526/3526/3526
f 3582/3582/3582 3654/3654/3654 3651/3651/3651
f 3582/3582/3582 3651/3651/3651 3580/3580/3580
f 3584/3584/3584 3524/3524/3524 3526/3526/3526
f 3584/3584/3584 3581/3581/3581 3524/3524/3524
f 3579/3579/3579 3525/3525/3525 3493/3493/3493
f 3579/3579/3579 3493/3493/3493 3569/3569/3569
f 3579/3579/3579 3652/3652/3652 3583/3583/3583
f 3579/3579/3579 3648/3648/3648 3652/3652/3652
f 3664/3664/3664 3645/3645/3645 3647/3647/3647
f 3664/3664/3664 3656/3656/3656 3645/3645/3645
f 3663/3663/3663 3658/3658/3658 3655/3655/3655
f 3663/3663/3663 3666/3666/3666 3658/3658/3658
f 3663/3663/3663 3649/3649/3649 3653/3653/3653
f 3663/3663/3663 3653/3653/3653 3666/3666/3666
f 3578/3578/3578 3581/3581/3581 3650/3650/3650
f 3578/3578/3578 3650/3650/3650 3647/3647/3647
f 3578/3578/3578 3647/3647/3647 3645/3645/3645
f 3578/3578/3578 3645/3645/3645 3568/3568/3568
f 3578/3578/3578 3491/3491/3491 3523/3523/3523
f 3578/3578/3578 3568/3568/3568 3491/3491/3491
f 3646/3646/3646 3579/3579/3579 3569/3569/3569
f 3646/3646/3646 3648/3648/3648 3579/3579/3579
f 3646/3646/3646 3657/3657/3657 3665/3665/3665
f 3646/3646/3646 3665/3665/3665 3648/3648/3648
f 3558/3558/3558 3494/3494/3494 3492/3492/3492
f 3558/3558/3558 3492/3492/3492 3555/3555/3555
f 3640/3640/3640 3568/3568/3568 3645/3645/3645
f 3640/3640/3640 3555/3555/3555 3568/3568/3568
f 3642/3642/3642 3646/3646/3646 3569/3569/3569
f 3642/3642/3642 3569/3569/3569 3557/3557/3557
f 3643/3643/3643 3655/3655/3655 3658/3658/3658
f 3643/3643/3643 3639/3639/3639 3655/3655/3655
f 3644/3644/3644 3559/3559/3559 3556/3556/3556
f 3644/3644/3644 3556/3556/3556 3641/3641/3641
f 3765/3765/3765 3752/3752/3752 3748/3748/3748
f 3671/3671/3671 3659/3659/3659 3676/3676/3676
f 3679/3679/3679 3683/3683/3683 3669/3669/3669
f 3764/3764/3764 3747/3747/3747 3750/3750/3750
f 3678/3678/3678 3667/3667/3667 3681/3681/3681
f 3673/3673/3673 3677/3677/3677 3661/3661/3661
f 3740/3740/3740 3745/3745/3745 3756/3756/3756
f 3742/3742/3742 3757/3757/3757 3746/3746/3746
f 3668/3668/3668 3660/3660/3660 3662/3662/3662
f 3668/3668/3668 3662/3662/3662 3670/3670/3670
f 3682/3682/3682 3754/3754/3754 3751/3751/3751
f 3682/3682/3682 3751/3751/3751 3680/3680/3680
f 3684/3684/3684 3668/3668/3668 3670/3670/3670
f 3684/3684/3684 3681/3681/3681 3668/3668/3668
f 3679/3679/3679 3669/3669/3669 3661/3661/3661
f 3679/3679/3679 3661/3661/3661 3677/3677/3677
f 3679/3679/3679 3752/3752/3752 3683/3683/3683
f 3679/3679/3679 3748/3748/3748 3752/3752/3752
f 3764/3764/3764 3745/3745/3745 3747/3747/3747
f 3764/3764/3764 3756/3756/3756 3745/3745/3745
f 3763/3763/3763 3758/3758/3758 3755/3755/3755
f 3763/3763/3763 3766/3766/3766 3758/3758/3758
f 3763/3763/3763 3749/3749/3749 3753/3753/3753
f 3763/3763/3763 3753/3753/3753 3766/3766/3766
f 3678/3678/3678 3681/3681/3681 3750/3750/3750
f 3678/3678/3678 3750/3750/3750 3747/3747/3747
f 3678/3678/3678 3747/3747/3747 3745/3745/3745
f 3678/3678/3678 3745/3745/3745 3676/3676/3676
f 3678/3678/3678 3659/3659/3659 3667/3667/3667
f 3678/3678/3678 3676/3676/3676 3659/3659/3659
f 3746/3746/3746 3679/3679/3679 3677/3677/3677
f 3746/3746/3746 3748/3748/3748 3679/3679/3679
f 3746/3746/3746 3757/3757/3757 3765/3765/3765
f 3746/3746/3746 3765/3765/3765 3748/3748/3748
f 3674/3674/3674 3662/3662/3662 3660/3660/3660
f 3674/3674/3674 3660/3660/3660 3671/3671/3671
f 3740/3740/3740 3676/3676/3676 3745/3745/3745
f 3740/3740/3740 3671/3671/3671 3676/3676/3676
f 3742/3742/3742 3746/3746/3746 3677/3677/3677
f 3742/3742/3742 3677/3677/3677 3673/3673/3673
f 3743/3743/3743 3755/3755/3755 3758/3758/3758
f 3743/3743/3743 3739/3739/3739 3755/3755/3755
f 3744/3744/3744 3675/3675/3675 3672/3672/3672
f 3744/3744/3744 3672/3672/3672 3741/3741/3741
f 3865/3865/3865 3852/3852/3852 3848/3848/3848
f 3771/3771/3771 3759/3759/3759 3776/3776/3776
f 3779/3779/3779 3783/3783/3783 3769/3769/3769
f 3864/3864/3864 3847/3847/3847 3850/3850/3850
f 3778/3778/3778 3767/3767/3767 3781/3781/3781
f 3773/3773/3773 3777/3777/3777 3761/3761/3761
f 3840/3840/3840 3845/3845/3845 3856/3856/3856
f 3842/3842/3842 3857/3857/3857 3846/3846/3846
f 3768/3768/3768 3760/3760/3760 3762/3762/3762
f 3768/3768/3768 3762/3762/3762 3770/3770/3770
f 3782/3782/3782 3854/3854/3854 3851/3851/3851
f 3782/3782/3782 3851/3851/3851 3780/3780/3780
f 3784/3784/3784 3768/3768/3768 3770/3770/3770
f 3784/3784/3784 3781/3781/3781 3768/3768/3768
f 3779/3779/3779 3769/3769/3769 3761/3761/3761
f 3779/3779/3779 3761/3761/3761 3777/3777/3777
f 3779/3779/3779 3852/3852/3852 3783/3783/3783
f 3779/3779/3779 3848/3848/3848 3852/3852/3852
f 3864/3864/3864 3845/3845/3845 3847/3847/3847
f 3864/3864/3864 3856/3856/3856 3845/3845/3845
f 3863/3863/3863 3858/3858/3858 3855/3855/3855
f 3863/3863/3863 3866/3866/3866 3858/3858/3858
f 3863/3863/3863 3849/3849/3849 3853/3853/3853
f 3863/3863/3863 3853/3853/3853 3866/3866/3866
f 3778/3778/3778 3781/3781/3781 3850/3850/3850
f 3778/3778/3778 3850/3850/3850 3847/3847/3847
f 3778/3778/3778 3847/3847/3847 3845/3845/3845
f 3778/3778/3778 3845/3845/3845 3776/3776/3776
f 3778/3778/3778 3759/3759/3759 3767/3767/3767
f 3778/3778/3778 3776/3776/3776 3759/3759/3759
f 3846/3846/3846 3779/3779/3779 3777/3777/3777
f 3846/3846/3846 3848/3848/3848 3779/3779/3779
f 3846/3846/3846 3857/3857/3857 3865/3865/3865
f 3846/3846/3846 3865/3865/3865 3848/3848/3848
f 3774/3774/3774 3762/3762/3762 3760/3760/3760
f 3774/3774/3774 3760/3760/3760 3771/3771/3771
f 3840/3840/3840 3776/3776/3776 3845/3845/3845
f 3840/3840/3840 3771/3771/3771 3776/3776/3776
f 3842/3842/3842 3846/3846/3846 3777/3777/3777
f 3842/3842/3842 3777/3777/3777 3773/3773/3773
f 3843/3843/3843 3855/3855/3855 3858/3858/3858
f 3843/3843/3843 3839/3839/3839 3855/3855/3855
f 3844/3844/3844 3775/3775/3775 3772/3772/3772
f 3844/3844/3844 3772/3772/3772 3841/3841/3841
f 3965/3965/3965 3952/3952/3952 3948/3948/3948
f 3871/3871/3871 3859/3859/3859 3876/3876/3876
f 3879/3879/3879 3883/3883/3883 3869/3869/3869
f 3964/3964/3964 3947/3947/3947 3950/3950/3950
f 3878/3878/3878 3867/3867/3867 3881/3881/3881
f 3873/3873/3873 3877/3877/3877 3861/3861/3861
f 3940/3940/3940 3945/3945/3945 3956/3956/3956
f 3942/3942/3942 3957/3957/3957 3946/3946/3946
f 3868/3868/3868 3860/3860/3860 3862/3862/3862
f 3868/3868/3868 3862/3862/3862 3870/3870/3870
f 3882/3882/3882 3954/3954/3954 3951/3951/3951
f 3882/3882/3882 3951/3951/3951 3880/3880/3880
f 3884/3884/3884 3868/3868/3868 3870/3870/3870
f 3884/3884/3884 3881/3881/3881 3868/3868/3868
f 3879/3879/3879 3869/3869/3869 3861/3861/3861
f 3879/3879/3879 3861/3861/3861 3877/3877/3877
f 3879/3879/3879 3952/3952/3952 3883/3883/3883
f 3879/3879/3879 3948/3948/3948 3952/3952/3952
f 3964/3964/3964 3945/3945/3945 3947/3947/3947
f 3964/3964/3964 3956/3956/3956 3945/3945/3945
f 3963/3963/3963 3958/3958/3958 3955/3955/3955
f 3963/3963/3963 3966/3966/3966 3958/3958/3958
f 3963/3963/3963 3949/3949/3949 3953/3953/3953
f 3963/3963/3963 3953/3953/3953 3966/3966/3966
f 3878/3878/3878 3881/3881/3881 3950/3950/3950
f 3878/3878/3878 3950/3950/3950 3947/3947/3947
f 3878/3878/3878 3947/3947/3947 3945/3945/3945
f 3878/3878/3878 3945/3945/3945 3876/3876/3876
f 3878/3878/3878 3859/3859/3859 3867/3867/3867
f 3878/3878/3878 3876/3876/3876 3859/3859/3859
f 3946/3946/3946 3879/3879/3879 3877/3877/3877
f 3946/3946/3946 3948/3948/3948 3879/3879/3879
f 3946/3946/3946 3957/3957/3957 3965/3965/3965
f 3946/3946/3946 3965/3965/3965 3948/3948/3948
f 3874/3874/3874 3862/3862/3862 3860/3860/3860
f 3874/3874/3874 3860/3860/3860 3871/3871/3871
f 3940/3940/3940 3876/3876/3876 3945/3945/3945
f 3940/3940/3940 3871/3871/3871 3876/3876/3876
f 3942/3942/3942 3946/3946/3946 3877/3877/3877
f 3942/3942/3942 3877/3877/3877 3873/3873/3873
f 3943/3943/3943 3955/3955/3955 3958/3958/3958
f 3943/3943/3943 3939/3939/3939 3955/3955/3955
f 3944/3944/3944 3875/3875/3875 3872/3872/3872
f 3944/3944/3944 3872/3872/3872 3941/3941/3941
f 4225/4225/4225 4192/4192/4192 4184/4184/4184
f 3967/3967/3967 3959/3959/3959 3976/3976/3976
f 3979/3979/3979 3983/3983/3983 3974/3974/3974
f 4224/4224/4224 4183/4183/4183 4190/4190/4190
f 3978/3978/3978 3972/3972/3972 3981/3981/3981
f 3969/3969/3969 3977/3977/3977 3961/3961/3961
f 4148/4148/4148 4153/4153/4153 4186/4186/4186
f 4150/4150/4150 4187/4187/4187 4154/4154/4154
f 3973/3973/3973 3960/3960/3960 3962/3962/3962
f 3973/3973/3973 3962/3962/3962 3975/3975/3975
f 3982/3982/3982 4194/4194/4194 4191/4191/4191
f 3982/3982/3982 4191/4191/4191 3980/3980/3980
f 3984/3984/3984 3973/3973/3973 3975/3975/3975
f 3984/3984/3984 3981/3981/3981 3973/3973/3973
f 3979/3979/3979 3974/3974/3974 3961/3961/3961
f 3979/3979/3979 3961/3961/3961 3977/3977/3977
f 3979/3979/3979 4192/4192/4192 3983/3983/3983
f 3979/3979/3979 4184/4184/4184 4192/4192/4192
f 4224/4224/4224 4153/4153/4153 4183/4183/4183
f 4224/4224/4224 4186/4186/4186 4153/4153/4153
f 4223/4223/4223 4188/4188/4188 4185/4185/4185
f 4223/4223/4223 4226/4226/4226 4188/4188/4188
f 4223/4223/4223 4189/4189/4189 4193/4193/4193
f 4223/4223/4223 4193/4193/4193 4226/4226/4226
f 3978/3978/3978 3981/3981/3981 4190/4190/4190
f 3978/3978/3978 4190/4190/4190 4183/4183/4183
f 3978/3978/3978 4183/4183/4183 4153/4153/4153
f 3978/3978/3978 4153/4153/4153 3976/3976/3976
f 3978/3978/3978 3959/3959/3959 3972/3972/3972
f 3978/3978/3978 3976/3976/3976 3959/3959/3959
f 4154/4154/4154 3979/3979/3979 3977/3977/3977
f 4154/4154/4154 4184/4184/4184 3979/3979/3979
f 4154/4154/4154 4187/4187/4187 4225/4225/4225
f 4154/4154/4154 4225/4225/4225 4184/4184/4184
f 3970/3970/3970 3962/3962/3962 3960/3960/3960
f 3970/3970/3970 3960/3960/3960 3967/3967/3967
f 4148/4148/4148 3976/3976/3976 4153/4153/4153
f 4148/4148/4148 3967/3967/3967 3976/3976/3976
f 4150/4150/4150 4154/4154/4154 3977/3977/3977
f 4150/4150/4150 3977/3977/3977 3969/3969/3969
f 4151/4151/4151 4185/4185/4185 4188/4188/4188
f 4151/4151/4151 4147/4147/4147 4185/4185/4185
f 4152/4152/4152 3971/3971/3971 3968/3968/3968
f 4152/4152/4152 3968/3968/3968 4149/4149/4149
f 4417/4417/4417 4408/4408/4408 4400/4400/4400
f 4227/4227/4227 4195/4195/4195 4236/4236/4236
f 4263/4263/4263 4267/4267/4267 4234/4234/4234
f 4416/4416/4416 4399/4399/4399 4406/4406/4406
f 4262/4262/4262 4232/4232/4232 4265/4265/4265
f 4229/4229/4229 4237/4237/4237 4197/4197/4197
f 4392/4392/4392 4397/4397/4397 4402/4402/4402
f 4394/4394/4394 4403/4403/4403 4398/4398/4398
f 4233/4233/4233 4196/4196/4196 4198/4198/4198
f 4233/4233/4233 4198/4198/4198 4235/4235/4235
f 4266/4266/4266 4410/4410/4410 4407/4407/4407
f 4266/4266/4266 4407/4407/4407 4264/4264/4264
f 4268/4268/4268 4233/4233/4233 4235/4235/4235
f 4268/4268/4268 4265/4265/4265 4233/4233/4233
f 4263/4263/4263 4234/4234/4234 4197/4197/4197
f 4263/4263/4263 4197/4197/4197 4237/4237/4237
f 4263/4263/4263 4408/4408/4408 4267/4267/4267
f 4263/4263/4263 4400/4400/4400 4408/4408/4408
f 4416/4416/4416 4397/4397/4397 4399/4399/4399
f 4416/4416/4416 4402/4402/4402 4397/4397/4397
f 4415/4415/4415 4404/4404/4404 4401/4401/4401
f 4415/4415/4415 4418/4418/4418 4404/4404/4404
f 4415/4415/4415 4405/4405/4405 4409/4409/4409
f 4415/4415/4415 4409/4409/4409 4418/4418/4418
f 4262/4262/4262 4265/4265/4265 4406/4406/4406
f 4262/4262/4262 4406/4406/4406 4399/4399/4399
f 4262/4262/4262 4399/4399/4399 4397/4397/4397
f 4262/4262/4262 4397/4397/4397 4236/4236/4236
f 4262/4262/4262 4195/4195/4195 4232/4232/4232
f 4262/4262/4262 4236/4236/4236 4195/4195/4195
f 4398/4398/4398 4263/4263/4263 4237/4237/4237
f 4398/4398/4398 4400/4400/4400 4263/4263/4263
f 4398/4398/4398 4403/4403/4403 4417/4417/4417
f 4398/4398/4398 4417/4417/4417 4400/4400/4400
f 4230/4230/4230 4198/4198/4198 4196/4196/4196
f 4230/4230/4230 4196/4196/4196 4227/4227/4227
f 4392/4392/4392 4236/4236/4236 4397/4397/4397
f 4392/4392/4392 4227/4227/4227 4236/4236/4236
f 4394/4394/4394 4398/4398/4398 4237/4237/4237
f 4394/4394/4394 4237/4237/4237 4229/4229/4229
f 4395/4395/4395 4401/4401/4401 4404/4404/4404
f 4395/4395/4395 4391/4391/4391 4401/4401/4401
f 4396/4396/4396 4231/4231/4231 4228/4228/4228
f 4396/4396/4396 4228/4228/4228 4393/4393/4393
f 4517/4517/4517 4508/4508/4508 4504/4504/4504
f 4419/4419/4419 4411/4411/4411 4424/4424/4424
f 4431/4431/4431 4435/4435/4435 4428/4428/4428
f 4516/4516/4516 4503/4503/4503 4506/4506/4506
f 4430/4430/4430 4426/4426/4426 4433/4433/4433
f 4421/4421/4421 4425/4425/4425 4413/4413/4413
f 4490/4490/4490 4497/4497/4497 4500/4500/4500
f 4492/4492/4492 4501/4501/4501 4498/4498/4498
f 4427/4427/4427 4412/4412/4412 4414/4414/4414
f 4427/4427/4427 4414/4414/4414 4429/4429/4429
f 4434/4434/4434 4510/4510/4510 4507/4507/4507
f 4434/4434/4434 4507/4507/4507 4432/4432/4432
f 4436/4436/4436 4427/4427/4427 4429/4429/4429
f 4436/4436/4436 4433/4433/4433 4427/4427/4427
f 4431/4431/4431 4428/4428/4428 4413/4413/4413
f 4431/4431/4431 4413/4413/4413 4425/4425/4425
f 4431/4431/4431 4508/4508/4508 4435/4435/4435
f 4431/4431/4431 4504/4504/4504 4508/4508/4508
f 4516/4516/4516 4497/4497/4497 4503/4503/4503
f 4516/4516/4516 4500/4500/4500 4497/4497/4497
f 4515/4515/4515 4502/4502/4502 4499/4499/4499
f 4515/4515/4515 4518/4518/4518 4502/4502/4502
f 4515/4515/4515 4505/4505/4505 4509/4509/4509
f 4515/4515/4515 4509/4509/4509 4518/4518/4518
f 4430/4430/4430 4433/4433/4433 4506/4506/4506
f 4430/4430/4430 4506/4506/4506 4503/4503/4503
f 4430/4430/4430 4503/4503/4503 4497/4497/4497
f 4430/4430/4430 4497/4497/4497 4424/4424/4424
f 4430/4430/4430 4411/4411/4411 4426/4426/4426
f 4430/4430/4430 4424/4424/4424 4411/4411/4411
f 4498/4498/4498 4431/4431/4431 4425/4425/4425
f 4498/4498/4498 4504/4504/4504 4431/4431/4431
f 4498/4498/4498 4501/4501/4501 4517/4517/4517
f 4498/4498/4498 4517/4517/4517 4504/4504/4504
f 4422/4422/4422 4414/4414/4414 4412/4412/4412
f 4422/4422/4422 4412/4412/4412 4419/4419/4419
f 4490/4490/4490 4424/4424/4424 4497/4497/4497
f 4490/4490/4490 4419/4419/4419 4424/4424/4424
f 4492/4492/4492 4498/4498/4498 4425/4425/4425
f 4492/4492/4492 4425/4425/4425 4421/4421/4421
f 4493/4493/4493 4499/4499/4499 4502/4502/4502
f 4493/4493/4493 4489/4489/4489 4499/4499/4499
f 4494/4494/4494 4423/4423/4423 4420/4420/4420
f 4494/4494/4494 4420/4420/4420 4491/4491/4491
f 4617/4617/4617 4608/4608/4608 4604/4604/4604
f 4519/4519/4519 4511/4511/4511 4524/4524/4524
f 4531/4531/4531 4535/4535/4535 4528/4528/4528
f 4616/4616/4616 4603/4603/4603 4606/4606/4606
f 4530/4530/4530 4526/4526/4526 4533/4533/4533
f 4521/4521/4521 4525/4525/4525 4513/4513/4513
f 4590/4590/4590 4595/4595/4595 4600/4600/4600
f 4592/4592/4592 4601/4601/4601 4596/4596/4596
f 4527/4527/4527 4512/4512/4512 4514/4514/4514
f 4527/4527/4527 4514/4514/4514 4529/4529/4529
f 4534/4534/4534 4610/4610/4610 4607/4607/4607
f 4534/4534/4534 4607/4607/4607 4532/4532/4532
f 4536/4536/4536 4527/4527/4527 4529/4529/4529
f 4536/4536/4536 4533/4533/4533 4527/4527/4527
f 4531/4531/4531 4528/4528/4528 4513/4513/4513
f 4531/4531/4531 4513/4513/4513 4525/4525/4525
f 4531/4531/4531 4608/4608/4608 4535/4535/4535
f 4531/4531/4531 4604/4604/4604 4608/4608/4608
f 4616/4616/4616 4595/4595/4595 4603/4603/4603
f 4616/4616/4616 4600/4600/4600 4595/4595/4595
f 4615/4615/4615 4602/4602/4602 4599/4599/4599
f 4615/4615/4615 4618/4618/4618 4602/4602/4602
f 4615/4615/4615 4605/4605/4605 4609/4609/4609
f 4615/4615/4615 4609/4609/4609 4618/4618/4618
f 4530/4530/4530 4533/4533/4533 4606/4606/4606
f 4530/4530/4530 4606/4606/4606 4603/4603/4603
f 4530/4530/4530 4603/4603/4603 4595/4595/4595
f 4530/4530/4530 4595/4595/4595 4524/4524/4524
f 4530/4530/4530 4511/4511/4511 4526/4526/4526
f 4530/4530/4530 4524/4524/4524 4511/4511/4511
f 4596/4596/4596 4531/4531/4531 4525/4525/4525
f 4596/4596/4596 4604/4604/4604 4531/4531/4531
f 4596/4596/4596 4601/4601/4601 4617/4617/4617
f 4596/4596/4596 4617/4617/4617 4604/4604/4604
f 4522/4522/4522 4514/4514/4514 4512/4512/4512
f 4522/4522/4522 4512/4512/4512 4519/4519/4519
f 4590/4590/4590 4524/4524/4524 4595/4595/4595
f 4590/4590/4590 4519/4519/4519 4524/4524/4524
f 4592/4592/4592 4596/4596/4596 4525/4525/4525
f 4592/4592/4592 4525/4525/4525 4521/4521/4521
f 4593/4593/4593 4599/4599/4599 4602/4602/4602
f 4593/4593/4593 4589/4589/4589 4599/4599/4599
f 4594/4594/4594 4523/4523/4523 4520/4520/4520
f 4594/4594/4594 4520/4520/4520 4591/4591/4591
f 4717/4717/4717 4708/4708/4708 4704/4704/4704
f 4619/4619/4619 4611/4611/4611 4624/4624/4624
f 4631/4631/4631 4635/4635/4635 4628/4628/4628
f 4716/4716/4716 4703/4703/4703 4706/4706/4706
f 4630/4630/4630 4626/4626/4626 4633/4633/4633
f 4621/4621/4621 4625/4625/4625 4613/4613/4613
f 4686/4686/4686 4695/4695/4695 4700/4700/4700
f 4688/4688/4688 4701/4701/4701 4696/4696/4696
f 4627/4627/4627 4612/4612/4612 4614/4614/4614
f 4627/4627/4627 4614/4614/4614 4629/4629/4629
f 4634/4634/4634 4710/4710/4710 4707/4707/4707
f 4634/4634/4634 4707/4707/4707 4632/4632/4632
f 4636/4636/4636 4627/4627/4627 4629/4629/4629
f 4636/4636/4636 4633/4633/4633 4627/4627/4627
f 4631/4631/4631 4628/4628/4628 4613/4613/4613
f 4631/4631/4631 4613/4613/4613 4625/4625/4625
f 4631/4631/4631 4708/4708/4708 4635/4635/4635
f 4631/4631/4631 4704/4704/4704 4708/4708/4708
f 4716/4716/4716 4695/4695/4695 4703/4703/4703
f 4716/4716/4716 4700/4700/4700 4695/4695/4695
f 4715/4715/4715 4702/4702/4702 4699/4699/4699
f 4715/4715/4715 4718/4718/4718 4702/4702/4702
f 4715/4715/4715 4705/4705/4705 4709/4709/4709
f 4715/4715/4715 4709/4709/4709 4718/4718/4718
f 4630/4630/4630 4633/4633/4633 4706/4706/4706
f 4630/4630/4630 4706/4706/4706 4703/4703/4703
f 4630/4630/4630 4703/4703/4703 4695/4695/4695
f 4630/4630/4630 4695/4695/4695 4624/4624/4624
f 4630/4630/4630 4611/4611/4611 4626/4626/4626
f 4630/4630/4630 4624/4624/4624 4611/4611/4611
f 4696/4696/4696 4631/4631/4631 4625/4625/4625
f 4696/4696/4696 4704/4704/4704 4631/4631/4631
f 4696/4696/4696 4701/4701/4701 4717/4717/4717
f 4696/4696/4696 4717/4717/4717 4704/4704/4704
f 4622/4622/4622 4614/4614/4614 4612/4612/4612
f 4622/4622/4622 4612/4612/4612 4619/4619/4619
f 4686/4686/4686 4624/4624/4624 4695/4695/4695
f 4686/4686/4686 4619/4619/4619 4624/4624/4624
f 4688/4688/4688 4696/4696/4696 4625/4625/4625
f 4688/4688/4688 4625/4625/4625 4621/4621/4621
f 4689/4689/4689 4699/4699/4699 4702/4702/4702
f 4689/4689/4689 4685/4685/4685 4699/4699/4699
f 4690/4690/4690 4623/4623/4623 4620/4620/4620
f 4690/4690/4690 4620/4620/4620 4687/4687/4687
f 4930/4930/4930 4896/4896/4896 4888/4888/4888
f 4719/4719/4719 4711/4711/4711 4724/4724/4724
f 4731/4731/4731 4735/4735/4735 4728/4728/4728
f 4929/4929/4929 4887/4887/4887 4894/4894/4894
f 4730/4730/4730 4726/4726/4726 4733/4733/4733
f 4721/4721/4721 4725/4725/4725 4713/4713/4713
f 4830/4830/4830 4851/4851/4851 4884/4884/4884
f 4832/4832/4832 4885/4885/4885 4852/4852/4852
f 4727/4727/4727 4712/4712/4712 4714/4714/4714
f 4727/4727/4727 4714/4714/4714 4729/4729/4729
f 4734/4734/4734 4898/4898/4898 4895/4895/4895
f 4734/4734/4734 4895/4895/4895 4732/4732/4732
f 4736/4736/4736 4727/4727/4727 4729/4729/4729
f 4736/4736/4736 4733/4733/4733 4727/4727/4727
f 4731/4731/4731 4728/4728/4728 4713/4713/4713
f 4731/4731/4731 4713/4713/4713 4725/4725/4725
f 4731/4731/4731 4896/4896/4896 4735/4735/4735
f 4731/4731/4731 4888/4888/4888 4896/4896/4896
f 4929/4929/4929 4851/4851/4851 4887/4887/4887
f 4929/4929/4929 4884/4884/4884 4851/4851/4851
f 4928/4928/4928 4886/4886/4886 4883/4883/4883
f 4928/4928/4928 4931/4931/4931 4886/4886/4886
f 4928/4928/4928 4893/4893/4893 4897/4897/4897
f 4928/4928/4928 4897/4897/4897 4931/4931/4931
f 4730/4730/4730 4733/4733/4733 4894/4894/4894
f 4730/4730/4730 4894/4894/4894 4887/4887/4887
f 4730/4730/4730 4887/4887/4887 4851/4851/4851
f 4730/4730/4730 4851/4851/4851 4724/4724/4724
f 4730/4730/4730 4711/4711/4711 4726/4726/4726
f 4730/4730/4730 4724/4724/4724 4711/4711/4711
f 4852/4852/4852 4731/4731/4731 4725/4725/4725
f 4852/4852/4852 4888/4888/4888 4731/4731/4731
f 4852/4852/4852 4885/4885/4885 4930/4930/4930
f 4852/4852/4852 4930/4930/4930 4888/4888/4888
f 4722/4722/4722 4714/4714/4714 4712/4712/4712
f 4722/4722/4722 4712/4712/4712 4719/4719/4719
f 4830/4830/4830 4724/4724/4724 4851/4851/4851
f 4830/4830/4830 4719/4719/4719 4724/4724/4724
f 4832/4832/4832 4852/4852/4852 4725/4725/4725
f 4832/4832/4832 4725/4725/4725 4721/4721/4721
f 4833/4833/4833 4883/4883/4883 4886/4886/4886
f 4833/4833/4833 4829/4829/4829 4883/4883/4883
f 4834/4834/4834 4723/4723/4723 4720/4720/4720
f 4834/4834/4834 4720/4720/4720 4831/4831/4831
f 5267/5267/5267 5262/5262/5262 5258/5258/5258
f 4923/4923/4923 4889/4889/4889 4932/4932/4932
f 4967/4967/4967 4995/4995/4995 4964/4964/4964
f 5266/5266/5266 5257/5257/5257 5260/5260/5260
f 4966/4966/4966 4962/4962/4962 4993/4993/4993
f 4925/4925/4925 4933/4933/4933 4891/4891/4891
f 5216/5216/5216 5233/5233/5233 5254/5254/5254
f 5218/5218/5218 5255/5255/5255 5234/5234/5234
f 4963/4963/4963 4890/4890/4890 4892/4892/4892
f 4963/4963/4963 4892/4892/4892 4965/4965/4965
f 4994/4994/4994 5264/5264/5264 5261/5261/5261
f 4994/4994/4994 5261/5261/5261 4992/4992/4992
f 4996/4996/4996 4963/4963/4963 4965/4965/4965
f 4996/4996/4996 4993/4993/4993 4963/4963/4963
f 4967/4967/4967 4964/4964/4964 4891/4891/4891
f 4967/4967/4967 4891/4891/4891 4933/4933/4933
f 4967/4967/4967 5262/5262/5262 4995/4995/4995
f 4967/4967/4967 5258/5258/5258 5262/5262/5262
f 5266/5266/5266 5233/5233/5233 5257/5257/5257
f 5266/5266/5266 5254/5254/5254 5233/5233/5233
f 5265/5265/5265 5256/5256/5256 5253/5253/5253
f 5265/5265/5265 5268/5268/5268 5256/5256/5256
f 5265/5265/5265 5259/5259/5259 5263/5263/5263
f 5265/5265/5265 5263/5263/5263 5268/5268/5268
f 4966/4966/4966 4993/4993/4993 5260/5260/5260
f 4966/4966/4966 5260/5260/5260 5257/5257/5257
f 4966/4966/4966 5257/5257/5257 5233/5233/5233
f 4966/4966/4966 5233/5233/5233 4932/4932/4932
f 4966/4966/4966 4889/4889/4889 4962/4962/4962
f 4966/4966/4966 4932/4932/4932 4889/4889/4889
f 5234/5234/5234 4967/4967/4967 4933/4933/4933
f 5234/5234/5234 5258/5258/5258 4967/4967/4967
f 5234/5234/5234 5255/5255/5255 5267/5267/5267
f 5234/5234/5234 5267/5267/5267 5258/5258/5258
f 4926/4926/4926 4892/4892/4892 4890/4890/4890
f 4926/4926/4926 4890/4890/4890 4923/4923/4923
f 5216/5216/5216 4932/4932/4932 5233/5233/5233
f 5216/5216/5216 4923/4923/4923 4932/4932/4932
f 5218/5218/5218 5234/5234/5234 4933/4933/4933
f 5218/5218/5218 4933/4933/4933 4925/4925/4925
f 5219/5219/5219 5253/5253/5253 5256/5256/5256
f 5219/5219/5219 5215/5215/5215 5253/5253/5253
f 5220/5220/5220 4927/4927/4927 4924/4924/4924
f 5220/5220/5220 4924/4924/4924 5217/5217/5217
f 301/301/301 467/467/467 453/453/453
f 301/301/301 453/453/453 412/412/412
f 301/301/301 412/412/412 380/380/380
f 301/301/301 380/380/380 341/341/341
f 301/301/301 341/341/341 302/302/302
f 301/301/301 302/302/302 280/280/280
f 301/301/301 280/280/280 250/250/250
f 301/301/301 250/250/250 226/226/226
f 301/301/301 226/226/226 202/202/202
f 301/301/301 202/202/202 192/192/192
f 301/301/301 192/192/192 200/200/200
f 301/301/301 200/200/200 224/224/224
f 301/301/301 224/224/224 248/248/248
f 301/301/301 248/248/248 278/278/278
f 301/301/301 278/278/278 299/299/299
f 301/301/301 299/299/299 339/339/339
f 301/301/301 339/339/339 378/378/378
f 301/301/301 378/378/378 410/410/410
f 301/301/301 410/410/410 451/451/451
f 301/301/301 451/451/451 467/467/467
f 468/468/468 480/480/480 454/454/454
f 468/468/468 487/487/487 480/480/480
f 454/454/454 432/432/432 413/413/413
f 454/454/454 480/480/480 432/432/432
f 413/413/413 397/397/397 381/381/381
f 413/413/413 432/432/432 397/397/397
f 381/381/381 356/356/356 342/342/342
f 381/381/381 397/397/397 356/356/356
f 342/342/342 310/310/310 303/303/303
f 342/342/342 356/356/356 310/310/310
f 303/303/303 270/270/270 279/279/279
f 303/303/303 310/310/310 270/270/270
f 279/279/279 240/240/240 249/249/249
f 279/279/279 270/270/270 240/240/240
f 249/249/249 216/216/216 225/225/225
f 249/249/249 240/240/240 216/216/216
f 225/225/225 184/184/184 201/201/201
f 225/225/225 216/216/216 184/184/184
f 201/201/201 179/179/179 191/191/191
f 201/201/201 184/184/184 179/179/179
f 191/191/191 183/183/183 199/199/199
f 191/191/191 179/179/179 183/183/183
f 199/199/199 215/215/215 223/223/223
f 199/199/199 183/183/183 215/215/215
f 223/223/223 239/239/239 247/247/247
f 223/223/223 215/215/215 239/239/239
f 247/247/247 269/269/269 277/277/277
f 247/247/247 239/239/239 269/269/269
f 277/277/277 309/309/309 300/300/300
f 277/277/277 269/269/269 309/309/309
f 300/300/300 355/355/355 340/340/340
f 300/300/300 309/309/309 355/355/355
f 340/340/340 396/396/396 379/379/379
f 340/340/340 355/355/355 396/396/396
f 379/379/379 431/431/431 411/411/411
f 379/379/379 396/396/396 431/431/431
f 411/411/411 479/479/479 452/452/452
f 411/411/411 431/431/431 479/479/479
f 452/452/452 488/488/488 469/469/469
f 452/452/452 479/479/479 488/488/488
f 487/487/487 484/484/484 480/480/480
f 487/487/487 491/491/491 484/484/484
f 480/480/480 436/436/436 432/432/432
f 480/480/480 484/484/484 436/436/436
f 432/432/432 401/401/401 397/397/397
f 432/432/432 436/436/436 401/401/401
f 397/397/397 360/360/360 356/356/356
f 397/397/397 401/401/401 360/360/360
f 356/356/356 314/314/314 310/310/310
f 356/356/356 360/360/360 314/314/314
f 310/310/310 274/274/274 270/270/270
f 310/310/310 314/314/314 274/274/274
f 270/270/270 244/244/244 240/240/240
f 270/270/270 274/274/274 244/244/244
f 240/240/240 220/220/220 216/216/216
f 240/240/240 244/244/244 220/220/220
f 216/216/216 188/188/188 184/184/184
f 216/216/216 220/220/220 188/188/188
f 184/184/184 181/181/181 179/179/179
f 184/184/184 188/188/188 181/181/181
f 179/179/179 187/187/187 183/183/183
f 179/179/179 181/181/181 187/187/187
f 183/183/183 219/219/219 215/215/215
f 183/183/183 187/187/187 219/219/219
f 215/215/215 243/243/243 239/239/239
f 215/215/215 219/219/219 243/243/243
f 239/239/239 273/273/273 269/269/269
f 239/239/239 243/243/243 273/273/273
f 269/269/269 313/313/313 309/309/309
f 269/269/269 273/273/273 313/313/313
f 309/309/309 359/359/359 355/355/355
f 309/309/309 313/313/313 359/359/359
f 355/355/355 400/400/400 396/396/396
f 355/355/355 359/359/359 400/400/400
f 396/396/396 435/435/435 431/431/431
f 396/396/396 400/400/400 435/435/435
f 431/431/431 483/483/483 479/479/479
f 431/431/431 435/435/435 483/483/483
f 479/479/479 492/492/492 488/488/488
f 479/479/479 483/483/483 492/492/492
f 491/491/491 462/462/462 484/484/484
f 491/491/491 474/474/474 462/462/462
f 484/484/484 421/421/421 436/436/436
f 484/484/484 462/462/462 421/421/421
f 436/436/436 389/389/389 401/401/401
f 436/436/436 421/421/421 389/389/389
f 401/401/401 350/350/350 360/360/360
f 401/401/401 389/389/389 350/350/350
f 360/360/360 320/320/320 314/314/314
f 360/360/360 350/350/350 320/320/320
f 314/314/314 287/287/287 274/274/274
f 314/314/314 320/320/320 287/287/287
f 274/274/274 257/257/257 244/244/244
f 274/274/274 287/287/287 257/257/257
f 244/244/244 233/233/233 220/220/220
f 244/244/244 257/257/257 233/233/233
f 220/220/220 209/209/209 188/188/188
f 220/220/220 233/233/233 209/209/209
f 188/188/188 195/195/195 181/181/181
f 188/188/188 209/209/209 195/195/195
f 181/181/181 207/207/207 187/187/187
f 181/181/181 195/195/195 207/207/207
f 187/187/187 231/231/231 219/219/219
f 187/187/187 207/207/207 231/231/231
f 219/219/219 255/255/255 243/243/243
f 219/219/219 231/231/231 255/255/255
f 243/243/243 285/285/285 273/273/273
f 243/243/243 255/255/255 285/285/285
f 273/273/273 317/317/317 313/313/313
f 273/273/273 285/285/285 317/317/317
f 313/313/313 348/348/348 359/359/359
f 313/313/313 317/317/317 348/348/348
f 359/359/359 387/387/387 400/400/400
f 359/359/359 348/348/348 387/387/387
f 400/400/400 419/419/419 435/435/435
f 400/400/400 387/387/387 419/419/419
f 435/435/435 460/460/460 483/483/483
f 435/435/435 419/419/419 460/460/460
f 483/483/483 475/475/475 492/492/492
f 483/483/483 460/460/460 475/475/475
f 473/473/473 319/319/319 461/461/461
f 461/461/461 319/319/319 420/420/420
f 420/420/420 319/319/319 388/388/388
f 388/388/388 319/319/319 349/349/349
f 349/349/349 319/319/319 321/321/321
f 321/321/321 319/319/319 288/288/288
f 288/288/288 319/319/319 258/258/258
f 258/258/258 319/319/319 234/234/234
f 234/234/234 319/319/319 210/210/210
f 210/210/210 319/319/319 196/196/196
f 196/196/196 319/319/319 208/208/208
f 208/208/208 319/319/319 232/232/232
f 232/232/232 319/319/319 256/256/256
f 256/256/256 319/319/319 286/286/286
f 286/286/286 319/319/319 318/318/318
f 318/318/318 319/319/319 347/347/347
f 347/347/347 319/319/319 386/386/386
f 386/386/386 319/319/319 418/418/418
f 418/418/418 319/319/319 459/459/459
f 459/459/459 319/319/319 473/473/473
f 1080/1080/1080 1253/1253/1253 1235/1235/1235
f 1080/1080/1080 1235/1235/1235 1199/1199/1199
f 1080/1080/1080 1199/1199/1199 1149/1149/1149
f 1080/1080/1080 1149/1149/1149 1115/1115/1115
f 1080/1080/1080 1115/1115/1115 1081/1081/1081
f 1080/1080/1080 1081/1081/1081 1050/1050/1050
f 1080/1080/1080 1050/1050/1050 1010/1010/1010
f 1080/1080/1080 1010/1010/1010 978/978/978
f 1080/1080/1080 978/978/978 954/954/954
f 1080/1080/1080 954/954/954 944/944/944
f 1080/1080/1080 944/944/944 952/952/952
f 1080/1080/1080 952/952/952 976/976/976
f 1080/1080/1080 976/976/976 1008/1008/1008
f 1080/1080/1080 1008/1008/1008 1048/1048/1048
f 1080/1080/1080 1048/1048/1048 1078/1078/1078
f 1080/1080/1080 1078/1078/1078 1113/1113/1113
f 1080/1080/1080 1113/1113/1113 1147/1147/1147
f 1080/1080/1080 1147/1147/1147 1197/1197/1197
f 1080/1080/1080 1197/1197/1197 1233/1233/1233
f 1080/1080/1080 1233/1233/1233 1253/1253/1253
f 1254/1254/1254 1266/1266/1266 1236/1236/1236
f 1254/1254/1254 1273/1273/1273 1266/1266/1266
f 1236/1236/1236 1222/1222/1222 1200/1200/1200
f 1236/1236/1236 1266/1266/1266 1222/1222/1222
f 1200/1200/1200 1172/1172/1172 1150/1150/1150
f 1200/1200/1200 1222/1222/1222 1172/1172/1172
f 1150/1150/1150 1130/1130/1130 1116/1116/1116
f 1150/1150/1150 1172/1172/1172 1130/1130/1130
f 1116/1116/1116 1089/1089/1089 1082/1082/1082
f 1116/1116/1116 1130/1130/1130 1089/1089/1089
f 1082/1082/1082 1040/1040/1040 1049/1049/1049
f 1082/1082/1082 1089/1089/1089 1040/1040/1040
f 1049/1049/1049 1000/1000/1000 1009/1009/1009
f 1049/1049/1049 1040/1040/1040 1000/1000/1000
f 1009/1009/1009 968/968/968 977/977/977
f 1009/1009/1009 1000/1000/1000 968/968/968
f 977/977/977 936/936/936 953/953/953
f 977/977/977 968/968/968 936/936/936
f 953/953/953 931/931/931 943/943/943
f 953/953/953 936/936/936 931/931/931
f 943/943/943 935/935/935 951/951/951
f 943/943/943 931/931/931 935/935/935
f 951/951/951 967/967/967 975/975/975
f 951/951/951 935/935/935 967/967/967
f 975/975/975 999/999/999 1007/1007/1007
f 975/975/975 967/967/967 999/999/999
f 1007/1007/1007 1039/1039/1039 1047/1047/1047
f 1007/1007/1007 999/999/999 1039/1039/1039
f 1047/1047/1047 1088/1088/1088 1079/1079/1079
f 1047/1047/1047 1039/1039/1039 1088/1088/1088
f 1079/1079/1079 1129/1129/1129 1114/1114/1114
f 1079/1079/1079 1088/1088/1088 1129/1129/1129
f 1114/1114/1114 1171/1171/1171 1148/1148/1148
f 1114/1114/1114 1129/1129/1129 1171/1171/1171
f 1148/1148/1148 1221/1221/1221 1198/1198/1198
f 1148/1148/1148 1171/1171/1171 1221/1221/1221
f 1198/1198/1198 1265/1265/1265 1234/1234/1234
f 1198/1198/1198 1221/1221/1221 1265/1265/1265
f 1234/1234/1234 1274/1274/1274 1255/1255/1255
f 1234/1234/1234 1265/1265/1265 1274/1274/1274
f 1273/1273/1273 1270/1270/1270 1266/1266/1266
f 1273/1273/1273 1277/1277/1277 1270/1270/1270
f 1266/1266/1266 1226/1226/1226 1222/1222/1222
f 1266/1266/1266 1270/1270/1270 1226/1226/1226
f 1222/1222/1222 1176/1176/1176 1172/1172/1172
f 1222/1222/1222 1226/1226/1226 1176/1176/1176
f 1172/1172/1172 1134/1134/1134 1130/1130/1130
f 1172/1172/1172 1176/1176/1176 1134/1134/1134
f 1130/1130/1130 1093/1093/1093 1089/1089/1089
f 1130/1130/1130 1134/1134/1134 1093/1093/1093
f 1089/1089/1089 1044/1044/1044 1040/1040/1040
f 1089/1089/1089 1093/1093/1093 1044/1044/1044
f 1040/1040/1040 1004/1004/1004 1000/1000/1000
f 1040/1040/1040 1044/1044/1044 1004/1004/1004
f 1000/1000/1000 972/972/972 968/968/968
f 1000/1000/1000 1004/1004/1004 972/972/972
f 968/968/968 940/940/940 936/936/936
f 968/968/968 972/972/972 940/940/940
f 936/936/936 933/933/933 931/931/931
f 936/936/936 940/940/940 933/933/933
f 931/931/931 939/939/939 935/935/935
f 931/931/931 933/933/933 939/939/939
f 935/935/935 971/971/971 967/967/967
f 935/935/935 939/939/939 971/971/971
f 967/967/967 1003/1003/1003 999/999/999
f 967/967/967 971/971/971 1003/1003/1003
f 999/999/999 1043/1043/1043 1039/1039/1039
f 999/999/999 1003/1003/1003 1043/1043/1043
f 1039/1039/1039 1092/1092/1092 1088/1088/1088
f 1039/1039/1039 1043/1043/1043 1092/1092/1092
f 1088/1088/1088 1133/1133/1133 1129/1129/1129
f 1088/1088/1088 1092/1092/1092 1133/1133/1133
f 1129/1129/1129 1175/1175/1175 1171/1171/1171
f 1129/1129/1129 1133/1133/1133 1175/1175/1175
f 1171/1171/1171 1225/1225/1225 1221/1221/1221
f 1171/1171/1171 1175/1175/1175 1225/1225/1225
f 1221/1221/1221 1269/1269/1269 1265/1265/1265
f 1221/1221/1221 1225/1225/1225 1269/1269/1269
f 1265/1265/1265 1278/1278/1278 1274/1274/1274
f 1265/1265/1265 1269/1269/1269 1278/1278/1278
f 1277/1277/1277 1244/1244/1244 1270/1270/1270
f 1277/1277/1277 1260/1260/1260 1244/1244/1244
f 1270/1270/1270 1208/1208/1208 1226/1226/1226
f 1270/1270/1270 1244/1244/1244 1208/1208/1208
f 1226/1226/1226 1158/1158/1158 1176/1176/1176
f 1226/1226/1226 1208/1208/1208 1158/1158/1158
f 1176/1176/1176 1124/1124/1124 1134/1134/1134
f 1176/1176/1176 1158/1158/1158 1124/1124/1124
f 1134/1134/1134 1099/1099/1099 1093/1093/1093
f 1134/1134/1134 1124/1124/1124 1099/1099/1099
f 1093/1093/1093 1057/1057/1057 1044/1044/1044
f 1093/1093/1093 1099/1099/1099 1057/1057/1057
f 1044/1044/1044 1017/1017/1017 1004/1004/1004
f 1044/1044/1044 1057/1057/1057 1017/1017/1017
f 1004/1004/1004 985/985/985 972/972/972
f 1004/1004/1004 1017/1017/1017 985/985/985
f 972/972/972 961/961/961 940/940/940
f 972/972/972 985/985/985 961/961/961
f 940/940/940 947/947/947 933/933/933
f 940/940/940 961/961/961 947/947/947
f 933/933/933 959/959/959 939/939/939
f 933/933/933 947/947/947 959/959/959
f 939/939/939 983/983/983 971/971/971
f 939/939/939 959/959/959 983/983/983
f 971/971/971 1015/1015/1015 1003/1003/1003
f 971/971/971 983/983/983 1015/1015/1015
f 1003/1003/1003 1055/1055/1055 1043/1043/1043
f 1003/1003/1003 1015/1015/1015 1055/1055/1055
f 1043/1043/1043 1096/1096/1096 1092/1092/1092
f 1043/1043/1043 1055/1055/1055 1096/1096/1096
f 1092/1092/1092 1122/1122/1122 1133/1133/1133
f 1092/1092/1092 1096/1096/1096 1122/1122/1122
f 1133/1133/1133 1156/1156/1156 1175/1175/1175
f 1133/1133/1133 1122/1122/1122 1156/1156/1156
f 1175/1175/1175 1206/1206/1206 1225/1225/1225
f 1175/1175/1175 1156/1156/1156 1206/1206/1206
f 1225/1225/1225 1242/1242/1242 1269/1269/1269
f 1225/1225/1225 1206/1206/1206 1242/1242/1242
f 1269/1269/1269 1261/1261/1261 1278/1278/1278
f 1269/1269/1269 1242/1242/1242 1261/1261/1261
f 1259/1259/1259 1098/1098/1098 1243/1243/1243
f 1243/1243/1243 1098/1098/1098 1207/1207/1207
f 1207/1207/1207 1098/1098/1098 1157/1157/1157
f 1157/1157/1157 1098/1098/1098 1123/1123/1123
f 1123/1123/1123 1098/1098/1098 1100/1100/1100
f 1100/1100/1100 1098/1098/1098 1058/1058/1058
f 1058/1058/1058 1098/1098/1098 1018/1018/1018
f 1018/1018/1018 1098/1098/1098 986/986/986
f 986/986/986 1098/1098/1098 962/962/962
f 962/962/962 1098/1098/1098 948/948/948
f 948/948/948 1098/1098/1098 960/960/960
f 960/960/960 1098/1098/1098 984/984/984
f 984/984/984 1098/1098/1098 1016/1016/1016
f 1016/1016/1016 1098/1098/1098 1056/1056/1056
f 1056/1056/1056 1098/1098/1098 1097/1097/1097
f 1097/1097/1097 1098/1098/1098 1121/1121/1121
f 1121/1121/1121 1098/1098/1098 1155/1155/1155
f 1155/1155/1155 1098/1098/1098 1205/1205/1205
f 1205/1205/1205 1098/1098/1098 1241/1241/1241
f 1241/1241/1241 1098/1098/1098 1259/1259/1259
f 1839/1839/1839 2007/2007/2007 1993/1993/1993
f 1839/1839/1839 1993/1993/1993 1969/1969/1969
f 1839/1839/1839 1969/1969/1969 1945/1945/1945
f 1839/1839/1839 1945/1945/1945 1877/1877/1877
f 1839/1839/1839 1877/1877/1877 1840/1840/1840
f 1839/1839/1839 1840/1840/1840 1824/1824/1824
f 1839/1839/1839 1824/1824/1824 1791/1791/1791
f 1839/1839/1839 1791/1791/1791 1754/1754/1754
f 1839/1839/1839 1754/1754/1754 1722/1722/1722
f 1839/1839/1839 1722/1722/1722 1712/1712/1712
f 1839/1839/1839 1712/1712/1712 1720/1720/1720
f 1839/1839/1839 1720/1720/1720 1752/1752/1752
f 1839/1839/1839 1752/1752/1752 1789/1789/1789
f 1839/1839/1839 1789/1789/1789 1822/1822/1822
f 1839/1839/1839 1822/1822/1822 1837/1837/1837
f 1839/1839/1839 1837/1837/1837 1875/1875/1875
f 1839/1839/1839 1875/1875/1875 1943/1943/1943
f 1839/1839/1839 1943/1943/1943 1967/1967/1967
f 1839/1839/1839 1967/1967/1967 1991/1991/1991
f 1839/1839/1839 1991/1991/1991 2007/2007/2007
f 2008/2008/2008 2020/2020/2020 1994/1994/1994
f 2008/2008/2008 2027/2027/2027 2020/2020/2020
f 1994/1994/1994 1984/1984/1984 1970/1970/1970
f 1994/1994/1994 2020/2020/2020 1984/1984/1984
f 1970/1970/1970 1960/1960/1960 1946/1946/1946
f 1970/1970/1970 1984/1984/1984 1960/1960/1960
f 1946/1946/1946 1900/1900/1900 1878/1878/1878
f 1946/1946/1946 1960/1960/1960 1900/1900/1900
f 1878/1878/1878 1848/1848/1848 1841/1841/1841
f 1878/1878/1878 1900/1900/1900 1848/1848/1848
f 1841/1841/1841 1814/1814/1814 1823/1823/1823
f 1841/1841/1841 1848/1848/1848 1814/1814/1814
f 1823/1823/1823 1776/1776/1776 1790/1790/1790
f 1823/1823/1823 1814/1814/1814 1776/1776/1776
f 1790/1790/1790 1740/1740/1740 1753/1753/1753
f 1790/1790/1790 1776/1776/1776 1740/1740/1740
f 1753/1753/1753 1698/1698/1698 1721/1721/1721
f 1753/1753/1753 1740/1740/1740 1698/1698/1698
f 1721/1721/1721 1691/1691/1691 1711/1711/1711
f 1721/1721/1721 1698/1698/1698 1691/1691/1691
f 1711/1711/1711 1697/1697/1697 1719/1719/1719
f 1711/1711/1711 1691/1691/1691 1697/1697/1697
f 1719/1719/1719 1739/1739/1739 1751/1751/1751
f 1719/1719/1719 1697/1697/1697 1739/1739/1739
f 1751/1751/1751 1775/1775/1775 1788/1788/1788
f 1751/1751/1751 1739/1739/1739 1775/1775/1775
f 1788/1788/1788 1813/1813/1813 1821/1821/1821
f 1788/1788/1788 1775/1775/1775 1813/1813/1813
f 1821/1821/1821 1847/1847/1847 1838/1838/1838
f 1821/1821/1821 1813/1813/1813 1847/1847/1847
f 1838/1838/1838 1899/1899/1899 1876/1876/1876
f 1838/1838/1838 1847/1847/1847 1899/1899/1899
f 1876/1876/1876 1959/1959/1959 1944/1944/1944
f 1876/1876/1876 1899/1899/1899 1959/1959/1959
f 1944/1944/1944 1983/1983/1983 1968/1968/1968
f 1944/1944/1944 1959/1959/1959 1983/1983/1983
f 1968/1968/1968 2019/2019/2019 1992/1992/1992
f 1968/1968/1968 1983/1983/1983 2019/2019/2019
f 1992/1992/1992 2028/2028/2028 2009/2009/2009
f 1992/1992/1992 2019/2019/2019 2028/2028/2028
f 2027/2027/2027 2024/2024/2024 2020/2020/2020
f 2027/2027/2027 2031/2031/2031 2024/2024/2024
f 2020/2020/2020 1988/1988/1988 1984/1984/1984
f 2020/2020/2020 2024/2024/2024 1988/1988/1988
f 1984/1984/1984 1964/1964/1964 1960/1960/1960
f 1984/1984/1984 1988/1988/1988 1964/1964/1964
f 1960/1960/1960 1904/1904/1904 1900/1900/1900
f 1960/1960/1960 1964/1964/1964 1904/1904/1904
f 1900/1900/1900 1852/1852/1852 1848/1848/1848
f 1900/1900/1900 1904/1904/1904 1852/1852/1852
f 1848/1848/1848 1818/1818/1818 1814/1814/1814
f 1848/1848/1848 1852/1852/1852 1818/1818/1818
f 1814/1814/1814 1780/1780/1780 1776/1776/1776
f 1814/1814/1814 1818/1818/1818 1780/1780/1780
f 1776/1776/1776 1744/1744/1744 1740/1740/1740
f 1776/1776/1776 1780/1780/1780 1744/1744/1744
f 1740/1740/1740 1702/1702/1702 1698/1698/1698
f 1740/1740/1740 1744/1744/1744 1702/1702/1702
f 1698/1698/1698 1693/1693/1693 1691/1691/1691
f 1698/1698/1698 1702/1702/1702 1693/1693/1693
f 1691/1691/1691 1701/1701/1701 1697/1697/1697
f 1691/1691/1691 1693/1693/1693 1701/1701/1701
f 1697/1697/1697 1743/1743/1743 1739/1739/1739
f 1697/1697/1697 1701/1701/1701 1743/1743/1743
f 1739/1739/1739 1779/1779/1779 1775/1775/1775
f 1739/1739/1739 1743/1743/1743 1779/1779/1779
f 1775/1775/1775 1817/1817/1817 1813/1813/1813
f 1775/1775/1775 1779/1779/1779 1817/1817/1817
f 1813/1813/1813 1851/1851/1851 1847/1847/1847
f 1813/1813/1813 1817/1817/1817 1851/1851/1851
f 1847/1847/1847 1903/1903/1903 1899/1899/1899
f 1847/1847/1847 1851/1851/1851 1903/1903/1903
f 1899/1899/1899 1963/1963/1963 1959/1959/1959
f 1899/1899/1899 1903/1903/1903 1963/1963/1963
f 1959/1959/1959 1987/1987/1987 1983/1983/1983
f 1959/1959/1959 1963/1963/1963 1987/1987/1987
f 1983/1983/1983 2023/2023/2023 2019/2019/2019
f 1983/1983/1983 1987/1987/1987 2023/2023/2023
f 2019/2019/2019 2032/2032/2032 2028/2028/2028
f 2019/2019/2019 2023/2023/2023 2032/2032/2032
f 2031/2031/2031 2002/2002/2002 2024/2024/2024
f 2031/2031/2031 2014/2014/2014 2002/2002/2002
f 2024/2024/2024 1978/1978/1978 1988/1988/1988
f 2024/2024/2024 2002/2002/2002 1978/1978/1978
f 1988/1988/1988 1954/1954/1954 1964/1964/1964
f 1988/1988/1988 1978/1978/1978 1954/1954/1954
f 1964/1964/1964 1886/1886/1886 1904/1904/1904
f 1964/1964/1964 1954/1954/1954 1886/1886/1886
f 1904/1904/1904 1858/1858/1858 1852/1852/1852
f 1904/1904/1904 1886/1886/1886 1858/1858/1858
f 1852/1852/1852 1831/1831/1831 1818/1818/1818
f 1852/1852/1852 1858/1858/1858 1831/1831/1831
f 1818/1818/1818 1798/1798/1798 1780/1780/1780
f 1818/1818/1818 1831/1831/1831 1798/1798/1798
f 1780/1780/1780 1761/1761/1761 1744/1744/1744
f 1780/1780/1780 1798/1798/1798 1761/1761/1761
f 1744/1744/1744 1729/1729/1729 1702/1702/1702
f 1744/1744/1744 1761/1761/1761 1729/1729/1729
f 1702/1702/1702 1715/1715/1715 1693/1693/1693
f 1702/1702/1702 1729/1729/1729 1715/1715/1715
f 1693/1693/1693 1727/1727/1727 1701/1701/1701
f 1693/1693/1693 1715/1715/1715 1727/1727/1727
f 1701/1701/1701 1759/1759/1759 1743/1743/1743
f 1701/1701/1701 1727/1727/1727 1759/1759/1759
f 1743/1743/1743 1796/1796/1796 1779/1779/1779
f 1743/1743/1743 1759/1759/1759 1796/1796/1796
f 1779/1779/1779 1829/1829/1829 1817/1817/1817
f 1779/1779/1779 1796/1796/1796 1829/1829/1829
f 1817/1817/1817 1855/1855/1855 1851/1851/1851
f 1817/1817/1817 1829/1829/1829 1855/1855/1855
f 1851/1851/1851 1884/1884/1884 1903/1903/1903
f 1851/1851/1851 1855/1855/1855 1884/1884/1884
f 1903/1903/1903 1952/1952/1952 1963/1963/1963
f 1903/1903/1903 1884/1884/1884 1952/1952/1952
f 1963/1963/1963 1976/1976/1976 1987/1987/1987
f 1963/1963/1963 1952/1952/1952 1976/1976/1976
f 1987/1987/1987 2000/2000/2000 2023/2023/2023
f 1987/1987/1987 1976/1976/1976 2000/2000/2000
f 2023/2023/2023 2015/2015/2015 2032/2032/2032
f 2023/2023/2023 2000/2000/2000 2015/2015/2015
f 2013/2013/2013 1857/1857/1857 2001/2001/2001
f 2001/2001/2001 1857/1857/1857 1977/1977/1977
f 1977/1977/1977 1857/1857/1857 1953/1953/1953
f 1953/1953/1953 1857/1857/1857 1885/1885/1885
f 1885/1885/1885 1857/1857/1857 1859/1859/1859
f 1859/1859/1859 1857/1857/1857 1832/1832/1832
f 1832/1832/1832 1857/1857/1857 1799/1799/1799
f 1799/1799/1799 1857/1857/1857 1762/1762/1762
f 1762/1762/1762 1857/1857/1857 1730/1730/1730
f 1730/1730/1730 1857/1857/1857 1716/1716/1716
f 1716/1716/1716 1857/1857/1857 1728/1728/1728
f 1728/1728/1728 1857/1857/1857 1760/1760/1760
f 1760/1760/1760 1857/1857/1857 1797/1797/1797
f 1797/1797/1797 1857/1857/1857 1830/1830/1830
f 1830/1830/1830 1857/1857/1857 1856/1856/1856
f 1856/1856/1856 1857/1857/1857 1883/1883/1883
f 1883/1883/1883 1857/1857/1857 1951/1951/1951
f 1951/1951/1951 1857/1857/1857 1975/1975/1975
f 1975/1975/1975 1857/1857/1857 1999/1999/1999
f 1999/1999/1999 1857/1857/1857 2013/2013/2013
f 2609/2609/2609 2759/2759/2759 2745/2745/2745
f 2609/2609/2609 2745/2745/2745 2721/2721/2721
f 2609/2609/2609 2721/2721/2721 2697/2697/2697
f 2609/2609/2609 2697/2697/2697 2673/2673/2673
f 2609/2609/2609 2673/2673/2673 2610/2610/2610
f 2609/2609/2609 2610/2610/2610 2576/2576/2576
f 2609/2609/2609 2576/2576/2576 2552/2552/2552
f 2609/2609/2609 2552/2552/2552 2528/2528/2528
f 2609/2609/2609 2528/2528/2528 2504/2504/2504
f 2609/2609/2609 2504/2504/2504 2494/2494/2494
f 2609/2609/2609 2494/2494/2494 2502/2502/2502
f 2609/2609/2609 2502/2502/2502 2526/2526/2526
f 2609/2609/2609 2526/2526/2526 2550/2550/2550
f 2609/2609/2609 2550/2550/2550 2574/2574/2574
f 2609/2609/2609 2574/2574/2574 2607/2607/2607
f 2609/2609/2609 2607/2607/2607 2671/2671/2671
f 2609/2609/2609 2671/2671/2671 2695/2695/2695
f 2609/2609/2609 2695/2695/2695 2719/2719/2719
f 2609/2609/2609 2719/2719/2719 2743/2743/2743
f 2609/2609/2609 2743/2743/2743 2759/2759/2759
f 2760/2760/2760 2772/2772/2772 2746/2746/2746
f 2760/2760/2760 2795/2795/2795 2772/2772/2772
f 2746/2746/2746 2736/2736/2736 2722/2722/2722
f 2746/2746/2746 2772/2772/2772 2736/2736/2736
f 2722/2722/2722 2712/2712/2712 2698/2698/2698
f 2722/2722/2722 2736/2736/2736 2712/2712/2712
f 2698/2698/2698 2688/2688/2688 2674/2674/2674
f 2698/2698/2698 2712/2712/2712 2688/2688/2688
f 2674/2674/2674 2618/2618/2618 2611/2611/2611
f 2674/2674/2674 2688/2688/2688 2618/2618/2618
f 2611/2611/2611 2566/2566/2566 2575/2575/2575
f 2611/2611/2611 2618/2618/2618 2566/2566/2566
f 2575/2575/2575 2542/2542/2542 2551/2551/2551
f 2575/2575/2575 2566/2566/2566 2542/2542/2542
f 2551/2551/2551 2518/2518/2518 2527/2527/2527
f 2551/2551/2551 2542/2542/2542 2518/2518/2518
f 2527/2527/2527 2486/2486/2486 2503/2503/2503
f 2527/2527/2527 2518/2518/2518 2486/2486/2486
f 2503/2503/2503 2467/2467/2467 2493/2493/2493
f 2503/2503/2503 2486/2486/2486 2467/2467/2467
f 2493/2493/2493 2485/2485/2485 2501/2501/2501
f 2493/2493/2493 2467/2467/2467 2485/2485/2485
f 2501/2501/2501 2517/2517/2517 2525/2525/2525
f 2501/2501/2501 2485/2485/2485 2517/2517/2517
f 2525/2525/2525 2541/2541/2541 2549/2549/2549
f 2525/2525/2525 2517/2517/2517 2541/2541/2541
f 2549/2549/2549 2565/2565/2565 2573/2573/2573
f 2549/2549/2549 2541/2541/2541 2565/2565/2565
f 2573/2573/2573 2617/2617/2617 2608/2608/2608
f 2573/2573/2573 2565/2565/2565 2617/2617/2617
f 2608/2608/2608 2687/2687/2687 2672/2672/2672
f 2608/2608/2608 2617/2617/2617 2687/2687/2687
f 2672/2672/2672 2711/2711/2711 2696/2696/2696
f 2672/2672/2672 2687/2687/2687 2711/2711/2711
f 2696/2696/2696 2735/2735/2735 2720/2720/2720
f 2696/2696/2696 2711/2711/2711 2735/2735/2735
f 2720/2720/2720 2771/2771/2771 2744/2744/2744
f 2720/2720/2720 2735/2735/2735 2771/2771/2771
f 2744/2744/2744 2796/2796/2796 2761/2761/2761
f 2744/2744/2744 2771/2771/2771 2796/2796/2796
f 2795/2795/2795 2776/2776/2776 2772/2772/2772
f 2795/2795/2795 2799/2799/2799 2776/2776/2776
f 2772/2772/2772 2740/2740/2740 2736/2736/2736
f 2772/2772/2772 2776/2776/2776 2740/2740/2740
f 2736/2736/2736 2716/2716/2716 2712/2712/2712
f 2736/2736/2736 2740/2740/2740 2716/2716/2716
f 2712/2712/2712 2692/2692/2692 2688/2688/2688
f 2712/2712/2712 2716/2716/2716 2692/2692/2692
f 2688/2688/2688 2646/2646/2646 2618/2618/2618
f 2688/2688/2688 2692/2692/2692 2646/2646/2646
f 2618/2618/2618 2570/2570/2570 2566/2566/2566
f 2618/2618/2618 2646/2646/2646 2570/2570/2570
f 2566/2566/2566 2546/2546/2546 2542/2542/2542
f 2566/2566/2566 2570/2570/2570 2546/2546/2546
f 2542/2542/2542 2522/2522/2522 2518/2518/2518
f 2542/2542/2542 2546/2546/2546 2522/2522/2522
f 2518/2518/2518 2490/2490/2490 2486/2486/2486
f 2518/2518/2518 2522/2522/2522 2490/2490/2490
f 2486/2486/2486 2469/2469/2469 2467/2467/2467
f 2486/2486/2486 2490/2490/2490 2469/2469/2469
f 2467/2467/2467 2489/2489/2489 2485/2485/2485
f 2467/2467/2467 2469/2469/2469 2489/2489/2489
f 2485/2485/2485 2521/2521/2521 2517/2517/2517
f 2485/2485/2485 2489/2489/2489 2521/2521/2521
f 2517/2517/2517 2545/2545/2545 2541/2541/2541
f 2517/2517/2517 2521/2521/2521 2545/2545/2545
f 2541/2541/2541 2569/2569/2569 2565/2565/2565
f 2541/2541/2541 2545/2545/2545 2569/2569/2569
f 2565/2565/2565 2645/2645/2645 2617/2617/2617
f 2565/2565/2565 2569/2569/2569 2645/2645/2645
f 2617/2617/2617 2691/2691/2691 2687/2687/2687
f 2617/2617/2617 2645/2645/2645 2691/2691/2691
f 2687/2687/2687 2715/2715/2715 2711/2711/2711
f 2687/2687/2687 2691/2691/2691 2715/2715/2715
f 2711/2711/2711 2739/2739/2739 2735/2735/2735
f 2711/2711/2711 2715/2715/2715 2739/2739/2739
f 2735/2735/2735 2775/2775/2775 2771/2771/2771
f 2735/2735/2735 2739/2739/2739 2775/2775/2775
f 2771/2771/2771 2800/2800/2800 2796/2796/2796
f 2771/2771/2771 2775/2775/2775 2800/2800/2800
f 2799/2799/2799 2754/2754/2754 2776/2776/2776
f 2799/2799/2799 2766/2766/2766 2754/2754/2754
f 2776/2776/2776 2730/2730/2730 2740/2740/2740
f 2776/2776/2776 2754/2754/2754 2730/2730/2730
f 2740/2740/2740 2706/2706/2706 2716/2716/2716
f 2740/2740/2740 2730/2730/2730 2706/2706/2706
f 2716/2716/2716 2682/2682/2682 2692/2692/2692
f 2716/2716/2716 2706/2706/2706 2682/2682/2682
f 2692/2692/2692 2655/2655/2655 2646/2646/2646
f 2692/2692/2692 2682/2682/2682 2655/2655/2655
f 2646/2646/2646 2583/2583/2583 2570/2570/2570
f 2646/2646/2646 2655/2655/2655 2583/2583/2583
f 2570/2570/2570 2559/2559/2559 2546/2546/2546
f 2570/2570/2570 2583/2583/2583 2559/2559/2559
f 2546/2546/2546 2535/2535/2535 2522/2522/2522
f 2546/2546/2546 2559/2559/2559 2535/2535/2535
f 2522/2522/2522 2511/2511/2511 2490/2490/2490
f 2522/2522/2522 2535/2535/2535 2511/2511/2511
f 2490/2490/2490 2497/2497/2497 2469/2469/2469
f 2490/2490/2490 2511/2511/2511 2497/2497/2497
f 2469/2469/2469 2509/2509/2509 2489/2489/2489
f 2469/2469/2469 2497/2497/2497 2509/2509/2509
f 2489/2489/2489 2533/2533/2533 2521/2521/2521
f 2489/2489/2489 2509/2509/2509 2533/2533/2533
f 2521/2521/2521 2557/2557/2557 2545/2545/2545
f 2521/2521/2521 2533/2533/2533 2557/2557/2557
f 2545/2545/2545 2581/2581/2581 2569/2569/2569
f 2545/2545/2545 2557/2557/2557 2581/2581/2581
f 2569/2569/2569 2649/2649/2649 2645/2645/2645
f 2569/2569/2569 2581/2581/2581 2649/2649/2649
f 2645/2645/2645 2680/2680/2680 2691/2691/2691
f 2645/2645/2645 2649/2649/2649 2680/2680/2680
f 2691/2691/2691 2704/2704/2704 2715/2715/2715
f 2691/2691/2691 2680/2680/2680 2704/2704/2704
f 2715/2715/2715 2728/2728/2728 2739/2739/2739
f 2715/2715/2715 2704/2704/2704 2728/2728/2728
f 2739/2739/2739 2752/2752/2752 2775/2775/2775
f 2739/2739/2739 2728/2728/2728 2752/2752/2752
f 2775/2775/2775 2767/2767/2767 2800/2800/2800
f 2775/2775/2775 2752/2752/2752 2767/2767/2767
f 2765/2765/2765 2652/2652/2652 2753/2753/2753
f 2753/2753/2753 2652/2652/2652 2729/2729/2729
f 2729/2729/2729 2652/2652/2652 2705/2705/2705
f 2705/2705/2705 2652/2652/2652 2681/2681/2681
f 2681/2681/2681 2652/2652/2652 2656/2656/2656
f 2656/2656/2656 2652/2652/2652 2584/2584/2584
f 2584/2584/2584 2652/2652/2652 2560/2560/2560
f 2560/2560/2560 2652/2652/2652 2536/2536/2536
f 2536/2536/2536 2652/2652/2652 2512/2512/2512
f 2512/2512/2512 2652/2652/2652 2498/2498/2498
f 2498/2498/2498 2652/2652/2652 2510/2510/2510
f 2510/2510/2510 2652/2652/2652 2534/2534/2534
f 2534/2534/2534 2652/2652/2652 2558/2558/2558
f 2558/2558/2558 2652/2652/2652 2582/2582/2582
f 2582/2582/2582 2652/2652/2652 2650/2650/2650
f 2650/2650/2650 2652/2652/2652 2679/2679/2679
f 2679/2679/2679 2652/2652/2652 2703/2703/2703
f 2703/2703/2703 2652/2652/2652 2727/2727/2727
f 2727/2727/2727 2652/2652/2652 2751/2751/2751
f 2751/2751/2751 2652/2652/2652 2765/2765/2765
f 3397/3397/3397 3543/3543/3543 3529/3529/3529
f 3397/3397/3397 3529/3529/3529 3497/3497/3497
f 3397/3397/3397 3497/3497/3497 3459/3459/3459
f 3397/3397/3397 3459/3459/3459 3425/3425/3425
f 3397/3397/3397 3425/3425/3425 3398/3398/3398
f 3397/3397/3397 3398/3398/3398 3372/3372/3372
f 3397/3397/3397 3372/3372/3372 3304/3304/3304
f 3397/3397/3397 3304/3304/3304 3280/3280/3280
f 3397/3397/3397 3280/3280/3280 3256/3256/3256
f 3397/3397/3397 3256/3256/3256 3246/3246/3246
f 3397/3397/3397 3246/3246/3246 3254/3254/3254
f 3397/3397/3397 3254/3254/3254 3278/3278/3278
f 3397/3397/3397 3278/3278/3278 3302/3302/3302
f 3397/3397/3397 3302/3302/3302 3370/3370/3370
f 3397/3397/3397 3370/3370/3370 3395/3395/3395
f 3397/3397/3397 3395/3395/3395 3423/3423/3423
f 3397/3397/3397 3423/3423/3423 3457/3457/3457
f 3397/3397/3397 3457/3457/3457 3495/3495/3495
f 3397/3397/3397 3495/3495/3495 3527/3527/3527
f 3397/3397/3397 3527/3527/3527 3543/3543/3543
f 3544/3544/3544 3561/3561/3561 3530/3530/3530
f 3544/3544/3544 3570/3570/3570 3561/3561/3561
f 3530/3530/3530 3516/3516/3516 3498/3498/3498
f 3530/3530/3530 3561/3561/3561 3516/3516/3516
f 3498/3498/3498 3480/3480/3480 3460/3460/3460
f 3498/3498/3498 3516/3516/3516 3480/3480/3480
f 3460/3460/3460 3440/3440/3440 3426/3426/3426
f 3460/3460/3460 3480/3480/3480 3440/3440/3440
f 3426/3426/3426 3406/3406/3406 3399/3399/3399
f 3426/3426/3426 3440/3440/3440 3406/3406/3406
f 3399/3399/3399 3354/3354/3354 3371/3371/3371
f 3399/3399/3399 3406/3406/3406 3354/3354/3354
f 3371/3371/3371 3294/3294/3294 3303/3303/3303
f 3371/3371/3371 3354/3354/3354 3294/3294/3294
f 3303/3303/3303 3270/3270/3270 3279/3279/3279
f 3303/3303/3303 3294/3294/3294 3270/3270/3270
f 3279/3279/3279 3238/3238/3238 3255/3255/3255
f 3279/3279/3279 3270/3270/3270 3238/3238/3238
f 3255/3255/3255 3233/3233/3233 3245/3245/3245
f 3255/3255/3255 3238/3238/3238 3233/3233/3233
f 3245/3245/3245 3237/3237/3237 3253/3253/3253
f 3245/3245/3245 3233/3233/3233 3237/3237/3237
f 3253/3253/3253 3269/3269/3269 3277/3277/3277
f 3253/3253/3253 3237/3237/3237 3269/3269/3269
f 3277/3277/3277 3293/3293/3293 3301/3301/3301
f 3277/3277/3277 3269/3269/3269 3293/3293/3293
f 3301/3301/3301 3353/3353/3353 3369/3369/3369
f 3301/3301/3301 3293/3293/3293 3353/3353/3353
f 3369/3369/3369 3405/3405/3405 3396/3396/3396
f 3369/3369/3369 3353/3353/3353 3405/3405/3405
f 3396/3396/3396 3439/3439/3439 3424/3424/3424
f 3396/3396/3396 3405/3405/3405 3439/3439/3439
f 3424/3424/3424 3479/3479/3479 3458/3458/3458
f 3424/3424/3424 3439/3439/3439 3479/3479/3479
f 3458/3458/3458 3515/3515/3515 3496/3496/3496
f 3458/3458/3458 3479/3479/3479 3515/3515/3515
f 3496/3496/3496 3560/3560/3560 3528/3528/3528
f 3496/3496/3496 3515/3515/3515 3560/3560/3560
f 3528/3528/3528 3571/3571/3571 3545/3545/3545
f 3528/3528/3528 3560/3560/3560 3571/3571/3571
f 3570/3570/3570 3565/3565/3565 3561/3561/3561
f 3570/3570/3570 3574/3574/3574 3565/3565/3565
f 3561/3561/3561 3520/3520/3520 3516/3516/3516
f 3561/3561/3561 3565/3565/3565 3520/3520/3520
f 3516/3516/3516 3484/3484/3484 3480/3480/3480
f 3516/3516/3516 3520/3520/3520 3484/3484/3484
f 3480/3480/3480 3444/3444/3444 3440/3440/3440
f 3480/3480/3480 3484/3484/3484 3444/3444/3444
f 3440/3440/3440 3410/3410/3410 3406/3406/3406
f 3440/3440/3440 3444/3444/3444 3410/3410/3410
f 3406/3406/3406 3358/3358/3358 3354/3354/3354
f 3406/3406/3406 3410/3410/3410 3358/3358/3358
f 3354/3354/3354 3298/3298/3298 3294/3294/3294
f 3354/3354/3354 3358/3358/3358 3298/3298/3298
f 3294/3294/3294 3274/3274/3274 3270/3270/3270
f 3294/3294/3294 3298/3298/3298 3274/3274/3274
f 3270/3270/3270 3242/3242/3242 3238/3238/3238
f 3270/3270/3270 3274/3274/3274 3242/3242/3242
f 3238/3238/3238 3235/3235/3235 3233/3233/3233
f 3238/3238/3238 3242/3242/3242 3235/3235/3235
f 3233/3233/3233 3241/3241/3241 3237/3237/3237
f 3233/3233/3233 3235/3235/3235 3241/3241/3241
f 3237/3237/3237 3273/3273/3273 3269/3269/3269
f 3237/3237/3237 3241/3241/3241 3273/3273/3273
f 3269/3269/3269 3297/3297/3297 3293/3293/3293
f 3269/3269/3269 3273/3273/3273 3297/3297/3297
f 3293/3293/3293 3357/3357/3357 3353/3353/3353
f 3293/3293/3293 3297/3297/3297 3357/3357/3357
f 3353/3353/3353 3409/3409/3409 3405/3405/3405
f 3353/3353/3353 3357/3357/3357 3409/3409/3409
f 3405/3405/3405 3443/3443/3443 3439/3439/3439
f 3405/3405/3405 3409/3409/3409 3443/3443/3443
f 3439/3439/3439 3483/3483/3483 3479/3479/3479
f 3439/3439/3439 3443/3443/3443 3483/3483/3483
f 3479/3479/3479 3519/3519/3519 3515/3515/3515
f 3479/3479/3479 3483/3483/3483 3519/3519/3519
f 3515/3515/3515 3564/3564/3564 3560/3560/3560
f 3515/3515/3515 3519/3519/3519 3564/3564/3564
f 3560/3560/3560 3575/3575/3575 3571/3571/3571
f 3560/3560/3560 3564/3564/3564 3575/3575/3575
f 3574/3574/3574 3538/3538/3538 3565/3565/3565
f 3574/3574/3574 3550/3550/3550 3538/3538/3538
f 3565/3565/3565 3506/3506/3506 3520/3520/3520
f 3565/3565/3565 3538/3538/3538 3506/3506/3506
f 3520/3520/3520 3468/3468/3468 3484/3484/3484
f 3520/3520/3520 3506/3506/3506 3468/3468/3468
f 3484/3484/3484 3434/3434/3434 3444/3444/3444
f 3484/3484/3484 3468/3468/3468 3434/3434/3434
f 3444/3444/3444 3416/3416/3416 3410/3410/3410
f 3444/3444/3444 3434/3434/3434 3416/3416/3416
f 3410/3410/3410 3379/3379/3379 3358/3358/3358
f 3410/3410/3410 3416/3416/3416 3379/3379/3379
f 3358/3358/3358 3311/3311/3311 3298/3298/3298
f 3358/3358/3358 3379/3379/3379 3311/3311/3311
f 3298/3298/3298 3287/3287/3287 3274/3274/3274
f 3298/3298/3298 3311/3311/3311 3287/3287/3287
f 3274/3274/3274 3263/3263/3263 3242/3242/3242
f 3274/3274/3274 3287/3287/3287 3263/3263/3263
f 3242/3242/3242 3249/3249/3249 3235/3235/3235
f 3242/3242/3242 3263/3263/3263 3249/3249/3249
f 3235/3235/3235 3261/3261/3261 3241/3241/3241
f 3235/3235/3235 3249/3249/3249 3261/3261/3261
f 3241/3241/3241 3285/3285/3285 3273/3273/3273
f 3241/3241/3241 3261/3261/3261 3285/3285/3285
f 3273/3273/3273 3309/3309/3309 3297/3297/3297
f 3273/3273/3273 3285/3285/3285 3309/3309/3309
f 3297/3297/3297 3377/3377/3377 3357/3357/3357
f 3297/3297/3297 3309/3309/3309 3377/3377/3377
f 3357/3357/3357 3413/3413/3413 3409/3409/3409
f 3357/3357/3357 3377/3377/3377 3413/3413/3413
f 3409/3409/3409 3432/3432/3432 3443/3443/3443
f 3409/3409/3409 3413/3413/3413 3432/3432/3432
f 3443/3443/3443 3466/3466/3466 3483/3483/3483
f 3443/3443/3443 3432/3432/3432 3466/3466/3466
f 3483/3483/3483 3504/3504/3504 3519/3519/3519
f 3483/3483/3483 3466/3466/3466 3504/3504/3504
f 3519/3519/3519 3536/3536/3536 3564/3564/3564
f 3519/3519/3519 3504/3504/3504 3536/3536/3536
f 3564/3564/3564 3551/3551/3551 3575/3575/3575
f 3564/3564/3564 3536/3536/3536 3551/3551/3551
f 3549/3549/3549 3415/3415/3415 3537/3537/3537
f 3537/3537/3537 3415/3415/3415 3505/3505/3505
f 3505/3505/3505 3415/3415/3415 3467/3467/3467
f 3467/3467/3467 3415/3415/3415 3433/3433/3433
f 3433/3433/3433 3415/3415/3415 3417/3417/3417
f 3417/3417/3417 3415/3415/3415 3380/3380/3380
f 3380/3380/3380 3415/3415/3415 3312/3312/3312
f 3312/3312/3312 3415/3415/3415 3288/3288/3288
f 3288/3288/3288 3415/3415/3415 3264/3264/3264
f 3264/3264/3264 3415/3415/3415 3250/3250/3250
f 3250/3250/3250 3415/3415/3415 3262/3262/3262
f 3262/3262/3262 3415/3415/3415 3286/3286/3286
f 3286/3286/3286 3415/3415/3415 3310/3310/3310
f 3310/3310/3310 3415/3415/3415 3378/3378/3378
f 3378/3378/3378 3415/3415/3415 3414/3414/3414
f 3414/3414/3414 3415/3415/3415 3431/3431/3431
f 3431/3431/3431 3415/3415/3415 3465/3465/3465
f 3465/3465/3465 3415/3415/3415 3503/3503/3503
f 3503/3503/3503 3415/3415/3415 3535/3535/3535
f 3535/3535/3535 3415/3415/3415 3549/3549/3549
f 4157/4157/4157 4309/4309/4309 4295/4295/4295
f 4157/4157/4157 4295/4295/4295 4271/4271/4271
f 4157/4157/4157 4271/4271/4271 4240/4240/4240
f 4157/4157/4157 4240/4240/4240 4201/4201/4201
f 4157/4157/4157 4201/4201/4201 4158/4158/4158
f 4157/4157/4157 4158/4158/4158 4134/4134/4134
f 4157/4157/4157 4134/4134/4134 4100/4100/4100
f 4157/4157/4157 4100/4100/4100 4050/4050/4050
f 4157/4157/4157 4050/4050/4050 4014/4014/4014
f 4157/4157/4157 4014/4014/4014 4000/4000/4000
f 4157/4157/4157 4000/4000/4000 4012/4012/4012
f 4157/4157/4157 4012/4012/4012 4048/4048/4048
f 4157/4157/4157 4048/4048/4048 4098/4098/4098
f 4157/4157/4157 4098/4098/4098 4132/4132/4132
f 4157/4157/4157 4132/4132/4132 4155/4155/4155
f 4157/4157/4157 4155/4155/4155 4199/4199/4199
f 4157/4157/4157 4199/4199/4199 4238/4238/4238
f 4157/4157/4157 4238/4238/4238 4269/4269/4269
f 4157/4157/4157 4269/4269/4269 4293/4293/4293
f 4157/4157/4157 4293/4293/4293 4309/4309/4309
f 4310/4310/4310 4322/4322/4322 4296/4296/4296
f 4310/4310/4310 4329/4329/4329 4322/4322/4322
f 4296/4296/4296 4286/4286/4286 4272/4272/4272
f 4296/4296/4296 4322/4322/4322 4286/4286/4286
f 4272/4272/4272 4255/4255/4255 4241/4241/4241
f 4272/4272/4272 4286/4286/4286 4255/4255/4255
f 4241/4241/4241 4216/4216/4216 4202/4202/4202
f 4241/4241/4241 4255/4255/4255 4216/4216/4216
f 4202/4202/4202 4166/4166/4166 4159/4159/4159
f 4202/4202/4202 4216/4216/4216 4166/4166/4166
f 4159/4159/4159 4124/4124/4124 4133/4133/4133
f 4159/4159/4159 4166/4166/4166 4124/4124/4124
f 4133/4133/4133 4082/4082/4082 4099/4099/4099
f 4133/4133/4133 4124/4124/4124 4082/4082/4082
f 4099/4099/4099 4032/4032/4032 4049/4049/4049
f 4099/4099/4099 4082/4082/4082 4032/4032/4032
f 4049/4049/4049 3992/3992/3992 4013/4013/4013
f 4049/4049/4049 4032/4032/4032 3992/3992/3992
f 4013/4013/4013 3987/3987/3987 3999/3999/3999
f 4013/4013/4013 3992/3992/3992 3987/3987/3987
f 3999/3999/3999 3991/3991/3991 4011/4011/4011
f 3999/3999/3999 3987/3987/3987 3991/3991/3991
f 4011/4011/4011 4031/4031/4031 4047/4047/4047
f 4011/4011/4011 3991/3991/3991 4031/4031/4031
f 4047/4047/4047 4081/4081/4081 4097/4097/4097
f 4047/4047/4047 4031/4031/4031 4081/4081/4081
f 4097/4097/4097 4123/4123/4123 4131/4131/4131
f 4097/4097/4097 4081/4081/4081 4123/4123/4123
f 4131/4131/4131 4165/4165/4165 4156/4156/4156
f 4131/4131/4131 4123/4123/4123 4165/4165/4165
f 4156/4156/4156 4215/4215/4215 4200/4200/4200
f 4156/4156/4156 4165/4165/4165 4215/4215/4215
f 4200/4200/4200 4254/4254/4254 4239/4239/4239
f 4200/4200/4200 4215/4215/4215 4254/4254/4254
f 4239/4239/4239 4285/4285/4285 4270/4270/4270
f 4239/4239/4239 4254/4254/4254 4285/4285/4285
f 4270/4270/4270 4321/4321/4321 4294/4294/4294
f 4270/4270/4270 4285/4285/4285 4321/4321/4321
f 4294/4294/4294 4330/4330/4330 4311/4311/4311
f 4294/4294/4294 4321/4321/4321 4330/4330/4330
f 4329/4329/4329 4326/4326/4326 4322/4322/4322
f 4329/4329/4329 4333/4333/4333 4326/4326/4326
f 4322/4322/4322 4290/4290/4290 4286/4286/4286
f 4322/4322/4322 4326/4326/4326 4290/4290/4290
f 4286/4286/4286 4259/4259/4259 4255/4255/4255
f 4286/4286/4286 4290/4290/4290 4259/4259/4259
f 4255/4255/4255 4220/4220/4220 4216/4216/4216
f 4255/4255/4255 4259/4259/4259 4220/4220/4220
f 4216/4216/4216 4170/4170/4170 4166/4166/4166
f 4216/4216/4216 4220/4220/4220 4170/4170/4170
f 4166/4166/4166 4128/4128/4128 4124/4124/4124
f 4166/4166/4166 4170/4170/4170 4128/4128/4128
f 4124/4124/4124 4086/4086/4086 4082/4082/4082
f 4124/4124/4124 4128/4128/4128 4086/4086/4086
f 4082/4082/4082 4036/4036/4036 4032/4032/4032
f 4082/4082/4082 4086/4086/4086 4036/4036/4036
f 4032/4032/4032 3996/3996/3996 3992/3992/3992
f 4032/4032/4032 4036/4036/4036 3996/3996/3996
f 3992/3992/3992 3989/3989/3989 3987/3987/3987
f 3992/3992/3992 3996/3996/3996 3989/3989/3989
f 3987/3987/3987 3995/3995/3995 3991/3991/3991
f 3987/3987/3987 3989/3989/3989 3995/3995/3995
f 3991/3991/3991 4035/4035/4035 4031/4031/4031
f 3991/3991/3991 3995/3995/3995 4035/4035/4035
f 4031/4031/4031 4085/4085/4085 4081/4081/4081
f 4031/4031/4031 4035/4035/4035 4085/4085/4085
f 4081/4081/4081 4127/4127/4127 4123/4123/4123
f 4081/4081/4081 4085/4085/4085 4127/4127/4127
f 4123/4123/4123 4169/4169/4169 4165/4165/4165
f 4123/4123/4123 4127/4127/4127 4169/4169/4169
f 4165/4165/4165 4219/4219/4219 4215/4215/4215
f 4165/4165/4165 4169/4169/4169 4219/4219/4219
f 4215/4215/4215 4258/4258/4258 4254/4254/4254
f 4215/4215/4215 4219/4219/4219 4258/4258/4258
f 4254/4254/4254 4289/4289/4289 4285/4285/4285
f 4254/4254/4254 4258/4258/4258 4289/4289/4289
f 4285/4285/4285 4325/4325/4325 4321/4321/4321
f 4285/4285/4285 4289/4289/4289 4325/4325/4325
f 4321/4321/4321 4334/4334/4334 4330/4330/4330
f 4321/4321/4321 4325/4325/4325 4334/4334/4334
f 4333/4333/4333 4304/4304/4304 4326/4326/4326
f 4333/4333/4333 4316/4316/4316 4304/4304/4304
f 4326/4326/4326 4280/4280/4280 4290/4290/4290
f 4326/4326/4326 4304/4304/4304 4280/4280/4280
f 4290/4290/4290 4249/4249/4249 4259/4259/4259
f 4290/4290/4290 4280/4280/4280 4249/4249/4249
f 4259/4259/4259 4210/4210/4210 4220/4220/4220
f 4259/4259/4259 4249/4249/4249 4210/4210/4210
f 4220/4220/4220 4176/4176/4176 4170/4170/4170
f 4220/4220/4220 4210/4210/4210 4176/4176/4176
f 4170/4170/4170 4141/4141/4141 4128/4128/4128
f 4170/4170/4170 4176/4176/4176 4141/4141/4141
f 4128/4128/4128 4107/4107/4107 4086/4086/4086
f 4128/4128/4128 4141/4141/4141 4107/4107/4107
f 4086/4086/4086 4057/4057/4057 4036/4036/4036
f 4086/4086/4086 4107/4107/4107 4057/4057/4057
f 4036/4036/4036 4021/4021/4021 3996/3996/3996
f 4036/4036/4036 4057/4057/4057 4021/4021/4021
f 3996/3996/3996 4003/4003/4003 3989/3989/3989
f 3996/3996/3996 4021/4021/4021 4003/4003/4003
f 3989/3989/3989 4019/4019/4019 3995/3995/3995
f 3989/3989/3989 4003/4003/4003 4019/4019/4019
f 3995/3995/3995 4055/4055/4055 4035/4035/4035
f 3995/3995/3995 4019/4019/4019 4055/4055/4055
f 4035/4035/4035 4105/4105/4105 4085/4085/4085
f 4035/4035/4035 4055/4055/4055 4105/4105/4105
f 4085/4085/4085 4139/4139/4139 4127/4127/4127
f 4085/4085/4085 4105/4105/4105 4139/4139/4139
f 4127/4127/4127 4173/4173/4173 4169/4169/4169
f 4127/4127/4127 4139/4139/4139 4173/4173/4173
f 4169/4169/4169 4208/4208/4208 4219/4219/4219
f 4169/4169/4169 4173/4173/4173 4208/4208/4208
f 4219/4219/4219 4247/4247/4247 4258/4258/4258
f 4219/4219/4219 4208/4208/4208 4247/4247/4247
f 4258/4258/4258 4278/4278/4278 4289/4289/4289
f 4258/4258/4258 4247/4247/4247 4278/4278/4278
f 4289/4289/4289 4302/4302/4302 4325/4325/4325
f 4289/4289/4289 4278/4278/4278 4302/4302/4302
f 4325/4325/4325 4317/4317/4317 4334/4334/4334
f 4325/4325/4325 4302/4302/4302 4317/4317/4317
f 4315/4315/4315 4175/4175/4175 4303/4303/4303
f 4303/4303/4303 4175/4175/4175 4279/4279/4279
f 4279/4279/4279 4175/4175/4175 4248/4248/4248
f 4248/4248/4248 4175/4175/4175 4209/4209/4209
f 4209/4209/4209 4175/4175/4175 4177/4177/4177
f 4177/4177/4177 4175/4175/4175 4142/4142/4142
f 4142/4142/4142 4175/4175/4175 4108/4108/4108
f 4108/4108/4108 4175/4175/4175 4058/4058/4058
f 4058/4058/4058 4175/4175/4175 4022/4022/4022
f 4022/4022/4022 4175/4175/4175 4004/4004/4004
f 4004/4004/4004 4175/4175/4175 4020/4020/4020
f 4020/4020/4020 4175/4175/4175 4056/4056/4056
f 4056/4056/4056 4175/4175/4175 4106/4106/4106
f 4106/4106/4106 4175/4175/4175 4140/4140/4140
f 4140/4140/4140 4175/4175/4175 4174/4174/4174
f 4174/4174/4174 4175/4175/4175 4207/4207/4207
f 4207/4207/4207 4175/4175/4175 4246/4246/4246
f 4246/4246/4246 4175/4175/4175 4277/4277/4277
f 4277/4277/4277 4175/4175/4175 4301/4301/4301
f 4301/4301/4301 4175/4175/4175 4315/4315/4315
f 4936/4936/4936 5061/5061/5061 5047/5047/5047
f 4936/4936/4936 5047/5047/5047 5023/5023/5023
f 4936/4936/4936 5023/5023/5023 4999/4999/4999
f 4936/4936/4936 4999/4999/4999 4970/4970/4970
f 4936/4936/4936 4970/4970/4970 4937/4937/4937
f 4936/4936/4936 4937/4937/4937 4910/4910/4910
f 4936/4936/4936 4910/4910/4910 4870/4870/4870
f 4936/4936/4936 4870/4870/4870 4838/4838/4838
f 4936/4936/4936 4838/4838/4838 4796/4796/4796
f 4936/4936/4936 4796/4796/4796 4786/4786/4786
f 4936/4936/4936 4786/4786/4786 4794/4794/4794
f 4936/4936/4936 4794/4794/4794 4836/4836/4836
f 4936/4936/4936 4836/4836/4836 4868/4868/4868
f 4936/4936/4936 4868/4868/4868 4908/4908/4908
f 4936/4936/4936 4908/4908/4908 4934/4934/4934
f 4936/4936/4936 4934/4934/4934 4968/4968/4968
f 4936/4936/4936 4968/4968/4968 4997/4997/4997
f 4936/4936/4936 4997/4997/4997 5021/5021/5021
f 4936/4936/4936 5021/5021/5021 5045/5045/5045
f 4936/4936/4936 5045/5045/5045 5061/5061/5061
f 5062/5062/5062 5074/5074/5074 5048/5048/5048
f 5062/5062/5062 5081/5081/5081 5074/5074/5074
f 5048/5048/5048 5038/5038/5038 5024/5024/5024
f 5048/5048/5048 5074/5074/5074 5038/5038/5038
f 5024/5024/5024 5014/5014/5014 5000/5000/5000
f 5024/5024/5024 5038/5038/5038 5014/5014/5014
f 5000/5000/5000 4985/4985/4985 4971/4971/4971
f 5000/5000/5000 5014/5014/5014 4985/4985/4985
f 4971/4971/4971 4945/4945/4945 4938/4938/4938
f 4971/4971/4971 4985/4985/4985 4945/4945/4945
f 4938/4938/4938 4900/4900/4900 4909/4909/4909
f 4938/4938/4938 4945/4945/4945 4900/4900/4900
f 4909/4909/4909 4858/4858/4858 4869/4869/4869
f 4909/4909/4909 4900/4900/4900 4858/4858/4858
f 4869/4869/4869 4822/4822/4822 4837/4837/4837
f 4869/4869/4869 4858/4858/4858 4822/4822/4822
f 4837/4837/4837 4778/4778/4778 4795/4795/4795
f 4837/4837/4837 4822/4822/4822 4778/4778/4778
f 4795/4795/4795 4773/4773/4773 4785/4785/4785
f 4795/4795/4795 4778/4778/4778 4773/4773/4773
f 4785/4785/4785 4777/4777/4777 4793/4793/4793
f 4785/4785/4785 4773/4773/4773 4777/4777/4777
f 4793/4793/4793 4821/4821/4821 4835/4835/4835
f 4793/4793/4793 4777/4777/4777 4821/4821/4821
f 4835/4835/4835 4857/4857/4857 4867/4867/4867
f 4835/4835/4835 4821/4821/4821 4857/4857/4857
f 4867/4867/4867 4899/4899/4899 4907/4907/4907
f 4867/4867/4867 4857/4857/4857 4899/4899/4899
f 4907/4907/4907 4944/4944/4944 4935/4935/4935
f 4907/4907/4907 4899/4899/4899 4944/4944/4944
f 4935/4935/4935 4984/4984/4984 4969/4969/4969
f 4935/4935/4935 4944/4944/4944 4984/4984/4984
f 4969/4969/4969 5013/5013/5013 4998/4998/4998
f 4969/4969/4969 4984/4984/4984 5013/5013/5013
f 4998/4998/4998 5037/5037/5037 5022/5022/5022
f 4998/4998/4998 5013/5013/5013 5037/5037/5037
f 5022/5022/5022 5073/5073/5073 5046/5046/5046
f 5022/5022/5022 5037/5037/5037 5073/5073/5073
f 5046/5046/5046 5082/5082/5082 5063/5063/5063
f 5046/5046/5046 5073/5073/5073 5082/5082/5082
f 5081/5081/5081 5078/5078/5078 5074/5074/5074
f 5081/5081/5081 5085/5085/5085 5078/5078/5078
f 5074/5074/5074 5042/5042/5042 5038/5038/5038
f 5074/5074/5074 5078/5078/5078 5042/5042/5042
f 5038/5038/5038 5018/5018/5018 5014/5014/5014
f 5038/5038/5038 5042/5042/5042 5018/5018/5018
f 5014/5014/5014 4989/4989/4989 4985/4985/4985
f 5014/5014/5014 5018/5018/5018 4989/4989/4989
f 4985/4985/4985 4949/4949/4949 4945/4945/4945
f 4985/4985/4985 4989/4989/4989 4949/4949/4949
f 4945/4945/4945 4904/4904/4904 4900/4900/4900
f 4945/4945/4945 4949/4949/4949 4904/4904/4904
f 4900/4900/4900 4862/4862/4862 4858/4858/4858
f 4900/4900/4900 4904/4904/4904 4862/4862/4862
f 4858/4858/4858 4826/4826/4826 4822/4822/4822
f 4858/4858/4858 4862/4862/4862 4826/4826/4826
f 4822/4822/4822 4782/4782/4782 4778/4778/4778
f 4822/4822/4822 4826/4826/4826 4782/4782/4782
f 4778/4778/4778 4775/4775/4775 4773/4773/4773
f 4778/4778/4778 4782/4782/4782 4775/4775/4775
f 4773/4773/4773 4781/4781/4781 4777/4777/4777
f 4773/4773/4773 4775/4775/4775 4781/4781/4781
f 4777/4777/4777 4825/4825/4825 4821/4821/4821
f 4777/4777/4777 4781/4781/4781 4825/4825/4825
f 4821/4821/4821 4861/4861/4861 4857/4857/4857
f 4821/4821/4821 4825/4825/4825 4861/4861/4861
f 4857/4857/4857 4903/4903/4903 4899/4899/4899
f 4857/4857/4857 4861/4861/4861 4903/4903/4903
f 4899/4899/4899 4948/4948/4948 4944/4944/4944
f 4899/4899/4899 4903/4903/4903 4948/4948/4948
f 4944/4944/4944 4988/4988/4988 4984/4984/4984
f 4944/4944/4944 4948/4948/4948 4988/4988/4988
f 4984/4984/4984 5017/5017/5017 5013/5013/5013
f 4984/4984/4984 4988/4988/4988 5017/5017/5017
f 5013/5013/5013 5041/5041/5041 5037/5037/5037
f 5013/5013/5013 5017/5017/5017 5041/5041/5041
f 5037/5037/5037 5077/5077/5077 5073/5073/5073
f 5037/5037/5037 5041/5041/5041 5077/5077/5077
f 5073/5073/5073 5086/5086/5086 5082/5082/5082
f 5073/5073/5073 5077/5077/5077 5086/5086/5086
f 5085/5085/5085 5056/5056/5056 5078/5078/5078
f 5085/5085/5085 5068/5068/5068 5056/5056/5056
f 5078/5078/5078 5032/5032/5032 5042/5042/5042
f 5078/5078/5078 5056/5056/5056 5032/5032/5032
f 5042/5042/5042 5008/5008/5008 5018/5018/5018
f 5042/5042/5042 5032/5032/5032 5008/5008/5008
f 5018/5018/5018 4979/4979/4979 4989/4989/4989
f 5018/5018/5018 5008/5008/5008 4979/4979/4979
f 4989/4989/4989 4955/4955/4955 4949/4949/4949
f 4989/4989/4989 4979/4979/4979 4955/4955/4955
f 4949/4949/4949 4917/4917/4917 4904/4904/4904
f 4949/4949/4949 4955/4955/4955 4917/4917/4917
f 4904/4904/4904 4877/4877/4877 4862/4862/4862
f 4904/4904/4904 4917/4917/4917 4877/4877/4877
f 4862/4862/4862 4845/4845/4845 4826/4826/4826
f 4862/4862/4862 4877/4877/4877 4845/4845/4845
f 4826/4826/4826 4803/4803/4803 4782/4782/4782
f 4826/4826/4826 4845/4845/4845 4803/4803/4803
f 4782/4782/4782 4789/4789/4789 4775/4775/4775
f 4782/4782/4782 4803/4803/4803 4789/4789/4789
f 4775/4775/4775 4801/4801/4801 4781/4781/4781
f 4775/4775/4775 4789/4789/4789 4801/4801/4801
f 4781/4781/4781 4843/4843/4843 4825/4825/4825
f 4781/4781/4781 4801/4801/4801 4843/4843/4843
f 4825/4825/4825 4875/4875/4875 4861/4861/4861
f 4825/4825/4825 4843/4843/4843 4875/4875/4875
f 4861/4861/4861 4915/4915/4915 4903/4903/4903
f 4861/4861/4861 4875/4875/4875 4915/4915/4915
f 4903/4903/4903 4952/4952/4952 4948/4948/4948
f 4903/4903/4903 4915/4915/4915 4952/4952/4952
f 4948/4948/4948 4977/4977/4977 4988/4988/4988
f 4948/4948/4948 4952/4952/4952 4977/4977/4977
f 4988/4988/4988 5006/5006/5006 5017/5017/5017
f 4988/4988/4988 4977/4977/4977 5006/5006/5006
f 5017/5017/5017 5030/5030/5030 5041/5041/5041
f 5017/5017/5017 5006/5006/5006 5030/5030/5030
f 5041/5041/5041 5054/5054/5054 5077/5077/5077
f 5041/5041/5041 5030/5030/5030 5054/5054/5054
f 5077/5077/5077 5069/5069/5069 5086/5086/5086
f 5077/5077/5077 5054/5054/5054 5069/5069/5069
f 5067/5067/5067 4954/4954/4954 5055/5055/5055
f 5055/5055/5055 4954/4954/4954 5031/5031/5031
f 5031/5031/5031 4954/4954/4954 5007/5007/5007
f 5007/5007/5007 4954/4954/4954 4978/4978/4978
f 4978/4978/4978 4954/4954/4954 4956/4956/4956
f 4956/4956/4956 4954/4954/4954 4918/4918/4918
f 4918/4918/4918 4954/4954/4954 4878/4878/4878
f 4878/4878/4878 4954/4954/4954 4846/4846/4846
f 4846/4846/4846 4954/4954/4954 4804/4804/4804
f 4804/4804/4804 4954/4954/4954 4790/4790/4790
f 4790/4790/4790 4954/4954/4954 4802/4802/4802
f 4802/4802/4802 4954/4954/4954 4844/4844/4844
f 4844/4844/4844 4954/4954/4954 4876/4876/4876
f 4876/4876/4876 4954/4954/4954 4916/4916/4916
f 4916/4916/4916 4954/4954/4954 4953/4953/4953
f 4953/4953/4953 4954/4954/4954 4976/4976/4976
f 4976/4976/4976 4954/4954/4954 5005/5005/5005
f 5005/5005/5005 4954/4954/4954 5029/5029/5029
f 5029/5029/5029 4954/4954/4954 5053/5053/5053
f 5053/5053/5053 4954/4954/4954 5067/5067/5067
f 83/83/83 166/166/166 526/526/526
f 83/83/83 526/526/526 496/496/496
f 166/166/166 175/175/175 529/529/529
f 166/166/166 529/529/529 526/526/526
f 175/175/175 163/163/163 525/525/525
f 175/175/175 525/525/525 529/529/529
f 163/163/163 79/79/79 495/495/495
f 163/163/163 495/495/495 525/525/525
f 79/79/79 24/24/24 404/404/404
f 79/79/79 404/404/404 495/495/495
f 24/24/24 18/18/18 394/394/394
f 24/24/24 394/394/394 404/404/404
f 18/18/18 27/27/27 405/405/405
f 18/18/18 405/405/405 394/394/394
f 27/27/27 84/84/84 497/497/497
f 27/27/27 497/497/497 405/405/405
f 496/496/496 526/526/526 626/626/626
f 496/496/496 626/626/626 596/596/596
f 526/526/526 529/529/529 629/629/629
f 526/526/526 629/629/629 626/626/626
f 529/529/529 525/525/525 625/625/625
f 529/529/529 625/625/625 629/629/629
f 525/525/525 495/495/495 595/595/595
f 525/525/525 595/595/595 625/625/625
f 495/495/495 404/404/404 574/574/574
f 495/495/495 574/574/574 595/595/595
f 404/404/404 394/394/394 570/570/570
f 404/404/404 570/570/570 574/574/574
f 394/394/394 405/405/405 575/575/575
f 394/394/394 575/575/575 570/570/570
f 405/405/405 497/497/497 597/597/597
f 405/405/405 597/597/597 575/575/575
f 596/596/596 626/626/626 726/726/726
f 596/596/596 726/726/726 696/696/696
f 626/626/626 629/629/629 729/729/729
f 626/626/626 729/729/729 726/726/726
f 629/629/629 625/625/625 725/725/725
f 629/629/629 725/725/725 729/729/729
f 625/625/625 595/595/595 695/695/695
f 625/625/625 695/695/695 725/725/725
f 595/595/595 574/574/574 679/679/679
f 595/595/595 679/679/679 695/695/695
f 574/574/574 570/570/570 670/670/670
f 574/574/574 670/670/670 679/679/679
f 570/570/570 575/575/575 680/680/680
f 570/570/570 680/680/680 670/670/670
f 575/575/575 597/597/597 697/697/697
f 575/575/575 697/697/697 680/680/680
f 696/696/696 726/726/726 826/826/826
f 696/696/696 826/826/826 796/796/796
f 726/726/726 729/729/729 829/829/829
f 726/726/726 829/829/829 826/826/826
f 729/729/729 725/725/725 825/825/825
f 729/729/729 825/825/825 829/829/829
f 725/725/725 695/695/695 795/795/795
f 725/725/725 795/795/795 825/825/825
f 695/695/695 679/679/679 779/779/779
f 695/695/695 779/779/779 795/795/795
f 679/679/679 670/670/670 772/772/772
f 679/679/679 772/772/772 779/779/779
f 670/670/670 680/680/680 780/780/780
f 670/670/670 780/780/780 772/772/772
f 680/680/680 697/697/697 797/797/797
f 680/680/680 797/797/797 780/780/780
f 796/796/796 826/826/826 926/926/926
f 796/796/796 926/926/926 896/896/896
f 826/826/826 829/829/829 929/929/929
f 826/826/826 929/929/929 926/926/926
f 829/829/829 825/825/825 925/925/925
f 829/829/829 925/925/925 929/929/929
f 825/825/825 795/795/795 895/895/895
f 825/825/825 895/895/895 925/925/925
f 795/795/795 779/779/779 879/879/879
f 795/795/795 879/879/879 895/895/895
f 779/779/779 772/772/772 877/877/877
f 779/779/779 877/877/877 879/879/879
f 772/772/772 780/780/780 880/880/880
f 772/772/772 880/880/880 877/877/877
f 780/780/780 797/797/797 897/897/897
f 780/780/780 897/897/897 880/880/880
f 896/896/896 926/926/926 1250/1250/1250
f 896/896/896 1250/1250/1250 1180/1180/1180
f 926/926/926 929/929/929 1281/1281/1281
f 926/926/926 1281/1281/1281 1250/1250/1250
f 929/929/929 925/925/925 1249/1249/1249
f 929/929/929 1249/1249/1249 1281/1281/1281
f 925/925/925 895/895/895 1179/1179/1179
f 925/925/925 1179/1179/1179 1249/1249/1249
f 895/895/895 879/879/879 1139/1139/1139
f 895/895/895 1139/1139/1139 1179/1179/1179
f 879/879/879 877/877/877 1137/1137/1137
f 879/879/879 1137/1137/1137 1139/1139/1139
f 877/877/877 880/880/880 1140/1140/1140
f 877/877/877 1140/1140/1140 1137/1137/1137
f 880/880/880 897/897/897 1181/1181/1181
f 880/880/880 1181/1181/1181 1140/1140/1140
f 1180/1180/1180 1250/1250/1250 1378/1378/1378
f 1180/1180/1180 1378/1378/1378 1348/1348/1348
f 1250/1250/1250 1281/1281/1281 1381/1381/1381
f 1250/1250/1250 1381/1381/1381 1378/1378/1378
f 1281/1281/1281 1249/1249/1249 1377/1377/1377
f 1281/1281/1281 1377/1377/1377 1381/1381/1381
f 1249/1249/1249 1179/1179/1179 1347/1347/1347
f 1249/1249/1249 1347/1347/1347 1377/1377/1377
f 1179/1179/1179 1139/1139/1139 1331/1331/1331
f 1179/1179/1179 1331/1331/1331 1347/1347/1347
f 1139/1139/1139 1137/1137/1137 1329/1329/1329
f 1139/1139/1139 1329/1329/1329 1331/1331/1331
f 1137/1137/1137 1140/1140/1140 1332/1332/1332
f 1137/1137/1137 1332/1332/1332 1329/1329/1329
f 1140/1140/1140 1181/1181/1181 1349/1349/1349
f 1140/1140/1140 1349/1349/1349 1332/1332/1332
f 1348/1348/1348 1378/1378/1378 1478/1478/1478
f 1348/1348/1348 1478/1478/1478 1448/1448/1448
f 1378/1378/1378 1381/1381/1381 1481/1481/1481
f 1378/1378/1378 1481/1481/1481 1478/1478/1478
f 1381/1381/1381 1377/1377/1377 1477/1477/1477
f 1381/1381/1381 1477/1477/1477 1481/1481/1481
f 1377/1377/1377 1347/1347/1347 1447/1447/1447
f 1377/1377/1377 1447/1447/1447 1477/1477/1477
f 1347/1347/1347 1331/1331/1331 1431/1431/1431
f 1347/1347/1347 1431/1431/1431 1447/1447/1447
f 1331/1331/1331 1329/1329/1329 1429/1429/1429
f 1331/1331/1331 1429/1429/1429 1431/1431/1431
f 1329/1329/1329 1332/1332/1332 1432/1432/1432
f 1329/1329/1329 1432/1432/1432 1429/1429/1429
f 1332/1332/1332 1349/1349/1349 1449/1449/1449
f 1332/1332/1332 1449/1449/1449 1432/1432/1432
f 1448/1448/1448 1478/1478/1478 1578/1578/1578
f 1448/1448/1448 1578/1578/1578 1548/1548/1548
f 1478/1478/1478 1481/1481/1481 1581/1581/1581
f 1478/1478/1478 1581/1581/1581 1578/1578/1578
f 1481/1481/1481 1477/1477/1477 1577/1577/1577
f 1481/1481/1481 1577/1577/1577 1581/1581/1581
f 1477/1477/1477 1447/1447/1447 1547/1547/1547
f 1477/1477/1477 1547/1547/1547 1577/1577/1577
f 1447/1447/1447 1431/1431/1431 1531/1531/1531
f 1447/1447/1447 1531/1531/1531 1547/1547/1547
f 1431/1431/1431 1429/1429/1429 1529/1529/1529
f 1431/1431/1431 1529/1529/1529 1531/1531/1531
f 1429/1429/1429 1432/1432/1432 1532/1532/1532
f 1429/1429/1429 1532/1532/1532 1529/1529/1529
f 1432/1432/1432 1449/1449/1449 1549/1549/1549
f 1432/1432/1432 1549/1549/1549 1532/1532/1532
f 1548/1548/1548 1578/1578/1578 1678/1678/1678
f 1548/1548/1548 1678/1678/1678 1648/1648/1648
f 1578/1578/1578 1581/1581/1581 1681/1681/1681
f 1578/1578/1578 1681/1681/1681 1678/1678/1678
f 1581/1581/1581 1577/1577/1577 1677/1677/1677
f 1581/1581/1581 1677/1677/1677 1681/1681/1681
f 1577/1577/1577 1547/1547/1547 1647/1647/1647
f 1577/1577/1577 1647/1647/1647 1677/1677/1677
f 1547/1547/1547 1531/1531/1531 1631/1631/1631
f 1547/1547/1547 1631/1631/1631 1647/1647/1647
f 1531/1531/1531 1529/1529/1529 1629/1629/1629
f 1531/1531/1531 1629/1629/1629 1631/1631/1631
f 1529/1529/1529 1532/1532/1532 1632/1632/1632
f 1529/1529/1529 1632/1632/1632 1629/1629/1629
f 1532/1532/1532 1549/1549/1549 1649/1649/1649
f 1532/1532/1532 1649/1649/1649 1632/1632/1632
f 1648/1648/1648 1678/1678/1678 1938/1938/1938
f 1648/1648/1648 1938/1938/1938 1908/1908/1908
f 1678/1678/1678 1681/1681/1681 1941/1941/1941
f 1678/1678/1678 1941/1941/1941 1938/1938/1938
f 1681/1681/1681 1677/1677/1677 1937/1937/1937
f 1681/1681/1681 1937/1937/1937 1941/1941/1941
f 1677/1677/1677 1647/1647/1647 1907/1907/1907
f 1677/1677/1677 1907/1907/1907 1937/1937/1937
f 1647/1647/1647 1631/1631/1631 1867/1867/1867
f 1647/1647/1647 1867/1867/1867 1907/1907/1907
f 1631/1631/1631 1629/1629/1629 1865/1865/1865
f 1631/1631/1631 1865/1865/1865 1867/1867/1867
f 1629/1629/1629 1632/1632/1632 1868/1868/1868
f 1629/1629/1629 1868/1868/1868 1865/1865/1865
f 1632/1632/1632 1649/1649/1649 1909/1909/1909
f 1632/1632/1632 1909/1909/1909 1868/1868/1868
f 1908/1908/1908 1938/1938/1938 2130/2130/2130
f 1908/1908/1908 2130/2130/2130 2100/2100/2100
f 1938/1938/1938 1941/1941/1941 2133/2133/2133
f 1938/1938/1938 2133/2133/2133 2130/2130/2130
f 1941/1941/1941 1937/1937/1937 2129/2129/2129
f 1941/1941/1941 2129/2129/2129 2133/2133/2133
f 1937/1937/1937 1907/1907/1907 2099/2099/2099
f 1937/1937/1937 2099/2099/2099 2129/2129/2129
f 1907/1907/1907 1867/1867/1867 2083/2083/2083
f 1907/1907/1907 2083/2083/2083 2099/2099/2099
f 1867/1867/1867 1865/1865/1865 2081/2081/2081
f 1867/1867/1867 2081/2081/2081 2083/2083/2083
f 1865/1865/1865 1868/1868/1868 2084/2084/2084
f 1865/1865/1865 2084/2084/2084 2081/2081/2081
f 1868/1868/1868 1909/1909/1909 2101/2101/2101
f 1868/1868/1868 2101/2101/2101 2084/2084/2084
f 2100/2100/2100 2130/2130/2130 2230/2230/2230
f 2100/2100/2100 2230/2230/2230 2200/2200/2200
f 2130/2130/2130 2133/2133/2133 2233/2233/2233
f 2130/2130/2130 2233/2233/2233 2230/2230/2230
f 2133/2133/2133 2129/2129/2129 2229/2229/2229
f 2133/2133/2133 2229/2229/2229 2233/2233/2233
f 2129/2129/2129 2099/2099/2099 2199/2199/2199
f 2129/2129/2129 2199/2199/2199 2229/2229/2229
f 2099/2099/2099 2083/2083/2083 2183/2183/2183
f 2099/2099/2099 2183/2183/2183 2199/2199/2199
f 2083/2083/2083 2081/2081/2081 2181/2181/2181
f 2083/2083/2083 2181/2181/2181 2183/2183/2183
f 2081/2081/2081 2084/2084/2084 2184/2184/2184
f 2081/2081/2081 2184/2184/2184 2181/2181/2181
f 2084/2084/2084 2101/2101/2101 2201/2201/2201
f 2084/2084/2084 2201/2201/2201 2184/2184/2184
f 2200/2200/2200 2230/2230/2230 2330/2330/2330
f 2200/2200/2200 2330/2330/2330 2300/2300/2300
f 2230/2230/2230 2233/2233/2233 2333/2333/2333
f 2230/2230/2230 2333/2333/2333 2330/2330/2330
f 2233/2233/2233 2229/2229/2229 2329/2329/2329
f 2233/2233/2233 2329/2329/2329 2333/2333/2333
f 2229/2229/2229 2199/2199/2199 2299/2299/2299
f 2229/2229/2229 2299/2299/2299 2329/2329/2329
f 2199/2199/2199 2183/2183/2183 2283/2283/2283
f 2199/2199/2199 2283/2283/2283 2299/2299/2299
f 2183/2183/2183 2181/2181/2181 2281/2281/2281
f 2183/2183/2183 2281/2281/2281 2283/2283/2283
f 2181/2181/2181 2184/2184/2184 2284/2284/2284
f 2181/2181/2181 2284/2284/2284 2281/2281/2281
f 2184/2184/2184 2201/2201/2201 2301/2301/2301
f 2184/2184/2184 2301/2301/2301 2284/2284/2284
f 2300/2300/2300 2330/2330/2330 2430/2430/2430
f 2300/2300/2300 2430/2430/2430 2400/2400/2400
f 2330/2330/2330 2333/2333/2333 2433/2433/2433
f 2330/2330/2330 2433/2433/2433 2430/2430/2430
f 2333/2333/2333 2329/2329/2329 2429/2429/2429
f 2333/2333/2333 2429/2429/2429 2433/2433/2433
f 2329/2329/2329 2299/2299/2299 2399/2399/2399
f 2329/2329/2329 2399/2399/2399 2429/2429/2429
f 2299/2299/2299 2283/2283/2283 2383/2383/2383
f 2299/2299/2299 2383/2383/2383 2399/2399/2399
f 2283/2283/2283 2281/2281/2281 2381/2381/2381
f 2283/2283/2283 2381/2381/2381 2383/2383/2383
f 2281/2281/2281 2284/2284/2284 2384/2384/2384
f 2281/2281/2281 2384/2384/2384 2381/2381/2381
f 2284/2284/2284 2301/2301/2301 2401/2401/2401
f 2284/2284/2284 2401/2401/2401 2384/2384/2384
f 2400/2400/2400 2430/2430/2430 2592/2592/2592
f 2400/2400/2400 2592/2592/2592 2596/2596/2596
f 2430/2430/2430 2433/2433/2433 2589/2589/2589
f 2430/2430/2430 2589/2589/2589 2592/2592/2592
f 2433/2433/2433 2429/2429/2429 2591/2591/2591
f 2433/2433/2433 2591/2591/2591 2589/2589/2589
f 2429/2429/2429 2399/2399/2399 2595/2595/2595
f 2429/2429/2429 2595/2595/2595 2591/2591/2591
f 2399/2399/2399 2383/2383/2383 2601/2601/2601
f 2399/2399/2399 2601/2601/2601 2595/2595/2595
f 2383/2383/2383 2381/2381/2381 2605/2605/2605
f 2383/2383/2383 2605/2605/2605 2601/2601/2601
f 2381/2381/2381 2384/2384/2384 2602/2602/2602
f 2381/2381/2381 2602/2602/2602 2605/2605/2605
f 2384/2384/2384 2401/2401/2401 2597/2597/2597
f 2384/2384/2384 2597/2597/2597 2602/2602/2602
f 2596/2596/2596 2592/2592/2592 2836/2836/2836
f 2596/2596/2596 2836/2836/2836 2852/2852/2852
f 2592/2592/2592 2589/2589/2589 2833/2833/2833
f 2592/2592/2592 2833/2833/2833 2836/2836/2836
f 2589/2589/2589 2591/2591/2591 2835/2835/2835
f 2589/2589/2589 2835/2835/2835 2833/2833/2833
f 2591/2591/2591 2595/2595/2595 2851/2851/2851
f 2591/2591/2591 2851/2851/2851 2835/2835/2835
f 2595/2595/2595 2601/2601/2601 2881/2881/2881
f 2595/2595/2595 2881/2881/2881 2851/2851/2851
f 2601/2601/2601 2605/2605/2605 2885/2885/2885
f 2601/2601/2601 2885/2885/2885 2881/2881/2881
f 2605/2605/2605 2602/2602/2602 2882/2882/2882
f 2605/2605/2605 2882/2882/2882 2885/2885/2885
f 2602/2602/2602 2597/2597/2597 2853/2853/2853
f 2602/2602/2602 2853/2853/2853 2882/2882/2882
f 2852/2852/2852 2836/2836/2836 2936/2936/2936
f 2852/2852/2852 2936/2936/2936 2952/2952/2952
f 2836/2836/2836 2833/2833/2833 2933/2933/2933
f 2836/2836/2836 2933/2933/2933 2936/2936/2936
f 2833/2833/2833 2835/2835/2835 2935/2935/2935
f 2833/2833/2833 2935/2935/2935 2933/2933/2933
f 2835/2835/2835 2851/2851/2851 2951/2951/2951
f 2835/2835/2835 2951/2951/2951 2935/2935/2935
f 2851/2851/2851 2881/2881/2881 2981/2981/2981
f 2851/2851/2851 2981/2981/2981 2951/2951/2951
f 2881/2881/2881 2885/2885/2885 2985/2985/2985
f 2881/2881/2881 2985/2985/2985 2981/2981/2981
f 2885/2885/2885 2882/2882/2882 2982/2982/2982
f 2885/2885/2885 2982/2982/2982 2985/2985/2985
f 2882/2882/2882 2853/2853/2853 2953/2953/2953
f 2882/2882/2882 2953/2953/2953 2982/2982/2982
f 2952/2952/2952 2936/2936/2936 3036/3036/3036
f 2952/2952/2952 3036/3036/3036 3052/3052/3052
f 2936/2936/2936 2933/2933/2933 3033/3033/3033
f 2936/2936/2936 3033/3033/3033 3036/3036/3036
f 2933/2933/2933 2935/2935/2935 3035/3035/3035
f 2933/2933/2933 3035/3035/3035 3033/3033/3033
f 2935/2935/2935 2951/2951/2951 3051/3051/3051
f 2935/2935/2935 3051/3051/3051 3035/3035/3035
f 2951/2951/2951 2981/2981/2981 3081/3081/3081
f 2951/2951/2951 3081/3081/3081 3051/3051/3051
f 2981/2981/2981 2985/2985/2985 3085/3085/3085
f 2981/2981/2981 3085/3085/3085 3081/3081/3081
f 2985/2985/2985 2982/2982/2982 3082/3082/3082
f 2985/2985/2985 3082/3082/3082 3085/3085/3085
f 2982/2982/2982 2953/2953/2953 3053/3053/3053
f 2982/2982/2982 3053/3053/3053 3082/3082/3082
f 3052/3052/3052 3036/3036/3036 3136/3136/3136
f 3052/3052/3052 3136/3136/3136 3152/3152/3152
f 3036/3036/3036 3033/3033/3033 3133/3133/3133
f 3036/3036/3036 3133/3133/3133 3136/3136/3136
f 3033/3033/3033 3035/3035/3035 3135/3135/3135
f 3033/3033/3033 3135/3135/3135 3133/3133/3133
f 3035/3035/3035 3051/3051/3051 3151/3151/3151
f 3035/3035/3035 3151/3151/3151 3135/3135/3135
f 3051/3051/3051 3081/3081/3081 3181/3181/3181
f 3051/3051/3051 3181/3181/3181 3151/3151/3151
f 3081/3081/3081 3085/3085/3085 3185/3185/3185
f 3081/3081/3081 3185/3185/3185 3181/3181/3181
f 3085/3085/3085 3082/3082/3082 3182/3182/3182
f 3085/3085/3085 3182/3182/3182 3185/3185/3185
f 3082/3082/3082 3053/3053/3053 3153/3153/3153
f 3082/3082/3082 3153/3153/3153 3182/3182/3182
f 3152/3152/3152 3136/3136/3136 3320/3320/3320
f 3152/3152/3152 3320/3320/3320 3336/3336/3336
f 3136/3136/3136 3133/3133/3133 3317/3317/3317
f 3136/3136/3136 3317/3317/3317 3320/3320/3320
f 3133/3133/3133 3135/3135/3135 3319/3319/3319
f 3133/3133/3133 3319/3319/3319 3317/3317/3317
f 3135/3135/3135 3151/3151/3151 3335/3335/3335
f 3135/3135/3135 3335/3335/3335 3319/3319/3319
f 3151/3151/3151 3181/3181/3181 3389/3389/3389
f 3151/3151/3151 3389/3389/3389 3335/3335/3335
f 3181/3181/3181 3185/3185/3185 3393/3393/3393
f 3181/3181/3181 3393/3393/3393 3389/3389/3389
f 3185/3185/3185 3182/3182/3182 3390/3390/3390
f 3185/3185/3185 3390/3390/3390 3393/3393/3393
f 3182/3182/3182 3153/3153/3153 3337/3337/3337
f 3182/3182/3182 3337/3337/3337 3390/3390/3390
f 3336/3336/3336 3320/3320/3320 3588/3588/3588
f 3336/3336/3336 3588/3588/3588 3604/3604/3604
f 3320/3320/3320 3317/3317/3317 3585/3585/3585
f 3320/3320/3320 3585/3585/3585 3588/3588/3588
f 3317/3317/3317 3319/3319/3319 3587/3587/3587
f 3317/3317/3317 3587/3587/3587 3585/3585/3585
f 3319/3319/3319 3335/3335/3335 3603/3603/3603
f 3319/3319/3319 3603/3603/3603 3587/3587/3587
f 3335/3335/3335 3389/3389/3389 3633/3633/3633
f 3335/3335/3335 3633/3633/3633 3603/3603/3603
f 3389/3389/3389 3393/3393/3393 3637/3637/3637
f 3389/3389/3389 3637/3637/3637 3633/3633/3633
f 3393/3393/3393 3390/3390/3390 3634/3634/3634
f 3393/3393/3393 3634/3634/3634 3637/3637/3637
f 3390/3390/3390 3337/3337/3337 3605/3605/3605
f 3390/3390/3390 3605/3605/3605 3634/3634/3634
f 3604/3604/3604 3588/3588/3588 3688/3688/3688
f 3604/3604/3604 3688/3688/3688 3704/3704/3704
f 3588/3588/3588 3585/3585/3585 3685/3685/3685
f 3588/3588/3588 3685/3685/3685 3688/3688/3688
f 3585/3585/3585 3587/3587/3587 3687/3687/3687
f 3585/3585/3585 3687/3687/3687 3685/3685/3685
f 3587/3587/3587 3603/3603/3603 3703/3703/3703
f 3587/3587/3587 3703/3703/3703 3687/3687/3687
f 3603/3603/3603 3633/3633/3633 3733/3733/3733
f 3603/3603/3603 3733/3733/3733 3703/3703/3703
f 3633/3633/3633 3637/3637/3637 3737/3737/3737
f 3633/3633/3633 3737/3737/3737 3733/3733/3733
f 3637/3637/3637 3634/3634/3634 3734/3734/3734
f 3637/3637/3637 3734/3734/3734 3737/3737/3737
f 3634/3634/3634 3605/3605/3605 3705/3705/3705
f 3634/3634/3634 3705/3705/3705 3734/3734/3734
f 3704/3704/3704 3688/3688/3688 3788/3788/3788
f 3704/3704/3704 3788/3788/3788 3804/3804/3804
f 3688/3688/3688 3685/3685/3685 3785/3785/3785
f 3688/3688/3688 3785/3785/3785 3788/3788/3788
f 3685/3685/3685 3687/3687/3687 3787/3787/3787
f 3685/3685/3685 3787/3787/3787 3785/3785/3785
f 3687/3687/3687 3703/3703/3703 3803/3803/3803
f 3687/3687/3687 3803/3803/3803 3787/3787/3787
f 3703/3703/3703 3733/3733/3733 3833/3833/3833
f 3703/3703/3703 3833/3833/3833 3803/3803/3803
f 3733/3733/3733 3737/3737/3737 3837/3837/3837
f 3733/3733/3733 3837/3837/3837 3833/3833/3833
f 3737/3737/3737 3734/3734/3734 3834/3834/3834
f 3737/3737/3737 3834/3834/3834 3837/3837/3837
f 3734/3734/3734 3705/3705/3705 3805/3805/3805
f 3734/3734/3734 3805/3805/3805 3834/3834/3834
f 3804/3804/3804 3788/3788/3788 3888/3888/3888
f 3804/3804/3804 3888/3888/3888 3904/3904/3904
f 3788/3788/3788 3785/3785/3785 3885/3885/3885
f 3788/3788/3788 3885/3885/3885 3888/3888/3888
f 3785/3785/3785 3787/3787/3787 3887/3887/3887
f 3785/3785/3785 3887/3887/3887 3885/3885/3885
f 3787/3787/3787 3803/3803/3803 3903/3903/3903
f 3787/3787/3787 3903/3903/3903 3887/3887/3887
f 3803/3803/3803 3833/3833/3833 3933/3933/3933
f 3803/3803/3803 3933/3933/3933 3903/3903/3903
f 3833/3833/3833 3837/3837/3837 3937/3937/3937
f 3833/3833/3833 3937/3937/3937 3933/3933/3933
f 3837/3837/3837 3834/3834/3834 3934/3934/3934
f 3837/3837/3837 3934/3934/3934 3937/3937/3937
f 3834/3834/3834 3805/3805/3805 3905/3905/3905
f 3834/3834/3834 3905/3905/3905 3934/3934/3934
f 3904/3904/3904 3888/3888/3888 4008/4008/4008
f 3904/3904/3904 4008/4008/4008 4064/4064/4064
f 3888/3888/3888 3885/3885/3885 3985/3985/3985
f 3888/3888/3888 3985/3985/3985 4008/4008/4008
f 3885/3885/3885 3887/3887/3887 4007/4007/4007
f 3885/3885/3885 4007/4007/4007 3985/3985/3985
f 3887/3887/3887 3903/3903/3903 4063/4063/4063
f 3887/3887/3887 4063/4063/4063 4007/4007/4007
f 3903/3903/3903 3933/3933/3933 4117/4117/4117
f 3903/3903/3903 4117/4117/4117 4063/4063/4063
f 3933/3933/3933 3937/3937/3937 4121/4121/4121
f 3933/3933/3933 4121/4121/4121 4117/4117/4117
f 3937/3937/3937 3934/3934/3934 4118/4118/4118
f 3937/3937/3937 4118/4118/4118 4121/4121/4121
f 3934/3934/3934 3905/3905/3905 4065/4065/4065
f 3934/3934/3934 4065/4065/4065 4118/4118/4118
f 4064/4064/4064 4008/4008/4008 4340/4340/4340
f 4064/4064/4064 4340/4340/4340 4356/4356/4356
f 4008/4008/4008 3985/3985/3985 4337/4337/4337
f 4008/4008/4008 4337/4337/4337 4340/4340/4340
f 3985/3985/3985 4007/4007/4007 4339/4339/4339
f 3985/3985/3985 4339/4339/4339 4337/4337/4337
f 4007/4007/4007 4063/4063/4063 4355/4355/4355
f 4007/4007/4007 4355/4355/4355 4339/4339/4339
f 4063/4063/4063 4117/4117/4117 4385/4385/4385
f 4063/4063/4063 4385/4385/4385 4355/4355/4355
f 4117/4117/4117 4121/4121/4121 4389/4389/4389
f 4117/4117/4117 4389/4389/4389 4385/4385/4385
f 4121/4121/4121 4118/4118/4118 4386/4386/4386
f 4121/4121/4121 4386/4386/4386 4389/4389/4389
f 4118/4118/4118 4065/4065/4065 4357/4357/4357
f 4118/4118/4118 4357/4357/4357 4386/4386/4386
f 4356/4356/4356 4340/4340/4340 4440/4440/4440
f 4356/4356/4356 4440/4440/4440 4456/4456/4456
f 4340/4340/4340 4337/4337/4337 4437/4437/4437
f 4340/4340/4340 4437/4437/4437 4440/4440/4440
f 4337/4337/4337 4339/4339/4339 4439/4439/4439
f 4337/4337/4337 4439/4439/4439 4437/4437/4437
f 4339/4339/4339 4355/4355/4355 4455/4455/4455
f 4339/4339/4339 4455/4455/4455 4439/4439/4439
f 4355/4355/4355 4385/4385/4385 4485/4485/4485
f 4355/4355/4355 4485/4485/4485 4455/4455/4455
f 4385/4385/4385 4389/4389/4389 4495/4495/4495
f 4385/4385/4385 4495/4495/4495 4485/4485/4485
f 4389/4389/4389 4386/4386/4386 4486/4486/4486
f 4389/4389/4389 4486/4486/4486 4495/4495/4495
f 4386/4386/4386 4357/4357/4357 4457/4457/4457
f 4386/4386/4386 4457/4457/4457 4486/4486/4486
f 4456/4456/4456 4440/4440/4440 4540/4540/4540
f 4456/4456/4456 4540/4540/4540 4556/4556/4556
f 4440/4440/4440 4437/4437/4437 4537/4537/4537
f 4440/4440/4440 4537/4537/4537 4540/4540/4540
f 4437/4437/4437 4439/4439/4439 4539/4539/4539
f 4437/4437/4437 4539/4539/4539 4537/4537/4537
f 4439/4439/4439 4455/4455/4455 4555/4555/4555
f 4439/4439/4439 4555/4555/4555 4539/4539/4539
f 4455/4455/4455 4485/4485/4485 4585/4585/4585
f 4455/4455/4455 4585/4585/4585 4555/4555/4555
f 4485/4485/4485 4495/4495/4495 4597/4597/4597
f 4485/4485/4485 4597/4597/4597 4585/4585/4585
f 4495/4495/4495 4486/4486/4486 4586/4586/4586
f 4495/4495/4495 4586/4586/4586 4597/4597/4597
f 4486/4486/4486 4457/4457/4457 4557/4557/4557
f 4486/4486/4486 4557/4557/4557 4586/4586/4586
f 4556/4556/4556 4540/4540/4540 4640/4640/4640
f 4556/4556/4556 4640/4640/4640 4656/4656/4656
f 4540/4540/4540 4537/4537/4537 4637/4637/4637
f 4540/4540/4540 4637/4637/4637 4640/4640/4640
f 4537/4537/4537 4539/4539/4539 4639/4639/4639
f 4537/4537/4537 4639/4639/4639 4637/4637/4637
f 4539/4539/4539 4555/4555/4555 4655/4655/4655
f 4539/4539/4539 4655/4655/4655 4639/4639/4639
f 4555/4555/4555 4585/4585/4585 4691/4691/4691
f 4555/4555/4555 4691/4691/4691 4655/4655/4655
f 4585/4585/4585 4597/4597/4597 4697/4697/4697
f 4585/4585/4585 4697/4697/4697 4691/4691/4691
f 4597/4597/4597 4586/4586/4586 4692/4692/4692
f 4597/4597/4597 4692/4692/4692 4697/4697/4697
f 4586/4586/4586 4557/4557/4557 4657/4657/4657
f 4586/4586/4586 4657/4657/4657 4692/4692/4692
f 4656/4656/4656 4640/4640/4640 4740/4740/4740
f 4656/4656/4656 4740/4740/4740 4756/4756/4756
f 4640/4640/4640 4637/4637/4637 4737/4737/4737
f 4640/4640/4640 4737/4737/4737 4740/4740/4740
f 4637/4637/4637 4639/4639/4639 4739/4739/4739
f 4637/4637/4637 4739/4739/4739 4737/4737/4737
f 4639/4639/4639 4655/4655/4655 4755/4755/4755
f 4639/4639/4639 4755/4755/4755 4739/4739/4739
f 4655/4655/4655 4691/4691/4691 4853/4853/4853
f 4655/4655/4655 4853/4853/4853 4755/4755/4755
f 4691/4691/4691 4697/4697/4697 4865/4865/4865
f 4691/4691/4691 4865/4865/4865 4853/4853/4853
f 4697/4697/4697 4692/4692/4692 4854/4854/4854
f 4697/4697/4697 4854/4854/4854 4865/4865/4865
f 4692/4692/4692 4657/4657/4657 4757/4757/4757
f 4692/4692/4692 4757/4757/4757 4854/4854/4854
f 4756/4756/4756 4740/4740/4740 5098/5098/5098
f 4756/4756/4756 5098/5098/5098 5147/5147/5147
f 4740/4740/4740 4737/4737/4737 5089/5089/5089
f 4740/4740/4740 5089/5089/5089 5098/5098/5098
f 4737/4737/4737 4739/4739/4739 5095/5095/5095
f 4737/4737/4737 5095/5095/5095 5089/5089/5089
f 4739/4739/4739 4755/4755/4755 5143/5143/5143
f 4739/4739/4739 5143/5143/5143 5095/5095/5095
f 4755/4755/4755 4853/4853/4853 5235/5235/5235
f 4755/4755/4755 5235/5235/5235 5143/5143/5143
f 4853/4853/4853 4865/4865/4865 5247/5247/5247
f 4853/4853/4853 5247/5247/5247 5235/5235/5235
f 4865/4865/4865 4854/4854/4854 5238/5238/5238
f 4865/4865/4865 5238/5238/5238 5247/5247/5247
f 4854/4854/4854 4757/4757/4757 5148/5148/5148
f 4854/4854/4854 5148/5148/5148 5238/5238/5238
f 80/80/80 165/165/165 81/81/81
f 80/80/80 174/174/174 164/164/164
f 80/80/80 162/162/162 173/173/173
f 80/80/80 78/78/78 161/161/161
f 80/80/80 23/23/23 77/77/77
f 80/80/80 17/17/17 22/22/22
f 80/80/80 26/26/26 16/16/16
f 80/80/80 82/82/82 25/25/25
f 5146/5146/5146 5149/5149/5149 5100/5100/5100
f 5146/5146/5146 5099/5099/5099 5091/5091/5091
f 5146/5146/5146 5090/5090/5090 5097/5097/5097
f 5146/5146/5146 5096/5096/5096 5145/5145/5145
f 5146/5146/5146 5144/5144/5144 5237/5237/5237
f 5146/5146/5146 5236/5236/5236 5249/5249/5249
f 5146/5146/5146 5248/5248/5248 5240/5240/5240
f 5146/5146/5146 5239/5239/5239 5150/5150/5150
f 306/306/306 470/470/470 457/457/457
f 306/306/306 457/457/457 416/416/416
f 306/306/306 416/416/416 384/384/384
f 306/306/306 384/384/384 345/345/345
f 306/306/306 345/345/345 307/307/307
f 306/306/306 307/307/307 284/284/284
f 306/306/306 284/284/284 254/254/254
f 306/306/306 254/254/254 230/230/230
f 306/306/306 230/230/230 206/206/206
f 306/306/306 206/206/206 194/194/194
f 306/306/306 194/194/194 204/204/204
f 306/306/306 204/204/204 228/228/228
f 306/306/306 228/228/228 252/252/252
f 306/306/306 252/252/252 282/282/282
f 306/306/306 282/282/282 304/304/304
f 306/306/306 304/304/304 343/343/343
f 306/306/306 343/343/343 382/382/382
f 306/306/306 382/382/382 414/414/414
f 306/306/306 414/414/414 455/455/455
f 306/306/306 455/455/455 470/470/470
f 471/471/471 482/482/482 458/458/458
f 471/471/471 489/489/489 482/482/482
f 458/458/458 434/434/434 417/417/417
f 458/458/458 482/482/482 434/434/434
f 417/417/417 399/399/399 385/385/385
f 417/417/417 434/434/434 399/399/399
f 385/385/385 358/358/358 346/346/346
f 385/385/385 399/399/399 358/358/358
f 346/346/346 312/312/312 308/308/308
f 346/346/346 358/358/358 312/312/312
f 308/308/308 272/272/272 283/283/283
f 308/308/308 312/312/312 272/272/272
f 283/283/283 242/242/242 253/253/253
f 283/283/283 272/272/272 242/242/242
f 253/253/253 218/218/218 229/229/229
f 253/253/253 242/242/242 218/218/218
f 229/229/229 186/186/186 205/205/205
f 229/229/229 218/218/218 186/186/186
f 205/205/205 180/180/180 193/193/193
f 205/205/205 186/186/186 180/180/180
f 193/193/193 185/185/185 203/203/203
f 193/193/193 180/180/180 185/185/185
f 203/203/203 217/217/217 227/227/227
f 203/203/203 185/185/185 217/217/217
f 227/227/227 241/241/241 251/251/251
f 227/227/227 217/217/217 241/241/241
f 251/251/251 271/271/271 281/281/281
f 251/251/251 241/241/241 271/271/271
f 281/281/281 311/311/311 305/305/305
f 281/281/281 271/271/271 311/311/311
f 305/305/305 357/357/357 344/344/344
f 305/305/305 311/311/311 357/357/357
f 344/344/344 398/398/398 383/383/383
f 344/344/344 357/357/357 398/398/398
f 383/383/383 433/433/433 415/415/415
f 383/383/383 398/398/398 433/433/433
f 415/415/415 481/481/481 456/456/456
f 415/415/415 433/433/433 481/481/481
f 456/456/456 490/490/490 472/472/472
f 456/456/456 481/481/481 490/490/490
f 489/489/489 486/486/486 482/482/482
f 489/489/489 493/493/493 486/486/486
f 482/482/482 438/438/438 434/434/434
f 482/482/482 486/486/486 438/438/438
f 434/434/434 403/403/403 399/399/399
f 434/434/434 438/438/438 403/403/403
f 399/399/399 362/362/362 358/358/358
f 399/399/399 403/403/403 362/362/362
f 358/358/358 316/316/316 312/312/312
f 358/358/358 362/362/362 316/316/316
f 312/312/312 276/276/276 272/272/272
f 312/312/312 316/316/316 276/276/276
f 272/272/272 246/246/246 242/242/242
f 272/272/272 276/276/276 246/246/246
f 242/242/242 222/222/222 218/218/218
f 242/242/242 246/246/246 222/222/222
f 218/218/218 190/190/190 186/186/186
f 218/218/218 222/222/222 190/190/190
f 186/186/186 182/182/182 180/180/180
f 186/186/186 190/190/190 182/182/182
f 180/180/180 189/189/189 185/185/185
f 180/180/180 182/182/182 189/189/189
f 185/185/185 221/221/221 217/217/217
f 185/185/185 189/189/189 221/221/221
f 217/217/217 245/245/245 241/241/241
f 217/217/217 221/221/221 245/245/245
f 241/241/241 275/275/275 271/271/271
f 241/241/241 245/245/245 275/275/275
f 271/271/271 315/315/315 311/311/311
f 271/271/271 275/275/275 315/315/315
f 311/311/311 361/361/361 357/357/357
f 311/311/311 315/315/315 361/361/361
f 357/357/357 402/402/402 398/398/398
f 357/357/357 361/361/361 402/402/402
f 398/398/398 437/437/437 433/433/433
f 398/398/398 402/402/402 437/437/437
f 433/433/433 485/485/485 481/481/481
f 433/433/433 437/437/437 485/485/485
f 481/481/481 494/494/494 490/490/490
f 481/481/481 485/485/485 494/494/494
f 493/493/493 466/466/466 486/486/486
f 493/493/493 477/477/477 466/466/466
f 486/486/486 425/425/425 438/438/438
f 486/486/486 466/466/466 425/425/425
f 438/438/438 393/393/393 403/403/403
f 438/438/438 425/425/425 393/393/393
f 403/403/403 354/354/354 362/362/362
f 403/403/403 393/393/393 354/354/354
f 362/362/362 325/325/325 316/316/316
f 362/362/362 354/354/354 325/325/325
f 316/316/316 291/291/291 276/276/276
f 316/316/316 325/325/325 291/291/291
f 276/276/276 261/261/261 246/246/246
f 276/276/276 291/291/291 261/261/261
f 246/246/246 237/237/237 222/222/222
f 246/246/246 261/261/261 237/237/237
f 222/222/222 213/213/213 190/190/190
f 222/222/222 237/237/237 213/213/213
f 190/190/190 197/197/197 182/182/182
f 190/190/190 213/213/213 197/197/197
f 182/182/182 211/211/211 189/189/189
f 182/182/182 197/197/197 211/211/211
f 189/189/189 235/235/235 221/221/221
f 189/189/189 211/211/211 235/235/235
f 221/221/221 259/259/259 245/245/245
f 221/221/221 235/235/235 259/259/259
f 245/245/245 289/289/289 275/275/275
f 245/245/245 259/259/259 289/289/289
f 275/275/275 322/322/322 315/315/315
f 275/275/275 289/289/289 322/322/322
f 315/315/315 352/352/352 361/361/361
f 315/315/315 322/322/322 352/352/352
f 361/361/361 391/391/391 402/402/402
f 361/361/361 352/352/352 391/391/391
f 402/402/402 423/423/423 437/437/437
f 402/402/402 391/391/391 423/423/423
f 437/437/437 464/464/464 485/485/485
f 437/437/437 423/423/423 464/464/464
f 485/485/485 478/478/478 494/494/494
f 485/485/485 464/464/464 478/478/478
f 476/476/476 324/324/324 465/465/465
f 465/465/465 324/324/324 424/424/424
f 424/424/424 324/324/324 392/392/392
f 392/392/392 324/324/324 353/353/353
f 353/353/353 324/324/324 326/326/326
f 326/326/326 324/324/324 292/292/292
f 292/292/292 324/324/324 262/262/262
f 262/262/262 324/324/324 238/238/238
f 238/238/238 324/324/324 214/214/214
f 214/214/214 324/324/324 198/198/198
f 198/198/198 324/324/324 212/212/212
f 212/212/212 324/324/324 236/236/236
f 236/236/236 324/324/324 260/260/260
f 260/260/260 324/324/324 290/290/290
f 290/290/290 324/324/324 323/323/323
f 323/323/323 324/324/324 351/351/351
f 351/351/351 324/324/324 390/390/390
f 390/390/390 324/324/324 422/422/422
f 422/422/422 324/324/324 463/463/463
f 463/463/463 324/324/324 476/476/476
f 1085/1085/1085 1256/1256/1256 1239/1239/1239
f 1085/1085/1085 1239/1239/1239 1203/1203/1203
f 1085/1085/1085 1203/1203/1203 1153/1153/1153
f 1085/1085/1085 1153/1153/1153 1119/1119/1119
f 1085/1085/1085 1119/1119/1119 1086/1086/1086
f 1085/1085/1085 1086/1086/1086 1054/1054/1054
f 1085/1085/1085 1054/1054/1054 1014/1014/1014
f 1085/1085/1085 1014/1014/1014 982/982/982
f 1085/1085/1085 982/982/982 958/958/958
f 1085/1085/1085 958/958/958 946/946/946
f 1085/1085/1085 946/946/946 956/956/956
f 1085/1085/1085 956/956/956 980/980/980
f 1085/1085/1085 980/980/980 1012/1012/1012
f 1085/1085/1085 1012/1012/1012 1052/1052/1052
f 1085/1085/1085 1052/1052/1052 1083/1083/1083
f 1085/1085/1085 1083/1083/1083 1117/1117/1117
f 1085/1085/1085 1117/1117/1117 1151/1151/1151
f 1085/1085/1085 1151/1151/1151 1201/1201/1201
f 1085/1085/1085 1201/1201/1201 1237/1237/1237
f 1085/1085/1085 1237/1237/1237 1256/1256/1256
f 1257/1257/1257 1268/1268/1268 1240/1240/1240
f 1257/1257/1257 1275/1275/1275 1268/1268/1268
f 1240/1240/1240 1224/1224/1224 1204/1204/1204
f 1240/1240/1240 1268/1268/1268 1224/1224/1224
f 1204/1204/1204 1174/1174/1174 1154/1154/1154
f 1204/1204/1204 1224/1224/1224 1174/1174/1174
f 1154/1154/1154 1132/1132/1132 1120/1120/1120
f 1154/1154/1154 1174/1174/1174 1132/1132/1132
f 1120/1120/1120 1091/1091/1091 1087/1087/1087
f 1120/1120/1120 1132/1132/1132 1091/1091/1091
f 1087/1087/1087 1042/1042/1042 1053/1053/1053
f 1087/1087/1087 1091/1091/1091 1042/1042/1042
f 1053/1053/1053 1002/1002/1002 1013/1013/1013
f 1053/1053/1053 1042/1042/1042 1002/1002/1002
f 1013/1013/1013 970/970/970 981/981/981
f 1013/1013/1013 1002/1002/1002 970/970/970
f 981/981/981 938/938/938 957/957/957
f 981/981/981 970/970/970 938/938/938
f 957/957/957 932/932/932 945/945/945
f 957/957/957 938/938/938 932/932/932
f 945/945/945 937/937/937 955/955/955
f 945/945/945 932/932/932 937/937/937
f 955/955/955 969/969/969 979/979/979
f 955/955/955 937/937/937 969/969/969
f 979/979/979 1001/1001/1001 1011/1011/1011
f 979/979/979 969/969/969 1001/1001/1001
f 1011/1011/1011 1041/1041/1041 1051/1051/1051
f 1011/1011/1011 1001/1001/1001 1041/1041/1041
f 1051/1051/1051 1090/1090/1090 1084/1084/1084
f 1051/1051/1051 1041/1041/1041 1090/1090/1090
f 1084/1084/1084 1131/1131/1131 1118/1118/1118
f 1084/1084/1084 1090/1090/1090 1131/1131/1131
f 1118/1118/1118 1173/1173/1173 1152/1152/1152
f 1118/1118/1118 1131/1131/1131 1173/1173/1173
f 1152/1152/1152 1223/1223/1223 1202/1202/1202
f 1152/1152/1152 1173/1173/1173 1223/1223/1223
f 1202/1202/1202 1267/1267/1267 1238/1238/1238
f 1202/1202/1202 1223/1223/1223 1267/1267/1267
f 1238/1238/1238 1276/1276/1276 1258/1258/1258
f 1238/1238/1238 1267/1267/1267 1276/1276/1276
f 1275/1275/1275 1272/1272/1272 1268/1268/1268
f 1275/1275/1275 1279/1279/1279 1272/1272/1272
f 1268/1268/1268 1228/1228/1228 1224/1224/1224
f 1268/1268/1268 1272/1272/1272 1228/1228/1228
f 1224/1224/1224 1178/1178/1178 1174/1174/1174
f 1224/1224/1224 1228/1228/1228 1178/1178/1178
f 1174/1174/1174 1136/1136/1136 1132/1132/1132
f 1174/1174/1174 1178/1178/1178 1136/1136/1136
f 1132/1132/1132 1095/1095/1095 1091/1091/1091
f 1132/1132/1132 1136/1136/1136 1095/1095/1095
f 1091/1091/1091 1046/1046/1046 1042/1042/1042
f 1091/1091/1091 1095/1095/1095 1046/1046/1046
f 1042/1042/1042 1006/1006/1006 1002/1002/1002
f 1042/1042/1042 1046/1046/1046 1006/1006/1006
f 1002/1002/1002 974/974/974 970/970/970
f 1002/1002/1002 1006/1006/1006 974/974/974
f 970/970/970 942/942/942 938/938/938
f 970/970/970 974/974/974 942/942/942
f 938/938/938 934/934/934 932/932/932
f 938/938/938 942/942/942 934/934/934
f 932/932/932 941/941/941 937/937/937
f 932/932/932 934/934/934 941/941/941
f 937/937/937 973/973/973 969/969/969
f 937/937/937 941/941/941 973/973/973
f 969/969/969 1005/1005/1005 1001/1001/1001
f 969/969/969 973/973/973 1005/1005/1005
f 1001/1001/1001 1045/1045/1045 1041/1041/1041
f 1001/1001/1001 1005/1005/1005 1045/1045/1045
f 1041/1041/1041 1094/1094/1094 1090/1090/1090
f 1041/1041/1041 1045/1045/1045 1094/1094/1094
f 1090/1090/1090 1135/1135/1135 1131/1131/1131
f 1090/1090/1090 1094/1094/1094 1135/1135/1135
f 1131/1131/1131 1177/1177/1177 1173/1173/1173
f 1131/1131/1131 1135/1135/1135 1177/1177/1177
f 1173/1173/1173 1227/1227/1227 1223/1223/1223
f 1173/1173/1173 1177/1177/1177 1227/1227/1227
f 1223/1223/1223 1271/1271/1271 1267/1267/1267
f 1223/1223/1223 1227/1227/1227 1271/1271/1271
f 1267/1267/1267 1280/1280/1280 1276/1276/1276
f 1267/1267/1267 1271/1271/1271 1280/1280/1280
f 1279/1279/1279 1248/1248/1248 1272/1272/1272
f 1279/1279/1279 1263/1263/1263 1248/1248/1248
f 1272/1272/1272 1212/1212/1212 1228/1228/1228
f 1272/1272/1272 1248/1248/1248 1212/1212/1212
f 1228/1228/1228 1162/1162/1162 1178/1178/1178
f 1228/1228/1228 1212/1212/1212 1162/1162/1162
f 1178/1178/1178 1128/1128/1128 1136/1136/1136
f 1178/1178/1178 1162/1162/1162 1128/1128/1128
f 1136/1136/1136 1104/1104/1104 1095/1095/1095
f 1136/1136/1136 1128/1128/1128 1104/1104/1104
f 1095/1095/1095 1061/1061/1061 1046/1046/1046
f 1095/1095/1095 1104/1104/1104 1061/1061/1061
f 1046/1046/1046 1021/1021/1021 1006/1006/1006
f 1046/1046/1046 1061/1061/1061 1021/1021/1021
f 1006/1006/1006 989/989/989 974/974/974
f 1006/1006/1006 1021/1021/1021 989/989/989
f 974/974/974 965/965/965 942/942/942
f 974/974/974 989/989/989 965/965/965
f 942/942/942 949/949/949 934/934/934
f 942/942/942 965/965/965 949/949/949
f 934/934/934 963/963/963 941/941/941
f 934/934/934 949/949/949 963/963/963
f 941/941/941 987/987/987 973/973/973
f 941/941/941 963/963/963 987/987/987
f 973/973/973 1019/1019/1019 1005/1005/1005
f 973/973/973 987/987/987 1019/1019/1019
f 1005/1005/1005 1059/1059/1059 1045/1045/1045
f 1005/1005/1005 1019/1019/1019 1059/1059/1059
f 1045/1045/1045 1101/1101/1101 1094/1094/1094
f 1045/1045/1045 1059/1059/1059 1101/1101/1101
f 1094/1094/1094 1126/1126/1126 1135/1135/1135
f 1094/1094/1094 1101/1101/1101 1126/1126/1126
f 1135/1135/1135 1160/1160/1160 1177/1177/1177
f 1135/1135/1135 1126/1126/1126 1160/1160/1160
f 1177/1177/1177 1210/1210/1210 1227/1227/1227
f 1177/1177/1177 1160/1160/1160 1210/1210/1210
f 1227/1227/1227 1246/1246/1246 1271/1271/1271
f 1227/1227/1227 1210/1210/1210 1246/1246/1246
f 1271/1271/1271 1264/1264/1264 1280/1280/1280
f 1271/1271/1271 1246/1246/1246 1264/1264/1264
f 1262/1262/1262 1103/1103/1103 1247/1247/1247
f 1247/1247/1247 1103/1103/1103 1211/1211/1211
f 1211/1211/1211 1103/1103/1103 1161/1161/1161
f 1161/1161/1161 1103/1103/1103 1127/1127/1127
f 1127/1127/1127 1103/1103/1103 1105/1105/1105
f 1105/1105/1105 1103/1103/1103 1062/1062/1062
f 1062/1062/1062 1103/1103/1103 1022/1022/1022
f 1022/1022/1022 1103/1103/1103 990/990/990
f 990/990/990 1103/1103/1103 966/966/966
f 966/966/966 1103/1103/1103 950/950/950
f 950/950/950 1103/1103/1103 964/964/964
f 964/964/964 1103/1103/1103 988/988/988
f 988/988/988 1103/1103/1103 1020/1020/1020
f 1020/1020/1020 1103/1103/1103 1060/1060/1060
f 1060/1060/1060 1103/1103/1103 1102/1102/1102
f 1102/1102/1102 1103/1103/1103 1125/1125/1125
f 1125/1125/1125 1103/1103/1103 1159/1159/1159
f 1159/1159/1159 1103/1103/1103 1209/1209/1209
f 1209/1209/1209 1103/1103/1103 1245/1245/1245
f 1245/1245/1245 1103/1103/1103 1262/1262/1262
f 1844/1844/1844 2010/2010/2010 1997/1997/1997
f 1844/1844/1844 1997/1997/1997 1973/1973/1973
f 1844/1844/1844 1973/1973/1973 1949/1949/1949
f 1844/1844/1844 1949/1949/1949 1881/1881/1881
f 1844/1844/1844 1881/1881/1881 1845/1845/1845
f 1844/1844/1844 1845/1845/1845 1828/1828/1828
f 1844/1844/1844 1828/1828/1828 1795/1795/1795
f 1844/1844/1844 1795/1795/1795 1758/1758/1758
f 1844/1844/1844 1758/1758/1758 1726/1726/1726
f 1844/1844/1844 1726/1726/1726 1714/1714/1714
f 1844/1844/1844 1714/1714/1714 1724/1724/1724
f 1844/1844/1844 1724/1724/1724 1756/1756/1756
f 1844/1844/1844 1756/1756/1756 1793/1793/1793
f 1844/1844/1844 1793/1793/1793 1826/1826/1826
f 1844/1844/1844 1826/1826/1826 1842/1842/1842
f 1844/1844/1844 1842/1842/1842 1879/1879/1879
f 1844/1844/1844 1879/1879/1879 1947/1947/1947
f 1844/1844/1844 1947/1947/1947 1971/1971/1971
f 1844/1844/1844 1971/1971/1971 1995/1995/1995
f 1844/1844/1844 1995/1995/1995 2010/2010/2010
f 2011/2011/2011 2022/2022/2022 1998/1998/1998
f 2011/2011/2011 2029/2029/2029 2022/2022/2022
f 1998/1998/1998 1986/1986/1986 1974/1974/1974
f 1998/1998/1998 2022/2022/2022 1986/1986/1986
f 1974/1974/1974 1962/1962/1962 1950/1950/1950
f 1974/1974/1974 1986/1986/1986 1962/1962/1962
f 1950/1950/1950 1902/1902/1902 1882/1882/1882
f 1950/1950/1950 1962/1962/1962 1902/1902/1902
f 1882/1882/1882 1850/1850/1850 1846/1846/1846
f 1882/1882/1882 1902/1902/1902 1850/1850/1850
f 1846/1846/1846 1816/1816/1816 1827/1827/1827
f 1846/1846/1846 1850/1850/1850 1816/1816/1816
f 1827/1827/1827 1778/1778/1778 1794/1794/1794
f 1827/1827/1827 1816/1816/1816 1778/1778/1778
f 1794/1794/1794 1742/1742/1742 1757/1757/1757
f 1794/1794/1794 1778/1778/1778 1742/1742/1742
f 1757/1757/1757 1700/1700/1700 1725/1725/1725
f 1757/1757/1757 1742/1742/1742 1700/1700/1700
f 1725/1725/1725 1692/1692/1692 1713/1713/1713
f 1725/1725/1725 1700/1700/1700 1692/1692/1692
f 1713/1713/1713 1699/1699/1699 1723/1723/1723
f 1713/1713/1713 1692/1692/1692 1699/1699/1699
f 1723/1723/1723 1741/1741/1741 1755/1755/1755
f 1723/1723/1723 1699/1699/1699 1741/1741/1741
f 1755/1755/1755 1777/1777/1777 1792/1792/1792
f 1755/1755/1755 1741/1741/1741 1777/1777/1777
f 1792/1792/1792 1815/1815/1815 1825/1825/1825
f 1792/1792/1792 1777/1777/1777 1815/1815/1815
f 1825/1825/1825 1849/1849/1849 1843/1843/1843
f 1825/1825/1825 1815/1815/1815 1849/1849/1849
f 1843/1843/1843 1901/1901/1901 1880/1880/1880
f 1843/1843/1843 1849/1849/1849 1901/1901/1901
f 1880/1880/1880 1961/1961/1961 1948/1948/1948
f 1880/1880/1880 1901/1901/1901 1961/1961/1961
f 1948/1948/1948 1985/1985/1985 1972/1972/1972
f 1948/1948/1948 1961/1961/1961 1985/1985/1985
f 1972/1972/1972 2021/2021/2021 1996/1996/1996
f 1972/1972/1972 1985/1985/1985 2021/2021/2021
f 1996/1996/1996 2030/2030/2030 2012/2012/2012
f 1996/1996/1996 2021/2021/2021 2030/2030/2030
f 2029/2029/2029 2026/2026/2026 2022/2022/2022
f 2029/2029/2029 2033/2033/2033 2026/2026/2026
f 2022/2022/2022 1990/1990/1990 1986/1986/1986
f 2022/2022/2022 2026/2026/2026 1990/1990/1990
f 1986/1986/1986 1966/1966/1966 1962/1962/1962
f 1986/1986/1986 1990/1990/1990 1966/1966/1966
f 1962/1962/1962 1906/1906/1906 1902/1902/1902
f 1962/1962/1962 1966/1966/1966 1906/1906/1906
f 1902/1902/1902 1854/1854/1854 1850/1850/1850
f 1902/1902/1902 1906/1906/1906 1854/1854/1854
f 1850/1850/1850 1820/1820/1820 1816/1816/1816
f 1850/1850/1850 1854/1854/1854 1820/1820/1820
f 1816/1816/1816 1782/1782/1782 1778/1778/1778
f 1816/1816/1816 1820/1820/1820 1782/1782/1782
f 1778/1778/1778 1746/1746/1746 1742/1742/1742
f 1778/1778/1778 1782/1782/1782 1746/1746/1746
f 1742/1742/1742 1704/1704/1704 1700/1700/1700
f 1742/1742/1742 1746/1746/1746 1704/1704/1704
f 1700/1700/1700 1694/1694/1694 1692/1692/1692
f 1700/1700/1700 1704/1704/1704 1694/1694/1694
f 1692/1692/1692 1703/1703/1703 1699/1699/1699
f 1692/1692/1692 1694/1694/1694 1703/1703/1703
f 1699/1699/1699 1745/1745/1745 1741/1741/1741
f 1699/1699/1699 1703/1703/1703 1745/1745/1745
f 1741/1741/1741 1781/1781/1781 1777/1777/1777
f 1741/1741/1741 1745/1745/1745 1781/1781/1781
f 1777/1777/1777 1819/1819/1819 1815/1815/1815
f 1777/1777/1777 1781/1781/1781 1819/1819/1819
f 1815/1815/1815 1853/1853/1853 1849/1849/1849
f 1815/1815/1815 1819/1819/1819 1853/1853/1853
f 1849/1849/1849 1905/1905/1905 1901/1901/1901
f 1849/1849/1849 1853/1853/1853 1905/1905/1905
f 1901/1901/1901 1965/1965/1965 1961/1961/1961
f 1901/1901/1901 1905/1905/1905 1965/1965/1965
f 1961/1961/1961 1989/1989/1989 1985/1985/1985
f 1961/1961/1961 1965/1965/1965 1989/1989/1989
f 1985/1985/1985 2025/2025/2025 2021/2021/2021
f 1985/1985/1985 1989/1989/1989 2025/2025/2025
f 2021/2021/2021 2034/2034/2034 2030/2030/2030
f 2021/2021/2021 2025/2025/2025 2034/2034/2034
f 2033/2033/2033 2006/2006/2006 2026/2026/2026
f 2033/2033/2033 2017/2017/2017 2006/2006/2006
f 2026/2026/2026 1982/1982/1982 1990/1990/1990
f 2026/2026/2026 2006/2006/2006 1982/1982/1982
f 1990/1990/1990 1958/1958/1958 1966/1966/1966
f 1990/1990/1990 1982/1982/1982 1958/1958/1958
f 1966/1966/1966 1890/1890/1890 1906/1906/1906
f 1966/1966/1966 1958/1958/1958 1890/1890/1890
f 1906/1906/1906 1863/1863/1863 1854/1854/1854
f 1906/1906/1906 1890/1890/1890 1863/1863/1863
f 1854/1854/1854 1835/1835/1835 1820/1820/1820
f 1854/1854/1854 1863/1863/1863 1835/1835/1835
f 1820/1820/1820 1802/1802/1802 1782/1782/1782
f 1820/1820/1820 1835/1835/1835 1802/1802/1802
f 1782/1782/1782 1765/1765/1765 1746/1746/1746
f 1782/1782/1782 1802/1802/1802 1765/1765/1765
f 1746/1746/1746 1733/1733/1733 1704/1704/1704
f 1746/1746/1746 1765/1765/1765 1733/1733/1733
f 1704/1704/1704 1717/1717/1717 1694/1694/1694
f 1704/1704/1704 1733/1733/1733 1717/1717/1717
f 1694/1694/1694 1731/1731/1731 1703/1703/1703
f 1694/1694/1694 1717/1717/1717 1731/1731/1731
f 1703/1703/1703 1763/1763/1763 1745/1745/1745
f 1703/1703/1703 1731/1731/1731 1763/1763/1763
f 1745/1745/1745 1800/1800/1800 1781/1781/1781
f 1745/1745/1745 1763/1763/1763 1800/1800/1800
f 1781/1781/1781 1833/1833/1833 1819/1819/1819
f 1781/1781/1781 1800/1800/1800 1833/1833/1833
f 1819/1819/1819 1860/1860/1860 1853/1853/1853
f 1819/1819/1819 1833/1833/1833 1860/1860/1860
f 1853/1853/1853 1888/1888/1888 1905/1905/1905
f 1853/1853/1853 1860/1860/1860 1888/1888/1888
f 1905/1905/1905 1956/1956/1956 1965/1965/1965
f 1905/1905/1905 1888/1888/1888 1956/1956/1956
f 1965/1965/1965 1980/1980/1980 1989/1989/1989
f 1965/1965/1965 1956/1956/1956 1980/1980/1980
f 1989/1989/1989 2004/2004/2004 2025/2025/2025
f 1989/1989/1989 1980/1980/1980 2004/2004/2004
f 2025/2025/2025 2018/2018/2018 2034/2034/2034
f 2025/2025/2025 2004/2004/2004 2018/2018/2018
f 2016/2016/2016 1862/1862/1862 2005/2005/2005
f 2005/2005/2005 1862/1862/1862 1981/1981/1981
f 1981/1981/1981 1862/1862/1862 1957/1957/1957
f 1957/1957/1957 1862/1862/1862 1889/1889/1889
f 1889/1889/1889 1862/1862/1862 1864/1864/1864
f 1864/1864/1864 1862/1862/1862 1836/1836/1836
f 1836/1836/1836 1862/1862/1862 1803/1803/1803
f 1803/1803/1803 1862/1862/1862 1766/1766/1766
f 1766/1766/1766 1862/1862/1862 1734/1734/1734
f 1734/1734/1734 1862/1862/1862 1718/1718/1718
f 1718/1718/1718 1862/1862/1862 1732/1732/1732
f 1732/1732/1732 1862/1862/1862 1764/1764/1764
f 1764/1764/1764 1862/1862/1862 1801/1801/1801
f 1801/1801/1801 1862/1862/1862 1834/1834/1834
f 1834/1834/1834 1862/1862/1862 1861/1861/1861
f 1861/1861/1861 1862/1862/1862 1887/1887/1887
f 1887/1887/1887 1862/1862/1862 1955/1955/1955
f 1955/1955/1955 1862/1862/1862 1979/1979/1979
f 1979/1979/1979 1862/1862/1862 2003/2003/2003
f 2003/2003/2003 1862/1862/1862 2016/2016/2016
f 2614/2614/2614 2762/2762/2762 2749/2749/2749
f 2614/2614/2614 2749/2749/2749 2725/2725/2725
f 2614/2614/2614 2725/2725/2725 2701/2701/2701
f 2614/2614/2614 2701/2701/2701 2677/2677/2677
f 2614/2614/2614 2677/2677/2677 2615/2615/2615
f 2614/2614/2614 2615/2615/2615 2580/2580/2580
f 2614/2614/2614 2580/2580/2580 2556/2556/2556
f 2614/2614/2614 2556/2556/2556 2532/2532/2532
f 2614/2614/2614 2532/2532/2532 2508/2508/2508
f 2614/2614/2614 2508/2508/2508 2496/2496/2496
f 2614/2614/2614 2496/2496/2496 2506/2506/2506
f 2614/2614/2614 2506/2506/2506 2530/2530/2530
f 2614/2614/2614 2530/2530/2530 2554/2554/2554
f 2614/2614/2614 2554/2554/2554 2578/2578/2578
f 2614/2614/2614 2578/2578/2578 2612/2612/2612
f 2614/2614/2614 2612/2612/2612 2675/2675/2675
f 2614/2614/2614 2675/2675/2675 2699/2699/2699
f 2614/2614/2614 2699/2699/2699 2723/2723/2723
f 2614/2614/2614 2723/2723/2723 2747/2747/2747
f 2614/2614/2614 2747/2747/2747 2762/2762/2762
f 2763/2763/2763 2774/2774/2774 2750/2750/2750
f 2763/2763/2763 2797/2797/2797 2774/2774/2774
f 2750/2750/2750 2738/2738/2738 2726/2726/2726
f 2750/2750/2750 2774/2774/2774 2738/2738/2738
f 2726/2726/2726 2714/2714/2714 2702/2702/2702
f 2726/2726/2726 2738/2738/2738 2714/2714/2714
f 2702/2702/2702 2690/2690/2690 2678/2678/2678
f 2702/2702/2702 2714/2714/2714 2690/2690/2690
f 2678/2678/2678 2620/2620/2620 2616/2616/2616
f 2678/2678/2678 2690/2690/2690 2620/2620/2620
f 2616/2616/2616 2568/2568/2568 2579/2579/2579
f 2616/2616/2616 2620/2620/2620 2568/2568/2568
f 2579/2579/2579 2544/2544/2544 2555/2555/2555
f 2579/2579/2579 2568/2568/2568 2544/2544/2544
f 2555/2555/2555 2520/2520/2520 2531/2531/2531
f 2555/2555/2555 2544/2544/2544 2520/2520/2520
f 2531/2531/2531 2488/2488/2488 2507/2507/2507
f 2531/2531/2531 2520/2520/2520 2488/2488/2488
f 2507/2507/2507 2468/2468/2468 2495/2495/2495
f 2507/2507/2507 2488/2488/2488 2468/2468/2468
f 2495/2495/2495 2487/2487/2487 2505/2505/2505
f 2495/2495/2495 2468/2468/2468 2487/2487/2487
f 2505/2505/2505 2519/2519/2519 2529/2529/2529
f 2505/2505/2505 2487/2487/2487 2519/2519/2519
f 2529/2529/2529 2543/2543/2543 2553/2553/2553
f 2529/2529/2529 2519/2519/2519 2543/2543/2543
f 2553/2553/2553 2567/2567/2567 2577/2577/2577
f 2553/2553/2553 2543/2543/2543 2567/2567/2567
f 2577/2577/2577 2619/2619/2619 2613/2613/2613
f 2577/2577/2577 2567/2567/2567 2619/2619/2619
f 2613/2613/2613 2689/2689/2689 2676/2676/2676
f 2613/2613/2613 2619/2619/2619 2689/2689/2689
f 2676/2676/2676 2713/2713/2713 2700/2700/2700
f 2676/2676/2676 2689/2689/2689 2713/2713/2713
f 2700/2700/2700 2737/2737/2737 2724/2724/2724
f 2700/2700/2700 2713/2713/2713 2737/2737/2737
f 2724/2724/2724 2773/2773/2773 2748/2748/2748
f 2724/2724/2724 2737/2737/2737 2773/2773/2773
f 2748/2748/2748 2798/2798/2798 2764/2764/2764
f 2748/2748/2748 2773/2773/2773 2798/2798/2798
f 2797/2797/2797 2778/2778/2778 2774/2774/2774
f 2797/2797/2797 2801/2801/2801 2778/2778/2778
f 2774/2774/2774 2742/2742/2742 2738/2738/2738
f 2774/2774/2774 2778/2778/2778 2742/2742/2742
f 2738/2738/2738 2718/2718/2718 2714/2714/2714
f 2738/2738/2738 2742/2742/2742 2718/2718/2718
f 2714/2714/2714 2694/2694/2694 2690/2690/2690
f 2714/2714/2714 2718/2718/2718 2694/2694/2694
f 2690/2690/2690 2648/2648/2648 2620/2620/2620
f 2690/2690/2690 2694/2694/2694 2648/2648/2648
f 2620/2620/2620 2572/2572/2572 2568/2568/2568
f 2620/2620/2620 2648/2648/2648 2572/2572/2572
f 2568/2568/2568 2548/2548/2548 2544/2544/2544
f 2568/2568/2568 2572/2572/2572 2548/2548/2548
f 2544/2544/2544 2524/2524/2524 2520/2520/2520
f 2544/2544/2544 2548/2548/2548 2524/2524/2524
f 2520/2520/2520 2492/2492/2492 2488/2488/2488
f 2520/2520/2520 2524/2524/2524 2492/2492/2492
f 2488/2488/2488 2470/2470/2470 2468/2468/2468
f 2488/2488/2488 2492/2492/2492 2470/2470/2470
f 2468/2468/2468 2491/2491/2491 2487/2487/2487
f 2468/2468/2468 2470/2470/2470 2491/2491/2491
f 2487/2487/2487 2523/2523/2523 2519/2519/2519
f 2487/2487/2487 2491/2491/2491 2523/2523/2523
f 2519/2519/2519 2547/2547/2547 2543/2543/2543
f 2519/2519/2519 2523/2523/2523 2547/2547/2547
f 2543/2543/2543 2571/2571/2571 2567/2567/2567
f 2543/2543/2543 2547/2547/2547 2571/2571/2571
f 2567/2567/2567 2647/2647/2647 2619/2619/2619
f 2567/2567/2567 2571/2571/2571 2647/2647/2647
f 2619/2619/2619 2693/2693/2693 2689/2689/2689
f 2619/2619/2619 2647/2647/2647 2693/2693/2693
f 2689/2689/2689 2717/2717/2717 2713/2713/2713
f 2689/2689/2689 2693/2693/2693 2717/2717/2717
f 2713/2713/2713 2741/2741/2741 2737/2737/2737
f 2713/2713/2713 2717/2717/2717 2741/2741/2741
f 2737/2737/2737 2777/2777/2777 2773/2773/2773
f 2737/2737/2737 2741/2741/2741 2777/2777/2777
f 2773/2773/2773 2802/2802/2802 2798/2798/2798
f 2773/2773/2773 2777/2777/2777 2802/2802/2802
f 2801/2801/2801 2758/2758/2758 2778/2778/2778
f 2801/2801/2801 2769/2769/2769 2758/2758/2758
f 2778/2778/2778 2734/2734/2734 2742/2742/2742
f 2778/2778/2778 2758/2758/2758 2734/2734/2734
f 2742/2742/2742 2710/2710/2710 2718/2718/2718
f 2742/2742/2742 2734/2734/2734 2710/2710/2710
f 2718/2718/2718 2686/2686/2686 2694/2694/2694
f 2718/2718/2718 2710/2710/2710 2686/2686/2686
f 2694/2694/2694 2663/2663/2663 2648/2648/2648
f 2694/2694/2694 2686/2686/2686 2663/2663/2663
f 2648/2648/2648 2587/2587/2587 2572/2572/2572
f 2648/2648/2648 2663/2663/2663 2587/2587/2587
f 2572/2572/2572 2563/2563/2563 2548/2548/2548
f 2572/2572/2572 2587/2587/2587 2563/2563/2563
f 2548/2548/2548 2539/2539/2539 2524/2524/2524
f 2548/2548/2548 2563/2563/2563 2539/2539/2539
f 2524/2524/2524 2515/2515/2515 2492/2492/2492
f 2524/2524/2524 2539/2539/2539 2515/2515/2515
f 2492/2492/2492 2499/2499/2499 2470/2470/2470
f 2492/2492/2492 2515/2515/2515 2499/2499/2499
f 2470/2470/2470 2513/2513/2513 2491/2491/2491
f 2470/2470/2470 2499/2499/2499 2513/2513/2513
f 2491/2491/2491 2537/2537/2537 2523/2523/2523
f 2491/2491/2491 2513/2513/2513 2537/2537/2537
f 2523/2523/2523 2561/2561/2561 2547/2547/2547
f 2523/2523/2523 2537/2537/2537 2561/2561/2561
f 2547/2547/2547 2585/2585/2585 2571/2571/2571
f 2547/2547/2547 2561/2561/2561 2585/2585/2585
f 2571/2571/2571 2657/2657/2657 2647/2647/2647
f 2571/2571/2571 2585/2585/2585 2657/2657/2657
f 2647/2647/2647 2684/2684/2684 2693/2693/2693
f 2647/2647/2647 2657/2657/2657 2684/2684/2684
f 2693/2693/2693 2708/2708/2708 2717/2717/2717
f 2693/2693/2693 2684/2684/2684 2708/2708/2708
f 2717/2717/2717 2732/2732/2732 2741/2741/2741
f 2717/2717/2717 2708/2708/2708 2732/2732/2732
f 2741/2741/2741 2756/2756/2756 2777/2777/2777
f 2741/2741/2741 2732/2732/2732 2756/2756/2756
f 2777/2777/2777 2770/2770/2770 2802/2802/2802
f 2777/2777/2777 2756/2756/2756 2770/2770/2770
f 2768/2768/2768 2660/2660/2660 2757/2757/2757
f 2757/2757/2757 2660/2660/2660 2733/2733/2733
f 2733/2733/2733 2660/2660/2660 2709/2709/2709
f 2709/2709/2709 2660/2660/2660 2685/2685/2685
f 2685/2685/2685 2660/2660/2660 2664/2664/2664
f 2664/2664/2664 2660/2660/2660 2588/2588/2588
f 2588/2588/2588 2660/2660/2660 2564/2564/2564
f 2564/2564/2564 2660/2660/2660 2540/2540/2540
f 2540/2540/2540 2660/2660/2660 2516/2516/2516
f 2516/2516/2516 2660/2660/2660 2500/2500/2500
f 2500/2500/2500 2660/2660/2660 2514/2514/2514
f 2514/2514/2514 2660/2660/2660 2538/2538/2538
f 2538/2538/2538 2660/2660/2660 2562/2562/2562
f 2562/2562/2562 2660/2660/2660 2586/2586/2586
f 2586/2586/2586 2660/2660/2660 2658/2658/2658
f 2658/2658/2658 2660/2660/2660 2683/2683/2683
f 2683/2683/2683 2660/2660/2660 2707/2707/2707
f 2707/2707/2707 2660/2660/2660 2731/2731/2731
f 2731/2731/2731 2660/2660/2660 2755/2755/2755
f 2755/2755/2755 2660/2660/2660 2768/2768/2768
f 3402/3402/3402 3546/3546/3546 3533/3533/3533
f 3402/3402/3402 3533/3533/3533 3501/3501/3501
f 3402/3402/3402 3501/3501/3501 3463/3463/3463
f 3402/3402/3402 3463/3463/3463 3429/3429/3429
f 3402/3402/3402 3429/3429/3429 3403/3403/3403
f 3402/3402/3402 3403/3403/3403 3376/3376/3376
f 3402/3402/3402 3376/3376/3376 3308/3308/3308
f 3402/3402/3402 3308/3308/3308 3284/3284/3284
f 3402/3402/3402 3284/3284/3284 3260/3260/3260
f 3402/3402/3402 3260/3260/3260 3248/3248/3248
f 3402/3402/3402 3248/3248/3248 3258/3258/3258
f 3402/3402/3402 3258/3258/3258 3282/3282/3282
f 3402/3402/3402 3282/3282/3282 3306/3306/3306
f 3402/3402/3402 3306/3306/3306 3374/3374/3374
f 3402/3402/3402 3374/3374/3374 3400/3400/3400
f 3402/3402/3402 3400/3400/3400 3427/3427/3427
f 3402/3402/3402 3427/3427/3427 3461/3461/3461
f 3402/3402/3402 3461/3461/3461 3499/3499/3499
f 3402/3402/3402 3499/3499/3499 3531/3531/3531
f 3402/3402/3402 3531/3531/3531 3546/3546/3546
f 3547/3547/3547 3563/3563/3563 3534/3534/3534
f 3547/3547/3547 3572/3572/3572 3563/3563/3563
f 3534/3534/3534 3518/3518/3518 3502/3502/3502
f 3534/3534/3534 3563/3563/3563 3518/3518/3518
f 3502/3502/3502 3482/3482/3482 3464/3464/3464
f 3502/3502/3502 3518/3518/3518 3482/3482/3482
f 3464/3464/3464 3442/3442/3442 3430/3430/3430
f 3464/3464/3464 3482/3482/3482 3442/3442/3442
f 3430/3430/3430 3408/3408/3408 3404/3404/3404
f 3430/3430/3430 3442/3442/3442 3408/3408/3408
f 3404/3404/3404 3356/3356/3356 3375/3375/3375
f 3404/3404/3404 3408/3408/3408 3356/3356/3356
f 3375/3375/3375 3296/3296/3296 3307/3307/3307
f 3375/3375/3375 3356/3356/3356 3296/3296/3296
f 3307/3307/3307 3272/3272/3272 3283/3283/3283
f 3307/3307/3307 3296/3296/3296 3272/3272/3272
f 3283/3283/3283 3240/3240/3240 3259/3259/3259
f 3283/3283/3283 3272/3272/3272 3240/3240/3240
f 3259/3259/3259 3234/3234/3234 3247/3247/3247
f 3259/3259/3259 3240/3240/3240 3234/3234/3234
f 3247/3247/3247 3239/3239/3239 3257/3257/3257
f 3247/3247/3247 3234/3234/3234 3239/3239/3239
f 3257/3257/3257 3271/3271/3271 3281/3281/3281
f 3257/3257/3257 3239/3239/3239 3271/3271/3271
f 3281/3281/3281 3295/3295/3295 3305/3305/3305
f 3281/3281/3281 3271/3271/3271 3295/3295/3295
f 3305/3305/3305 3355/3355/3355 3373/3373/3373
f 3305/3305/3305 3295/3295/3295 3355/3355/3355
f 3373/3373/3373 3407/3407/3407 3401/3401/3401
f 3373/3373/3373 3355/3355/3355 3407/3407/3407
f 3401/3401/3401 3441/3441/3441 3428/3428/3428
f 3401/3401/3401 3407/3407/3407 3441/3441/3441
f 3428/3428/3428 3481/3481/3481 3462/3462/3462
f 3428/3428/3428 3441/3441/3441 3481/3481/3481
f 3462/3462/3462 3517/3517/3517 3500/3500/3500
f 3462/3462/3462 3481/3481/3481 3517/3517/3517
f 3500/3500/3500 3562/3562/3562 3532/3532/3532
f 3500/3500/3500 3517/3517/3517 3562/3562/3562
f 3532/3532/3532 3573/3573/3573 3548/3548/3548
f 3532/3532/3532 3562/3562/3562 3573/3573/3573
f 3572/3572/3572 3567/3567/3567 3563/3563/3563
f 3572/3572/3572 3576/3576/3576 3567/3567/3567
f 3563/3563/3563 3522/3522/3522 3518/3518/3518
f 3563/3563/3563 3567/3567/3567 3522/3522/3522
f 3518/3518/3518 3486/3486/3486 3482/3482/3482
f 3518/3518/3518 3522/3522/3522 3486/3486/3486
f 3482/3482/3482 3446/3446/3446 3442/3442/3442
f 3482/3482/3482 3486/3486/3486 3446/3446/3446
f 3442/3442/3442 3412/3412/3412 3408/3408/3408
f 3442/3442/3442 3446/3446/3446 3412/3412/3412
f 3408/3408/3408 3360/3360/3360 3356/3356/3356
f 3408/3408/3408 3412/3412/3412 3360/3360/3360
f 3356/3356/3356 3300/3300/3300 3296/3296/3296
f 3356/3356/3356 3360/3360/3360 3300/3300/3300
f 3296/3296/3296 3276/3276/3276 3272/3272/3272
f 3296/3296/3296 3300/3300/3300 3276/3276/3276
f 3272/3272/3272 3244/3244/3244 3240/3240/3240
f 3272/3272/3272 3276/3276/3276 3244/3244/3244
f 3240/3240/3240 3236/3236/3236 3234/3234/3234
f 3240/3240/3240 3244/3244/3244 3236/3236/3236
f 3234/3234/3234 3243/3243/3243 3239/3239/3239
f 3234/3234/3234 3236/3236/3236 3243/3243/3243
f 3239/3239/3239 3275/3275/3275 3271/3271/3271
f 3239/3239/3239 3243/3243/3243 3275/3275/3275
f 3271/3271/3271 3299/3299/3299 3295/3295/3295
f 3271/3271/3271 3275/3275/3275 3299/3299/3299
f 3295/3295/3295 3359/3359/3359 3355/3355/3355
f 3295/3295/3295 3299/3299/3299 3359/3359/3359
f 3355/3355/3355 3411/3411/3411 3407/3407/3407
f 3355/3355/3355 3359/3359/3359 3411/3411/3411
f 3407/3407/3407 3445/3445/3445 3441/3441/3441
f 3407/3407/3407 3411/3411/3411 3445/3445/3445
f 3441/3441/3441 3485/3485/3485 3481/3481/3481
f 3441/3441/3441 3445/3445/3445 3485/3485/3485
f 3481/3481/3481 3521/3521/3521 3517/3517/3517
f 3481/3481/3481 3485/3485/3485 3521/3521/3521
f 3517/3517/3517 3566/3566/3566 3562/3562/3562
f 3517/3517/3517 3521/3521/3521 3566/3566/3566
f 3562/3562/3562 3577/3577/3577 3573/3573/3573
f 3562/3562/3562 3566/3566/3566 3577/3577/3577
f 3576/3576/3576 3542/3542/3542 3567/3567/3567
f 3576/3576/3576 3553/3553/3553 3542/3542/3542
f 3567/3567/3567 3510/3510/3510 3522/3522/3522
f 3567/3567/3567 3542/3542/3542 3510/3510/3510
f 3522/3522/3522 3472/3472/3472 3486/3486/3486
f 3522/3522/3522 3510/3510/3510 3472/3472/3472
f 3486/3486/3486 3438/3438/3438 3446/3446/3446
f 3486/3486/3486 3472/3472/3472 3438/3438/3438
f 3446/3446/3446 3421/3421/3421 3412/3412/3412
f 3446/3446/3446 3438/3438/3438 3421/3421/3421
f 3412/3412/3412 3383/3383/3383 3360/3360/3360
f 3412/3412/3412 3421/3421/3421 3383/3383/3383
f 3360/3360/3360 3315/3315/3315 3300/3300/3300
f 3360/3360/3360 3383/3383/3383 3315/3315/3315
f 3300/3300/3300 3291/3291/3291 3276/3276/3276
f 3300/3300/3300 3315/3315/3315 3291/3291/3291
f 3276/3276/3276 3267/3267/3267 3244/3244/3244
f 3276/3276/3276 3291/3291/3291 3267/3267/3267
f 3244/3244/3244 3251/3251/3251 3236/3236/3236
f 3244/3244/3244 3267/3267/3267 3251/3251/3251
f 3236/3236/3236 3265/3265/3265 3243/3243/3243
f 3236/3236/3236 3251/3251/3251 3265/3265/3265
f 3243/3243/3243 3289/3289/3289 3275/3275/3275
f 3243/3243/3243 3265/3265/3265 3289/3289/3289
f 3275/3275/3275 3313/3313/3313 3299/3299/3299
f 3275/3275/3275 3289/3289/3289 3313/3313/3313
f 3299/3299/3299 3381/3381/3381 3359/3359/3359
f 3299/3299/3299 3313/3313/3313 3381/3381/3381
f 3359/3359/3359 3418/3418/3418 3411/3411/3411
f 3359/3359/3359 3381/3381/3381 3418/3418/3418
f 3411/3411/3411 3436/3436/3436 3445/3445/3445
f 3411/3411/3411 3418/3418/3418 3436/3436/3436
f 3445/3445/3445 3470/3470/3470 3485/3485/3485
f 3445/3445/3445 3436/3436/3436 3470/3470/3470
f 3485/3485/3485 3508/3508/3508 3521/3521/3521
f 3485/3485/3485 3470/3470/3470 3508/3508/3508
f 3521/3521/3521 3540/3540/3540 3566/3566/3566
f 3521/3521/3521 3508/3508/3508 3540/3540/3540
f 3566/3566/3566 3554/3554/3554 3577/3577/3577
f 3566/3566/3566 3540/3540/3540 3554/3554/3554
f 3552/3552/3552 3420/3420/3420 3541/3541/3541
f 3541/3541/3541 3420/3420/3420 3509/3509/3509
f 3509/3509/3509 3420/3420/3420 3471/3471/3471
f 3471/3471/3471 3420/3420/3420 3437/3437/3437
f 3437/3437/3437 3420/3420/3420 3422/3422/3422
f 3422/3422/3422 3420/3420/3420 3384/3384/3384
f 3384/3384/3384 3420/3420/3420 3316/3316/3316
f 3316/3316/3316 3420/3420/3420 3292/3292/3292
f 3292/3292/3292 3420/3420/3420 3268/3268/3268
f 3268/3268/3268 3420/3420/3420 3252/3252/3252
f 3252/3252/3252 3420/3420/3420 3266/3266/3266
f 3266/3266/3266 3420/3420/3420 3290/3290/3290
f 3290/3290/3290 3420/3420/3420 3314/3314/3314
f 3314/3314/3314 3420/3420/3420 3382/3382/3382
f 3382/3382/3382 3420/3420/3420 3419/3419/3419
f 3419/3419/3419 3420/3420/3420 3435/3435/3435
f 3435/3435/3435 3420/3420/3420 3469/3469/3469
f 3469/3469/3469 3420/3420/3420 3507/3507/3507
f 3507/3507/3507 3420/3420/3420 3539/3539/3539
f 3539/3539/3539 3420/3420/3420 3552/3552/3552
f 4162/4162/4162 4312/4312/4312 4299/4299/4299
f 4162/4162/4162 4299/4299/4299 4275/4275/4275
f 4162/4162/4162 4275/4275/4275 4244/4244/4244
f 4162/4162/4162 4244/4244/4244 4205/4205/4205
f 4162/4162/4162 4205/4205/4205 4163/4163/4163
f 4162/4162/4162 4163/4163/4163 4138/4138/4138
f 4162/4162/4162 4138/4138/4138 4104/4104/4104
f 4162/4162/4162 4104/4104/4104 4054/4054/4054
f 4162/4162/4162 4054/4054/4054 4018/4018/4018
f 4162/4162/4162 4018/4018/4018 4002/4002/4002
f 4162/4162/4162 4002/4002/4002 4016/4016/4016
f 4162/4162/4162 4016/4016/4016 4052/4052/4052
f 4162/4162/4162 4052/4052/4052 4102/4102/4102
f 4162/4162/4162 4102/4102/4102 4136/4136/4136
f 4162/4162/4162 4136/4136/4136 4160/4160/4160
f 4162/4162/4162 4160/4160/4160 4203/4203/4203
f 4162/4162/4162 4203/4203/4203 4242/4242/4242
f 4162/4162/4162 4242/4242/4242 4273/4273/4273
f 4162/4162/4162 4273/4273/4273 4297/4297/4297
f 4162/4162/4162 4297/4297/4297 4312/4312/4312
f 4313/4313/4313 4324/4324/4324 4300/4300/4300
f 4313/4313/4313 4331/4331/4331 4324/4324/4324
f 4300/4300/4300 4288/4288/4288 4276/4276/4276
f 4300/4300/4300 4324/4324/4324 4288/4288/4288
f 4276/4276/4276 4257/4257/4257 4245/4245/4245
f 4276/4276/4276 4288/4288/4288 4257/4257/4257
f 4245/4245/4245 4218/4218/4218 4206/4206/4206
f 4245/4245/4245 4257/4257/4257 4218/4218/4218
f 4206/4206/4206 4168/4168/4168 4164/4164/4164
f 4206/4206/4206 4218/4218/4218 4168/4168/4168
f 4164/4164/4164 4126/4126/4126 4137/4137/4137
f 4164/4164/4164 4168/4168/4168 4126/4126/4126
f 4137/4137/4137 4084/4084/4084 4103/4103/4103
f 4137/4137/4137 4126/4126/4126 4084/4084/4084
f 4103/4103/4103 4034/4034/4034 4053/4053/4053
f 4103/4103/4103 4084/4084/4084 4034/4034/4034
f 4053/4053/4053 3994/3994/3994 4017/4017/4017
f 4053/4053/4053 4034/4034/4034 3994/3994/3994
f 4017/4017/4017 3988/3988/3988 4001/4001/4001
f 4017/4017/4017 3994/3994/3994 3988/3988/3988
f 4001/4001/4001 3993/3993/3993 4015/4015/4015
f 4001/4001/4001 3988/3988/3988 3993/3993/3993
f 4015/4015/4015 4033/4033/4033 4051/4051/4051
f 4015/4015/4015 3993/3993/3993 4033/4033/4033
f 4051/4051/4051 4083/4083/4083 4101/4101/4101
f 4051/4051/4051 4033/4033/4033 4083/4083/4083
f 4101/4101/4101 4125/4125/4125 4135/4135/4135
f 4101/4101/4101 4083/4083/4083 4125/4125/4125
f 4135/4135/4135 4167/4167/4167 4161/4161/4161
f 4135/4135/4135 4125/4125/4125 4167/4167/4167
f 4161/4161/4161 4217/4217/4217 4204/4204/4204
f 4161/4161/4161 4167/4167/4167 4217/4217/4217
f 4204/4204/4204 4256/4256/4256 4243/4243/4243
f 4204/4204/4204 4217/4217/4217 4256/4256/4256
f 4243/4243/4243 4287/4287/4287 4274/4274/4274
f 4243/4243/4243 4256/4256/4256 4287/4287/4287
f 4274/4274/4274 4323/4323/4323 4298/4298/4298
f 4274/4274/4274 4287/4287/4287 4323/4323/4323
f 4298/4298/4298 4332/4332/4332 4314/4314/4314
f 4298/4298/4298 4323/4323/4323 4332/4332/4332
f 4331/4331/4331 4328/4328/4328 4324/4324/4324
f 4331/4331/4331 4335/4335/4335 4328/4328/4328
f 4324/4324/4324 4292/4292/4292 4288/4288/4288
f 4324/4324/4324 4328/4328/4328 4292/4292/4292
f 4288/4288/4288 4261/4261/4261 4257/4257/4257
f 4288/4288/4288 4292/4292/4292 4261/4261/4261
f 4257/4257/4257 4222/4222/4222 4218/4218/4218
f 4257/4257/4257 4261/4261/4261 4222/4222/4222
f 4218/4218/4218 4172/4172/4172 4168/4168/4168
f 4218/4218/4218 4222/4222/4222 4172/4172/4172
f 4168/4168/4168 4130/4130/4130 4126/4126/4126
f 4168/4168/4168 4172/4172/4172 4130/4130/4130
f 4126/4126/4126 4088/4088/4088 4084/4084/4084
f 4126/4126/4126 4130/4130/4130 4088/4088/4088
f 4084/4084/4084 4038/4038/4038 4034/4034/4034
f 4084/4084/4084 4088/4088/4088 4038/4038/4038
f 4034/4034/4034 3998/3998/3998 3994/3994/3994
f 4034/4034/4034 4038/4038/4038 3998/3998/3998
f 3994/3994/3994 3990/3990/3990 3988/3988/3988
f 3994/3994/3994 3998/3998/3998 3990/3990/3990
f 3988/3988/3988 3997/3997/3997 3993/3993/3993
f 3988/3988/3988 3990/3990/3990 3997/3997/3997
f 3993/3993/3993 4037/4037/4037 4033/4033/4033
f 3993/3993/3993 3997/3997/3997 4037/4037/4037
f 4033/4033/4033 4087/4087/4087 4083/4083/4083
f 4033/4033/4033 4037/4037/4037 4087/4087/4087
f 4083/4083/4083 4129/4129/4129 4125/4125/4125
f 4083/4083/4083 4087/4087/4087 4129/4129/4129
f 4125/4125/4125 4171/4171/4171 4167/4167/4167
f 4125/4125/4125 4129/4129/4129 4171/4171/4171
f 4167/4167/4167 4221/4221/4221 4217/4217/4217
f 4167/4167/4167 4171/4171/4171 4221/4221/4221
f 4217/4217/4217 4260/4260/4260 4256/4256/4256
f 4217/4217/4217 4221/4221/4221 4260/4260/4260
f 4256/4256/4256 4291/4291/4291 4287/4287/4287
f 4256/4256/4256 4260/4260/4260 4291/4291/4291
f 4287/4287/4287 4327/4327/4327 4323/4323/4323
f 4287/4287/4287 4291/4291/4291 4327/4327/4327
f 4323/4323/4323 4336/4336/4336 4332/4332/4332
f 4323/4323/4323 4327/4327/4327 4336/4336/4336
f 4335/4335/4335 4308/4308/4308 4328/4328/4328
f 4335/4335/4335 4319/4319/4319 4308/4308/4308
f 4328/4328/4328 4284/4284/4284 4292/4292/4292
f 4328/4328/4328 4308/4308/4308 4284/4284/4284
f 4292/4292/4292 4253/4253/4253 4261/4261/4261
f 4292/4292/4292 4284/4284/4284 4253/4253/4253
f 4261/4261/4261 4214/4214/4214 4222/4222/4222
f 4261/4261/4261 4253/4253/4253 4214/4214/4214
f 4222/4222/4222 4181/4181/4181 4172/4172/4172
f 4222/4222/4222 4214/4214/4214 4181/4181/4181
f 4172/4172/4172 4145/4145/4145 4130/4130/4130
f 4172/4172/4172 4181/4181/4181 4145/4145/4145
f 4130/4130/4130 4111/4111/4111 4088/4088/4088
f 4130/4130/4130 4145/4145/4145 4111/4111/4111
f 4088/4088/4088 4061/4061/4061 4038/4038/4038
f 4088/4088/4088 4111/4111/4111 4061/4061/4061
f 4038/4038/4038 4025/4025/4025 3998/3998/3998
f 4038/4038/4038 4061/4061/4061 4025/4025/4025
f 3998/3998/3998 4005/4005/4005 3990/3990/3990
f 3998/3998/3998 4025/4025/4025 4005/4005/4005
f 3990/3990/3990 4023/4023/4023 3997/3997/3997
f 3990/3990/3990 4005/4005/4005 4023/4023/4023
f 3997/3997/3997 4059/4059/4059 4037/4037/4037
f 3997/3997/3997 4023/4023/4023 4059/4059/4059
f 4037/4037/4037 4109/4109/4109 4087/4087/4087
f 4037/4037/4037 4059/4059/4059 4109/4109/4109
f 4087/4087/4087 4143/4143/4143 4129/4129/4129
f 4087/4087/4087 4109/4109/4109 4143/4143/4143
f 4129/4129/4129 4178/4178/4178 4171/4171/4171
f 4129/4129/4129 4143/4143/4143 4178/4178/4178
f 4171/4171/4171 4212/4212/4212 4221/4221/4221
f 4171/4171/4171 4178/4178/4178 4212/4212/4212
f 4221/4221/4221 4251/4251/4251 4260/4260/4260
f 4221/4221/4221 4212/4212/4212 4251/4251/4251
f 4260/4260/4260 4282/4282/4282 4291/4291/4291
f 4260/4260/4260 4251/4251/4251 4282/4282/4282
f 4291/4291/4291 4306/4306/4306 4327/4327/4327
f 4291/4291/4291 4282/4282/4282 4306/4306/4306
f 4327/4327/4327 4320/4320/4320 4336/4336/4336
f 4327/4327/4327 4306/4306/4306 4320/4320/4320
f 4318/4318/4318 4180/4180/4180 4307/4307/4307
f 4307/4307/4307 4180/4180/4180 4283/4283/4283
f 4283/4283/4283 4180/4180/4180 4252/4252/4252
f 4252/4252/4252 4180/4180/4180 4213/4213/4213
f 4213/4213/4213 4180/4180/4180 4182/4182/4182
f 4182/4182/4182 4180/4180/4180 4146/4146/4146
f 4146/4146/4146 4180/4180/4180 4112/4112/4112
f 4112/4112/4112 4180/4180/4180 4062/4062/4062
f 4062/4062/4062 4180/4180/4180 4026/4026/4026
f 4026/4026/4026 4180/4180/4180 4006/4006/4006
f 4006/4006/4006 4180/4180/4180 4024/4024/4024
f 4024/4024/4024 4180/4180/4180 4060/4060/4060
f 4060/4060/4060 4180/4180/4180 4110/4110/4110
f 4110/4110/4110 4180/4180/4180 4144/4144/4144
f 4144/4144/4144 4180/4180/4180 4179/4179/4179
f 4179/4179/4179 4180/4180/4180 4211/4211/4211
f 4211/4211/4211 4180/4180/4180 4250/4250/4250
f 4250/4250/4250 4180/4180/4180 4281/4281/4281
f 4281/4281/4281 4180/4180/4180 4305/4305/4305
f 4305/4305/4305 4180/4180/4180 4318/4318/4318
f 4941/4941/4941 5064/5064/5064 5051/5051/5051
f 4941/4941/4941 5051/5051/5051 5027/5027/5027
f 4941/4941/4941 5027/5027/5027 5003/5003/5003
f 4941/4941/4941 5003/5003/5003 4974/4974/4974
f 4941/4941/4941 4974/4974/4974 4942/4942/4942
f 4941/4941/4941 4942/4942/4942 4914/4914/4914
f 4941/4941/4941 4914/4914/4914 4874/4874/4874
f 4941/4941/4941 4874/4874/4874 4842/4842/4842
f 4941/4941/4941 4842/4842/4842 4800/4800/4800
f 4941/4941/4941 4800/4800/4800 4788/4788/4788
f 4941/4941/4941 4788/4788/4788 4798/4798/4798
f 4941/4941/4941 4798/4798/4798 4840/4840/4840
f 4941/4941/4941 4840/4840/4840 4872/4872/4872
f 4941/4941/4941 4872/4872/4872 4912/4912/4912
f 4941/4941/4941 4912/4912/4912 4939/4939/4939
f 4941/4941/4941 4939/4939/4939 4972/4972/4972
f 4941/4941/4941 4972/4972/4972 5001/5001/5001
f 4941/4941/4941 5001/5001/5001 5025/5025/5025
f 4941/4941/4941 5025/5025/5025 5049/5049/5049
f 4941/4941/4941 5049/5049/5049 5064/5064/5064
f 5065/5065/5065 5076/5076/5076 5052/5052/5052
f 5065/5065/5065 5083/5083/5083 5076/5076/5076
f 5052/5052/5052 5040/5040/5040 5028/5028/5028
f 5052/5052/5052 5076/5076/5076 5040/5040/5040
f 5028/5028/5028 5016/5016/5016 5004/5004/5004
f 5028/5028/5028 5040/5040/5040 5016/5016/5016
f 5004/5004/5004 4987/4987/4987 4975/4975/4975
f 5004/5004/5004 5016/5016/5016 4987/4987/4987
f 4975/4975/4975 4947/4947/4947 4943/4943/4943
f 4975/4975/4975 4987/4987/4987 4947/4947/4947
f 4943/4943/4943 4902/4902/4902 4913/4913/4913
f 4943/4943/4943 4947/4947/4947 4902/4902/4902
f 4913/4913/4913 4860/4860/4860 4873/4873/4873
f 4913/4913/4913 4902/4902/4902 4860/4860/4860
f 4873/4873/4873 4824/4824/4824 4841/4841/4841
f 4873/4873/4873 4860/4860/4860 4824/4824/4824
f 4841/4841/4841 4780/4780/4780 4799/4799/4799
f 4841/4841/4841 4824/4824/4824 4780/4780/4780
f 4799/4799/4799 4774/4774/4774 4787/4787/4787
f 4799/4799/4799 4780/4780/4780 4774/4774/4774
f 4787/4787/4787 4779/4779/4779 4797/4797/4797
f 4787/4787/4787 4774/4774/4774 4779/4779/4779
f 4797/4797/4797 4823/4823/4823 4839/4839/4839
f 4797/4797/4797 4779/4779/4779 4823/4823/4823
f 4839/4839/4839 4859/4859/4859 4871/4871/4871
f 4839/4839/4839 4823/4823/4823 4859/4859/4859
f 4871/4871/4871 4901/4901/4901 4911/4911/4911
f 4871/4871/4871 4859/4859/4859 4901/4901/4901
f 4911/4911/4911 4946/4946/4946 4940/4940/4940
f 4911/4911/4911 4901/4901/4901 4946/4946/4946
f 4940/4940/4940 4986/4986/4986 4973/4973/4973
f 4940/4940/4940 4946/4946/4946 4986/4986/4986
f 4973/4973/4973 5015/5015/5015 5002/5002/5002
f 4973/4973/4973 4986/4986/4986 5015/5015/5015
f 5002/5002/5002 5039/5039/5039 5026/5026/5026
f 5002/5002/5002 5015/5015/5015 5039/5039/5039
f 5026/5026/5026 5075/5075/5075 5050/5050/5050
f 5026/5026/5026 5039/5039/5039 5075/5075/5075
f 5050/5050/5050 5084/5084/5084 5066/5066/5066
f 5050/5050/5050 5075/5075/5075 5084/5084/5084
f 5083/5083/5083 5080/5080/5080 5076/5076/5076
f 5083/5083/5083 5087/5087/5087 5080/5080/5080
f 5076/5076/5076 5044/5044/5044 5040/5040/5040
f 5076/5076/5076 5080/5080/5080 5044/5044/5044
f 5040/5040/5040 5020/5020/5020 5016/5016/5016
f 5040/5040/5040 5044/5044/5044 5020/5020/5020
f 5016/5016/5016 4991/4991/4991 4987/4987/4987
f 5016/5016/5016 5020/5020/5020 4991/4991/4991
f 4987/4987/4987 4951/4951/4951 4947/4947/4947
f 4987/4987/4987 4991/4991/4991 4951/4951/4951
f 4947/4947/4947 4906/4906/4906 4902/4902/4902
f 4947/4947/4947 4951/4951/4951 4906/4906/4906
f 4902/4902/4902 4864/4864/4864 4860/4860/4860
f 4902/4902/4902 4906/4906/4906 4864/4864/4864
f 4860/4860/4860 4828/4828/4828 4824/4824/4824
f 4860/4860/4860 4864/4864/4864 4828/4828/4828
f 4824/4824/4824 4784/4784/4784 4780/4780/4780
f 4824/4824/4824 4828/4828/4828 4784/4784/4784
f 4780/4780/4780 4776/4776/4776 4774/4774/4774
f 4780/4780/4780 4784/4784/4784 4776/4776/4776
f 4774/4774/4774 4783/4783/4783 4779/4779/4779
f 4774/4774/4774 4776/4776/4776 4783/4783/4783
f 4779/4779/4779 4827/4827/4827 4823/4823/4823
f 4779/4779/4779 4783/4783/4783 4827/4827/4827
f 4823/4823/4823 4863/4863/4863 4859/4859/4859
f 4823/4823/4823 4827/4827/4827 4863/4863/4863
f 4859/4859/4859 4905/4905/4905 4901/4901/4901
f 4859/4859/4859 4863/4863/4863 4905/4905/4905
f 4901/4901/4901 4950/4950/4950 4946/4946/4946
f 4901/4901/4901 4905/4905/4905 4950/4950/4950
f 4946/4946/4946 4990/4990/4990 4986/4986/4986
f 4946/4946/4946 4950/4950/4950 4990/4990/4990
f 4986/4986/4986 5019/5019/5019 5015/5015/5015
f 4986/4986/4986 4990/4990/4990 5019/5019/5019
f 5015/5015/5015 5043/5043/5043 5039/5039/5039
f 5015/5015/5015 5019/5019/5019 5043/5043/5043
f 5039/5039/5039 5079/5079/5079 5075/5075/5075
f 5039/5039/5039 5043/5043/5043 5079/5079/5079
f 5075/5075/5075 5088/5088/5088 5084/5084/5084
f 5075/5075/5075 5079/5079/5079 5088/5088/5088
f 5087/5087/5087 5060/5060/5060 5080/5080/5080
f 5087/5087/5087 5071/5071/5071 5060/5060/5060
f 5080/5080/5080 5036/5036/5036 5044/5044/5044
f 5080/5080/5080 5060/5060/5060 5036/5036/5036
f 5044/5044/5044 5012/5012/5012 5020/5020/5020
f 5044/5044/5044 5036/5036/5036 5012/5012/5012
f 5020/5020/5020 4983/4983/4983 4991/4991/4991
f 5020/5020/5020 5012/5012/5012 4983/4983/4983
f 4991/4991/4991 4960/4960/4960 4951/4951/4951
f 4991/4991/4991 4983/4983/4983 4960/4960/4960
f 4951/4951/4951 4921/4921/4921 4906/4906/4906
f 4951/4951/4951 4960/4960/4960 4921/4921/4921
f 4906/4906/4906 4881/4881/4881 4864/4864/4864
f 4906/4906/4906 4921/4921/4921 4881/4881/4881
f 4864/4864/4864 4849/4849/4849 4828/4828/4828
f 4864/4864/4864 4881/4881/4881 4849/4849/4849
f 4828/4828/4828 4807/4807/4807 4784/4784/4784
f 4828/4828/4828 4849/4849/4849 4807/4807/4807
f 4784/4784/4784 4791/4791/4791 4776/4776/4776
f 4784/4784/4784 4807/4807/4807 4791/4791/4791
f 4776/4776/4776 4805/4805/4805 4783/4783/4783
f 4776/4776/4776 4791/4791/4791 4805/4805/4805
f 4783/4783/4783 4847/4847/4847 4827/4827/4827
f 4783/4783/4783 4805/4805/4805 4847/4847/4847
f 4827/4827/4827 4879/4879/4879 4863/4863/4863
f 4827/4827/4827 4847/4847/4847 4879/4879/4879
f 4863/4863/4863 4919/4919/4919 4905/4905/4905
f 4863/4863/4863 4879/4879/4879 4919/4919/4919
f 4905/4905/4905 4957/4957/4957 4950/4950/4950
f 4905/4905/4905 4919/4919/4919 4957/4957/4957
f 4950/4950/4950 4981/4981/4981 4990/4990/4990
f 4950/4950/4950 4957/4957/4957 4981/4981/4981
f 4990/4990/4990 5010/5010/5010 5019/5019/5019
f 4990/4990/4990 4981/4981/4981 5010/5010/5010
f 5019/5019/5019 5034/5034/5034 5043/5043/5043
f 5019/5019/5019 5010/5010/5010 5034/5034/5034
f 5043/5043/5043 5058/5058/5058 5079/5079/5079
f 5043/5043/5043 5034/5034/5034 5058/5058/5058
f 5079/5079/5079 5072/5072/5072 5088/5088/5088
f 5079/5079/5079 5058/5058/5058 5072/5072/5072
f 5070/5070/5070 4959/4959/4959 5059/5059/5059
f 5059/5059/5059 4959/4959/4959 5035/5035/5035
f 5035/5035/5035 4959/4959/4959 5011/5011/5011
f 5011/5011/5011 4959/4959/4959 4982/4982/4982
f 4982/4982/4982 4959/4959/4959 4961/4961/4961
f 4961/4961/4961 4959/4959/4959 4922/4922/4922
f 4922/4922/4922 4959/4959/4959 4882/4882/4882
f 4882/4882/4882 4959/4959/4959 4850/4850/4850
f 4850/4850/4850 4959/4959/4959 4808/4808/4808
f 4808/4808/4808 4959/4959/4959 4792/4792/4792
f 4792/4792/4792 4959/4959/4959 4806/4806/4806
f 4806/4806/4806 4959/4959/4959 4848/4848/4848
f 4848/4848/4848 4959/4959/4959 4880/4880/4880
f 4880/4880/4880 4959/4959/4959 4920/4920/4920
f 4920/4920/4920 4959/4959/4959 4958/4958/4958
f 4958/4958/4958 4959/4959/4959 4980/4980/4980
f 4980/4980/4980 4959/4959/4959 5009/5009/5009
f 5009/5009/5009 4959/4959/4959 5033/5033/5033
f 5033/5033/5033 4959/4959/4959 5057/5057/5057
f 5057/5057/5057 4959/4959/4959 5070/5070/5070
f 91/91/91 172/172/172 528/528/528
f 91/91/91 528/528/528 499/499/499
f 172/172/172 178/178/178 530/530/530
f 172/172/172 530/530/530 528/528/528
f 178/178/178 169/169/169 527/527/527
f 178/178/178 527/527/527 530/530/530
f 169/169/169 87/87/87 498/498/498
f 169/169/169 498/498/498 527/527/527
f 87/87/87 30/30/30 406/406/406
f 87/87/87 406/406/406 498/498/498
f 30/30/30 21/21/21 395/395/395
f 30/30/30 395/395/395 406/406/406
f 21/21/21 33/33/33 407/407/407
f 21/21/21 407/407/407 395/395/395
f 33/33/33 92/92/92 500/500/500
f 33/33/33 500/500/500 407/407/407
f 499/499/499 528/528/528 628/628/628
f 499/499/499 628/628/628 599/599/599
f 528/528/528 530/530/530 630/630/630
f 528/528/528 630/630/630 628/628/628
f 530/530/530 527/527/527 627/627/627
f 530/530/530 627/627/627 630/630/630
f 527/527/527 498/498/498 598/598/598
f 527/527/527 598/598/598 627/627/627
f 498/498/498 406/406/406 576/576/576
f 498/498/498 576/576/576 598/598/598
f 406/406/406 395/395/395 571/571/571
f 406/406/406 571/571/571 576/576/576
f 395/395/395 407/407/407 577/577/577
f 395/395/395 577/577/577 571/571/571
f 407/407/407 500/500/500 600/600/600
f 407/407/407 600/600/600 577/577/577
f 599/599/599 628/628/628 728/728/728
f 599/599/599 728/728/728 699/699/699
f 628/628/628 630/630/630 730/730/730
f 628/628/628 730/730/730 728/728/728
f 630/630/630 627/627/627 727/727/727
f 630/630/630 727/727/727 730/730/730
f 627/627/627 598/598/598 698/698/698
f 627/627/627 698/698/698 727/727/727
f 598/598/598 576/576/576 681/681/681
f 598/598/598 681/681/681 698/698/698
f 576/576/576 571/571/571 671/671/671
f 576/576/576 671/671/671 681/681/681
f 571/571/571 577/577/577 682/682/682
f 571/571/571 682/682/682 671/671/671
f 577/577/577 600/600/600 700/700/700
f 577/577/577 700/700/700 682/682/682
f 699/699/699 728/728/728 828/828/828
f 699/699/699 828/828/828 799/799/799
f 728/728/728 730/730/730 830/830/830
f 728/728/728 830/830/830 828/828/828
f 730/730/730 727/727/727 827/827/827
f 730/730/730 827/827/827 830/830/830
f 727/727/727 698/698/698 798/798/798
f 727/727/727 798/798/798 827/827/827
f 698/698/698 681/681/681 781/781/781
f 698/698/698 781/781/781 798/798/798
f 681/681/681 671/671/671 773/773/773
f 681/681/681 773/773/773 781/781/781
f 671/671/671 682/682/682 782/782/782
f 671/671/671 782/782/782 773/773/773
f 682/682/682 700/700/700 800/800/800
f 682/682/682 800/800/800 782/782/782
f 799/799/799 828/828/828 928/928/928
f 799/799/799 928/928/928 899/899/899
f 828/828/828 830/830/830 930/930/930
f 828/828/828 930/930/930 928/928/928
f 830/830/830 827/827/827 927/927/927
f 830/830/830 927/927/927 930/930/930
f 827/827/827 798/798/798 898/898/898
f 827/827/827 898/898/898 927/927/927
f 798/798/798 781/781/781 881/881/881
f 798/798/798 881/881/881 898/898/898
f 781/781/781 773/773/773 878/878/878
f 781/781/781 878/878/878 881/881/881
f 773/773/773 782/782/782 882/882/882
f 773/773/773 882/882/882 878/878/878
f 782/782/782 800/800/800 900/900/900
f 782/782/782 900/900/900 882/882/882
f 899/899/899 928/928/928 1252/1252/1252
f 899/899/899 1252/1252/1252 1183/1183/1183
f 928/928/928 930/930/930 1282/1282/1282
f 928/928/928 1282/1282/1282 1252/1252/1252
f 930/930/930 927/927/927 1251/1251/1251
f 930/930/930 1251/1251/1251 1282/1282/1282
f 927/927/927 898/898/898 1182/1182/1182
f 927/927/927 1182/1182/1182 1251/1251/1251
f 898/898/898 881/881/881 1141/1141/1141
f 898/898/898 1141/1141/1141 1182/1182/1182
f 881/881/881 878/878/878 1138/1138/1138
f 881/881/881 1138/1138/1138 1141/1141/1141
f 878/878/878 882/882/882 1142/1142/1142
f 878/878/878 1142/1142/1142 1138/1138/1138
f 882/882/882 900/900/900 1184/1184/1184
f 882/882/882 1184/1184/1184 1142/1142/1142
f 1183/1183/1183 1252/1252/1252 1380/1380/1380
f 1183/1183/1183 1380/1380/1380 1351/1351/1351
f 1252/1252/1252 1282/1282/1282 1382/1382/1382
f 1252/1252/1252 1382/1382/1382 1380/1380/1380
f 1282/1282/1282 1251/1251/1251 1379/1379/1379
f 1282/1282/1282 1379/1379/1379 1382/1382/1382
f 1251/1251/1251 1182/1182/1182 1350/1350/1350
f 1251/1251/1251 1350/1350/1350 1379/1379/1379
f 1182/1182/1182 1141/1141/1141 1333/1333/1333
f 1182/1182/1182 1333/1333/1333 1350/1350/1350
f 1141/1141/1141 1138/1138/1138 1330/1330/1330
f 1141/1141/1141 1330/1330/1330 1333/1333/1333
f 1138/1138/1138 1142/1142/1142 1334/1334/1334
f 1138/1138/1138 1334/1334/1334 1330/1330/1330
f 1142/1142/1142 1184/1184/1184 1352/1352/1352
f 1142/1142/1142 1352/1352/1352 1334/1334/1334
f 1351/1351/1351 1380/1380/1380 1480/1480/1480
f 1351/1351/1351 1480/1480/1480 1451/1451/1451
f 1380/1380/1380 1382/1382/1382 1482/1482/1482
f 1380/1380/1380 1482/1482/1482 1480/1480/1480
f 1382/1382/1382 1379/1379/1379 1479/1479/1479
f 1382/1382/1382 1479/1479/1479 1482/1482/1482
f 1379/1379/1379 1350/1350/1350 1450/1450/1450
f 1379/1379/1379 1450/1450/1450 1479/1479/1479
f 1350/1350/1350 1333/1333/1333 1433/1433/1433
f 1350/1350/1350 1433/1433/1433 1450/1450/1450
f 1333/1333/1333 1330/1330/1330 1430/1430/1430
f 1333/1333/1333 1430/1430/1430 1433/1433/1433
f 1330/1330/1330 1334/1334/1334 1434/1434/1434
f 1330/1330/1330 1434/1434/1434 1430/1430/1430
f 1334/1334/1334 1352/1352/1352 1452/1452/1452
f 1334/1334/1334 1452/1452/1452 1434/1434/1434
f 1451/1451/1451 1480/1480/1480 1580/1580/1580
f 1451/1451/1451 1580/1580/1580 1551/1551/1551
f 1480/1480/1480 1482/1482/1482 1582/1582/1582
f 1480/1480/1480 1582/1582/1582 1580/1580/1580
f 1482/1482/1482 1479/1479/1479 1579/1579/1579
f 1482/1482/1482 1579/1579/1579 1582/1582/1582
f 1479/1479/1479 1450/1450/1450 1550/1550/1550
f 1479/1479/1479 1550/1550/1550 1579/1579/1579
f 1450/1450/1450 1433/1433/1433 1533/1533/1533
f 1450/1450/1450 1533/1533/1533 1550/1550/1550
f 1433/1433/1433 1430/1430/1430 1530/1530/1530
f 1433/1433/1433 1530/1530/1530 1533/1533/1533
f 1430/1430/1430 1434/1434/1434 1534/1534/1534
f 1430/1430/1430 1534/1534/1534 1530/1530/1530
f 1434/1434/1434 1452/1452/1452 1552/1552/1552
f 1434/1434/1434 1552/1552/1552 1534/1534/1534
f 1551/1551/1551 1580/1580/1580 1680/1680/1680
f 1551/1551/1551 1680/1680/1680 1651/1651/1651
f 1580/1580/1580 1582/1582/1582 1682/1682/1682
f 1580/1580/1580 1682/1682/1682 1680/1680/1680
f 1582/1582/1582 1579/1579/1579 1679/1679/1679
f 1582/1582/1582 1679/1679/1679 1682/1682/1682
f 1579/1579/1579 1550/1550/1550 1650/1650/1650
f 1579/1579/1579 1650/1650/1650 1679/1679/1679
f 1550/1550/1550 1533/1533/1533 1633/1633/1633
f 1550/1550/1550 1633/1633/1633 1650/1650/1650
f 1533/1533/1533 1530/1530/1530 1630/1630/1630
f 1533/1533/1533 1630/1630/1630 1633/1633/1633
f 1530/1530/1530 1534/1534/1534 1634/1634/1634
f 1530/1530/1530 1634/1634/1634 1630/1630/1630
f 1534/1534/1534 1552/1552/1552 1652/1652/1652
f 1534/1534/1534 1652/1652/1652 1634/1634/1634
f 1651/1651/1651 1680/1680/1680 1940/1940/1940
f 1651/1651/1651 1940/1940/1940 1911/1911/1911
f 1680/1680/1680 1682/1682/1682 1942/1942/1942
f 1680/1680/1680 1942/1942/1942 1940/1940/1940
f 1682/1682/1682 1679/1679/1679 1939/1939/1939
f 1682/1682/1682 1939/1939/1939 1942/1942/1942
f 1679/1679/1679 1650/1650/1650 1910/1910/1910
f 1679/1679/1679 1910/1910/1910 1939/1939/1939
f 1650/1650/1650 1633/1633/1633 1869/1869/1869
f 1650/1650/1650 1869/1869/1869 1910/1910/1910
f 1633/1633/1633 1630/1630/1630 1866/1866/1866
f 1633/1633/1633 1866/1866/1866 1869/1869/1869
f 1630/1630/1630 1634/1634/1634 1870/1870/1870
f 1630/1630/1630 1870/1870/1870 1866/1866/1866
f 1634/1634/1634 1652/1652/1652 1912/1912/1912
f 1634/1634/1634 1912/1912/1912 1870/1870/1870
f 1911/1911/1911 1940/1940/1940 2132/2132/2132
f 1911/1911/1911 2132/2132/2132 2103/2103/2103
f 1940/1940/1940 1942/1942/1942 2134/2134/2134
f 1940/1940/1940 2134/2134/2134 2132/2132/2132
f 1942/1942/1942 1939/1939/1939 2131/2131/2131
f 1942/1942/1942 2131/2131/2131 2134/2134/2134
f 1939/1939/1939 1910/1910/1910 2102/2102/2102
f 1939/1939/1939 2102/2102/2102 2131/2131/2131
f 1910/1910/1910 1869/1869/1869 2085/2085/2085
f 1910/1910/1910 2085/2085/2085 2102/2102/2102
f 1869/1869/1869 1866/1866/1866 2082/2082/2082
f 1869/1869/1869 2082/2082/2082 2085/2085/2085
f 1866/1866/1866 1870/1870/1870 2086/2086/2086
f 1866/1866/1866 2086/2086/2086 2082/2082/2082
f 1870/1870/1870 1912/1912/1912 2104/2104/2104
f 1870/1870/1870 2104/2104/2104 2086/2086/2086
f 2103/2103/2103 2132/2132/2132 2232/2232/2232
f 2103/2103/2103 2232/2232/2232 2203/2203/2203
f 2132/2132/2132 2134/2134/2134 2234/2234/2234
f 2132/2132/2132 2234/2234/2234 2232/2232/2232
f 2134/2134/2134 2131/2131/2131 2231/2231/2231
f 2134/2134/2134 2231/2231/2231 2234/2234/2234
f 2131/2131/2131 2102/2102/2102 2202/2202/2202
f 2131/2131/2131 2202/2202/2202 2231/2231/2231
f 2102/2102/2102 2085/2085/2085 2185/2185/2185
f 2102/2102/2102 2185/2185/2185 2202/2202/2202
f 2085/2085/2085 2082/2082/2082 2182/2182/2182
f 2085/2085/2085 2182/2182/2182 2185/2185/2185
f 2082/2082/2082 2086/2086/2086 2186/2186/2186
f 2082/2082/2082 2186/2186/2186 2182/2182/2182
f 2086/2086/2086 2104/2104/2104 2204/2204/2204
f 2086/2086/2086 2204/2204/2204 2186/2186/2186
f 2203/2203/2203 2232/2232/2232 2332/2332/2332
f 2203/2203/2203 2332/2332/2332 2303/2303/2303
f 2232/2232/2232 2234/2234/2234 2334/2334/2334
f 2232/2232/2232 2334/2334/2334 2332/2332/2332
f 2234/2234/2234 2231/2231/2231 2331/2331/2331
f 2234/2234/2234 2331/2331/2331 2334/2334/2334
f 2231/2231/2231 2202/2202/2202 2302/2302/2302
f 2231/2231/2231 2302/2302/2302 2331/2331/2331
f 2202/2202/2202 2185/2185/2185 2285/2285/2285
f 2202/2202/2202 2285/2285/2285 2302/2302/2302
f 2185/2185/2185 2182/2182/2182 2282/2282/2282
f 2185/2185/2185 2282/2282/2282 2285/2285/2285
f 2182/2182/2182 2186/2186/2186 2286/2286/2286
f 2182/2182/2182 2286/2286/2286 2282/2282/2282
f 2186/2186/2186 2204/2204/2204 2304/2304/2304
f 2186/2186/2186 2304/2304/2304 2286/2286/2286
f 2303/2303/2303 2332/2332/2332 2432/2432/2432
f 2303/2303/2303 2432/2432/2432 2403/2403/2403
f 2332/2332/2332 2334/2334/2334 2434/2434/2434
f 2332/2332/2332 2434/2434/2434 2432/2432/2432
f 2334/2334/2334 2331/2331/2331 2431/2431/2431
f 2334/2334/2334 2431/2431/2431 2434/2434/2434
f 2331/2331/2331 2302/2302/2302 2402/2402/2402
f 2331/2331/2331 2402/2402/2402 2431/2431/2431
f 2302/2302/2302 2285/2285/2285 2385/2385/2385
f 2302/2302/2302 2385/2385/2385 2402/2402/2402
f 2285/2285/2285 2282/2282/2282 2382/2382/2382
f 2285/2285/2285 2382/2382/2382 2385/2385/2385
f 2282/2282/2282 2286/2286/2286 2386/2386/2386
f 2282/2282/2282 2386/2386/2386 2382/2382/2382
f 2286/2286/2286 2304/2304/2304 2404/2404/2404
f 2286/2286/2286 2404/2404/2404 2386/2386/2386
f 2403/2403/2403 2432/2432/2432 2594/2594/2594
f 2403/2403/2403 2594/2594/2594 2599/2599/2599
f 2432/2432/2432 2434/2434/2434 2590/2590/2590
f 2432/2432/2432 2590/2590/2590 2594/2594/2594
f 2434/2434/2434 2431/2431/2431 2593/2593/2593
f 2434/2434/2434 2593/2593/2593 2590/2590/2590
f 2431/2431/2431 2402/2402/2402 2598/2598/2598
f 2431/2431/2431 2598/2598/2598 2593/2593/2593
f 2402/2402/2402 2385/2385/2385 2603/2603/2603
f 2402/2402/2402 2603/2603/2603 2598/2598/2598
f 2385/2385/2385 2382/2382/2382 2606/2606/2606
f 2385/2385/2385 2606/2606/2606 2603/2603/2603
f 2382/2382/2382 2386/2386/2386 2604/2604/2604
f 2382/2382/2382 2604/2604/2604 2606/2606/2606
f 2386/2386/2386 2404/2404/2404 2600/2600/2600
f 2386/2386/2386 2600/2600/2600 2604/2604/2604
f 2599/2599/2599 2594/2594/2594 2838/2838/2838
f 2599/2599/2599 2838/2838/2838 2855/2855/2855
f 2594/2594/2594 2590/2590/2590 2834/2834/2834
f 2594/2594/2594 2834/2834/2834 2838/2838/2838
f 2590/2590/2590 2593/2593/2593 2837/2837/2837
f 2590/2590/2590 2837/2837/2837 2834/2834/2834
f 2593/2593/2593 2598/2598/2598 2854/2854/2854
f 2593/2593/2593 2854/2854/2854 2837/2837/2837
f 2598/2598/2598 2603/2603/2603 2883/2883/2883
f 2598/2598/2598 2883/2883/2883 2854/2854/2854
f 2603/2603/2603 2606/2606/2606 2886/2886/2886
f 2603/2603/2603 2886/2886/2886 2883/2883/2883
f 2606/2606/2606 2604/2604/2604 2884/2884/2884
f 2606/2606/2606 2884/2884/2884 2886/2886/2886
f 2604/2604/2604 2600/2600/2600 2856/2856/2856
f 2604/2604/2604 2856/2856/2856 2884/2884/2884
f 2855/2855/2855 2838/2838/2838 2938/2938/2938
f 2855/2855/2855 2938/2938/2938 2955/2955/2955
f 2838/2838/2838 2834/2834/2834 2934/2934/2934
f 2838/2838/2838 2934/2934/2934 2938/2938/2938
f 2834/2834/2834 2837/2837/2837 2937/2937/2937
f 2834/2834/2834 2937/2937/2937 2934/2934/2934
f 2837/2837/2837 2854/2854/2854 2954/2954/2954
f 2837/2837/2837 2954/2954/2954 2937/2937/2937
f 2854/2854/2854 2883/2883/2883 2983/2983/2983
f 2854/2854/2854 2983/2983/2983 2954/2954/2954
f 2883/2883/2883 2886/2886/2886 2986/2986/2986
f 2883/2883/2883 2986/2986/2986 2983/2983/2983
f 2886/2886/2886 2884/2884/2884 2984/2984/2984
f 2886/2886/2886 2984/2984/2984 2986/2986/2986
f 2884/2884/2884 2856/2856/2856 2956/2956/2956
f 2884/2884/2884 2956/2956/2956 2984/2984/2984
f 2955/2955/2955 2938/2938/2938 3038/3038/3038
f 2955/2955/2955 3038/3038/3038 3055/3055/3055
f 2938/2938/2938 2934/2934/2934 3034/3034/3034
f 2938/2938/2938 3034/3034/3034 3038/3038/3038
f 2934/2934/2934 2937/2937/2937 3037/3037/3037
f 2934/2934/2934 3037/3037/3037 3034/3034/3034
f 2937/2937/2937 2954/2954/2954 3054/3054/3054
f 2937/2937/2937 3054/3054/3054 3037/3037/3037
f 2954/2954/2954 2983/2983/2983 3083/3083/3083
f 2954/2954/2954 3083/3083/3083 3054/3054/3054
f 2983/2983/2983 2986/2986/2986 3086/3086/3086
f 2983/2983/2983 3086/3086/3086 3083/3083/3083
f 2986/2986/2986 2984/2984/2984 3084/3084/3084
f 2986/2986/2986 3084/3084/3084 3086/3086/3086
f 2984/2984/2984 2956/2956/2956 3056/3056/3056
f 2984/2984/2984 3056/3056/3056 3084/3084/3084
f 3055/3055/3055 3038/3038/3038 3138/3138/3138
f 3055/3055/3055 3138/3138/3138 3155/3155/3155
f 3038/3038/3038 3034/3034/3034 3134/3134/3134
f 3038/3038/3038 3134/3134/3134 3138/3138/3138
f 3034/3034/3034 3037/3037/3037 3137/3137/3137
f 3034/3034/3034 3137/3137/3137 3134/3134/3134
f 3037/3037/3037 3054/3054/3054 3154/3154/3154
f 3037/3037/3037 3154/3154/3154 3137/3137/3137
f 3054/3054/3054 3083/3083/3083 3183/3183/3183
f 3054/3054/3054 3183/3183/3183 3154/3154/3154
f 3083/3083/3083 3086/3086/3086 3186/3186/3186
f 3083/3083/3083 3186/3186/3186 3183/3183/3183
f 3086/3086/3086 3084/3084/3084 3184/3184/3184
f 3086/3086/3086 3184/3184/3184 3186/3186/3186
f 3084/3084/3084 3056/3056/3056 3156/3156/3156
f 3084/3084/3084 3156/3156/3156 3184/3184/3184
f 3155/3155/3155 3138/3138/3138 3322/3322/3322
f 3155/3155/3155 3322/3322/3322 3339/3339/3339
f 3138/3138/3138 3134/3134/3134 3318/3318/3318
f 3138/3138/3138 3318/3318/3318 3322/3322/3322
f 3134/3134/3134 3137/3137/3137 3321/3321/3321
f 3134/3134/3134 3321/3321/3321 3318/3318/3318
f 3137/3137/3137 3154/3154/3154 3338/3338/3338
f 3137/3137/3137 3338/3338/3338 3321/3321/3321
f 3154/3154/3154 3183/3183/3183 3391/3391/3391
f 3154/3154/3154 3391/3391/3391 3338/3338/3338
f 3183/3183/3183 3186/3186/3186 3394/3394/3394
f 3183/3183/3183 3394/3394/3394 3391/3391/3391
f 3186/3186/3186 3184/3184/3184 3392/3392/3392
f 3186/3186/3186 3392/3392/3392 3394/3394/3394
f 3184/3184/3184 3156/3156/3156 3340/3340/3340
f 3184/3184/3184 3340/3340/3340 3392/3392/3392
f 3339/3339/3339 3322/3322/3322 3590/3590/3590
f 3339/3339/3339 3590/3590/3590 3607/3607/3607
f 3322/3322/3322 3318/3318/3318 3586/3586/3586
f 3322/3322/3322 3586/3586/3586 3590/3590/3590
f 3318/3318/3318 3321/3321/3321 3589/3589/3589
f 3318/3318/3318 3589/3589/3589 3586/3586/3586
f 3321/3321/3321 3338/3338/3338 3606/3606/3606
f 3321/3321/3321 3606/3606/3606 3589/3589/3589
f 3338/3338/3338 3391/3391/3391 3635/3635/3635
f 3338/3338/3338 3635/3635/3635 3606/3606/3606
f 3391/3391/3391 3394/3394/3394 3638/3638/3638
f 3391/3391/3391 3638/3638/3638 3635/3635/3635
f 3394/3394/3394 3392/3392/3392 3636/3636/3636
f 3394/3394/3394 3636/3636/3636 3638/3638/3638
f 3392/3392/3392 3340/3340/3340 3608/3608/3608
f 3392/3392/3392 3608/3608/3608 3636/3636/3636
f 3607/3607/3607 3590/3590/3590 3690/3690/3690
f 3607/3607/3607 3690/3690/3690 3707/3707/3707
f 3590/3590/3590 3586/3586/3586 3686/3686/3686
f 3590/3590/3590 3686/3686/3686 3690/3690/3690
f 3586/3586/3586 3589/3589/3589 3689/3689/3689
f 3586/3586/3586 3689/3689/3689 3686/3686/3686
f 3589/3589/3589 3606/3606/3606 3706/3706/3706
f 3589/3589/3589 3706/3706/3706 3689/3689/3689
f 3606/3606/3606 3635/3635/3635 3735/3735/3735
f 3606/3606/3606 3735/3735/3735 3706/3706/3706
f 3635/3635/3635 3638/3638/3638 3738/3738/3738
f 3635/3635/3635 3738/3738/3738 3735/3735/3735
f 3638/3638/3638 3636/3636/3636 3736/3736/3736
f 3638/3638/3638 3736/3736/3736 3738/3738/3738
f 3636/3636/3636 3608/3608/3608 3708/3708/3708
f 3636/3636/3636 3708/3708/3708 3736/3736/3736
f 3707/3707/3707 3690/3690/3690 3790/3790/3790
f 3707/3707/3707 3790/3790/3790 3807/3807/3807
f 3690/3690/3690 3686/3686/3686 3786/3786/3786
f 3690/3690/3690 3786/3786/3786 3790/3790/3790
f 3686/3686/3686 3689/3689/3689 3789/3789/3789
f 3686/3686/3686 3789/3789/3789 3786/3786/3786
f 3689/3689/3689 3706/3706/3706 3806/3806/3806
f 3689/3689/3689 3806/3806/3806 3789/3789/3789
f 3706/3706/3706 3735/3735/3735 3835/3835/3835
f 3706/3706/3706 3835/3835/3835 3806/3806/3806
f 3735/3735/3735 3738/3738/3738 3838/3838/3838
f 3735/3735/3735 3838/3838/3838 3835/3835/3835
f 3738/3738/3738 3736/3736/3736 3836/3836/3836
f 3738/3738/3738 3836/3836/3836 3838/3838/3838
f 3736/3736/3736 3708/3708/3708 3808/3808/3808
f 3736/3736/3736 3808/3808/3808 3836/3836/3836
f 3807/3807/3807 3790/3790/3790 3890/3890/3890
f 3807/3807/3807 3890/3890/3890 3907/3907/3907
f 3790/3790/3790 3786/3786/3786 3886/3886/3886
f 3790/3790/3790 3886/3886/3886 3890/3890/3890
f 3786/3786/3786 3789/3789/3789 3889/3889/3889
f 3786/3786/3786 3889/3889/3889 3886/3886/3886
f 3789/3789/3789 3806/3806/3806 3906/3906/3906
f 3789/3789/3789 3906/3906/3906 3889/3889/3889
f 3806/3806/3806 3835/3835/3835 3935/3935/3935
f 3806/3806/3806 3935/3935/3935 3906/3906/3906
f 3835/3835/3835 3838/3838/3838 3938/3938/3938
f 3835/3835/3835 3938/3938/3938 3935/3935/3935
f 3838/3838/3838 3836/3836/3836 3936/3936/3936
f 3838/3838/3838 3936/3936/3936 3938/3938/3938
f 3836/3836/3836 3808/3808/3808 3908/3908/3908
f 3836/3836/3836 3908/3908/3908 3936/3936/3936
f 3907/3907/3907 3890/3890/3890 4010/4010/4010
f 3907/3907/3907 4010/4010/4010 4067/4067/4067
f 3890/3890/3890 3886/3886/3886 3986/3986/3986
f 3890/3890/3890 3986/3986/3986 4010/4010/4010
f 3886/3886/3886 3889/3889/3889 4009/4009/4009
f 3886/3886/3886 4009/4009/4009 3986/3986/3986
f 3889/3889/3889 3906/3906/3906 4066/4066/4066
f 3889/3889/3889 4066/4066/4066 4009/4009/4009
f 3906/3906/3906 3935/3935/3935 4119/4119/4119
f 3906/3906/3906 4119/4119/4119 4066/4066/4066
f 3935/3935/3935 3938/3938/3938 4122/4122/4122
f 3935/3935/3935 4122/4122/4122 4119/4119/4119
f 3938/3938/3938 3936/3936/3936 4120/4120/4120
f 3938/3938/3938 4120/4120/4120 4122/4122/4122
f 3936/3936/3936 3908/3908/3908 4068/4068/4068
f 3936/3936/3936 4068/4068/4068 4120/4120/4120
f 4067/4067/4067 4010/4010/4010 4342/4342/4342
f 4067/4067/4067 4342/4342/4342 4359/4359/4359
f 4010/4010/4010 3986/3986/3986 4338/4338/4338
f 4010/4010/4010 4338/4338/4338 4342/4342/4342
f 3986/3986/3986 4009/4009/4009 4341/4341/4341
f 3986/3986/3986 4341/4341/4341 4338/4338/4338
f 4009/4009/4009 4066/4066/4066 4358/4358/4358
f 4009/4009/4009 4358/4358/4358 4341/4341/4341
f 4066/4066/4066 4119/4119/4119 4387/4387/4387
f 4066/4066/4066 4387/4387/4387 4358/4358/4358
f 4119/4119/4119 4122/4122/4122 4390/4390/4390
f 4119/4119/4119 4390/4390/4390 4387/4387/4387
f 4122/4122/4122 4120/4120/4120 4388/4388/4388
f 4122/4122/4122 4388/4388/4388 4390/4390/4390
f 4120/4120/4120 4068/4068/4068 4360/4360/4360
f 4120/4120/4120 4360/4360/4360 4388/4388/4388
f 4359/4359/4359 4342/4342/4342 4442/4442/4442
f 4359/4359/4359 4442/4442/4442 4459/4459/4459
f 4342/4342/4342 4338/4338/4338 4438/4438/4438
f 4342/4342/4342 4438/4438/4438 4442/4442/4442
f 4338/4338/4338 4341/4341/4341 4441/4441/4441
f 4338/4338/4338 4441/4441/4441 4438/4438/4438
f 4341/4341/4341 4358/4358/4358 4458/4458/4458
f 4341/4341/4341 4458/4458/4458 4441/4441/4441
f 4358/4358/4358 4387/4387/4387 4487/4487/4487
f 4358/4358/4358 4487/4487/4487 4458/4458/4458
f 4387/4387/4387 4390/4390/4390 4496/4496/4496
f 4387/4387/4387 4496/4496/4496 4487/4487/4487
f 4390/4390/4390 4388/4388/4388 4488/4488/4488
f 4390/4390/4390 4488/4488/4488 4496/4496/4496
f 4388/4388/4388 4360/4360/4360 4460/4460/4460
f 4388/4388/4388 4460/4460/4460 4488/4488/4488
f 4459/4459/4459 4442/4442/4442 4542/4542/4542
f 4459/4459/4459 4542/4542/4542 4559/4559/4559
f 4442/4442/4442 4438/4438/4438 4538/4538/4538
f 4442/4442/4442 4538/4538/4538 4542/4542/4542
f 4438/4438/4438 4441/4441/4441 4541/4541/4541
f 4438/4438/4438 4541/4541/4541 4538/4538/4538
f 4441/4441/4441 4458/4458/4458 4558/4558/4558
f 4441/4441/4441 4558/4558/4558 4541/4541/4541
f 4458/4458/4458 4487/4487/4487 4587/4587/4587
f 4458/4458/4458 4587/4587/4587 4558/4558/4558
f 4487/4487/4487 4496/4496/4496 4598/4598/4598
f 4487/4487/4487 4598/4598/4598 4587/4587/4587
f 4496/4496/4496 4488/4488/4488 4588/4588/4588
f 4496/4496/4496 4588/4588/4588 4598/4598/4598
f 4488/4488/4488 4460/4460/4460 4560/4560/4560
f 4488/4488/4488 4560/4560/4560 4588/4588/4588
f 4559/4559/4559 4542/4542/4542 4642/4642/4642
f 4559/4559/4559 4642/4642/4642 4659/4659/4659
f 4542/4542/4542 4538/4538/4538 4638/4638/4638
f 4542/4542/4542 4638/4638/4638 4642/4642/4642
f 4538/4538/4538 4541/4541/4541 4641/4641/4641
f 4538/4538/4538 4641/4641/4641 4638/4638/4638
f 4541/4541/4541 4558/4558/4558 4658/4658/4658
f 4541/4541/4541 4658/4658/4658 4641/4641/4641
f 4558/4558/4558 4587/4587/4587 4693/4693/4693
f 4558/4558/4558 4693/4693/4693 4658/4658/4658
f 4587/4587/4587 4598/4598/4598 4698/4698/4698
f 4587/4587/4587 4698/4698/4698 4693/4693/4693
f 4598/4598/4598 4588/4588/4588 4694/4694/4694
f 4598/4598/4598 4694/4694/4694 4698/4698/4698
f 4588/4588/4588 4560/4560/4560 4660/4660/4660
f 4588/4588/4588 4660/4660/4660 4694/4694/4694
f 4659/4659/4659 4642/4642/4642 4742/4742/4742
f 4659/4659/4659 4742/4742/4742 4759/4759/4759
f 4642/4642/4642 4638/4638/4638 4738/4738/4738
f 4642/4642/4642 4738/4738/4738 4742/4742/4742
f 4638/4638/4638 4641/4641/4641 4741/4741/4741
f 4638/4638/4638 4741/4741/4741 4738/4738/4738
f 4641/4641/4641 4658/4658/4658 4758/4758/4758
f 4641/4641/4641 4758/4758/4758 4741/4741/4741
f 4658/4658/4658 4693/4693/4693 4855/4855/4855
f 4658/4658/4658 4855/4855/4855 4758/4758/4758
f 4693/4693/4693 4698/4698/4698 4866/4866/4866
f 4693/4693/4693 4866/4866/4866 4855/4855/4855
f 4698/4698/4698 4694/4694/4694 4856/4856/4856
f 4698/4698/4698 4856/4856/4856 4866/4866/4866
f 4694/4694/4694 4660/4660/4660 4760/4760/4760
f 4694/4694/4694 4760/4760/4760 4856/4856/4856
f 4759/4759/4759 4742/4742/4742 5104/5104/5104
f 4759/4759/4759 5104/5104/5104 5155/5155/5155
f 4742/4742/4742 4738/4738/4738 5092/5092/5092
f 4742/4742/4742 5092/5092/5092 5104/5104/5104
f 4738/4738/4738 4741/4741/4741 5101/5101/5101
f 4738/4738/4738 5101/5101/5101 5092/5092/5092
f 4741/4741/4741 4758/4758/4758 5151/5151/5151
f 4741/4741/4741 5151/5151/5151 5101/5101/5101
f 4758/4758/4758 4855/4855/4855 5241/5241/5241
f 4758/4758/4758 5241/5241/5241 5151/5151/5151
f 4855/4855/4855 4866/4866/4866 5250/5250/5250
f 4855/4855/4855 5250/5250/5250 5241/5241/5241
f 4866/4866/4866 4856/4856/4856 5244/5244/5244
f 4866/4866/4866 5244/5244/5244 5250/5250/5250
f 4856/4856/4856 4760/4760/4760 5156/5156/5156
f 4856/4856/4856 5156/5156/5156 5244/5244/5244
f 88/88/88 171/171/171 89/89/89
f 88/88/88 177/177/177 170/170/170
f 88/88/88 168/168/168 176/176/176
f 88/88/88 86/86/86 167/167/167
f 88/88/88 29/29/29 85/85/85
f 88/88/88 20/20/20 28/28/28
f 88/88/88 32/32/32 19/19/19
f 88/88/88 90/90/90 31/31/31
f 5154/5154/5154 5157/5157/5157 5106/5106/5106
f 5154/5154/5154 5105/5105/5105 5094/5094/5094
f 5154/5154/5154 5093/5093/5093 5103/5103/5103
f 5154/5154/5154 5102/5102/5102 5153/5153/5153
f 5154/5154/5154 5152/5152/5152 5243/5243/5243
f 5154/5154/5154 5242/5242/5242 5252/5252/5252
f 5154/5154/5154 5251/5251/5251 5246/5246/5246
f 5154/5154/5154 5245/5245/5245 5158/5158/5158
o Barandilla_elemental
v -3.240000 0.584375 -1.250000
v -3.240000 0.584375 1.250000
v -3.221731 0.584375 -1.341844
v -3.221731 0.584375 -1.158156
v -3.221731 0.584375 1.158156
v -3.221731 0.584375 1.341844
v -3.200000 0.434375 -1.250000
v -3.200000 0.434375 -1.250000
v -3.200000 0.434375 1.250000
v -3.200000 0.434375 1.250000
v -3.184776 0.434375 -1.326537
v -3.184776 0.434375 -1.326537
v -3.184776 0.434375 -1.173463
v -3.184776 0.434375 -1.173463
v -3.184776 0.434375 1.173463
v -3.184776 0.434375 1.173463
v -3.184776 0.434375 1.326537
v -3.184776 0.434375 1.326537
v -3.170000 1.634375 -1.250000
v -3.170000 1.634375 -1.250000
v -3.170000 1.634375 1.250000
v -3.170000 1.634375 1.250000
v -3.169706 0.584375 -1.419706
v -3.169706 0.584375 -1.080294
v -3.169706 0.584375 1.080294
v -3.169706 0.584375 1.419706
v -3.157060 1.634375 -1.315056
v -3.157060 1.634375 -1.315056
v -3.157060 1.634375 -1.184944
v -3.157060 1.634375 -1.184944
v -3.157060 1.634375 1.184944
v -3.157060 1.634375 1.184944
v -3.157060 1.634375 1.315056
v -3.157060 1.634375 1.315056
v -3.141421 0.434375 -1.391421
v -3.141421 0.434375 -1.391421
v -3.141421 0.434375 -1.108579
v -3.141421 0.434375 -1.108579
v -3.141421 0.434375 1.108579
v -3.141421 0.434375 1.108579
v -3.141421 0.434375 1.391421
v -3.141421 0.434375 1.391421
v -3.120208 1.634375 -1.370208
v -3.120208 1.634375 -1.370208
v -3.120208 1.634375 -1.129792
v -3.120208 1.634375 -1.129792
v -3.120208 1.634375 1.129792
v -3.120208 1.634375 1.129792
v -3.120208 1.634375 1.370208
v -3.120208 1.634375 1.370208
v -3.091844 0.584375 -1.471731
v -3.091844 0.584375 -1.028269
v -3.091844 0.584375 1.028269
v -3.091844 0.584375 1.471731
v -3.076537 0.434375 -1.434776
v -3.076537 0.434375 -1.434776
v -3.076537 0.434375 -1.065224
v -3.076537 0.434375 -1.065224
v -3.076537 0.434375 1.065224
v -3.076537 0.434375 1.065224
v -3.076537 0.434375 1.434776
v -3.076537 0.434375 1.434776
v -3.065056 1.634375 -1.407060
v -3.065056 1.634375 -1.407060
v -3.065056 1.634375 -1.092940
v -3.065056 1.634375 -1.092940
v -3.065056 1.634375 1.092940
v -3.065056 1.634375 1.092940
v -3.065056 1.634375 1.407060
v -3.065056 1.634375 1.407060
v -3.000000 0.434375 -1.450000
v -3.000000 0.434375 -1.450000
v -3.000000 0.434375 -1.250000
v -3.000000 0.434375 -1.050000
v -3.000000 0.434375 -1.050000
v -3.000000 0.434375 1.050000
v -3.000000 0.434375 1.050000
v -3.000000 0.434375 1.250000
v -3.000000 0.434375 1.450000
v -3.000000 0.434375 1.450000
v -3.000000 0.584375 -1.490000
v -3.000000 0.584375 -1.010000
v -3.000000 0.584375 1.010000
v -3.000000 0.584375 1.490000
v -3.000000 1.634375 -1.420000
v -3.000000 1.634375 -1.420000
v -3.000000 1.634375 -1.250000
v -3.000000 1.634375 -1.080000
v -3.000000 1.634375 -1.080000
v -3.000000 1.634375 1.080000
v -3.000000 1.634375 1.080000
v -3.000000 1.634375 1.250000
v -3.000000 1.634375 1.420000
v -3.000000 1.634375 1.420000
v -2.934944 1.634375 -1.407060
v -2.934944 1.634375 -1.407060
v -2.934944 1.634375 -1.092940
v -2.934944 1.634375 -1.092940
v -2.934944 1.634375 1.092940
v -2.934944 1.634375 1.092940
v -2.934944 1.634375 1.407060
v -2.934944 1.634375 1.407060
v -2.923463 0.434375 -1.434776
v -2.923463 0.434375 -1.434776
v -2.923463 0.434375 -1.065224
v -2.923463 0.434375 -1.065224
v -2.923463 0.434375 1.065224
v -2.923463 0.434375 1.065224
v -2.923463 0.434375 1.434776
v -2.923463 0.434375 1.434776
v -2.908156 0.584375 -1.471731
v -2.908156 0.584375 -1.028269
v -2.908156 0.584375 1.028269
v -2.908156 0.584375 1.471731
v -2.879792 1.634375 -1.370208
v -2.879792 1.634375 -1.370208
v -2.879792 1.634375 -1.129792
v -2.879792 1.634375 -1.129792
v -2.879792 1.634375 1.129792
v -2.879792 1.634375 1.129792
v -2.879792 1.634375 1.370208
v -2.879792 1.634375 1.370208
v -2.858579 0.434375 -1.391421
v -2.858579 0.434375 -1.391421
v -2.858579 0.434375 -1.108579
v -2.858579 0.434375 -1.108579
v -2.858579 0.434375 1.108579
v -2.858579 0.434375 1.108579
v -2.858579 0.434375 1.391421
v -2.858579 0.434375 1.391421
v -2.842940 1.634375 -1.315056
v -2.842940 1.634375 -1.315056
v -2.842940 1.634375 -1.184944
v -2.842940 1.634375 -1.184944
v -2.842940 1.634375 1.184944
v -2.842940 1.634375 1.184944
v -2.842940 1.634375 1.315056
v -2.842940 1.634375 1.315056
v -2.830294 0.584375 -1.419706
v -2.830294 0.584375 -1.080294
v -2.830294 0.584375 1.080294
v -2.830294 0.584375 1.419706
v -2.830000 1.634375 -1.250000
v -2.830000 1.634375 -1.250000
v -2.830000 1.634375 -1.250000
v -2.830000 1.634375 1.250000
v -2.830000 1.634375 1.250000
v -2.830000 1.634375 1.250000
v -2.815224 0.434375 -1.326537
v -2.815224 0.434375 -1.326537
v -2.815224 0.434375 -1.173463
v -2.815224 0.434375 -1.173463
v -2.815224 0.434375 1.173463
v -2.815224 0.434375 1.173463
v -2.815224 0.434375 1.326537
v -2.815224 0.434375 1.326537
v -2.800000 0.434375 -1.250000
v -2.800000 0.434375 -1.250000
v -2.800000 0.434375 -1.250000
v -2.800000 0.434375 1.250000
v -2.800000 0.434375 1.250000
v -2.800000 0.434375 1.250000
v -2.778269 0.584375 -1.341844
v -2.778269 0.584375 -1.158156
v -2.778269 0.584375 1.158156
v -2.778269 0.584375 1.341844
v -2.760000 0.584375 -1.250000
v -2.760000 0.584375 -1.250000
v -2.760000 0.584375 1.250000
v -2.760000 0.584375 1.250000
v -0.240000 0.950000 -1.250000
v -0.240000 0.950000 1.250000
v -0.221731 0.950000 -1.341844
v -0.221731 0.950000 -1.158156
v -0.221731 0.950000 1.158156
v -0.221731 0.950000 1.341844
v -0.200000 0.800000 -1.250000
v -0.200000 0.800000 -1.250000
v -0.200000 0.800000 1.250000
v -0.200000 0.800000 1.250000
v -0.184776 0.800000 -1.326537
v -0.184776 0.800000 -1.326537
v -0.184776 0.800000 -1.173463
v -0.184776 0.800000 -1.173463
v -0.184776 0.800000 1.173463
v -0.184776 0.800000 1.173463
v -0.184776 0.800000 1.326537
v -0.184776 0.800000 1.326537
v -0.170000 2.000000 -1.250000
v -0.170000 2.000000 -1.250000
v -0.170000 2.000000 1.250000
v -0.170000 2.000000 1.250000
v -0.169706 0.950000 -1.419706
v -0.169706 0.950000 -1.080294
v -0.169706 0.950000 1.080294
v -0.169706 0.950000 1.419706
v -0.157060 2.000000 -1.315056
v -0.157060 2.000000 -1.315056
v -0.157060 2.000000 -1.184944
v -0.157060 2.000000 -1.184944
v -0.157060 2.000000 1.184944
v -0.157060 2.000000 1.184944
v -0.157060 2.000000 1.315056
v -0.157060 2.000000 1.315056
v -0.141421 0.800000 -1.391421
v -0.141421 0.800000 -1.391421
v -0.141421 0.800000 -1.108579
v -0.141421 0.800000 -1.108579
v -0.141421 0.800000 1.108579
v -0.141421 0.800000 1.108579
v -0.141421 0.800000 1.391421
v -0.141421 0.800000 1.391421
v -0.120208 2.000000 -1.370208
v -0.120208 2.000000 -1.370208
v -0.120208 2.000000 -1.129792
v -0.120208 2.000000 -1.129792
v -0.120208 2.000000 1.129792
v -0.120208 2.000000 1.129792
v -0.120208 2.000000 1.370208
v -0.120208 2.000000 1.370208
v -0.091844 0.950000 -1.471731
v -0.091844 0.950000 -1.028269
v -0.091844 0.950000 1.028269
v -0.091844 0.950000 1.471731
v -0.076537 0.800000 -1.434776
v -0.076537 0.800000 -1.434776
v -0.076537 0.800000 -1.065224
v -0.076537 0.800000 -1.065224
v -0.076537 0.800000 1.065224
v -0.076537 0.800000 1.065224
v -0.076537 0.800000 1.434776
v -0.076537 0.800000 1.434776
v -0.065056 2.000000 -1.407060
v -0.065056 2.000000 -1.407060
v -0.065056 2.000000 -1.092940
v -0.065056 2.000000 -1.092940
v -0.065056 2.000000 1.092940
v -0.065056 2.000000 1.092940
v -0.065056 2.000000 1.407060
v -0.065056 2.000000 1.407060
v 0.000000 0.800000 -1.450000
v 0.000000 0.800000 -1.450000
v 0.000000 0.800000 -1.250000
v 0.000000 0.800000 -1.050000
v 0.000000 0.800000 -1.050000
v 0.000000 0.800000 1.050000
v 0.000000 0.800000 1.050000
v 0.000000 0.800000 1.250000
v 0.000000 0.800000 1.450000
v 0.000000 0.800000 1.450000
v 0.000000 0.950000 -1.490000
v 0.000000 0.950000 -1.010000
v 0.000000 0.950000 1.010000
v 0.000000 0.950000 1.490000
v 0.000000 2.000000 -1.420000
v 0.000000 2.000000 -1.420000
v 0.000000 2.000000 -1.250000
v 0.000000 2.000000 -1.080000
v 0.000000 2.000000 -1.080000
v 0.000000 2.000000 1.080000
v 0.000000 2.000000 1.080000
v 0.000000 2.000000 1.250000
v 0.000000 2.000000 1.420000
v 0.000000 2.000000 1.420000
v 0.065056 2.000000 -1.407060
v 0.065056 2.000000 -1.407060
v 0.065056 2.000000 -1.092940
v 0.065056 2.000000 -1.092940
v 0.065056 2.000000 1.092940
v 0.065056 2.000000 1.092940
v 0.065056 2.000000 1.407060
v 0.065056 2.000000 1.407060
v 0.076537 0.800000 -1.434776
v 0.076537 0.800000 -1.434776
v 0.076537 0.800000 -1.065224
v 0.076537 0.800000 -1.065224
v 0.076537 0.800000 1.065224
v 0.076537 0.800000 1.065224
v 0.076537 0.800000 1.434776
v 0.076537 0.800000 1.434776
v 0.091844 0.950000 -1.471731
v 0.091844 0.950000 -1.028269
v 0.091844 0.950000 1.028269
v 0.091844 0.950000 1.471731
v 0.120208 2.000000 -1.370208
v 0.120208 2.000000 -1.370208
v 0.120208 2.000000 -1.129792
v 0.120208 2.000000 -1.129792
v 0.120208 2.000000 1.129792
v 0.120208 2.000000 1.129792
v 0.120208 2.000000 1.370208
v 0.120208 2.000000 1.370208
v 0.141421 0.800000 -1.391421
v 0.141421 0.800000 -1.391421
v 0.141421 0.800000 -1.108579
v 0.141421 0.800000 -1.108579
v 0.141421 0.800000 1.108579
v 0.141421 0.800000 1.108579
v 0.141421 0.800000 1.391421
v 0.141421 0.800000 1.391421
v 0.157060 2.000000 -1.315056
v 0.157060 2.000000 -1.315056
v 0.157060 2.000000 -1.184944
v 0.157060 2.000000 -1.184944
v 0.157060 2.000000 1.184944
v 0.157060 2.000000 1.184944
v 0.157060 2.000000 1.315056
v 0.157060 2.000000 1.315056
v 0.169706 0.950000 -1.419706
v 0.169706 0.950000 -1.080294
v 0.169706 0.950000 1.080294
v 0.169706 0.950000 1.419706
v 0.170000 2.000000 -1.250000
v 0.170000 2.000000 -1.250000
v 0.170000 2.000000 -1.250000
v 0.170000 2.000000 1.250000
v 0.170000 2.000000 1.250000
v 0.170000 2.000000 1.250000
v 0.184776 0.800000 -1.326537
v 0.184776 0.800000 -1.326537
v 0.184776 0.800000 -1.173463
v 0.184776 0.800000 -1.173463
v 0.184776 0.800000 1.173463
v 0.184776 0.800000 1.173463
v 0.184776 0.800000 1.326537
v 0.184776 0.800000 1.326537
v 0.200000 0.800000 -1.250000
v 0.200000 0.800000 -1.250000
v 0.200000 0.800000 -1.250000
v 0.200000 0.800000 1.250000
v 0.200000 0.800000 1.250000
v 0.200000 0.800000 1.250000
v 0.221731 0.950000 -1.341844
v 0.221731 0.950000 -1.158156
v 0.221731 0.950000 1.158156
v 0.221731 0.950000 1.341844
v 0.240000 0.950000 -1.250000
v 0.240000 0.950000 -1.250000
v 0.240000 0.950000 1.250000
v 0.240000 0.950000 1.250000
v 2.760000 0.584375 -1.250000
v 2.760000 0.584375 1.250000
v 2.778269 0.584375 -1.341844
v 2.778269 0.584375 -1.158156
v 2.778269 0.584375 1.158156
v 2.778269 0.584375 1.341844
v 2.800000 0.434375 -1.250000
v 2.800000 0.434375 -1.250000
v 2.800000 0.434375 1.250000
v 2.800000 0.434375 1.250000
v 2.815224 0.434375 -1.326537
v 2.815224 0.434375 -1.326537
v 2.815224 0.434375 -1.173463
v 2.815224 0.434375 -1.173463
v 2.815224 0.434375 1.173463
v 2.815224 0.434375 1.173463
v 2.815224 0.434375 1.326537
v 2.815224 0.434375 1.326537
v 2.830000 1.634375 -1.250000
v 2.830000 1.634375 -1.250000
v 2.830000 1.634375 1.250000
v 2.830000 1.634375 1.250000
v 2.830294 0.584375 -1.419706
v 2.830294 0.584375 -1.080294
v 2.830294 0.584375 1.080294
v 2.830294 0.584375 1.419706
v 2.842940 1.634375 -1.315056
v 2.842940 1.634375 -1.315056
v 2.842940 1.634375 -1.184944
v 2.842940 1.634375 -1.184944
v 2.842940 1.634375 1.184944
v 2.842940 1.634375 1.184944
v 2.842940 1.634375 1.315056
v 2.842940 1.634375 1.315056
v 2.858579 0.434375 -1.391421
v 2.858579 0.434375 -1.391421
v 2.858579 0.434375 -1.108579
v 2.858579 0.434375 -1.108579
v 2.858579 0.434375 1.108579
v 2.858579 0.434375 1.108579
v 2.858579 0.434375 1.391421
v 2.858579 0.434375 1.391421
v 2.879792 1.634375 -1.370208
v 2.879792 1.634375 -1.370208
v 2.879792 1.634375 -1.129792
v 2.879792 1.634375 -1.129792
v 2.879792 1.634375 1.129792
v 2.879792 1.634375 1.129792
v 2.879792 1.634375 1.370208
v 2.879792 1.634375 1.370208
v 2.908156 0.584375 -1.471731
v 2.908156 0.584375 -1.028269
v 2.908156 0.584375 1.028269
v 2.908156 0.584375 1.471731
v 2.923463 0.434375 -1.434776
v 2.923463 0.434375 -1.434776
v 2.923463 0.434375 -1.065224
v 2.923463 0.434375 -1.065224
v 2.923463 0.434375 1.065224
v 2.923463 0.434375 1.065224
v 2.923463 0.434375 1.434776
v 2.923463 0.434375 1.434776
v 2.934944 1.634375 -1.407060
v 2.934944 1.634375 -1.407060
v 2.934944 1.634375 -1.092940
v 2.934944 1.634375 -1.092940
v 2.934944 1.634375 1.092940
v 2.934944 1.634375 1.092940
v 2.934944 1.634375 1.407060
v 2.934944 1.634375 1.407060
v 3.000000 0.434375 -1.450000
v 3.000000 0.434375 -1.450000
v 3.000000 0.434375 -1.250000
v 3.000000 0.434375 -1.050000
v 3.000000 0.434375 -1.050000
v 3.000000 0.434375 1.050000
v 3.000000 0.434375 1.050000
v 3.000000 0.434375 1.250000
v 3.000000 0.434375 1.450000
v 3.000000 0.434375 1.450000
v 3.000000 0.584375 -1.490000
v 3.000000 0.584375 -1.010000
v 3.000000 0.584375 1.010000
v 3.000000 0.584375 1.490000
v 3.000000 1.634375 -1.420000
v 3.000000 1.634375 -1.420000
v 3.000000 1.634375 -1.250000
v 3.000000 1.634375 -1.080000
v 3.000000 1.634375 -1.080000
v 3.000000 1.634375 1.080000
v 3.000000 1.634375 1.080000
v 3.000000 1.634375 1.250000
v 3.000000 1.634375 1.420000
v 3.000000 1.634375 1.420000
v 3.065056 1.634375 -1.407060
v 3.065056 1.634375 -1.407060
v 3.065056 1.634375 -1.092940
v 3.065056 1.634375 -1.092940
v 3.065056 1.634375 1.092940
v 3.065056 1.634375 1.092940
v 3.065056 1.634375 1.407060
v 3.065056 1.634375 1.407060
v 3.076537 0.434375 -1.434776
v 3.076537 0.434375 -1.434776
v 3.076537 0.434375 -1.065224
v 3.076537 0.434375 -1.065224
v 3.076537 0.434375 1.065224
v 3.076537 0.434375 1.065224
v 3.076537 0.434375 1.434776
v 3.076537 0.434375 1.434776
v 3.091844 0.584375 -1.471731
v 3.091844 0.584375 -1.028269
v 3.091844 0.584375 1.028269
v 3.091844 0.584375 1.471731
v 3.120208 1.634375 -1.370208
v 3.120208 1.634375 -1.370208
v 3.120208 1.634375 -1.129792
v 3.120208 1.634375 -1.129792
v 3.120208 1.634375 1.129792
v 3.120208 1.634375 1.129792
v 3.120208 1.634375 1.370208
v 3.120208 1.634375 1.370208
v 3.141421 0.434375 -1.391421
v 3.141421 0.434375 -1.391421
v 3.141421 0.434375 -1.108579
v 3.141421 0.434375 -1.108579
v 3.141421 0.434375 1.108579
v 3.141421 0.434375 1.108579
v 3.141421 0.434375 1.391421
v 3.141421 0.434375 1.391421
v 3.157060 1.634375 -1.315056
v 3.157060 1.634375 -1.315056
v 3.157060 1.634375 -1.184944
v 3.157060 1.634375 -1.184944
v 3.157060 1.634375 1.184944
v 3.157060 1.634375 1.184944
v 3.157060 1.634375 1.315056
v 3.157060 1.634375 1.315056
v 3.169706 0.584375 -1.419706
v 3.169706 0.584375 -1.080294
v 3.169706 0.584375 1.080294
v 3.169706 0.584375 1.419706
v 3.170000 1.634375 -1.250000
v 3.170000 1.634375 -1.250000
v 3.170000 1.634375 -1.250000
v 3.170000 1.634375 1.250000
v 3.170000 1.634375 1.250000
v 3.170000 1.634375 1.250000
v 3.184776 0.434375 -1.326537
v 3.184776 0.434375 -1.326537
v 3.184776 0.434375 -1.173463
v 3.184776 0.434375 -1.173463
v 3.184776 0.434375 1.173463
v 3.184776 0.434375 1.173463
v 3.184776 0.434375 1.326537
v 3.184776 0.434375 1.326537
v 3.200000 0.434375 -1.250000
v 3.200000 0.434375 -1.250000
v 3.200000 0.434375 -1.250000
v 3.200000 0.434375 1.250000
v 3.200000 0.434375 1.250000
v 3.200000 0.434375 1.250000
v 3.221731 0.584375 -1.341844
v 3.221731 0.584375 -1.158156
v 3.221731 0.584375 1.158156
v 3.221731 0.584375 1.341844
v 3.240000 0.584375 -1.250000
v 3.240000 0.584375 -1.250000
v 3.240000 0.584375 1.250000
v 3.240000 0.584375 1.250000
vt 0.500000 0.093750
vt 0.500000 0.093750
vt 0.562500 0.093750
vt 0.437500 0.093750
vt 0.562500 0.093750
vt 0.437500 0.093750
vt 0.500000 0.000000
vt 0.083333 0.500000
vt 0.500000 0.000000
vt 0.083333 0.500000
vt 0.562500 0.000000
vt 0.115050 0.340549
vt 0.437500 0.000000
vt 0.115050 0.659451
vt 0.562500 0.000000
vt 0.115050 0.340549
vt 0.437500 0.000000
vt 0.115050 0.659451
vt 0.500000 0.750000
vt 0.145833 0.500000
vt 0.500000 0.750000
vt 0.145833 0.500000
vt 0.625000 0.093750
vt 0.375000 0.093750
vt 0.625000 0.093750
vt 0.375000 0.093750
vt 0.562500 0.750000
vt 0.172793 0.364466
vt 0.437500 0.750000
vt 0.172793 0.635534
vt 0.562500 0.750000
vt 0.172793 0.364466
vt 0.437500 0.750000
vt 0.172793 0.635534
vt 0.625000 0.000000
vt 0.205372 0.205372
vt 0.375000 0.000000
vt 0.205372 0.794628
vt 0.625000 0.000000
vt 0.205372 0.205372
vt 0.375000 0.000000
vt 0.205372 0.794628
vt 0.625000 0.750000
vt 0.249566 0.249566
vt 0.375000 0.750000
vt 0.249566 0.750434
vt 0.625000 0.750000
vt 0.249566 0.249566
vt 0.375000 0.750000
vt 0.249566 0.750434
vt 0.687500 0.093750
vt 0.312500 0.093750
vt 0.687500 0.093750
vt 0.312500 0.093750
vt 0.687500 0.000000
vt 0.340549 0.115050
vt 0.312500 0.000000
vt 0.340549 0.884950
vt 0.687500 0.000000
vt 0.340549 0.115050
vt 0.312500 0.000000
vt 0.340549 0.884950
vt 0.687500 0.750000
vt 0.364466 0.172793
vt 0.312500 0.750000
vt 0.364466 0.827207
vt 0.687500 0.750000
vt 0.364466 0.172793
vt 0.312500 0.750000
vt 0.364466 0.827207
vt 0.500000 0.083333
vt 0.750000 0.000000
vt 0.500000 0.500000
vt 0.500000 0.916667
vt 0.250000 0.000000
vt 0.500000 0.083333
vt 0.750000 0.000000
vt 0.500000 0.500000
vt 0.500000 0.916667
vt 0.250000 0.000000
vt 0.750000 0.093750
vt 0.250000 0.093750
vt 0.750000 0.093750
vt 0.250000 0.093750
vt 0.750000 0.750000
vt 0.500000 0.145833
vt 0.500000 0.500000
vt 0.250000 0.750000
vt 0.500000 0.854167
vt 0.750000 0.750000
vt 0.500000 0.145833
vt 0.500000 0.500000
vt 0.250000 0.750000
vt 0.500000 0.854167
vt 0.635534 0.172793
vt 0.812500 0.750000
vt 0.635534 0.827207
vt 0.187500 0.750000
vt 0.635534 0.172793
vt 0.812500 0.750000
vt 0.635534 0.827207
vt 0.187500 0.750000
vt 0.659451 0.115050
vt 0.812500 0.000000
vt 0.659451 0.884950
vt 0.187500 0.000000
vt 0.659451 0.115050
vt 0.812500 0.000000
vt 0.659451 0.884950
vt 0.187500 0.000000
vt 0.812500 0.093750
vt 0.187500 0.093750
vt 0.812500 0.093750
vt 0.187500 0.093750
vt 0.750434 0.249566
vt 0.875000 0.750000
vt 0.750434 0.750434
vt 0.125000 0.750000
vt 0.750434 0.249566
vt 0.875000 0.750000
vt 0.750434 0.750434
vt 0.125000 0.750000
vt 0.794628 0.205372
vt 0.875000 0.000000
vt 0.794628 0.794628
vt 0.125000 0.000000
vt 0.794628 0.205372
vt 0.875000 0.000000
vt 0.794628 0.794628
vt 0.125000 0.000000
vt 0.827207 0.364466
vt 0.937500 0.750000
vt 0.827207 0.635534
vt 0.062500 0.750000
vt 0.827207 0.364466
vt 0.937500 0.750000
vt 0.827207 0.635534
vt 0.062500 0.750000
vt 0.875000 0.093750
vt 0.125000 0.093750
vt 0.875000 0.093750
vt 0.125000 0.093750
vt 0.854167 0.500000
vt 0.000000 0.750000
vt 1.000000 0.750000
vt 0.854167 0.500000
vt 0.000000 0.750000
vt 1.000000 0.750000
vt 0.884950 0.340549
vt 0.937500 0.000000
vt 0.884950 0.659451
vt 0.062500 0.000000
vt 0.884950 0.340549
vt 0.937500 0.000000
vt 0.884950 0.659451
vt 0.062500 0.000000
vt 0.916667 0.500000
vt 0.000000 0.000000
vt 1.000000 0.000000
vt 0.916667 0.500000
vt 0.000000 0.000000
vt 1.000000 0.000000
vt 0.937500 0.093750
vt 0.062500 0.093750
vt 0.937500 0.093750
vt 0.062500 0.093750
vt 0.000000 0.093750
vt 1.000000 0.093750
vt 0.000000 0.093750
vt 1.000000 0.093750
vt 0.500000 0.093750
vt 0.500000 0.093750
vt 0.562500 0.093750
vt 0.437500 0.093750
vt 0.562500 0.093750
vt 0.437500 0.093750
vt 0.500000 0.000000
vt 0.083333 0.500000
vt 0.500000 0.000000
vt 0.083333 0.500000
vt 0.562500 0.000000
vt 0.115050 0.340549
vt 0.437500 0.000000
vt 0.115050 0.659451
vt 0.562500 0.000000
vt 0.115050 0.340549
vt 0.437500 0.000000
vt 0.115050 0.659451
vt 0.500000 0.750000
vt 0.145833 0.500000
vt 0.500000 0.750000
vt 0.145833 0.500000
vt 0.625000 0.093750
vt 0.375000 0.093750
vt 0.625000 0.093750
vt 0.375000 0.093750
vt 0.562500 0.750000
vt 0.172793 0.364466
vt 0.437500 0.750000
vt 0.172793 0.635534
vt 0.562500 0.750000
vt 0.172793 0.364466
vt 0.437500 0.750000
vt 0.172793 0.635534
vt 0.625000 0.000000
vt 0.205372 0.205372
vt 0.375000 0.000000
vt 0.205372 0.794628
vt 0.625000 0.000000
vt 0.205372 0.205372
vt 0.375000 0.000000
vt 0.205372 0.794628
vt 0.625000 0.750000
vt 0.249566 0.249566
vt 0.375000 0.750000
vt 0.249566 0.750434
vt 0.625000 0.750000
vt 0.249566 0.249566
vt 0.375000 0.750000
vt 0.249566 0.750434
vt 0.687500 0.093750
vt 0.312500 0.093750
vt 0.687500 0.093750
vt 0.312500 0.093750
vt 0.687500 0.000000
vt 0.340549 0.115050
vt 0.312500 0.000000
vt 0.340549 0.884950
vt 0.687500 0.000000
vt 0.340549 0.115050
vt 0.312500 0.000000
vt 0.340549 0.884950
vt 0.687500 0.750000
vt 0.364466 0.172793
vt 0.312500 0.750000
vt 0.364466 0.827207
vt 0.687500 0.750000
vt 0.364466 0.172793
vt 0.312500 0.750000
vt 0.364466 0.827207
vt 0.500000 0.083333
vt 0.750000 0.000000
vt 0.500000 0.500000
vt 0.500000 0.916667
vt 0.250000 0.000000
vt 0.500000 0.083333
vt 0.750000 0.000000
vt 0.500000 0.500000
vt 0.500000 0.916667
vt 0.250000 0.000000
vt 0.750000 0.093750
vt 0.250000 0.093750
vt 0.750000 0.093750
vt 0.250000 0.093750
vt 0.750000 0.750000
vt 0.500000 0.145833
vt 0.500000 0.500000
vt 0.250000 0.750000
vt 0.500000 0.854167
vt 0.750000 0.750000
vt 0.500000 0.145833
vt 0.500000 0.500000
vt 0.250000 0.750000
vt 0.500000 0.854167
vt 0.635534 0.172793
vt 0.812500 0.750000
vt 0.635534 0.827207
vt 0.187500 0.750000
vt 0.635534 0.172793
vt 0.812500 0.750000
vt 0.635534 0.827207
vt 0.187500 0.750000
vt 0.659451 0.115050
vt 0.812500 0.000000
vt 0.659451 0.884950
vt 0.187500 0.000000
vt 0.659451 0.115050
vt 0.812500 0.000000
vt 0.659451 0.884950
vt 0.187500 0.000000
vt 0.812500 0.093750
vt 0.187500 0.093750
vt 0.812500 0.093750
vt 0.187500 0.093750
vt 0.750434 0.249566
vt 0.875000 0.750000
vt 0.750434 0.750434
vt 0.125000 0.750000
vt 0.750434 0.249566
vt 0.875000 0.750000
vt 0.750434 0.750434
vt 0.125000 0.750000
vt 0.794628 0.205372
vt 0.875000 0.000000
vt 0.794628 0.794628
vt 0.125000 0.000000
vt 0.794628 0.205372
vt 0.875000 0.000000
vt 0.794628 0.794628
vt 0.125000 0.000000
vt 0.827207 0.364466
vt 0.937500 0.750000
vt 0.827207 0.635534
vt 0.062500 0.750000
vt 0.827207 0.364466
vt 0.937500 0.750000
vt 0.827207 0.635534
vt 0.062500 0.750000
vt 0.875000 0.093750
vt 0.125000 0.093750
vt 0.875000 0.093750
vt 0.125000 0.093750
vt 0.854167 0.500000
vt 0.000000 0.750000
vt 1.000000 0.750000
vt 0.854167 0.500000
vt 0.000000 0.750000
vt 1.000000 0.750000
vt 0.884950 0.340549
vt 0.937500 0.000000
vt 0.884950 0.659451
vt 0.062500 0.000000
vt 0.884950 0.340549
vt 0.937500 0.000000
vt 0.884950 0.659451
vt 0.062500 0.000000
vt 0.916667 0.500000
vt 0.000000 0.000000
vt 1.000000 0.000000
vt 0.916667 0.500000
vt 0.000000 0.000000
vt 1.000000 0.000000
vt 0.937500 0.093750
vt 0.062500 0.093750
vt 0.937500 0.093750
vt 0.062500 0.093750
vt 0.000000 0.093750
vt 1.000000 0.093750
vt 0.000000 0.093750
vt 1.000000 0.093750
vt 0.500000 0.093750
vt 0.500000 0.093750
vt 0.562500 0.093750
vt 0.437500 0.093750
vt 0.562500 0.093750
vt 0.437500 0.093750
vt 0.500000 0.000000
vt 0.083333 0.500000
vt 0.500000 0.000000
vt 0.083333 0.500000
vt 0.562500 0.000000
vt 0.115050 0.340549
vt 0.437500 0.000000
vt 0.115050 0.659451
vt 0.562500 0.000000
vt 0.115050 0.340549
vt 0.437500 0.000000
vt 0.115050 0.659451
vt 0.500000 0.750000
vt 0.145833 0.500000
vt 0.500000 0.750000
vt 0.145833 0.500000
vt 0.625000 0.093750
vt 0.375000 0.093750
vt 0.625000 0.093750
vt 0.375000 0.093750
vt 0.562500 0.750000
vt 0.172793 0.364466
vt 0.437500 0.750000
vt 0.172793 0.635534
vt 0.562500 0.750000
vt 0.172793 0.364466
vt 0.437500 0.750000
vt 0.172793 0.635534
vt 0.625000 0.000000
vt 0.205372 0.205372
vt 0.375000 0.000000
vt 0.205372 0.794628
vt 0.625000 0.000000
vt 0.205372 0.205372
vt 0.375000 0.000000
vt 0.205372 0.794628
vt 0.625000 0.750000
vt 0.249566 0.249566
vt 0.375000 0.750000
vt 0.249566 0.750434
vt 0.625000 0.750000
vt 0.249566 0.249566
vt 0.375000 0.750000
vt 0.249566 0.750434
vt 0.687500 0.093750
vt 0.312500 0.093750
vt 0.687500 0.093750
vt 0.312500 0.093750
vt 0.687500 0.000000
vt 0.340549 0.115050
vt 0.312500 0.000000
vt 0.340549 0.884950
vt 0.687500 0.000000
vt 0.340549 0.115050
vt 0.312500 0.000000
vt 0.340549 0.884950
vt 0.687500 0.750000
vt 0.364466 0.172793
vt 0.312500 0.750000
vt 0.364466 0.827207
vt 0.687500 0.750000
vt 0.364466 0.172793
vt 0.312500 0.750000
vt 0.364466 0.827207
vt 0.500000 0.083333
vt 0.750000 0.000000
vt 0.500000 0.500000
vt 0.500000 0.916667
vt 0.250000 0.000000
vt 0.500000 0.083333
vt 0.750000 0.000000
vt 0.500000 0.500000
vt 0.500000 0.916667
vt 0.250000 0.000000
vt 0.750000 0.093750
vt 0.250000 0.093750
vt 0.750000 0.093750
vt 0.250000 0.093750
vt 0.750000 0.750000
vt 0.500000 0.145833
vt 0.500000 0.500000
vt 0.250000 0.750000
vt 0.500000 0.854167
vt 0.750000 0.750000
vt 0.500000 0.145833
vt 0.500000 0.500000
vt 0.250000 0.750000
vt 0.500000 0.854167
vt 0.635534 0.172793
vt 0.812500 0.750000
vt 0.635534 0.827207
vt 0.187500 0.750000
vt 0.635534 0.172793
vt 0.812500 0.750000
vt 0.635534 0.827207
vt 0.187500 0.750000
vt 0.659451 0.115050
vt 0.812500 0.000000
vt 0.659451 0.884950
vt 0.187500 0.000000
vt 0.659451 0.115050
vt 0.812500 0.000000
vt 0.659451 0.884950
vt 0.187500 0.000000
vt 0.812500 0.093750
vt 0.187500 0.093750
vt 0.812500 0.093750
vt 0.187500 0.093750
vt 0.750434 0.249566
vt 0.875000 0.750000
vt 0.750434 0.750434
vt 0.125000 0.750000
vt 0.750434 0.249566
vt 0.875000 0.750000
vt 0.750434 0.750434
vt 0.125000 0.750000
vt 0.794628 0.205372
vt 0.875000 0.000000
vt 0.794628 0.794628
vt 0.125000 0.000000
vt 0.794628 0.205372
vt 0.875000 0.000000
vt 0.794628 0.794628
vt 0.125000 0.000000
vt 0.827207 0.364466
vt 0.937500 0.750000
vt 0.827207 0.635534
vt 0.062500 0.750000
vt 0.827207 0.364466
vt 0.937500 0.750000
vt 0.827207 0.635534
vt 0.062500 0.750000
vt 0.875000 0.093750
vt 0.125000 0.093750
vt 0.875000 0.093750
vt 0.125000 0.093750
vt 0.854167 0.500000
vt 0.000000 0.750000
vt 1.000000 0.750000
vt 0.854167 0.500000
vt 0.000000 0.750000
vt 1.000000 0.750000
vt 0.884950 0.340549
vt 0.937500 0.000000
vt 0.884950 0.659451
vt 0.062500 0.000000
vt 0.884950 0.340549
vt 0.937500 0.000000
vt 0.884950 0.659451
vt 0.062500 0.000000
vt 0.916667 0.500000
vt 0.000000 0.000000
vt 1.000000 0.000000
vt 0.916667 0.500000
vt 0.000000 0.000000
vt 1.000000 0.000000
vt 0.937500 0.093750
vt 0.062500 0.093750
vt 0.937500 0.093750
vt 0.062500 0.093750
vt 0.000000 0.093750
vt 1.000000 0.093750
vt 0.000000 0.093750
vt 1.000000 0.093750
vn -0.995298 -0.096865 0.000000
vn -0.995298 -0.096865 0.000000
vn -0.919535 -0.096865 -0.380884
vn -0.919535 -0.096865 0.380884
vn -0.919535 -0.096865 -0.380884
vn -0.919535 -0.096865 0.380884
vn -0.966235 -0.257663 0.000000
vn 0.000000 -1.000000 0.000000
vn -0.966235 -0.257663 0.000000
vn 0.000000 -1.000000 0.000000
vn -0.892685 -0.257663 -0.369762
vn 0.000000 -1.000000 0.000000
vn -0.892685 -0.257663 0.369762
vn 0.000000 -1.000000 0.000000
vn -0.892685 -0.257663 -0.369762
vn 0.000000 -1.000000 0.000000
vn -0.892685 -0.257663 0.369762
vn 0.000000 -1.000000 0.000000
vn -0.997785 0.066519 0.000000
vn 0.000000 1.000000 0.000000
vn -0.997785 0.066519 0.000000
vn 0.000000 1.000000 0.000000
vn -0.703782 -0.096865 -0.703782
vn -0.703782 -0.096865 0.703782
vn -0.703782 -0.096865 -0.703782
vn -0.703782 -0.096865 0.703782
vn -0.921833 0.066519 -0.381836
vn 0.000000 1.000000 0.000000
vn -0.921833 0.066519 0.381836
vn 0.000000 1.000000 0.000000
vn -0.921833 0.066519 -0.381836
vn 0.000000 1.000000 0.000000
vn -0.921833 0.066519 0.381836
vn 0.000000 1.000000 0.000000
vn -0.683231 -0.257663 -0.683231
vn 0.000000 -1.000000 0.000000
vn -0.683231 -0.257663 0.683231
vn 0.000000 -1.000000 0.000000
vn -0.683231 -0.257663 -0.683231
vn 0.000000 -1.000000 0.000000
vn -0.683231 -0.257663 0.683231
vn 0.000000 -1.000000 0.000000
vn -0.705541 0.066519 -0.705541
vn 0.000000 1.000000 0.000000
vn -0.705541 0.066519 0.705541
vn 0.000000 1.000000 0.000000
vn -0.705541 0.066519 -0.705541
vn 0.000000 1.000000 0.000000
vn -0.705541 0.066519 0.705541
vn 0.000000 1.000000 0.000000
vn -0.380884 -0.096865 -0.919535
vn -0.380884 -0.096865 0.919535
vn -0.380884 -0.096865 -0.919535
vn -0.380884 -0.096865 0.919535
vn -0.369762 -0.257663 -0.892685
vn 0.000000 -1.000000 0.000000
vn -0.369762 -0.257663 0.892685
vn 0.000000 -1.000000 0.000000
vn -0.369762 -0.257663 -0.892685
vn 0.000000 -1.000000 0.000000
vn -0.369762 -0.257663 0.892685
vn 0.000000 -1.000000 0.000000
vn -0.381836 0.066519 -0.921833
vn 0.000000 1.000000 0.000000
vn -0.381836 0.066519 0.921833
vn 0.000000 1.000000 0.000000
vn -0.381836 0.066519 -0.921833
vn 0.000000 1.000000 0.000000
vn -0.381836 0.066519 0.921833
vn 0.000000 1.000000 0.000000
vn 0.000000 -1.000000 0.000000
vn 0.000000 -0.257663 -0.966235
vn 0.000000 -1.000000 0.000000
vn 0.000000 -1.000000 0.000000
vn 0.000000 -0.257663 0.966235
vn 0.000000 -1.000000 0.000000
vn 0.000000 -0.257663 -0.966235
vn 0.000000 -1.000000 0.000000
vn 0.000000 -1.000000 0.000000
vn 0.000000 -0.257663 0.966235
vn 0.000000 -0.096865 -0.995298
vn 0.000000 -0.096865 0.995298
vn 0.000000 -0.096865 -0.995298
vn 0.000000 -0.096865 0.995298
vn 0.000000 0.066519 -0.997785
vn 0.000000 1.000000 0.000000
vn 0.000000 1.000000 0.000000
vn 0.000000 0.066519 0.997785
vn 0.000000 1.000000 0.000000
vn 0.000000 0.066519 -0.997785
vn 0.000000 1.000000 0.000000
vn 0.000000 1.000000 0.000000
vn 0.000000 0.066519 0.997785
vn 0.000000 1.000000 0.000000
vn 0.000000 1.000000 0.000000
vn 0.381836 0.066519 -0.921833
vn 0.000000 1.000000 0.000000
vn 0.381836 0.066519 0.921833
vn 0.000000 1.000000 0.000000
vn 0.381836 0.066519 -0.921833
vn 0.000000 1.000000 0.000000
vn 0.381836 0.066519 0.921833
vn 0.000000 -1.000000 0.000000
vn 0.369762 -0.257663 -0.892685
vn 0.000000 -1.000000 0.000000
vn 0.369762 -0.257663 0.892685
vn 0.000000 -1.000000 0.000000
vn 0.369762 -0.257663 -0.892685
vn 0.000000 -1.000000 0.000000
vn 0.369762 -0.257663 0.892685
vn 0.380884 -0.096865 -0.919535
vn 0.380884 -0.096865 0.919535
vn 0.380884 -0.096865 -0.919535
vn 0.380884 -0.096865 0.919535
vn 0.000000 1.000000 0.000000
vn 0.705541 0.066519 -0.705541
vn 0.000000 1.000000 0.000000
vn 0.705541 0.066519 0.705541
vn 0.000000 1.000000 0.000000
vn 0.705541 0.066519 -0.705541
vn 0.000000 1.000000 0.000000
vn 0.705541 0.066519 0.705541
vn 0.000000 -1.000000 0.000000
vn 0.683231 -0.257663 -0.683231
vn 0.000000 -1.000000 0.000000
vn 0.683231 -0.257663 0.683231
vn 0.000000 -1.000000 0.000000
vn 0.683231 -0.257663 -0.683231
vn 0.000000 -1.000000 0.000000
vn 0.683231 -0.257663 0.683231
vn 0.000000 1.000000 0.000000
vn 0.921833 0.066519 -0.381836
vn 0.000000 1.000000 0.000000
vn 0.921833 0.066519 0.381836
vn 0.000000 1.000000 0.000000
vn 0.921833 0.066519 -0.381836
vn 0.000000 1.000000 0.000000
vn 0.921833 0.066519 0.381836
vn 0.703782 -0.096865 -0.703782
vn 0.703782 -0.096865 0.703782
vn 0.703782 -0.096865 -0.703782
vn 0.703782 -0.096865 0.703782
vn 0.000000 1.000000 0.000000
vn 0.997785 0.066519 0.000000
vn 0.997785 0.066519 0.000000
vn 0.000000 1.000000 0.000000
vn 0.997785 0.066519 0.000000
vn 0.997785 0.066519 0.000000
vn 0.000000 -1.000000 0.000000
vn 0.892685 -0.257663 -0.369762
vn 0.000000 -1.000000 0.000000
vn 0.892685 -0.257663 0.369762
vn 0.000000 -1.000000 0.000000
vn 0.892685 -0.257663 -0.369762
vn 0.000000 -1.000000 0.000000
vn 0.892685 -0.257663 0.369762
vn 0.000000 -1.000000 0.000000
vn 0.966235 -0.257663 0.000000
vn 0.966235 -0.257663 0.000000
vn 0.000000 -1.000000 0.000000
vn 0.966235 -0.257663 0.000000
vn 0.966235 -0.257663 0.000000
vn 0.919535 -0.096865 -0.380884
vn 0.919535 -0.096865 0.380884
vn 0.919535 -0.096865 -0.380884
vn 0.919535 -0.096865 0.380884
vn 0.995298 -0.096865 0.000000
vn 0.995298 -0.096865 0.000000
vn 0.995298 -0.096865 0.000000
vn 0.995298 -0.096865 0.000000
vn -0.995298 -0.096865 0.000000
vn -0.995298 -0.096865 0.000000
vn -0.919535 -0.096865 -0.380884
vn -0.919535 -0.096865 0.380884
vn -0.919535 -0.096865 -0.380884
vn -0.919535 -0.096865 0.380884
vn -0.966235 -0.257663 0.000000
vn 0.000000 -1.000000 0.000000
vn -0.966235 -0.257663 0.000000
vn 0.000000 -1.000000 0.000000
vn -0.892685 -0.257663 -0.369762
vn 0.000000 -1.000000 0.000000
vn -0.892685 -0.257663 0.369762
vn 0.000000 -1.000000 0.000000
vn -0.892685 -0.257663 -0.369762
vn 0.000000 -1.000000 0.000000
vn -0.892685 -0.257663 0.369762
vn 0.000000 -1.000000 0.000000
vn -0.997785 0.066519 0.000000
vn 0.000000 1.000000 0.000000
vn -0.997785 0.066519 0.000000
vn 0.000000 1.000000 0.000000
vn -0.703782 -0.096865 -0.703782
vn -0.703782 -0.096865 0.703782
vn -0.703782 -0.096865 -0.703782
vn -0.703782 -0.096865 0.703782
vn -0.921833 0.066519 -0.381836
vn 0.000000 1.000000 0.000000
vn -0.921833 0.066519 0.381836
vn 0.000000 1.000000 0.000000
vn -0.921833 0.066519 -0.381836
vn 0.000000 1.000000 0.000000
vn -0.921833 0.066519 0.381836
vn 0.000000 1.000000 0.000000
vn -0.683231 -0.257663 -0.683231
vn 0.000000 -1.000000 0.000000
vn -0.683231 -0.257663 0.683231
vn 0.000000 -1.000000 0.000000
vn -0.683231 -0.257663 -0.683231
vn 0.000000 -1.000000 0.000000
vn -0.683231 -0.257663 0.683231
vn 0.000000 -1.000000 0.000000
vn -0.705541 0.066519 -0.705541
vn 0.000000 1.000000 0.000000
vn -0.705541 0.066519 0.705541
vn 0.000000 1.000000 0.000000
vn -0.705541 0.066519 -0.705541
vn 0.000000 1.000000 0.000000
vn -0.705541 0.066519 0.705541
vn 0.000000 1.000000 0.000000
vn -0.380884 -0.096865 -0.919535
vn -0.380884 -0.096865 0.919535
vn -0.380884 -0.096865 -0.919535
vn -0.380884 -0.096865 0.919535
vn -0.369762 -0.257663 -0.892685
vn 0.000000 -1.000000 0.000000
vn -0.369762 -0.257663 0.892685
vn 0.000000 -1.000000 0.000000
vn -0.369762 -0.257663 -0.892685
vn 0.000000 -1.000000 0.000000
vn -0.369762 -0.257663 0.892685
vn 0.000000 -1.000000 0.000000
vn -0.381836 0.066519 -0.921833
vn 0.000000 1.000000 0.000000
vn -0.381836 0.066519 0.921833
vn 0.000000 1.000000 0.000000
vn -0.381836 0.066519 -0.921833
vn 0.000000 1.000000 0.000000
vn -0.381836 0.066519 0.921833
vn 0.000000 1.000000 0.000000
vn 0.000000 -1.000000 0.000000
vn 0.000000 -0.257663 -0.966235
vn 0.000000 -1.000000 0.000000
vn 0.000000 -1.000000 0.000000
vn 0.000000 -0.257663 0.966235
vn 0.000000 -1.000000 0.000000
vn 0.000000 -0.257663 -0.966235
vn 0.000000 -1.000000 0.000000
vn 0.000000 -1.000000 0.000000
vn 0.000000 -0.257663 0.966235
vn 0.000000 -0.096865 -0.995298
vn 0.000000 -0.096865 0.995298
vn 0.000000 -0.096865 -0.995298
vn 0.000000 -0.096865 0.995298
vn 0.000000 0.066519 -0.997785
vn 0.000000 1.000000 0.000000
vn 0.000000 1.000000 0.000000
vn 0.000000 0.066519 0.997785
vn 0.000000 1.000000 0.000000
vn 0.000000 0.066519 -0.997785
vn 0.000000 1.000000 0.000000
vn 0.000000 1.000000 0.000000
vn 0.000000 0.066519 0.997785
vn 0.000000 1.000000 0.000000
vn 0.000000 1.000000 0.000000
vn 0.381836 0.066519 -0.921833
vn 0.000000 1.000000 0.000000
vn 0.381836 0.066519 0.921833
vn 0.000000 1.000000 0.000000
vn 0.381836 0.066519 -0.921833
vn 0.000000 1.000000 0.000000
vn 0.381836 0.066519 0.921833
vn 0.000000 -1.000000 0.000000
vn 0.369762 -0.257663 -0.892685
vn 0.000000 -1.000000 0.000000
vn 0.369762 -0.257663 0.892685
vn 0.000000 -1.000000 0.000000
vn 0.369762 -0.257663 -0.892685
vn 0.000000 -1.000000 0.000000
vn 0.369762 -0.257663 0.892685
vn 0.380884 -0.096865 -0.919535
vn 0.380884 -0.096865 0.919535
vn 0.380884 -0.096865 -0.919535
vn 0.380884 -0.096865 0.919535
vn 0.000000 1.000000 0.000000
vn 0.705541 0.066519 -0.705541
vn 0.000000 1.000000 0.000000
vn 0.705541 0.066519 0.705541
vn 0.000000 1.000000 0.000000
vn 0.705541 0.066519 -0.705541
vn 0.000000 1.000000 0.000000
vn 0.705541 0.066519 0.705541
vn 0.000000 -1.000000 0.000000
vn 0.683231 -0.257663 -0.683231
vn 0.000000 -1.000000 0.000000
vn 0.683231 -0.257663 0.683231
vn 0.000000 -1.000000 0.000000
vn 0.683231 -0.257663 -0.683231
vn 0.000000 -1.000000 0.000000
vn 0.683231 -0.257663 0.683231
vn 0.000000 1.000000 0.000000
vn 0.921833 0.066519 -0.381836
vn 0.000000 1.000000 0.000000
vn 0.921833 0.066519 0.381836
vn 0.000000 1.000000 0.000000
vn 0.921833 0.066519 -0.381836
vn 0.000000 1.000000 0.000000
vn 0.921833 0.066519 0.381836
vn 0.703782 -0.096865 -0.703782
vn 0.703782 -0.096865 0.703782
vn 0.703782 -0.096865 -0.703782
vn 0.703782 -0.096865 0.703782
vn 0.000000 1.000000 0.000000
vn 0.997785 0.066519 0.000000
vn 0.997785 0.066519 0.000000
vn 0.000000 1.000000 0.000000
vn 0.997785 0.066519 0.000000
vn 0.997785 0.066519 0.000000
vn 0.000000 -1.000000 0.000000
vn 0.892685 -0.257663 -0.369762
vn 0.000000 -1.000000 0.000000
vn 0.892685 -0.257663 0.369762
vn 0.000000 -1.000000 0.000000
vn 0.892685 -0.257663 -0.369762
vn 0.000000 -1.000000 0.000000
vn 0.892685 -0.257663 0.369762
vn 0.000000 -1.000000 0.000000
vn 0.966235 -0.257663 0.000000
vn 0.966235 -0.257663 0.000000
vn 0.000000 -1.000000 0.000000
vn 0.966235 -0.257663 0.000000
vn 0.966235 -0.257663 0.000000
vn 0.919535 -0.096865 -0.380884
vn 0.919535 -0.096865 0.380884
vn 0.919535 -0.096865 -0.380884
vn 0.919535 -0.096865 0.380884
vn 0.995298 -0.096865 0.000000
vn 0.995298 -0.096865 0.000000
vn 0.995298 -0.096865 0.000000
vn 0.995298 -0.096865 0.000000
vn -0.995298 -0.096865 0.000000
vn -0.995298 -0.096865 0.000000
vn -0.919535 -0.096865 -0.380884
vn -0.919535 -0.096865 0.380884
vn -0.919535 -0.096865 -0.380884
vn -0.919535 -0.096865 0.380884
vn -0.966235 -0.257663 0.000000
vn 0.000000 -1.000000 0.000000
vn -0.966235 -0.257663 0.000000
vn 0.000000 -1.000000 0.000000
vn -0.892685 -0.257663 -0.369762
vn 0.000000 -1.000000 0.000000
vn -0.892685 -0.257663 0.369762
vn 0.000000 -1.000000 0.000000
vn -0.892685 -0.257663 -0.369762
vn 0.000000 -1.000000 0.000000
vn -0.892685 -0.257663 0.369762
vn 0.000000 -1.000000 0.000000
vn -0.997785 0.066519 0.000000
vn 0.000000 1.000000 0.000000
vn -0.997785 0.066519 0.000000
vn 0.000000 1.000000 0.000000
vn -0.703782 -0.096865 -0.703782
vn -0.703782 -0.096865 0.703782
vn -0.703782 -0.096865 -0.703782
vn -0.703782 -0.096865 0.703782
vn -0.921833 0.066519 -0.381836
vn 0.000000 1.000000 0.000000
vn -0.921833 0.066519 0.381836
vn 0.000000 1.000000 0.000000
vn -0.921833 0.066519 -0.381836
vn 0.000000 1.000000 0.000000
vn -0.921833 0.066519 0.381836
vn 0.000000 1.000000 0.000000
vn -0.683231 -0.257663 -0.683231
vn 0.000000 -1.000000 0.000000
vn -0.683231 -0.257663 0.683231
vn 0.000000 -1.000000 0.000000
vn -0.683231 -0.257663 -0.683231
vn 0.000000 -1.000000 0.000000
vn -0.683231 -0.257663 0.683231
vn 0.000000 -1.000000 0.000000
vn -0.705541 0.066519 -0.705541
vn 0.000000 1.000000 0.000000
vn -0.705541 0.066519 0.705541
vn 0.000000 1.000000 0.000000
vn -0.705541 0.066519 -0.705541
vn 0.000000 1.000000 0.000000
vn -0.705541 0.066519 0.705541
vn 0.000000 1.000000 0.000000
vn -0.380884 -0.096865 -0.919535
vn -0.380884 -0.096865 0.919535
vn -0.380884 -0.096865 -0.919535
vn -0.380884 -0.096865 0.919535
vn -0.369762 -0.257663 -0.892685
vn 0.000000 -1.000000 0.000000
vn -0.369762 -0.257663 0.892685
vn 0.000000 -1.000000 0.000000
vn -0.369762 -0.257663 -0.892685
vn 0.000000 -1.000000 0.000000
vn -0.369762 -0.257663 0.892685
vn 0.000000 -1.000000 0.000000
vn -0.381836 0.066519 -0.921833
vn 0.000000 1.000000 0.000000
vn -0.381836 0.066519 0.921833
vn 0.000000 1.000000 0.000000
vn -0.381836 0.066519 -0.921833
vn 0.000000 1.000000 0.000000
vn -0.381836 0.066519 0.921833
vn 0.000000 1.000000 0.000000
vn 0.000000 -1.000000 0.000000
vn 0.000000 -0.257663 -0.966235
vn 0.000000 -1.000000 0.000000
vn 0.000000 -1.000000 0.000000
vn 0.000000 -0.257663 0.966235
vn 0.000000 -1.000000 0.000000
vn 0.000000 -0.257663 -0.966235
vn 0.000000 -1.000000 0.000000
vn 0.000000 -1.000000 0.000000
vn 0.000000 -0.257663 0.966235
vn 0.000000 -0.096865 -0.995298
vn 0.000000 -0.096865 0.995298
vn 0.000000 -0.096865 -0.995298
vn 0.000000 -0.096865 0.995298
vn 0.000000 0.066519 -0.997785
vn 0.000000 1.000000 0.000000
vn 0.000000 1.000000 0.000000
vn 0.000000 0.066519 0.997785
vn 0.000000 1.000000 0.000000
vn 0.000000 0.066519 -0.997785
vn 0.000000 1.000000 0.000000
vn 0.000000 1.000000 0.000000
vn 0.000000 0.066519 0.997785
vn 0.000000 1.000000 0.000000
vn 0.000000 1.000000 0.000000
vn 0.381836 0.066519 -0.921833
vn 0.000000 1.000000 0.000000
vn 0.381836 0.066519 0.921833
vn 0.000000 1.000000 0.000000
vn 0.381836 0.066519 -0.921833
vn 0.000000 1.000000 0.000000
vn 0.381836 0.066519 0.921833
vn 0.000000 -1.000000 0.000000
vn 0.369762 -0.257663 -0.892685
vn 0.000000 -1.000000 0.000000
vn 0.369762 -0.257663 0.892685
vn 0.000000 -1.000000 0.000000
vn 0.369762 -0.257663 -0.892685
vn 0.000000 -1.000000 0.000000
vn 0.369762 -0.257663 0.892685
vn 0.380884 -0.096865 -0.919535
vn 0.380884 -0.096865 0.919535
vn 0.380884 -0.096865 -0.919535
vn 0.380884 -0.096865 0.919535
vn 0.000000 1.000000 0.000000
vn 0.705541 0.066519 -0.705541
vn 0.000000 1.000000 0.000000
vn 0.705541 0.066519 0.705541
vn 0.000000 1.000000 0.000000
vn 0.705541 0.066519 -0.705541
vn 0.000000 1.000000 0.000000
vn 0.705541 0.066519 0.705541
vn 0.000000 -1.000000 0.000000
vn 0.683231 -0.257663 -0.683231
vn 0.000000 -1.000000 0.000000
vn 0.683231 -0.257663 0.683231
vn 0.000000 -1.000000 0.000000
vn 0.683231 -0.257663 -0.683231
vn 0.000000 -1.000000 0.000000
vn 0.683231 -0.257663 0.683231
vn 0.000000 1.000000 0.000000
vn 0.921833 0.066519 -0.381836
vn 0.000000 1.000000 0.000000
vn 0.921833 0.066519 0.381836
vn 0.000000 1.000000 0.000000
vn 0.921833 0.066519 -0.381836
vn 0.000000 1.000000 0.000000
vn 0.921833 0.066519 0.381836
vn 0.703782 -0.096865 -0.703782
vn 0.703782 -0.096865 0.703782
vn 0.703782 -0.096865 -0.703782
vn 0.703782 -0.096865 0.703782
vn 0.000000 1.000000 0.000000
vn 0.997785 0.066519 0.000000
vn 0.997785 0.066519 0.000000
vn 0.000000 1.000000 0.000000
vn 0.997785 0.066519 0.000000
vn 0.997785 0.066519 0.000000
vn 0.000000 -1.000000 0.000000
vn 0.892685 -0.257663 -0.369762
vn 0.000000 -1.000000 0.000000
vn 0.892685 -0.257663 0.369762
vn 0.000000 -1.000000 0.000000
vn 0.892685 -0.257663 -0.369762
vn 0.000000 -1.000000 0.000000
vn 0.892685 -0.257663 0.369762
vn 0.000000 -1.000000 0.000000
vn 0.966235 -0.257663 0.000000
vn 0.966235 -0.257663 0.000000
vn 0.000000 -1.000000 0.000000
vn 0.966235 -0.257663 0.000000
vn 0.966235 -0.257663 0.000000
vn 0.919535 -0.096865 -0.380884
vn 0.919535 -0.096865 0.380884
vn 0.919535 -0.096865 -0.380884
vn 0.919535 -0.096865 0.380884
vn 0.995298 -0.096865 0.000000
vn 0.995298 -0.096865 0.000000
vn 0.995298 -0.096865 0.000000
vn 0.995298 -0.096865 0.000000
usemtl Stone
s 1
f 5341/5341/5341 5425/5425/5425 5419/5419/5419
f 5341/5341/5341 5419/5419/5419 5393/5393/5393
f 5341/5341/5341 5393/5393/5393 5373/5373/5373
f 5341/5341/5341 5373/5373/5373 5342/5342/5342
f 5341/5341/5341 5342/5342/5342 5326/5326/5326
f 5341/5341/5341 5326/5326/5326 5306/5306/5306
f 5341/5341/5341 5306/5306/5306 5282/5282/5282
f 5341/5341/5341 5282/5282/5282 5276/5276/5276
f 5341/5341/5341 5276/5276/5276 5280/5280/5280
f 5341/5341/5341 5280/5280/5280 5304/5304/5304
f 5341/5341/5341 5304/5304/5304 5324/5324/5324
f 5341/5341/5341 5324/5324/5324 5339/5339/5339
f 5341/5341/5341 5339/5339/5339 5371/5371/5371
f 5341/5341/5341 5371/5371/5371 5391/5391/5391
f 5341/5341/5341 5391/5391/5391 5417/5417/5417
f 5341/5341/5341 5417/5417/5417 5425/5425/5425
f 5426/5426/5426 5432/5432/5432 5420/5420/5420
f 5426/5426/5426 5435/5435/5435 5432/5432/5432
f 5420/5420/5420 5408/5408/5408 5394/5394/5394
f 5420/5420/5420 5432/5432/5432 5408/5408/5408
f 5394/5394/5394 5380/5380/5380 5374/5374/5374
f 5394/5394/5394 5408/5408/5408 5380/5380/5380
f 5374/5374/5374 5350/5350/5350 5343/5343/5343
f 5374/5374/5374 5380/5380/5380 5350/5350/5350
f 5343/5343/5343 5320/5320/5320 5325/5325/5325
f 5343/5343/5343 5350/5350/5350 5320/5320/5320
f 5325/5325/5325 5292/5292/5292 5305/5305/5305
f 5325/5325/5325 5320/5320/5320 5292/5292/5292
f 5305/5305/5305 5272/5272/5272 5281/5281/5281
f 5305/5305/5305 5292/5292/5292 5272/5272/5272
f 5281/5281/5281 5269/5269/5269 5275/5275/5275
f 5281/5281/5281 5272/5272/5272 5269/5269/5269
f 5275/5275/5275 5271/5271/5271 5279/5279/5279
f 5275/5275/5275 5269/5269/5269 5271/5271/5271
f 5279/5279/5279 5291/5291/5291 5303/5303/5303
f 5279/5279/5279 5271/5271/5271 5291/5291/5291
f 5303/5303/5303 5319/5319/5319 5323/5323/5323
f 5303/5303/5303 5291/5291/5291 5319/5319/5319
f 5323/5323/5323 5349/5349/5349 5340/5340/5340
f 5323/5323/5323 5319/5319/5319 5349/5349/5349
f 5340/5340/5340 5379/5379/5379 5372/5372/5372
f 5340/5340/5340 5349/5349/5349 5379/5379/5379
f 5372/5372/5372 5407/5407/5407 5392/5392/5392
f 5372/5372/5372 5379/5379/5379 5407/5407/5407
f 5392/5392/5392 5431/5431/5431 5418/5418/5418
f 5392/5392/5392 5407/5407/5407 5431/5431/5431
f 5418/5418/5418 5436/5436/5436 5427/5427/5427
f 5418/5418/5418 5431/5431/5431 5436/5436/5436
f 5435/5435/5435 5402/5402/5402 5432/5432/5432
f 5435/5435/5435 5412/5412/5412 5402/5402/5402
f 5432/5432/5432 5386/5386/5386 5408/5408/5408
f 5432/5432/5432 5402/5402/5402 5386/5386/5386
f 5408/5408/5408 5366/5366/5366 5380/5380/5380
f 5408/5408/5408 5386/5386/5386 5366/5366/5366
f 5380/5380/5380 5356/5356/5356 5350/5350/5350
f 5380/5380/5380 5366/5366/5366 5356/5356/5356
f 5350/5350/5350 5333/5333/5333 5320/5320/5320
f 5350/5350/5350 5356/5356/5356 5333/5333/5333
f 5320/5320/5320 5313/5313/5313 5292/5292/5292
f 5320/5320/5320 5333/5333/5333 5313/5313/5313
f 5292/5292/5292 5297/5297/5297 5272/5272/5272
f 5292/5292/5292 5313/5313/5313 5297/5297/5297
f 5272/5272/5272 5287/5287/5287 5269/5269/5269
f 5272/5272/5272 5297/5297/5297 5287/5287/5287
f 5269/5269/5269 5295/5295/5295 5271/5271/5271
f 5269/5269/5269 5287/5287/5287 5295/5295/5295
f 5271/5271/5271 5311/5311/5311 5291/5291/5291
f 5271/5271/5271 5295/5295/5295 5311/5311/5311
f 5291/5291/5291 5331/5331/5331 5319/5319/5319
f 5291/5291/5291 5311/5311/5311 5331/5331/5331
f 5319/5319/5319 5353/5353/5353 5349/5349/5349
f 5319/5319/5319 5331/5331/5331 5353/5353/5353
f 5349/5349/5349 5364/5364/5364 5379/5379/5379
f 5349/5349/5349 5353/5353/5353 5364/5364/5364
f 5379/5379/5379 5384/5384/5384 5407/5407/5407
f 5379/5379/5379 5364/5364/5364 5384/5384/5384
f 5407/5407/5407 5400/5400/5400 5431/5431/5431
f 5407/5407/5407 5384/5384/5384 5400/5400/5400
f 5431/5431/5431 5413/5413/5413 5436/5436/5436
f 5431/5431/5431 5400/5400/5400 5413/5413/5413
f 5411/5411/5411 5355/5355/5355 5401/5401/5401
f 5401/5401/5401 5355/5355/5355 5385/5385/5385
f 5385/5385/5385 5355/5355/5355 5365/5365/5365
f 5365/5365/5365 5355/5355/5355 5357/5357/5357
f 5357/5357/5357 5355/5355/5355 5334/5334/5334
f 5334/5334/5334 5355/5355/5355 5314/5314/5314
f 5314/5314/5314 5355/5355/5355 5298/5298/5298
f 5298/5298/5298 5355/5355/5355 5288/5288/5288
f 5288/5288/5288 5355/5355/5355 5296/5296/5296
f 5296/5296/5296 5355/5355/5355 5312/5312/5312
f 5312/5312/5312 5355/5355/5355 5332/5332/5332
f 5332/5332/5332 5355/5355/5355 5354/5354/5354
f 5354/5354/5354 5355/5355/5355 5363/5363/5363
f 5363/5363/5363 5355/5355/5355 5383/5383/5383
f 5383/5383/5383 5355/5355/5355 5399/5399/5399
f 5399/5399/5399 5355/5355/5355 5411/5411/5411
f 5511/5511/5511 5595/5595/5595 5589/5589/5589
f 5511/5511/5511 5589/5589/5589 5563/5563/5563
f 5511/5511/5511 5563/5563/5563 5543/5543/5543
f 5511/5511/5511 5543/5543/5543 5512/5512/5512
f 5511/5511/5511 5512/5512/5512 5496/5496/5496
f 5511/5511/5511 5496/5496/5496 5476/5476/5476
f 5511/5511/5511 5476/5476/5476 5452/5452/5452
f 5511/5511/5511 5452/5452/5452 5446/5446/5446
f 5511/5511/5511 5446/5446/5446 5450/5450/5450
f 5511/5511/5511 5450/5450/5450 5474/5474/5474
f 5511/5511/5511 5474/5474/5474 5494/5494/5494
f 5511/5511/5511 5494/5494/5494 5509/5509/5509
f 5511/5511/5511 5509/5509/5509 5541/5541/5541
f 5511/5511/5511 5541/5541/5541 5561/5561/5561
f 5511/5511/5511 5561/5561/5561 5587/5587/5587
f 5511/5511/5511 5587/5587/5587 5595/5595/5595
f 5596/5596/5596 5602/5602/5602 5590/5590/5590
f 5596/5596/5596 5605/5605/5605 5602/5602/5602
f 5590/5590/5590 5578/5578/5578 5564/5564/5564
f 5590/5590/5590 5602/5602/5602 5578/5578/5578
f 5564/5564/5564 5550/5550/5550 5544/5544/5544
f 5564/5564/5564 5578/5578/5578 5550/5550/5550
f 5544/5544/5544 5520/5520/5520 5513/5513/5513
f 5544/5544/5544 5550/5550/5550 5520/5520/5520
f 5513/5513/5513 5490/5490/5490 5495/5495/5495
f 5513/5513/5513 5520/5520/5520 5490/5490/5490
f 5495/5495/5495 5462/5462/5462 5475/5475/5475
f 5495/5495/5495 5490/5490/5490 5462/5462/5462
f 5475/5475/5475 5442/5442/5442 5451/5451/5451
f 5475/5475/5475 5462/5462/5462 5442/5442/5442
f 5451/5451/5451 5439/5439/5439 5445/5445/5445
f 5451/5451/5451 5442/5442/5442 5439/5439/5439
f 5445/5445/5445 5441/5441/5441 5449/5449/5449
f 5445/5445/5445 5439/5439/5439 5441/5441/5441
f 5449/5449/5449 5461/5461/5461 5473/5473/5473
f 5449/5449/5449 5441/5441/5441 5461/5461/5461
f 5473/5473/5473 5489/5489/5489 5493/5493/5493
f 5473/5473/5473 5461/5461/5461 5489/5489/5489
f 5493/5493/5493 5519/5519/5519 5510/5510/5510
f 5493/5493/5493 5489/5489/5489 5519/5519/5519
f 5510/5510/5510 5549/5549/5549 5542/5542/5542
f 5510/5510/5510 5519/5519/5519 5549/5549/5549
f 5542/5542/5542 5577/5577/5577 5562/5562/5562
f 5542/5542/5542 5549/5549/5549 5577/5577/5577
f 5562/5562/5562 5601/5601/5601 5588/5588/5588
f 5562/5562/5562 5577/5577/5577 5601/5601/5601
f 5588/5588/5588 5606/5606/5606 5597/5597/5597
f 5588/5588/5588 5601/5601/5601 5606/5606/5606
f 5605/5605/5605 5572/5572/5572 5602/5602/5602
f 5605/5605/5605 5582/5582/5582 5572/5572/5572
f 5602/5602/5602 5556/5556/5556 5578/5578/5578
f 5602/5602/5602 5572/5572/5572 5556/5556/5556
f 5578/5578/5578 5536/5536/5536 5550/5550/5550
f 5578/5578/5578 5556/5556/5556 5536/5536/5536
f 5550/5550/5550 5526/5526/5526 5520/5520/5520
f 5550/5550/5550 5536/5536/5536 5526/5526/5526
f 5520/5520/5520 5503/5503/5503 5490/5490/5490
f 5520/5520/5520 5526/5526/5526 5503/5503/5503
f 5490/5490/5490 5483/5483/5483 5462/5462/5462
f 5490/5490/5490 5503/5503/5503 5483/5483/5483
f 5462/5462/5462 5467/5467/5467 5442/5442/5442
f 5462/5462/5462 5483/5483/5483 5467/5467/5467
f 5442/5442/5442 5457/5457/5457 5439/5439/5439
f 5442/5442/5442 5467/5467/5467 5457/5457/5457
f 5439/5439/5439 5465/5465/5465 5441/5441/5441
f 5439/5439/5439 5457/5457/5457 5465/5465/5465
f 5441/5441/5441 5481/5481/5481 5461/5461/5461
f 5441/5441/5441 5465/5465/5465 5481/5481/5481
f 5461/5461/5461 5501/5501/5501 5489/5489/5489
f 5461/5461/5461 5481/5481/5481 5501/5501/5501
f 5489/5489/5489 5523/5523/5523 5519/5519/5519
f 5489/5489/5489 5501/5501/5501 5523/5523/5523
f 5519/5519/5519 5534/5534/5534 5549/5549/5549
f 5519/5519/5519 5523/5523/5523 5534/5534/5534
f 5549/5549/5549 5554/5554/5554 5577/5577/5577
f 5549/5549/5549 5534/5534/5534 5554/5554/5554
f 5577/5577/5577 5570/5570/5570 5601/5601/5601
f 5577/5577/5577 5554/5554/5554 5570/5570/5570
f 5601/5601/5601 5583/5583/5583 5606/5606/5606
f 5601/5601/5601 5570/5570/5570 5583/5583/5583
f 5581/5581/5581 5525/5525/5525 5571/5571/5571
f 5571/5571/5571 5525/5525/5525 5555/5555/5555
f 5555/5555/5555 5525/5525/5525 5535/5535/5535
f 5535/5535/5535 5525/5525/5525 5527/5527/5527
f 5527/5527/5527 5525/5525/5525 5504/5504/5504
f 5504/5504/5504 5525/5525/5525 5484/5484/5484
f 5484/5484/5484 5525/5525/5525 5468/5468/5468
f 5468/5468/5468 5525/5525/5525 5458/5458/5458
f 5458/5458/5458 5525/5525/5525 5466/5466/5466
f 5466/5466/5466 5525/5525/5525 5482/5482/5482
f 5482/5482/5482 5525/5525/5525 5502/5502/5502
f 5502/5502/5502 5525/5525/5525 5524/5524/5524
f 5524/5524/5524 5525/5525/5525 5533/5533/5533
f 5533/5533/5533 5525/5525/5525 5553/5553/5553
f 5553/5553/5553 5525/5525/5525 5569/5569/5569
f 5569/5569/5569 5525/5525/5525 5581/5581/5581
f 5681/5681/5681 5765/5765/5765 5759/5759/5759
f 5681/5681/5681 5759/5759/5759 5733/5733/5733
f 5681/5681/5681 5733/5733/5733 5713/5713/5713
f 5681/5681/5681 5713/5713/5713 5682/5682/5682
f 5681/5681/5681 5682/5682/5682 5666/5666/5666
f 5681/5681/5681 5666/5666/5666 5646/5646/5646
f 5681/5681/5681 5646/5646/5646 5622/5622/5622
f 5681/5681/5681 5622/5622/5622 5616/5616/5616
f 5681/5681/5681 5616/5616/5616 5620/5620/5620
f 5681/5681/5681 5620/5620/5620 5644/5644/5644
f 5681/5681/5681 5644/5644/5644 5664/5664/5664
f 5681/5681/5681 5664/5664/5664 5679/5679/5679
f 5681/5681/5681 5679/5679/5679 5711/5711/5711
f 5681/5681/5681 5711/5711/5711 5731/5731/5731
f 5681/5681/5681 5731/5731/5731 5757/5757/5757
f 5681/5681/5681 5757/5757/5757 5765/5765/5765
f 5766/5766/5766 5772/5772/5772 5760/5760/5760
f 5766/5766/5766 5775/5775/5775 5772/5772/5772
f 5760/5760/5760 5748/5748/5748 5734/5734/5734
f 5760/5760/5760 5772/5772/5772 5748/5748/5748
f 5734/5734/5734 5720/5720/5720 5714/5714/5714
f 5734/5734/5734 5748/5748/5748 5720/5720/5720
f 5714/5714/5714 5690/5690/5690 5683/5683/5683
f 5714/5714/5714 5720/5720/5720 5690/5690/5690
f 5683/5683/5683 5660/5660/5660 5665/5665/5665
f 5683/5683/5683 5690/5690/5690 5660/5660/5660
f 5665/5665/5665 5632/5632/5632 5645/5645/5645
f 5665/5665/5665 5660/5660/5660 5632/5632/5632
f 5645/5645/5645 5612/5612/5612 5621/5621/5621
f 5645/5645/5645 5632/5632/5632 5612/5612/5612
f 5621/5621/5621 5609/5609/5609 5615/5615/5615
f 5621/5621/5621 5612/5612/5612 5609/5609/5609
f 5615/5615/5615 5611/5611/5611 5619/5619/5619
f 5615/5615/5615 5609/5609/5609 5611/5611/5611
f 5619/5619/5619 5631/5631/5631 5643/5643/5643
f 5619/5619/5619 5611/5611/5611 5631/5631/5631
f 5643/5643/5643 5659/5659/5659 5663/5663/5663
f 5643/5643/5643 5631/5631/5631 5659/5659/5659
f 5663/5663/5663 5689/5689/5689 5680/5680/5680
f 5663/5663/5663 5659/5659/5659 5689/5689/5689
f 5680/5680/5680 5719/5719/5719 5712/5712/5712
f 5680/5680/5680 5689/5689/5689 5719/5719/5719
f 5712/5712/5712 5747/5747/5747 5732/5732/5732
f 5712/5712/5712 5719/5719/5719 5747/5747/5747
f 5732/5732/5732 5771/5771/5771 5758/5758/5758
f 5732/5732/5732 5747/5747/5747 5771/5771/5771
f 5758/5758/5758 5776/5776/5776 5767/5767/5767
f 5758/5758/5758 5771/5771/5771 5776/5776/5776
f 5775/5775/5775 5742/5742/5742 5772/5772/5772
f 5775/5775/5775 5752/5752/5752 5742/5742/5742
f 5772/5772/5772 5726/5726/5726 5748/5748/5748
f 5772/5772/5772 5742/5742/5742 5726/5726/5726
f 5748/5748/5748 5706/5706/5706 5720/5720/5720
f 5748/5748/5748 5726/5726/5726 5706/5706/5706
f 5720/5720/5720 5696/5696/5696 5690/5690/5690
f 5720/5720/5720 5706/5706/5706 5696/5696/5696
f 5690/5690/5690 5673/5673/5673 5660/5660/5660
f 5690/5690/5690 5696/5696/5696 5673/5673/5673
f 5660/5660/5660 5653/5653/5653 5632/5632/5632
f 5660/5660/5660 5673/5673/5673 5653/5653/5653
f 5632/5632/5632 5637/5637/5637 5612/5612/5612
f 5632/5632/5632 5653/5653/5653 5637/5637/5637
f 5612/5612/5612 5627/5627/5627 5609/5609/5609
f 5612/5612/5612 5637/5637/5637 5627/5627/5627
f 5609/5609/5609 5635/5635/5635 5611/5611/5611
f 5609/5609/5609 5627/5627/5627 5635/5635/5635
f 5611/5611/5611 5651/5651/5651 5631/5631/5631
f 5611/5611/5611 5635/5635/5635 5651/5651/5651
f 5631/5631/5631 5671/5671/5671 5659/5659/5659
f 5631/5631/5631 5651/5651/5651 5671/5671/5671
f 5659/5659/5659 5693/5693/5693 5689/5689/5689
f 5659/5659/5659 5671/5671/5671 5693/5693/5693
f 5689/5689/5689 5704/5704/5704 5719/5719/5719
f 5689/5689/5689 5693/5693/5693 5704/5704/5704
f 5719/5719/5719 5724/5724/5724 5747/5747/5747
f 5719/5719/5719 5704/5704/5704 5724/5724/5724
f 5747/5747/5747 5740/5740/5740 5771/5771/5771
f 5747/5747/5747 5724/5724/5724 5740/5740/5740
f 5771/5771/5771 5753/5753/5753 5776/5776/5776
f 5771/5771/5771 5740/5740/5740 5753/5753/5753
f 5751/5751/5751 5695/5695/5695 5741/5741/5741
f 5741/5741/5741 5695/5695/5695 5725/5725/5725
f 5725/5725/5725 5695/5695/5695 5705/5705/5705
f 5705/5705/5705 5695/5695/5695 5697/5697/5697
f 5697/5697/5697 5695/5695/5695 5674/5674/5674
f 5674/5674/5674 5695/5695/5695 5654/5654/5654
f 5654/5654/5654 5695/5695/5695 5638/5638/5638
f 5638/5638/5638 5695/5695/5695 5628/5628/5628
f 5628/5628/5628 5695/5695/5695 5636/5636/5636
f 5636/5636/5636 5695/5695/5695 5652/5652/5652
f 5652/5652/5652 5695/5695/5695 5672/5672/5672
f 5672/5672/5672 5695/5695/5695 5694/5694/5694
f 5694/5694/5694 5695/5695/5695 5703/5703/5703
f 5703/5703/5703 5695/5695/5695 5723/5723/5723
f 5723/5723/5723 5695/5695/5695 5739/5739/5739
f 5739/5739/5739 5695/5695/5695 5751/5751/5751
f 5346/5346/5346 5428/5428/5428 5423/5423/5423
f 5346/5346/5346 5423/5423/5423 5397/5397/5397
f 5346/5346/5346 5397/5397/5397 5377/5377/5377
f 5346/5346/5346 5377/5377/5377 5347/5347/5347
f 5346/5346/5346 5347/5347/5347 5330/5330/5330
f 5346/5346/5346 5330/5330/5330 5310/5310/5310
f 5346/5346/5346 5310/5310/5310 5286/5286/5286
f 5346/5346/5346 5286/5286/5286 5278/5278/5278
f 5346/5346/5346 5278/5278/5278 5284/5284/5284
f 5346/5346/5346 5284/5284/5284 5308/5308/5308
f 5346/5346/5346 5308/5308/5308 5328/5328/5328
f 5346/5346/5346 5328/5328/5328 5344/5344/5344
f 5346/5346/5346 5344/5344/5344 5375/5375/5375
f 5346/5346/5346 5375/5375/5375 5395/5395/5395
f 5346/5346/5346 5395/5395/5395 5421/5421/5421
f 5346/5346/5346 5421/5421/5421 5428/5428/5428
f 5429/5429/5429 5434/5434/5434 5424/5424/5424
f 5429/5429/5429 5437/5437/5437 5434/5434/5434
f 5424/5424/5424 5410/5410/5410 5398/5398/5398
f 5424/5424/5424 5434/5434/5434 5410/5410/5410
f 5398/5398/5398 5382/5382/5382 5378/5378/5378
f 5398/5398/5398 5410/5410/5410 5382/5382/5382
f 5378/5378/5378 5352/5352/5352 5348/5348/5348
f 5378/5378/5378 5382/5382/5382 5352/5352/5352
f 5348/5348/5348 5322/5322/5322 5329/5329/5329
f 5348/5348/5348 5352/5352/5352 5322/5322/5322
f 5329/5329/5329 5294/5294/5294 5309/5309/5309
f 5329/5329/5329 5322/5322/5322 5294/5294/5294
f 5309/5309/5309 5274/5274/5274 5285/5285/5285
f 5309/5309/5309 5294/5294/5294 5274/5274/5274
f 5285/5285/5285 5270/5270/5270 5277/5277/5277
f 5285/5285/5285 5274/5274/5274 5270/5270/5270
f 5277/5277/5277 5273/5273/5273 5283/5283/5283
f 5277/5277/5277 5270/5270/5270 5273/5273/5273
f 5283/5283/5283 5293/5293/5293 5307/5307/5307
f 5283/5283/5283 5273/5273/5273 5293/5293/5293
f 5307/5307/5307 5321/5321/5321 5327/5327/5327
f 5307/5307/5307 5293/5293/5293 5321/5321/5321
f 5327/5327/5327 5351/5351/5351 5345/5345/5345
f 5327/5327/5327 5321/5321/5321 5351/5351/5351
f 5345/5345/5345 5381/5381/5381 5376/5376/5376
f 5345/5345/5345 5351/5351/5351 5381/5381/5381
f 5376/5376/5376 5409/5409/5409 5396/5396/5396
f 5376/5376/5376 5381/5381/5381 5409/5409/5409
f 5396/5396/5396 5433/5433/5433 5422/5422/5422
f 5396/5396/5396 5409/5409/5409 5433/5433/5433
f 5422/5422/5422 5438/5438/5438 5430/5430/5430
f 5422/5422/5422 5433/5433/5433 5438/5438/5438
f 5437/5437/5437 5406/5406/5406 5434/5434/5434
f 5437/5437/5437 5415/5415/5415 5406/5406/5406
f 5434/5434/5434 5390/5390/5390 5410/5410/5410
f 5434/5434/5434 5406/5406/5406 5390/5390/5390
f 5410/5410/5410 5370/5370/5370 5382/5382/5382
f 5410/5410/5410 5390/5390/5390 5370/5370/5370
f 5382/5382/5382 5361/5361/5361 5352/5352/5352
f 5382/5382/5382 5370/5370/5370 5361/5361/5361
f 5352/5352/5352 5337/5337/5337 5322/5322/5322
f 5352/5352/5352 5361/5361/5361 5337/5337/5337
f 5322/5322/5322 5317/5317/5317 5294/5294/5294
f 5322/5322/5322 5337/5337/5337 5317/5317/5317
f 5294/5294/5294 5301/5301/5301 5274/5274/5274
f 5294/5294/5294 5317/5317/5317 5301/5301/5301
f 5274/5274/5274 5289/5289/5289 5270/5270/5270
f 5274/5274/5274 5301/5301/5301 5289/5289/5289
f 5270/5270/5270 5299/5299/5299 5273/5273/5273
f 5270/5270/5270 5289/5289/5289 5299/5299/5299
f 5273/5273/5273 5315/5315/5315 5293/5293/5293
f 5273/5273/5273 5299/5299/5299 5315/5315/5315
f 5293/5293/5293 5335/5335/5335 5321/5321/5321
f 5293/5293/5293 5315/5315/5315 5335/5335/5335
f 5321/5321/5321 5358/5358/5358 5351/5351/5351
f 5321/5321/5321 5335/5335/5335 5358/5358/5358
f 5351/5351/5351 5368/5368/5368 5381/5381/5381
f 5351/5351/5351 5358/5358/5358 5368/5368/5368
f 5381/5381/5381 5388/5388/5388 5409/5409/5409
f 5381/5381/5381 5368/5368/5368 5388/5388/5388
f 5409/5409/5409 5404/5404/5404 5433/5433/5433
f 5409/5409/5409 5388/5388/5388 5404/5404/5404
f 5433/5433/5433 5416/5416/5416 5438/5438/5438
f 5433/5433/5433 5404/5404/5404 5416/5416/5416
f 5414/5414/5414 5360/5360/5360 5405/5405/5405
f 5405/5405/5405 5360/5360/5360 5389/5389/5389
f 5389/5389/5389 5360/5360/5360 5369/5369/5369
f 5369/5369/5369 5360/5360/5360 5362/5362/5362
f 5362/5362/5362 5360/5360/5360 5338/5338/5338
f 5338/5338/5338 5360/5360/5360 5318/5318/5318
f 5318/5318/5318 5360/5360/5360 5302/5302/5302
f 5302/5302/5302 5360/5360/5360 5290/5290/5290
f 5290/5290/5290 5360/5360/5360 5300/5300/5300
f 5300/5300/5300 5360/5360/5360 5316/5316/5316
f 5316/5316/5316 5360/5360/5360 5336/5336/5336
f 5336/5336/5336 5360/5360/5360 5359/5359/5359
f 5359/5359/5359 5360/5360/5360 5367/5367/5367
f 5367/5367/5367 5360/5360/5360 5387/5387/5387
f 5387/5387/5387 5360/5360/5360 5403/5403/5403
f 5403/5403/5403 5360/5360/5360 5414/5414/5414
f 5516/5516/5516 5598/5598/5598 5593/5593/5593
f 5516/5516/5516 5593/5593/5593 5567/5567/5567
f 5516/5516/5516 5567/5567/5567 5547/5547/5547
f 5516/5516/5516 5547/5547/5547 5517/5517/5517
f 5516/5516/5516 5517/5517/5517 5500/5500/5500
f 5516/5516/5516 5500/5500/5500 5480/5480/5480
f 5516/5516/5516 5480/5480/5480 5456/5456/5456
f 5516/5516/5516 5456/5456/5456 5448/5448/5448
f 5516/5516/5516 5448/5448/5448 5454/5454/5454
f 5516/5516/5516 5454/5454/5454 5478/5478/5478
f 5516/5516/5516 5478/5478/5478 5498/5498/5498
f 5516/5516/5516 5498/5498/5498 5514/5514/5514
f 5516/5516/5516 5514/5514/5514 5545/5545/5545
f 5516/5516/5516 5545/5545/5545 5565/5565/5565
f 5516/5516/5516 5565/5565/5565 5591/5591/5591
f 5516/5516/5516 5591/5591/5591 5598/5598/5598
f 5599/5599/5599 5604/5604/5604 5594/5594/5594
f 5599/5599/5599 5607/5607/5607 5604/5604/5604
f 5594/5594/5594 5580/5580/5580 5568/5568/5568
f 5594/5594/5594 5604/5604/5604 5580/5580/5580
f 5568/5568/5568 5552/5552/5552 5548/5548/5548
f 5568/5568/5568 5580/5580/5580 5552/5552/5552
f 5548/5548/5548 5522/5522/5522 5518/5518/5518
f 5548/5548/5548 5552/5552/5552 5522/5522/5522
f 5518/5518/5518 5492/5492/5492 5499/5499/5499
f 5518/5518/5518 5522/5522/5522 5492/5492/5492
f 5499/5499/5499 5464/5464/5464 5479/5479/5479
f 5499/5499/5499 5492/5492/5492 5464/5464/5464
f 5479/5479/5479 5444/5444/5444 5455/5455/5455
f 5479/5479/5479 5464/5464/5464 5444/5444/5444
f 5455/5455/5455 5440/5440/5440 5447/5447/5447
f 5455/5455/5455 5444/5444/5444 5440/5440/5440
f 5447/5447/5447 5443/5443/5443 5453/5453/5453
f 5447/5447/5447 5440/5440/5440 5443/5443/5443
f 5453/5453/5453 5463/5463/5463 5477/5477/5477
f 5453/5453/5453 5443/5443/5443 5463/5463/5463
f 5477/5477/5477 5491/5491/5491 5497/5497/5497
f 5477/5477/5477 5463/5463/5463 5491/5491/5491
f 5497/5497/5497 5521/5521/5521 5515/5515/5515
f 5497/5497/5497 5491/5491/5491 5521/5521/5521
f 5515/5515/5515 5551/5551/5551 5546/5546/5546
f 5515/5515/5515 5521/5521/5521 5551/5551/5551
f 5546/5546/5546 5579/5579/5579 5566/5566/5566
f 5546/5546/5546 5551/5551/5551 5579/5579/5579
f 5566/5566/5566 5603/5603/5603 5592/5592/5592
f 5566/5566/5566 5579/5579/5579 5603/5603/5603
f 5592/5592/5592 5608/5608/5608 5600/5600/5600
f 5592/5592/5592 5603/5603/5603 5608/5608/5608
f 5607/5607/5607 5576/5576/5576 5604/5604/5604
f 5607/5607/5607 5585/5585/5585 5576/5576/5576
f 5604/5604/5604 5560/5560/5560 5580/5580/5580
f 5604/5604/5604 5576/5576/5576 5560/5560/5560
f 5580/5580/5580 5540/5540/5540 5552/5552/5552
f 5580/5580/5580 5560/5560/5560 5540/5540/5540
f 5552/5552/5552 5531/5531/5531 5522/5522/5522
f 5552/5552/5552 5540/5540/5540 5531/5531/5531
f 5522/5522/5522 5507/5507/5507 5492/5492/5492
f 5522/5522/5522 5531/5531/5531 5507/5507/5507
f 5492/5492/5492 5487/5487/5487 5464/5464/5464
f 5492/5492/5492 5507/5507/5507 5487/5487/5487
f 5464/5464/5464 5471/5471/5471 5444/5444/5444
f 5464/5464/5464 5487/5487/5487 5471/5471/5471
f 5444/5444/5444 5459/5459/5459 5440/5440/5440
f 5444/5444/5444 5471/5471/5471 5459/5459/5459
f 5440/5440/5440 5469/5469/5469 5443/5443/5443
f 5440/5440/5440 5459/5459/5459 5469/5469/5469
f 5443/5443/5443 5485/5485/5485 5463/5463/5463
f 5443/5443/5443 5469/5469/5469 5485/5485/5485
f 5463/5463/5463 5505/5505/5505 5491/5491/5491
f 5463/5463/5463 5485/5485/5485 5505/5505/5505
f 5491/5491/5491 5528/5528/5528 5521/5521/5521
f 5491/5491/5491 5505/5505/5505 5528/5528/5528
f 5521/5521/5521 5538/5538/5538 5551/5551/5551
f 5521/5521/5521 5528/5528/5528 5538/5538/5538
f 5551/5551/5551 5558/5558/5558 5579/5579/5579
f 5551/5551/5551 5538/5538/5538 5558/5558/5558
f 5579/5579/5579 5574/5574/5574 5603/5603/5603
f 5579/5579/5579 5558/5558/5558 5574/5574/5574
f 5603/5603/5603 5586/5586/5586 5608/5608/5608
f 5603/5603/5603 5574/5574/5574 5586/5586/5586
f 5584/5584/5584 5530/5530/5530 5575/5575/5575
f 5575/5575/5575 5530/5530/5530 5559/5559/5559
f 5559/5559/5559 5530/5530/5530 5539/5539/5539
f 5539/5539/5539 5530/5530/5530 5532/5532/5532
f 5532/5532/5532 5530/5530/5530 5508/5508/5508
f 5508/5508/5508 5530/5530/5530 5488/5488/5488
f 5488/5488/5488 5530/5530/5530 5472/5472/5472
f 5472/5472/5472 5530/5530/5530 5460/5460/5460
f 5460/5460/5460 5530/5530/5530 5470/5470/5470
f 5470/5470/5470 5530/5530/5530 5486/5486/5486
f 5486/5486/5486 5530/5530/5530 5506/5506/5506
f 5506/5506/5506 5530/5530/5530 5529/5529/5529
f 5529/5529/5529 5530/5530/5530 5537/5537/5537
f 5537/5537/5537 5530/5530/5530 5557/5557/5557
f 5557/5557/5557 5530/5530/5530 5573/5573/5573
f 5573/5573/5573 5530/5530/5530 5584/5584/5584
f 5686/5686/5686 5768/5768/5768 5763/5763/5763
f 5686/5686/5686 5763/5763/5763 5737/5737/5737
f 5686/5686/5686 5737/5737/5737 5717/5717/5717
f 5686/5686/5686 5717/5717/5717 5687/5687/5687
f 5686/5686/5686 5687/5687/5687 5670/5670/5670
f 5686/5686/5686 5670/5670/5670 5650/5650/5650
f 5686/5686/5686 5650/5650/5650 5626/5626/5626
f 5686/5686/5686 5626/5626/5626 5618/5618/5618
f 5686/5686/5686 5618/5618/5618 5624/5624/5624
f 5686/5686/5686 5624/5624/5624 5648/5648/5648
f 5686/5686/5686 5648/5648/5648 5668/5668/5668
f 5686/5686/5686 5668/5668/5668 5684/5684/5684
f 5686/5686/5686 5684/5684/5684 5715/5715/5715
f 5686/5686/5686 5715/5715/5715 5735/5735/5735
f 5686/5686/5686 5735/5735/5735 5761/5761/5761
f 5686/5686/5686 5761/5761/5761 5768/5768/5768
f 5769/5769/5769 5774/5774/5774 5764/5764/5764
f 5769/5769/5769 5777/5777/5777 5774/5774/5774
f 5764/5764/5764 5750/5750/5750 5738/5738/5738
f 5764/5764/5764 5774/5774/5774 5750/5750/5750
f 5738/5738/5738 5722/5722/5722 5718/5718/5718
f 5738/5738/5738 5750/5750/5750 5722/5722/5722
f 5718/5718/5718 5692/5692/5692 5688/5688/5688
f 5718/5718/5718 5722/5722/5722 5692/5692/5692
f 5688/5688/5688 5662/5662/5662 5669/5669/5669
f 5688/5688/5688 5692/5692/5692 5662/5662/5662
f 5669/5669/5669 5634/5634/5634 5649/5649/5649
f 5669/5669/5669 5662/5662/5662 5634/5634/5634
f 5649/5649/5649 5614/5614/5614 5625/5625/5625
f 5649/5649/5649 5634/5634/5634 5614/5614/5614
f 5625/5625/5625 5610/5610/5610 5617/5617/5617
f 5625/5625/5625 5614/5614/5614 5610/5610/5610
f 5617/5617/5617 5613/5613/5613 5623/5623/5623
f 5617/5617/5617 5610/5610/5610 5613/5613/5613
f 5623/5623/5623 5633/5633/5633 5647/5647/5647
f 5623/5623/5623 5613/5613/5613 5633/5633/5633
f 5647/5647/5647 5661/5661/5661 5667/5667/5667
f 5647/5647/5647 5633/5633/5633 5661/5661/5661
f 5667/5667/5667 5691/5691/5691 5685/5685/5685
f 5667/5667/5667 5661/5661/5661 5691/5691/5691
f 5685/5685/5685 5721/5721/5721 5716/5716/5716
f 5685/5685/5685 5691/5691/5691 5721/5721/5721
f 5716/5716/5716 5749/5749/5749 5736/5736/5736
f 5716/5716/5716 5721/5721/5721 5749/5749/5749
f 5736/5736/5736 5773/5773/5773 5762/5762/5762
f 5736/5736/5736 5749/5749/5749 5773/5773/5773
f 5762/5762/5762 5778/5778/5778 5770/5770/5770
f 5762/5762/5762 5773/5773/5773 5778/5778/5778
f 5777/5777/5777 5746/5746/5746 5774/5774/5774
f 5777/5777/5777 5755/5755/5755 5746/5746/5746
f 5774/5774/5774 5730/5730/5730 5750/5750/5750
f 5774/5774/5774 5746/5746/5746 5730/5730/5730
f 5750/5750/5750 5710/5710/5710 5722/5722/5722
f 5750/5750/5750 5730/5730/5730 5710/5710/5710
f 5722/5722/5722 5701/5701/5701 5692/5692/5692
f 5722/5722/5722 5710/5710/5710 5701/5701/5701
f 5692/5692/5692 5677/5677/5677 5662/5662/5662
f 5692/5692/5692 5701/5701/5701 5677/5677/5677
f 5662/5662/5662 5657/5657/5657 5634/5634/5634
f 5662/5662/5662 5677/5677/5677 5657/5657/5657
f 5634/5634/5634 5641/5641/5641 5614/5614/5614
f 5634/5634/5634 5657/5657/5657 5641/5641/5641
f 5614/5614/5614 5629/5629/5629 5610/5610/5610
f 5614/5614/5614 5641/5641/5641 5629/5629/5629
f 5610/5610/5610 5639/5639/5639 5613/5613/5613
f 5610/5610/5610 5629/5629/5629 5639/5639/5639
f 5613/5613/5613 5655/5655/5655 5633/5633/5633
f 5613/5613/5613 5639/5639/5639 5655/5655/5655
f 5633/5633/5633 5675/5675/5675 5661/5661/5661
f 5633/5633/5633 5655/5655/5655 5675/5675/5675
f 5661/5661/5661 5698/5698/5698 5691/5691/5691
f 5661/5661/5661 5675/5675/5675 5698/5698/5698
f 5691/5691/5691 5708/5708/5708 5721/5721/5721
f 5691/5691/5691 5698/5698/5698 5708/5708/5708
f 5721/5721/5721 5728/5728/5728 5749/5749/5749
f 5721/5721/5721 5708/5708/5708 5728/5728/5728
f 5749/5749/5749 5744/5744/5744 5773/5773/5773
f 5749/5749/5749 5728/5728/5728 5744/5744/5744
f 5773/5773/5773 5756/5756/5756 5778/5778/5778
f 5773/5773/5773 5744/5744/5744 5756/5756/5756
f 5754/5754/5754 5700/5700/5700 5745/5745/5745
f 5745/5745/5745 5700/5700/5700 5729/5729/5729
f 5729/5729/5729 5700/5700/5700 5709/5709/5709
f 5709/5709/5709 5700/5700/5700 5702/5702/5702
f 5702/5702/5702 5700/5700/5700 5678/5678/5678
f 5678/5678/5678 5700/5700/5700 5658/5658/5658
f 5658/5658/5658 5700/5700/5700 5642/5642/5642
f 5642/5642/5642 5700/5700/5700 5630/5630/5630
f 5630/5630/5630 5700/5700/5700 5640/5640/5640
f 5640/5640/5640 5700/5700/5700 5656/5656/5656
f 5656/5656/5656 5700/5700/5700 5676/5676/5676
f 5676/5676/5676 5700/5700/5700 5699/5699/5699
f 5699/5699/5699 5700/5700/5700 5707/5707/5707
f 5707/5707/5707 5700/5700/5700 5727/5727/5727
f 5727/5727/5727 5700/5700/5700 5743/5743/5743
f 5743/5743/5743 5700/5700/5700 5754/5754/5754
o Remate_-3.85
v -4.183736 1.591724 -1.260000
v -4.167997 1.588290 -1.298891
v -4.167997 1.588290 -1.221109
v -4.130000 1.580000 -1.315000
v -4.130000 1.580000 -1.205000
v -4.092003 1.571710 -1.298891
v -4.092003 1.571710 -1.221109
v -4.076264 1.568276 -1.260000
v -4.076264 1.568276 -1.260000
v -4.047881 1.322937 -1.260000
v -4.047881 1.322937 -1.260000
v -4.047881 1.322937 -1.260000
v -4.033857 1.330863 -1.298891
v -4.033857 1.330863 -1.298891
v -4.033857 1.330863 -1.298891
v -4.033857 1.330863 -1.221109
v -4.033857 1.330863 -1.221109
v -4.033857 1.330863 -1.221109
v -4.000000 1.350000 -1.315000
v -4.000000 1.350000 -1.315000
v -4.000000 1.350000 -1.315000
v -4.000000 1.350000 -1.315000
v -4.000000 1.350000 -1.260000
v -4.000000 1.350000 -1.205000
v -4.000000 1.350000 -1.205000
v -4.000000 1.350000 -1.205000
v -3.984379 2.221761 -1.260000
v -3.984379 2.221761 -1.260000
v -3.984379 2.221761 -1.260000
v -3.968452 2.224174 -1.298891
v -3.968452 2.224174 -1.298891
v -3.968452 2.224174 -1.298891
v -3.968452 2.224174 -1.221109
v -3.968452 2.224174 -1.221109
v -3.968452 2.224174 -1.221109
v -3.966143 1.369137 -1.298891
v -3.966143 1.369137 -1.298891
v -3.966143 1.369137 -1.298891
v -3.966143 1.369137 -1.221109
v -3.966143 1.369137 -1.221109
v -3.966143 1.369137 -1.221109
v -3.952119 1.377063 -1.260000
v -3.952119 1.377063 -1.260000
v -3.952119 1.377063 -1.260000
v -3.932568 1.916175 -1.260000
v -3.930000 2.230000 -1.315000
v -3.930000 2.230000 -1.315000
v -3.930000 2.230000 -1.315000
v -3.930000 2.230000 -1.260000
v -3.930000 2.230000 -1.205000
v -3.930000 2.230000 -1.205000
v -3.930000 2.230000 -1.205000
v -3.917171 1.911437 -1.298891
v -3.917171 1.911437 -1.221109
v -3.913736 1.591724 -1.260000
v -3.897997 1.588290 -1.298891
v -3.897997 1.588290 -1.221109
v -3.891548 2.235826 -1.298891
v -3.891548 2.235826 -1.298891
v -3.891548 2.235826 -1.298891
v -3.891548 2.235826 -1.221109
v -3.891548 2.235826 -1.221109
v -3.891548 2.235826 -1.221109
v -3.880000 1.900000 -1.315000
v -3.880000 1.900000 -1.205000
v -3.878000 1.150000 -1.260000
v -3.878000 1.150000 -1.260000
v -3.878000 1.150000 -1.260000
v -3.878000 1.650000 -1.260000
v -3.878000 1.650000 -1.260000
v -3.878000 1.650000 -1.260000
v -3.875621 2.238239 -1.260000
v -3.875621 2.238239 -1.260000
v -3.875621 2.238239 -1.260000
v -3.875621 2.238239 -1.260000
v -3.869799 1.150000 -1.279799
v -3.869799 1.150000 -1.279799
v -3.869799 1.150000 -1.279799
v -3.869799 1.150000 -1.240201
v -3.869799 1.150000 -1.240201
v -3.869799 1.150000 -1.240201
v -3.869799 1.650000 -1.279799
v -3.869799 1.650000 -1.279799
v -3.869799 1.650000 -1.279799
v -3.869799 1.650000 -1.240201
v -3.869799 1.650000 -1.240201
v -3.869799 1.650000 -1.240201
v -3.860000 1.580000 -1.315000
v -3.860000 1.580000 -1.205000
v -3.850000 1.150000 -1.288000
v -3.850000 1.150000 -1.288000
v -3.850000 1.150000 -1.288000
v -3.850000 1.150000 -1.260000
v -3.850000 1.150000 -1.232000
v -3.850000 1.150000 -1.232000
v -3.850000 1.150000 -1.232000
v -3.850000 1.650000 -1.288000
v -3.850000 1.650000 -1.288000
v -3.850000 1.650000 -1.288000
v -3.850000 1.650000 -1.260000
v -3.850000 1.650000 -1.232000
v -3.850000 1.650000 -1.232000
v -3.850000 1.650000 -1.232000
v -3.842829 1.888563 -1.298891
v -3.842829 1.888563 -1.221109
v -3.830201 1.150000 -1.279799
v -3.830201 1.150000 -1.279799
v -3.830201 1.150000 -1.279799
v -3.830201 1.150000 -1.240201
v -3.830201 1.150000 -1.240201
v -3.830201 1.150000 -1.240201
v -3.830201 1.650000 -1.279799
v -3.830201 1.650000 -1.279799
v -3.830201 1.650000 -1.279799
v -3.830201 1.650000 -1.240201
v -3.830201 1.650000 -1.240201
v -3.830201 1.650000 -1.240201
v -3.827432 1.883825 -1.260000
v -3.827432 1.883825 -1.260000
v -3.822003 1.571710 -1.298891
v -3.822003 1.571710 -1.221109
v -3.822000 1.150000 -1.260000
v -3.822000 1.150000 -1.260000
v -3.822000 1.150000 -1.260000
v -3.822000 1.150000 -1.260000
v -3.822000 1.650000 -1.260000
v -3.822000 1.650000 -1.260000
v -3.822000 1.650000 -1.260000
v -3.822000 1.650000 -1.260000
v -3.806264 1.568276 -1.260000
v -3.806264 1.568276 -1.260000
v -3.777881 1.322937 -1.260000
v -3.777881 1.322937 -1.260000
v -3.777881 1.322937 -1.260000
v -3.763857 1.330863 -1.298891
v -3.763857 1.330863 -1.298891
v -3.763857 1.330863 -1.298891
v -3.763857 1.330863 -1.221109
v -3.763857 1.330863 -1.221109
v -3.763857 1.330863 -1.221109
v -3.730000 1.350000 -1.315000
v -3.730000 1.350000 -1.315000
v -3.730000 1.350000 -1.315000
v -3.730000 1.350000 -1.315000
v -3.730000 1.350000 -1.260000
v -3.730000 1.350000 -1.205000
v -3.730000 1.350000 -1.205000
v -3.730000 1.350000 -1.205000
v -3.714379 2.221761 -1.260000
v -3.714379 2.221761 -1.260000
v -3.714379 2.221761 -1.260000
v -3.698452 2.224174 -1.298891
v -3.698452 2.224174 -1.298891
v -3.698452 2.224174 -1.298891
v -3.698452 2.224174 -1.221109
v -3.698452 2.224174 -1.221109
v -3.698452 2.224174 -1.221109
v -3.696143 1.369137 -1.298891
v -3.696143 1.369137 -1.298891
v -3.696143 1.369137 -1.298891
v -3.696143 1.369137 -1.221109
v -3.696143 1.369137 -1.221109
v -3.696143 1.369137 -1.221109
v -3.682119 1.377063 -1.260000
v -3.682119 1.377063 -1.260000
v -3.682119 1.377063 -1.260000
v -3.662568 1.916175 -1.260000
v -3.660000 2.230000 -1.315000
v -3.660000 2.230000 -1.315000
v -3.660000 2.230000 -1.315000
v -3.660000 2.230000 -1.260000
v -3.660000 2.230000 -1.205000
v -3.660000 2.230000 -1.205000
v -3.660000 2.230000 -1.205000
v -3.647171 1.911437 -1.298891
v -3.647171 1.911437 -1.221109
v -3.621548 2.235826 -1.298891
v -3.621548 2.235826 -1.298891
v -3.621548 2.235826 -1.298891
v -3.621548 2.235826 -1.221109
v -3.621548 2.235826 -1.221109
v -3.621548 2.235826 -1.221109
v -3.610000 1.900000 -1.315000
v -3.610000 1.900000 -1.205000
v -3.605621 2.238239 -1.260000
v -3.605621 2.238239 -1.260000
v -3.605621 2.238239 -1.260000
v -3.605621 2.238239 -1.260000
v -3.572829 1.888563 -1.298891
v -3.572829 1.888563 -1.221109
v -3.557432 1.883825 -1.260000
v -3.557432 1.883825 -1.260000
vt 0.500000 0.200000
vt 0.375000 0.200000
vt 0.625000 0.200000
vt 0.250000 0.200000
vt 0.750000 0.200000
vt 0.125000 0.200000
vt 0.875000 0.200000
vt 0.000000 0.200000
vt 1.000000 0.200000
vt 0.250000 0.000000
vt 0.000000 0.000000
vt 1.000000 0.000000
vt 0.125000 0.000000
vt 0.000000 0.000000
vt 1.000000 0.000000
vt 0.375000 0.000000
vt 0.000000 0.000000
vt 1.000000 0.000000
vt 0.000000 0.000000
vt 1.000000 0.000000
vt 0.000000 0.000000
vt 1.000000 0.000000
vt 0.500000 0.500000
vt 0.500000 0.000000
vt 0.000000 0.000000
vt 1.000000 0.000000
vt 0.500000 0.600000
vt 0.000000 0.000000
vt 1.000000 0.000000
vt 0.375000 0.600000
vt 0.000000 0.000000
vt 1.000000 0.000000
vt 0.625000 0.600000
vt 0.000000 0.000000
vt 1.000000 0.000000
vt 0.000000 0.000000
vt 1.000000 0.000000
vt 0.875000 0.000000
vt 0.000000 0.000000
vt 1.000000 0.000000
vt 0.625000 0.000000
vt 0.000000 0.000000
vt 1.000000 0.000000
vt 0.750000 0.000000
vt 0.500000 0.400000
vt 0.000000 0.000000
vt 1.000000 0.000000
vt 0.250000 0.600000
vt 0.500000 0.500000
vt 0.000000 0.000000
vt 1.000000 0.000000
vt 0.750000 0.600000
vt 0.375000 0.400000
vt 0.625000 0.400000
vt 0.500000 0.200000
vt 0.375000 0.200000
vt 0.625000 0.200000
vt 0.000000 0.000000
vt 1.000000 0.000000
vt 0.125000 0.600000
vt 0.000000 0.000000
vt 1.000000 0.000000
vt 0.875000 0.600000
vt 0.250000 0.400000
vt 0.750000 0.400000
vt 0.500000 0.000000
vt 0.000000 0.000000
vt 1.000000 0.000000
vt 0.500000 0.200000
vt 0.000000 0.000000
vt 1.000000 0.000000
vt 0.000000 0.000000
vt 1.000000 0.000000
vt 0.000000 0.600000
vt 1.000000 0.600000
vt 0.375000 0.000000
vt 0.000000 0.000000
vt 1.000000 0.000000
vt 0.625000 0.000000
vt 0.000000 0.000000
vt 1.000000 0.000000
vt 0.375000 0.200000
vt 0.000000 0.000000
vt 1.000000 0.000000
vt 0.625000 0.200000
vt 0.000000 0.000000
vt 1.000000 0.000000
vt 0.250000 0.200000
vt 0.750000 0.200000
vt 0.000000 0.000000
vt 1.000000 0.000000
vt 0.250000 0.000000
vt 0.500000 0.500000
vt 0.000000 0.000000
vt 1.000000 0.000000
vt 0.750000 0.000000
vt 0.250000 0.200000
vt 0.000000 0.000000
vt 1.000000 0.000000
vt 0.500000 0.500000
vt 0.750000 0.200000
vt 0.000000 0.000000
vt 1.000000 0.000000
vt 0.125000 0.400000
vt 0.875000 0.400000
vt 0.000000 0.000000
vt 1.000000 0.000000
vt 0.125000 0.000000
vt 0.000000 0.000000
vt 1.000000 0.000000
vt 0.875000 0.000000
vt 0.000000 0.000000
vt 1.000000 0.000000
vt 0.125000 0.200000
vt 0.000000 0.000000
vt 1.000000 0.000000
vt 0.875000 0.200000
vt 0.000000 0.400000
vt 1.000000 0.400000
vt 0.125000 0.200000
vt 0.875000 0.200000
vt 0.000000 0.000000
vt 1.000000 0.000000
vt 0.000000 0.000000
vt 1.000000 0.000000
vt 0.000000 0.000000
vt 1.000000 0.000000
vt 0.000000 0.200000
vt 1.000000 0.200000
vt 0.000000 0.200000
vt 1.000000 0.200000
vt 0.250000 0.000000
vt 0.000000 0.000000
vt 1.000000 0.000000
vt 0.125000 0.000000
vt 0.000000 0.000000
vt 1.000000 0.000000
vt 0.375000 0.000000
vt 0.000000 0.000000
vt 1.000000 0.000000
vt 0.000000 0.000000
vt 1.000000 0.000000
vt 0.000000 0.000000
vt 1.000000 0.000000
vt 0.500000 0.500000
vt 0.500000 0.000000
vt 0.000000 0.000000
vt 1.000000 0.000000
vt 0.500000 0.600000
vt 0.000000 0.000000
vt 1.000000 0.000000
vt 0.375000 0.600000
vt 0.000000 0.000000
vt 1.000000 0.000000
vt 0.625000 0.600000
vt 0.000000 0.000000
vt 1.000000 0.000000
vt 0.000000 0.000000
vt 1.000000 0.000000
vt 0.875000 0.000000
vt 0.000000 0.000000
vt 1.000000 0.000000
vt 0.625000 0.000000
vt 0.000000 0.000000
vt 1.000000 0.000000
vt 0.750000 0.000000
vt 0.500000 0.400000
vt 0.000000 0.000000
vt 1.000000 0.000000
vt 0.250000 0.600000
vt 0.500000 0.500000
vt 0.000000 0.000000
vt 1.000000 0.000000
vt 0.750000 0.600000
vt 0.375000 0.400000
vt 0.625000 0.400000
vt 0.000000 0.000000
vt 1.000000 0.000000
vt 0.125000 0.600000
vt 0.000000 0.000000
vt 1.000000 0.000000
vt 0.875000 0.600000
vt 0.250000 0.400000
vt 0.750000 0.400000
vt 0.000000 0.000000
vt 1.000000 0.000000
vt 0.000000 0.600000
vt 1.000000 0.600000
vt 0.125000 0.400000
vt 0.875000 0.400000
vt 0.000000 0.400000
vt 1.000000 0.400000
vn -0.977016 0.213167 0.000000
vn -0.690854 0.150732 -0.707107
vn -0.690854 0.150732 0.707107
vn 0.000000 0.000000 -1.000000
vn 0.000000 0.000000 1.000000
vn 0.690854 -0.150732 -0.707107
vn 0.690854 -0.150732 0.707107
vn 0.977016 -0.213167 0.000000
vn 0.977016 -0.213167 0.000000
vn -0.870563 -0.492057 0.000000
vn 0.492057 -0.870563 0.000000
vn 0.492057 -0.870563 0.000000
vn -0.615581 -0.347937 -0.707107
vn 0.492057 -0.870563 0.000000
vn 0.492057 -0.870563 0.000000
vn -0.615581 -0.347937 0.707107
vn 0.492057 -0.870563 0.000000
vn 0.492057 -0.870563 0.000000
vn 0.000000 0.000000 -1.000000
vn 0.000000 0.000000 -1.000000
vn 0.492057 -0.870563 0.000000
vn 0.492057 -0.870563 0.000000
vn 0.492057 -0.870563 0.000000
vn 0.000000 0.000000 1.000000
vn 0.492057 -0.870563 0.000000
vn 0.492057 -0.870563 0.000000
vn -0.988716 -0.149805 0.000000
vn -0.149805 0.988716 0.000000
vn -0.149805 0.988716 0.000000
vn -0.699127 -0.105928 -0.707107
vn -0.149805 0.988716 0.000000
vn -0.149805 0.988716 0.000000
vn -0.699127 -0.105928 0.707107
vn -0.149805 0.988716 0.000000
vn -0.149805 0.988716 0.000000
vn 0.492057 -0.870563 0.000000
vn 0.492057 -0.870563 0.000000
vn 0.615581 0.347937 -0.707107
vn 0.492057 -0.870563 0.000000
vn 0.492057 -0.870563 0.000000
vn 0.615581 0.347937 0.707107
vn 0.492057 -0.870563 0.000000
vn 0.492057 -0.870563 0.000000
vn 0.870563 0.492057 0.000000
vn -0.955779 0.294086 0.000000
vn -0.149805 0.988716 0.000000
vn -0.149805 0.988716 0.000000
vn 0.000000 0.000000 -1.000000
vn -0.149805 0.988716 0.000000
vn -0.149805 0.988716 0.000000
vn -0.149805 0.988716 0.000000
vn 0.000000 0.000000 1.000000
vn -0.675838 0.207950 -0.707107
vn -0.675838 0.207950 0.707107
vn -0.977016 0.213167 0.000000
vn -0.690854 0.150732 -0.707107
vn -0.690854 0.150732 0.707107
vn -0.149805 0.988716 0.000000
vn -0.149805 0.988716 0.000000
vn 0.699127 0.105928 -0.707107
vn -0.149805 0.988716 0.000000
vn -0.149805 0.988716 0.000000
vn 0.699127 0.105928 0.707107
vn 0.000000 0.000000 -1.000000
vn 0.000000 0.000000 1.000000
vn -1.000000 0.000000 0.000000
vn 0.000000 -1.000000 0.000000
vn 0.000000 -1.000000 0.000000
vn -1.000000 0.000000 0.000000
vn 0.000000 1.000000 0.000000
vn 0.000000 1.000000 0.000000
vn -0.149805 0.988716 0.000000
vn -0.149805 0.988716 0.000000
vn 0.988716 0.149805 0.000000
vn 0.988716 0.149805 0.000000
vn -0.707107 0.000000 -0.707107
vn 0.000000 -1.000000 0.000000
vn 0.000000 -1.000000 0.000000
vn -0.707107 0.000000 0.707107
vn 0.000000 -1.000000 0.000000
vn 0.000000 -1.000000 0.000000
vn -0.707107 0.000000 -0.707107
vn 0.000000 1.000000 0.000000
vn 0.000000 1.000000 0.000000
vn -0.707107 0.000000 0.707107
vn 0.000000 1.000000 0.000000
vn 0.000000 1.000000 0.000000
vn 0.000000 0.000000 -1.000000
vn 0.000000 0.000000 1.000000
vn 0.000000 -1.000000 0.000000
vn 0.000000 -1.000000 0.000000
vn 0.000000 0.000000 -1.000000
vn 0.000000 -1.000000 0.000000
vn 0.000000 -1.000000 0.000000
vn 0.000000 -1.000000 0.000000
vn 0.000000 0.000000 1.000000
vn 0.000000 0.000000 -1.000000
vn 0.000000 1.000000 0.000000
vn 0.000000 1.000000 0.000000
vn 0.000000 1.000000 0.000000
vn 0.000000 0.000000 1.000000
vn 0.000000 1.000000 0.000000
vn 0.000000 1.000000 0.000000
vn 0.675838 -0.207950 -0.707107
vn 0.675838 -0.207950 0.707107
vn 0.000000 -1.000000 0.000000
vn 0.000000 -1.000000 0.000000
vn 0.707107 0.000000 -0.707107
vn 0.000000 -1.000000 0.000000
vn 0.000000 -1.000000 0.000000
vn 0.707107 0.000000 0.707107
vn 0.000000 1.000000 0.000000
vn 0.000000 1.000000 0.000000
vn 0.707107 0.000000 -0.707107
vn 0.000000 1.000000 0.000000
vn 0.000000 1.000000 0.000000
vn 0.707107 0.000000 0.707107
vn 0.955779 -0.294086 0.000000
vn 0.955779 -0.294086 0.000000
vn 0.690854 -0.150732 -0.707107
vn 0.690854 -0.150732 0.707107
vn 0.000000 -1.000000 0.000000
vn 0.000000 -1.000000 0.000000
vn 1.000000 0.000000 0.000000
vn 1.000000 0.000000 0.000000
vn 0.000000 1.000000 0.000000
vn 0.000000 1.000000 0.000000
vn 1.000000 0.000000 0.000000
vn 1.000000 0.000000 0.000000
vn 0.977016 -0.213167 0.000000
vn 0.977016 -0.213167 0.000000
vn -0.870563 -0.492057 0.000000
vn 0.492057 -0.870563 0.000000
vn 0.492057 -0.870563 0.000000
vn -0.615581 -0.347937 -0.707107
vn 0.492057 -0.870563 0.000000
vn 0.492057 -0.870563 0.000000
vn -0.615581 -0.347937 0.707107
vn 0.492057 -0.870563 0.000000
vn 0.492057 -0.870563 0.000000
vn 0.000000 0.000000 -1.000000
vn 0.000000 0.000000 -1.000000
vn 0.492057 -0.870563 0.000000
vn 0.492057 -0.870563 0.000000
vn 0.492057 -0.870563 0.000000
vn 0.000000 0.000000 1.000000
vn 0.492057 -0.870563 0.000000
vn 0.492057 -0.870563 0.000000
vn -0.988716 -0.149805 0.000000
vn -0.149805 0.988716 0.000000
vn -0.149805 0.988716 0.000000
vn -0.699127 -0.105928 -0.707107
vn -0.149805 0.988716 0.000000
vn -0.149805 0.988716 0.000000
vn -0.699127 -0.105928 0.707107
vn -0.149805 0.988716 0.000000
vn -0.149805 0.988716 0.000000
vn 0.492057 -0.870563 0.000000
vn 0.492057 -0.870563 0.000000
vn 0.615581 0.347937 -0.707107
vn 0.492057 -0.870563 0.000000
vn 0.492057 -0.870563 0.000000
vn 0.615581 0.347937 0.707107
vn 0.492057 -0.870563 0.000000
vn 0.492057 -0.870563 0.000000
vn 0.870563 0.492057 0.000000
vn -0.955779 0.294086 0.000000
vn -0.149805 0.988716 0.000000
vn -0.149805 0.988716 0.000000
vn 0.000000 0.000000 -1.000000
vn -0.149805 0.988716 0.000000
vn -0.149805 0.988716 0.000000
vn -0.149805 0.988716 0.000000
vn 0.000000 0.000000 1.000000
vn -0.675838 0.207950 -0.707107
vn -0.675838 0.207950 0.707107
vn -0.149805 0.988716 0.000000
vn -0.149805 0.988716 0.000000
vn 0.699127 0.105928 -0.707107
vn -0.149805 0.988716 0.000000
vn -0.149805 0.988716 0.000000
vn 0.699127 0.105928 0.707107
vn 0.000000 0.000000 -1.000000
vn 0.000000 0.000000 1.000000
vn -0.149805 0.988716 0.000000
vn -0.149805 0.988716 0.000000
vn 0.988716 0.149805 0.000000
vn 0.988716 0.149805 0.000000
vn 0.675838 -0.207950 -0.707107
vn 0.675838 -0.207950 0.707107
vn 0.955779 -0.294086 0.000000
vn 0.955779 -0.294086 0.000000
usemtl Trim
s 1
f 5902/5902/5902 5886/5886/5886 5892/5892/5892
f 5902/5902/5902 5892/5892/5892 5906/5906/5906
f 5886/5886/5886 5870/5870/5870 5875/5875/5875
f 5886/5886/5886 5875/5875/5875 5892/5892/5892
f 5870/5870/5870 5854/5854/5854 5860/5860/5860
f 5870/5870/5870 5860/5860/5860 5875/5875/5875
f 5854/5854/5854 5844/5844/5844 5847/5847/5847
f 5854/5854/5854 5847/5847/5847 5860/5860/5860
f 5844/5844/5844 5857/5857/5857 5863/5863/5863
f 5844/5844/5844 5863/5863/5863 5847/5847/5847
f 5857/5857/5857 5874/5874/5874 5879/5879/5879
f 5857/5857/5857 5879/5879/5879 5863/5863/5863
f 5874/5874/5874 5889/5889/5889 5895/5895/5895
f 5874/5874/5874 5895/5895/5895 5879/5879/5879
f 5889/5889/5889 5903/5903/5903 5907/5907/5907
f 5889/5889/5889 5907/5907/5907 5895/5895/5895
f 5871/5871/5871 5885/5885/5885 5900/5900/5900
f 5871/5871/5871 5869/5869/5869 5884/5884/5884
f 5871/5871/5871 5856/5856/5856 5868/5868/5868
f 5871/5871/5871 5846/5846/5846 5855/5855/5855
f 5871/5871/5871 5859/5859/5859 5845/5845/5845
f 5871/5871/5871 5873/5873/5873 5858/5858/5858
f 5871/5871/5871 5888/5888/5888 5872/5872/5872
f 5871/5871/5871 5901/5901/5901 5887/5887/5887
f 5878/5878/5878 5904/5904/5904 5891/5891/5891
f 5878/5878/5878 5890/5890/5890 5877/5877/5877
f 5878/5878/5878 5876/5876/5876 5862/5862/5862
f 5878/5878/5878 5861/5861/5861 5849/5849/5849
f 5878/5878/5878 5848/5848/5848 5865/5865/5865
f 5878/5878/5878 5864/5864/5864 5881/5881/5881
f 5878/5878/5878 5880/5880/5880 5894/5894/5894
f 5878/5878/5878 5893/5893/5893 5905/5905/5905
f 5797/5797/5797 5791/5791/5791 5784/5784/5784
f 5797/5797/5797 5784/5784/5784 5786/5786/5786
f 5791/5791/5791 5788/5788/5788 5782/5782/5782
f 5791/5791/5791 5782/5782/5782 5784/5784/5784
f 5788/5788/5788 5794/5794/5794 5780/5780/5780
f 5788/5788/5788 5780/5780/5780 5782/5782/5782
f 5794/5794/5794 5802/5802/5802 5779/5779/5779
f 5794/5794/5794 5779/5779/5779 5780/5780/5780
f 5802/5802/5802 5819/5819/5819 5781/5781/5781
f 5802/5802/5802 5781/5781/5781 5779/5779/5779
f 5819/5819/5819 5822/5822/5822 5783/5783/5783
f 5819/5819/5819 5783/5783/5783 5781/5781/5781
f 5822/5822/5822 5816/5816/5816 5785/5785/5785
f 5822/5822/5822 5785/5785/5785 5783/5783/5783
f 5816/5816/5816 5798/5798/5798 5787/5787/5787
f 5816/5816/5816 5787/5787/5787 5785/5785/5785
f 5786/5786/5786 5784/5784/5784 5882/5882/5882
f 5786/5786/5786 5882/5882/5882 5896/5896/5896
f 5784/5784/5784 5782/5782/5782 5842/5842/5842
f 5784/5784/5784 5842/5842/5842 5882/5882/5882
f 5782/5782/5782 5780/5780/5780 5831/5831/5831
f 5782/5782/5782 5831/5831/5831 5842/5842/5842
f 5780/5780/5780 5779/5779/5779 5823/5823/5823
f 5780/5780/5780 5823/5823/5823 5831/5831/5831
f 5779/5779/5779 5781/5781/5781 5832/5832/5832
f 5779/5779/5779 5832/5832/5832 5823/5823/5823
f 5781/5781/5781 5783/5783/5783 5843/5843/5843
f 5781/5781/5781 5843/5843/5843 5832/5832/5832
f 5783/5783/5783 5785/5785/5785 5883/5883/5883
f 5783/5783/5783 5883/5883/5883 5843/5843/5843
f 5785/5785/5785 5787/5787/5787 5897/5897/5897
f 5785/5785/5785 5897/5897/5897 5883/5883/5883
f 5896/5896/5896 5882/5882/5882 5838/5838/5838
f 5896/5896/5896 5838/5838/5838 5852/5852/5852
f 5882/5882/5882 5842/5842/5842 5826/5826/5826
f 5882/5882/5882 5826/5826/5826 5838/5838/5838
f 5842/5842/5842 5831/5831/5831 5808/5808/5808
f 5842/5842/5842 5808/5808/5808 5826/5826/5826
f 5831/5831/5831 5823/5823/5823 5805/5805/5805
f 5831/5831/5831 5805/5805/5805 5808/5808/5808
f 5823/5823/5823 5832/5832/5832 5811/5811/5811
f 5823/5823/5823 5811/5811/5811 5805/5805/5805
f 5832/5832/5832 5843/5843/5843 5830/5830/5830
f 5832/5832/5832 5830/5830/5830 5811/5811/5811
f 5843/5843/5843 5883/5883/5883 5841/5841/5841
f 5843/5843/5843 5841/5841/5841 5830/5830/5830
f 5883/5883/5883 5897/5897/5897 5853/5853/5853
f 5883/5883/5883 5853/5853/5853 5841/5841/5841
f 5801/5801/5801 5793/5793/5793 5799/5799/5799
f 5801/5801/5801 5790/5790/5790 5792/5792/5792
f 5801/5801/5801 5796/5796/5796 5789/5789/5789
f 5801/5801/5801 5804/5804/5804 5795/5795/5795
f 5801/5801/5801 5818/5818/5818 5803/5803/5803
f 5801/5801/5801 5821/5821/5821 5817/5817/5817
f 5801/5801/5801 5815/5815/5815 5820/5820/5820
f 5801/5801/5801 5800/5800/5800 5814/5814/5814
f 5827/5827/5827 5850/5850/5850 5837/5837/5837
f 5827/5827/5827 5836/5836/5836 5825/5825/5825
f 5827/5827/5827 5824/5824/5824 5810/5810/5810
f 5827/5827/5827 5809/5809/5809 5807/5807/5807
f 5827/5827/5827 5806/5806/5806 5813/5813/5813
f 5827/5827/5827 5812/5812/5812 5829/5829/5829
f 5827/5827/5827 5828/5828/5828 5840/5840/5840
f 5827/5827/5827 5839/5839/5839 5851/5851/5851
f 5919/5919/5919 5913/5913/5913 5898/5898/5898
f 5919/5919/5919 5898/5898/5898 5908/5908/5908
f 5913/5913/5913 5910/5910/5910 5866/5866/5866
f 5913/5913/5913 5866/5866/5866 5898/5898/5898
f 5910/5910/5910 5916/5916/5916 5834/5834/5834
f 5910/5910/5910 5834/5834/5834 5866/5866/5866
f 5916/5916/5916 5924/5924/5924 5833/5833/5833
f 5916/5916/5916 5833/5833/5833 5834/5834/5834
f 5924/5924/5924 5941/5941/5941 5835/5835/5835
f 5924/5924/5924 5835/5835/5835 5833/5833/5833
f 5941/5941/5941 5944/5944/5944 5867/5867/5867
f 5941/5941/5941 5867/5867/5867 5835/5835/5835
f 5944/5944/5944 5938/5938/5938 5899/5899/5899
f 5944/5944/5944 5899/5899/5899 5867/5867/5867
f 5938/5938/5938 5920/5920/5920 5909/5909/5909
f 5938/5938/5938 5909/5909/5909 5899/5899/5899
f 5908/5908/5908 5898/5898/5898 5967/5967/5967
f 5908/5908/5908 5967/5967/5967 5969/5969/5969
f 5898/5898/5898 5866/5866/5866 5961/5961/5961
f 5898/5898/5898 5961/5961/5961 5967/5967/5967
f 5866/5866/5866 5834/5834/5834 5953/5953/5953
f 5866/5866/5866 5953/5953/5953 5961/5961/5961
f 5834/5834/5834 5833/5833/5833 5945/5945/5945
f 5834/5834/5834 5945/5945/5945 5953/5953/5953
f 5833/5833/5833 5835/5835/5835 5954/5954/5954
f 5833/5833/5833 5954/5954/5954 5945/5945/5945
f 5835/5835/5835 5867/5867/5867 5962/5962/5962
f 5835/5835/5835 5962/5962/5962 5954/5954/5954
f 5867/5867/5867 5899/5899/5899 5968/5968/5968
f 5867/5867/5867 5968/5968/5968 5962/5962/5962
f 5899/5899/5899 5909/5909/5909 5970/5970/5970
f 5899/5899/5899 5970/5970/5970 5968/5968/5968
f 5969/5969/5969 5967/5967/5967 5957/5957/5957
f 5969/5969/5969 5957/5957/5957 5965/5965/5965
f 5967/5967/5967 5961/5961/5961 5948/5948/5948
f 5967/5967/5967 5948/5948/5948 5957/5957/5957
f 5961/5961/5961 5953/5953/5953 5930/5930/5930
f 5961/5961/5961 5930/5930/5930 5948/5948/5948
f 5953/5953/5953 5945/5945/5945 5927/5927/5927
f 5953/5953/5953 5927/5927/5927 5930/5930/5930
f 5945/5945/5945 5954/5954/5954 5933/5933/5933
f 5945/5945/5945 5933/5933/5933 5927/5927/5927
f 5954/5954/5954 5962/5962/5962 5952/5952/5952
f 5954/5954/5954 5952/5952/5952 5933/5933/5933
f 5962/5962/5962 5968/5968/5968 5960/5960/5960
f 5962/5962/5962 5960/5960/5960 5952/5952/5952
f 5968/5968/5968 5970/5970/5970 5966/5966/5966
f 5968/5968/5968 5966/5966/5966 5960/5960/5960
f 5923/5923/5923 5915/5915/5915 5921/5921/5921
f 5923/5923/5923 5912/5912/5912 5914/5914/5914
f 5923/5923/5923 5918/5918/5918 5911/5911/5911
f 5923/5923/5923 5926/5926/5926 5917/5917/5917
f 5923/5923/5923 5940/5940/5940 5925/5925/5925
f 5923/5923/5923 5943/5943/5943 5939/5939/5939
f 5923/5923/5923 5937/5937/5937 5942/5942/5942
f 5923/5923/5923 5922/5922/5922 5936/5936/5936
f 5949/5949/5949 5963/5963/5963 5956/5956/5956
f 5949/5949/5949 5955/5955/5955 5947/5947/5947
f 5949/5949/5949 5946/5946/5946 5932/5932/5932
f 5949/5949/5949 5931/5931/5931 5929/5929/5929
f 5949/5949/5949 5928/5928/5928 5935/5935/5935
f 5949/5949/5949 5934/5934/5934 5951/5951/5951
f 5949/5949/5949 5950/5950/5950 5959/5959/5959
f 5949/5949/5949 5958/5958/5958 5964/5964/5964
o Remate_3.85
v 3.516264 1.591724 -1.260000
v 3.532003 1.588290 -1.298891
v 3.532003 1.588290 -1.221109
v 3.570000 1.580000 -1.315000
v 3.570000 1.580000 -1.205000
v 3.607997 1.571710 -1.298891
v 3.607997 1.571710 -1.221109
v 3.623736 1.568276 -1.260000
v 3.623736 1.568276 -1.260000
v 3.652119 1.322937 -1.260000
v 3.652119 1.322937 -1.260000
v 3.652119 1.322937 -1.260000
v 3.666143 1.330863 -1.298891
v 3.666143 1.330863 -1.298891
v 3.666143 1.330863 -1.298891
v 3.666143 1.330863 -1.221109
v 3.666143 1.330863 -1.221109
v 3.666143 1.330863 -1.221109
v 3.700000 1.350000 -1.315000
v 3.700000 1.350000 -1.315000
v 3.700000 1.350000 -1.315000
v 3.700000 1.350000 -1.315000
v 3.700000 1.350000 -1.260000
v 3.700000 1.350000 -1.205000
v 3.700000 1.350000 -1.205000
v 3.700000 1.350000 -1.205000
v 3.715621 2.221761 -1.260000
v 3.715621 2.221761 -1.260000
v 3.715621 2.221761 -1.260000
v 3.731548 2.224174 -1.298891
v 3.731548 2.224174 -1.298891
v 3.731548 2.224174 -1.298891
v 3.731548 2.224174 -1.221109
v 3.731548 2.224174 -1.221109
v 3.731548 2.224174 -1.221109
v 3.733857 1.369137 -1.298891
v 3.733857 1.369137 -1.298891
v 3.733857 1.369137 -1.298891
v 3.733857 1.369137 -1.221109
v 3.733857 1.369137 -1.221109
v 3.733857 1.369137 -1.221109
v 3.747881 1.377063 -1.260000
v 3.747881 1.377063 -1.260000
v 3.747881 1.377063 -1.260000
v 3.767432 1.916175 -1.260000
v 3.770000 2.230000 -1.315000
v 3.770000 2.230000 -1.315000
v 3.770000 2.230000 -1.315000
v 3.770000 2.230000 -1.260000
v 3.770000 2.230000 -1.205000
v 3.770000 2.230000 -1.205000
v 3.770000 2.230000 -1.205000
v 3.782829 1.911437 -1.298891
v 3.782829 1.911437 -1.221109
v 3.786264 1.591724 -1.260000
v 3.802003 1.588290 -1.298891
v 3.802003 1.588290 -1.221109
v 3.808452 2.235826 -1.298891
v 3.808452 2.235826 -1.298891
v 3.808452 2.235826 -1.298891
v 3.808452 2.235826 -1.221109
v 3.808452 2.235826 -1.221109
v 3.808452 2.235826 -1.221109
v 3.820000 1.900000 -1.315000
v 3.820000 1.900000 -1.205000
v 3.822000 1.150000 -1.260000
v 3.822000 1.150000 -1.260000
v 3.822000 1.150000 -1.260000
v 3.822000 1.650000 -1.260000
v 3.822000 1.650000 -1.260000
v 3.822000 1.650000 -1.260000
v 3.824379 2.238239 -1.260000
v 3.824379 2.238239 -1.260000
v 3.824379 2.238239 -1.260000
v 3.824379 2.238239 -1.260000
v 3.830201 1.150000 -1.279799
v 3.830201 1.150000 -1.279799
v 3.830201 1.150000 -1.279799
v 3.830201 1.150000 -1.240201
v 3.830201 1.150000 -1.240201
v 3.830201 1.150000 -1.240201
v 3.830201 1.650000 -1.279799
v 3.830201 1.650000 -1.279799
v 3.830201 1.650000 -1.279799
v 3.830201 1.650000 -1.240201
v 3.830201 1.650000 -1.240201
v 3.830201 1.650000 -1.240201
v 3.840000 1.580000 -1.315000
v 3.840000 1.580000 -1.205000
v 3.850000 1.150000 -1.288000
v 3.850000 1.150000 -1.288000
v 3.850000 1.150000 -1.288000
v 3.850000 1.150000 -1.260000
v 3.850000 1.150000 -1.232000
v 3.850000 1.150000 -1.232000
v 3.850000 1.150000 -1.232000
v 3.850000 1.650000 -1.288000
v 3.850000 1.650000 -1.288000
v 3.850000 1.650000 -1.288000
v 3.850000 1.650000 -1.260000
v 3.850000 1.650000 -1.232000
v 3.850000 1.650000 -1.232000
v 3.850000 1.650000 -1.232000
v 3.857171 1.888563 -1.298891
v 3.857171 1.888563 -1.221109
v 3.869799 1.150000 -1.279799
v 3.869799 1.150000 -1.279799
v 3.869799 1.150000 -1.279799
v 3.869799 1.150000 -1.240201
v 3.869799 1.150000 -1.240201
v 3.869799 1.150000 -1.240201
v 3.869799 1.650000 -1.279799
v 3.869799 1.650000 -1.279799
v 3.869799 1.650000 -1.279799
v 3.869799 1.650000 -1.240201
v 3.869799 1.650000 -1.240201
v 3.869799 1.650000 -1.240201
v 3.872568 1.883825 -1.260000
v 3.872568 1.883825 -1.260000
v 3.877997 1.571710 -1.298891
v 3.877997 1.571710 -1.221109
v 3.878000 1.150000 -1.260000
v 3.878000 1.150000 -1.260000
v 3.878000 1.150000 -1.260000
v 3.878000 1.150000 -1.260000
v 3.878000 1.650000 -1.260000
v 3.878000 1.650000 -1.260000
v 3.878000 1.650000 -1.260000
v 3.878000 1.650000 -1.260000
v 3.893736 1.568276 -1.260000
v 3.893736 1.568276 -1.260000
v 3.922119 1.322937 -1.260000
v 3.922119 1.322937 -1.260000
v 3.922119 1.322937 -1.260000
v 3.936143 1.330863 -1.298891
v 3.936143 1.330863 -1.298891
v 3.936143 1.330863 -1.298891
v 3.936143 1.330863 -1.221109
v 3.936143 1.330863 -1.221109
v 3.936143 1.330863 -1.221109
v 3.970000 1.350000 -1.315000
v 3.970000 1.350000 -1.315000
v 3.970000 1.350000 -1.315000
v 3.970000 1.350000 -1.315000
v 3.970000 1.350000 -1.260000
v 3.970000 1.350000 -1.205000
v 3.970000 1.350000 -1.205000
v 3.970000 1.350000 -1.205000
v 3.985621 2.221761 -1.260000
v 3.985621 2.221761 -1.260000
v 3.985621 2.221761 -1.260000
v 4.001548 2.224174 -1.298891
v 4.001548 2.224174 -1.298891
v 4.001548 2.224174 -1.298891
v 4.001548 2.224174 -1.221109
v 4.001548 2.224174 -1.221109
v 4.001548 2.224174 -1.221109
v 4.003857 1.369137 -1.298891
v 4.003857 1.369137 -1.298891
v 4.003857 1.369137 -1.298891
v 4.003857 1.369137 -1.221109
v 4.003857 1.369137 -1.221109
v 4.003857 1.369137 -1.221109
v 4.017881 1.377063 -1.260000
v 4.017881 1.377063 -1.260000
v 4.017881 1.377063 -1.260000
v 4.037432 1.916175 -1.260000
v 4.040000 2.230000 -1.315000
v 4.040000 2.230000 -1.315000
v 4.040000 2.230000 -1.315000
v 4.040000 2.230000 -1.260000
v 4.040000 2.230000 -1.205000
v 4.040000 2.230000 -1.205000
v 4.040000 2.230000 -1.205000
v 4.052829 1.911437 -1.298891
v 4.052829 1.911437 -1.221109
v 4.078452 2.235826 -1.298891
v 4.078452 2.235826 -1.298891
v 4.078452 2.235826 -1.298891
v 4.078452 2.235826 -1.221109
v 4.078452 2.235826 -1.221109
v 4.078452 2.235826 -1.221109
v 4.090000 1.900000 -1.315000
v 4.090000 1.900000 -1.205000
v 4.094379 2.238239 -1.260000
v 4.094379 2.238239 -1.260000
v 4.094379 2.238239 -1.260000
v 4.094379 2.238239 -1.260000
v 4.127171 1.888563 -1.298891
v 4.127171 1.888563 -1.221109
v 4.142568 1.883825 -1.260000
v 4.142568 1.883825 -1.260000
vt 0.500000 0.200000
vt 0.375000 0.200000
vt 0.625000 0.200000
vt 0.250000 0.200000
vt 0.750000 0.200000
vt 0.125000 0.200000
vt 0.875000 0.200000
vt 0.000000 0.200000
vt 1.000000 0.200000
vt 0.250000 0.000000
vt 0.000000 0.000000
vt 1.000000 0.000000
vt 0.125000 0.000000
vt 0.000000 0.000000
vt 1.000000 0.000000
vt 0.375000 0.000000
vt 0.000000 0.000000
vt 1.000000 0.000000
vt 0.000000 0.000000
vt 1.000000 0.000000
vt 0.000000 0.000000
vt 1.000000 0.000000
vt 0.500000 0.500000
vt 0.500000 0.000000
vt 0.000000 0.000000
vt 1.000000 0.000000
vt 0.500000 0.600000
vt 0.000000 0.000000
vt 1.000000 0.000000
vt 0.375000 0.600000
vt 0.000000 0.000000
vt 1.000000 0.000000
vt 0.625000 0.600000
vt 0.000000 0.000000
vt 1.000000 0.000000
vt 0.000000 0.000000
vt 1.000000 0.000000
vt 0.875000 0.000000
vt 0.000000 0.000000
vt 1.000000 0.000000
vt 0.625000 0.000000
vt 0.000000 0.000000
vt 1.000000 0.000000
vt 0.750000 0.000000
vt 0.500000 0.400000
vt 0.000000 0.000000
vt 1.000000 0.000000
vt 0.250000 0.600000
vt 0.500000 0.500000
vt 0.000000 0.000000
vt 1.000000 0.000000
vt 0.750000 0.600000
vt 0.375000 0.400000
vt 0.625000 0.400000
vt 0.500000 0.200000
vt 0.375000 0.200000
vt 0.625000 0.200000
vt 0.000000 0.000000
vt 1.000000 0.000000
vt 0.125000 0.600000
vt 0.000000 0.000000
vt 1.000000 0.000000
vt 0.875000 0.600000
vt 0.250000 0.400000
vt 0.750000 0.400000
vt 0.500000 0.000000
vt 0.000000 0.000000
vt 1.000000 0.000000
vt 0.500000 0.200000
vt 0.000000 0.000000
vt 1.000000 0.000000
vt 0.000000 0.000000
vt 1.000000 0.000000
vt 0.000000 0.600000
vt 1.000000 0.600000
vt 0.375000 0.000000
vt 0.000000 0.000000
vt 1.000000 0.000000
vt 0.625000 0.000000
vt 0.000000 0.000000
vt 1.000000 0.000000
vt 0.375000 0.200000
vt 0.000000 0.000000
vt 1.000000 0.000000
vt 0.625000 0.200000
vt 0.000000 0.000000
vt 1.000000 0.000000
vt 0.250000 0.200000
vt 0.750000 0.200000
vt 0.000000 0.000000
vt 1.000000 0.000000
vt 0.250000 0.000000
vt 0.500000 0.500000
vt 0.000000 0.000000
vt 1.000000 0.000000
vt 0.750000 0.000000
vt 0.250000 0.200000
vt 0.000000 0.000000
vt 1.000000 0.000000
vt 0.500000 0.500000
vt 0.750000 0.200000
vt 0.000000 0.000000
vt 1.000000 0.000000
vt 0.125000 0.400000
vt 0.875000 0.400000
vt 0.000000 0.000000
vt 1.000000 0.000000
vt 0.125000 0.000000
vt 0.000000 0.000000
vt 1.000000 0.000000
vt 0.875000 0.000000
vt 0.000000 0.000000
vt 1.000000 0.000000
vt 0.125000 0.200000
vt 0.000000 0.000000
vt 1.000000 0.000000
vt 0.875000 0.200000
vt 0.000000 0.400000
vt 1.000000 0.400000
vt 0.125000 0.200000
vt 0.875000 0.200000
vt 0.000000 0.000000
vt 1.000000 0.000000
vt 0.000000 0.000000
vt 1.000000 0.000000
vt 0.000000 0.000000
vt 1.000000 0.000000
vt 0.000000 0.200000
vt 1.000000 0.200000
vt 0.000000 0.200000
vt 1.000000 0.200000
vt 0.250000 0.000000
vt 0.000000 0.000000
vt 1.000000 0.000000
vt 0.125000 0.000000
vt 0.000000 0.000000
vt 1.000000 0.000000
vt 0.375000 0.000000
vt 0.000000 0.000000
vt 1.000000 0.000000
vt 0.000000 0.000000
vt 1.000000 0.000000
vt 0.000000 0.000000
vt 1.000000 0.000000
vt 0.500000 0.500000
vt 0.500000 0.000000
vt 0.000000 0.000000
vt 1.000000 0.000000
vt 0.500000 0.600000
vt 0.000000 0.000000
vt 1.000000 0.000000
vt 0.375000 0.600000
vt 0.000000 0.000000
vt 1.000000 0.000000
vt 0.625000 0.600000
vt 0.000000 0.000000
vt 1.000000 0.000000
vt 0.000000 0.000000
vt 1.000000 0.000000
vt 0.875000 0.000000
vt 0.000000 0.000000
vt 1.000000 0.000000
vt 0.625000 0.000000
vt 0.000000 0.000000
vt 1.000000 0.000000
vt 0.750000 0.000000
vt 0.500000 0.400000
vt 0.000000 0.000000
vt 1.000000 0.000000
vt 0.250000 0.600000
vt 0.500000 0.500000
vt 0.000000 0.000000
vt 1.000000 0.000000
vt 0.750000 0.600000
vt 0.375000 0.400000
vt 0.625000 0.400000
vt 0.000000 0.000000
vt 1.000000 0.000000
vt 0.125000 0.600000
vt 0.000000 0.000000
vt 1.000000 0.000000
vt 0.875000 0.600000
vt 0.250000 0.400000
vt 0.750000 0.400000
vt 0.000000 0.000000
vt 1.000000 0.000000
vt 0.000000 0.600000
vt 1.000000 0.600000
vt 0.125000 0.400000
vt 0.875000 0.400000
vt 0.000000 0.400000
vt 1.000000 0.400000
vn -0.977016 0.213167 0.000000
vn -0.690854 0.150732 -0.707107
vn -0.690854 0.150732 0.707107
vn 0.000000 0.000000 -1.000000
vn 0.000000 0.000000 1.000000
vn 0.690854 -0.150732 -0.707107
vn 0.690854 -0.150732 0.707107
vn 0.977016 -0.213167 0.000000
vn 0.977016 -0.213167 0.000000
vn -0.870563 -0.492057 0.000000
vn 0.492057 -0.870563 0.000000
vn 0.492057 -0.870563 0.000000
vn -0.615581 -0.347937 -0.707107
vn 0.492057 -0.870563 0.000000
vn 0.492057 -0.870563 0.000000
vn -0.615581 -0.347937 0.707107
vn 0.492057 -0.870563 0.000000
vn 0.492057 -0.870563 0.000000
vn 0.000000 0.000000 -1.000000
vn 0.000000 0.000000 -1.000000
vn 0.492057 -0.870563 0.000000
vn 0.492057 -0.870563 0.000000
vn 0.492057 -0.870563 0.000000
vn 0.000000 0.000000 1.000000
vn 0.492057 -0.870563 0.000000
vn 0.492057 -0.870563 0.000000
vn -0.988716 -0.149805 0.000000
vn -0.149805 0.988716 0.000000
vn -0.149805 0.988716 0.000000
vn -0.699127 -0.105928 -0.707107
vn -0.149805 0.988716 0.000000
vn -0.149805 0.988716 0.000000
vn -0.699127 -0.105928 0.707107
vn -0.149805 0.988716 0.000000
vn -0.149805 0.988716 0.000000
vn 0.492057 -0.870563 0.000000
vn 0.492057 -0.870563 0.000000
vn 0.615581 0.347937 -0.707107
vn 0.492057 -0.870563 0.000000
vn 0.492057 -0.870563 0.000000
vn 0.615581 0.347937 0.707107
vn 0.492057 -0.870563 0.000000
vn 0.492057 -0.870563 0.000000
vn 0.870563 0.492057 0.000000
vn -0.955779 0.294086 0.000000
vn -0.149805 0.988716 0.000000
vn -0.149805 0.988716 0.000000
vn 0.000000 0.000000 -1.000000
vn -0.149805 0.988716 0.000000
vn -0.149805 0.988716 0.000000
vn -0.149805 0.988716 0.000000
vn 0.000000 0.000000 1.000000
vn -0.675838 0.207950 -0.707107
vn -0.675838 0.207950 0.707107
vn -0.977016 0.213167 0.000000
vn -0.690854 0.150732 -0.707107
vn -0.690854 0.150732 0.707107
vn -0.149805 0.988716 0.000000
vn -0.149805 0.988716 0.000000
vn 0.699127 0.105928 -0.707107
vn -0.149805 0.988716 0.000000
vn -0.149805 0.988716 0.000000
vn 0.699127 0.105928 0.707107
vn 0.000000 0.000000 -1.000000
vn 0.000000 0.000000 1.000000
vn -1.000000 0.000000 0.000000
vn 0.000000 -1.000000 0.000000
vn 0.000000 -1.000000 0.000000
vn -1.000000 0.000000 0.000000
vn 0.000000 1.000000 0.000000
vn 0.000000 1.000000 0.000000
vn -0.149805 0.988716 0.000000
vn -0.149805 0.988716 0.000000
vn 0.988716 0.149805 0.000000
vn 0.988716 0.149805 0.000000
vn -0.707107 0.000000 -0.707107
vn 0.000000 -1.000000 0.000000
vn 0.000000 -1.000000 0.000000
vn -0.707107 0.000000 0.707107
vn 0.000000 -1.000000 0.000000
vn 0.000000 -1.000000 0.000000
vn -0.707107 0.000000 -0.707107
vn 0.000000 1.000000 0.000000
vn 0.000000 1.000000 0.000000
vn -0.707107 0.000000 0.707107
vn 0.000000 1.000000 0.000000
vn 0.000000 1.000000 0.000000
vn 0.000000 0.000000 -1.000000
vn 0.000000 0.000000 1.000000
vn 0.000000 -1.000000 0.000000
vn 0.000000 -1.000000 0.000000
vn 0.000000 0.000000 -1.000000
vn 0.000000 -1.000000 0.000000
vn 0.000000 -1.000000 0.000000
vn 0.000000 -1.000000 0.000000
vn 0.000000 0.000000 1.000000
vn 0.000000 0.000000 -1.000000
vn 0.000000 1.000000 0.000000
vn 0.000000 1.000000 0.000000
vn 0.000000 1.000000 0.000000
vn 0.000000 0.000000 1.000000
vn 0.000000 1.000000 0.000000
vn 0.000000 1.000000 0.000000
vn 0.675838 -0.207950 -0.707107
vn 0.675838 -0.207950 0.707107
vn 0.000000 -1.000000 0.000000
vn 0.000000 -1.000000 0.000000
vn 0.707107 0.000000 -0.707107
vn 0.000000 -1.000000 0.000000
vn 0.000000 -1.000000 0.000000
vn 0.707107 0.000000 0.707107
vn 0.000000 1.000000 0.000000
vn 0.000000 1.000000 0.000000
vn 0.707107 0.000000 -0.707107
vn 0.000000 1.000000 0.000000
vn 0.000000 1.000000 0.000000
vn 0.707107 0.000000 0.707107
vn 0.955779 -0.294086 0.000000
vn 0.955779 -0.294086 0.000000
vn 0.690854 -0.150732 -0.707107
vn 0.690854 -0.150732 0.707107
vn 0.000000 -1.000000 0.000000
vn 0.000000 -1.000000 0.000000
vn 1.000000 0.000000 0.000000
vn 1.000000 0.000000 0.000000
vn 0.000000 1.000000 0.000000
vn 0.000000 1.000000 0.000000
vn 1.000000 0.000000 0.000000
vn 1.000000 0.000000 0.000000
vn 0.977016 -0.213167 0.000000
vn 0.977016 -0.213167 0.000000
vn -0.870563 -0.492057 0.000000
vn 0.492057 -0.870563 0.000000
vn 0.492057 -0.870563 0.000000
vn -0.615581 -0.347937 -0.707107
vn 0.492057 -0.870563 0.000000
vn 0.492057 -0.870563 0.000000
vn -0.615581 -0.347937 0.707107
vn 0.492057 -0.870563 0.000000
vn 0.492057 -0.870563 0.000000
vn 0.000000 0.000000 -1.000000
vn 0.000000 0.000000 -1.000000
vn 0.492057 -0.870563 0.000000
vn 0.492057 -0.870563 0.000000
vn 0.492057 -0.870563 0.000000
vn 0.000000 0.000000 1.000000
vn 0.492057 -0.870563 0.000000
vn 0.492057 -0.870563 0.000000
vn -0.988716 -0.149805 0.000000
vn -0.149805 0.988716 0.000000
vn -0.149805 0.988716 0.000000
vn -0.699127 -0.105928 -0.707107
vn -0.149805 0.988716 0.000000
vn -0.149805 0.988716 0.000000
vn -0.699127 -0.105928 0.707107
vn -0.149805 0.988716 0.000000
vn -0.149805 0.988716 0.000000
vn 0.492057 -0.870563 0.000000
vn 0.492057 -0.870563 0.000000
vn 0.615581 0.347937 -0.707107
vn 0.492057 -0.870563 0.000000
vn 0.492057 -0.870563 0.000000
vn 0.615581 0.347937 0.707107
vn 0.492057 -0.870563 0.000000
vn 0.492057 -0.870563 0.000000
vn 0.870563 0.492057 0.000000
vn -0.955779 0.294086 0.000000
vn -0.149805 0.988716 0.000000
vn -0.149805 0.988716 0.000000
vn 0.000000 0.000000 -1.000000
vn -0.149805 0.988716 0.000000
vn -0.149805 0.988716 0.000000
vn -0.149805 0.988716 0.000000
vn 0.000000 0.000000 1.000000
vn -0.675838 0.207950 -0.707107
vn -0.675838 0.207950 0.707107
vn -0.149805 0.988716 0.000000
vn -0.149805 0.988716 0.000000
vn 0.699127 0.105928 -0.707107
vn -0.149805 0.988716 0.000000
vn -0.149805 0.988716 0.000000
vn 0.699127 0.105928 0.707107
vn 0.000000 0.000000 -1.000000
vn 0.000000 0.000000 1.000000
vn -0.149805 0.988716 0.000000
vn -0.149805 0.988716 0.000000
vn 0.988716 0.149805 0.000000
vn 0.988716 0.149805 0.000000
vn 0.675838 -0.207950 -0.707107
vn 0.675838 -0.207950 0.707107
vn 0.955779 -0.294086 0.000000
vn 0.955779 -0.294086 0.000000
usemtl Trim
s 1
f 6094/6094/6094 6078/6078/6078 6084/6084/6084
f 6094/6094/6094 6084/6084/6084 6098/6098/6098
f 6078/6078/6078 6062/6062/6062 6067/6067/6067
f 6078/6078/6078 6067/6067/6067 6084/6084/6084
f 6062/6062/6062 6046/6046/6046 6052/6052/6052
f 6062/6062/6062 6052/6052/6052 6067/6067/6067
f 6046/6046/6046 6036/6036/6036 6039/6039/6039
f 6046/6046/6046 6039/6039/6039 6052/6052/6052
f 6036/6036/6036 6049/6049/6049 6055/6055/6055
f 6036/6036/6036 6055/6055/6055 6039/6039/6039
f 6049/6049/6049 6066/6066/6066 6071/6071/6071
f 6049/6049/6049 6071/6071/6071 6055/6055/6055
f 6066/6066/6066 6081/6081/6081 6087/6087/6087
f 6066/6066/6066 6087/6087/6087 6071/6071/6071
f 6081/6081/6081 6095/6095/6095 6099/6099/6099
f 6081/6081/6081 6099/6099/6099 6087/6087/6087
f 6063/6063/6063 6077/6077/6077 6092/6092/6092
f 6063/6063/6063 6061/6061/6061 6076/6076/6076
f 6063/6063/6063 6048/6048/6048 6060/6060/6060
f 6063/6063/6063 6038/6038/6038 6047/6047/6047
f 6063/6063/6063 6051/6051/6051 6037/6037/6037
f 6063/6063/6063 6065/6065/6065 6050/6050/6050
f 6063/6063/6063 6080/6080/6080 6064/6064/6064
f 6063/6063/6063 6093/6093/6093 6079/6079/6079
f 6070/6070/6070 6096/6096/6096 6083/6083/6083
f 6070/6070/6070 6082/6082/6082 6069/6069/6069
f 6070/6070/6070 6068/6068/6068 6054/6054/6054
f 6070/6070/6070 6053/6053/6053 6041/6041/6041
f 6070/6070/6070 6040/6040/6040 6057/6057/6057
f 6070/6070/6070 6056/6056/6056 6073/6073/6073
f 6070/6070/6070 6072/6072/6072 6086/6086/6086
f 6070/6070/6070 6085/6085/6085 6097/6097/6097
f 5989/5989/5989 5983/5983/5983 5976/5976/5976
f 5989/5989/5989 5976/5976/5976 5978/5978/5978
f 5983/5983/5983 5980/5980/5980 5974/5974/5974
f 5983/5983/5983 5974/5974/5974 5976/5976/5976
f 5980/5980/5980 5986/5986/5986 5972/5972/5972
f 5980/5980/5980 5972/5972/5972 5974/5974/5974
f 5986/5986/5986 5994/5994/5994 5971/5971/5971
f 5986/5986/5986 5971/5971/5971 5972/5972/5972
f 5994/5994/5994 6011/6011/6011 5973/5973/5973
f 5994/5994/5994 5973/5973/5973 5971/5971/5971
f 6011/6011/6011 6014/6014/6014 5975/5975/5975
f 6011/6011/6011 5975/5975/5975 5973/5973/5973
f 6014/6014/6014 6008/6008/6008 5977/5977/5977
f 6014/6014/6014 5977/5977/5977 5975/5975/5975
f 6008/6008/6008 5990/5990/5990 5979/5979/5979
f 6008/6008/6008 5979/5979/5979 5977/5977/5977
f 5978/5978/5978 5976/5976/5976 6074/6074/6074
f 5978/5978/5978 6074/6074/6074 6088/6088/6088
f 5976/5976/5976 5974/5974/5974 6034/6034/6034
f 5976/5976/5976 6034/6034/6034 6074/6074/6074
f 5974/5974/5974 5972/5972/5972 6023/6023/6023
f 5974/5974/5974 6023/6023/6023 6034/6034/6034
f 5972/5972/5972 5971/5971/5971 6015/6015/6015
f 5972/5972/5972 6015/6015/6015 6023/6023/6023
f 5971/5971/5971 5973/5973/5973 6024/6024/6024
f 5971/5971/5971 6024/6024/6024 6015/6015/6015
f 5973/5973/5973 5975/5975/5975 6035/6035/6035
f 5973/5973/5973 6035/6035/6035 6024/6024/6024
f 5975/5975/5975 5977/5977/5977 6075/6075/6075
f 5975/5975/5975 6075/6075/6075 6035/6035/6035
f 5977/5977/5977 5979/5979/5979 6089/6089/6089
f 5977/5977/5977 6089/6089/6089 6075/6075/6075
f 6088/6088/6088 6074/6074/6074 6030/6030/6030
f 6088/6088/6088 6030/6030/6030 6044/6044/6044
f 6074/6074/6074 6034/6034/6034 6018/6018/6018
f 6074/6074/6074 6018/6018/6018 6030/6030/6030
f 6034/6034/6034 6023/6023/6023 6000/6000/6000
f 6034/6034/6034 6000/6000/6000 6018/6018/6018
f 6023/6023/6023 6015/6015/6015 5997/5997/5997
f 6023/6023/6023 5997/5997/5997 6000/6000/6000
f 6015/6015/6015 6024/6024/6024 6003/6003/6003
f 6015/6015/6015 6003/6003/6003 5997/5997/5997
f 6024/6024/6024 6035/6035/6035 6022/6022/6022
f 6024/6024/6024 6022/6022/6022 6003/6003/6003
f 6035/6035/6035 6075/6075/6075 6033/6033/6033
f 6035/6035/6035 6033/6033/6033 6022/6022/6022
f 6075/6075/6075 6089/6089/6089 6045/6045/6045
f 6075/6075/6075 6045/6045/6045 6033/6033/6033
f 5993/5993/5993 5985/5985/5985 5991/5991/5991
f 5993/5993/5993 5982/5982/5982 5984/5984/5984
f 5993/5993/5993 5988/5988/5988 5981/5981/5981
f 5993/5993/5993 5996/5996/5996 5987/5987/5987
f 5993/5993/5993 6010/6010/6010 5995/5995/5995
f 5993/5993/5993 6013/6013/6013 6009/6009/6009
f 5993/5993/5993 6007/6007/6007 6012/6012/6012
f 5993/5993/5993 5992/5992/5992 6006/6006/6006
f 6019/6019/6019 6042/6042/6042 6029/6029/6029
f 6019/6019/6019 6028/6028/6028 6017/6017/6017
f 6019/6019/6019 6016/6016/6016 6002/6002/6002
f 6019/6019/6019 6001/6001/6001 5999/5999/5999
f 6019/6019/6019 5998/5998/5998 6005/6005/6005
f 6019/6019/6019 6004/6004/6004 6021/6021/6021
f 6019/6019/6019 6020/6020/6020 6032/6032/6032
f 6019/6019/6019 6031/6031/6031 6043/6043/6043
f 6111/6111/6111 6105/6105/6105 6090/6090/6090
f 6111/6111/6111 6090/6090/6090 6100/6100/6100
f 6105/6105/6105 6102/6102/6102 6058/6058/6058
f 6105/6105/6105 6058/6058/6058 6090/6090/6090
f 6102/6102/6102 6108/6108/6108 6026/6026/6026
f 6102/6102/6102 6026/6026/6026 6058/6058/6058
f 6108/6108/6108 6116/6116/6116 6025/6025/6025
f 6108/6108/6108 6025/6025/6025 6026/6026/6026
f 6116/6116/6116 6133/6133/6133 6027/6027/6027
f 6116/6116/6116 6027/6027/6027 6025/6025/6025
f 6133/6133/6133 6136/6136/6136 6059/6059/6059
f 6133/6133/6133 6059/6059/6059 6027/6027/6027
f 6136/6136/6136 6130/6130/6130 6091/6091/6091
f 6136/6136/6136 6091/6091/6091 6059/6059/6059
f 6130/6130/6130 6112/6112/6112 6101/6101/6101
f 6130/6130/6130 6101/6101/6101 6091/6091/6091
f 6100/6100/6100 6090/6090/6090 6159/6159/6159
f 6100/6100/6100 6159/6159/6159 6161/6161/6161
f 6090/6090/6090 6058/6058/6058 6153/6153/6153
f 6090/6090/6090 6153/6153/6153 6159/6159/6159
f 6058/6058/6058 6026/6026/6026 6145/6145/6145
f 6058/6058/6058 6145/6145/6145 6153/6153/6153
f 6026/6026/6026 6025/6025/6025 6137/6137/6137
f 6026/6026/6026 6137/6137/6137 6145/6145/6145
f 6025/6025/6025 6027/6027/6027 6146/6146/6146
f 6025/6025/6025 6146/6146/6146 6137/6137/6137
f 6027/6027/6027 6059/6059/6059 6154/6154/6154
f 6027/6027/6027 6154/6154/6154 6146/6146/6146
f 6059/6059/6059 6091/6091/6091 6160/6160/6160
f 6059/6059/6059 6160/6160/6160 6154/6154/6154
f 6091/6091/6091 6101/6101/6101 6162/6162/6162
f 6091/6091/6091 6162/6162/6162 6160/6160/6160
f 6161/6161/6161 6159/6159/6159 6149/6149/6149
f 6161/6161/6161 6149/6149/6149 6157/6157/6157
f 6159/6159/6159 6153/6153/6153 6140/6140/6140
f 6159/6159/6159 6140/6140/6140 6149/6149/6149
f 6153/6153/6153 6145/6145/6145 6122/6122/6122
f 6153/6153/6153 6122/6122/6122 6140/6140/6140
f 6145/6145/6145 6137/6137/6137 6119/6119/6119
f 6145/6145/6145 6119/6119/6119 6122/6122/6122
f 6137/6137/6137 6146/6146/6146 6125/6125/6125
f 6137/6137/6137 6125/6125/6125 6119/6119/6119
f 6146/6146/6146 6154/6154/6154 6144/6144/6144
f 6146/6146/6146 6144/6144/6144 6125/6125/6125
f 6154/6154/6154 6160/6160/6160 6152/6152/6152
f 6154/6154/6154 6152/6152/6152 6144/6144/6144
f 6160/6160/6160 6162/6162/6162 6158/6158/6158
f 6160/6160/6160 6158/6158/6158 6152/6152/6152
f 6115/6115/6115 6107/6107/6107 6113/6113/6113
f 6115/6115/6115 6104/6104/6104 6106/6106/6106
f 6115/6115/6115 6110/6110/6110 6103/6103/6103
f 6115/6115/6115 6118/6118/6118 6109/6109/6109
f 6115/6115/6115 6132/6132/6132 6117/6117/6117
f 6115/6115/6115 6135/6135/6135 6131/6131/6131
f 6115/6115/6115 6129/6129/6129 6134/6134/6134
f 6115/6115/6115 6114/6114/6114 6128/6128/6128
f 6141/6141/6141 6155/6155/6155 6148/6148/6148
f 6141/6141/6141 6147/6147/6147 6139/6139/6139
f 6141/6141/6141 6138/6138/6138 6124/6124/6124
f 6141/6141/6141 6123/6123/6123 6121/6121/6121
f 6141/6141/6141 6120/6120/6120 6127/6127/6127
f 6141/6141/6141 6126/6126/6126 6143/6143/6143
f 6141/6141/6141 6142/6142/6142 6151/6151/6151
f 6141/6141/6141 6150/6150/6150 6156/6156/6156
