# Y up, metres; named parts; full animation hierarchy is in the Unity prefab
mtllib Materials.mtl
o Poste_y_brazo_curvo
v -0.300000 0.140000 0.000000
v -0.289778 0.140000 -0.077646
v -0.289778 0.140000 0.077646
v -0.280000 0.000000 0.000000
v -0.280000 0.000000 0.000000
v -0.270459 0.000000 -0.072469
v -0.270459 0.000000 -0.072469
v -0.270459 0.000000 0.072469
v -0.270459 0.000000 0.072469
v -0.259808 0.140000 -0.150000
v -0.259808 0.140000 0.150000
v -0.242487 0.000000 -0.140000
v -0.242487 0.000000 -0.140000
v -0.242487 0.000000 0.140000
v -0.242487 0.000000 0.140000
v -0.212132 0.140000 -0.212132
v -0.212132 0.140000 0.212132
v -0.197990 0.000000 -0.197990
v -0.197990 0.000000 -0.197990
v -0.197990 0.000000 0.197990
v -0.197990 0.000000 0.197990
v -0.150000 0.140000 -0.259808
v -0.150000 0.140000 0.259808
v -0.150000 2.300000 0.000000
v -0.150000 2.300000 0.000000
v -0.144889 2.300000 -0.038823
v -0.144889 2.300000 -0.038823
v -0.144889 2.300000 0.038823
v -0.144889 2.300000 0.038823
v -0.140000 0.000000 -0.242487
v -0.140000 0.000000 -0.242487
v -0.140000 0.000000 0.242487
v -0.140000 0.000000 0.242487
v -0.140000 0.300000 0.000000
v -0.135230 0.300000 -0.036235
v -0.135230 0.300000 0.036235
v -0.129904 2.300000 -0.075000
v -0.129904 2.300000 -0.075000
v -0.129904 2.300000 0.075000
v -0.129904 2.300000 0.075000
v -0.121244 0.300000 -0.070000
v -0.121244 0.300000 0.070000
v -0.106066 2.300000 -0.106066
v -0.106066 2.300000 -0.106066
v -0.106066 2.300000 0.106066
v -0.106066 2.300000 0.106066
v -0.100000 2.150000 0.000000
v -0.098995 0.300000 -0.098995
v -0.098995 0.300000 0.098995
v -0.096593 2.150000 -0.025882
v -0.096593 2.150000 0.025882
v -0.086603 2.150000 -0.050000
v -0.086603 2.150000 0.050000
v -0.077646 0.140000 -0.289778
v -0.077646 0.140000 0.289778
v -0.075000 2.300000 -0.129904
v -0.075000 2.300000 -0.129904
v -0.075000 2.300000 0.129904
v -0.075000 2.300000 0.129904
v -0.072469 0.000000 -0.270459
v -0.072469 0.000000 -0.270459
v -0.072469 0.000000 0.270459
v -0.072469 0.000000 0.270459
v -0.070711 2.150000 -0.070711
v -0.070711 2.150000 0.070711
v -0.070000 0.300000 -0.121244
v -0.070000 0.300000 0.121244
v -0.054309 2.108689 0.000000
v -0.054309 2.108689 0.000000
v -0.054309 2.108689 0.000000
v -0.050000 2.150000 -0.086603
v -0.050000 2.150000 0.086603
v -0.038823 2.300000 -0.144889
v -0.038823 2.300000 -0.144889
v -0.038823 2.300000 0.144889
v -0.038823 2.300000 0.144889
v -0.038402 2.106144 -0.038891
v -0.038402 2.106144 -0.038891
v -0.038402 2.106144 -0.038891
v -0.038402 2.106144 0.038891
v -0.038402 2.106144 0.038891
v -0.038402 2.106144 0.038891
v -0.036235 0.300000 -0.135230
v -0.036235 0.300000 0.135230
v -0.025882 2.150000 -0.096593
v -0.025882 2.150000 0.096593
v 0.000000 0.000000 -0.280000
v 0.000000 0.000000 -0.280000
v 0.000000 0.000000 0.000000
v 0.000000 0.000000 0.280000
v 0.000000 0.000000 0.280000
v 0.000000 0.140000 -0.300000
v 0.000000 0.140000 0.300000
v 0.000000 0.300000 -0.140000
v 0.000000 0.300000 0.140000
v 0.000000 2.100000 -0.055000
v 0.000000 2.100000 -0.055000
v 0.000000 2.100000 -0.055000
v 0.000000 2.100000 0.000000
v 0.000000 2.100000 0.055000
v 0.000000 2.100000 0.055000
v 0.000000 2.100000 0.055000
v 0.000000 2.150000 -0.100000
v 0.000000 2.150000 0.100000
v 0.000000 2.300000 -0.150000
v 0.000000 2.300000 -0.150000
v 0.000000 2.300000 0.000000
v 0.000000 2.300000 0.150000
v 0.000000 2.300000 0.150000
v 0.025882 2.150000 -0.096593
v 0.025882 2.150000 0.096593
v 0.030406 2.623778 0.000000
v 0.036235 0.300000 -0.135230
v 0.036235 0.300000 0.135230
v 0.038402 2.093856 -0.038891
v 0.038402 2.093856 -0.038891
v 0.038402 2.093856 -0.038891
v 0.038402 2.093856 0.038891
v 0.038402 2.093856 0.038891
v 0.038402 2.093856 0.038891
v 0.038823 2.300000 -0.144889
v 0.038823 2.300000 -0.144889
v 0.038823 2.300000 0.144889
v 0.038823 2.300000 0.144889
v 0.044931 2.616814 -0.038891
v 0.044931 2.616814 0.038891
v 0.050000 2.150000 -0.086603
v 0.050000 2.150000 0.086603
v 0.054309 2.091311 0.000000
v 0.054309 2.091311 0.000000
v 0.054309 2.091311 0.000000
v 0.054309 2.091311 0.000000
v 0.070000 0.300000 -0.121244
v 0.070000 0.300000 0.121244
v 0.070711 2.150000 -0.070711
v 0.070711 2.150000 0.070711
v 0.072469 0.000000 -0.270459
v 0.072469 0.000000 -0.270459
v 0.072469 0.000000 0.270459
v 0.072469 0.000000 0.270459
v 0.075000 2.300000 -0.129904
v 0.075000 2.300000 -0.129904
v 0.075000 2.300000 0.129904
v 0.075000 2.300000 0.129904
v 0.077646 0.140000 -0.289778
v 0.077646 0.140000 0.289778
v 0.080000 2.600000 -0.055000
v 0.080000 2.600000 0.055000
v 0.080000 2.600000 0.055000
v 0.086603 2.150000 -0.050000
v 0.086603 2.150000 0.050000
v 0.096593 2.150000 -0.025882
v 0.096593 2.150000 0.025882
v 0.098995 0.300000 -0.098995
v 0.098995 0.300000 0.098995
v 0.100000 2.150000 0.000000
v 0.100000 2.150000 0.000000
v 0.106066 2.300000 -0.106066
v 0.106066 2.300000 -0.106066
v 0.106066 2.300000 0.106066
v 0.106066 2.300000 0.106066
v 0.115069 2.583186 -0.038891
v 0.115069 2.583186 0.038891
v 0.121244 0.300000 -0.070000
v 0.121244 0.300000 0.070000
v 0.129594 2.576222 0.000000
v 0.129904 2.300000 -0.075000
v 0.129904 2.300000 -0.075000
v 0.129904 2.300000 0.075000
v 0.129904 2.300000 0.075000
v 0.135230 0.300000 -0.036235
v 0.135230 0.300000 0.036235
v 0.140000 0.000000 -0.242487
v 0.140000 0.000000 -0.242487
v 0.140000 0.000000 0.242487
v 0.140000 0.000000 0.242487
v 0.140000 0.300000 0.000000
v 0.140000 0.300000 0.000000
v 0.144889 2.300000 -0.038823
v 0.144889 2.300000 -0.038823
v 0.144889 2.300000 0.038823
v 0.144889 2.300000 0.038823
v 0.150000 0.140000 -0.259808
v 0.150000 0.140000 0.259808
v 0.150000 2.300000 0.000000
v 0.150000 2.300000 0.000000
v 0.150000 2.300000 0.000000
v 0.197990 0.000000 -0.197990
v 0.197990 0.000000 -0.197990
v 0.197990 0.000000 0.197990
v 0.197990 0.000000 0.197990
v 0.212132 0.140000 -0.212132
v 0.212132 0.140000 0.212132
v 0.242487 0.000000 -0.140000
v 0.242487 0.000000 -0.140000
v 0.242487 0.000000 0.140000
v 0.242487 0.000000 0.140000
v 0.259808 0.140000 -0.150000
v 0.259808 0.140000 0.150000
v 0.270459 0.000000 -0.072469
v 0.270459 0.000000 -0.072469
v 0.270459 0.000000 0.072469
v 0.270459 0.000000 0.072469
v 0.280000 0.000000 0.000000
v 0.280000 0.000000 0.000000
v 0.280000 0.000000 0.000000
v 0.289778 0.140000 -0.077646
v 0.289778 0.140000 0.077646
v 0.300000 0.140000 0.000000
v 0.300000 0.140000 0.000000
v 0.335109 2.882946 0.000000
v 0.339470 2.867438 -0.038891
v 0.339470 2.867438 0.038891
v 0.350000 2.830000 -0.055000
v 0.350000 2.830000 0.055000
v 0.350000 2.830000 0.055000
v 0.360530 2.792562 -0.038891
v 0.360530 2.792562 0.038891
v 0.364891 2.777054 0.000000
v 0.690530 2.733562 0.000000
v 0.699161 2.747163 -0.038891
v 0.699161 2.747163 0.038891
v 0.720000 2.780000 -0.055000
v 0.720000 2.780000 0.055000
v 0.720000 2.780000 0.055000
v 0.740839 2.812837 -0.038891
v 0.740839 2.812837 0.038891
v 0.749470 2.826438 0.000000
v 0.821519 2.474028 0.000000
v 0.821519 2.474028 0.000000
v 0.821519 2.474028 0.000000
v 0.835718 2.481635 -0.038891
v 0.835718 2.481635 -0.038891
v 0.835718 2.481635 -0.038891
v 0.835718 2.481635 0.038891
v 0.835718 2.481635 0.038891
v 0.835718 2.481635 0.038891
v 0.870000 2.500000 -0.055000
v 0.870000 2.500000 -0.055000
v 0.870000 2.500000 -0.055000
v 0.870000 2.500000 0.000000
v 0.870000 2.500000 0.055000
v 0.870000 2.500000 0.055000
v 0.870000 2.500000 0.055000
v 0.870000 2.500000 0.055000
v 0.904282 2.518365 -0.038891
v 0.904282 2.518365 -0.038891
v 0.904282 2.518365 -0.038891
v 0.904282 2.518365 0.038891
v 0.904282 2.518365 0.038891
v 0.904282 2.518365 0.038891
v 0.918481 2.525972 0.000000
v 0.918481 2.525972 0.000000
v 0.918481 2.525972 0.000000
vt 0.500000 0.087500
vt 0.541667 0.087500
vt 0.458333 0.087500
vt 0.500000 0.000000
vt 0.033333 0.500000
vt 0.541667 0.000000
vt 0.049235 0.379218
vt 0.458333 0.000000
vt 0.049235 0.620782
vt 0.583333 0.087500
vt 0.416667 0.087500
vt 0.583333 0.000000
vt 0.095855 0.266667
vt 0.416667 0.000000
vt 0.095855 0.733333
vt 0.625000 0.087500
vt 0.375000 0.087500
vt 0.625000 0.000000
vt 0.170017 0.170017
vt 0.375000 0.000000
vt 0.170017 0.829983
vt 0.666667 0.087500
vt 0.333333 0.087500
vt 0.500000 1.437500
vt 0.250000 0.500000
vt 0.541667 1.437500
vt 0.258519 0.435295
vt 0.458333 1.437500
vt 0.258519 0.564705
vt 0.666667 0.000000
vt 0.266667 0.095855
vt 0.333333 0.000000
vt 0.266667 0.904145
vt 0.500000 0.187500
vt 0.541667 0.187500
vt 0.458333 0.187500
vt 0.583333 1.437500
vt 0.283494 0.375000
vt 0.416667 1.437500
vt 0.283494 0.625000
vt 0.583333 0.187500
vt 0.416667 0.187500
vt 0.625000 1.437500
vt 0.323223 0.323223
vt 0.375000 1.437500
vt 0.323223 0.676777
vt 0.500000 1.343750
vt 0.625000 0.187500
vt 0.375000 0.187500
vt 0.541667 1.343750
vt 0.458333 1.343750
vt 0.583333 1.343750
vt 0.416667 1.343750
vt 0.708333 0.087500
vt 0.291667 0.087500
vt 0.666667 1.437500
vt 0.375000 0.283494
vt 0.333333 1.437500
vt 0.375000 0.716506
vt 0.708333 0.000000
vt 0.379218 0.049235
vt 0.291667 0.000000
vt 0.379218 0.950765
vt 0.625000 1.343750
vt 0.375000 1.343750
vt 0.666667 0.187500
vt 0.333333 0.187500
vt 0.500000 0.000000
vt 0.000000 0.000000
vt 1.000000 0.000000
vt 0.666667 1.343750
vt 0.333333 1.343750
vt 0.708333 1.437500
vt 0.435295 0.258519
vt 0.291667 1.437500
vt 0.435295 0.741481
vt 0.375000 0.000000
vt 0.000000 0.000000
vt 1.000000 0.000000
vt 0.625000 0.000000
vt 0.000000 0.000000
vt 1.000000 0.000000
vt 0.708333 0.187500
vt 0.291667 0.187500
vt 0.708333 1.343750
vt 0.291667 1.343750
vt 0.500000 0.033333
vt 0.750000 0.000000
vt 0.500000 0.500000
vt 0.500000 0.966667
vt 0.250000 0.000000
vt 0.750000 0.087500
vt 0.250000 0.087500
vt 0.750000 0.187500
vt 0.250000 0.187500
vt 0.000000 0.000000
vt 1.000000 0.000000
vt 0.250000 0.000000
vt 0.500000 0.500000
vt 0.000000 0.000000
vt 1.000000 0.000000
vt 0.750000 0.000000
vt 0.750000 1.343750
vt 0.250000 1.343750
vt 0.750000 1.437500
vt 0.500000 0.250000
vt 0.500000 0.500000
vt 0.250000 1.437500
vt 0.500000 0.750000
vt 0.791667 1.343750
vt 0.208333 1.343750
vt 0.750000 0.200000
vt 0.791667 0.187500
vt 0.208333 0.187500
vt 0.000000 0.000000
vt 1.000000 0.000000
vt 0.125000 0.000000
vt 0.000000 0.000000
vt 1.000000 0.000000
vt 0.875000 0.000000
vt 0.564705 0.258519
vt 0.791667 1.437500
vt 0.564705 0.741481
vt 0.208333 1.437500
vt 0.625000 0.200000
vt 0.875000 0.200000
vt 0.833333 1.343750
vt 0.166667 1.343750
vt 0.000000 0.000000
vt 1.000000 0.000000
vt 0.000000 0.000000
vt 1.000000 0.000000
vt 0.833333 0.187500
vt 0.166667 0.187500
vt 0.875000 1.343750
vt 0.125000 1.343750
vt 0.620782 0.049235
vt 0.791667 0.000000
vt 0.620782 0.950765
vt 0.208333 0.000000
vt 0.625000 0.283494
vt 0.833333 1.437500
vt 0.625000 0.716506
vt 0.166667 1.437500
vt 0.791667 0.087500
vt 0.208333 0.087500
vt 0.500000 0.200000
vt 0.000000 0.200000
vt 1.000000 0.200000
vt 0.916667 1.343750
vt 0.083333 1.343750
vt 0.958333 1.343750
vt 0.041667 1.343750
vt 0.875000 0.187500
vt 0.125000 0.187500
vt 0.000000 1.343750
vt 1.000000 1.343750
vt 0.676777 0.323223
vt 0.875000 1.437500
vt 0.676777 0.676777
vt 0.125000 1.437500
vt 0.375000 0.200000
vt 0.125000 0.200000
vt 0.916667 0.187500
vt 0.083333 0.187500
vt 0.250000 0.200000
vt 0.716506 0.375000
vt 0.916667 1.437500
vt 0.716506 0.625000
vt 0.083333 1.437500
vt 0.958333 0.187500
vt 0.041667 0.187500
vt 0.733333 0.095855
vt 0.833333 0.000000
vt 0.733333 0.904145
vt 0.166667 0.000000
vt 0.000000 0.187500
vt 1.000000 0.187500
vt 0.741481 0.435295
vt 0.958333 1.437500
vt 0.741481 0.564705
vt 0.041667 1.437500
vt 0.833333 0.087500
vt 0.166667 0.087500
vt 0.750000 0.500000
vt 0.000000 1.437500
vt 1.000000 1.437500
vt 0.829983 0.170017
vt 0.875000 0.000000
vt 0.829983 0.829983
vt 0.125000 0.000000
vt 0.875000 0.087500
vt 0.125000 0.087500
vt 0.904145 0.266667
vt 0.916667 0.000000
vt 0.904145 0.733333
vt 0.083333 0.000000
vt 0.916667 0.087500
vt 0.083333 0.087500
vt 0.950765 0.379218
vt 0.958333 0.000000
vt 0.950765 0.620782
vt 0.041667 0.000000
vt 0.966667 0.500000
vt 0.000000 0.000000
vt 1.000000 0.000000
vt 0.958333 0.087500
vt 0.041667 0.087500
vt 0.000000 0.087500
vt 1.000000 0.087500
vt 0.750000 0.400000
vt 0.625000 0.400000
vt 0.875000 0.400000
vt 0.500000 0.400000
vt 0.000000 0.400000
vt 1.000000 0.400000
vt 0.375000 0.400000
vt 0.125000 0.400000
vt 0.250000 0.400000
vt 0.250000 0.600000
vt 0.375000 0.600000
vt 0.125000 0.600000
vt 0.500000 0.600000
vt 0.000000 0.600000
vt 1.000000 0.600000
vt 0.625000 0.600000
vt 0.875000 0.600000
vt 0.750000 0.600000
vt 0.250000 0.800000
vt 0.000000 0.000000
vt 1.000000 0.000000
vt 0.375000 0.800000
vt 0.000000 0.000000
vt 1.000000 0.000000
vt 0.125000 0.800000
vt 0.000000 0.000000
vt 1.000000 0.000000
vt 0.500000 0.800000
vt 0.000000 0.000000
vt 1.000000 0.000000
vt 0.500000 0.500000
vt 0.000000 0.800000
vt 1.000000 0.800000
vt 0.000000 0.000000
vt 1.000000 0.000000
vt 0.000000 0.000000
vt 1.000000 0.000000
vt 0.625000 0.800000
vt 0.000000 0.000000
vt 1.000000 0.000000
vt 0.875000 0.800000
vt 0.000000 0.000000
vt 1.000000 0.000000
vt 0.750000 0.800000
vn -0.948683 0.316228 0.000000
vn -0.916358 0.316228 -0.245537
vn -0.916358 0.316228 0.245537
vn -0.989950 -0.141421 0.000000
vn 0.000000 -1.000000 0.000000
vn -0.956218 -0.141421 -0.256218
vn 0.000000 -1.000000 0.000000
vn -0.956218 -0.141421 0.256218
vn 0.000000 -1.000000 0.000000
vn -0.821584 0.316228 -0.474342
vn -0.821584 0.316228 0.474342
vn -0.857321 -0.141421 -0.494975
vn 0.000000 -1.000000 0.000000
vn -0.857321 -0.141421 0.494975
vn 0.000000 -1.000000 0.000000
vn -0.670820 0.316228 -0.670820
vn -0.670820 0.316228 0.670820
vn -0.700000 -0.141421 -0.700000
vn 0.000000 -1.000000 0.000000
vn -0.700000 -0.141421 0.700000
vn 0.000000 -1.000000 0.000000
vn -0.474342 0.316228 -0.821584
vn -0.474342 0.316228 0.821584
vn -0.948683 -0.316228 0.000000
vn 0.000000 1.000000 0.000000
vn -0.916358 -0.316228 -0.245537
vn 0.000000 1.000000 0.000000
vn -0.916358 -0.316228 0.245537
vn 0.000000 1.000000 0.000000
vn -0.494975 -0.141421 -0.857321
vn 0.000000 -1.000000 0.000000
vn -0.494975 -0.141421 0.857321
vn 0.000000 -1.000000 0.000000
vn -0.919689 0.392647 0.000000
vn -0.888352 0.392647 -0.238033
vn -0.888352 0.392647 0.238033
vn -0.821584 -0.316228 -0.474342
vn 0.000000 1.000000 0.000000
vn -0.821584 -0.316228 0.474342
vn 0.000000 1.000000 0.000000
vn -0.796474 0.392647 -0.459845
vn -0.796474 0.392647 0.459845
vn -0.670820 -0.316228 -0.670820
vn 0.000000 1.000000 0.000000
vn -0.670820 -0.316228 0.670820
vn 0.000000 1.000000 0.000000
vn -0.988761 -0.149504 0.000000
vn -0.650318 0.392647 -0.650318
vn -0.650318 0.392647 0.650318
vn -0.955070 -0.149504 -0.255910
vn -0.955070 -0.149504 0.255910
vn -0.856292 -0.149504 -0.494381
vn -0.856292 -0.149504 0.494381
vn -0.245537 0.316228 -0.916358
vn -0.245537 0.316228 0.916358
vn -0.474342 -0.316228 -0.821584
vn 0.000000 1.000000 0.000000
vn -0.474342 -0.316228 0.821584
vn 0.000000 1.000000 0.000000
vn -0.256218 -0.141421 -0.956218
vn 0.000000 -1.000000 0.000000
vn -0.256218 -0.141421 0.956218
vn 0.000000 -1.000000 0.000000
vn -0.699160 -0.149504 -0.699160
vn -0.699160 -0.149504 0.699160
vn -0.459845 0.392647 -0.796474
vn -0.459845 0.392647 0.796474
vn -0.987441 0.157991 0.000000
vn -0.157991 -0.987441 0.000000
vn -0.157991 -0.987441 0.000000
vn -0.494381 -0.149504 -0.856292
vn -0.494381 -0.149504 0.856292
vn -0.245537 -0.316228 -0.916358
vn 0.000000 1.000000 0.000000
vn -0.245537 -0.316228 0.916358
vn 0.000000 1.000000 0.000000
vn -0.698226 0.111716 -0.707107
vn -0.157991 -0.987441 0.000000
vn -0.157991 -0.987441 0.000000
vn -0.698226 0.111716 0.707107
vn -0.157991 -0.987441 0.000000
vn -0.157991 -0.987441 0.000000
vn -0.238033 0.392647 -0.888352
vn -0.238033 0.392647 0.888352
vn -0.255910 -0.149504 -0.955070
vn -0.255910 -0.149504 0.955070
vn 0.000000 -1.000000 0.000000
vn 0.000000 -0.141421 -0.989950
vn 0.000000 -1.000000 0.000000
vn 0.000000 -1.000000 0.000000
vn 0.000000 -0.141421 0.989950
vn 0.000000 0.316228 -0.948683
vn 0.000000 0.316228 0.948683
vn 0.000000 0.392647 -0.919689
vn 0.000000 0.392647 0.919689
vn -0.157991 -0.987441 0.000000
vn -0.157991 -0.987441 0.000000
vn 0.000000 0.000000 -1.000000
vn -0.157991 -0.987441 0.000000
vn -0.157991 -0.987441 0.000000
vn -0.157991 -0.987441 0.000000
vn 0.000000 0.000000 1.000000
vn 0.000000 -0.149504 -0.988761
vn 0.000000 -0.149504 0.988761
vn 0.000000 -0.316228 -0.948683
vn 0.000000 1.000000 0.000000
vn 0.000000 1.000000 0.000000
vn 0.000000 -0.316228 0.948683
vn 0.000000 1.000000 0.000000
vn 0.255910 -0.149504 -0.955070
vn 0.255910 -0.149504 0.955070
vn -0.901716 0.432329 0.000000
vn 0.238033 0.392647 -0.888352
vn 0.238033 0.392647 0.888352
vn -0.157991 -0.987441 0.000000
vn -0.157991 -0.987441 0.000000
vn 0.698226 -0.111716 -0.707107
vn -0.157991 -0.987441 0.000000
vn -0.157991 -0.987441 0.000000
vn 0.698226 -0.111716 0.707107
vn 0.000000 1.000000 0.000000
vn 0.245537 -0.316228 -0.916358
vn 0.000000 1.000000 0.000000
vn 0.245537 -0.316228 0.916358
vn -0.637609 0.305703 -0.707107
vn -0.637609 0.305703 0.707107
vn 0.494381 -0.149504 -0.856292
vn 0.494381 -0.149504 0.856292
vn -0.157991 -0.987441 0.000000
vn -0.157991 -0.987441 0.000000
vn 0.987441 -0.157991 0.000000
vn 0.987441 -0.157991 0.000000
vn 0.459845 0.392647 -0.796474
vn 0.459845 0.392647 0.796474
vn 0.699160 -0.149504 -0.699160
vn 0.699160 -0.149504 0.699160
vn 0.000000 -1.000000 0.000000
vn 0.256218 -0.141421 -0.956218
vn 0.000000 -1.000000 0.000000
vn 0.256218 -0.141421 0.956218
vn 0.000000 1.000000 0.000000
vn 0.474342 -0.316228 -0.821584
vn 0.000000 1.000000 0.000000
vn 0.474342 -0.316228 0.821584
vn 0.245537 0.316228 -0.916358
vn 0.245537 0.316228 0.916358
vn 0.000000 0.000000 -1.000000
vn 0.000000 0.000000 1.000000
vn 0.000000 0.000000 1.000000
vn 0.856292 -0.149504 -0.494381
vn 0.856292 -0.149504 0.494381
vn 0.955070 -0.149504 -0.255910
vn 0.955070 -0.149504 0.255910
vn 0.650318 0.392647 -0.650318
vn 0.650318 0.392647 0.650318
vn 0.988761 -0.149504 0.000000
vn 0.988761 -0.149504 0.000000
vn 0.000000 1.000000 0.000000
vn 0.670820 -0.316228 -0.670820
vn 0.000000 1.000000 0.000000
vn 0.670820 -0.316228 0.670820
vn 0.637609 -0.305703 -0.707107
vn 0.637609 -0.305703 0.707107
vn 0.796474 0.392647 -0.459845
vn 0.796474 0.392647 0.459845
vn 0.901716 -0.432329 0.000000
vn 0.000000 1.000000 0.000000
vn 0.821584 -0.316228 -0.474342
vn 0.000000 1.000000 0.000000
vn 0.821584 -0.316228 0.474342
vn 0.888352 0.392647 -0.238033
vn 0.888352 0.392647 0.238033
vn 0.000000 -1.000000 0.000000
vn 0.494975 -0.141421 -0.857321
vn 0.000000 -1.000000 0.000000
vn 0.494975 -0.141421 0.857321
vn 0.919689 0.392647 0.000000
vn 0.919689 0.392647 0.000000
vn 0.000000 1.000000 0.000000
vn 0.916358 -0.316228 -0.245537
vn 0.000000 1.000000 0.000000
vn 0.916358 -0.316228 0.245537
vn 0.474342 0.316228 -0.821584
vn 0.474342 0.316228 0.821584
vn 0.000000 1.000000 0.000000
vn 0.948683 -0.316228 0.000000
vn 0.948683 -0.316228 0.000000
vn 0.000000 -1.000000 0.000000
vn 0.700000 -0.141421 -0.700000
vn 0.000000 -1.000000 0.000000
vn 0.700000 -0.141421 0.700000
vn 0.670820 0.316228 -0.670820
vn 0.670820 0.316228 0.670820
vn 0.000000 -1.000000 0.000000
vn 0.857321 -0.141421 -0.494975
vn 0.000000 -1.000000 0.000000
vn 0.857321 -0.141421 0.494975
vn 0.821584 0.316228 -0.474342
vn 0.821584 0.316228 0.474342
vn 0.000000 -1.000000 0.000000
vn 0.956218 -0.141421 -0.256218
vn 0.000000 -1.000000 0.000000
vn 0.956218 -0.141421 0.256218
vn 0.000000 -1.000000 0.000000
vn 0.989950 -0.141421 0.000000
vn 0.989950 -0.141421 0.000000
vn 0.916358 0.316228 -0.245537
vn 0.916358 0.316228 0.245537
vn 0.948683 0.316228 0.000000
vn 0.948683 0.316228 0.000000
vn -0.270746 0.962651 0.000000
vn -0.191446 0.680697 -0.707107
vn -0.191446 0.680697 0.707107
vn 0.000000 0.000000 -1.000000
vn 0.000000 0.000000 1.000000
vn 0.000000 0.000000 1.000000
vn 0.191446 -0.680697 -0.707107
vn 0.191446 -0.680697 0.707107
vn 0.270746 -0.962651 0.000000
vn -0.535824 -0.844329 0.000000
vn -0.378885 -0.597031 -0.707107
vn -0.378885 -0.597031 0.707107
vn 0.000000 0.000000 -1.000000
vn 0.000000 0.000000 1.000000
vn 0.000000 0.000000 1.000000
vn 0.378885 0.597031 -0.707107
vn 0.378885 0.597031 0.707107
vn 0.535824 0.844329 0.000000
vn -0.881480 -0.472221 0.000000
vn 0.472221 -0.881480 0.000000
vn 0.472221 -0.881480 0.000000
vn -0.623300 -0.333911 -0.707107
vn 0.472221 -0.881480 0.000000
vn 0.472221 -0.881480 0.000000
vn -0.623300 -0.333911 0.707107
vn 0.472221 -0.881480 0.000000
vn 0.472221 -0.881480 0.000000
vn 0.000000 0.000000 -1.000000
vn 0.472221 -0.881480 0.000000
vn 0.472221 -0.881480 0.000000
vn 0.472221 -0.881480 0.000000
vn 0.000000 0.000000 1.000000
vn 0.000000 0.000000 1.000000
vn 0.472221 -0.881480 0.000000
vn 0.472221 -0.881480 0.000000
vn 0.472221 -0.881480 0.000000
vn 0.472221 -0.881480 0.000000
vn 0.623300 0.333911 -0.707107
vn 0.472221 -0.881480 0.000000
vn 0.472221 -0.881480 0.000000
vn 0.623300 0.333911 0.707107
vn 0.472221 -0.881480 0.000000
vn 0.472221 -0.881480 0.000000
vn 0.881480 0.472221 0.000000
usemtl Iron
s 1
f 89/89/89 204/204/204 202/202/202
f 89/89/89 202/202/202 196/196/196
f 89/89/89 196/196/196 190/190/190
f 89/89/89 190/190/190 175/175/175
f 89/89/89 175/175/175 139/139/139
f 89/89/89 139/139/139 90/90/90
f 89/89/89 90/90/90 63/63/63
f 89/89/89 63/63/63 33/33/33
f 89/89/89 33/33/33 21/21/21
f 89/89/89 21/21/21 15/15/15
f 89/89/89 15/15/15 9/9/9
f 89/89/89 9/9/9 5/5/5
f 89/89/89 5/5/5 7/7/7
f 89/89/89 7/7/7 13/13/13
f 89/89/89 13/13/13 19/19/19
f 89/89/89 19/19/19 31/31/31
f 89/89/89 31/31/31 61/61/61
f 89/89/89 61/61/61 87/87/87
f 89/89/89 87/87/87 137/137/137
f 89/89/89 137/137/137 173/173/173
f 89/89/89 173/173/173 188/188/188
f 89/89/89 188/188/188 194/194/194
f 89/89/89 194/194/194 200/200/200
f 89/89/89 200/200/200 204/204/204
f 205/205/205 208/208/208 203/203/203
f 205/205/205 209/209/209 208/208/208
f 203/203/203 199/199/199 197/197/197
f 203/203/203 208/208/208 199/199/199
f 197/197/197 193/193/193 191/191/191
f 197/197/197 199/199/199 193/193/193
f 191/191/191 184/184/184 176/176/176
f 191/191/191 193/193/193 184/184/184
f 176/176/176 146/146/146 140/140/140
f 176/176/176 184/184/184 146/146/146
f 140/140/140 93/93/93 91/91/91
f 140/140/140 146/146/146 93/93/93
f 91/91/91 55/55/55 62/62/62
f 91/91/91 93/93/93 55/55/55
f 62/62/62 23/23/23 32/32/32
f 62/62/62 55/55/55 23/23/23
f 32/32/32 17/17/17 20/20/20
f 32/32/32 23/23/23 17/17/17
f 20/20/20 11/11/11 14/14/14
f 20/20/20 17/17/17 11/11/11
f 14/14/14 3/3/3 8/8/8
f 14/14/14 11/11/11 3/3/3
f 8/8/8 1/1/1 4/4/4
f 8/8/8 3/3/3 1/1/1
f 4/4/4 2/2/2 6/6/6
f 4/4/4 1/1/1 2/2/2
f 6/6/6 10/10/10 12/12/12
f 6/6/6 2/2/2 10/10/10
f 12/12/12 16/16/16 18/18/18
f 12/12/12 10/10/10 16/16/16
f 18/18/18 22/22/22 30/30/30
f 18/18/18 16/16/16 22/22/22
f 30/30/30 54/54/54 60/60/60
f 30/30/30 22/22/22 54/54/54
f 60/60/60 92/92/92 88/88/88
f 60/60/60 54/54/54 92/92/92
f 88/88/88 145/145/145 138/138/138
f 88/88/88 92/92/92 145/145/145
f 138/138/138 183/183/183 174/174/174
f 138/138/138 145/145/145 183/183/183
f 174/174/174 192/192/192 189/189/189
f 174/174/174 183/183/183 192/192/192
f 189/189/189 198/198/198 195/195/195
f 189/189/189 192/192/192 198/198/198
f 195/195/195 207/207/207 201/201/201
f 195/195/195 198/198/198 207/207/207
f 201/201/201 210/210/210 206/206/206
f 201/201/201 207/207/207 210/210/210
f 209/209/209 172/172/172 208/208/208
f 209/209/209 177/177/177 172/172/172
f 208/208/208 165/165/165 199/199/199
f 208/208/208 172/172/172 165/165/165
f 199/199/199 155/155/155 193/193/193
f 199/199/199 165/165/165 155/155/155
f 193/193/193 134/134/134 184/184/184
f 193/193/193 155/155/155 134/134/134
f 184/184/184 114/114/114 146/146/146
f 184/184/184 134/134/134 114/114/114
f 146/146/146 95/95/95 93/93/93
f 146/146/146 114/114/114 95/95/95
f 93/93/93 84/84/84 55/55/55
f 93/93/93 95/95/95 84/84/84
f 55/55/55 67/67/67 23/23/23
f 55/55/55 84/84/84 67/67/67
f 23/23/23 49/49/49 17/17/17
f 23/23/23 67/67/67 49/49/49
f 17/17/17 42/42/42 11/11/11
f 17/17/17 49/49/49 42/42/42
f 11/11/11 36/36/36 3/3/3
f 11/11/11 42/42/42 36/36/36
f 3/3/3 34/34/34 1/1/1
f 3/3/3 36/36/36 34/34/34
f 1/1/1 35/35/35 2/2/2
f 1/1/1 34/34/34 35/35/35
f 2/2/2 41/41/41 10/10/10
f 2/2/2 35/35/35 41/41/41
f 10/10/10 48/48/48 16/16/16
f 10/10/10 41/41/41 48/48/48
f 16/16/16 66/66/66 22/22/22
f 16/16/16 48/48/48 66/66/66
f 22/22/22 83/83/83 54/54/54
f 22/22/22 66/66/66 83/83/83
f 54/54/54 94/94/94 92/92/92
f 54/54/54 83/83/83 94/94/94
f 92/92/92 113/113/113 145/145/145
f 92/92/92 94/94/94 113/113/113
f 145/145/145 133/133/133 183/183/183
f 145/145/145 113/113/113 133/133/133
f 183/183/183 154/154/154 192/192/192
f 183/183/183 133/133/133 154/154/154
f 192/192/192 164/164/164 198/198/198
f 192/192/192 154/154/154 164/164/164
f 198/198/198 171/171/171 207/207/207
f 198/198/198 164/164/164 171/171/171
f 207/207/207 178/178/178 210/210/210
f 207/207/207 171/171/171 178/178/178
f 177/177/177 153/153/153 172/172/172
f 177/177/177 156/156/156 153/153/153
f 172/172/172 151/151/151 165/165/165
f 172/172/172 153/153/153 151/151/151
f 165/165/165 136/136/136 155/155/155
f 165/165/165 151/151/151 136/136/136
f 155/155/155 128/128/128 134/134/134
f 155/155/155 136/136/136 128/128/128
f 134/134/134 111/111/111 114/114/114
f 134/134/134 128/128/128 111/111/111
f 114/114/114 104/104/104 95/95/95
f 114/114/114 111/111/111 104/104/104
f 95/95/95 86/86/86 84/84/84
f 95/95/95 104/104/104 86/86/86
f 84/84/84 72/72/72 67/67/67
f 84/84/84 86/86/86 72/72/72
f 67/67/67 65/65/65 49/49/49
f 67/67/67 72/72/72 65/65/65
f 49/49/49 53/53/53 42/42/42
f 49/49/49 65/65/65 53/53/53
f 42/42/42 51/51/51 36/36/36
f 42/42/42 53/53/53 51/51/51
f 36/36/36 47/47/47 34/34/34
f 36/36/36 51/51/51 47/47/47
f 34/34/34 50/50/50 35/35/35
f 34/34/34 47/47/47 50/50/50
f 35/35/35 52/52/52 41/41/41
f 35/35/35 50/50/50 52/52/52
f 41/41/41 64/64/64 48/48/48
f 41/41/41 52/52/52 64/64/64
f 48/48/48 71/71/71 66/66/66
f 48/48/48 64/64/64 71/71/71
f 66/66/66 85/85/85 83/83/83
f 66/66/66 71/71/71 85/85/85
f 83/83/83 103/103/103 94/94/94
f 83/83/83 85/85/85 103/103/103
f 94/94/94 110/110/110 113/113/113
f 94/94/94 103/103/103 110/110/110
f 113/113/113 127/127/127 133/133/133
f 113/113/113 110/110/110 127/127/127
f 133/133/133 135/135/135 154/154/154
f 133/133/133 127/127/127 135/135/135
f 154/154/154 150/150/150 164/164/164
f 154/154/154 135/135/135 150/150/150
f 164/164/164 152/152/152 171/171/171
f 164/164/164 150/150/150 152/152/152
f 171/171/171 157/157/157 178/178/178
f 171/171/171 152/152/152 157/157/157
f 156/156/156 182/182/182 153/153/153
f 156/156/156 186/186/186 182/182/182
f 153/153/153 170/170/170 151/151/151
f 153/153/153 182/182/182 170/170/170
f 151/151/151 161/161/161 136/136/136
f 151/151/151 170/170/170 161/161/161
f 136/136/136 144/144/144 128/128/128
f 136/136/136 161/161/161 144/144/144
f 128/128/128 124/124/124 111/111/111
f 128/128/128 144/144/144 124/124/124
f 111/111/111 108/108/108 104/104/104
f 111/111/111 124/124/124 108/108/108
f 104/104/104 75/75/75 86/86/86
f 104/104/104 108/108/108 75/75/75
f 86/86/86 58/58/58 72/72/72
f 86/86/86 75/75/75 58/58/58
f 72/72/72 45/45/45 65/65/65
f 72/72/72 58/58/58 45/45/45
f 65/65/65 39/39/39 53/53/53
f 65/65/65 45/45/45 39/39/39
f 53/53/53 28/28/28 51/51/51
f 53/53/53 39/39/39 28/28/28
f 51/51/51 24/24/24 47/47/47
f 51/51/51 28/28/28 24/24/24
f 47/47/47 26/26/26 50/50/50
f 47/47/47 24/24/24 26/26/26
f 50/50/50 37/37/37 52/52/52
f 50/50/50 26/26/26 37/37/37
f 52/52/52 43/43/43 64/64/64
f 52/52/52 37/37/37 43/43/43
f 64/64/64 56/56/56 71/71/71
f 64/64/64 43/43/43 56/56/56
f 71/71/71 73/73/73 85/85/85
f 71/71/71 56/56/56 73/73/73
f 85/85/85 105/105/105 103/103/103
f 85/85/85 73/73/73 105/105/105
f 103/103/103 122/122/122 110/110/110
f 103/103/103 105/105/105 122/122/122
f 110/110/110 142/142/142 127/127/127
f 110/110/110 122/122/122 142/142/142
f 127/127/127 159/159/159 135/135/135
f 127/127/127 142/142/142 159/159/159
f 135/135/135 168/168/168 150/150/150
f 135/135/135 159/159/159 168/168/168
f 150/150/150 180/180/180 152/152/152
f 150/150/150 168/168/168 180/180/180
f 152/152/152 187/187/187 157/157/157
f 152/152/152 180/180/180 187/187/187
f 185/185/185 107/107/107 181/181/181
f 181/181/181 107/107/107 169/169/169
f 169/169/169 107/107/107 160/160/160
f 160/160/160 107/107/107 143/143/143
f 143/143/143 107/107/107 123/123/123
f 123/123/123 107/107/107 109/109/109
f 109/109/109 107/107/107 76/76/76
f 76/76/76 107/107/107 59/59/59
f 59/59/59 107/107/107 46/46/46
f 46/46/46 107/107/107 40/40/40
f 40/40/40 107/107/107 29/29/29
f 29/29/29 107/107/107 25/25/25
f 25/25/25 107/107/107 27/27/27
f 27/27/27 107/107/107 38/38/38
f 38/38/38 107/107/107 44/44/44
f 44/44/44 107/107/107 57/57/57
f 57/57/57 107/107/107 74/74/74
f 74/74/74 107/107/107 106/106/106
f 106/106/106 107/107/107 121/121/121
f 121/121/121 107/107/107 141/141/141
f 141/141/141 107/107/107 158/158/158
f 158/158/158 107/107/107 167/167/167
f 167/167/167 107/107/107 179/179/179
f 179/179/179 107/107/107 185/185/185
usemtl Trim
s 1
f 131/131/131 117/117/117 163/163/163
f 131/131/131 163/163/163 148/148/148
f 117/117/117 98/98/98 166/166/166
f 117/117/117 166/166/166 163/163/163
f 98/98/98 77/77/77 162/162/162
f 98/98/98 162/162/162 166/166/166
f 77/77/77 68/68/68 147/147/147
f 77/77/77 147/147/147 162/162/162
f 68/68/68 80/80/80 125/125/125
f 68/68/68 125/125/125 147/147/147
f 80/80/80 102/102/102 112/112/112
f 80/80/80 112/112/112 125/125/125
f 102/102/102 120/120/120 126/126/126
f 102/102/102 126/126/126 112/112/112
f 120/120/120 132/132/132 149/149/149
f 120/120/120 149/149/149 126/126/126
f 148/148/148 163/163/163 218/218/218
f 148/148/148 218/218/218 215/215/215
f 163/163/163 166/166/166 219/219/219
f 163/163/163 219/219/219 218/218/218
f 166/166/166 162/162/162 217/217/217
f 166/166/166 217/217/217 219/219/219
f 162/162/162 147/147/147 214/214/214
f 162/162/162 214/214/214 217/217/217
f 147/147/147 125/125/125 212/212/212
f 147/147/147 212/212/212 214/214/214
f 125/125/125 112/112/112 211/211/211
f 125/125/125 211/211/211 212/212/212
f 112/112/112 126/126/126 213/213/213
f 112/112/112 213/213/213 211/211/211
f 126/126/126 149/149/149 216/216/216
f 126/126/126 216/216/216 213/213/213
f 215/215/215 218/218/218 222/222/222
f 215/215/215 222/222/222 224/224/224
f 218/218/218 219/219/219 220/220/220
f 218/218/218 220/220/220 222/222/222
f 219/219/219 217/217/217 221/221/221
f 219/219/219 221/221/221 220/220/220
f 217/217/217 214/214/214 223/223/223
f 217/217/217 223/223/223 221/221/221
f 214/214/214 212/212/212 226/226/226
f 214/214/214 226/226/226 223/223/223
f 212/212/212 211/211/211 228/228/228
f 212/212/212 228/228/228 226/226/226
f 211/211/211 213/213/213 227/227/227
f 211/211/211 227/227/227 228/228/228
f 213/213/213 216/216/216 225/225/225
f 213/213/213 225/225/225 227/227/227
f 224/224/224 222/222/222 235/235/235
f 224/224/224 235/235/235 242/242/242
f 222/222/222 220/220/220 229/229/229
f 222/222/222 229/229/229 235/235/235
f 220/220/220 221/221/221 232/232/232
f 220/220/220 232/232/232 229/229/229
f 221/221/221 223/223/223 238/238/238
f 221/221/221 238/238/238 232/232/232
f 223/223/223 226/226/226 248/248/248
f 223/223/223 248/248/248 238/238/238
f 226/226/226 228/228/228 254/254/254
f 226/226/226 254/254/254 248/248/248
f 228/228/228 227/227/227 251/251/251
f 228/228/228 251/251/251 254/254/254
f 227/227/227 225/225/225 243/243/243
f 227/227/227 243/243/243 251/251/251
f 99/99/99 116/116/116 129/129/129
f 99/99/99 97/97/97 115/115/115
f 99/99/99 79/79/79 96/96/96
f 99/99/99 70/70/70 78/78/78
f 99/99/99 82/82/82 69/69/69
f 99/99/99 101/101/101 81/81/81
f 99/99/99 119/119/119 100/100/100
f 99/99/99 130/130/130 118/118/118
f 241/241/241 244/244/244 237/237/237
f 241/241/241 236/236/236 231/231/231
f 241/241/241 230/230/230 234/234/234
f 241/241/241 233/233/233 240/240/240
f 241/241/241 239/239/239 247/247/247
f 241/241/241 246/246/246 253/253/253
f 241/241/241 252/252/252 250/250/250
f 241/241/241 249/249/249 245/245/245
o Farol_Pivote_Z
v 0.440000 2.520000 0.000000
v 0.440000 2.520000 0.000000
v 0.454311 2.520000 -0.108704
v 0.454311 2.520000 -0.108704
v 0.454311 2.520000 0.108704
v 0.454311 2.520000 0.108704
v 0.490000 2.470000 0.000000
v 0.496269 2.520000 -0.210000
v 0.496269 2.520000 -0.210000
v 0.496269 2.520000 0.210000
v 0.496269 2.520000 0.210000
v 0.502607 2.470000 -0.095763
v 0.502607 2.470000 0.095763
v 0.539571 2.470000 -0.185000
v 0.539571 2.470000 0.185000
v 0.563015 2.520000 -0.296985
v 0.563015 2.520000 -0.296985
v 0.563015 2.520000 0.296985
v 0.563015 2.520000 0.296985
v 0.570000 2.260000 0.000000
v 0.579882 2.260000 -0.075058
v 0.579882 2.260000 0.075058
v 0.586855 2.260340 -0.145000
v 0.586855 2.260340 0.145000
v 0.593296 2.260102 -0.129444
v 0.593296 2.260102 0.129444
v 0.593300 2.260379 -0.160556
v 0.593300 2.260379 0.160556
v 0.598370 2.470000 -0.261630
v 0.598370 2.470000 0.261630
v 0.608850 2.259804 -0.123001
v 0.608850 2.259804 0.123001
v 0.608853 2.260000 -0.145000
v 0.608853 2.260000 0.145000
v 0.608856 2.260196 -0.166999
v 0.608856 2.260196 0.166999
v 0.610000 1.870000 0.000000
v 0.610000 1.870000 0.000000
v 0.618519 1.870000 -0.064705
v 0.618519 1.870000 -0.064705
v 0.618519 1.870000 0.064705
v 0.618519 1.870000 0.064705
v 0.620000 2.690000 0.000000
v 0.624405 2.259621 -0.129444
v 0.624405 2.259621 0.129444
v 0.624409 2.259898 -0.160556
v 0.624409 2.259898 0.160556
v 0.628178 2.690000 -0.062117
v 0.628178 2.690000 0.062117
v 0.630000 2.450000 0.000000
v 0.630303 1.887443 -0.120000
v 0.630303 1.887443 -0.120000
v 0.630303 1.887443 -0.120000
v 0.630303 1.887443 0.120000
v 0.630303 1.887443 0.120000
v 0.630303 1.887443 0.120000
v 0.630850 2.259660 -0.145000
v 0.630850 2.259660 -0.145000
v 0.630850 2.259660 0.145000
v 0.630850 2.259660 0.145000
v 0.636582 1.889226 -0.104479
v 0.636582 1.889226 -0.104479
v 0.636582 1.889226 -0.104479
v 0.636582 1.889226 0.104479
v 0.636582 1.889226 0.104479
v 0.636582 1.889226 0.104479
v 0.636824 1.887157 -0.135521
v 0.636824 1.887157 -0.135521
v 0.636824 1.887157 -0.135521
v 0.636824 1.887157 0.135521
v 0.636824 1.887157 0.135521
v 0.636824 1.887157 0.135521
v 0.637837 2.450000 -0.059528
v 0.637837 2.450000 0.059528
v 0.639593 2.455803 -0.115000
v 0.639593 2.455803 -0.115000
v 0.639593 2.455803 -0.115000
v 0.639593 2.455803 0.115000
v 0.639593 2.455803 0.115000
v 0.639593 2.455803 0.115000
v 0.643494 1.870000 -0.125000
v 0.643494 1.870000 -0.125000
v 0.643494 1.870000 0.125000
v 0.643494 1.870000 0.125000
v 0.645191 2.451844 -0.099621
v 0.645191 2.451844 -0.099621
v 0.645191 2.451844 -0.099621
v 0.645191 2.451844 0.099621
v 0.645191 2.451844 0.099621
v 0.645191 2.451844 0.099621
v 0.646427 2.456363 -0.130379
v 0.646427 2.456363 -0.130379
v 0.646427 2.456363 -0.130379
v 0.646427 2.456363 0.130379
v 0.646427 2.456363 0.130379
v 0.646427 2.456363 0.130379
v 0.650000 2.520000 -0.363731
v 0.650000 2.520000 -0.363731
v 0.650000 2.520000 0.363731
v 0.650000 2.520000 0.363731
v 0.651983 1.891463 -0.098049
v 0.651983 1.891463 -0.098049
v 0.651983 1.891463 -0.098049
v 0.651983 1.891463 0.098049
v 0.651983 1.891463 0.098049
v 0.651983 1.891463 0.098049
v 0.652154 1.890000 -0.120000
v 0.652154 1.890000 0.120000
v 0.652154 2.690000 -0.120000
v 0.652154 2.690000 0.120000
v 0.652325 1.888537 -0.141951
v 0.652325 1.888537 -0.141951
v 0.652325 1.888537 -0.141951
v 0.652325 1.888537 0.141951
v 0.652325 1.888537 0.141951
v 0.652325 1.888537 0.141951
v 0.654939 2.260000 -0.205061
v 0.654939 2.260000 0.205061
v 0.659940 2.446805 -0.093251
v 0.659940 2.446805 -0.093251
v 0.659940 2.446805 -0.093251
v 0.659940 2.446805 0.093251
v 0.659940 2.446805 0.093251
v 0.659940 2.446805 0.093251
v 0.660814 2.450000 -0.115000
v 0.660814 2.450000 -0.115000
v 0.660814 2.450000 0.115000
v 0.660814 2.450000 0.115000
v 0.661688 2.453195 -0.136749
v 0.661688 2.453195 -0.136749
v 0.661688 2.453195 -0.136749
v 0.661688 2.453195 0.136749
v 0.661688 2.453195 0.136749
v 0.661688 2.453195 0.136749
v 0.667484 1.892843 -0.104479
v 0.667484 1.892843 -0.104479
v 0.667484 1.892843 -0.104479
v 0.667484 1.892843 0.104479
v 0.667484 1.892843 0.104479
v 0.667484 1.892843 0.104479
v 0.667726 1.890774 -0.135521
v 0.667726 1.890774 -0.135521
v 0.667726 1.890774 -0.135521
v 0.667726 1.890774 0.135521
v 0.667726 1.890774 0.135521
v 0.667726 1.890774 0.135521
v 0.674005 1.892557 -0.120000
v 0.674005 1.892557 -0.120000
v 0.674005 1.892557 -0.120000
v 0.674005 1.892557 -0.120000
v 0.674005 1.892557 0.120000
v 0.674005 1.892557 0.120000
v 0.674005 1.892557 0.120000
v 0.674005 1.892557 0.120000
v 0.675000 2.470000 -0.320429
v 0.675000 2.470000 0.320429
v 0.675202 2.443637 -0.099621
v 0.675202 2.443637 -0.099621
v 0.675202 2.443637 -0.099621
v 0.675202 2.443637 0.099621
v 0.675202 2.443637 0.099621
v 0.675202 2.443637 0.099621
v 0.676437 2.448156 -0.130379
v 0.676437 2.448156 -0.130379
v 0.676437 2.448156 -0.130379
v 0.676437 2.448156 0.130379
v 0.676437 2.448156 0.130379
v 0.676437 2.448156 0.130379
v 0.682035 2.444197 -0.115000
v 0.682035 2.444197 -0.115000
v 0.682035 2.444197 -0.115000
v 0.682035 2.444197 -0.115000
v 0.682035 2.444197 0.115000
v 0.682035 2.444197 0.115000
v 0.682035 2.444197 0.115000
v 0.682035 2.444197 0.115000
v 0.683223 1.870000 -0.176777
v 0.683223 1.870000 -0.176777
v 0.683223 1.870000 0.176777
v 0.683223 1.870000 0.176777
v 0.690294 2.690000 -0.169706
v 0.690294 2.690000 0.169706
v 0.697365 2.450000 -0.162635
v 0.697365 2.450000 0.162635
v 0.715000 2.260000 -0.251147
v 0.715000 2.260000 0.251147
v 0.735000 1.870000 -0.216506
v 0.735000 1.870000 -0.216506
v 0.735000 1.870000 0.216506
v 0.735000 1.870000 0.216506
v 0.740000 2.690000 -0.207846
v 0.740000 2.690000 0.207846
v 0.745000 2.450000 -0.199186
v 0.745000 2.450000 0.199186
v 0.751296 2.520000 -0.405689
v 0.751296 2.520000 -0.405689
v 0.751296 2.520000 0.405689
v 0.751296 2.520000 0.405689
v 0.764237 2.470000 -0.357393
v 0.764237 2.470000 0.357393
v 0.784942 2.260000 -0.280118
v 0.784942 2.260000 0.280118
v 0.795295 1.870000 -0.241481
v 0.795295 1.870000 -0.241481
v 0.795295 1.870000 0.241481
v 0.795295 1.870000 0.241481
v 0.797883 2.690000 -0.231822
v 0.797883 2.690000 0.231822
v 0.800472 2.450000 -0.222163
v 0.800472 2.450000 0.222163
v 0.838000 1.890000 -0.240000
v 0.838000 1.890000 -0.240000
v 0.838000 1.890000 -0.240000
v 0.838000 1.890000 0.240000
v 0.838000 1.890000 0.240000
v 0.838000 1.890000 0.240000
v 0.838000 2.260000 -0.290000
v 0.838000 2.260000 0.290000
v 0.838000 2.450000 -0.230000
v 0.838000 2.450000 -0.230000
v 0.838000 2.450000 -0.230000
v 0.838000 2.450000 0.230000
v 0.838000 2.450000 0.230000
v 0.838000 2.450000 0.230000
v 0.844444 1.887917 -0.255416
v 0.844444 1.887917 -0.255416
v 0.844444 1.887917 -0.255416
v 0.844444 1.887917 0.255416
v 0.844444 1.887917 0.255416
v 0.844444 1.887917 0.255416
v 0.844444 1.892083 -0.224584
v 0.844444 1.892083 -0.224584
v 0.844444 1.892083 -0.224584
v 0.844444 1.892083 0.224584
v 0.844444 1.892083 0.224584
v 0.844444 1.892083 0.224584
v 0.844444 2.259722 -0.274446
v 0.844444 2.259722 0.274446
v 0.844444 2.260278 -0.305554
v 0.844444 2.260278 0.305554
v 0.844444 2.445315 -0.215166
v 0.844444 2.445315 -0.215166
v 0.844444 2.445315 -0.215166
v 0.844444 2.445315 0.215166
v 0.844444 2.445315 0.215166
v 0.844444 2.445315 0.215166
v 0.844444 2.454685 -0.244834
v 0.844444 2.454685 -0.244834
v 0.844444 2.454685 -0.244834
v 0.844444 2.454685 0.244834
v 0.844444 2.454685 0.244834
v 0.844444 2.454685 0.244834
v 0.860000 1.790000 0.000000
v 0.860000 1.790000 0.000000
v 0.860000 1.790000 0.000000
v 0.860000 1.790000 0.000000
v 0.860000 1.790000 0.000000
v 0.860000 1.790000 0.000000
v 0.860000 1.790000 0.000000
v 0.860000 1.790000 0.000000
v 0.860000 1.790000 0.000000
v 0.860000 1.790000 0.000000
v 0.860000 1.790000 0.000000
v 0.860000 1.790000 0.000000
v 0.860000 1.790000 0.000000
v 0.860000 1.790000 0.000000
v 0.860000 1.790000 0.000000
v 0.860000 1.790000 0.000000
v 0.860000 1.790000 0.000000
v 0.860000 1.790000 0.000000
v 0.860000 1.790000 0.000000
v 0.860000 1.790000 0.000000
v 0.860000 1.790000 0.000000
v 0.860000 1.790000 0.000000
v 0.860000 1.790000 0.000000
v 0.860000 1.790000 0.000000
v 0.860000 1.870000 -0.250000
v 0.860000 1.870000 -0.250000
v 0.860000 1.870000 0.250000
v 0.860000 1.870000 0.250000
v 0.860000 1.887054 -0.261802
v 0.860000 1.887054 -0.261802
v 0.860000 1.887054 -0.261802
v 0.860000 1.887054 0.261802
v 0.860000 1.887054 0.261802
v 0.860000 1.887054 0.261802
v 0.860000 1.890000 -0.240000
v 0.860000 1.890000 0.240000
v 0.860000 1.892946 -0.218198
v 0.860000 1.892946 -0.218198
v 0.860000 1.892946 -0.218198
v 0.860000 1.892946 0.218198
v 0.860000 1.892946 0.218198
v 0.860000 1.892946 0.218198
v 0.860000 2.259607 -0.268004
v 0.860000 2.259607 0.268004
v 0.860000 2.260000 -0.290000
v 0.860000 2.260000 0.290000
v 0.860000 2.260393 -0.311996
v 0.860000 2.260393 0.311996
v 0.860000 2.443375 -0.209021
v 0.860000 2.443375 -0.209021
v 0.860000 2.443375 -0.209021
v 0.860000 2.443375 0.209021
v 0.860000 2.443375 0.209021
v 0.860000 2.443375 0.209021
v 0.860000 2.450000 -0.230000
v 0.860000 2.450000 -0.230000
v 0.860000 2.450000 0.230000
v 0.860000 2.450000 0.230000
v 0.860000 2.456625 -0.250979
v 0.860000 2.456625 -0.250979
v 0.860000 2.456625 -0.250979
v 0.860000 2.456625 0.250979
v 0.860000 2.456625 0.250979
v 0.860000 2.456625 0.250979
v 0.860000 2.470000 -0.370000
v 0.860000 2.470000 0.370000
v 0.860000 2.520000 -0.420000
v 0.860000 2.520000 -0.420000
v 0.860000 2.520000 0.000000
v 0.860000 2.520000 0.000000
v 0.860000 2.520000 0.000000
v 0.860000 2.520000 0.000000
v 0.860000 2.520000 0.000000
v 0.860000 2.520000 0.000000
v 0.860000 2.520000 0.000000
v 0.860000 2.520000 0.000000
v 0.860000 2.520000 0.000000
v 0.860000 2.520000 0.000000
v 0.860000 2.520000 0.000000
v 0.860000 2.520000 0.000000
v 0.860000 2.520000 0.000000
v 0.860000 2.520000 0.000000
v 0.860000 2.520000 0.000000
v 0.860000 2.520000 0.000000
v 0.860000 2.520000 0.000000
v 0.860000 2.520000 0.000000
v 0.860000 2.520000 0.000000
v 0.860000 2.520000 0.000000
v 0.860000 2.520000 0.000000
v 0.860000 2.520000 0.000000
v 0.860000 2.520000 0.000000
v 0.860000 2.520000 0.000000
v 0.860000 2.520000 0.000000
v 0.860000 2.520000 0.000000
v 0.860000 2.520000 0.000000
v 0.860000 2.520000 0.000000
v 0.860000 2.520000 0.000000
v 0.860000 2.520000 0.000000
v 0.860000 2.520000 0.000000
v 0.860000 2.520000 0.000000
v 0.860000 2.520000 0.000000
v 0.860000 2.520000 0.000000
v 0.860000 2.520000 0.000000
v 0.860000 2.520000 0.000000
v 0.860000 2.520000 0.000000
v 0.860000 2.520000 0.000000
v 0.860000 2.520000 0.000000
v 0.860000 2.520000 0.000000
v 0.860000 2.520000 0.000000
v 0.860000 2.520000 0.000000
v 0.860000 2.520000 0.000000
v 0.860000 2.520000 0.000000
v 0.860000 2.520000 0.000000
v 0.860000 2.520000 0.000000
v 0.860000 2.520000 0.000000
v 0.860000 2.520000 0.000000
v 0.860000 2.520000 0.420000
v 0.860000 2.520000 0.420000
v 0.860000 2.690000 -0.240000
v 0.860000 2.690000 0.240000
v 0.860000 2.730000 0.000000
v 0.860000 2.730000 0.000000
v 0.860000 2.730000 0.000000
v 0.860000 2.730000 0.000000
v 0.860000 2.730000 0.000000
v 0.860000 2.730000 0.000000
v 0.860000 2.730000 0.000000
v 0.860000 2.730000 0.000000
v 0.860000 2.730000 0.000000
v 0.860000 2.730000 0.000000
v 0.860000 2.730000 0.000000
v 0.860000 2.730000 0.000000
v 0.860000 2.730000 0.000000
v 0.860000 2.730000 0.000000
v 0.860000 2.730000 0.000000
v 0.860000 2.730000 0.000000
v 0.860000 2.730000 0.000000
v 0.860000 2.730000 0.000000
v 0.860000 2.730000 0.000000
v 0.860000 2.730000 0.000000
v 0.860000 2.730000 0.000000
v 0.860000 2.730000 0.000000
v 0.860000 2.730000 0.000000
v 0.860000 2.730000 0.000000
v 0.875556 1.887917 -0.255416
v 0.875556 1.887917 -0.255416
v 0.875556 1.887917 -0.255416
v 0.875556 1.887917 0.255416
v 0.875556 1.887917 0.255416
v 0.875556 1.887917 0.255416
v 0.875556 1.892083 -0.224584
v 0.875556 1.892083 -0.224584
v 0.875556 1.892083 -0.224584
v 0.875556 1.892083 0.224584
v 0.875556 1.892083 0.224584
v 0.875556 1.892083 0.224584
v 0.875556 2.259722 -0.274446
v 0.875556 2.259722 0.274446
v 0.875556 2.260278 -0.305554
v 0.875556 2.260278 0.305554
v 0.875556 2.445315 -0.215166
v 0.875556 2.445315 -0.215166
v 0.875556 2.445315 -0.215166
v 0.875556 2.445315 0.215166
v 0.875556 2.445315 0.215166
v 0.875556 2.445315 0.215166
v 0.875556 2.454685 -0.244834
v 0.875556 2.454685 -0.244834
v 0.875556 2.454685 -0.244834
v 0.875556 2.454685 0.244834
v 0.875556 2.454685 0.244834
v 0.875556 2.454685 0.244834
v 0.882000 1.890000 -0.240000
v 0.882000 1.890000 -0.240000
v 0.882000 1.890000 -0.240000
v 0.882000 1.890000 -0.240000
v 0.882000 1.890000 0.240000
v 0.882000 1.890000 0.240000
v 0.882000 1.890000 0.240000
v 0.882000 1.890000 0.240000
v 0.882000 2.260000 -0.290000
v 0.882000 2.260000 -0.290000
v 0.882000 2.260000 0.290000
v 0.882000 2.260000 0.290000
v 0.882000 2.450000 -0.230000
v 0.882000 2.450000 -0.230000
v 0.882000 2.450000 -0.230000
v 0.882000 2.450000 -0.230000
v 0.882000 2.450000 0.230000
v 0.882000 2.450000 0.230000
v 0.882000 2.450000 0.230000
v 0.882000 2.450000 0.230000
v 0.919528 2.450000 -0.222163
v 0.919528 2.450000 0.222163
v 0.922117 2.690000 -0.231822
v 0.922117 2.690000 0.231822
v 0.924705 1.870000 -0.241481
v 0.924705 1.870000 -0.241481
v 0.924705 1.870000 0.241481
v 0.924705 1.870000 0.241481
v 0.935058 2.260000 -0.280118
v 0.935058 2.260000 0.280118
v 0.955763 2.470000 -0.357393
v 0.955763 2.470000 0.357393
v 0.968704 2.520000 -0.405689
v 0.968704 2.520000 -0.405689
v 0.968704 2.520000 0.405689
v 0.968704 2.520000 0.405689
v 0.975000 2.450000 -0.199186
v 0.975000 2.450000 0.199186
v 0.980000 2.690000 -0.207846
v 0.980000 2.690000 0.207846
v 0.985000 1.870000 -0.216506
v 0.985000 1.870000 -0.216506
v 0.985000 1.870000 0.216506
v 0.985000 1.870000 0.216506
v 1.005000 2.260000 -0.251147
v 1.005000 2.260000 0.251147
v 1.022635 2.450000 -0.162635
v 1.022635 2.450000 0.162635
v 1.029706 2.690000 -0.169706
v 1.029706 2.690000 0.169706
v 1.036777 1.870000 -0.176777
v 1.036777 1.870000 -0.176777
v 1.036777 1.870000 0.176777
v 1.036777 1.870000 0.176777
v 1.037965 2.444197 -0.115000
v 1.037965 2.444197 -0.115000
v 1.037965 2.444197 -0.115000
v 1.037965 2.444197 0.115000
v 1.037965 2.444197 0.115000
v 1.037965 2.444197 0.115000
v 1.043563 2.448156 -0.130379
v 1.043563 2.448156 -0.130379
v 1.043563 2.448156 -0.130379
v 1.043563 2.448156 0.130379
v 1.043563 2.448156 0.130379
v 1.043563 2.448156 0.130379
v 1.044798 2.443637 -0.099621
v 1.044798 2.443637 -0.099621
v 1.044798 2.443637 -0.099621
v 1.044798 2.443637 0.099621
v 1.044798 2.443637 0.099621
v 1.044798 2.443637 0.099621
v 1.045000 2.470000 -0.320429
v 1.045000 2.470000 0.320429
v 1.045995 1.892557 -0.120000
v 1.045995 1.892557 -0.120000
v 1.045995 1.892557 -0.120000
v 1.045995 1.892557 0.120000
v 1.045995 1.892557 0.120000
v 1.045995 1.892557 0.120000
v 1.052274 1.890774 -0.135521
v 1.052274 1.890774 -0.135521
v 1.052274 1.890774 -0.135521
v 1.052274 1.890774 0.135521
v 1.052274 1.890774 0.135521
v 1.052274 1.890774 0.135521
v 1.052516 1.892843 -0.104479
v 1.052516 1.892843 -0.104479
v 1.052516 1.892843 -0.104479
v 1.052516 1.892843 0.104479
v 1.052516 1.892843 0.104479
v 1.052516 1.892843 0.104479
v 1.058312 2.453195 -0.136749
v 1.058312 2.453195 -0.136749
v 1.058312 2.453195 -0.136749
v 1.058312 2.453195 0.136749
v 1.058312 2.453195 0.136749
v 1.058312 2.453195 0.136749
v 1.059186 2.450000 -0.115000
v 1.059186 2.450000 -0.115000
v 1.059186 2.450000 0.115000
v 1.059186 2.450000 0.115000
v 1.060060 2.446805 -0.093251
v 1.060060 2.446805 -0.093251
v 1.060060 2.446805 -0.093251
v 1.060060 2.446805 0.093251
v 1.060060 2.446805 0.093251
v 1.060060 2.446805 0.093251
v 1.065061 2.260000 -0.205061
v 1.065061 2.260000 0.205061
v 1.067675 1.888537 -0.141951
v 1.067675 1.888537 -0.141951
v 1.067675 1.888537 -0.141951
v 1.067675 1.888537 0.141951
v 1.067675 1.888537 0.141951
v 1.067675 1.888537 0.141951
v 1.067846 1.890000 -0.120000
v 1.067846 1.890000 0.120000
v 1.067846 2.690000 -0.120000
v 1.067846 2.690000 0.120000
v 1.068017 1.891463 -0.098049
v 1.068017 1.891463 -0.098049
v 1.068017 1.891463 -0.098049
v 1.068017 1.891463 0.098049
v 1.068017 1.891463 0.098049
v 1.068017 1.891463 0.098049
v 1.070000 2.520000 -0.363731
v 1.070000 2.520000 -0.363731
v 1.070000 2.520000 0.363731
v 1.070000 2.520000 0.363731
v 1.073573 2.456363 -0.130379
v 1.073573 2.456363 -0.130379
v 1.073573 2.456363 -0.130379
v 1.073573 2.456363 0.130379
v 1.073573 2.456363 0.130379
v 1.073573 2.456363 0.130379
v 1.074809 2.451844 -0.099621
v 1.074809 2.451844 -0.099621
v 1.074809 2.451844 -0.099621
v 1.074809 2.451844 0.099621
v 1.074809 2.451844 0.099621
v 1.074809 2.451844 0.099621
v 1.076506 1.870000 -0.125000
v 1.076506 1.870000 -0.125000
v 1.076506 1.870000 0.125000
v 1.076506 1.870000 0.125000
v 1.080407 2.455803 -0.115000
v 1.080407 2.455803 -0.115000
v 1.080407 2.455803 -0.115000
v 1.080407 2.455803 -0.115000
v 1.080407 2.455803 0.115000
v 1.080407 2.455803 0.115000
v 1.080407 2.455803 0.115000
v 1.080407 2.455803 0.115000
v 1.082163 2.450000 -0.059528
v 1.082163 2.450000 0.059528
v 1.083176 1.887157 -0.135521
v 1.083176 1.887157 -0.135521
v 1.083176 1.887157 -0.135521
v 1.083176 1.887157 0.135521
v 1.083176 1.887157 0.135521
v 1.083176 1.887157 0.135521
v 1.083418 1.889226 -0.104479
v 1.083418 1.889226 -0.104479
v 1.083418 1.889226 -0.104479
v 1.083418 1.889226 0.104479
v 1.083418 1.889226 0.104479
v 1.083418 1.889226 0.104479
v 1.089150 2.259660 -0.145000
v 1.089150 2.259660 0.145000
v 1.089697 1.887443 -0.120000
v 1.089697 1.887443 -0.120000
v 1.089697 1.887443 -0.120000
v 1.089697 1.887443 -0.120000
v 1.089697 1.887443 0.120000
v 1.089697 1.887443 0.120000
v 1.089697 1.887443 0.120000
v 1.089697 1.887443 0.120000
v 1.090000 2.450000 0.000000
v 1.090000 2.450000 0.000000
v 1.091822 2.690000 -0.062117
v 1.091822 2.690000 0.062117
v 1.095591 2.259898 -0.160556
v 1.095591 2.259898 0.160556
v 1.095595 2.259621 -0.129444
v 1.095595 2.259621 0.129444
v 1.100000 2.690000 0.000000
v 1.100000 2.690000 0.000000
v 1.101481 1.870000 -0.064705
v 1.101481 1.870000 -0.064705
v 1.101481 1.870000 0.064705
v 1.101481 1.870000 0.064705
v 1.110000 1.870000 0.000000
v 1.110000 1.870000 0.000000
v 1.110000 1.870000 0.000000
v 1.110000 1.870000 0.000000
v 1.111144 2.260196 -0.166999
v 1.111144 2.260196 0.166999
v 1.111147 2.260000 -0.145000
v 1.111147 2.260000 0.145000
v 1.111150 2.259804 -0.123001
v 1.111150 2.259804 0.123001
v 1.121630 2.470000 -0.261630
v 1.121630 2.470000 0.261630
v 1.126700 2.260379 -0.160556
v 1.126700 2.260379 0.160556
v 1.126704 2.260102 -0.129444
v 1.126704 2.260102 0.129444
v 1.133145 2.260340 -0.145000
v 1.133145 2.260340 -0.145000
v 1.133145 2.260340 0.145000
v 1.133145 2.260340 0.145000
v 1.140118 2.260000 -0.075058
v 1.140118 2.260000 0.075058
v 1.150000 2.260000 0.000000
v 1.150000 2.260000 0.000000
v 1.156985 2.520000 -0.296985
v 1.156985 2.520000 -0.296985
v 1.156985 2.520000 0.296985
v 1.156985 2.520000 0.296985
v 1.180429 2.470000 -0.185000
v 1.180429 2.470000 0.185000
v 1.217393 2.470000 -0.095763
v 1.217393 2.470000 0.095763
v 1.223731 2.520000 -0.210000
v 1.223731 2.520000 -0.210000
v 1.223731 2.520000 0.210000
v 1.223731 2.520000 0.210000
v 1.230000 2.470000 0.000000
v 1.230000 2.470000 0.000000
v 1.265689 2.520000 -0.108704
v 1.265689 2.520000 -0.108704
v 1.265689 2.520000 0.108704
v 1.265689 2.520000 0.108704
v 1.280000 2.520000 0.000000
v 1.280000 2.520000 0.000000
v 1.280000 2.520000 0.000000
v 1.280000 2.520000 0.000000
vt 0.500000 0.225000
vt 0.500000 0.225000
vt 0.541667 0.225000
vt 0.541667 0.225000
vt 0.458333 0.225000
vt 0.458333 0.225000
vt 0.500000 0.193750
vt 0.583333 0.225000
vt 0.583333 0.225000
vt 0.416667 0.225000
vt 0.416667 0.225000
vt 0.541667 0.193750
vt 0.458333 0.193750
vt 0.583333 0.193750
vt 0.416667 0.193750
vt 0.625000 0.225000
vt 0.625000 0.225000
vt 0.375000 0.225000
vt 0.375000 0.225000
vt 0.500000 0.062500
vt 0.541667 0.062500
vt 0.458333 0.062500
vt 0.500000 0.200000
vt 0.500000 0.200000
vt 0.625000 0.200000
vt 0.375000 0.200000
vt 0.375000 0.200000
vt 0.625000 0.200000
vt 0.625000 0.193750
vt 0.375000 0.193750
vt 0.750000 0.200000
vt 0.250000 0.200000
vt 0.583333 0.062500
vt 0.416667 0.062500
vt 0.250000 0.200000
vt 0.750000 0.200000
vt 0.500000 -0.181250
vt 0.500000 -0.181250
vt 0.541667 -0.181250
vt 0.541667 -0.181250
vt 0.458333 -0.181250
vt 0.458333 -0.181250
vt 0.500000 0.331250
vt 0.875000 0.200000
vt 0.125000 0.200000
vt 0.125000 0.200000
vt 0.875000 0.200000
vt 0.541667 0.331250
vt 0.458333 0.331250
vt 0.500000 0.181250
vt 0.500000 0.000000
vt 0.000000 0.000000
vt 1.000000 0.000000
vt 0.500000 0.000000
vt 0.000000 0.000000
vt 1.000000 0.000000
vt 0.000000 0.200000
vt 1.000000 0.200000
vt 0.000000 0.200000
vt 1.000000 0.200000
vt 0.625000 0.000000
vt 0.000000 0.000000
vt 1.000000 0.000000
vt 0.375000 0.000000
vt 0.000000 0.000000
vt 1.000000 0.000000
vt 0.375000 0.000000
vt 0.000000 0.000000
vt 1.000000 0.000000
vt 0.625000 0.000000
vt 0.000000 0.000000
vt 1.000000 0.000000
vt 0.541667 0.181250
vt 0.458333 0.181250
vt 0.500000 0.400000
vt 0.000000 0.000000
vt 1.000000 0.000000
vt 0.500000 0.400000
vt 0.000000 0.000000
vt 1.000000 0.000000
vt 0.583333 -0.181250
vt 0.583333 -0.181250
vt 0.416667 -0.181250
vt 0.416667 -0.181250
vt 0.625000 0.400000
vt 0.000000 0.000000
vt 1.000000 0.000000
vt 0.375000 0.400000
vt 0.000000 0.000000
vt 1.000000 0.000000
vt 0.375000 0.400000
vt 0.000000 0.000000
vt 1.000000 0.000000
vt 0.625000 0.400000
vt 0.000000 0.000000
vt 1.000000 0.000000
vt 0.666667 0.225000
vt 0.666667 0.225000
vt 0.333333 0.225000
vt 0.333333 0.225000
vt 0.750000 0.000000
vt 0.000000 0.000000
vt 1.000000 0.000000
vt 0.250000 0.000000
vt 0.000000 0.000000
vt 1.000000 0.000000
vt 0.500000 0.500000
vt 0.500000 0.500000
vt 0.583333 0.331250
vt 0.416667 0.331250
vt 0.250000 0.000000
vt 0.000000 0.000000
vt 1.000000 0.000000
vt 0.750000 0.000000
vt 0.000000 0.000000
vt 1.000000 0.000000
vt 0.625000 0.062500
vt 0.375000 0.062500
vt 0.750000 0.400000
vt 0.000000 0.000000
vt 1.000000 0.000000
vt 0.250000 0.400000
vt 0.000000 0.000000
vt 1.000000 0.000000
vt 0.583333 0.181250
vt 0.500000 0.500000
vt 0.416667 0.181250
vt 0.500000 0.500000
vt 0.250000 0.400000
vt 0.000000 0.000000
vt 1.000000 0.000000
vt 0.750000 0.400000
vt 0.000000 0.000000
vt 1.000000 0.000000
vt 0.000000 0.000000
vt 1.000000 0.000000
vt 0.875000 0.000000
vt 0.000000 0.000000
vt 1.000000 0.000000
vt 0.125000 0.000000
vt 0.000000 0.000000
vt 1.000000 0.000000
vt 0.125000 0.000000
vt 0.000000 0.000000
vt 1.000000 0.000000
vt 0.875000 0.000000
vt 0.000000 0.000000
vt 1.000000 0.000000
vt 0.000000 0.000000
vt 1.000000 0.000000
vt 0.000000 0.000000
vt 1.000000 0.000000
vt 0.000000 0.000000
vt 1.000000 0.000000
vt 0.666667 0.193750
vt 0.333333 0.193750
vt 0.000000 0.000000
vt 1.000000 0.000000
vt 0.875000 0.400000
vt 0.000000 0.000000
vt 1.000000 0.000000
vt 0.125000 0.400000
vt 0.000000 0.000000
vt 1.000000 0.000000
vt 0.125000 0.400000
vt 0.000000 0.000000
vt 1.000000 0.000000
vt 0.875000 0.400000
vt 0.000000 0.000000
vt 1.000000 0.000000
vt 0.000000 0.400000
vt 1.000000 0.400000
vt 0.000000 0.000000
vt 1.000000 0.000000
vt 0.000000 0.400000
vt 1.000000 0.400000
vt 0.625000 -0.181250
vt 0.625000 -0.181250
vt 0.375000 -0.181250
vt 0.375000 -0.181250
vt 0.625000 0.331250
vt 0.375000 0.331250
vt 0.625000 0.181250
vt 0.375000 0.181250
vt 0.666667 0.062500
vt 0.333333 0.062500
vt 0.666667 -0.181250
vt 0.666667 -0.181250
vt 0.333333 -0.181250
vt 0.333333 -0.181250
vt 0.666667 0.331250
vt 0.333333 0.331250
vt 0.666667 0.181250
vt 0.333333 0.181250
vt 0.708333 0.225000
vt 0.708333 0.225000
vt 0.291667 0.225000
vt 0.291667 0.225000
vt 0.708333 0.193750
vt 0.291667 0.193750
vt 0.708333 0.062500
vt 0.291667 0.062500
vt 0.708333 -0.181250
vt 0.708333 -0.181250
vt 0.291667 -0.181250
vt 0.291667 -0.181250
vt 0.708333 0.331250
vt 0.291667 0.331250
vt 0.708333 0.181250
vt 0.291667 0.181250
vt 0.500000 0.000000
vt 0.000000 0.000000
vt 1.000000 0.000000
vt 0.500000 0.000000
vt 0.000000 0.000000
vt 1.000000 0.000000
vt 0.500000 0.200000
vt 0.500000 0.200000
vt 0.500000 0.400000
vt 0.000000 0.000000
vt 1.000000 0.000000
vt 0.500000 0.400000
vt 0.000000 0.000000
vt 1.000000 0.000000
vt 0.375000 0.000000
vt 0.000000 0.000000
vt 1.000000 0.000000
vt 0.625000 0.000000
vt 0.000000 0.000000
vt 1.000000 0.000000
vt 0.625000 0.000000
vt 0.000000 0.000000
vt 1.000000 0.000000
vt 0.375000 0.000000
vt 0.000000 0.000000
vt 1.000000 0.000000
vt 0.625000 0.200000
vt 0.375000 0.200000
vt 0.375000 0.200000
vt 0.625000 0.200000
vt 0.625000 0.400000
vt 0.000000 0.000000
vt 1.000000 0.000000
vt 0.375000 0.400000
vt 0.000000 0.000000
vt 1.000000 0.000000
vt 0.375000 0.400000
vt 0.000000 0.000000
vt 1.000000 0.000000
vt 0.625000 0.400000
vt 0.000000 0.000000
vt 1.000000 0.000000
vt 0.500000 -0.231250
vt 0.541667 -0.231250
vt 0.458333 -0.231250
vt 0.583333 -0.231250
vt 0.416667 -0.231250
vt 0.625000 -0.231250
vt 0.375000 -0.231250
vt 0.666667 -0.231250
vt 0.333333 -0.231250
vt 0.708333 -0.231250
vt 0.291667 -0.231250
vt 0.750000 -0.231250
vt 0.250000 -0.231250
vt 0.791667 -0.231250
vt 0.208333 -0.231250
vt 0.833333 -0.231250
vt 0.166667 -0.231250
vt 0.875000 -0.231250
vt 0.125000 -0.231250
vt 0.916667 -0.231250
vt 0.083333 -0.231250
vt 0.958333 -0.231250
vt 0.041667 -0.231250
vt 0.000000 -0.231250
vt 0.750000 -0.181250
vt 0.750000 -0.181250
vt 0.250000 -0.181250
vt 0.250000 -0.181250
vt 0.000000 0.000000
vt 1.000000 0.000000
vt 0.250000 0.000000
vt 0.000000 0.000000
vt 1.000000 0.000000
vt 0.750000 0.000000
vt 0.500000 0.500000
vt 0.500000 0.500000
vt 0.000000 0.000000
vt 1.000000 0.000000
vt 0.750000 0.000000
vt 0.000000 0.000000
vt 1.000000 0.000000
vt 0.250000 0.000000
vt 0.750000 0.200000
vt 0.250000 0.200000
vt 0.750000 0.062500
vt 0.250000 0.062500
vt 0.250000 0.200000
vt 0.750000 0.200000
vt 0.750000 0.400000
vt 0.000000 0.000000
vt 1.000000 0.000000
vt 0.250000 0.400000
vt 0.000000 0.000000
vt 1.000000 0.000000
vt 0.750000 0.181250
vt 0.500000 0.500000
vt 0.250000 0.181250
vt 0.500000 0.500000
vt 0.250000 0.400000
vt 0.000000 0.000000
vt 1.000000 0.000000
vt 0.750000 0.400000
vt 0.000000 0.000000
vt 1.000000 0.000000
vt 0.750000 0.193750
vt 0.250000 0.193750
vt 0.750000 0.225000
vt 0.750000 0.225000
vt 0.500000 0.225000
vt 0.541667 0.225000
vt 0.458333 0.225000
vt 0.583333 0.225000
vt 0.416667 0.225000
vt 0.625000 0.225000
vt 0.375000 0.225000
vt 0.666667 0.225000
vt 0.333333 0.225000
vt 0.000000 0.225000
vt 0.041667 0.225000
vt 0.958333 0.225000
vt 0.083333 0.225000
vt 0.916667 0.225000
vt 0.125000 0.225000
vt 0.875000 0.225000
vt 0.708333 0.225000
vt 0.291667 0.225000
vt 0.166667 0.225000
vt 0.833333 0.225000
vt 0.208333 0.225000
vt 0.791667 0.225000
vt 0.250000 0.225000
vt 0.750000 0.225000
vt 0.750000 0.225000
vt 0.250000 0.225000
vt 0.291667 0.225000
vt 0.708333 0.225000
vt 0.333333 0.225000
vt 0.666667 0.225000
vt 0.791667 0.225000
vt 0.208333 0.225000
vt 0.375000 0.225000
vt 0.625000 0.225000
vt 0.416667 0.225000
vt 0.583333 0.225000
vt 0.458333 0.225000
vt 0.541667 0.225000
vt 0.500000 0.225000
vt 0.833333 0.225000
vt 0.166667 0.225000
vt 0.875000 0.225000
vt 0.125000 0.225000
vt 0.916667 0.225000
vt 0.083333 0.225000
vt 0.958333 0.225000
vt 0.041667 0.225000
vt 1.000000 0.225000
vt 0.250000 0.225000
vt 0.250000 0.225000
vt 0.750000 0.331250
vt 0.250000 0.331250
vt 0.500000 0.356250
vt 0.541667 0.356250
vt 0.458333 0.356250
vt 0.583333 0.356250
vt 0.416667 0.356250
vt 0.625000 0.356250
vt 0.375000 0.356250
vt 0.666667 0.356250
vt 0.333333 0.356250
vt 0.708333 0.356250
vt 0.291667 0.356250
vt 0.750000 0.356250
vt 0.250000 0.356250
vt 0.791667 0.356250
vt 0.208333 0.356250
vt 0.833333 0.356250
vt 0.166667 0.356250
vt 0.875000 0.356250
vt 0.125000 0.356250
vt 0.916667 0.356250
vt 0.083333 0.356250
vt 0.958333 0.356250
vt 0.041667 0.356250
vt 1.000000 0.356250
vt 0.000000 0.000000
vt 1.000000 0.000000
vt 0.125000 0.000000
vt 0.000000 0.000000
vt 1.000000 0.000000
vt 0.875000 0.000000
vt 0.000000 0.000000
vt 1.000000 0.000000
vt 0.875000 0.000000
vt 0.000000 0.000000
vt 1.000000 0.000000
vt 0.125000 0.000000
vt 0.875000 0.200000
vt 0.125000 0.200000
vt 0.125000 0.200000
vt 0.875000 0.200000
vt 0.000000 0.000000
vt 1.000000 0.000000
vt 0.875000 0.400000
vt 0.000000 0.000000
vt 1.000000 0.000000
vt 0.125000 0.400000
vt 0.000000 0.000000
vt 1.000000 0.000000
vt 0.125000 0.400000
vt 0.000000 0.000000
vt 1.000000 0.000000
vt 0.875000 0.400000
vt 0.000000 0.000000
vt 1.000000 0.000000
vt 0.000000 0.000000
vt 1.000000 0.000000
vt 0.000000 0.000000
vt 1.000000 0.000000
vt 0.000000 0.000000
vt 1.000000 0.000000
vt 0.000000 0.200000
vt 1.000000 0.200000
vt 0.000000 0.200000
vt 1.000000 0.200000
vt 0.000000 0.000000
vt 1.000000 0.000000
vt 0.000000 0.400000
vt 1.000000 0.400000
vt 0.000000 0.000000
vt 1.000000 0.000000
vt 0.000000 0.400000
vt 1.000000 0.400000
vt 0.791667 0.181250
vt 0.208333 0.181250
vt 0.791667 0.331250
vt 0.208333 0.331250
vt 0.791667 -0.181250
vt 0.791667 -0.181250
vt 0.208333 -0.181250
vt 0.208333 -0.181250
vt 0.791667 0.062500
vt 0.208333 0.062500
vt 0.791667 0.193750
vt 0.208333 0.193750
vt 0.791667 0.225000
vt 0.791667 0.225000
vt 0.208333 0.225000
vt 0.208333 0.225000
vt 0.833333 0.181250
vt 0.166667 0.181250
vt 0.833333 0.331250
vt 0.166667 0.331250
vt 0.833333 -0.181250
vt 0.833333 -0.181250
vt 0.166667 -0.181250
vt 0.166667 -0.181250
vt 0.833333 0.062500
vt 0.166667 0.062500
vt 0.875000 0.181250
vt 0.125000 0.181250
vt 0.875000 0.331250
vt 0.125000 0.331250
vt 0.875000 -0.181250
vt 0.875000 -0.181250
vt 0.125000 -0.181250
vt 0.125000 -0.181250
vt 0.500000 0.400000
vt 0.000000 0.000000
vt 1.000000 0.000000
vt 0.500000 0.400000
vt 0.000000 0.000000
vt 1.000000 0.000000
vt 0.375000 0.400000
vt 0.000000 0.000000
vt 1.000000 0.000000
vt 0.625000 0.400000
vt 0.000000 0.000000
vt 1.000000 0.000000
vt 0.625000 0.400000
vt 0.000000 0.000000
vt 1.000000 0.000000
vt 0.375000 0.400000
vt 0.000000 0.000000
vt 1.000000 0.000000
vt 0.833333 0.193750
vt 0.166667 0.193750
vt 0.500000 0.000000
vt 0.000000 0.000000
vt 1.000000 0.000000
vt 0.500000 0.000000
vt 0.000000 0.000000
vt 1.000000 0.000000
vt 0.375000 0.000000
vt 0.000000 0.000000
vt 1.000000 0.000000
vt 0.625000 0.000000
vt 0.000000 0.000000
vt 1.000000 0.000000
vt 0.625000 0.000000
vt 0.000000 0.000000
vt 1.000000 0.000000
vt 0.375000 0.000000
vt 0.000000 0.000000
vt 1.000000 0.000000
vt 0.000000 0.000000
vt 1.000000 0.000000
vt 0.250000 0.400000
vt 0.000000 0.000000
vt 1.000000 0.000000
vt 0.750000 0.400000
vt 0.500000 0.500000
vt 0.916667 0.181250
vt 0.500000 0.500000
vt 0.083333 0.181250
vt 0.000000 0.000000
vt 1.000000 0.000000
vt 0.750000 0.400000
vt 0.000000 0.000000
vt 1.000000 0.000000
vt 0.250000 0.400000
vt 0.875000 0.062500
vt 0.125000 0.062500
vt 0.000000 0.000000
vt 1.000000 0.000000
vt 0.250000 0.000000
vt 0.000000 0.000000
vt 1.000000 0.000000
vt 0.750000 0.000000
vt 0.500000 0.500000
vt 0.500000 0.500000
vt 0.916667 0.331250
vt 0.083333 0.331250
vt 0.000000 0.000000
vt 1.000000 0.000000
vt 0.750000 0.000000
vt 0.000000 0.000000
vt 1.000000 0.000000
vt 0.250000 0.000000
vt 0.833333 0.225000
vt 0.833333 0.225000
vt 0.166667 0.225000
vt 0.166667 0.225000
vt 0.000000 0.000000
vt 1.000000 0.000000
vt 0.125000 0.400000
vt 0.000000 0.000000
vt 1.000000 0.000000
vt 0.875000 0.400000
vt 0.000000 0.000000
vt 1.000000 0.000000
vt 0.875000 0.400000
vt 0.000000 0.000000
vt 1.000000 0.000000
vt 0.125000 0.400000
vt 0.916667 -0.181250
vt 0.916667 -0.181250
vt 0.083333 -0.181250
vt 0.083333 -0.181250
vt 0.000000 0.000000
vt 1.000000 0.000000
vt 0.000000 0.400000
vt 1.000000 0.400000
vt 0.000000 0.000000
vt 1.000000 0.000000
vt 0.000000 0.400000
vt 1.000000 0.400000
vt 0.958333 0.181250
vt 0.041667 0.181250
vt 0.000000 0.000000
vt 1.000000 0.000000
vt 0.125000 0.000000
vt 0.000000 0.000000
vt 1.000000 0.000000
vt 0.875000 0.000000
vt 0.000000 0.000000
vt 1.000000 0.000000
vt 0.875000 0.000000
vt 0.000000 0.000000
vt 1.000000 0.000000
vt 0.125000 0.000000
vt 0.500000 0.200000
vt 0.500000 0.200000
vt 0.000000 0.000000
vt 1.000000 0.000000
vt 0.000000 0.000000
vt 1.000000 0.000000
vt 0.000000 0.000000
vt 1.000000 0.000000
vt 0.000000 0.000000
vt 1.000000 0.000000
vt 0.000000 0.181250
vt 1.000000 0.181250
vt 0.958333 0.331250
vt 0.041667 0.331250
vt 0.375000 0.200000
vt 0.625000 0.200000
vt 0.625000 0.200000
vt 0.375000 0.200000
vt 0.000000 0.331250
vt 1.000000 0.331250
vt 0.958333 -0.181250
vt 0.958333 -0.181250
vt 0.041667 -0.181250
vt 0.041667 -0.181250
vt 0.000000 -0.181250
vt 1.000000 -0.181250
vt 0.000000 -0.181250
vt 1.000000 -0.181250
vt 0.250000 0.200000
vt 0.750000 0.200000
vt 0.916667 0.062500
vt 0.083333 0.062500
vt 0.750000 0.200000
vt 0.250000 0.200000
vt 0.875000 0.193750
vt 0.125000 0.193750
vt 0.125000 0.200000
vt 0.875000 0.200000
vt 0.875000 0.200000
vt 0.125000 0.200000
vt 0.000000 0.200000
vt 1.000000 0.200000
vt 0.000000 0.200000
vt 1.000000 0.200000
vt 0.958333 0.062500
vt 0.041667 0.062500
vt 0.000000 0.062500
vt 1.000000 0.062500
vt 0.875000 0.225000
vt 0.875000 0.225000
vt 0.125000 0.225000
vt 0.125000 0.225000
vt 0.916667 0.193750
vt 0.083333 0.193750
vt 0.958333 0.193750
vt 0.041667 0.193750
vt 0.916667 0.225000
vt 0.916667 0.225000
vt 0.083333 0.225000
vt 0.083333 0.225000
vt 0.000000 0.193750
vt 1.000000 0.193750
vt 0.958333 0.225000
vt 0.958333 0.225000
vt 0.041667 0.225000
vt 0.041667 0.225000
vt 0.000000 0.225000
vt 1.000000 0.225000
vt 0.000000 0.225000
vt 1.000000 0.225000
vn -0.707107 -0.707107 0.000000
vn -0.686624 0.727013 0.000000
vn -0.683013 -0.707107 -0.183013
vn -0.663227 0.727013 -0.177711
vn -0.683013 -0.707107 0.183013
vn -0.663227 0.727013 0.177711
vn -0.319819 -0.947479 0.000000
vn -0.612372 -0.707107 -0.353553
vn -0.594633 0.727013 -0.343312
vn -0.612372 -0.707107 0.353553
vn -0.594633 0.727013 0.343312
vn -0.308921 -0.947479 -0.082775
vn -0.308921 -0.947479 0.082775
vn -0.276971 -0.947479 -0.159909
vn -0.276971 -0.947479 0.159909
vn -0.500000 -0.707107 -0.500000
vn -0.485516 0.727013 -0.485516
vn -0.500000 -0.707107 0.500000
vn -0.485516 0.727013 0.485516
vn -0.994819 0.101660 0.000000
vn -0.960922 0.101660 -0.257478
vn -0.960922 0.101660 0.257478
vn -0.999880 0.015463 0.000000
vn -0.999880 0.015463 0.000000
vn -0.707120 0.004622 0.707079
vn -0.707120 0.004622 -0.707079
vn -0.706925 0.017246 -0.707079
vn -0.706925 0.017246 0.707079
vn -0.226146 -0.947479 -0.226146
vn -0.226146 -0.947479 0.226146
vn -0.000138 -0.008926 0.999960
vn -0.000138 -0.008926 -0.999960
vn -0.861539 0.101660 -0.497410
vn -0.861539 0.101660 0.497410
vn 0.000138 0.008926 -0.999960
vn 0.000138 0.008926 0.999960
vn -0.994781 -0.102029 0.000000
vn -0.304776 -0.952424 0.000000
vn -0.960885 -0.102029 -0.257468
vn -0.294391 -0.952424 -0.078882
vn -0.960885 -0.102029 0.257468
vn -0.294391 -0.952424 0.078882
vn -0.444836 0.895612 0.000000
vn 0.706925 -0.017246 0.707079
vn 0.706925 -0.017246 -0.707079
vn 0.707120 -0.004622 -0.707079
vn 0.707120 -0.004622 0.707079
vn -0.429679 0.895612 -0.115132
vn -0.429679 0.895612 0.115132
vn -0.703407 0.710788 0.000000
vn -0.993221 -0.116237 0.000000
vn 0.115976 -0.990992 0.066959
vn 0.115976 -0.990992 0.066959
vn -0.993221 -0.116237 0.000000
vn 0.115976 -0.990992 -0.066959
vn 0.115976 -0.990992 -0.066959
vn 0.999880 -0.015463 0.000000
vn 0.999880 -0.015463 0.000000
vn 0.999880 -0.015463 0.000000
vn 0.999880 -0.015463 0.000000
vn -0.707817 -0.035166 0.705520
vn 0.115976 -0.990992 0.066959
vn 0.115976 -0.990992 0.066959
vn -0.707817 -0.035166 -0.705520
vn 0.115976 -0.990992 -0.066959
vn 0.115976 -0.990992 -0.066959
vn -0.696810 -0.129218 -0.705520
vn 0.115976 -0.990992 0.066959
vn 0.115976 -0.990992 0.066959
vn -0.696810 -0.129218 0.705520
vn 0.115976 -0.990992 -0.066959
vn 0.115976 -0.990992 -0.066959
vn -0.679439 0.710788 -0.182055
vn -0.679439 0.710788 0.182055
vn -0.964579 0.263795 0.000000
vn 0.260787 0.953583 0.150566
vn 0.260787 0.953583 0.150566
vn -0.964579 0.263795 0.000000
vn 0.260787 0.953583 -0.150566
vn 0.260787 0.953583 -0.150566
vn -0.861506 -0.102029 -0.497391
vn -0.263944 -0.952424 -0.152388
vn -0.861506 -0.102029 0.497391
vn -0.263944 -0.952424 0.152388
vn -0.710145 0.083836 0.699046
vn 0.260787 0.953583 0.150566
vn 0.260787 0.953583 0.150566
vn -0.710145 0.083836 -0.699046
vn 0.260787 0.953583 -0.150566
vn 0.260787 0.953583 -0.150566
vn -0.653975 0.289226 -0.699046
vn 0.260787 0.953583 0.150566
vn 0.260787 0.953583 0.150566
vn -0.653975 0.289226 0.699046
vn 0.260787 0.953583 -0.150566
vn 0.260787 0.953583 -0.150566
vn -0.353553 -0.707107 -0.612372
vn -0.343312 0.727013 -0.594633
vn -0.353553 -0.707107 0.612372
vn -0.343312 0.727013 0.594633
vn -0.007783 0.066505 0.997756
vn 0.115976 -0.990992 0.066959
vn 0.115976 -0.990992 0.066959
vn -0.007783 0.066505 -0.997756
vn 0.115976 -0.990992 -0.066959
vn 0.115976 -0.990992 -0.066959
vn 0.115976 -0.990992 0.066959
vn 0.115976 -0.990992 -0.066959
vn -0.385240 0.895612 -0.222418
vn -0.385240 0.895612 0.222418
vn 0.007783 -0.066505 -0.997756
vn 0.115976 -0.990992 0.066959
vn 0.115976 -0.990992 0.066959
vn 0.007783 -0.066505 0.997756
vn 0.115976 -0.990992 -0.066959
vn 0.115976 -0.990992 -0.066959
vn -0.703443 0.101660 -0.703443
vn -0.703443 0.101660 0.703443
vn -0.039718 -0.145232 0.988600
vn 0.260787 0.953583 0.150566
vn 0.260787 0.953583 0.150566
vn -0.039718 -0.145232 -0.988600
vn 0.260787 0.953583 -0.150566
vn 0.260787 0.953583 -0.150566
vn -0.609168 0.710788 -0.351703
vn 0.260787 0.953583 0.150566
vn -0.609168 0.710788 0.351703
vn 0.260787 0.953583 -0.150566
vn 0.039718 0.145232 -0.988600
vn 0.260787 0.953583 0.150566
vn 0.260787 0.953583 0.150566
vn 0.039718 0.145232 0.988600
vn 0.260787 0.953583 -0.150566
vn 0.260787 0.953583 -0.150566
vn 0.115976 -0.990992 0.066959
vn 0.115976 -0.990992 0.066959
vn 0.696810 0.129218 0.705520
vn 0.115976 -0.990992 -0.066959
vn 0.115976 -0.990992 -0.066959
vn 0.696810 0.129218 -0.705520
vn 0.115976 -0.990992 0.066959
vn 0.115976 -0.990992 0.066959
vn 0.707817 0.035166 -0.705520
vn 0.115976 -0.990992 -0.066959
vn 0.115976 -0.990992 -0.066959
vn 0.707817 0.035166 0.705520
vn 0.115976 -0.990992 0.066959
vn 0.115976 -0.990992 0.066959
vn 0.993221 0.116237 0.000000
vn 0.993221 0.116237 0.000000
vn 0.115976 -0.990992 -0.066959
vn 0.115976 -0.990992 -0.066959
vn 0.993221 0.116237 0.000000
vn 0.993221 0.116237 0.000000
vn -0.159909 -0.947479 -0.276971
vn -0.159909 -0.947479 0.276971
vn 0.260787 0.953583 0.150566
vn 0.260787 0.953583 0.150566
vn 0.653975 -0.289226 0.699046
vn 0.260787 0.953583 -0.150566
vn 0.260787 0.953583 -0.150566
vn 0.653975 -0.289226 -0.699046
vn 0.260787 0.953583 0.150566
vn 0.260787 0.953583 0.150566
vn 0.710145 -0.083836 -0.699046
vn 0.260787 0.953583 -0.150566
vn 0.260787 0.953583 -0.150566
vn 0.710145 -0.083836 0.699046
vn 0.260787 0.953583 0.150566
vn 0.260787 0.953583 0.150566
vn 0.964579 -0.263795 0.000000
vn 0.964579 -0.263795 0.000000
vn 0.260787 0.953583 -0.150566
vn 0.260787 0.953583 -0.150566
vn 0.964579 -0.263795 0.000000
vn 0.964579 -0.263795 0.000000
vn -0.703417 -0.102029 -0.703417
vn -0.215509 -0.952424 -0.215509
vn -0.703417 -0.102029 0.703417
vn -0.215509 -0.952424 0.215509
vn -0.314547 0.895612 -0.314547
vn -0.314547 0.895612 0.314547
vn -0.497384 0.710788 -0.497384
vn -0.497384 0.710788 0.497384
vn -0.497410 0.101660 -0.861539
vn -0.497410 0.101660 0.861539
vn -0.497391 -0.102029 -0.861506
vn -0.152388 -0.952424 -0.263944
vn -0.497391 -0.102029 0.861506
vn -0.152388 -0.952424 0.263944
vn -0.222418 0.895612 -0.385240
vn -0.222418 0.895612 0.385240
vn -0.351703 0.710788 -0.609168
vn -0.351703 0.710788 0.609168
vn -0.183013 -0.707107 -0.683013
vn -0.177711 0.727013 -0.663227
vn -0.183013 -0.707107 0.683013
vn -0.177711 0.727013 0.663227
vn -0.082775 -0.947479 -0.308921
vn -0.082775 -0.947479 0.308921
vn -0.257478 0.101660 -0.960922
vn -0.257478 0.101660 0.960922
vn -0.257468 -0.102029 -0.960885
vn -0.078882 -0.952424 -0.294391
vn -0.257468 -0.102029 0.960885
vn -0.078882 -0.952424 0.294391
vn -0.115132 0.895612 -0.429679
vn -0.115132 0.895612 0.429679
vn -0.182055 0.710788 -0.679439
vn -0.182055 0.710788 0.679439
vn -1.000000 0.000000 0.000000
vn 0.000000 -0.990992 0.133918
vn 0.000000 -0.990992 0.133918
vn -1.000000 0.000000 0.000000
vn 0.000000 -0.990992 -0.133918
vn 0.000000 -0.990992 -0.133918
vn -1.000000 0.000000 0.000000
vn -1.000000 0.000000 0.000000
vn -1.000000 0.000000 0.000000
vn 0.000000 0.953583 0.301131
vn 0.000000 0.953583 0.301131
vn -1.000000 0.000000 0.000000
vn 0.000000 0.953583 -0.301131
vn 0.000000 0.953583 -0.301131
vn -0.707107 -0.094694 -0.700737
vn 0.000000 -0.990992 0.133918
vn 0.000000 -0.990992 0.133918
vn -0.707107 -0.094694 0.700737
vn 0.000000 -0.990992 -0.133918
vn 0.000000 -0.990992 -0.133918
vn -0.707107 0.094694 0.700737
vn 0.000000 -0.990992 0.133918
vn 0.000000 -0.990992 0.133918
vn -0.707107 0.094694 -0.700737
vn 0.000000 -0.990992 -0.133918
vn 0.000000 -0.990992 -0.133918
vn -0.707107 -0.012625 0.706994
vn -0.707107 -0.012625 -0.706994
vn -0.707107 0.012625 -0.706994
vn -0.707107 0.012625 0.706994
vn -0.707107 -0.212932 0.674285
vn 0.000000 0.953583 0.301131
vn 0.000000 0.953583 0.301131
vn -0.707107 -0.212932 -0.674285
vn 0.000000 0.953583 -0.301131
vn 0.000000 0.953583 -0.301131
vn -0.707107 0.212932 -0.674285
vn 0.000000 0.953583 0.301131
vn 0.000000 0.953583 0.301131
vn -0.707107 0.212932 0.674285
vn 0.000000 0.953583 -0.301131
vn 0.000000 0.953583 -0.301131
vn -0.304776 -0.952424 0.000000
vn -0.294391 -0.952424 -0.078882
vn -0.294391 -0.952424 0.078882
vn -0.263944 -0.952424 -0.152388
vn -0.263944 -0.952424 0.152388
vn -0.215509 -0.952424 -0.215509
vn -0.215509 -0.952424 0.215509
vn -0.152388 -0.952424 -0.263944
vn -0.152388 -0.952424 0.263944
vn -0.078882 -0.952424 -0.294391
vn -0.078882 -0.952424 0.294391
vn 0.000000 -0.952424 -0.304776
vn 0.000000 -0.952424 0.304776
vn 0.078882 -0.952424 -0.294391
vn 0.078882 -0.952424 0.294391
vn 0.152388 -0.952424 -0.263944
vn 0.152388 -0.952424 0.263944
vn 0.215509 -0.952424 -0.215509
vn 0.215509 -0.952424 0.215509
vn 0.263944 -0.952424 -0.152388
vn 0.263944 -0.952424 0.152388
vn 0.294391 -0.952424 -0.078882
vn 0.294391 -0.952424 0.078882
vn 0.304776 -0.952424 0.000000
vn 0.000000 -0.952424 -0.304776
vn 0.000000 -0.102029 -0.994781
vn 0.000000 -0.952424 0.304776
vn 0.000000 -0.102029 0.994781
vn 0.000000 -0.990992 0.133918
vn 0.000000 -0.990992 0.133918
vn 0.000000 -0.133918 -0.990992
vn 0.000000 -0.990992 -0.133918
vn 0.000000 -0.990992 -0.133918
vn 0.000000 -0.133918 0.990992
vn 0.000000 -0.990992 0.133918
vn 0.000000 -0.990992 -0.133918
vn 0.000000 -0.990992 0.133918
vn 0.000000 -0.990992 0.133918
vn 0.000000 0.133918 0.990992
vn 0.000000 -0.990992 -0.133918
vn 0.000000 -0.990992 -0.133918
vn 0.000000 0.133918 -0.990992
vn 0.000000 -0.017854 0.999841
vn 0.000000 -0.017854 -0.999841
vn 0.000000 0.101660 -0.994819
vn 0.000000 0.101660 0.994819
vn 0.000000 0.017854 -0.999841
vn 0.000000 0.017854 0.999841
vn 0.000000 -0.301131 0.953583
vn 0.000000 0.953583 0.301131
vn 0.000000 0.953583 0.301131
vn 0.000000 -0.301131 -0.953583
vn 0.000000 0.953583 -0.301131
vn 0.000000 0.953583 -0.301131
vn 0.000000 0.710788 -0.703407
vn 0.000000 0.953583 0.301131
vn 0.000000 0.710788 0.703407
vn 0.000000 0.953583 -0.301131
vn 0.000000 0.301131 -0.953583
vn 0.000000 0.953583 0.301131
vn 0.000000 0.953583 0.301131
vn 0.000000 0.301131 0.953583
vn 0.000000 0.953583 -0.301131
vn 0.000000 0.953583 -0.301131
vn 0.000000 -0.947479 -0.319819
vn 0.000000 -0.947479 0.319819
vn 0.000000 -0.707107 -0.707107
vn 0.000000 0.727013 -0.686624
vn -0.291162 0.956674 0.000000
vn -0.281241 0.956674 -0.075358
vn -0.281241 0.956674 0.075358
vn -0.252153 0.956674 -0.145581
vn -0.252153 0.956674 0.145581
vn -0.205882 0.956674 -0.205882
vn -0.205882 0.956674 0.205882
vn -0.145581 0.956674 -0.252153
vn -0.145581 0.956674 0.252153
vn -0.133918 -0.990992 0.000000
vn -0.129355 -0.990992 -0.034661
vn -0.129355 -0.990992 0.034661
vn -0.115976 -0.990992 -0.066959
vn -0.115976 -0.990992 0.066959
vn -0.094694 -0.990992 -0.094694
vn -0.094694 -0.990992 0.094694
vn -0.075358 0.956674 -0.281241
vn -0.075358 0.956674 0.281241
vn -0.066959 -0.990992 -0.115976
vn -0.066959 -0.990992 0.115976
vn -0.034661 -0.990992 -0.129355
vn -0.034661 -0.990992 0.129355
vn 0.000000 -0.990992 -0.133918
vn 0.000000 -0.990992 0.133918
vn 0.000000 0.956674 -0.291162
vn 0.000000 0.956674 0.291162
vn 0.034661 -0.990992 -0.129355
vn 0.034661 -0.990992 0.129355
vn 0.066959 -0.990992 -0.115976
vn 0.066959 -0.990992 0.115976
vn 0.075358 0.956674 -0.281241
vn 0.075358 0.956674 0.281241
vn 0.094694 -0.990992 -0.094694
vn 0.094694 -0.990992 0.094694
vn 0.115976 -0.990992 -0.066959
vn 0.115976 -0.990992 0.066959
vn 0.129355 -0.990992 -0.034661
vn 0.129355 -0.990992 0.034661
vn 0.133918 -0.990992 0.000000
vn 0.145581 0.956674 -0.252153
vn 0.145581 0.956674 0.252153
vn 0.205882 0.956674 -0.205882
vn 0.205882 0.956674 0.205882
vn 0.252153 0.956674 -0.145581
vn 0.252153 0.956674 0.145581
vn 0.281241 0.956674 -0.075358
vn 0.281241 0.956674 0.075358
vn 0.291162 0.956674 0.000000
vn 0.000000 -0.707107 0.707107
vn 0.000000 0.727013 0.686624
vn 0.000000 0.895612 -0.444836
vn 0.000000 0.895612 0.444836
vn -0.164399 0.986394 0.000000
vn -0.158797 0.986394 -0.042550
vn -0.158797 0.986394 0.042550
vn -0.142374 0.986394 -0.082199
vn -0.142374 0.986394 0.082199
vn -0.116248 0.986394 -0.116248
vn -0.116248 0.986394 0.116248
vn -0.082199 0.986394 -0.142374
vn -0.082199 0.986394 0.142374
vn -0.042550 0.986394 -0.158797
vn -0.042550 0.986394 0.158797
vn 0.000000 0.986394 -0.164399
vn 0.000000 0.986394 0.164399
vn 0.042550 0.986394 -0.158797
vn 0.042550 0.986394 0.158797
vn 0.082199 0.986394 -0.142374
vn 0.082199 0.986394 0.142374
vn 0.116248 0.986394 -0.116248
vn 0.116248 0.986394 0.116248
vn 0.142374 0.986394 -0.082199
vn 0.142374 0.986394 0.082199
vn 0.158797 0.986394 -0.042550
vn 0.158797 0.986394 0.042550
vn 0.164399 0.986394 0.000000
vn 0.000000 -0.990992 0.133918
vn 0.000000 -0.990992 0.133918
vn 0.707107 -0.094694 -0.700737
vn 0.000000 -0.990992 -0.133918
vn 0.000000 -0.990992 -0.133918
vn 0.707107 -0.094694 0.700737
vn 0.000000 -0.990992 0.133918
vn 0.000000 -0.990992 0.133918
vn 0.707107 0.094694 0.700737
vn 0.000000 -0.990992 -0.133918
vn 0.000000 -0.990992 -0.133918
vn 0.707107 0.094694 -0.700737
vn 0.707107 -0.012625 0.706994
vn 0.707107 -0.012625 -0.706994
vn 0.707107 0.012625 -0.706994
vn 0.707107 0.012625 0.706994
vn 0.000000 0.953583 0.301131
vn 0.000000 0.953583 0.301131
vn 0.707107 -0.212932 0.674285
vn 0.000000 0.953583 -0.301131
vn 0.000000 0.953583 -0.301131
vn 0.707107 -0.212932 -0.674285
vn 0.000000 0.953583 0.301131
vn 0.000000 0.953583 0.301131
vn 0.707107 0.212932 -0.674285
vn 0.000000 0.953583 -0.301131
vn 0.000000 0.953583 -0.301131
vn 0.707107 0.212932 0.674285
vn 0.000000 -0.990992 0.133918
vn 0.000000 -0.990992 0.133918
vn 1.000000 0.000000 0.000000
vn 1.000000 0.000000 0.000000
vn 0.000000 -0.990992 -0.133918
vn 0.000000 -0.990992 -0.133918
vn 1.000000 0.000000 0.000000
vn 1.000000 0.000000 0.000000
vn 1.000000 0.000000 0.000000
vn 1.000000 0.000000 0.000000
vn 1.000000 0.000000 0.000000
vn 1.000000 0.000000 0.000000
vn 0.000000 0.953583 0.301131
vn 0.000000 0.953583 0.301131
vn 1.000000 0.000000 0.000000
vn 1.000000 0.000000 0.000000
vn 0.000000 0.953583 -0.301131
vn 0.000000 0.953583 -0.301131
vn 1.000000 0.000000 0.000000
vn 1.000000 0.000000 0.000000
vn 0.182055 0.710788 -0.679439
vn 0.182055 0.710788 0.679439
vn 0.115132 0.895612 -0.429679
vn 0.115132 0.895612 0.429679
vn 0.078882 -0.952424 -0.294391
vn 0.257468 -0.102029 -0.960885
vn 0.078882 -0.952424 0.294391
vn 0.257468 -0.102029 0.960885
vn 0.257478 0.101660 -0.960922
vn 0.257478 0.101660 0.960922
vn 0.082775 -0.947479 -0.308921
vn 0.082775 -0.947479 0.308921
vn 0.177711 0.727013 -0.663227
vn 0.183013 -0.707107 -0.683013
vn 0.177711 0.727013 0.663227
vn 0.183013 -0.707107 0.683013
vn 0.351703 0.710788 -0.609168
vn 0.351703 0.710788 0.609168
vn 0.222418 0.895612 -0.385240
vn 0.222418 0.895612 0.385240
vn 0.152388 -0.952424 -0.263944
vn 0.497391 -0.102029 -0.861506
vn 0.152388 -0.952424 0.263944
vn 0.497391 -0.102029 0.861506
vn 0.497410 0.101660 -0.861539
vn 0.497410 0.101660 0.861539
vn 0.497384 0.710788 -0.497384
vn 0.497384 0.710788 0.497384
vn 0.314547 0.895612 -0.314547
vn 0.314547 0.895612 0.314547
vn 0.215509 -0.952424 -0.215509
vn 0.703417 -0.102029 -0.703417
vn 0.215509 -0.952424 0.215509
vn 0.703417 -0.102029 0.703417
vn -0.964579 -0.263795 0.000000
vn -0.260787 0.953583 0.150566
vn -0.260787 0.953583 0.150566
vn -0.964579 -0.263795 0.000000
vn -0.260787 0.953583 -0.150566
vn -0.260787 0.953583 -0.150566
vn -0.710145 -0.083836 -0.699046
vn -0.260787 0.953583 0.150566
vn -0.260787 0.953583 0.150566
vn -0.710145 -0.083836 0.699046
vn -0.260787 0.953583 -0.150566
vn -0.260787 0.953583 -0.150566
vn -0.653975 -0.289226 0.699046
vn -0.260787 0.953583 0.150566
vn -0.260787 0.953583 0.150566
vn -0.653975 -0.289226 -0.699046
vn -0.260787 0.953583 -0.150566
vn -0.260787 0.953583 -0.150566
vn 0.159909 -0.947479 -0.276971
vn 0.159909 -0.947479 0.276971
vn -0.993221 0.116237 0.000000
vn -0.115976 -0.990992 0.066959
vn -0.115976 -0.990992 0.066959
vn -0.993221 0.116237 0.000000
vn -0.115976 -0.990992 -0.066959
vn -0.115976 -0.990992 -0.066959
vn -0.707817 0.035166 -0.705520
vn -0.115976 -0.990992 0.066959
vn -0.115976 -0.990992 0.066959
vn -0.707817 0.035166 0.705520
vn -0.115976 -0.990992 -0.066959
vn -0.115976 -0.990992 -0.066959
vn -0.696810 0.129218 0.705520
vn -0.115976 -0.990992 0.066959
vn -0.115976 -0.990992 0.066959
vn -0.696810 0.129218 -0.705520
vn -0.115976 -0.990992 -0.066959
vn -0.115976 -0.990992 -0.066959
vn -0.260787 0.953583 0.150566
vn -0.260787 0.953583 0.150566
vn -0.039718 0.145232 -0.988600
vn -0.260787 0.953583 -0.150566
vn -0.260787 0.953583 -0.150566
vn -0.039718 0.145232 0.988600
vn -0.260787 0.953583 0.150566
vn 0.609168 0.710788 -0.351703
vn -0.260787 0.953583 -0.150566
vn 0.609168 0.710788 0.351703
vn -0.260787 0.953583 0.150566
vn -0.260787 0.953583 0.150566
vn 0.039718 -0.145232 0.988600
vn -0.260787 0.953583 -0.150566
vn -0.260787 0.953583 -0.150566
vn 0.039718 -0.145232 -0.988600
vn 0.703443 0.101660 -0.703443
vn 0.703443 0.101660 0.703443
vn -0.115976 -0.990992 0.066959
vn -0.115976 -0.990992 0.066959
vn -0.007783 -0.066505 -0.997756
vn -0.115976 -0.990992 -0.066959
vn -0.115976 -0.990992 -0.066959
vn -0.007783 -0.066505 0.997756
vn -0.115976 -0.990992 0.066959
vn -0.115976 -0.990992 -0.066959
vn 0.385240 0.895612 -0.222418
vn 0.385240 0.895612 0.222418
vn -0.115976 -0.990992 0.066959
vn -0.115976 -0.990992 0.066959
vn 0.007783 0.066505 0.997756
vn -0.115976 -0.990992 -0.066959
vn -0.115976 -0.990992 -0.066959
vn 0.007783 0.066505 -0.997756
vn 0.343312 0.727013 -0.594633
vn 0.353553 -0.707107 -0.612372
vn 0.343312 0.727013 0.594633
vn 0.353553 -0.707107 0.612372
vn -0.260787 0.953583 0.150566
vn -0.260787 0.953583 0.150566
vn 0.653975 0.289226 -0.699046
vn -0.260787 0.953583 -0.150566
vn -0.260787 0.953583 -0.150566
vn 0.653975 0.289226 0.699046
vn -0.260787 0.953583 0.150566
vn -0.260787 0.953583 0.150566
vn 0.710145 0.083836 0.699046
vn -0.260787 0.953583 -0.150566
vn -0.260787 0.953583 -0.150566
vn 0.710145 0.083836 -0.699046
vn 0.263944 -0.952424 -0.152388
vn 0.861506 -0.102029 -0.497391
vn 0.263944 -0.952424 0.152388
vn 0.861506 -0.102029 0.497391
vn -0.260787 0.953583 0.150566
vn -0.260787 0.953583 0.150566
vn 0.964579 0.263795 0.000000
vn 0.964579 0.263795 0.000000
vn -0.260787 0.953583 -0.150566
vn -0.260787 0.953583 -0.150566
vn 0.964579 0.263795 0.000000
vn 0.964579 0.263795 0.000000
vn 0.679439 0.710788 -0.182055
vn 0.679439 0.710788 0.182055
vn -0.115976 -0.990992 0.066959
vn -0.115976 -0.990992 0.066959
vn 0.696810 -0.129218 -0.705520
vn -0.115976 -0.990992 -0.066959
vn -0.115976 -0.990992 -0.066959
vn 0.696810 -0.129218 0.705520
vn -0.115976 -0.990992 0.066959
vn -0.115976 -0.990992 0.066959
vn 0.707817 -0.035166 0.705520
vn -0.115976 -0.990992 -0.066959
vn -0.115976 -0.990992 -0.066959
vn 0.707817 -0.035166 -0.705520
vn -0.999880 -0.015463 0.000000
vn -0.999880 -0.015463 0.000000
vn -0.115976 -0.990992 0.066959
vn -0.115976 -0.990992 0.066959
vn 0.993221 -0.116237 0.000000
vn 0.993221 -0.116237 0.000000
vn -0.115976 -0.990992 -0.066959
vn -0.115976 -0.990992 -0.066959
vn 0.993221 -0.116237 0.000000
vn 0.993221 -0.116237 0.000000
vn 0.703407 0.710788 0.000000
vn 0.703407 0.710788 0.000000
vn 0.429679 0.895612 -0.115132
vn 0.429679 0.895612 0.115132
vn -0.707120 -0.004622 -0.707079
vn -0.707120 -0.004622 0.707079
vn -0.706925 -0.017246 0.707079
vn -0.706925 -0.017246 -0.707079
vn 0.444836 0.895612 0.000000
vn 0.444836 0.895612 0.000000
vn 0.294391 -0.952424 -0.078882
vn 0.960885 -0.102029 -0.257468
vn 0.294391 -0.952424 0.078882
vn 0.960885 -0.102029 0.257468
vn 0.304776 -0.952424 0.000000
vn 0.304776 -0.952424 0.000000
vn 0.994781 -0.102029 0.000000
vn 0.994781 -0.102029 0.000000
vn -0.000138 0.008926 -0.999960
vn -0.000138 0.008926 0.999960
vn 0.861539 0.101660 -0.497410
vn 0.861539 0.101660 0.497410
vn 0.000138 -0.008926 0.999960
vn 0.000138 -0.008926 -0.999960
vn 0.226146 -0.947479 -0.226146
vn 0.226146 -0.947479 0.226146
vn 0.706925 0.017246 -0.707079
vn 0.706925 0.017246 0.707079
vn 0.707120 0.004622 0.707079
vn 0.707120 0.004622 -0.707079
vn 0.999880 0.015463 0.000000
vn 0.999880 0.015463 0.000000
vn 0.999880 0.015463 0.000000
vn 0.999880 0.015463 0.000000
vn 0.960922 0.101660 -0.257478
vn 0.960922 0.101660 0.257478
vn 0.994819 0.101660 0.000000
vn 0.994819 0.101660 0.000000
vn 0.485516 0.727013 -0.485516
vn 0.500000 -0.707107 -0.500000
vn 0.485516 0.727013 0.485516
vn 0.500000 -0.707107 0.500000
vn 0.276971 -0.947479 -0.159909
vn 0.276971 -0.947479 0.159909
vn 0.308921 -0.947479 -0.082775
vn 0.308921 -0.947479 0.082775
vn 0.594633 0.727013 -0.343312
vn 0.612372 -0.707107 -0.353553
vn 0.594633 0.727013 0.343312
vn 0.612372 -0.707107 0.353553
vn 0.319819 -0.947479 0.000000
vn 0.319819 -0.947479 0.000000
vn 0.663227 0.727013 -0.177711
vn 0.683013 -0.707107 -0.183013
vn 0.663227 0.727013 0.177711
vn 0.683013 -0.707107 0.183013
vn 0.686624 0.727013 0.000000
vn 0.686624 0.727013 0.000000
vn 0.707107 -0.707107 0.000000
vn 0.707107 -0.707107 0.000000
usemtl Glow
s 1
f 530/530/530 871/871/871 869/869/869
f 529/529/529 869/869/869 823/823/823
f 527/527/527 823/823/823 731/731/731
f 525/525/525 731/731/731 721/721/721
f 523/523/523 721/721/721 705/705/705
f 521/521/521 705/705/705 533/533/533
f 519/519/519 533/533/533 460/460/460
f 517/517/517 460/460/460 444/444/444
f 515/515/515 444/444/444 434/434/434
f 513/513/513 434/434/434 338/338/338
f 511/511/511 338/338/338 296/296/296
f 509/509/509 296/296/296 292/292/292
f 507/507/507 292/292/292 294/294/294
f 508/508/508 294/294/294 336/336/336
f 510/510/510 336/336/336 432/432/432
f 512/512/512 432/432/432 442/442/442
f 514/514/514 442/442/442 458/458/458
f 516/516/516 458/458/458 531/531/531
f 518/518/518 531/531/531 703/703/703
f 520/520/520 703/703/703 719/719/719
f 522/522/522 719/719/719 729/729/729
f 524/524/524 729/729/729 821/821/821
f 526/526/526 821/821/821 867/867/867
f 528/528/528 867/867/867 872/872/872
f 873/873/873 892/892/892 870/870/870
f 873/873/873 893/893/893 892/892/892
f 870/870/870 878/878/878 824/824/824
f 870/870/870 892/892/892 878/878/878
f 824/824/824 788/788/788 732/732/732
f 824/824/824 878/878/878 788/788/788
f 732/732/732 724/724/724 722/722/722
f 732/732/732 788/788/788 724/724/724
f 722/722/722 708/708/708 706/706/706
f 722/722/722 724/724/724 708/708/708
f 706/706/706 552/552/552 534/534/534
f 706/706/706 708/708/708 552/552/552
f 534/534/534 456/456/456 459/459/459
f 534/534/534 552/552/552 456/456/456
f 459/459/459 440/440/440 443/443/443
f 459/459/459 456/456/456 440/440/440
f 443/443/443 372/372/372 433/433/433
f 443/443/443 440/440/440 372/372/372
f 433/433/433 288/288/288 337/337/337
f 433/433/433 372/372/372 288/288/288
f 337/337/337 276/276/276 295/295/295
f 337/337/337 288/288/288 276/276/276
f 295/295/295 274/274/274 291/291/291
f 295/295/295 276/276/276 274/274/274
f 291/291/291 275/275/275 293/293/293
f 291/291/291 274/274/274 275/275/275
f 293/293/293 287/287/287 335/335/335
f 293/293/293 275/275/275 287/287/287
f 335/335/335 371/371/371 431/431/431
f 335/335/335 287/287/287 371/371/371
f 431/431/431 439/439/439 441/441/441
f 431/431/431 371/371/371 439/439/439
f 441/441/441 455/455/455 457/457/457
f 441/441/441 439/439/439 455/455/455
f 457/457/457 551/551/551 532/532/532
f 457/457/457 455/455/455 551/551/551
f 532/532/532 707/707/707 704/704/704
f 532/532/532 551/551/551 707/707/707
f 704/704/704 723/723/723 720/720/720
f 704/704/704 707/707/707 723/723/723
f 720/720/720 787/787/787 730/730/730
f 720/720/720 723/723/723 787/787/787
f 730/730/730 877/877/877 822/822/822
f 730/730/730 787/787/787 877/877/877
f 822/822/822 891/891/891 868/868/868
f 822/822/822 877/877/877 891/891/891
f 868/868/868 894/894/894 874/874/874
f 868/868/868 891/891/891 894/894/894
f 893/893/893 834/834/834 892/892/892
f 893/893/893 857/857/857 834/834/834
f 892/892/892 780/780/780 878/878/878
f 892/892/892 834/834/834 780/780/780
f 878/878/878 726/726/726 788/788/788
f 878/878/878 780/780/780 726/726/726
f 788/788/788 716/716/716 724/724/724
f 788/788/788 726/726/726 716/716/716
f 724/724/724 700/700/700 708/708/708
f 724/724/724 716/716/716 700/700/700
f 708/708/708 563/563/563 552/552/552
f 708/708/708 700/700/700 563/563/563
f 552/552/552 464/464/464 456/456/456
f 552/552/552 563/563/563 464/464/464
f 456/456/456 448/448/448 440/440/440
f 456/456/456 464/464/464 448/448/448
f 440/440/440 438/438/438 372/372/372
f 440/440/440 448/448/448 438/438/438
f 372/372/372 381/381/381 288/288/288
f 372/372/372 438/438/438 381/381/381
f 288/288/288 328/328/328 276/276/276
f 288/288/288 381/381/381 328/328/328
f 276/276/276 304/304/304 274/274/274
f 276/276/276 328/328/328 304/304/304
f 274/274/274 327/327/327 275/275/275
f 274/274/274 304/304/304 327/327/327
f 275/275/275 379/379/379 287/287/287
f 275/275/275 327/327/327 379/379/379
f 287/287/287 437/437/437 371/371/371
f 287/287/287 379/379/379 437/437/437
f 371/371/371 447/447/447 439/439/439
f 371/371/371 437/437/437 447/447/447
f 439/439/439 463/463/463 455/455/455
f 439/439/439 447/447/447 463/463/463
f 455/455/455 561/561/561 551/551/551
f 455/455/455 463/463/463 561/561/561
f 551/551/551 699/699/699 707/707/707
f 551/551/551 561/561/561 699/699/699
f 707/707/707 715/715/715 723/723/723
f 707/707/707 699/699/699 715/715/715
f 723/723/723 725/725/725 787/787/787
f 723/723/723 715/715/715 725/725/725
f 787/787/787 778/778/778 877/877/877
f 787/787/787 725/725/725 778/778/778
f 877/877/877 833/833/833 891/891/891
f 877/877/877 778/778/778 833/833/833
f 891/891/891 858/858/858 894/894/894
f 891/891/891 833/833/833 858/858/858
f 857/857/857 621/621/621 834/834/834
f 834/834/834 619/619/619 780/780/780
f 780/780/780 617/617/617 726/726/726
f 726/726/726 615/615/615 716/716/716
f 716/716/716 606/606/606 700/700/700
f 700/700/700 600/600/600 563/563/563
f 563/563/563 592/592/592 464/464/464
f 464/464/464 583/583/583 448/448/448
f 448/448/448 581/581/581 438/438/438
f 438/438/438 579/579/579 381/381/381
f 381/381/381 577/577/577 328/328/328
f 328/328/328 575/575/575 304/304/304
f 304/304/304 576/576/576 327/327/327
f 327/327/327 578/578/578 379/379/379
f 379/379/379 580/580/580 437/437/437
f 437/437/437 582/582/582 447/447/447
f 447/447/447 591/591/591 463/463/463
f 463/463/463 599/599/599 561/561/561
f 561/561/561 605/605/605 699/699/699
f 699/699/699 614/614/614 715/715/715
f 715/715/715 616/616/616 725/725/725
f 725/725/725 618/618/618 778/778/778
f 778/778/778 620/620/620 833/833/833
f 833/833/833 622/622/622 858/858/858
usemtl Roof
s 1
f 584/584/584 907/907/907 902/902/902
f 585/585/585 902/902/902 900/900/900
f 587/587/587 900/900/900 882/882/882
f 589/589/589 882/882/882 752/752/752
f 593/593/593 752/752/752 710/710/710
f 595/595/595 710/710/710 572/572/572
f 597/597/597 572/572/572 454/454/454
f 601/601/601 454/454/454 410/410/410
f 603/603/603 410/410/410 284/284/284
f 607/607/607 284/284/284 269/269/269
f 609/609/609 269/269/269 267/267/267
f 611/611/611 267/267/267 261/261/261
f 613/613/613 261/261/261 266/266/266
f 612/612/612 266/266/266 268/268/268
f 610/610/610 268/268/268 283/283/283
f 608/608/608 283/283/283 409/409/409
f 604/604/604 409/409/409 453/453/453
f 602/602/602 453/453/453 571/571/571
f 598/598/598 571/571/571 709/709/709
f 596/596/596 709/709/709 751/751/751
f 594/594/594 751/751/751 881/881/881
f 590/590/590 881/881/881 899/899/899
f 588/588/588 899/899/899 901/901/901
f 586/586/586 901/901/901 908/908/908
f 907/907/907 912/912/912 902/902/902
f 907/907/907 915/915/915 912/912/912
f 902/902/902 906/906/906 900/900/900
f 902/902/902 912/912/912 906/906/906
f 900/900/900 898/898/898 882/882/882
f 900/900/900 906/906/906 898/898/898
f 882/882/882 808/808/808 752/752/752
f 882/882/882 898/898/898 808/808/808
f 752/752/752 714/714/714 710/710/710
f 752/752/752 808/808/808 714/714/714
f 710/710/710 623/623/623 572/572/572
f 710/710/710 714/714/714 623/623/623
f 572/572/572 451/451/451 454/454/454
f 572/572/572 623/623/623 451/451/451
f 454/454/454 353/353/353 410/410/410
f 454/454/454 451/451/451 353/353/353
f 410/410/410 272/272/272 284/284/284
f 410/410/410 353/353/353 272/272/272
f 284/284/284 264/264/264 269/269/269
f 284/284/284 272/272/272 264/264/264
f 269/269/269 259/259/259 267/267/267
f 269/269/269 264/264/264 259/259/259
f 267/267/267 255/255/255 261/261/261
f 267/267/267 259/259/259 255/255/255
f 261/261/261 257/257/257 266/266/266
f 261/261/261 255/255/255 257/257/257
f 266/266/266 262/262/262 268/268/268
f 266/266/266 257/257/257 262/262/262
f 268/268/268 270/270/270 283/283/283
f 268/268/268 262/262/262 270/270/270
f 283/283/283 351/351/351 409/409/409
f 283/283/283 270/270/270 351/351/351
f 409/409/409 449/449/449 453/453/453
f 409/409/409 351/351/351 449/449/449
f 453/453/453 573/573/573 571/571/571
f 453/453/453 449/449/449 573/573/573
f 571/571/571 712/712/712 709/709/709
f 571/571/571 573/573/573 712/712/712
f 709/709/709 806/806/806 751/751/751
f 709/709/709 712/712/712 806/806/806
f 751/751/751 896/896/896 881/881/881
f 751/751/751 806/806/806 896/896/896
f 881/881/881 904/904/904 899/899/899
f 881/881/881 896/896/896 904/904/904
f 899/899/899 910/910/910 901/901/901
f 899/899/899 904/904/904 910/910/910
f 901/901/901 916/916/916 908/908/908
f 901/901/901 910/910/910 916/916/916
f 913/913/913 860/860/860 911/911/911
f 913/913/913 865/865/865 860/860/860
f 911/911/911 798/798/798 905/905/905
f 911/911/911 860/860/860 798/798/798
f 905/905/905 728/728/728 897/897/897
f 905/905/905 798/798/798 728/728/728
f 897/897/897 718/718/718 807/807/807
f 897/897/897 728/728/728 718/718/718
f 807/807/807 702/702/702 713/713/713
f 807/807/807 718/718/718 702/702/702
f 713/713/713 626/626/626 624/624/624
f 713/713/713 702/702/702 626/626/626
f 624/624/624 462/462/462 452/452/452
f 624/624/624 626/626/626 462/462/462
f 452/452/452 446/446/446 354/354/354
f 452/452/452 462/462/462 446/446/446
f 354/354/354 436/436/436 273/273/273
f 354/354/354 446/446/446 436/436/436
f 273/273/273 364/364/364 265/265/265
f 273/273/273 436/436/436 364/364/364
f 265/265/265 303/303/303 260/260/260
f 265/265/265 364/364/364 303/303/303
f 260/260/260 297/297/297 256/256/256
f 260/260/260 303/303/303 297/297/297
f 256/256/256 302/302/302 258/258/258
f 256/256/256 297/297/297 302/302/302
f 258/258/258 363/363/363 263/263/263
f 258/258/258 302/302/302 363/363/363
f 263/263/263 435/435/435 271/271/271
f 263/263/263 363/363/363 435/435/435
f 271/271/271 445/445/445 352/352/352
f 271/271/271 435/435/435 445/445/445
f 352/352/352 461/461/461 450/450/450
f 352/352/352 445/445/445 461/461/461
f 450/450/450 625/625/625 574/574/574
f 450/450/450 461/461/461 625/625/625
f 574/574/574 701/701/701 711/711/711
f 574/574/574 625/625/625 701/701/701
f 711/711/711 717/717/717 805/805/805
f 711/711/711 701/701/701 717/717/717
f 805/805/805 727/727/727 895/895/895
f 805/805/805 717/717/717 727/727/727
f 895/895/895 797/797/797 903/903/903
f 895/895/895 727/727/727 797/797/797
f 903/903/903 859/859/859 909/909/909
f 903/903/903 797/797/797 859/859/859
f 909/909/909 866/866/866 914/914/914
f 909/909/909 859/859/859 866/866/866
f 865/865/865 649/649/649 860/860/860
f 860/860/860 647/647/647 798/798/798
f 798/798/798 645/645/645 728/728/728
f 728/728/728 643/643/643 718/718/718
f 718/718/718 641/641/641 702/702/702
f 702/702/702 639/639/639 626/626/626
f 626/626/626 637/637/637 462/462/462
f 462/462/462 635/635/635 446/446/446
f 446/446/446 633/633/633 436/436/436
f 436/436/436 631/631/631 364/364/364
f 364/364/364 629/629/629 303/303/303
f 303/303/303 627/627/627 297/297/297
f 297/297/297 628/628/628 302/302/302
f 302/302/302 630/630/630 363/363/363
f 363/363/363 632/632/632 435/435/435
f 435/435/435 634/634/634 445/445/445
f 445/445/445 636/636/636 461/461/461
f 461/461/461 638/638/638 625/625/625
f 625/625/625 640/640/640 701/701/701
f 701/701/701 642/642/642 717/717/717
f 717/717/717 644/644/644 727/727/727
f 727/727/727 646/646/646 797/797/797
f 797/797/797 648/648/648 859/859/859
f 859/859/859 650/650/650 866/866/866
usemtl Trim
s 1
f 685/685/685 662/662/662 664/664/664
f 685/685/685 664/664/664 689/689/689
f 662/662/662 548/548/548 550/550/550
f 662/662/662 550/550/550 664/664/664
f 548/548/548 488/488/488 492/492/492
f 548/548/548 492/492/492 550/550/550
f 488/488/488 468/468/468 472/472/472
f 488/488/488 472/472/472 492/492/492
f 468/468/468 482/482/482 494/494/494
f 468/468/468 494/494/494 472/472/472
f 482/482/482 540/540/540 554/554/554
f 482/482/482 554/554/554 494/494/494
f 540/540/540 656/656/656 666/666/666
f 540/540/540 666/666/666 554/554/554
f 656/656/656 686/686/686 690/690/690
f 656/656/656 690/690/690 666/666/666
f 689/689/689 664/664/664 672/672/672
f 689/689/689 672/672/672 697/697/697
f 664/664/664 550/550/550 558/558/558
f 664/664/664 558/558/558 672/672/672
f 550/550/550 492/492/492 498/498/498
f 550/550/550 498/498/498 558/558/558
f 492/492/492 472/472/472 476/476/476
f 492/492/492 476/476/476 498/498/498
f 472/472/472 494/494/494 504/504/504
f 472/472/472 504/504/504 476/476/476
f 494/494/494 554/554/554 568/568/568
f 494/494/494 568/568/568 504/504/504
f 554/554/554 666/666/666 678/678/678
f 554/554/554 678/678/678 568/568/568
f 666/666/666 690/690/690 698/698/698
f 666/666/666 698/698/698 678/678/678
f 542/542/542 661/661/661 683/683/683
f 542/542/542 547/547/547 660/660/660
f 542/542/542 490/490/490 546/546/546
f 542/542/542 470/470/470 489/489/489
f 542/542/542 484/484/484 469/469/469
f 542/542/542 539/539/539 483/483/483
f 542/542/542 655/655/655 538/538/538
f 542/542/542 684/684/684 654/654/654
f 564/564/564 695/695/695 671/671/671
f 564/564/564 670/670/670 560/560/560
f 564/564/564 559/559/559 500/500/500
f 564/564/564 499/499/499 478/478/478
f 564/564/564 477/477/477 506/506/506
f 564/564/564 505/505/505 570/570/570
f 564/564/564 569/569/569 677/677/677
f 564/564/564 676/676/676 696/696/696
f 855/855/855 846/846/846 886/886/886
f 855/855/855 886/886/886 889/889/889
f 846/846/846 804/804/804 880/880/880
f 846/846/846 880/880/880 886/886/886
f 804/804/804 768/768/768 864/864/864
f 804/804/804 864/864/864 880/880/880
f 768/768/768 756/756/756 848/848/848
f 768/768/768 848/848/848 864/864/864
f 756/756/756 762/762/762 862/862/862
f 756/756/756 862/862/862 848/848/848
f 762/762/762 794/794/794 876/876/876
f 762/762/762 876/876/876 862/862/862
f 794/794/794 840/840/840 884/884/884
f 794/794/794 884/884/884 876/876/876
f 840/840/840 856/856/856 890/890/890
f 840/840/840 890/890/890 884/884/884
f 889/889/889 886/886/886 820/820/820
f 889/889/889 820/820/820 831/831/831
f 886/886/886 880/880/880 786/786/786
f 886/886/886 786/786/786 820/820/820
f 880/880/880 864/864/864 748/748/748
f 880/880/880 748/748/748 786/786/786
f 864/864/864 848/848/848 736/736/736
f 864/864/864 736/736/736 748/748/748
f 848/848/848 862/862/862 742/742/742
f 848/848/848 742/742/742 736/736/736
f 862/862/862 876/876/876 776/776/776
f 862/862/862 776/776/776 742/742/742
f 876/876/876 884/884/884 814/814/814
f 876/876/876 814/814/814 776/776/776
f 884/884/884 890/890/890 832/832/832
f 884/884/884 832/832/832 814/814/814
f 796/796/796 845/845/845 853/853/853
f 796/796/796 803/803/803 844/844/844
f 796/796/796 770/770/770 802/802/802
f 796/796/796 758/758/758 769/769/769
f 796/796/796 764/764/764 757/757/757
f 796/796/796 793/793/793 763/763/763
f 796/796/796 839/839/839 792/792/792
f 796/796/796 854/854/854 838/838/838
f 779/779/779 829/829/829 819/819/819
f 779/779/779 818/818/818 785/785/785
f 779/779/779 784/784/784 750/750/750
f 779/779/779 749/749/749 738/738/738
f 779/779/779 737/737/737 744/744/744
f 779/779/779 743/743/743 775/775/775
f 779/779/779 774/774/774 813/813/813
f 779/779/779 812/812/812 830/830/830
f 851/851/851 837/837/837 883/883/883
f 851/851/851 883/883/883 887/887/887
f 837/837/837 791/791/791 875/875/875
f 837/837/837 875/875/875 883/883/883
f 791/791/791 759/759/759 861/861/861
f 791/791/791 861/861/861 875/875/875
f 759/759/759 753/753/753 847/847/847
f 759/759/759 847/847/847 861/861/861
f 753/753/753 765/765/765 863/863/863
f 753/753/753 863/863/863 847/847/847
f 765/765/765 801/801/801 879/879/879
f 765/765/765 879/879/879 863/863/863
f 801/801/801 843/843/843 885/885/885
f 801/801/801 885/885/885 879/879/879
f 843/843/843 852/852/852 888/888/888
f 843/843/843 888/888/888 885/885/885
f 887/887/887 883/883/883 811/811/811
f 887/887/887 811/811/811 827/827/827
f 883/883/883 875/875/875 773/773/773
f 883/883/883 773/773/773 811/811/811
f 875/875/875 861/861/861 739/739/739
f 875/875/875 739/739/739 773/773/773
f 861/861/861 847/847/847 733/733/733
f 861/861/861 733/733/733 739/739/739
f 847/847/847 863/863/863 745/745/745
f 847/847/847 745/745/745 733/733/733
f 863/863/863 879/879/879 783/783/783
f 863/863/863 783/783/783 745/745/745
f 879/879/879 885/885/885 817/817/817
f 879/879/879 817/817/817 783/783/783
f 885/885/885 888/888/888 828/828/828
f 885/885/885 828/828/828 817/817/817
f 795/795/795 836/836/836 849/849/849
f 795/795/795 790/790/790 835/835/835
f 795/795/795 761/761/761 789/789/789
f 795/795/795 755/755/755 760/760/760
f 795/795/795 767/767/767 754/754/754
f 795/795/795 800/800/800 766/766/766
f 795/795/795 842/842/842 799/799/799
f 795/795/795 850/850/850 841/841/841
f 777/777/777 825/825/825 810/810/810
f 777/777/777 809/809/809 772/772/772
f 777/777/777 771/771/771 741/741/741
f 777/777/777 740/740/740 735/735/735
f 777/777/777 734/734/734 747/747/747
f 777/777/777 746/746/746 782/782/782
f 777/777/777 781/781/781 816/816/816
f 777/777/777 815/815/815 826/826/826
f 681/681/681 653/653/653 665/665/665
f 681/681/681 665/665/665 687/687/687
f 653/653/653 537/537/537 553/553/553
f 653/653/653 553/553/553 665/665/665
f 537/537/537 479/479/479 493/493/493
f 537/537/537 493/493/493 553/553/553
f 479/479/479 465/465/465 471/471/471
f 479/479/479 471/471/471 493/493/493
f 465/465/465 485/485/485 491/491/491
f 465/465/465 491/491/491 471/471/471
f 485/485/485 545/545/545 549/549/549
f 485/485/485 549/549/549 491/491/491
f 545/545/545 659/659/659 663/663/663
f 545/545/545 663/663/663 549/549/549
f 659/659/659 682/682/682 688/688/688
f 659/659/659 688/688/688 663/663/663
f 687/687/687 665/665/665 675/675/675
f 687/687/687 675/675/675 693/693/693
f 665/665/665 553/553/553 565/565/565
f 665/665/665 565/565/565 675/675/675
f 553/553/553 493/493/493 501/501/501
f 553/553/553 501/501/501 565/565/565
f 493/493/493 471/471/471 473/473/473
f 493/493/493 473/473/473 501/501/501
f 471/471/471 491/491/491 495/495/495
f 471/471/471 495/495/495 473/473/473
f 491/491/491 549/549/549 555/555/555
f 491/491/491 555/555/555 495/495/495
f 549/549/549 663/663/663 669/669/669
f 549/549/549 669/669/669 555/555/555
f 663/663/663 688/688/688 694/694/694
f 663/663/663 694/694/694 669/669/669
f 541/541/541 652/652/652 679/679/679
f 541/541/541 536/536/536 651/651/651
f 541/541/541 481/481/481 535/535/535
f 541/541/541 467/467/467 480/480/480
f 541/541/541 487/487/487 466/466/466
f 541/541/541 544/544/544 486/486/486
f 541/541/541 658/658/658 543/543/543
f 541/541/541 680/680/680 657/657/657
f 562/562/562 691/691/691 674/674/674
f 562/562/562 673/673/673 567/567/567
f 562/562/562 566/566/566 503/503/503
f 562/562/562 502/502/502 475/475/475
f 562/562/562 474/474/474 497/497/497
f 562/562/562 496/496/496 557/557/557
f 562/562/562 556/556/556 668/668/668
f 562/562/562 667/667/667 692/692/692
f 403/403/403 397/397/397 300/300/300
f 403/403/403 300/300/300 311/311/311
f 397/397/397 365/365/365 289/289/289
f 397/397/397 289/289/289 300/300/300
f 365/365/365 321/321/321 281/281/281
f 365/365/365 281/281/281 289/289/289
f 321/321/321 305/305/305 277/277/277
f 321/321/321 277/277/277 281/281/281
f 305/305/305 315/315/315 279/279/279
f 305/305/305 279/279/279 277/277/277
f 315/315/315 355/355/355 285/285/285
f 315/315/315 285/285/285 279/279/279
f 355/355/355 391/391/391 298/298/298
f 355/355/355 298/298/298 285/285/285
f 391/391/391 404/404/404 312/312/312
f 391/391/391 312/312/312 298/298/298
f 311/311/311 300/300/300 419/419/419
f 311/311/311 419/419/419 425/425/425
f 300/300/300 289/289/289 383/383/383
f 300/300/300 383/383/383 419/419/419
f 289/289/289 281/281/281 345/345/345
f 289/289/289 345/345/345 383/383/383
f 281/281/281 277/277/277 329/329/329
f 281/281/281 329/329/329 345/345/345
f 277/277/277 279/279/279 339/339/339
f 277/277/277 339/339/339 329/329/329
f 279/279/279 285/285/285 373/373/373
f 279/279/279 373/373/373 339/339/339
f 285/285/285 298/298/298 413/413/413
f 285/285/285 413/413/413 373/373/373
f 298/298/298 312/312/312 426/426/426
f 298/298/298 426/426/426 413/413/413
f 361/361/361 396/396/396 401/401/401
f 361/361/361 367/367/367 395/395/395
f 361/361/361 323/323/323 366/366/366
f 361/361/361 307/307/307 322/322/322
f 361/361/361 317/317/317 306/306/306
f 361/361/361 357/357/357 316/316/316
f 361/361/361 390/390/390 356/356/356
f 361/361/361 402/402/402 389/389/389
f 380/380/380 423/423/423 418/418/418
f 380/380/380 417/417/417 385/385/385
f 380/380/380 384/384/384 347/347/347
f 380/380/380 346/346/346 331/331/331
f 380/380/380 330/330/330 341/341/341
f 380/380/380 340/340/340 375/375/375
f 380/380/380 374/374/374 412/412/412
f 380/380/380 411/411/411 424/424/424
f 407/407/407 394/394/394 299/299/299
f 407/407/407 299/299/299 313/313/313
f 394/394/394 358/358/358 286/286/286
f 394/394/394 286/286/286 299/299/299
f 358/358/358 318/318/318 280/280/280
f 358/358/358 280/280/280 286/286/286
f 318/318/318 308/308/308 278/278/278
f 318/318/318 278/278/278 280/280/280
f 308/308/308 324/324/324 282/282/282
f 308/308/308 282/282/282 278/278/278
f 324/324/324 368/368/368 290/290/290
f 324/324/324 290/290/290 282/282/282
f 368/368/368 400/400/400 301/301/301
f 368/368/368 301/301/301 290/290/290
f 400/400/400 408/408/408 314/314/314
f 400/400/400 314/314/314 301/301/301
f 313/313/313 299/299/299 416/416/416
f 313/313/313 416/416/416 429/429/429
f 299/299/299 286/286/286 376/376/376
f 299/299/299 376/376/376 416/416/416
f 286/286/286 280/280/280 342/342/342
f 286/286/286 342/342/342 376/376/376
f 280/280/280 278/278/278 332/332/332
f 280/280/280 332/332/332 342/342/342
f 278/278/278 282/282/282 348/348/348
f 278/278/278 348/348/348 332/332/332
f 282/282/282 290/290/290 386/386/386
f 282/282/282 386/386/386 348/348/348
f 290/290/290 301/301/301 422/422/422
f 290/290/290 422/422/422 386/386/386
f 301/301/301 314/314/314 430/430/430
f 301/301/301 430/430/430 422/422/422
f 362/362/362 393/393/393 405/405/405
f 362/362/362 360/360/360 392/392/392
f 362/362/362 320/320/320 359/359/359
f 362/362/362 310/310/310 319/319/319
f 362/362/362 326/326/326 309/309/309
f 362/362/362 370/370/370 325/325/325
f 362/362/362 399/399/399 369/369/369
f 362/362/362 406/406/406 398/398/398
f 382/382/382 427/427/427 415/415/415
f 382/382/382 414/414/414 378/378/378
f 382/382/382 377/377/377 344/344/344
f 382/382/382 343/343/343 334/334/334
f 382/382/382 333/333/333 350/350/350
f 382/382/382 349/349/349 388/388/388
f 382/382/382 387/387/387 421/421/421
f 382/382/382 420/420/420 428/428/428
o Insignia
v -0.333736 2.721724 0.000000
v -0.317997 2.718290 -0.038891
v -0.317997 2.718290 0.038891
v -0.280000 2.710000 -0.055000
v -0.280000 2.710000 0.055000
v -0.242003 2.701710 -0.038891
v -0.242003 2.701710 0.038891
v -0.226264 2.698276 0.000000
v -0.226264 2.698276 0.000000
v -0.197881 2.452937 0.000000
v -0.197881 2.452937 0.000000
v -0.197881 2.452937 0.000000
v -0.183857 2.460863 -0.038891
v -0.183857 2.460863 -0.038891
v -0.183857 2.460863 -0.038891
v -0.183857 2.460863 0.038891
v -0.183857 2.460863 0.038891
v -0.183857 2.460863 0.038891
v -0.150000 2.480000 -0.055000
v -0.150000 2.480000 -0.055000
v -0.150000 2.480000 -0.055000
v -0.150000 2.480000 -0.055000
v -0.150000 2.480000 0.000000
v -0.150000 2.480000 0.055000
v -0.150000 2.480000 0.055000
v -0.150000 2.480000 0.055000
v -0.134379 3.351761 0.000000
v -0.134379 3.351761 0.000000
v -0.134379 3.351761 0.000000
v -0.118452 3.354174 -0.038891
v -0.118452 3.354174 -0.038891
v -0.118452 3.354174 -0.038891
v -0.118452 3.354174 0.038891
v -0.118452 3.354174 0.038891
v -0.118452 3.354174 0.038891
v -0.116143 2.499137 -0.038891
v -0.116143 2.499137 -0.038891
v -0.116143 2.499137 -0.038891
v -0.116143 2.499137 0.038891
v -0.116143 2.499137 0.038891
v -0.116143 2.499137 0.038891
v -0.102119 2.507063 0.000000
v -0.102119 2.507063 0.000000
v -0.102119 2.507063 0.000000
v -0.082568 3.046175 0.000000
v -0.080000 3.360000 -0.055000
v -0.080000 3.360000 -0.055000
v -0.080000 3.360000 -0.055000
v -0.080000 3.360000 0.000000
v -0.080000 3.360000 0.055000
v -0.080000 3.360000 0.055000
v -0.080000 3.360000 0.055000
v -0.067171 3.041437 -0.038891
v -0.067171 3.041437 0.038891
v -0.063736 2.721724 0.000000
v -0.047997 2.718290 -0.038891
v -0.047997 2.718290 0.038891
v -0.041548 3.365826 -0.038891
v -0.041548 3.365826 -0.038891
v -0.041548 3.365826 -0.038891
v -0.041548 3.365826 0.038891
v -0.041548 3.365826 0.038891
v -0.041548 3.365826 0.038891
v -0.030000 3.030000 -0.055000
v -0.030000 3.030000 0.055000
v -0.028000 2.280000 0.000000
v -0.028000 2.280000 0.000000
v -0.028000 2.280000 0.000000
v -0.028000 2.780000 0.000000
v -0.028000 2.780000 0.000000
v -0.028000 2.780000 0.000000
v -0.025621 3.368239 0.000000
v -0.025621 3.368239 0.000000
v -0.025621 3.368239 0.000000
v -0.025621 3.368239 0.000000
v -0.019799 2.280000 -0.019799
v -0.019799 2.280000 -0.019799
v -0.019799 2.280000 -0.019799
v -0.019799 2.280000 0.019799
v -0.019799 2.280000 0.019799
v -0.019799 2.280000 0.019799
v -0.019799 2.780000 -0.019799
v -0.019799 2.780000 -0.019799
v -0.019799 2.780000 -0.019799
v -0.019799 2.780000 0.019799
v -0.019799 2.780000 0.019799
v -0.019799 2.780000 0.019799
v -0.010000 2.710000 -0.055000
v -0.010000 2.710000 0.055000
v 0.000000 2.280000 -0.028000
v 0.000000 2.280000 -0.028000
v 0.000000 2.280000 -0.028000
v 0.000000 2.280000 0.000000
v 0.000000 2.280000 0.028000
v 0.000000 2.280000 0.028000
v 0.000000 2.280000 0.028000
v 0.000000 2.780000 -0.028000
v 0.000000 2.780000 -0.028000
v 0.000000 2.780000 -0.028000
v 0.000000 2.780000 0.000000
v 0.000000 2.780000 0.028000
v 0.000000 2.780000 0.028000
v 0.000000 2.780000 0.028000
v 0.007171 3.018563 -0.038891
v 0.007171 3.018563 0.038891
v 0.019799 2.280000 -0.019799
v 0.019799 2.280000 -0.019799
v 0.019799 2.280000 -0.019799
v 0.019799 2.280000 0.019799
v 0.019799 2.280000 0.019799
v 0.019799 2.280000 0.019799
v 0.019799 2.780000 -0.019799
v 0.019799 2.780000 -0.019799
v 0.019799 2.780000 -0.019799
v 0.019799 2.780000 0.019799
v 0.019799 2.780000 0.019799
v 0.019799 2.780000 0.019799
v 0.022568 3.013825 0.000000
v 0.022568 3.013825 0.000000
v 0.027997 2.701710 -0.038891
v 0.027997 2.701710 0.038891
v 0.028000 2.280000 0.000000
v 0.028000 2.280000 0.000000
v 0.028000 2.280000 0.000000
v 0.028000 2.280000 0.000000
v 0.028000 2.780000 0.000000
v 0.028000 2.780000 0.000000
v 0.028000 2.780000 0.000000
v 0.028000 2.780000 0.000000
v 0.043736 2.698276 0.000000
v 0.043736 2.698276 0.000000
v 0.072119 2.452937 0.000000
v 0.072119 2.452937 0.000000
v 0.072119 2.452937 0.000000
v 0.086143 2.460863 -0.038891
v 0.086143 2.460863 -0.038891
v 0.086143 2.460863 -0.038891
v 0.086143 2.460863 0.038891
v 0.086143 2.460863 0.038891
v 0.086143 2.460863 0.038891
v 0.120000 2.480000 -0.055000
v 0.120000 2.480000 -0.055000
v 0.120000 2.480000 -0.055000
v 0.120000 2.480000 -0.055000
v 0.120000 2.480000 0.000000
v 0.120000 2.480000 0.055000
v 0.120000 2.480000 0.055000
v 0.120000 2.480000 0.055000
v 0.135621 3.351761 0.000000
v 0.135621 3.351761 0.000000
v 0.135621 3.351761 0.000000
v 0.151548 3.354174 -0.038891
v 0.151548 3.354174 -0.038891
v 0.151548 3.354174 -0.038891
v 0.151548 3.354174 0.038891
v 0.151548 3.354174 0.038891
v 0.151548 3.354174 0.038891
v 0.153857 2.499137 -0.038891
v 0.153857 2.499137 -0.038891
v 0.153857 2.499137 -0.038891
v 0.153857 2.499137 0.038891
v 0.153857 2.499137 0.038891
v 0.153857 2.499137 0.038891
v 0.167881 2.507063 0.000000
v 0.167881 2.507063 0.000000
v 0.167881 2.507063 0.000000
v 0.187432 3.046175 0.000000
v 0.190000 3.360000 -0.055000
v 0.190000 3.360000 -0.055000
v 0.190000 3.360000 -0.055000
v 0.190000 3.360000 0.000000
v 0.190000 3.360000 0.055000
v 0.190000 3.360000 0.055000
v 0.190000 3.360000 0.055000
v 0.202829 3.041437 -0.038891
v 0.202829 3.041437 0.038891
v 0.228452 3.365826 -0.038891
v 0.228452 3.365826 -0.038891
v 0.228452 3.365826 -0.038891
v 0.228452 3.365826 0.038891
v 0.228452 3.365826 0.038891
v 0.228452 3.365826 0.038891
v 0.240000 3.030000 -0.055000
v 0.240000 3.030000 0.055000
v 0.244379 3.368239 0.000000
v 0.244379 3.368239 0.000000
v 0.244379 3.368239 0.000000
v 0.244379 3.368239 0.000000
v 0.277171 3.018563 -0.038891
v 0.277171 3.018563 0.038891
v 0.292568 3.013825 0.000000
v 0.292568 3.013825 0.000000
vt 0.500000 0.200000
vt 0.375000 0.200000
vt 0.625000 0.200000
vt 0.250000 0.200000
vt 0.750000 0.200000
vt 0.125000 0.200000
vt 0.875000 0.200000
vt 0.000000 0.200000
vt 1.000000 0.200000
vt 0.250000 0.000000
vt 0.000000 0.000000
vt 1.000000 0.000000
vt 0.125000 0.000000
vt 0.000000 0.000000
vt 1.000000 0.000000
vt 0.375000 0.000000
vt 0.000000 0.000000
vt 1.000000 0.000000
vt 0.000000 0.000000
vt 1.000000 0.000000
vt 0.000000 0.000000
vt 1.000000 0.000000
vt 0.500000 0.500000
vt 0.500000 0.000000
vt 0.000000 0.000000
vt 1.000000 0.000000
vt 0.500000 0.600000
vt 0.000000 0.000000
vt 1.000000 0.000000
vt 0.375000 0.600000
vt 0.000000 0.000000
vt 1.000000 0.000000
vt 0.625000 0.600000
vt 0.000000 0.000000
vt 1.000000 0.000000
vt 0.000000 0.000000
vt 1.000000 0.000000
vt 0.875000 0.000000
vt 0.000000 0.000000
vt 1.000000 0.000000
vt 0.625000 0.000000
vt 0.000000 0.000000
vt 1.000000 0.000000
vt 0.750000 0.000000
vt 0.500000 0.400000
vt 0.000000 0.000000
vt 1.000000 0.000000
vt 0.250000 0.600000
vt 0.500000 0.500000
vt 0.000000 0.000000
vt 1.000000 0.000000
vt 0.750000 0.600000
vt 0.375000 0.400000
vt 0.625000 0.400000
vt 0.500000 0.200000
vt 0.375000 0.200000
vt 0.625000 0.200000
vt 0.000000 0.000000
vt 1.000000 0.000000
vt 0.125000 0.600000
vt 0.000000 0.000000
vt 1.000000 0.000000
vt 0.875000 0.600000
vt 0.250000 0.400000
vt 0.750000 0.400000
vt 0.500000 0.000000
vt 0.000000 0.000000
vt 1.000000 0.000000
vt 0.500000 0.200000
vt 0.000000 0.000000
vt 1.000000 0.000000
vt 0.000000 0.000000
vt 1.000000 0.000000
vt 0.000000 0.600000
vt 1.000000 0.600000
vt 0.375000 0.000000
vt 0.000000 0.000000
vt 1.000000 0.000000
vt 0.625000 0.000000
vt 0.000000 0.000000
vt 1.000000 0.000000
vt 0.375000 0.200000
vt 0.000000 0.000000
vt 1.000000 0.000000
vt 0.625000 0.200000
vt 0.000000 0.000000
vt 1.000000 0.000000
vt 0.250000 0.200000
vt 0.750000 0.200000
vt 0.000000 0.000000
vt 1.000000 0.000000
vt 0.250000 0.000000
vt 0.500000 0.500000
vt 0.000000 0.000000
vt 1.000000 0.000000
vt 0.750000 0.000000
vt 0.250000 0.200000
vt 0.000000 0.000000
vt 1.000000 0.000000
vt 0.500000 0.500000
vt 0.750000 0.200000
vt 0.000000 0.000000
vt 1.000000 0.000000
vt 0.125000 0.400000
vt 0.875000 0.400000
vt 0.000000 0.000000
vt 1.000000 0.000000
vt 0.125000 0.000000
vt 0.000000 0.000000
vt 1.000000 0.000000
vt 0.875000 0.000000
vt 0.000000 0.000000
vt 1.000000 0.000000
vt 0.125000 0.200000
vt 0.000000 0.000000
vt 1.000000 0.000000
vt 0.875000 0.200000
vt 0.000000 0.400000
vt 1.000000 0.400000
vt 0.125000 0.200000
vt 0.875000 0.200000
vt 0.000000 0.000000
vt 1.000000 0.000000
vt 0.000000 0.000000
vt 1.000000 0.000000
vt 0.000000 0.000000
vt 1.000000 0.000000
vt 0.000000 0.200000
vt 1.000000 0.200000
vt 0.000000 0.200000
vt 1.000000 0.200000
vt 0.250000 0.000000
vt 0.000000 0.000000
vt 1.000000 0.000000
vt 0.125000 0.000000
vt 0.000000 0.000000
vt 1.000000 0.000000
vt 0.375000 0.000000
vt 0.000000 0.000000
vt 1.000000 0.000000
vt 0.000000 0.000000
vt 1.000000 0.000000
vt 0.000000 0.000000
vt 1.000000 0.000000
vt 0.500000 0.500000
vt 0.500000 0.000000
vt 0.000000 0.000000
vt 1.000000 0.000000
vt 0.500000 0.600000
vt 0.000000 0.000000
vt 1.000000 0.000000
vt 0.375000 0.600000
vt 0.000000 0.000000
vt 1.000000 0.000000
vt 0.625000 0.600000
vt 0.000000 0.000000
vt 1.000000 0.000000
vt 0.000000 0.000000
vt 1.000000 0.000000
vt 0.875000 0.000000
vt 0.000000 0.000000
vt 1.000000 0.000000
vt 0.625000 0.000000
vt 0.000000 0.000000
vt 1.000000 0.000000
vt 0.750000 0.000000
vt 0.500000 0.400000
vt 0.000000 0.000000
vt 1.000000 0.000000
vt 0.250000 0.600000
vt 0.500000 0.500000
vt 0.000000 0.000000
vt 1.000000 0.000000
vt 0.750000 0.600000
vt 0.375000 0.400000
vt 0.625000 0.400000
vt 0.000000 0.000000
vt 1.000000 0.000000
vt 0.125000 0.600000
vt 0.000000 0.000000
vt 1.000000 0.000000
vt 0.875000 0.600000
vt 0.250000 0.400000
vt 0.750000 0.400000
vt 0.000000 0.000000
vt 1.000000 0.000000
vt 0.000000 0.600000
vt 1.000000 0.600000
vt 0.125000 0.400000
vt 0.875000 0.400000
vt 0.000000 0.400000
vt 1.000000 0.400000
vn -0.977016 0.213167 0.000000
vn -0.690854 0.150732 -0.707107
vn -0.690854 0.150732 0.707107
vn 0.000000 0.000000 -1.000000
vn 0.000000 0.000000 1.000000
vn 0.690854 -0.150732 -0.707107
vn 0.690854 -0.150732 0.707107
vn 0.977016 -0.213167 0.000000
vn 0.977016 -0.213167 0.000000
vn -0.870563 -0.492057 0.000000
vn 0.492057 -0.870563 0.000000
vn 0.492057 -0.870563 0.000000
vn -0.615581 -0.347937 -0.707107
vn 0.492057 -0.870563 0.000000
vn 0.492057 -0.870563 0.000000
vn -0.615581 -0.347937 0.707107
vn 0.492057 -0.870563 0.000000
vn 0.492057 -0.870563 0.000000
vn 0.000000 0.000000 -1.000000
vn 0.000000 0.000000 -1.000000
vn 0.492057 -0.870563 0.000000
vn 0.492057 -0.870563 0.000000
vn 0.492057 -0.870563 0.000000
vn 0.000000 0.000000 1.000000
vn 0.492057 -0.870563 0.000000
vn 0.492057 -0.870563 0.000000
vn -0.988716 -0.149805 0.000000
vn -0.149805 0.988716 0.000000
vn -0.149805 0.988716 0.000000
vn -0.699127 -0.105928 -0.707107
vn -0.149805 0.988716 0.000000
vn -0.149805 0.988716 0.000000
vn -0.699127 -0.105928 0.707107
vn -0.149805 0.988716 0.000000
vn -0.149805 0.988716 0.000000
vn 0.492057 -0.870563 0.000000
vn 0.492057 -0.870563 0.000000
vn 0.615581 0.347937 -0.707107
vn 0.492057 -0.870563 0.000000
vn 0.492057 -0.870563 0.000000
vn 0.615581 0.347937 0.707107
vn 0.492057 -0.870563 0.000000
vn 0.492057 -0.870563 0.000000
vn 0.870563 0.492057 0.000000
vn -0.955779 0.294086 0.000000
vn -0.149805 0.988716 0.000000
vn -0.149805 0.988716 0.000000
vn 0.000000 0.000000 -1.000000
vn -0.149805 0.988716 0.000000
vn -0.149805 0.988716 0.000000
vn -0.149805 0.988716 0.000000
vn 0.000000 0.000000 1.000000
vn -0.675838 0.207950 -0.707107
vn -0.675838 0.207950 0.707107
vn -0.977016 0.213167 0.000000
vn -0.690854 0.150732 -0.707107
vn -0.690854 0.150732 0.707107
vn -0.149805 0.988716 0.000000
vn -0.149805 0.988716 0.000000
vn 0.699127 0.105928 -0.707107
vn -0.149805 0.988716 0.000000
vn -0.149805 0.988716 0.000000
vn 0.699127 0.105928 0.707107
vn 0.000000 0.000000 -1.000000
vn 0.000000 0.000000 1.000000
vn -1.000000 0.000000 0.000000
vn 0.000000 -1.000000 0.000000
vn 0.000000 -1.000000 0.000000
vn -1.000000 0.000000 0.000000
vn 0.000000 1.000000 0.000000
vn 0.000000 1.000000 0.000000
vn -0.149805 0.988716 0.000000
vn -0.149805 0.988716 0.000000
vn 0.988716 0.149805 0.000000
vn 0.988716 0.149805 0.000000
vn -0.707107 0.000000 -0.707107
vn 0.000000 -1.000000 0.000000
vn 0.000000 -1.000000 0.000000
vn -0.707107 0.000000 0.707107
vn 0.000000 -1.000000 0.000000
vn 0.000000 -1.000000 0.000000
vn -0.707107 0.000000 -0.707107
vn 0.000000 1.000000 0.000000
vn 0.000000 1.000000 0.000000
vn -0.707107 0.000000 0.707107
vn 0.000000 1.000000 0.000000
vn 0.000000 1.000000 0.000000
vn 0.000000 0.000000 -1.000000
vn 0.000000 0.000000 1.000000
vn 0.000000 -1.000000 0.000000
vn 0.000000 -1.000000 0.000000
vn 0.000000 0.000000 -1.000000
vn 0.000000 -1.000000 0.000000
vn 0.000000 -1.000000 0.000000
vn 0.000000 -1.000000 0.000000
vn 0.000000 0.000000 1.000000
vn 0.000000 0.000000 -1.000000
vn 0.000000 1.000000 0.000000
vn 0.000000 1.000000 0.000000
vn 0.000000 1.000000 0.000000
vn 0.000000 0.000000 1.000000
vn 0.000000 1.000000 0.000000
vn 0.000000 1.000000 0.000000
vn 0.675838 -0.207950 -0.707107
vn 0.675838 -0.207950 0.707107
vn 0.000000 -1.000000 0.000000
vn 0.000000 -1.000000 0.000000
vn 0.707107 0.000000 -0.707107
vn 0.000000 -1.000000 0.000000
vn 0.000000 -1.000000 0.000000
vn 0.707107 0.000000 0.707107
vn 0.000000 1.000000 0.000000
vn 0.000000 1.000000 0.000000
vn 0.707107 0.000000 -0.707107
vn 0.000000 1.000000 0.000000
vn 0.000000 1.000000 0.000000
vn 0.707107 0.000000 0.707107
vn 0.955779 -0.294086 0.000000
vn 0.955779 -0.294086 0.000000
vn 0.690854 -0.150732 -0.707107
vn 0.690854 -0.150732 0.707107
vn 0.000000 -1.000000 0.000000
vn 0.000000 -1.000000 0.000000
vn 1.000000 0.000000 0.000000
vn 1.000000 0.000000 0.000000
vn 0.000000 1.000000 0.000000
vn 0.000000 1.000000 0.000000
vn 1.000000 0.000000 0.000000
vn 1.000000 0.000000 0.000000
vn 0.977016 -0.213167 0.000000
vn 0.977016 -0.213167 0.000000
vn -0.870563 -0.492057 0.000000
vn 0.492057 -0.870563 0.000000
vn 0.492057 -0.870563 0.000000
vn -0.615581 -0.347937 -0.707107
vn 0.492057 -0.870563 0.000000
vn 0.492057 -0.870563 0.000000
vn -0.615581 -0.347937 0.707107
vn 0.492057 -0.870563 0.000000
vn 0.492057 -0.870563 0.000000
vn 0.000000 0.000000 -1.000000
vn 0.000000 0.000000 -1.000000
vn 0.492057 -0.870563 0.000000
vn 0.492057 -0.870563 0.000000
vn 0.492057 -0.870563 0.000000
vn 0.000000 0.000000 1.000000
vn 0.492057 -0.870563 0.000000
vn 0.492057 -0.870563 0.000000
vn -0.988716 -0.149805 0.000000
vn -0.149805 0.988716 0.000000
vn -0.149805 0.988716 0.000000
vn -0.699127 -0.105928 -0.707107
vn -0.149805 0.988716 0.000000
vn -0.149805 0.988716 0.000000
vn -0.699127 -0.105928 0.707107
vn -0.149805 0.988716 0.000000
vn -0.149805 0.988716 0.000000
vn 0.492057 -0.870563 0.000000
vn 0.492057 -0.870563 0.000000
vn 0.615581 0.347937 -0.707107
vn 0.492057 -0.870563 0.000000
vn 0.492057 -0.870563 0.000000
vn 0.615581 0.347937 0.707107
vn 0.492057 -0.870563 0.000000
vn 0.492057 -0.870563 0.000000
vn 0.870563 0.492057 0.000000
vn -0.955779 0.294086 0.000000
vn -0.149805 0.988716 0.000000
vn -0.149805 0.988716 0.000000
vn 0.000000 0.000000 -1.000000
vn -0.149805 0.988716 0.000000
vn -0.149805 0.988716 0.000000
vn -0.149805 0.988716 0.000000
vn 0.000000 0.000000 1.000000
vn -0.675838 0.207950 -0.707107
vn -0.675838 0.207950 0.707107
vn -0.149805 0.988716 0.000000
vn -0.149805 0.988716 0.000000
vn 0.699127 0.105928 -0.707107
vn -0.149805 0.988716 0.000000
vn -0.149805 0.988716 0.000000
vn 0.699127 0.105928 0.707107
vn 0.000000 0.000000 -1.000000
vn 0.000000 0.000000 1.000000
vn -0.149805 0.988716 0.000000
vn -0.149805 0.988716 0.000000
vn 0.988716 0.149805 0.000000
vn 0.988716 0.149805 0.000000
vn 0.675838 -0.207950 -0.707107
vn 0.675838 -0.207950 0.707107
vn 0.955779 -0.294086 0.000000
vn 0.955779 -0.294086 0.000000
usemtl Trim
s 1
f 1040/1040/1040 1024/1024/1024 1030/1030/1030
f 1040/1040/1040 1030/1030/1030 1044/1044/1044
f 1024/1024/1024 1008/1008/1008 1013/1013/1013
f 1024/1024/1024 1013/1013/1013 1030/1030/1030
f 1008/1008/1008 992/992/992 998/998/998
f 1008/1008/1008 998/998/998 1013/1013/1013
f 992/992/992 982/982/982 985/985/985
f 992/992/992 985/985/985 998/998/998
f 982/982/982 995/995/995 1001/1001/1001
f 982/982/982 1001/1001/1001 985/985/985
f 995/995/995 1012/1012/1012 1017/1017/1017
f 995/995/995 1017/1017/1017 1001/1001/1001
f 1012/1012/1012 1027/1027/1027 1033/1033/1033
f 1012/1012/1012 1033/1033/1033 1017/1017/1017
f 1027/1027/1027 1041/1041/1041 1045/1045/1045
f 1027/1027/1027 1045/1045/1045 1033/1033/1033
f 1009/1009/1009 1023/1023/1023 1038/1038/1038
f 1009/1009/1009 1007/1007/1007 1022/1022/1022
f 1009/1009/1009 994/994/994 1006/1006/1006
f 1009/1009/1009 984/984/984 993/993/993
f 1009/1009/1009 997/997/997 983/983/983
f 1009/1009/1009 1011/1011/1011 996/996/996
f 1009/1009/1009 1026/1026/1026 1010/1010/1010
f 1009/1009/1009 1039/1039/1039 1025/1025/1025
f 1016/1016/1016 1042/1042/1042 1029/1029/1029
f 1016/1016/1016 1028/1028/1028 1015/1015/1015
f 1016/1016/1016 1014/1014/1014 1000/1000/1000
f 1016/1016/1016 999/999/999 987/987/987
f 1016/1016/1016 986/986/986 1003/1003/1003
f 1016/1016/1016 1002/1002/1002 1019/1019/1019
f 1016/1016/1016 1018/1018/1018 1032/1032/1032
f 1016/1016/1016 1031/1031/1031 1043/1043/1043
f 935/935/935 929/929/929 922/922/922
f 935/935/935 922/922/922 924/924/924
f 929/929/929 926/926/926 920/920/920
f 929/929/929 920/920/920 922/922/922
f 926/926/926 932/932/932 918/918/918
f 926/926/926 918/918/918 920/920/920
f 932/932/932 940/940/940 917/917/917
f 932/932/932 917/917/917 918/918/918
f 940/940/940 957/957/957 919/919/919
f 940/940/940 919/919/919 917/917/917
f 957/957/957 960/960/960 921/921/921
f 957/957/957 921/921/921 919/919/919
f 960/960/960 954/954/954 923/923/923
f 960/960/960 923/923/923 921/921/921
f 954/954/954 936/936/936 925/925/925
f 954/954/954 925/925/925 923/923/923
f 924/924/924 922/922/922 1020/1020/1020
f 924/924/924 1020/1020/1020 1034/1034/1034
f 922/922/922 920/920/920 980/980/980
f 922/922/922 980/980/980 1020/1020/1020
f 920/920/920 918/918/918 969/969/969
f 920/920/920 969/969/969 980/980/980
f 918/918/918 917/917/917 961/961/961
f 918/918/918 961/961/961 969/969/969
f 917/917/917 919/919/919 970/970/970
f 917/917/917 970/970/970 961/961/961
f 919/919/919 921/921/921 981/981/981
f 919/919/919 981/981/981 970/970/970
f 921/921/921 923/923/923 1021/1021/1021
f 921/921/921 1021/1021/1021 981/981/981
f 923/923/923 925/925/925 1035/1035/1035
f 923/923/923 1035/1035/1035 1021/1021/1021
f 1034/1034/1034 1020/1020/1020 976/976/976
f 1034/1034/1034 976/976/976 990/990/990
f 1020/1020/1020 980/980/980 964/964/964
f 1020/1020/1020 964/964/964 976/976/976
f 980/980/980 969/969/969 946/946/946
f 980/980/980 946/946/946 964/964/964
f 969/969/969 961/961/961 943/943/943
f 969/969/969 943/943/943 946/946/946
f 961/961/961 970/970/970 949/949/949
f 961/961/961 949/949/949 943/943/943
f 970/970/970 981/981/981 968/968/968
f 970/970/970 968/968/968 949/949/949
f 981/981/981 1021/1021/1021 979/979/979
f 981/981/981 979/979/979 968/968/968
f 1021/1021/1021 1035/1035/1035 991/991/991
f 1021/1021/1021 991/991/991 979/979/979
f 939/939/939 931/931/931 937/937/937
f 939/939/939 928/928/928 930/930/930
f 939/939/939 934/934/934 927/927/927
f 939/939/939 942/942/942 933/933/933
f 939/939/939 956/956/956 941/941/941
f 939/939/939 959/959/959 955/955/955
f 939/939/939 953/953/953 958/958/958
f 939/939/939 938/938/938 952/952/952
f 965/965/965 988/988/988 975/975/975
f 965/965/965 974/974/974 963/963/963
f 965/965/965 962/962/962 948/948/948
f 965/965/965 947/947/947 945/945/945
f 965/965/965 944/944/944 951/951/951
f 965/965/965 950/950/950 967/967/967
f 965/965/965 966/966/966 978/978/978
f 965/965/965 977/977/977 989/989/989
f 1057/1057/1057 1051/1051/1051 1036/1036/1036
f 1057/1057/1057 1036/1036/1036 1046/1046/1046
f 1051/1051/1051 1048/1048/1048 1004/1004/1004
f 1051/1051/1051 1004/1004/1004 1036/1036/1036
f 1048/1048/1048 1054/1054/1054 972/972/972
f 1048/1048/1048 972/972/972 1004/1004/1004
f 1054/1054/1054 1062/1062/1062 971/971/971
f 1054/1054/1054 971/971/971 972/972/972
f 1062/1062/1062 1079/1079/1079 973/973/973
f 1062/1062/1062 973/973/973 971/971/971
f 1079/1079/1079 1082/1082/1082 1005/1005/1005
f 1079/1079/1079 1005/1005/1005 973/973/973
f 1082/1082/1082 1076/1076/1076 1037/1037/1037
f 1082/1082/1082 1037/1037/1037 1005/1005/1005
f 1076/1076/1076 1058/1058/1058 1047/1047/1047
f 1076/1076/1076 1047/1047/1047 1037/1037/1037
f 1046/1046/1046 1036/1036/1036 1105/1105/1105
f 1046/1046/1046 1105/1105/1105 1107/1107/1107
f 1036/1036/1036 1004/1004/1004 1099/1099/1099
f 1036/1036/1036 1099/1099/1099 1105/1105/1105
f 1004/1004/1004 972/972/972 1091/1091/1091
f 1004/1004/1004 1091/1091/1091 1099/1099/1099
f 972/972/972 971/971/971 1083/1083/1083
f 972/972/972 1083/1083/1083 1091/1091/1091
f 971/971/971 973/973/973 1092/1092/1092
f 971/971/971 1092/1092/1092 1083/1083/1083
f 973/973/973 1005/1005/1005 1100/1100/1100
f 973/973/973 1100/1100/1100 1092/1092/1092
f 1005/1005/1005 1037/1037/1037 1106/1106/1106
f 1005/1005/1005 1106/1106/1106 1100/1100/1100
f 1037/1037/1037 1047/1047/1047 1108/1108/1108
f 1037/1037/1037 1108/1108/1108 1106/1106/1106
f 1107/1107/1107 1105/1105/1105 1095/1095/1095
f 1107/1107/1107 1095/1095/1095 1103/1103/1103
f 1105/1105/1105 1099/1099/1099 1086/1086/1086
f 1105/1105/1105 1086/1086/1086 1095/1095/1095
f 1099/1099/1099 1091/1091/1091 1068/1068/1068
f 1099/1099/1099 1068/1068/1068 1086/1086/1086
f 1091/1091/1091 1083/1083/1083 1065/1065/1065
f 1091/1091/1091 1065/1065/1065 1068/1068/1068
f 1083/1083/1083 1092/1092/1092 1071/1071/1071
f 1083/1083/1083 1071/1071/1071 1065/1065/1065
f 1092/1092/1092 1100/1100/1100 1090/1090/1090
f 1092/1092/1092 1090/1090/1090 1071/1071/1071
f 1100/1100/1100 1106/1106/1106 1098/1098/1098
f 1100/1100/1100 1098/1098/1098 1090/1090/1090
f 1106/1106/1106 1108/1108/1108 1104/1104/1104
f 1106/1106/1106 1104/1104/1104 1098/1098/1098
f 1061/1061/1061 1053/1053/1053 1059/1059/1059
f 1061/1061/1061 1050/1050/1050 1052/1052/1052
f 1061/1061/1061 1056/1056/1056 1049/1049/1049
f 1061/1061/1061 1064/1064/1064 1055/1055/1055
f 1061/1061/1061 1078/1078/1078 1063/1063/1063
f 1061/1061/1061 1081/1081/1081 1077/1077/1077
f 1061/1061/1061 1075/1075/1075 1080/1080/1080
f 1061/1061/1061 1060/1060/1060 1074/1074/1074
f 1087/1087/1087 1101/1101/1101 1094/1094/1094
f 1087/1087/1087 1093/1093/1093 1085/1085/1085
f 1087/1087/1087 1084/1084/1084 1070/1070/1070
f 1087/1087/1087 1069/1069/1069 1067/1067/1067
f 1087/1087/1087 1066/1066/1066 1073/1073/1073
f 1087/1087/1087 1072/1072/1072 1089/1089/1089
f 1087/1087/1087 1088/1088/1088 1097/1097/1097
f 1087/1087/1087 1096/1096/1096 1102/1102/1102
