# Y up, metres; named parts; full animation hierarchy is in the Unity prefab
mtllib Materials.mtl
o Asiento_y_respaldo_curvos
v -1.255018 0.830000 -1.433142
v -1.255018 0.830000 -1.433142
v -1.255018 0.830000 -1.433142
v -1.255018 1.020000 -1.433142
v -1.255018 1.020000 -1.433142
v -1.255018 1.020000 -1.433142
v -1.252831 0.460000 -1.428431
v -1.252831 0.460000 -1.428431
v -1.252831 0.460000 -1.428431
v -1.252831 0.460000 -1.428431
v -1.242789 0.784038 -1.418550
v -1.242789 0.784038 -1.418550
v -1.242789 0.784038 -1.418550
v -1.242789 0.875962 -1.418550
v -1.242789 0.875962 -1.418550
v -1.242789 0.875962 -1.418550
v -1.242789 0.974038 -1.418550
v -1.242789 0.974038 -1.418550
v -1.242789 0.974038 -1.418550
v -1.242789 1.065962 -1.418550
v -1.242789 1.065962 -1.418550
v -1.242789 1.065962 -1.418550
v -1.213268 0.420000 -1.383323
v -1.213268 0.420000 -1.383323
v -1.213268 0.420000 -1.383323
v -1.213268 0.540000 -1.383323
v -1.213268 0.540000 -1.383323
v -1.213268 0.540000 -1.383323
v -1.213268 0.540000 -1.383323
v -1.213268 0.765000 -1.383323
v -1.213268 0.765000 -1.383323
v -1.213268 0.765000 -1.383323
v -1.213268 0.830000 -1.383323
v -1.213268 0.895000 -1.383323
v -1.213268 0.895000 -1.383323
v -1.213268 0.895000 -1.383323
v -1.213268 0.955000 -1.383323
v -1.213268 0.955000 -1.383323
v -1.213268 0.955000 -1.383323
v -1.213268 1.020000 -1.383323
v -1.213268 1.085000 -1.383323
v -1.213268 1.085000 -1.383323
v -1.213268 1.085000 -1.383323
v -1.201947 1.098286 -1.430734
v -1.201947 1.098286 -1.430734
v -1.201947 1.098286 -1.430734
v -1.190429 0.830000 -1.487247
v -1.190429 1.020000 -1.487247
v -1.188833 1.100284 -1.398949
v -1.188833 1.100284 -1.398949
v -1.188833 1.100284 -1.398949
v -1.188719 1.097293 -1.462518
v -1.188719 1.097293 -1.462518
v -1.188719 1.097293 -1.462518
v -1.187305 0.460000 -1.483343
v -1.187305 0.460000 -1.483343
v -1.184297 0.500000 -1.351520
v -1.184297 0.500000 -1.351520
v -1.184297 0.500000 -1.351520
v -1.183746 0.784038 -1.348095
v -1.183746 0.784038 -1.348095
v -1.183746 0.784038 -1.348095
v -1.183746 0.875962 -1.348095
v -1.183746 0.875962 -1.348095
v -1.183746 0.875962 -1.348095
v -1.183746 0.974038 -1.348095
v -1.183746 0.974038 -1.348095
v -1.183746 0.974038 -1.348095
v -1.183746 1.065962 -1.348095
v -1.183746 1.065962 -1.348095
v -1.183746 1.065962 -1.348095
v -1.179264 0.480908 -1.345421
v -1.179264 0.480908 -1.345421
v -1.179264 0.480908 -1.345421
v -1.179264 0.519092 -1.345421
v -1.179264 0.519092 -1.345421
v -1.179264 0.519092 -1.345421
v -1.178533 0.784038 -1.472384
v -1.178533 0.875962 -1.472384
v -1.178533 0.974038 -1.472384
v -1.178533 1.065962 -1.472384
v -1.176795 0.438286 -1.399631
v -1.176795 0.438286 -1.399631
v -1.176795 0.438286 -1.399631
v -1.171518 0.830000 -1.333503
v -1.171518 0.830000 -1.333503
v -1.171518 0.830000 -1.333503
v -1.171518 0.830000 -1.333503
v -1.171518 1.020000 -1.333503
v -1.171518 1.020000 -1.333503
v -1.171518 1.020000 -1.333503
v -1.171518 1.020000 -1.333503
v -1.167111 0.473000 -1.330696
v -1.167111 0.473000 -1.330696
v -1.167111 0.473000 -1.330696
v -1.167111 0.500000 -1.330696
v -1.167111 0.527000 -1.330696
v -1.167111 0.527000 -1.330696
v -1.167111 0.527000 -1.330696
v -1.163681 0.440284 -1.367846
v -1.163681 0.440284 -1.367846
v -1.163681 0.440284 -1.367846
v -1.163567 0.437293 -1.431415
v -1.163567 0.437293 -1.431415
v -1.163567 0.437293 -1.431415
v -1.157060 1.102115 -1.385784
v -1.157060 1.102115 -1.385784
v -1.157060 1.102115 -1.385784
v -1.156979 1.100000 -1.430734
v -1.156899 1.097885 -1.475684
v -1.156899 1.097885 -1.475684
v -1.156899 1.097885 -1.475684
v -1.154958 0.480908 -1.315972
v -1.154958 0.480908 -1.315972
v -1.154958 0.480908 -1.315972
v -1.154958 0.519092 -1.315972
v -1.154958 0.519092 -1.315972
v -1.154958 0.519092 -1.315972
v -1.149924 0.500000 -1.309872
v -1.149924 0.500000 -1.309872
v -1.149924 0.500000 -1.309872
v -1.149924 0.500000 -1.309872
v -1.149811 0.420000 -1.436501
v -1.149811 0.540000 -1.436501
v -1.149811 0.540000 -1.436501
v -1.149811 0.765000 -1.436501
v -1.149811 0.895000 -1.436501
v -1.149811 0.955000 -1.436501
v -1.149811 1.085000 -1.436501
v -1.131908 0.442115 -1.354681
v -1.131908 0.442115 -1.354681
v -1.131908 0.442115 -1.354681
v -1.131827 0.440000 -1.399631
v -1.131747 0.437885 -1.444581
v -1.131747 0.437885 -1.444581
v -1.131747 0.437885 -1.444581
v -1.125239 1.102707 -1.398949
v -1.125239 1.102707 -1.398949
v -1.125239 1.102707 -1.398949
v -1.125125 1.099716 -1.462518
v -1.125125 1.099716 -1.462518
v -1.125125 1.099716 -1.462518
v -1.122321 0.830000 -1.539292
v -1.122321 1.020000 -1.539292
v -1.121090 0.784038 -1.400618
v -1.121090 0.875962 -1.400618
v -1.121090 0.974038 -1.400618
v -1.121090 1.065962 -1.400618
v -1.119375 0.460000 -1.535252
v -1.119375 0.460000 -1.535252
v -1.112012 1.101714 -1.430734
v -1.112012 1.101714 -1.430734
v -1.112012 1.101714 -1.430734
v -1.112012 1.101714 -1.430734
v -1.111105 0.784038 -1.523909
v -1.111105 0.875962 -1.523909
v -1.111105 0.974038 -1.523909
v -1.111105 1.065962 -1.523909
v -1.109193 0.830000 -1.385755
v -1.109193 0.830000 -1.385755
v -1.109193 1.020000 -1.385755
v -1.109193 1.020000 -1.385755
v -1.101771 0.500000 -1.419616
v -1.100088 0.442707 -1.367846
v -1.100088 0.442707 -1.367846
v -1.100088 0.442707 -1.367846
v -1.099974 0.439716 -1.431415
v -1.099974 0.439716 -1.431415
v -1.099974 0.439716 -1.431415
v -1.096922 0.480908 -1.413369
v -1.096922 0.519092 -1.413369
v -1.086860 0.441714 -1.399631
v -1.086860 0.441714 -1.399631
v -1.086860 0.441714 -1.399631
v -1.086860 0.441714 -1.399631
v -1.085217 0.473000 -1.398286
v -1.085217 0.527000 -1.398286
v -1.084026 0.420000 -1.486771
v -1.084026 0.540000 -1.486771
v -1.084026 0.540000 -1.486771
v -1.084026 0.765000 -1.486771
v -1.084026 0.895000 -1.486771
v -1.084026 0.955000 -1.486771
v -1.084026 1.085000 -1.486771
v -1.078753 0.476000 -1.229954
v -1.073511 0.480908 -1.383204
v -1.073511 0.519092 -1.383204
v -1.068663 0.500000 -1.376956
v -1.068663 0.500000 -1.376956
v -1.056948 0.784038 -1.449632
v -1.056948 0.875962 -1.449632
v -1.056948 0.974038 -1.449632
v -1.056948 1.065962 -1.449632
v -1.051940 0.830000 -1.588222
v -1.051940 1.020000 -1.588222
v -1.049179 0.460000 -1.584053
v -1.049179 0.460000 -1.584053
v -1.045732 0.830000 -1.434249
v -1.045732 0.830000 -1.434249
v -1.045732 1.020000 -1.434249
v -1.045732 1.020000 -1.434249
v -1.041427 0.784038 -1.572349
v -1.041427 0.875962 -1.572349
v -1.041427 0.974038 -1.572349
v -1.041427 1.065962 -1.572349
v -1.016047 0.420000 -1.534030
v -1.016047 0.540000 -1.534030
v -1.016047 0.540000 -1.534030
v -1.016047 0.765000 -1.534030
v -1.016047 0.895000 -1.534030
v -1.016047 0.955000 -1.534030
v -1.016047 1.085000 -1.534030
v -1.014663 0.500000 -1.483128
v -1.010197 0.480908 -1.476601
v -1.010197 0.519092 -1.476601
v -0.999417 0.473000 -1.460844
v -0.999417 0.527000 -1.460844
v -0.995392 0.100000 -1.329938
v -0.990667 0.784038 -1.495711
v -0.990667 0.875962 -1.495711
v -0.990667 0.974038 -1.495711
v -0.990667 1.065962 -1.495711
v -0.988637 0.480908 -1.445087
v -0.988637 0.519092 -1.445087
v -0.986582 0.100000 -1.385561
v -0.986582 0.100000 -1.274315
v -0.984172 0.500000 -1.438560
v -0.984172 0.500000 -1.438560
v -0.980154 0.830000 -1.479839
v -0.980154 0.830000 -1.479839
v -0.980154 1.020000 -1.479839
v -0.980154 1.020000 -1.479839
v -0.979429 0.830000 -1.633935
v -0.979429 1.020000 -1.633935
v -0.976858 0.460000 -1.629646
v -0.976858 0.460000 -1.629646
v -0.969641 0.784038 -1.617606
v -0.969641 0.875962 -1.617606
v -0.969641 0.974038 -1.617606
v -0.969641 1.065962 -1.617606
v -0.965392 0.000000 -1.329938
v -0.965392 0.000000 -1.329938
v -0.961015 0.100000 -1.435740
v -0.961015 0.100000 -1.224137
v -0.958051 0.000000 -1.376291
v -0.958051 0.000000 -1.376291
v -0.958051 0.000000 -1.283586
v -0.958051 0.000000 -1.283586
v -0.946010 0.420000 -1.578184
v -0.946010 0.540000 -1.578184
v -0.946010 0.540000 -1.578184
v -0.946010 0.765000 -1.578184
v -0.946010 0.895000 -1.578184
v -0.946010 0.955000 -1.578184
v -0.946010 1.085000 -1.578184
v -0.936745 0.000000 -1.418106
v -0.936745 0.000000 -1.418106
v -0.936745 0.000000 -1.241770
v -0.936745 0.000000 -1.241770
v -0.935392 0.460000 -1.329938
v -0.935392 0.460000 -1.329938
v -0.929519 0.460000 -1.367020
v -0.929519 0.460000 -1.367020
v -0.929519 0.460000 -1.292856
v -0.929519 0.460000 -1.292856
v -0.923902 0.500000 -1.541303
v -0.922380 0.784038 -1.538762
v -0.922380 0.875962 -1.538762
v -0.922380 0.974038 -1.538762
v -0.922380 1.065962 -1.538762
v -0.921193 0.100000 -1.475561
v -0.921193 0.100000 -1.184315
v -0.919837 0.480908 -1.534520
v -0.919837 0.519092 -1.534520
v -0.912591 0.830000 -1.522433
v -0.912591 0.830000 -1.522433
v -0.912591 1.020000 -1.522433
v -0.912591 1.020000 -1.522433
v -0.912474 0.460000 -1.400472
v -0.912474 0.460000 -1.400472
v -0.912474 0.460000 -1.259404
v -0.912474 0.460000 -1.259404
v -0.910021 0.473000 -1.518144
v -0.910021 0.527000 -1.518144
v -0.904935 0.830000 -1.676340
v -0.904935 1.020000 -1.676340
v -0.903560 0.000000 -1.451291
v -0.903560 0.000000 -1.451291
v -0.903560 0.000000 -1.208586
v -0.903560 0.000000 -1.208586
v -0.902560 0.460000 -1.671941
v -0.902560 0.460000 -1.671941
v -0.900762 0.500000 -1.028243
v -0.900762 0.500000 -1.028243
v -0.900762 0.500000 -1.028243
v -0.900205 0.480908 -1.501769
v -0.900205 0.519092 -1.501769
v -0.896139 0.500000 -1.494986
v -0.896139 0.500000 -1.494986
v -0.895892 0.784038 -1.659587
v -0.895892 0.875962 -1.659587
v -0.895892 0.974038 -1.659587
v -0.895892 1.065962 -1.659587
v -0.895728 0.480908 -1.022144
v -0.895728 0.480908 -1.022144
v -0.895728 0.480908 -1.022144
v -0.895728 0.519092 -1.022144
v -0.895728 0.519092 -1.022144
v -0.895728 0.519092 -1.022144
v -0.885926 0.460000 -1.427020
v -0.885926 0.460000 -1.427020
v -0.885926 0.460000 -1.232856
v -0.885926 0.460000 -1.232856
v -0.883575 0.473000 -1.007420
v -0.883575 0.473000 -1.007420
v -0.883575 0.473000 -1.007420
v -0.883575 0.500000 -1.007420
v -0.883575 0.527000 -1.007420
v -0.883575 0.527000 -1.007420
v -0.883575 0.527000 -1.007420
v -0.874058 0.420000 -1.619142
v -0.874058 0.540000 -1.619142
v -0.874058 0.540000 -1.619142
v -0.874058 0.765000 -1.619142
v -0.874058 0.895000 -1.619142
v -0.874058 0.955000 -1.619142
v -0.874058 1.085000 -1.619142
v -0.871423 0.480908 -0.992695
v -0.871423 0.480908 -0.992695
v -0.871423 0.480908 -0.992695
v -0.871423 0.519092 -0.992695
v -0.871423 0.519092 -0.992695
v -0.871423 0.519092 -0.992695
v -0.871015 0.100000 -1.501128
v -0.871015 0.100000 -1.158748
v -0.866389 0.500000 -0.986596
v -0.866389 0.500000 -0.986596
v -0.866389 0.500000 -0.986596
v -0.866389 0.500000 -0.986596
v -0.861745 0.000000 -1.472597
v -0.861745 0.000000 -1.472597
v -0.861745 0.000000 -1.187280
v -0.861745 0.000000 -1.187280
v -0.857200 0.420000 -0.977347
v -0.857200 0.420000 -0.977347
v -0.857200 0.420000 -0.977347
v -0.857200 0.420000 -0.977347
v -0.857200 0.540000 -0.977347
v -0.857200 0.540000 -0.977347
v -0.857200 0.540000 -0.977347
v -0.857200 0.540000 -0.977347
v -0.852474 0.460000 -1.444065
v -0.852474 0.460000 -1.444065
v -0.852474 0.460000 -1.215811
v -0.852474 0.460000 -1.215811
v -0.852225 0.784038 -1.578697
v -0.852225 0.875962 -1.578697
v -0.852225 0.974038 -1.578697
v -0.852225 1.065962 -1.578697
v -0.843181 0.830000 -1.561944
v -0.843181 0.830000 -1.561944
v -0.843181 1.020000 -1.561944
v -0.843181 1.020000 -1.561944
v -0.838131 0.500000 -1.079919
v -0.833282 0.480908 -1.073672
v -0.833282 0.519092 -1.073672
v -0.829817 0.500000 -1.593930
v -0.828609 0.830000 -1.715352
v -0.828609 1.020000 -1.715352
v -0.826435 0.460000 -1.710849
v -0.826435 0.460000 -1.710849
v -0.826165 0.480908 -1.586915
v -0.826165 0.519092 -1.586915
v -0.821577 0.473000 -1.058590
v -0.821577 0.527000 -1.058590
v -0.820328 0.784038 -1.698209
v -0.820328 0.875962 -1.698209
v -0.820328 0.974038 -1.698209
v -0.820328 1.065962 -1.698209
v -0.817349 0.473000 -1.569981
v -0.817349 0.527000 -1.569981
v -0.815392 0.000000 -1.479938
v -0.815392 0.000000 -1.479938
v -0.815392 0.000000 -1.329938
v -0.815392 0.000000 -1.179938
v -0.815392 0.000000 -1.179938
v -0.815392 0.100000 -1.509938
v -0.815392 0.100000 -1.149938
v -0.815392 0.460000 -1.449938
v -0.815392 0.460000 -1.449938
v -0.815392 0.460000 -1.329938
v -0.815392 0.460000 -1.209938
v -0.815392 0.460000 -1.209938
v -0.812367 0.420000 -1.014919
v -0.812367 0.420000 -1.014919
v -0.812367 0.540000 -1.014919
v -0.812367 0.540000 -1.014919
v -0.809871 0.480908 -1.043507
v -0.809871 0.519092 -1.043507
v -0.808533 0.480908 -1.553047
v -0.808533 0.519092 -1.553047
v -0.805022 0.500000 -1.037260
v -0.805022 0.500000 -1.037260
v -0.804881 0.500000 -1.546032
v -0.804881 0.500000 -1.546032
v -0.800337 0.420000 -1.656823
v -0.800337 0.540000 -1.656823
v -0.800337 0.540000 -1.656823
v -0.800337 0.765000 -1.656823
v -0.800337 0.895000 -1.656823
v -0.800337 0.955000 -1.656823
v -0.800337 1.085000 -1.656823
v -0.780345 0.784038 -1.615436
v -0.780345 0.875962 -1.615436
v -0.780345 0.974038 -1.615436
v -0.780345 1.065962 -1.615436
v -0.778310 0.460000 -1.444065
v -0.778310 0.460000 -1.444065
v -0.778310 0.460000 -1.215811
v -0.778310 0.460000 -1.215811
v -0.772064 0.830000 -1.598294
v -0.772064 0.830000 -1.598294
v -0.772064 1.020000 -1.598294
v -0.772064 1.020000 -1.598294
v -0.771866 0.500000 -1.128234
v -0.769040 0.000000 -1.472597
v -0.769040 0.000000 -1.472597
v -0.769040 0.000000 -1.187280
v -0.769040 0.000000 -1.187280
v -0.767401 0.480908 -1.121707
v -0.767401 0.519092 -1.121707
v -0.765888 0.420000 -1.050436
v -0.765888 0.420000 -1.050436
v -0.765888 0.540000 -1.050436
v -0.765888 0.540000 -1.050436
v -0.759769 0.100000 -1.501128
v -0.759769 0.100000 -1.158748
v -0.756621 0.473000 -1.105950
v -0.756621 0.527000 -1.105950
v -0.750606 0.830000 -1.750890
v -0.750606 1.020000 -1.750890
v -0.748636 0.460000 -1.746295
v -0.748636 0.460000 -1.746295
v -0.745841 0.480908 -1.090193
v -0.745841 0.519092 -1.090193
v -0.744858 0.460000 -1.427020
v -0.744858 0.460000 -1.427020
v -0.744858 0.460000 -1.232856
v -0.744858 0.460000 -1.232856
v -0.743104 0.784038 -1.733392
v -0.743104 0.875962 -1.733392
v -0.743104 0.974038 -1.733392
v -0.743104 1.065962 -1.733392
v -0.741376 0.500000 -1.083666
v -0.741376 0.500000 -1.083666
v -0.732746 0.500000 -1.640821
v -0.729521 0.480908 -1.633600
v -0.729521 0.519092 -1.633600
v -0.727224 0.000000 -1.451291
v -0.727224 0.000000 -1.451291
v -0.727224 0.000000 -1.208586
v -0.727224 0.000000 -1.208586
v -0.724995 0.420000 -1.691148
v -0.724995 0.540000 -1.691148
v -0.724995 0.540000 -1.691148
v -0.724995 0.765000 -1.691148
v -0.724995 0.895000 -1.691148
v -0.724995 0.955000 -1.691148
v -0.724995 1.085000 -1.691148
v -0.721736 0.473000 -1.616167
v -0.721736 0.527000 -1.616167
v -0.718310 0.460000 -1.400472
v -0.718310 0.460000 -1.400472
v -0.718310 0.460000 -1.259404
v -0.718310 0.460000 -1.259404
v -0.717859 0.420000 -1.083826
v -0.717859 0.420000 -1.083826
v -0.717859 0.540000 -1.083826
v -0.717859 0.540000 -1.083826
v -0.713951 0.480908 -1.598735
v -0.713951 0.519092 -1.598735
v -0.710726 0.500000 -1.591514
v -0.710726 0.500000 -1.591514
v -0.709591 0.100000 -1.475561
v -0.709591 0.100000 -1.184315
v -0.706885 0.784038 -1.648905
v -0.706885 0.875962 -1.648905
v -0.706885 0.974038 -1.648905
v -0.706885 1.065962 -1.648905
v -0.702824 0.500000 -1.172488
v -0.701265 0.460000 -1.367020
v -0.701265 0.460000 -1.367020
v -0.701265 0.460000 -1.292856
v -0.701265 0.460000 -1.292856
v -0.699383 0.830000 -1.631407
v -0.699383 0.830000 -1.631407
v -0.699383 1.020000 -1.631407
v -0.699383 1.020000 -1.631407
v -0.698758 0.480908 -1.165705
v -0.698758 0.519092 -1.165705
v -0.695392 0.460000 -1.329938
v -0.695392 0.460000 -1.329938
v -0.695392 0.460000 -1.329938
v -0.694040 0.000000 -1.418106
v -0.694040 0.000000 -1.418106
v -0.694040 0.000000 -1.241770
v -0.694040 0.000000 -1.241770
v -0.688942 0.473000 -1.149330
v -0.688942 0.527000 -1.149330
v -0.679126 0.480908 -1.132954
v -0.679126 0.519092 -1.132954
v -0.675061 0.500000 -1.126171
v -0.675061 0.500000 -1.126171
v -0.672734 0.000000 -1.376291
v -0.672734 0.000000 -1.376291
v -0.672734 0.000000 -1.283586
v -0.672734 0.000000 -1.283586
v -0.671082 0.830000 -1.782883
v -0.671082 1.020000 -1.782883
v -0.669769 0.100000 -1.435740
v -0.669769 0.100000 -1.224137
v -0.669321 0.460000 -1.778204
v -0.669321 0.460000 -1.778204
v -0.668377 0.420000 -1.115021
v -0.668377 0.420000 -1.115021
v -0.668377 0.540000 -1.115021
v -0.668377 0.540000 -1.115021
v -0.665392 0.000000 -1.329938
v -0.665392 0.000000 -1.329938
v -0.665392 0.000000 -1.329938
v -0.664376 0.784038 -1.765066
v -0.664376 0.875962 -1.765066
v -0.664376 0.974038 -1.765066
v -0.664376 1.065962 -1.765066
v -0.648185 0.420000 -1.722050
v -0.648185 0.540000 -1.722050
v -0.648185 0.540000 -1.722050
v -0.648185 0.765000 -1.722050
v -0.648185 0.895000 -1.722050
v -0.648185 0.955000 -1.722050
v -0.648185 1.085000 -1.722050
v -0.644202 0.100000 -1.385561
v -0.644202 0.100000 -1.274315
v -0.635392 0.100000 -1.329938
v -0.635392 0.100000 -1.329938
v -0.633037 0.500000 -1.681807
v -0.631993 0.784038 -1.679035
v -0.631993 0.875962 -1.679035
v -0.631993 0.974038 -1.679035
v -0.631993 1.065962 -1.679035
v -0.631252 0.500000 -1.212522
v -0.630251 0.480908 -1.674405
v -0.630251 0.519092 -1.674405
v -0.627600 0.480908 -1.205508
v -0.627600 0.519092 -1.205508
v -0.625287 0.830000 -1.661217
v -0.625287 0.830000 -1.661217
v -0.625287 1.020000 -1.661217
v -0.625287 1.020000 -1.661217
v -0.623525 0.473000 -1.656537
v -0.623525 0.527000 -1.656537
v -0.618784 0.473000 -1.188573
v -0.618784 0.527000 -1.188573
v -0.617541 0.420000 -1.143959
v -0.617541 0.420000 -1.143959
v -0.617541 0.540000 -1.143959
v -0.617541 0.540000 -1.143959
v -0.616800 0.480908 -1.638669
v -0.616800 0.519092 -1.638669
v -0.614014 0.500000 -1.631268
v -0.614014 0.500000 -1.631268
v -0.609968 0.480908 -1.171639
v -0.609968 0.519092 -1.171639
v -0.606316 0.500000 -1.164624
v -0.606316 0.500000 -1.164624
v -0.590200 0.830000 -1.811267
v -0.590200 1.020000 -1.811267
v -0.588651 0.460000 -1.806513
v -0.588651 0.460000 -1.806513
v -0.584302 0.784038 -1.793166
v -0.584302 0.875962 -1.793166
v -0.584302 0.974038 -1.793166
v -0.584302 1.065962 -1.793166
v -0.570062 0.420000 -1.749465
v -0.570062 0.540000 -1.749465
v -0.570062 0.540000 -1.749465
v -0.570062 0.765000 -1.749465
v -0.570062 0.895000 -1.749465
v -0.570062 0.955000 -1.749465
v -0.570062 1.085000 -1.749465
v -0.565455 0.420000 -1.170581
v -0.565455 0.420000 -1.170581
v -0.565455 0.540000 -1.170581
v -0.565455 0.540000 -1.170581
v -0.557409 0.500000 -1.248193
v -0.555823 0.784038 -1.705765
v -0.555823 0.875962 -1.705765
v -0.555823 0.974038 -1.705765
v -0.555823 1.065962 -1.705765
v -0.554184 0.480908 -1.240972
v -0.554184 0.519092 -1.240972
v -0.549924 0.830000 -1.687664
v -0.549924 0.830000 -1.687664
v -0.549924 1.020000 -1.687664
v -0.549924 1.020000 -1.687664
v -0.546399 0.473000 -1.223539
v -0.546399 0.527000 -1.223539
v -0.538614 0.480908 -1.206107
v -0.538614 0.519092 -1.206107
v -0.535389 0.500000 -1.198886
v -0.535389 0.500000 -1.198886
v -0.531050 0.500000 -1.716740
v -0.528713 0.480908 -1.709185
v -0.528713 0.519092 -1.709185
v -0.523071 0.473000 -1.690946
v -0.523071 0.527000 -1.690946
v -0.517429 0.480908 -1.672706
v -0.517429 0.519092 -1.672706
v -0.515092 0.500000 -1.665152
v -0.515092 0.500000 -1.665152
v -0.512224 0.420000 -1.194833
v -0.512224 0.420000 -1.194833
v -0.512224 0.540000 -1.194833
v -0.512224 0.540000 -1.194833
v -0.508123 0.830000 -1.835984
v -0.508123 1.020000 -1.835984
v -0.506790 0.460000 -1.831165
v -0.506790 0.460000 -1.831165
v -0.503045 0.784038 -1.817635
v -0.503045 0.875962 -1.817635
v -0.503045 0.974038 -1.817635
v -0.503045 1.065962 -1.817635
v -0.490786 0.420000 -1.773338
v -0.490786 0.540000 -1.773338
v -0.490786 0.540000 -1.773338
v -0.490786 0.765000 -1.773338
v -0.490786 0.895000 -1.773338
v -0.490786 0.955000 -1.773338
v -0.490786 1.085000 -1.773338
v -0.481559 0.500000 -1.279371
v -0.478773 0.480908 -1.271970
v -0.478773 0.519092 -1.271970
v -0.478526 0.784038 -1.729042
v -0.478526 0.875962 -1.729042
v -0.478526 0.974038 -1.729042
v -0.478526 1.065962 -1.729042
v -0.473448 0.830000 -1.710693
v -0.473448 0.830000 -1.710693
v -0.473448 1.020000 -1.710693
v -0.473448 1.020000 -1.710693
v -0.472047 0.473000 -1.254102
v -0.472047 0.527000 -1.254102
v -0.465322 0.480908 -1.236234
v -0.465322 0.519092 -1.236234
v -0.462536 0.500000 -1.228833
v -0.462536 0.500000 -1.228833
v -0.457957 0.420000 -1.216666
v -0.457957 0.420000 -1.216666
v -0.457957 0.540000 -1.216666
v -0.457957 0.540000 -1.216666
v -0.427152 0.500000 -1.745494
v -0.425272 0.480908 -1.737813
v -0.425272 0.519092 -1.737813
v -0.425018 0.830000 -1.856983
v -0.425018 1.020000 -1.856983
v -0.423902 0.460000 -1.852109
v -0.423902 0.460000 -1.852109
v -0.420770 0.784038 -1.838425
v -0.420770 0.875962 -1.838425
v -0.420770 0.974038 -1.838425
v -0.420770 1.065962 -1.838425
v -0.420734 0.473000 -1.719268
v -0.420734 0.527000 -1.719268
v -0.416195 0.480908 -1.700724
v -0.416195 0.519092 -1.700724
v -0.414316 0.500000 -1.693042
v -0.414316 0.500000 -1.693042
v -0.410516 0.420000 -1.793621
v -0.410516 0.540000 -1.793621
v -0.410516 0.540000 -1.793621
v -0.410516 0.765000 -1.793621
v -0.410516 0.895000 -1.793621
v -0.410516 0.955000 -1.793621
v -0.410516 1.085000 -1.793621
v -0.403976 0.500000 -1.305945
v -0.402761 0.420000 -1.236035
v -0.402761 0.420000 -1.236035
v -0.402761 0.540000 -1.236035
v -0.402761 0.540000 -1.236035
v -0.401639 0.480908 -1.298390
v -0.401639 0.519092 -1.298390
v -0.400261 0.784038 -1.748818
v -0.400261 0.875962 -1.748818
v -0.400261 0.974038 -1.748818
v -0.400261 1.065962 -1.748818
v -0.396014 0.830000 -1.730260
v -0.396014 0.830000 -1.730260
v -0.396014 1.020000 -1.730260
v -0.396014 1.020000 -1.730260
v -0.395997 0.473000 -1.280151
v -0.395997 0.527000 -1.280151
v -0.390355 0.480908 -1.261912
v -0.390355 0.519092 -1.261912
v -0.388018 0.500000 -1.254357
v -0.388018 0.500000 -1.254357
v -0.346751 0.420000 -1.252902
v -0.346751 0.420000 -1.252902
v -0.346751 0.540000 -1.252902
v -0.346751 0.540000 -1.252902
v -0.341051 0.830000 -1.874222
v -0.341051 1.020000 -1.874222
v -0.340156 0.460000 -1.869303
v -0.340156 0.460000 -1.869303
v -0.337643 0.784038 -1.855492
v -0.337643 0.875962 -1.855492
v -0.337643 0.974038 -1.855492
v -0.337643 1.065962 -1.855492
v -0.329414 0.420000 -1.810272
v -0.329414 0.540000 -1.810272
v -0.329414 0.540000 -1.810272
v -0.329414 0.765000 -1.810272
v -0.329414 0.895000 -1.810272
v -0.329414 0.955000 -1.810272
v -0.329414 1.085000 -1.810272
v -0.324939 0.500000 -1.327819
v -0.323060 0.480908 -1.320138
v -0.323060 0.519092 -1.320138
v -0.321716 0.500000 -1.767967
v -0.321186 0.784038 -1.765053
v -0.321186 0.875962 -1.765053
v -0.321186 0.974038 -1.765053
v -0.321186 1.065962 -1.765053
v -0.320300 0.480908 -1.760187
v -0.320300 0.519092 -1.760187
v -0.318522 0.473000 -1.301593
v -0.318522 0.527000 -1.301593
v -0.317777 0.830000 -1.746323
v -0.317777 0.830000 -1.746323
v -0.317777 1.020000 -1.746323
v -0.317777 1.020000 -1.746323
v -0.316882 0.473000 -1.741403
v -0.316882 0.527000 -1.741403
v -0.313983 0.480908 -1.283048
v -0.313983 0.519092 -1.283048
v -0.313464 0.480908 -1.722620
v -0.313464 0.519092 -1.722620
v -0.312104 0.500000 -1.275367
v -0.312104 0.500000 -1.275367
v -0.312049 0.500000 -1.714840
v -0.312049 0.500000 -1.714840
v -0.290038 0.420000 -1.267232
v -0.290038 0.420000 -1.267232
v -0.290038 0.540000 -1.267232
v -0.290038 0.540000 -1.267232
v -0.256395 0.830000 -1.887667
v -0.256395 1.020000 -1.887667
v -0.255722 0.460000 -1.882713
v -0.255722 0.460000 -1.882713
v -0.253832 0.784038 -1.868802
v -0.253832 0.875962 -1.868802
v -0.253832 0.974038 -1.868802
v -0.253832 1.065962 -1.868802
v -0.247646 0.420000 -1.823258
v -0.247646 0.540000 -1.823258
v -0.247646 0.540000 -1.823258
v -0.247646 0.765000 -1.823258
v -0.247646 0.895000 -1.823258
v -0.247646 0.955000 -1.823258
v -0.247646 1.085000 -1.823258
v -0.244733 0.500000 -1.344914
v -0.243318 0.480908 -1.337134
v -0.243318 0.519092 -1.337134
v -0.241460 0.784038 -1.777715
v -0.241460 0.875962 -1.777715
v -0.241460 0.974038 -1.777715
v -0.241460 1.065962 -1.777715
v -0.239900 0.473000 -1.318351
v -0.239900 0.527000 -1.318351
v -0.238898 0.830000 -1.758850
v -0.238898 0.830000 -1.758850
v -0.238898 1.020000 -1.758850
v -0.238898 1.020000 -1.758850
v -0.236482 0.480908 -1.299567
v -0.236482 0.519092 -1.299567
v -0.235066 0.500000 -1.291787
v -0.235066 0.500000 -1.291787
v -0.232738 0.420000 -1.278997
v -0.232738 0.420000 -1.278997
v -0.232738 0.540000 -1.278997
v -0.232738 0.540000 -1.278997
v -0.215123 0.500000 -1.784077
v -0.214176 0.480908 -1.776226
v -0.214176 0.519092 -1.776226
v -0.211891 0.473000 -1.757271
v -0.211891 0.527000 -1.757271
v -0.209605 0.480908 -1.738317
v -0.209605 0.519092 -1.738317
v -0.208658 0.500000 -1.730465
v -0.208658 0.500000 -1.730465
v -0.174967 0.420000 -1.288172
v -0.174967 0.420000 -1.288172
v -0.174967 0.540000 -1.288172
v -0.174967 0.540000 -1.288172
v -0.171219 0.830000 -1.897290
v -0.171219 1.020000 -1.897290
v -0.170769 0.460000 -1.892310
v -0.170769 0.460000 -1.892310
v -0.169508 0.784038 -1.878329
v -0.169508 0.875962 -1.878329
v -0.169508 0.974038 -1.878329
v -0.169508 1.065962 -1.878329
v -0.165377 0.420000 -1.832553
v -0.165377 0.540000 -1.832553
v -0.165377 0.540000 -1.832553
v -0.165377 0.765000 -1.832553
v -0.165377 0.895000 -1.832553
v -0.165377 0.955000 -1.832553
v -0.165377 1.085000 -1.832553
v -0.163647 0.500000 -1.357169
v -0.162700 0.480908 -1.349318
v -0.162700 0.519092 -1.349318
v -0.161246 0.784038 -1.786777
v -0.161246 0.875962 -1.786777
v -0.161246 0.974038 -1.786777
v -0.161246 1.065962 -1.786777
v -0.160414 0.473000 -1.330364
v -0.160414 0.527000 -1.330364
v -0.159534 0.830000 -1.767816
v -0.159534 0.830000 -1.767816
v -0.159534 1.020000 -1.767816
v -0.159534 1.020000 -1.767816
v -0.158129 0.480908 -1.311409
v -0.158129 0.519092 -1.311409
v -0.157182 0.500000 -1.303558
v -0.157182 0.500000 -1.303558
v -0.116842 0.420000 -1.294739
v -0.116842 0.420000 -1.294739
v -0.116842 0.540000 -1.294739
v -0.116842 0.540000 -1.294739
v -0.107755 0.500000 -1.793766
v -0.107281 0.480908 -1.785872
v -0.107281 0.519092 -1.785872
v -0.106136 0.473000 -1.766815
v -0.106136 0.527000 -1.766815
v -0.104991 0.480908 -1.747757
v -0.104991 0.519092 -1.747757
v -0.104517 0.500000 -1.739864
v -0.104517 0.500000 -1.739864
v -0.085696 0.830000 -1.903072
v -0.085696 1.020000 -1.903072
v -0.085471 0.460000 -1.898077
v -0.085471 0.460000 -1.898077
v -0.084840 0.784038 -1.884053
v -0.084840 0.875962 -1.884053
v -0.084840 0.974038 -1.884053
v -0.084840 1.065962 -1.884053
v -0.082772 0.420000 -1.838137
v -0.082772 0.540000 -1.838137
v -0.082772 0.540000 -1.838137
v -0.082772 0.765000 -1.838137
v -0.082772 0.895000 -1.838137
v -0.082772 0.955000 -1.838137
v -0.082772 1.085000 -1.838137
v -0.081971 0.500000 -1.364540
v -0.081497 0.480908 -1.356646
v -0.081497 0.519092 -1.356646
v -0.080704 0.784038 -1.792222
v -0.080704 0.875962 -1.792222
v -0.080704 0.974038 -1.792222
v -0.080704 1.065962 -1.792222
v -0.080352 0.473000 -1.337589
v -0.080352 0.527000 -1.337589
v -0.079848 0.830000 -1.773203
v -0.079848 0.830000 -1.773203
v -0.079848 1.020000 -1.773203
v -0.079848 1.020000 -1.773203
v -0.079207 0.480908 -1.318531
v -0.079207 0.519092 -1.318531
v -0.078733 0.500000 -1.310637
v -0.078733 0.500000 -1.310637
v -0.058480 0.420000 -1.298684
v -0.058480 0.420000 -1.298684
v -0.058480 0.540000 -1.298684
v -0.058480 0.540000 -1.298684
v 0.000000 0.420000 -1.840000
v 0.000000 0.420000 -1.300000
v 0.000000 0.420000 -1.300000
v 0.000000 0.460000 -1.900000
v 0.000000 0.460000 -1.900000
v 0.000000 0.473000 -1.770000
v 0.000000 0.473000 -1.340000
v 0.000000 0.480908 -1.789092
v 0.000000 0.480908 -1.750908
v 0.000000 0.480908 -1.359092
v 0.000000 0.480908 -1.320908
v 0.000000 0.500000 -1.797000
v 0.000000 0.500000 -1.743000
v 0.000000 0.500000 -1.743000
v 0.000000 0.500000 -1.367000
v 0.000000 0.500000 -1.313000
v 0.000000 0.500000 -1.313000
v 0.000000 0.519092 -1.789092
v 0.000000 0.519092 -1.750908
v 0.000000 0.519092 -1.359092
v 0.000000 0.519092 -1.320908
v 0.000000 0.527000 -1.770000
v 0.000000 0.527000 -1.340000
v 0.000000 0.540000 -1.840000
v 0.000000 0.540000 -1.840000
v 0.000000 0.540000 -1.300000
v 0.000000 0.540000 -1.300000
v 0.000000 0.765000 -1.840000
v 0.000000 0.784038 -1.885962
v 0.000000 0.784038 -1.794038
v 0.000000 0.830000 -1.905000
v 0.000000 0.830000 -1.775000
v 0.000000 0.830000 -1.775000
v 0.000000 0.875962 -1.885962
v 0.000000 0.875962 -1.794038
v 0.000000 0.895000 -1.840000
v 0.000000 0.955000 -1.840000
v 0.000000 0.974038 -1.885962
v 0.000000 0.974038 -1.794038
v 0.000000 1.020000 -1.905000
v 0.000000 1.020000 -1.775000
v 0.000000 1.020000 -1.775000
v 0.000000 1.065962 -1.885962
v 0.000000 1.065962 -1.794038
v 0.000000 1.085000 -1.840000
v 0.058480 0.420000 -1.298684
v 0.058480 0.420000 -1.298684
v 0.058480 0.540000 -1.298684
v 0.058480 0.540000 -1.298684
v 0.078733 0.500000 -1.310637
v 0.078733 0.500000 -1.310637
v 0.079207 0.480908 -1.318531
v 0.079207 0.519092 -1.318531
v 0.079848 0.830000 -1.773203
v 0.079848 0.830000 -1.773203
v 0.079848 1.020000 -1.773203
v 0.079848 1.020000 -1.773203
v 0.080352 0.473000 -1.337589
v 0.080352 0.527000 -1.337589
v 0.080704 0.784038 -1.792222
v 0.080704 0.875962 -1.792222
v 0.080704 0.974038 -1.792222
v 0.080704 1.065962 -1.792222
v 0.081497 0.480908 -1.356646
v 0.081497 0.519092 -1.356646
v 0.081971 0.500000 -1.364540
v 0.082772 0.420000 -1.838137
v 0.082772 0.540000 -1.838137
v 0.082772 0.540000 -1.838137
v 0.082772 0.765000 -1.838137
v 0.082772 0.895000 -1.838137
v 0.082772 0.955000 -1.838137
v 0.082772 1.085000 -1.838137
v 0.084840 0.784038 -1.884053
v 0.084840 0.875962 -1.884053
v 0.084840 0.974038 -1.884053
v 0.084840 1.065962 -1.884053
v 0.085471 0.460000 -1.898077
v 0.085471 0.460000 -1.898077
v 0.085696 0.830000 -1.903072
v 0.085696 1.020000 -1.903072
v 0.104517 0.500000 -1.739864
v 0.104517 0.500000 -1.739864
v 0.104991 0.480908 -1.747757
v 0.104991 0.519092 -1.747757
v 0.106136 0.473000 -1.766815
v 0.106136 0.527000 -1.766815
v 0.107281 0.480908 -1.785872
v 0.107281 0.519092 -1.785872
v 0.107755 0.500000 -1.793766
v 0.116842 0.420000 -1.294739
v 0.116842 0.420000 -1.294739
v 0.116842 0.540000 -1.294739
v 0.116842 0.540000 -1.294739
v 0.157182 0.500000 -1.303558
v 0.157182 0.500000 -1.303558
v 0.158129 0.480908 -1.311409
v 0.158129 0.519092 -1.311409
v 0.159534 0.830000 -1.767816
v 0.159534 0.830000 -1.767816
v 0.159534 1.020000 -1.767816
v 0.159534 1.020000 -1.767816
v 0.160414 0.473000 -1.330364
v 0.160414 0.527000 -1.330364
v 0.161246 0.784038 -1.786777
v 0.161246 0.875962 -1.786777
v 0.161246 0.974038 -1.786777
v 0.161246 1.065962 -1.786777
v 0.162700 0.480908 -1.349318
v 0.162700 0.519092 -1.349318
v 0.163647 0.500000 -1.357169
v 0.165377 0.420000 -1.832553
v 0.165377 0.540000 -1.832553
v 0.165377 0.540000 -1.832553
v 0.165377 0.765000 -1.832553
v 0.165377 0.895000 -1.832553
v 0.165377 0.955000 -1.832553
v 0.165377 1.085000 -1.832553
v 0.169508 0.784038 -1.878329
v 0.169508 0.875962 -1.878329
v 0.169508 0.974038 -1.878329
v 0.169508 1.065962 -1.878329
v 0.170769 0.460000 -1.892310
v 0.170769 0.460000 -1.892310
v 0.171219 0.830000 -1.897290
v 0.171219 1.020000 -1.897290
v 0.174967 0.420000 -1.288172
v 0.174967 0.420000 -1.288172
v 0.174967 0.540000 -1.288172
v 0.174967 0.540000 -1.288172
v 0.208658 0.500000 -1.730465
v 0.208658 0.500000 -1.730465
v 0.209605 0.480908 -1.738317
v 0.209605 0.519092 -1.738317
v 0.211891 0.473000 -1.757271
v 0.211891 0.527000 -1.757271
v 0.214176 0.480908 -1.776226
v 0.214176 0.519092 -1.776226
v 0.215123 0.500000 -1.784077
v 0.232738 0.420000 -1.278997
v 0.232738 0.420000 -1.278997
v 0.232738 0.540000 -1.278997
v 0.232738 0.540000 -1.278997
v 0.235066 0.500000 -1.291787
v 0.235066 0.500000 -1.291787
v 0.236482 0.480908 -1.299567
v 0.236482 0.519092 -1.299567
v 0.238898 0.830000 -1.758850
v 0.238898 0.830000 -1.758850
v 0.238898 1.020000 -1.758850
v 0.238898 1.020000 -1.758850
v 0.239900 0.473000 -1.318351
v 0.239900 0.527000 -1.318351
v 0.241460 0.784038 -1.777715
v 0.241460 0.875962 -1.777715
v 0.241460 0.974038 -1.777715
v 0.241460 1.065962 -1.777715
v 0.243318 0.480908 -1.337134
v 0.243318 0.519092 -1.337134
v 0.244733 0.500000 -1.344914
v 0.247646 0.420000 -1.823258
v 0.247646 0.540000 -1.823258
v 0.247646 0.540000 -1.823258
v 0.247646 0.765000 -1.823258
v 0.247646 0.895000 -1.823258
v 0.247646 0.955000 -1.823258
v 0.247646 1.085000 -1.823258
v 0.253832 0.784038 -1.868802
v 0.253832 0.875962 -1.868802
v 0.253832 0.974038 -1.868802
v 0.253832 1.065962 -1.868802
v 0.255722 0.460000 -1.882713
v 0.255722 0.460000 -1.882713
v 0.256395 0.830000 -1.887667
v 0.256395 1.020000 -1.887667
v 0.290038 0.420000 -1.267232
v 0.290038 0.420000 -1.267232
v 0.290038 0.540000 -1.267232
v 0.290038 0.540000 -1.267232
v 0.312049 0.500000 -1.714840
v 0.312049 0.500000 -1.714840
v 0.312104 0.500000 -1.275367
v 0.312104 0.500000 -1.275367
v 0.313464 0.480908 -1.722620
v 0.313464 0.519092 -1.722620
v 0.313983 0.480908 -1.283048
v 0.313983 0.519092 -1.283048
v 0.316882 0.473000 -1.741403
v 0.316882 0.527000 -1.741403
v 0.317777 0.830000 -1.746323
v 0.317777 0.830000 -1.746323
v 0.317777 1.020000 -1.746323
v 0.317777 1.020000 -1.746323
v 0.318522 0.473000 -1.301593
v 0.318522 0.527000 -1.301593
v 0.320300 0.480908 -1.760187
v 0.320300 0.519092 -1.760187
v 0.321186 0.784038 -1.765053
v 0.321186 0.875962 -1.765053
v 0.321186 0.974038 -1.765053
v 0.321186 1.065962 -1.765053
v 0.321716 0.500000 -1.767967
v 0.323060 0.480908 -1.320138
v 0.323060 0.519092 -1.320138
v 0.324939 0.500000 -1.327819
v 0.329414 0.420000 -1.810272
v 0.329414 0.540000 -1.810272
v 0.329414 0.540000 -1.810272
v 0.329414 0.765000 -1.810272
v 0.329414 0.895000 -1.810272
v 0.329414 0.955000 -1.810272
v 0.329414 1.085000 -1.810272
v 0.337643 0.784038 -1.855492
v 0.337643 0.875962 -1.855492
v 0.337643 0.974038 -1.855492
v 0.337643 1.065962 -1.855492
v 0.340156 0.460000 -1.869303
v 0.340156 0.460000 -1.869303
v 0.341051 0.830000 -1.874222
v 0.341051 1.020000 -1.874222
v 0.346751 0.420000 -1.252902
v 0.346751 0.420000 -1.252902
v 0.346751 0.540000 -1.252902
v 0.346751 0.540000 -1.252902
v 0.388018 0.500000 -1.254357
v 0.388018 0.500000 -1.254357
v 0.390355 0.480908 -1.261912
v 0.390355 0.519092 -1.261912
v 0.395997 0.473000 -1.280151
v 0.395997 0.527000 -1.280151
v 0.396014 0.830000 -1.730260
v 0.396014 0.830000 -1.730260
v 0.396014 1.020000 -1.730260
v 0.396014 1.020000 -1.730260
v 0.400261 0.784038 -1.748818
v 0.400261 0.875962 -1.748818
v 0.400261 0.974038 -1.748818
v 0.400261 1.065962 -1.748818
v 0.401639 0.480908 -1.298390
v 0.401639 0.519092 -1.298390
v 0.402761 0.420000 -1.236035
v 0.402761 0.420000 -1.236035
v 0.402761 0.540000 -1.236035
v 0.402761 0.540000 -1.236035
v 0.403976 0.500000 -1.305945
v 0.410516 0.420000 -1.793621
v 0.410516 0.540000 -1.793621
v 0.410516 0.540000 -1.793621
v 0.410516 0.765000 -1.793621
v 0.410516 0.895000 -1.793621
v 0.410516 0.955000 -1.793621
v 0.410516 1.085000 -1.793621
v 0.414316 0.500000 -1.693042
v 0.414316 0.500000 -1.693042
v 0.416195 0.480908 -1.700724
v 0.416195 0.519092 -1.700724
v 0.420734 0.473000 -1.719268
v 0.420734 0.527000 -1.719268
v 0.420770 0.784038 -1.838425
v 0.420770 0.875962 -1.838425
v 0.420770 0.974038 -1.838425
v 0.420770 1.065962 -1.838425
v 0.423902 0.460000 -1.852109
v 0.423902 0.460000 -1.852109
v 0.425018 0.830000 -1.856983
v 0.425018 1.020000 -1.856983
v 0.425272 0.480908 -1.737813
v 0.425272 0.519092 -1.737813
v 0.427152 0.500000 -1.745494
v 0.457957 0.420000 -1.216666
v 0.457957 0.420000 -1.216666
v 0.457957 0.540000 -1.216666
v 0.457957 0.540000 -1.216666
v 0.462536 0.500000 -1.228833
v 0.462536 0.500000 -1.228833
v 0.465322 0.480908 -1.236234
v 0.465322 0.519092 -1.236234
v 0.472047 0.473000 -1.254102
v 0.472047 0.527000 -1.254102
v 0.473448 0.830000 -1.710693
v 0.473448 0.830000 -1.710693
v 0.473448 1.020000 -1.710693
v 0.473448 1.020000 -1.710693
v 0.478526 0.784038 -1.729042
v 0.478526 0.875962 -1.729042
v 0.478526 0.974038 -1.729042
v 0.478526 1.065962 -1.729042
v 0.478773 0.480908 -1.271970
v 0.478773 0.519092 -1.271970
v 0.481559 0.500000 -1.279371
v 0.490786 0.420000 -1.773338
v 0.490786 0.540000 -1.773338
v 0.490786 0.540000 -1.773338
v 0.490786 0.765000 -1.773338
v 0.490786 0.895000 -1.773338
v 0.490786 0.955000 -1.773338
v 0.490786 1.085000 -1.773338
v 0.503045 0.784038 -1.817635
v 0.503045 0.875962 -1.817635
v 0.503045 0.974038 -1.817635
v 0.503045 1.065962 -1.817635
v 0.506790 0.460000 -1.831165
v 0.506790 0.460000 -1.831165
v 0.508123 0.830000 -1.835984
v 0.508123 1.020000 -1.835984
v 0.512224 0.420000 -1.194833
v 0.512224 0.420000 -1.194833
v 0.512224 0.540000 -1.194833
v 0.512224 0.540000 -1.194833
v 0.515092 0.500000 -1.665152
v 0.515092 0.500000 -1.665152
v 0.517429 0.480908 -1.672706
v 0.517429 0.519092 -1.672706
v 0.523071 0.473000 -1.690946
v 0.523071 0.527000 -1.690946
v 0.528713 0.480908 -1.709185
v 0.528713 0.519092 -1.709185
v 0.531050 0.500000 -1.716740
v 0.535389 0.500000 -1.198886
v 0.535389 0.500000 -1.198886
v 0.538614 0.480908 -1.206107
v 0.538614 0.519092 -1.206107
v 0.546399 0.473000 -1.223539
v 0.546399 0.527000 -1.223539
v 0.549924 0.830000 -1.687664
v 0.549924 0.830000 -1.687664
v 0.549924 1.020000 -1.687664
v 0.549924 1.020000 -1.687664
v 0.554184 0.480908 -1.240972
v 0.554184 0.519092 -1.240972
v 0.555823 0.784038 -1.705765
v 0.555823 0.875962 -1.705765
v 0.555823 0.974038 -1.705765
v 0.555823 1.065962 -1.705765
v 0.557409 0.500000 -1.248193
v 0.565455 0.420000 -1.170581
v 0.565455 0.420000 -1.170581
v 0.565455 0.540000 -1.170581
v 0.565455 0.540000 -1.170581
v 0.570062 0.420000 -1.749465
v 0.570062 0.540000 -1.749465
v 0.570062 0.540000 -1.749465
v 0.570062 0.765000 -1.749465
v 0.570062 0.895000 -1.749465
v 0.570062 0.955000 -1.749465
v 0.570062 1.085000 -1.749465
v 0.584302 0.784038 -1.793166
v 0.584302 0.875962 -1.793166
v 0.584302 0.974038 -1.793166
v 0.584302 1.065962 -1.793166
v 0.588651 0.460000 -1.806513
v 0.588651 0.460000 -1.806513
v 0.590200 0.830000 -1.811267
v 0.590200 1.020000 -1.811267
v 0.606316 0.500000 -1.164624
v 0.606316 0.500000 -1.164624
v 0.609968 0.480908 -1.171639
v 0.609968 0.519092 -1.171639
v 0.614014 0.500000 -1.631268
v 0.614014 0.500000 -1.631268
v 0.616800 0.480908 -1.638669
v 0.616800 0.519092 -1.638669
v 0.617541 0.420000 -1.143959
v 0.617541 0.420000 -1.143959
v 0.617541 0.540000 -1.143959
v 0.617541 0.540000 -1.143959
v 0.618784 0.473000 -1.188573
v 0.618784 0.527000 -1.188573
v 0.623525 0.473000 -1.656537
v 0.623525 0.527000 -1.656537
v 0.625287 0.830000 -1.661217
v 0.625287 0.830000 -1.661217
v 0.625287 1.020000 -1.661217
v 0.625287 1.020000 -1.661217
v 0.627600 0.480908 -1.205508
v 0.627600 0.519092 -1.205508
v 0.630251 0.480908 -1.674405
v 0.630251 0.519092 -1.674405
v 0.631252 0.500000 -1.212522
v 0.631993 0.784038 -1.679035
v 0.631993 0.875962 -1.679035
v 0.631993 0.974038 -1.679035
v 0.631993 1.065962 -1.679035
v 0.633037 0.500000 -1.681807
v 0.635392 0.100000 -1.329938
v 0.644202 0.100000 -1.385561
v 0.644202 0.100000 -1.274315
v 0.648185 0.420000 -1.722050
v 0.648185 0.540000 -1.722050
v 0.648185 0.540000 -1.722050
v 0.648185 0.765000 -1.722050
v 0.648185 0.895000 -1.722050
v 0.648185 0.955000 -1.722050
v 0.648185 1.085000 -1.722050
v 0.664376 0.784038 -1.765066
v 0.664376 0.875962 -1.765066
v 0.664376 0.974038 -1.765066
v 0.664376 1.065962 -1.765066
v 0.665392 0.000000 -1.329938
v 0.665392 0.000000 -1.329938
v 0.668377 0.420000 -1.115021
v 0.668377 0.420000 -1.115021
v 0.668377 0.540000 -1.115021
v 0.668377 0.540000 -1.115021
v 0.669321 0.460000 -1.778204
v 0.669321 0.460000 -1.778204
v 0.669769 0.100000 -1.435740
v 0.669769 0.100000 -1.224137
v 0.671082 0.830000 -1.782883
v 0.671082 1.020000 -1.782883
v 0.672734 0.000000 -1.376291
v 0.672734 0.000000 -1.376291
v 0.672734 0.000000 -1.283586
v 0.672734 0.000000 -1.283586
v 0.675061 0.500000 -1.126171
v 0.675061 0.500000 -1.126171
v 0.679126 0.480908 -1.132954
v 0.679126 0.519092 -1.132954
v 0.688942 0.473000 -1.149330
v 0.688942 0.527000 -1.149330
v 0.694040 0.000000 -1.418106
v 0.694040 0.000000 -1.418106
v 0.694040 0.000000 -1.241770
v 0.694040 0.000000 -1.241770
v 0.695392 0.460000 -1.329938
v 0.695392 0.460000 -1.329938
v 0.698758 0.480908 -1.165705
v 0.698758 0.519092 -1.165705
v 0.699383 0.830000 -1.631407
v 0.699383 0.830000 -1.631407
v 0.699383 1.020000 -1.631407
v 0.699383 1.020000 -1.631407
v 0.701265 0.460000 -1.367020
v 0.701265 0.460000 -1.367020
v 0.701265 0.460000 -1.292856
v 0.701265 0.460000 -1.292856
v 0.702824 0.500000 -1.172488
v 0.706885 0.784038 -1.648905
v 0.706885 0.875962 -1.648905
v 0.706885 0.974038 -1.648905
v 0.706885 1.065962 -1.648905
v 0.709591 0.100000 -1.475561
v 0.709591 0.100000 -1.184315
v 0.710726 0.500000 -1.591514
v 0.710726 0.500000 -1.591514
v 0.713951 0.480908 -1.598735
v 0.713951 0.519092 -1.598735
v 0.717859 0.420000 -1.083826
v 0.717859 0.420000 -1.083826
v 0.717859 0.540000 -1.083826
v 0.717859 0.540000 -1.083826
v 0.718310 0.460000 -1.400472
v 0.718310 0.460000 -1.400472
v 0.718310 0.460000 -1.259404
v 0.718310 0.460000 -1.259404
v 0.721736 0.473000 -1.616167
v 0.721736 0.527000 -1.616167
v 0.724995 0.420000 -1.691148
v 0.724995 0.540000 -1.691148
v 0.724995 0.540000 -1.691148
v 0.724995 0.765000 -1.691148
v 0.724995 0.895000 -1.691148
v 0.724995 0.955000 -1.691148
v 0.724995 1.085000 -1.691148
v 0.727224 0.000000 -1.451291
v 0.727224 0.000000 -1.451291
v 0.727224 0.000000 -1.208586
v 0.727224 0.000000 -1.208586
v 0.729521 0.480908 -1.633600
v 0.729521 0.519092 -1.633600
v 0.732746 0.500000 -1.640821
v 0.741376 0.500000 -1.083666
v 0.741376 0.500000 -1.083666
v 0.743104 0.784038 -1.733392
v 0.743104 0.875962 -1.733392
v 0.743104 0.974038 -1.733392
v 0.743104 1.065962 -1.733392
v 0.744858 0.460000 -1.427020
v 0.744858 0.460000 -1.427020
v 0.744858 0.460000 -1.232856
v 0.744858 0.460000 -1.232856
v 0.745841 0.480908 -1.090193
v 0.745841 0.519092 -1.090193
v 0.748636 0.460000 -1.746295
v 0.748636 0.460000 -1.746295
v 0.750606 0.830000 -1.750890
v 0.750606 1.020000 -1.750890
v 0.756621 0.473000 -1.105950
v 0.756621 0.527000 -1.105950
v 0.759769 0.100000 -1.501128
v 0.759769 0.100000 -1.158748
v 0.765888 0.420000 -1.050436
v 0.765888 0.420000 -1.050436
v 0.765888 0.540000 -1.050436
v 0.765888 0.540000 -1.050436
v 0.767401 0.480908 -1.121707
v 0.767401 0.519092 -1.121707
v 0.769040 0.000000 -1.472597
v 0.769040 0.000000 -1.472597
v 0.769040 0.000000 -1.187280
v 0.769040 0.000000 -1.187280
v 0.771866 0.500000 -1.128234
v 0.772064 0.830000 -1.598294
v 0.772064 0.830000 -1.598294
v 0.772064 1.020000 -1.598294
v 0.772064 1.020000 -1.598294
v 0.778310 0.460000 -1.444065
v 0.778310 0.460000 -1.444065
v 0.778310 0.460000 -1.215811
v 0.778310 0.460000 -1.215811
v 0.780345 0.784038 -1.615436
v 0.780345 0.875962 -1.615436
v 0.780345 0.974038 -1.615436
v 0.780345 1.065962 -1.615436
v 0.800337 0.420000 -1.656823
v 0.800337 0.540000 -1.656823
v 0.800337 0.540000 -1.656823
v 0.800337 0.765000 -1.656823
v 0.800337 0.895000 -1.656823
v 0.800337 0.955000 -1.656823
v 0.800337 1.085000 -1.656823
v 0.804881 0.500000 -1.546032
v 0.804881 0.500000 -1.546032
v 0.805022 0.500000 -1.037260
v 0.805022 0.500000 -1.037260
v 0.808533 0.480908 -1.553047
v 0.808533 0.519092 -1.553047
v 0.809871 0.480908 -1.043507
v 0.809871 0.519092 -1.043507
v 0.812367 0.420000 -1.014919
v 0.812367 0.420000 -1.014919
v 0.812367 0.540000 -1.014919
v 0.812367 0.540000 -1.014919
v 0.815392 0.000000 -1.479938
v 0.815392 0.000000 -1.479938
v 0.815392 0.000000 -1.329938
v 0.815392 0.000000 -1.179938
v 0.815392 0.000000 -1.179938
v 0.815392 0.100000 -1.509938
v 0.815392 0.100000 -1.149938
v 0.815392 0.460000 -1.449938
v 0.815392 0.460000 -1.449938
v 0.815392 0.460000 -1.329938
v 0.815392 0.460000 -1.209938
v 0.815392 0.460000 -1.209938
v 0.817349 0.473000 -1.569981
v 0.817349 0.527000 -1.569981
v 0.820328 0.784038 -1.698209
v 0.820328 0.875962 -1.698209
v 0.820328 0.974038 -1.698209
v 0.820328 1.065962 -1.698209
v 0.821577 0.473000 -1.058590
v 0.821577 0.527000 -1.058590
v 0.826165 0.480908 -1.586915
v 0.826165 0.519092 -1.586915
v 0.826435 0.460000 -1.710849
v 0.826435 0.460000 -1.710849
v 0.828609 0.830000 -1.715352
v 0.828609 1.020000 -1.715352
v 0.829817 0.500000 -1.593930
v 0.833282 0.480908 -1.073672
v 0.833282 0.519092 -1.073672
v 0.838131 0.500000 -1.079919
v 0.843181 0.830000 -1.561944
v 0.843181 0.830000 -1.561944
v 0.843181 1.020000 -1.561944
v 0.843181 1.020000 -1.561944
v 0.852225 0.784038 -1.578697
v 0.852225 0.875962 -1.578697
v 0.852225 0.974038 -1.578697
v 0.852225 1.065962 -1.578697
v 0.852474 0.460000 -1.444065
v 0.852474 0.460000 -1.444065
v 0.852474 0.460000 -1.215811
v 0.852474 0.460000 -1.215811
v 0.857200 0.420000 -0.977347
v 0.857200 0.420000 -0.977347
v 0.857200 0.420000 -0.977347
v 0.857200 0.420000 -0.977347
v 0.857200 0.540000 -0.977347
v 0.857200 0.540000 -0.977347
v 0.857200 0.540000 -0.977347
v 0.857200 0.540000 -0.977347
v 0.861745 0.000000 -1.472597
v 0.861745 0.000000 -1.472597
v 0.861745 0.000000 -1.187280
v 0.861745 0.000000 -1.187280
v 0.866389 0.500000 -0.986596
v 0.866389 0.500000 -0.986596
v 0.866389 0.500000 -0.986596
v 0.866389 0.500000 -0.986596
v 0.871015 0.100000 -1.501128
v 0.871015 0.100000 -1.158748
v 0.871423 0.480908 -0.992695
v 0.871423 0.480908 -0.992695
v 0.871423 0.480908 -0.992695
v 0.871423 0.519092 -0.992695
v 0.871423 0.519092 -0.992695
v 0.871423 0.519092 -0.992695
v 0.874058 0.420000 -1.619142
v 0.874058 0.540000 -1.619142
v 0.874058 0.540000 -1.619142
v 0.874058 0.765000 -1.619142
v 0.874058 0.895000 -1.619142
v 0.874058 0.955000 -1.619142
v 0.874058 1.085000 -1.619142
v 0.883575 0.473000 -1.007420
v 0.883575 0.473000 -1.007420
v 0.883575 0.473000 -1.007420
v 0.883575 0.500000 -1.007420
v 0.883575 0.527000 -1.007420
v 0.883575 0.527000 -1.007420
v 0.883575 0.527000 -1.007420
v 0.885926 0.460000 -1.427020
v 0.885926 0.460000 -1.427020
v 0.885926 0.460000 -1.232856
v 0.885926 0.460000 -1.232856
v 0.895728 0.480908 -1.022144
v 0.895728 0.480908 -1.022144
v 0.895728 0.480908 -1.022144
v 0.895728 0.519092 -1.022144
v 0.895728 0.519092 -1.022144
v 0.895728 0.519092 -1.022144
v 0.895892 0.784038 -1.659587
v 0.895892 0.875962 -1.659587
v 0.895892 0.974038 -1.659587
v 0.895892 1.065962 -1.659587
v 0.896139 0.500000 -1.494986
v 0.896139 0.500000 -1.494986
v 0.900205 0.480908 -1.501769
v 0.900205 0.519092 -1.501769
v 0.900762 0.500000 -1.028243
v 0.900762 0.500000 -1.028243
v 0.900762 0.500000 -1.028243
v 0.902560 0.460000 -1.671941
v 0.902560 0.460000 -1.671941
v 0.903560 0.000000 -1.451291
v 0.903560 0.000000 -1.451291
v 0.903560 0.000000 -1.208586
v 0.903560 0.000000 -1.208586
v 0.904935 0.830000 -1.676340
v 0.904935 1.020000 -1.676340
v 0.910021 0.473000 -1.518144
v 0.910021 0.527000 -1.518144
v 0.912474 0.460000 -1.400472
v 0.912474 0.460000 -1.400472
v 0.912474 0.460000 -1.259404
v 0.912474 0.460000 -1.259404
v 0.912591 0.830000 -1.522433
v 0.912591 0.830000 -1.522433
v 0.912591 1.020000 -1.522433
v 0.912591 1.020000 -1.522433
v 0.919837 0.480908 -1.534520
v 0.919837 0.519092 -1.534520
v 0.921193 0.100000 -1.475561
v 0.921193 0.100000 -1.184315
v 0.922380 0.784038 -1.538762
v 0.922380 0.875962 -1.538762
v 0.922380 0.974038 -1.538762
v 0.922380 1.065962 -1.538762
v 0.923902 0.500000 -1.541303
v 0.929519 0.460000 -1.367020
v 0.929519 0.460000 -1.367020
v 0.929519 0.460000 -1.292856
v 0.929519 0.460000 -1.292856
v 0.935392 0.460000 -1.329938
v 0.935392 0.460000 -1.329938
v 0.935392 0.460000 -1.329938
v 0.936745 0.000000 -1.418106
v 0.936745 0.000000 -1.418106
v 0.936745 0.000000 -1.241770
v 0.936745 0.000000 -1.241770
v 0.946010 0.420000 -1.578184
v 0.946010 0.540000 -1.578184
v 0.946010 0.540000 -1.578184
v 0.946010 0.765000 -1.578184
v 0.946010 0.895000 -1.578184
v 0.946010 0.955000 -1.578184
v 0.946010 1.085000 -1.578184
v 0.958051 0.000000 -1.376291
v 0.958051 0.000000 -1.376291
v 0.958051 0.000000 -1.283586
v 0.958051 0.000000 -1.283586
v 0.961015 0.100000 -1.435740
v 0.961015 0.100000 -1.224137
v 0.965392 0.000000 -1.329938
v 0.965392 0.000000 -1.329938
v 0.965392 0.000000 -1.329938
v 0.969641 0.784038 -1.617606
v 0.969641 0.875962 -1.617606
v 0.969641 0.974038 -1.617606
v 0.969641 1.065962 -1.617606
v 0.976858 0.460000 -1.629646
v 0.976858 0.460000 -1.629646
v 0.979429 0.830000 -1.633935
v 0.979429 1.020000 -1.633935
v 0.980154 0.830000 -1.479839
v 0.980154 0.830000 -1.479839
v 0.980154 1.020000 -1.479839
v 0.980154 1.020000 -1.479839
v 0.984172 0.500000 -1.438560
v 0.984172 0.500000 -1.438560
v 0.986582 0.100000 -1.385561
v 0.986582 0.100000 -1.274315
v 0.988637 0.480908 -1.445087
v 0.988637 0.519092 -1.445087
v 0.990667 0.784038 -1.495711
v 0.990667 0.875962 -1.495711
v 0.990667 0.974038 -1.495711
v 0.990667 1.065962 -1.495711
v 0.995392 0.100000 -1.329938
v 0.995392 0.100000 -1.329938
v 0.999417 0.473000 -1.460844
v 0.999417 0.527000 -1.460844
v 1.010197 0.480908 -1.476601
v 1.010197 0.519092 -1.476601
v 1.014663 0.500000 -1.483128
v 1.016047 0.420000 -1.534030
v 1.016047 0.540000 -1.534030
v 1.016047 0.540000 -1.534030
v 1.016047 0.765000 -1.534030
v 1.016047 0.895000 -1.534030
v 1.016047 0.955000 -1.534030
v 1.016047 1.085000 -1.534030
v 1.041427 0.784038 -1.572349
v 1.041427 0.875962 -1.572349
v 1.041427 0.974038 -1.572349
v 1.041427 1.065962 -1.572349
v 1.045732 0.830000 -1.434249
v 1.045732 0.830000 -1.434249
v 1.045732 1.020000 -1.434249
v 1.045732 1.020000 -1.434249
v 1.049179 0.460000 -1.584053
v 1.049179 0.460000 -1.584053
v 1.051940 0.830000 -1.588222
v 1.051940 1.020000 -1.588222
v 1.056948 0.784038 -1.449632
v 1.056948 0.875962 -1.449632
v 1.056948 0.974038 -1.449632
v 1.056948 1.065962 -1.449632
v 1.068663 0.500000 -1.376956
v 1.068663 0.500000 -1.376956
v 1.073511 0.480908 -1.383204
v 1.073511 0.519092 -1.383204
v 1.078753 0.476000 -1.229954
v 1.084026 0.420000 -1.486771
v 1.084026 0.540000 -1.486771
v 1.084026 0.540000 -1.486771
v 1.084026 0.765000 -1.486771
v 1.084026 0.895000 -1.486771
v 1.084026 0.955000 -1.486771
v 1.084026 1.085000 -1.486771
v 1.085217 0.473000 -1.398286
v 1.085217 0.527000 -1.398286
v 1.086860 0.441714 -1.399631
v 1.086860 0.441714 -1.399631
v 1.086860 0.441714 -1.399631
v 1.096922 0.480908 -1.413369
v 1.096922 0.519092 -1.413369
v 1.099974 0.439716 -1.431415
v 1.099974 0.439716 -1.431415
v 1.099974 0.439716 -1.431415
v 1.100088 0.442707 -1.367846
v 1.100088 0.442707 -1.367846
v 1.100088 0.442707 -1.367846
v 1.101771 0.500000 -1.419616
v 1.109193 0.830000 -1.385755
v 1.109193 0.830000 -1.385755
v 1.109193 1.020000 -1.385755
v 1.109193 1.020000 -1.385755
v 1.111105 0.784038 -1.523909
v 1.111105 0.875962 -1.523909
v 1.111105 0.974038 -1.523909
v 1.111105 1.065962 -1.523909
v 1.112012 1.101714 -1.430734
v 1.112012 1.101714 -1.430734
v 1.112012 1.101714 -1.430734
v 1.119375 0.460000 -1.535252
v 1.119375 0.460000 -1.535252
v 1.121090 0.784038 -1.400618
v 1.121090 0.875962 -1.400618
v 1.121090 0.974038 -1.400618
v 1.121090 1.065962 -1.400618
v 1.122321 0.830000 -1.539292
v 1.122321 1.020000 -1.539292
v 1.125125 1.099716 -1.462518
v 1.125125 1.099716 -1.462518
v 1.125125 1.099716 -1.462518
v 1.125239 1.102707 -1.398949
v 1.125239 1.102707 -1.398949
v 1.125239 1.102707 -1.398949
v 1.131747 0.437885 -1.444581
v 1.131747 0.437885 -1.444581
v 1.131747 0.437885 -1.444581
v 1.131827 0.440000 -1.399631
v 1.131908 0.442115 -1.354681
v 1.131908 0.442115 -1.354681
v 1.131908 0.442115 -1.354681
v 1.149811 0.420000 -1.436501
v 1.149811 0.540000 -1.436501
v 1.149811 0.540000 -1.436501
v 1.149811 0.765000 -1.436501
v 1.149811 0.895000 -1.436501
v 1.149811 0.955000 -1.436501
v 1.149811 1.085000 -1.436501
v 1.149924 0.500000 -1.309872
v 1.149924 0.500000 -1.309872
v 1.149924 0.500000 -1.309872
v 1.149924 0.500000 -1.309872
v 1.154958 0.480908 -1.315972
v 1.154958 0.480908 -1.315972
v 1.154958 0.480908 -1.315972
v 1.154958 0.519092 -1.315972
v 1.154958 0.519092 -1.315972
v 1.154958 0.519092 -1.315972
v 1.156899 1.097885 -1.475684
v 1.156899 1.097885 -1.475684
v 1.156899 1.097885 -1.475684
v 1.156979 1.100000 -1.430734
v 1.157060 1.102115 -1.385784
v 1.157060 1.102115 -1.385784
v 1.157060 1.102115 -1.385784
v 1.163567 0.437293 -1.431415
v 1.163567 0.437293 -1.431415
v 1.163567 0.437293 -1.431415
v 1.163681 0.440284 -1.367846
v 1.163681 0.440284 -1.367846
v 1.163681 0.440284 -1.367846
v 1.167111 0.473000 -1.330696
v 1.167111 0.473000 -1.330696
v 1.167111 0.473000 -1.330696
v 1.167111 0.500000 -1.330696
v 1.167111 0.527000 -1.330696
v 1.167111 0.527000 -1.330696
v 1.167111 0.527000 -1.330696
v 1.171518 0.830000 -1.333503
v 1.171518 0.830000 -1.333503
v 1.171518 0.830000 -1.333503
v 1.171518 0.830000 -1.333503
v 1.171518 1.020000 -1.333503
v 1.171518 1.020000 -1.333503
v 1.171518 1.020000 -1.333503
v 1.171518 1.020000 -1.333503
v 1.176795 0.438286 -1.399631
v 1.176795 0.438286 -1.399631
v 1.176795 0.438286 -1.399631
v 1.176795 0.438286 -1.399631
v 1.178533 0.784038 -1.472384
v 1.178533 0.875962 -1.472384
v 1.178533 0.974038 -1.472384
v 1.178533 1.065962 -1.472384
v 1.179264 0.480908 -1.345421
v 1.179264 0.480908 -1.345421
v 1.179264 0.480908 -1.345421
v 1.179264 0.519092 -1.345421
v 1.179264 0.519092 -1.345421
v 1.179264 0.519092 -1.345421
v 1.183746 0.784038 -1.348095
v 1.183746 0.784038 -1.348095
v 1.183746 0.784038 -1.348095
v 1.183746 0.875962 -1.348095
v 1.183746 0.875962 -1.348095
v 1.183746 0.875962 -1.348095
v 1.183746 0.974038 -1.348095
v 1.183746 0.974038 -1.348095
v 1.183746 0.974038 -1.348095
v 1.183746 1.065962 -1.348095
v 1.183746 1.065962 -1.348095
v 1.183746 1.065962 -1.348095
v 1.184297 0.500000 -1.351520
v 1.184297 0.500000 -1.351520
v 1.184297 0.500000 -1.351520
v 1.187305 0.460000 -1.483343
v 1.187305 0.460000 -1.483343
v 1.188719 1.097293 -1.462518
v 1.188719 1.097293 -1.462518
v 1.188719 1.097293 -1.462518
v 1.188833 1.100284 -1.398949
v 1.188833 1.100284 -1.398949
v 1.188833 1.100284 -1.398949
v 1.190429 0.830000 -1.487247
v 1.190429 1.020000 -1.487247
v 1.201947 1.098286 -1.430734
v 1.201947 1.098286 -1.430734
v 1.201947 1.098286 -1.430734
v 1.201947 1.098286 -1.430734
v 1.213268 0.420000 -1.383323
v 1.213268 0.420000 -1.383323
v 1.213268 0.420000 -1.383323
v 1.213268 0.540000 -1.383323
v 1.213268 0.540000 -1.383323
v 1.213268 0.540000 -1.383323
v 1.213268 0.540000 -1.383323
v 1.213268 0.765000 -1.383323
v 1.213268 0.765000 -1.383323
v 1.213268 0.765000 -1.383323
v 1.213268 0.830000 -1.383323
v 1.213268 0.895000 -1.383323
v 1.213268 0.895000 -1.383323
v 1.213268 0.895000 -1.383323
v 1.213268 0.955000 -1.383323
v 1.213268 0.955000 -1.383323
v 1.213268 0.955000 -1.383323
v 1.213268 1.020000 -1.383323
v 1.213268 1.085000 -1.383323
v 1.213268 1.085000 -1.383323
v 1.213268 1.085000 -1.383323
v 1.242789 0.784038 -1.418550
v 1.242789 0.784038 -1.418550
v 1.242789 0.784038 -1.418550
v 1.242789 0.875962 -1.418550
v 1.242789 0.875962 -1.418550
v 1.242789 0.875962 -1.418550
v 1.242789 0.974038 -1.418550
v 1.242789 0.974038 -1.418550
v 1.242789 0.974038 -1.418550
v 1.242789 1.065962 -1.418550
v 1.242789 1.065962 -1.418550
v 1.242789 1.065962 -1.418550
v 1.252831 0.460000 -1.428431
v 1.252831 0.460000 -1.428431
v 1.252831 0.460000 -1.428431
v 1.252831 0.460000 -1.428431
v 1.255018 0.830000 -1.433142
v 1.255018 0.830000 -1.433142
v 1.255018 0.830000 -1.433142
v 1.255018 1.020000 -1.433142
v 1.255018 1.020000 -1.433142
v 1.255018 1.020000 -1.433142
vt 0.000000 0.000000
vt 1.000000 0.000000
vt 0.500000 0.000000
vt 0.000000 0.000000
vt 1.000000 0.000000
vt 0.500000 0.000000
vt 0.000000 0.000000
vt 1.000000 1.000000
vt -0.456000 0.230000
vt -0.456000 0.230000
vt 0.000000 0.000000
vt 1.000000 0.000000
vt 0.375000 0.000000
vt 0.000000 0.000000
vt 1.000000 0.000000
vt 0.625000 0.000000
vt 0.000000 0.000000
vt 1.000000 0.000000
vt 0.375000 0.000000
vt 0.000000 0.000000
vt 1.000000 0.000000
vt 0.625000 0.000000
vt 0.000000 0.000000
vt 1.000000 1.000000
vt -0.441600 0.210000
vt 0.000000 0.000000
vt 1.000000 1.000000
vt -0.441600 0.270000
vt -0.441600 0.270000
vt 0.000000 0.000000
vt 1.000000 0.000000
vt 0.250000 0.000000
vt 0.500000 0.500000
vt 0.000000 0.000000
vt 1.000000 0.000000
vt 0.750000 0.000000
vt 0.000000 0.000000
vt 1.000000 0.000000
vt 0.250000 0.000000
vt 0.500000 0.500000
vt 0.000000 0.000000
vt 1.000000 0.000000
vt 0.750000 0.000000
vt 0.500000 0.200000
vt 0.000000 0.000000
vt 1.000000 0.000000
vt 0.500000 0.200000
vt 0.500000 0.200000
vt 0.625000 0.200000
vt 0.000000 0.000000
vt 1.000000 0.000000
vt 0.375000 0.200000
vt 0.000000 0.000000
vt 1.000000 0.000000
vt -0.427500 0.230000
vt -0.427500 0.230000
vt 0.000000 0.000000
vt 1.000000 0.000000
vt 0.500000 0.000000
vt 0.000000 0.000000
vt 1.000000 0.000000
vt 0.125000 0.000000
vt 0.000000 0.000000
vt 1.000000 0.000000
vt 0.875000 0.000000
vt 0.000000 0.000000
vt 1.000000 0.000000
vt 0.125000 0.000000
vt 0.000000 0.000000
vt 1.000000 0.000000
vt 0.875000 0.000000
vt 0.000000 0.000000
vt 1.000000 0.000000
vt 0.375000 0.000000
vt 0.000000 0.000000
vt 1.000000 0.000000
vt 0.625000 0.000000
vt 0.375000 0.200000
vt 0.625000 0.200000
vt 0.375000 0.200000
vt 0.625000 0.200000
vt 0.500000 0.000000
vt 0.000000 0.000000
vt 1.000000 0.000000
vt 0.000000 0.000000
vt 1.000000 0.000000
vt 0.000000 0.000000
vt 1.000000 0.000000
vt 0.000000 0.000000
vt 1.000000 0.000000
vt 0.000000 0.000000
vt 1.000000 0.000000
vt 0.000000 0.000000
vt 1.000000 0.000000
vt 0.250000 0.000000
vt 0.500000 0.500000
vt 0.000000 0.000000
vt 1.000000 0.000000
vt 0.750000 0.000000
vt 0.625000 0.000000
vt 0.000000 0.000000
vt 1.000000 0.000000
vt 0.375000 0.000000
vt 0.000000 0.000000
vt 1.000000 0.000000
vt 0.000000 0.000000
vt 1.000000 0.000000
vt 0.750000 0.200000
vt 0.500000 0.500000
vt 0.000000 0.000000
vt 1.000000 0.000000
vt 0.250000 0.200000
vt 0.000000 0.000000
vt 1.000000 0.000000
vt 0.125000 0.000000
vt 0.000000 0.000000
vt 1.000000 0.000000
vt 0.875000 0.000000
vt 0.000000 0.000000
vt 1.000000 0.000000
vt 0.000000 0.000000
vt 1.000000 0.000000
vt -0.414000 0.210000
vt -0.414000 0.270000
vt -0.414000 0.270000
vt 0.250000 0.200000
vt 0.750000 0.200000
vt 0.250000 0.200000
vt 0.750000 0.200000
vt 0.750000 0.000000
vt 0.000000 0.000000
vt 1.000000 0.000000
vt 0.500000 0.500000
vt 0.250000 0.000000
vt 0.000000 0.000000
vt 1.000000 0.000000
vt 0.000000 0.000000
vt 1.000000 0.000000
vt 0.875000 0.200000
vt 0.000000 0.000000
vt 1.000000 0.000000
vt 0.125000 0.200000
vt 0.500000 0.400000
vt 0.500000 0.400000
vt 0.125000 0.200000
vt 0.875000 0.200000
vt 0.125000 0.200000
vt 0.875000 0.200000
vt -0.399000 0.230000
vt -0.399000 0.230000
vt 0.000000 0.000000
vt 1.000000 0.000000
vt 0.000000 0.200000
vt 1.000000 0.200000
vt 0.375000 0.400000
vt 0.625000 0.400000
vt 0.375000 0.400000
vt 0.625000 0.400000
vt 0.000000 0.200000
vt 1.000000 0.200000
vt 0.000000 0.200000
vt 1.000000 0.200000
vt 0.500000 0.200000
vt 0.000000 0.000000
vt 1.000000 0.000000
vt 0.875000 0.000000
vt 0.000000 0.000000
vt 1.000000 0.000000
vt 0.125000 0.000000
vt 0.375000 0.200000
vt 0.625000 0.200000
vt 0.000000 0.000000
vt 1.000000 0.000000
vt 0.000000 0.000000
vt 1.000000 0.000000
vt 0.250000 0.200000
vt 0.750000 0.200000
vt -0.386400 0.210000
vt -0.386400 0.270000
vt -0.386400 0.270000
vt 0.250000 0.400000
vt 0.750000 0.400000
vt 0.250000 0.400000
vt 0.750000 0.400000
vt 0.500000 0.500000
vt 0.125000 0.200000
vt 0.875000 0.200000
vt 0.000000 0.200000
vt 1.000000 0.200000
vt 0.125000 0.400000
vt 0.875000 0.400000
vt 0.125000 0.400000
vt 0.875000 0.400000
vt 0.500000 0.600000
vt 0.500000 0.600000
vt -0.370500 0.230000
vt -0.370500 0.230000
vt 0.000000 0.400000
vt 1.000000 0.400000
vt 0.000000 0.400000
vt 1.000000 0.400000
vt 0.375000 0.600000
vt 0.625000 0.600000
vt 0.375000 0.600000
vt 0.625000 0.600000
vt -0.358800 0.210000
vt -0.358800 0.270000
vt -0.358800 0.270000
vt 0.250000 0.600000
vt 0.750000 0.600000
vt 0.250000 0.600000
vt 0.750000 0.600000
vt 0.500000 0.400000
vt 0.375000 0.400000
vt 0.625000 0.400000
vt 0.250000 0.400000
vt 0.750000 0.400000
vt 0.500000 0.062500
vt 0.125000 0.600000
vt 0.875000 0.600000
vt 0.125000 0.600000
vt 0.875000 0.600000
vt 0.125000 0.400000
vt 0.875000 0.400000
vt 0.550000 0.062500
vt 0.450000 0.062500
vt 0.000000 0.400000
vt 1.000000 0.400000
vt 0.000000 0.600000
vt 1.000000 0.600000
vt 0.000000 0.600000
vt 1.000000 0.600000
vt 0.500000 0.800000
vt 0.500000 0.800000
vt -0.342000 0.230000
vt -0.342000 0.230000
vt 0.375000 0.800000
vt 0.625000 0.800000
vt 0.375000 0.800000
vt 0.625000 0.800000
vt 0.500000 0.000000
vt 0.083333 0.500000
vt 0.600000 0.062500
vt 0.400000 0.062500
vt 0.550000 0.000000
vt 0.103726 0.371243
vt 0.450000 0.000000
vt 0.103726 0.628757
vt -0.331200 0.210000
vt -0.331200 0.270000
vt -0.331200 0.270000
vt 0.250000 0.800000
vt 0.750000 0.800000
vt 0.250000 0.800000
vt 0.750000 0.800000
vt 0.600000 0.000000
vt 0.162910 0.255089
vt 0.400000 0.000000
vt 0.162910 0.744911
vt 0.500000 0.287500
vt 0.166667 0.500000
vt 0.550000 0.287500
vt 0.182981 0.396994
vt 0.450000 0.287500
vt 0.182981 0.603006
vt 0.500000 0.600000
vt 0.125000 0.800000
vt 0.875000 0.800000
vt 0.125000 0.800000
vt 0.875000 0.800000
vt 0.650000 0.062500
vt 0.350000 0.062500
vt 0.375000 0.600000
vt 0.625000 0.600000
vt 0.000000 0.800000
vt 1.000000 0.800000
vt 0.000000 0.800000
vt 1.000000 0.800000
vt 0.600000 0.287500
vt 0.230328 0.304072
vt 0.400000 0.287500
vt 0.230328 0.695928
vt 0.250000 0.600000
vt 0.750000 0.600000
vt 0.500000 1.000000
vt 0.500000 1.000000
vt 0.650000 0.000000
vt 0.255089 0.162910
vt 0.350000 0.000000
vt 0.255089 0.837090
vt -0.313500 0.230000
vt -0.313500 0.230000
vt 0.000000 0.000000
vt 1.000000 0.000000
vt 0.500000 0.000000
vt 0.125000 0.600000
vt 0.875000 0.600000
vt 0.000000 0.600000
vt 1.000000 0.600000
vt 0.375000 1.000000
vt 0.625000 1.000000
vt 0.375000 1.000000
vt 0.625000 1.000000
vt 0.000000 0.000000
vt 1.000000 0.000000
vt 0.375000 0.000000
vt 0.000000 0.000000
vt 1.000000 0.000000
vt 0.625000 0.000000
vt 0.650000 0.287500
vt 0.304072 0.230328
vt 0.350000 0.287500
vt 0.304072 0.769672
vt 0.000000 0.000000
vt 1.000000 0.000000
vt 0.250000 0.000000
vt 0.500000 0.500000
vt 0.000000 0.000000
vt 1.000000 0.000000
vt 0.750000 0.000000
vt -0.303600 0.210000
vt -0.303600 0.270000
vt -0.303600 0.270000
vt 0.250000 1.000000
vt 0.750000 1.000000
vt 0.250000 1.000000
vt 0.750000 1.000000
vt 0.000000 0.000000
vt 1.000000 0.000000
vt 0.125000 0.000000
vt 0.000000 0.000000
vt 1.000000 0.000000
vt 0.875000 0.000000
vt 0.700000 0.062500
vt 0.300000 0.062500
vt 0.000000 0.000000
vt 1.000000 0.000000
vt 0.000000 0.000000
vt 1.000000 0.000000
vt 0.700000 0.000000
vt 0.371243 0.103726
vt 0.300000 0.000000
vt 0.371243 0.896274
vt 0.000000 0.000000
vt 1.000000 1.000000
vt -0.312000 0.210000
vt -0.312000 0.210000
vt 0.000000 0.000000
vt 1.000000 1.000000
vt -0.312000 0.270000
vt -0.312000 0.270000
vt 0.700000 0.287500
vt 0.396994 0.182981
vt 0.300000 0.287500
vt 0.396994 0.817019
vt 0.125000 1.000000
vt 0.875000 1.000000
vt 0.125000 1.000000
vt 0.875000 1.000000
vt 0.000000 1.000000
vt 1.000000 1.000000
vt 0.000000 1.000000
vt 1.000000 1.000000
vt 0.500000 0.200000
vt 0.375000 0.200000
vt 0.625000 0.200000
vt 0.500000 0.800000
vt 0.500000 1.200000
vt 0.500000 1.200000
vt -0.285000 0.230000
vt -0.285000 0.230000
vt 0.375000 0.800000
vt 0.625000 0.800000
vt 0.250000 0.200000
vt 0.750000 0.200000
vt 0.375000 1.200000
vt 0.625000 1.200000
vt 0.375000 1.200000
vt 0.625000 1.200000
vt 0.250000 0.800000
vt 0.750000 0.800000
vt 0.500000 0.083333
vt 0.750000 0.000000
vt 0.500000 0.500000
vt 0.500000 0.916667
vt 0.250000 0.000000
vt 0.750000 0.062500
vt 0.250000 0.062500
vt 0.750000 0.287500
vt 0.500000 0.166667
vt 0.500000 0.500000
vt 0.250000 0.287500
vt 0.500000 0.833333
vt -0.292500 0.210000
vt -0.292500 0.210000
vt -0.292500 0.270000
vt -0.292500 0.270000
vt 0.125000 0.200000
vt 0.875000 0.200000
vt 0.125000 0.800000
vt 0.875000 0.800000
vt 0.000000 0.200000
vt 1.000000 0.200000
vt 0.000000 0.800000
vt 1.000000 0.800000
vt -0.276000 0.210000
vt -0.276000 0.270000
vt -0.276000 0.270000
vt 0.250000 1.200000
vt 0.750000 1.200000
vt 0.250000 1.200000
vt 0.750000 1.200000
vt 0.125000 1.200000
vt 0.875000 1.200000
vt 0.125000 1.200000
vt 0.875000 1.200000
vt 0.603006 0.182981
vt 0.800000 0.287500
vt 0.603006 0.817019
vt 0.200000 0.287500
vt 0.000000 1.200000
vt 1.000000 1.200000
vt 0.000000 1.200000
vt 1.000000 1.200000
vt 0.500000 0.400000
vt 0.628757 0.103726
vt 0.800000 0.000000
vt 0.628757 0.896274
vt 0.200000 0.000000
vt 0.375000 0.400000
vt 0.625000 0.400000
vt -0.273000 0.210000
vt -0.273000 0.210000
vt -0.273000 0.270000
vt -0.273000 0.270000
vt 0.800000 0.062500
vt 0.200000 0.062500
vt 0.250000 0.400000
vt 0.750000 0.400000
vt 0.500000 1.400000
vt 0.500000 1.400000
vt -0.256500 0.230000
vt -0.256500 0.230000
vt 0.125000 0.400000
vt 0.875000 0.400000
vt 0.695928 0.230328
vt 0.850000 0.287500
vt 0.695928 0.769672
vt 0.150000 0.287500
vt 0.375000 1.400000
vt 0.625000 1.400000
vt 0.375000 1.400000
vt 0.625000 1.400000
vt 0.000000 0.400000
vt 1.000000 0.400000
vt 0.500000 1.000000
vt 0.375000 1.000000
vt 0.625000 1.000000
vt 0.744911 0.162910
vt 0.850000 0.000000
vt 0.744911 0.837090
vt 0.150000 0.000000
vt -0.248400 0.210000
vt -0.248400 0.270000
vt -0.248400 0.270000
vt 0.250000 1.400000
vt 0.750000 1.400000
vt 0.250000 1.400000
vt 0.750000 1.400000
vt 0.250000 1.000000
vt 0.750000 1.000000
vt 0.769672 0.304072
vt 0.900000 0.287500
vt 0.769672 0.695928
vt 0.100000 0.287500
vt -0.253500 0.210000
vt -0.253500 0.210000
vt -0.253500 0.270000
vt -0.253500 0.270000
vt 0.125000 1.000000
vt 0.875000 1.000000
vt 0.000000 1.000000
vt 1.000000 1.000000
vt 0.850000 0.062500
vt 0.150000 0.062500
vt 0.125000 1.400000
vt 0.875000 1.400000
vt 0.125000 1.400000
vt 0.875000 1.400000
vt 0.500000 0.600000
vt 0.817019 0.396994
vt 0.950000 0.287500
vt 0.817019 0.603006
vt 0.050000 0.287500
vt 0.000000 1.400000
vt 1.000000 1.400000
vt 0.000000 1.400000
vt 1.000000 1.400000
vt 0.375000 0.600000
vt 0.625000 0.600000
vt 0.833333 0.500000
vt 0.000000 0.287500
vt 1.000000 0.287500
vt 0.837090 0.255089
vt 0.900000 0.000000
vt 0.837090 0.744911
vt 0.100000 0.000000
vt 0.250000 0.600000
vt 0.750000 0.600000
vt 0.125000 0.600000
vt 0.875000 0.600000
vt 0.000000 0.600000
vt 1.000000 0.600000
vt 0.896274 0.371243
vt 0.950000 0.000000
vt 0.896274 0.628757
vt 0.050000 0.000000
vt 0.500000 1.600000
vt 0.500000 1.600000
vt 0.900000 0.062500
vt 0.100000 0.062500
vt -0.228000 0.230000
vt -0.228000 0.230000
vt -0.234000 0.210000
vt -0.234000 0.210000
vt -0.234000 0.270000
vt -0.234000 0.270000
vt 0.916667 0.500000
vt 0.000000 0.000000
vt 1.000000 0.000000
vt 0.375000 1.600000
vt 0.625000 1.600000
vt 0.375000 1.600000
vt 0.625000 1.600000
vt -0.220800 0.210000
vt -0.220800 0.270000
vt -0.220800 0.270000
vt 0.250000 1.600000
vt 0.750000 1.600000
vt 0.250000 1.600000
vt 0.750000 1.600000
vt 0.950000 0.062500
vt 0.050000 0.062500
vt 0.000000 0.062500
vt 1.000000 0.062500
vt 0.500000 1.200000
vt 0.125000 1.600000
vt 0.875000 1.600000
vt 0.125000 1.600000
vt 0.875000 1.600000
vt 0.500000 0.800000
vt 0.375000 1.200000
vt 0.625000 1.200000
vt 0.375000 0.800000
vt 0.625000 0.800000
vt 0.000000 1.600000
vt 1.000000 1.600000
vt 0.000000 1.600000
vt 1.000000 1.600000
vt 0.250000 1.200000
vt 0.750000 1.200000
vt 0.250000 0.800000
vt 0.750000 0.800000
vt -0.214500 0.210000
vt -0.214500 0.210000
vt -0.214500 0.270000
vt -0.214500 0.270000
vt 0.125000 1.200000
vt 0.875000 1.200000
vt 0.000000 1.200000
vt 1.000000 1.200000
vt 0.125000 0.800000
vt 0.875000 0.800000
vt 0.000000 0.800000
vt 1.000000 0.800000
vt 0.500000 1.800000
vt 0.500000 1.800000
vt -0.199500 0.230000
vt -0.199500 0.230000
vt 0.375000 1.800000
vt 0.625000 1.800000
vt 0.375000 1.800000
vt 0.625000 1.800000
vt -0.193200 0.210000
vt -0.193200 0.270000
vt -0.193200 0.270000
vt 0.250000 1.800000
vt 0.750000 1.800000
vt 0.250000 1.800000
vt 0.750000 1.800000
vt -0.195000 0.210000
vt -0.195000 0.210000
vt -0.195000 0.270000
vt -0.195000 0.270000
vt 0.500000 1.000000
vt 0.125000 1.800000
vt 0.875000 1.800000
vt 0.125000 1.800000
vt 0.875000 1.800000
vt 0.375000 1.000000
vt 0.625000 1.000000
vt 0.000000 1.800000
vt 1.000000 1.800000
vt 0.000000 1.800000
vt 1.000000 1.800000
vt 0.250000 1.000000
vt 0.750000 1.000000
vt 0.125000 1.000000
vt 0.875000 1.000000
vt 0.000000 1.000000
vt 1.000000 1.000000
vt 0.500000 1.400000
vt 0.375000 1.400000
vt 0.625000 1.400000
vt 0.250000 1.400000
vt 0.750000 1.400000
vt 0.125000 1.400000
vt 0.875000 1.400000
vt 0.000000 1.400000
vt 1.000000 1.400000
vt -0.175500 0.210000
vt -0.175500 0.210000
vt -0.175500 0.270000
vt -0.175500 0.270000
vt 0.500000 2.000000
vt 0.500000 2.000000
vt -0.171000 0.230000
vt -0.171000 0.230000
vt 0.375000 2.000000
vt 0.625000 2.000000
vt 0.375000 2.000000
vt 0.625000 2.000000
vt -0.165600 0.210000
vt -0.165600 0.270000
vt -0.165600 0.270000
vt 0.250000 2.000000
vt 0.750000 2.000000
vt 0.250000 2.000000
vt 0.750000 2.000000
vt 0.500000 1.200000
vt 0.375000 1.200000
vt 0.625000 1.200000
vt 0.125000 2.000000
vt 0.875000 2.000000
vt 0.125000 2.000000
vt 0.875000 2.000000
vt 0.000000 2.000000
vt 1.000000 2.000000
vt 0.000000 2.000000
vt 1.000000 2.000000
vt 0.250000 1.200000
vt 0.750000 1.200000
vt 0.125000 1.200000
vt 0.875000 1.200000
vt 0.000000 1.200000
vt 1.000000 1.200000
vt -0.156000 0.210000
vt -0.156000 0.210000
vt -0.156000 0.270000
vt -0.156000 0.270000
vt 0.500000 1.600000
vt 0.375000 1.600000
vt 0.625000 1.600000
vt 0.500000 2.200000
vt 0.500000 2.200000
vt -0.142500 0.230000
vt -0.142500 0.230000
vt 0.375000 2.200000
vt 0.625000 2.200000
vt 0.375000 2.200000
vt 0.625000 2.200000
vt 0.250000 1.600000
vt 0.750000 1.600000
vt 0.125000 1.600000
vt 0.875000 1.600000
vt 0.000000 1.600000
vt 1.000000 1.600000
vt -0.138000 0.210000
vt -0.138000 0.270000
vt -0.138000 0.270000
vt 0.250000 2.200000
vt 0.750000 2.200000
vt 0.250000 2.200000
vt 0.750000 2.200000
vt 0.500000 1.400000
vt -0.136500 0.210000
vt -0.136500 0.210000
vt -0.136500 0.270000
vt -0.136500 0.270000
vt 0.375000 1.400000
vt 0.625000 1.400000
vt 0.125000 2.200000
vt 0.875000 2.200000
vt 0.125000 2.200000
vt 0.875000 2.200000
vt 0.000000 2.200000
vt 1.000000 2.200000
vt 0.000000 2.200000
vt 1.000000 2.200000
vt 0.250000 1.400000
vt 0.750000 1.400000
vt 0.125000 1.400000
vt 0.875000 1.400000
vt 0.000000 1.400000
vt 1.000000 1.400000
vt -0.117000 0.210000
vt -0.117000 0.210000
vt -0.117000 0.270000
vt -0.117000 0.270000
vt 0.500000 2.400000
vt 0.500000 2.400000
vt -0.114000 0.230000
vt -0.114000 0.230000
vt 0.375000 2.400000
vt 0.625000 2.400000
vt 0.375000 2.400000
vt 0.625000 2.400000
vt -0.110400 0.210000
vt -0.110400 0.270000
vt -0.110400 0.270000
vt 0.250000 2.400000
vt 0.750000 2.400000
vt 0.250000 2.400000
vt 0.750000 2.400000
vt 0.500000 1.600000
vt 0.375000 1.600000
vt 0.625000 1.600000
vt 0.500000 1.800000
vt 0.125000 2.400000
vt 0.875000 2.400000
vt 0.125000 2.400000
vt 0.875000 2.400000
vt 0.375000 1.800000
vt 0.625000 1.800000
vt 0.250000 1.600000
vt 0.750000 1.600000
vt 0.000000 2.400000
vt 1.000000 2.400000
vt 0.000000 2.400000
vt 1.000000 2.400000
vt 0.250000 1.800000
vt 0.750000 1.800000
vt 0.125000 1.600000
vt 0.875000 1.600000
vt 0.125000 1.800000
vt 0.875000 1.800000
vt 0.000000 1.600000
vt 1.000000 1.600000
vt 0.000000 1.800000
vt 1.000000 1.800000
vt -0.097500 0.210000
vt -0.097500 0.210000
vt -0.097500 0.270000
vt -0.097500 0.270000
vt 0.500000 2.600000
vt 0.500000 2.600000
vt -0.085500 0.230000
vt -0.085500 0.230000
vt 0.375000 2.600000
vt 0.625000 2.600000
vt 0.375000 2.600000
vt 0.625000 2.600000
vt -0.082800 0.210000
vt -0.082800 0.270000
vt -0.082800 0.270000
vt 0.250000 2.600000
vt 0.750000 2.600000
vt 0.250000 2.600000
vt 0.750000 2.600000
vt 0.500000 1.800000
vt 0.375000 1.800000
vt 0.625000 1.800000
vt 0.125000 2.600000
vt 0.875000 2.600000
vt 0.125000 2.600000
vt 0.875000 2.600000
vt 0.250000 1.800000
vt 0.750000 1.800000
vt 0.000000 2.600000
vt 1.000000 2.600000
vt 0.000000 2.600000
vt 1.000000 2.600000
vt 0.125000 1.800000
vt 0.875000 1.800000
vt 0.000000 1.800000
vt 1.000000 1.800000
vt -0.078000 0.210000
vt -0.078000 0.210000
vt -0.078000 0.270000
vt -0.078000 0.270000
vt 0.500000 2.000000
vt 0.375000 2.000000
vt 0.625000 2.000000
vt 0.250000 2.000000
vt 0.750000 2.000000
vt 0.125000 2.000000
vt 0.875000 2.000000
vt 0.000000 2.000000
vt 1.000000 2.000000
vt -0.058500 0.210000
vt -0.058500 0.210000
vt -0.058500 0.270000
vt -0.058500 0.270000
vt 0.500000 2.800000
vt 0.500000 2.800000
vt -0.057000 0.230000
vt -0.057000 0.230000
vt 0.375000 2.800000
vt 0.625000 2.800000
vt 0.375000 2.800000
vt 0.625000 2.800000
vt -0.055200 0.210000
vt -0.055200 0.270000
vt -0.055200 0.270000
vt 0.250000 2.800000
vt 0.750000 2.800000
vt 0.250000 2.800000
vt 0.750000 2.800000
vt 0.500000 2.000000
vt 0.375000 2.000000
vt 0.625000 2.000000
vt 0.125000 2.800000
vt 0.875000 2.800000
vt 0.125000 2.800000
vt 0.875000 2.800000
vt 0.250000 2.000000
vt 0.750000 2.000000
vt 0.000000 2.800000
vt 1.000000 2.800000
vt 0.000000 2.800000
vt 1.000000 2.800000
vt 0.125000 2.000000
vt 0.875000 2.000000
vt 0.000000 2.000000
vt 1.000000 2.000000
vt -0.039000 0.210000
vt -0.039000 0.210000
vt -0.039000 0.270000
vt -0.039000 0.270000
vt 0.500000 2.200000
vt 0.375000 2.200000
vt 0.625000 2.200000
vt 0.250000 2.200000
vt 0.750000 2.200000
vt 0.125000 2.200000
vt 0.875000 2.200000
vt 0.000000 2.200000
vt 1.000000 2.200000
vt 0.500000 3.000000
vt 0.500000 3.000000
vt -0.028500 0.230000
vt -0.028500 0.230000
vt 0.375000 3.000000
vt 0.625000 3.000000
vt 0.375000 3.000000
vt 0.625000 3.000000
vt -0.027600 0.210000
vt -0.027600 0.270000
vt -0.027600 0.270000
vt 0.250000 3.000000
vt 0.750000 3.000000
vt 0.250000 3.000000
vt 0.750000 3.000000
vt 0.500000 2.200000
vt 0.375000 2.200000
vt 0.625000 2.200000
vt 0.125000 3.000000
vt 0.875000 3.000000
vt 0.125000 3.000000
vt 0.875000 3.000000
vt 0.250000 2.200000
vt 0.750000 2.200000
vt 0.000000 3.000000
vt 1.000000 3.000000
vt 0.000000 3.000000
vt 1.000000 3.000000
vt 0.125000 2.200000
vt 0.875000 2.200000
vt 0.000000 2.200000
vt 1.000000 2.200000
vt -0.019500 0.210000
vt -0.019500 0.210000
vt -0.019500 0.270000
vt -0.019500 0.270000
vt 0.000000 0.210000
vt 0.000000 0.210000
vt 0.000000 0.210000
vt 0.000000 0.230000
vt 0.000000 0.230000
vt 0.250000 2.400000
vt 0.250000 2.400000
vt 0.375000 2.400000
vt 0.125000 2.400000
vt 0.375000 2.400000
vt 0.125000 2.400000
vt 0.500000 2.400000
vt 0.000000 2.400000
vt 1.000000 2.400000
vt 0.500000 2.400000
vt 0.000000 2.400000
vt 1.000000 2.400000
vt 0.625000 2.400000
vt 0.875000 2.400000
vt 0.625000 2.400000
vt 0.875000 2.400000
vt 0.750000 2.400000
vt 0.750000 2.400000
vt 0.000000 0.270000
vt 0.000000 0.270000
vt 0.000000 0.270000
vt 0.000000 0.270000
vt 0.250000 3.200000
vt 0.375000 3.200000
vt 0.125000 3.200000
vt 0.500000 3.200000
vt 0.000000 3.200000
vt 1.000000 3.200000
vt 0.625000 3.200000
vt 0.875000 3.200000
vt 0.750000 3.200000
vt 0.250000 3.200000
vt 0.375000 3.200000
vt 0.125000 3.200000
vt 0.500000 3.200000
vt 0.000000 3.200000
vt 1.000000 3.200000
vt 0.625000 3.200000
vt 0.875000 3.200000
vt 0.750000 3.200000
vt 0.019500 0.210000
vt 0.019500 0.210000
vt 0.019500 0.270000
vt 0.019500 0.270000
vt 0.000000 2.600000
vt 1.000000 2.600000
vt 0.125000 2.600000
vt 0.875000 2.600000
vt 0.000000 3.400000
vt 1.000000 3.400000
vt 0.000000 3.400000
vt 1.000000 3.400000
vt 0.250000 2.600000
vt 0.750000 2.600000
vt 0.125000 3.400000
vt 0.875000 3.400000
vt 0.125000 3.400000
vt 0.875000 3.400000
vt 0.375000 2.600000
vt 0.625000 2.600000
vt 0.500000 2.600000
vt 0.027600 0.210000
vt 0.027600 0.270000
vt 0.027600 0.270000
vt 0.250000 3.400000
vt 0.750000 3.400000
vt 0.250000 3.400000
vt 0.750000 3.400000
vt 0.375000 3.400000
vt 0.625000 3.400000
vt 0.375000 3.400000
vt 0.625000 3.400000
vt 0.028500 0.230000
vt 0.028500 0.230000
vt 0.500000 3.400000
vt 0.500000 3.400000
vt 0.000000 2.600000
vt 1.000000 2.600000
vt 0.125000 2.600000
vt 0.875000 2.600000
vt 0.250000 2.600000
vt 0.750000 2.600000
vt 0.375000 2.600000
vt 0.625000 2.600000
vt 0.500000 2.600000
vt 0.039000 0.210000
vt 0.039000 0.210000
vt 0.039000 0.270000
vt 0.039000 0.270000
vt 0.000000 2.800000
vt 1.000000 2.800000
vt 0.125000 2.800000
vt 0.875000 2.800000
vt 0.000000 3.600000
vt 1.000000 3.600000
vt 0.000000 3.600000
vt 1.000000 3.600000
vt 0.250000 2.800000
vt 0.750000 2.800000
vt 0.125000 3.600000
vt 0.875000 3.600000
vt 0.125000 3.600000
vt 0.875000 3.600000
vt 0.375000 2.800000
vt 0.625000 2.800000
vt 0.500000 2.800000
vt 0.055200 0.210000
vt 0.055200 0.270000
vt 0.055200 0.270000
vt 0.250000 3.600000
vt 0.750000 3.600000
vt 0.250000 3.600000
vt 0.750000 3.600000
vt 0.375000 3.600000
vt 0.625000 3.600000
vt 0.375000 3.600000
vt 0.625000 3.600000
vt 0.057000 0.230000
vt 0.057000 0.230000
vt 0.500000 3.600000
vt 0.500000 3.600000
vt 0.058500 0.210000
vt 0.058500 0.210000
vt 0.058500 0.270000
vt 0.058500 0.270000
vt 0.000000 2.800000
vt 1.000000 2.800000
vt 0.125000 2.800000
vt 0.875000 2.800000
vt 0.250000 2.800000
vt 0.750000 2.800000
vt 0.375000 2.800000
vt 0.625000 2.800000
vt 0.500000 2.800000
vt 0.078000 0.210000
vt 0.078000 0.210000
vt 0.078000 0.270000
vt 0.078000 0.270000
vt 0.000000 3.000000
vt 1.000000 3.000000
vt 0.125000 3.000000
vt 0.875000 3.000000
vt 0.000000 3.800000
vt 1.000000 3.800000
vt 0.000000 3.800000
vt 1.000000 3.800000
vt 0.250000 3.000000
vt 0.750000 3.000000
vt 0.125000 3.800000
vt 0.875000 3.800000
vt 0.125000 3.800000
vt 0.875000 3.800000
vt 0.375000 3.000000
vt 0.625000 3.000000
vt 0.500000 3.000000
vt 0.082800 0.210000
vt 0.082800 0.270000
vt 0.082800 0.270000
vt 0.250000 3.800000
vt 0.750000 3.800000
vt 0.250000 3.800000
vt 0.750000 3.800000
vt 0.375000 3.800000
vt 0.625000 3.800000
vt 0.375000 3.800000
vt 0.625000 3.800000
vt 0.085500 0.230000
vt 0.085500 0.230000
vt 0.500000 3.800000
vt 0.500000 3.800000
vt 0.097500 0.210000
vt 0.097500 0.210000
vt 0.097500 0.270000
vt 0.097500 0.270000
vt 0.000000 3.000000
vt 1.000000 3.000000
vt 0.000000 3.200000
vt 1.000000 3.200000
vt 0.125000 3.000000
vt 0.875000 3.000000
vt 0.125000 3.200000
vt 0.875000 3.200000
vt 0.250000 3.000000
vt 0.750000 3.000000
vt 0.000000 4.000000
vt 1.000000 4.000000
vt 0.000000 4.000000
vt 1.000000 4.000000
vt 0.250000 3.200000
vt 0.750000 3.200000
vt 0.375000 3.000000
vt 0.625000 3.000000
vt 0.125000 4.000000
vt 0.875000 4.000000
vt 0.125000 4.000000
vt 0.875000 4.000000
vt 0.500000 3.000000
vt 0.375000 3.200000
vt 0.625000 3.200000
vt 0.500000 3.200000
vt 0.110400 0.210000
vt 0.110400 0.270000
vt 0.110400 0.270000
vt 0.250000 4.000000
vt 0.750000 4.000000
vt 0.250000 4.000000
vt 0.750000 4.000000
vt 0.375000 4.000000
vt 0.625000 4.000000
vt 0.375000 4.000000
vt 0.625000 4.000000
vt 0.114000 0.230000
vt 0.114000 0.230000
vt 0.500000 4.000000
vt 0.500000 4.000000
vt 0.117000 0.210000
vt 0.117000 0.210000
vt 0.117000 0.270000
vt 0.117000 0.270000
vt 0.000000 3.400000
vt 1.000000 3.400000
vt 0.125000 3.400000
vt 0.875000 3.400000
vt 0.250000 3.400000
vt 0.750000 3.400000
vt 0.000000 4.200000
vt 1.000000 4.200000
vt 0.000000 4.200000
vt 1.000000 4.200000
vt 0.125000 4.200000
vt 0.875000 4.200000
vt 0.125000 4.200000
vt 0.875000 4.200000
vt 0.375000 3.400000
vt 0.625000 3.400000
vt 0.136500 0.210000
vt 0.136500 0.210000
vt 0.136500 0.270000
vt 0.136500 0.270000
vt 0.500000 3.400000
vt 0.138000 0.210000
vt 0.138000 0.270000
vt 0.138000 0.270000
vt 0.250000 4.200000
vt 0.750000 4.200000
vt 0.250000 4.200000
vt 0.750000 4.200000
vt 0.000000 3.200000
vt 1.000000 3.200000
vt 0.125000 3.200000
vt 0.875000 3.200000
vt 0.250000 3.200000
vt 0.750000 3.200000
vt 0.375000 4.200000
vt 0.625000 4.200000
vt 0.375000 4.200000
vt 0.625000 4.200000
vt 0.142500 0.230000
vt 0.142500 0.230000
vt 0.500000 4.200000
vt 0.500000 4.200000
vt 0.375000 3.200000
vt 0.625000 3.200000
vt 0.500000 3.200000
vt 0.156000 0.210000
vt 0.156000 0.210000
vt 0.156000 0.270000
vt 0.156000 0.270000
vt 0.000000 3.600000
vt 1.000000 3.600000
vt 0.125000 3.600000
vt 0.875000 3.600000
vt 0.250000 3.600000
vt 0.750000 3.600000
vt 0.000000 4.400000
vt 1.000000 4.400000
vt 0.000000 4.400000
vt 1.000000 4.400000
vt 0.125000 4.400000
vt 0.875000 4.400000
vt 0.125000 4.400000
vt 0.875000 4.400000
vt 0.375000 3.600000
vt 0.625000 3.600000
vt 0.500000 3.600000
vt 0.165600 0.210000
vt 0.165600 0.270000
vt 0.165600 0.270000
vt 0.250000 4.400000
vt 0.750000 4.400000
vt 0.250000 4.400000
vt 0.750000 4.400000
vt 0.375000 4.400000
vt 0.625000 4.400000
vt 0.375000 4.400000
vt 0.625000 4.400000
vt 0.171000 0.230000
vt 0.171000 0.230000
vt 0.500000 4.400000
vt 0.500000 4.400000
vt 0.175500 0.210000
vt 0.175500 0.210000
vt 0.175500 0.270000
vt 0.175500 0.270000
vt 0.000000 3.400000
vt 1.000000 3.400000
vt 0.125000 3.400000
vt 0.875000 3.400000
vt 0.250000 3.400000
vt 0.750000 3.400000
vt 0.375000 3.400000
vt 0.625000 3.400000
vt 0.500000 3.400000
vt 0.000000 3.800000
vt 1.000000 3.800000
vt 0.125000 3.800000
vt 0.875000 3.800000
vt 0.250000 3.800000
vt 0.750000 3.800000
vt 0.000000 4.600000
vt 1.000000 4.600000
vt 0.000000 4.600000
vt 1.000000 4.600000
vt 0.375000 3.800000
vt 0.625000 3.800000
vt 0.125000 4.600000
vt 0.875000 4.600000
vt 0.125000 4.600000
vt 0.875000 4.600000
vt 0.500000 3.800000
vt 0.195000 0.210000
vt 0.195000 0.210000
vt 0.195000 0.270000
vt 0.195000 0.270000
vt 0.193200 0.210000
vt 0.193200 0.270000
vt 0.193200 0.270000
vt 0.250000 4.600000
vt 0.750000 4.600000
vt 0.250000 4.600000
vt 0.750000 4.600000
vt 0.375000 4.600000
vt 0.625000 4.600000
vt 0.375000 4.600000
vt 0.625000 4.600000
vt 0.199500 0.230000
vt 0.199500 0.230000
vt 0.500000 4.600000
vt 0.500000 4.600000
vt 0.000000 4.000000
vt 1.000000 4.000000
vt 0.125000 4.000000
vt 0.875000 4.000000
vt 0.000000 3.600000
vt 1.000000 3.600000
vt 0.125000 3.600000
vt 0.875000 3.600000
vt 0.214500 0.210000
vt 0.214500 0.210000
vt 0.214500 0.270000
vt 0.214500 0.270000
vt 0.250000 4.000000
vt 0.750000 4.000000
vt 0.250000 3.600000
vt 0.750000 3.600000
vt 0.000000 4.800000
vt 1.000000 4.800000
vt 0.000000 4.800000
vt 1.000000 4.800000
vt 0.375000 4.000000
vt 0.625000 4.000000
vt 0.375000 3.600000
vt 0.625000 3.600000
vt 0.500000 4.000000
vt 0.125000 4.800000
vt 0.875000 4.800000
vt 0.125000 4.800000
vt 0.875000 4.800000
vt 0.500000 3.600000
vt 0.500000 0.062500
vt 0.550000 0.062500
vt 0.450000 0.062500
vt 0.220800 0.210000
vt 0.220800 0.270000
vt 0.220800 0.270000
vt 0.250000 4.800000
vt 0.750000 4.800000
vt 0.250000 4.800000
vt 0.750000 4.800000
vt 0.375000 4.800000
vt 0.625000 4.800000
vt 0.375000 4.800000
vt 0.625000 4.800000
vt 0.500000 0.000000
vt 0.083333 0.500000
vt 0.234000 0.210000
vt 0.234000 0.210000
vt 0.234000 0.270000
vt 0.234000 0.270000
vt 0.228000 0.230000
vt 0.228000 0.230000
vt 0.600000 0.062500
vt 0.400000 0.062500
vt 0.500000 4.800000
vt 0.500000 4.800000
vt 0.550000 0.000000
vt 0.103726 0.371243
vt 0.450000 0.000000
vt 0.103726 0.628757
vt 0.000000 4.200000
vt 1.000000 4.200000
vt 0.125000 4.200000
vt 0.875000 4.200000
vt 0.250000 4.200000
vt 0.750000 4.200000
vt 0.600000 0.000000
vt 0.162910 0.255089
vt 0.400000 0.000000
vt 0.162910 0.744911
vt 0.500000 0.287500
vt 0.166667 0.500000
vt 0.375000 4.200000
vt 0.625000 4.200000
vt 0.000000 5.000000
vt 1.000000 5.000000
vt 0.000000 5.000000
vt 1.000000 5.000000
vt 0.550000 0.287500
vt 0.182981 0.396994
vt 0.450000 0.287500
vt 0.182981 0.603006
vt 0.500000 4.200000
vt 0.125000 5.000000
vt 0.875000 5.000000
vt 0.125000 5.000000
vt 0.875000 5.000000
vt 0.650000 0.062500
vt 0.350000 0.062500
vt 0.000000 3.800000
vt 1.000000 3.800000
vt 0.125000 3.800000
vt 0.875000 3.800000
vt 0.253500 0.210000
vt 0.253500 0.210000
vt 0.253500 0.270000
vt 0.253500 0.270000
vt 0.600000 0.287500
vt 0.230328 0.304072
vt 0.400000 0.287500
vt 0.230328 0.695928
vt 0.250000 3.800000
vt 0.750000 3.800000
vt 0.248400 0.210000
vt 0.248400 0.270000
vt 0.248400 0.270000
vt 0.250000 5.000000
vt 0.750000 5.000000
vt 0.250000 5.000000
vt 0.750000 5.000000
vt 0.650000 0.000000
vt 0.255089 0.162910
vt 0.350000 0.000000
vt 0.255089 0.837090
vt 0.375000 3.800000
vt 0.625000 3.800000
vt 0.500000 3.800000
vt 0.000000 4.400000
vt 1.000000 4.400000
vt 0.375000 5.000000
vt 0.625000 5.000000
vt 0.375000 5.000000
vt 0.625000 5.000000
vt 0.650000 0.287500
vt 0.304072 0.230328
vt 0.350000 0.287500
vt 0.304072 0.769672
vt 0.125000 4.400000
vt 0.875000 4.400000
vt 0.256500 0.230000
vt 0.256500 0.230000
vt 0.500000 5.000000
vt 0.500000 5.000000
vt 0.250000 4.400000
vt 0.750000 4.400000
vt 0.700000 0.062500
vt 0.300000 0.062500
vt 0.273000 0.210000
vt 0.273000 0.210000
vt 0.273000 0.270000
vt 0.273000 0.270000
vt 0.375000 4.400000
vt 0.625000 4.400000
vt 0.700000 0.000000
vt 0.371243 0.103726
vt 0.300000 0.000000
vt 0.371243 0.896274
vt 0.500000 4.400000
vt 0.000000 5.200000
vt 1.000000 5.200000
vt 0.000000 5.200000
vt 1.000000 5.200000
vt 0.700000 0.287500
vt 0.396994 0.182981
vt 0.300000 0.287500
vt 0.396994 0.817019
vt 0.125000 5.200000
vt 0.875000 5.200000
vt 0.125000 5.200000
vt 0.875000 5.200000
vt 0.276000 0.210000
vt 0.276000 0.270000
vt 0.276000 0.270000
vt 0.250000 5.200000
vt 0.750000 5.200000
vt 0.250000 5.200000
vt 0.750000 5.200000
vt 0.000000 4.000000
vt 1.000000 4.000000
vt 0.000000 4.600000
vt 1.000000 4.600000
vt 0.125000 4.000000
vt 0.875000 4.000000
vt 0.125000 4.600000
vt 0.875000 4.600000
vt 0.292500 0.210000
vt 0.292500 0.210000
vt 0.292500 0.270000
vt 0.292500 0.270000
vt 0.500000 0.083333
vt 0.750000 0.000000
vt 0.500000 0.500000
vt 0.500000 0.916667
vt 0.250000 0.000000
vt 0.750000 0.062500
vt 0.250000 0.062500
vt 0.750000 0.287500
vt 0.500000 0.166667
vt 0.500000 0.500000
vt 0.250000 0.287500
vt 0.500000 0.833333
vt 0.250000 4.000000
vt 0.750000 4.000000
vt 0.375000 5.200000
vt 0.625000 5.200000
vt 0.375000 5.200000
vt 0.625000 5.200000
vt 0.250000 4.600000
vt 0.750000 4.600000
vt 0.375000 4.000000
vt 0.625000 4.000000
vt 0.285000 0.230000
vt 0.285000 0.230000
vt 0.500000 5.200000
vt 0.500000 5.200000
vt 0.500000 4.000000
vt 0.375000 4.600000
vt 0.625000 4.600000
vt 0.500000 4.600000
vt 0.000000 5.400000
vt 1.000000 5.400000
vt 0.000000 5.400000
vt 1.000000 5.400000
vt 0.125000 5.400000
vt 0.875000 5.400000
vt 0.125000 5.400000
vt 0.875000 5.400000
vt 0.603006 0.182981
vt 0.800000 0.287500
vt 0.603006 0.817019
vt 0.200000 0.287500
vt 0.312000 0.210000
vt 0.312000 0.210000
vt 0.000000 0.000000
vt 1.000000 1.000000
vt 0.312000 0.270000
vt 0.312000 0.270000
vt 0.000000 0.000000
vt 1.000000 1.000000
vt 0.628757 0.103726
vt 0.800000 0.000000
vt 0.628757 0.896274
vt 0.200000 0.000000
vt 0.000000 4.800000
vt 1.000000 4.800000
vt 0.000000 0.000000
vt 1.000000 0.000000
vt 0.800000 0.062500
vt 0.200000 0.062500
vt 0.125000 4.800000
vt 0.000000 0.000000
vt 1.000000 0.000000
vt 0.875000 4.800000
vt 0.000000 0.000000
vt 1.000000 0.000000
vt 0.303600 0.210000
vt 0.303600 0.270000
vt 0.303600 0.270000
vt 0.250000 5.400000
vt 0.750000 5.400000
vt 0.250000 5.400000
vt 0.750000 5.400000
vt 0.250000 4.800000
vt 0.000000 0.000000
vt 1.000000 0.000000
vt 0.500000 0.500000
vt 0.750000 4.800000
vt 0.000000 0.000000
vt 1.000000 0.000000
vt 0.695928 0.230328
vt 0.850000 0.287500
vt 0.695928 0.769672
vt 0.150000 0.287500
vt 0.375000 4.800000
vt 0.000000 0.000000
vt 1.000000 0.000000
vt 0.625000 4.800000
vt 0.000000 0.000000
vt 1.000000 0.000000
vt 0.375000 5.400000
vt 0.625000 5.400000
vt 0.375000 5.400000
vt 0.625000 5.400000
vt 0.000000 4.200000
vt 1.000000 4.200000
vt 0.125000 4.200000
vt 0.875000 4.200000
vt 0.500000 4.800000
vt 0.000000 0.000000
vt 1.000000 0.000000
vt 0.313500 0.230000
vt 0.313500 0.230000
vt 0.744911 0.162910
vt 0.850000 0.000000
vt 0.744911 0.837090
vt 0.150000 0.000000
vt 0.500000 5.400000
vt 0.500000 5.400000
vt 0.250000 4.200000
vt 0.750000 4.200000
vt 0.769672 0.304072
vt 0.900000 0.287500
vt 0.769672 0.695928
vt 0.100000 0.287500
vt 0.000000 5.600000
vt 1.000000 5.600000
vt 0.000000 5.600000
vt 1.000000 5.600000
vt 0.375000 4.200000
vt 0.625000 4.200000
vt 0.850000 0.062500
vt 0.150000 0.062500
vt 0.125000 5.600000
vt 0.875000 5.600000
vt 0.125000 5.600000
vt 0.875000 5.600000
vt 0.500000 4.200000
vt 0.817019 0.396994
vt 0.950000 0.287500
vt 0.817019 0.603006
vt 0.050000 0.287500
vt 0.833333 0.500000
vt 0.000000 0.287500
vt 1.000000 0.287500
vt 0.837090 0.255089
vt 0.900000 0.000000
vt 0.837090 0.744911
vt 0.100000 0.000000
vt 0.331200 0.210000
vt 0.331200 0.270000
vt 0.331200 0.270000
vt 0.250000 5.600000
vt 0.750000 5.600000
vt 0.250000 5.600000
vt 0.750000 5.600000
vt 0.896274 0.371243
vt 0.950000 0.000000
vt 0.896274 0.628757
vt 0.050000 0.000000
vt 0.900000 0.062500
vt 0.100000 0.062500
vt 0.916667 0.500000
vt 0.000000 0.000000
vt 1.000000 0.000000
vt 0.375000 5.600000
vt 0.625000 5.600000
vt 0.375000 5.600000
vt 0.625000 5.600000
vt 0.342000 0.230000
vt 0.342000 0.230000
vt 0.500000 5.600000
vt 0.500000 5.600000
vt 0.000000 5.800000
vt 1.000000 5.800000
vt 0.000000 5.800000
vt 1.000000 5.800000
vt 0.000000 4.400000
vt 1.000000 4.400000
vt 0.950000 0.062500
vt 0.050000 0.062500
vt 0.125000 4.400000
vt 0.875000 4.400000
vt 0.125000 5.800000
vt 0.875000 5.800000
vt 0.125000 5.800000
vt 0.875000 5.800000
vt 0.000000 0.062500
vt 1.000000 0.062500
vt 0.250000 4.400000
vt 0.750000 4.400000
vt 0.375000 4.400000
vt 0.625000 4.400000
vt 0.500000 4.400000
vt 0.358800 0.210000
vt 0.358800 0.270000
vt 0.358800 0.270000
vt 0.250000 5.800000
vt 0.750000 5.800000
vt 0.250000 5.800000
vt 0.750000 5.800000
vt 0.375000 5.800000
vt 0.625000 5.800000
vt 0.375000 5.800000
vt 0.625000 5.800000
vt 0.000000 6.000000
vt 1.000000 6.000000
vt 0.000000 6.000000
vt 1.000000 6.000000
vt 0.370500 0.230000
vt 0.370500 0.230000
vt 0.500000 5.800000
vt 0.500000 5.800000
vt 0.125000 6.000000
vt 0.875000 6.000000
vt 0.125000 6.000000
vt 0.875000 6.000000
vt 0.000000 4.600000
vt 1.000000 4.600000
vt 0.125000 4.600000
vt 0.875000 4.600000
vt 0.500000 0.500000
vt 0.386400 0.210000
vt 0.386400 0.270000
vt 0.386400 0.270000
vt 0.250000 6.000000
vt 0.750000 6.000000
vt 0.250000 6.000000
vt 0.750000 6.000000
vt 0.250000 4.600000
vt 0.750000 4.600000
vt 0.500000 0.000000
vt 0.000000 0.000000
vt 1.000000 0.000000
vt 0.375000 4.600000
vt 0.625000 4.600000
vt 0.375000 0.000000
vt 0.000000 0.000000
vt 1.000000 0.000000
vt 0.625000 0.000000
vt 0.000000 0.000000
vt 1.000000 0.000000
vt 0.500000 4.600000
vt 0.000000 6.200000
vt 1.000000 6.200000
vt 0.000000 6.200000
vt 1.000000 6.200000
vt 0.375000 6.000000
vt 0.625000 6.000000
vt 0.375000 6.000000
vt 0.625000 6.000000
vt 0.500000 0.200000
vt 0.000000 0.000000
vt 1.000000 0.000000
vt 0.399000 0.230000
vt 0.399000 0.230000
vt 0.125000 6.200000
vt 0.875000 6.200000
vt 0.125000 6.200000
vt 0.875000 6.200000
vt 0.500000 6.000000
vt 0.500000 6.000000
vt 0.375000 0.200000
vt 0.000000 0.000000
vt 1.000000 0.000000
vt 0.625000 0.200000
vt 0.000000 0.000000
vt 1.000000 0.000000
vt 0.000000 0.000000
vt 1.000000 0.000000
vt 0.250000 0.000000
vt 0.500000 0.500000
vt 0.000000 0.000000
vt 1.000000 0.000000
vt 0.750000 0.000000
vt 0.414000 0.210000
vt 0.414000 0.270000
vt 0.414000 0.270000
vt 0.250000 6.200000
vt 0.750000 6.200000
vt 0.250000 6.200000
vt 0.750000 6.200000
vt 0.000000 4.800000
vt 1.000000 4.800000
vt 0.000000 0.000000
vt 1.000000 0.000000
vt 0.125000 4.800000
vt 0.000000 0.000000
vt 1.000000 0.000000
vt 0.875000 4.800000
vt 0.000000 0.000000
vt 1.000000 0.000000
vt 0.250000 0.200000
vt 0.000000 0.000000
vt 1.000000 0.000000
vt 0.500000 0.500000
vt 0.750000 0.200000
vt 0.000000 0.000000
vt 1.000000 0.000000
vt 0.000000 0.000000
vt 1.000000 0.000000
vt 0.125000 0.000000
vt 0.000000 0.000000
vt 1.000000 0.000000
vt 0.875000 0.000000
vt 0.250000 4.800000
vt 0.000000 0.000000
vt 1.000000 0.000000
vt 0.500000 0.500000
vt 0.750000 4.800000
vt 0.000000 0.000000
vt 1.000000 0.000000
vt 0.000000 6.400000
vt 1.000000 6.400000
vt 0.000000 0.000000
vt 1.000000 0.000000
vt 0.000000 6.400000
vt 1.000000 6.400000
vt 0.000000 0.000000
vt 1.000000 0.000000
vt 0.000000 0.000000
vt 1.000000 0.000000
vt 0.000000 0.000000
vt 1.000000 0.000000
vt 0.375000 6.200000
vt 0.625000 6.200000
vt 0.375000 6.200000
vt 0.625000 6.200000
vt 0.375000 4.800000
vt 0.000000 0.000000
vt 1.000000 0.000000
vt 0.625000 4.800000
vt 0.000000 0.000000
vt 1.000000 0.000000
vt 0.125000 6.400000
vt 0.000000 0.000000
vt 1.000000 0.000000
vt 0.875000 6.400000
vt 0.000000 0.000000
vt 1.000000 0.000000
vt 0.125000 6.400000
vt 0.000000 0.000000
vt 1.000000 0.000000
vt 0.875000 6.400000
vt 0.000000 0.000000
vt 1.000000 0.000000
vt 0.500000 4.800000
vt 0.000000 0.000000
vt 1.000000 0.000000
vt 0.427500 0.230000
vt 0.427500 0.230000
vt 0.000000 0.000000
vt 1.000000 0.000000
vt 0.125000 0.200000
vt 0.000000 0.000000
vt 1.000000 0.000000
vt 0.875000 0.200000
vt 0.500000 6.200000
vt 0.500000 6.200000
vt 0.000000 0.000000
vt 1.000000 0.000000
vt 0.000000 0.200000
vt 1.000000 0.200000
vt 0.441600 0.210000
vt 0.000000 0.000000
vt 1.000000 1.000000
vt 0.441600 0.270000
vt 0.441600 0.270000
vt 0.000000 0.000000
vt 1.000000 1.000000
vt 0.250000 6.400000
vt 0.000000 0.000000
vt 1.000000 0.000000
vt 0.500000 0.500000
vt 0.750000 6.400000
vt 0.000000 0.000000
vt 1.000000 0.000000
vt 0.250000 6.400000
vt 0.000000 0.000000
vt 1.000000 0.000000
vt 0.500000 0.500000
vt 0.750000 6.400000
vt 0.000000 0.000000
vt 1.000000 0.000000
vt 0.375000 6.400000
vt 0.000000 0.000000
vt 1.000000 0.000000
vt 0.625000 6.400000
vt 0.000000 0.000000
vt 1.000000 0.000000
vt 0.375000 6.400000
vt 0.000000 0.000000
vt 1.000000 0.000000
vt 0.625000 6.400000
vt 0.000000 0.000000
vt 1.000000 0.000000
vt 0.456000 0.230000
vt 0.456000 0.230000
vt 0.000000 0.000000
vt 1.000000 1.000000
vt 0.500000 6.400000
vt 0.000000 0.000000
vt 1.000000 0.000000
vt 0.500000 6.400000
vt 0.000000 0.000000
vt 1.000000 0.000000
vn -0.766450 0.000000 0.642304
vn -0.766450 0.000000 0.642304
vn -0.642304 0.000000 -0.766450
vn -0.766450 0.000000 0.642304
vn -0.766450 0.000000 0.642304
vn -0.642304 0.000000 -0.766450
vn -0.751806 0.000000 0.659385
vn -0.751806 0.000000 0.659385
vn -0.527508 0.600000 -0.601445
vn -0.365761 -0.832050 -0.417027
vn -0.766450 0.000000 0.642304
vn -0.766450 0.000000 0.642304
vn -0.454177 -0.707107 -0.541962
vn -0.766450 0.000000 0.642304
vn -0.766450 0.000000 0.642304
vn -0.454177 0.707107 -0.541962
vn -0.766450 0.000000 0.642304
vn -0.766450 0.000000 0.642304
vn -0.454177 -0.707107 -0.541962
vn -0.766450 0.000000 0.642304
vn -0.766450 0.000000 0.642304
vn -0.454177 0.707107 -0.541962
vn -0.751806 0.000000 0.659385
vn -0.751806 0.000000 0.659385
vn -0.191079 -0.957092 -0.217861
vn -0.751806 0.000000 0.659385
vn -0.751806 0.000000 0.659385
vn -0.527508 0.600000 -0.601445
vn 0.000000 1.000000 0.000000
vn -0.766450 0.000000 0.642304
vn -0.766450 0.000000 0.642304
vn 0.000000 -1.000000 0.000000
vn -0.766450 0.000000 0.642304
vn -0.766450 0.000000 0.642304
vn -0.766450 0.000000 0.642304
vn 0.000000 1.000000 0.000000
vn -0.766450 0.000000 0.642304
vn -0.766450 0.000000 0.642304
vn 0.000000 -1.000000 0.000000
vn -0.766450 0.000000 0.642304
vn -0.766450 0.000000 0.642304
vn -0.766450 0.000000 0.642304
vn 0.000000 1.000000 0.000000
vn -0.999275 -0.038081 0.000000
vn -0.038039 0.998169 -0.047039
vn -0.038039 0.998169 -0.047039
vn -0.624897 0.000000 -0.780707
vn -0.624897 0.000000 -0.780707
vn -0.707861 0.006310 0.706324
vn -0.038039 0.998169 -0.047039
vn -0.038039 0.998169 -0.047039
vn -0.705327 -0.060165 -0.706324
vn -0.038039 0.998169 -0.047039
vn -0.038039 0.998169 -0.047039
vn -0.499918 0.600000 -0.624566
vn -0.346631 -0.832050 -0.433058
vn -0.771246 0.000000 0.636537
vn -0.771246 0.000000 0.636537
vn -0.636537 0.000000 -0.771246
vn -0.766450 0.000000 0.642304
vn -0.766450 0.000000 0.642304
vn 0.454177 -0.707107 0.541962
vn -0.766450 0.000000 0.642304
vn -0.766450 0.000000 0.642304
vn 0.454177 0.707107 0.541962
vn -0.766450 0.000000 0.642304
vn -0.766450 0.000000 0.642304
vn 0.454177 -0.707107 0.541962
vn -0.766450 0.000000 0.642304
vn -0.766450 0.000000 0.642304
vn 0.454177 0.707107 0.541962
vn -0.771246 0.000000 0.636537
vn -0.771246 0.000000 0.636537
vn -0.450100 -0.707107 -0.545353
vn -0.771246 0.000000 0.636537
vn -0.771246 0.000000 0.636537
vn -0.450100 0.707107 -0.545353
vn -0.441869 -0.707107 -0.552043
vn -0.441869 0.707107 -0.552043
vn -0.441869 -0.707107 -0.552043
vn -0.441869 0.707107 -0.552043
vn -0.999275 -0.038081 0.000000
vn 0.038039 -0.998169 0.047039
vn 0.038039 -0.998169 0.047039
vn -0.766450 0.000000 0.642304
vn -0.766450 0.000000 0.642304
vn 0.642304 0.000000 0.766450
vn 0.642304 0.000000 0.766450
vn -0.766450 0.000000 0.642304
vn -0.766450 0.000000 0.642304
vn 0.642304 0.000000 0.766450
vn 0.642304 0.000000 0.766450
vn -0.771246 0.000000 0.636537
vn -0.771246 0.000000 0.636537
vn 0.000000 -1.000000 0.000000
vn -0.771246 0.000000 0.636537
vn -0.771246 0.000000 0.636537
vn -0.771246 0.000000 0.636537
vn 0.000000 1.000000 0.000000
vn -0.707861 0.006310 0.706324
vn 0.038039 -0.998169 0.047039
vn 0.038039 -0.998169 0.047039
vn -0.705327 -0.060165 -0.706324
vn 0.038039 -0.998169 0.047039
vn 0.038039 -0.998169 0.047039
vn -0.038039 0.998169 -0.047039
vn -0.038039 0.998169 -0.047039
vn -0.001791 0.047005 0.998893
vn -0.038039 0.998169 -0.047039
vn -0.038039 0.998169 -0.047039
vn -0.038039 0.998169 -0.047039
vn 0.001791 -0.047005 -0.998893
vn -0.771246 0.000000 0.636537
vn -0.771246 0.000000 0.636537
vn 0.450100 -0.707107 0.545353
vn -0.771246 0.000000 0.636537
vn -0.771246 0.000000 0.636537
vn 0.450100 0.707107 0.545353
vn -0.771246 0.000000 0.636537
vn -0.771246 0.000000 0.636537
vn 0.636537 0.000000 0.771246
vn 0.636537 0.000000 0.771246
vn -0.181085 -0.957092 -0.226236
vn -0.499918 0.600000 -0.624566
vn 0.000000 1.000000 0.000000
vn 0.000000 -1.000000 0.000000
vn 0.000000 1.000000 0.000000
vn 0.000000 -1.000000 0.000000
vn 0.000000 1.000000 0.000000
vn -0.001791 0.047005 0.998893
vn 0.038039 -0.998169 0.047039
vn 0.038039 -0.998169 0.047039
vn 0.038039 -0.998169 0.047039
vn 0.001791 -0.047005 -0.998893
vn 0.038039 -0.998169 0.047039
vn 0.038039 -0.998169 0.047039
vn -0.038039 0.998169 -0.047039
vn -0.038039 0.998169 -0.047039
vn 0.705327 0.060165 0.706324
vn -0.038039 0.998169 -0.047039
vn -0.038039 0.998169 -0.047039
vn 0.707861 -0.006310 -0.706324
vn -0.589145 0.000000 -0.808028
vn -0.589145 0.000000 -0.808028
vn 0.441869 -0.707107 0.552043
vn 0.441869 0.707107 0.552043
vn 0.441869 -0.707107 0.552043
vn 0.441869 0.707107 0.552043
vn -0.471316 0.600000 -0.646422
vn -0.326799 -0.832050 -0.448213
vn -0.038039 0.998169 -0.047039
vn -0.038039 0.998169 -0.047039
vn 0.999275 0.038081 0.000000
vn 0.999275 0.038081 0.000000
vn -0.416588 -0.707107 -0.571362
vn -0.416588 0.707107 -0.571362
vn -0.416588 -0.707107 -0.571362
vn -0.416588 0.707107 -0.571362
vn 0.624897 0.000000 0.780707
vn 0.624897 0.000000 0.780707
vn 0.624897 0.000000 0.780707
vn 0.624897 0.000000 0.780707
vn -0.613117 0.000000 -0.789992
vn 0.038039 -0.998169 0.047039
vn 0.038039 -0.998169 0.047039
vn 0.705327 0.060165 0.706324
vn 0.038039 -0.998169 0.047039
vn 0.038039 -0.998169 0.047039
vn 0.707861 -0.006310 -0.706324
vn -0.433539 -0.707107 -0.558609
vn -0.433539 0.707107 -0.558609
vn 0.038039 -0.998169 0.047039
vn 0.038039 -0.998169 0.047039
vn 0.999275 0.038081 0.000000
vn 0.999275 0.038081 0.000000
vn 0.000000 -1.000000 0.000000
vn 0.000000 1.000000 0.000000
vn -0.170725 -0.957092 -0.234154
vn -0.471316 0.600000 -0.646422
vn 0.000000 1.000000 0.000000
vn 0.000000 -1.000000 0.000000
vn 0.000000 1.000000 0.000000
vn 0.000000 -1.000000 0.000000
vn 0.000000 1.000000 0.000000
vn -0.751806 0.000000 0.659385
vn 0.433539 -0.707107 0.558609
vn 0.433539 0.707107 0.558609
vn 0.613117 0.000000 0.789992
vn 0.613117 0.000000 0.789992
vn 0.416588 -0.707107 0.571362
vn 0.416588 0.707107 0.571362
vn 0.416588 -0.707107 0.571362
vn 0.416588 0.707107 0.571362
vn -0.552199 0.000000 -0.833712
vn -0.552199 0.000000 -0.833712
vn -0.441760 0.600000 -0.666970
vn -0.306305 -0.832050 -0.462460
vn 0.589145 0.000000 0.808028
vn 0.589145 0.000000 0.808028
vn 0.589145 0.000000 0.808028
vn 0.589145 0.000000 0.808028
vn -0.390464 -0.707107 -0.589523
vn -0.390464 0.707107 -0.589523
vn -0.390464 -0.707107 -0.589523
vn -0.390464 0.707107 -0.589523
vn -0.160019 -0.957092 -0.241597
vn -0.441760 0.600000 -0.666970
vn 0.000000 1.000000 0.000000
vn 0.000000 -1.000000 0.000000
vn 0.000000 1.000000 0.000000
vn 0.000000 -1.000000 0.000000
vn 0.000000 1.000000 0.000000
vn -0.564642 0.000000 -0.825336
vn -0.399263 -0.707107 -0.583600
vn -0.399263 0.707107 -0.583600
vn 0.000000 -1.000000 0.000000
vn 0.000000 1.000000 0.000000
vn -0.998006 -0.063112 0.000000
vn 0.390464 -0.707107 0.589523
vn 0.390464 0.707107 0.589523
vn 0.390464 -0.707107 0.589523
vn 0.390464 0.707107 0.589523
vn 0.399263 -0.707107 0.583600
vn 0.399263 0.707107 0.583600
vn -0.949161 -0.063112 -0.308401
vn -0.949161 -0.063112 0.308401
vn 0.564642 0.000000 0.825336
vn 0.564642 0.000000 0.825336
vn 0.552199 0.000000 0.833712
vn 0.552199 0.000000 0.833712
vn 0.552199 0.000000 0.833712
vn 0.552199 0.000000 0.833712
vn -0.514136 0.000000 -0.857709
vn -0.514136 0.000000 -0.857709
vn -0.411309 0.600000 -0.686167
vn -0.285191 -0.832050 -0.475771
vn -0.363549 -0.707107 -0.606492
vn -0.363549 0.707107 -0.606492
vn -0.363549 -0.707107 -0.606492
vn -0.363549 0.707107 -0.606492
vn -0.957826 -0.287348 0.000000
vn 0.000000 -1.000000 0.000000
vn -0.807404 -0.063112 -0.586613
vn -0.807404 -0.063112 0.586613
vn -0.910947 -0.287348 -0.295985
vn 0.000000 -1.000000 0.000000
vn -0.910947 -0.287348 0.295985
vn 0.000000 -1.000000 0.000000
vn -0.148988 -0.957092 -0.248550
vn -0.411309 0.600000 -0.686167
vn 0.000000 1.000000 0.000000
vn 0.000000 -1.000000 0.000000
vn 0.000000 1.000000 0.000000
vn 0.000000 -1.000000 0.000000
vn 0.000000 1.000000 0.000000
vn -0.774898 -0.287348 -0.562996
vn 0.000000 -1.000000 0.000000
vn -0.774898 -0.287348 0.562996
vn 0.000000 -1.000000 0.000000
vn -0.986394 0.164399 0.000000
vn 0.000000 1.000000 0.000000
vn -0.938116 0.164399 -0.304812
vn 0.000000 1.000000 0.000000
vn -0.938116 0.164399 0.304812
vn 0.000000 1.000000 0.000000
vn -0.514136 0.000000 -0.857709
vn 0.363549 -0.707107 0.606492
vn 0.363549 0.707107 0.606492
vn 0.363549 -0.707107 0.606492
vn 0.363549 0.707107 0.606492
vn -0.586613 -0.063112 -0.807404
vn -0.586613 -0.063112 0.807404
vn -0.363549 -0.707107 -0.606492
vn -0.363549 0.707107 -0.606492
vn 0.514136 0.000000 0.857709
vn 0.514136 0.000000 0.857709
vn 0.514136 0.000000 0.857709
vn 0.514136 0.000000 0.857709
vn -0.798009 0.164399 -0.579788
vn 0.000000 1.000000 0.000000
vn -0.798009 0.164399 0.579788
vn 0.000000 1.000000 0.000000
vn 0.000000 -1.000000 0.000000
vn 0.000000 1.000000 0.000000
vn -0.475032 0.000000 -0.879969
vn -0.475032 0.000000 -0.879969
vn -0.562996 -0.287348 -0.774898
vn 0.000000 -1.000000 0.000000
vn -0.562996 -0.287348 0.774898
vn 0.000000 -1.000000 0.000000
vn -0.380025 0.600000 -0.703975
vn -0.263500 -0.832050 -0.488119
vn -0.771246 0.000000 0.636537
vn -0.771246 0.000000 0.636537
vn -0.636537 0.000000 -0.771246
vn 0.363549 -0.707107 0.606492
vn 0.363549 0.707107 0.606492
vn 0.514136 0.000000 0.857709
vn 0.514136 0.000000 0.857709
vn -0.335898 -0.707107 -0.622232
vn -0.335898 0.707107 -0.622232
vn -0.335898 -0.707107 -0.622232
vn -0.335898 0.707107 -0.622232
vn -0.771246 0.000000 0.636537
vn -0.771246 0.000000 0.636537
vn -0.450100 -0.707107 -0.545353
vn -0.771246 0.000000 0.636537
vn -0.771246 0.000000 0.636537
vn -0.450100 0.707107 -0.545353
vn -0.579788 0.164399 -0.798009
vn 0.000000 1.000000 0.000000
vn -0.579788 0.164399 0.798009
vn 0.000000 1.000000 0.000000
vn -0.771246 0.000000 0.636537
vn -0.771246 0.000000 0.636537
vn 0.000000 -1.000000 0.000000
vn -0.771246 0.000000 0.636537
vn -0.771246 0.000000 0.636537
vn -0.771246 0.000000 0.636537
vn 0.000000 1.000000 0.000000
vn -0.137657 -0.957092 -0.255001
vn -0.380025 0.600000 -0.703975
vn 0.000000 1.000000 0.000000
vn 0.000000 -1.000000 0.000000
vn 0.000000 1.000000 0.000000
vn 0.000000 -1.000000 0.000000
vn 0.000000 1.000000 0.000000
vn -0.771246 0.000000 0.636537
vn -0.771246 0.000000 0.636537
vn 0.450100 -0.707107 0.545353
vn -0.771246 0.000000 0.636537
vn -0.771246 0.000000 0.636537
vn 0.450100 0.707107 0.545353
vn -0.308401 -0.063112 -0.949161
vn -0.308401 -0.063112 0.949161
vn -0.771246 0.000000 0.636537
vn -0.771246 0.000000 0.636537
vn 0.636537 0.000000 0.771246
vn 0.636537 0.000000 0.771246
vn -0.295985 -0.287348 -0.910947
vn 0.000000 -1.000000 0.000000
vn -0.295985 -0.287348 0.910947
vn 0.000000 -1.000000 0.000000
vn -0.751806 0.000000 0.659385
vn -0.751806 0.000000 0.659385
vn 0.000000 -1.000000 0.000000
vn 0.659385 0.000000 0.751806
vn -0.751806 0.000000 0.659385
vn -0.751806 0.000000 0.659385
vn 0.000000 1.000000 0.000000
vn 0.659385 0.000000 0.751806
vn -0.304812 0.164399 -0.938116
vn 0.000000 1.000000 0.000000
vn -0.304812 0.164399 0.938116
vn 0.000000 1.000000 0.000000
vn 0.335898 -0.707107 0.622232
vn 0.335898 0.707107 0.622232
vn 0.335898 -0.707107 0.622232
vn 0.335898 0.707107 0.622232
vn 0.475032 0.000000 0.879969
vn 0.475032 0.000000 0.879969
vn 0.475032 0.000000 0.879969
vn 0.475032 0.000000 0.879969
vn -0.613117 0.000000 -0.789992
vn -0.433539 -0.707107 -0.558609
vn -0.433539 0.707107 -0.558609
vn -0.461779 0.000000 -0.886995
vn -0.434966 0.000000 -0.900447
vn -0.434966 0.000000 -0.900447
vn -0.347972 0.600000 -0.720358
vn -0.241275 -0.832050 -0.499478
vn -0.326527 -0.707107 -0.627200
vn -0.326527 0.707107 -0.627200
vn 0.000000 -1.000000 0.000000
vn 0.000000 1.000000 0.000000
vn -0.307567 -0.707107 -0.636712
vn -0.307567 0.707107 -0.636712
vn -0.307567 -0.707107 -0.636712
vn -0.307567 0.707107 -0.636712
vn 0.000000 -1.000000 0.000000
vn 0.000000 1.000000 0.000000
vn 0.000000 -1.000000 0.000000
vn 0.000000 -0.287348 -0.957826
vn 0.000000 -1.000000 0.000000
vn 0.000000 -1.000000 0.000000
vn 0.000000 -0.287348 0.957826
vn 0.000000 -0.063112 -0.998006
vn 0.000000 -0.063112 0.998006
vn 0.000000 0.164399 -0.986394
vn 0.000000 1.000000 0.000000
vn 0.000000 1.000000 0.000000
vn 0.000000 0.164399 0.986394
vn 0.000000 1.000000 0.000000
vn 0.000000 -1.000000 0.000000
vn 0.624897 0.000000 0.780707
vn 0.000000 1.000000 0.000000
vn 0.624897 0.000000 0.780707
vn 0.433539 -0.707107 0.558609
vn 0.433539 0.707107 0.558609
vn 0.326527 -0.707107 0.627200
vn 0.326527 0.707107 0.627200
vn 0.613117 0.000000 0.789992
vn 0.613117 0.000000 0.789992
vn 0.461779 0.000000 0.886995
vn 0.461779 0.000000 0.886995
vn -0.126046 -0.957092 -0.260935
vn -0.347972 0.600000 -0.720358
vn 0.000000 1.000000 0.000000
vn 0.000000 -1.000000 0.000000
vn 0.000000 1.000000 0.000000
vn 0.000000 -1.000000 0.000000
vn 0.000000 1.000000 0.000000
vn 0.307567 -0.707107 0.636712
vn 0.307567 0.707107 0.636712
vn 0.307567 -0.707107 0.636712
vn 0.307567 0.707107 0.636712
vn 0.000000 1.000000 0.000000
vn 0.304812 0.164399 -0.938116
vn 0.000000 1.000000 0.000000
vn 0.304812 0.164399 0.938116
vn 0.434966 0.000000 0.900447
vn 0.434966 0.000000 0.900447
vn 0.434966 0.000000 0.900447
vn 0.434966 0.000000 0.900447
vn -0.564642 0.000000 -0.825336
vn 0.000000 -1.000000 0.000000
vn 0.295985 -0.287348 -0.910947
vn 0.000000 -1.000000 0.000000
vn 0.295985 -0.287348 0.910947
vn -0.399263 -0.707107 -0.583600
vn -0.399263 0.707107 -0.583600
vn 0.000000 -1.000000 0.000000
vn 0.589145 0.000000 0.808028
vn 0.000000 1.000000 0.000000
vn 0.589145 0.000000 0.808028
vn 0.308401 -0.063112 -0.949161
vn 0.308401 -0.063112 0.949161
vn 0.000000 -1.000000 0.000000
vn 0.000000 1.000000 0.000000
vn -0.394019 0.000000 -0.919102
vn -0.394019 0.000000 -0.919102
vn -0.315215 0.600000 -0.735282
vn -0.218562 -0.832050 -0.509826
vn 0.399263 -0.707107 0.583600
vn 0.399263 0.707107 0.583600
vn 0.000000 1.000000 0.000000
vn 0.579788 0.164399 -0.798009
vn 0.000000 1.000000 0.000000
vn 0.579788 0.164399 0.798009
vn -0.278613 -0.707107 -0.649904
vn -0.278613 0.707107 -0.649904
vn -0.278613 -0.707107 -0.649904
vn -0.278613 0.707107 -0.649904
vn 0.564642 0.000000 0.825336
vn 0.564642 0.000000 0.825336
vn -0.407760 0.000000 -0.913089
vn -0.288330 -0.707107 -0.645651
vn -0.288330 0.707107 -0.645651
vn 0.000000 -1.000000 0.000000
vn 0.562996 -0.287348 -0.774898
vn 0.000000 -1.000000 0.000000
vn 0.562996 -0.287348 0.774898
vn -0.114180 -0.957092 -0.266341
vn -0.315215 0.600000 -0.735282
vn 0.000000 1.000000 0.000000
vn 0.000000 -1.000000 0.000000
vn 0.000000 1.000000 0.000000
vn 0.000000 -1.000000 0.000000
vn 0.000000 1.000000 0.000000
vn 0.000000 -1.000000 0.000000
vn 0.000000 1.000000 0.000000
vn 0.000000 1.000000 0.000000
vn 0.798009 0.164399 -0.579788
vn 0.000000 1.000000 0.000000
vn 0.798009 0.164399 0.579788
vn 0.000000 -1.000000 0.000000
vn 0.552199 0.000000 0.833712
vn 0.000000 1.000000 0.000000
vn 0.552199 0.000000 0.833712
vn 0.288330 -0.707107 0.645651
vn 0.288330 0.707107 0.645651
vn 0.407760 0.000000 0.913089
vn 0.407760 0.000000 0.913089
vn 0.586613 -0.063112 -0.807404
vn 0.586613 -0.063112 0.807404
vn 0.278613 -0.707107 0.649904
vn 0.278613 0.707107 0.649904
vn 0.278613 -0.707107 0.649904
vn 0.278613 0.707107 0.649904
vn -0.514136 0.000000 -0.857709
vn 0.000000 1.000000 0.000000
vn 0.938116 0.164399 -0.304812
vn 0.000000 1.000000 0.000000
vn 0.938116 0.164399 0.304812
vn 0.394019 0.000000 0.919102
vn 0.394019 0.000000 0.919102
vn 0.394019 0.000000 0.919102
vn 0.394019 0.000000 0.919102
vn -0.363549 -0.707107 -0.606492
vn -0.363549 0.707107 -0.606492
vn 0.000000 1.000000 0.000000
vn 0.986394 0.164399 0.000000
vn 0.986394 0.164399 0.000000
vn 0.000000 -1.000000 0.000000
vn 0.774898 -0.287348 -0.562996
vn 0.000000 -1.000000 0.000000
vn 0.774898 -0.287348 0.562996
vn 0.000000 -1.000000 0.000000
vn 0.000000 1.000000 0.000000
vn 0.363549 -0.707107 0.606492
vn 0.363549 0.707107 0.606492
vn 0.514136 0.000000 0.857709
vn 0.514136 0.000000 0.857709
vn 0.000000 -1.000000 0.000000
vn 0.910947 -0.287348 -0.295985
vn 0.000000 -1.000000 0.000000
vn 0.910947 -0.287348 0.295985
vn -0.352274 0.000000 -0.935897
vn -0.352274 0.000000 -0.935897
vn 0.807404 -0.063112 -0.586613
vn 0.807404 -0.063112 0.586613
vn -0.281819 0.600000 -0.748717
vn -0.195407 -0.832050 -0.519142
vn 0.000000 -1.000000 0.000000
vn 0.514136 0.000000 0.857709
vn 0.000000 1.000000 0.000000
vn 0.514136 0.000000 0.857709
vn 0.000000 -1.000000 0.000000
vn 0.957826 -0.287348 0.000000
vn 0.957826 -0.287348 0.000000
vn -0.249095 -0.707107 -0.661779
vn -0.249095 0.707107 -0.661779
vn -0.249095 -0.707107 -0.661779
vn -0.249095 0.707107 -0.661779
vn -0.102083 -0.957092 -0.271208
vn -0.281819 0.600000 -0.748717
vn 0.000000 1.000000 0.000000
vn 0.000000 -1.000000 0.000000
vn 0.000000 1.000000 0.000000
vn 0.000000 -1.000000 0.000000
vn 0.000000 1.000000 0.000000
vn 0.949161 -0.063112 -0.308401
vn 0.949161 -0.063112 0.308401
vn 0.998006 -0.063112 0.000000
vn 0.998006 -0.063112 0.000000
vn -0.352274 0.000000 -0.935897
vn 0.249095 -0.707107 0.661779
vn 0.249095 0.707107 0.661779
vn 0.249095 -0.707107 0.661779
vn 0.249095 0.707107 0.661779
vn -0.461779 0.000000 -0.886995
vn -0.249095 -0.707107 -0.661779
vn -0.249095 0.707107 -0.661779
vn -0.326527 -0.707107 -0.627200
vn -0.326527 0.707107 -0.627200
vn 0.352274 0.000000 0.935897
vn 0.352274 0.000000 0.935897
vn 0.352274 0.000000 0.935897
vn 0.352274 0.000000 0.935897
vn 0.000000 -1.000000 0.000000
vn 0.000000 1.000000 0.000000
vn 0.000000 -1.000000 0.000000
vn 0.000000 1.000000 0.000000
vn 0.000000 -1.000000 0.000000
vn 0.475032 0.000000 0.879969
vn 0.000000 1.000000 0.000000
vn 0.475032 0.000000 0.879969
vn 0.249095 -0.707107 0.661779
vn 0.249095 0.707107 0.661779
vn 0.352274 0.000000 0.935897
vn 0.352274 0.000000 0.935897
vn 0.326527 -0.707107 0.627200
vn 0.326527 0.707107 0.627200
vn 0.461779 0.000000 0.886995
vn 0.461779 0.000000 0.886995
vn -0.309816 0.000000 -0.950796
vn -0.309816 0.000000 -0.950796
vn -0.247853 0.600000 -0.760637
vn -0.171855 -0.832050 -0.527407
vn -0.219073 -0.707107 -0.672315
vn -0.219073 0.707107 -0.672315
vn -0.219073 -0.707107 -0.672315
vn -0.219073 0.707107 -0.672315
vn -0.089780 -0.957092 -0.275526
vn -0.247853 0.600000 -0.760637
vn 0.000000 1.000000 0.000000
vn 0.000000 -1.000000 0.000000
vn 0.000000 1.000000 0.000000
vn 0.000000 -1.000000 0.000000
vn 0.000000 1.000000 0.000000
vn 0.000000 -1.000000 0.000000
vn 0.434966 0.000000 0.900447
vn 0.000000 1.000000 0.000000
vn 0.434966 0.000000 0.900447
vn -0.407760 0.000000 -0.913089
vn 0.219073 -0.707107 0.672315
vn 0.219073 0.707107 0.672315
vn 0.219073 -0.707107 0.672315
vn 0.219073 0.707107 0.672315
vn -0.288330 -0.707107 -0.645651
vn -0.288330 0.707107 -0.645651
vn 0.309816 0.000000 0.950796
vn 0.309816 0.000000 0.950796
vn 0.309816 0.000000 0.950796
vn 0.309816 0.000000 0.950796
vn 0.000000 -1.000000 0.000000
vn 0.000000 1.000000 0.000000
vn 0.288330 -0.707107 0.645651
vn 0.288330 0.707107 0.645651
vn 0.407760 0.000000 0.913089
vn 0.407760 0.000000 0.913089
vn -0.295520 0.000000 -0.955337
vn -0.208964 -0.707107 -0.675525
vn -0.208964 0.707107 -0.675525
vn 0.000000 -1.000000 0.000000
vn 0.000000 1.000000 0.000000
vn 0.208964 -0.707107 0.675525
vn 0.208964 0.707107 0.675525
vn 0.295520 0.000000 0.955337
vn 0.295520 0.000000 0.955337
vn 0.000000 -1.000000 0.000000
vn 0.394019 0.000000 0.919102
vn 0.000000 1.000000 0.000000
vn 0.394019 0.000000 0.919102
vn -0.266731 0.000000 -0.963771
vn -0.266731 0.000000 -0.963771
vn -0.213385 0.600000 -0.771017
vn -0.147956 -0.832050 -0.534604
vn -0.188608 -0.707107 -0.681489
vn -0.188608 0.707107 -0.681489
vn -0.188608 -0.707107 -0.681489
vn -0.188608 0.707107 -0.681489
vn -0.077295 -0.957092 -0.279286
vn -0.213385 0.600000 -0.771017
vn 0.000000 1.000000 0.000000
vn 0.000000 -1.000000 0.000000
vn 0.000000 1.000000 0.000000
vn 0.000000 -1.000000 0.000000
vn 0.000000 1.000000 0.000000
vn -0.352274 0.000000 -0.935897
vn -0.249095 -0.707107 -0.661779
vn -0.249095 0.707107 -0.661779
vn 0.188608 -0.707107 0.681489
vn 0.188608 0.707107 0.681489
vn 0.188608 -0.707107 0.681489
vn 0.188608 0.707107 0.681489
vn 0.266731 0.000000 0.963771
vn 0.266731 0.000000 0.963771
vn 0.266731 0.000000 0.963771
vn 0.266731 0.000000 0.963771
vn 0.000000 -1.000000 0.000000
vn 0.000000 1.000000 0.000000
vn 0.249095 -0.707107 0.661779
vn 0.249095 0.707107 0.661779
vn 0.352274 0.000000 0.935897
vn 0.352274 0.000000 0.935897
vn 0.000000 -1.000000 0.000000
vn 0.352274 0.000000 0.935897
vn 0.000000 1.000000 0.000000
vn 0.352274 0.000000 0.935897
vn -0.237703 0.000000 -0.971338
vn -0.168081 -0.707107 -0.686840
vn -0.168081 0.707107 -0.686840
vn -0.223106 0.000000 -0.974794
vn -0.223106 0.000000 -0.974794
vn -0.178485 0.600000 -0.779835
vn -0.123757 -0.832050 -0.540718
vn -0.157760 -0.707107 -0.689284
vn -0.157760 0.707107 -0.689284
vn -0.157760 -0.707107 -0.689284
vn -0.157760 0.707107 -0.689284
vn 0.000000 -1.000000 0.000000
vn 0.000000 1.000000 0.000000
vn 0.168081 -0.707107 0.686840
vn 0.168081 0.707107 0.686840
vn 0.237703 0.000000 0.971338
vn 0.237703 0.000000 0.971338
vn -0.064653 -0.957092 -0.282480
vn -0.178485 0.600000 -0.779835
vn 0.000000 1.000000 0.000000
vn 0.000000 -1.000000 0.000000
vn 0.000000 1.000000 0.000000
vn 0.000000 -1.000000 0.000000
vn 0.000000 1.000000 0.000000
vn -0.295520 0.000000 -0.955337
vn 0.000000 -1.000000 0.000000
vn 0.309816 0.000000 0.950796
vn 0.000000 1.000000 0.000000
vn 0.309816 0.000000 0.950796
vn -0.208964 -0.707107 -0.675525
vn -0.208964 0.707107 -0.675525
vn 0.157760 -0.707107 0.689284
vn 0.157760 0.707107 0.689284
vn 0.157760 -0.707107 0.689284
vn 0.157760 0.707107 0.689284
vn 0.223106 0.000000 0.974794
vn 0.223106 0.000000 0.974794
vn 0.223106 0.000000 0.974794
vn 0.223106 0.000000 0.974794
vn 0.000000 -1.000000 0.000000
vn 0.000000 1.000000 0.000000
vn 0.208964 -0.707107 0.675525
vn 0.208964 0.707107 0.675525
vn 0.295520 0.000000 0.955337
vn 0.295520 0.000000 0.955337
vn 0.000000 -1.000000 0.000000
vn 0.266731 0.000000 0.963771
vn 0.000000 1.000000 0.000000
vn 0.266731 0.000000 0.963771
vn -0.179030 0.000000 -0.983844
vn -0.179030 0.000000 -0.983844
vn -0.143224 0.600000 -0.787075
vn -0.099308 -0.832050 -0.545738
vn -0.126593 -0.707107 -0.695683
vn -0.126593 0.707107 -0.695683
vn -0.126593 -0.707107 -0.695683
vn -0.126593 0.707107 -0.695683
vn -0.051880 -0.957092 -0.285102
vn -0.143224 0.600000 -0.787075
vn 0.000000 1.000000 0.000000
vn 0.000000 -1.000000 0.000000
vn 0.000000 1.000000 0.000000
vn 0.000000 -1.000000 0.000000
vn 0.000000 1.000000 0.000000
vn -0.237703 0.000000 -0.971338
vn -0.168081 -0.707107 -0.686840
vn -0.168081 0.707107 -0.686840
vn -0.179030 0.000000 -0.983844
vn 0.126593 -0.707107 0.695683
vn 0.126593 0.707107 0.695683
vn 0.126593 -0.707107 0.695683
vn 0.126593 0.707107 0.695683
vn -0.126593 -0.707107 -0.695683
vn -0.126593 0.707107 -0.695683
vn 0.000000 -1.000000 0.000000
vn 0.000000 1.000000 0.000000
vn 0.179030 0.000000 0.983844
vn 0.179030 0.000000 0.983844
vn 0.179030 0.000000 0.983844
vn 0.179030 0.000000 0.983844
vn 0.000000 -1.000000 0.000000
vn 0.000000 1.000000 0.000000
vn 0.168081 -0.707107 0.686840
vn 0.168081 0.707107 0.686840
vn 0.126593 -0.707107 0.695683
vn 0.126593 0.707107 0.695683
vn 0.237703 0.000000 0.971338
vn 0.237703 0.000000 0.971338
vn 0.179030 0.000000 0.983844
vn 0.179030 0.000000 0.983844
vn 0.000000 -1.000000 0.000000
vn 0.223106 0.000000 0.974794
vn 0.000000 1.000000 0.000000
vn 0.223106 0.000000 0.974794
vn -0.134590 0.000000 -0.990901
vn -0.134590 0.000000 -0.990901
vn -0.107672 0.600000 -0.792721
vn -0.074657 -0.832050 -0.549653
vn -0.095170 -0.707107 -0.700673
vn -0.095170 0.707107 -0.700673
vn -0.095170 -0.707107 -0.700673
vn -0.095170 0.707107 -0.700673
vn -0.039002 -0.957092 -0.287147
vn -0.107672 0.600000 -0.792721
vn 0.000000 1.000000 0.000000
vn 0.000000 -1.000000 0.000000
vn 0.000000 1.000000 0.000000
vn 0.000000 -1.000000 0.000000
vn 0.000000 1.000000 0.000000
vn -0.179030 0.000000 -0.983844
vn -0.126593 -0.707107 -0.695683
vn -0.126593 0.707107 -0.695683
vn 0.095170 -0.707107 0.700673
vn 0.095170 0.707107 0.700673
vn 0.095170 -0.707107 0.700673
vn 0.095170 0.707107 0.700673
vn 0.000000 -1.000000 0.000000
vn 0.000000 1.000000 0.000000
vn 0.134590 0.000000 0.990901
vn 0.134590 0.000000 0.990901
vn 0.134590 0.000000 0.990901
vn 0.134590 0.000000 0.990901
vn 0.126593 -0.707107 0.695683
vn 0.126593 0.707107 0.695683
vn 0.179030 0.000000 0.983844
vn 0.179030 0.000000 0.983844
vn 0.000000 -1.000000 0.000000
vn 0.179030 0.000000 0.983844
vn 0.000000 1.000000 0.000000
vn 0.179030 0.000000 0.983844
vn -0.119712 0.000000 -0.992809
vn -0.084649 -0.707107 -0.702022
vn -0.084649 0.707107 -0.702022
vn 0.000000 -1.000000 0.000000
vn 0.000000 1.000000 0.000000
vn 0.084649 -0.707107 0.702022
vn 0.084649 0.707107 0.702022
vn 0.119712 0.000000 0.992809
vn 0.119712 0.000000 0.992809
vn 0.000000 -1.000000 0.000000
vn 0.134590 0.000000 0.990901
vn 0.000000 1.000000 0.000000
vn 0.134590 0.000000 0.990901
vn -0.089879 0.000000 -0.995953
vn -0.089879 0.000000 -0.995953
vn -0.071903 0.600000 -0.796762
vn -0.049856 -0.832050 -0.552455
vn -0.063554 -0.707107 -0.704245
vn -0.063554 0.707107 -0.704245
vn -0.063554 -0.707107 -0.704245
vn -0.063554 0.707107 -0.704245
vn -0.026045 -0.957092 -0.288611
vn -0.071903 0.600000 -0.796762
vn 0.000000 1.000000 0.000000
vn 0.000000 -1.000000 0.000000
vn 0.000000 1.000000 0.000000
vn 0.000000 -1.000000 0.000000
vn 0.000000 1.000000 0.000000
vn -0.119712 0.000000 -0.992809
vn -0.084649 -0.707107 -0.702022
vn -0.084649 0.707107 -0.702022
vn 0.063554 -0.707107 0.704245
vn 0.063554 0.707107 0.704245
vn 0.063554 -0.707107 0.704245
vn 0.063554 0.707107 0.704245
vn 0.000000 -1.000000 0.000000
vn 0.000000 1.000000 0.000000
vn 0.089879 0.000000 0.995953
vn 0.089879 0.000000 0.995953
vn 0.089879 0.000000 0.995953
vn 0.089879 0.000000 0.995953
vn 0.084649 -0.707107 0.702022
vn 0.084649 0.707107 0.702022
vn 0.119712 0.000000 0.992809
vn 0.119712 0.000000 0.992809
vn 0.000000 -1.000000 0.000000
vn 0.089879 0.000000 0.995953
vn 0.000000 1.000000 0.000000
vn 0.089879 0.000000 0.995953
vn -0.059964 0.000000 -0.998201
vn -0.042401 -0.707107 -0.705834
vn -0.042401 0.707107 -0.705834
vn 0.000000 -1.000000 0.000000
vn 0.000000 1.000000 0.000000
vn 0.042401 -0.707107 0.705834
vn 0.042401 0.707107 0.705834
vn 0.059964 0.000000 0.998201
vn 0.059964 0.000000 0.998201
vn -0.044985 0.000000 -0.998988
vn -0.044985 0.000000 -0.998988
vn -0.035988 0.600000 -0.799190
vn -0.024953 -0.832050 -0.554139
vn -0.031809 -0.707107 -0.706391
vn -0.031809 0.707107 -0.706391
vn -0.031809 -0.707107 -0.706391
vn -0.031809 0.707107 -0.706391
vn -0.013036 -0.957092 -0.289491
vn -0.035988 0.600000 -0.799190
vn 0.000000 1.000000 0.000000
vn 0.000000 -1.000000 0.000000
vn 0.000000 1.000000 0.000000
vn 0.000000 -1.000000 0.000000
vn 0.000000 1.000000 0.000000
vn -0.059964 0.000000 -0.998201
vn -0.042401 -0.707107 -0.705834
vn -0.042401 0.707107 -0.705834
vn 0.031809 -0.707107 0.706391
vn 0.031809 0.707107 0.706391
vn 0.031809 -0.707107 0.706391
vn 0.031809 0.707107 0.706391
vn 0.000000 -1.000000 0.000000
vn 0.000000 1.000000 0.000000
vn 0.044985 0.000000 0.998988
vn 0.044985 0.000000 0.998988
vn 0.044985 0.000000 0.998988
vn 0.044985 0.000000 0.998988
vn 0.042401 -0.707107 0.705834
vn 0.042401 0.707107 0.705834
vn 0.059964 0.000000 0.998201
vn 0.059964 0.000000 0.998201
vn 0.000000 -1.000000 0.000000
vn 0.044985 0.000000 0.998988
vn 0.000000 1.000000 0.000000
vn 0.044985 0.000000 0.998988
vn 0.000000 -0.957092 -0.289784
vn 0.000000 -1.000000 0.000000
vn 0.000000 0.000000 1.000000
vn 0.000000 -0.832050 -0.554700
vn 0.000000 0.600000 -0.800000
vn 0.000000 -1.000000 0.000000
vn 0.000000 -1.000000 0.000000
vn 0.000000 -0.707107 -0.707107
vn 0.000000 -0.707107 0.707107
vn 0.000000 -0.707107 -0.707107
vn 0.000000 -0.707107 0.707107
vn 0.000000 0.000000 -1.000000
vn 0.000000 0.000000 1.000000
vn 0.000000 0.000000 1.000000
vn 0.000000 0.000000 -1.000000
vn 0.000000 0.000000 1.000000
vn 0.000000 0.000000 1.000000
vn 0.000000 0.707107 -0.707107
vn 0.000000 0.707107 0.707107
vn 0.000000 0.707107 -0.707107
vn 0.000000 0.707107 0.707107
vn 0.000000 1.000000 0.000000
vn 0.000000 1.000000 0.000000
vn 0.000000 0.600000 -0.800000
vn 0.000000 1.000000 0.000000
vn 0.000000 0.000000 1.000000
vn 0.000000 1.000000 0.000000
vn 0.000000 -1.000000 0.000000
vn 0.000000 -0.707107 -0.707107
vn 0.000000 -0.707107 0.707107
vn 0.000000 0.000000 -1.000000
vn 0.000000 0.000000 1.000000
vn 0.000000 0.000000 1.000000
vn 0.000000 0.707107 -0.707107
vn 0.000000 0.707107 0.707107
vn 0.000000 1.000000 0.000000
vn 0.000000 -1.000000 0.000000
vn 0.000000 -0.707107 -0.707107
vn 0.000000 -0.707107 0.707107
vn 0.000000 0.000000 -1.000000
vn 0.000000 0.000000 1.000000
vn 0.000000 0.000000 1.000000
vn 0.000000 0.707107 -0.707107
vn 0.000000 0.707107 0.707107
vn 0.000000 1.000000 0.000000
vn -0.044985 0.000000 0.998988
vn 0.000000 -1.000000 0.000000
vn -0.044985 0.000000 0.998988
vn 0.000000 1.000000 0.000000
vn -0.059964 0.000000 0.998201
vn -0.059964 0.000000 0.998201
vn -0.042401 -0.707107 0.705834
vn -0.042401 0.707107 0.705834
vn -0.044985 0.000000 0.998988
vn -0.044985 0.000000 0.998988
vn -0.044985 0.000000 0.998988
vn -0.044985 0.000000 0.998988
vn 0.000000 -1.000000 0.000000
vn 0.000000 1.000000 0.000000
vn -0.031809 -0.707107 0.706391
vn -0.031809 0.707107 0.706391
vn -0.031809 -0.707107 0.706391
vn -0.031809 0.707107 0.706391
vn 0.042401 -0.707107 -0.705834
vn 0.042401 0.707107 -0.705834
vn 0.059964 0.000000 -0.998201
vn 0.013036 -0.957092 -0.289491
vn 0.000000 1.000000 0.000000
vn 0.035988 0.600000 -0.799190
vn 0.000000 -1.000000 0.000000
vn 0.000000 1.000000 0.000000
vn 0.000000 -1.000000 0.000000
vn 0.000000 1.000000 0.000000
vn 0.031809 -0.707107 -0.706391
vn 0.031809 0.707107 -0.706391
vn 0.031809 -0.707107 -0.706391
vn 0.031809 0.707107 -0.706391
vn 0.024953 -0.832050 -0.554139
vn 0.035988 0.600000 -0.799190
vn 0.044985 0.000000 -0.998988
vn 0.044985 0.000000 -0.998988
vn -0.059964 0.000000 0.998201
vn -0.059964 0.000000 0.998201
vn -0.042401 -0.707107 0.705834
vn -0.042401 0.707107 0.705834
vn 0.000000 -1.000000 0.000000
vn 0.000000 1.000000 0.000000
vn 0.042401 -0.707107 -0.705834
vn 0.042401 0.707107 -0.705834
vn 0.059964 0.000000 -0.998201
vn -0.089879 0.000000 0.995953
vn 0.000000 -1.000000 0.000000
vn -0.089879 0.000000 0.995953
vn 0.000000 1.000000 0.000000
vn -0.119712 0.000000 0.992809
vn -0.119712 0.000000 0.992809
vn -0.084649 -0.707107 0.702022
vn -0.084649 0.707107 0.702022
vn -0.089879 0.000000 0.995953
vn -0.089879 0.000000 0.995953
vn -0.089879 0.000000 0.995953
vn -0.089879 0.000000 0.995953
vn 0.000000 -1.000000 0.000000
vn 0.000000 1.000000 0.000000
vn -0.063554 -0.707107 0.704245
vn -0.063554 0.707107 0.704245
vn -0.063554 -0.707107 0.704245
vn -0.063554 0.707107 0.704245
vn 0.084649 -0.707107 -0.702022
vn 0.084649 0.707107 -0.702022
vn 0.119712 0.000000 -0.992809
vn 0.026045 -0.957092 -0.288611
vn 0.000000 1.000000 0.000000
vn 0.071903 0.600000 -0.796762
vn 0.000000 -1.000000 0.000000
vn 0.000000 1.000000 0.000000
vn 0.000000 -1.000000 0.000000
vn 0.000000 1.000000 0.000000
vn 0.063554 -0.707107 -0.704245
vn 0.063554 0.707107 -0.704245
vn 0.063554 -0.707107 -0.704245
vn 0.063554 0.707107 -0.704245
vn 0.049856 -0.832050 -0.552455
vn 0.071903 0.600000 -0.796762
vn 0.089879 0.000000 -0.995953
vn 0.089879 0.000000 -0.995953
vn -0.134590 0.000000 0.990901
vn 0.000000 -1.000000 0.000000
vn -0.134590 0.000000 0.990901
vn 0.000000 1.000000 0.000000
vn -0.119712 0.000000 0.992809
vn -0.119712 0.000000 0.992809
vn -0.084649 -0.707107 0.702022
vn -0.084649 0.707107 0.702022
vn 0.000000 -1.000000 0.000000
vn 0.000000 1.000000 0.000000
vn 0.084649 -0.707107 -0.702022
vn 0.084649 0.707107 -0.702022
vn 0.119712 0.000000 -0.992809
vn -0.179030 0.000000 0.983844
vn 0.000000 -1.000000 0.000000
vn -0.179030 0.000000 0.983844
vn 0.000000 1.000000 0.000000
vn -0.179030 0.000000 0.983844
vn -0.179030 0.000000 0.983844
vn -0.126593 -0.707107 0.695683
vn -0.126593 0.707107 0.695683
vn -0.134590 0.000000 0.990901
vn -0.134590 0.000000 0.990901
vn -0.134590 0.000000 0.990901
vn -0.134590 0.000000 0.990901
vn 0.000000 -1.000000 0.000000
vn 0.000000 1.000000 0.000000
vn -0.095170 -0.707107 0.700673
vn -0.095170 0.707107 0.700673
vn -0.095170 -0.707107 0.700673
vn -0.095170 0.707107 0.700673
vn 0.126593 -0.707107 -0.695683
vn 0.126593 0.707107 -0.695683
vn 0.179030 0.000000 -0.983844
vn 0.039002 -0.957092 -0.287147
vn 0.000000 1.000000 0.000000
vn 0.107672 0.600000 -0.792721
vn 0.000000 -1.000000 0.000000
vn 0.000000 1.000000 0.000000
vn 0.000000 -1.000000 0.000000
vn 0.000000 1.000000 0.000000
vn 0.095170 -0.707107 -0.700673
vn 0.095170 0.707107 -0.700673
vn 0.095170 -0.707107 -0.700673
vn 0.095170 0.707107 -0.700673
vn 0.074657 -0.832050 -0.549653
vn 0.107672 0.600000 -0.792721
vn 0.134590 0.000000 -0.990901
vn 0.134590 0.000000 -0.990901
vn -0.223106 0.000000 0.974794
vn 0.000000 -1.000000 0.000000
vn -0.223106 0.000000 0.974794
vn 0.000000 1.000000 0.000000
vn -0.179030 0.000000 0.983844
vn -0.179030 0.000000 0.983844
vn -0.237703 0.000000 0.971338
vn -0.237703 0.000000 0.971338
vn -0.126593 -0.707107 0.695683
vn -0.126593 0.707107 0.695683
vn -0.168081 -0.707107 0.686840
vn -0.168081 0.707107 0.686840
vn 0.000000 -1.000000 0.000000
vn 0.000000 1.000000 0.000000
vn -0.179030 0.000000 0.983844
vn -0.179030 0.000000 0.983844
vn -0.179030 0.000000 0.983844
vn -0.179030 0.000000 0.983844
vn 0.000000 -1.000000 0.000000
vn 0.000000 1.000000 0.000000
vn 0.126593 -0.707107 -0.695683
vn 0.126593 0.707107 -0.695683
vn -0.126593 -0.707107 0.695683
vn -0.126593 0.707107 0.695683
vn -0.126593 -0.707107 0.695683
vn -0.126593 0.707107 0.695683
vn 0.179030 0.000000 -0.983844
vn 0.168081 -0.707107 -0.686840
vn 0.168081 0.707107 -0.686840
vn 0.237703 0.000000 -0.971338
vn 0.051880 -0.957092 -0.285102
vn 0.000000 1.000000 0.000000
vn 0.143224 0.600000 -0.787075
vn 0.000000 -1.000000 0.000000
vn 0.000000 1.000000 0.000000
vn 0.000000 -1.000000 0.000000
vn 0.000000 1.000000 0.000000
vn 0.126593 -0.707107 -0.695683
vn 0.126593 0.707107 -0.695683
vn 0.126593 -0.707107 -0.695683
vn 0.126593 0.707107 -0.695683
vn 0.099308 -0.832050 -0.545738
vn 0.143224 0.600000 -0.787075
vn 0.179030 0.000000 -0.983844
vn 0.179030 0.000000 -0.983844
vn -0.266731 0.000000 0.963771
vn 0.000000 -1.000000 0.000000
vn -0.266731 0.000000 0.963771
vn 0.000000 1.000000 0.000000
vn -0.295520 0.000000 0.955337
vn -0.295520 0.000000 0.955337
vn -0.208964 -0.707107 0.675525
vn -0.208964 0.707107 0.675525
vn 0.000000 -1.000000 0.000000
vn 0.000000 1.000000 0.000000
vn -0.223106 0.000000 0.974794
vn -0.223106 0.000000 0.974794
vn -0.223106 0.000000 0.974794
vn -0.223106 0.000000 0.974794
vn -0.157760 -0.707107 0.689284
vn -0.157760 0.707107 0.689284
vn -0.157760 -0.707107 0.689284
vn -0.157760 0.707107 0.689284
vn 0.208964 -0.707107 -0.675525
vn 0.208964 0.707107 -0.675525
vn -0.309816 0.000000 0.950796
vn 0.000000 -1.000000 0.000000
vn -0.309816 0.000000 0.950796
vn 0.000000 1.000000 0.000000
vn 0.295520 0.000000 -0.955337
vn 0.064653 -0.957092 -0.282480
vn 0.000000 1.000000 0.000000
vn 0.178485 0.600000 -0.779835
vn 0.000000 -1.000000 0.000000
vn 0.000000 1.000000 0.000000
vn 0.000000 -1.000000 0.000000
vn 0.000000 1.000000 0.000000
vn -0.237703 0.000000 0.971338
vn -0.237703 0.000000 0.971338
vn -0.168081 -0.707107 0.686840
vn -0.168081 0.707107 0.686840
vn 0.000000 -1.000000 0.000000
vn 0.000000 1.000000 0.000000
vn 0.157760 -0.707107 -0.689284
vn 0.157760 0.707107 -0.689284
vn 0.157760 -0.707107 -0.689284
vn 0.157760 0.707107 -0.689284
vn 0.123757 -0.832050 -0.540718
vn 0.178485 0.600000 -0.779835
vn 0.223106 0.000000 -0.974794
vn 0.223106 0.000000 -0.974794
vn 0.168081 -0.707107 -0.686840
vn 0.168081 0.707107 -0.686840
vn 0.237703 0.000000 -0.971338
vn -0.352274 0.000000 0.935897
vn 0.000000 -1.000000 0.000000
vn -0.352274 0.000000 0.935897
vn 0.000000 1.000000 0.000000
vn -0.352274 0.000000 0.935897
vn -0.352274 0.000000 0.935897
vn -0.249095 -0.707107 0.661779
vn -0.249095 0.707107 0.661779
vn 0.000000 -1.000000 0.000000
vn 0.000000 1.000000 0.000000
vn -0.266731 0.000000 0.963771
vn -0.266731 0.000000 0.963771
vn -0.266731 0.000000 0.963771
vn -0.266731 0.000000 0.963771
vn -0.188608 -0.707107 0.681489
vn -0.188608 0.707107 0.681489
vn -0.188608 -0.707107 0.681489
vn -0.188608 0.707107 0.681489
vn 0.249095 -0.707107 -0.661779
vn 0.249095 0.707107 -0.661779
vn 0.352274 0.000000 -0.935897
vn 0.077295 -0.957092 -0.279286
vn 0.000000 1.000000 0.000000
vn 0.213385 0.600000 -0.771017
vn 0.000000 -1.000000 0.000000
vn 0.000000 1.000000 0.000000
vn 0.000000 -1.000000 0.000000
vn 0.000000 1.000000 0.000000
vn 0.188608 -0.707107 -0.681489
vn 0.188608 0.707107 -0.681489
vn 0.188608 -0.707107 -0.681489
vn 0.188608 0.707107 -0.681489
vn 0.147956 -0.832050 -0.534604
vn 0.213385 0.600000 -0.771017
vn 0.266731 0.000000 -0.963771
vn 0.266731 0.000000 -0.963771
vn -0.394019 0.000000 0.919102
vn 0.000000 -1.000000 0.000000
vn -0.394019 0.000000 0.919102
vn 0.000000 1.000000 0.000000
vn -0.295520 0.000000 0.955337
vn -0.295520 0.000000 0.955337
vn -0.208964 -0.707107 0.675525
vn -0.208964 0.707107 0.675525
vn 0.000000 -1.000000 0.000000
vn 0.000000 1.000000 0.000000
vn 0.208964 -0.707107 -0.675525
vn 0.208964 0.707107 -0.675525
vn 0.295520 0.000000 -0.955337
vn -0.407760 0.000000 0.913089
vn -0.407760 0.000000 0.913089
vn -0.288330 -0.707107 0.645651
vn -0.288330 0.707107 0.645651
vn 0.000000 -1.000000 0.000000
vn 0.000000 1.000000 0.000000
vn -0.309816 0.000000 0.950796
vn -0.309816 0.000000 0.950796
vn -0.309816 0.000000 0.950796
vn -0.309816 0.000000 0.950796
vn 0.288330 -0.707107 -0.645651
vn 0.288330 0.707107 -0.645651
vn -0.219073 -0.707107 0.672315
vn -0.219073 0.707107 0.672315
vn -0.219073 -0.707107 0.672315
vn -0.219073 0.707107 0.672315
vn 0.407760 0.000000 -0.913089
vn -0.434966 0.000000 0.900447
vn 0.000000 -1.000000 0.000000
vn -0.434966 0.000000 0.900447
vn 0.000000 1.000000 0.000000
vn 0.089780 -0.957092 -0.275526
vn 0.000000 1.000000 0.000000
vn 0.247853 0.600000 -0.760637
vn 0.000000 -1.000000 0.000000
vn 0.000000 1.000000 0.000000
vn 0.000000 -1.000000 0.000000
vn 0.000000 1.000000 0.000000
vn 0.219073 -0.707107 -0.672315
vn 0.219073 0.707107 -0.672315
vn 0.219073 -0.707107 -0.672315
vn 0.219073 0.707107 -0.672315
vn 0.171855 -0.832050 -0.527407
vn 0.247853 0.600000 -0.760637
vn 0.309816 0.000000 -0.950796
vn 0.309816 0.000000 -0.950796
vn -0.461779 0.000000 0.886995
vn -0.461779 0.000000 0.886995
vn -0.326527 -0.707107 0.627200
vn -0.326527 0.707107 0.627200
vn -0.352274 0.000000 0.935897
vn -0.352274 0.000000 0.935897
vn -0.249095 -0.707107 0.661779
vn -0.249095 0.707107 0.661779
vn -0.475032 0.000000 0.879969
vn 0.000000 -1.000000 0.000000
vn -0.475032 0.000000 0.879969
vn 0.000000 1.000000 0.000000
vn 0.000000 -1.000000 0.000000
vn 0.000000 1.000000 0.000000
vn 0.000000 -1.000000 0.000000
vn 0.000000 1.000000 0.000000
vn -0.352274 0.000000 0.935897
vn -0.352274 0.000000 0.935897
vn -0.352274 0.000000 0.935897
vn -0.352274 0.000000 0.935897
vn 0.326527 -0.707107 -0.627200
vn 0.326527 0.707107 -0.627200
vn 0.249095 -0.707107 -0.661779
vn 0.249095 0.707107 -0.661779
vn 0.461779 0.000000 -0.886995
vn -0.249095 -0.707107 0.661779
vn -0.249095 0.707107 0.661779
vn -0.249095 -0.707107 0.661779
vn -0.249095 0.707107 0.661779
vn 0.352274 0.000000 -0.935897
vn -0.998006 -0.063112 0.000000
vn -0.949161 -0.063112 -0.308401
vn -0.949161 -0.063112 0.308401
vn 0.102083 -0.957092 -0.271208
vn 0.000000 1.000000 0.000000
vn 0.281819 0.600000 -0.748717
vn 0.000000 -1.000000 0.000000
vn 0.000000 1.000000 0.000000
vn 0.000000 -1.000000 0.000000
vn 0.000000 1.000000 0.000000
vn 0.249095 -0.707107 -0.661779
vn 0.249095 0.707107 -0.661779
vn 0.249095 -0.707107 -0.661779
vn 0.249095 0.707107 -0.661779
vn -0.957826 -0.287348 0.000000
vn 0.000000 -1.000000 0.000000
vn -0.514136 0.000000 0.857709
vn 0.000000 -1.000000 0.000000
vn -0.514136 0.000000 0.857709
vn 0.000000 1.000000 0.000000
vn 0.195407 -0.832050 -0.519142
vn 0.281819 0.600000 -0.748717
vn -0.807404 -0.063112 -0.586613
vn -0.807404 -0.063112 0.586613
vn 0.352274 0.000000 -0.935897
vn 0.352274 0.000000 -0.935897
vn -0.910947 -0.287348 -0.295985
vn 0.000000 -1.000000 0.000000
vn -0.910947 -0.287348 0.295985
vn 0.000000 -1.000000 0.000000
vn -0.514136 0.000000 0.857709
vn -0.514136 0.000000 0.857709
vn -0.363549 -0.707107 0.606492
vn -0.363549 0.707107 0.606492
vn 0.000000 -1.000000 0.000000
vn 0.000000 1.000000 0.000000
vn -0.774898 -0.287348 -0.562996
vn 0.000000 -1.000000 0.000000
vn -0.774898 -0.287348 0.562996
vn 0.000000 -1.000000 0.000000
vn -0.986394 0.164399 0.000000
vn 0.000000 1.000000 0.000000
vn 0.363549 -0.707107 -0.606492
vn 0.363549 0.707107 -0.606492
vn -0.394019 0.000000 0.919102
vn -0.394019 0.000000 0.919102
vn -0.394019 0.000000 0.919102
vn -0.394019 0.000000 0.919102
vn -0.938116 0.164399 -0.304812
vn 0.000000 1.000000 0.000000
vn -0.938116 0.164399 0.304812
vn 0.000000 1.000000 0.000000
vn 0.514136 0.000000 -0.857709
vn -0.278613 -0.707107 0.649904
vn -0.278613 0.707107 0.649904
vn -0.278613 -0.707107 0.649904
vn -0.278613 0.707107 0.649904
vn -0.586613 -0.063112 -0.807404
vn -0.586613 -0.063112 0.807404
vn -0.407760 0.000000 0.913089
vn -0.407760 0.000000 0.913089
vn -0.288330 -0.707107 0.645651
vn -0.288330 0.707107 0.645651
vn -0.552199 0.000000 0.833712
vn 0.000000 -1.000000 0.000000
vn -0.552199 0.000000 0.833712
vn 0.000000 1.000000 0.000000
vn -0.798009 0.164399 -0.579788
vn 0.000000 1.000000 0.000000
vn -0.798009 0.164399 0.579788
vn 0.000000 1.000000 0.000000
vn 0.000000 -1.000000 0.000000
vn 0.000000 1.000000 0.000000
vn 0.114180 -0.957092 -0.266341
vn 0.000000 1.000000 0.000000
vn 0.315215 0.600000 -0.735282
vn 0.000000 -1.000000 0.000000
vn 0.000000 1.000000 0.000000
vn 0.000000 -1.000000 0.000000
vn 0.000000 1.000000 0.000000
vn -0.562996 -0.287348 -0.774898
vn 0.000000 -1.000000 0.000000
vn -0.562996 -0.287348 0.774898
vn 0.000000 -1.000000 0.000000
vn 0.288330 -0.707107 -0.645651
vn 0.288330 0.707107 -0.645651
vn 0.407760 0.000000 -0.913089
vn -0.564642 0.000000 0.825336
vn -0.564642 0.000000 0.825336
vn 0.278613 -0.707107 -0.649904
vn 0.278613 0.707107 -0.649904
vn 0.278613 -0.707107 -0.649904
vn 0.278613 0.707107 -0.649904
vn -0.579788 0.164399 -0.798009
vn 0.000000 1.000000 0.000000
vn -0.579788 0.164399 0.798009
vn 0.000000 1.000000 0.000000
vn -0.399263 -0.707107 0.583600
vn -0.399263 0.707107 0.583600
vn 0.218562 -0.832050 -0.509826
vn 0.315215 0.600000 -0.735282
vn 0.394019 0.000000 -0.919102
vn 0.394019 0.000000 -0.919102
vn 0.000000 -1.000000 0.000000
vn 0.000000 1.000000 0.000000
vn -0.308401 -0.063112 -0.949161
vn -0.308401 -0.063112 0.949161
vn -0.589145 0.000000 0.808028
vn 0.000000 -1.000000 0.000000
vn -0.589145 0.000000 0.808028
vn 0.000000 1.000000 0.000000
vn 0.399263 -0.707107 -0.583600
vn 0.399263 0.707107 -0.583600
vn -0.295985 -0.287348 -0.910947
vn 0.000000 -1.000000 0.000000
vn -0.295985 -0.287348 0.910947
vn 0.000000 -1.000000 0.000000
vn 0.564642 0.000000 -0.825336
vn -0.434966 0.000000 0.900447
vn -0.434966 0.000000 0.900447
vn -0.434966 0.000000 0.900447
vn -0.434966 0.000000 0.900447
vn -0.304812 0.164399 -0.938116
vn 0.000000 1.000000 0.000000
vn -0.304812 0.164399 0.938116
vn 0.000000 1.000000 0.000000
vn -0.307567 -0.707107 0.636712
vn -0.307567 0.707107 0.636712
vn -0.307567 -0.707107 0.636712
vn -0.307567 0.707107 0.636712
vn 0.126046 -0.957092 -0.260935
vn 0.000000 1.000000 0.000000
vn 0.347972 0.600000 -0.720358
vn 0.000000 -1.000000 0.000000
vn 0.000000 1.000000 0.000000
vn 0.000000 -1.000000 0.000000
vn 0.000000 1.000000 0.000000
vn -0.461779 0.000000 0.886995
vn -0.461779 0.000000 0.886995
vn -0.613117 0.000000 0.789992
vn -0.613117 0.000000 0.789992
vn -0.326527 -0.707107 0.627200
vn -0.326527 0.707107 0.627200
vn -0.433539 -0.707107 0.558609
vn -0.433539 0.707107 0.558609
vn -0.624897 0.000000 0.780707
vn 0.000000 -1.000000 0.000000
vn -0.624897 0.000000 0.780707
vn 0.000000 1.000000 0.000000
vn 0.000000 -1.000000 0.000000
vn 0.000000 -0.287348 -0.957826
vn 0.000000 -1.000000 0.000000
vn 0.000000 -1.000000 0.000000
vn 0.000000 -0.287348 0.957826
vn 0.000000 -0.063112 -0.998006
vn 0.000000 -0.063112 0.998006
vn 0.000000 0.164399 -0.986394
vn 0.000000 1.000000 0.000000
vn 0.000000 1.000000 0.000000
vn 0.000000 0.164399 0.986394
vn 0.000000 1.000000 0.000000
vn 0.000000 -1.000000 0.000000
vn 0.000000 1.000000 0.000000
vn 0.307567 -0.707107 -0.636712
vn 0.307567 0.707107 -0.636712
vn 0.307567 -0.707107 -0.636712
vn 0.307567 0.707107 -0.636712
vn 0.000000 -1.000000 0.000000
vn 0.000000 1.000000 0.000000
vn 0.326527 -0.707107 -0.627200
vn 0.326527 0.707107 -0.627200
vn 0.241275 -0.832050 -0.499478
vn 0.347972 0.600000 -0.720358
vn 0.434966 0.000000 -0.900447
vn 0.434966 0.000000 -0.900447
vn 0.461779 0.000000 -0.886995
vn 0.433539 -0.707107 -0.558609
vn 0.433539 0.707107 -0.558609
vn 0.613117 0.000000 -0.789992
vn -0.475032 0.000000 0.879969
vn -0.475032 0.000000 0.879969
vn -0.475032 0.000000 0.879969
vn -0.475032 0.000000 0.879969
vn -0.335898 -0.707107 0.622232
vn -0.335898 0.707107 0.622232
vn -0.335898 -0.707107 0.622232
vn -0.335898 0.707107 0.622232
vn 0.000000 1.000000 0.000000
vn 0.304812 0.164399 -0.938116
vn 0.000000 1.000000 0.000000
vn 0.304812 0.164399 0.938116
vn -0.659385 0.000000 0.751806
vn 0.000000 -1.000000 0.000000
vn 0.751806 0.000000 0.659385
vn 0.751806 0.000000 0.659385
vn -0.659385 0.000000 0.751806
vn 0.000000 1.000000 0.000000
vn 0.751806 0.000000 0.659385
vn 0.751806 0.000000 0.659385
vn 0.000000 -1.000000 0.000000
vn 0.295985 -0.287348 -0.910947
vn 0.000000 -1.000000 0.000000
vn 0.295985 -0.287348 0.910947
vn -0.636537 0.000000 0.771246
vn -0.636537 0.000000 0.771246
vn 0.771246 0.000000 0.636537
vn 0.771246 0.000000 0.636537
vn 0.308401 -0.063112 -0.949161
vn 0.308401 -0.063112 0.949161
vn -0.450100 -0.707107 0.545353
vn 0.771246 0.000000 0.636537
vn 0.771246 0.000000 0.636537
vn -0.450100 0.707107 0.545353
vn 0.771246 0.000000 0.636537
vn 0.771246 0.000000 0.636537
vn 0.137657 -0.957092 -0.255001
vn 0.000000 1.000000 0.000000
vn 0.380025 0.600000 -0.703975
vn 0.000000 -1.000000 0.000000
vn 0.000000 1.000000 0.000000
vn 0.000000 -1.000000 0.000000
vn 0.000000 1.000000 0.000000
vn 0.000000 -1.000000 0.000000
vn 0.771246 0.000000 0.636537
vn 0.771246 0.000000 0.636537
vn 0.771246 0.000000 0.636537
vn 0.000000 1.000000 0.000000
vn 0.771246 0.000000 0.636537
vn 0.771246 0.000000 0.636537
vn 0.000000 1.000000 0.000000
vn 0.579788 0.164399 -0.798009
vn 0.000000 1.000000 0.000000
vn 0.579788 0.164399 0.798009
vn 0.450100 -0.707107 -0.545353
vn 0.771246 0.000000 0.636537
vn 0.771246 0.000000 0.636537
vn 0.450100 0.707107 -0.545353
vn 0.771246 0.000000 0.636537
vn 0.771246 0.000000 0.636537
vn 0.335898 -0.707107 -0.622232
vn 0.335898 0.707107 -0.622232
vn 0.335898 -0.707107 -0.622232
vn 0.335898 0.707107 -0.622232
vn -0.514136 0.000000 0.857709
vn -0.514136 0.000000 0.857709
vn -0.363549 -0.707107 0.606492
vn -0.363549 0.707107 0.606492
vn 0.636537 0.000000 -0.771246
vn 0.771246 0.000000 0.636537
vn 0.771246 0.000000 0.636537
vn 0.263500 -0.832050 -0.488119
vn 0.380025 0.600000 -0.703975
vn 0.000000 -1.000000 0.000000
vn 0.562996 -0.287348 -0.774898
vn 0.000000 -1.000000 0.000000
vn 0.562996 -0.287348 0.774898
vn 0.475032 0.000000 -0.879969
vn 0.475032 0.000000 -0.879969
vn 0.000000 -1.000000 0.000000
vn 0.000000 1.000000 0.000000
vn 0.000000 1.000000 0.000000
vn 0.798009 0.164399 -0.579788
vn 0.000000 1.000000 0.000000
vn 0.798009 0.164399 0.579788
vn -0.514136 0.000000 0.857709
vn -0.514136 0.000000 0.857709
vn -0.514136 0.000000 0.857709
vn -0.514136 0.000000 0.857709
vn 0.363549 -0.707107 -0.606492
vn 0.363549 0.707107 -0.606492
vn 0.586613 -0.063112 -0.807404
vn 0.586613 -0.063112 0.807404
vn -0.363549 -0.707107 0.606492
vn -0.363549 0.707107 0.606492
vn -0.363549 -0.707107 0.606492
vn -0.363549 0.707107 0.606492
vn 0.514136 0.000000 -0.857709
vn 0.000000 1.000000 0.000000
vn 0.938116 0.164399 -0.304812
vn 0.000000 1.000000 0.000000
vn 0.938116 0.164399 0.304812
vn 0.000000 1.000000 0.000000
vn 0.986394 0.164399 0.000000
vn 0.986394 0.164399 0.000000
vn 0.000000 -1.000000 0.000000
vn 0.774898 -0.287348 -0.562996
vn 0.000000 -1.000000 0.000000
vn 0.774898 -0.287348 0.562996
vn 0.148988 -0.957092 -0.248550
vn 0.000000 1.000000 0.000000
vn 0.411309 0.600000 -0.686167
vn 0.000000 -1.000000 0.000000
vn 0.000000 1.000000 0.000000
vn 0.000000 -1.000000 0.000000
vn 0.000000 1.000000 0.000000
vn 0.000000 -1.000000 0.000000
vn 0.910947 -0.287348 -0.295985
vn 0.000000 -1.000000 0.000000
vn 0.910947 -0.287348 0.295985
vn 0.807404 -0.063112 -0.586613
vn 0.807404 -0.063112 0.586613
vn 0.000000 -1.000000 0.000000
vn 0.957826 -0.287348 0.000000
vn 0.957826 -0.287348 0.000000
vn 0.363549 -0.707107 -0.606492
vn 0.363549 0.707107 -0.606492
vn 0.363549 -0.707107 -0.606492
vn 0.363549 0.707107 -0.606492
vn 0.285191 -0.832050 -0.475771
vn 0.411309 0.600000 -0.686167
vn 0.514136 0.000000 -0.857709
vn 0.514136 0.000000 -0.857709
vn -0.552199 0.000000 0.833712
vn -0.552199 0.000000 0.833712
vn -0.552199 0.000000 0.833712
vn -0.552199 0.000000 0.833712
vn -0.564642 0.000000 0.825336
vn -0.564642 0.000000 0.825336
vn 0.949161 -0.063112 -0.308401
vn 0.949161 -0.063112 0.308401
vn -0.399263 -0.707107 0.583600
vn -0.399263 0.707107 0.583600
vn -0.390464 -0.707107 0.589523
vn -0.390464 0.707107 0.589523
vn -0.390464 -0.707107 0.589523
vn -0.390464 0.707107 0.589523
vn 0.998006 -0.063112 0.000000
vn 0.998006 -0.063112 0.000000
vn 0.000000 -1.000000 0.000000
vn 0.000000 1.000000 0.000000
vn 0.399263 -0.707107 -0.583600
vn 0.399263 0.707107 -0.583600
vn 0.564642 0.000000 -0.825336
vn 0.160019 -0.957092 -0.241597
vn 0.000000 1.000000 0.000000
vn 0.441760 0.600000 -0.666970
vn 0.000000 -1.000000 0.000000
vn 0.000000 1.000000 0.000000
vn 0.000000 -1.000000 0.000000
vn 0.000000 1.000000 0.000000
vn 0.390464 -0.707107 -0.589523
vn 0.390464 0.707107 -0.589523
vn 0.390464 -0.707107 -0.589523
vn 0.390464 0.707107 -0.589523
vn -0.589145 0.000000 0.808028
vn -0.589145 0.000000 0.808028
vn -0.589145 0.000000 0.808028
vn -0.589145 0.000000 0.808028
vn 0.306305 -0.832050 -0.462460
vn 0.441760 0.600000 -0.666970
vn 0.552199 0.000000 -0.833712
vn 0.552199 0.000000 -0.833712
vn -0.416588 -0.707107 0.571362
vn -0.416588 0.707107 0.571362
vn -0.416588 -0.707107 0.571362
vn -0.416588 0.707107 0.571362
vn -0.613117 0.000000 0.789992
vn -0.613117 0.000000 0.789992
vn -0.433539 -0.707107 0.558609
vn -0.433539 0.707107 0.558609
vn 0.751806 0.000000 0.659385
vn 0.170725 -0.957092 -0.234154
vn 0.000000 1.000000 0.000000
vn 0.471316 0.600000 -0.646422
vn 0.000000 -1.000000 0.000000
vn 0.000000 1.000000 0.000000
vn 0.000000 -1.000000 0.000000
vn 0.000000 1.000000 0.000000
vn 0.000000 -1.000000 0.000000
vn 0.000000 1.000000 0.000000
vn -0.999275 0.038081 0.000000
vn -0.038039 -0.998169 0.047039
vn -0.038039 -0.998169 0.047039
vn 0.433539 -0.707107 -0.558609
vn 0.433539 0.707107 -0.558609
vn -0.707861 -0.006310 -0.706324
vn -0.038039 -0.998169 0.047039
vn -0.038039 -0.998169 0.047039
vn -0.705327 0.060165 0.706324
vn -0.038039 -0.998169 0.047039
vn -0.038039 -0.998169 0.047039
vn 0.613117 0.000000 -0.789992
vn -0.624897 0.000000 0.780707
vn -0.624897 0.000000 0.780707
vn -0.624897 0.000000 0.780707
vn -0.624897 0.000000 0.780707
vn 0.416588 -0.707107 -0.571362
vn 0.416588 0.707107 -0.571362
vn 0.416588 -0.707107 -0.571362
vn 0.416588 0.707107 -0.571362
vn -0.999275 0.038081 0.000000
vn 0.038039 0.998169 -0.047039
vn 0.038039 0.998169 -0.047039
vn 0.326799 -0.832050 -0.448213
vn 0.471316 0.600000 -0.646422
vn -0.441869 -0.707107 0.552043
vn -0.441869 0.707107 0.552043
vn -0.441869 -0.707107 0.552043
vn -0.441869 0.707107 0.552043
vn 0.589145 0.000000 -0.808028
vn 0.589145 0.000000 -0.808028
vn -0.707861 -0.006310 -0.706324
vn 0.038039 0.998169 -0.047039
vn 0.038039 0.998169 -0.047039
vn -0.705327 0.060165 0.706324
vn 0.038039 0.998169 -0.047039
vn 0.038039 0.998169 -0.047039
vn -0.038039 -0.998169 0.047039
vn -0.038039 -0.998169 0.047039
vn -0.001791 -0.047005 -0.998893
vn -0.038039 -0.998169 0.047039
vn -0.038039 -0.998169 0.047039
vn -0.038039 -0.998169 0.047039
vn 0.001791 0.047005 0.998893
vn 0.181085 -0.957092 -0.226236
vn 0.000000 1.000000 0.000000
vn 0.499918 0.600000 -0.624566
vn 0.000000 -1.000000 0.000000
vn 0.000000 1.000000 0.000000
vn 0.000000 -1.000000 0.000000
vn 0.000000 1.000000 0.000000
vn -0.636537 0.000000 0.771246
vn -0.636537 0.000000 0.771246
vn 0.771246 0.000000 0.636537
vn 0.771246 0.000000 0.636537
vn -0.450100 -0.707107 0.545353
vn 0.771246 0.000000 0.636537
vn 0.771246 0.000000 0.636537
vn -0.450100 0.707107 0.545353
vn 0.771246 0.000000 0.636537
vn 0.771246 0.000000 0.636537
vn -0.001791 -0.047005 -0.998893
vn 0.038039 0.998169 -0.047039
vn 0.038039 0.998169 -0.047039
vn 0.038039 0.998169 -0.047039
vn 0.001791 0.047005 0.998893
vn 0.038039 0.998169 -0.047039
vn 0.038039 0.998169 -0.047039
vn -0.038039 -0.998169 0.047039
vn -0.038039 -0.998169 0.047039
vn 0.705327 -0.060165 -0.706324
vn -0.038039 -0.998169 0.047039
vn -0.038039 -0.998169 0.047039
vn 0.707861 0.006310 0.706324
vn 0.000000 -1.000000 0.000000
vn 0.771246 0.000000 0.636537
vn 0.771246 0.000000 0.636537
vn 0.771246 0.000000 0.636537
vn 0.000000 1.000000 0.000000
vn 0.771246 0.000000 0.636537
vn 0.771246 0.000000 0.636537
vn -0.642304 0.000000 0.766450
vn -0.642304 0.000000 0.766450
vn 0.766450 0.000000 0.642304
vn 0.766450 0.000000 0.642304
vn -0.642304 0.000000 0.766450
vn -0.642304 0.000000 0.766450
vn 0.766450 0.000000 0.642304
vn 0.766450 0.000000 0.642304
vn -0.038039 -0.998169 0.047039
vn -0.038039 -0.998169 0.047039
vn 0.999275 -0.038081 0.000000
vn 0.999275 -0.038081 0.000000
vn 0.441869 -0.707107 -0.552043
vn 0.441869 0.707107 -0.552043
vn 0.441869 -0.707107 -0.552043
vn 0.441869 0.707107 -0.552043
vn 0.450100 -0.707107 -0.545353
vn 0.771246 0.000000 0.636537
vn 0.771246 0.000000 0.636537
vn 0.450100 0.707107 -0.545353
vn 0.771246 0.000000 0.636537
vn 0.771246 0.000000 0.636537
vn -0.454177 -0.707107 0.541962
vn 0.766450 0.000000 0.642304
vn 0.766450 0.000000 0.642304
vn -0.454177 0.707107 0.541962
vn 0.766450 0.000000 0.642304
vn 0.766450 0.000000 0.642304
vn -0.454177 -0.707107 0.541962
vn 0.766450 0.000000 0.642304
vn 0.766450 0.000000 0.642304
vn -0.454177 0.707107 0.541962
vn 0.766450 0.000000 0.642304
vn 0.766450 0.000000 0.642304
vn 0.636537 0.000000 -0.771246
vn 0.771246 0.000000 0.636537
vn 0.771246 0.000000 0.636537
vn 0.346631 -0.832050 -0.433058
vn 0.499918 0.600000 -0.624566
vn 0.038039 0.998169 -0.047039
vn 0.038039 0.998169 -0.047039
vn 0.705327 -0.060165 -0.706324
vn 0.038039 0.998169 -0.047039
vn 0.038039 0.998169 -0.047039
vn 0.707861 0.006310 0.706324
vn 0.624897 0.000000 -0.780707
vn 0.624897 0.000000 -0.780707
vn 0.038039 0.998169 -0.047039
vn 0.038039 0.998169 -0.047039
vn 0.999275 -0.038081 0.000000
vn 0.999275 -0.038081 0.000000
vn 0.191079 -0.957092 -0.217861
vn 0.751806 0.000000 0.659385
vn 0.751806 0.000000 0.659385
vn 0.000000 1.000000 0.000000
vn 0.527508 0.600000 -0.601445
vn 0.751806 0.000000 0.659385
vn 0.751806 0.000000 0.659385
vn 0.000000 -1.000000 0.000000
vn 0.766450 0.000000 0.642304
vn 0.766450 0.000000 0.642304
vn 0.766450 0.000000 0.642304
vn 0.000000 1.000000 0.000000
vn 0.766450 0.000000 0.642304
vn 0.766450 0.000000 0.642304
vn 0.000000 -1.000000 0.000000
vn 0.766450 0.000000 0.642304
vn 0.766450 0.000000 0.642304
vn 0.766450 0.000000 0.642304
vn 0.000000 1.000000 0.000000
vn 0.766450 0.000000 0.642304
vn 0.766450 0.000000 0.642304
vn 0.454177 -0.707107 -0.541962
vn 0.766450 0.000000 0.642304
vn 0.766450 0.000000 0.642304
vn 0.454177 0.707107 -0.541962
vn 0.766450 0.000000 0.642304
vn 0.766450 0.000000 0.642304
vn 0.454177 -0.707107 -0.541962
vn 0.766450 0.000000 0.642304
vn 0.766450 0.000000 0.642304
vn 0.454177 0.707107 -0.541962
vn 0.766450 0.000000 0.642304
vn 0.766450 0.000000 0.642304
vn 0.365761 -0.832050 -0.417027
vn 0.527508 0.600000 -0.601445
vn 0.751806 0.000000 0.659385
vn 0.751806 0.000000 0.659385
vn 0.642304 0.000000 -0.766450
vn 0.766450 0.000000 0.642304
vn 0.766450 0.000000 0.642304
vn 0.642304 0.000000 -0.766450
vn 0.766450 0.000000 0.642304
vn 0.766450 0.000000 0.642304
usemtl Stone
s 1
f 384/384/384 528/528/528 516/516/516
f 384/384/384 516/516/516 506/506/506
f 384/384/384 506/506/506 461/461/461
f 384/384/384 461/461/461 428/428/428
f 384/384/384 428/428/428 385/385/385
f 384/384/384 385/385/385 343/343/343
f 384/384/384 343/343/343 290/290/290
f 384/384/384 290/290/290 259/259/259
f 384/384/384 259/259/259 248/248/248
f 384/384/384 248/248/248 242/242/242
f 384/384/384 242/242/242 246/246/246
f 384/384/384 246/246/246 257/257/257
f 384/384/384 257/257/257 288/288/288
f 384/384/384 288/288/288 341/341/341
f 384/384/384 341/341/341 382/382/382
f 384/384/384 382/382/382 426/426/426
f 384/384/384 426/426/426 459/459/459
f 384/384/384 459/459/459 504/504/504
f 384/384/384 504/504/504 514/514/514
f 384/384/384 514/514/514 528/528/528
f 529/529/529 543/543/543 517/517/517
f 529/529/529 544/544/544 543/543/543
f 517/517/517 521/521/521 507/507/507
f 517/517/517 543/543/543 521/521/521
f 507/507/507 485/485/485 462/462/462
f 507/507/507 521/521/521 485/485/485
f 462/462/462 437/437/437 429/429/429
f 462/462/462 485/485/485 437/437/437
f 429/429/429 388/388/388 386/386/386
f 429/429/429 437/437/437 388/388/388
f 386/386/386 335/335/335 342/342/342
f 386/386/386 388/388/388 335/335/335
f 342/342/342 272/272/272 289/289/289
f 342/342/342 335/335/335 272/272/272
f 289/289/289 244/244/244 258/258/258
f 289/289/289 272/272/272 244/244/244
f 258/258/258 226/226/226 247/247/247
f 258/258/258 244/244/244 226/226/226
f 247/247/247 218/218/218 241/241/241
f 247/247/247 226/226/226 218/218/218
f 241/241/241 225/225/225 245/245/245
f 241/241/241 218/218/218 225/225/225
f 245/245/245 243/243/243 256/256/256
f 245/245/245 225/225/225 243/243/243
f 256/256/256 271/271/271 287/287/287
f 256/256/256 243/243/243 271/271/271
f 287/287/287 334/334/334 340/340/340
f 287/287/287 271/271/271 334/334/334
f 340/340/340 387/387/387 383/383/383
f 340/340/340 334/334/334 387/387/387
f 383/383/383 436/436/436 427/427/427
f 383/383/383 387/387/387 436/436/436
f 427/427/427 484/484/484 460/460/460
f 427/427/427 436/436/436 484/484/484
f 460/460/460 520/520/520 505/505/505
f 460/460/460 484/484/484 520/520/520
f 505/505/505 542/542/542 515/515/515
f 505/505/505 520/520/520 542/542/542
f 515/515/515 545/545/545 530/530/530
f 515/515/515 542/542/542 545/545/545
f 544/544/544 494/494/494 543/543/543
f 544/544/544 502/502/502 494/494/494
f 543/543/543 475/475/475 521/521/521
f 543/543/543 494/494/494 475/475/475
f 521/521/521 449/449/449 485/485/485
f 521/521/521 475/475/475 449/449/449
f 485/485/485 420/420/420 437/437/437
f 485/485/485 449/449/449 420/420/420
f 437/437/437 392/392/392 388/388/388
f 437/437/437 420/420/420 392/392/392
f 388/388/388 354/354/354 335/335/335
f 388/388/388 392/392/392 354/354/354
f 335/335/335 312/312/312 272/272/272
f 335/335/335 354/354/354 312/312/312
f 272/272/272 281/281/281 244/244/244
f 272/272/272 312/312/312 281/281/281
f 244/244/244 264/264/264 226/226/226
f 244/244/244 281/281/281 264/264/264
f 226/226/226 260/260/260 218/218/218
f 226/226/226 264/264/264 260/260/260
f 218/218/218 262/262/262 225/225/225
f 218/218/218 260/260/260 262/262/262
f 225/225/225 279/279/279 243/243/243
f 225/225/225 262/262/262 279/279/279
f 243/243/243 310/310/310 271/271/271
f 243/243/243 279/279/279 310/310/310
f 271/271/271 352/352/352 334/334/334
f 271/271/271 310/310/310 352/352/352
f 334/334/334 389/389/389 387/387/387
f 334/334/334 352/352/352 389/389/389
f 387/387/387 418/418/418 436/436/436
f 387/387/387 389/389/389 418/418/418
f 436/436/436 447/447/447 484/484/484
f 436/436/436 418/418/418 447/447/447
f 484/484/484 473/473/473 520/520/520
f 484/484/484 447/447/447 473/473/473
f 520/520/520 492/492/492 542/542/542
f 520/520/520 473/473/473 492/492/492
f 542/542/542 503/503/503 545/545/545
f 542/542/542 492/492/492 503/503/503
f 501/501/501 391/391/391 493/493/493
f 493/493/493 391/391/391 474/474/474
f 474/474/474 391/391/391 448/448/448
f 448/448/448 391/391/391 419/419/419
f 419/419/419 391/391/391 393/393/393
f 393/393/393 391/391/391 355/355/355
f 355/355/355 391/391/391 313/313/313
f 313/313/313 391/391/391 282/282/282
f 282/282/282 391/391/391 265/265/265
f 265/265/265 391/391/391 261/261/261
f 261/261/261 391/391/391 263/263/263
f 263/263/263 391/391/391 280/280/280
f 280/280/280 391/391/391 311/311/311
f 311/311/311 391/391/391 353/353/353
f 353/353/353 391/391/391 390/390/390
f 390/390/390 391/391/391 417/417/417
f 417/417/417 391/391/391 446/446/446
f 446/446/446 391/391/391 472/472/472
f 472/472/472 391/391/391 491/491/491
f 491/491/491 391/391/391 501/501/501
f 1420/1420/1420 1570/1570/1570 1566/1566/1566
f 1420/1420/1420 1566/1566/1566 1555/1555/1555
f 1420/1420/1420 1555/1555/1555 1523/1523/1523
f 1420/1420/1420 1523/1523/1523 1470/1470/1470
f 1420/1420/1420 1470/1470/1470 1421/1421/1421
f 1420/1420/1420 1421/1421/1421 1385/1385/1385
f 1420/1420/1420 1385/1385/1385 1352/1352/1352
f 1420/1420/1420 1352/1352/1352 1308/1308/1308
f 1420/1420/1420 1308/1308/1308 1298/1298/1298
f 1420/1420/1420 1298/1298/1298 1284/1284/1284
f 1420/1420/1420 1284/1284/1284 1296/1296/1296
f 1420/1420/1420 1296/1296/1296 1306/1306/1306
f 1420/1420/1420 1306/1306/1306 1350/1350/1350
f 1420/1420/1420 1350/1350/1350 1383/1383/1383
f 1420/1420/1420 1383/1383/1383 1418/1418/1418
f 1420/1420/1420 1418/1418/1418 1468/1468/1468
f 1420/1420/1420 1468/1468/1468 1521/1521/1521
f 1420/1420/1420 1521/1521/1521 1553/1553/1553
f 1420/1420/1420 1553/1553/1553 1564/1564/1564
f 1420/1420/1420 1564/1564/1564 1570/1570/1570
f 1571/1571/1571 1588/1588/1588 1567/1567/1567
f 1571/1571/1571 1595/1595/1595 1588/1588/1588
f 1567/1567/1567 1569/1569/1569 1556/1556/1556
f 1567/1567/1567 1588/1588/1588 1569/1569/1569
f 1556/1556/1556 1540/1540/1540 1524/1524/1524
f 1556/1556/1556 1569/1569/1569 1540/1540/1540
f 1524/1524/1524 1477/1477/1477 1471/1471/1471
f 1524/1524/1524 1540/1540/1540 1477/1477/1477
f 1471/1471/1471 1424/1424/1424 1422/1422/1422
f 1471/1471/1471 1477/1477/1477 1424/1424/1424
f 1422/1422/1422 1375/1375/1375 1384/1384/1384
f 1422/1422/1422 1424/1424/1424 1375/1375/1375
f 1384/1384/1384 1327/1327/1327 1351/1351/1351
f 1384/1384/1384 1375/1375/1375 1327/1327/1327
f 1351/1351/1351 1292/1292/1292 1307/1307/1307
f 1351/1351/1351 1327/1327/1327 1292/1292/1292
f 1307/1307/1307 1271/1271/1271 1297/1297/1297
f 1307/1307/1307 1292/1292/1292 1271/1271/1271
f 1297/1297/1297 1269/1269/1269 1283/1283/1283
f 1297/1297/1297 1271/1271/1271 1269/1269/1269
f 1283/1283/1283 1270/1270/1270 1295/1295/1295
f 1283/1283/1283 1269/1269/1269 1270/1270/1270
f 1295/1295/1295 1291/1291/1291 1305/1305/1305
f 1295/1295/1295 1270/1270/1270 1291/1291/1291
f 1305/1305/1305 1326/1326/1326 1349/1349/1349
f 1305/1305/1305 1291/1291/1291 1326/1326/1326
f 1349/1349/1349 1374/1374/1374 1382/1382/1382
f 1349/1349/1349 1326/1326/1326 1374/1374/1374
f 1382/1382/1382 1423/1423/1423 1419/1419/1419
f 1382/1382/1382 1374/1374/1374 1423/1423/1423
f 1419/1419/1419 1476/1476/1476 1469/1469/1469
f 1419/1419/1419 1423/1423/1423 1476/1476/1476
f 1469/1469/1469 1539/1539/1539 1522/1522/1522
f 1469/1469/1469 1476/1476/1476 1539/1539/1539
f 1522/1522/1522 1568/1568/1568 1554/1554/1554
f 1522/1522/1522 1539/1539/1539 1568/1568/1568
f 1554/1554/1554 1587/1587/1587 1565/1565/1565
f 1554/1554/1554 1568/1568/1568 1587/1587/1587
f 1565/1565/1565 1596/1596/1596 1572/1572/1572
f 1565/1565/1565 1587/1587/1587 1596/1596/1596
f 1595/1595/1595 1549/1549/1549 1588/1588/1588
f 1595/1595/1595 1551/1551/1551 1549/1549/1549
f 1588/1588/1588 1532/1532/1532 1569/1569/1569
f 1588/1588/1588 1549/1549/1549 1532/1532/1532
f 1569/1569/1569 1501/1501/1501 1540/1540/1540
f 1569/1569/1569 1532/1532/1532 1501/1501/1501
f 1540/1540/1540 1459/1459/1459 1477/1477/1477
f 1540/1540/1540 1501/1501/1501 1459/1459/1459
f 1477/1477/1477 1428/1428/1428 1424/1424/1424
f 1477/1477/1477 1459/1459/1459 1428/1428/1428
f 1424/1424/1424 1393/1393/1393 1375/1375/1375
f 1424/1424/1424 1428/1428/1428 1393/1393/1393
f 1375/1375/1375 1364/1364/1364 1327/1327/1327
f 1375/1375/1375 1393/1393/1393 1364/1364/1364
f 1327/1327/1327 1338/1338/1338 1292/1292/1292
f 1327/1327/1327 1364/1364/1364 1338/1338/1338
f 1292/1292/1292 1319/1319/1319 1271/1271/1271
f 1292/1292/1292 1338/1338/1338 1319/1319/1319
f 1271/1271/1271 1309/1309/1309 1269/1269/1269
f 1271/1271/1271 1319/1319/1319 1309/1309/1309
f 1269/1269/1269 1317/1317/1317 1270/1270/1270
f 1269/1269/1269 1309/1309/1309 1317/1317/1317
f 1270/1270/1270 1336/1336/1336 1291/1291/1291
f 1270/1270/1270 1317/1317/1317 1336/1336/1336
f 1291/1291/1291 1362/1362/1362 1326/1326/1326
f 1291/1291/1291 1336/1336/1336 1362/1362/1362
f 1326/1326/1326 1391/1391/1391 1374/1374/1374
f 1326/1326/1326 1362/1362/1362 1391/1391/1391
f 1374/1374/1374 1425/1425/1425 1423/1423/1423
f 1374/1374/1374 1391/1391/1391 1425/1425/1425
f 1423/1423/1423 1457/1457/1457 1476/1476/1476
f 1423/1423/1423 1425/1425/1425 1457/1457/1457
f 1476/1476/1476 1499/1499/1499 1539/1539/1539
f 1476/1476/1476 1457/1457/1457 1499/1499/1499
f 1539/1539/1539 1530/1530/1530 1568/1568/1568
f 1539/1539/1539 1499/1499/1499 1530/1530/1530
f 1568/1568/1568 1547/1547/1547 1587/1587/1587
f 1568/1568/1568 1530/1530/1530 1547/1547/1547
f 1587/1587/1587 1552/1552/1552 1596/1596/1596
f 1587/1587/1587 1547/1547/1547 1552/1552/1552
f 1550/1550/1550 1427/1427/1427 1548/1548/1548
f 1548/1548/1548 1427/1427/1427 1531/1531/1531
f 1531/1531/1531 1427/1427/1427 1500/1500/1500
f 1500/1500/1500 1427/1427/1427 1458/1458/1458
f 1458/1458/1458 1427/1427/1427 1429/1429/1429
f 1429/1429/1429 1427/1427/1427 1394/1394/1394
f 1394/1394/1394 1427/1427/1427 1365/1365/1365
f 1365/1365/1365 1427/1427/1427 1339/1339/1339
f 1339/1339/1339 1427/1427/1427 1320/1320/1320
f 1320/1320/1320 1427/1427/1427 1310/1310/1310
f 1310/1310/1310 1427/1427/1427 1318/1318/1318
f 1318/1318/1318 1427/1427/1427 1337/1337/1337
f 1337/1337/1337 1427/1427/1427 1363/1363/1363
f 1363/1363/1363 1427/1427/1427 1392/1392/1392
f 1392/1392/1392 1427/1427/1427 1426/1426/1426
f 1426/1426/1426 1427/1427/1427 1456/1456/1456
f 1456/1456/1456 1427/1427/1427 1498/1498/1498
f 1498/1498/1498 1427/1427/1427 1529/1529/1529
f 1529/1529/1529 1427/1427/1427 1546/1546/1546
f 1546/1546/1546 1427/1427/1427 1550/1550/1550
usemtl Trim
s 1
f 338/338/338 330/330/330 398/398/398
f 338/338/338 398/398/398 402/402/402
f 330/330/330 316/316/316 374/374/374
f 330/330/330 374/374/374 398/398/398
f 316/316/316 306/306/306 365/365/365
f 316/316/316 365/365/365 374/374/374
f 306/306/306 295/295/295 364/364/364
f 306/306/306 364/364/364 365/365/365
f 295/295/295 309/309/309 366/366/366
f 295/295/295 366/366/366 364/364/364
f 309/309/309 320/320/320 375/375/375
f 309/309/309 375/375/375 366/366/366
f 320/320/320 333/333/333 399/399/399
f 320/320/320 399/399/399 375/375/375
f 333/333/333 339/339/339 403/403/403
f 333/333/333 403/403/403 399/399/399
f 402/402/402 398/398/398 444/444/444
f 402/402/402 444/444/444 454/454/454
f 398/398/398 374/374/374 438/438/438
f 398/398/398 438/438/438 444/444/444
f 374/374/374 365/365/365 430/430/430
f 374/374/374 430/430/430 438/438/438
f 365/365/365 364/364/364 425/425/425
f 365/365/365 425/425/425 430/430/430
f 364/364/364 366/366/366 431/431/431
f 364/364/364 431/431/431 425/425/425
f 366/366/366 375/375/375 439/439/439
f 366/366/366 439/439/439 431/431/431
f 375/375/375 399/399/399 445/445/445
f 375/375/375 445/445/445 439/439/439
f 399/399/399 403/403/403 455/455/455
f 399/399/399 455/455/455 445/445/445
f 454/454/454 444/444/444 510/510/510
f 454/454/454 510/510/510 512/512/512
f 444/444/444 438/438/438 508/508/508
f 444/444/444 508/508/508 510/510/510
f 438/438/438 430/430/430 499/499/499
f 438/438/438 499/499/499 508/508/508
f 430/430/430 425/425/425 490/490/490
f 430/430/430 490/490/490 499/499/499
f 425/425/425 431/431/431 500/500/500
f 425/425/425 500/500/500 490/490/490
f 431/431/431 439/439/439 509/509/509
f 431/431/431 509/509/509 500/500/500
f 439/439/439 445/445/445 511/511/511
f 439/439/439 511/511/511 509/509/509
f 445/445/445 455/455/455 513/513/513
f 445/445/445 513/513/513 511/511/511
f 512/512/512 510/510/510 572/572/572
f 512/512/512 572/572/572 574/574/574
f 510/510/510 508/508/508 562/562/562
f 510/510/510 562/562/562 572/572/572
f 508/508/508 499/499/499 554/554/554
f 508/508/508 554/554/554 562/562/562
f 499/499/499 490/490/490 551/551/551
f 499/499/499 551/551/551 554/554/554
f 490/490/490 500/500/500 555/555/555
f 490/490/490 555/555/555 551/551/551
f 500/500/500 509/509/509 563/563/563
f 500/500/500 563/563/563 555/555/555
f 509/509/509 511/511/511 573/573/573
f 509/509/509 573/573/573 563/563/563
f 511/511/511 513/513/513 575/575/575
f 511/511/511 575/575/575 573/573/573
f 574/574/574 572/572/572 608/608/608
f 574/574/574 608/608/608 610/610/610
f 572/572/572 562/562/562 606/606/606
f 572/572/572 606/606/606 608/608/608
f 562/562/562 554/554/554 600/600/600
f 562/562/562 600/600/600 606/606/606
f 554/554/554 551/551/551 595/595/595
f 554/554/554 595/595/595 600/600/600
f 551/551/551 555/555/555 601/601/601
f 551/551/551 601/601/601 595/595/595
f 555/555/555 563/563/563 607/607/607
f 555/555/555 607/607/607 601/601/601
f 563/563/563 573/573/573 609/609/609
f 563/563/563 609/609/609 607/607/607
f 573/573/573 575/575/575 611/611/611
f 573/573/573 611/611/611 609/609/609
f 610/610/610 608/608/608 653/653/653
f 610/610/610 653/653/653 655/655/655
f 608/608/608 606/606/606 651/651/651
f 608/608/608 651/651/651 653/653/653
f 606/606/606 600/600/600 641/641/641
f 606/606/606 641/641/641 651/651/651
f 600/600/600 595/595/595 640/640/640
f 600/600/600 640/640/640 641/641/641
f 595/595/595 601/601/601 642/642/642
f 595/595/595 642/642/642 640/640/640
f 601/601/601 607/607/607 652/652/652
f 601/601/601 652/652/652 642/642/642
f 607/607/607 609/609/609 654/654/654
f 607/607/607 654/654/654 652/652/652
f 609/609/609 611/611/611 656/656/656
f 609/609/609 656/656/656 654/654/654
f 655/655/655 653/653/653 702/702/702
f 655/655/655 702/702/702 704/704/704
f 653/653/653 651/651/651 700/700/700
f 653/653/653 700/700/700 702/702/702
f 651/651/651 641/641/641 690/690/690
f 651/651/651 690/690/690 700/700/700
f 641/641/641 640/640/640 685/685/685
f 641/641/641 685/685/685 690/690/690
f 640/640/640 642/642/642 691/691/691
f 640/640/640 691/691/691 685/685/685
f 642/642/642 652/652/652 701/701/701
f 642/642/642 701/701/701 691/691/691
f 652/652/652 654/654/654 703/703/703
f 652/652/652 703/703/703 701/701/701
f 654/654/654 656/656/656 705/705/705
f 654/654/654 705/705/705 703/703/703
f 704/704/704 702/702/702 743/743/743
f 704/704/704 743/743/743 747/747/747
f 702/702/702 700/700/700 735/735/735
f 702/702/702 735/735/735 743/743/743
f 700/700/700 690/690/690 726/726/726
f 700/700/700 726/726/726 735/735/735
f 690/690/690 685/685/685 725/725/725
f 690/690/690 725/725/725 726/726/726
f 685/685/685 691/691/691 727/727/727
f 685/685/685 727/727/727 725/725/725
f 691/691/691 701/701/701 736/736/736
f 691/691/691 736/736/736 727/727/727
f 701/701/701 703/703/703 744/744/744
f 701/701/701 744/744/744 736/736/736
f 703/703/703 705/705/705 748/748/748
f 703/703/703 748/748/748 744/744/744
f 747/747/747 743/743/743 783/783/783
f 747/747/747 783/783/783 785/785/785
f 743/743/743 735/735/735 777/777/777
f 743/743/743 777/777/777 783/783/783
f 735/735/735 726/726/726 771/771/771
f 735/735/735 771/771/771 777/777/777
f 726/726/726 725/725/725 770/770/770
f 726/726/726 770/770/770 771/771/771
f 725/725/725 727/727/727 772/772/772
f 725/725/725 772/772/772 770/770/770
f 727/727/727 736/736/736 778/778/778
f 727/727/727 778/778/778 772/772/772
f 736/736/736 744/744/744 784/784/784
f 736/736/736 784/784/784 778/778/778
f 744/744/744 748/748/748 786/786/786
f 744/744/744 786/786/786 784/784/784
f 785/785/785 783/783/783 832/832/832
f 785/785/785 832/832/832 834/834/834
f 783/783/783 777/777/777 826/826/826
f 783/783/783 826/826/826 832/832/832
f 777/777/777 771/771/771 820/820/820
f 777/777/777 820/820/820 826/826/826
f 771/771/771 770/770/770 819/819/819
f 771/771/771 819/819/819 820/820/820
f 770/770/770 772/772/772 821/821/821
f 770/770/770 821/821/821 819/819/819
f 772/772/772 778/778/778 827/827/827
f 772/772/772 827/827/827 821/821/821
f 778/778/778 784/784/784 833/833/833
f 778/778/778 833/833/833 827/827/827
f 784/784/784 786/786/786 835/835/835
f 784/784/784 835/835/835 833/833/833
f 834/834/834 832/832/832 877/877/877
f 834/834/834 877/877/877 879/879/879
f 832/832/832 826/826/826 871/871/871
f 832/832/832 871/871/871 877/877/877
f 826/826/826 820/820/820 865/865/865
f 826/826/826 865/865/865 871/871/871
f 820/820/820 819/819/819 864/864/864
f 820/820/820 864/864/864 865/865/865
f 819/819/819 821/821/821 866/866/866
f 819/819/819 866/866/866 864/864/864
f 821/821/821 827/827/827 872/872/872
f 821/821/821 872/872/872 866/866/866
f 827/827/827 833/833/833 878/878/878
f 827/827/827 878/878/878 872/872/872
f 833/833/833 835/835/835 880/880/880
f 833/833/833 880/880/880 878/878/878
f 879/879/879 877/877/877 895/895/895
f 879/879/879 895/895/895 900/900/900
f 877/877/877 871/871/871 891/891/891
f 877/877/877 891/891/891 895/895/895
f 871/871/871 865/865/865 894/894/894
f 871/871/871 894/894/894 891/891/891
f 865/865/865 864/864/864 899/899/899
f 865/865/865 899/899/899 894/894/894
f 864/864/864 866/866/866 904/904/904
f 864/864/864 904/904/904 899/899/899
f 866/866/866 872/872/872 907/907/907
f 866/866/866 907/907/907 904/904/904
f 872/872/872 878/878/878 905/905/905
f 872/872/872 905/905/905 907/907/907
f 878/878/878 880/880/880 901/901/901
f 878/878/878 901/901/901 905/905/905
f 900/900/900 895/895/895 936/936/936
f 900/900/900 936/936/936 934/934/934
f 895/895/895 891/891/891 942/942/942
f 895/895/895 942/942/942 936/936/936
f 891/891/891 894/894/894 948/948/948
f 891/891/891 948/948/948 942/942/942
f 894/894/894 899/899/899 950/950/950
f 894/894/894 950/950/950 948/948/948
f 899/899/899 904/904/904 949/949/949
f 899/899/899 949/949/949 950/950/950
f 904/904/904 907/907/907 943/943/943
f 904/904/904 943/943/943 949/949/949
f 907/907/907 905/905/905 937/937/937
f 907/907/907 937/937/937 943/943/943
f 905/905/905 901/901/901 935/935/935
f 905/905/905 935/935/935 937/937/937
f 934/934/934 936/936/936 981/981/981
f 934/934/934 981/981/981 979/979/979
f 936/936/936 942/942/942 987/987/987
f 936/936/936 987/987/987 981/981/981
f 942/942/942 948/948/948 993/993/993
f 942/942/942 993/993/993 987/987/987
f 948/948/948 950/950/950 995/995/995
f 948/948/948 995/995/995 993/993/993
f 950/950/950 949/949/949 994/994/994
f 950/950/950 994/994/994 995/995/995
f 949/949/949 943/943/943 988/988/988
f 949/949/949 988/988/988 994/994/994
f 943/943/943 937/937/937 982/982/982
f 943/943/943 982/982/982 988/988/988
f 937/937/937 935/935/935 980/980/980
f 937/937/937 980/980/980 982/982/982
f 979/979/979 981/981/981 1030/1030/1030
f 979/979/979 1030/1030/1030 1028/1028/1028
f 981/981/981 987/987/987 1036/1036/1036
f 981/981/981 1036/1036/1036 1030/1030/1030
f 987/987/987 993/993/993 1042/1042/1042
f 987/987/987 1042/1042/1042 1036/1036/1036
f 993/993/993 995/995/995 1044/1044/1044
f 993/993/993 1044/1044/1044 1042/1042/1042
f 995/995/995 994/994/994 1043/1043/1043
f 995/995/995 1043/1043/1043 1044/1044/1044
f 994/994/994 988/988/988 1037/1037/1037
f 994/994/994 1037/1037/1037 1043/1043/1043
f 988/988/988 982/982/982 1031/1031/1031
f 988/988/988 1031/1031/1031 1037/1037/1037
f 982/982/982 980/980/980 1029/1029/1029
f 982/982/982 1029/1029/1029 1031/1031/1031
f 1028/1028/1028 1030/1030/1030 1070/1070/1070
f 1028/1028/1028 1070/1070/1070 1066/1066/1066
f 1030/1030/1030 1036/1036/1036 1078/1078/1078
f 1030/1030/1030 1078/1078/1078 1070/1070/1070
f 1036/1036/1036 1042/1042/1042 1087/1087/1087
f 1036/1036/1036 1087/1087/1087 1078/1078/1078
f 1042/1042/1042 1044/1044/1044 1089/1089/1089
f 1042/1042/1042 1089/1089/1089 1087/1087/1087
f 1044/1044/1044 1043/1043/1043 1088/1088/1088
f 1044/1044/1044 1088/1088/1088 1089/1089/1089
f 1043/1043/1043 1037/1037/1037 1079/1079/1079
f 1043/1043/1043 1079/1079/1079 1088/1088/1088
f 1037/1037/1037 1031/1031/1031 1071/1071/1071
f 1037/1037/1037 1071/1071/1071 1079/1079/1079
f 1031/1031/1031 1029/1029/1029 1067/1067/1067
f 1031/1031/1031 1067/1067/1067 1071/1071/1071
f 1066/1066/1066 1070/1070/1070 1111/1111/1111
f 1066/1066/1066 1111/1111/1111 1109/1109/1109
f 1070/1070/1070 1078/1078/1078 1113/1113/1113
f 1070/1070/1070 1113/1113/1113 1111/1111/1111
f 1078/1078/1078 1087/1087/1087 1123/1123/1123
f 1078/1078/1078 1123/1123/1123 1113/1113/1113
f 1087/1087/1087 1089/1089/1089 1129/1129/1129
f 1087/1087/1087 1129/1129/1129 1123/1123/1123
f 1089/1089/1089 1088/1088/1088 1124/1124/1124
f 1089/1089/1089 1124/1124/1124 1129/1129/1129
f 1088/1088/1088 1079/1079/1079 1114/1114/1114
f 1088/1088/1088 1114/1114/1114 1124/1124/1124
f 1079/1079/1079 1071/1071/1071 1112/1112/1112
f 1079/1079/1079 1112/1112/1112 1114/1114/1114
f 1071/1071/1071 1067/1067/1067 1110/1110/1110
f 1071/1071/1071 1110/1110/1110 1112/1112/1112
f 1109/1109/1109 1111/1111/1111 1160/1160/1160
f 1109/1109/1109 1160/1160/1160 1158/1158/1158
f 1111/1111/1111 1113/1113/1113 1162/1162/1162
f 1111/1111/1111 1162/1162/1162 1160/1160/1160
f 1113/1113/1113 1123/1123/1123 1172/1172/1172
f 1113/1113/1113 1172/1172/1172 1162/1162/1162
f 1123/1123/1123 1129/1129/1129 1174/1174/1174
f 1123/1123/1123 1174/1174/1174 1172/1172/1172
f 1129/1129/1129 1124/1124/1124 1173/1173/1173
f 1129/1129/1129 1173/1173/1173 1174/1174/1174
f 1124/1124/1124 1114/1114/1114 1163/1163/1163
f 1124/1124/1124 1163/1163/1163 1173/1173/1173
f 1114/1114/1114 1112/1112/1112 1161/1161/1161
f 1114/1114/1114 1161/1161/1161 1163/1163/1163
f 1112/1112/1112 1110/1110/1110 1159/1159/1159
f 1112/1112/1112 1159/1159/1159 1161/1161/1161
f 1158/1158/1158 1160/1160/1160 1205/1205/1205
f 1158/1158/1158 1205/1205/1205 1203/1203/1203
f 1160/1160/1160 1162/1162/1162 1207/1207/1207
f 1160/1160/1160 1207/1207/1207 1205/1205/1205
f 1162/1162/1162 1172/1172/1172 1213/1213/1213
f 1162/1162/1162 1213/1213/1213 1207/1207/1207
f 1172/1172/1172 1174/1174/1174 1219/1219/1219
f 1172/1172/1172 1219/1219/1219 1213/1213/1213
f 1174/1174/1174 1173/1173/1173 1214/1214/1214
f 1174/1174/1174 1214/1214/1214 1219/1219/1219
f 1173/1173/1173 1163/1163/1163 1208/1208/1208
f 1173/1173/1173 1208/1208/1208 1214/1214/1214
f 1163/1163/1163 1161/1161/1161 1206/1206/1206
f 1163/1163/1163 1206/1206/1206 1208/1208/1208
f 1161/1161/1161 1159/1159/1159 1204/1204/1204
f 1161/1161/1161 1204/1204/1204 1206/1206/1206
f 1203/1203/1203 1205/1205/1205 1241/1241/1241
f 1203/1203/1203 1241/1241/1241 1239/1239/1239
f 1205/1205/1205 1207/1207/1207 1251/1251/1251
f 1205/1205/1205 1251/1251/1251 1241/1241/1241
f 1207/1207/1207 1213/1213/1213 1259/1259/1259
f 1207/1207/1207 1259/1259/1259 1251/1251/1251
f 1213/1213/1213 1219/1219/1219 1263/1263/1263
f 1213/1213/1213 1263/1263/1263 1259/1259/1259
f 1219/1219/1219 1214/1214/1214 1260/1260/1260
f 1219/1219/1219 1260/1260/1260 1263/1263/1263
f 1214/1214/1214 1208/1208/1208 1252/1252/1252
f 1214/1214/1214 1252/1252/1252 1260/1260/1260
f 1208/1208/1208 1206/1206/1206 1242/1242/1242
f 1208/1208/1208 1242/1242/1242 1252/1252/1252
f 1206/1206/1206 1204/1204/1204 1240/1240/1240
f 1206/1206/1206 1240/1240/1240 1242/1242/1242
f 1239/1239/1239 1241/1241/1241 1301/1301/1301
f 1239/1239/1239 1301/1301/1301 1299/1299/1299
f 1241/1241/1241 1251/1251/1251 1303/1303/1303
f 1241/1241/1241 1303/1303/1303 1301/1301/1301
f 1251/1251/1251 1259/1259/1259 1311/1311/1311
f 1251/1251/1251 1311/1311/1311 1303/1303/1303
f 1259/1259/1259 1263/1263/1263 1321/1321/1321
f 1259/1259/1259 1321/1321/1321 1311/1311/1311
f 1263/1263/1263 1260/1260/1260 1312/1312/1312
f 1263/1263/1263 1312/1312/1312 1321/1321/1321
f 1260/1260/1260 1252/1252/1252 1304/1304/1304
f 1260/1260/1260 1304/1304/1304 1312/1312/1312
f 1252/1252/1252 1242/1242/1242 1302/1302/1302
f 1252/1252/1252 1302/1302/1302 1304/1304/1304
f 1242/1242/1242 1240/1240/1240 1300/1300/1300
f 1242/1242/1242 1300/1300/1300 1302/1302/1302
f 1299/1299/1299 1301/1301/1301 1366/1366/1366
f 1299/1299/1299 1366/1366/1366 1356/1356/1356
f 1301/1301/1301 1303/1303/1303 1372/1372/1372
f 1301/1301/1301 1372/1372/1372 1366/1366/1366
f 1303/1303/1303 1311/1311/1311 1380/1380/1380
f 1303/1303/1303 1380/1380/1380 1372/1372/1372
f 1311/1311/1311 1321/1321/1321 1386/1386/1386
f 1311/1311/1311 1386/1386/1386 1380/1380/1380
f 1321/1321/1321 1312/1312/1312 1381/1381/1381
f 1321/1321/1321 1381/1381/1381 1386/1386/1386
f 1312/1312/1312 1304/1304/1304 1373/1373/1373
f 1312/1312/1312 1373/1373/1373 1381/1381/1381
f 1304/1304/1304 1302/1302/1302 1367/1367/1367
f 1304/1304/1304 1367/1367/1367 1373/1373/1373
f 1302/1302/1302 1300/1300/1300 1357/1357/1357
f 1302/1302/1302 1357/1357/1357 1367/1367/1367
f 1356/1356/1356 1366/1366/1366 1412/1412/1412
f 1356/1356/1356 1412/1412/1412 1408/1408/1408
f 1366/1366/1366 1372/1372/1372 1436/1436/1436
f 1366/1366/1366 1436/1436/1436 1412/1412/1412
f 1372/1372/1372 1380/1380/1380 1445/1445/1445
f 1372/1372/1372 1445/1445/1445 1436/1436/1436
f 1380/1380/1380 1386/1386/1386 1447/1447/1447
f 1380/1380/1380 1447/1447/1447 1445/1445/1445
f 1386/1386/1386 1381/1381/1381 1446/1446/1446
f 1386/1386/1386 1446/1446/1446 1447/1447/1447
f 1381/1381/1381 1373/1373/1373 1437/1437/1437
f 1381/1381/1381 1437/1437/1437 1446/1446/1446
f 1373/1373/1373 1367/1367/1367 1413/1413/1413
f 1373/1373/1373 1413/1413/1413 1437/1437/1437
f 1367/1367/1367 1357/1357/1357 1409/1409/1409
f 1367/1367/1367 1409/1409/1409 1413/1413/1413
f 1408/1408/1408 1412/1412/1412 1478/1478/1478
f 1408/1408/1408 1478/1478/1478 1472/1472/1472
f 1412/1412/1412 1436/1436/1436 1491/1491/1491
f 1412/1412/1412 1491/1491/1491 1478/1478/1478
f 1436/1436/1436 1445/1445/1445 1502/1502/1502
f 1436/1436/1436 1502/1502/1502 1491/1491/1491
f 1445/1445/1445 1447/1447/1447 1516/1516/1516
f 1445/1445/1445 1516/1516/1516 1502/1502/1502
f 1447/1447/1447 1446/1446/1446 1505/1505/1505
f 1447/1447/1447 1505/1505/1505 1516/1516/1516
f 1446/1446/1446 1437/1437/1437 1495/1495/1495
f 1446/1446/1446 1495/1495/1495 1505/1505/1505
f 1437/1437/1437 1413/1413/1413 1481/1481/1481
f 1437/1437/1437 1481/1481/1481 1495/1495/1495
f 1413/1413/1413 1409/1409/1409 1473/1473/1473
f 1413/1413/1413 1473/1473/1473 1481/1481/1481
f 317/317/317 329/329/329 336/336/336
f 317/317/317 315/315/315 328/328/328
f 317/317/317 305/305/305 314/314/314
f 317/317/317 294/294/294 304/304/304
f 317/317/317 308/308/308 293/293/293
f 317/317/317 319/319/319 307/307/307
f 317/317/317 332/332/332 318/318/318
f 317/317/317 337/337/337 331/331/331
f 1494/1494/1494 1474/1474/1474 1480/1480/1480
f 1494/1494/1494 1479/1479/1479 1493/1493/1493
f 1494/1494/1494 1492/1492/1492 1504/1504/1504
f 1494/1494/1494 1503/1503/1503 1518/1518/1518
f 1494/1494/1494 1517/1517/1517 1507/1507/1507
f 1494/1494/1494 1506/1506/1506 1497/1497/1497
f 1494/1494/1494 1496/1496/1496 1483/1483/1483
f 1494/1494/1494 1482/1482/1482 1475/1475/1475
f 121/121/121 115/115/115 186/186/186
f 121/121/121 186/186/186 188/188/188
f 115/115/115 95/95/95 176/176/176
f 115/115/115 176/176/176 186/186/186
f 95/95/95 74/74/74 170/170/170
f 95/95/95 170/170/170 176/176/176
f 74/74/74 59/59/59 163/163/163
f 74/74/74 163/163/163 170/170/170
f 59/59/59 77/77/77 171/171/171
f 59/59/59 171/171/171 163/163/163
f 77/77/77 99/99/99 177/177/177
f 77/77/77 177/177/177 171/171/171
f 99/99/99 118/118/118 187/187/187
f 99/99/99 187/187/187 177/177/177
f 118/118/118 122/122/122 189/189/189
f 118/118/118 189/189/189 187/187/187
f 188/188/188 186/186/186 223/223/223
f 188/188/188 223/223/223 227/227/227
f 186/186/186 176/176/176 216/216/216
f 186/186/186 216/216/216 223/223/223
f 176/176/176 170/170/170 214/214/214
f 176/176/176 214/214/214 216/216/216
f 170/170/170 163/163/163 213/213/213
f 170/170/170 213/213/213 214/214/214
f 163/163/163 171/171/171 215/215/215
f 163/163/163 215/215/215 213/213/213
f 171/171/171 177/177/177 217/217/217
f 171/171/171 217/217/217 215/215/215
f 177/177/177 187/187/187 224/224/224
f 177/177/177 224/224/224 217/217/217
f 187/187/187 189/189/189 228/228/228
f 187/187/187 228/228/228 224/224/224
f 227/227/227 223/223/223 296/296/296
f 227/227/227 296/296/296 298/298/298
f 223/223/223 216/216/216 283/283/283
f 223/223/223 283/283/283 296/296/296
f 216/216/216 214/214/214 273/273/273
f 216/216/216 273/273/273 283/283/283
f 214/214/214 213/213/213 266/266/266
f 214/214/214 266/266/266 273/273/273
f 213/213/213 215/215/215 274/274/274
f 213/213/213 274/274/274 266/266/266
f 215/215/215 217/217/217 284/284/284
f 215/215/215 284/284/284 274/274/274
f 217/217/217 224/224/224 297/297/297
f 217/217/217 297/297/297 284/284/284
f 224/224/224 228/228/228 299/299/299
f 224/224/224 299/299/299 297/297/297
f 298/298/298 296/296/296 400/400/400
f 298/298/298 400/400/400 404/404/404
f 296/296/296 283/283/283 380/380/380
f 296/296/296 380/380/380 400/400/400
f 283/283/283 273/273/273 372/372/372
f 283/283/283 372/372/372 380/380/380
f 273/273/273 266/266/266 367/367/367
f 273/273/273 367/367/367 372/372/372
f 266/266/266 274/274/274 373/373/373
f 266/266/266 373/373/373 367/367/367
f 274/274/274 284/284/284 381/381/381
f 274/274/274 381/381/381 373/373/373
f 284/284/284 297/297/297 401/401/401
f 284/284/284 401/401/401 381/381/381
f 297/297/297 299/299/299 405/405/405
f 297/297/297 405/405/405 401/401/401
f 404/404/404 400/400/400 480/480/480
f 404/404/404 480/480/480 482/482/482
f 400/400/400 380/380/380 470/470/470
f 400/400/400 470/470/470 480/480/480
f 380/380/380 372/372/372 457/457/457
f 380/380/380 457/457/457 470/470/470
f 372/372/372 367/367/367 456/456/456
f 372/372/372 456/456/456 457/457/457
f 367/367/367 373/373/373 458/458/458
f 367/367/367 458/458/458 456/456/456
f 373/373/373 381/381/381 471/471/471
f 373/373/373 471/471/471 458/458/458
f 381/381/381 401/401/401 481/481/481
f 381/381/381 481/481/481 471/471/471
f 401/401/401 405/405/405 483/483/483
f 401/401/401 483/483/483 481/481/481
f 482/482/482 480/480/480 568/568/568
f 482/482/482 568/568/568 570/570/570
f 480/480/480 470/470/470 560/560/560
f 480/480/480 560/560/560 568/568/568
f 470/470/470 457/457/457 552/552/552
f 470/470/470 552/552/552 560/560/560
f 457/457/457 456/456/456 546/546/546
f 457/457/457 546/546/546 552/552/552
f 456/456/456 458/458/458 553/553/553
f 456/456/456 553/553/553 546/546/546
f 458/458/458 471/471/471 561/561/561
f 458/458/458 561/561/561 553/553/553
f 471/471/471 481/481/481 569/569/569
f 471/471/471 569/569/569 561/561/561
f 481/481/481 483/483/483 571/571/571
f 481/481/481 571/571/571 569/569/569
f 570/570/570 568/568/568 617/617/617
f 570/570/570 617/617/617 619/619/619
f 568/568/568 560/560/560 615/615/615
f 568/568/568 615/615/615 617/617/617
f 560/560/560 552/552/552 613/613/613
f 560/560/560 613/613/613 615/615/615
f 552/552/552 546/546/546 612/612/612
f 552/552/552 612/612/612 613/613/613
f 546/546/546 553/553/553 614/614/614
f 546/546/546 614/614/614 612/612/612
f 553/553/553 561/561/561 616/616/616
f 553/553/553 616/616/616 614/614/614
f 561/561/561 569/569/569 618/618/618
f 561/561/561 618/618/618 616/616/616
f 569/569/569 571/571/571 620/620/620
f 569/569/569 620/620/620 618/618/618
f 619/619/619 617/617/617 674/674/674
f 619/619/619 674/674/674 676/676/676
f 617/617/617 615/615/615 672/672/672
f 617/617/617 672/672/672 674/674/674
f 615/615/615 613/613/613 662/662/662
f 615/615/615 662/662/662 672/672/672
f 613/613/613 612/612/612 661/661/661
f 613/613/613 661/661/661 662/662/662
f 612/612/612 614/614/614 663/663/663
f 612/612/612 663/663/663 661/661/661
f 614/614/614 616/616/616 673/673/673
f 614/614/614 673/673/673 663/663/663
f 616/616/616 618/618/618 675/675/675
f 616/616/616 675/675/675 673/673/673
f 618/618/618 620/620/620 677/677/677
f 618/618/618 677/677/677 675/675/675
f 676/676/676 674/674/674 745/745/745
f 676/676/676 745/745/745 749/749/749
f 674/674/674 672/672/672 741/741/741
f 674/674/674 741/741/741 745/745/745
f 672/672/672 662/662/662 733/733/733
f 672/672/672 733/733/733 741/741/741
f 662/662/662 661/661/661 728/728/728
f 662/662/662 728/728/728 733/733/733
f 661/661/661 663/663/663 734/734/734
f 661/661/661 734/734/734 728/728/728
f 663/663/663 673/673/673 742/742/742
f 663/663/663 742/742/742 734/734/734
f 673/673/673 675/675/675 746/746/746
f 673/673/673 746/746/746 742/742/742
f 675/675/675 677/677/677 750/750/750
f 675/675/675 750/750/750 746/746/746
f 749/749/749 745/745/745 796/796/796
f 749/749/749 796/796/796 798/798/798
f 745/745/745 741/741/741 794/794/794
f 745/745/745 794/794/794 796/796/796
f 741/741/741 733/733/733 792/792/792
f 741/741/741 792/792/792 794/794/794
f 733/733/733 728/728/728 791/791/791
f 733/733/733 791/791/791 792/792/792
f 728/728/728 734/734/734 793/793/793
f 728/728/728 793/793/793 791/791/791
f 734/734/734 742/742/742 795/795/795
f 734/734/734 795/795/795 793/793/793
f 742/742/742 746/746/746 797/797/797
f 742/742/742 797/797/797 795/795/795
f 746/746/746 750/750/750 799/799/799
f 746/746/746 799/799/799 797/797/797
f 798/798/798 796/796/796 845/845/845
f 798/798/798 845/845/845 847/847/847
f 796/796/796 794/794/794 843/843/843
f 796/796/796 843/843/843 845/845/845
f 794/794/794 792/792/792 841/841/841
f 794/794/794 841/841/841 843/843/843
f 792/792/792 791/791/791 840/840/840
f 792/792/792 840/840/840 841/841/841
f 791/791/791 793/793/793 842/842/842
f 791/791/791 842/842/842 840/840/840
f 793/793/793 795/795/795 844/844/844
f 793/793/793 844/844/844 842/842/842
f 795/795/795 797/797/797 846/846/846
f 795/795/795 846/846/846 844/844/844
f 797/797/797 799/799/799 848/848/848
f 797/797/797 848/848/848 846/846/846
f 847/847/847 845/845/845 893/893/893
f 847/847/847 893/893/893 897/897/897
f 845/845/845 843/843/843 890/890/890
f 845/845/845 890/890/890 893/893/893
f 843/843/843 841/841/841 892/892/892
f 843/843/843 892/892/892 890/890/890
f 841/841/841 840/840/840 896/896/896
f 841/841/841 896/896/896 892/892/892
f 840/840/840 842/842/842 902/902/902
f 840/840/840 902/902/902 896/896/896
f 842/842/842 844/844/844 906/906/906
f 842/842/842 906/906/906 902/902/902
f 844/844/844 846/846/846 903/903/903
f 844/844/844 903/903/903 906/906/906
f 846/846/846 848/848/848 898/898/898
f 846/846/846 898/898/898 903/903/903
f 897/897/897 893/893/893 968/968/968
f 897/897/897 968/968/968 966/966/966
f 893/893/893 890/890/890 970/970/970
f 893/893/893 970/970/970 968/968/968
f 890/890/890 892/892/892 972/972/972
f 890/890/890 972/972/972 970/970/970
f 892/892/892 896/896/896 974/974/974
f 892/892/892 974/974/974 972/972/972
f 896/896/896 902/902/902 973/973/973
f 896/896/896 973/973/973 974/974/974
f 902/902/902 906/906/906 971/971/971
f 902/902/902 971/971/971 973/973/973
f 906/906/906 903/903/903 969/969/969
f 906/906/906 969/969/969 971/971/971
f 903/903/903 898/898/898 967/967/967
f 903/903/903 967/967/967 969/969/969
f 966/966/966 968/968/968 1017/1017/1017
f 966/966/966 1017/1017/1017 1015/1015/1015
f 968/968/968 970/970/970 1019/1019/1019
f 968/968/968 1019/1019/1019 1017/1017/1017
f 970/970/970 972/972/972 1021/1021/1021
f 970/970/970 1021/1021/1021 1019/1019/1019
f 972/972/972 974/974/974 1023/1023/1023
f 972/972/972 1023/1023/1023 1021/1021/1021
f 974/974/974 973/973/973 1022/1022/1022
f 974/974/974 1022/1022/1022 1023/1023/1023
f 973/973/973 971/971/971 1020/1020/1020
f 973/973/973 1020/1020/1020 1022/1022/1022
f 971/971/971 969/969/969 1018/1018/1018
f 971/971/971 1018/1018/1018 1020/1020/1020
f 969/969/969 967/967/967 1016/1016/1016
f 969/969/969 1016/1016/1016 1018/1018/1018
f 1015/1015/1015 1017/1017/1017 1068/1068/1068
f 1015/1015/1015 1068/1068/1068 1064/1064/1064
f 1017/1017/1017 1019/1019/1019 1072/1072/1072
f 1017/1017/1017 1072/1072/1072 1068/1068/1068
f 1019/1019/1019 1021/1021/1021 1080/1080/1080
f 1019/1019/1019 1080/1080/1080 1072/1072/1072
f 1021/1021/1021 1023/1023/1023 1086/1086/1086
f 1021/1021/1021 1086/1086/1086 1080/1080/1080
f 1023/1023/1023 1022/1022/1022 1081/1081/1081
f 1023/1023/1023 1081/1081/1081 1086/1086/1086
f 1022/1022/1022 1020/1020/1020 1073/1073/1073
f 1022/1022/1022 1073/1073/1073 1081/1081/1081
f 1020/1020/1020 1018/1018/1018 1069/1069/1069
f 1020/1020/1020 1069/1069/1069 1073/1073/1073
f 1018/1018/1018 1016/1016/1016 1065/1065/1065
f 1018/1018/1018 1065/1065/1065 1069/1069/1069
f 1064/1064/1064 1068/1068/1068 1139/1139/1139
f 1064/1064/1064 1139/1139/1139 1137/1137/1137
f 1068/1068/1068 1072/1072/1072 1141/1141/1141
f 1068/1068/1068 1141/1141/1141 1139/1139/1139
f 1072/1072/1072 1080/1080/1080 1151/1151/1151
f 1072/1072/1072 1151/1151/1151 1141/1141/1141
f 1080/1080/1080 1086/1086/1086 1153/1153/1153
f 1080/1080/1080 1153/1153/1153 1151/1151/1151
f 1086/1086/1086 1081/1081/1081 1152/1152/1152
f 1086/1086/1086 1152/1152/1152 1153/1153/1153
f 1081/1081/1081 1073/1073/1073 1142/1142/1142
f 1081/1081/1081 1142/1142/1142 1152/1152/1152
f 1073/1073/1073 1069/1069/1069 1140/1140/1140
f 1073/1073/1073 1140/1140/1140 1142/1142/1142
f 1069/1069/1069 1065/1065/1065 1138/1138/1138
f 1069/1069/1069 1138/1138/1138 1140/1140/1140
f 1137/1137/1137 1139/1139/1139 1196/1196/1196
f 1137/1137/1137 1196/1196/1196 1194/1194/1194
f 1139/1139/1139 1141/1141/1141 1198/1198/1198
f 1139/1139/1139 1198/1198/1198 1196/1196/1196
f 1141/1141/1141 1151/1151/1151 1200/1200/1200
f 1141/1141/1141 1200/1200/1200 1198/1198/1198
f 1151/1151/1151 1153/1153/1153 1202/1202/1202
f 1151/1151/1151 1202/1202/1202 1200/1200/1200
f 1153/1153/1153 1152/1152/1152 1201/1201/1201
f 1153/1153/1153 1201/1201/1201 1202/1202/1202
f 1152/1152/1152 1142/1142/1142 1199/1199/1199
f 1152/1152/1152 1199/1199/1199 1201/1201/1201
f 1142/1142/1142 1140/1140/1140 1197/1197/1197
f 1142/1142/1142 1197/1197/1197 1199/1199/1199
f 1140/1140/1140 1138/1138/1138 1195/1195/1195
f 1140/1140/1140 1195/1195/1195 1197/1197/1197
f 1194/1194/1194 1196/1196/1196 1245/1245/1245
f 1194/1194/1194 1245/1245/1245 1243/1243/1243
f 1196/1196/1196 1198/1198/1198 1253/1253/1253
f 1196/1196/1196 1253/1253/1253 1245/1245/1245
f 1198/1198/1198 1200/1200/1200 1261/1261/1261
f 1198/1198/1198 1261/1261/1261 1253/1253/1253
f 1200/1200/1200 1202/1202/1202 1268/1268/1268
f 1200/1200/1200 1268/1268/1268 1261/1261/1261
f 1202/1202/1202 1201/1201/1201 1262/1262/1262
f 1202/1202/1202 1262/1262/1262 1268/1268/1268
f 1201/1201/1201 1199/1199/1199 1254/1254/1254
f 1201/1201/1201 1254/1254/1254 1262/1262/1262
f 1199/1199/1199 1197/1197/1197 1246/1246/1246
f 1199/1199/1199 1246/1246/1246 1254/1254/1254
f 1197/1197/1197 1195/1195/1195 1244/1244/1244
f 1197/1197/1197 1244/1244/1244 1246/1246/1246
f 1243/1243/1243 1245/1245/1245 1330/1330/1330
f 1243/1243/1243 1330/1330/1330 1328/1328/1328
f 1245/1245/1245 1253/1253/1253 1340/1340/1340
f 1245/1245/1245 1340/1340/1340 1330/1330/1330
f 1253/1253/1253 1261/1261/1261 1353/1353/1353
f 1253/1253/1253 1353/1353/1353 1340/1340/1340
f 1261/1261/1261 1268/1268/1268 1355/1355/1355
f 1261/1261/1261 1355/1355/1355 1353/1353/1353
f 1268/1268/1268 1262/1262/1262 1354/1354/1354
f 1268/1268/1268 1354/1354/1354 1355/1355/1355
f 1262/1262/1262 1254/1254/1254 1341/1341/1341
f 1262/1262/1262 1341/1341/1341 1354/1354/1354
f 1254/1254/1254 1246/1246/1246 1331/1331/1331
f 1254/1254/1254 1331/1331/1331 1341/1341/1341
f 1246/1246/1246 1244/1244/1244 1329/1329/1329
f 1246/1246/1246 1329/1329/1329 1331/1331/1331
f 1328/1328/1328 1330/1330/1330 1410/1410/1410
f 1328/1328/1328 1410/1410/1410 1406/1406/1406
f 1330/1330/1330 1340/1340/1340 1430/1430/1430
f 1330/1330/1330 1430/1430/1430 1410/1410/1410
f 1340/1340/1340 1353/1353/1353 1438/1438/1438
f 1340/1340/1340 1438/1438/1438 1430/1430/1430
f 1353/1353/1353 1355/1355/1355 1444/1444/1444
f 1353/1353/1353 1444/1444/1444 1438/1438/1438
f 1355/1355/1355 1354/1354/1354 1439/1439/1439
f 1355/1355/1355 1439/1439/1439 1444/1444/1444
f 1354/1354/1354 1341/1341/1341 1431/1431/1431
f 1354/1354/1354 1431/1431/1431 1439/1439/1439
f 1341/1341/1341 1331/1331/1331 1411/1411/1411
f 1341/1341/1341 1411/1411/1411 1431/1431/1431
f 1331/1331/1331 1329/1329/1329 1407/1407/1407
f 1331/1331/1331 1407/1407/1407 1411/1411/1411
f 1406/1406/1406 1410/1410/1410 1514/1514/1514
f 1406/1406/1406 1514/1514/1514 1512/1512/1512
f 1410/1410/1410 1430/1430/1430 1527/1527/1527
f 1410/1410/1410 1527/1527/1527 1514/1514/1514
f 1430/1430/1430 1438/1438/1438 1537/1537/1537
f 1430/1430/1430 1537/1537/1537 1527/1527/1527
f 1438/1438/1438 1444/1444/1444 1545/1545/1545
f 1438/1438/1438 1545/1545/1545 1537/1537/1537
f 1444/1444/1444 1439/1439/1439 1538/1538/1538
f 1444/1444/1444 1538/1538/1538 1545/1545/1545
f 1439/1439/1439 1431/1431/1431 1528/1528/1528
f 1439/1439/1439 1528/1528/1528 1538/1538/1538
f 1431/1431/1431 1411/1411/1411 1515/1515/1515
f 1431/1431/1431 1515/1515/1515 1528/1528/1528
f 1411/1411/1411 1407/1407/1407 1513/1513/1513
f 1411/1411/1411 1513/1513/1513 1515/1515/1515
f 1512/1512/1512 1514/1514/1514 1589/1589/1589
f 1512/1512/1512 1589/1589/1589 1585/1585/1585
f 1514/1514/1514 1527/1527/1527 1597/1597/1597
f 1514/1514/1514 1597/1597/1597 1589/1589/1589
f 1527/1527/1527 1537/1537/1537 1599/1599/1599
f 1527/1527/1527 1599/1599/1599 1597/1597/1597
f 1537/1537/1537 1545/1545/1545 1601/1601/1601
f 1537/1537/1537 1601/1601/1601 1599/1599/1599
f 1545/1545/1545 1538/1538/1538 1600/1600/1600
f 1545/1545/1545 1600/1600/1600 1601/1601/1601
f 1538/1538/1538 1528/1528/1528 1598/1598/1598
f 1538/1538/1538 1598/1598/1598 1600/1600/1600
f 1528/1528/1528 1515/1515/1515 1590/1590/1590
f 1528/1528/1528 1590/1590/1590 1598/1598/1598
f 1515/1515/1515 1513/1513/1513 1586/1586/1586
f 1515/1515/1515 1586/1586/1586 1590/1590/1590
f 1585/1585/1585 1589/1589/1589 1627/1627/1627
f 1585/1585/1585 1627/1627/1627 1625/1625/1625
f 1589/1589/1589 1597/1597/1597 1637/1637/1637
f 1589/1589/1589 1637/1637/1637 1627/1627/1627
f 1597/1597/1597 1599/1599/1599 1642/1642/1642
f 1597/1597/1597 1642/1642/1642 1637/1637/1637
f 1599/1599/1599 1601/1601/1601 1650/1650/1650
f 1599/1599/1599 1650/1650/1650 1642/1642/1642
f 1601/1601/1601 1600/1600/1600 1643/1643/1643
f 1601/1601/1601 1643/1643/1643 1650/1650/1650
f 1600/1600/1600 1598/1598/1598 1638/1638/1638
f 1600/1600/1600 1638/1638/1638 1643/1643/1643
f 1598/1598/1598 1590/1590/1590 1628/1628/1628
f 1598/1598/1598 1628/1628/1628 1638/1638/1638
f 1590/1590/1590 1586/1586/1586 1626/1626/1626
f 1590/1590/1590 1626/1626/1626 1628/1628/1628
f 1625/1625/1625 1627/1627/1627 1694/1694/1694
f 1625/1625/1625 1694/1694/1694 1690/1690/1690
f 1627/1627/1627 1637/1637/1637 1713/1713/1713
f 1627/1627/1627 1713/1713/1713 1694/1694/1694
f 1637/1637/1637 1642/1642/1642 1736/1736/1736
f 1637/1637/1637 1736/1736/1736 1713/1713/1713
f 1642/1642/1642 1650/1650/1650 1754/1754/1754
f 1642/1642/1642 1754/1754/1754 1736/1736/1736
f 1650/1650/1650 1643/1643/1643 1739/1739/1739
f 1650/1650/1650 1739/1739/1739 1754/1754/1754
f 1643/1643/1643 1638/1638/1638 1717/1717/1717
f 1643/1643/1643 1717/1717/1717 1739/1739/1739
f 1638/1638/1638 1628/1628/1628 1697/1697/1697
f 1638/1638/1638 1697/1697/1697 1717/1717/1717
f 1628/1628/1628 1626/1626/1626 1691/1691/1691
f 1628/1628/1628 1691/1691/1691 1697/1697/1697
f 96/96/96 114/114/114 119/119/119
f 96/96/96 94/94/94 113/113/113
f 96/96/96 73/73/73 93/93/93
f 96/96/96 58/58/58 72/72/72
f 96/96/96 76/76/76 57/57/57
f 96/96/96 98/98/98 75/75/75
f 96/96/96 117/117/117 97/97/97
f 96/96/96 120/120/120 116/116/116
f 1716/1716/1716 1692/1692/1692 1696/1696/1696
f 1716/1716/1716 1695/1695/1695 1715/1715/1715
f 1716/1716/1716 1714/1714/1714 1738/1738/1738
f 1716/1716/1716 1737/1737/1737 1756/1756/1756
f 1716/1716/1716 1755/1755/1755 1741/1741/1741
f 1716/1716/1716 1740/1740/1740 1719/1719/1719
f 1716/1716/1716 1718/1718/1718 1699/1699/1699
f 1716/1716/1716 1698/1698/1698 1693/1693/1693
f 174/174/174 169/169/169 142/142/142
f 174/174/174 142/142/142 153/153/153
f 169/169/169 134/134/134 112/112/112
f 169/169/169 112/112/112 142/142/142
f 134/134/134 103/103/103 52/52/52
f 134/134/134 52/52/52 112/112/112
f 103/103/103 82/82/82 44/44/44
f 103/103/103 44/44/44 52/52/52
f 82/82/82 100/100/100 49/49/49
f 82/82/82 49/49/49 44/44/44
f 100/100/100 130/130/130 108/108/108
f 100/100/100 108/108/108 49/49/49
f 130/130/130 166/166/166 139/139/139
f 130/130/130 139/139/139 108/108/108
f 166/166/166 175/175/175 154/154/154
f 166/166/166 154/154/154 139/139/139
f 133/133/133 168/168/168 172/172/172
f 133/133/133 136/136/136 167/167/167
f 133/133/133 105/105/105 135/135/135
f 133/133/133 84/84/84 104/104/104
f 133/133/133 102/102/102 83/83/83
f 133/133/133 132/132/132 101/101/101
f 133/133/133 165/165/165 131/131/131
f 133/133/133 173/173/173 164/164/164
f 109/109/109 151/151/151 141/141/141
f 109/109/109 140/140/140 111/111/111
f 109/109/109 110/110/110 54/54/54
f 109/109/109 53/53/53 46/46/46
f 109/109/109 45/45/45 51/51/51
f 109/109/109 50/50/50 107/107/107
f 109/109/109 106/106/106 138/138/138
f 109/109/109 137/137/137 152/152/152
f 1730/1730/1730 1709/1709/1709 1761/1761/1761
f 1730/1730/1730 1761/1761/1761 1769/1769/1769
f 1709/1709/1709 1678/1678/1678 1700/1700/1700
f 1709/1709/1709 1700/1700/1700 1761/1761/1761
f 1678/1678/1678 1644/1644/1644 1670/1670/1670
f 1678/1678/1678 1670/1670/1670 1700/1700/1700
f 1644/1644/1644 1639/1639/1639 1659/1659/1659
f 1644/1644/1644 1659/1659/1659 1670/1670/1670
f 1639/1639/1639 1647/1647/1647 1673/1673/1673
f 1639/1639/1639 1673/1673/1673 1659/1659/1659
f 1647/1647/1647 1682/1682/1682 1704/1704/1704
f 1647/1647/1647 1704/1704/1704 1673/1673/1673
f 1682/1682/1682 1712/1712/1712 1764/1764/1764
f 1682/1682/1682 1764/1764/1764 1704/1704/1704
f 1712/1712/1712 1731/1731/1731 1770/1770/1770
f 1712/1712/1712 1770/1770/1770 1764/1764/1764
f 1679/1679/1679 1708/1708/1708 1728/1728/1728
f 1679/1679/1679 1677/1677/1677 1707/1707/1707
f 1679/1679/1679 1646/1646/1646 1676/1676/1676
f 1679/1679/1679 1641/1641/1641 1645/1645/1645
f 1679/1679/1679 1649/1649/1649 1640/1640/1640
f 1679/1679/1679 1681/1681/1681 1648/1648/1648
f 1679/1679/1679 1711/1711/1711 1680/1680/1680
f 1679/1679/1679 1729/1729/1729 1710/1710/1710
f 1703/1703/1703 1767/1767/1767 1760/1760/1760
f 1703/1703/1703 1759/1759/1759 1702/1702/1702
f 1703/1703/1703 1701/1701/1701 1672/1672/1672
f 1703/1703/1703 1671/1671/1671 1661/1661/1661
f 1703/1703/1703 1660/1660/1660 1675/1675/1675
f 1703/1703/1703 1674/1674/1674 1706/1706/1706
f 1703/1703/1703 1705/1705/1705 1763/1763/1763
f 1703/1703/1703 1762/1762/1762 1768/1768/1768
usemtl Wood
s 1
f 346/346/346 123/123/123 394/394/394
f 346/346/346 25/25/25 123/123/123
f 394/394/394 178/178/178 432/432/432
f 394/394/394 123/123/123 178/178/178
f 432/432/432 206/206/206 476/476/476
f 432/432/432 178/178/178 206/206/206
f 476/476/476 249/249/249 524/524/524
f 476/476/476 206/206/206 249/249/249
f 524/524/524 321/321/321 564/564/564
f 524/524/524 249/249/249 321/321/321
f 564/564/564 406/406/406 591/591/591
f 564/564/564 321/321/321 406/406/406
f 591/591/591 463/463/463 621/621/621
f 591/591/591 406/406/406 463/463/463
f 621/621/621 535/535/535 657/657/657
f 621/621/621 463/463/463 535/535/535
f 657/657/657 584/584/584 686/686/686
f 657/657/657 535/535/535 584/584/584
f 686/686/686 633/633/633 706/706/706
f 686/686/686 584/584/584 633/633/633
f 706/706/706 678/678/678 751/751/751
f 706/706/706 633/633/633 678/678/678
f 751/751/751 718/718/718 787/787/787
f 751/751/751 678/678/678 718/718/718
f 787/787/787 763/763/763 800/800/800
f 787/787/787 718/718/718 763/763/763
f 800/800/800 812/812/812 836/836/836
f 800/800/800 763/763/763 812/812/812
f 836/836/836 857/857/857 881/881/881
f 836/836/836 812/812/812 857/857/857
f 881/881/881 885/885/885 886/886/886
f 881/881/881 857/857/857 885/885/885
f 886/886/886 951/951/951 931/931/931
f 886/886/886 885/885/885 951/951/951
f 931/931/931 996/996/996 976/976/976
f 931/931/931 951/951/951 996/996/996
f 976/976/976 1045/1045/1045 1012/1012/1012
f 976/976/976 996/996/996 1045/1045/1045
f 1012/1012/1012 1090/1090/1090 1025/1025/1025
f 1012/1012/1012 1045/1045/1045 1090/1090/1090
f 1025/1025/1025 1130/1130/1130 1061/1061/1061
f 1025/1025/1025 1090/1090/1090 1130/1130/1130
f 1061/1061/1061 1175/1175/1175 1106/1106/1106
f 1061/1061/1061 1130/1130/1130 1175/1175/1175
f 1106/1106/1106 1224/1224/1224 1126/1126/1126
f 1106/1106/1106 1175/1175/1175 1224/1224/1224
f 1126/1126/1126 1272/1272/1272 1155/1155/1155
f 1126/1126/1126 1224/1224/1224 1272/1272/1272
f 1155/1155/1155 1342/1342/1342 1191/1191/1191
f 1155/1155/1155 1272/1272/1272 1342/1342/1342
f 1191/1191/1191 1399/1399/1399 1221/1221/1221
f 1191/1191/1191 1342/1342/1342 1399/1399/1399
f 1221/1221/1221 1484/1484/1484 1248/1248/1248
f 1221/1221/1221 1399/1399/1399 1484/1484/1484
f 1248/1248/1248 1557/1557/1557 1286/1286/1286
f 1248/1248/1248 1484/1484/1484 1557/1557/1557
f 1286/1286/1286 1602/1602/1602 1333/1333/1333
f 1286/1286/1286 1557/1557/1557 1602/1602/1602
f 1333/1333/1333 1630/1630/1630 1377/1377/1377
f 1333/1333/1333 1602/1602/1602 1630/1630/1630
f 1377/1377/1377 1683/1683/1683 1415/1415/1415
f 1377/1377/1377 1630/1630/1630 1683/1683/1683
f 1415/1415/1415 1771/1771/1771 1461/1461/1461
f 1415/1415/1415 1683/1683/1683 1771/1771/1771
f 25/25/25 56/56/56 123/123/123
f 25/25/25 10/10/10 56/56/56
f 123/123/123 150/150/150 178/178/178
f 123/123/123 56/56/56 150/150/150
f 178/178/178 197/197/197 206/206/206
f 178/178/178 150/150/150 197/197/197
f 206/206/206 236/236/236 249/249/249
f 206/206/206 197/197/197 236/236/236
f 249/249/249 292/292/292 321/321/321
f 249/249/249 236/236/236 292/292/292
f 321/321/321 371/371/371 406/406/406
f 321/321/321 292/292/292 371/371/371
f 406/406/406 443/443/443 463/463/463
f 406/406/406 371/371/371 443/443/443
f 463/463/463 523/523/523 535/535/535
f 463/463/463 443/443/443 523/523/523
f 535/535/535 579/579/579 584/584/584
f 535/535/535 523/523/523 579/579/579
f 584/584/584 628/628/628 633/633/633
f 584/584/584 579/579/579 628/628/628
f 633/633/633 667/667/667 678/678/678
f 633/633/633 628/628/628 667/667/667
f 678/678/678 713/713/713 718/718/718
f 678/678/678 667/667/667 713/713/713
f 718/718/718 758/758/758 763/763/763
f 718/718/718 713/713/713 758/758/758
f 763/763/763 807/807/807 812/812/812
f 763/763/763 758/758/758 807/807/807
f 812/812/812 852/852/852 857/857/857
f 812/812/812 807/807/807 852/852/852
f 857/857/857 888/888/888 885/885/885
f 857/857/857 852/852/852 888/888/888
f 885/885/885 962/962/962 951/951/951
f 885/885/885 888/888/888 962/962/962
f 951/951/951 1007/1007/1007 996/996/996
f 951/951/951 962/962/962 1007/1007/1007
f 996/996/996 1056/1056/1056 1045/1045/1045
f 996/996/996 1007/1007/1007 1056/1056/1056
f 1045/1045/1045 1101/1101/1101 1090/1090/1090
f 1045/1045/1045 1056/1056/1056 1101/1101/1101
f 1090/1090/1090 1147/1147/1147 1130/1130/1130
f 1090/1090/1090 1101/1101/1101 1147/1147/1147
f 1130/1130/1130 1186/1186/1186 1175/1175/1175
f 1130/1130/1130 1147/1147/1147 1186/1186/1186
f 1175/1175/1175 1235/1235/1235 1224/1224/1224
f 1175/1175/1175 1186/1186/1186 1235/1235/1235
f 1224/1224/1224 1289/1289/1289 1272/1272/1272
f 1224/1224/1224 1235/1235/1235 1289/1289/1289
f 1272/1272/1272 1368/1368/1368 1342/1342/1342
f 1272/1272/1272 1289/1289/1289 1368/1368/1368
f 1342/1342/1342 1440/1440/1440 1399/1399/1399
f 1342/1342/1342 1368/1368/1368 1440/1440/1440
f 1399/1399/1399 1519/1519/1519 1484/1484/1484
f 1399/1399/1399 1440/1440/1440 1519/1519/1519
f 1484/1484/1484 1577/1577/1577 1557/1557/1557
f 1484/1484/1484 1519/1519/1519 1577/1577/1577
f 1557/1557/1557 1617/1617/1617 1602/1602/1602
f 1557/1557/1557 1577/1577/1577 1617/1617/1617
f 1602/1602/1602 1662/1662/1662 1630/1630/1630
f 1602/1602/1602 1617/1617/1617 1662/1662/1662
f 1630/1630/1630 1757/1757/1757 1683/1683/1683
f 1630/1630/1630 1662/1662/1662 1757/1757/1757
f 1683/1683/1683 1804/1804/1804 1771/1771/1771
f 1683/1683/1683 1757/1757/1757 1804/1804/1804
f 9/9/9 124/124/124 55/55/55
f 9/9/9 28/28/28 124/124/124
f 55/55/55 179/179/179 149/149/149
f 55/55/55 124/124/124 179/179/179
f 149/149/149 207/207/207 196/196/196
f 149/149/149 179/179/179 207/207/207
f 196/196/196 250/250/250 235/235/235
f 196/196/196 207/207/207 250/250/250
f 235/235/235 322/322/322 291/291/291
f 235/235/235 250/250/250 322/322/322
f 291/291/291 407/407/407 370/370/370
f 291/291/291 322/322/322 407/407/407
f 370/370/370 464/464/464 442/442/442
f 370/370/370 407/407/407 464/464/464
f 442/442/442 536/536/536 522/522/522
f 442/442/442 464/464/464 536/536/536
f 522/522/522 585/585/585 578/578/578
f 522/522/522 536/536/536 585/585/585
f 578/578/578 634/634/634 627/627/627
f 578/578/578 585/585/585 634/634/634
f 627/627/627 679/679/679 666/666/666
f 627/627/627 634/634/634 679/679/679
f 666/666/666 719/719/719 712/712/712
f 666/666/666 679/679/679 719/719/719
f 712/712/712 764/764/764 757/757/757
f 712/712/712 719/719/719 764/764/764
f 757/757/757 813/813/813 806/806/806
f 757/757/757 764/764/764 813/813/813
f 806/806/806 858/858/858 851/851/851
f 806/806/806 813/813/813 858/858/858
f 851/851/851 908/908/908 889/889/889
f 851/851/851 858/858/858 908/908/908
f 889/889/889 953/953/953 963/963/963
f 889/889/889 908/908/908 953/953/953
f 963/963/963 998/998/998 1008/1008/1008
f 963/963/963 953/953/953 998/998/998
f 1008/1008/1008 1047/1047/1047 1057/1057/1057
f 1008/1008/1008 998/998/998 1047/1047/1047
f 1057/1057/1057 1092/1092/1092 1102/1102/1102
f 1057/1057/1057 1047/1047/1047 1092/1092/1092
f 1102/1102/1102 1132/1132/1132 1148/1148/1148
f 1102/1102/1102 1092/1092/1092 1132/1132/1132
f 1148/1148/1148 1177/1177/1177 1187/1187/1187
f 1148/1148/1148 1132/1132/1132 1177/1177/1177
f 1187/1187/1187 1226/1226/1226 1236/1236/1236
f 1187/1187/1187 1177/1177/1177 1226/1226/1226
f 1236/1236/1236 1274/1274/1274 1290/1290/1290
f 1236/1236/1236 1226/1226/1226 1274/1274/1274
f 1290/1290/1290 1344/1344/1344 1369/1369/1369
f 1290/1290/1290 1274/1274/1274 1344/1344/1344
f 1369/1369/1369 1401/1401/1401 1441/1441/1441
f 1369/1369/1369 1344/1344/1344 1401/1401/1401
f 1441/1441/1441 1486/1486/1486 1520/1520/1520
f 1441/1441/1441 1401/1401/1401 1486/1486/1486
f 1520/1520/1520 1559/1559/1559 1578/1578/1578
f 1520/1520/1520 1486/1486/1486 1559/1559/1559
f 1578/1578/1578 1604/1604/1604 1618/1618/1618
f 1578/1578/1578 1559/1559/1559 1604/1604/1604
f 1618/1618/1618 1632/1632/1632 1663/1663/1663
f 1618/1618/1618 1604/1604/1604 1632/1632/1632
f 1663/1663/1663 1685/1685/1685 1758/1758/1758
f 1663/1663/1663 1632/1632/1632 1685/1685/1685
f 1758/1758/1758 1775/1775/1775 1805/1805/1805
f 1758/1758/1758 1685/1685/1685 1775/1775/1775
f 29/29/29 396/396/396 125/125/125
f 29/29/29 350/350/350 396/396/396
f 125/125/125 434/434/434 180/180/180
f 125/125/125 396/396/396 434/434/434
f 180/180/180 478/478/478 208/208/208
f 180/180/180 434/434/434 478/478/478
f 208/208/208 526/526/526 251/251/251
f 208/208/208 478/478/478 526/526/526
f 251/251/251 566/566/566 323/323/323
f 251/251/251 526/526/526 566/566/566
f 323/323/323 593/593/593 408/408/408
f 323/323/323 566/566/566 593/593/593
f 408/408/408 623/623/623 465/465/465
f 408/408/408 593/593/593 623/623/623
f 465/465/465 659/659/659 537/537/537
f 465/465/465 623/623/623 659/659/659
f 537/537/537 688/688/688 586/586/586
f 537/537/537 659/659/659 688/688/688
f 586/586/586 708/708/708 635/635/635
f 586/586/586 688/688/688 708/708/708
f 635/635/635 753/753/753 680/680/680
f 635/635/635 708/708/708 753/753/753
f 680/680/680 789/789/789 720/720/720
f 680/680/680 753/753/753 789/789/789
f 720/720/720 802/802/802 765/765/765
f 720/720/720 789/789/789 802/802/802
f 765/765/765 838/838/838 814/814/814
f 765/765/765 802/802/802 838/838/838
f 814/814/814 883/883/883 859/859/859
f 814/814/814 838/838/838 883/883/883
f 859/859/859 911/911/911 909/909/909
f 859/859/859 883/883/883 911/911/911
f 909/909/909 933/933/933 952/952/952
f 909/909/909 911/911/911 933/933/933
f 952/952/952 978/978/978 997/997/997
f 952/952/952 933/933/933 978/978/978
f 997/997/997 1014/1014/1014 1046/1046/1046
f 997/997/997 978/978/978 1014/1014/1014
f 1046/1046/1046 1027/1027/1027 1091/1091/1091
f 1046/1046/1046 1014/1014/1014 1027/1027/1027
f 1091/1091/1091 1063/1063/1063 1131/1131/1131
f 1091/1091/1091 1027/1027/1027 1063/1063/1063
f 1131/1131/1131 1108/1108/1108 1176/1176/1176
f 1131/1131/1131 1063/1063/1063 1108/1108/1108
f 1176/1176/1176 1128/1128/1128 1225/1225/1225
f 1176/1176/1176 1108/1108/1108 1128/1128/1128
f 1225/1225/1225 1157/1157/1157 1273/1273/1273
f 1225/1225/1225 1128/1128/1128 1157/1157/1157
f 1273/1273/1273 1193/1193/1193 1343/1343/1343
f 1273/1273/1273 1157/1157/1157 1193/1193/1193
f 1343/1343/1343 1223/1223/1223 1400/1400/1400
f 1343/1343/1343 1193/1193/1193 1223/1223/1223
f 1400/1400/1400 1250/1250/1250 1485/1485/1485
f 1400/1400/1400 1223/1223/1223 1250/1250/1250
f 1485/1485/1485 1288/1288/1288 1558/1558/1558
f 1485/1485/1485 1250/1250/1250 1288/1288/1288
f 1558/1558/1558 1335/1335/1335 1603/1603/1603
f 1558/1558/1558 1288/1288/1288 1335/1335/1335
f 1603/1603/1603 1379/1379/1379 1631/1631/1631
f 1603/1603/1603 1335/1335/1335 1379/1379/1379
f 1631/1631/1631 1417/1417/1417 1684/1684/1684
f 1631/1631/1631 1379/1379/1379 1417/1417/1417
f 1684/1684/1684 1465/1465/1465 1774/1774/1774
f 1684/1684/1684 1417/1417/1417 1465/1465/1465
f 351/351/351 395/395/395 397/397/397
f 351/351/351 347/347/347 395/395/395
f 397/397/397 433/433/433 435/435/435
f 397/397/397 395/395/395 433/433/433
f 435/435/435 477/477/477 479/479/479
f 435/435/435 433/433/433 477/477/477
f 479/479/479 525/525/525 527/527/527
f 479/479/479 477/477/477 525/525/525
f 527/527/527 565/565/565 567/567/567
f 527/527/527 525/525/525 565/565/565
f 567/567/567 592/592/592 594/594/594
f 567/567/567 565/565/565 592/592/592
f 594/594/594 622/622/622 624/624/624
f 594/594/594 592/592/592 622/622/622
f 624/624/624 658/658/658 660/660/660
f 624/624/624 622/622/622 658/658/658
f 660/660/660 687/687/687 689/689/689
f 660/660/660 658/658/658 687/687/687
f 689/689/689 707/707/707 709/709/709
f 689/689/689 687/687/687 707/707/707
f 709/709/709 752/752/752 754/754/754
f 709/709/709 707/707/707 752/752/752
f 754/754/754 788/788/788 790/790/790
f 754/754/754 752/752/752 788/788/788
f 790/790/790 801/801/801 803/803/803
f 790/790/790 788/788/788 801/801/801
f 803/803/803 837/837/837 839/839/839
f 803/803/803 801/801/801 837/837/837
f 839/839/839 882/882/882 884/884/884
f 839/839/839 837/837/837 882/882/882
f 884/884/884 887/887/887 910/910/910
f 884/884/884 882/882/882 887/887/887
f 910/910/910 930/930/930 932/932/932
f 910/910/910 887/887/887 930/930/930
f 932/932/932 975/975/975 977/977/977
f 932/932/932 930/930/930 975/975/975
f 977/977/977 1011/1011/1011 1013/1013/1013
f 977/977/977 975/975/975 1011/1011/1011
f 1013/1013/1013 1024/1024/1024 1026/1026/1026
f 1013/1013/1013 1011/1011/1011 1024/1024/1024
f 1026/1026/1026 1060/1060/1060 1062/1062/1062
f 1026/1026/1026 1024/1024/1024 1060/1060/1060
f 1062/1062/1062 1105/1105/1105 1107/1107/1107
f 1062/1062/1062 1060/1060/1060 1105/1105/1105
f 1107/1107/1107 1125/1125/1125 1127/1127/1127
f 1107/1107/1107 1105/1105/1105 1125/1125/1125
f 1127/1127/1127 1154/1154/1154 1156/1156/1156
f 1127/1127/1127 1125/1125/1125 1154/1154/1154
f 1156/1156/1156 1190/1190/1190 1192/1192/1192
f 1156/1156/1156 1154/1154/1154 1190/1190/1190
f 1192/1192/1192 1220/1220/1220 1222/1222/1222
f 1192/1192/1192 1190/1190/1190 1220/1220/1220
f 1222/1222/1222 1247/1247/1247 1249/1249/1249
f 1222/1222/1222 1220/1220/1220 1247/1247/1247
f 1249/1249/1249 1285/1285/1285 1287/1287/1287
f 1249/1249/1249 1247/1247/1247 1285/1285/1285
f 1287/1287/1287 1332/1332/1332 1334/1334/1334
f 1287/1287/1287 1285/1285/1285 1332/1332/1332
f 1334/1334/1334 1376/1376/1376 1378/1378/1378
f 1334/1334/1334 1332/1332/1332 1376/1376/1376
f 1378/1378/1378 1414/1414/1414 1416/1416/1416
f 1378/1378/1378 1376/1376/1376 1414/1414/1414
f 1416/1416/1416 1460/1460/1460 1464/1464/1464
f 1416/1416/1416 1414/1414/1414 1460/1460/1460
f 185/185/185 24/24/24 344/344/344
f 185/185/185 8/8/8 23/23/23
f 185/185/185 27/27/27 7/7/7
f 185/185/185 349/349/349 26/26/26
f 185/185/185 345/345/345 348/348/348
f 1629/1629/1629 1462/1462/1462 1773/1773/1773
f 1629/1629/1629 1772/1772/1772 1807/1807/1807
f 1629/1629/1629 1806/1806/1806 1777/1777/1777
f 1629/1629/1629 1776/1776/1776 1467/1467/1467
f 1629/1629/1629 1466/1466/1466 1463/1463/1463
f 87/87/87 62/62/62 145/145/145
f 87/87/87 145/145/145 159/159/159
f 62/62/62 32/32/32 126/126/126
f 62/62/62 126/126/126 145/145/145
f 32/32/32 13/13/13 78/78/78
f 32/32/32 78/78/78 126/126/126
f 13/13/13 3/3/3 47/47/47
f 13/13/13 47/47/47 78/78/78
f 3/3/3 16/16/16 79/79/79
f 3/3/3 79/79/79 47/47/47
f 16/16/16 36/36/36 127/127/127
f 16/16/16 127/127/127 79/79/79
f 36/36/36 65/65/65 146/146/146
f 36/36/36 146/146/146 127/127/127
f 65/65/65 88/88/88 160/160/160
f 65/65/65 160/160/160 146/146/146
f 159/159/159 145/145/145 190/190/190
f 159/159/159 190/190/190 198/198/198
f 145/145/145 126/126/126 181/181/181
f 145/145/145 181/181/181 190/190/190
f 126/126/126 78/78/78 155/155/155
f 126/126/126 155/155/155 181/181/181
f 78/78/78 47/47/47 143/143/143
f 78/78/78 143/143/143 155/155/155
f 47/47/47 79/79/79 156/156/156
f 47/47/47 156/156/156 143/143/143
f 79/79/79 127/127/127 182/182/182
f 79/79/79 182/182/182 156/156/156
f 127/127/127 146/146/146 191/191/191
f 127/127/127 191/191/191 182/182/182
f 146/146/146 160/160/160 199/199/199
f 146/146/146 199/199/199 191/191/191
f 198/198/198 190/190/190 219/219/219
f 198/198/198 219/219/219 229/229/229
f 190/190/190 181/181/181 209/209/209
f 190/190/190 209/209/209 219/219/219
f 181/181/181 155/155/155 202/202/202
f 181/181/181 202/202/202 209/209/209
f 155/155/155 143/143/143 194/194/194
f 155/155/155 194/194/194 202/202/202
f 143/143/143 156/156/156 203/203/203
f 143/143/143 203/203/203 194/194/194
f 156/156/156 182/182/182 210/210/210
f 156/156/156 210/210/210 203/203/203
f 182/182/182 191/191/191 220/220/220
f 182/182/182 220/220/220 210/210/210
f 191/191/191 199/199/199 230/230/230
f 191/191/191 230/230/230 220/220/220
f 229/229/229 219/219/219 267/267/267
f 229/229/229 267/267/267 275/275/275
f 219/219/219 209/209/209 252/252/252
f 219/219/219 252/252/252 267/267/267
f 209/209/209 202/202/202 237/237/237
f 209/209/209 237/237/237 252/252/252
f 202/202/202 194/194/194 233/233/233
f 202/202/202 233/233/233 237/237/237
f 194/194/194 203/203/203 238/238/238
f 194/194/194 238/238/238 233/233/233
f 203/203/203 210/210/210 253/253/253
f 203/203/203 253/253/253 238/238/238
f 210/210/210 220/220/220 268/268/268
f 210/210/210 268/268/268 253/253/253
f 220/220/220 230/230/230 276/276/276
f 220/220/220 276/276/276 268/268/268
f 275/275/275 267/267/267 356/356/356
f 275/275/275 356/356/356 360/360/360
f 267/267/267 252/252/252 324/324/324
f 267/267/267 324/324/324 356/356/356
f 252/252/252 237/237/237 300/300/300
f 252/252/252 300/300/300 324/324/324
f 237/237/237 233/233/233 285/285/285
f 237/237/237 285/285/285 300/300/300
f 233/233/233 238/238/238 301/301/301
f 233/233/233 301/301/301 285/285/285
f 238/238/238 253/253/253 325/325/325
f 238/238/238 325/325/325 301/301/301
f 253/253/253 268/268/268 357/357/357
f 253/253/253 357/357/357 325/325/325
f 268/268/268 276/276/276 361/361/361
f 268/268/268 361/361/361 357/357/357
f 360/360/360 356/356/356 413/413/413
f 360/360/360 413/413/413 421/421/421
f 356/356/356 324/324/324 409/409/409
f 356/356/356 409/409/409 413/413/413
f 324/324/324 300/300/300 376/376/376
f 324/324/324 376/376/376 409/409/409
f 300/300/300 285/285/285 368/368/368
f 300/300/300 368/368/368 376/376/376
f 285/285/285 301/301/301 377/377/377
f 285/285/285 377/377/377 368/368/368
f 301/301/301 325/325/325 410/410/410
f 301/301/301 410/410/410 377/377/377
f 325/325/325 357/357/357 414/414/414
f 325/325/325 414/414/414 410/410/410
f 357/357/357 361/361/361 422/422/422
f 357/357/357 422/422/422 414/414/414
f 421/421/421 413/413/413 486/486/486
f 421/421/421 486/486/486 495/495/495
f 413/413/413 409/409/409 466/466/466
f 413/413/413 466/466/466 486/486/486
f 409/409/409 376/376/376 450/450/450
f 409/409/409 450/450/450 466/466/466
f 376/376/376 368/368/368 440/440/440
f 376/376/376 440/440/440 450/450/450
f 368/368/368 377/377/377 451/451/451
f 368/368/368 451/451/451 440/440/440
f 377/377/377 410/410/410 467/467/467
f 377/377/377 467/467/467 451/451/451
f 410/410/410 414/414/414 487/487/487
f 410/410/410 487/487/487 467/467/467
f 414/414/414 422/422/422 496/496/496
f 414/414/414 496/496/496 487/487/487
f 495/495/495 486/486/486 547/547/547
f 495/495/495 547/547/547 556/556/556
f 486/486/486 466/466/466 538/538/538
f 486/486/486 538/538/538 547/547/547
f 466/466/466 450/450/450 531/531/531
f 466/466/466 531/531/531 538/538/538
f 450/450/450 440/440/440 518/518/518
f 450/450/450 518/518/518 531/531/531
f 440/440/440 451/451/451 532/532/532
f 440/440/440 532/532/532 518/518/518
f 451/451/451 467/467/467 539/539/539
f 451/451/451 539/539/539 532/532/532
f 467/467/467 487/487/487 548/548/548
f 467/467/467 548/548/548 539/539/539
f 487/487/487 496/496/496 557/557/557
f 487/487/487 557/557/557 548/548/548
f 556/556/556 547/547/547 596/596/596
f 556/556/556 596/596/596 602/602/602
f 547/547/547 538/538/538 587/587/587
f 547/547/547 587/587/587 596/596/596
f 538/538/538 531/531/531 580/580/580
f 538/538/538 580/580/580 587/587/587
f 531/531/531 518/518/518 576/576/576
f 531/531/531 576/576/576 580/580/580
f 518/518/518 532/532/532 581/581/581
f 518/518/518 581/581/581 576/576/576
f 532/532/532 539/539/539 588/588/588
f 532/532/532 588/588/588 581/581/581
f 539/539/539 548/548/548 597/597/597
f 539/539/539 597/597/597 588/588/588
f 548/548/548 557/557/557 603/603/603
f 548/548/548 603/603/603 597/597/597
f 602/602/602 596/596/596 643/643/643
f 602/602/602 643/643/643 647/647/647
f 596/596/596 587/587/587 636/636/636
f 596/596/596 636/636/636 643/643/643
f 587/587/587 580/580/580 629/629/629
f 587/587/587 629/629/629 636/636/636
f 580/580/580 576/576/576 625/625/625
f 580/580/580 625/625/625 629/629/629
f 576/576/576 581/581/581 630/630/630
f 576/576/576 630/630/630 625/625/625
f 581/581/581 588/588/588 637/637/637
f 581/581/581 637/637/637 630/630/630
f 588/588/588 597/597/597 644/644/644
f 588/588/588 644/644/644 637/637/637
f 597/597/597 603/603/603 648/648/648
f 597/597/597 648/648/648 644/644/644
f 647/647/647 643/643/643 692/692/692
f 647/647/647 692/692/692 696/696/696
f 643/643/643 636/636/636 681/681/681
f 643/643/643 681/681/681 692/692/692
f 636/636/636 629/629/629 668/668/668
f 636/636/636 668/668/668 681/681/681
f 629/629/629 625/625/625 664/664/664
f 629/629/629 664/664/664 668/668/668
f 625/625/625 630/630/630 669/669/669
f 625/625/625 669/669/669 664/664/664
f 630/630/630 637/637/637 682/682/682
f 630/630/630 682/682/682 669/669/669
f 637/637/637 644/644/644 693/693/693
f 637/637/637 693/693/693 682/682/682
f 644/644/644 648/648/648 697/697/697
f 644/644/644 697/697/697 693/693/693
f 696/696/696 692/692/692 729/729/729
f 696/696/696 729/729/729 737/737/737
f 692/692/692 681/681/681 721/721/721
f 692/692/692 721/721/721 729/729/729
f 681/681/681 668/668/668 714/714/714
f 681/681/681 714/714/714 721/721/721
f 668/668/668 664/664/664 710/710/710
f 668/668/668 710/710/710 714/714/714
f 664/664/664 669/669/669 715/715/715
f 664/664/664 715/715/715 710/710/710
f 669/669/669 682/682/682 722/722/722
f 669/669/669 722/722/722 715/715/715
f 682/682/682 693/693/693 730/730/730
f 682/682/682 730/730/730 722/722/722
f 693/693/693 697/697/697 738/738/738
f 693/693/693 738/738/738 730/730/730
f 737/737/737 729/729/729 773/773/773
f 737/737/737 773/773/773 779/779/779
f 729/729/729 721/721/721 766/766/766
f 729/729/729 766/766/766 773/773/773
f 721/721/721 714/714/714 759/759/759
f 721/721/721 759/759/759 766/766/766
f 714/714/714 710/710/710 755/755/755
f 714/714/714 755/755/755 759/759/759
f 710/710/710 715/715/715 760/760/760
f 710/710/710 760/760/760 755/755/755
f 715/715/715 722/722/722 767/767/767
f 715/715/715 767/767/767 760/760/760
f 722/722/722 730/730/730 774/774/774
f 722/722/722 774/774/774 767/767/767
f 730/730/730 738/738/738 780/780/780
f 730/730/730 780/780/780 774/774/774
f 779/779/779 773/773/773 822/822/822
f 779/779/779 822/822/822 828/828/828
f 773/773/773 766/766/766 815/815/815
f 773/773/773 815/815/815 822/822/822
f 766/766/766 759/759/759 808/808/808
f 766/766/766 808/808/808 815/815/815
f 759/759/759 755/755/755 804/804/804
f 759/759/759 804/804/804 808/808/808
f 755/755/755 760/760/760 809/809/809
f 755/755/755 809/809/809 804/804/804
f 760/760/760 767/767/767 816/816/816
f 760/760/760 816/816/816 809/809/809
f 767/767/767 774/774/774 823/823/823
f 767/767/767 823/823/823 816/816/816
f 774/774/774 780/780/780 829/829/829
f 774/774/774 829/829/829 823/823/823
f 828/828/828 822/822/822 867/867/867
f 828/828/828 867/867/867 873/873/873
f 822/822/822 815/815/815 860/860/860
f 822/822/822 860/860/860 867/867/867
f 815/815/815 808/808/808 853/853/853
f 815/815/815 853/853/853 860/860/860
f 808/808/808 804/804/804 849/849/849
f 808/808/808 849/849/849 853/853/853
f 804/804/804 809/809/809 854/854/854
f 804/804/804 854/854/854 849/849/849
f 809/809/809 816/816/816 861/861/861
f 809/809/809 861/861/861 854/854/854
f 816/816/816 823/823/823 868/868/868
f 816/816/816 868/868/868 861/861/861
f 823/823/823 829/829/829 874/874/874
f 823/823/823 874/874/874 868/868/868
f 873/873/873 867/867/867 914/914/914
f 873/873/873 914/914/914 916/916/916
f 867/867/867 860/860/860 912/912/912
f 867/867/867 912/912/912 914/914/914
f 860/860/860 853/853/853 913/913/913
f 860/860/860 913/913/913 912/912/912
f 853/853/853 849/849/849 915/915/915
f 853/853/853 915/915/915 913/913/913
f 849/849/849 854/854/854 918/918/918
f 849/849/849 918/918/918 915/915/915
f 854/854/854 861/861/861 920/920/920
f 854/854/854 920/920/920 918/918/918
f 861/861/861 868/868/868 919/919/919
f 861/861/861 919/919/919 920/920/920
f 868/868/868 874/874/874 917/917/917
f 868/868/868 917/917/917 919/919/919
f 916/916/916 914/914/914 944/944/944
f 916/916/916 944/944/944 938/938/938
f 914/914/914 912/912/912 954/954/954
f 914/914/914 954/954/954 944/944/944
f 912/912/912 913/913/913 958/958/958
f 912/912/912 958/958/958 954/954/954
f 913/913/913 915/915/915 964/964/964
f 913/913/913 964/964/964 958/958/958
f 915/915/915 918/918/918 959/959/959
f 915/915/915 959/959/959 964/964/964
f 918/918/918 920/920/920 955/955/955
f 918/918/918 955/955/955 959/959/959
f 920/920/920 919/919/919 945/945/945
f 920/920/920 945/945/945 955/955/955
f 919/919/919 917/917/917 939/939/939
f 919/919/919 939/939/939 945/945/945
f 938/938/938 944/944/944 989/989/989
f 938/938/938 989/989/989 983/983/983
f 944/944/944 954/954/954 999/999/999
f 944/944/944 999/999/999 989/989/989
f 954/954/954 958/958/958 1003/1003/1003
f 954/954/954 1003/1003/1003 999/999/999
f 958/958/958 964/964/964 1009/1009/1009
f 958/958/958 1009/1009/1009 1003/1003/1003
f 964/964/964 959/959/959 1004/1004/1004
f 964/964/964 1004/1004/1004 1009/1009/1009
f 959/959/959 955/955/955 1000/1000/1000
f 959/959/959 1000/1000/1000 1004/1004/1004
f 955/955/955 945/945/945 990/990/990
f 955/955/955 990/990/990 1000/1000/1000
f 945/945/945 939/939/939 984/984/984
f 945/945/945 984/984/984 990/990/990
f 983/983/983 989/989/989 1038/1038/1038
f 983/983/983 1038/1038/1038 1032/1032/1032
f 989/989/989 999/999/999 1048/1048/1048
f 989/989/989 1048/1048/1048 1038/1038/1038
f 999/999/999 1003/1003/1003 1052/1052/1052
f 999/999/999 1052/1052/1052 1048/1048/1048
f 1003/1003/1003 1009/1009/1009 1058/1058/1058
f 1003/1003/1003 1058/1058/1058 1052/1052/1052
f 1009/1009/1009 1004/1004/1004 1053/1053/1053
f 1009/1009/1009 1053/1053/1053 1058/1058/1058
f 1004/1004/1004 1000/1000/1000 1049/1049/1049
f 1004/1004/1004 1049/1049/1049 1053/1053/1053
f 1000/1000/1000 990/990/990 1039/1039/1039
f 1000/1000/1000 1039/1039/1039 1049/1049/1049
f 990/990/990 984/984/984 1033/1033/1033
f 990/990/990 1033/1033/1033 1039/1039/1039
f 1032/1032/1032 1038/1038/1038 1082/1082/1082
f 1032/1032/1032 1082/1082/1082 1074/1074/1074
f 1038/1038/1038 1048/1048/1048 1093/1093/1093
f 1038/1038/1038 1093/1093/1093 1082/1082/1082
f 1048/1048/1048 1052/1052/1052 1097/1097/1097
f 1048/1048/1048 1097/1097/1097 1093/1093/1093
f 1052/1052/1052 1058/1058/1058 1103/1103/1103
f 1052/1052/1052 1103/1103/1103 1097/1097/1097
f 1058/1058/1058 1053/1053/1053 1098/1098/1098
f 1058/1058/1058 1098/1098/1098 1103/1103/1103
f 1053/1053/1053 1049/1049/1049 1094/1094/1094
f 1053/1053/1053 1094/1094/1094 1098/1098/1098
f 1049/1049/1049 1039/1039/1039 1083/1083/1083
f 1049/1049/1049 1083/1083/1083 1094/1094/1094
f 1039/1039/1039 1033/1033/1033 1075/1075/1075
f 1039/1039/1039 1075/1075/1075 1083/1083/1083
f 1074/1074/1074 1082/1082/1082 1119/1119/1119
f 1074/1074/1074 1119/1119/1119 1115/1115/1115
f 1082/1082/1082 1093/1093/1093 1133/1133/1133
f 1082/1082/1082 1133/1133/1133 1119/1119/1119
f 1093/1093/1093 1097/1097/1097 1143/1143/1143
f 1093/1093/1093 1143/1143/1143 1133/1133/1133
f 1097/1097/1097 1103/1103/1103 1149/1149/1149
f 1097/1097/1097 1149/1149/1149 1143/1143/1143
f 1103/1103/1103 1098/1098/1098 1144/1144/1144
f 1103/1103/1103 1144/1144/1144 1149/1149/1149
f 1098/1098/1098 1094/1094/1094 1134/1134/1134
f 1098/1098/1098 1134/1134/1134 1144/1144/1144
f 1094/1094/1094 1083/1083/1083 1120/1120/1120
f 1094/1094/1094 1120/1120/1120 1134/1134/1134
f 1083/1083/1083 1075/1075/1075 1116/1116/1116
f 1083/1083/1083 1116/1116/1116 1120/1120/1120
f 1115/1115/1115 1119/1119/1119 1168/1168/1168
f 1115/1115/1115 1168/1168/1168 1164/1164/1164
f 1119/1119/1119 1133/1133/1133 1178/1178/1178
f 1119/1119/1119 1178/1178/1178 1168/1168/1168
f 1133/1133/1133 1143/1143/1143 1182/1182/1182
f 1133/1133/1133 1182/1182/1182 1178/1178/1178
f 1143/1143/1143 1149/1149/1149 1188/1188/1188
f 1143/1143/1143 1188/1188/1188 1182/1182/1182
f 1149/1149/1149 1144/1144/1144 1183/1183/1183
f 1149/1149/1149 1183/1183/1183 1188/1188/1188
f 1144/1144/1144 1134/1134/1134 1179/1179/1179
f 1144/1144/1144 1179/1179/1179 1183/1183/1183
f 1134/1134/1134 1120/1120/1120 1169/1169/1169
f 1134/1134/1134 1169/1169/1169 1179/1179/1179
f 1120/1120/1120 1116/1116/1116 1165/1165/1165
f 1120/1120/1120 1165/1165/1165 1169/1169/1169
f 1164/1164/1164 1168/1168/1168 1215/1215/1215
f 1164/1164/1164 1215/1215/1215 1209/1209/1209
f 1168/1168/1168 1178/1178/1178 1227/1227/1227
f 1168/1168/1168 1227/1227/1227 1215/1215/1215
f 1178/1178/1178 1182/1182/1182 1231/1231/1231
f 1178/1178/1178 1231/1231/1231 1227/1227/1227
f 1182/1182/1182 1188/1188/1188 1237/1237/1237
f 1182/1182/1182 1237/1237/1237 1231/1231/1231
f 1188/1188/1188 1183/1183/1183 1232/1232/1232
f 1188/1188/1188 1232/1232/1232 1237/1237/1237
f 1183/1183/1183 1179/1179/1179 1228/1228/1228
f 1183/1183/1183 1228/1228/1228 1232/1232/1232
f 1179/1179/1179 1169/1169/1169 1216/1216/1216
f 1179/1179/1179 1216/1216/1216 1228/1228/1228
f 1169/1169/1169 1165/1165/1165 1210/1210/1210
f 1169/1169/1169 1210/1210/1210 1216/1216/1216
f 1209/1209/1209 1215/1215/1215 1264/1264/1264
f 1209/1209/1209 1264/1264/1264 1255/1255/1255
f 1215/1215/1215 1227/1227/1227 1275/1275/1275
f 1215/1215/1215 1275/1275/1275 1264/1264/1264
f 1227/1227/1227 1231/1231/1231 1279/1279/1279
f 1227/1227/1227 1279/1279/1279 1275/1275/1275
f 1231/1231/1231 1237/1237/1237 1293/1293/1293
f 1231/1231/1231 1293/1293/1293 1279/1279/1279
f 1237/1237/1237 1232/1232/1232 1280/1280/1280
f 1237/1237/1237 1280/1280/1280 1293/1293/1293
f 1232/1232/1232 1228/1228/1228 1276/1276/1276
f 1232/1232/1232 1276/1276/1276 1280/1280/1280
f 1228/1228/1228 1216/1216/1216 1265/1265/1265
f 1228/1228/1228 1265/1265/1265 1276/1276/1276
f 1216/1216/1216 1210/1210/1210 1256/1256/1256
f 1216/1216/1216 1256/1256/1256 1265/1265/1265
f 1255/1255/1255 1264/1264/1264 1322/1322/1322
f 1255/1255/1255 1322/1322/1322 1313/1313/1313
f 1264/1264/1264 1275/1275/1275 1345/1345/1345
f 1264/1264/1264 1345/1345/1345 1322/1322/1322
f 1275/1275/1275 1279/1279/1279 1358/1358/1358
f 1275/1275/1275 1358/1358/1358 1345/1345/1345
f 1279/1279/1279 1293/1293/1293 1370/1370/1370
f 1279/1279/1279 1370/1370/1370 1358/1358/1358
f 1293/1293/1293 1280/1280/1280 1359/1359/1359
f 1293/1293/1293 1359/1359/1359 1370/1370/1370
f 1280/1280/1280 1276/1276/1276 1346/1346/1346
f 1280/1280/1280 1346/1346/1346 1359/1359/1359
f 1276/1276/1276 1265/1265/1265 1323/1323/1323
f 1276/1276/1276 1323/1323/1323 1346/1346/1346
f 1265/1265/1265 1256/1256/1256 1314/1314/1314
f 1265/1265/1265 1314/1314/1314 1323/1323/1323
f 1313/1313/1313 1322/1322/1322 1395/1395/1395
f 1313/1313/1313 1395/1395/1395 1387/1387/1387
f 1322/1322/1322 1345/1345/1345 1402/1402/1402
f 1322/1322/1322 1402/1402/1402 1395/1395/1395
f 1345/1345/1345 1358/1358/1358 1432/1432/1432
f 1345/1345/1345 1432/1432/1432 1402/1402/1402
f 1358/1358/1358 1370/1370/1370 1442/1442/1442
f 1358/1358/1358 1442/1442/1442 1432/1432/1432
f 1370/1370/1370 1359/1359/1359 1433/1433/1433
f 1370/1370/1370 1433/1433/1433 1442/1442/1442
f 1359/1359/1359 1346/1346/1346 1403/1403/1403
f 1359/1359/1359 1403/1403/1403 1433/1433/1433
f 1346/1346/1346 1323/1323/1323 1396/1396/1396
f 1346/1346/1346 1396/1396/1396 1403/1403/1403
f 1323/1323/1323 1314/1314/1314 1388/1388/1388
f 1323/1323/1323 1388/1388/1388 1396/1396/1396
f 1387/1387/1387 1395/1395/1395 1452/1452/1452
f 1387/1387/1387 1452/1452/1452 1448/1448/1448
f 1395/1395/1395 1402/1402/1402 1487/1487/1487
f 1395/1395/1395 1487/1487/1487 1452/1452/1452
f 1402/1402/1402 1432/1432/1432 1508/1508/1508
f 1402/1402/1402 1508/1508/1508 1487/1487/1487
f 1432/1432/1432 1442/1442/1442 1525/1525/1525
f 1432/1432/1432 1525/1525/1525 1508/1508/1508
f 1442/1442/1442 1433/1433/1433 1509/1509/1509
f 1442/1442/1442 1509/1509/1509 1525/1525/1525
f 1433/1433/1433 1403/1403/1403 1488/1488/1488
f 1433/1433/1433 1488/1488/1488 1509/1509/1509
f 1403/1403/1403 1396/1396/1396 1453/1453/1453
f 1403/1403/1403 1453/1453/1453 1488/1488/1488
f 1396/1396/1396 1388/1388/1388 1449/1449/1449
f 1396/1396/1396 1449/1449/1449 1453/1453/1453
f 1448/1448/1448 1452/1452/1452 1541/1541/1541
f 1448/1448/1448 1541/1541/1541 1533/1533/1533
f 1452/1452/1452 1487/1487/1487 1560/1560/1560
f 1452/1452/1452 1560/1560/1560 1541/1541/1541
f 1487/1487/1487 1508/1508/1508 1573/1573/1573
f 1487/1487/1487 1573/1573/1573 1560/1560/1560
f 1508/1508/1508 1525/1525/1525 1579/1579/1579
f 1508/1508/1508 1579/1579/1579 1573/1573/1573
f 1525/1525/1525 1509/1509/1509 1574/1574/1574
f 1525/1525/1525 1574/1574/1574 1579/1579/1579
f 1509/1509/1509 1488/1488/1488 1561/1561/1561
f 1509/1509/1509 1561/1561/1561 1574/1574/1574
f 1488/1488/1488 1453/1453/1453 1542/1542/1542
f 1488/1488/1488 1542/1542/1542 1561/1561/1561
f 1453/1453/1453 1449/1449/1449 1534/1534/1534
f 1453/1453/1453 1534/1534/1534 1542/1542/1542
f 1533/1533/1533 1541/1541/1541 1591/1591/1591
f 1533/1533/1533 1591/1591/1591 1581/1581/1581
f 1541/1541/1541 1560/1560/1560 1605/1605/1605
f 1541/1541/1541 1605/1605/1605 1591/1591/1591
f 1560/1560/1560 1573/1573/1573 1609/1609/1609
f 1560/1560/1560 1609/1609/1609 1605/1605/1605
f 1573/1573/1573 1579/1579/1579 1619/1619/1619
f 1573/1573/1573 1619/1619/1619 1609/1609/1609
f 1579/1579/1579 1574/1574/1574 1610/1610/1610
f 1579/1579/1579 1610/1610/1610 1619/1619/1619
f 1574/1574/1574 1561/1561/1561 1606/1606/1606
f 1574/1574/1574 1606/1606/1606 1610/1610/1610
f 1561/1561/1561 1542/1542/1542 1592/1592/1592
f 1561/1561/1561 1592/1592/1592 1606/1606/1606
f 1542/1542/1542 1534/1534/1534 1582/1582/1582
f 1542/1542/1542 1582/1582/1582 1592/1592/1592
f 1581/1581/1581 1591/1591/1591 1621/1621/1621
f 1581/1581/1581 1621/1621/1621 1613/1613/1613
f 1591/1591/1591 1605/1605/1605 1633/1633/1633
f 1591/1591/1591 1633/1633/1633 1621/1621/1621
f 1605/1605/1605 1609/1609/1609 1655/1655/1655
f 1605/1605/1605 1655/1655/1655 1633/1633/1633
f 1609/1609/1609 1619/1619/1619 1668/1668/1668
f 1609/1609/1609 1668/1668/1668 1655/1655/1655
f 1619/1619/1619 1610/1610/1610 1656/1656/1656
f 1619/1619/1619 1656/1656/1656 1668/1668/1668
f 1610/1610/1610 1606/1606/1606 1634/1634/1634
f 1610/1610/1610 1634/1634/1634 1656/1656/1656
f 1606/1606/1606 1592/1592/1592 1622/1622/1622
f 1606/1606/1606 1622/1622/1622 1634/1634/1634
f 1592/1592/1592 1582/1582/1582 1614/1614/1614
f 1592/1592/1592 1614/1614/1614 1622/1622/1622
f 1613/1613/1613 1621/1621/1621 1664/1664/1664
f 1613/1613/1613 1664/1664/1664 1651/1651/1651
f 1621/1621/1621 1633/1633/1633 1686/1686/1686
f 1621/1621/1621 1686/1686/1686 1664/1664/1664
f 1633/1633/1633 1655/1655/1655 1732/1732/1732
f 1633/1633/1633 1732/1732/1732 1686/1686/1686
f 1655/1655/1655 1668/1668/1668 1765/1765/1765
f 1655/1655/1655 1765/1765/1765 1732/1732/1732
f 1668/1668/1668 1656/1656/1656 1733/1733/1733
f 1668/1668/1668 1733/1733/1733 1765/1765/1765
f 1656/1656/1656 1634/1634/1634 1687/1687/1687
f 1656/1656/1656 1687/1687/1687 1733/1733/1733
f 1634/1634/1634 1622/1622/1622 1665/1665/1665
f 1634/1634/1634 1665/1665/1665 1687/1687/1687
f 1622/1622/1622 1614/1614/1614 1652/1652/1652
f 1622/1622/1622 1652/1652/1652 1665/1665/1665
f 1651/1651/1651 1664/1664/1664 1742/1742/1742
f 1651/1651/1651 1742/1742/1742 1720/1720/1720
f 1664/1664/1664 1686/1686/1686 1778/1778/1778
f 1664/1664/1664 1778/1778/1778 1742/1742/1742
f 1686/1686/1686 1732/1732/1732 1792/1792/1792
f 1686/1686/1686 1792/1792/1792 1778/1778/1778
f 1732/1732/1732 1765/1765/1765 1808/1808/1808
f 1732/1732/1732 1808/1808/1808 1792/1792/1792
f 1765/1765/1765 1733/1733/1733 1795/1795/1795
f 1765/1765/1765 1795/1795/1795 1808/1808/1808
f 1733/1733/1733 1687/1687/1687 1782/1782/1782
f 1733/1733/1733 1782/1782/1782 1795/1795/1795
f 1687/1687/1687 1665/1665/1665 1745/1745/1745
f 1687/1687/1687 1745/1745/1745 1782/1782/1782
f 1665/1665/1665 1652/1652/1652 1721/1721/1721
f 1665/1665/1665 1721/1721/1721 1745/1745/1745
f 33/33/33 61/61/61 85/85/85
f 33/33/33 31/31/31 60/60/60
f 33/33/33 12/12/12 30/30/30
f 33/33/33 2/2/2 11/11/11
f 33/33/33 15/15/15 1/1/1
f 33/33/33 35/35/35 14/14/14
f 33/33/33 64/64/64 34/34/34
f 33/33/33 86/86/86 63/63/63
f 1781/1781/1781 1722/1722/1722 1744/1744/1744
f 1781/1781/1781 1743/1743/1743 1780/1780/1780
f 1781/1781/1781 1779/1779/1779 1794/1794/1794
f 1781/1781/1781 1793/1793/1793 1810/1810/1810
f 1781/1781/1781 1809/1809/1809 1797/1797/1797
f 1781/1781/1781 1796/1796/1796 1784/1784/1784
f 1781/1781/1781 1783/1783/1783 1747/1747/1747
f 1781/1781/1781 1746/1746/1746 1723/1723/1723
f 91/91/91 68/68/68 147/147/147
f 91/91/91 147/147/147 161/161/161
f 68/68/68 39/39/39 128/128/128
f 68/68/68 128/128/128 147/147/147
f 39/39/39 19/19/19 80/80/80
f 39/39/39 80/80/80 128/128/128
f 19/19/19 6/6/6 48/48/48
f 19/19/19 48/48/48 80/80/80
f 6/6/6 22/22/22 81/81/81
f 6/6/6 81/81/81 48/48/48
f 22/22/22 43/43/43 129/129/129
f 22/22/22 129/129/129 81/81/81
f 43/43/43 71/71/71 148/148/148
f 43/43/43 148/148/148 129/129/129
f 71/71/71 92/92/92 162/162/162
f 71/71/71 162/162/162 148/148/148
f 161/161/161 147/147/147 192/192/192
f 161/161/161 192/192/192 200/200/200
f 147/147/147 128/128/128 183/183/183
f 147/147/147 183/183/183 192/192/192
f 128/128/128 80/80/80 157/157/157
f 128/128/128 157/157/157 183/183/183
f 80/80/80 48/48/48 144/144/144
f 80/80/80 144/144/144 157/157/157
f 48/48/48 81/81/81 158/158/158
f 48/48/48 158/158/158 144/144/144
f 81/81/81 129/129/129 184/184/184
f 81/81/81 184/184/184 158/158/158
f 129/129/129 148/148/148 193/193/193
f 129/129/129 193/193/193 184/184/184
f 148/148/148 162/162/162 201/201/201
f 148/148/148 201/201/201 193/193/193
f 200/200/200 192/192/192 221/221/221
f 200/200/200 221/221/221 231/231/231
f 192/192/192 183/183/183 211/211/211
f 192/192/192 211/211/211 221/221/221
f 183/183/183 157/157/157 204/204/204
f 183/183/183 204/204/204 211/211/211
f 157/157/157 144/144/144 195/195/195
f 157/157/157 195/195/195 204/204/204
f 144/144/144 158/158/158 205/205/205
f 144/144/144 205/205/205 195/195/195
f 158/158/158 184/184/184 212/212/212
f 158/158/158 212/212/212 205/205/205
f 184/184/184 193/193/193 222/222/222
f 184/184/184 222/222/222 212/212/212
f 193/193/193 201/201/201 232/232/232
f 193/193/193 232/232/232 222/222/222
f 231/231/231 221/221/221 269/269/269
f 231/231/231 269/269/269 277/277/277
f 221/221/221 211/211/211 254/254/254
f 221/221/221 254/254/254 269/269/269
f 211/211/211 204/204/204 239/239/239
f 211/211/211 239/239/239 254/254/254
f 204/204/204 195/195/195 234/234/234
f 204/204/204 234/234/234 239/239/239
f 195/195/195 205/205/205 240/240/240
f 195/195/195 240/240/240 234/234/234
f 205/205/205 212/212/212 255/255/255
f 205/205/205 255/255/255 240/240/240
f 212/212/212 222/222/222 270/270/270
f 212/212/212 270/270/270 255/255/255
f 222/222/222 232/232/232 278/278/278
f 222/222/222 278/278/278 270/270/270
f 277/277/277 269/269/269 358/358/358
f 277/277/277 358/358/358 362/362/362
f 269/269/269 254/254/254 326/326/326
f 269/269/269 326/326/326 358/358/358
f 254/254/254 239/239/239 302/302/302
f 254/254/254 302/302/302 326/326/326
f 239/239/239 234/234/234 286/286/286
f 239/239/239 286/286/286 302/302/302
f 234/234/234 240/240/240 303/303/303
f 234/234/234 303/303/303 286/286/286
f 240/240/240 255/255/255 327/327/327
f 240/240/240 327/327/327 303/303/303
f 255/255/255 270/270/270 359/359/359
f 255/255/255 359/359/359 327/327/327
f 270/270/270 278/278/278 363/363/363
f 270/270/270 363/363/363 359/359/359
f 362/362/362 358/358/358 415/415/415
f 362/362/362 415/415/415 423/423/423
f 358/358/358 326/326/326 411/411/411
f 358/358/358 411/411/411 415/415/415
f 326/326/326 302/302/302 378/378/378
f 326/326/326 378/378/378 411/411/411
f 302/302/302 286/286/286 369/369/369
f 302/302/302 369/369/369 378/378/378
f 286/286/286 303/303/303 379/379/379
f 286/286/286 379/379/379 369/369/369
f 303/303/303 327/327/327 412/412/412
f 303/303/303 412/412/412 379/379/379
f 327/327/327 359/359/359 416/416/416
f 327/327/327 416/416/416 412/412/412
f 359/359/359 363/363/363 424/424/424
f 359/359/359 424/424/424 416/416/416
f 423/423/423 415/415/415 488/488/488
f 423/423/423 488/488/488 497/497/497
f 415/415/415 411/411/411 468/468/468
f 415/415/415 468/468/468 488/488/488
f 411/411/411 378/378/378 452/452/452
f 411/411/411 452/452/452 468/468/468
f 378/378/378 369/369/369 441/441/441
f 378/378/378 441/441/441 452/452/452
f 369/369/369 379/379/379 453/453/453
f 369/369/369 453/453/453 441/441/441
f 379/379/379 412/412/412 469/469/469
f 379/379/379 469/469/469 453/453/453
f 412/412/412 416/416/416 489/489/489
f 412/412/412 489/489/489 469/469/469
f 416/416/416 424/424/424 498/498/498
f 416/416/416 498/498/498 489/489/489
f 497/497/497 488/488/488 549/549/549
f 497/497/497 549/549/549 558/558/558
f 488/488/488 468/468/468 540/540/540
f 488/488/488 540/540/540 549/549/549
f 468/468/468 452/452/452 533/533/533
f 468/468/468 533/533/533 540/540/540
f 452/452/452 441/441/441 519/519/519
f 452/452/452 519/519/519 533/533/533
f 441/441/441 453/453/453 534/534/534
f 441/441/441 534/534/534 519/519/519
f 453/453/453 469/469/469 541/541/541
f 453/453/453 541/541/541 534/534/534
f 469/469/469 489/489/489 550/550/550
f 469/469/469 550/550/550 541/541/541
f 489/489/489 498/498/498 559/559/559
f 489/489/489 559/559/559 550/550/550
f 558/558/558 549/549/549 598/598/598
f 558/558/558 598/598/598 604/604/604
f 549/549/549 540/540/540 589/589/589
f 549/549/549 589/589/589 598/598/598
f 540/540/540 533/533/533 582/582/582
f 540/540/540 582/582/582 589/589/589
f 533/533/533 519/519/519 577/577/577
f 533/533/533 577/577/577 582/582/582
f 519/519/519 534/534/534 583/583/583
f 519/519/519 583/583/583 577/577/577
f 534/534/534 541/541/541 590/590/590
f 534/534/534 590/590/590 583/583/583
f 541/541/541 550/550/550 599/599/599
f 541/541/541 599/599/599 590/590/590
f 550/550/550 559/559/559 605/605/605
f 550/550/550 605/605/605 599/599/599
f 604/604/604 598/598/598 645/645/645
f 604/604/604 645/645/645 649/649/649
f 598/598/598 589/589/589 638/638/638
f 598/598/598 638/638/638 645/645/645
f 589/589/589 582/582/582 631/631/631
f 589/589/589 631/631/631 638/638/638
f 582/582/582 577/577/577 626/626/626
f 582/582/582 626/626/626 631/631/631
f 577/577/577 583/583/583 632/632/632
f 577/577/577 632/632/632 626/626/626
f 583/583/583 590/590/590 639/639/639
f 583/583/583 639/639/639 632/632/632
f 590/590/590 599/599/599 646/646/646
f 590/590/590 646/646/646 639/639/639
f 599/599/599 605/605/605 650/650/650
f 599/599/599 650/650/650 646/646/646
f 649/649/649 645/645/645 694/694/694
f 649/649/649 694/694/694 698/698/698
f 645/645/645 638/638/638 683/683/683
f 645/645/645 683/683/683 694/694/694
f 638/638/638 631/631/631 670/670/670
f 638/638/638 670/670/670 683/683/683
f 631/631/631 626/626/626 665/665/665
f 631/631/631 665/665/665 670/670/670
f 626/626/626 632/632/632 671/671/671
f 626/626/626 671/671/671 665/665/665
f 632/632/632 639/639/639 684/684/684
f 632/632/632 684/684/684 671/671/671
f 639/639/639 646/646/646 695/695/695
f 639/639/639 695/695/695 684/684/684
f 646/646/646 650/650/650 699/699/699
f 646/646/646 699/699/699 695/695/695
f 698/698/698 694/694/694 731/731/731
f 698/698/698 731/731/731 739/739/739
f 694/694/694 683/683/683 723/723/723
f 694/694/694 723/723/723 731/731/731
f 683/683/683 670/670/670 716/716/716
f 683/683/683 716/716/716 723/723/723
f 670/670/670 665/665/665 711/711/711
f 670/670/670 711/711/711 716/716/716
f 665/665/665 671/671/671 717/717/717
f 665/665/665 717/717/717 711/711/711
f 671/671/671 684/684/684 724/724/724
f 671/671/671 724/724/724 717/717/717
f 684/684/684 695/695/695 732/732/732
f 684/684/684 732/732/732 724/724/724
f 695/695/695 699/699/699 740/740/740
f 695/695/695 740/740/740 732/732/732
f 739/739/739 731/731/731 775/775/775
f 739/739/739 775/775/775 781/781/781
f 731/731/731 723/723/723 768/768/768
f 731/731/731 768/768/768 775/775/775
f 723/723/723 716/716/716 761/761/761
f 723/723/723 761/761/761 768/768/768
f 716/716/716 711/711/711 756/756/756
f 716/716/716 756/756/756 761/761/761
f 711/711/711 717/717/717 762/762/762
f 711/711/711 762/762/762 756/756/756
f 717/717/717 724/724/724 769/769/769
f 717/717/717 769/769/769 762/762/762
f 724/724/724 732/732/732 776/776/776
f 724/724/724 776/776/776 769/769/769
f 732/732/732 740/740/740 782/782/782
f 732/732/732 782/782/782 776/776/776
f 781/781/781 775/775/775 824/824/824
f 781/781/781 824/824/824 830/830/830
f 775/775/775 768/768/768 817/817/817
f 775/775/775 817/817/817 824/824/824
f 768/768/768 761/761/761 810/810/810
f 768/768/768 810/810/810 817/817/817
f 761/761/761 756/756/756 805/805/805
f 761/761/761 805/805/805 810/810/810
f 756/756/756 762/762/762 811/811/811
f 756/756/756 811/811/811 805/805/805
f 762/762/762 769/769/769 818/818/818
f 762/762/762 818/818/818 811/811/811
f 769/769/769 776/776/776 825/825/825
f 769/769/769 825/825/825 818/818/818
f 776/776/776 782/782/782 831/831/831
f 776/776/776 831/831/831 825/825/825
f 830/830/830 824/824/824 869/869/869
f 830/830/830 869/869/869 875/875/875
f 824/824/824 817/817/817 862/862/862
f 824/824/824 862/862/862 869/869/869
f 817/817/817 810/810/810 855/855/855
f 817/817/817 855/855/855 862/862/862
f 810/810/810 805/805/805 850/850/850
f 810/810/810 850/850/850 855/855/855
f 805/805/805 811/811/811 856/856/856
f 805/805/805 856/856/856 850/850/850
f 811/811/811 818/818/818 863/863/863
f 811/811/811 863/863/863 856/856/856
f 818/818/818 825/825/825 870/870/870
f 818/818/818 870/870/870 863/863/863
f 825/825/825 831/831/831 876/876/876
f 825/825/825 876/876/876 870/870/870
f 875/875/875 869/869/869 923/923/923
f 875/875/875 923/923/923 925/925/925
f 869/869/869 862/862/862 921/921/921
f 869/869/869 921/921/921 923/923/923
f 862/862/862 855/855/855 922/922/922
f 862/862/862 922/922/922 921/921/921
f 855/855/855 850/850/850 924/924/924
f 855/855/855 924/924/924 922/922/922
f 850/850/850 856/856/856 927/927/927
f 850/850/850 927/927/927 924/924/924
f 856/856/856 863/863/863 929/929/929
f 856/856/856 929/929/929 927/927/927
f 863/863/863 870/870/870 928/928/928
f 863/863/863 928/928/928 929/929/929
f 870/870/870 876/876/876 926/926/926
f 870/870/870 926/926/926 928/928/928
f 925/925/925 923/923/923 946/946/946
f 925/925/925 946/946/946 940/940/940
f 923/923/923 921/921/921 956/956/956
f 923/923/923 956/956/956 946/946/946
f 921/921/921 922/922/922 960/960/960
f 921/921/921 960/960/960 956/956/956
f 922/922/922 924/924/924 965/965/965
f 922/922/922 965/965/965 960/960/960
f 924/924/924 927/927/927 961/961/961
f 924/924/924 961/961/961 965/965/965
f 927/927/927 929/929/929 957/957/957
f 927/927/927 957/957/957 961/961/961
f 929/929/929 928/928/928 947/947/947
f 929/929/929 947/947/947 957/957/957
f 928/928/928 926/926/926 941/941/941
f 928/928/928 941/941/941 947/947/947
f 940/940/940 946/946/946 991/991/991
f 940/940/940 991/991/991 985/985/985
f 946/946/946 956/956/956 1001/1001/1001
f 946/946/946 1001/1001/1001 991/991/991
f 956/956/956 960/960/960 1005/1005/1005
f 956/956/956 1005/1005/1005 1001/1001/1001
f 960/960/960 965/965/965 1010/1010/1010
f 960/960/960 1010/1010/1010 1005/1005/1005
f 965/965/965 961/961/961 1006/1006/1006
f 965/965/965 1006/1006/1006 1010/1010/1010
f 961/961/961 957/957/957 1002/1002/1002
f 961/961/961 1002/1002/1002 1006/1006/1006
f 957/957/957 947/947/947 992/992/992
f 957/957/957 992/992/992 1002/1002/1002
f 947/947/947 941/941/941 986/986/986
f 947/947/947 986/986/986 992/992/992
f 985/985/985 991/991/991 1040/1040/1040
f 985/985/985 1040/1040/1040 1034/1034/1034
f 991/991/991 1001/1001/1001 1050/1050/1050
f 991/991/991 1050/1050/1050 1040/1040/1040
f 1001/1001/1001 1005/1005/1005 1054/1054/1054
f 1001/1001/1001 1054/1054/1054 1050/1050/1050
f 1005/1005/1005 1010/1010/1010 1059/1059/1059
f 1005/1005/1005 1059/1059/1059 1054/1054/1054
f 1010/1010/1010 1006/1006/1006 1055/1055/1055
f 1010/1010/1010 1055/1055/1055 1059/1059/1059
f 1006/1006/1006 1002/1002/1002 1051/1051/1051
f 1006/1006/1006 1051/1051/1051 1055/1055/1055
f 1002/1002/1002 992/992/992 1041/1041/1041
f 1002/1002/1002 1041/1041/1041 1051/1051/1051
f 992/992/992 986/986/986 1035/1035/1035
f 992/992/992 1035/1035/1035 1041/1041/1041
f 1034/1034/1034 1040/1040/1040 1084/1084/1084
f 1034/1034/1034 1084/1084/1084 1076/1076/1076
f 1040/1040/1040 1050/1050/1050 1095/1095/1095
f 1040/1040/1040 1095/1095/1095 1084/1084/1084
f 1050/1050/1050 1054/1054/1054 1099/1099/1099
f 1050/1050/1050 1099/1099/1099 1095/1095/1095
f 1054/1054/1054 1059/1059/1059 1104/1104/1104
f 1054/1054/1054 1104/1104/1104 1099/1099/1099
f 1059/1059/1059 1055/1055/1055 1100/1100/1100
f 1059/1059/1059 1100/1100/1100 1104/1104/1104
f 1055/1055/1055 1051/1051/1051 1096/1096/1096
f 1055/1055/1055 1096/1096/1096 1100/1100/1100
f 1051/1051/1051 1041/1041/1041 1085/1085/1085
f 1051/1051/1051 1085/1085/1085 1096/1096/1096
f 1041/1041/1041 1035/1035/1035 1077/1077/1077
f 1041/1041/1041 1077/1077/1077 1085/1085/1085
f 1076/1076/1076 1084/1084/1084 1121/1121/1121
f 1076/1076/1076 1121/1121/1121 1117/1117/1117
f 1084/1084/1084 1095/1095/1095 1135/1135/1135
f 1084/1084/1084 1135/1135/1135 1121/1121/1121
f 1095/1095/1095 1099/1099/1099 1145/1145/1145
f 1095/1095/1095 1145/1145/1145 1135/1135/1135
f 1099/1099/1099 1104/1104/1104 1150/1150/1150
f 1099/1099/1099 1150/1150/1150 1145/1145/1145
f 1104/1104/1104 1100/1100/1100 1146/1146/1146
f 1104/1104/1104 1146/1146/1146 1150/1150/1150
f 1100/1100/1100 1096/1096/1096 1136/1136/1136
f 1100/1100/1100 1136/1136/1136 1146/1146/1146
f 1096/1096/1096 1085/1085/1085 1122/1122/1122
f 1096/1096/1096 1122/1122/1122 1136/1136/1136
f 1085/1085/1085 1077/1077/1077 1118/1118/1118
f 1085/1085/1085 1118/1118/1118 1122/1122/1122
f 1117/1117/1117 1121/1121/1121 1170/1170/1170
f 1117/1117/1117 1170/1170/1170 1166/1166/1166
f 1121/1121/1121 1135/1135/1135 1180/1180/1180
f 1121/1121/1121 1180/1180/1180 1170/1170/1170
f 1135/1135/1135 1145/1145/1145 1184/1184/1184
f 1135/1135/1135 1184/1184/1184 1180/1180/1180
f 1145/1145/1145 1150/1150/1150 1189/1189/1189
f 1145/1145/1145 1189/1189/1189 1184/1184/1184
f 1150/1150/1150 1146/1146/1146 1185/1185/1185
f 1150/1150/1150 1185/1185/1185 1189/1189/1189
f 1146/1146/1146 1136/1136/1136 1181/1181/1181
f 1146/1146/1146 1181/1181/1181 1185/1185/1185
f 1136/1136/1136 1122/1122/1122 1171/1171/1171
f 1136/1136/1136 1171/1171/1171 1181/1181/1181
f 1122/1122/1122 1118/1118/1118 1167/1167/1167
f 1122/1122/1122 1167/1167/1167 1171/1171/1171
f 1166/1166/1166 1170/1170/1170 1217/1217/1217
f 1166/1166/1166 1217/1217/1217 1211/1211/1211
f 1170/1170/1170 1180/1180/1180 1229/1229/1229
f 1170/1170/1170 1229/1229/1229 1217/1217/1217
f 1180/1180/1180 1184/1184/1184 1233/1233/1233
f 1180/1180/1180 1233/1233/1233 1229/1229/1229
f 1184/1184/1184 1189/1189/1189 1238/1238/1238
f 1184/1184/1184 1238/1238/1238 1233/1233/1233
f 1189/1189/1189 1185/1185/1185 1234/1234/1234
f 1189/1189/1189 1234/1234/1234 1238/1238/1238
f 1185/1185/1185 1181/1181/1181 1230/1230/1230
f 1185/1185/1185 1230/1230/1230 1234/1234/1234
f 1181/1181/1181 1171/1171/1171 1218/1218/1218
f 1181/1181/1181 1218/1218/1218 1230/1230/1230
f 1171/1171/1171 1167/1167/1167 1212/1212/1212
f 1171/1171/1171 1212/1212/1212 1218/1218/1218
f 1211/1211/1211 1217/1217/1217 1266/1266/1266
f 1211/1211/1211 1266/1266/1266 1257/1257/1257
f 1217/1217/1217 1229/1229/1229 1277/1277/1277
f 1217/1217/1217 1277/1277/1277 1266/1266/1266
f 1229/1229/1229 1233/1233/1233 1281/1281/1281
f 1229/1229/1229 1281/1281/1281 1277/1277/1277
f 1233/1233/1233 1238/1238/1238 1294/1294/1294
f 1233/1233/1233 1294/1294/1294 1281/1281/1281
f 1238/1238/1238 1234/1234/1234 1282/1282/1282
f 1238/1238/1238 1282/1282/1282 1294/1294/1294
f 1234/1234/1234 1230/1230/1230 1278/1278/1278
f 1234/1234/1234 1278/1278/1278 1282/1282/1282
f 1230/1230/1230 1218/1218/1218 1267/1267/1267
f 1230/1230/1230 1267/1267/1267 1278/1278/1278
f 1218/1218/1218 1212/1212/1212 1258/1258/1258
f 1218/1218/1218 1258/1258/1258 1267/1267/1267
f 1257/1257/1257 1266/1266/1266 1324/1324/1324
f 1257/1257/1257 1324/1324/1324 1315/1315/1315
f 1266/1266/1266 1277/1277/1277 1347/1347/1347
f 1266/1266/1266 1347/1347/1347 1324/1324/1324
f 1277/1277/1277 1281/1281/1281 1360/1360/1360
f 1277/1277/1277 1360/1360/1360 1347/1347/1347
f 1281/1281/1281 1294/1294/1294 1371/1371/1371
f 1281/1281/1281 1371/1371/1371 1360/1360/1360
f 1294/1294/1294 1282/1282/1282 1361/1361/1361
f 1294/1294/1294 1361/1361/1361 1371/1371/1371
f 1282/1282/1282 1278/1278/1278 1348/1348/1348
f 1282/1282/1282 1348/1348/1348 1361/1361/1361
f 1278/1278/1278 1267/1267/1267 1325/1325/1325
f 1278/1278/1278 1325/1325/1325 1348/1348/1348
f 1267/1267/1267 1258/1258/1258 1316/1316/1316
f 1267/1267/1267 1316/1316/1316 1325/1325/1325
f 1315/1315/1315 1324/1324/1324 1397/1397/1397
f 1315/1315/1315 1397/1397/1397 1389/1389/1389
f 1324/1324/1324 1347/1347/1347 1404/1404/1404
f 1324/1324/1324 1404/1404/1404 1397/1397/1397
f 1347/1347/1347 1360/1360/1360 1434/1434/1434
f 1347/1347/1347 1434/1434/1434 1404/1404/1404
f 1360/1360/1360 1371/1371/1371 1443/1443/1443
f 1360/1360/1360 1443/1443/1443 1434/1434/1434
f 1371/1371/1371 1361/1361/1361 1435/1435/1435
f 1371/1371/1371 1435/1435/1435 1443/1443/1443
f 1361/1361/1361 1348/1348/1348 1405/1405/1405
f 1361/1361/1361 1405/1405/1405 1435/1435/1435
f 1348/1348/1348 1325/1325/1325 1398/1398/1398
f 1348/1348/1348 1398/1398/1398 1405/1405/1405
f 1325/1325/1325 1316/1316/1316 1390/1390/1390
f 1325/1325/1325 1390/1390/1390 1398/1398/1398
f 1389/1389/1389 1397/1397/1397 1454/1454/1454
f 1389/1389/1389 1454/1454/1454 1450/1450/1450
f 1397/1397/1397 1404/1404/1404 1489/1489/1489
f 1397/1397/1397 1489/1489/1489 1454/1454/1454
f 1404/1404/1404 1434/1434/1434 1510/1510/1510
f 1404/1404/1404 1510/1510/1510 1489/1489/1489
f 1434/1434/1434 1443/1443/1443 1526/1526/1526
f 1434/1434/1434 1526/1526/1526 1510/1510/1510
f 1443/1443/1443 1435/1435/1435 1511/1511/1511
f 1443/1443/1443 1511/1511/1511 1526/1526/1526
f 1435/1435/1435 1405/1405/1405 1490/1490/1490
f 1435/1435/1435 1490/1490/1490 1511/1511/1511
f 1405/1405/1405 1398/1398/1398 1455/1455/1455
f 1405/1405/1405 1455/1455/1455 1490/1490/1490
f 1398/1398/1398 1390/1390/1390 1451/1451/1451
f 1398/1398/1398 1451/1451/1451 1455/1455/1455
f 1450/1450/1450 1454/1454/1454 1543/1543/1543
f 1450/1450/1450 1543/1543/1543 1535/1535/1535
f 1454/1454/1454 1489/1489/1489 1562/1562/1562
f 1454/1454/1454 1562/1562/1562 1543/1543/1543
f 1489/1489/1489 1510/1510/1510 1575/1575/1575
f 1489/1489/1489 1575/1575/1575 1562/1562/1562
f 1510/1510/1510 1526/1526/1526 1580/1580/1580
f 1510/1510/1510 1580/1580/1580 1575/1575/1575
f 1526/1526/1526 1511/1511/1511 1576/1576/1576
f 1526/1526/1526 1576/1576/1576 1580/1580/1580
f 1511/1511/1511 1490/1490/1490 1563/1563/1563
f 1511/1511/1511 1563/1563/1563 1576/1576/1576
f 1490/1490/1490 1455/1455/1455 1544/1544/1544
f 1490/1490/1490 1544/1544/1544 1563/1563/1563
f 1455/1455/1455 1451/1451/1451 1536/1536/1536
f 1455/1455/1455 1536/1536/1536 1544/1544/1544
f 1535/1535/1535 1543/1543/1543 1593/1593/1593
f 1535/1535/1535 1593/1593/1593 1583/1583/1583
f 1543/1543/1543 1562/1562/1562 1607/1607/1607
f 1543/1543/1543 1607/1607/1607 1593/1593/1593
f 1562/1562/1562 1575/1575/1575 1611/1611/1611
f 1562/1562/1562 1611/1611/1611 1607/1607/1607
f 1575/1575/1575 1580/1580/1580 1620/1620/1620
f 1575/1575/1575 1620/1620/1620 1611/1611/1611
f 1580/1580/1580 1576/1576/1576 1612/1612/1612
f 1580/1580/1580 1612/1612/1612 1620/1620/1620
f 1576/1576/1576 1563/1563/1563 1608/1608/1608
f 1576/1576/1576 1608/1608/1608 1612/1612/1612
f 1563/1563/1563 1544/1544/1544 1594/1594/1594
f 1563/1563/1563 1594/1594/1594 1608/1608/1608
f 1544/1544/1544 1536/1536/1536 1584/1584/1584
f 1544/1544/1544 1584/1584/1584 1594/1594/1594
f 1583/1583/1583 1593/1593/1593 1623/1623/1623
f 1583/1583/1583 1623/1623/1623 1615/1615/1615
f 1593/1593/1593 1607/1607/1607 1635/1635/1635
f 1593/1593/1593 1635/1635/1635 1623/1623/1623
f 1607/1607/1607 1611/1611/1611 1657/1657/1657
f 1607/1607/1607 1657/1657/1657 1635/1635/1635
f 1611/1611/1611 1620/1620/1620 1669/1669/1669
f 1611/1611/1611 1669/1669/1669 1657/1657/1657
f 1620/1620/1620 1612/1612/1612 1658/1658/1658
f 1620/1620/1620 1658/1658/1658 1669/1669/1669
f 1612/1612/1612 1608/1608/1608 1636/1636/1636
f 1612/1612/1612 1636/1636/1636 1658/1658/1658
f 1608/1608/1608 1594/1594/1594 1624/1624/1624
f 1608/1608/1608 1624/1624/1624 1636/1636/1636
f 1594/1594/1594 1584/1584/1584 1616/1616/1616
f 1594/1594/1594 1616/1616/1616 1624/1624/1624
f 1615/1615/1615 1623/1623/1623 1666/1666/1666
f 1615/1615/1615 1666/1666/1666 1653/1653/1653
f 1623/1623/1623 1635/1635/1635 1688/1688/1688
f 1623/1623/1623 1688/1688/1688 1666/1666/1666
f 1635/1635/1635 1657/1657/1657 1734/1734/1734
f 1635/1635/1635 1734/1734/1734 1688/1688/1688
f 1657/1657/1657 1669/1669/1669 1766/1766/1766
f 1657/1657/1657 1766/1766/1766 1734/1734/1734
f 1669/1669/1669 1658/1658/1658 1735/1735/1735
f 1669/1669/1669 1735/1735/1735 1766/1766/1766
f 1658/1658/1658 1636/1636/1636 1689/1689/1689
f 1658/1658/1658 1689/1689/1689 1735/1735/1735
f 1636/1636/1636 1624/1624/1624 1667/1667/1667
f 1636/1636/1636 1667/1667/1667 1689/1689/1689
f 1624/1624/1624 1616/1616/1616 1654/1654/1654
f 1624/1624/1624 1654/1654/1654 1667/1667/1667
f 1653/1653/1653 1666/1666/1666 1748/1748/1748
f 1653/1653/1653 1748/1748/1748 1724/1724/1724
f 1666/1666/1666 1688/1688/1688 1785/1785/1785
f 1666/1666/1666 1785/1785/1785 1748/1748/1748
f 1688/1688/1688 1734/1734/1734 1798/1798/1798
f 1688/1688/1688 1798/1798/1798 1785/1785/1785
f 1734/1734/1734 1766/1766/1766 1811/1811/1811
f 1734/1734/1734 1811/1811/1811 1798/1798/1798
f 1766/1766/1766 1735/1735/1735 1801/1801/1801
f 1766/1766/1766 1801/1801/1801 1811/1811/1811
f 1735/1735/1735 1689/1689/1689 1789/1789/1789
f 1735/1735/1735 1789/1789/1789 1801/1801/1801
f 1689/1689/1689 1667/1667/1667 1751/1751/1751
f 1689/1689/1689 1751/1751/1751 1789/1789/1789
f 1667/1667/1667 1654/1654/1654 1725/1725/1725
f 1667/1667/1667 1725/1725/1725 1751/1751/1751
f 40/40/40 67/67/67 89/89/89
f 40/40/40 38/38/38 66/66/66
f 40/40/40 18/18/18 37/37/37
f 40/40/40 5/5/5 17/17/17
f 40/40/40 21/21/21 4/4/4
f 40/40/40 42/42/42 20/20/20
f 40/40/40 70/70/70 41/41/41
f 40/40/40 90/90/90 69/69/69
f 1788/1788/1788 1726/1726/1726 1750/1750/1750
f 1788/1788/1788 1749/1749/1749 1787/1787/1787
f 1788/1788/1788 1786/1786/1786 1800/1800/1800
f 1788/1788/1788 1799/1799/1799 1813/1813/1813
f 1788/1788/1788 1812/1812/1812 1803/1803/1803
f 1788/1788/1788 1802/1802/1802 1791/1791/1791
f 1788/1788/1788 1790/1790/1790 1753/1753/1753
f 1788/1788/1788 1752/1752/1752 1727/1727/1727
o Insignia
v -0.405000 1.520000 -1.830000
v -0.405000 1.520000 -1.830000
v -0.393713 1.459332 -1.810906
v -0.393713 1.580668 -1.849094
v -0.392452 1.477080 -1.781416
v -0.392452 1.477080 -1.781416
v -0.392452 1.562920 -1.878584
v -0.392452 1.562920 -1.878584
v -0.391820 1.503152 -1.856994
v -0.391820 1.536848 -1.803006
v -0.371173 1.451981 -1.835888
v -0.371173 1.588019 -1.824112
v -0.370949 1.415499 -1.768604
v -0.370949 1.624501 -1.891396
v -0.368129 1.494828 -1.764694
v -0.368129 1.545172 -1.895306
v -0.360911 1.407085 -1.800458
v -0.360911 1.632915 -1.859542
v -0.360000 1.496174 -1.868175
v -0.360000 1.543826 -1.791825
v -0.358520 1.435810 -1.743720
v -0.358520 1.435810 -1.743720
v -0.358520 1.604190 -1.916280
v -0.358520 1.604190 -1.916280
v -0.338036 1.459332 -1.841730
v -0.338036 1.580668 -1.818270
v -0.334992 1.502180 -1.770536
v -0.334992 1.537820 -1.889464
v -0.334287 1.415499 -1.820622
v -0.334287 1.624501 -1.839378
v -0.330906 1.456121 -1.740383
v -0.330906 1.583879 -1.919617
v -0.328180 1.503152 -1.856994
v -0.328180 1.536848 -1.803006
v -0.328165 1.364069 -1.772904
v -0.328165 1.675931 -1.887096
v -0.327805 1.373941 -1.739910
v -0.327805 1.666059 -1.920090
v -0.315000 1.520000 -1.830000
v -0.313714 1.477080 -1.825008
v -0.313714 1.562920 -1.834992
v -0.312452 1.494828 -1.795519
v -0.312452 1.545172 -1.864481
v -0.311634 1.373941 -1.801461
v -0.311634 1.666059 -1.858539
v -0.310764 1.397775 -1.721805
v -0.310764 1.397775 -1.721805
v -0.310764 1.642225 -1.938195
v -0.310764 1.642225 -1.938195
v -0.306673 1.435810 -1.817285
v -0.306673 1.604190 -1.842715
v -0.304282 1.464534 -1.760547
v -0.304282 1.575466 -1.899453
v -0.294245 1.456121 -1.792402
v -0.294245 1.583879 -1.867598
v -0.287895 1.397775 -1.808851
v -0.287895 1.642225 -1.851149
v -0.287024 1.421608 -1.729196
v -0.287024 1.618392 -1.930804
v -0.278024 1.326039 -1.760000
v -0.278024 1.713961 -1.900000
v -0.271151 1.337285 -1.791820
v -0.271151 1.337285 -1.728180
v -0.271151 1.702715 -1.931820
v -0.271151 1.702715 -1.868180
v -0.270853 1.421608 -1.790747
v -0.270853 1.618392 -1.869253
v -0.270493 1.431480 -1.757752
v -0.270493 1.608520 -1.902248
v -0.254558 1.364437 -1.805000
v -0.254558 1.364437 -1.715000
v -0.254558 1.364437 -1.715000
v -0.254558 1.675563 -1.945000
v -0.254558 1.675563 -1.945000
v -0.254558 1.675563 -1.855000
v -0.237966 1.391588 -1.791820
v -0.237966 1.391588 -1.728180
v -0.237966 1.648412 -1.931820
v -0.237966 1.648412 -1.868180
v -0.231093 1.402834 -1.760000
v -0.231093 1.637166 -1.900000
v -0.217201 1.307555 -1.794616
v -0.217201 1.732445 -1.865384
v -0.216543 1.295327 -1.762425
v -0.216543 1.744673 -1.897575
v -0.207786 1.337077 -1.809651
v -0.207786 1.702923 -1.850349
v -0.206198 1.307555 -1.731935
v -0.206198 1.732445 -1.928065
v -0.193813 1.366598 -1.798722
v -0.193813 1.673402 -1.861278
v -0.192225 1.337077 -1.721006
v -0.192225 1.337077 -1.721006
v -0.192225 1.702923 -1.938994
v -0.192225 1.702923 -1.938994
v -0.183467 1.378827 -1.768232
v -0.183467 1.661173 -1.891768
v -0.182809 1.366598 -1.736041
v -0.182809 1.673402 -1.923959
v -0.181154 1.313956 -1.830000
v -0.181154 1.313956 -1.830000
v -0.181154 1.313956 -1.830000
v -0.181154 1.313956 -1.830000
v -0.174958 1.315726 -1.845556
v -0.174958 1.315726 -1.845556
v -0.174958 1.315726 -1.845556
v -0.174958 1.315726 -1.814444
v -0.174958 1.315726 -1.814444
v -0.174958 1.315726 -1.814444
v -0.160000 1.320000 -1.852000
v -0.160000 1.320000 -1.852000
v -0.160000 1.320000 -1.852000
v -0.160000 1.320000 -1.830000
v -0.160000 1.320000 -1.808000
v -0.160000 1.320000 -1.808000
v -0.160000 1.320000 -1.808000
v -0.153895 1.285826 -1.808942
v -0.153895 1.754174 -1.851058
v -0.150376 1.316747 -1.823700
v -0.150376 1.723253 -1.836300
v -0.147966 1.273019 -1.777525
v -0.147966 1.766981 -1.882475
v -0.145042 1.324274 -1.845556
v -0.145042 1.324274 -1.845556
v -0.145042 1.324274 -1.845556
v -0.145042 1.324274 -1.814444
v -0.145042 1.324274 -1.814444
v -0.145042 1.324274 -1.814444
v -0.139471 1.347667 -1.813153
v -0.139471 1.692333 -1.846847
v -0.138846 1.326044 -1.830000
v -0.138846 1.326044 -1.830000
v -0.138846 1.326044 -1.830000
v -0.136061 1.285826 -1.747852
v -0.136061 1.754174 -1.912148
v -0.127566 1.360474 -1.783480
v -0.127566 1.679526 -1.876520
v -0.125156 1.316747 -1.737306
v -0.125156 1.316747 -1.737306
v -0.125156 1.723253 -1.922694
v -0.125156 1.723253 -1.922694
v -0.121637 1.347667 -1.752063
v -0.121637 1.692333 -1.907937
v -0.085448 1.304227 -1.845562
v -0.085448 1.735773 -1.814438
v -0.084395 1.272614 -1.831935
v -0.084395 1.767386 -1.828065
v -0.081154 0.963956 -1.830000
v -0.081154 0.963956 -1.830000
v -0.081154 0.963956 -1.830000
v -0.081154 0.963956 -1.830000
v -0.077588 1.335841 -1.834381
v -0.077588 1.704159 -1.825619
v -0.075046 1.259519 -1.801483
v -0.075046 1.780481 -1.858517
v -0.074958 0.965726 -1.845556
v -0.074958 0.965726 -1.845556
v -0.074958 0.965726 -1.845556
v -0.074958 0.965726 -1.814444
v -0.074958 0.965726 -1.814444
v -0.074958 0.965726 -1.814444
v -0.065419 1.348936 -1.804942
v -0.065419 1.691064 -1.855058
v -0.062877 1.272614 -1.772044
v -0.062877 1.767386 -1.887956
v -0.060000 0.970000 -1.852000
v -0.060000 0.970000 -1.852000
v -0.060000 0.970000 -1.852000
v -0.060000 0.970000 -1.830000
v -0.060000 0.970000 -1.808000
v -0.060000 0.970000 -1.808000
v -0.060000 0.970000 -1.808000
v -0.056070 1.335841 -1.774489
v -0.056070 1.704159 -1.885511
v -0.055017 1.304227 -1.760863
v -0.055017 1.304227 -1.760863
v -0.055017 1.735773 -1.899137
v -0.055017 1.735773 -1.899137
v -0.045042 0.974274 -1.845556
v -0.045042 0.974274 -1.845556
v -0.045042 0.974274 -1.845556
v -0.045042 0.974274 -1.814444
v -0.045042 0.974274 -1.814444
v -0.045042 0.974274 -1.814444
v -0.038846 0.976044 -1.830000
v -0.038846 0.976044 -1.830000
v -0.038846 0.976044 -1.830000
v -0.028000 0.920000 -1.830000
v -0.028000 0.920000 -1.830000
v -0.028000 0.920000 -1.830000
v -0.028000 1.420000 -1.830000
v -0.028000 1.420000 -1.830000
v -0.028000 1.420000 -1.830000
v -0.021154 1.313956 -1.830000
v -0.021154 1.313956 -1.830000
v -0.021154 1.313956 -1.830000
v -0.021154 1.313956 -1.830000
v -0.019799 0.920000 -1.849799
v -0.019799 0.920000 -1.849799
v -0.019799 0.920000 -1.849799
v -0.019799 0.920000 -1.810201
v -0.019799 0.920000 -1.810201
v -0.019799 0.920000 -1.810201
v -0.019799 1.420000 -1.849799
v -0.019799 1.420000 -1.849799
v -0.019799 1.420000 -1.849799
v -0.019799 1.420000 -1.810201
v -0.019799 1.420000 -1.810201
v -0.019799 1.420000 -1.810201
v -0.016037 1.300000 -1.872045
v -0.016037 1.740000 -1.787955
v -0.014958 1.315726 -1.845556
v -0.014958 1.315726 -1.845556
v -0.014958 1.315726 -1.845556
v -0.014958 1.315726 -1.814444
v -0.014958 1.315726 -1.814444
v -0.014958 1.315726 -1.814444
v -0.011340 1.268180 -1.859731
v -0.011340 1.331820 -1.859731
v -0.011340 1.708180 -1.800269
v -0.011340 1.771820 -1.800269
v 0.000000 0.920000 -1.858000
v 0.000000 0.920000 -1.858000
v 0.000000 0.920000 -1.858000
v 0.000000 0.920000 -1.830000
v 0.000000 0.920000 -1.802000
v 0.000000 0.920000 -1.802000
v 0.000000 0.920000 -1.802000
v 0.000000 1.255000 -1.830000
v 0.000000 1.320000 -1.852000
v 0.000000 1.320000 -1.852000
v 0.000000 1.320000 -1.852000
v 0.000000 1.320000 -1.830000
v 0.000000 1.320000 -1.808000
v 0.000000 1.320000 -1.808000
v 0.000000 1.320000 -1.808000
v 0.000000 1.345000 -1.830000
v 0.000000 1.420000 -1.858000
v 0.000000 1.420000 -1.858000
v 0.000000 1.420000 -1.858000
v 0.000000 1.420000 -1.830000
v 0.000000 1.420000 -1.802000
v 0.000000 1.420000 -1.802000
v 0.000000 1.420000 -1.802000
v 0.000000 1.695000 -1.830000
v 0.000000 1.785000 -1.830000
v 0.011340 1.268180 -1.800269
v 0.011340 1.331820 -1.800269
v 0.011340 1.708180 -1.859731
v 0.011340 1.771820 -1.859731
v 0.014958 1.324274 -1.845556
v 0.014958 1.324274 -1.845556
v 0.014958 1.324274 -1.845556
v 0.014958 1.324274 -1.814444
v 0.014958 1.324274 -1.814444
v 0.014958 1.324274 -1.814444
v 0.016037 1.300000 -1.787955
v 0.016037 1.300000 -1.787955
v 0.016037 1.740000 -1.872045
v 0.016037 1.740000 -1.872045
v 0.019799 0.920000 -1.849799
v 0.019799 0.920000 -1.849799
v 0.019799 0.920000 -1.849799
v 0.019799 0.920000 -1.810201
v 0.019799 0.920000 -1.810201
v 0.019799 0.920000 -1.810201
v 0.019799 1.420000 -1.849799
v 0.019799 1.420000 -1.849799
v 0.019799 1.420000 -1.849799
v 0.019799 1.420000 -1.810201
v 0.019799 1.420000 -1.810201
v 0.019799 1.420000 -1.810201
v 0.021154 1.326044 -1.830000
v 0.021154 1.326044 -1.830000
v 0.021154 1.326044 -1.830000
v 0.028000 0.920000 -1.830000
v 0.028000 0.920000 -1.830000
v 0.028000 0.920000 -1.830000
v 0.028000 0.920000 -1.830000
v 0.028000 1.420000 -1.830000
v 0.028000 1.420000 -1.830000
v 0.028000 1.420000 -1.830000
v 0.028000 1.420000 -1.830000
v 0.055017 1.304227 -1.899137
v 0.055017 1.735773 -1.760863
v 0.056070 1.335841 -1.885511
v 0.056070 1.704159 -1.774489
v 0.062877 1.272614 -1.887956
v 0.062877 1.767386 -1.772044
v 0.065419 1.348936 -1.855058
v 0.065419 1.691064 -1.804942
v 0.075046 1.259519 -1.858517
v 0.075046 1.780481 -1.801483
v 0.077588 1.335841 -1.825619
v 0.077588 1.704159 -1.834381
v 0.078846 0.963956 -1.830000
v 0.078846 0.963956 -1.830000
v 0.078846 0.963956 -1.830000
v 0.078846 0.963956 -1.830000
v 0.084395 1.272614 -1.828065
v 0.084395 1.767386 -1.831935
v 0.085042 0.965726 -1.845556
v 0.085042 0.965726 -1.845556
v 0.085042 0.965726 -1.845556
v 0.085042 0.965726 -1.814444
v 0.085042 0.965726 -1.814444
v 0.085042 0.965726 -1.814444
v 0.085448 1.304227 -1.814438
v 0.085448 1.304227 -1.814438
v 0.085448 1.735773 -1.845562
v 0.085448 1.735773 -1.845562
v 0.100000 0.970000 -1.852000
v 0.100000 0.970000 -1.852000
v 0.100000 0.970000 -1.852000
v 0.100000 0.970000 -1.830000
v 0.100000 0.970000 -1.808000
v 0.100000 0.970000 -1.808000
v 0.100000 0.970000 -1.808000
v 0.114958 0.974274 -1.845556
v 0.114958 0.974274 -1.845556
v 0.114958 0.974274 -1.845556
v 0.114958 0.974274 -1.814444
v 0.114958 0.974274 -1.814444
v 0.114958 0.974274 -1.814444
v 0.121154 0.976044 -1.830000
v 0.121154 0.976044 -1.830000
v 0.121154 0.976044 -1.830000
v 0.121637 1.347667 -1.907937
v 0.121637 1.692333 -1.752063
v 0.125156 1.316747 -1.922694
v 0.125156 1.723253 -1.737306
v 0.127566 1.360474 -1.876520
v 0.127566 1.679526 -1.783480
v 0.136061 1.285826 -1.912148
v 0.136061 1.754174 -1.747852
v 0.138846 1.313956 -1.830000
v 0.138846 1.313956 -1.830000
v 0.138846 1.313956 -1.830000
v 0.138846 1.313956 -1.830000
v 0.139471 1.347667 -1.846847
v 0.139471 1.692333 -1.813153
v 0.145042 1.315726 -1.845556
v 0.145042 1.315726 -1.845556
v 0.145042 1.315726 -1.845556
v 0.145042 1.315726 -1.814444
v 0.145042 1.315726 -1.814444
v 0.145042 1.315726 -1.814444
v 0.147966 1.273019 -1.882475
v 0.147966 1.766981 -1.777525
v 0.150376 1.316747 -1.836300
v 0.150376 1.316747 -1.836300
v 0.150376 1.723253 -1.823700
v 0.150376 1.723253 -1.823700
v 0.153895 1.285826 -1.851058
v 0.153895 1.754174 -1.808942
v 0.160000 1.320000 -1.852000
v 0.160000 1.320000 -1.852000
v 0.160000 1.320000 -1.852000
v 0.160000 1.320000 -1.830000
v 0.160000 1.320000 -1.808000
v 0.160000 1.320000 -1.808000
v 0.160000 1.320000 -1.808000
v 0.174958 1.324274 -1.845556
v 0.174958 1.324274 -1.845556
v 0.174958 1.324274 -1.845556
v 0.174958 1.324274 -1.814444
v 0.174958 1.324274 -1.814444
v 0.174958 1.324274 -1.814444
v 0.181154 1.326044 -1.830000
v 0.181154 1.326044 -1.830000
v 0.181154 1.326044 -1.830000
v 0.182809 1.366598 -1.923959
v 0.182809 1.673402 -1.736041
v 0.183467 1.378827 -1.891768
v 0.183467 1.661173 -1.768232
v 0.192225 1.337077 -1.938994
v 0.192225 1.702923 -1.721006
v 0.193813 1.366598 -1.861278
v 0.193813 1.673402 -1.798722
v 0.206198 1.307555 -1.928065
v 0.206198 1.732445 -1.731935
v 0.207786 1.337077 -1.850349
v 0.207786 1.337077 -1.850349
v 0.207786 1.702923 -1.809651
v 0.207786 1.702923 -1.809651
v 0.216543 1.295327 -1.897575
v 0.216543 1.744673 -1.762425
v 0.217201 1.307555 -1.865384
v 0.217201 1.732445 -1.794616
v 0.231093 1.402834 -1.900000
v 0.231093 1.637166 -1.760000
v 0.237966 1.391588 -1.931820
v 0.237966 1.391588 -1.868180
v 0.237966 1.648412 -1.791820
v 0.237966 1.648412 -1.728180
v 0.238846 0.963956 -1.830000
v 0.238846 0.963956 -1.830000
v 0.238846 0.963956 -1.830000
v 0.238846 0.963956 -1.830000
v 0.245042 0.965726 -1.845556
v 0.245042 0.965726 -1.845556
v 0.245042 0.965726 -1.845556
v 0.245042 0.965726 -1.814444
v 0.245042 0.965726 -1.814444
v 0.245042 0.965726 -1.814444
v 0.254558 1.364437 -1.945000
v 0.254558 1.364437 -1.855000
v 0.254558 1.364437 -1.855000
v 0.254558 1.675563 -1.805000
v 0.254558 1.675563 -1.805000
v 0.254558 1.675563 -1.715000
v 0.260000 0.970000 -1.852000
v 0.260000 0.970000 -1.852000
v 0.260000 0.970000 -1.852000
v 0.260000 0.970000 -1.830000
v 0.260000 0.970000 -1.808000
v 0.260000 0.970000 -1.808000
v 0.260000 0.970000 -1.808000
v 0.270493 1.431480 -1.902248
v 0.270493 1.608520 -1.757752
v 0.270853 1.421608 -1.869253
v 0.270853 1.618392 -1.790747
v 0.271151 1.337285 -1.931820
v 0.271151 1.337285 -1.868180
v 0.271151 1.702715 -1.791820
v 0.271151 1.702715 -1.728180
v 0.274958 0.974274 -1.845556
v 0.274958 0.974274 -1.845556
v 0.274958 0.974274 -1.845556
v 0.274958 0.974274 -1.814444
v 0.274958 0.974274 -1.814444
v 0.274958 0.974274 -1.814444
v 0.278024 1.326039 -1.900000
v 0.278024 1.713961 -1.760000
v 0.281154 0.976044 -1.830000
v 0.281154 0.976044 -1.830000
v 0.281154 0.976044 -1.830000
v 0.287024 1.421608 -1.930804
v 0.287024 1.618392 -1.729196
v 0.287895 1.397775 -1.851149
v 0.287895 1.397775 -1.851149
v 0.287895 1.642225 -1.808851
v 0.287895 1.642225 -1.808851
v 0.294245 1.456121 -1.867598
v 0.294245 1.583879 -1.792402
v 0.304282 1.464534 -1.899453
v 0.304282 1.575466 -1.760547
v 0.306673 1.435810 -1.842715
v 0.306673 1.435810 -1.842715
v 0.306673 1.604190 -1.817285
v 0.306673 1.604190 -1.817285
v 0.310764 1.397775 -1.938195
v 0.310764 1.642225 -1.721805
v 0.311634 1.373941 -1.858539
v 0.311634 1.666059 -1.801461
v 0.312452 1.494828 -1.864481
v 0.312452 1.545172 -1.795519
v 0.313714 1.477080 -1.834992
v 0.313714 1.477080 -1.834992
v 0.313714 1.562920 -1.825008
v 0.313714 1.562920 -1.825008
v 0.316429 1.520000 -1.841251
v 0.316429 1.520000 -1.841251
v 0.316429 1.520000 -1.841251
v 0.316429 1.520000 -1.841251
v 0.316429 1.520000 -1.818749
v 0.316429 1.520000 -1.818749
v 0.316429 1.520000 -1.818749
v 0.316429 1.520000 -1.818749
v 0.322504 1.502760 -1.812060
v 0.322504 1.502760 -1.812060
v 0.322504 1.502760 -1.812060
v 0.322504 1.537240 -1.847940
v 0.322504 1.537240 -1.847940
v 0.322504 1.537240 -1.847940
v 0.327805 1.373941 -1.920090
v 0.327805 1.666059 -1.739910
v 0.328165 1.364069 -1.887096
v 0.328165 1.675931 -1.772904
v 0.330906 1.456121 -1.919617
v 0.330906 1.583879 -1.740383
v 0.334287 1.415499 -1.839378
v 0.334287 1.624501 -1.820622
v 0.334992 1.502180 -1.889464
v 0.334992 1.537820 -1.770536
v 0.335878 1.502760 -1.796149
v 0.335878 1.502760 -1.796149
v 0.335878 1.502760 -1.796149
v 0.335878 1.537240 -1.863851
v 0.335878 1.537240 -1.863851
v 0.335878 1.537240 -1.863851
v 0.338036 1.459332 -1.818270
v 0.338036 1.580668 -1.841730
v 0.350543 1.495619 -1.793378
v 0.350543 1.495619 -1.793378
v 0.350543 1.495619 -1.793378
v 0.350543 1.544381 -1.866622
v 0.350543 1.544381 -1.866622
v 0.350543 1.544381 -1.866622
v 0.358520 1.435810 -1.916280
v 0.358520 1.604190 -1.743720
v 0.360000 1.520000 -1.830000
v 0.360000 1.520000 -1.830000
v 0.360911 1.407085 -1.859542
v 0.360911 1.632915 -1.800458
v 0.368129 1.494828 -1.895306
v 0.368129 1.545172 -1.764694
v 0.369457 1.495619 -1.793378
v 0.369457 1.495619 -1.793378
v 0.369457 1.495619 -1.793378
v 0.369457 1.544381 -1.866622
v 0.369457 1.544381 -1.866622
v 0.369457 1.544381 -1.866622
v 0.370949 1.415499 -1.891396
v 0.370949 1.624501 -1.768604
v 0.371173 1.451981 -1.824112
v 0.371173 1.588019 -1.835888
v 0.384122 1.502760 -1.796149
v 0.384122 1.502760 -1.796149
v 0.384122 1.502760 -1.796149
v 0.384122 1.537240 -1.863851
v 0.384122 1.537240 -1.863851
v 0.384122 1.537240 -1.863851
v 0.392452 1.477080 -1.878584
v 0.392452 1.562920 -1.781416
v 0.393713 1.459332 -1.849094
v 0.393713 1.580668 -1.810906
v 0.397496 1.502760 -1.812060
v 0.397496 1.502760 -1.812060
v 0.397496 1.502760 -1.812060
v 0.397496 1.537240 -1.847940
v 0.397496 1.537240 -1.847940
v 0.397496 1.537240 -1.847940
v 0.403571 1.520000 -1.841251
v 0.403571 1.520000 -1.841251
v 0.403571 1.520000 -1.841251
v 0.403571 1.520000 -1.818749
v 0.403571 1.520000 -1.818749
v 0.403571 1.520000 -1.818749
vt 0.000000 3.200000
vt 1.000000 3.200000
vt 0.125000 3.400000
vt 0.875000 3.000000
vt 0.000000 3.400000
vt 1.000000 3.400000
vt 0.000000 3.000000
vt 1.000000 3.000000
vt 0.125000 3.200000
vt 0.875000 3.200000
vt 0.250000 3.400000
vt 0.750000 3.000000
vt 0.125000 3.600000
vt 0.875000 2.800000
vt 0.875000 3.400000
vt 0.125000 3.000000
vt 0.250000 3.600000
vt 0.750000 2.800000
vt 0.250000 3.200000
vt 0.750000 3.200000
vt 0.000000 3.600000
vt 1.000000 3.600000
vt 0.000000 2.800000
vt 1.000000 2.800000
vt 0.375000 3.400000
vt 0.625000 3.000000
vt 0.750000 3.400000
vt 0.250000 3.000000
vt 0.375000 3.600000
vt 0.625000 2.800000
vt 0.875000 3.600000
vt 0.125000 2.800000
vt 0.375000 3.200000
vt 0.625000 3.200000
vt 0.250000 3.800000
vt 0.750000 2.600000
vt 0.125000 3.800000
vt 0.875000 2.600000
vt 0.500000 3.200000
vt 0.500000 3.400000
vt 0.500000 3.000000
vt 0.625000 3.400000
vt 0.375000 3.000000
vt 0.375000 3.800000
vt 0.625000 2.600000
vt 0.000000 3.800000
vt 1.000000 3.800000
vt 0.000000 2.600000
vt 1.000000 2.600000
vt 0.500000 3.600000
vt 0.500000 2.800000
vt 0.750000 3.600000
vt 0.250000 2.800000
vt 0.625000 3.600000
vt 0.375000 2.800000
vt 0.500000 3.800000
vt 0.500000 2.600000
vt 0.875000 3.800000
vt 0.125000 2.600000
vt 0.250000 4.000000
vt 0.750000 2.400000
vt 0.375000 4.000000
vt 0.125000 4.000000
vt 0.875000 2.400000
vt 0.625000 2.400000
vt 0.625000 3.800000
vt 0.375000 2.600000
vt 0.750000 3.800000
vt 0.250000 2.600000
vt 0.500000 4.000000
vt 0.000000 4.000000
vt 1.000000 4.000000
vt 0.000000 2.400000
vt 1.000000 2.400000
vt 0.500000 2.400000
vt 0.625000 4.000000
vt 0.875000 4.000000
vt 0.125000 2.400000
vt 0.375000 2.400000
vt 0.750000 4.000000
vt 0.250000 2.400000
vt 0.375000 4.200000
vt 0.625000 2.200000
vt 0.250000 4.200000
vt 0.750000 2.200000
vt 0.500000 4.200000
vt 0.500000 2.200000
vt 0.125000 4.200000
vt 0.875000 2.200000
vt 0.625000 4.200000
vt 0.375000 2.200000
vt 0.000000 4.200000
vt 1.000000 4.200000
vt 0.000000 2.200000
vt 1.000000 2.200000
vt 0.750000 4.200000
vt 0.250000 2.200000
vt 0.875000 4.200000
vt 0.125000 2.200000
vt 0.000000 0.000000
vt 1.000000 0.000000
vt 0.000000 0.000000
vt 1.000000 0.000000
vt 0.125000 0.000000
vt 0.000000 0.000000
vt 1.000000 0.000000
vt 0.875000 0.000000
vt 0.000000 0.000000
vt 1.000000 0.000000
vt 0.000000 0.000000
vt 1.000000 0.000000
vt 0.250000 0.000000
vt 0.500000 0.500000
vt 0.000000 0.000000
vt 1.000000 0.000000
vt 0.750000 0.000000
vt 0.375000 4.400000
vt 0.625000 2.000000
vt 0.500000 4.400000
vt 0.500000 2.000000
vt 0.250000 4.400000
vt 0.750000 2.000000
vt 0.000000 0.000000
vt 1.000000 0.000000
vt 0.375000 0.000000
vt 0.000000 0.000000
vt 1.000000 0.000000
vt 0.625000 0.000000
vt 0.625000 4.400000
vt 0.375000 2.000000
vt 0.000000 0.000000
vt 1.000000 0.000000
vt 0.500000 0.000000
vt 0.125000 4.400000
vt 0.875000 2.000000
vt 0.750000 4.400000
vt 0.250000 2.000000
vt 0.000000 4.400000
vt 1.000000 4.400000
vt 0.000000 2.000000
vt 1.000000 2.000000
vt 0.875000 4.400000
vt 0.125000 2.000000
vt 0.500000 4.600000
vt 0.500000 1.800000
vt 0.375000 4.600000
vt 0.625000 1.800000
vt 0.000000 0.200000
vt 1.000000 0.200000
vt 0.000000 0.000000
vt 1.000000 0.000000
vt 0.625000 4.600000
vt 0.375000 1.800000
vt 0.250000 4.600000
vt 0.750000 1.800000
vt 0.125000 0.200000
vt 0.000000 0.000000
vt 1.000000 0.000000
vt 0.875000 0.200000
vt 0.000000 0.000000
vt 1.000000 0.000000
vt 0.750000 4.600000
vt 0.250000 1.800000
vt 0.125000 4.600000
vt 0.875000 1.800000
vt 0.250000 0.200000
vt 0.000000 0.000000
vt 1.000000 0.000000
vt 0.500000 0.500000
vt 0.750000 0.200000
vt 0.000000 0.000000
vt 1.000000 0.000000
vt 0.875000 4.600000
vt 0.125000 1.800000
vt 0.000000 4.600000
vt 1.000000 4.600000
vt 0.000000 1.800000
vt 1.000000 1.800000
vt 0.000000 0.000000
vt 1.000000 0.000000
vt 0.375000 0.200000
vt 0.000000 0.000000
vt 1.000000 0.000000
vt 0.625000 0.200000
vt 0.000000 0.000000
vt 1.000000 0.000000
vt 0.500000 0.200000
vt 0.500000 0.000000
vt 0.000000 0.000000
vt 1.000000 0.000000
vt 0.500000 0.200000
vt 0.000000 0.000000
vt 1.000000 0.000000
vt 0.000000 0.000000
vt 1.000000 0.000000
vt 0.000000 0.000000
vt 1.000000 0.000000
vt 0.375000 0.000000
vt 0.000000 0.000000
vt 1.000000 0.000000
vt 0.625000 0.000000
vt 0.000000 0.000000
vt 1.000000 0.000000
vt 0.375000 0.200000
vt 0.000000 0.000000
vt 1.000000 0.000000
vt 0.625000 0.200000
vt 0.000000 0.000000
vt 1.000000 0.000000
vt 0.500000 4.800000
vt 0.500000 1.600000
vt 0.125000 0.000000
vt 0.000000 0.000000
vt 1.000000 0.000000
vt 0.875000 0.000000
vt 0.000000 0.000000
vt 1.000000 0.000000
vt 0.375000 4.800000
vt 0.625000 4.800000
vt 0.375000 1.600000
vt 0.625000 1.600000
vt 0.000000 0.000000
vt 1.000000 0.000000
vt 0.250000 0.000000
vt 0.500000 0.500000
vt 0.000000 0.000000
vt 1.000000 0.000000
vt 0.750000 0.000000
vt 0.250000 4.800000
vt 0.000000 0.000000
vt 1.000000 0.000000
vt 0.250000 0.000000
vt 0.500000 0.500000
vt 0.000000 0.000000
vt 1.000000 0.000000
vt 0.750000 0.000000
vt 0.750000 4.800000
vt 0.250000 0.200000
vt 0.000000 0.000000
vt 1.000000 0.000000
vt 0.500000 0.500000
vt 0.750000 0.200000
vt 0.000000 0.000000
vt 1.000000 0.000000
vt 0.250000 1.600000
vt 0.750000 1.600000
vt 0.125000 4.800000
vt 0.875000 4.800000
vt 0.125000 1.600000
vt 0.875000 1.600000
vt 0.000000 0.000000
vt 1.000000 0.000000
vt 0.375000 0.000000
vt 0.000000 0.000000
vt 1.000000 0.000000
vt 0.625000 0.000000
vt 0.000000 4.800000
vt 1.000000 4.800000
vt 0.000000 1.600000
vt 1.000000 1.600000
vt 0.000000 0.000000
vt 1.000000 0.000000
vt 0.125000 0.000000
vt 0.000000 0.000000
vt 1.000000 0.000000
vt 0.875000 0.000000
vt 0.000000 0.000000
vt 1.000000 0.000000
vt 0.125000 0.200000
vt 0.000000 0.000000
vt 1.000000 0.000000
vt 0.875000 0.200000
vt 0.000000 0.000000
vt 1.000000 0.000000
vt 0.500000 0.000000
vt 0.000000 0.000000
vt 1.000000 0.000000
vt 0.000000 0.000000
vt 1.000000 0.000000
vt 0.000000 0.000000
vt 1.000000 0.000000
vt 0.000000 0.200000
vt 1.000000 0.200000
vt 0.500000 5.000000
vt 0.500000 1.400000
vt 0.625000 5.000000
vt 0.375000 1.400000
vt 0.375000 5.000000
vt 0.625000 1.400000
vt 0.750000 5.000000
vt 0.250000 1.400000
vt 0.250000 5.000000
vt 0.750000 1.400000
vt 0.875000 5.000000
vt 0.125000 1.400000
vt 0.000000 0.200000
vt 1.000000 0.200000
vt 0.000000 0.000000
vt 1.000000 0.000000
vt 0.125000 5.000000
vt 0.875000 1.400000
vt 0.125000 0.200000
vt 0.000000 0.000000
vt 1.000000 0.000000
vt 0.875000 0.200000
vt 0.000000 0.000000
vt 1.000000 0.000000
vt 0.000000 5.000000
vt 1.000000 5.000000
vt 0.000000 1.400000
vt 1.000000 1.400000
vt 0.250000 0.200000
vt 0.000000 0.000000
vt 1.000000 0.000000
vt 0.500000 0.500000
vt 0.750000 0.200000
vt 0.000000 0.000000
vt 1.000000 0.000000
vt 0.000000 0.000000
vt 1.000000 0.000000
vt 0.375000 0.200000
vt 0.000000 0.000000
vt 1.000000 0.000000
vt 0.625000 0.200000
vt 0.000000 0.000000
vt 1.000000 0.000000
vt 0.500000 0.200000
vt 0.625000 5.200000
vt 0.375000 1.200000
vt 0.500000 5.200000
vt 0.500000 1.200000
vt 0.750000 5.200000
vt 0.250000 1.200000
vt 0.375000 5.200000
vt 0.625000 1.200000
vt 0.000000 0.000000
vt 1.000000 0.000000
vt 0.000000 0.000000
vt 1.000000 0.000000
vt 0.875000 5.200000
vt 0.125000 1.200000
vt 0.125000 0.000000
vt 0.000000 0.000000
vt 1.000000 0.000000
vt 0.875000 0.000000
vt 0.000000 0.000000
vt 1.000000 0.000000
vt 0.250000 5.200000
vt 0.750000 1.200000
vt 0.000000 5.200000
vt 1.000000 5.200000
vt 0.000000 1.200000
vt 1.000000 1.200000
vt 0.125000 5.200000
vt 0.875000 1.200000
vt 0.000000 0.000000
vt 1.000000 0.000000
vt 0.250000 0.000000
vt 0.500000 0.500000
vt 0.000000 0.000000
vt 1.000000 0.000000
vt 0.750000 0.000000
vt 0.000000 0.000000
vt 1.000000 0.000000
vt 0.375000 0.000000
vt 0.000000 0.000000
vt 1.000000 0.000000
vt 0.625000 0.000000
vt 0.000000 0.000000
vt 1.000000 0.000000
vt 0.500000 0.000000
vt 0.625000 5.400000
vt 0.375000 1.000000
vt 0.750000 5.400000
vt 0.250000 1.000000
vt 0.500000 5.400000
vt 0.500000 1.000000
vt 0.875000 5.400000
vt 0.125000 1.000000
vt 0.375000 5.400000
vt 0.625000 1.000000
vt 0.000000 5.400000
vt 1.000000 5.400000
vt 0.000000 1.000000
vt 1.000000 1.000000
vt 0.250000 5.400000
vt 0.750000 1.000000
vt 0.125000 5.400000
vt 0.875000 1.000000
vt 0.750000 5.600000
vt 0.250000 0.800000
vt 0.625000 5.600000
vt 0.875000 5.600000
vt 0.125000 0.800000
vt 0.375000 0.800000
vt 0.000000 0.200000
vt 1.000000 0.200000
vt 0.000000 0.000000
vt 1.000000 0.000000
vt 0.125000 0.200000
vt 0.000000 0.000000
vt 1.000000 0.000000
vt 0.875000 0.200000
vt 0.000000 0.000000
vt 1.000000 0.000000
vt 0.500000 5.600000
vt 0.000000 5.600000
vt 1.000000 5.600000
vt 0.000000 0.800000
vt 1.000000 0.800000
vt 0.500000 0.800000
vt 0.250000 0.200000
vt 0.000000 0.000000
vt 1.000000 0.000000
vt 0.500000 0.500000
vt 0.750000 0.200000
vt 0.000000 0.000000
vt 1.000000 0.000000
vt 0.750000 5.800000
vt 0.250000 0.600000
vt 0.875000 5.800000
vt 0.125000 0.600000
vt 0.375000 5.600000
vt 0.125000 5.600000
vt 0.875000 0.800000
vt 0.625000 0.800000
vt 0.000000 0.000000
vt 1.000000 0.000000
vt 0.375000 0.200000
vt 0.000000 0.000000
vt 1.000000 0.000000
vt 0.625000 0.200000
vt 0.250000 5.600000
vt 0.750000 0.800000
vt 0.000000 0.000000
vt 1.000000 0.000000
vt 0.500000 0.200000
vt 0.625000 5.800000
vt 0.375000 0.600000
vt 0.000000 5.800000
vt 1.000000 5.800000
vt 0.000000 0.600000
vt 1.000000 0.600000
vt 0.875000 6.000000
vt 0.125000 0.400000
vt 0.750000 6.000000
vt 0.250000 0.400000
vt 0.000000 6.000000
vt 1.000000 6.000000
vt 0.000000 0.400000
vt 1.000000 0.400000
vt 0.500000 5.800000
vt 0.500000 0.600000
vt 0.125000 5.800000
vt 0.875000 0.600000
vt 0.875000 6.200000
vt 0.125000 0.200000
vt 0.000000 6.200000
vt 1.000000 6.200000
vt 0.000000 0.200000
vt 1.000000 0.200000
vt 0.000000 0.000000
vt 1.000000 0.000000
vt 0.000000 0.000000
vt 1.000000 0.000000
vt 0.000000 6.400000
vt 1.000000 6.400000
vt 0.000000 0.000000
vt 1.000000 0.000000
vt 0.125000 0.000000
vt 0.000000 0.000000
vt 1.000000 0.000000
vt 0.875000 6.400000
vt 0.000000 0.000000
vt 1.000000 0.000000
vt 0.375000 5.800000
vt 0.625000 0.600000
vt 0.250000 5.800000
vt 0.750000 0.600000
vt 0.625000 6.000000
vt 0.375000 0.400000
vt 0.125000 6.000000
vt 0.875000 0.400000
vt 0.750000 6.200000
vt 0.250000 0.200000
vt 0.125000 6.400000
vt 0.000000 0.000000
vt 1.000000 0.000000
vt 0.875000 0.000000
vt 0.000000 0.000000
vt 1.000000 0.000000
vt 0.125000 6.200000
vt 0.875000 0.200000
vt 0.250000 0.000000
vt 0.000000 0.000000
vt 1.000000 0.000000
vt 0.750000 6.400000
vt 0.000000 0.000000
vt 1.000000 0.000000
vt 0.500000 6.000000
vt 0.500000 0.400000
vt 0.500000 0.500000
vt 0.500000 0.500000
vt 0.250000 6.000000
vt 0.750000 0.400000
vt 0.625000 6.200000
vt 0.375000 0.200000
vt 0.000000 0.000000
vt 1.000000 0.000000
vt 0.250000 6.400000
vt 0.000000 0.000000
vt 1.000000 0.000000
vt 0.750000 0.000000
vt 0.375000 6.000000
vt 0.625000 0.400000
vt 0.250000 6.200000
vt 0.750000 0.200000
vt 0.000000 0.000000
vt 1.000000 0.000000
vt 0.375000 0.000000
vt 0.000000 0.000000
vt 1.000000 0.000000
vt 0.625000 6.400000
vt 0.500000 6.200000
vt 0.500000 0.200000
vt 0.375000 6.200000
vt 0.625000 0.200000
vt 0.000000 0.000000
vt 1.000000 0.000000
vt 0.375000 6.400000
vt 0.000000 0.000000
vt 1.000000 0.000000
vt 0.625000 0.000000
vt 0.000000 0.000000
vt 1.000000 0.000000
vt 0.500000 6.400000
vt 0.000000 0.000000
vt 1.000000 0.000000
vt 0.500000 0.000000
vn -1.000000 0.000000 0.000000
vn -1.000000 0.000000 0.000000
vn -0.902894 -0.394401 -0.170967
vn -0.902894 0.394401 0.170967
vn -0.874871 0.000000 0.484356
vn -0.874871 0.000000 0.484356
vn -0.874871 0.000000 -0.484356
vn -0.874871 0.000000 -0.484356
vn -0.707107 -0.374393 -0.599858
vn -0.707107 0.374393 0.599858
vn -0.402014 -0.557768 -0.726140
vn -0.402014 0.557768 0.726140
vn -0.852266 -0.451357 0.264423
vn -0.852266 0.451357 -0.264423
vn -0.334360 0.394401 0.855950
vn -0.334360 -0.394401 -0.855950
vn -0.629213 -0.638315 -0.443448
vn -0.629213 0.638315 0.443448
vn 0.000000 -0.529472 -0.848328
vn 0.000000 0.529472 0.848328
vn -0.576074 0.000000 0.817398
vn -0.576074 0.000000 0.817398
vn -0.576074 0.000000 -0.817398
vn -0.576074 0.000000 -0.817398
vn 0.334360 -0.394401 -0.855950
vn 0.334360 0.394401 0.855950
vn 0.402014 0.557768 0.726140
vn 0.402014 -0.557768 -0.726140
vn -0.037575 -0.451357 -0.891552
vn -0.037575 0.451357 0.891552
vn 0.037575 0.451357 0.891552
vn 0.037575 -0.451357 -0.891552
vn 0.707107 -0.374393 -0.599858
vn 0.707107 0.374393 0.599858
vn -0.640810 -0.749012 -0.168356
vn -0.640810 0.749012 0.168356
vn -0.632797 -0.529632 0.564852
vn -0.632797 0.529632 -0.564852
vn 1.000000 0.000000 0.000000
vn 0.874871 0.000000 -0.484356
vn 0.874871 0.000000 0.484356
vn 0.902894 0.394401 0.170967
vn 0.902894 -0.394401 -0.170967
vn -0.273444 -0.529632 -0.802944
vn -0.273444 0.529632 0.802944
vn -0.254101 0.000000 0.967178
vn -0.254101 0.000000 0.967178
vn -0.254101 0.000000 -0.967178
vn -0.254101 0.000000 -0.967178
vn 0.576074 0.000000 -0.817398
vn 0.576074 0.000000 0.817398
vn 0.629213 0.638315 0.443448
vn 0.629213 -0.638315 -0.443448
vn 0.852266 0.451357 -0.264423
vn 0.852266 -0.451357 0.264423
vn 0.254101 0.000000 -0.967178
vn 0.254101 0.000000 0.967178
vn 0.273444 0.529632 0.802944
vn 0.273444 -0.529632 -0.802944
vn -0.521450 -0.853282 0.000000
vn -0.521450 0.853282 0.000000
vn -0.368721 -0.603361 -0.707107
vn -0.368721 -0.603361 0.707107
vn -0.368721 0.603361 -0.707107
vn -0.368721 0.603361 0.707107
vn 0.632797 0.529632 -0.564852
vn 0.632797 -0.529632 0.564852
vn 0.640810 0.749012 0.168356
vn 0.640810 -0.749012 -0.168356
vn 0.000000 0.000000 -1.000000
vn 0.000000 0.000000 1.000000
vn 0.000000 0.000000 1.000000
vn 0.000000 0.000000 -1.000000
vn 0.000000 0.000000 -1.000000
vn 0.000000 0.000000 1.000000
vn 0.368721 0.603361 -0.707107
vn 0.368721 0.603361 0.707107
vn 0.368721 -0.603361 -0.707107
vn 0.368721 -0.603361 0.707107
vn 0.521450 0.853282 0.000000
vn 0.521450 -0.853282 0.000000
vn -0.382133 -0.656038 -0.650837
vn -0.382133 0.656038 0.650837
vn -0.367515 -0.927777 0.064516
vn -0.367515 0.927777 -0.064516
vn -0.172903 0.000000 -0.984939
vn -0.172903 0.000000 0.984939
vn -0.137612 -0.656038 0.742077
vn -0.137612 0.656038 -0.742077
vn 0.137612 0.656038 -0.742077
vn 0.137612 -0.656038 0.742077
vn 0.172903 0.000000 0.984939
vn 0.172903 0.000000 0.984939
vn 0.172903 0.000000 -0.984939
vn 0.172903 0.000000 -0.984939
vn 0.367515 0.927777 -0.064516
vn 0.367515 -0.927777 0.064516
vn 0.382133 0.656038 0.650837
vn 0.382133 -0.656038 -0.650837
vn -0.961524 -0.274721 0.000000
vn -0.961524 -0.274721 0.000000
vn -0.274721 0.961524 0.000000
vn -0.274721 0.961524 0.000000
vn -0.679900 -0.194257 -0.707107
vn -0.274721 0.961524 0.000000
vn -0.274721 0.961524 0.000000
vn -0.679900 -0.194257 0.707107
vn -0.274721 0.961524 0.000000
vn -0.274721 0.961524 0.000000
vn -0.274721 0.961524 0.000000
vn -0.274721 0.961524 0.000000
vn 0.000000 0.000000 -1.000000
vn -0.274721 0.961524 0.000000
vn -0.274721 0.961524 0.000000
vn -0.274721 0.961524 0.000000
vn 0.000000 0.000000 1.000000
vn -0.358422 -0.687113 -0.631989
vn -0.358422 0.687113 0.631989
vn -0.280227 0.000000 -0.959934
vn -0.280227 0.000000 0.959934
vn -0.226657 -0.971724 0.066167
vn -0.226657 0.971724 -0.066167
vn -0.274721 0.961524 0.000000
vn -0.274721 0.961524 0.000000
vn 0.679900 0.194257 -0.707107
vn -0.274721 0.961524 0.000000
vn -0.274721 0.961524 0.000000
vn 0.679900 0.194257 0.707107
vn -0.037880 0.687113 -0.725563
vn -0.037880 -0.687113 0.725563
vn -0.274721 0.961524 0.000000
vn -0.274721 0.961524 0.000000
vn 0.961524 0.274721 0.000000
vn 0.037880 -0.687113 0.725563
vn 0.037880 0.687113 -0.725563
vn 0.226657 0.971724 -0.066167
vn 0.226657 -0.971724 0.066167
vn 0.280227 0.000000 0.959934
vn 0.280227 0.000000 0.959934
vn 0.280227 0.000000 -0.959934
vn 0.280227 0.000000 -0.959934
vn 0.358422 0.687113 0.631989
vn 0.358422 -0.687113 -0.631989
vn -0.338125 0.000000 -0.941101
vn -0.338125 0.000000 0.941101
vn -0.314724 -0.702525 -0.638285
vn -0.314724 0.702525 0.638285
vn -0.961524 -0.274721 0.000000
vn -0.961524 -0.274721 0.000000
vn 0.274721 -0.961524 0.000000
vn 0.274721 -0.961524 0.000000
vn -0.163457 0.702525 -0.692633
vn -0.163457 -0.702525 0.692633
vn -0.106962 -0.993520 0.038430
vn -0.106962 0.993520 -0.038430
vn -0.679900 -0.194257 -0.707107
vn 0.274721 -0.961524 0.000000
vn 0.274721 -0.961524 0.000000
vn -0.679900 -0.194257 0.707107
vn 0.274721 -0.961524 0.000000
vn 0.274721 -0.961524 0.000000
vn 0.106962 0.993520 -0.038430
vn 0.106962 -0.993520 0.038430
vn 0.163457 -0.702525 0.692633
vn 0.163457 0.702525 -0.692633
vn 0.000000 0.000000 -1.000000
vn 0.274721 -0.961524 0.000000
vn 0.274721 -0.961524 0.000000
vn 0.274721 -0.961524 0.000000
vn 0.000000 0.000000 1.000000
vn 0.274721 -0.961524 0.000000
vn 0.274721 -0.961524 0.000000
vn 0.314724 0.702525 0.638285
vn 0.314724 -0.702525 -0.638285
vn 0.338125 0.000000 0.941101
vn 0.338125 0.000000 0.941101
vn 0.338125 0.000000 -0.941101
vn 0.338125 0.000000 -0.941101
vn 0.274721 -0.961524 0.000000
vn 0.274721 -0.961524 0.000000
vn 0.679900 0.194257 -0.707107
vn 0.274721 -0.961524 0.000000
vn 0.274721 -0.961524 0.000000
vn 0.679900 0.194257 0.707107
vn 0.274721 -0.961524 0.000000
vn 0.274721 -0.961524 0.000000
vn 0.961524 0.274721 0.000000
vn -1.000000 0.000000 0.000000
vn 0.000000 -1.000000 0.000000
vn 0.000000 -1.000000 0.000000
vn -1.000000 0.000000 0.000000
vn 0.000000 1.000000 0.000000
vn 0.000000 1.000000 0.000000
vn -0.961524 -0.274721 0.000000
vn -0.961524 -0.274721 0.000000
vn -0.274721 0.961524 0.000000
vn -0.274721 0.961524 0.000000
vn -0.707107 0.000000 -0.707107
vn 0.000000 -1.000000 0.000000
vn 0.000000 -1.000000 0.000000
vn -0.707107 0.000000 0.707107
vn 0.000000 -1.000000 0.000000
vn 0.000000 -1.000000 0.000000
vn -0.707107 0.000000 -0.707107
vn 0.000000 1.000000 0.000000
vn 0.000000 1.000000 0.000000
vn -0.707107 0.000000 0.707107
vn 0.000000 1.000000 0.000000
vn 0.000000 1.000000 0.000000
vn -0.356374 0.000000 -0.934343
vn -0.356374 0.000000 0.934343
vn -0.679900 -0.194257 -0.707107
vn -0.274721 0.961524 0.000000
vn -0.274721 0.961524 0.000000
vn -0.679900 -0.194257 0.707107
vn -0.274721 0.961524 0.000000
vn -0.274721 0.961524 0.000000
vn -0.251994 -0.707107 -0.660681
vn -0.251994 0.707107 -0.660681
vn -0.251994 -0.707107 0.660681
vn -0.251994 0.707107 0.660681
vn 0.000000 -1.000000 0.000000
vn 0.000000 -1.000000 0.000000
vn 0.000000 0.000000 -1.000000
vn 0.000000 -1.000000 0.000000
vn 0.000000 -1.000000 0.000000
vn 0.000000 -1.000000 0.000000
vn 0.000000 0.000000 1.000000
vn 0.000000 -1.000000 0.000000
vn -0.274721 0.961524 0.000000
vn -0.274721 0.961524 0.000000
vn 0.000000 0.000000 -1.000000
vn -0.274721 0.961524 0.000000
vn -0.274721 0.961524 0.000000
vn -0.274721 0.961524 0.000000
vn 0.000000 0.000000 1.000000
vn 0.000000 1.000000 0.000000
vn 0.000000 0.000000 -1.000000
vn 0.000000 1.000000 0.000000
vn 0.000000 1.000000 0.000000
vn 0.000000 1.000000 0.000000
vn 0.000000 0.000000 1.000000
vn 0.000000 1.000000 0.000000
vn 0.000000 1.000000 0.000000
vn 0.000000 -1.000000 0.000000
vn 0.000000 1.000000 0.000000
vn 0.251994 -0.707107 0.660681
vn 0.251994 0.707107 0.660681
vn 0.251994 -0.707107 -0.660681
vn 0.251994 0.707107 -0.660681
vn -0.274721 0.961524 0.000000
vn -0.274721 0.961524 0.000000
vn 0.679900 0.194257 -0.707107
vn -0.274721 0.961524 0.000000
vn -0.274721 0.961524 0.000000
vn 0.679900 0.194257 0.707107
vn 0.356374 0.000000 0.934343
vn 0.356374 0.000000 0.934343
vn 0.356374 0.000000 -0.934343
vn 0.356374 0.000000 -0.934343
vn 0.000000 -1.000000 0.000000
vn 0.000000 -1.000000 0.000000
vn 0.707107 0.000000 -0.707107
vn 0.000000 -1.000000 0.000000
vn 0.000000 -1.000000 0.000000
vn 0.707107 0.000000 0.707107
vn 0.000000 1.000000 0.000000
vn 0.000000 1.000000 0.000000
vn 0.707107 0.000000 -0.707107
vn 0.000000 1.000000 0.000000
vn 0.000000 1.000000 0.000000
vn 0.707107 0.000000 0.707107
vn -0.274721 0.961524 0.000000
vn -0.274721 0.961524 0.000000
vn 0.961524 0.274721 0.000000
vn 0.000000 -1.000000 0.000000
vn 0.000000 -1.000000 0.000000
vn 1.000000 0.000000 0.000000
vn 1.000000 0.000000 0.000000
vn 0.000000 1.000000 0.000000
vn 0.000000 1.000000 0.000000
vn 1.000000 0.000000 0.000000
vn 1.000000 0.000000 0.000000
vn -0.338125 0.000000 -0.941101
vn -0.338125 0.000000 0.941101
vn -0.314724 0.702525 -0.638285
vn -0.314724 -0.702525 0.638285
vn -0.163457 -0.702525 -0.692633
vn -0.163457 0.702525 0.692633
vn -0.106962 0.993520 0.038430
vn -0.106962 -0.993520 -0.038430
vn 0.106962 -0.993520 -0.038430
vn 0.106962 0.993520 0.038430
vn 0.163457 0.702525 0.692633
vn 0.163457 -0.702525 -0.692633
vn -0.961524 -0.274721 0.000000
vn -0.961524 -0.274721 0.000000
vn 0.274721 -0.961524 0.000000
vn 0.274721 -0.961524 0.000000
vn 0.314724 -0.702525 0.638285
vn 0.314724 0.702525 -0.638285
vn -0.679900 -0.194257 -0.707107
vn 0.274721 -0.961524 0.000000
vn 0.274721 -0.961524 0.000000
vn -0.679900 -0.194257 0.707107
vn 0.274721 -0.961524 0.000000
vn 0.274721 -0.961524 0.000000
vn 0.338125 0.000000 0.941101
vn 0.338125 0.000000 0.941101
vn 0.338125 0.000000 -0.941101
vn 0.338125 0.000000 -0.941101
vn 0.000000 0.000000 -1.000000
vn 0.274721 -0.961524 0.000000
vn 0.274721 -0.961524 0.000000
vn 0.274721 -0.961524 0.000000
vn 0.000000 0.000000 1.000000
vn 0.274721 -0.961524 0.000000
vn 0.274721 -0.961524 0.000000
vn 0.274721 -0.961524 0.000000
vn 0.274721 -0.961524 0.000000
vn 0.679900 0.194257 -0.707107
vn 0.274721 -0.961524 0.000000
vn 0.274721 -0.961524 0.000000
vn 0.679900 0.194257 0.707107
vn 0.274721 -0.961524 0.000000
vn 0.274721 -0.961524 0.000000
vn 0.961524 0.274721 0.000000
vn -0.358422 0.687113 -0.631989
vn -0.358422 -0.687113 0.631989
vn -0.280227 0.000000 -0.959934
vn -0.280227 0.000000 0.959934
vn -0.226657 0.971724 0.066167
vn -0.226657 -0.971724 -0.066167
vn -0.037880 -0.687113 -0.725563
vn -0.037880 0.687113 0.725563
vn -0.961524 -0.274721 0.000000
vn -0.961524 -0.274721 0.000000
vn -0.274721 0.961524 0.000000
vn -0.274721 0.961524 0.000000
vn 0.037880 0.687113 0.725563
vn 0.037880 -0.687113 -0.725563
vn -0.679900 -0.194257 -0.707107
vn -0.274721 0.961524 0.000000
vn -0.274721 0.961524 0.000000
vn -0.679900 -0.194257 0.707107
vn -0.274721 0.961524 0.000000
vn -0.274721 0.961524 0.000000
vn 0.226657 -0.971724 -0.066167
vn 0.226657 0.971724 0.066167
vn 0.280227 0.000000 0.959934
vn 0.280227 0.000000 0.959934
vn 0.280227 0.000000 -0.959934
vn 0.280227 0.000000 -0.959934
vn 0.358422 -0.687113 0.631989
vn 0.358422 0.687113 -0.631989
vn -0.274721 0.961524 0.000000
vn -0.274721 0.961524 0.000000
vn 0.000000 0.000000 -1.000000
vn -0.274721 0.961524 0.000000
vn -0.274721 0.961524 0.000000
vn -0.274721 0.961524 0.000000
vn 0.000000 0.000000 1.000000
vn -0.274721 0.961524 0.000000
vn -0.274721 0.961524 0.000000
vn 0.679900 0.194257 -0.707107
vn -0.274721 0.961524 0.000000
vn -0.274721 0.961524 0.000000
vn 0.679900 0.194257 0.707107
vn -0.274721 0.961524 0.000000
vn -0.274721 0.961524 0.000000
vn 0.961524 0.274721 0.000000
vn -0.382133 0.656038 -0.650837
vn -0.382133 -0.656038 0.650837
vn -0.367515 0.927777 0.064516
vn -0.367515 -0.927777 -0.064516
vn -0.172903 0.000000 -0.984939
vn -0.172903 0.000000 0.984939
vn -0.137612 0.656038 0.742077
vn -0.137612 -0.656038 -0.742077
vn 0.137612 -0.656038 -0.742077
vn 0.137612 0.656038 0.742077
vn 0.172903 0.000000 0.984939
vn 0.172903 0.000000 0.984939
vn 0.172903 0.000000 -0.984939
vn 0.172903 0.000000 -0.984939
vn 0.367515 -0.927777 -0.064516
vn 0.367515 0.927777 0.064516
vn 0.382133 -0.656038 0.650837
vn 0.382133 0.656038 -0.650837
vn -0.521450 0.853282 0.000000
vn -0.521450 -0.853282 0.000000
vn -0.368721 0.603361 -0.707107
vn -0.368721 0.603361 0.707107
vn -0.368721 -0.603361 -0.707107
vn -0.368721 -0.603361 0.707107
vn -0.961524 -0.274721 0.000000
vn -0.961524 -0.274721 0.000000
vn 0.274721 -0.961524 0.000000
vn 0.274721 -0.961524 0.000000
vn -0.679900 -0.194257 -0.707107
vn 0.274721 -0.961524 0.000000
vn 0.274721 -0.961524 0.000000
vn -0.679900 -0.194257 0.707107
vn 0.274721 -0.961524 0.000000
vn 0.274721 -0.961524 0.000000
vn 0.000000 0.000000 -1.000000
vn 0.000000 0.000000 1.000000
vn 0.000000 0.000000 1.000000
vn 0.000000 0.000000 -1.000000
vn 0.000000 0.000000 -1.000000
vn 0.000000 0.000000 1.000000
vn 0.000000 0.000000 -1.000000
vn 0.274721 -0.961524 0.000000
vn 0.274721 -0.961524 0.000000
vn 0.274721 -0.961524 0.000000
vn 0.000000 0.000000 1.000000
vn 0.274721 -0.961524 0.000000
vn 0.274721 -0.961524 0.000000
vn -0.640810 0.749012 -0.168356
vn -0.640810 -0.749012 0.168356
vn -0.632797 0.529632 0.564852
vn -0.632797 -0.529632 -0.564852
vn 0.368721 -0.603361 -0.707107
vn 0.368721 -0.603361 0.707107
vn 0.368721 0.603361 -0.707107
vn 0.368721 0.603361 0.707107
vn 0.274721 -0.961524 0.000000
vn 0.274721 -0.961524 0.000000
vn 0.679900 0.194257 -0.707107
vn 0.274721 -0.961524 0.000000
vn 0.274721 -0.961524 0.000000
vn 0.679900 0.194257 0.707107
vn 0.521450 -0.853282 0.000000
vn 0.521450 0.853282 0.000000
vn 0.274721 -0.961524 0.000000
vn 0.274721 -0.961524 0.000000
vn 0.961524 0.274721 0.000000
vn -0.273444 0.529632 -0.802944
vn -0.273444 -0.529632 0.802944
vn -0.254101 0.000000 0.967178
vn -0.254101 0.000000 0.967178
vn -0.254101 0.000000 -0.967178
vn -0.254101 0.000000 -0.967178
vn -0.852266 0.451357 0.264423
vn -0.852266 -0.451357 -0.264423
vn -0.629213 0.638315 -0.443448
vn -0.629213 -0.638315 0.443448
vn -0.576074 0.000000 0.817398
vn -0.576074 0.000000 0.817398
vn -0.576074 0.000000 -0.817398
vn -0.576074 0.000000 -0.817398
vn 0.254101 0.000000 -0.967178
vn 0.254101 0.000000 0.967178
vn 0.273444 -0.529632 0.802944
vn 0.273444 0.529632 -0.802944
vn -0.902894 0.394401 -0.170967
vn -0.902894 -0.394401 0.170967
vn -0.874871 0.000000 0.484356
vn -0.874871 0.000000 0.484356
vn -0.874871 0.000000 -0.484356
vn -0.874871 0.000000 -0.484356
vn -0.968240 0.000000 -0.250024
vn -0.968240 0.000000 -0.250024
vn 0.135463 -0.840508 -0.524591
vn 0.135463 -0.840508 -0.524591
vn -0.968240 0.000000 0.250024
vn -0.968240 0.000000 0.250024
vn 0.135463 0.840508 0.524591
vn 0.135463 0.840508 0.524591
vn -0.833245 -0.383110 0.398659
vn 0.135463 -0.840508 -0.524591
vn 0.135463 -0.840508 -0.524591
vn -0.833245 0.383110 -0.398659
vn 0.135463 0.840508 0.524591
vn 0.135463 0.840508 0.524591
vn 0.632797 -0.529632 -0.564852
vn 0.632797 0.529632 0.564852
vn 0.640810 -0.749012 0.168356
vn 0.640810 0.749012 -0.168356
vn -0.037575 0.451357 -0.891552
vn -0.037575 -0.451357 0.891552
vn 0.037575 -0.451357 0.891552
vn 0.037575 0.451357 -0.891552
vn -0.402014 0.557768 -0.726140
vn -0.402014 -0.557768 0.726140
vn -0.536052 -0.383110 0.752246
vn 0.135463 0.840508 0.524591
vn 0.135463 0.840508 0.524591
vn -0.536052 0.383110 -0.752246
vn 0.135463 -0.840508 -0.524591
vn 0.135463 -0.840508 -0.524591
vn -0.334360 -0.394401 0.855950
vn -0.334360 0.394401 -0.855950
vn -0.210147 -0.541799 0.813813
vn 0.135463 -0.840508 -0.524591
vn 0.135463 -0.840508 -0.524591
vn -0.210147 0.541799 -0.813813
vn 0.135463 0.840508 0.524591
vn 0.135463 0.840508 0.524591
vn 0.576074 0.000000 -0.817398
vn 0.576074 0.000000 0.817398
vn 0.135463 -0.840508 -0.524591
vn 0.135463 0.840508 0.524591
vn 0.629213 -0.638315 0.443448
vn 0.629213 0.638315 -0.443448
vn 0.334360 0.394401 -0.855950
vn 0.334360 -0.394401 0.855950
vn 0.135463 0.840508 0.524591
vn 0.135463 0.840508 0.524591
vn 0.210147 -0.541799 0.813813
vn 0.135463 -0.840508 -0.524591
vn 0.135463 -0.840508 -0.524591
vn 0.210147 0.541799 -0.813813
vn 0.852266 -0.451357 -0.264423
vn 0.852266 0.451357 0.264423
vn 0.402014 -0.557768 0.726140
vn 0.402014 0.557768 -0.726140
vn 0.135463 -0.840508 -0.524591
vn 0.135463 -0.840508 -0.524591
vn 0.536052 -0.383110 0.752246
vn 0.135463 0.840508 0.524591
vn 0.135463 0.840508 0.524591
vn 0.536052 0.383110 -0.752246
vn 0.874871 0.000000 -0.484356
vn 0.874871 0.000000 0.484356
vn 0.902894 -0.394401 0.170967
vn 0.902894 0.394401 -0.170967
vn 0.135463 0.840508 0.524591
vn 0.135463 0.840508 0.524591
vn 0.833245 -0.383110 0.398659
vn 0.135463 -0.840508 -0.524591
vn 0.135463 -0.840508 -0.524591
vn 0.833245 0.383110 -0.398659
vn 0.135463 0.840508 0.524591
vn 0.135463 0.840508 0.524591
vn 0.968240 0.000000 -0.250024
vn 0.135463 -0.840508 -0.524591
vn 0.135463 -0.840508 -0.524591
vn 0.968240 0.000000 0.250024
usemtl Trim
s 1
f 2091/2091/2091 2076/2076/2076 2082/2082/2082
f 2091/2091/2091 2082/2082/2082 2095/2095/2095
f 2076/2076/2076 2037/2037/2037 2051/2051/2051
f 2076/2076/2076 2051/2051/2051 2082/2082/2082
f 2037/2037/2037 2011/2011/2011 2017/2017/2017
f 2037/2037/2037 2017/2017/2017 2051/2051/2051
f 2011/2011/2011 2001/2001/2001 2004/2004/2004
f 2011/2011/2011 2004/2004/2004 2017/2017/2017
f 2001/2001/2001 2014/2014/2014 2020/2020/2020
f 2001/2001/2001 2020/2020/2020 2004/2004/2004
f 2014/2014/2014 2041/2041/2041 2055/2055/2055
f 2014/2014/2014 2055/2055/2055 2020/2020/2020
f 2041/2041/2041 2079/2079/2079 2085/2085/2085
f 2041/2041/2041 2085/2085/2085 2055/2055/2055
f 2079/2079/2079 2092/2092/2092 2096/2096/2096
f 2079/2079/2079 2096/2096/2096 2085/2085/2085
f 2038/2038/2038 2075/2075/2075 2089/2089/2089
f 2038/2038/2038 2036/2036/2036 2074/2074/2074
f 2038/2038/2038 2013/2013/2013 2035/2035/2035
f 2038/2038/2038 2003/2003/2003 2012/2012/2012
f 2038/2038/2038 2016/2016/2016 2002/2002/2002
f 2038/2038/2038 2040/2040/2040 2015/2015/2015
f 2038/2038/2038 2078/2078/2078 2039/2039/2039
f 2038/2038/2038 2090/2090/2090 2077/2077/2077
f 2054/2054/2054 2093/2093/2093 2081/2081/2081
f 2054/2054/2054 2080/2080/2080 2053/2053/2053
f 2054/2054/2054 2052/2052/2052 2019/2019/2019
f 2054/2054/2054 2018/2018/2018 2006/2006/2006
f 2054/2054/2054 2005/2005/2005 2022/2022/2022
f 2054/2054/2054 2021/2021/2021 2057/2057/2057
f 2054/2054/2054 2056/2056/2056 2084/2084/2084
f 2054/2054/2054 2083/2083/2083 2094/2094/2094
f 2275/2275/2275 2283/2283/2283 2270/2270/2270
f 2275/2275/2275 2270/2270/2270 2273/2273/2273
f 2283/2283/2283 2307/2307/2307 2298/2298/2298
f 2283/2283/2283 2298/2298/2298 2270/2270/2270
f 2307/2307/2307 2333/2333/2333 2320/2320/2320
f 2307/2307/2307 2320/2320/2320 2298/2298/2298
f 2333/2333/2333 2352/2352/2352 2338/2338/2338
f 2333/2333/2333 2338/2338/2338 2320/2320/2320
f 2352/2352/2352 2346/2346/2346 2340/2340/2340
f 2352/2352/2352 2340/2340/2340 2338/2338/2338
f 2346/2346/2346 2326/2326/2326 2330/2330/2330
f 2346/2346/2346 2330/2330/2330 2340/2340/2340
f 2326/2326/2326 2302/2302/2302 2306/2306/2306
f 2326/2326/2326 2306/2306/2306 2330/2330/2330
f 2302/2302/2302 2276/2276/2276 2274/2274/2274
f 2302/2302/2302 2274/2274/2274 2306/2306/2306
f 2273/2273/2273 2270/2270/2270 2258/2258/2258
f 2273/2273/2273 2258/2258/2258 2263/2263/2263
f 2270/2270/2270 2298/2298/2298 2260/2260/2260
f 2270/2270/2270 2260/2260/2260 2258/2258/2258
f 2298/2298/2298 2320/2320/2320 2294/2294/2294
f 2298/2298/2298 2294/2294/2294 2260/2260/2260
f 2320/2320/2320 2338/2338/2338 2314/2314/2314
f 2320/2320/2320 2314/2314/2314 2294/2294/2294
f 2338/2338/2338 2340/2340/2340 2328/2328/2328
f 2338/2338/2338 2328/2328/2328 2314/2314/2314
f 2340/2340/2340 2330/2330/2330 2318/2318/2318
f 2340/2340/2340 2318/2318/2318 2328/2328/2328
f 2330/2330/2330 2306/2306/2306 2296/2296/2296
f 2330/2330/2330 2296/2296/2296 2318/2318/2318
f 2306/2306/2306 2274/2274/2274 2264/2264/2264
f 2306/2306/2306 2264/2264/2264 2296/2296/2296
f 2263/2263/2263 2258/2258/2258 2235/2235/2235
f 2263/2263/2263 2235/2235/2235 2255/2255/2255
f 2258/2258/2258 2260/2260/2260 2233/2233/2233
f 2258/2258/2258 2233/2233/2233 2235/2235/2235
f 2260/2260/2260 2294/2294/2294 2252/2252/2252
f 2260/2260/2260 2252/2252/2252 2233/2233/2233
f 2294/2294/2294 2314/2314/2314 2266/2266/2266
f 2294/2294/2294 2266/2266/2266 2252/2252/2252
f 2314/2314/2314 2328/2328/2328 2290/2290/2290
f 2314/2314/2314 2290/2290/2290 2266/2266/2266
f 2328/2328/2328 2318/2318/2318 2292/2292/2292
f 2328/2328/2328 2292/2292/2292 2290/2290/2290
f 2318/2318/2318 2296/2296/2296 2268/2268/2268
f 2318/2318/2318 2268/2268/2268 2292/2292/2292
f 2296/2296/2296 2264/2264/2264 2256/2256/2256
f 2296/2296/2296 2256/2256/2256 2268/2268/2268
f 2255/2255/2255 2235/2235/2235 2207/2207/2207
f 2255/2255/2255 2207/2207/2207 2222/2222/2222
f 2235/2235/2235 2233/2233/2233 2204/2204/2204
f 2235/2235/2235 2204/2204/2204 2207/2207/2207
f 2233/2233/2233 2252/2252/2252 2208/2208/2208
f 2233/2233/2233 2208/2208/2208 2204/2204/2204
f 2252/2252/2252 2266/2266/2266 2224/2224/2224
f 2252/2252/2252 2224/2224/2224 2208/2208/2208
f 2266/2266/2266 2290/2290/2290 2239/2239/2239
f 2266/2266/2266 2239/2239/2239 2224/2224/2224
f 2290/2290/2290 2292/2292/2292 2247/2247/2247
f 2290/2290/2290 2247/2247/2247 2239/2239/2239
f 2292/2292/2292 2268/2268/2268 2238/2238/2238
f 2292/2292/2292 2238/2238/2238 2247/2247/2247
f 2268/2268/2268 2256/2256/2256 2223/2223/2223
f 2268/2268/2268 2223/2223/2223 2238/2238/2238
f 2222/2222/2222 2207/2207/2207 2192/2192/2192
f 2222/2222/2222 2192/2192/2192 2197/2197/2197
f 2207/2207/2207 2204/2204/2204 2188/2188/2188
f 2207/2207/2207 2188/2188/2188 2192/2192/2192
f 2204/2204/2204 2208/2208/2208 2186/2186/2186
f 2204/2204/2204 2186/2186/2186 2188/2188/2188
f 2208/2208/2208 2224/2224/2224 2190/2190/2190
f 2208/2208/2208 2190/2190/2190 2186/2186/2186
f 2224/2224/2224 2239/2239/2239 2194/2194/2194
f 2224/2224/2224 2194/2194/2194 2190/2190/2190
f 2239/2239/2239 2247/2247/2247 2200/2200/2200
f 2239/2239/2239 2200/2200/2200 2194/2194/2194
f 2247/2247/2247 2238/2238/2238 2202/2202/2202
f 2247/2247/2247 2202/2202/2202 2200/2200/2200
f 2238/2238/2238 2223/2223/2223 2198/2198/2198
f 2238/2238/2238 2198/2198/2198 2202/2202/2202
f 2197/2197/2197 2192/2192/2192 2154/2154/2154
f 2197/2197/2197 2154/2154/2154 2165/2165/2165
f 2192/2192/2192 2188/2188/2188 2146/2146/2146
f 2192/2192/2192 2146/2146/2146 2154/2154/2154
f 2188/2188/2188 2186/2186/2186 2142/2142/2142
f 2188/2188/2188 2142/2142/2142 2146/2146/2146
f 2186/2186/2186 2190/2190/2190 2144/2144/2144
f 2186/2186/2186 2144/2144/2144 2142/2142/2142
f 2190/2190/2190 2194/2194/2194 2148/2148/2148
f 2190/2190/2190 2148/2148/2148 2144/2144/2144
f 2194/2194/2194 2200/2200/2200 2162/2162/2162
f 2194/2194/2194 2162/2162/2162 2148/2148/2148
f 2200/2200/2200 2202/2202/2202 2168/2168/2168
f 2200/2200/2200 2168/2168/2168 2162/2162/2162
f 2202/2202/2202 2198/2198/2198 2166/2166/2166
f 2202/2202/2202 2166/2166/2166 2168/2168/2168
f 2165/2165/2165 2154/2154/2154 2108/2108/2108
f 2165/2165/2165 2108/2108/2108 2123/2123/2123
f 2154/2154/2154 2146/2146/2146 2104/2104/2104
f 2154/2154/2154 2104/2104/2104 2108/2108/2108
f 2146/2146/2146 2142/2142/2142 2100/2100/2100
f 2146/2146/2146 2100/2100/2100 2104/2104/2104
f 2142/2142/2142 2144/2144/2144 2098/2098/2098
f 2142/2142/2142 2098/2098/2098 2100/2100/2100
f 2144/2144/2144 2148/2148/2148 2102/2102/2102
f 2144/2144/2144 2102/2102/2102 2098/2098/2098
f 2148/2148/2148 2162/2162/2162 2106/2106/2106
f 2148/2148/2148 2106/2106/2106 2102/2102/2102
f 2162/2162/2162 2168/2168/2168 2114/2114/2114
f 2162/2162/2162 2114/2114/2114 2106/2106/2106
f 2168/2168/2168 2166/2166/2166 2124/2124/2124
f 2168/2168/2168 2124/2124/2124 2114/2114/2114
f 2123/2123/2123 2108/2108/2108 2062/2062/2062
f 2123/2123/2123 2062/2062/2062 2072/2072/2072
f 2108/2108/2108 2104/2104/2104 2058/2058/2058
f 2108/2108/2108 2058/2058/2058 2062/2062/2062
f 2104/2104/2104 2100/2100/2100 2033/2033/2033
f 2104/2104/2104 2033/2033/2033 2058/2058/2058
f 2100/2100/2100 2098/2098/2098 2024/2024/2024
f 2100/2100/2100 2024/2024/2024 2033/2033/2033
f 2098/2098/2098 2102/2102/2102 2034/2034/2034
f 2098/2098/2098 2034/2034/2034 2024/2024/2024
f 2102/2102/2102 2106/2106/2106 2059/2059/2059
f 2102/2102/2102 2059/2059/2059 2034/2034/2034
f 2106/2106/2106 2114/2114/2114 2063/2063/2063
f 2106/2106/2106 2063/2063/2063 2059/2059/2059
f 2114/2114/2114 2124/2124/2124 2073/2073/2073
f 2114/2114/2114 2073/2073/2073 2063/2063/2063
f 2072/2072/2072 2062/2062/2062 1987/1987/1987
f 2072/2072/2072 1987/1987/1987 1990/1990/1990
f 2062/2062/2062 2058/2058/2058 1976/1976/1976
f 2062/2062/2062 1976/1976/1976 1987/1987/1987
f 2058/2058/2058 2033/2033/2033 1966/1966/1966
f 2058/2058/2058 1966/1966/1966 1976/1976/1976
f 2033/2033/2033 2024/2024/2024 1958/1958/1958
f 2033/2033/2033 1958/1958/1958 1966/1966/1966
f 2024/2024/2024 2034/2034/2034 1960/1960/1960
f 2024/2024/2024 1960/1960/1960 1958/1958/1958
f 2034/2034/2034 2059/2059/2059 1968/1968/1968
f 2034/2034/2034 1968/1968/1968 1960/1960/1960
f 2059/2059/2059 2063/2063/2063 1978/1978/1978
f 2059/2059/2059 1978/1978/1978 1968/1968/1968
f 2063/2063/2063 2073/2073/2073 1991/1991/1991
f 2063/2063/2063 1991/1991/1991 1978/1978/1978
f 1990/1990/1990 1987/1987/1987 1956/1956/1956
f 1990/1990/1990 1956/1956/1956 1953/1953/1953
f 1987/1987/1987 1976/1976/1976 1950/1950/1950
f 1987/1987/1987 1950/1950/1950 1956/1956/1956
f 1976/1976/1976 1966/1966/1966 1943/1943/1943
f 1976/1976/1976 1943/1943/1943 1950/1950/1950
f 1966/1966/1966 1958/1958/1958 1933/1933/1933
f 1966/1966/1966 1933/1933/1933 1943/1943/1943
f 1958/1958/1958 1960/1960/1960 1931/1931/1931
f 1958/1958/1958 1931/1931/1931 1933/1933/1933
f 1960/1960/1960 1968/1968/1968 1935/1935/1935
f 1960/1960/1960 1935/1935/1935 1931/1931/1931
f 1968/1968/1968 1978/1978/1978 1948/1948/1948
f 1968/1968/1968 1948/1948/1948 1935/1935/1935
f 1978/1978/1978 1991/1991/1991 1954/1954/1954
f 1978/1978/1978 1954/1954/1954 1948/1948/1948
f 1953/1953/1953 1956/1956/1956 1912/1912/1912
f 1953/1953/1953 1912/1912/1912 1907/1907/1907
f 1956/1956/1956 1950/1950/1950 1910/1910/1910
f 1956/1956/1956 1910/1910/1910 1912/1912/1912
f 1950/1950/1950 1943/1943/1943 1904/1904/1904
f 1950/1950/1950 1904/1904/1904 1910/1910/1910
f 1943/1943/1943 1933/1933/1933 1900/1900/1900
f 1943/1943/1943 1900/1900/1900 1904/1904/1904
f 1933/1933/1933 1931/1931/1931 1896/1896/1896
f 1933/1933/1933 1896/1896/1896 1900/1900/1900
f 1931/1931/1931 1935/1935/1935 1898/1898/1898
f 1931/1931/1931 1898/1898/1898 1896/1896/1896
f 1935/1935/1935 1948/1948/1948 1902/1902/1902
f 1935/1935/1935 1902/1902/1902 1898/1898/1898
f 1948/1948/1948 1954/1954/1954 1908/1908/1908
f 1948/1948/1948 1908/1908/1908 1902/1902/1902
f 1907/1907/1907 1912/1912/1912 1891/1891/1891
f 1907/1907/1907 1891/1891/1891 1886/1886/1886
f 1912/1912/1912 1910/1910/1910 1894/1894/1894
f 1912/1912/1912 1894/1894/1894 1891/1891/1891
f 1910/1910/1910 1904/1904/1904 1892/1892/1892
f 1910/1910/1910 1892/1892/1892 1894/1894/1894
f 1904/1904/1904 1900/1900/1900 1888/1888/1888
f 1904/1904/1904 1888/1888/1888 1892/1892/1892
f 1900/1900/1900 1896/1896/1896 1878/1878/1878
f 1900/1900/1900 1878/1878/1878 1888/1888/1888
f 1896/1896/1896 1898/1898/1898 1874/1874/1874
f 1896/1896/1896 1874/1874/1874 1878/1878/1878
f 1898/1898/1898 1902/1902/1902 1877/1877/1877
f 1898/1898/1898 1877/1877/1877 1874/1874/1874
f 1902/1902/1902 1908/1908/1908 1887/1887/1887
f 1902/1902/1902 1887/1887/1887 1877/1877/1877
f 1886/1886/1886 1891/1891/1891 1872/1872/1872
f 1886/1886/1886 1872/1872/1872 1861/1861/1861
f 1891/1891/1891 1894/1894/1894 1882/1882/1882
f 1891/1891/1891 1882/1882/1882 1872/1872/1872
f 1894/1894/1894 1892/1892/1892 1880/1880/1880
f 1894/1894/1894 1880/1880/1880 1882/1882/1882
f 1892/1892/1892 1888/1888/1888 1870/1870/1870
f 1892/1892/1892 1870/1870/1870 1880/1880/1880
f 1888/1888/1888 1878/1878/1878 1858/1858/1858
f 1888/1888/1888 1858/1858/1858 1870/1870/1870
f 1878/1878/1878 1874/1874/1874 1849/1849/1849
f 1878/1878/1878 1849/1849/1849 1858/1858/1858
f 1874/1874/1874 1877/1877/1877 1851/1851/1851
f 1874/1874/1874 1851/1851/1851 1849/1849/1849
f 1877/1877/1877 1887/1887/1887 1862/1862/1862
f 1877/1877/1877 1862/1862/1862 1851/1851/1851
f 1861/1861/1861 1872/1872/1872 1845/1845/1845
f 1861/1861/1861 1845/1845/1845 1836/1836/1836
f 1872/1872/1872 1882/1882/1882 1866/1866/1866
f 1872/1872/1872 1866/1866/1866 1845/1845/1845
f 1882/1882/1882 1880/1880/1880 1868/1868/1868
f 1882/1882/1882 1868/1868/1868 1866/1866/1866
f 1880/1880/1880 1870/1870/1870 1864/1864/1864
f 1880/1880/1880 1864/1864/1864 1868/1868/1868
f 1870/1870/1870 1858/1858/1858 1843/1843/1843
f 1870/1870/1870 1843/1843/1843 1864/1864/1864
f 1858/1858/1858 1849/1849/1849 1831/1831/1831
f 1858/1858/1858 1831/1831/1831 1843/1843/1843
f 1849/1849/1849 1851/1851/1851 1827/1827/1827
f 1849/1849/1849 1827/1827/1827 1831/1831/1831
f 1851/1851/1851 1862/1862/1862 1837/1837/1837
f 1851/1851/1851 1837/1837/1837 1827/1827/1827
f 1836/1836/1836 1845/1845/1845 1829/1829/1829
f 1836/1836/1836 1829/1829/1829 1820/1820/1820
f 1845/1845/1845 1866/1866/1866 1841/1841/1841
f 1845/1845/1845 1841/1841/1841 1829/1829/1829
f 1866/1866/1866 1868/1868/1868 1856/1856/1856
f 1866/1866/1866 1856/1856/1856 1841/1841/1841
f 1868/1868/1868 1864/1864/1864 1854/1854/1854
f 1868/1868/1868 1854/1854/1854 1856/1856/1856
f 1864/1864/1864 1843/1843/1843 1839/1839/1839
f 1864/1864/1864 1839/1839/1839 1854/1854/1854
f 1843/1843/1843 1831/1831/1831 1825/1825/1825
f 1843/1843/1843 1825/1825/1825 1839/1839/1839
f 1831/1831/1831 1827/1827/1827 1817/1817/1817
f 1831/1831/1831 1817/1817/1817 1825/1825/1825
f 1827/1827/1827 1837/1837/1837 1821/1821/1821
f 1827/1827/1827 1821/1821/1821 1817/1817/1817
f 1820/1820/1820 1829/1829/1829 1822/1822/1822
f 1820/1820/1820 1822/1822/1822 1814/1814/1814
f 1829/1829/1829 1841/1841/1841 1832/1832/1832
f 1829/1829/1829 1832/1832/1832 1822/1822/1822
f 1841/1841/1841 1856/1856/1856 1846/1846/1846
f 1841/1841/1841 1846/1846/1846 1832/1832/1832
f 1856/1856/1856 1854/1854/1854 1852/1852/1852
f 1856/1856/1856 1852/1852/1852 1846/1846/1846
f 1854/1854/1854 1839/1839/1839 1847/1847/1847
f 1854/1854/1854 1847/1847/1847 1852/1852/1852
f 1839/1839/1839 1825/1825/1825 1833/1833/1833
f 1839/1839/1839 1833/1833/1833 1847/1847/1847
f 1825/1825/1825 1817/1817/1817 1823/1823/1823
f 1825/1825/1825 1823/1823/1823 1833/1833/1833
f 1817/1817/1817 1821/1821/1821 1815/1815/1815
f 1817/1817/1817 1815/1815/1815 1823/1823/1823
f 1814/1814/1814 1822/1822/1822 1816/1816/1816
f 1814/1814/1814 1816/1816/1816 1818/1818/1818
f 1822/1822/1822 1832/1832/1832 1824/1824/1824
f 1822/1822/1822 1824/1824/1824 1816/1816/1816
f 1832/1832/1832 1846/1846/1846 1838/1838/1838
f 1832/1832/1832 1838/1838/1838 1824/1824/1824
f 1846/1846/1846 1852/1852/1852 1853/1853/1853
f 1846/1846/1846 1853/1853/1853 1838/1838/1838
f 1852/1852/1852 1847/1847/1847 1855/1855/1855
f 1852/1852/1852 1855/1855/1855 1853/1853/1853
f 1847/1847/1847 1833/1833/1833 1840/1840/1840
f 1847/1847/1847 1840/1840/1840 1855/1855/1855
f 1833/1833/1833 1823/1823/1823 1828/1828/1828
f 1833/1833/1833 1828/1828/1828 1840/1840/1840
f 1823/1823/1823 1815/1815/1815 1819/1819/1819
f 1823/1823/1823 1819/1819/1819 1828/1828/1828
f 1818/1818/1818 1816/1816/1816 1826/1826/1826
f 1818/1818/1818 1826/1826/1826 1834/1834/1834
f 1816/1816/1816 1824/1824/1824 1830/1830/1830
f 1816/1816/1816 1830/1830/1830 1826/1826/1826
f 1824/1824/1824 1838/1838/1838 1842/1842/1842
f 1824/1824/1824 1842/1842/1842 1830/1830/1830
f 1838/1838/1838 1853/1853/1853 1863/1863/1863
f 1838/1838/1838 1863/1863/1863 1842/1842/1842
f 1853/1853/1853 1855/1855/1855 1867/1867/1867
f 1853/1853/1853 1867/1867/1867 1863/1863/1863
f 1855/1855/1855 1840/1840/1840 1865/1865/1865
f 1855/1855/1855 1865/1865/1865 1867/1867/1867
f 1840/1840/1840 1828/1828/1828 1844/1844/1844
f 1840/1840/1840 1844/1844/1844 1865/1865/1865
f 1828/1828/1828 1819/1819/1819 1835/1835/1835
f 1828/1828/1828 1835/1835/1835 1844/1844/1844
f 1834/1834/1834 1826/1826/1826 1850/1850/1850
f 1834/1834/1834 1850/1850/1850 1859/1859/1859
f 1826/1826/1826 1830/1830/1830 1848/1848/1848
f 1826/1826/1826 1848/1848/1848 1850/1850/1850
f 1830/1830/1830 1842/1842/1842 1857/1857/1857
f 1830/1830/1830 1857/1857/1857 1848/1848/1848
f 1842/1842/1842 1863/1863/1863 1869/1869/1869
f 1842/1842/1842 1869/1869/1869 1857/1857/1857
f 1863/1863/1863 1867/1867/1867 1879/1879/1879
f 1863/1863/1863 1879/1879/1879 1869/1869/1869
f 1867/1867/1867 1865/1865/1865 1881/1881/1881
f 1867/1867/1867 1881/1881/1881 1879/1879/1879
f 1865/1865/1865 1844/1844/1844 1871/1871/1871
f 1865/1865/1865 1871/1871/1871 1881/1881/1881
f 1844/1844/1844 1835/1835/1835 1860/1860/1860
f 1844/1844/1844 1860/1860/1860 1871/1871/1871
f 1859/1859/1859 1850/1850/1850 1876/1876/1876
f 1859/1859/1859 1876/1876/1876 1884/1884/1884
f 1850/1850/1850 1848/1848/1848 1873/1873/1873
f 1850/1850/1850 1873/1873/1873 1876/1876/1876
f 1848/1848/1848 1857/1857/1857 1875/1875/1875
f 1848/1848/1848 1875/1875/1875 1873/1873/1873
f 1857/1857/1857 1869/1869/1869 1883/1883/1883
f 1857/1857/1857 1883/1883/1883 1875/1875/1875
f 1869/1869/1869 1879/1879/1879 1889/1889/1889
f 1869/1869/1869 1889/1889/1889 1883/1883/1883
f 1879/1879/1879 1881/1881/1881 1893/1893/1893
f 1879/1879/1879 1893/1893/1893 1889/1889/1889
f 1881/1881/1881 1871/1871/1871 1890/1890/1890
f 1881/1881/1881 1890/1890/1890 1893/1893/1893
f 1871/1871/1871 1860/1860/1860 1885/1885/1885
f 1871/1871/1871 1885/1885/1885 1890/1890/1890
f 1884/1884/1884 1876/1876/1876 1901/1901/1901
f 1884/1884/1884 1901/1901/1901 1905/1905/1905
f 1876/1876/1876 1873/1873/1873 1897/1897/1897
f 1876/1876/1876 1897/1897/1897 1901/1901/1901
f 1873/1873/1873 1875/1875/1875 1895/1895/1895
f 1873/1873/1873 1895/1895/1895 1897/1897/1897
f 1875/1875/1875 1883/1883/1883 1899/1899/1899
f 1875/1875/1875 1899/1899/1899 1895/1895/1895
f 1883/1883/1883 1889/1889/1889 1903/1903/1903
f 1883/1883/1883 1903/1903/1903 1899/1899/1899
f 1889/1889/1889 1893/1893/1893 1909/1909/1909
f 1889/1889/1889 1909/1909/1909 1903/1903/1903
f 1893/1893/1893 1890/1890/1890 1911/1911/1911
f 1893/1893/1893 1911/1911/1911 1909/1909/1909
f 1890/1890/1890 1885/1885/1885 1906/1906/1906
f 1890/1890/1890 1906/1906/1906 1911/1911/1911
f 1905/1905/1905 1901/1901/1901 1947/1947/1947
f 1905/1905/1905 1947/1947/1947 1951/1951/1951
f 1901/1901/1901 1897/1897/1897 1934/1934/1934
f 1901/1901/1901 1934/1934/1934 1947/1947/1947
f 1897/1897/1897 1895/1895/1895 1930/1930/1930
f 1897/1897/1897 1930/1930/1930 1934/1934/1934
f 1895/1895/1895 1899/1899/1899 1932/1932/1932
f 1895/1895/1895 1932/1932/1932 1930/1930/1930
f 1899/1899/1899 1903/1903/1903 1942/1942/1942
f 1899/1899/1899 1942/1942/1942 1932/1932/1932
f 1903/1903/1903 1909/1909/1909 1949/1949/1949
f 1903/1903/1903 1949/1949/1949 1942/1942/1942
f 1909/1909/1909 1911/1911/1911 1955/1955/1955
f 1909/1909/1909 1955/1955/1955 1949/1949/1949
f 1911/1911/1911 1906/1906/1906 1952/1952/1952
f 1911/1911/1911 1952/1952/1952 1955/1955/1955
f 1951/1951/1951 1947/1947/1947 1977/1977/1977
f 1951/1951/1951 1977/1977/1977 1988/1988/1988
f 1947/1947/1947 1934/1934/1934 1967/1967/1967
f 1947/1947/1947 1967/1967/1967 1977/1977/1977
f 1934/1934/1934 1930/1930/1930 1959/1959/1959
f 1934/1934/1934 1959/1959/1959 1967/1967/1967
f 1930/1930/1930 1932/1932/1932 1957/1957/1957
f 1930/1930/1930 1957/1957/1957 1959/1959/1959
f 1932/1932/1932 1942/1942/1942 1965/1965/1965
f 1932/1932/1932 1965/1965/1965 1957/1957/1957
f 1942/1942/1942 1949/1949/1949 1975/1975/1975
f 1942/1942/1942 1975/1975/1975 1965/1965/1965
f 1949/1949/1949 1955/1955/1955 1986/1986/1986
f 1949/1949/1949 1986/1986/1986 1975/1975/1975
f 1955/1955/1955 1952/1952/1952 1989/1989/1989
f 1955/1955/1955 1989/1989/1989 1986/1986/1986
f 1988/1988/1988 1977/1977/1977 2060/2060/2060
f 1988/1988/1988 2060/2060/2060 2070/2070/2070
f 1977/1977/1977 1967/1967/1967 2042/2042/2042
f 1977/1977/1977 2042/2042/2042 2060/2060/2060
f 1967/1967/1967 1959/1959/1959 2031/2031/2031
f 1967/1967/1967 2031/2031/2031 2042/2042/2042
f 1959/1959/1959 1957/1957/1957 2023/2023/2023
f 1959/1959/1959 2023/2023/2023 2031/2031/2031
f 1957/1957/1957 1965/1965/1965 2032/2032/2032
f 1957/1957/1957 2032/2032/2032 2023/2023/2023
f 1965/1965/1965 1975/1975/1975 2050/2050/2050
f 1965/1965/1965 2050/2050/2050 2032/2032/2032
f 1975/1975/1975 1986/1986/1986 2061/2061/2061
f 1975/1975/1975 2061/2061/2061 2050/2050/2050
f 1986/1986/1986 1989/1989/1989 2071/2071/2071
f 1986/1986/1986 2071/2071/2071 2061/2061/2061
f 2070/2070/2070 2060/2060/2060 2113/2113/2113
f 2070/2070/2070 2113/2113/2113 2121/2121/2121
f 2060/2060/2060 2042/2042/2042 2105/2105/2105
f 2060/2060/2060 2105/2105/2105 2113/2113/2113
f 2042/2042/2042 2031/2031/2031 2101/2101/2101
f 2042/2042/2042 2101/2101/2101 2105/2105/2105
f 2031/2031/2031 2023/2023/2023 2097/2097/2097
f 2031/2031/2031 2097/2097/2097 2101/2101/2101
f 2023/2023/2023 2032/2032/2032 2099/2099/2099
f 2023/2023/2023 2099/2099/2099 2097/2097/2097
f 2032/2032/2032 2050/2050/2050 2103/2103/2103
f 2032/2032/2032 2103/2103/2103 2099/2099/2099
f 2050/2050/2050 2061/2061/2061 2107/2107/2107
f 2050/2050/2050 2107/2107/2107 2103/2103/2103
f 2061/2061/2061 2071/2071/2071 2122/2122/2122
f 2061/2061/2061 2122/2122/2122 2107/2107/2107
f 2121/2121/2121 2113/2113/2113 2167/2167/2167
f 2121/2121/2121 2167/2167/2167 2163/2163/2163
f 2113/2113/2113 2105/2105/2105 2161/2161/2161
f 2113/2113/2113 2161/2161/2161 2167/2167/2167
f 2105/2105/2105 2101/2101/2101 2147/2147/2147
f 2105/2105/2105 2147/2147/2147 2161/2161/2161
f 2101/2101/2101 2097/2097/2097 2143/2143/2143
f 2101/2101/2101 2143/2143/2143 2147/2147/2147
f 2097/2097/2097 2099/2099/2099 2141/2141/2141
f 2097/2097/2097 2141/2141/2141 2143/2143/2143
f 2099/2099/2099 2103/2103/2103 2145/2145/2145
f 2099/2099/2099 2145/2145/2145 2141/2141/2141
f 2103/2103/2103 2107/2107/2107 2153/2153/2153
f 2103/2103/2103 2153/2153/2153 2145/2145/2145
f 2107/2107/2107 2122/2122/2122 2164/2164/2164
f 2107/2107/2107 2164/2164/2164 2153/2153/2153
f 2163/2163/2163 2167/2167/2167 2201/2201/2201
f 2163/2163/2163 2201/2201/2201 2195/2195/2195
f 2167/2167/2167 2161/2161/2161 2199/2199/2199
f 2167/2167/2167 2199/2199/2199 2201/2201/2201
f 2161/2161/2161 2147/2147/2147 2193/2193/2193
f 2161/2161/2161 2193/2193/2193 2199/2199/2199
f 2147/2147/2147 2143/2143/2143 2189/2189/2189
f 2147/2147/2147 2189/2189/2189 2193/2193/2193
f 2143/2143/2143 2141/2141/2141 2185/2185/2185
f 2143/2143/2143 2185/2185/2185 2189/2189/2189
f 2141/2141/2141 2145/2145/2145 2187/2187/2187
f 2141/2141/2141 2187/2187/2187 2185/2185/2185
f 2145/2145/2145 2153/2153/2153 2191/2191/2191
f 2145/2145/2145 2191/2191/2191 2187/2187/2187
f 2153/2153/2153 2164/2164/2164 2196/2196/2196
f 2153/2153/2153 2196/2196/2196 2191/2191/2191
f 2195/2195/2195 2201/2201/2201 2237/2237/2237
f 2195/2195/2195 2237/2237/2237 2220/2220/2220
f 2201/2201/2201 2199/2199/2199 2246/2246/2246
f 2201/2201/2201 2246/2246/2246 2237/2237/2237
f 2199/2199/2199 2193/2193/2193 2236/2236/2236
f 2199/2199/2199 2236/2236/2236 2246/2246/2246
f 2193/2193/2193 2189/2189/2189 2219/2219/2219
f 2193/2193/2193 2219/2219/2219 2236/2236/2236
f 2189/2189/2189 2185/2185/2185 2205/2205/2205
f 2189/2189/2189 2205/2205/2205 2219/2219/2219
f 2185/2185/2185 2187/2187/2187 2203/2203/2203
f 2185/2185/2185 2203/2203/2203 2205/2205/2205
f 2187/2187/2187 2191/2191/2191 2206/2206/2206
f 2187/2187/2187 2206/2206/2206 2203/2203/2203
f 2191/2191/2191 2196/2196/2196 2221/2221/2221
f 2191/2191/2191 2221/2221/2221 2206/2206/2206
f 2220/2220/2220 2237/2237/2237 2267/2267/2267
f 2220/2220/2220 2267/2267/2267 2253/2253/2253
f 2237/2237/2237 2246/2246/2246 2291/2291/2291
f 2237/2237/2237 2291/2291/2291 2267/2267/2267
f 2246/2246/2246 2236/2236/2236 2289/2289/2289
f 2246/2246/2246 2289/2289/2289 2291/2291/2291
f 2236/2236/2236 2219/2219/2219 2265/2265/2265
f 2236/2236/2236 2265/2265/2265 2289/2289/2289
f 2219/2219/2219 2205/2205/2205 2251/2251/2251
f 2219/2219/2219 2251/2251/2251 2265/2265/2265
f 2205/2205/2205 2203/2203/2203 2232/2232/2232
f 2205/2205/2205 2232/2232/2232 2251/2251/2251
f 2203/2203/2203 2206/2206/2206 2234/2234/2234
f 2203/2203/2203 2234/2234/2234 2232/2232/2232
f 2206/2206/2206 2221/2221/2221 2254/2254/2254
f 2206/2206/2206 2254/2254/2254 2234/2234/2234
f 2253/2253/2253 2267/2267/2267 2295/2295/2295
f 2253/2253/2253 2295/2295/2295 2261/2261/2261
f 2267/2267/2267 2291/2291/2291 2317/2317/2317
f 2267/2267/2267 2317/2317/2317 2295/2295/2295
f 2291/2291/2291 2289/2289/2289 2327/2327/2327
f 2291/2291/2291 2327/2327/2327 2317/2317/2317
f 2289/2289/2289 2265/2265/2265 2313/2313/2313
f 2289/2289/2289 2313/2313/2313 2327/2327/2327
f 2265/2265/2265 2251/2251/2251 2293/2293/2293
f 2265/2265/2265 2293/2293/2293 2313/2313/2313
f 2251/2251/2251 2232/2232/2232 2259/2259/2259
f 2251/2251/2251 2259/2259/2259 2293/2293/2293
f 2232/2232/2232 2234/2234/2234 2257/2257/2257
f 2232/2232/2232 2257/2257/2257 2259/2259/2259
f 2234/2234/2234 2254/2254/2254 2262/2262/2262
f 2234/2234/2234 2262/2262/2262 2257/2257/2257
f 2261/2261/2261 2295/2295/2295 2305/2305/2305
f 2261/2261/2261 2305/2305/2305 2271/2271/2271
f 2295/2295/2295 2317/2317/2317 2329/2329/2329
f 2295/2295/2295 2329/2329/2329 2305/2305/2305
f 2317/2317/2317 2327/2327/2327 2339/2339/2339
f 2317/2317/2317 2339/2339/2339 2329/2329/2329
f 2327/2327/2327 2313/2313/2313 2337/2337/2337
f 2327/2327/2327 2337/2337/2337 2339/2339/2339
f 2313/2313/2313 2293/2293/2293 2319/2319/2319
f 2313/2313/2313 2319/2319/2319 2337/2337/2337
f 2293/2293/2293 2259/2259/2259 2297/2297/2297
f 2293/2293/2293 2297/2297/2297 2319/2319/2319
f 2259/2259/2259 2257/2257/2257 2269/2269/2269
f 2259/2259/2259 2269/2269/2269 2297/2297/2297
f 2257/2257/2257 2262/2262/2262 2272/2272/2272
f 2257/2257/2257 2272/2272/2272 2269/2269/2269
f 2271/2271/2271 2305/2305/2305 2299/2299/2299
f 2271/2271/2271 2299/2299/2299 2279/2279/2279
f 2305/2305/2305 2329/2329/2329 2323/2323/2323
f 2305/2305/2305 2323/2323/2323 2299/2299/2299
f 2329/2329/2329 2339/2339/2339 2343/2343/2343
f 2329/2329/2329 2343/2343/2343 2323/2323/2323
f 2339/2339/2339 2337/2337/2337 2349/2349/2349
f 2339/2339/2339 2349/2349/2349 2343/2343/2343
f 2337/2337/2337 2319/2319/2319 2336/2336/2336
f 2337/2337/2337 2336/2336/2336 2349/2349/2349
f 2319/2319/2319 2297/2297/2297 2310/2310/2310
f 2319/2319/2319 2310/2310/2310 2336/2336/2336
f 2297/2297/2297 2269/2269/2269 2286/2286/2286
f 2297/2297/2297 2286/2286/2286 2310/2310/2310
f 2269/2269/2269 2272/2272/2272 2280/2280/2280
f 2269/2269/2269 2280/2280/2280 2286/2286/2286
f 2315/2315/2315 2285/2285/2285 2277/2277/2277
f 2315/2315/2315 2309/2309/2309 2284/2284/2284
f 2315/2315/2315 2332/2332/2332 2308/2308/2308
f 2315/2315/2315 2351/2351/2351 2331/2331/2331
f 2315/2315/2315 2345/2345/2345 2350/2350/2350
f 2315/2315/2315 2325/2325/2325 2344/2344/2344
f 2315/2315/2315 2304/2304/2304 2324/2324/2324
f 2315/2315/2315 2278/2278/2278 2303/2303/2303
f 2316/2316/2316 2281/2281/2281 2301/2301/2301
f 2316/2316/2316 2300/2300/2300 2322/2322/2322
f 2316/2316/2316 2321/2321/2321 2342/2342/2342
f 2316/2316/2316 2341/2341/2341 2348/2348/2348
f 2316/2316/2316 2347/2347/2347 2335/2335/2335
f 2316/2316/2316 2334/2334/2334 2312/2312/2312
f 2316/2316/2316 2311/2311/2311 2288/2288/2288
f 2316/2316/2316 2287/2287/2287 2282/2282/2282
f 1913/1913/1913 1917/1917/1917 1969/1969/1969
f 1913/1913/1913 1969/1969/1969 1961/1961/1961
f 1917/1917/1917 1925/1925/1925 1979/1979/1979
f 1917/1917/1917 1979/1979/1979 1969/1969/1969
f 1925/1925/1925 1938/1938/1938 1994/1994/1994
f 1925/1925/1925 1994/1994/1994 1979/1979/1979
f 1938/1938/1938 1946/1946/1946 2000/2000/2000
f 1938/1938/1938 2000/2000/2000 1994/1994/1994
f 1946/1946/1946 1941/1941/1941 1997/1997/1997
f 1946/1946/1946 1997/1997/1997 2000/2000/2000
f 1941/1941/1941 1929/1929/1929 1983/1983/1983
f 1941/1941/1941 1983/1983/1983 1997/1997/1997
f 1929/1929/1929 1920/1920/1920 1972/1972/1972
f 1929/1929/1929 1972/1972/1972 1983/1983/1983
f 1920/1920/1920 1914/1914/1914 1962/1962/1962
f 1920/1920/1920 1962/1962/1962 1972/1972/1972
f 1926/1926/1926 1919/1919/1919 1915/1915/1915
f 1926/1926/1926 1924/1924/1924 1918/1918/1918
f 1926/1926/1926 1937/1937/1937 1923/1923/1923
f 1926/1926/1926 1945/1945/1945 1936/1936/1936
f 1926/1926/1926 1940/1940/1940 1944/1944/1944
f 1926/1926/1926 1928/1928/1928 1939/1939/1939
f 1926/1926/1926 1922/1922/1922 1927/1927/1927
f 1926/1926/1926 1916/1916/1916 1921/1921/1921
f 1982/1982/1982 1963/1963/1963 1971/1971/1971
f 1982/1982/1982 1970/1970/1970 1981/1981/1981
f 1982/1982/1982 1980/1980/1980 1993/1993/1993
f 1982/1982/1982 1992/1992/1992 1999/1999/1999
f 1982/1982/1982 1998/1998/1998 1996/1996/1996
f 1982/1982/1982 1995/1995/1995 1985/1985/1985
f 1982/1982/1982 1984/1984/1984 1974/1974/1974
f 1982/1982/1982 1973/1973/1973 1964/1964/1964
f 2007/2007/2007 2025/2025/2025 2115/2115/2115
f 2007/2007/2007 2115/2115/2115 2109/2109/2109
f 2025/2025/2025 2045/2045/2045 2125/2125/2125
f 2025/2025/2025 2125/2125/2125 2115/2115/2115
f 2045/2045/2045 2066/2066/2066 2134/2134/2134
f 2045/2045/2045 2134/2134/2134 2125/2125/2125
f 2066/2066/2066 2088/2088/2088 2140/2140/2140
f 2066/2066/2066 2140/2140/2140 2134/2134/2134
f 2088/2088/2088 2069/2069/2069 2137/2137/2137
f 2088/2088/2088 2137/2137/2137 2140/2140/2140
f 2069/2069/2069 2049/2049/2049 2129/2129/2129
f 2069/2069/2069 2129/2129/2129 2137/2137/2137
f 2049/2049/2049 2028/2028/2028 2118/2118/2118
f 2049/2049/2049 2118/2118/2118 2129/2129/2129
f 2028/2028/2028 2008/2008/2008 2110/2110/2110
f 2028/2028/2028 2110/2110/2110 2118/2118/2118
f 2046/2046/2046 2027/2027/2027 2009/2009/2009
f 2046/2046/2046 2044/2044/2044 2026/2026/2026
f 2046/2046/2046 2065/2065/2065 2043/2043/2043
f 2046/2046/2046 2087/2087/2087 2064/2064/2064
f 2046/2046/2046 2068/2068/2068 2086/2086/2086
f 2046/2046/2046 2048/2048/2048 2067/2067/2067
f 2046/2046/2046 2030/2030/2030 2047/2047/2047
f 2046/2046/2046 2010/2010/2010 2029/2029/2029
f 2128/2128/2128 2111/2111/2111 2117/2117/2117
f 2128/2128/2128 2116/2116/2116 2127/2127/2127
f 2128/2128/2128 2126/2126/2126 2133/2133/2133
f 2128/2128/2128 2132/2132/2132 2139/2139/2139
f 2128/2128/2128 2138/2138/2138 2136/2136/2136
f 2128/2128/2128 2135/2135/2135 2131/2131/2131
f 2128/2128/2128 2130/2130/2130 2120/2120/2120
f 2128/2128/2128 2119/2119/2119 2112/2112/2112
f 2149/2149/2149 2155/2155/2155 2213/2213/2213
f 2149/2149/2149 2213/2213/2213 2209/2209/2209
f 2155/2155/2155 2171/2171/2171 2225/2225/2225
f 2155/2155/2155 2225/2225/2225 2213/2213/2213
f 2171/2171/2171 2178/2178/2178 2242/2242/2242
f 2171/2171/2171 2242/2242/2242 2225/2225/2225
f 2178/2178/2178 2184/2184/2184 2250/2250/2250
f 2178/2178/2178 2250/2250/2250 2242/2242/2242
f 2184/2184/2184 2181/2181/2181 2245/2245/2245
f 2184/2184/2184 2245/2245/2245 2250/2250/2250
f 2181/2181/2181 2175/2175/2175 2229/2229/2229
f 2181/2181/2181 2229/2229/2229 2245/2245/2245
f 2175/2175/2175 2158/2158/2158 2216/2216/2216
f 2175/2175/2175 2216/2216/2216 2229/2229/2229
f 2158/2158/2158 2150/2150/2150 2210/2210/2210
f 2158/2158/2158 2210/2210/2210 2216/2216/2216
f 2172/2172/2172 2157/2157/2157 2151/2151/2151
f 2172/2172/2172 2170/2170/2170 2156/2156/2156
f 2172/2172/2172 2177/2177/2177 2169/2169/2169
f 2172/2172/2172 2183/2183/2183 2176/2176/2176
f 2172/2172/2172 2180/2180/2180 2182/2182/2182
f 2172/2172/2172 2174/2174/2174 2179/2179/2179
f 2172/2172/2172 2160/2160/2160 2173/2173/2173
f 2172/2172/2172 2152/2152/2152 2159/2159/2159
f 2228/2228/2228 2211/2211/2211 2215/2215/2215
f 2228/2228/2228 2214/2214/2214 2227/2227/2227
f 2228/2228/2228 2226/2226/2226 2241/2241/2241
f 2228/2228/2228 2240/2240/2240 2249/2249/2249
f 2228/2228/2228 2248/2248/2248 2244/2244/2244
f 2228/2228/2228 2243/2243/2243 2231/2231/2231
f 2228/2228/2228 2230/2230/2230 2218/2218/2218
f 2228/2228/2228 2217/2217/2217 2212/2212/2212
