# Y up, metres; named parts; full animation hierarchy is in the Unity prefab
mtllib Materials.mtl
o Cuencos_concavos
v -1.720000 0.820000 0.000000
v -1.711718 0.820000 -0.168589
v -1.711718 0.820000 0.168589
v -1.686951 0.820000 -0.335555
v -1.686951 0.820000 0.335555
v -1.650000 0.940000 0.000000
v -1.650000 0.940000 0.000000
v -1.645937 0.820000 -0.499290
v -1.645937 0.820000 0.499290
v -1.642055 0.940000 -0.161728
v -1.642055 0.940000 -0.161728
v -1.642055 0.940000 0.161728
v -1.642055 0.940000 0.161728
v -1.618296 0.940000 -0.321899
v -1.618296 0.940000 -0.321899
v -1.618296 0.940000 0.321899
v -1.618296 0.940000 0.321899
v -1.600000 0.450000 0.000000
v -1.592296 0.450000 -0.156827
v -1.592296 0.450000 0.156827
v -1.589073 0.820000 -0.658216
v -1.589073 0.820000 0.658216
v -1.578952 0.940000 -0.478970
v -1.578952 0.940000 -0.478970
v -1.578952 0.940000 0.478970
v -1.578952 0.940000 0.478970
v -1.569256 0.450000 -0.312145
v -1.569256 0.450000 0.312145
v -1.531105 0.450000 -0.464455
v -1.531105 0.450000 0.464455
v -1.524401 0.940000 -0.631428
v -1.524401 0.940000 -0.631428
v -1.524401 0.940000 0.631428
v -1.524401 0.940000 0.631428
v -1.516905 0.820000 -0.810802
v -1.516905 0.820000 0.810802
v -1.500000 0.920000 0.000000
v -1.500000 0.920000 0.000000
v -1.492777 0.920000 -0.147026
v -1.492777 0.920000 -0.147026
v -1.492777 0.920000 0.147026
v -1.492777 0.920000 0.147026
v -1.478207 0.450000 -0.612293
v -1.478207 0.450000 0.612293
v -1.471178 0.920000 -0.292635
v -1.471178 0.920000 -0.292635
v -1.471178 0.920000 0.292635
v -1.471178 0.920000 0.292635
v -1.455170 0.940000 -0.777805
v -1.455170 0.940000 -0.777805
v -1.455170 0.940000 0.777805
v -1.455170 0.940000 0.777805
v -1.435411 0.920000 -0.435427
v -1.435411 0.920000 -0.435427
v -1.435411 0.920000 0.435427
v -1.435411 0.920000 0.435427
v -1.430128 0.820000 -0.955581
v -1.430128 0.820000 0.955581
v -1.411074 0.450000 -0.754235
v -1.411074 0.450000 0.754235
v -1.400000 0.580000 0.000000
v -1.393259 0.580000 -0.137224
v -1.393259 0.580000 0.137224
v -1.385819 0.920000 -0.574025
v -1.385819 0.920000 -0.574025
v -1.385819 0.920000 0.574025
v -1.385819 0.920000 0.574025
v -1.373099 0.580000 -0.273126
v -1.373099 0.580000 0.273126
v -1.371925 0.940000 -0.916691
v -1.371925 0.940000 -0.916691
v -1.371925 0.940000 0.916691
v -1.371925 0.940000 0.916691
v -1.339716 0.580000 -0.406399
v -1.339716 0.580000 0.406399
v -1.330351 0.450000 -0.888912
v -1.330351 0.450000 0.888912
v -1.329578 0.820000 -1.091156
v -1.329578 0.820000 1.091156
v -1.322882 0.920000 -0.707095
v -1.322882 0.920000 -0.707095
v -1.322882 0.920000 0.707095
v -1.322882 0.920000 0.707095
v -1.293431 0.580000 -0.535757
v -1.293431 0.580000 0.535757
v -1.280000 0.120000 0.000000
v -1.275467 0.940000 -1.046749
v -1.275467 0.940000 -1.046749
v -1.275467 0.940000 1.046749
v -1.275467 0.940000 1.046749
v -1.273836 0.120000 -0.125462
v -1.273836 0.120000 0.125462
v -1.255405 0.120000 -0.249716
v -1.255405 0.120000 0.249716
v -1.247204 0.920000 -0.833355
v -1.247204 0.920000 -0.833355
v -1.247204 0.920000 0.833355
v -1.247204 0.920000 0.833355
v -1.236817 0.450000 -1.015029
v -1.236817 0.450000 1.015029
v -1.234690 0.580000 -0.659955
v -1.234690 0.580000 0.659955
v -1.224884 0.120000 -0.371564
v -1.224884 0.120000 0.371564
v -1.216224 0.820000 -1.216224
v -1.216224 0.820000 1.216224
v -1.182566 0.120000 -0.489835
v -1.182566 0.120000 0.489835
v -1.166726 0.940000 -1.166726
v -1.166726 0.940000 -1.166726
v -1.166726 0.940000 1.166726
v -1.166726 0.940000 1.166726
v -1.164057 0.580000 -0.777798
v -1.164057 0.580000 0.777798
v -1.159516 0.920000 -0.951590
v -1.159516 0.920000 -0.951590
v -1.159516 0.920000 0.951590
v -1.159516 0.920000 0.951590
v -1.131371 0.450000 -1.131371
v -1.131371 0.450000 1.131371
v -1.128859 0.120000 -0.603388
v -1.128859 0.120000 0.603388
v -1.100000 0.000000 0.000000
v -1.100000 0.000000 0.000000
v -1.094703 0.000000 -0.107819
v -1.094703 0.000000 -0.107819
v -1.094703 0.000000 0.107819
v -1.094703 0.000000 0.107819
v -1.091156 0.820000 -1.329578
v -1.091156 0.820000 1.329578
v -1.082215 0.580000 -0.888151
v -1.082215 0.580000 0.888151
v -1.078864 0.000000 -0.214599
v -1.078864 0.000000 -0.214599
v -1.078864 0.000000 0.214599
v -1.078864 0.000000 0.214599
v -1.064281 0.120000 -0.711130
v -1.064281 0.120000 0.711130
v -1.060660 0.920000 -1.060660
v -1.060660 0.920000 -1.060660
v -1.060660 0.920000 1.060660
v -1.060660 0.920000 1.060660
v -1.052634 0.000000 -0.319313
v -1.052634 0.000000 -0.319313
v -1.052634 0.000000 0.319313
v -1.052634 0.000000 0.319313
v -1.046749 0.940000 -1.275467
v -1.046749 0.940000 -1.275467
v -1.046749 0.940000 1.275467
v -1.046749 0.940000 1.275467
v -1.016267 0.000000 -0.420952
v -1.016267 0.000000 -0.420952
v -1.016267 0.000000 0.420952
v -1.016267 0.000000 0.420952
v -1.015029 0.450000 -1.236817
v -1.015029 0.450000 1.236817
v -0.989949 0.580000 -0.989949
v -0.989949 0.580000 0.989949
v -0.989453 0.120000 -0.812023
v -0.989453 0.120000 0.812023
v -0.970113 0.000000 -0.518536
v -0.970113 0.000000 -0.518536
v -0.970113 0.000000 0.518536
v -0.970113 0.000000 0.518536
v -0.955581 0.820000 -1.430128
v -0.955581 0.820000 1.430128
v -0.951590 0.920000 -1.159516
v -0.951590 0.920000 -1.159516
v -0.951590 0.920000 1.159516
v -0.951590 0.920000 1.159516
v -0.950000 0.230000 0.000000
v -0.950000 0.230000 0.000000
v -0.945425 0.230000 -0.093116
v -0.945425 0.230000 -0.093116
v -0.945425 0.230000 0.093116
v -0.945425 0.230000 0.093116
v -0.931746 0.230000 -0.185336
v -0.931746 0.230000 -0.185336
v -0.931746 0.230000 0.185336
v -0.931746 0.230000 0.185336
v -0.916691 0.940000 -1.371925
v -0.916691 0.940000 -1.371925
v -0.916691 0.940000 1.371925
v -0.916691 0.940000 1.371925
v -0.914617 0.000000 -0.611127
v -0.914617 0.000000 -0.611127
v -0.914617 0.000000 0.611127
v -0.914617 0.000000 0.611127
v -0.909093 0.230000 -0.275770
v -0.909093 0.230000 -0.275770
v -0.909093 0.230000 0.275770
v -0.909093 0.230000 0.275770
v -0.905097 0.120000 -0.905097
v -0.905097 0.120000 0.905097
v -0.888912 0.450000 -1.330351
v -0.888912 0.450000 1.330351
v -0.888151 0.580000 -1.082215
v -0.888151 0.580000 1.082215
v -0.877686 0.230000 -0.363549
v -0.877686 0.230000 -0.363549
v -0.877686 0.230000 0.363549
v -0.877686 0.230000 0.363549
v -0.850311 0.000000 -0.697833
v -0.850311 0.000000 -0.697833
v -0.850311 0.000000 0.697833
v -0.850311 0.000000 0.697833
v -0.837825 0.230000 -0.447827
v -0.837825 0.230000 -0.447827
v -0.837825 0.230000 0.447827
v -0.837825 0.230000 0.447827
v -0.833355 0.920000 -1.247204
v -0.833355 0.920000 -1.247204
v -0.833355 0.920000 1.247204
v -0.833355 0.920000 1.247204
v -0.812023 0.120000 -0.989453
v -0.812023 0.120000 0.989453
v -0.810802 0.820000 -1.516905
v -0.810802 0.820000 1.516905
v -0.789896 0.230000 -0.527792
v -0.789896 0.230000 -0.527792
v -0.789896 0.230000 0.527792
v -0.789896 0.230000 0.527792
v -0.777817 0.000000 -0.777817
v -0.777817 0.000000 -0.777817
v -0.777817 0.000000 0.777817
v -0.777817 0.000000 0.777817
v -0.777805 0.940000 -1.455170
v -0.777805 0.940000 -1.455170
v -0.777805 0.940000 1.455170
v -0.777805 0.940000 1.455170
v -0.777798 0.580000 -1.164057
v -0.777798 0.580000 1.164057
v -0.754235 0.450000 -1.411074
v -0.754235 0.450000 1.411074
v -0.734360 0.230000 -0.602674
v -0.734360 0.230000 -0.602674
v -0.734360 0.230000 0.602674
v -0.734360 0.230000 0.602674
v -0.711130 0.120000 -1.064281
v -0.711130 0.120000 1.064281
v -0.707095 0.920000 -1.322882
v -0.707095 0.920000 -1.322882
v -0.707095 0.920000 1.322882
v -0.707095 0.920000 1.322882
v -0.697833 0.000000 -0.850311
v -0.697833 0.000000 -0.850311
v -0.697833 0.000000 0.850311
v -0.697833 0.000000 0.850311
v -0.671751 0.230000 -0.671751
v -0.671751 0.230000 -0.671751
v -0.671751 0.230000 0.671751
v -0.671751 0.230000 0.671751
v -0.659955 0.580000 -1.234690
v -0.659955 0.580000 1.234690
v -0.658216 0.820000 -1.589073
v -0.658216 0.820000 1.589073
v -0.631428 0.940000 -1.524401
v -0.631428 0.940000 -1.524401
v -0.631428 0.940000 1.524401
v -0.631428 0.940000 1.524401
v -0.620000 1.480000 0.000000
v -0.620000 1.480000 0.000000
v -0.612367 1.480000 -0.096989
v -0.612367 1.480000 -0.096989
v -0.612367 1.480000 0.096989
v -0.612367 1.480000 0.096989
v -0.612293 0.450000 -1.478207
v -0.612293 0.450000 1.478207
v -0.611127 0.000000 -0.914617
v -0.611127 0.000000 -0.914617
v -0.611127 0.000000 0.914617
v -0.611127 0.000000 0.914617
v -0.603388 0.120000 -1.128859
v -0.603388 0.120000 1.128859
v -0.602674 0.230000 -0.734360
v -0.602674 0.230000 -0.734360
v -0.602674 0.230000 0.734360
v -0.602674 0.230000 0.734360
v -0.600000 1.350000 0.000000
v -0.592613 1.350000 -0.093861
v -0.592613 1.350000 0.093861
v -0.589655 1.480000 -0.191591
v -0.589655 1.480000 -0.191591
v -0.589655 1.480000 0.191591
v -0.589655 1.480000 0.191591
v -0.574025 0.920000 -1.385819
v -0.574025 0.920000 -1.385819
v -0.574025 0.920000 1.385819
v -0.574025 0.920000 1.385819
v -0.570634 1.350000 -0.185410
v -0.570634 1.350000 0.185410
v -0.552424 1.480000 -0.281474
v -0.552424 1.480000 -0.281474
v -0.552424 1.480000 0.281474
v -0.552424 1.480000 0.281474
v -0.535757 0.580000 -1.293431
v -0.535757 0.580000 1.293431
v -0.534604 1.350000 -0.272394
v -0.534604 1.350000 0.272394
v -0.527792 0.230000 -0.789896
v -0.527792 0.230000 -0.789896
v -0.527792 0.230000 0.789896
v -0.527792 0.230000 0.789896
v -0.518536 0.000000 -0.970113
v -0.518536 0.000000 -0.970113
v -0.518536 0.000000 0.970113
v -0.518536 0.000000 0.970113
v -0.510000 1.490000 0.000000
v -0.503721 1.490000 -0.079782
v -0.503721 1.490000 0.079782
v -0.501591 1.480000 -0.364427
v -0.501591 1.480000 -0.364427
v -0.501591 1.480000 0.364427
v -0.501591 1.480000 0.364427
v -0.499290 0.820000 -1.645937
v -0.499290 0.820000 1.645937
v -0.489835 0.120000 -1.182566
v -0.489835 0.120000 1.182566
v -0.485410 1.350000 -0.352671
v -0.485410 1.350000 0.352671
v -0.485039 1.490000 -0.157599
v -0.485039 1.490000 0.157599
v -0.478970 0.940000 -1.578952
v -0.478970 0.940000 -1.578952
v -0.478970 0.940000 1.578952
v -0.478970 0.940000 1.578952
v -0.464455 0.450000 -1.531105
v -0.464455 0.450000 1.531105
v -0.454413 1.490000 -0.231535
v -0.454413 1.490000 0.231535
v -0.447827 0.230000 -0.837825
v -0.447827 0.230000 -0.837825
v -0.447827 0.230000 0.837825
v -0.447827 0.230000 0.837825
v -0.438406 1.480000 -0.438406
v -0.438406 1.480000 -0.438406
v -0.438406 1.480000 0.438406
v -0.438406 1.480000 0.438406
v -0.435427 0.920000 -1.435411
v -0.435427 0.920000 -1.435411
v -0.435427 0.920000 1.435411
v -0.435427 0.920000 1.435411
v -0.424264 1.350000 -0.424264
v -0.424264 1.350000 0.424264
v -0.420952 0.000000 -1.016267
v -0.420952 0.000000 -1.016267
v -0.420952 0.000000 1.016267
v -0.420952 0.000000 1.016267
v -0.412599 1.490000 -0.299770
v -0.412599 1.490000 0.299770
v -0.406399 0.580000 -1.339716
v -0.406399 0.580000 1.339716
v -0.371564 0.120000 -1.224884
v -0.371564 0.120000 1.224884
v -0.364427 1.480000 -0.501591
v -0.364427 1.480000 -0.501591
v -0.364427 1.480000 0.501591
v -0.364427 1.480000 0.501591
v -0.363549 0.230000 -0.877686
v -0.363549 0.230000 -0.877686
v -0.363549 0.230000 0.877686
v -0.363549 0.230000 0.877686
v -0.360624 1.490000 -0.360624
v -0.360624 1.490000 0.360624
v -0.352671 1.350000 -0.485410
v -0.352671 1.350000 0.485410
v -0.350000 0.650000 0.000000
v -0.345691 0.650000 -0.054752
v -0.345691 0.650000 0.054752
v -0.335555 0.820000 -1.686951
v -0.335555 0.820000 1.686951
v -0.332870 0.650000 -0.108156
v -0.332870 0.650000 0.108156
v -0.321899 0.940000 -1.618296
v -0.321899 0.940000 -1.618296
v -0.321899 0.940000 1.618296
v -0.321899 0.940000 1.618296
v -0.319313 0.000000 -1.052634
v -0.319313 0.000000 -1.052634
v -0.319313 0.000000 1.052634
v -0.319313 0.000000 1.052634
v -0.312145 0.450000 -1.569256
v -0.312145 0.450000 1.569256
v -0.311852 0.650000 -0.158897
v -0.311852 0.650000 0.158897
v -0.299770 1.490000 -0.412599
v -0.299770 1.490000 0.412599
v -0.292635 0.920000 -1.471178
v -0.292635 0.920000 -1.471178
v -0.292635 0.920000 1.471178
v -0.292635 0.920000 1.471178
v -0.283156 0.650000 -0.205725
v -0.283156 0.650000 0.205725
v -0.281474 1.480000 -0.552424
v -0.281474 1.480000 -0.552424
v -0.281474 1.480000 0.552424
v -0.281474 1.480000 0.552424
v -0.275770 0.230000 -0.909093
v -0.275770 0.230000 -0.909093
v -0.275770 0.230000 0.909093
v -0.275770 0.230000 0.909093
v -0.273126 0.580000 -1.373099
v -0.273126 0.580000 1.373099
v -0.272394 1.350000 -0.534604
v -0.272394 1.350000 0.534604
v -0.250000 0.250000 0.000000
v -0.250000 0.250000 0.000000
v -0.249716 0.120000 -1.255405
v -0.249716 0.120000 1.255405
v -0.247487 0.650000 -0.247487
v -0.247487 0.650000 0.247487
v -0.246922 0.250000 -0.039109
v -0.246922 0.250000 -0.039109
v -0.246922 0.250000 0.039109
v -0.246922 0.250000 0.039109
v -0.237764 0.250000 -0.077254
v -0.237764 0.250000 -0.077254
v -0.237764 0.250000 0.077254
v -0.237764 0.250000 0.077254
v -0.231535 1.490000 -0.454413
v -0.231535 1.490000 0.454413
v -0.222752 0.250000 -0.113498
v -0.222752 0.250000 -0.113498
v -0.222752 0.250000 0.113498
v -0.222752 0.250000 0.113498
v -0.214599 0.000000 -1.078864
v -0.214599 0.000000 -1.078864
v -0.214599 0.000000 1.078864
v -0.214599 0.000000 1.078864
v -0.205725 0.650000 -0.283156
v -0.205725 0.650000 0.283156
v -0.202254 0.250000 -0.146946
v -0.202254 0.250000 -0.146946
v -0.202254 0.250000 0.146946
v -0.202254 0.250000 0.146946
v -0.200000 1.180000 0.000000
v -0.200000 1.180000 0.000000
v -0.197538 1.180000 -0.031287
v -0.197538 1.180000 -0.031287
v -0.197538 1.180000 0.031287
v -0.197538 1.180000 0.031287
v -0.191591 1.480000 -0.589655
v -0.191591 1.480000 -0.589655
v -0.191591 1.480000 0.589655
v -0.191591 1.480000 0.589655
v -0.190211 1.180000 -0.061803
v -0.190211 1.180000 -0.061803
v -0.190211 1.180000 0.061803
v -0.190211 1.180000 0.061803
v -0.185410 1.350000 -0.570634
v -0.185410 1.350000 0.570634
v -0.185336 0.230000 -0.931746
v -0.185336 0.230000 -0.931746
v -0.185336 0.230000 0.931746
v -0.185336 0.230000 0.931746
v -0.178201 1.180000 -0.090798
v -0.178201 1.180000 -0.090798
v -0.178201 1.180000 0.090798
v -0.178201 1.180000 0.090798
v -0.176777 0.250000 -0.176777
v -0.176777 0.250000 -0.176777
v -0.176777 0.250000 0.176777
v -0.176777 0.250000 0.176777
v -0.168589 0.820000 -1.711718
v -0.168589 0.820000 1.711718
v -0.161803 1.180000 -0.117557
v -0.161803 1.180000 -0.117557
v -0.161803 1.180000 0.117557
v -0.161803 1.180000 0.117557
v -0.161728 0.940000 -1.642055
v -0.161728 0.940000 -1.642055
v -0.161728 0.940000 1.642055
v -0.161728 0.940000 1.642055
v -0.160000 1.100000 0.000000
v -0.160000 1.100000 0.000000
v -0.158897 0.650000 -0.311852
v -0.158897 0.650000 0.311852
v -0.158030 1.100000 -0.025030
v -0.158030 1.100000 -0.025030
v -0.158030 1.100000 0.025030
v -0.158030 1.100000 0.025030
v -0.157599 1.490000 -0.485039
v -0.157599 1.490000 0.485039
v -0.156827 0.450000 -1.592296
v -0.156827 0.450000 1.592296
v -0.152169 1.100000 -0.049443
v -0.152169 1.100000 -0.049443
v -0.152169 1.100000 0.049443
v -0.152169 1.100000 0.049443
v -0.147026 0.920000 -1.492777
v -0.147026 0.920000 -1.492777
v -0.147026 0.920000 1.492777
v -0.147026 0.920000 1.492777
v -0.146946 0.250000 -0.202254
v -0.146946 0.250000 -0.202254
v -0.146946 0.250000 0.202254
v -0.146946 0.250000 0.202254
v -0.142561 1.100000 -0.072638
v -0.142561 1.100000 -0.072638
v -0.142561 1.100000 0.072638
v -0.142561 1.100000 0.072638
v -0.141421 1.180000 -0.141421
v -0.141421 1.180000 -0.141421
v -0.141421 1.180000 0.141421
v -0.141421 1.180000 0.141421
v -0.137224 0.580000 -1.393259
v -0.137224 0.580000 1.393259
v -0.129443 1.100000 -0.094046
v -0.129443 1.100000 -0.094046
v -0.129443 1.100000 0.094046
v -0.129443 1.100000 0.094046
v -0.125462 0.120000 -1.273836
v -0.125462 0.120000 1.273836
v -0.117557 1.180000 -0.161803
v -0.117557 1.180000 -0.161803
v -0.117557 1.180000 0.161803
v -0.117557 1.180000 0.161803
v -0.113498 0.250000 -0.222752
v -0.113498 0.250000 -0.222752
v -0.113498 0.250000 0.222752
v -0.113498 0.250000 0.222752
v -0.113137 1.100000 -0.113137
v -0.113137 1.100000 -0.113137
v -0.113137 1.100000 0.113137
v -0.113137 1.100000 0.113137
v -0.108156 0.650000 -0.332870
v -0.108156 0.650000 0.332870
v -0.107819 0.000000 -1.094703
v -0.107819 0.000000 -1.094703
v -0.107819 0.000000 1.094703
v -0.107819 0.000000 1.094703
v -0.096989 1.480000 -0.612367
v -0.096989 1.480000 -0.612367
v -0.096989 1.480000 0.612367
v -0.096989 1.480000 0.612367
v -0.094046 1.100000 -0.129443
v -0.094046 1.100000 -0.129443
v -0.094046 1.100000 0.129443
v -0.094046 1.100000 0.129443
v -0.093861 1.350000 -0.592613
v -0.093861 1.350000 0.592613
v -0.093116 0.230000 -0.945425
v -0.093116 0.230000 -0.945425
v -0.093116 0.230000 0.945425
v -0.093116 0.230000 0.945425
v -0.090798 1.180000 -0.178201
v -0.090798 1.180000 -0.178201
v -0.090798 1.180000 0.178201
v -0.090798 1.180000 0.178201
v -0.079782 1.490000 -0.503721
v -0.079782 1.490000 0.503721
v -0.077254 0.250000 -0.237764
v -0.077254 0.250000 -0.237764
v -0.077254 0.250000 0.237764
v -0.077254 0.250000 0.237764
v -0.072638 1.100000 -0.142561
v -0.072638 1.100000 -0.142561
v -0.072638 1.100000 0.142561
v -0.072638 1.100000 0.142561
v -0.061803 1.180000 -0.190211
v -0.061803 1.180000 -0.190211
v -0.061803 1.180000 0.190211
v -0.061803 1.180000 0.190211
v -0.054752 0.650000 -0.345691
v -0.054752 0.650000 0.345691
v -0.049443 1.100000 -0.152169
v -0.049443 1.100000 -0.152169
v -0.049443 1.100000 0.152169
v -0.049443 1.100000 0.152169
v -0.039109 0.250000 -0.246922
v -0.039109 0.250000 -0.246922
v -0.039109 0.250000 0.246922
v -0.039109 0.250000 0.246922
v -0.031287 1.180000 -0.197538
v -0.031287 1.180000 -0.197538
v -0.031287 1.180000 0.197538
v -0.031287 1.180000 0.197538
v -0.025030 1.100000 -0.158030
v -0.025030 1.100000 -0.158030
v -0.025030 1.100000 0.158030
v -0.025030 1.100000 0.158030
v 0.000000 0.000000 -1.100000
v 0.000000 0.000000 -1.100000
v 0.000000 0.000000 0.000000
v 0.000000 0.000000 1.100000
v 0.000000 0.000000 1.100000
v 0.000000 0.120000 -1.280000
v 0.000000 0.120000 1.280000
v 0.000000 0.230000 -0.950000
v 0.000000 0.230000 -0.950000
v 0.000000 0.230000 0.000000
v 0.000000 0.230000 0.950000
v 0.000000 0.230000 0.950000
v 0.000000 0.250000 -0.250000
v 0.000000 0.250000 -0.250000
v 0.000000 0.250000 0.000000
v 0.000000 0.250000 0.250000
v 0.000000 0.250000 0.250000
v 0.000000 0.450000 -1.600000
v 0.000000 0.450000 1.600000
v 0.000000 0.580000 -1.400000
v 0.000000 0.580000 1.400000
v 0.000000 0.650000 -0.350000
v 0.000000 0.650000 0.350000
v 0.000000 0.820000 -1.720000
v 0.000000 0.820000 1.720000
v 0.000000 0.920000 -1.500000
v 0.000000 0.920000 -1.500000
v 0.000000 0.920000 1.500000
v 0.000000 0.920000 1.500000
v 0.000000 0.940000 -1.650000
v 0.000000 0.940000 -1.650000
v 0.000000 0.940000 1.650000
v 0.000000 0.940000 1.650000
v 0.000000 1.100000 -0.160000
v 0.000000 1.100000 -0.160000
v 0.000000 1.100000 0.160000
v 0.000000 1.100000 0.160000
v 0.000000 1.180000 -0.200000
v 0.000000 1.180000 -0.200000
v 0.000000 1.180000 0.000000
v 0.000000 1.180000 0.200000
v 0.000000 1.180000 0.200000
v 0.000000 1.350000 -0.600000
v 0.000000 1.350000 0.600000
v 0.000000 1.480000 -0.620000
v 0.000000 1.480000 -0.620000
v 0.000000 1.480000 0.620000
v 0.000000 1.480000 0.620000
v 0.000000 1.490000 -0.510000
v 0.000000 1.490000 0.510000
v 0.025030 1.100000 -0.158030
v 0.025030 1.100000 -0.158030
v 0.025030 1.100000 0.158030
v 0.025030 1.100000 0.158030
v 0.031287 1.180000 -0.197538
v 0.031287 1.180000 -0.197538
v 0.031287 1.180000 0.197538
v 0.031287 1.180000 0.197538
v 0.039109 0.250000 -0.246922
v 0.039109 0.250000 -0.246922
v 0.039109 0.250000 0.246922
v 0.039109 0.250000 0.246922
v 0.049443 1.100000 -0.152169
v 0.049443 1.100000 -0.152169
v 0.049443 1.100000 0.152169
v 0.049443 1.100000 0.152169
v 0.054752 0.650000 -0.345691
v 0.054752 0.650000 0.345691
v 0.061803 1.180000 -0.190211
v 0.061803 1.180000 -0.190211
v 0.061803 1.180000 0.190211
v 0.061803 1.180000 0.190211
v 0.072638 1.100000 -0.142561
v 0.072638 1.100000 -0.142561
v 0.072638 1.100000 0.142561
v 0.072638 1.100000 0.142561
v 0.077254 0.250000 -0.237764
v 0.077254 0.250000 -0.237764
v 0.077254 0.250000 0.237764
v 0.077254 0.250000 0.237764
v 0.079782 1.490000 -0.503721
v 0.079782 1.490000 0.503721
v 0.090798 1.180000 -0.178201
v 0.090798 1.180000 -0.178201
v 0.090798 1.180000 0.178201
v 0.090798 1.180000 0.178201
v 0.093116 0.230000 -0.945425
v 0.093116 0.230000 -0.945425
v 0.093116 0.230000 0.945425
v 0.093116 0.230000 0.945425
v 0.093861 1.350000 -0.592613
v 0.093861 1.350000 0.592613
v 0.094046 1.100000 -0.129443
v 0.094046 1.100000 -0.129443
v 0.094046 1.100000 0.129443
v 0.094046 1.100000 0.129443
v 0.096989 1.480000 -0.612367
v 0.096989 1.480000 -0.612367
v 0.096989 1.480000 0.612367
v 0.096989 1.480000 0.612367
v 0.107819 0.000000 -1.094703
v 0.107819 0.000000 -1.094703
v 0.107819 0.000000 1.094703
v 0.107819 0.000000 1.094703
v 0.108156 0.650000 -0.332870
v 0.108156 0.650000 0.332870
v 0.113137 1.100000 -0.113137
v 0.113137 1.100000 -0.113137
v 0.113137 1.100000 0.113137
v 0.113137 1.100000 0.113137
v 0.113498 0.250000 -0.222752
v 0.113498 0.250000 -0.222752
v 0.113498 0.250000 0.222752
v 0.113498 0.250000 0.222752
v 0.117557 1.180000 -0.161803
v 0.117557 1.180000 -0.161803
v 0.117557 1.180000 0.161803
v 0.117557 1.180000 0.161803
v 0.125462 0.120000 -1.273836
v 0.125462 0.120000 1.273836
v 0.129443 1.100000 -0.094046
v 0.129443 1.100000 -0.094046
v 0.129443 1.100000 0.094046
v 0.129443 1.100000 0.094046
v 0.137224 0.580000 -1.393259
v 0.137224 0.580000 1.393259
v 0.141421 1.180000 -0.141421
v 0.141421 1.180000 -0.141421
v 0.141421 1.180000 0.141421
v 0.141421 1.180000 0.141421
v 0.142561 1.100000 -0.072638
v 0.142561 1.100000 -0.072638
v 0.142561 1.100000 0.072638
v 0.142561 1.100000 0.072638
v 0.146946 0.250000 -0.202254
v 0.146946 0.250000 -0.202254
v 0.146946 0.250000 0.202254
v 0.146946 0.250000 0.202254
v 0.147026 0.920000 -1.492777
v 0.147026 0.920000 -1.492777
v 0.147026 0.920000 1.492777
v 0.147026 0.920000 1.492777
v 0.152169 1.100000 -0.049443
v 0.152169 1.100000 -0.049443
v 0.152169 1.100000 0.049443
v 0.152169 1.100000 0.049443
v 0.156827 0.450000 -1.592296
v 0.156827 0.450000 1.592296
v 0.157599 1.490000 -0.485039
v 0.157599 1.490000 0.485039
v 0.158030 1.100000 -0.025030
v 0.158030 1.100000 -0.025030
v 0.158030 1.100000 0.025030
v 0.158030 1.100000 0.025030
v 0.158897 0.650000 -0.311852
v 0.158897 0.650000 0.311852
v 0.160000 1.100000 0.000000
v 0.160000 1.100000 0.000000
v 0.160000 1.100000 0.000000
v 0.160000 1.100000 0.000000
v 0.161728 0.940000 -1.642055
v 0.161728 0.940000 -1.642055
v 0.161728 0.940000 1.642055
v 0.161728 0.940000 1.642055
v 0.161803 1.180000 -0.117557
v 0.161803 1.180000 -0.117557
v 0.161803 1.180000 0.117557
v 0.161803 1.180000 0.117557
v 0.168589 0.820000 -1.711718
v 0.168589 0.820000 1.711718
v 0.176777 0.250000 -0.176777
v 0.176777 0.250000 -0.176777
v 0.176777 0.250000 0.176777
v 0.176777 0.250000 0.176777
v 0.178201 1.180000 -0.090798
v 0.178201 1.180000 -0.090798
v 0.178201 1.180000 0.090798
v 0.178201 1.180000 0.090798
v 0.185336 0.230000 -0.931746
v 0.185336 0.230000 -0.931746
v 0.185336 0.230000 0.931746
v 0.185336 0.230000 0.931746
v 0.185410 1.350000 -0.570634
v 0.185410 1.350000 0.570634
v 0.190211 1.180000 -0.061803
v 0.190211 1.180000 -0.061803
v 0.190211 1.180000 0.061803
v 0.190211 1.180000 0.061803
v 0.191591 1.480000 -0.589655
v 0.191591 1.480000 -0.589655
v 0.191591 1.480000 0.589655
v 0.191591 1.480000 0.589655
v 0.197538 1.180000 -0.031287
v 0.197538 1.180000 -0.031287
v 0.197538 1.180000 0.031287
v 0.197538 1.180000 0.031287
v 0.200000 1.180000 0.000000
v 0.200000 1.180000 0.000000
v 0.200000 1.180000 0.000000
v 0.202254 0.250000 -0.146946
v 0.202254 0.250000 -0.146946
v 0.202254 0.250000 0.146946
v 0.202254 0.250000 0.146946
v 0.205725 0.650000 -0.283156
v 0.205725 0.650000 0.283156
v 0.214599 0.000000 -1.078864
v 0.214599 0.000000 -1.078864
v 0.214599 0.000000 1.078864
v 0.214599 0.000000 1.078864
v 0.222752 0.250000 -0.113498
v 0.222752 0.250000 -0.113498
v 0.222752 0.250000 0.113498
v 0.222752 0.250000 0.113498
v 0.231535 1.490000 -0.454413
v 0.231535 1.490000 0.454413
v 0.237764 0.250000 -0.077254
v 0.237764 0.250000 -0.077254
v 0.237764 0.250000 0.077254
v 0.237764 0.250000 0.077254
v 0.246922 0.250000 -0.039109
v 0.246922 0.250000 -0.039109
v 0.246922 0.250000 0.039109
v 0.246922 0.250000 0.039109
v 0.247487 0.650000 -0.247487
v 0.247487 0.650000 0.247487
v 0.249716 0.120000 -1.255405
v 0.249716 0.120000 1.255405
v 0.250000 0.250000 0.000000
v 0.250000 0.250000 0.000000
v 0.250000 0.250000 0.000000
v 0.272394 1.350000 -0.534604
v 0.272394 1.350000 0.534604
v 0.273126 0.580000 -1.373099
v 0.273126 0.580000 1.373099
v 0.275770 0.230000 -0.909093
v 0.275770 0.230000 -0.909093
v 0.275770 0.230000 0.909093
v 0.275770 0.230000 0.909093
v 0.281474 1.480000 -0.552424
v 0.281474 1.480000 -0.552424
v 0.281474 1.480000 0.552424
v 0.281474 1.480000 0.552424
v 0.283156 0.650000 -0.205725
v 0.283156 0.650000 0.205725
v 0.292635 0.920000 -1.471178
v 0.292635 0.920000 -1.471178
v 0.292635 0.920000 1.471178
v 0.292635 0.920000 1.471178
v 0.299770 1.490000 -0.412599
v 0.299770 1.490000 0.412599
v 0.311852 0.650000 -0.158897
v 0.311852 0.650000 0.158897
v 0.312145 0.450000 -1.569256
v 0.312145 0.450000 1.569256
v 0.319313 0.000000 -1.052634
v 0.319313 0.000000 -1.052634
v 0.319313 0.000000 1.052634
v 0.319313 0.000000 1.052634
v 0.321899 0.940000 -1.618296
v 0.321899 0.940000 -1.618296
v 0.321899 0.940000 1.618296
v 0.321899 0.940000 1.618296
v 0.332870 0.650000 -0.108156
v 0.332870 0.650000 0.108156
v 0.335555 0.820000 -1.686951
v 0.335555 0.820000 1.686951
v 0.345691 0.650000 -0.054752
v 0.345691 0.650000 0.054752
v 0.350000 0.650000 0.000000
v 0.350000 0.650000 0.000000
v 0.352671 1.350000 -0.485410
v 0.352671 1.350000 0.485410
v 0.360624 1.490000 -0.360624
v 0.360624 1.490000 0.360624
v 0.363549 0.230000 -0.877686
v 0.363549 0.230000 -0.877686
v 0.363549 0.230000 0.877686
v 0.363549 0.230000 0.877686
v 0.364427 1.480000 -0.501591
v 0.364427 1.480000 -0.501591
v 0.364427 1.480000 0.501591
v 0.364427 1.480000 0.501591
v 0.371564 0.120000 -1.224884
v 0.371564 0.120000 1.224884
v 0.406399 0.580000 -1.339716
v 0.406399 0.580000 1.339716
v 0.412599 1.490000 -0.299770
v 0.412599 1.490000 0.299770
v 0.420952 0.000000 -1.016267
v 0.420952 0.000000 -1.016267
v 0.420952 0.000000 1.016267
v 0.420952 0.000000 1.016267
v 0.424264 1.350000 -0.424264
v 0.424264 1.350000 0.424264
v 0.435427 0.920000 -1.435411
v 0.435427 0.920000 -1.435411
v 0.435427 0.920000 1.435411
v 0.435427 0.920000 1.435411
v 0.438406 1.480000 -0.438406
v 0.438406 1.480000 -0.438406
v 0.438406 1.480000 0.438406
v 0.438406 1.480000 0.438406
v 0.447827 0.230000 -0.837825
v 0.447827 0.230000 -0.837825
v 0.447827 0.230000 0.837825
v 0.447827 0.230000 0.837825
v 0.454413 1.490000 -0.231535
v 0.454413 1.490000 0.231535
v 0.464455 0.450000 -1.531105
v 0.464455 0.450000 1.531105
v 0.478970 0.940000 -1.578952
v 0.478970 0.940000 -1.578952
v 0.478970 0.940000 1.578952
v 0.478970 0.940000 1.578952
v 0.485039 1.490000 -0.157599
v 0.485039 1.490000 0.157599
v 0.485410 1.350000 -0.352671
v 0.485410 1.350000 0.352671
v 0.489835 0.120000 -1.182566
v 0.489835 0.120000 1.182566
v 0.499290 0.820000 -1.645937
v 0.499290 0.820000 1.645937
v 0.501591 1.480000 -0.364427
v 0.501591 1.480000 -0.364427
v 0.501591 1.480000 0.364427
v 0.501591 1.480000 0.364427
v 0.503721 1.490000 -0.079782
v 0.503721 1.490000 0.079782
v 0.510000 1.490000 0.000000
v 0.510000 1.490000 0.000000
v 0.518536 0.000000 -0.970113
v 0.518536 0.000000 -0.970113
v 0.518536 0.000000 0.970113
v 0.518536 0.000000 0.970113
v 0.527792 0.230000 -0.789896
v 0.527792 0.230000 -0.789896
v 0.527792 0.230000 0.789896
v 0.527792 0.230000 0.789896
v 0.534604 1.350000 -0.272394
v 0.534604 1.350000 0.272394
v 0.535757 0.580000 -1.293431
v 0.535757 0.580000 1.293431
v 0.552424 1.480000 -0.281474
v 0.552424 1.480000 -0.281474
v 0.552424 1.480000 0.281474
v 0.552424 1.480000 0.281474
v 0.570634 1.350000 -0.185410
v 0.570634 1.350000 0.185410
v 0.574025 0.920000 -1.385819
v 0.574025 0.920000 -1.385819
v 0.574025 0.920000 1.385819
v 0.574025 0.920000 1.385819
v 0.589655 1.480000 -0.191591
v 0.589655 1.480000 -0.191591
v 0.589655 1.480000 0.191591
v 0.589655 1.480000 0.191591
v 0.592613 1.350000 -0.093861
v 0.592613 1.350000 0.093861
v 0.600000 1.350000 0.000000
v 0.600000 1.350000 0.000000
v 0.602674 0.230000 -0.734360
v 0.602674 0.230000 -0.734360
v 0.602674 0.230000 0.734360
v 0.602674 0.230000 0.734360
v 0.603388 0.120000 -1.128859
v 0.603388 0.120000 1.128859
v 0.611127 0.000000 -0.914617
v 0.611127 0.000000 -0.914617
v 0.611127 0.000000 0.914617
v 0.611127 0.000000 0.914617
v 0.612293 0.450000 -1.478207
v 0.612293 0.450000 1.478207
v 0.612367 1.480000 -0.096989
v 0.612367 1.480000 -0.096989
v 0.612367 1.480000 0.096989
v 0.612367 1.480000 0.096989
v 0.620000 1.480000 0.000000
v 0.620000 1.480000 0.000000
v 0.620000 1.480000 0.000000
v 0.620000 1.480000 0.000000
v 0.631428 0.940000 -1.524401
v 0.631428 0.940000 -1.524401
v 0.631428 0.940000 1.524401
v 0.631428 0.940000 1.524401
v 0.658216 0.820000 -1.589073
v 0.658216 0.820000 1.589073
v 0.659955 0.580000 -1.234690
v 0.659955 0.580000 1.234690
v 0.671751 0.230000 -0.671751
v 0.671751 0.230000 -0.671751
v 0.671751 0.230000 0.671751
v 0.671751 0.230000 0.671751
v 0.697833 0.000000 -0.850311
v 0.697833 0.000000 -0.850311
v 0.697833 0.000000 0.850311
v 0.697833 0.000000 0.850311
v 0.707095 0.920000 -1.322882
v 0.707095 0.920000 -1.322882
v 0.707095 0.920000 1.322882
v 0.707095 0.920000 1.322882
v 0.711130 0.120000 -1.064281
v 0.711130 0.120000 1.064281
v 0.734360 0.230000 -0.602674
v 0.734360 0.230000 -0.602674
v 0.734360 0.230000 0.602674
v 0.734360 0.230000 0.602674
v 0.754235 0.450000 -1.411074
v 0.754235 0.450000 1.411074
v 0.777798 0.580000 -1.164057
v 0.777798 0.580000 1.164057
v 0.777805 0.940000 -1.455170
v 0.777805 0.940000 -1.455170
v 0.777805 0.940000 1.455170
v 0.777805 0.940000 1.455170
v 0.777817 0.000000 -0.777817
v 0.777817 0.000000 -0.777817
v 0.777817 0.000000 0.777817
v 0.777817 0.000000 0.777817
v 0.789896 0.230000 -0.527792
v 0.789896 0.230000 -0.527792
v 0.789896 0.230000 0.527792
v 0.789896 0.230000 0.527792
v 0.810802 0.820000 -1.516905
v 0.810802 0.820000 1.516905
v 0.812023 0.120000 -0.989453
v 0.812023 0.120000 0.989453
v 0.833355 0.920000 -1.247204
v 0.833355 0.920000 -1.247204
v 0.833355 0.920000 1.247204
v 0.833355 0.920000 1.247204
v 0.837825 0.230000 -0.447827
v 0.837825 0.230000 -0.447827
v 0.837825 0.230000 0.447827
v 0.837825 0.230000 0.447827
v 0.850311 0.000000 -0.697833
v 0.850311 0.000000 -0.697833
v 0.850311 0.000000 0.697833
v 0.850311 0.000000 0.697833
v 0.877686 0.230000 -0.363549
v 0.877686 0.230000 -0.363549
v 0.877686 0.230000 0.363549
v 0.877686 0.230000 0.363549
v 0.888151 0.580000 -1.082215
v 0.888151 0.580000 1.082215
v 0.888912 0.450000 -1.330351
v 0.888912 0.450000 1.330351
v 0.905097 0.120000 -0.905097
v 0.905097 0.120000 0.905097
v 0.909093 0.230000 -0.275770
v 0.909093 0.230000 -0.275770
v 0.909093 0.230000 0.275770
v 0.909093 0.230000 0.275770
v 0.914617 0.000000 -0.611127
v 0.914617 0.000000 -0.611127
v 0.914617 0.000000 0.611127
v 0.914617 0.000000 0.611127
v 0.916691 0.940000 -1.371925
v 0.916691 0.940000 -1.371925
v 0.916691 0.940000 1.371925
v 0.916691 0.940000 1.371925
v 0.931746 0.230000 -0.185336
v 0.931746 0.230000 -0.185336
v 0.931746 0.230000 0.185336
v 0.931746 0.230000 0.185336
v 0.945425 0.230000 -0.093116
v 0.945425 0.230000 -0.093116
v 0.945425 0.230000 0.093116
v 0.945425 0.230000 0.093116
v 0.950000 0.230000 0.000000
v 0.950000 0.230000 0.000000
v 0.950000 0.230000 0.000000
v 0.951590 0.920000 -1.159516
v 0.951590 0.920000 -1.159516
v 0.951590 0.920000 1.159516
v 0.951590 0.920000 1.159516
v 0.955581 0.820000 -1.430128
v 0.955581 0.820000 1.430128
v 0.970113 0.000000 -0.518536
v 0.970113 0.000000 -0.518536
v 0.970113 0.000000 0.518536
v 0.970113 0.000000 0.518536
v 0.989453 0.120000 -0.812023
v 0.989453 0.120000 0.812023
v 0.989949 0.580000 -0.989949
v 0.989949 0.580000 0.989949
v 1.015029 0.450000 -1.236817
v 1.015029 0.450000 1.236817
v 1.016267 0.000000 -0.420952
v 1.016267 0.000000 -0.420952
v 1.016267 0.000000 0.420952
v 1.016267 0.000000 0.420952
v 1.046749 0.940000 -1.275467
v 1.046749 0.940000 -1.275467
v 1.046749 0.940000 1.275467
v 1.046749 0.940000 1.275467
v 1.052634 0.000000 -0.319313
v 1.052634 0.000000 -0.319313
v 1.052634 0.000000 0.319313
v 1.052634 0.000000 0.319313
v 1.060660 0.920000 -1.060660
v 1.060660 0.920000 -1.060660
v 1.060660 0.920000 1.060660
v 1.060660 0.920000 1.060660
v 1.064281 0.120000 -0.711130
v 1.064281 0.120000 0.711130
v 1.078864 0.000000 -0.214599
v 1.078864 0.000000 -0.214599
v 1.078864 0.000000 0.214599
v 1.078864 0.000000 0.214599
v 1.082215 0.580000 -0.888151
v 1.082215 0.580000 0.888151
v 1.091156 0.820000 -1.329578
v 1.091156 0.820000 1.329578
v 1.094703 0.000000 -0.107819
v 1.094703 0.000000 -0.107819
v 1.094703 0.000000 0.107819
v 1.094703 0.000000 0.107819
v 1.100000 0.000000 0.000000
v 1.100000 0.000000 0.000000
v 1.100000 0.000000 0.000000
v 1.128859 0.120000 -0.603388
v 1.128859 0.120000 0.603388
v 1.131371 0.450000 -1.131371
v 1.131371 0.450000 1.131371
v 1.159516 0.920000 -0.951590
v 1.159516 0.920000 -0.951590
v 1.159516 0.920000 0.951590
v 1.159516 0.920000 0.951590
v 1.164057 0.580000 -0.777798
v 1.164057 0.580000 0.777798
v 1.166726 0.940000 -1.166726
v 1.166726 0.940000 -1.166726
v 1.166726 0.940000 1.166726
v 1.166726 0.940000 1.166726
v 1.182566 0.120000 -0.489835
v 1.182566 0.120000 0.489835
v 1.216224 0.820000 -1.216224
v 1.216224 0.820000 1.216224
v 1.224884 0.120000 -0.371564
v 1.224884 0.120000 0.371564
v 1.234690 0.580000 -0.659955
v 1.234690 0.580000 0.659955
v 1.236817 0.450000 -1.015029
v 1.236817 0.450000 1.015029
v 1.247204 0.920000 -0.833355
v 1.247204 0.920000 -0.833355
v 1.247204 0.920000 0.833355
v 1.247204 0.920000 0.833355
v 1.255405 0.120000 -0.249716
v 1.255405 0.120000 0.249716
v 1.273836 0.120000 -0.125462
v 1.273836 0.120000 0.125462
v 1.275467 0.940000 -1.046749
v 1.275467 0.940000 -1.046749
v 1.275467 0.940000 1.046749
v 1.275467 0.940000 1.046749
v 1.280000 0.120000 0.000000
v 1.280000 0.120000 0.000000
v 1.293431 0.580000 -0.535757
v 1.293431 0.580000 0.535757
v 1.322882 0.920000 -0.707095
v 1.322882 0.920000 -0.707095
v 1.322882 0.920000 0.707095
v 1.322882 0.920000 0.707095
v 1.329578 0.820000 -1.091156
v 1.329578 0.820000 1.091156
v 1.330351 0.450000 -0.888912
v 1.330351 0.450000 0.888912
v 1.339716 0.580000 -0.406399
v 1.339716 0.580000 0.406399
v 1.371925 0.940000 -0.916691
v 1.371925 0.940000 -0.916691
v 1.371925 0.940000 0.916691
v 1.371925 0.940000 0.916691
v 1.373099 0.580000 -0.273126
v 1.373099 0.580000 0.273126
v 1.385819 0.920000 -0.574025
v 1.385819 0.920000 -0.574025
v 1.385819 0.920000 0.574025
v 1.385819 0.920000 0.574025
v 1.393259 0.580000 -0.137224
v 1.393259 0.580000 0.137224
v 1.400000 0.580000 0.000000
v 1.400000 0.580000 0.000000
v 1.411074 0.450000 -0.754235
v 1.411074 0.450000 0.754235
v 1.430128 0.820000 -0.955581
v 1.430128 0.820000 0.955581
v 1.435411 0.920000 -0.435427
v 1.435411 0.920000 -0.435427
v 1.435411 0.920000 0.435427
v 1.435411 0.920000 0.435427
v 1.455170 0.940000 -0.777805
v 1.455170 0.940000 -0.777805
v 1.455170 0.940000 0.777805
v 1.455170 0.940000 0.777805
v 1.471178 0.920000 -0.292635
v 1.471178 0.920000 -0.292635
v 1.471178 0.920000 0.292635
v 1.471178 0.920000 0.292635
v 1.478207 0.450000 -0.612293
v 1.478207 0.450000 0.612293
v 1.492777 0.920000 -0.147026
v 1.492777 0.920000 -0.147026
v 1.492777 0.920000 0.147026
v 1.492777 0.920000 0.147026
v 1.500000 0.920000 0.000000
v 1.500000 0.920000 0.000000
v 1.500000 0.920000 0.000000
v 1.500000 0.920000 0.000000
v 1.516905 0.820000 -0.810802
v 1.516905 0.820000 0.810802
v 1.524401 0.940000 -0.631428
v 1.524401 0.940000 -0.631428
v 1.524401 0.940000 0.631428
v 1.524401 0.940000 0.631428
v 1.531105 0.450000 -0.464455
v 1.531105 0.450000 0.464455
v 1.569256 0.450000 -0.312145
v 1.569256 0.450000 0.312145
v 1.578952 0.940000 -0.478970
v 1.578952 0.940000 -0.478970
v 1.578952 0.940000 0.478970
v 1.578952 0.940000 0.478970
v 1.589073 0.820000 -0.658216
v 1.589073 0.820000 0.658216
v 1.592296 0.450000 -0.156827
v 1.592296 0.450000 0.156827
v 1.600000 0.450000 0.000000
v 1.600000 0.450000 0.000000
v 1.618296 0.940000 -0.321899
v 1.618296 0.940000 -0.321899
v 1.618296 0.940000 0.321899
v 1.618296 0.940000 0.321899
v 1.642055 0.940000 -0.161728
v 1.642055 0.940000 -0.161728
v 1.642055 0.940000 0.161728
v 1.642055 0.940000 0.161728
v 1.645937 0.820000 -0.499290
v 1.645937 0.820000 0.499290
v 1.650000 0.940000 0.000000
v 1.650000 0.940000 0.000000
v 1.650000 0.940000 0.000000
v 1.650000 0.940000 0.000000
v 1.686951 0.820000 -0.335555
v 1.686951 0.820000 0.335555
v 1.711718 0.820000 -0.168589
v 1.711718 0.820000 0.168589
v 1.720000 0.820000 0.000000
v 1.720000 0.820000 0.000000
vt 0.500000 0.512500
vt 0.515625 0.512500
vt 0.484375 0.512500
vt 0.531250 0.512500
vt 0.468750 0.512500
vt 0.500000 0.587500
vt 0.500000 0.587500
vt 0.546875 0.512500
vt 0.453125 0.512500
vt 0.515625 0.587500
vt 0.515625 0.587500
vt 0.484375 0.587500
vt 0.484375 0.587500
vt 0.531250 0.587500
vt 0.531250 0.587500
vt 0.468750 0.587500
vt 0.468750 0.587500
vt 0.500000 0.281250
vt 0.515625 0.281250
vt 0.484375 0.281250
vt 0.562500 0.512500
vt 0.437500 0.512500
vt 0.546875 0.587500
vt 0.546875 0.587500
vt 0.453125 0.587500
vt 0.453125 0.587500
vt 0.531250 0.281250
vt 0.468750 0.281250
vt 0.546875 0.281250
vt 0.453125 0.281250
vt 0.562500 0.587500
vt 0.562500 0.587500
vt 0.437500 0.587500
vt 0.437500 0.587500
vt 0.578125 0.512500
vt 0.421875 0.512500
vt 0.500000 0.575000
vt 0.500000 0.575000
vt 0.515625 0.575000
vt 0.515625 0.575000
vt 0.484375 0.575000
vt 0.484375 0.575000
vt 0.562500 0.281250
vt 0.437500 0.281250
vt 0.531250 0.575000
vt 0.531250 0.575000
vt 0.468750 0.575000
vt 0.468750 0.575000
vt 0.578125 0.587500
vt 0.578125 0.587500
vt 0.421875 0.587500
vt 0.421875 0.587500
vt 0.546875 0.575000
vt 0.546875 0.575000
vt 0.453125 0.575000
vt 0.453125 0.575000
vt 0.593750 0.512500
vt 0.406250 0.512500
vt 0.578125 0.281250
vt 0.421875 0.281250
vt 0.500000 0.362500
vt 0.515625 0.362500
vt 0.484375 0.362500
vt 0.562500 0.575000
vt 0.562500 0.575000
vt 0.437500 0.575000
vt 0.437500 0.575000
vt 0.531250 0.362500
vt 0.468750 0.362500
vt 0.593750 0.587500
vt 0.593750 0.587500
vt 0.406250 0.587500
vt 0.406250 0.587500
vt 0.546875 0.362500
vt 0.453125 0.362500
vt 0.593750 0.281250
vt 0.406250 0.281250
vt 0.609375 0.512500
vt 0.390625 0.512500
vt 0.578125 0.575000
vt 0.578125 0.575000
vt 0.421875 0.575000
vt 0.421875 0.575000
vt 0.562500 0.362500
vt 0.437500 0.362500
vt 0.500000 0.075000
vt 0.609375 0.587500
vt 0.609375 0.587500
vt 0.390625 0.587500
vt 0.390625 0.587500
vt 0.515625 0.075000
vt 0.484375 0.075000
vt 0.531250 0.075000
vt 0.468750 0.075000
vt 0.593750 0.575000
vt 0.593750 0.575000
vt 0.406250 0.575000
vt 0.406250 0.575000
vt 0.609375 0.281250
vt 0.390625 0.281250
vt 0.578125 0.362500
vt 0.421875 0.362500
vt 0.546875 0.075000
vt 0.453125 0.075000
vt 0.625000 0.512500
vt 0.375000 0.512500
vt 0.562500 0.075000
vt 0.437500 0.075000
vt 0.625000 0.587500
vt 0.625000 0.587500
vt 0.375000 0.587500
vt 0.375000 0.587500
vt 0.593750 0.362500
vt 0.406250 0.362500
vt 0.609375 0.575000
vt 0.609375 0.575000
vt 0.390625 0.575000
vt 0.390625 0.575000
vt 0.625000 0.281250
vt 0.375000 0.281250
vt 0.578125 0.075000
vt 0.421875 0.075000
vt 0.180233 0.500000
vt 0.500000 0.000000
vt 0.181772 0.468657
vt 0.515625 0.000000
vt 0.181772 0.531343
vt 0.484375 0.000000
vt 0.640625 0.512500
vt 0.359375 0.512500
vt 0.609375 0.362500
vt 0.390625 0.362500
vt 0.186377 0.437616
vt 0.531250 0.000000
vt 0.186377 0.562384
vt 0.468750 0.000000
vt 0.593750 0.075000
vt 0.406250 0.075000
vt 0.625000 0.575000
vt 0.625000 0.575000
vt 0.375000 0.575000
vt 0.375000 0.575000
vt 0.194002 0.407176
vt 0.546875 0.000000
vt 0.194002 0.592824
vt 0.453125 0.000000
vt 0.640625 0.587500
vt 0.640625 0.587500
vt 0.359375 0.587500
vt 0.359375 0.587500
vt 0.204573 0.377630
vt 0.562500 0.000000
vt 0.204573 0.622370
vt 0.437500 0.000000
vt 0.640625 0.281250
vt 0.359375 0.281250
vt 0.625000 0.362500
vt 0.375000 0.362500
vt 0.609375 0.075000
vt 0.390625 0.075000
vt 0.217990 0.349263
vt 0.578125 0.000000
vt 0.217990 0.650737
vt 0.421875 0.000000
vt 0.656250 0.512500
vt 0.343750 0.512500
vt 0.640625 0.575000
vt 0.640625 0.575000
vt 0.359375 0.575000
vt 0.359375 0.575000
vt 0.223837 0.500000
vt 0.500000 0.143750
vt 0.225167 0.472931
vt 0.515625 0.143750
vt 0.225167 0.527069
vt 0.484375 0.143750
vt 0.229144 0.446123
vt 0.531250 0.143750
vt 0.229144 0.553877
vt 0.468750 0.143750
vt 0.656250 0.587500
vt 0.656250 0.587500
vt 0.343750 0.587500
vt 0.343750 0.587500
vt 0.234123 0.322347
vt 0.593750 0.000000
vt 0.234123 0.677653
vt 0.406250 0.000000
vt 0.235729 0.419834
vt 0.546875 0.143750
vt 0.235729 0.580166
vt 0.453125 0.143750
vt 0.625000 0.075000
vt 0.375000 0.075000
vt 0.656250 0.281250
vt 0.343750 0.281250
vt 0.640625 0.362500
vt 0.359375 0.362500
vt 0.244859 0.394317
vt 0.562500 0.143750
vt 0.244859 0.605683
vt 0.437500 0.143750
vt 0.252816 0.297142
vt 0.609375 0.000000
vt 0.252816 0.702858
vt 0.390625 0.000000
vt 0.256446 0.369818
vt 0.578125 0.143750
vt 0.256446 0.630182
vt 0.421875 0.143750
vt 0.656250 0.575000
vt 0.656250 0.575000
vt 0.343750 0.575000
vt 0.343750 0.575000
vt 0.640625 0.075000
vt 0.359375 0.075000
vt 0.671875 0.512500
vt 0.328125 0.512500
vt 0.270379 0.346572
vt 0.593750 0.143750
vt 0.270379 0.653428
vt 0.406250 0.143750
vt 0.273890 0.273890
vt 0.625000 0.000000
vt 0.273890 0.726110
vt 0.375000 0.000000
vt 0.671875 0.587500
vt 0.671875 0.587500
vt 0.328125 0.587500
vt 0.328125 0.587500
vt 0.656250 0.362500
vt 0.343750 0.362500
vt 0.671875 0.281250
vt 0.328125 0.281250
vt 0.286523 0.324804
vt 0.609375 0.143750
vt 0.286523 0.675196
vt 0.390625 0.143750
vt 0.656250 0.075000
vt 0.343750 0.075000
vt 0.671875 0.575000
vt 0.671875 0.575000
vt 0.328125 0.575000
vt 0.328125 0.575000
vt 0.297142 0.252816
vt 0.640625 0.000000
vt 0.297142 0.747184
vt 0.359375 0.000000
vt 0.304723 0.304723
vt 0.625000 0.143750
vt 0.304723 0.695277
vt 0.375000 0.143750
vt 0.671875 0.362500
vt 0.328125 0.362500
vt 0.687500 0.512500
vt 0.312500 0.512500
vt 0.687500 0.587500
vt 0.687500 0.587500
vt 0.312500 0.587500
vt 0.312500 0.587500
vt 0.500000 0.925000
vt 0.500000 0.925000
vt 0.525000 0.925000
vt 0.525000 0.925000
vt 0.475000 0.925000
vt 0.475000 0.925000
vt 0.687500 0.281250
vt 0.312500 0.281250
vt 0.322347 0.234123
vt 0.656250 0.000000
vt 0.322347 0.765877
vt 0.343750 0.000000
vt 0.671875 0.075000
vt 0.328125 0.075000
vt 0.324804 0.286523
vt 0.640625 0.143750
vt 0.324804 0.713477
vt 0.359375 0.143750
vt 0.500000 0.843750
vt 0.525000 0.843750
vt 0.475000 0.843750
vt 0.550000 0.925000
vt 0.550000 0.925000
vt 0.450000 0.925000
vt 0.450000 0.925000
vt 0.687500 0.575000
vt 0.687500 0.575000
vt 0.312500 0.575000
vt 0.312500 0.575000
vt 0.550000 0.843750
vt 0.450000 0.843750
vt 0.575000 0.925000
vt 0.575000 0.925000
vt 0.425000 0.925000
vt 0.425000 0.925000
vt 0.687500 0.362500
vt 0.312500 0.362500
vt 0.575000 0.843750
vt 0.425000 0.843750
vt 0.346572 0.270379
vt 0.656250 0.143750
vt 0.343750 0.143750
vt 0.346572 0.729621
vt 0.349263 0.217990
vt 0.671875 0.000000
vt 0.328125 0.000000
vt 0.349263 0.782010
vt 0.500000 0.931250
vt 0.525000 0.931250
vt 0.475000 0.931250
vt 0.600000 0.925000
vt 0.600000 0.925000
vt 0.400000 0.925000
vt 0.400000 0.925000
vt 0.703125 0.512500
vt 0.296875 0.512500
vt 0.687500 0.075000
vt 0.312500 0.075000
vt 0.600000 0.843750
vt 0.400000 0.843750
vt 0.550000 0.931250
vt 0.450000 0.931250
vt 0.703125 0.587500
vt 0.703125 0.587500
vt 0.296875 0.587500
vt 0.296875 0.587500
vt 0.703125 0.281250
vt 0.296875 0.281250
vt 0.575000 0.931250
vt 0.425000 0.931250
vt 0.369818 0.256446
vt 0.671875 0.143750
vt 0.328125 0.143750
vt 0.369818 0.743554
vt 0.625000 0.925000
vt 0.625000 0.925000
vt 0.375000 0.925000
vt 0.375000 0.925000
vt 0.703125 0.575000
vt 0.703125 0.575000
vt 0.296875 0.575000
vt 0.296875 0.575000
vt 0.625000 0.843750
vt 0.375000 0.843750
vt 0.377630 0.204573
vt 0.687500 0.000000
vt 0.312500 0.000000
vt 0.377630 0.795427
vt 0.600000 0.931250
vt 0.400000 0.931250
vt 0.703125 0.362500
vt 0.296875 0.362500
vt 0.703125 0.075000
vt 0.296875 0.075000
vt 0.650000 0.925000
vt 0.650000 0.925000
vt 0.350000 0.925000
vt 0.350000 0.925000
vt 0.394317 0.244859
vt 0.687500 0.143750
vt 0.312500 0.143750
vt 0.394317 0.755141
vt 0.625000 0.931250
vt 0.375000 0.931250
vt 0.650000 0.843750
vt 0.350000 0.843750
vt 0.500000 0.406250
vt 0.525000 0.406250
vt 0.475000 0.406250
vt 0.718750 0.512500
vt 0.281250 0.512500
vt 0.550000 0.406250
vt 0.450000 0.406250
vt 0.718750 0.587500
vt 0.718750 0.587500
vt 0.281250 0.587500
vt 0.281250 0.587500
vt 0.407176 0.194002
vt 0.703125 0.000000
vt 0.296875 0.000000
vt 0.407176 0.805998
vt 0.718750 0.281250
vt 0.281250 0.281250
vt 0.575000 0.406250
vt 0.425000 0.406250
vt 0.650000 0.931250
vt 0.350000 0.931250
vt 0.718750 0.575000
vt 0.718750 0.575000
vt 0.281250 0.575000
vt 0.281250 0.575000
vt 0.600000 0.406250
vt 0.400000 0.406250
vt 0.675000 0.925000
vt 0.675000 0.925000
vt 0.325000 0.925000
vt 0.325000 0.925000
vt 0.419834 0.235729
vt 0.703125 0.143750
vt 0.296875 0.143750
vt 0.419834 0.764271
vt 0.718750 0.362500
vt 0.281250 0.362500
vt 0.675000 0.843750
vt 0.325000 0.843750
vt 0.500000 0.156250
vt 0.298387 0.500000
vt 0.718750 0.075000
vt 0.281250 0.075000
vt 0.625000 0.406250
vt 0.375000 0.406250
vt 0.525000 0.156250
vt 0.300869 0.468461
vt 0.475000 0.156250
vt 0.300869 0.531539
vt 0.550000 0.156250
vt 0.308255 0.437698
vt 0.450000 0.156250
vt 0.308255 0.562302
vt 0.675000 0.931250
vt 0.325000 0.931250
vt 0.575000 0.156250
vt 0.320362 0.408470
vt 0.425000 0.156250
vt 0.320362 0.591530
vt 0.437616 0.186377
vt 0.718750 0.000000
vt 0.281250 0.000000
vt 0.437616 0.813623
vt 0.650000 0.406250
vt 0.350000 0.406250
vt 0.600000 0.156250
vt 0.336892 0.381495
vt 0.400000 0.156250
vt 0.336892 0.618505
vt 0.338710 0.500000
vt 0.500000 0.737500
vt 0.340695 0.474769
vt 0.525000 0.737500
vt 0.340695 0.525231
vt 0.475000 0.737500
vt 0.700000 0.925000
vt 0.700000 0.925000
vt 0.300000 0.925000
vt 0.300000 0.925000
vt 0.346604 0.450159
vt 0.550000 0.737500
vt 0.346604 0.549841
vt 0.450000 0.737500
vt 0.700000 0.843750
vt 0.300000 0.843750
vt 0.446123 0.229144
vt 0.718750 0.143750
vt 0.281250 0.143750
vt 0.446123 0.770856
vt 0.356289 0.426776
vt 0.575000 0.737500
vt 0.356289 0.573224
vt 0.425000 0.737500
vt 0.625000 0.156250
vt 0.357438 0.357438
vt 0.375000 0.156250
vt 0.357438 0.642562
vt 0.734375 0.512500
vt 0.265625 0.512500
vt 0.369513 0.405196
vt 0.600000 0.737500
vt 0.369513 0.594804
vt 0.400000 0.737500
vt 0.734375 0.587500
vt 0.734375 0.587500
vt 0.265625 0.587500
vt 0.265625 0.587500
vt 0.500000 0.687500
vt 0.500000 0.687500
vt 0.675000 0.406250
vt 0.325000 0.406250
vt 0.525000 0.687500
vt 0.525000 0.687500
vt 0.475000 0.687500
vt 0.475000 0.687500
vt 0.700000 0.931250
vt 0.300000 0.931250
vt 0.734375 0.281250
vt 0.265625 0.281250
vt 0.550000 0.687500
vt 0.550000 0.687500
vt 0.450000 0.687500
vt 0.450000 0.687500
vt 0.734375 0.575000
vt 0.734375 0.575000
vt 0.265625 0.575000
vt 0.265625 0.575000
vt 0.650000 0.156250
vt 0.381495 0.336892
vt 0.350000 0.156250
vt 0.381495 0.663108
vt 0.575000 0.687500
vt 0.575000 0.687500
vt 0.425000 0.687500
vt 0.425000 0.687500
vt 0.385951 0.385951
vt 0.625000 0.737500
vt 0.375000 0.737500
vt 0.385951 0.614049
vt 0.734375 0.362500
vt 0.265625 0.362500
vt 0.600000 0.687500
vt 0.600000 0.687500
vt 0.400000 0.687500
vt 0.400000 0.687500
vt 0.734375 0.075000
vt 0.265625 0.075000
vt 0.405196 0.369513
vt 0.650000 0.737500
vt 0.350000 0.737500
vt 0.405196 0.630487
vt 0.675000 0.156250
vt 0.408470 0.320362
vt 0.325000 0.156250
vt 0.408470 0.679638
vt 0.625000 0.687500
vt 0.625000 0.687500
vt 0.375000 0.687500
vt 0.375000 0.687500
vt 0.700000 0.406250
vt 0.300000 0.406250
vt 0.468657 0.181772
vt 0.734375 0.000000
vt 0.265625 0.000000
vt 0.468657 0.818228
vt 0.725000 0.925000
vt 0.725000 0.925000
vt 0.275000 0.925000
vt 0.275000 0.925000
vt 0.650000 0.687500
vt 0.650000 0.687500
vt 0.350000 0.687500
vt 0.350000 0.687500
vt 0.725000 0.843750
vt 0.275000 0.843750
vt 0.472931 0.225167
vt 0.734375 0.143750
vt 0.265625 0.143750
vt 0.472931 0.774833
vt 0.426776 0.356289
vt 0.675000 0.737500
vt 0.325000 0.737500
vt 0.426776 0.643711
vt 0.725000 0.931250
vt 0.275000 0.931250
vt 0.700000 0.156250
vt 0.437698 0.308255
vt 0.300000 0.156250
vt 0.437698 0.691745
vt 0.675000 0.687500
vt 0.675000 0.687500
vt 0.325000 0.687500
vt 0.325000 0.687500
vt 0.450159 0.346604
vt 0.700000 0.737500
vt 0.300000 0.737500
vt 0.450159 0.653396
vt 0.725000 0.406250
vt 0.275000 0.406250
vt 0.700000 0.687500
vt 0.700000 0.687500
vt 0.300000 0.687500
vt 0.300000 0.687500
vt 0.725000 0.156250
vt 0.468461 0.300869
vt 0.275000 0.156250
vt 0.468461 0.699131
vt 0.474769 0.340695
vt 0.725000 0.737500
vt 0.275000 0.737500
vt 0.474769 0.659305
vt 0.725000 0.687500
vt 0.725000 0.687500
vt 0.275000 0.687500
vt 0.275000 0.687500
vt 0.500000 0.180233
vt 0.750000 0.000000
vt 0.500000 0.500000
vt 0.250000 0.000000
vt 0.500000 0.819767
vt 0.750000 0.075000
vt 0.250000 0.075000
vt 0.500000 0.223837
vt 0.750000 0.143750
vt 0.500000 0.500000
vt 0.250000 0.143750
vt 0.500000 0.776163
vt 0.500000 0.298387
vt 0.750000 0.156250
vt 0.500000 0.500000
vt 0.500000 0.701613
vt 0.250000 0.156250
vt 0.750000 0.281250
vt 0.250000 0.281250
vt 0.750000 0.362500
vt 0.250000 0.362500
vt 0.750000 0.406250
vt 0.250000 0.406250
vt 0.750000 0.512500
vt 0.250000 0.512500
vt 0.750000 0.575000
vt 0.750000 0.575000
vt 0.250000 0.575000
vt 0.250000 0.575000
vt 0.750000 0.587500
vt 0.750000 0.587500
vt 0.250000 0.587500
vt 0.250000 0.587500
vt 0.750000 0.687500
vt 0.750000 0.687500
vt 0.250000 0.687500
vt 0.250000 0.687500
vt 0.500000 0.338710
vt 0.750000 0.737500
vt 0.500000 0.500000
vt 0.250000 0.737500
vt 0.500000 0.661290
vt 0.750000 0.843750
vt 0.250000 0.843750
vt 0.750000 0.925000
vt 0.750000 0.925000
vt 0.250000 0.925000
vt 0.250000 0.925000
vt 0.750000 0.931250
vt 0.250000 0.931250
vt 0.775000 0.687500
vt 0.775000 0.687500
vt 0.225000 0.687500
vt 0.225000 0.687500
vt 0.525231 0.340695
vt 0.775000 0.737500
vt 0.225000 0.737500
vt 0.525231 0.659305
vt 0.531539 0.300869
vt 0.775000 0.156250
vt 0.531539 0.699131
vt 0.225000 0.156250
vt 0.800000 0.687500
vt 0.800000 0.687500
vt 0.200000 0.687500
vt 0.200000 0.687500
vt 0.775000 0.406250
vt 0.225000 0.406250
vt 0.549841 0.346604
vt 0.800000 0.737500
vt 0.200000 0.737500
vt 0.549841 0.653396
vt 0.825000 0.687500
vt 0.825000 0.687500
vt 0.175000 0.687500
vt 0.175000 0.687500
vt 0.562302 0.308255
vt 0.800000 0.156250
vt 0.562302 0.691745
vt 0.200000 0.156250
vt 0.775000 0.931250
vt 0.225000 0.931250
vt 0.573224 0.356289
vt 0.825000 0.737500
vt 0.175000 0.737500
vt 0.573224 0.643711
vt 0.527069 0.225167
vt 0.765625 0.143750
vt 0.234375 0.143750
vt 0.527069 0.774833
vt 0.775000 0.843750
vt 0.225000 0.843750
vt 0.850000 0.687500
vt 0.850000 0.687500
vt 0.150000 0.687500
vt 0.150000 0.687500
vt 0.775000 0.925000
vt 0.775000 0.925000
vt 0.225000 0.925000
vt 0.225000 0.925000
vt 0.531343 0.181772
vt 0.765625 0.000000
vt 0.234375 0.000000
vt 0.531343 0.818228
vt 0.800000 0.406250
vt 0.200000 0.406250
vt 0.875000 0.687500
vt 0.875000 0.687500
vt 0.125000 0.687500
vt 0.125000 0.687500
vt 0.591530 0.320362
vt 0.825000 0.156250
vt 0.591530 0.679638
vt 0.175000 0.156250
vt 0.594804 0.369513
vt 0.850000 0.737500
vt 0.150000 0.737500
vt 0.594804 0.630487
vt 0.765625 0.075000
vt 0.234375 0.075000
vt 0.900000 0.687500
vt 0.900000 0.687500
vt 0.100000 0.687500
vt 0.100000 0.687500
vt 0.765625 0.362500
vt 0.234375 0.362500
vt 0.614049 0.385951
vt 0.875000 0.737500
vt 0.125000 0.737500
vt 0.614049 0.614049
vt 0.925000 0.687500
vt 0.925000 0.687500
vt 0.075000 0.687500
vt 0.075000 0.687500
vt 0.618505 0.336892
vt 0.850000 0.156250
vt 0.618505 0.663108
vt 0.150000 0.156250
vt 0.765625 0.575000
vt 0.765625 0.575000
vt 0.234375 0.575000
vt 0.234375 0.575000
vt 0.950000 0.687500
vt 0.950000 0.687500
vt 0.050000 0.687500
vt 0.050000 0.687500
vt 0.765625 0.281250
vt 0.234375 0.281250
vt 0.800000 0.931250
vt 0.200000 0.931250
vt 0.975000 0.687500
vt 0.975000 0.687500
vt 0.025000 0.687500
vt 0.025000 0.687500
vt 0.825000 0.406250
vt 0.175000 0.406250
vt 0.000000 0.687500
vt 1.000000 0.687500
vt 0.000000 0.687500
vt 1.000000 0.687500
vt 0.765625 0.587500
vt 0.765625 0.587500
vt 0.234375 0.587500
vt 0.234375 0.587500
vt 0.630487 0.405196
vt 0.900000 0.737500
vt 0.100000 0.737500
vt 0.630487 0.594804
vt 0.765625 0.512500
vt 0.234375 0.512500
vt 0.642562 0.357438
vt 0.875000 0.156250
vt 0.642562 0.642562
vt 0.125000 0.156250
vt 0.643711 0.426776
vt 0.925000 0.737500
vt 0.075000 0.737500
vt 0.643711 0.573224
vt 0.553877 0.229144
vt 0.781250 0.143750
vt 0.218750 0.143750
vt 0.553877 0.770856
vt 0.800000 0.843750
vt 0.200000 0.843750
vt 0.653396 0.450159
vt 0.950000 0.737500
vt 0.050000 0.737500
vt 0.653396 0.549841
vt 0.800000 0.925000
vt 0.800000 0.925000
vt 0.200000 0.925000
vt 0.200000 0.925000
vt 0.659305 0.474769
vt 0.975000 0.737500
vt 0.025000 0.737500
vt 0.659305 0.525231
vt 0.000000 0.737500
vt 0.661290 0.500000
vt 1.000000 0.737500
vt 0.663108 0.381495
vt 0.900000 0.156250
vt 0.663108 0.618505
vt 0.100000 0.156250
vt 0.850000 0.406250
vt 0.150000 0.406250
vt 0.562384 0.186377
vt 0.781250 0.000000
vt 0.218750 0.000000
vt 0.562384 0.813623
vt 0.679638 0.408470
vt 0.925000 0.156250
vt 0.679638 0.591530
vt 0.075000 0.156250
vt 0.825000 0.931250
vt 0.175000 0.931250
vt 0.691745 0.437698
vt 0.950000 0.156250
vt 0.691745 0.562302
vt 0.050000 0.156250
vt 0.699131 0.468461
vt 0.975000 0.156250
vt 0.699131 0.531539
vt 0.025000 0.156250
vt 0.875000 0.406250
vt 0.125000 0.406250
vt 0.781250 0.075000
vt 0.218750 0.075000
vt 0.701613 0.500000
vt 0.000000 0.156250
vt 1.000000 0.156250
vt 0.825000 0.843750
vt 0.175000 0.843750
vt 0.781250 0.362500
vt 0.218750 0.362500
vt 0.580166 0.235729
vt 0.796875 0.143750
vt 0.203125 0.143750
vt 0.580166 0.764271
vt 0.825000 0.925000
vt 0.825000 0.925000
vt 0.175000 0.925000
vt 0.175000 0.925000
vt 0.900000 0.406250
vt 0.100000 0.406250
vt 0.781250 0.575000
vt 0.781250 0.575000
vt 0.218750 0.575000
vt 0.218750 0.575000
vt 0.850000 0.931250
vt 0.150000 0.931250
vt 0.925000 0.406250
vt 0.075000 0.406250
vt 0.781250 0.281250
vt 0.218750 0.281250
vt 0.592824 0.194002
vt 0.796875 0.000000
vt 0.203125 0.000000
vt 0.592824 0.805998
vt 0.781250 0.587500
vt 0.781250 0.587500
vt 0.218750 0.587500
vt 0.218750 0.587500
vt 0.950000 0.406250
vt 0.050000 0.406250
vt 0.781250 0.512500
vt 0.218750 0.512500
vt 0.975000 0.406250
vt 0.025000 0.406250
vt 0.000000 0.406250
vt 1.000000 0.406250
vt 0.850000 0.843750
vt 0.150000 0.843750
vt 0.875000 0.931250
vt 0.125000 0.931250
vt 0.605683 0.244859
vt 0.812500 0.143750
vt 0.187500 0.143750
vt 0.605683 0.755141
vt 0.850000 0.925000
vt 0.850000 0.925000
vt 0.150000 0.925000
vt 0.150000 0.925000
vt 0.796875 0.075000
vt 0.203125 0.075000
vt 0.796875 0.362500
vt 0.203125 0.362500
vt 0.900000 0.931250
vt 0.100000 0.931250
vt 0.622370 0.204573
vt 0.812500 0.000000
vt 0.187500 0.000000
vt 0.622370 0.795427
vt 0.875000 0.843750
vt 0.125000 0.843750
vt 0.796875 0.575000
vt 0.796875 0.575000
vt 0.203125 0.575000
vt 0.203125 0.575000
vt 0.875000 0.925000
vt 0.875000 0.925000
vt 0.125000 0.925000
vt 0.125000 0.925000
vt 0.630182 0.256446
vt 0.828125 0.143750
vt 0.171875 0.143750
vt 0.630182 0.743554
vt 0.925000 0.931250
vt 0.075000 0.931250
vt 0.796875 0.281250
vt 0.203125 0.281250
vt 0.796875 0.587500
vt 0.796875 0.587500
vt 0.203125 0.587500
vt 0.203125 0.587500
vt 0.950000 0.931250
vt 0.050000 0.931250
vt 0.900000 0.843750
vt 0.100000 0.843750
vt 0.812500 0.075000
vt 0.187500 0.075000
vt 0.796875 0.512500
vt 0.203125 0.512500
vt 0.900000 0.925000
vt 0.900000 0.925000
vt 0.100000 0.925000
vt 0.100000 0.925000
vt 0.975000 0.931250
vt 0.025000 0.931250
vt 0.000000 0.931250
vt 1.000000 0.931250
vt 0.650737 0.217990
vt 0.828125 0.000000
vt 0.171875 0.000000
vt 0.650737 0.782010
vt 0.653428 0.270379
vt 0.843750 0.143750
vt 0.156250 0.143750
vt 0.653428 0.729621
vt 0.925000 0.843750
vt 0.075000 0.843750
vt 0.812500 0.362500
vt 0.187500 0.362500
vt 0.925000 0.925000
vt 0.925000 0.925000
vt 0.075000 0.925000
vt 0.075000 0.925000
vt 0.950000 0.843750
vt 0.050000 0.843750
vt 0.812500 0.575000
vt 0.812500 0.575000
vt 0.187500 0.575000
vt 0.187500 0.575000
vt 0.950000 0.925000
vt 0.950000 0.925000
vt 0.050000 0.925000
vt 0.050000 0.925000
vt 0.975000 0.843750
vt 0.025000 0.843750
vt 0.000000 0.843750
vt 1.000000 0.843750
vt 0.675196 0.286523
vt 0.859375 0.143750
vt 0.140625 0.143750
vt 0.675196 0.713477
vt 0.828125 0.075000
vt 0.171875 0.075000
vt 0.677653 0.234123
vt 0.843750 0.000000
vt 0.156250 0.000000
vt 0.677653 0.765877
vt 0.812500 0.281250
vt 0.187500 0.281250
vt 0.975000 0.925000
vt 0.975000 0.925000
vt 0.025000 0.925000
vt 0.025000 0.925000
vt 0.000000 0.925000
vt 1.000000 0.925000
vt 0.000000 0.925000
vt 1.000000 0.925000
vt 0.812500 0.587500
vt 0.812500 0.587500
vt 0.187500 0.587500
vt 0.187500 0.587500
vt 0.812500 0.512500
vt 0.187500 0.512500
vt 0.828125 0.362500
vt 0.171875 0.362500
vt 0.695277 0.304723
vt 0.875000 0.143750
vt 0.125000 0.143750
vt 0.695277 0.695277
vt 0.702858 0.252816
vt 0.859375 0.000000
vt 0.140625 0.000000
vt 0.702858 0.747184
vt 0.828125 0.575000
vt 0.828125 0.575000
vt 0.171875 0.575000
vt 0.171875 0.575000
vt 0.843750 0.075000
vt 0.156250 0.075000
vt 0.713477 0.324804
vt 0.890625 0.143750
vt 0.109375 0.143750
vt 0.713477 0.675196
vt 0.828125 0.281250
vt 0.171875 0.281250
vt 0.843750 0.362500
vt 0.156250 0.362500
vt 0.828125 0.587500
vt 0.828125 0.587500
vt 0.171875 0.587500
vt 0.171875 0.587500
vt 0.726110 0.273890
vt 0.875000 0.000000
vt 0.125000 0.000000
vt 0.726110 0.726110
vt 0.729621 0.346572
vt 0.906250 0.143750
vt 0.093750 0.143750
vt 0.729621 0.653428
vt 0.828125 0.512500
vt 0.171875 0.512500
vt 0.859375 0.075000
vt 0.140625 0.075000
vt 0.843750 0.575000
vt 0.843750 0.575000
vt 0.156250 0.575000
vt 0.156250 0.575000
vt 0.743554 0.369818
vt 0.921875 0.143750
vt 0.078125 0.143750
vt 0.743554 0.630182
vt 0.747184 0.297142
vt 0.890625 0.000000
vt 0.109375 0.000000
vt 0.747184 0.702858
vt 0.755141 0.394317
vt 0.937500 0.143750
vt 0.062500 0.143750
vt 0.755141 0.605683
vt 0.859375 0.362500
vt 0.140625 0.362500
vt 0.843750 0.281250
vt 0.156250 0.281250
vt 0.875000 0.075000
vt 0.125000 0.075000
vt 0.764271 0.419834
vt 0.953125 0.143750
vt 0.046875 0.143750
vt 0.764271 0.580166
vt 0.765877 0.322347
vt 0.906250 0.000000
vt 0.093750 0.000000
vt 0.765877 0.677653
vt 0.843750 0.587500
vt 0.843750 0.587500
vt 0.156250 0.587500
vt 0.156250 0.587500
vt 0.770856 0.446123
vt 0.968750 0.143750
vt 0.031250 0.143750
vt 0.770856 0.553877
vt 0.774833 0.472931
vt 0.984375 0.143750
vt 0.015625 0.143750
vt 0.774833 0.527069
vt 0.000000 0.143750
vt 0.776163 0.500000
vt 1.000000 0.143750
vt 0.859375 0.575000
vt 0.859375 0.575000
vt 0.140625 0.575000
vt 0.140625 0.575000
vt 0.843750 0.512500
vt 0.156250 0.512500
vt 0.782010 0.349263
vt 0.921875 0.000000
vt 0.078125 0.000000
vt 0.782010 0.650737
vt 0.890625 0.075000
vt 0.109375 0.075000
vt 0.875000 0.362500
vt 0.125000 0.362500
vt 0.859375 0.281250
vt 0.140625 0.281250
vt 0.795427 0.377630
vt 0.937500 0.000000
vt 0.062500 0.000000
vt 0.795427 0.622370
vt 0.859375 0.587500
vt 0.859375 0.587500
vt 0.140625 0.587500
vt 0.140625 0.587500
vt 0.805998 0.407176
vt 0.953125 0.000000
vt 0.046875 0.000000
vt 0.805998 0.592824
vt 0.875000 0.575000
vt 0.875000 0.575000
vt 0.125000 0.575000
vt 0.125000 0.575000
vt 0.906250 0.075000
vt 0.093750 0.075000
vt 0.813623 0.437616
vt 0.968750 0.000000
vt 0.031250 0.000000
vt 0.813623 0.562384
vt 0.890625 0.362500
vt 0.109375 0.362500
vt 0.859375 0.512500
vt 0.140625 0.512500
vt 0.818228 0.468657
vt 0.984375 0.000000
vt 0.015625 0.000000
vt 0.818228 0.531343
vt 0.000000 0.000000
vt 0.819767 0.500000
vt 1.000000 0.000000
vt 0.921875 0.075000
vt 0.078125 0.075000
vt 0.875000 0.281250
vt 0.125000 0.281250
vt 0.890625 0.575000
vt 0.890625 0.575000
vt 0.109375 0.575000
vt 0.109375 0.575000
vt 0.906250 0.362500
vt 0.093750 0.362500
vt 0.875000 0.587500
vt 0.875000 0.587500
vt 0.125000 0.587500
vt 0.125000 0.587500
vt 0.937500 0.075000
vt 0.062500 0.075000
vt 0.875000 0.512500
vt 0.125000 0.512500
vt 0.953125 0.075000
vt 0.046875 0.075000
vt 0.921875 0.362500
vt 0.078125 0.362500
vt 0.890625 0.281250
vt 0.109375 0.281250
vt 0.906250 0.575000
vt 0.906250 0.575000
vt 0.093750 0.575000
vt 0.093750 0.575000
vt 0.968750 0.075000
vt 0.031250 0.075000
vt 0.984375 0.075000
vt 0.015625 0.075000
vt 0.890625 0.587500
vt 0.890625 0.587500
vt 0.109375 0.587500
vt 0.109375 0.587500
vt 0.000000 0.075000
vt 1.000000 0.075000
vt 0.937500 0.362500
vt 0.062500 0.362500
vt 0.921875 0.575000
vt 0.921875 0.575000
vt 0.078125 0.575000
vt 0.078125 0.575000
vt 0.890625 0.512500
vt 0.109375 0.512500
vt 0.906250 0.281250
vt 0.093750 0.281250
vt 0.953125 0.362500
vt 0.046875 0.362500
vt 0.906250 0.587500
vt 0.906250 0.587500
vt 0.093750 0.587500
vt 0.093750 0.587500
vt 0.968750 0.362500
vt 0.031250 0.362500
vt 0.937500 0.575000
vt 0.937500 0.575000
vt 0.062500 0.575000
vt 0.062500 0.575000
vt 0.984375 0.362500
vt 0.015625 0.362500
vt 0.000000 0.362500
vt 1.000000 0.362500
vt 0.921875 0.281250
vt 0.078125 0.281250
vt 0.906250 0.512500
vt 0.093750 0.512500
vt 0.953125 0.575000
vt 0.953125 0.575000
vt 0.046875 0.575000
vt 0.046875 0.575000
vt 0.921875 0.587500
vt 0.921875 0.587500
vt 0.078125 0.587500
vt 0.078125 0.587500
vt 0.968750 0.575000
vt 0.968750 0.575000
vt 0.031250 0.575000
vt 0.031250 0.575000
vt 0.937500 0.281250
vt 0.062500 0.281250
vt 0.984375 0.575000
vt 0.984375 0.575000
vt 0.015625 0.575000
vt 0.015625 0.575000
vt 0.000000 0.575000
vt 1.000000 0.575000
vt 0.000000 0.575000
vt 1.000000 0.575000
vt 0.921875 0.512500
vt 0.078125 0.512500
vt 0.937500 0.587500
vt 0.937500 0.587500
vt 0.062500 0.587500
vt 0.062500 0.587500
vt 0.953125 0.281250
vt 0.046875 0.281250
vt 0.968750 0.281250
vt 0.031250 0.281250
vt 0.953125 0.587500
vt 0.953125 0.587500
vt 0.046875 0.587500
vt 0.046875 0.587500
vt 0.937500 0.512500
vt 0.062500 0.512500
vt 0.984375 0.281250
vt 0.015625 0.281250
vt 0.000000 0.281250
vt 1.000000 0.281250
vt 0.968750 0.587500
vt 0.968750 0.587500
vt 0.031250 0.587500
vt 0.031250 0.587500
vt 0.984375 0.587500
vt 0.984375 0.587500
vt 0.015625 0.587500
vt 0.015625 0.587500
vt 0.953125 0.512500
vt 0.046875 0.512500
vt 0.000000 0.587500
vt 1.000000 0.587500
vt 0.000000 0.587500
vt 1.000000 0.587500
vt 0.968750 0.512500
vt 0.031250 0.512500
vt 0.984375 0.512500
vt 0.015625 0.512500
vt 0.000000 0.512500
vt 1.000000 0.512500
vn -0.994257 0.107022 0.000000
vn -0.989469 0.107022 -0.097454
vn -0.989469 0.107022 0.097454
vn -0.975152 0.107022 -0.193970
vn -0.975152 0.107022 0.193970
vn -0.863779 0.503871 0.000000
vn 0.132164 0.991228 0.000000
vn -0.951444 0.107022 -0.288617
vn -0.951444 0.107022 0.288617
vn -0.859620 0.503871 -0.084665
vn 0.131527 0.991228 0.012954
vn -0.859620 0.503871 0.084665
vn 0.131527 0.991228 -0.012954
vn -0.847182 0.503871 -0.168515
vn 0.129624 0.991228 0.025784
vn -0.847182 0.503871 0.168515
vn 0.129624 0.991228 -0.025784
vn -0.856773 -0.515694 0.000000
vn -0.852647 -0.515694 -0.083978
vn -0.852647 -0.515694 0.083978
vn -0.918573 0.107022 -0.380486
vn -0.918573 0.107022 0.380486
vn -0.826585 0.503871 -0.250742
vn 0.126473 0.991228 0.038365
vn -0.826585 0.503871 0.250742
vn 0.126473 0.991228 -0.038365
vn -0.840310 -0.515694 -0.167148
vn -0.840310 -0.515694 0.167148
vn -0.819880 -0.515694 -0.248708
vn -0.819880 -0.515694 0.248708
vn -0.798028 0.503871 -0.330554
vn 0.122103 0.991228 0.050577
vn -0.798028 0.503871 0.330554
vn 0.122103 0.991228 -0.050577
vn -0.876856 0.107022 -0.468689
vn -0.876856 0.107022 0.468689
vn 0.132164 0.991228 0.000000
vn 0.959366 0.282166 0.000000
vn 0.131527 0.991228 0.012954
vn 0.954746 0.282166 0.094034
vn 0.131527 0.991228 -0.012954
vn 0.954746 0.282166 -0.094034
vn -0.791555 -0.515694 -0.327873
vn -0.791555 -0.515694 0.327873
vn 0.129624 0.991228 0.025784
vn 0.940932 0.282166 0.187163
vn 0.129624 0.991228 -0.025784
vn 0.940932 0.282166 -0.187163
vn -0.761785 0.503871 -0.407183
vn 0.116558 0.991228 0.062302
vn -0.761785 0.503871 0.407183
vn 0.116558 0.991228 -0.062302
vn 0.126473 0.991228 0.038365
vn 0.918056 0.282166 0.278489
vn 0.126473 0.991228 -0.038365
vn 0.918056 0.282166 -0.278489
vn -0.826694 0.107022 -0.552379
vn -0.826694 0.107022 0.552379
vn -0.755606 -0.515694 -0.403880
vn -0.755606 -0.515694 0.403880
vn 0.826518 0.562910 0.000000
vn 0.822538 0.562910 0.081013
vn 0.822538 0.562910 -0.081013
vn 0.122103 0.991228 0.050577
vn 0.886338 0.282166 0.367133
vn 0.122103 0.991228 -0.050577
vn 0.886338 0.282166 -0.367133
vn 0.810637 0.562910 0.161246
vn 0.810637 0.562910 -0.161246
vn -0.718206 0.503871 -0.479890
vn 0.109890 0.991228 0.073426
vn -0.718206 0.503871 0.479890
vn 0.109890 0.991228 -0.073426
vn 0.790929 0.562910 0.239926
vn 0.790929 0.562910 -0.239926
vn -0.712380 -0.515694 -0.475997
vn -0.712380 -0.515694 0.475997
vn -0.768571 0.107022 -0.630750
vn -0.768571 0.107022 0.630750
vn 0.116558 0.991228 0.062302
vn 0.846085 0.282166 0.452242
vn 0.116558 0.991228 -0.062302
vn 0.846085 0.282166 -0.452242
vn 0.763603 0.562910 0.316295
vn 0.763603 0.562910 -0.316295
vn -0.639918 -0.768443 0.000000
vn -0.667710 0.503871 -0.547976
vn 0.102164 0.991228 0.083844
vn -0.667710 0.503871 0.547976
vn 0.102164 0.991228 -0.083844
vn -0.636837 -0.768443 -0.062723
vn -0.636837 -0.768443 0.062723
vn -0.627623 -0.768443 -0.124842
vn -0.627623 -0.768443 0.124842
vn 0.109890 0.991228 0.073426
vn 0.797683 0.282166 0.532995
vn 0.109890 0.991228 -0.073426
vn 0.797683 0.282166 -0.532995
vn -0.662294 -0.515694 -0.543531
vn -0.662294 -0.515694 0.543531
vn 0.728924 0.562910 0.389618
vn 0.728924 0.562910 -0.389618
vn -0.612364 -0.768443 -0.185759
vn -0.612364 -0.768443 0.185759
vn -0.703046 0.107022 -0.703046
vn -0.703046 0.107022 0.703046
vn -0.591208 -0.768443 -0.244886
vn -0.591208 -0.768443 0.244886
vn -0.610784 0.503871 -0.610784
vn 0.093454 0.991228 0.093454
vn -0.610784 0.503871 0.610784
vn 0.093454 0.991228 -0.093454
vn 0.687225 0.562910 0.459189
vn 0.687225 0.562910 -0.459189
vn 0.102164 0.991228 0.083844
vn 0.741600 0.282166 0.608615
vn 0.102164 0.991228 -0.083844
vn 0.741600 0.282166 -0.608615
vn -0.605830 -0.515694 -0.605830
vn -0.605830 -0.515694 0.605830
vn -0.564358 -0.768443 -0.301655
vn -0.564358 -0.768443 0.301655
vn -0.289784 -0.957092 0.000000
vn -0.289784 -0.957092 0.000000
vn -0.288389 -0.957092 -0.028404
vn -0.288389 -0.957092 -0.028404
vn -0.288389 -0.957092 0.028404
vn -0.288389 -0.957092 0.028404
vn -0.630750 0.107022 -0.768571
vn -0.630750 0.107022 0.768571
vn 0.638907 0.562910 0.524338
vn 0.638907 0.562910 -0.524338
vn -0.284216 -0.957092 -0.056534
vn -0.284216 -0.957092 -0.056534
vn -0.284216 -0.957092 0.056534
vn -0.284216 -0.957092 0.056534
vn -0.532073 -0.768443 -0.355520
vn -0.532073 -0.768443 0.355520
vn 0.093454 0.991228 0.093454
vn 0.678374 0.282166 0.678374
vn 0.093454 0.991228 -0.093454
vn 0.678374 0.282166 -0.678374
vn -0.277306 -0.957092 -0.084120
vn -0.277306 -0.957092 -0.084120
vn -0.277306 -0.957092 0.084120
vn -0.277306 -0.957092 0.084120
vn -0.547976 0.503871 -0.667710
vn 0.083844 0.991228 0.102164
vn -0.547976 0.503871 0.667710
vn 0.083844 0.991228 -0.102164
vn -0.267726 -0.957092 -0.110896
vn -0.267726 -0.957092 -0.110896
vn -0.267726 -0.957092 0.110896
vn -0.267726 -0.957092 0.110896
vn -0.543531 -0.515694 -0.662294
vn -0.543531 -0.515694 0.662294
vn 0.584437 0.562910 0.584437
vn 0.584437 0.562910 -0.584437
vn -0.494664 -0.768443 -0.405960
vn -0.494664 -0.768443 0.405960
vn -0.255567 -0.957092 -0.136603
vn -0.255567 -0.957092 -0.136603
vn -0.255567 -0.957092 0.136603
vn -0.255567 -0.957092 0.136603
vn -0.552379 0.107022 -0.826694
vn -0.552379 0.107022 0.826694
vn 0.083844 0.991228 0.102164
vn 0.608615 0.282166 0.741600
vn 0.083844 0.991228 -0.102164
vn 0.608615 0.282166 -0.741600
vn 0.324536 0.945873 0.000000
vn 0.324536 0.945873 0.000000
vn 0.322974 0.945873 0.031810
vn 0.322974 0.945873 0.031810
vn 0.322974 0.945873 -0.031810
vn 0.322974 0.945873 -0.031810
vn 0.318301 0.945873 0.063314
vn 0.318301 0.945873 0.063314
vn 0.318301 0.945873 -0.063314
vn 0.318301 0.945873 -0.063314
vn -0.479890 0.503871 -0.718206
vn 0.073426 0.991228 0.109890
vn -0.479890 0.503871 0.718206
vn 0.073426 0.991228 -0.109890
vn -0.240947 -0.957092 -0.160995
vn -0.240947 -0.957092 -0.160995
vn -0.240947 -0.957092 0.160995
vn -0.240947 -0.957092 0.160995
vn 0.310562 0.945873 0.094208
vn 0.310562 0.945873 0.094208
vn 0.310562 0.945873 -0.094208
vn 0.310562 0.945873 -0.094208
vn -0.452491 -0.768443 -0.452491
vn -0.452491 -0.768443 0.452491
vn -0.475997 -0.515694 -0.712380
vn -0.475997 -0.515694 0.712380
vn 0.524338 0.562910 0.638907
vn 0.524338 0.562910 -0.638907
vn 0.299833 0.945873 0.124195
vn 0.299833 0.945873 0.124195
vn 0.299833 0.945873 -0.124195
vn 0.299833 0.945873 -0.124195
vn -0.224006 -0.957092 -0.183837
vn -0.224006 -0.957092 -0.183837
vn -0.224006 -0.957092 0.183837
vn -0.224006 -0.957092 0.183837
vn 0.286216 0.945873 0.152985
vn 0.286216 0.945873 0.152985
vn 0.286216 0.945873 -0.152985
vn 0.286216 0.945873 -0.152985
vn 0.073426 0.991228 0.109890
vn 0.532995 0.282166 0.797683
vn 0.073426 0.991228 -0.109890
vn 0.532995 0.282166 -0.797683
vn -0.405960 -0.768443 -0.494664
vn -0.405960 -0.768443 0.494664
vn -0.468689 0.107022 -0.876856
vn -0.468689 0.107022 0.876856
vn 0.269842 0.945873 0.180303
vn 0.269842 0.945873 0.180303
vn 0.269842 0.945873 -0.180303
vn 0.269842 0.945873 -0.180303
vn -0.204908 -0.957092 -0.204908
vn -0.204908 -0.957092 -0.204908
vn -0.204908 -0.957092 0.204908
vn -0.204908 -0.957092 0.204908
vn -0.407183 0.503871 -0.761785
vn 0.062302 0.991228 0.116558
vn -0.407183 0.503871 0.761785
vn 0.062302 0.991228 -0.116558
vn 0.459189 0.562910 0.687225
vn 0.459189 0.562910 -0.687225
vn -0.403880 -0.515694 -0.755606
vn -0.403880 -0.515694 0.755606
vn 0.250870 0.945873 0.205884
vn 0.250870 0.945873 0.205884
vn 0.250870 0.945873 -0.205884
vn 0.250870 0.945873 -0.205884
vn -0.355520 -0.768443 -0.532073
vn -0.355520 -0.768443 0.532073
vn 0.062302 0.991228 0.116558
vn 0.452242 0.282166 0.846085
vn 0.062302 0.991228 -0.116558
vn 0.452242 0.282166 -0.846085
vn -0.183837 -0.957092 -0.224006
vn -0.183837 -0.957092 -0.224006
vn -0.183837 -0.957092 0.224006
vn -0.183837 -0.957092 0.224006
vn 0.229482 0.945873 0.229482
vn 0.229482 0.945873 0.229482
vn 0.229482 0.945873 -0.229482
vn 0.229482 0.945873 -0.229482
vn 0.389618 0.562910 0.728924
vn 0.389618 0.562910 -0.728924
vn -0.380486 0.107022 -0.918573
vn -0.380486 0.107022 0.918573
vn -0.330554 0.503871 -0.798028
vn 0.050577 0.991228 0.122103
vn -0.330554 0.503871 0.798028
vn 0.050577 0.991228 -0.122103
vn -0.988372 -0.152057 0.000000
vn -0.090536 0.995893 0.000000
vn -0.976203 -0.152057 -0.154615
vn -0.089421 0.995893 -0.014163
vn -0.976203 -0.152057 0.154615
vn -0.089421 0.995893 0.014163
vn -0.327873 -0.515694 -0.791555
vn -0.327873 -0.515694 0.791555
vn -0.160995 -0.957092 -0.240947
vn -0.160995 -0.957092 -0.240947
vn -0.160995 -0.957092 0.240947
vn -0.160995 -0.957092 0.240947
vn -0.301655 -0.768443 -0.564358
vn -0.301655 -0.768443 0.564358
vn 0.205884 0.945873 0.250870
vn 0.205884 0.945873 0.250870
vn 0.205884 0.945873 -0.250870
vn 0.205884 0.945873 -0.250870
vn -0.823425 -0.567425 0.000000
vn -0.813287 -0.567425 -0.128812
vn -0.813287 -0.567425 0.128812
vn -0.939997 -0.152057 -0.305424
vn -0.086105 0.995893 -0.027977
vn -0.939997 -0.152057 0.305424
vn -0.086105 0.995893 0.027977
vn 0.050577 0.991228 0.122103
vn 0.367133 0.282166 0.886338
vn 0.050577 0.991228 -0.122103
vn 0.367133 0.282166 -0.886338
vn -0.783124 -0.567425 -0.254452
vn -0.783124 -0.567425 0.254452
vn -0.880646 -0.152057 -0.448711
vn -0.080668 0.995893 -0.041102
vn -0.880646 -0.152057 0.448711
vn -0.080668 0.995893 0.041102
vn 0.316295 0.562910 0.763603
vn 0.316295 0.562910 -0.763603
vn -0.733677 -0.567425 -0.373827
vn -0.733677 -0.567425 0.373827
vn 0.180303 0.945873 0.269842
vn 0.180303 0.945873 0.269842
vn 0.180303 0.945873 -0.269842
vn 0.180303 0.945873 -0.269842
vn -0.136603 -0.957092 -0.255567
vn -0.136603 -0.957092 -0.255567
vn -0.136603 -0.957092 0.255567
vn -0.136603 -0.957092 0.255567
vn 0.340425 0.940272 0.000000
vn 0.336234 0.940272 0.053254
vn 0.336234 0.940272 -0.053254
vn -0.799610 -0.152057 -0.580950
vn -0.073245 0.995893 -0.053216
vn -0.799610 -0.152057 0.580950
vn -0.073245 0.995893 0.053216
vn -0.288617 0.107022 -0.951444
vn -0.288617 0.107022 0.951444
vn -0.244886 -0.768443 -0.591208
vn -0.244886 -0.768443 0.591208
vn -0.666165 -0.567425 -0.483997
vn -0.666165 -0.567425 0.483997
vn 0.323764 0.940272 0.105197
vn 0.323764 0.940272 -0.105197
vn -0.250742 0.503871 -0.826585
vn 0.038365 0.991228 0.126473
vn -0.250742 0.503871 0.826585
vn 0.038365 0.991228 -0.126473
vn -0.248708 -0.515694 -0.819880
vn -0.248708 -0.515694 0.819880
vn 0.303321 0.940272 0.154550
vn 0.303321 0.940272 -0.154550
vn 0.152985 0.945873 0.286216
vn 0.152985 0.945873 0.286216
vn 0.152985 0.945873 -0.286216
vn 0.152985 0.945873 -0.286216
vn -0.698884 -0.152057 -0.698884
vn -0.064018 0.995893 -0.064018
vn -0.698884 -0.152057 0.698884
vn -0.064018 0.995893 0.064018
vn 0.038365 0.991228 0.126473
vn 0.278489 0.282166 0.918056
vn 0.038365 0.991228 -0.126473
vn 0.278489 0.282166 -0.918056
vn -0.582249 -0.567425 -0.582249
vn -0.582249 -0.567425 0.582249
vn -0.110896 -0.957092 -0.267726
vn -0.110896 -0.957092 -0.267726
vn -0.110896 -0.957092 0.267726
vn -0.110896 -0.957092 0.267726
vn 0.275410 0.940272 0.200097
vn 0.275410 0.940272 -0.200097
vn 0.239926 0.562910 0.790929
vn 0.239926 0.562910 -0.790929
vn -0.185759 -0.768443 -0.612364
vn -0.185759 -0.768443 0.612364
vn -0.580950 -0.152057 -0.799610
vn -0.053216 0.995893 -0.073245
vn -0.580950 -0.152057 0.799610
vn -0.053216 0.995893 0.073245
vn 0.124195 0.945873 0.299833
vn 0.124195 0.945873 0.299833
vn 0.124195 0.945873 -0.299833
vn 0.124195 0.945873 -0.299833
vn 0.240717 0.940272 0.240717
vn 0.240717 0.940272 -0.240717
vn -0.483997 -0.567425 -0.666165
vn -0.483997 -0.567425 0.666165
vn -0.997016 0.077192 0.000000
vn -0.984741 0.077192 -0.155968
vn -0.984741 0.077192 0.155968
vn -0.193970 0.107022 -0.975152
vn -0.193970 0.107022 0.975152
vn -0.948219 0.077192 -0.308095
vn -0.948219 0.077192 0.308095
vn -0.168515 0.503871 -0.847182
vn 0.025784 0.991228 0.129624
vn -0.168515 0.503871 0.847182
vn 0.025784 0.991228 -0.129624
vn -0.084120 -0.957092 -0.277306
vn -0.084120 -0.957092 -0.277306
vn -0.084120 -0.957092 0.277306
vn -0.084120 -0.957092 0.277306
vn -0.167148 -0.515694 -0.840310
vn -0.167148 -0.515694 0.840310
vn -0.888348 0.077192 -0.452636
vn -0.888348 0.077192 0.452636
vn 0.200097 0.940272 0.275410
vn 0.200097 0.940272 -0.275410
vn 0.025784 0.991228 0.129624
vn 0.187163 0.282166 0.940932
vn 0.025784 0.991228 -0.129624
vn 0.187163 0.282166 -0.940932
vn -0.806603 0.077192 -0.586031
vn -0.806603 0.077192 0.586031
vn -0.448711 -0.152057 -0.880646
vn -0.041102 0.995893 -0.080668
vn -0.448711 -0.152057 0.880646
vn -0.041102 0.995893 0.080668
vn 0.094208 0.945873 0.310562
vn 0.094208 0.945873 0.310562
vn 0.094208 0.945873 -0.310562
vn 0.094208 0.945873 -0.310562
vn 0.161246 0.562910 0.810637
vn 0.161246 0.562910 -0.810637
vn -0.373827 -0.567425 -0.733677
vn -0.373827 -0.567425 0.733677
vn -0.970142 -0.242536 0.000000
vn 0.000000 -1.000000 0.000000
vn -0.124842 -0.768443 -0.627623
vn -0.124842 -0.768443 0.627623
vn -0.704997 0.077192 -0.704997
vn -0.704997 0.077192 0.704997
vn -0.958198 -0.242536 -0.151764
vn 0.000000 -1.000000 0.000000
vn -0.958198 -0.242536 0.151764
vn 0.000000 -1.000000 0.000000
vn -0.922660 -0.242536 -0.299791
vn 0.000000 -1.000000 0.000000
vn -0.922660 -0.242536 0.299791
vn 0.000000 -1.000000 0.000000
vn 0.154550 0.940272 0.303321
vn 0.154550 0.940272 -0.303321
vn -0.864403 -0.242536 -0.440435
vn 0.000000 -1.000000 0.000000
vn -0.864403 -0.242536 0.440435
vn 0.000000 -1.000000 0.000000
vn -0.056534 -0.957092 -0.284216
vn -0.056534 -0.957092 -0.284216
vn -0.056534 -0.957092 0.284216
vn -0.056534 -0.957092 0.284216
vn -0.586031 0.077192 -0.806603
vn -0.586031 0.077192 0.806603
vn -0.784862 -0.242536 -0.570235
vn 0.000000 -1.000000 0.000000
vn -0.784862 -0.242536 0.570235
vn 0.000000 -1.000000 0.000000
vn 0.382683 0.923880 0.000000
vn 0.382683 0.923880 0.000000
vn 0.377972 0.923880 0.059865
vn 0.377972 0.923880 0.059865
vn 0.377972 0.923880 -0.059865
vn 0.377972 0.923880 -0.059865
vn -0.305424 -0.152057 -0.939997
vn -0.027977 0.995893 -0.086105
vn -0.305424 -0.152057 0.939997
vn -0.027977 0.995893 0.086105
vn 0.363954 0.923879 0.118256
vn 0.363954 0.923879 0.118256
vn 0.363954 0.923879 -0.118256
vn 0.363954 0.923879 -0.118256
vn -0.254452 -0.567425 -0.783124
vn -0.254452 -0.567425 0.783124
vn 0.063314 0.945873 0.318301
vn 0.063314 0.945873 0.318301
vn 0.063314 0.945873 -0.318301
vn 0.063314 0.945873 -0.318301
vn 0.340973 0.923880 0.173735
vn 0.340973 0.923880 0.173735
vn 0.340973 0.923880 -0.173735
vn 0.340973 0.923880 -0.173735
vn -0.685994 -0.242536 -0.685994
vn 0.000000 -1.000000 0.000000
vn -0.685994 -0.242536 0.685994
vn 0.000000 -1.000000 0.000000
vn -0.097454 0.107022 -0.989469
vn -0.097454 0.107022 0.989469
vn 0.309597 0.923880 0.224936
vn 0.309597 0.923880 0.224936
vn 0.309597 0.923880 -0.224936
vn 0.309597 0.923880 -0.224936
vn -0.084665 0.503871 -0.859620
vn 0.012954 0.991228 0.131527
vn -0.084665 0.503871 0.859620
vn 0.012954 0.991228 -0.131527
vn -0.921250 0.388972 0.000000
vn -0.494009 -0.869457 0.000000
vn -0.452636 0.077192 -0.888348
vn -0.452636 0.077192 0.888348
vn -0.909907 0.388972 -0.144115
vn -0.487927 -0.869457 -0.077280
vn -0.909907 0.388972 0.144115
vn -0.487927 -0.869457 0.077280
vn 0.105197 0.940272 0.323764
vn 0.105197 0.940272 -0.323764
vn -0.083978 -0.515694 -0.852647
vn -0.083978 -0.515694 0.852647
vn -0.876160 0.388972 -0.284682
vn -0.469831 -0.869457 -0.152657
vn -0.876160 0.388972 0.284682
vn -0.469831 -0.869457 0.152657
vn 0.012954 0.991228 0.131527
vn 0.094034 0.282166 0.954746
vn 0.012954 0.991228 -0.131527
vn 0.094034 0.282166 -0.954746
vn -0.570235 -0.242536 -0.784862
vn 0.000000 -1.000000 0.000000
vn -0.570235 -0.242536 0.784862
vn 0.000000 -1.000000 0.000000
vn -0.820839 0.388972 -0.418239
vn -0.440166 -0.869456 -0.224276
vn -0.820839 0.388972 0.418239
vn -0.440166 -0.869456 0.224276
vn 0.270598 0.923880 0.270598
vn 0.270598 0.923880 0.270598
vn 0.270598 0.923880 -0.270598
vn 0.270598 0.923880 -0.270598
vn 0.081013 0.562910 0.822538
vn 0.081013 0.562910 -0.822538
vn -0.745307 0.388972 -0.541497
vn -0.399662 -0.869457 -0.290371
vn -0.745307 0.388972 0.541497
vn -0.399662 -0.869457 0.290371
vn -0.062723 -0.768443 -0.636837
vn -0.062723 -0.768443 0.636837
vn 0.224936 0.923880 0.309597
vn 0.224936 0.923880 0.309597
vn 0.224936 0.923880 -0.309597
vn 0.224936 0.923880 -0.309597
vn -0.440435 -0.242536 -0.864403
vn 0.000000 -1.000000 0.000000
vn -0.440435 -0.242536 0.864403
vn 0.000000 -1.000000 0.000000
vn -0.651422 0.388972 -0.651422
vn -0.349317 -0.869457 -0.349317
vn -0.651422 0.388972 0.651422
vn -0.349317 -0.869457 0.349317
vn -0.308095 0.077192 -0.948219
vn -0.308095 0.077192 0.948219
vn -0.028404 -0.957092 -0.288389
vn -0.028404 -0.957092 -0.288389
vn -0.028404 -0.957092 0.288389
vn -0.028404 -0.957092 0.288389
vn -0.154615 -0.152057 -0.976203
vn -0.014163 0.995893 -0.089421
vn -0.154615 -0.152057 0.976203
vn -0.014163 0.995893 0.089421
vn -0.541497 0.388972 -0.745307
vn -0.290371 -0.869457 -0.399662
vn -0.541497 0.388972 0.745307
vn -0.290371 -0.869457 0.399662
vn -0.128812 -0.567425 -0.813287
vn -0.128812 -0.567425 0.813287
vn 0.031810 0.945873 0.322974
vn 0.031810 0.945873 0.322974
vn 0.031810 0.945873 -0.322974
vn 0.031810 0.945873 -0.322974
vn 0.173735 0.923880 0.340973
vn 0.173735 0.923880 0.340973
vn 0.173735 0.923880 -0.340973
vn 0.173735 0.923880 -0.340973
vn 0.053254 0.940272 0.336234
vn 0.053254 0.940272 -0.336234
vn -0.299791 -0.242536 -0.922660
vn 0.000000 -1.000000 0.000000
vn -0.299791 -0.242536 0.922660
vn 0.000000 -1.000000 0.000000
vn -0.418239 0.388972 -0.820839
vn -0.224276 -0.869456 -0.440166
vn -0.418239 0.388972 0.820839
vn -0.224276 -0.869456 0.440166
vn 0.118256 0.923879 0.363954
vn 0.118256 0.923879 0.363954
vn 0.118256 0.923879 -0.363954
vn 0.118256 0.923879 -0.363954
vn -0.155968 0.077192 -0.984741
vn -0.155968 0.077192 0.984741
vn -0.284682 0.388972 -0.876160
vn -0.152657 -0.869457 -0.469831
vn -0.284682 0.388972 0.876160
vn -0.152657 -0.869457 0.469831
vn -0.151764 -0.242536 -0.958198
vn 0.000000 -1.000000 0.000000
vn -0.151764 -0.242536 0.958198
vn 0.000000 -1.000000 0.000000
vn 0.059865 0.923880 0.377972
vn 0.059865 0.923880 0.377972
vn 0.059865 0.923880 -0.377972
vn 0.059865 0.923880 -0.377972
vn -0.144115 0.388972 -0.909907
vn -0.077280 -0.869457 -0.487927
vn -0.144115 0.388972 0.909907
vn -0.077280 -0.869457 0.487927
vn 0.000000 -0.957092 -0.289784
vn 0.000000 -0.957092 -0.289784
vn 0.000000 -1.000000 0.000000
vn 0.000000 -0.957092 0.289784
vn 0.000000 -0.957092 0.289784
vn 0.000000 -0.768443 -0.639918
vn 0.000000 -0.768443 0.639918
vn 0.000000 0.945873 0.324536
vn 0.000000 0.945873 0.324536
vn 0.000000 1.000000 0.000000
vn 0.000000 0.945873 -0.324536
vn 0.000000 0.945873 -0.324536
vn 0.000000 -1.000000 0.000000
vn 0.000000 -0.242536 -0.970142
vn 0.000000 -1.000000 0.000000
vn 0.000000 -1.000000 0.000000
vn 0.000000 -0.242536 0.970142
vn 0.000000 -0.515694 -0.856773
vn 0.000000 -0.515694 0.856773
vn 0.000000 0.562910 0.826518
vn 0.000000 0.562910 -0.826518
vn 0.000000 0.077192 -0.997016
vn 0.000000 0.077192 0.997016
vn 0.000000 0.107022 -0.994257
vn 0.000000 0.107022 0.994257
vn 0.000000 0.282166 0.959366
vn 0.000000 0.991228 0.132164
vn 0.000000 0.282166 -0.959366
vn 0.000000 0.991228 -0.132164
vn 0.000000 0.503871 -0.863779
vn 0.000000 0.991228 0.132164
vn 0.000000 0.503871 0.863779
vn 0.000000 0.991228 -0.132164
vn 0.000000 -0.869457 -0.494009
vn 0.000000 0.388972 -0.921250
vn 0.000000 -0.869457 0.494009
vn 0.000000 0.388972 0.921250
vn 0.000000 0.923880 0.382683
vn 0.000000 0.923880 0.382683
vn 0.000000 1.000000 0.000000
vn 0.000000 0.923880 -0.382683
vn 0.000000 0.923880 -0.382683
vn 0.000000 -0.567425 -0.823425
vn 0.000000 -0.567425 0.823425
vn 0.000000 -0.152057 -0.988372
vn 0.000000 0.995893 -0.090536
vn 0.000000 -0.152057 0.988372
vn 0.000000 0.995893 0.090536
vn 0.000000 0.940272 0.340425
vn 0.000000 0.940272 -0.340425
vn 0.077280 -0.869457 -0.487927
vn 0.144115 0.388972 -0.909907
vn 0.077280 -0.869457 0.487927
vn 0.144115 0.388972 0.909907
vn -0.059865 0.923880 0.377972
vn -0.059865 0.923880 0.377972
vn -0.059865 0.923880 -0.377972
vn -0.059865 0.923880 -0.377972
vn 0.000000 -1.000000 0.000000
vn 0.151764 -0.242536 -0.958198
vn 0.000000 -1.000000 0.000000
vn 0.151764 -0.242536 0.958198
vn 0.152657 -0.869457 -0.469831
vn 0.284682 0.388972 -0.876160
vn 0.152657 -0.869457 0.469831
vn 0.284682 0.388972 0.876160
vn 0.155968 0.077192 -0.984741
vn 0.155968 0.077192 0.984741
vn -0.118256 0.923879 0.363954
vn -0.118256 0.923879 0.363954
vn -0.118256 0.923879 -0.363954
vn -0.118256 0.923879 -0.363954
vn 0.224276 -0.869456 -0.440166
vn 0.418239 0.388972 -0.820839
vn 0.224276 -0.869456 0.440166
vn 0.418239 0.388972 0.820839
vn 0.000000 -1.000000 0.000000
vn 0.299791 -0.242536 -0.922660
vn 0.000000 -1.000000 0.000000
vn 0.299791 -0.242536 0.922660
vn -0.053254 0.940272 0.336234
vn -0.053254 0.940272 -0.336234
vn -0.173735 0.923880 0.340973
vn -0.173735 0.923880 0.340973
vn -0.173735 0.923880 -0.340973
vn -0.173735 0.923880 -0.340973
vn -0.031810 0.945873 0.322974
vn -0.031810 0.945873 0.322974
vn -0.031810 0.945873 -0.322974
vn -0.031810 0.945873 -0.322974
vn 0.128812 -0.567425 -0.813287
vn 0.128812 -0.567425 0.813287
vn 0.290371 -0.869457 -0.399662
vn 0.541497 0.388972 -0.745307
vn 0.290371 -0.869457 0.399662
vn 0.541497 0.388972 0.745307
vn 0.014163 0.995893 -0.089421
vn 0.154615 -0.152057 -0.976203
vn 0.014163 0.995893 0.089421
vn 0.154615 -0.152057 0.976203
vn 0.028404 -0.957092 -0.288389
vn 0.028404 -0.957092 -0.288389
vn 0.028404 -0.957092 0.288389
vn 0.028404 -0.957092 0.288389
vn 0.308095 0.077192 -0.948219
vn 0.308095 0.077192 0.948219
vn 0.349317 -0.869457 -0.349317
vn 0.651422 0.388972 -0.651422
vn 0.349317 -0.869457 0.349317
vn 0.651422 0.388972 0.651422
vn 0.000000 -1.000000 0.000000
vn 0.440435 -0.242536 -0.864403
vn 0.000000 -1.000000 0.000000
vn 0.440435 -0.242536 0.864403
vn -0.224936 0.923880 0.309597
vn -0.224936 0.923880 0.309597
vn -0.224936 0.923880 -0.309597
vn -0.224936 0.923880 -0.309597
vn 0.062723 -0.768443 -0.636837
vn 0.062723 -0.768443 0.636837
vn 0.399662 -0.869457 -0.290371
vn 0.745307 0.388972 -0.541497
vn 0.399662 -0.869457 0.290371
vn 0.745307 0.388972 0.541497
vn -0.081013 0.562910 0.822538
vn -0.081013 0.562910 -0.822538
vn -0.270598 0.923880 0.270598
vn -0.270598 0.923880 0.270598
vn -0.270598 0.923880 -0.270598
vn -0.270598 0.923880 -0.270598
vn 0.440166 -0.869456 -0.224276
vn 0.820839 0.388972 -0.418239
vn 0.440166 -0.869456 0.224276
vn 0.820839 0.388972 0.418239
vn 0.000000 -1.000000 0.000000
vn 0.570235 -0.242536 -0.784862
vn 0.000000 -1.000000 0.000000
vn 0.570235 -0.242536 0.784862
vn -0.094034 0.282166 0.954746
vn -0.012954 0.991228 0.131527
vn -0.094034 0.282166 -0.954746
vn -0.012954 0.991228 -0.131527
vn 0.469831 -0.869457 -0.152657
vn 0.876160 0.388972 -0.284682
vn 0.469831 -0.869457 0.152657
vn 0.876160 0.388972 0.284682
vn 0.083978 -0.515694 -0.852647
vn 0.083978 -0.515694 0.852647
vn -0.105197 0.940272 0.323764
vn -0.105197 0.940272 -0.323764
vn 0.487927 -0.869457 -0.077280
vn 0.909907 0.388972 -0.144115
vn 0.487927 -0.869457 0.077280
vn 0.909907 0.388972 0.144115
vn 0.452636 0.077192 -0.888348
vn 0.452636 0.077192 0.888348
vn 0.494009 -0.869457 0.000000
vn 0.494009 -0.869457 0.000000
vn 0.921250 0.388972 0.000000
vn 0.921250 0.388972 0.000000
vn -0.012954 0.991228 0.131527
vn 0.084665 0.503871 -0.859620
vn -0.012954 0.991228 -0.131527
vn 0.084665 0.503871 0.859620
vn -0.309597 0.923880 0.224936
vn -0.309597 0.923880 0.224936
vn -0.309597 0.923880 -0.224936
vn -0.309597 0.923880 -0.224936
vn 0.097454 0.107022 -0.989469
vn 0.097454 0.107022 0.989469
vn 0.000000 -1.000000 0.000000
vn 0.685994 -0.242536 -0.685994
vn 0.000000 -1.000000 0.000000
vn 0.685994 -0.242536 0.685994
vn -0.340973 0.923880 0.173735
vn -0.340973 0.923880 0.173735
vn -0.340973 0.923880 -0.173735
vn -0.340973 0.923880 -0.173735
vn -0.063314 0.945873 0.318301
vn -0.063314 0.945873 0.318301
vn -0.063314 0.945873 -0.318301
vn -0.063314 0.945873 -0.318301
vn 0.254452 -0.567425 -0.783124
vn 0.254452 -0.567425 0.783124
vn -0.363954 0.923879 0.118256
vn -0.363954 0.923879 0.118256
vn -0.363954 0.923879 -0.118256
vn -0.363954 0.923879 -0.118256
vn 0.027977 0.995893 -0.086105
vn 0.305424 -0.152057 -0.939997
vn 0.027977 0.995893 0.086105
vn 0.305424 -0.152057 0.939997
vn -0.377972 0.923880 0.059865
vn -0.377972 0.923880 0.059865
vn -0.377972 0.923880 -0.059865
vn -0.377972 0.923880 -0.059865
vn -0.382683 0.923880 0.000000
vn -0.382683 0.923880 0.000000
vn -0.382683 0.923880 0.000000
vn 0.000000 -1.000000 0.000000
vn 0.784862 -0.242536 -0.570235
vn 0.000000 -1.000000 0.000000
vn 0.784862 -0.242536 0.570235
vn 0.586031 0.077192 -0.806603
vn 0.586031 0.077192 0.806603
vn 0.056534 -0.957092 -0.284216
vn 0.056534 -0.957092 -0.284216
vn 0.056534 -0.957092 0.284216
vn 0.056534 -0.957092 0.284216
vn 0.000000 -1.000000 0.000000
vn 0.864403 -0.242536 -0.440435
vn 0.000000 -1.000000 0.000000
vn 0.864403 -0.242536 0.440435
vn -0.154550 0.940272 0.303321
vn -0.154550 0.940272 -0.303321
vn 0.000000 -1.000000 0.000000
vn 0.922660 -0.242536 -0.299791
vn 0.000000 -1.000000 0.000000
vn 0.922660 -0.242536 0.299791
vn 0.000000 -1.000000 0.000000
vn 0.958198 -0.242536 -0.151764
vn 0.000000 -1.000000 0.000000
vn 0.958198 -0.242536 0.151764
vn 0.704997 0.077192 -0.704997
vn 0.704997 0.077192 0.704997
vn 0.124842 -0.768443 -0.627623
vn 0.124842 -0.768443 0.627623
vn 0.000000 -1.000000 0.000000
vn 0.970142 -0.242536 0.000000
vn 0.970142 -0.242536 0.000000
vn 0.373827 -0.567425 -0.733677
vn 0.373827 -0.567425 0.733677
vn -0.161246 0.562910 0.810637
vn -0.161246 0.562910 -0.810637
vn -0.094208 0.945873 0.310562
vn -0.094208 0.945873 0.310562
vn -0.094208 0.945873 -0.310562
vn -0.094208 0.945873 -0.310562
vn 0.041102 0.995893 -0.080668
vn 0.448711 -0.152057 -0.880646
vn 0.041102 0.995893 0.080668
vn 0.448711 -0.152057 0.880646
vn 0.806603 0.077192 -0.586031
vn 0.806603 0.077192 0.586031
vn -0.187163 0.282166 0.940932
vn -0.025784 0.991228 0.129624
vn -0.187163 0.282166 -0.940932
vn -0.025784 0.991228 -0.129624
vn -0.200097 0.940272 0.275410
vn -0.200097 0.940272 -0.275410
vn 0.888348 0.077192 -0.452636
vn 0.888348 0.077192 0.452636
vn 0.167148 -0.515694 -0.840310
vn 0.167148 -0.515694 0.840310
vn 0.084120 -0.957092 -0.277306
vn 0.084120 -0.957092 -0.277306
vn 0.084120 -0.957092 0.277306
vn 0.084120 -0.957092 0.277306
vn -0.025784 0.991228 0.129624
vn 0.168515 0.503871 -0.847182
vn -0.025784 0.991228 -0.129624
vn 0.168515 0.503871 0.847182
vn 0.948219 0.077192 -0.308095
vn 0.948219 0.077192 0.308095
vn 0.193970 0.107022 -0.975152
vn 0.193970 0.107022 0.975152
vn 0.984741 0.077192 -0.155968
vn 0.984741 0.077192 0.155968
vn 0.997016 0.077192 0.000000
vn 0.997016 0.077192 0.000000
vn 0.483997 -0.567425 -0.666165
vn 0.483997 -0.567425 0.666165
vn -0.240717 0.940272 0.240717
vn -0.240717 0.940272 -0.240717
vn -0.124195 0.945873 0.299833
vn -0.124195 0.945873 0.299833
vn -0.124195 0.945873 -0.299833
vn -0.124195 0.945873 -0.299833
vn 0.053216 0.995893 -0.073245
vn 0.580950 -0.152057 -0.799610
vn 0.053216 0.995893 0.073245
vn 0.580950 -0.152057 0.799610
vn 0.185759 -0.768443 -0.612364
vn 0.185759 -0.768443 0.612364
vn -0.239926 0.562910 0.790929
vn -0.239926 0.562910 -0.790929
vn -0.275410 0.940272 0.200097
vn -0.275410 0.940272 -0.200097
vn 0.110896 -0.957092 -0.267726
vn 0.110896 -0.957092 -0.267726
vn 0.110896 -0.957092 0.267726
vn 0.110896 -0.957092 0.267726
vn 0.582249 -0.567425 -0.582249
vn 0.582249 -0.567425 0.582249
vn -0.278489 0.282166 0.918056
vn -0.038365 0.991228 0.126473
vn -0.278489 0.282166 -0.918056
vn -0.038365 0.991228 -0.126473
vn 0.064018 0.995893 -0.064018
vn 0.698884 -0.152057 -0.698884
vn 0.064018 0.995893 0.064018
vn 0.698884 -0.152057 0.698884
vn -0.152985 0.945873 0.286216
vn -0.152985 0.945873 0.286216
vn -0.152985 0.945873 -0.286216
vn -0.152985 0.945873 -0.286216
vn -0.303321 0.940272 0.154550
vn -0.303321 0.940272 -0.154550
vn 0.248708 -0.515694 -0.819880
vn 0.248708 -0.515694 0.819880
vn -0.038365 0.991228 0.126473
vn 0.250742 0.503871 -0.826585
vn -0.038365 0.991228 -0.126473
vn 0.250742 0.503871 0.826585
vn -0.323764 0.940272 0.105197
vn -0.323764 0.940272 -0.105197
vn 0.666165 -0.567425 -0.483997
vn 0.666165 -0.567425 0.483997
vn 0.244886 -0.768443 -0.591208
vn 0.244886 -0.768443 0.591208
vn 0.288617 0.107022 -0.951444
vn 0.288617 0.107022 0.951444
vn 0.073245 0.995893 -0.053216
vn 0.799610 -0.152057 -0.580950
vn 0.073245 0.995893 0.053216
vn 0.799610 -0.152057 0.580950
vn -0.336234 0.940272 0.053254
vn -0.336234 0.940272 -0.053254
vn -0.340425 0.940272 0.000000
vn -0.340425 0.940272 0.000000
vn 0.136603 -0.957092 -0.255567
vn 0.136603 -0.957092 -0.255567
vn 0.136603 -0.957092 0.255567
vn 0.136603 -0.957092 0.255567
vn -0.180303 0.945873 0.269842
vn -0.180303 0.945873 0.269842
vn -0.180303 0.945873 -0.269842
vn -0.180303 0.945873 -0.269842
vn 0.733677 -0.567425 -0.373827
vn 0.733677 -0.567425 0.373827
vn -0.316295 0.562910 0.763603
vn -0.316295 0.562910 -0.763603
vn 0.080668 0.995893 -0.041102
vn 0.880646 -0.152057 -0.448711
vn 0.080668 0.995893 0.041102
vn 0.880646 -0.152057 0.448711
vn 0.783124 -0.567425 -0.254452
vn 0.783124 -0.567425 0.254452
vn -0.367133 0.282166 0.886338
vn -0.050577 0.991228 0.122103
vn -0.367133 0.282166 -0.886338
vn -0.050577 0.991228 -0.122103
vn 0.086105 0.995893 -0.027977
vn 0.939997 -0.152057 -0.305424
vn 0.086105 0.995893 0.027977
vn 0.939997 -0.152057 0.305424
vn 0.813287 -0.567425 -0.128812
vn 0.813287 -0.567425 0.128812
vn 0.823425 -0.567425 0.000000
vn 0.823425 -0.567425 0.000000
vn -0.205884 0.945873 0.250870
vn -0.205884 0.945873 0.250870
vn -0.205884 0.945873 -0.250870
vn -0.205884 0.945873 -0.250870
vn 0.301655 -0.768443 -0.564358
vn 0.301655 -0.768443 0.564358
vn 0.160995 -0.957092 -0.240947
vn 0.160995 -0.957092 -0.240947
vn 0.160995 -0.957092 0.240947
vn 0.160995 -0.957092 0.240947
vn 0.327873 -0.515694 -0.791555
vn 0.327873 -0.515694 0.791555
vn 0.089421 0.995893 -0.014163
vn 0.976203 -0.152057 -0.154615
vn 0.089421 0.995893 0.014163
vn 0.976203 -0.152057 0.154615
vn 0.090536 0.995893 0.000000
vn 0.090536 0.995893 0.000000
vn 0.988372 -0.152057 0.000000
vn 0.988372 -0.152057 0.000000
vn -0.050577 0.991228 0.122103
vn 0.330554 0.503871 -0.798028
vn -0.050577 0.991228 -0.122103
vn 0.330554 0.503871 0.798028
vn 0.380486 0.107022 -0.918573
vn 0.380486 0.107022 0.918573
vn -0.389618 0.562910 0.728924
vn -0.389618 0.562910 -0.728924
vn -0.229482 0.945873 0.229482
vn -0.229482 0.945873 0.229482
vn -0.229482 0.945873 -0.229482
vn -0.229482 0.945873 -0.229482
vn 0.183837 -0.957092 -0.224006
vn 0.183837 -0.957092 -0.224006
vn 0.183837 -0.957092 0.224006
vn 0.183837 -0.957092 0.224006
vn -0.452242 0.282166 0.846085
vn -0.062302 0.991228 0.116558
vn -0.452242 0.282166 -0.846085
vn -0.062302 0.991228 -0.116558
vn 0.355520 -0.768443 -0.532073
vn 0.355520 -0.768443 0.532073
vn -0.250870 0.945873 0.205884
vn -0.250870 0.945873 0.205884
vn -0.250870 0.945873 -0.205884
vn -0.250870 0.945873 -0.205884
vn 0.403880 -0.515694 -0.755606
vn 0.403880 -0.515694 0.755606
vn -0.459189 0.562910 0.687225
vn -0.459189 0.562910 -0.687225
vn -0.062302 0.991228 0.116558
vn 0.407183 0.503871 -0.761785
vn -0.062302 0.991228 -0.116558
vn 0.407183 0.503871 0.761785
vn 0.204908 -0.957092 -0.204908
vn 0.204908 -0.957092 -0.204908
vn 0.204908 -0.957092 0.204908
vn 0.204908 -0.957092 0.204908
vn -0.269842 0.945873 0.180303
vn -0.269842 0.945873 0.180303
vn -0.269842 0.945873 -0.180303
vn -0.269842 0.945873 -0.180303
vn 0.468689 0.107022 -0.876856
vn 0.468689 0.107022 0.876856
vn 0.405960 -0.768443 -0.494664
vn 0.405960 -0.768443 0.494664
vn -0.532995 0.282166 0.797683
vn -0.073426 0.991228 0.109890
vn -0.532995 0.282166 -0.797683
vn -0.073426 0.991228 -0.109890
vn -0.286216 0.945873 0.152985
vn -0.286216 0.945873 0.152985
vn -0.286216 0.945873 -0.152985
vn -0.286216 0.945873 -0.152985
vn 0.224006 -0.957092 -0.183837
vn 0.224006 -0.957092 -0.183837
vn 0.224006 -0.957092 0.183837
vn 0.224006 -0.957092 0.183837
vn -0.299833 0.945873 0.124195
vn -0.299833 0.945873 0.124195
vn -0.299833 0.945873 -0.124195
vn -0.299833 0.945873 -0.124195
vn -0.524338 0.562910 0.638907
vn -0.524338 0.562910 -0.638907
vn 0.475997 -0.515694 -0.712380
vn 0.475997 -0.515694 0.712380
vn 0.452491 -0.768443 -0.452491
vn 0.452491 -0.768443 0.452491
vn -0.310562 0.945873 0.094208
vn -0.310562 0.945873 0.094208
vn -0.310562 0.945873 -0.094208
vn -0.310562 0.945873 -0.094208
vn 0.240947 -0.957092 -0.160995
vn 0.240947 -0.957092 -0.160995
vn 0.240947 -0.957092 0.160995
vn 0.240947 -0.957092 0.160995
vn -0.073426 0.991228 0.109890
vn 0.479890 0.503871 -0.718206
vn -0.073426 0.991228 -0.109890
vn 0.479890 0.503871 0.718206
vn -0.318301 0.945873 0.063314
vn -0.318301 0.945873 0.063314
vn -0.318301 0.945873 -0.063314
vn -0.318301 0.945873 -0.063314
vn -0.322974 0.945873 0.031810
vn -0.322974 0.945873 0.031810
vn -0.322974 0.945873 -0.031810
vn -0.322974 0.945873 -0.031810
vn -0.324536 0.945873 0.000000
vn -0.324536 0.945873 0.000000
vn -0.324536 0.945873 0.000000
vn -0.608615 0.282166 0.741600
vn -0.083844 0.991228 0.102164
vn -0.608615 0.282166 -0.741600
vn -0.083844 0.991228 -0.102164
vn 0.552379 0.107022 -0.826694
vn 0.552379 0.107022 0.826694
vn 0.255567 -0.957092 -0.136603
vn 0.255567 -0.957092 -0.136603
vn 0.255567 -0.957092 0.136603
vn 0.255567 -0.957092 0.136603
vn 0.494664 -0.768443 -0.405960
vn 0.494664 -0.768443 0.405960
vn -0.584437 0.562910 0.584437
vn -0.584437 0.562910 -0.584437
vn 0.543531 -0.515694 -0.662294
vn 0.543531 -0.515694 0.662294
vn 0.267726 -0.957092 -0.110896
vn 0.267726 -0.957092 -0.110896
vn 0.267726 -0.957092 0.110896
vn 0.267726 -0.957092 0.110896
vn -0.083844 0.991228 0.102164
vn 0.547976 0.503871 -0.667710
vn -0.083844 0.991228 -0.102164
vn 0.547976 0.503871 0.667710
vn 0.277306 -0.957092 -0.084120
vn 0.277306 -0.957092 -0.084120
vn 0.277306 -0.957092 0.084120
vn 0.277306 -0.957092 0.084120
vn -0.678374 0.282166 0.678374
vn -0.093454 0.991228 0.093454
vn -0.678374 0.282166 -0.678374
vn -0.093454 0.991228 -0.093454
vn 0.532073 -0.768443 -0.355520
vn 0.532073 -0.768443 0.355520
vn 0.284216 -0.957092 -0.056534
vn 0.284216 -0.957092 -0.056534
vn 0.284216 -0.957092 0.056534
vn 0.284216 -0.957092 0.056534
vn -0.638907 0.562910 0.524338
vn -0.638907 0.562910 -0.524338
vn 0.630750 0.107022 -0.768571
vn 0.630750 0.107022 0.768571
vn 0.288389 -0.957092 -0.028404
vn 0.288389 -0.957092 -0.028404
vn 0.288389 -0.957092 0.028404
vn 0.288389 -0.957092 0.028404
vn 0.289784 -0.957092 0.000000
vn 0.289784 -0.957092 0.000000
vn 0.289784 -0.957092 0.000000
vn 0.564358 -0.768443 -0.301655
vn 0.564358 -0.768443 0.301655
vn 0.605830 -0.515694 -0.605830
vn 0.605830 -0.515694 0.605830
vn -0.741600 0.282166 0.608615
vn -0.102164 0.991228 0.083844
vn -0.741600 0.282166 -0.608615
vn -0.102164 0.991228 -0.083844
vn -0.687225 0.562910 0.459189
vn -0.687225 0.562910 -0.459189
vn -0.093454 0.991228 0.093454
vn 0.610784 0.503871 -0.610784
vn -0.093454 0.991228 -0.093454
vn 0.610784 0.503871 0.610784
vn 0.591208 -0.768443 -0.244886
vn 0.591208 -0.768443 0.244886
vn 0.703046 0.107022 -0.703046
vn 0.703046 0.107022 0.703046
vn 0.612364 -0.768443 -0.185759
vn 0.612364 -0.768443 0.185759
vn -0.728924 0.562910 0.389618
vn -0.728924 0.562910 -0.389618
vn 0.662294 -0.515694 -0.543531
vn 0.662294 -0.515694 0.543531
vn -0.797683 0.282166 0.532995
vn -0.109890 0.991228 0.073426
vn -0.797683 0.282166 -0.532995
vn -0.109890 0.991228 -0.073426
vn 0.627623 -0.768443 -0.124842
vn 0.627623 -0.768443 0.124842
vn 0.636837 -0.768443 -0.062723
vn 0.636837 -0.768443 0.062723
vn -0.102164 0.991228 0.083844
vn 0.667710 0.503871 -0.547976
vn -0.102164 0.991228 -0.083844
vn 0.667710 0.503871 0.547976
vn 0.639918 -0.768443 0.000000
vn 0.639918 -0.768443 0.000000
vn -0.763603 0.562910 0.316295
vn -0.763603 0.562910 -0.316295
vn -0.846085 0.282166 0.452242
vn -0.116558 0.991228 0.062302
vn -0.846085 0.282166 -0.452242
vn -0.116558 0.991228 -0.062302
vn 0.768571 0.107022 -0.630750
vn 0.768571 0.107022 0.630750
vn 0.712380 -0.515694 -0.475997
vn 0.712380 -0.515694 0.475997
vn -0.790929 0.562910 0.239926
vn -0.790929 0.562910 -0.239926
vn -0.109890 0.991228 0.073426
vn 0.718206 0.503871 -0.479890
vn -0.109890 0.991228 -0.073426
vn 0.718206 0.503871 0.479890
vn -0.810637 0.562910 0.161246
vn -0.810637 0.562910 -0.161246
vn -0.886338 0.282166 0.367133
vn -0.122103 0.991228 0.050577
vn -0.886338 0.282166 -0.367133
vn -0.122103 0.991228 -0.050577
vn -0.822538 0.562910 0.081013
vn -0.822538 0.562910 -0.081013
vn -0.826518 0.562910 0.000000
vn -0.826518 0.562910 0.000000
vn 0.755606 -0.515694 -0.403880
vn 0.755606 -0.515694 0.403880
vn 0.826694 0.107022 -0.552379
vn 0.826694 0.107022 0.552379
vn -0.918056 0.282166 0.278489
vn -0.126473 0.991228 0.038365
vn -0.918056 0.282166 -0.278489
vn -0.126473 0.991228 -0.038365
vn -0.116558 0.991228 0.062302
vn 0.761785 0.503871 -0.407183
vn -0.116558 0.991228 -0.062302
vn 0.761785 0.503871 0.407183
vn -0.940932 0.282166 0.187163
vn -0.129624 0.991228 0.025784
vn -0.940932 0.282166 -0.187163
vn -0.129624 0.991228 -0.025784
vn 0.791555 -0.515694 -0.327873
vn 0.791555 -0.515694 0.327873
vn -0.954746 0.282166 0.094034
vn -0.131527 0.991228 0.012954
vn -0.954746 0.282166 -0.094034
vn -0.131527 0.991228 -0.012954
vn -0.959366 0.282166 0.000000
vn -0.959366 0.282166 0.000000
vn -0.132164 0.991228 0.000000
vn -0.132164 0.991228 0.000000
vn 0.876856 0.107022 -0.468689
vn 0.876856 0.107022 0.468689
vn -0.122103 0.991228 0.050577
vn 0.798028 0.503871 -0.330554
vn -0.122103 0.991228 -0.050577
vn 0.798028 0.503871 0.330554
vn 0.819880 -0.515694 -0.248708
vn 0.819880 -0.515694 0.248708
vn 0.840310 -0.515694 -0.167148
vn 0.840310 -0.515694 0.167148
vn -0.126473 0.991228 0.038365
vn 0.826585 0.503871 -0.250742
vn -0.126473 0.991228 -0.038365
vn 0.826585 0.503871 0.250742
vn 0.918573 0.107022 -0.380486
vn 0.918573 0.107022 0.380486
vn 0.852647 -0.515694 -0.083978
vn 0.852647 -0.515694 0.083978
vn 0.856773 -0.515694 0.000000
vn 0.856773 -0.515694 0.000000
vn -0.129624 0.991228 0.025784
vn 0.847182 0.503871 -0.168515
vn -0.129624 0.991228 -0.025784
vn 0.847182 0.503871 0.168515
vn -0.131527 0.991228 0.012954
vn 0.859620 0.503871 -0.084665
vn -0.131527 0.991228 -0.012954
vn 0.859620 0.503871 0.084665
vn 0.951444 0.107022 -0.288617
vn 0.951444 0.107022 0.288617
vn -0.132164 0.991228 0.000000
vn -0.132164 0.991228 0.000000
vn 0.863779 0.503871 0.000000
vn 0.863779 0.503871 0.000000
vn 0.975152 0.107022 -0.193970
vn 0.975152 0.107022 0.193970
vn 0.989469 0.107022 -0.097454
vn 0.989469 0.107022 0.097454
vn 0.994257 0.107022 0.000000
vn 0.994257 0.107022 0.000000
usemtl Stone
s 1
f 584/584/584 1100/1100/1100 1098/1098/1098
f 584/584/584 1098/1098/1098 1090/1090/1090
f 584/584/584 1090/1090/1090 1080/1080/1080
f 584/584/584 1080/1080/1080 1072/1072/1072
f 584/584/584 1072/1072/1072 1062/1062/1062
f 584/584/584 1062/1062/1062 1037/1037/1037
f 584/584/584 1037/1037/1037 1019/1019/1019
f 584/584/584 1019/1019/1019 999/999/999
f 584/584/584 999/999/999 977/977/977
f 584/584/584 977/977/977 951/951/951
f 584/584/584 951/951/951 915/915/915
f 584/584/584 915/915/915 873/873/873
f 584/584/584 873/873/873 839/839/839
f 584/584/584 839/839/839 790/790/790
f 584/584/584 790/790/790 685/685/685
f 584/584/584 685/685/685 586/586/586
f 584/584/584 586/586/586 531/531/531
f 584/584/584 531/531/531 429/429/429
f 584/584/584 429/429/429 381/381/381
f 584/584/584 381/381/381 348/348/348
f 584/584/584 348/348/348 307/307/307
f 584/584/584 307/307/307 271/271/271
f 584/584/584 271/271/271 247/247/247
f 584/584/584 247/247/247 225/225/225
f 584/584/584 225/225/225 205/205/205
f 584/584/584 205/205/205 187/187/187
f 584/584/584 187/187/187 163/163/163
f 584/584/584 163/163/163 153/153/153
f 584/584/584 153/153/153 145/145/145
f 584/584/584 145/145/145 135/135/135
f 584/584/584 135/135/135 127/127/127
f 584/584/584 127/127/127 123/123/123
f 584/584/584 123/123/123 125/125/125
f 584/584/584 125/125/125 133/133/133
f 584/584/584 133/133/133 143/143/143
f 584/584/584 143/143/143 151/151/151
f 584/584/584 151/151/151 161/161/161
f 584/584/584 161/161/161 185/185/185
f 584/584/584 185/185/185 203/203/203
f 584/584/584 203/203/203 223/223/223
f 584/584/584 223/223/223 245/245/245
f 584/584/584 245/245/245 269/269/269
f 584/584/584 269/269/269 304/304/304
f 584/584/584 304/304/304 345/345/345
f 584/584/584 345/345/345 378/378/378
f 584/584/584 378/378/378 426/426/426
f 584/584/584 426/426/426 528/528/528
f 584/584/584 528/528/528 582/582/582
f 584/584/584 582/582/582 682/682/682
f 584/584/584 682/682/682 787/787/787
f 584/584/584 787/787/787 836/836/836
f 584/584/584 836/836/836 870/870/870
f 584/584/584 870/870/870 912/912/912
f 584/584/584 912/912/912 948/948/948
f 584/584/584 948/948/948 974/974/974
f 584/584/584 974/974/974 996/996/996
f 584/584/584 996/996/996 1016/1016/1016
f 584/584/584 1016/1016/1016 1034/1034/1034
f 584/584/584 1034/1034/1034 1059/1059/1059
f 584/584/584 1059/1059/1059 1069/1069/1069
f 584/584/584 1069/1069/1069 1077/1077/1077
f 584/584/584 1077/1077/1077 1087/1087/1087
f 584/584/584 1087/1087/1087 1095/1095/1095
f 584/584/584 1095/1095/1095 1100/1100/1100
f 1099/1099/1099 1133/1133/1133 1097/1097/1097
f 1099/1099/1099 1138/1138/1138 1133/1133/1133
f 1097/1097/1097 1131/1131/1131 1089/1089/1089
f 1097/1097/1097 1133/1133/1133 1131/1131/1131
f 1089/1089/1089 1121/1121/1121 1079/1079/1079
f 1089/1089/1089 1131/1131/1131 1121/1121/1121
f 1079/1079/1079 1117/1117/1117 1071/1071/1071
f 1079/1079/1079 1121/1121/1121 1117/1117/1117
f 1071/1071/1071 1103/1103/1103 1061/1061/1061
f 1071/1071/1071 1117/1117/1117 1103/1103/1103
f 1061/1061/1061 1086/1086/1086 1036/1036/1036
f 1061/1061/1061 1103/1103/1103 1086/1086/1086
f 1036/1036/1036 1064/1064/1064 1018/1018/1018
f 1036/1036/1036 1086/1086/1086 1064/1064/1064
f 1018/1018/1018 1029/1029/1029 998/998/998
f 1018/1018/1018 1064/1064/1064 1029/1029/1029
f 998/998/998 1007/1007/1007 976/976/976
f 998/998/998 1029/1029/1029 1007/1007/1007
f 976/976/976 983/983/983 950/950/950
f 976/976/976 1007/1007/1007 983/983/983
f 950/950/950 947/947/947 914/914/914
f 950/950/950 983/983/983 947/947/947
f 914/914/914 901/901/901 872/872/872
f 914/914/914 947/947/947 901/901/901
f 872/872/872 865/865/865 838/838/838
f 872/872/872 901/901/901 865/865/865
f 838/838/838 808/808/808 789/789/789
f 838/838/838 865/865/865 808/808/808
f 789/789/789 701/701/701 684/684/684
f 789/789/789 808/808/808 701/701/701
f 684/684/684 588/588/588 585/585/585
f 684/684/684 701/701/701 588/588/588
f 585/585/585 513/513/513 530/530/530
f 585/585/585 588/588/588 513/513/513
f 530/530/530 409/409/409 428/428/428
f 530/530/530 513/513/513 409/409/409
f 428/428/428 354/354/354 380/380/380
f 428/428/428 409/409/409 354/354/354
f 380/380/380 318/318/318 347/347/347
f 380/380/380 354/354/354 318/318/318
f 347/347/347 274/274/274 306/306/306
f 347/347/347 318/318/318 274/274/274
f 306/306/306 240/240/240 272/272/272
f 306/306/306 274/274/274 240/240/240
f 272/272/272 216/216/216 248/248/248
f 272/272/272 240/240/240 216/216/216
f 248/248/248 194/194/194 226/226/226
f 248/248/248 216/216/216 194/194/194
f 226/226/226 160/160/160 206/206/206
f 226/226/226 194/194/194 160/160/160
f 206/206/206 138/138/138 188/188/188
f 206/206/206 160/160/160 138/138/138
f 188/188/188 122/122/122 164/164/164
f 188/188/188 138/138/138 122/122/122
f 164/164/164 108/108/108 154/154/154
f 164/164/164 122/122/122 108/108/108
f 154/154/154 104/104/104 146/146/146
f 154/154/154 108/108/108 104/104/104
f 146/146/146 94/94/94 136/136/136
f 146/146/146 104/104/104 94/94/94
f 136/136/136 92/92/92 128/128/128
f 136/136/136 94/94/94 92/92/92
f 128/128/128 86/86/86 124/124/124
f 128/128/128 92/92/92 86/86/86
f 124/124/124 91/91/91 126/126/126
f 124/124/124 86/86/86 91/91/91
f 126/126/126 93/93/93 134/134/134
f 126/126/126 91/91/91 93/93/93
f 134/134/134 103/103/103 144/144/144
f 134/134/134 93/93/93 103/103/103
f 144/144/144 107/107/107 152/152/152
f 144/144/144 103/103/103 107/107/107
f 152/152/152 121/121/121 162/162/162
f 152/152/152 107/107/107 121/121/121
f 162/162/162 137/137/137 186/186/186
f 162/162/162 121/121/121 137/137/137
f 186/186/186 159/159/159 204/204/204
f 186/186/186 137/137/137 159/159/159
f 204/204/204 193/193/193 224/224/224
f 204/204/204 159/159/159 193/193/193
f 224/224/224 215/215/215 246/246/246
f 224/224/224 193/193/193 215/215/215
f 246/246/246 239/239/239 270/270/270
f 246/246/246 215/215/215 239/239/239
f 270/270/270 273/273/273 305/305/305
f 270/270/270 239/239/239 273/273/273
f 305/305/305 317/317/317 346/346/346
f 305/305/305 273/273/273 317/317/317
f 346/346/346 353/353/353 379/379/379
f 346/346/346 317/317/317 353/353/353
f 379/379/379 408/408/408 427/427/427
f 379/379/379 353/353/353 408/408/408
f 427/427/427 512/512/512 529/529/529
f 427/427/427 408/408/408 512/512/512
f 529/529/529 587/587/587 583/583/583
f 529/529/529 512/512/512 587/587/587
f 583/583/583 700/700/700 683/683/683
f 583/583/583 587/587/587 700/700/700
f 683/683/683 807/807/807 788/788/788
f 683/683/683 700/700/700 807/807/807
f 788/788/788 864/864/864 837/837/837
f 788/788/788 807/807/807 864/864/864
f 837/837/837 900/900/900 871/871/871
f 837/837/837 864/864/864 900/900/900
f 871/871/871 946/946/946 913/913/913
f 871/871/871 900/900/900 946/946/946
f 913/913/913 982/982/982 949/949/949
f 913/913/913 946/946/946 982/982/982
f 949/949/949 1006/1006/1006 975/975/975
f 949/949/949 982/982/982 1006/1006/1006
f 975/975/975 1028/1028/1028 997/997/997
f 975/975/975 1006/1006/1006 1028/1028/1028
f 997/997/997 1063/1063/1063 1017/1017/1017
f 997/997/997 1028/1028/1028 1063/1063/1063
f 1017/1017/1017 1085/1085/1085 1035/1035/1035
f 1017/1017/1017 1063/1063/1063 1085/1085/1085
f 1035/1035/1035 1102/1102/1102 1060/1060/1060
f 1035/1035/1035 1085/1085/1085 1102/1102/1102
f 1060/1060/1060 1116/1116/1116 1070/1070/1070
f 1060/1060/1060 1102/1102/1102 1116/1116/1116
f 1070/1070/1070 1120/1120/1120 1078/1078/1078
f 1070/1070/1070 1116/1116/1116 1120/1120/1120
f 1078/1078/1078 1130/1130/1130 1088/1088/1088
f 1078/1078/1078 1120/1120/1120 1130/1130/1130
f 1088/1088/1088 1132/1132/1132 1096/1096/1096
f 1088/1088/1088 1130/1130/1130 1132/1132/1132
f 1096/1096/1096 1139/1139/1139 1101/1101/1101
f 1096/1096/1096 1132/1132/1132 1139/1139/1139
f 1138/1138/1138 1209/1209/1209 1133/1133/1133
f 1138/1138/1138 1210/1210/1210 1209/1209/1209
f 1133/1133/1133 1201/1201/1201 1131/1131/1131
f 1133/1133/1133 1209/1209/1209 1201/1201/1201
f 1131/1131/1131 1199/1199/1199 1121/1121/1121
f 1131/1131/1131 1201/1201/1201 1199/1199/1199
f 1121/1121/1121 1183/1183/1183 1117/1117/1117
f 1121/1121/1121 1199/1199/1199 1183/1183/1183
f 1117/1117/1117 1167/1167/1167 1103/1103/1103
f 1117/1117/1117 1183/1183/1183 1167/1167/1167
f 1103/1103/1103 1149/1149/1149 1086/1086/1086
f 1103/1103/1103 1167/1167/1167 1149/1149/1149
f 1086/1086/1086 1125/1125/1125 1064/1064/1064
f 1086/1086/1086 1149/1149/1149 1125/1125/1125
f 1064/1064/1064 1105/1105/1105 1029/1029/1029
f 1064/1064/1064 1125/1125/1125 1105/1105/1105
f 1029/1029/1029 1068/1068/1068 1007/1007/1007
f 1029/1029/1029 1105/1105/1105 1068/1068/1068
f 1007/1007/1007 1027/1027/1027 983/983/983
f 1007/1007/1007 1068/1068/1068 1027/1027/1027
f 983/983/983 989/989/989 947/947/947
f 983/983/983 1027/1027/1027 989/989/989
f 947/947/947 953/953/953 901/901/901
f 947/947/947 989/989/989 953/953/953
f 901/901/901 891/891/891 865/865/865
f 901/901/901 953/953/953 891/891/891
f 865/865/865 835/835/835 808/808/808
f 865/865/865 891/891/891 835/835/835
f 808/808/808 729/729/729 701/701/701
f 808/808/808 835/835/835 729/729/729
f 701/701/701 600/600/600 588/588/588
f 701/701/701 729/729/729 600/600/600
f 588/588/588 485/485/485 513/513/513
f 588/588/588 600/600/600 485/485/485
f 513/513/513 383/383/383 409/409/409
f 513/513/513 485/485/485 383/383/383
f 409/409/409 328/328/328 354/354/354
f 409/409/409 383/383/383 328/328/328
f 354/354/354 268/268/268 318/318/318
f 354/354/354 328/328/328 268/268/268
f 318/318/318 234/234/234 274/274/274
f 318/318/318 268/268/268 234/234/234
f 274/274/274 196/196/196 240/240/240
f 274/274/274 234/234/234 196/196/196
f 240/240/240 156/156/156 216/216/216
f 240/240/240 196/196/196 156/156/156
f 216/216/216 120/120/120 194/194/194
f 216/216/216 156/156/156 120/120/120
f 194/194/194 100/100/100 160/160/160
f 194/194/194 120/120/120 100/100/100
f 160/160/160 77/77/77 138/138/138
f 160/160/160 100/100/100 77/77/77
f 138/138/138 60/60/60 122/122/122
f 138/138/138 77/77/77 60/60/60
f 122/122/122 44/44/44 108/108/108
f 122/122/122 60/60/60 44/44/44
f 108/108/108 30/30/30 104/104/104
f 108/108/108 44/44/44 30/30/30
f 104/104/104 28/28/28 94/94/94
f 104/104/104 30/30/30 28/28/28
f 94/94/94 20/20/20 92/92/92
f 94/94/94 28/28/28 20/20/20
f 92/92/92 18/18/18 86/86/86
f 92/92/92 20/20/20 18/18/18
f 86/86/86 19/19/19 91/91/91
f 86/86/86 18/18/18 19/19/19
f 91/91/91 27/27/27 93/93/93
f 91/91/91 19/19/19 27/27/27
f 93/93/93 29/29/29 103/103/103
f 93/93/93 27/27/27 29/29/29
f 103/103/103 43/43/43 107/107/107
f 103/103/103 29/29/29 43/43/43
f 107/107/107 59/59/59 121/121/121
f 107/107/107 43/43/43 59/59/59
f 121/121/121 76/76/76 137/137/137
f 121/121/121 59/59/59 76/76/76
f 137/137/137 99/99/99 159/159/159
f 137/137/137 76/76/76 99/99/99
f 159/159/159 119/119/119 193/193/193
f 159/159/159 99/99/99 119/119/119
f 193/193/193 155/155/155 215/215/215
f 193/193/193 119/119/119 155/155/155
f 215/215/215 195/195/195 239/239/239
f 215/215/215 155/155/155 195/195/195
f 239/239/239 233/233/233 273/273/273
f 239/239/239 195/195/195 233/233/233
f 273/273/273 267/267/267 317/317/317
f 273/273/273 233/233/233 267/267/267
f 317/317/317 327/327/327 353/353/353
f 317/317/317 267/267/267 327/327/327
f 353/353/353 382/382/382 408/408/408
f 353/353/353 327/327/327 382/382/382
f 408/408/408 484/484/484 512/512/512
f 408/408/408 382/382/382 484/484/484
f 512/512/512 599/599/599 587/587/587
f 512/512/512 484/484/484 599/599/599
f 587/587/587 728/728/728 700/700/700
f 587/587/587 599/599/599 728/728/728
f 700/700/700 834/834/834 807/807/807
f 700/700/700 728/728/728 834/834/834
f 807/807/807 890/890/890 864/864/864
f 807/807/807 834/834/834 890/890/890
f 864/864/864 952/952/952 900/900/900
f 864/864/864 890/890/890 952/952/952
f 900/900/900 988/988/988 946/946/946
f 900/900/900 952/952/952 988/988/988
f 946/946/946 1026/1026/1026 982/982/982
f 946/946/946 988/988/988 1026/1026/1026
f 982/982/982 1067/1067/1067 1006/1006/1006
f 982/982/982 1026/1026/1026 1067/1067/1067
f 1006/1006/1006 1104/1104/1104 1028/1028/1028
f 1006/1006/1006 1067/1067/1067 1104/1104/1104
f 1028/1028/1028 1124/1124/1124 1063/1063/1063
f 1028/1028/1028 1104/1104/1104 1124/1124/1124
f 1063/1063/1063 1148/1148/1148 1085/1085/1085
f 1063/1063/1063 1124/1124/1124 1148/1148/1148
f 1085/1085/1085 1166/1166/1166 1102/1102/1102
f 1085/1085/1085 1148/1148/1148 1166/1166/1166
f 1102/1102/1102 1182/1182/1182 1116/1116/1116
f 1102/1102/1102 1166/1166/1166 1182/1182/1182
f 1116/1116/1116 1198/1198/1198 1120/1120/1120
f 1116/1116/1116 1182/1182/1182 1198/1198/1198
f 1120/1120/1120 1200/1200/1200 1130/1130/1130
f 1120/1120/1120 1198/1198/1198 1200/1200/1200
f 1130/1130/1130 1208/1208/1208 1132/1132/1132
f 1130/1130/1130 1200/1200/1200 1208/1208/1208
f 1132/1132/1132 1211/1211/1211 1139/1139/1139
f 1132/1132/1132 1208/1208/1208 1211/1211/1211
f 1210/1210/1210 1229/1229/1229 1209/1209/1209
f 1210/1210/1210 1230/1230/1230 1229/1229/1229
f 1209/1209/1209 1227/1227/1227 1201/1201/1201
f 1209/1209/1209 1229/1229/1229 1227/1227/1227
f 1201/1201/1201 1221/1221/1221 1199/1199/1199
f 1201/1201/1201 1227/1227/1227 1221/1221/1221
f 1199/1199/1199 1207/1207/1207 1183/1183/1183
f 1199/1199/1199 1221/1221/1221 1207/1207/1207
f 1183/1183/1183 1193/1193/1193 1167/1167/1167
f 1183/1183/1183 1207/1207/1207 1193/1193/1193
f 1167/1167/1167 1169/1169/1169 1149/1149/1149
f 1167/1167/1167 1193/1193/1193 1169/1169/1169
f 1149/1149/1149 1147/1147/1147 1125/1125/1125
f 1149/1149/1149 1169/1169/1169 1147/1147/1147
f 1125/1125/1125 1119/1119/1119 1105/1105/1105
f 1125/1125/1125 1147/1147/1147 1119/1119/1119
f 1105/1105/1105 1094/1094/1094 1068/1068/1068
f 1105/1105/1105 1119/1119/1119 1094/1094/1094
f 1068/1068/1068 1058/1058/1058 1027/1027/1027
f 1068/1068/1068 1094/1094/1094 1058/1058/1058
f 1027/1027/1027 1005/1005/1005 989/989/989
f 1027/1027/1027 1058/1058/1058 1005/1005/1005
f 989/989/989 967/967/967 953/953/953
f 989/989/989 1005/1005/1005 967/967/967
f 953/953/953 903/903/903 891/891/891
f 953/953/953 967/967/967 903/903/903
f 891/891/891 847/847/847 835/835/835
f 891/891/891 903/903/903 847/847/847
f 835/835/835 751/751/751 729/729/729
f 835/835/835 847/847/847 751/751/751
f 729/729/729 606/606/606 600/600/600
f 729/729/729 751/751/751 606/606/606
f 600/600/600 465/465/465 485/485/485
f 600/600/600 606/606/606 465/465/465
f 485/485/485 371/371/371 383/383/383
f 485/485/485 465/465/465 371/371/371
f 383/383/383 316/316/316 328/328/328
f 383/383/383 371/371/371 316/316/316
f 328/328/328 256/256/256 268/268/268
f 328/328/328 316/316/316 256/256/256
f 268/268/268 218/218/218 234/234/234
f 268/268/268 256/256/256 218/218/218
f 234/234/234 166/166/166 196/196/196
f 234/234/234 218/218/218 166/166/166
f 196/196/196 130/130/130 156/156/156
f 196/196/196 166/166/166 130/130/130
f 156/156/156 106/106/106 120/120/120
f 156/156/156 130/130/130 106/106/106
f 120/120/120 79/79/79 100/100/100
f 120/120/120 106/106/106 79/79/79
f 100/100/100 58/58/58 77/77/77
f 100/100/100 79/79/79 58/58/58
f 77/77/77 36/36/36 60/60/60
f 77/77/77 58/58/58 36/36/36
f 60/60/60 22/22/22 44/44/44
f 60/60/60 36/36/36 22/22/22
f 44/44/44 9/9/9 30/30/30
f 44/44/44 22/22/22 9/9/9
f 30/30/30 5/5/5 28/28/28
f 30/30/30 9/9/9 5/5/5
f 28/28/28 3/3/3 20/20/20
f 28/28/28 5/5/5 3/3/3
f 20/20/20 1/1/1 18/18/18
f 20/20/20 3/3/3 1/1/1
f 18/18/18 2/2/2 19/19/19
f 18/18/18 1/1/1 2/2/2
f 19/19/19 4/4/4 27/27/27
f 19/19/19 2/2/2 4/4/4
f 27/27/27 8/8/8 29/29/29
f 27/27/27 4/4/4 8/8/8
f 29/29/29 21/21/21 43/43/43
f 29/29/29 8/8/8 21/21/21
f 43/43/43 35/35/35 59/59/59
f 43/43/43 21/21/21 35/35/35
f 59/59/59 57/57/57 76/76/76
f 59/59/59 35/35/35 57/57/57
f 76/76/76 78/78/78 99/99/99
f 76/76/76 57/57/57 78/78/78
f 99/99/99 105/105/105 119/119/119
f 99/99/99 78/78/78 105/105/105
f 119/119/119 129/129/129 155/155/155
f 119/119/119 105/105/105 129/129/129
f 155/155/155 165/165/165 195/195/195
f 155/155/155 129/129/129 165/165/165
f 195/195/195 217/217/217 233/233/233
f 195/195/195 165/165/165 217/217/217
f 233/233/233 255/255/255 267/267/267
f 233/233/233 217/217/217 255/255/255
f 267/267/267 315/315/315 327/327/327
f 267/267/267 255/255/255 315/315/315
f 327/327/327 370/370/370 382/382/382
f 327/327/327 315/315/315 370/370/370
f 382/382/382 464/464/464 484/484/484
f 382/382/382 370/370/370 464/464/464
f 484/484/484 605/605/605 599/599/599
f 484/484/484 464/464/464 605/605/605
f 599/599/599 750/750/750 728/728/728
f 599/599/599 605/605/605 750/750/750
f 728/728/728 846/846/846 834/834/834
f 728/728/728 750/750/750 846/846/846
f 834/834/834 902/902/902 890/890/890
f 834/834/834 846/846/846 902/902/902
f 890/890/890 966/966/966 952/952/952
f 890/890/890 902/902/902 966/966/966
f 952/952/952 1004/1004/1004 988/988/988
f 952/952/952 966/966/966 1004/1004/1004
f 988/988/988 1057/1057/1057 1026/1026/1026
f 988/988/988 1004/1004/1004 1057/1057/1057
f 1026/1026/1026 1093/1093/1093 1067/1067/1067
f 1026/1026/1026 1057/1057/1057 1093/1093/1093
f 1067/1067/1067 1118/1118/1118 1104/1104/1104
f 1067/1067/1067 1093/1093/1093 1118/1118/1118
f 1104/1104/1104 1146/1146/1146 1124/1124/1124
f 1104/1104/1104 1118/1118/1118 1146/1146/1146
f 1124/1124/1124 1168/1168/1168 1148/1148/1148
f 1124/1124/1124 1146/1146/1146 1168/1168/1168
f 1148/1148/1148 1192/1192/1192 1166/1166/1166
f 1148/1148/1148 1168/1168/1168 1192/1192/1192
f 1166/1166/1166 1206/1206/1206 1182/1182/1182
f 1166/1166/1166 1192/1192/1192 1206/1206/1206
f 1182/1182/1182 1220/1220/1220 1198/1198/1198
f 1182/1182/1182 1206/1206/1206 1220/1220/1220
f 1198/1198/1198 1226/1226/1226 1200/1200/1200
f 1198/1198/1198 1220/1220/1220 1226/1226/1226
f 1200/1200/1200 1228/1228/1228 1208/1208/1208
f 1200/1200/1200 1226/1226/1226 1228/1228/1228
f 1208/1208/1208 1231/1231/1231 1211/1211/1211
f 1208/1208/1208 1228/1228/1228 1231/1231/1231
f 1230/1230/1230 1219/1219/1219 1229/1229/1229
f 1230/1230/1230 1224/1224/1224 1219/1219/1219
f 1229/1229/1229 1215/1215/1215 1227/1227/1227
f 1229/1229/1229 1219/1219/1219 1215/1215/1215
f 1227/1227/1227 1205/1205/1205 1221/1221/1221
f 1227/1227/1227 1215/1215/1215 1205/1205/1205
f 1221/1221/1221 1197/1197/1197 1207/1207/1207
f 1221/1221/1221 1205/1205/1205 1197/1197/1197
f 1207/1207/1207 1177/1177/1177 1193/1193/1193
f 1207/1207/1207 1197/1197/1197 1177/1177/1177
f 1193/1193/1193 1155/1155/1155 1169/1169/1169
f 1193/1193/1193 1177/1177/1177 1155/1155/1155
f 1169/1169/1169 1137/1137/1137 1147/1147/1147
f 1169/1169/1169 1155/1155/1155 1137/1137/1137
f 1147/1147/1147 1115/1115/1115 1119/1119/1119
f 1147/1147/1147 1137/1137/1137 1115/1115/1115
f 1119/1119/1119 1076/1076/1076 1094/1094/1094
f 1119/1119/1119 1115/1115/1115 1076/1076/1076
f 1094/1094/1094 1041/1041/1041 1058/1058/1058
f 1094/1094/1094 1076/1076/1076 1041/1041/1041
f 1058/1058/1058 995/995/995 1005/1005/1005
f 1058/1058/1058 1041/1041/1041 995/995/995
f 1005/1005/1005 965/965/965 967/967/967
f 1005/1005/1005 995/995/995 965/965/965
f 967/967/967 895/895/895 903/903/903
f 967/967/967 965/965/965 895/895/895
f 903/903/903 843/843/843 847/847/847
f 903/903/903 895/895/895 843/843/843
f 847/847/847 745/745/745 751/751/751
f 847/847/847 843/843/843 745/745/745
f 751/751/751 613/613/613 606/606/606
f 751/751/751 745/745/745 613/613/613
f 606/606/606 472/472/472 465/465/465
f 606/606/606 613/613/613 472/472/472
f 465/465/465 376/376/376 371/371/371
f 465/465/465 472/472/472 376/376/376
f 371/371/371 325/325/325 316/316/316
f 371/371/371 376/376/376 325/325/325
f 316/316/316 259/259/259 256/256/256
f 316/316/316 325/325/325 259/259/259
f 256/256/256 229/229/229 218/218/218
f 256/256/256 259/259/259 229/229/229
f 218/218/218 183/183/183 166/166/166
f 218/218/218 229/229/229 183/183/183
f 166/166/166 149/149/149 130/130/130
f 166/166/166 183/183/183 149/149/149
f 130/130/130 111/111/111 106/106/106
f 130/130/130 149/149/149 111/111/111
f 106/106/106 89/89/89 79/79/79
f 106/106/106 111/111/111 89/89/89
f 79/79/79 72/72/72 58/58/58
f 79/79/79 89/89/89 72/72/72
f 58/58/58 51/51/51 36/36/36
f 58/58/58 72/72/72 51/51/51
f 36/36/36 33/33/33 22/22/22
f 36/36/36 51/51/51 33/33/33
f 22/22/22 25/25/25 9/9/9
f 22/22/22 33/33/33 25/25/25
f 9/9/9 16/16/16 5/5/5
f 9/9/9 25/25/25 16/16/16
f 5/5/5 12/12/12 3/3/3
f 5/5/5 16/16/16 12/12/12
f 3/3/3 6/6/6 1/1/1
f 3/3/3 12/12/12 6/6/6
f 1/1/1 10/10/10 2/2/2
f 1/1/1 6/6/6 10/10/10
f 2/2/2 14/14/14 4/4/4
f 2/2/2 10/10/10 14/14/14
f 4/4/4 23/23/23 8/8/8
f 4/4/4 14/14/14 23/23/23
f 8/8/8 31/31/31 21/21/21
f 8/8/8 23/23/23 31/31/31
f 21/21/21 49/49/49 35/35/35
f 21/21/21 31/31/31 49/49/49
f 35/35/35 70/70/70 57/57/57
f 35/35/35 49/49/49 70/70/70
f 57/57/57 87/87/87 78/78/78
f 57/57/57 70/70/70 87/87/87
f 78/78/78 109/109/109 105/105/105
f 78/78/78 87/87/87 109/109/109
f 105/105/105 147/147/147 129/129/129
f 105/105/105 109/109/109 147/147/147
f 129/129/129 181/181/181 165/165/165
f 129/129/129 147/147/147 181/181/181
f 165/165/165 227/227/227 217/217/217
f 165/165/165 181/181/181 227/227/227
f 217/217/217 257/257/257 255/255/255
f 217/217/217 227/227/227 257/257/257
f 255/255/255 323/323/323 315/315/315
f 255/255/255 257/257/257 323/323/323
f 315/315/315 374/374/374 370/370/370
f 315/315/315 323/323/323 374/374/374
f 370/370/370 470/470/470 464/464/464
f 370/370/370 374/374/374 470/470/470
f 464/464/464 611/611/611 605/605/605
f 464/464/464 470/470/470 611/611/611
f 605/605/605 743/743/743 750/750/750
f 605/605/605 611/611/611 743/743/743
f 750/750/750 841/841/841 846/846/846
f 750/750/750 743/743/743 841/841/841
f 846/846/846 893/893/893 902/902/902
f 846/846/846 841/841/841 893/893/893
f 902/902/902 963/963/963 966/966/966
f 902/902/902 893/893/893 963/963/963
f 966/966/966 993/993/993 1004/1004/1004
f 966/966/966 963/963/963 993/993/993
f 1004/1004/1004 1039/1039/1039 1057/1057/1057
f 1004/1004/1004 993/993/993 1039/1039/1039
f 1057/1057/1057 1074/1074/1074 1093/1093/1093
f 1057/1057/1057 1039/1039/1039 1074/1074/1074
f 1093/1093/1093 1113/1113/1113 1118/1118/1118
f 1093/1093/1093 1074/1074/1074 1113/1113/1113
f 1118/1118/1118 1135/1135/1135 1146/1146/1146
f 1118/1118/1118 1113/1113/1113 1135/1135/1135
f 1146/1146/1146 1153/1153/1153 1168/1168/1168
f 1146/1146/1146 1135/1135/1135 1153/1153/1153
f 1168/1168/1168 1175/1175/1175 1192/1192/1192
f 1168/1168/1168 1153/1153/1153 1175/1175/1175
f 1192/1192/1192 1195/1195/1195 1206/1206/1206
f 1192/1192/1192 1175/1175/1175 1195/1195/1195
f 1206/1206/1206 1203/1203/1203 1220/1220/1220
f 1206/1206/1206 1195/1195/1195 1203/1203/1203
f 1220/1220/1220 1213/1213/1213 1226/1226/1226
f 1220/1220/1220 1203/1203/1203 1213/1213/1213
f 1226/1226/1226 1217/1217/1217 1228/1228/1228
f 1226/1226/1226 1213/1213/1213 1217/1217/1217
f 1228/1228/1228 1225/1225/1225 1231/1231/1231
f 1228/1228/1228 1217/1217/1217 1225/1225/1225
f 1222/1222/1222 1187/1187/1187 1218/1218/1218
f 1222/1222/1222 1190/1190/1190 1187/1187/1187
f 1218/1218/1218 1181/1181/1181 1214/1214/1214
f 1218/1218/1218 1187/1187/1187 1181/1181/1181
f 1214/1214/1214 1173/1173/1173 1204/1204/1204
f 1214/1214/1214 1181/1181/1181 1173/1173/1173
f 1204/1204/1204 1161/1161/1161 1196/1196/1196
f 1204/1204/1204 1173/1173/1173 1161/1161/1161
f 1196/1196/1196 1145/1145/1145 1176/1176/1176
f 1196/1196/1196 1161/1161/1161 1145/1145/1145
f 1176/1176/1176 1129/1129/1129 1154/1154/1154
f 1176/1176/1176 1145/1145/1145 1129/1129/1129
f 1154/1154/1154 1109/1109/1109 1136/1136/1136
f 1154/1154/1154 1129/1129/1129 1109/1109/1109
f 1136/1136/1136 1084/1084/1084 1114/1114/1114
f 1136/1136/1136 1109/1109/1109 1084/1084/1084
f 1114/1114/1114 1056/1056/1056 1075/1075/1075
f 1114/1114/1114 1084/1084/1084 1056/1056/1056
f 1075/1075/1075 1011/1011/1011 1040/1040/1040
f 1075/1075/1075 1056/1056/1056 1011/1011/1011
f 1040/1040/1040 981/981/981 994/994/994
f 1040/1040/1040 1011/1011/1011 981/981/981
f 994/994/994 933/933/933 964/964/964
f 994/994/994 981/981/981 933/933/933
f 964/964/964 879/879/879 894/894/894
f 964/964/964 933/933/933 879/879/879
f 894/894/894 829/829/829 842/842/842
f 894/894/894 879/879/879 829/829/829
f 842/842/842 723/723/723 744/744/744
f 842/842/842 829/829/829 723/723/723
f 744/744/744 610/610/610 614/614/614
f 744/744/744 723/723/723 610/610/610
f 614/614/614 492/492/492 473/473/473
f 614/614/614 610/610/610 492/492/492
f 473/473/473 390/390/390 377/377/377
f 473/473/473 492/492/492 390/390/390
f 377/377/377 341/341/341 326/326/326
f 377/377/377 390/390/390 341/341/341
f 326/326/326 288/288/288 260/260/260
f 326/326/326 341/341/341 288/288/288
f 260/260/260 243/243/243 230/230/230
f 260/260/260 288/288/288 243/243/243
f 230/230/230 213/213/213 184/184/184
f 230/230/230 243/243/243 213/213/213
f 184/184/184 169/169/169 150/150/150
f 184/184/184 213/213/213 169/169/169
f 150/150/150 141/141/141 112/112/112
f 150/150/150 169/169/169 141/141/141
f 112/112/112 117/117/117 90/90/90
f 112/112/112 141/141/141 117/117/117
f 90/90/90 97/97/97 73/73/73
f 90/90/90 117/117/117 97/97/97
f 73/73/73 82/82/82 52/52/52
f 73/73/73 97/97/97 82/82/82
f 52/52/52 66/66/66 34/34/34
f 52/52/52 82/82/82 66/66/66
f 34/34/34 55/55/55 26/26/26
f 34/34/34 66/66/66 55/55/55
f 26/26/26 47/47/47 17/17/17
f 26/26/26 55/55/55 47/47/47
f 17/17/17 41/41/41 13/13/13
f 17/17/17 47/47/47 41/41/41
f 13/13/13 37/37/37 7/7/7
f 13/13/13 41/41/41 37/37/37
f 7/7/7 39/39/39 11/11/11
f 7/7/7 37/37/37 39/39/39
f 11/11/11 45/45/45 15/15/15
f 11/11/11 39/39/39 45/45/45
f 15/15/15 53/53/53 24/24/24
f 15/15/15 45/45/45 53/53/53
f 24/24/24 64/64/64 32/32/32
f 24/24/24 53/53/53 64/64/64
f 32/32/32 80/80/80 50/50/50
f 32/32/32 64/64/64 80/80/80
f 50/50/50 95/95/95 71/71/71
f 50/50/50 80/80/80 95/95/95
f 71/71/71 115/115/115 88/88/88
f 71/71/71 95/95/95 115/115/115
f 88/88/88 139/139/139 110/110/110
f 88/88/88 115/115/115 139/139/139
f 110/110/110 167/167/167 148/148/148
f 110/110/110 139/139/139 167/167/167
f 148/148/148 211/211/211 182/182/182
f 148/148/148 167/167/167 211/211/211
f 182/182/182 241/241/241 228/228/228
f 182/182/182 211/211/211 241/241/241
f 228/228/228 286/286/286 258/258/258
f 228/228/228 241/241/241 286/286/286
f 258/258/258 339/339/339 324/324/324
f 258/258/258 286/286/286 339/339/339
f 324/324/324 388/388/388 375/375/375
f 324/324/324 339/339/339 388/388/388
f 375/375/375 490/490/490 471/471/471
f 375/375/375 388/388/388 490/490/490
f 471/471/471 608/608/608 612/612/612
f 471/471/471 490/490/490 608/608/608
f 612/612/612 721/721/721 742/742/742
f 612/612/612 608/608/608 721/721/721
f 742/742/742 827/827/827 840/840/840
f 742/742/742 721/721/721 827/827/827
f 840/840/840 877/877/877 892/892/892
f 840/840/840 827/827/827 877/877/877
f 892/892/892 931/931/931 962/962/962
f 892/892/892 877/877/877 931/931/931
f 962/962/962 979/979/979 992/992/992
f 962/962/962 931/931/931 979/979/979
f 992/992/992 1009/1009/1009 1038/1038/1038
f 992/992/992 979/979/979 1009/1009/1009
f 1038/1038/1038 1054/1054/1054 1073/1073/1073
f 1038/1038/1038 1009/1009/1009 1054/1054/1054
f 1073/1073/1073 1082/1082/1082 1112/1112/1112
f 1073/1073/1073 1054/1054/1054 1082/1082/1082
f 1112/1112/1112 1107/1107/1107 1134/1134/1134
f 1112/1112/1112 1082/1082/1082 1107/1107/1107
f 1134/1134/1134 1127/1127/1127 1152/1152/1152
f 1134/1134/1134 1107/1107/1107 1127/1127/1127
f 1152/1152/1152 1143/1143/1143 1174/1174/1174
f 1152/1152/1152 1127/1127/1127 1143/1143/1143
f 1174/1174/1174 1159/1159/1159 1194/1194/1194
f 1174/1174/1174 1143/1143/1143 1159/1159/1159
f 1194/1194/1194 1171/1171/1171 1202/1202/1202
f 1194/1194/1194 1159/1159/1159 1171/1171/1171
f 1202/1202/1202 1179/1179/1179 1212/1212/1212
f 1202/1202/1202 1171/1171/1171 1179/1179/1179
f 1212/1212/1212 1185/1185/1185 1216/1216/1216
f 1212/1212/1212 1179/1179/1179 1185/1185/1185
f 1216/1216/1216 1191/1191/1191 1223/1223/1223
f 1216/1216/1216 1185/1185/1185 1191/1191/1191
f 1188/1188/1188 1163/1163/1163 1186/1186/1186
f 1188/1188/1188 1164/1164/1164 1163/1163/1163
f 1186/1186/1186 1157/1157/1157 1180/1180/1180
f 1186/1186/1186 1163/1163/1163 1157/1157/1157
f 1180/1180/1180 1151/1151/1151 1172/1172/1172
f 1180/1180/1180 1157/1157/1157 1151/1151/1151
f 1172/1172/1172 1141/1141/1141 1160/1160/1160
f 1172/1172/1172 1151/1151/1151 1141/1141/1141
f 1160/1160/1160 1123/1123/1123 1144/1144/1144
f 1160/1160/1160 1141/1141/1141 1123/1123/1123
f 1144/1144/1144 1111/1111/1111 1128/1128/1128
f 1144/1144/1144 1123/1123/1123 1111/1111/1111
f 1128/1128/1128 1092/1092/1092 1108/1108/1108
f 1128/1128/1128 1111/1111/1111 1092/1092/1092
f 1108/1108/1108 1066/1066/1066 1083/1083/1083
f 1108/1108/1108 1092/1092/1092 1066/1066/1066
f 1083/1083/1083 1025/1025/1025 1055/1055/1055
f 1083/1083/1083 1066/1066/1066 1025/1025/1025
f 1055/1055/1055 991/991/991 1010/1010/1010
f 1055/1055/1055 1025/1025/1025 991/991/991
f 1010/1010/1010 969/969/969 980/980/980
f 1010/1010/1010 991/991/991 969/969/969
f 980/980/980 923/923/923 932/932/932
f 980/980/980 969/969/969 923/923/923
f 932/932/932 867/867/867 878/878/878
f 932/932/932 923/923/923 867/867/867
f 878/878/878 815/815/815 828/828/828
f 878/878/878 867/867/867 815/815/815
f 828/828/828 707/707/707 722/722/722
f 828/828/828 815/815/815 707/707/707
f 722/722/722 602/602/602 609/609/609
f 722/722/722 707/707/707 602/602/602
f 609/609/609 507/507/507 493/493/493
f 609/609/609 602/602/602 507/507/507
f 493/493/493 403/403/403 391/391/391
f 493/493/493 507/507/507 403/403/403
f 391/391/391 352/352/352 342/342/342
f 391/391/391 403/403/403 352/352/352
f 342/342/342 297/297/297 289/289/289
f 342/342/342 352/352/352 297/297/297
f 289/289/289 254/254/254 244/244/244
f 289/289/289 297/297/297 254/254/254
f 244/244/244 232/232/232 214/214/214
f 244/244/244 254/254/254 232/232/232
f 214/214/214 198/198/198 170/170/170
f 214/214/214 232/232/232 198/198/198
f 170/170/170 158/158/158 142/142/142
f 170/170/170 198/198/198 158/158/158
f 142/142/142 132/132/132 118/118/118
f 142/142/142 158/158/158 132/132/132
f 118/118/118 114/114/114 98/98/98
f 118/118/118 132/132/132 114/114/114
f 98/98/98 102/102/102 83/83/83
f 98/98/98 114/114/114 102/102/102
f 83/83/83 85/85/85 67/67/67
f 83/83/83 102/102/102 85/85/85
f 67/67/67 75/75/75 56/56/56
f 67/67/67 85/85/85 75/75/75
f 56/56/56 69/69/69 48/48/48
f 56/56/56 75/75/75 69/69/69
f 48/48/48 63/63/63 42/42/42
f 48/48/48 69/69/69 63/63/63
f 42/42/42 61/61/61 38/38/38
f 42/42/42 63/63/63 61/61/61
f 38/38/38 62/62/62 40/40/40
f 38/38/38 61/61/61 62/62/62
f 40/40/40 68/68/68 46/46/46
f 40/40/40 62/62/62 68/68/68
f 46/46/46 74/74/74 54/54/54
f 46/46/46 68/68/68 74/74/74
f 54/54/54 84/84/84 65/65/65
f 54/54/54 74/74/74 84/84/84
f 65/65/65 101/101/101 81/81/81
f 65/65/65 84/84/84 101/101/101
f 81/81/81 113/113/113 96/96/96
f 81/81/81 101/101/101 113/113/113
f 96/96/96 131/131/131 116/116/116
f 96/96/96 113/113/113 131/131/131
f 116/116/116 157/157/157 140/140/140
f 116/116/116 131/131/131 157/157/157
f 140/140/140 197/197/197 168/168/168
f 140/140/140 157/157/157 197/197/197
f 168/168/168 231/231/231 212/212/212
f 168/168/168 197/197/197 231/231/231
f 212/212/212 253/253/253 242/242/242
f 212/212/212 231/231/231 253/253/253
f 242/242/242 296/296/296 287/287/287
f 242/242/242 253/253/253 296/296/296
f 287/287/287 351/351/351 340/340/340
f 287/287/287 296/296/296 351/351/351
f 340/340/340 402/402/402 389/389/389
f 340/340/340 351/351/351 402/402/402
f 389/389/389 506/506/506 491/491/491
f 389/389/389 402/402/402 506/506/506
f 491/491/491 601/601/601 607/607/607
f 491/491/491 506/506/506 601/601/601
f 607/607/607 706/706/706 720/720/720
f 607/607/607 601/601/601 706/706/706
f 720/720/720 814/814/814 826/826/826
f 720/720/720 706/706/706 814/814/814
f 826/826/826 866/866/866 876/876/876
f 826/826/826 814/814/814 866/866/866
f 876/876/876 922/922/922 930/930/930
f 876/876/876 866/866/866 922/922/922
f 930/930/930 968/968/968 978/978/978
f 930/930/930 922/922/922 968/968/968
f 978/978/978 990/990/990 1008/1008/1008
f 978/978/978 968/968/968 990/990/990
f 1008/1008/1008 1024/1024/1024 1053/1053/1053
f 1008/1008/1008 990/990/990 1024/1024/1024
f 1053/1053/1053 1065/1065/1065 1081/1081/1081
f 1053/1053/1053 1024/1024/1024 1065/1065/1065
f 1081/1081/1081 1091/1091/1091 1106/1106/1106
f 1081/1081/1081 1065/1065/1065 1091/1091/1091
f 1106/1106/1106 1110/1110/1110 1126/1126/1126
f 1106/1106/1106 1091/1091/1091 1110/1110/1110
f 1126/1126/1126 1122/1122/1122 1142/1142/1142
f 1126/1126/1126 1110/1110/1110 1122/1122/1122
f 1142/1142/1142 1140/1140/1140 1158/1158/1158
f 1142/1142/1142 1122/1122/1122 1140/1140/1140
f 1158/1158/1158 1150/1150/1150 1170/1170/1170
f 1158/1158/1158 1140/1140/1140 1150/1150/1150
f 1170/1170/1170 1156/1156/1156 1178/1178/1178
f 1170/1170/1170 1150/1150/1150 1156/1156/1156
f 1178/1178/1178 1162/1162/1162 1184/1184/1184
f 1178/1178/1178 1156/1156/1156 1162/1162/1162
f 1184/1184/1184 1165/1165/1165 1189/1189/1189
f 1184/1184/1184 1162/1162/1162 1165/1165/1165
f 1164/1164/1164 1048/1048/1048 1163/1163/1163
f 1164/1164/1164 1050/1050/1050 1048/1048/1048
f 1163/1163/1163 1044/1044/1044 1157/1157/1157
f 1163/1163/1163 1048/1048/1048 1044/1044/1044
f 1157/1157/1157 1032/1032/1032 1151/1151/1151
f 1157/1157/1157 1044/1044/1044 1032/1032/1032
f 1151/1151/1151 1022/1022/1022 1141/1141/1141
f 1151/1151/1151 1032/1032/1032 1022/1022/1022
f 1141/1141/1141 1014/1014/1014 1123/1123/1123
f 1141/1141/1141 1022/1022/1022 1014/1014/1014
f 1123/1123/1123 1002/1002/1002 1111/1111/1111
f 1123/1123/1123 1014/1014/1014 1002/1002/1002
f 1111/1111/1111 986/986/986 1092/1092/1092
f 1111/1111/1111 1002/1002/1002 986/986/986
f 1092/1092/1092 972/972/972 1066/1066/1066
f 1092/1092/1092 986/986/986 972/972/972
f 1066/1066/1066 944/944/944 1025/1025/1025
f 1066/1066/1066 972/972/972 944/944/944
f 1025/1025/1025 918/918/918 991/991/991
f 1025/1025/1025 944/944/944 918/918/918
f 991/991/991 886/886/886 969/969/969
f 991/991/991 918/918/918 886/886/886
f 969/969/969 858/858/858 923/923/923
f 969/969/969 886/886/886 858/858/858
f 923/923/923 818/818/818 867/867/867
f 923/923/923 858/858/858 818/818/818
f 867/867/867 762/762/762 815/815/815
f 867/867/867 818/818/818 762/762/762
f 815/815/815 670/670/670 707/707/707
f 815/815/815 762/762/762 670/670/670
f 707/707/707 592/592/592 602/602/602
f 707/707/707 670/670/670 592/592/592
f 602/602/602 544/544/544 507/507/507
f 602/602/602 592/592/592 544/544/544
f 507/507/507 454/454/454 403/403/403
f 507/507/507 544/544/544 454/454/454
f 403/403/403 400/400/400 352/352/352
f 403/403/403 454/454/454 400/400/400
f 352/352/352 361/361/361 297/297/297
f 352/352/352 400/400/400 361/361/361
f 297/297/297 333/333/333 254/254/254
f 297/297/297 361/361/361 333/333/333
f 254/254/254 302/302/302 232/232/232
f 254/254/254 333/333/333 302/302/302
f 232/232/232 278/278/278 198/198/198
f 232/232/232 302/302/302 278/278/278
f 198/198/198 252/252/252 158/158/158
f 198/198/198 278/278/278 252/252/252
f 158/158/158 238/238/238 132/132/132
f 158/158/158 252/252/252 238/238/238
f 132/132/132 222/222/222 114/114/114
f 132/132/132 238/238/238 222/222/222
f 114/114/114 210/210/210 102/102/102
f 114/114/114 222/222/222 210/210/210
f 102/102/102 202/202/202 85/85/85
f 102/102/102 210/210/210 202/202/202
f 85/85/85 192/192/192 75/75/75
f 85/85/85 202/202/202 192/192/192
f 75/75/75 180/180/180 69/69/69
f 75/75/75 192/192/192 180/180/180
f 69/69/69 176/176/176 63/63/63
f 69/69/69 180/180/180 176/176/176
f 63/63/63 172/172/172 61/61/61
f 63/63/63 176/176/176 172/172/172
f 61/61/61 174/174/174 62/62/62
f 61/61/61 172/172/172 174/174/174
f 62/62/62 178/178/178 68/68/68
f 62/62/62 174/174/174 178/178/178
f 68/68/68 190/190/190 74/74/74
f 68/68/68 178/178/178 190/190/190
f 74/74/74 200/200/200 84/84/84
f 74/74/74 190/190/190 200/200/200
f 84/84/84 208/208/208 101/101/101
f 84/84/84 200/200/200 208/208/208
f 101/101/101 220/220/220 113/113/113
f 101/101/101 208/208/208 220/220/220
f 113/113/113 236/236/236 131/131/131
f 113/113/113 220/220/220 236/236/236
f 131/131/131 250/250/250 157/157/157
f 131/131/131 236/236/236 250/250/250
f 157/157/157 276/276/276 197/197/197
f 157/157/157 250/250/250 276/276/276
f 197/197/197 301/301/301 231/231/231
f 197/197/197 276/276/276 301/301/301
f 231/231/231 332/332/332 253/253/253
f 231/231/231 301/301/301 332/332/332
f 253/253/253 360/360/360 296/296/296
f 253/253/253 332/332/332 360/360/360
f 296/296/296 399/399/399 351/351/351
f 296/296/296 360/360/360 399/399/399
f 351/351/351 453/453/453 402/402/402
f 351/351/351 399/399/399 453/453/453
f 402/402/402 543/543/543 506/506/506
f 402/402/402 453/453/453 543/543/543
f 506/506/506 590/590/590 601/601/601
f 506/506/506 543/543/543 590/590/590
f 601/601/601 669/669/669 706/706/706
f 601/601/601 590/590/590 669/669/669
f 706/706/706 761/761/761 814/814/814
f 706/706/706 669/669/669 761/761/761
f 814/814/814 817/817/817 866/866/866
f 814/814/814 761/761/761 817/817/817
f 866/866/866 857/857/857 922/922/922
f 866/866/866 817/817/817 857/857/857
f 922/922/922 885/885/885 968/968/968
f 922/922/922 857/857/857 885/885/885
f 968/968/968 917/917/917 990/990/990
f 968/968/968 885/885/885 917/917/917
f 990/990/990 943/943/943 1024/1024/1024
f 990/990/990 917/917/917 943/943/943
f 1024/1024/1024 971/971/971 1065/1065/1065
f 1024/1024/1024 943/943/943 971/971/971
f 1065/1065/1065 985/985/985 1091/1091/1091
f 1065/1065/1065 971/971/971 985/985/985
f 1091/1091/1091 1001/1001/1001 1110/1110/1110
f 1091/1091/1091 985/985/985 1001/1001/1001
f 1110/1110/1110 1013/1013/1013 1122/1122/1122
f 1110/1110/1110 1001/1001/1001 1013/1013/1013
f 1122/1122/1122 1021/1021/1021 1140/1140/1140
f 1122/1122/1122 1013/1013/1013 1021/1021/1021
f 1140/1140/1140 1031/1031/1031 1150/1150/1150
f 1140/1140/1140 1021/1021/1021 1031/1031/1031
f 1150/1150/1150 1043/1043/1043 1156/1156/1156
f 1150/1150/1150 1031/1031/1031 1043/1043/1043
f 1156/1156/1156 1047/1047/1047 1162/1162/1162
f 1156/1156/1156 1043/1043/1043 1047/1047/1047
f 1162/1162/1162 1052/1052/1052 1165/1165/1165
f 1162/1162/1162 1047/1047/1047 1052/1052/1052
f 1051/1051/1051 591/591/591 1049/1049/1049
f 1049/1049/1049 591/591/591 1045/1045/1045
f 1045/1045/1045 591/591/591 1033/1033/1033
f 1033/1033/1033 591/591/591 1023/1023/1023
f 1023/1023/1023 591/591/591 1015/1015/1015
f 1015/1015/1015 591/591/591 1003/1003/1003
f 1003/1003/1003 591/591/591 987/987/987
f 987/987/987 591/591/591 973/973/973
f 973/973/973 591/591/591 945/945/945
f 945/945/945 591/591/591 919/919/919
f 919/919/919 591/591/591 887/887/887
f 887/887/887 591/591/591 859/859/859
f 859/859/859 591/591/591 819/819/819
f 819/819/819 591/591/591 763/763/763
f 763/763/763 591/591/591 671/671/671
f 671/671/671 591/591/591 593/593/593
f 593/593/593 591/591/591 545/545/545
f 545/545/545 591/591/591 455/455/455
f 455/455/455 591/591/591 401/401/401
f 401/401/401 591/591/591 362/362/362
f 362/362/362 591/591/591 334/334/334
f 334/334/334 591/591/591 303/303/303
f 303/303/303 591/591/591 277/277/277
f 277/277/277 591/591/591 251/251/251
f 251/251/251 591/591/591 237/237/237
f 237/237/237 591/591/591 221/221/221
f 221/221/221 591/591/591 209/209/209
f 209/209/209 591/591/591 201/201/201
f 201/201/201 591/591/591 191/191/191
f 191/191/191 591/591/591 179/179/179
f 179/179/179 591/591/591 175/175/175
f 175/175/175 591/591/591 171/171/171
f 171/171/171 591/591/591 173/173/173
f 173/173/173 591/591/591 177/177/177
f 177/177/177 591/591/591 189/189/189
f 189/189/189 591/591/591 199/199/199
f 199/199/199 591/591/591 207/207/207
f 207/207/207 591/591/591 219/219/219
f 219/219/219 591/591/591 235/235/235
f 235/235/235 591/591/591 249/249/249
f 249/249/249 591/591/591 275/275/275
f 275/275/275 591/591/591 300/300/300
f 300/300/300 591/591/591 331/331/331
f 331/331/331 591/591/591 359/359/359
f 359/359/359 591/591/591 398/398/398
f 398/398/398 591/591/591 452/452/452
f 452/452/452 591/591/591 542/542/542
f 542/542/542 591/591/591 589/589/589
f 589/589/589 591/591/591 668/668/668
f 668/668/668 591/591/591 760/760/760
f 760/760/760 591/591/591 816/816/816
f 816/816/816 591/591/591 856/856/856
f 856/856/856 591/591/591 884/884/884
f 884/884/884 591/591/591 916/916/916
f 916/916/916 591/591/591 942/942/942
f 942/942/942 591/591/591 970/970/970
f 970/970/970 591/591/591 984/984/984
f 984/984/984 591/591/591 1000/1000/1000
f 1000/1000/1000 591/591/591 1012/1012/1012
f 1012/1012/1012 591/591/591 1020/1020/1020
f 1020/1020/1020 591/591/591 1030/1030/1030
f 1030/1030/1030 591/591/591 1042/1042/1042
f 1042/1042/1042 591/591/591 1046/1046/1046
f 1046/1046/1046 591/591/591 1051/1051/1051
usemtl Trim
s 1
f 596/596/596 809/809/809 803/803/803
f 596/596/596 803/803/803 799/799/799
f 596/596/596 799/799/799 793/793/793
f 596/596/596 793/793/793 783/783/783
f 596/596/596 783/783/783 754/754/754
f 596/596/596 754/754/754 718/718/718
f 596/596/596 718/718/718 694/694/694
f 596/596/596 694/694/694 660/660/660
f 596/596/596 660/660/660 642/642/642
f 596/596/596 642/642/642 597/597/597
f 596/596/596 597/597/597 573/573/573
f 596/596/596 573/573/573 555/555/555
f 596/596/596 555/555/555 521/521/521
f 596/596/596 521/521/521 497/497/497
f 596/596/596 497/497/497 463/463/463
f 596/596/596 463/463/463 435/435/435
f 596/596/596 435/435/435 425/425/425
f 596/596/596 425/425/425 419/419/419
f 596/596/596 419/419/419 415/415/415
f 596/596/596 415/415/415 407/407/407
f 596/596/596 407/407/407 413/413/413
f 596/596/596 413/413/413 417/417/417
f 596/596/596 417/417/417 423/423/423
f 596/596/596 423/423/423 433/433/433
f 596/596/596 433/433/433 461/461/461
f 596/596/596 461/461/461 495/495/495
f 596/596/596 495/495/495 519/519/519
f 596/596/596 519/519/519 553/553/553
f 596/596/596 553/553/553 571/571/571
f 596/596/596 571/571/571 594/594/594
f 596/596/596 594/594/594 640/640/640
f 596/596/596 640/640/640 658/658/658
f 596/596/596 658/658/658 692/692/692
f 596/596/596 692/692/692 716/716/716
f 596/596/596 716/716/716 752/752/752
f 596/596/596 752/752/752 781/781/781
f 596/596/596 781/781/781 791/791/791
f 596/596/596 791/791/791 797/797/797
f 596/596/596 797/797/797 801/801/801
f 596/596/596 801/801/801 809/809/809
f 810/810/810 849/849/849 804/804/804
f 810/810/810 850/850/850 849/849/849
f 804/804/804 845/845/845 800/800/800
f 804/804/804 849/849/849 845/845/845
f 800/800/800 833/833/833 794/794/794
f 800/800/800 845/845/845 833/833/833
f 794/794/794 825/825/825 784/784/784
f 794/794/794 833/833/833 825/825/825
f 784/784/784 806/806/806 755/755/755
f 784/784/784 825/825/825 806/806/806
f 755/755/755 786/786/786 719/719/719
f 755/755/755 806/806/806 786/786/786
f 719/719/719 737/737/737 695/695/695
f 719/719/719 786/786/786 737/737/737
f 695/695/695 687/687/687 661/661/661
f 695/695/695 737/737/737 687/687/687
f 661/661/661 649/649/649 643/643/643
f 661/661/661 687/687/687 649/649/649
f 643/643/643 604/604/604 598/598/598
f 643/643/643 649/649/649 604/604/604
f 598/598/598 565/565/565 572/572/572
f 598/598/598 604/604/604 565/565/565
f 572/572/572 527/527/527 554/554/554
f 572/572/572 565/565/565 527/527/527
f 554/554/554 477/477/477 520/520/520
f 554/554/554 527/527/527 477/477/477
f 520/520/520 431/431/431 496/496/496
f 520/520/520 477/477/477 431/431/431
f 496/496/496 411/411/411 462/462/462
f 496/496/496 431/431/431 411/411/411
f 462/462/462 393/393/393 434/434/434
f 462/462/462 411/411/411 393/393/393
f 434/434/434 385/385/385 424/424/424
f 434/434/434 393/393/393 385/385/385
f 424/424/424 373/373/373 418/418/418
f 424/424/424 385/385/385 373/373/373
f 418/418/418 369/369/369 414/414/414
f 418/418/418 373/373/373 369/369/369
f 414/414/414 367/367/367 406/406/406
f 414/414/414 369/369/369 367/367/367
f 406/406/406 368/368/368 412/412/412
f 406/406/406 367/367/367 368/368/368
f 412/412/412 372/372/372 416/416/416
f 412/412/412 368/368/368 372/372/372
f 416/416/416 384/384/384 422/422/422
f 416/416/416 372/372/372 384/384/384
f 422/422/422 392/392/392 432/432/432
f 422/422/422 384/384/384 392/392/392
f 432/432/432 410/410/410 460/460/460
f 432/432/432 392/392/392 410/410/410
f 460/460/460 430/430/430 494/494/494
f 460/460/460 410/410/410 430/430/430
f 494/494/494 476/476/476 518/518/518
f 494/494/494 430/430/430 476/476/476
f 518/518/518 526/526/526 552/552/552
f 518/518/518 476/476/476 526/526/526
f 552/552/552 564/564/564 570/570/570
f 552/552/552 526/526/526 564/564/564
f 570/570/570 603/603/603 595/595/595
f 570/570/570 564/564/564 603/603/603
f 595/595/595 648/648/648 641/641/641
f 595/595/595 603/603/603 648/648/648
f 641/641/641 686/686/686 659/659/659
f 641/641/641 648/648/648 686/686/686
f 659/659/659 736/736/736 693/693/693
f 659/659/659 686/686/686 736/736/736
f 693/693/693 785/785/785 717/717/717
f 693/693/693 736/736/736 785/785/785
f 717/717/717 805/805/805 753/753/753
f 717/717/717 785/785/785 805/805/805
f 753/753/753 824/824/824 782/782/782
f 753/753/753 805/805/805 824/824/824
f 782/782/782 832/832/832 792/792/792
f 782/782/782 824/824/824 832/832/832
f 792/792/792 844/844/844 798/798/798
f 792/792/792 832/832/832 844/844/844
f 798/798/798 848/848/848 802/802/802
f 798/798/798 844/844/844 848/848/848
f 802/802/802 851/851/851 811/811/811
f 802/802/802 848/848/848 851/851/851
f 850/850/850 735/735/735 849/849/849
f 850/850/850 740/740/740 735/735/735
f 849/849/849 727/727/727 845/845/845
f 849/849/849 735/735/735 727/727/727
f 845/845/845 715/715/715 833/833/833
f 845/845/845 727/727/727 715/715/715
f 833/833/833 705/705/705 825/825/825
f 833/833/833 715/715/715 705/705/705
f 825/825/825 691/691/691 806/806/806
f 825/825/825 705/705/705 691/691/691
f 806/806/806 677/677/677 786/786/786
f 806/806/806 691/691/691 677/677/677
f 786/786/786 657/657/657 737/737/737
f 786/786/786 677/677/677 657/657/657
f 737/737/737 647/647/647 687/687/687
f 737/737/737 657/657/657 647/647/647
f 687/687/687 635/635/635 649/649/649
f 687/687/687 647/647/647 635/635/635
f 649/649/649 618/618/618 604/604/604
f 649/649/649 635/635/635 618/618/618
f 604/604/604 580/580/580 565/565/565
f 604/604/604 618/618/618 580/580/580
f 565/565/565 568/568/568 527/527/527
f 565/565/565 580/580/580 568/568/568
f 527/527/527 558/558/558 477/477/477
f 527/527/527 568/568/568 558/558/558
f 477/477/477 538/538/538 431/431/431
f 477/477/477 558/558/558 538/538/538
f 431/431/431 524/524/524 411/411/411
f 431/431/431 538/538/538 524/524/524
f 411/411/411 510/510/510 393/393/393
f 411/411/411 524/524/524 510/510/510
f 393/393/393 500/500/500 385/385/385
f 393/393/393 510/510/510 500/500/500
f 385/385/385 488/488/488 373/373/373
f 385/385/385 500/500/500 488/488/488
f 373/373/373 480/480/480 369/369/369
f 373/373/373 488/488/488 480/480/480
f 369/369/369 474/474/474 367/367/367
f 369/369/369 480/480/480 474/474/474
f 367/367/367 478/478/478 368/368/368
f 367/367/367 474/474/474 478/478/478
f 368/368/368 486/486/486 372/372/372
f 368/368/368 478/478/478 486/486/486
f 372/372/372 498/498/498 384/384/384
f 372/372/372 486/486/486 498/498/498
f 384/384/384 508/508/508 392/392/392
f 384/384/384 498/498/498 508/508/508
f 392/392/392 522/522/522 410/410/410
f 392/392/392 508/508/508 522/522/522
f 410/410/410 536/536/536 430/430/430
f 410/410/410 522/522/522 536/536/536
f 430/430/430 556/556/556 476/476/476
f 430/430/430 536/536/536 556/556/556
f 476/476/476 566/566/566 526/526/526
f 476/476/476 556/556/556 566/566/566
f 526/526/526 578/578/578 564/564/564
f 526/526/526 566/566/566 578/578/578
f 564/564/564 616/616/616 603/603/603
f 564/564/564 578/578/578 616/616/616
f 603/603/603 633/633/633 648/648/648
f 603/603/603 616/616/616 633/633/633
f 648/648/648 645/645/645 686/686/686
f 648/648/648 633/633/633 645/645/645
f 686/686/686 655/655/655 736/736/736
f 686/686/686 645/645/645 655/655/655
f 736/736/736 675/675/675 785/785/785
f 736/736/736 655/655/655 675/675/675
f 785/785/785 689/689/689 805/805/805
f 785/785/785 675/675/675 689/689/689
f 805/805/805 703/703/703 824/824/824
f 805/805/805 689/689/689 703/703/703
f 824/824/824 713/713/713 832/832/832
f 824/824/824 703/703/703 713/713/713
f 832/832/832 725/725/725 844/844/844
f 832/832/832 713/713/713 725/725/725
f 844/844/844 733/733/733 848/848/848
f 844/844/844 725/725/725 733/733/733
f 848/848/848 741/741/741 851/851/851
f 848/848/848 733/733/733 741/741/741
f 738/738/738 939/939/939 734/734/734
f 738/738/738 940/940/940 939/939/939
f 734/734/734 929/929/929 726/726/726
f 734/734/734 939/939/939 929/929/929
f 726/726/726 921/921/921 714/714/714
f 726/726/726 929/929/929 921/921/921
f 714/714/714 899/899/899 704/704/704
f 714/714/714 921/921/921 899/899/899
f 704/704/704 875/875/875 690/690/690
f 704/704/704 899/899/899 875/875/875
f 690/690/690 853/853/853 676/676/676
f 690/690/690 875/875/875 853/853/853
f 676/676/676 813/813/813 656/656/656
f 676/676/676 853/853/853 813/813/813
f 656/656/656 765/765/765 646/646/646
f 656/656/656 813/813/813 765/765/765
f 646/646/646 673/673/673 634/634/634
f 646/646/646 765/765/765 673/673/673
f 634/634/634 625/625/625 617/617/617
f 634/634/634 673/673/673 625/625/625
f 617/617/617 541/541/541 581/581/581
f 617/617/617 625/625/625 541/541/541
f 581/581/581 451/451/451 569/569/569
f 581/581/581 541/541/541 451/451/451
f 569/569/569 405/405/405 559/559/559
f 569/569/569 451/451/451 405/405/405
f 559/559/559 366/366/366 539/539/539
f 559/559/559 405/405/405 366/366/366
f 539/539/539 344/344/344 525/525/525
f 539/539/539 366/366/366 344/344/344
f 525/525/525 320/320/320 511/511/511
f 525/525/525 344/344/344 320/320/320
f 511/511/511 299/299/299 501/501/501
f 511/511/511 320/320/320 299/299/299
f 501/501/501 291/291/291 489/489/489
f 501/501/501 299/299/299 291/291/291
f 489/489/489 281/281/281 481/481/481
f 489/489/489 291/291/291 281/281/281
f 481/481/481 279/279/279 475/475/475
f 481/481/481 281/281/281 279/279/279
f 475/475/475 280/280/280 479/479/479
f 475/475/475 279/279/279 280/280/280
f 479/479/479 290/290/290 487/487/487
f 479/479/479 280/280/280 290/290/290
f 487/487/487 298/298/298 499/499/499
f 487/487/487 290/290/290 298/298/298
f 499/499/499 319/319/319 509/509/509
f 499/499/499 298/298/298 319/319/319
f 509/509/509 343/343/343 523/523/523
f 509/509/509 319/319/319 343/343/343
f 523/523/523 365/365/365 537/537/537
f 523/523/523 343/343/343 365/365/365
f 537/537/537 404/404/404 557/557/557
f 537/537/537 365/365/365 404/404/404
f 557/557/557 450/450/450 567/567/567
f 557/557/557 404/404/404 450/450/450
f 567/567/567 540/540/540 579/579/579
f 567/567/567 450/450/450 540/540/540
f 579/579/579 624/624/624 615/615/615
f 579/579/579 540/540/540 624/624/624
f 615/615/615 672/672/672 632/632/632
f 615/615/615 624/624/624 672/672/672
f 632/632/632 764/764/764 644/644/644
f 632/632/632 672/672/672 764/764/764
f 644/644/644 812/812/812 654/654/654
f 644/644/644 764/764/764 812/812/812
f 654/654/654 852/852/852 674/674/674
f 654/654/654 812/812/812 852/852/852
f 674/674/674 874/874/874 688/688/688
f 674/674/674 852/852/852 874/874/874
f 688/688/688 898/898/898 702/702/702
f 688/688/688 874/874/874 898/898/898
f 702/702/702 920/920/920 712/712/712
f 702/702/702 898/898/898 920/920/920
f 712/712/712 928/928/928 724/724/724
f 712/712/712 920/920/920 928/928/928
f 724/724/724 938/938/938 732/732/732
f 724/724/724 928/928/928 938/938/938
f 732/732/732 941/941/941 739/739/739
f 732/732/732 938/938/938 941/941/941
f 940/940/940 957/957/957 939/939/939
f 940/940/940 960/960/960 957/957/957
f 939/939/939 937/937/937 929/929/929
f 939/939/939 957/957/957 937/937/937
f 929/929/929 927/927/927 921/921/921
f 929/929/929 937/937/937 927/927/927
f 921/921/921 907/907/907 899/899/899
f 921/921/921 927/927/927 907/907/907
f 899/899/899 883/883/883 875/875/875
f 899/899/899 907/907/907 883/883/883
f 875/875/875 863/863/863 853/853/853
f 875/875/875 883/883/883 863/863/863
f 853/853/853 823/823/823 813/813/813
f 853/853/853 863/863/863 823/823/823
f 813/813/813 773/773/773 765/765/765
f 813/813/813 823/823/823 773/773/773
f 765/765/765 681/681/681 673/673/673
f 765/765/765 773/773/773 681/681/681
f 673/673/673 628/628/628 625/625/625
f 673/673/673 681/681/681 628/628/628
f 625/625/625 534/534/534 541/541/541
f 625/625/625 628/628/628 534/534/534
f 541/541/541 444/444/444 451/451/451
f 541/541/541 534/534/534 444/444/444
f 451/451/451 396/396/396 405/405/405
f 451/451/451 444/444/444 396/396/396
f 405/405/405 357/357/357 366/366/366
f 405/405/405 396/396/396 357/357/357
f 366/366/366 337/337/337 344/344/344
f 366/366/366 357/357/357 337/337/337
f 344/344/344 313/313/313 320/320/320
f 344/344/344 337/337/337 313/313/313
f 320/320/320 294/294/294 299/299/299
f 320/320/320 313/313/313 294/294/294
f 299/299/299 284/284/284 291/291/291
f 299/299/299 294/294/294 284/284/284
f 291/291/291 265/265/265 281/281/281
f 291/291/291 284/284/284 265/265/265
f 281/281/281 261/261/261 279/279/279
f 281/281/281 265/265/265 261/261/261
f 279/279/279 263/263/263 280/280/280
f 279/279/279 261/261/261 263/263/263
f 280/280/280 282/282/282 290/290/290
f 280/280/280 263/263/263 282/282/282
f 290/290/290 292/292/292 298/298/298
f 290/290/290 282/282/282 292/292/292
f 298/298/298 311/311/311 319/319/319
f 298/298/298 292/292/292 311/311/311
f 319/319/319 335/335/335 343/343/343
f 319/319/319 311/311/311 335/335/335
f 343/343/343 355/355/355 365/365/365
f 343/343/343 335/335/335 355/355/355
f 365/365/365 394/394/394 404/404/404
f 365/365/365 355/355/355 394/394/394
f 404/404/404 442/442/442 450/450/450
f 404/404/404 394/394/394 442/442/442
f 450/450/450 532/532/532 540/540/540
f 450/450/450 442/442/442 532/532/532
f 540/540/540 626/626/626 624/624/624
f 540/540/540 532/532/532 626/626/626
f 624/624/624 679/679/679 672/672/672
f 624/624/624 626/626/626 679/679/679
f 672/672/672 771/771/771 764/764/764
f 672/672/672 679/679/679 771/771/771
f 764/764/764 821/821/821 812/812/812
f 764/764/764 771/771/771 821/821/821
f 812/812/812 861/861/861 852/852/852
f 812/812/812 821/821/821 861/861/861
f 852/852/852 881/881/881 874/874/874
f 852/852/852 861/861/861 881/881/881
f 874/874/874 905/905/905 898/898/898
f 874/874/874 881/881/881 905/905/905
f 898/898/898 925/925/925 920/920/920
f 898/898/898 905/905/905 925/925/925
f 920/920/920 935/935/935 928/928/928
f 920/920/920 925/925/925 935/935/935
f 928/928/928 955/955/955 938/938/938
f 928/928/928 935/935/935 955/955/955
f 938/938/938 961/961/961 941/941/941
f 938/938/938 955/955/955 961/961/961
f 958/958/958 909/909/909 956/956/956
f 958/958/958 910/910/910 909/909/909
f 956/956/956 897/897/897 936/936/936
f 956/956/956 909/909/909 897/897/897
f 936/936/936 889/889/889 926/926/926
f 936/936/936 897/897/897 889/889/889
f 926/926/926 869/869/869 906/906/906
f 926/926/926 889/889/889 869/869/869
f 906/906/906 855/855/855 882/882/882
f 906/906/906 869/869/869 855/855/855
f 882/882/882 831/831/831 862/862/862
f 882/882/882 855/855/855 831/831/831
f 862/862/862 796/796/796 822/822/822
f 862/862/862 831/831/831 796/796/796
f 822/822/822 731/731/731 772/772/772
f 822/822/822 796/796/796 731/731/731
f 772/772/772 663/663/663 680/680/680
f 772/772/772 731/731/731 663/663/663
f 680/680/680 631/631/631 629/629/629
f 680/680/680 663/663/663 631/631/631
f 629/629/629 551/551/551 535/535/535
f 629/629/629 631/631/631 551/551/551
f 535/535/535 483/483/483 445/445/445
f 535/535/535 551/551/551 483/483/483
f 445/445/445 421/421/421 397/397/397
f 445/445/445 483/483/483 421/421/421
f 397/397/397 387/387/387 358/358/358
f 397/397/397 421/421/421 387/387/387
f 358/358/358 364/364/364 338/338/338
f 358/358/358 387/387/387 364/364/364
f 338/338/338 350/350/350 314/314/314
f 338/338/338 364/364/364 350/350/350
f 314/314/314 330/330/330 295/295/295
f 314/314/314 350/350/350 330/330/330
f 295/295/295 322/322/322 285/285/285
f 295/295/295 330/330/330 322/322/322
f 285/285/285 310/310/310 266/266/266
f 285/285/285 322/322/322 310/310/310
f 266/266/266 308/308/308 262/262/262
f 266/266/266 310/310/310 308/308/308
f 262/262/262 309/309/309 264/264/264
f 262/262/262 308/308/308 309/309/309
f 264/264/264 321/321/321 283/283/283
f 264/264/264 309/309/309 321/321/321
f 283/283/283 329/329/329 293/293/293
f 283/283/283 321/321/321 329/329/329
f 293/293/293 349/349/349 312/312/312
f 293/293/293 329/329/329 349/349/349
f 312/312/312 363/363/363 336/336/336
f 312/312/312 349/349/349 363/363/363
f 336/336/336 386/386/386 356/356/356
f 336/336/336 363/363/363 386/386/386
f 356/356/356 420/420/420 395/395/395
f 356/356/356 386/386/386 420/420/420
f 395/395/395 482/482/482 443/443/443
f 395/395/395 420/420/420 482/482/482
f 443/443/443 550/550/550 533/533/533
f 443/443/443 482/482/482 550/550/550
f 533/533/533 630/630/630 627/627/627
f 533/533/533 550/550/550 630/630/630
f 627/627/627 662/662/662 678/678/678
f 627/627/627 630/630/630 662/662/662
f 678/678/678 730/730/730 770/770/770
f 678/678/678 662/662/662 730/730/730
f 770/770/770 795/795/795 820/820/820
f 770/770/770 730/730/730 795/795/795
f 820/820/820 830/830/830 860/860/860
f 820/820/820 795/795/795 830/830/830
f 860/860/860 854/854/854 880/880/880
f 860/860/860 830/830/830 854/854/854
f 880/880/880 868/868/868 904/904/904
f 880/880/880 854/854/854 868/868/868
f 904/904/904 888/888/888 924/924/924
f 904/904/904 868/868/868 888/888/888
f 924/924/924 896/896/896 934/934/934
f 924/924/924 888/888/888 896/896/896
f 934/934/934 908/908/908 954/954/954
f 934/934/934 896/896/896 908/908/908
f 954/954/954 911/911/911 959/959/959
f 954/954/954 908/908/908 911/911/911
f 910/910/910 776/776/776 909/909/909
f 910/910/910 778/778/778 776/776/776
f 909/909/909 768/768/768 897/897/897
f 909/909/909 776/776/776 768/768/768
f 897/897/897 758/758/758 889/889/889
f 897/897/897 768/768/768 758/758/758
f 889/889/889 748/748/748 869/869/869
f 889/889/889 758/758/758 748/748/748
f 869/869/869 710/710/710 855/855/855
f 869/869/869 748/748/748 710/710/710
f 855/855/855 698/698/698 831/831/831
f 855/855/855 710/710/710 698/698/698
f 831/831/831 666/666/666 796/796/796
f 831/831/831 698/698/698 666/666/666
f 796/796/796 652/652/652 731/731/731
f 796/796/796 666/666/666 652/652/652
f 731/731/731 638/638/638 663/663/663
f 731/731/731 652/652/652 638/638/638
f 663/663/663 622/622/622 631/631/631
f 663/663/663 638/638/638 622/622/622
f 631/631/631 576/576/576 551/551/551
f 631/631/631 622/622/622 576/576/576
f 551/551/551 562/562/562 483/483/483
f 551/551/551 576/576/576 562/562/562
f 483/483/483 548/548/548 421/421/421
f 483/483/483 562/562/562 548/548/548
f 421/421/421 516/516/516 387/387/387
f 421/421/421 548/548/548 516/516/516
f 387/387/387 504/504/504 364/364/364
f 387/387/387 516/516/516 504/504/504
f 364/364/364 469/469/469 350/350/350
f 364/364/364 504/504/504 469/469/469
f 350/350/350 459/459/459 330/330/330
f 350/350/350 469/469/469 459/459/459
f 330/330/330 449/449/449 322/322/322
f 330/330/330 459/459/459 449/449/449
f 322/322/322 441/441/441 310/310/310
f 322/322/322 449/449/449 441/441/441
f 310/310/310 437/437/437 308/308/308
f 310/310/310 441/441/441 437/437/437
f 308/308/308 439/439/439 309/309/309
f 308/308/308 437/437/437 439/439/439
f 309/309/309 447/447/447 321/321/321
f 309/309/309 439/439/439 447/447/447
f 321/321/321 457/457/457 329/329/329
f 321/321/321 447/447/447 457/457/457
f 329/329/329 467/467/467 349/349/349
f 329/329/329 457/457/457 467/467/467
f 349/349/349 503/503/503 363/363/363
f 349/349/349 467/467/467 503/503/503
f 363/363/363 515/515/515 386/386/386
f 363/363/363 503/503/503 515/515/515
f 386/386/386 547/547/547 420/420/420
f 386/386/386 515/515/515 547/547/547
f 420/420/420 561/561/561 482/482/482
f 420/420/420 547/547/547 561/561/561
f 482/482/482 575/575/575 550/550/550
f 482/482/482 561/561/561 575/575/575
f 550/550/550 620/620/620 630/630/630
f 550/550/550 575/575/575 620/620/620
f 630/630/630 637/637/637 662/662/662
f 630/630/630 620/620/620 637/637/637
f 662/662/662 651/651/651 730/730/730
f 662/662/662 637/637/637 651/651/651
f 730/730/730 665/665/665 795/795/795
f 730/730/730 651/651/651 665/665/665
f 795/795/795 697/697/697 830/830/830
f 795/795/795 665/665/665 697/697/697
f 830/830/830 709/709/709 854/854/854
f 830/830/830 697/697/697 709/709/709
f 854/854/854 747/747/747 868/868/868
f 854/854/854 709/709/709 747/747/747
f 868/868/868 757/757/757 888/888/888
f 868/868/868 747/747/747 757/757/757
f 888/888/888 767/767/767 896/896/896
f 888/888/888 757/757/757 767/767/767
f 896/896/896 775/775/775 908/908/908
f 896/896/896 767/767/767 775/775/775
f 908/908/908 780/780/780 911/911/911
f 908/908/908 775/775/775 780/780/780
f 779/779/779 621/621/621 777/777/777
f 777/777/777 621/621/621 769/769/769
f 769/769/769 621/621/621 759/759/759
f 759/759/759 621/621/621 749/749/749
f 749/749/749 621/621/621 711/711/711
f 711/711/711 621/621/621 699/699/699
f 699/699/699 621/621/621 667/667/667
f 667/667/667 621/621/621 653/653/653
f 653/653/653 621/621/621 639/639/639
f 639/639/639 621/621/621 623/623/623
f 623/623/623 621/621/621 577/577/577
f 577/577/577 621/621/621 563/563/563
f 563/563/563 621/621/621 549/549/549
f 549/549/549 621/621/621 517/517/517
f 517/517/517 621/621/621 505/505/505
f 505/505/505 621/621/621 468/468/468
f 468/468/468 621/621/621 458/458/458
f 458/458/458 621/621/621 448/448/448
f 448/448/448 621/621/621 440/440/440
f 440/440/440 621/621/621 436/436/436
f 436/436/436 621/621/621 438/438/438
f 438/438/438 621/621/621 446/446/446
f 446/446/446 621/621/621 456/456/456
f 456/456/456 621/621/621 466/466/466
f 466/466/466 621/621/621 502/502/502
f 502/502/502 621/621/621 514/514/514
f 514/514/514 621/621/621 546/546/546
f 546/546/546 621/621/621 560/560/560
f 560/560/560 621/621/621 574/574/574
f 574/574/574 621/621/621 619/619/619
f 619/619/619 621/621/621 636/636/636
f 636/636/636 621/621/621 650/650/650
f 650/650/650 621/621/621 664/664/664
f 664/664/664 621/621/621 696/696/696
f 696/696/696 621/621/621 708/708/708
f 708/708/708 621/621/621 746/746/746
f 746/746/746 621/621/621 756/756/756
f 756/756/756 621/621/621 766/766/766
f 766/766/766 621/621/621 774/774/774
f 774/774/774 621/621/621 779/779/779
o Remate_central
v -0.371667 1.940000 0.000000
v -0.366863 2.023014 0.000000
v -0.362753 1.857674 0.000000
v -0.356534 1.940000 -0.036534
v -0.356534 1.940000 0.036534
v -0.351336 2.020413 -0.038007
v -0.351336 2.020413 0.038007
v -0.348430 1.860074 -0.035061
v -0.348430 1.860074 0.035061
v -0.348360 2.103808 0.000000
v -0.340491 1.778936 0.000000
v -0.332919 2.098423 -0.039480
v -0.332919 2.098423 0.039480
v -0.327355 1.783518 -0.033588
v -0.327355 1.783518 0.033588
v -0.320000 1.940000 -0.051667
v -0.320000 1.940000 0.051667
v -0.316545 2.179518 0.000000
v -0.313851 1.865866 -0.049583
v -0.313851 1.865866 0.049583
v -0.313851 2.014134 -0.053750
v -0.313851 2.014134 0.053750
v -0.305651 1.706612 0.000000
v -0.301761 2.171199 -0.040953
v -0.301761 2.171199 0.040953
v -0.295641 1.794580 -0.047500
v -0.295641 1.794580 0.047500
v -0.295641 2.085420 -0.055833
v -0.295641 2.085420 0.055833
v -0.294058 1.713135 -0.032114
v -0.294058 1.713135 0.032114
v -0.283466 1.940000 -0.036534
v -0.283466 1.940000 0.036534
v -0.279272 1.871658 -0.035061
v -0.279272 1.871658 0.035061
v -0.276367 2.007855 -0.038007
v -0.276367 2.007855 0.038007
v -0.275634 2.242813 0.000000
v -0.275634 2.242813 0.000000
v -0.275634 2.242813 0.000000
v -0.268333 1.940000 0.000000
v -0.268333 1.940000 0.000000
v -0.266070 1.728883 -0.045417
v -0.266070 1.728883 -0.045417
v -0.266070 1.728883 0.045417
v -0.266070 2.151117 -0.057917
v -0.266070 2.151117 0.057917
v -0.266070 2.151117 0.057917
v -0.264949 1.874057 0.000000
v -0.264949 1.874057 0.000000
v -0.263928 1.805642 -0.033588
v -0.263928 1.805642 0.033588
v -0.261177 2.232822 -0.042426
v -0.261177 2.232822 -0.042426
v -0.261177 2.232822 -0.042426
v -0.261177 2.232822 0.042426
v -0.261177 2.232822 0.042426
v -0.261177 2.232822 0.042426
v -0.260840 2.005255 0.000000
v -0.260840 2.005255 0.000000
v -0.259420 1.643387 0.000000
v -0.258364 2.072417 -0.039480
v -0.258364 2.072417 0.039480
v -0.250792 1.810224 0.000000
v -0.250792 1.810224 0.000000
v -0.249712 1.651562 -0.030641
v -0.249712 1.651562 0.030641
v -0.242923 2.067031 0.000000
v -0.242923 2.067031 0.000000
v -0.238082 1.744632 -0.032114
v -0.238082 1.744632 0.032114
v -0.230379 2.131034 -0.040953
v -0.230379 2.131034 0.040953
v -0.226489 1.751155 0.000000
v -0.226274 1.671299 -0.043333
v -0.226274 1.671299 -0.043333
v -0.226274 1.671299 0.043333
v -0.226274 2.208701 -0.060000
v -0.226274 2.208701 -0.060000
v -0.226274 2.208701 -0.060000
v -0.226274 2.208701 0.000000
v -0.226274 2.208701 0.060000
v -0.226274 2.208701 0.060000
v -0.226274 2.208701 0.060000
v -0.226274 2.208701 0.060000
v -0.215595 2.122716 0.000000
v -0.203422 1.591728 0.000000
v -0.202836 1.691037 -0.030641
v -0.202836 1.691037 0.030641
v -0.195912 1.601192 -0.029168
v -0.195912 1.601192 0.029168
v -0.193128 1.699212 0.000000
v -0.191372 2.184580 -0.042426
v -0.191372 2.184580 -0.042426
v -0.191372 2.184580 -0.042426
v -0.191372 2.184580 0.042426
v -0.191372 2.184580 0.042426
v -0.191372 2.184580 0.042426
v -0.177782 1.624042 -0.041250
v -0.177782 1.624042 -0.041250
v -0.177782 1.624042 0.041250
v -0.176915 2.174588 0.000000
v -0.176915 2.174588 0.000000
v -0.176915 2.174588 0.000000
v -0.159653 1.646891 -0.029168
v -0.159653 1.646891 0.029168
v -0.152143 1.656355 0.000000
v -0.139746 1.553781 0.000000
v -0.134683 1.564074 -0.027695
v -0.134683 1.564074 0.027695
v -0.122459 1.588926 -0.039167
v -0.122459 1.588926 -0.039167
v -0.122459 1.588926 0.039167
v -0.110235 1.613777 -0.027695
v -0.110235 1.613777 0.027695
v -0.105172 1.624071 0.000000
v -0.070954 1.531211 0.000000
v -0.068457 1.541782 -0.026222
v -0.068457 1.541782 0.026222
v -0.062429 1.567302 -0.037083
v -0.062429 1.567302 -0.037083
v -0.062429 1.567302 0.037083
v -0.056401 1.592821 -0.026222
v -0.056401 1.592821 0.026222
v -0.053904 1.603392 0.000000
v -0.028000 1.320000 0.000000
v -0.028000 1.320000 0.000000
v -0.028000 1.320000 0.000000
v -0.028000 1.820000 0.000000
v -0.028000 1.820000 0.000000
v -0.028000 1.820000 0.000000
v -0.019799 1.320000 -0.019799
v -0.019799 1.320000 -0.019799
v -0.019799 1.320000 -0.019799
v -0.019799 1.320000 0.019799
v -0.019799 1.320000 0.019799
v -0.019799 1.320000 0.019799
v -0.019799 1.820000 -0.019799
v -0.019799 1.820000 -0.019799
v -0.019799 1.820000 -0.019799
v -0.019799 1.820000 0.019799
v -0.019799 1.820000 0.019799
v -0.019799 1.820000 0.019799
v 0.000000 1.320000 -0.028000
v 0.000000 1.320000 -0.028000
v 0.000000 1.320000 -0.028000
v 0.000000 1.320000 0.000000
v 0.000000 1.320000 0.028000
v 0.000000 1.320000 0.028000
v 0.000000 1.320000 0.028000
v 0.000000 1.525000 0.000000
v 0.000000 1.535251 -0.024749
v 0.000000 1.535251 0.024749
v 0.000000 1.560000 -0.035000
v 0.000000 1.560000 -0.035000
v 0.000000 1.560000 0.035000
v 0.000000 1.584749 -0.024749
v 0.000000 1.584749 0.024749
v 0.000000 1.595000 0.000000
v 0.000000 1.820000 -0.028000
v 0.000000 1.820000 -0.028000
v 0.000000 1.820000 -0.028000
v 0.000000 1.820000 0.000000
v 0.000000 1.820000 0.028000
v 0.000000 1.820000 0.028000
v 0.000000 1.820000 0.028000
v 0.019799 1.320000 -0.019799
v 0.019799 1.320000 -0.019799
v 0.019799 1.320000 -0.019799
v 0.019799 1.320000 0.019799
v 0.019799 1.320000 0.019799
v 0.019799 1.320000 0.019799
v 0.019799 1.820000 -0.019799
v 0.019799 1.820000 -0.019799
v 0.019799 1.820000 -0.019799
v 0.019799 1.820000 0.019799
v 0.019799 1.820000 0.019799
v 0.019799 1.820000 0.019799
v 0.028000 1.320000 0.000000
v 0.028000 1.320000 0.000000
v 0.028000 1.320000 0.000000
v 0.028000 1.320000 0.000000
v 0.028000 1.820000 0.000000
v 0.028000 1.820000 0.000000
v 0.028000 1.820000 0.000000
v 0.028000 1.820000 0.000000
v 0.054862 1.599337 0.000000
v 0.057078 1.589954 -0.023276
v 0.057078 1.589954 0.023276
v 0.062429 1.567302 -0.032917
v 0.062429 1.567302 -0.032917
v 0.062429 1.567302 0.032917
v 0.067780 1.544649 -0.023276
v 0.067780 1.544649 0.023276
v 0.069996 1.535266 0.000000
v 0.108850 1.616593 0.000000
v 0.112836 1.608490 -0.021802
v 0.112836 1.608490 0.021802
v 0.122459 1.588926 -0.030833
v 0.122459 1.588926 -0.030833
v 0.122459 1.588926 0.030833
v 0.132082 1.569362 -0.021802
v 0.132082 1.569362 0.021802
v 0.136068 1.561258 0.000000
v 0.159912 1.646563 0.000000
v 0.165146 1.639967 -0.020329
v 0.165146 1.639967 0.020329
v 0.177782 1.624042 -0.028750
v 0.177782 1.624042 -0.028750
v 0.177782 1.624042 0.028750
v 0.190419 1.608116 -0.020329
v 0.190419 1.608116 0.020329
v 0.195653 1.601520 0.000000
v 0.205877 1.688476 0.000000
v 0.211851 1.683445 -0.018856
v 0.211851 1.683445 0.018856
v 0.218048 2.203015 0.000000
v 0.218048 2.203015 0.000000
v 0.218048 2.203015 0.000000
v 0.220457 2.204680 -0.007071
v 0.220457 2.204680 -0.007071
v 0.220457 2.204680 -0.007071
v 0.220457 2.204680 0.007071
v 0.220457 2.204680 0.007071
v 0.220457 2.204680 0.007071
v 0.226274 1.671299 -0.026667
v 0.226274 1.671299 -0.026667
v 0.226274 1.671299 0.026667
v 0.226274 2.208701 -0.010000
v 0.226274 2.208701 -0.010000
v 0.226274 2.208701 -0.010000
v 0.226274 2.208701 0.000000
v 0.226274 2.208701 0.010000
v 0.226274 2.208701 0.010000
v 0.226274 2.208701 0.010000
v 0.226274 2.208701 0.010000
v 0.232091 2.212721 -0.007071
v 0.232091 2.212721 -0.007071
v 0.232091 2.212721 -0.007071
v 0.232091 2.212721 0.007071
v 0.232091 2.212721 0.007071
v 0.232091 2.212721 0.007071
v 0.234501 2.214386 0.000000
v 0.234501 2.214386 0.000000
v 0.234501 2.214386 0.000000
v 0.240697 1.659153 -0.018856
v 0.240697 1.659153 0.018856
v 0.244646 1.740938 0.000000
v 0.246672 1.654122 0.000000
v 0.250921 1.737408 -0.017383
v 0.250921 1.737408 0.017383
v 0.255540 2.145191 0.000000
v 0.258624 2.146927 -0.008544
v 0.258624 2.146927 0.008544
v 0.266070 1.728883 -0.024583
v 0.266070 1.728883 -0.024583
v 0.266070 1.728883 0.024583
v 0.266070 2.151117 -0.012083
v 0.266070 2.151117 0.012083
v 0.266070 2.151117 0.012083
v 0.273517 2.155307 -0.008544
v 0.273517 2.155307 0.008544
v 0.274397 1.801991 0.000000
v 0.274397 1.801991 0.000000
v 0.276601 2.157042 0.000000
v 0.280619 1.799820 -0.015910
v 0.280619 1.799820 0.015910
v 0.281220 1.720359 -0.017383
v 0.281220 1.720359 0.017383
v 0.282265 2.080754 0.000000
v 0.282265 2.080754 0.000000
v 0.286183 2.082120 -0.010017
v 0.286183 2.082120 0.010017
v 0.287495 1.716828 0.000000
v 0.293715 1.869239 0.000000
v 0.293715 1.869239 0.000000
v 0.295641 1.794580 -0.022500
v 0.295641 1.794580 0.022500
v 0.295641 2.085420 -0.014167
v 0.295641 2.085420 0.014167
v 0.297825 2.011450 0.000000
v 0.297825 2.011450 0.000000
v 0.299613 1.868251 -0.014437
v 0.299613 1.868251 0.014437
v 0.301667 1.940000 0.000000
v 0.301667 1.940000 0.000000
v 0.302519 2.012236 -0.011490
v 0.302519 2.012236 0.011490
v 0.305100 2.088719 -0.010017
v 0.305100 2.088719 0.010017
v 0.307036 1.940000 -0.012964
v 0.307036 1.940000 0.012964
v 0.309018 2.090086 0.000000
v 0.310664 1.789340 -0.015910
v 0.310664 1.789340 0.015910
v 0.313851 1.865866 -0.020417
v 0.313851 1.865866 0.020417
v 0.313851 2.014134 -0.016250
v 0.313851 2.014134 0.016250
v 0.316886 1.787170 0.000000
v 0.320000 1.940000 -0.018333
v 0.320000 1.940000 0.018333
v 0.325184 2.016033 -0.011490
v 0.325184 2.016033 0.011490
v 0.328090 1.863481 -0.014437
v 0.328090 1.863481 0.014437
v 0.329878 2.016819 0.000000
v 0.332964 1.940000 -0.012964
v 0.332964 1.940000 0.012964
v 0.333987 1.862493 0.000000
v 0.338333 1.940000 0.000000
vt 0.500000 4.000000
vt 0.500000 4.200000
vt 0.500000 3.800000
vt 0.375000 4.000000
vt 0.625000 4.000000
vt 0.375000 4.200000
vt 0.625000 4.200000
vt 0.375000 3.800000
vt 0.625000 3.800000
vt 0.500000 4.400000
vt 0.500000 3.600000
vt 0.375000 4.400000
vt 0.625000 4.400000
vt 0.375000 3.600000
vt 0.625000 3.600000
vt 0.250000 4.000000
vt 0.750000 4.000000
vt 0.750000 4.600000
vt 0.250000 3.800000
vt 0.750000 3.800000
vt 0.250000 4.200000
vt 0.750000 4.200000
vt 0.250000 3.400000
vt 0.625000 4.600000
vt 0.875000 4.600000
vt 0.250000 3.600000
vt 0.750000 3.600000
vt 0.250000 4.400000
vt 0.750000 4.400000
vt 0.125000 3.400000
vt 0.375000 3.400000
vt 0.125000 4.000000
vt 0.875000 4.000000
vt 0.125000 3.800000
vt 0.875000 3.800000
vt 0.125000 4.200000
vt 0.875000 4.200000
vt 0.750000 4.800000
vt 0.000000 0.000000
vt 1.000000 0.000000
vt 0.000000 4.000000
vt 1.000000 4.000000
vt 0.000000 3.400000
vt 1.000000 3.400000
vt 0.500000 3.400000
vt 0.500000 4.600000
vt 0.000000 4.600000
vt 1.000000 4.600000
vt 0.000000 3.800000
vt 1.000000 3.800000
vt 0.125000 3.600000
vt 0.875000 3.600000
vt 0.625000 4.800000
vt 0.000000 0.000000
vt 1.000000 0.000000
vt 0.875000 4.800000
vt 0.000000 0.000000
vt 1.000000 0.000000
vt 0.000000 4.200000
vt 1.000000 4.200000
vt 0.250000 3.200000
vt 0.125000 4.400000
vt 0.875000 4.400000
vt 0.000000 3.600000
vt 1.000000 3.600000
vt 0.125000 3.200000
vt 0.375000 3.200000
vt 0.000000 4.400000
vt 1.000000 4.400000
vt 0.875000 3.400000
vt 0.625000 3.400000
vt 0.375000 4.600000
vt 0.125000 4.600000
vt 0.750000 3.400000
vt 0.000000 3.200000
vt 1.000000 3.200000
vt 0.500000 3.200000
vt 0.500000 4.800000
vt 0.000000 0.000000
vt 1.000000 0.000000
vt 0.500000 0.500000
vt 0.000000 4.800000
vt 1.000000 4.800000
vt 0.000000 0.000000
vt 1.000000 0.000000
vt 0.250000 4.600000
vt 0.250000 3.000000
vt 0.875000 3.200000
vt 0.625000 3.200000
vt 0.125000 3.000000
vt 0.375000 3.000000
vt 0.750000 3.200000
vt 0.000000 0.000000
vt 1.000000 0.000000
vt 0.375000 4.800000
vt 0.000000 0.000000
vt 1.000000 0.000000
vt 0.125000 4.800000
vt 0.000000 3.000000
vt 1.000000 3.000000
vt 0.500000 3.000000
vt 0.000000 0.000000
vt 1.000000 0.000000
vt 0.250000 4.800000
vt 0.875000 3.000000
vt 0.625000 3.000000
vt 0.750000 3.000000
vt 0.250000 2.800000
vt 0.125000 2.800000
vt 0.375000 2.800000
vt 0.000000 2.800000
vt 1.000000 2.800000
vt 0.500000 2.800000
vt 0.875000 2.800000
vt 0.625000 2.800000
vt 0.750000 2.800000
vt 0.250000 2.600000
vt 0.125000 2.600000
vt 0.375000 2.600000
vt 0.000000 2.600000
vt 1.000000 2.600000
vt 0.500000 2.600000
vt 0.875000 2.600000
vt 0.625000 2.600000
vt 0.750000 2.600000
vt 0.500000 0.000000
vt 0.000000 0.000000
vt 1.000000 0.000000
vt 0.500000 0.200000
vt 0.000000 0.000000
vt 1.000000 0.000000
vt 0.375000 0.000000
vt 0.000000 0.000000
vt 1.000000 0.000000
vt 0.625000 0.000000
vt 0.000000 0.000000
vt 1.000000 0.000000
vt 0.375000 0.200000
vt 0.000000 0.000000
vt 1.000000 0.000000
vt 0.625000 0.200000
vt 0.000000 0.000000
vt 1.000000 0.000000
vt 0.000000 0.000000
vt 1.000000 0.000000
vt 0.250000 0.000000
vt 0.500000 0.500000
vt 0.000000 0.000000
vt 1.000000 0.000000
vt 0.750000 0.000000
vt 0.250000 2.400000
vt 0.125000 2.400000
vt 0.375000 2.400000
vt 0.000000 2.400000
vt 1.000000 2.400000
vt 0.500000 2.400000
vt 0.875000 2.400000
vt 0.625000 2.400000
vt 0.750000 2.400000
vt 0.250000 0.200000
vt 0.000000 0.000000
vt 1.000000 0.000000
vt 0.500000 0.500000
vt 0.750000 0.200000
vt 0.000000 0.000000
vt 1.000000 0.000000
vt 0.000000 0.000000
vt 1.000000 0.000000
vt 0.125000 0.000000
vt 0.000000 0.000000
vt 1.000000 0.000000
vt 0.875000 0.000000
vt 0.000000 0.000000
vt 1.000000 0.000000
vt 0.125000 0.200000
vt 0.000000 0.000000
vt 1.000000 0.000000
vt 0.875000 0.200000
vt 0.000000 0.000000
vt 1.000000 0.000000
vt 0.000000 0.000000
vt 1.000000 0.000000
vt 0.000000 0.000000
vt 1.000000 0.000000
vt 0.000000 0.200000
vt 1.000000 0.200000
vt 0.750000 2.200000
vt 0.875000 2.200000
vt 0.625000 2.200000
vt 0.000000 2.200000
vt 1.000000 2.200000
vt 0.500000 2.200000
vt 0.125000 2.200000
vt 0.375000 2.200000
vt 0.250000 2.200000
vt 0.750000 2.000000
vt 0.875000 2.000000
vt 0.625000 2.000000
vt 0.000000 2.000000
vt 1.000000 2.000000
vt 0.500000 2.000000
vt 0.125000 2.000000
vt 0.375000 2.000000
vt 0.250000 2.000000
vt 0.750000 1.800000
vt 0.875000 1.800000
vt 0.625000 1.800000
vt 0.000000 1.800000
vt 1.000000 1.800000
vt 0.500000 1.800000
vt 0.125000 1.800000
vt 0.375000 1.800000
vt 0.250000 1.800000
vt 0.750000 1.600000
vt 0.875000 1.600000
vt 0.625000 1.600000
vt 0.250000 0.000000
vt 0.000000 0.000000
vt 1.000000 0.000000
vt 0.375000 0.000000
vt 0.000000 0.000000
vt 1.000000 0.000000
vt 0.125000 0.000000
vt 0.000000 0.000000
vt 1.000000 0.000000
vt 0.000000 1.600000
vt 1.000000 1.600000
vt 0.500000 1.600000
vt 0.000000 0.000000
vt 1.000000 0.000000
vt 0.500000 0.000000
vt 0.500000 0.500000
vt 0.000000 0.000000
vt 1.000000 0.000000
vt 0.000000 0.000000
vt 1.000000 0.000000
vt 0.000000 0.000000
vt 1.000000 0.000000
vt 0.625000 0.000000
vt 0.000000 0.000000
vt 1.000000 0.000000
vt 0.875000 0.000000
vt 0.000000 0.000000
vt 1.000000 0.000000
vt 0.750000 0.000000
vt 0.125000 1.600000
vt 0.375000 1.600000
vt 0.750000 1.400000
vt 0.250000 1.600000
vt 0.875000 1.400000
vt 0.625000 1.400000
vt 0.250000 0.200000
vt 0.375000 0.200000
vt 0.125000 0.200000
vt 0.000000 1.400000
vt 1.000000 1.400000
vt 0.500000 1.400000
vt 0.500000 0.200000
vt 0.000000 0.200000
vt 1.000000 0.200000
vt 0.625000 0.200000
vt 0.875000 0.200000
vt 0.000000 1.200000
vt 1.000000 1.200000
vt 0.750000 0.200000
vt 0.125000 1.200000
vt 0.875000 1.200000
vt 0.125000 1.400000
vt 0.375000 1.400000
vt 0.000000 0.400000
vt 1.000000 0.400000
vt 0.125000 0.400000
vt 0.875000 0.400000
vt 0.250000 1.400000
vt 0.000000 1.000000
vt 1.000000 1.000000
vt 0.250000 1.200000
vt 0.750000 1.200000
vt 0.250000 0.400000
vt 0.750000 0.400000
vt 0.000000 0.600000
vt 1.000000 0.600000
vt 0.125000 1.000000
vt 0.875000 1.000000
vt 0.000000 0.800000
vt 1.000000 0.800000
vt 0.125000 0.600000
vt 0.875000 0.600000
vt 0.375000 0.400000
vt 0.625000 0.400000
vt 0.125000 0.800000
vt 0.875000 0.800000
vt 0.500000 0.400000
vt 0.375000 1.200000
vt 0.625000 1.200000
vt 0.250000 1.000000
vt 0.750000 1.000000
vt 0.250000 0.600000
vt 0.750000 0.600000
vt 0.500000 1.200000
vt 0.250000 0.800000
vt 0.750000 0.800000
vt 0.375000 0.600000
vt 0.625000 0.600000
vt 0.375000 1.000000
vt 0.625000 1.000000
vt 0.500000 0.600000
vt 0.375000 0.800000
vt 0.625000 0.800000
vt 0.500000 1.000000
vt 0.500000 0.800000
vn -1.000000 0.000000 0.000000
vn -0.986259 0.165204 0.000000
vn -0.986259 -0.165204 0.000000
vn -0.707107 0.000000 -0.707107
vn -0.707107 0.000000 0.707107
vn -0.697391 0.116817 -0.707107
vn -0.697391 0.116817 0.707107
vn -0.697391 -0.116817 -0.707107
vn -0.697391 -0.116817 0.707107
vn -0.944208 0.329350 0.000000
vn -0.944208 -0.329350 0.000000
vn -0.667656 0.232886 -0.707107
vn -0.667656 0.232886 0.707107
vn -0.667656 -0.232886 -0.707107
vn -0.667656 -0.232886 0.707107
vn 0.000000 0.000000 -1.000000
vn 0.000000 0.000000 1.000000
vn -0.871510 0.490378 0.000000
vn 0.000000 0.000000 -1.000000
vn 0.000000 0.000000 1.000000
vn 0.000000 0.000000 -1.000000
vn 0.000000 0.000000 1.000000
vn -0.871510 -0.490378 0.000000
vn -0.616250 0.346750 -0.707107
vn -0.616250 0.346750 0.707107
vn 0.000000 0.000000 -1.000000
vn 0.000000 0.000000 1.000000
vn 0.000000 0.000000 -1.000000
vn 0.000000 0.000000 1.000000
vn -0.616250 -0.346750 -0.707107
vn -0.616250 -0.346750 0.707107
vn 0.707107 0.000000 -0.707107
vn 0.707107 0.000000 0.707107
vn 0.697391 0.116817 -0.707107
vn 0.697391 0.116817 0.707107
vn 0.697391 -0.116817 -0.707107
vn 0.697391 -0.116817 0.707107
vn -0.822658 0.568537 0.000000
vn 0.568537 0.822658 0.000000
vn 0.568537 0.822658 0.000000
vn 1.000000 0.000000 0.000000
vn 1.000000 0.000000 0.000000
vn 0.000000 0.000000 -1.000000
vn 0.000000 0.000000 -1.000000
vn 0.000000 0.000000 1.000000
vn 0.000000 0.000000 -1.000000
vn 0.000000 0.000000 1.000000
vn 0.000000 0.000000 1.000000
vn 0.986259 0.165204 0.000000
vn 0.986259 0.165204 0.000000
vn 0.667656 0.232886 -0.707107
vn 0.667656 0.232886 0.707107
vn -0.581707 0.402016 -0.707107
vn 0.568537 0.822658 0.000000
vn 0.568537 0.822658 0.000000
vn -0.581707 0.402016 0.707107
vn 0.568537 0.822658 0.000000
vn 0.568537 0.822658 0.000000
vn 0.986259 -0.165204 0.000000
vn 0.986259 -0.165204 0.000000
vn -0.764911 -0.644136 0.000000
vn 0.667656 -0.232886 -0.707107
vn 0.667656 -0.232886 0.707107
vn 0.944208 0.329350 0.000000
vn 0.944208 0.329350 0.000000
vn -0.540874 -0.455473 -0.707107
vn -0.540874 -0.455473 0.707107
vn 0.944208 -0.329350 0.000000
vn 0.944208 -0.329350 0.000000
vn 0.616250 0.346750 -0.707107
vn 0.616250 0.346750 0.707107
vn 0.616250 -0.346750 -0.707107
vn 0.616250 -0.346750 0.707107
vn 0.871510 0.490378 0.000000
vn 0.000000 0.000000 -1.000000
vn 0.000000 0.000000 -1.000000
vn 0.000000 0.000000 1.000000
vn 0.000000 0.000000 -1.000000
vn 0.568537 0.822658 0.000000
vn 0.568537 0.822658 0.000000
vn 0.568537 0.822658 0.000000
vn 0.000000 0.000000 1.000000
vn 0.000000 0.000000 1.000000
vn 0.568537 0.822658 0.000000
vn 0.568537 0.822658 0.000000
vn 0.871510 -0.490378 0.000000
vn -0.621567 -0.783361 0.000000
vn 0.540874 0.455473 -0.707107
vn 0.540874 0.455473 0.707107
vn -0.439514 -0.553920 -0.707107
vn -0.439514 -0.553920 0.707107
vn 0.764911 0.644136 0.000000
vn 0.568537 0.822658 0.000000
vn 0.568537 0.822658 0.000000
vn 0.581707 -0.402016 -0.707107
vn 0.568537 0.822658 0.000000
vn 0.568537 0.822658 0.000000
vn 0.581707 -0.402016 0.707107
vn 0.000000 0.000000 -1.000000
vn 0.000000 0.000000 -1.000000
vn 0.000000 0.000000 1.000000
vn 0.568537 0.822658 0.000000
vn 0.568537 0.822658 0.000000
vn 0.822658 -0.568537 0.000000
vn 0.439514 0.553920 -0.707107
vn 0.439514 0.553920 0.707107
vn 0.621567 0.783361 0.000000
vn -0.441374 -0.897323 0.000000
vn -0.312099 -0.634503 -0.707107
vn -0.312099 -0.634503 0.707107
vn 0.000000 0.000000 -1.000000
vn 0.000000 0.000000 -1.000000
vn 0.000000 0.000000 1.000000
vn 0.312099 0.634503 -0.707107
vn 0.312099 0.634503 0.707107
vn 0.441374 0.897323 0.000000
vn -0.229882 -0.973218 0.000000
vn -0.162551 -0.688169 -0.707107
vn -0.162551 -0.688169 0.707107
vn 0.000000 0.000000 -1.000000
vn 0.000000 0.000000 -1.000000
vn 0.000000 0.000000 1.000000
vn 0.162551 0.688169 -0.707107
vn 0.162551 0.688169 0.707107
vn 0.229882 0.973218 0.000000
vn -1.000000 0.000000 0.000000
vn 0.000000 -1.000000 0.000000
vn 0.000000 -1.000000 0.000000
vn -1.000000 0.000000 0.000000
vn 0.000000 1.000000 0.000000
vn 0.000000 1.000000 0.000000
vn -0.707107 0.000000 -0.707107
vn 0.000000 -1.000000 0.000000
vn 0.000000 -1.000000 0.000000
vn -0.707107 0.000000 0.707107
vn 0.000000 -1.000000 0.000000
vn 0.000000 -1.000000 0.000000
vn -0.707107 0.000000 -0.707107
vn 0.000000 1.000000 0.000000
vn 0.000000 1.000000 0.000000
vn -0.707107 0.000000 0.707107
vn 0.000000 1.000000 0.000000
vn 0.000000 1.000000 0.000000
vn 0.000000 -1.000000 0.000000
vn 0.000000 -1.000000 0.000000
vn 0.000000 0.000000 -1.000000
vn 0.000000 -1.000000 0.000000
vn 0.000000 -1.000000 0.000000
vn 0.000000 -1.000000 0.000000
vn 0.000000 0.000000 1.000000
vn 0.000000 -1.000000 0.000000
vn 0.000000 -0.707107 -0.707107
vn 0.000000 -0.707107 0.707107
vn 0.000000 0.000000 -1.000000
vn 0.000000 0.000000 -1.000000
vn 0.000000 0.000000 1.000000
vn 0.000000 0.707107 -0.707107
vn 0.000000 0.707107 0.707107
vn 0.000000 1.000000 0.000000
vn 0.000000 0.000000 -1.000000
vn 0.000000 1.000000 0.000000
vn 0.000000 1.000000 0.000000
vn 0.000000 1.000000 0.000000
vn 0.000000 0.000000 1.000000
vn 0.000000 1.000000 0.000000
vn 0.000000 1.000000 0.000000
vn 0.000000 -1.000000 0.000000
vn 0.000000 -1.000000 0.000000
vn 0.707107 0.000000 -0.707107
vn 0.000000 -1.000000 0.000000
vn 0.000000 -1.000000 0.000000
vn 0.707107 0.000000 0.707107
vn 0.000000 1.000000 0.000000
vn 0.000000 1.000000 0.000000
vn 0.707107 0.000000 -0.707107
vn 0.000000 1.000000 0.000000
vn 0.000000 1.000000 0.000000
vn 0.707107 0.000000 0.707107
vn 0.000000 -1.000000 0.000000
vn 0.000000 -1.000000 0.000000
vn 1.000000 0.000000 0.000000
vn 1.000000 0.000000 0.000000
vn 0.000000 1.000000 0.000000
vn 0.000000 1.000000 0.000000
vn 1.000000 0.000000 0.000000
vn 1.000000 0.000000 0.000000
vn -0.229882 0.973218 0.000000
vn -0.162551 0.688169 -0.707107
vn -0.162551 0.688169 0.707107
vn 0.000000 0.000000 -1.000000
vn 0.000000 0.000000 -1.000000
vn 0.000000 0.000000 1.000000
vn 0.162551 -0.688169 -0.707107
vn 0.162551 -0.688169 0.707107
vn 0.229882 -0.973218 0.000000
vn -0.441374 0.897323 0.000000
vn -0.312099 0.634503 -0.707107
vn -0.312099 0.634503 0.707107
vn 0.000000 0.000000 -1.000000
vn 0.000000 0.000000 -1.000000
vn 0.000000 0.000000 1.000000
vn 0.312099 -0.634503 -0.707107
vn 0.312099 -0.634503 0.707107
vn 0.441374 -0.897323 0.000000
vn -0.621567 0.783361 0.000000
vn -0.439514 0.553920 -0.707107
vn -0.439514 0.553920 0.707107
vn 0.000000 0.000000 -1.000000
vn 0.000000 0.000000 -1.000000
vn 0.000000 0.000000 1.000000
vn 0.439514 -0.553920 -0.707107
vn 0.439514 -0.553920 0.707107
vn 0.621567 -0.783361 0.000000
vn -0.764911 0.644136 0.000000
vn -0.540874 0.455473 -0.707107
vn -0.540874 0.455473 0.707107
vn -0.822658 -0.568537 0.000000
vn -0.568537 0.822658 0.000000
vn -0.568537 0.822658 0.000000
vn -0.581707 -0.402016 -0.707107
vn -0.568537 0.822658 0.000000
vn -0.568537 0.822658 0.000000
vn -0.581707 -0.402016 0.707107
vn -0.568537 0.822658 0.000000
vn -0.568537 0.822658 0.000000
vn 0.000000 0.000000 -1.000000
vn 0.000000 0.000000 -1.000000
vn 0.000000 0.000000 1.000000
vn -0.568537 0.822658 0.000000
vn -0.568537 0.822658 0.000000
vn 0.000000 0.000000 -1.000000
vn -0.568537 0.822658 0.000000
vn -0.568537 0.822658 0.000000
vn -0.568537 0.822658 0.000000
vn 0.000000 0.000000 1.000000
vn 0.000000 0.000000 1.000000
vn -0.568537 0.822658 0.000000
vn -0.568537 0.822658 0.000000
vn 0.581707 0.402016 -0.707107
vn -0.568537 0.822658 0.000000
vn -0.568537 0.822658 0.000000
vn 0.581707 0.402016 0.707107
vn -0.568537 0.822658 0.000000
vn -0.568537 0.822658 0.000000
vn 0.822658 0.568537 0.000000
vn 0.540874 -0.455473 -0.707107
vn 0.540874 -0.455473 0.707107
vn -0.871510 0.490378 0.000000
vn 0.764911 -0.644136 0.000000
vn -0.616250 0.346750 -0.707107
vn -0.616250 0.346750 0.707107
vn -0.871510 -0.490378 0.000000
vn -0.616250 -0.346750 -0.707107
vn -0.616250 -0.346750 0.707107
vn 0.000000 0.000000 -1.000000
vn 0.000000 0.000000 -1.000000
vn 0.000000 0.000000 1.000000
vn 0.000000 0.000000 -1.000000
vn 0.000000 0.000000 1.000000
vn 0.000000 0.000000 1.000000
vn 0.616250 0.346750 -0.707107
vn 0.616250 0.346750 0.707107
vn -0.944208 0.329350 0.000000
vn -0.944208 0.329350 0.000000
vn 0.871510 0.490378 0.000000
vn -0.667656 0.232886 -0.707107
vn -0.667656 0.232886 0.707107
vn 0.616250 -0.346750 -0.707107
vn 0.616250 -0.346750 0.707107
vn -0.944208 -0.329350 0.000000
vn -0.944208 -0.329350 0.000000
vn -0.667656 -0.232886 -0.707107
vn -0.667656 -0.232886 0.707107
vn 0.871510 -0.490378 0.000000
vn -0.986259 0.165204 0.000000
vn -0.986259 0.165204 0.000000
vn 0.000000 0.000000 -1.000000
vn 0.000000 0.000000 1.000000
vn 0.000000 0.000000 -1.000000
vn 0.000000 0.000000 1.000000
vn -0.986259 -0.165204 0.000000
vn -0.986259 -0.165204 0.000000
vn -0.697391 0.116817 -0.707107
vn -0.697391 0.116817 0.707107
vn -1.000000 0.000000 0.000000
vn -1.000000 0.000000 0.000000
vn -0.697391 -0.116817 -0.707107
vn -0.697391 -0.116817 0.707107
vn 0.667656 0.232886 -0.707107
vn 0.667656 0.232886 0.707107
vn -0.707107 0.000000 -0.707107
vn -0.707107 0.000000 0.707107
vn 0.944208 0.329350 0.000000
vn 0.667656 -0.232886 -0.707107
vn 0.667656 -0.232886 0.707107
vn 0.000000 0.000000 -1.000000
vn 0.000000 0.000000 1.000000
vn 0.000000 0.000000 -1.000000
vn 0.000000 0.000000 1.000000
vn 0.944208 -0.329350 0.000000
vn 0.000000 0.000000 -1.000000
vn 0.000000 0.000000 1.000000
vn 0.697391 0.116817 -0.707107
vn 0.697391 0.116817 0.707107
vn 0.697391 -0.116817 -0.707107
vn 0.697391 -0.116817 0.707107
vn 0.986259 0.165204 0.000000
vn 0.707107 0.000000 -0.707107
vn 0.707107 0.000000 0.707107
vn 0.986259 -0.165204 0.000000
vn 1.000000 0.000000 0.000000
usemtl Trim
s 1
f 1412/1412/1412 1400/1400/1400 1406/1406/1406
f 1412/1412/1412 1406/1406/1406 1416/1416/1416
f 1400/1400/1400 1377/1377/1377 1391/1391/1391
f 1400/1400/1400 1391/1391/1391 1406/1406/1406
f 1377/1377/1377 1363/1363/1363 1369/1369/1369
f 1377/1377/1377 1369/1369/1369 1391/1391/1391
f 1363/1363/1363 1357/1357/1357 1360/1360/1360
f 1363/1363/1363 1360/1360/1360 1369/1369/1369
f 1357/1357/1357 1366/1366/1366 1372/1372/1372
f 1357/1357/1357 1372/1372/1372 1360/1360/1360
f 1366/1366/1366 1381/1381/1381 1395/1395/1395
f 1366/1366/1366 1395/1395/1395 1372/1372/1372
f 1381/1381/1381 1403/1403/1403 1409/1409/1409
f 1381/1381/1381 1409/1409/1409 1395/1395/1395
f 1403/1403/1403 1413/1413/1413 1417/1417/1417
f 1403/1403/1403 1417/1417/1417 1409/1409/1409
f 1378/1378/1378 1399/1399/1399 1410/1410/1410
f 1378/1378/1378 1376/1376/1376 1398/1398/1398
f 1378/1378/1378 1365/1365/1365 1375/1375/1375
f 1378/1378/1378 1359/1359/1359 1364/1364/1364
f 1378/1378/1378 1368/1368/1368 1358/1358/1358
f 1378/1378/1378 1380/1380/1380 1367/1367/1367
f 1378/1378/1378 1402/1402/1402 1379/1379/1379
f 1378/1378/1378 1411/1411/1411 1401/1401/1401
f 1394/1394/1394 1414/1414/1414 1405/1405/1405
f 1394/1394/1394 1404/1404/1404 1393/1393/1393
f 1394/1394/1394 1392/1392/1392 1371/1371/1371
f 1394/1394/1394 1370/1370/1370 1362/1362/1362
f 1394/1394/1394 1361/1361/1361 1374/1374/1374
f 1394/1394/1394 1373/1373/1373 1397/1397/1397
f 1394/1394/1394 1396/1396/1396 1408/1408/1408
f 1394/1394/1394 1407/1407/1407 1415/1415/1415
f 1466/1466/1466 1454/1454/1454 1485/1485/1485
f 1466/1466/1466 1485/1485/1485 1490/1490/1490
f 1454/1454/1454 1448/1448/1448 1483/1483/1483
f 1454/1454/1454 1483/1483/1483 1485/1485/1485
f 1448/1448/1448 1451/1451/1451 1484/1484/1484
f 1448/1448/1448 1484/1484/1484 1483/1483/1483
f 1451/1451/1451 1462/1462/1462 1489/1489/1489
f 1451/1451/1451 1489/1489/1489 1484/1484/1484
f 1462/1462/1462 1470/1470/1470 1492/1492/1492
f 1462/1462/1462 1492/1492/1492 1489/1489/1489
f 1470/1470/1470 1476/1476/1476 1496/1496/1496
f 1470/1470/1470 1496/1496/1496 1492/1492/1492
f 1476/1476/1476 1473/1473/1473 1493/1493/1493
f 1476/1476/1476 1493/1493/1493 1496/1496/1496
f 1473/1473/1473 1467/1467/1467 1491/1491/1491
f 1473/1473/1473 1491/1491/1491 1493/1493/1493
f 1490/1490/1490 1485/1485/1485 1503/1503/1503
f 1490/1490/1490 1503/1503/1503 1501/1501/1501
f 1485/1485/1485 1483/1483/1483 1510/1510/1510
f 1485/1485/1485 1510/1510/1510 1503/1503/1503
f 1483/1483/1483 1484/1484/1484 1520/1520/1520
f 1483/1483/1483 1520/1520/1520 1510/1510/1510
f 1484/1484/1484 1489/1489/1489 1524/1524/1524
f 1484/1484/1484 1524/1524/1524 1520/1520/1520
f 1489/1489/1489 1492/1492/1492 1521/1521/1521
f 1489/1489/1489 1521/1521/1521 1524/1524/1524
f 1492/1492/1492 1496/1496/1496 1511/1511/1511
f 1492/1492/1492 1511/1511/1511 1521/1521/1521
f 1496/1496/1496 1493/1493/1493 1504/1504/1504
f 1496/1496/1496 1504/1504/1504 1511/1511/1511
f 1493/1493/1493 1491/1491/1491 1502/1502/1502
f 1493/1493/1493 1502/1502/1502 1504/1504/1504
f 1501/1501/1501 1503/1503/1503 1518/1518/1518
f 1501/1501/1501 1518/1518/1518 1512/1512/1512
f 1503/1503/1503 1510/1510/1510 1529/1529/1529
f 1503/1503/1503 1529/1529/1529 1518/1518/1518
f 1510/1510/1510 1520/1520/1520 1534/1534/1534
f 1510/1510/1510 1534/1534/1534 1529/1529/1529
f 1520/1520/1520 1524/1524/1524 1538/1538/1538
f 1520/1520/1520 1538/1538/1538 1534/1534/1534
f 1524/1524/1524 1521/1521/1521 1535/1535/1535
f 1524/1524/1524 1535/1535/1535 1538/1538/1538
f 1521/1521/1521 1511/1511/1511 1530/1530/1530
f 1521/1521/1521 1530/1530/1530 1535/1535/1535
f 1511/1511/1511 1504/1504/1504 1519/1519/1519
f 1511/1511/1511 1519/1519/1519 1530/1530/1530
f 1504/1504/1504 1502/1502/1502 1513/1513/1513
f 1504/1504/1504 1513/1513/1513 1519/1519/1519
f 1512/1512/1512 1518/1518/1518 1522/1522/1522
f 1512/1512/1512 1522/1522/1522 1516/1516/1516
f 1518/1518/1518 1529/1529/1529 1532/1532/1532
f 1518/1518/1518 1532/1532/1532 1522/1522/1522
f 1529/1529/1529 1534/1534/1534 1539/1539/1539
f 1529/1529/1529 1539/1539/1539 1532/1532/1532
f 1534/1534/1534 1538/1538/1538 1542/1542/1542
f 1534/1534/1534 1542/1542/1542 1539/1539/1539
f 1538/1538/1538 1535/1535/1535 1540/1540/1540
f 1538/1538/1538 1540/1540/1540 1542/1542/1542
f 1535/1535/1535 1530/1530/1530 1533/1533/1533
f 1535/1535/1535 1533/1533/1533 1540/1540/1540
f 1530/1530/1530 1519/1519/1519 1523/1523/1523
f 1530/1530/1530 1523/1523/1523 1533/1533/1533
f 1519/1519/1519 1513/1513/1513 1517/1517/1517
f 1519/1519/1519 1517/1517/1517 1523/1523/1523
f 1516/1516/1516 1522/1522/1522 1514/1514/1514
f 1516/1516/1516 1514/1514/1514 1506/1506/1506
f 1522/1522/1522 1532/1532/1532 1527/1527/1527
f 1522/1522/1522 1527/1527/1527 1514/1514/1514
f 1532/1532/1532 1539/1539/1539 1536/1536/1536
f 1532/1532/1532 1536/1536/1536 1527/1527/1527
f 1539/1539/1539 1542/1542/1542 1541/1541/1541
f 1539/1539/1539 1541/1541/1541 1536/1536/1536
f 1542/1542/1542 1540/1540/1540 1537/1537/1537
f 1542/1542/1542 1537/1537/1537 1541/1541/1541
f 1540/1540/1540 1533/1533/1533 1528/1528/1528
f 1540/1540/1540 1528/1528/1528 1537/1537/1537
f 1533/1533/1533 1523/1523/1523 1515/1515/1515
f 1533/1533/1533 1515/1515/1515 1528/1528/1528
f 1523/1523/1523 1517/1517/1517 1507/1507/1507
f 1523/1523/1523 1507/1507/1507 1515/1515/1515
f 1506/1506/1506 1514/1514/1514 1497/1497/1497
f 1506/1506/1506 1497/1497/1497 1494/1494/1494
f 1514/1514/1514 1527/1527/1527 1508/1508/1508
f 1514/1514/1514 1508/1508/1508 1497/1497/1497
f 1527/1527/1527 1536/1536/1536 1525/1525/1525
f 1527/1527/1527 1525/1525/1525 1508/1508/1508
f 1536/1536/1536 1541/1541/1541 1531/1531/1531
f 1536/1536/1536 1531/1531/1531 1525/1525/1525
f 1541/1541/1541 1537/1537/1537 1526/1526/1526
f 1541/1541/1541 1526/1526/1526 1531/1531/1531
f 1537/1537/1537 1528/1528/1528 1509/1509/1509
f 1537/1537/1537 1509/1509/1509 1526/1526/1526
f 1528/1528/1528 1515/1515/1515 1498/1498/1498
f 1528/1528/1528 1498/1498/1498 1509/1509/1509
f 1515/1515/1515 1507/1507/1507 1495/1495/1495
f 1515/1515/1515 1495/1495/1495 1498/1498/1498
f 1494/1494/1494 1497/1497/1497 1499/1499/1499
f 1494/1494/1494 1499/1499/1499 1486/1486/1486
f 1497/1497/1497 1508/1508/1508 1505/1505/1505
f 1497/1497/1497 1505/1505/1505 1499/1499/1499
f 1508/1508/1508 1525/1525/1525 1500/1500/1500
f 1508/1508/1508 1500/1500/1500 1505/1505/1505
f 1525/1525/1525 1531/1531/1531 1488/1488/1488
f 1525/1525/1525 1488/1488/1488 1500/1500/1500
f 1531/1531/1531 1526/1526/1526 1482/1482/1482
f 1531/1531/1531 1482/1482/1482 1488/1488/1488
f 1526/1526/1526 1509/1509/1509 1479/1479/1479
f 1526/1526/1526 1479/1479/1479 1482/1482/1482
f 1509/1509/1509 1498/1498/1498 1481/1481/1481
f 1509/1509/1509 1481/1481/1481 1479/1479/1479
f 1498/1498/1498 1495/1495/1495 1487/1487/1487
f 1498/1498/1498 1487/1487/1487 1481/1481/1481
f 1486/1486/1486 1499/1499/1499 1477/1477/1477
f 1486/1486/1486 1477/1477/1477 1457/1457/1457
f 1499/1499/1499 1505/1505/1505 1480/1480/1480
f 1499/1499/1499 1480/1480/1480 1477/1477/1477
f 1505/1505/1505 1500/1500/1500 1478/1478/1478
f 1505/1505/1505 1478/1478/1478 1480/1480/1480
f 1500/1500/1500 1488/1488/1488 1459/1459/1459
f 1500/1500/1500 1459/1459/1459 1478/1478/1478
f 1488/1488/1488 1482/1482/1482 1447/1447/1447
f 1488/1488/1488 1447/1447/1447 1459/1459/1459
f 1482/1482/1482 1479/1479/1479 1445/1445/1445
f 1482/1482/1482 1445/1445/1445 1447/1447/1447
f 1479/1479/1479 1481/1481/1481 1446/1446/1446
f 1479/1479/1479 1446/1446/1446 1445/1445/1445
f 1481/1481/1481 1487/1487/1487 1458/1458/1458
f 1481/1481/1481 1458/1458/1458 1446/1446/1446
f 1457/1457/1457 1477/1477/1477 1442/1442/1442
f 1457/1457/1457 1442/1442/1442 1439/1439/1439
f 1477/1477/1477 1480/1480/1480 1444/1444/1444
f 1477/1477/1477 1444/1444/1444 1442/1442/1442
f 1480/1480/1480 1478/1478/1478 1443/1443/1443
f 1480/1480/1480 1443/1443/1443 1444/1444/1444
f 1478/1478/1478 1459/1459/1459 1441/1441/1441
f 1478/1478/1478 1441/1441/1441 1443/1443/1443
f 1459/1459/1459 1447/1447/1447 1438/1438/1438
f 1459/1459/1459 1438/1438/1438 1441/1441/1441
f 1447/1447/1447 1445/1445/1445 1436/1436/1436
f 1447/1447/1447 1436/1436/1436 1438/1438/1438
f 1445/1445/1445 1446/1446/1446 1437/1437/1437
f 1445/1445/1445 1437/1437/1437 1436/1436/1436
f 1446/1446/1446 1458/1458/1458 1440/1440/1440
f 1446/1446/1446 1440/1440/1440 1437/1437/1437
f 1439/1439/1439 1442/1442/1442 1433/1433/1433
f 1439/1439/1439 1433/1433/1433 1430/1430/1430
f 1442/1442/1442 1444/1444/1444 1435/1435/1435
f 1442/1442/1442 1435/1435/1435 1433/1433/1433
f 1444/1444/1444 1443/1443/1443 1434/1434/1434
f 1444/1444/1444 1434/1434/1434 1435/1435/1435
f 1443/1443/1443 1441/1441/1441 1432/1432/1432
f 1443/1443/1443 1432/1432/1432 1434/1434/1434
f 1441/1441/1441 1438/1438/1438 1429/1429/1429
f 1441/1441/1441 1429/1429/1429 1432/1432/1432
f 1438/1438/1438 1436/1436/1436 1427/1427/1427
f 1438/1438/1438 1427/1427/1427 1429/1429/1429
f 1436/1436/1436 1437/1437/1437 1428/1428/1428
f 1436/1436/1436 1428/1428/1428 1427/1427/1427
f 1437/1437/1437 1440/1440/1440 1431/1431/1431
f 1437/1437/1437 1431/1431/1431 1428/1428/1428
f 1430/1430/1430 1433/1433/1433 1424/1424/1424
f 1430/1430/1430 1424/1424/1424 1421/1421/1421
f 1433/1433/1433 1435/1435/1435 1426/1426/1426
f 1433/1433/1433 1426/1426/1426 1424/1424/1424
f 1435/1435/1435 1434/1434/1434 1425/1425/1425
f 1435/1435/1435 1425/1425/1425 1426/1426/1426
f 1434/1434/1434 1432/1432/1432 1423/1423/1423
f 1434/1434/1434 1423/1423/1423 1425/1425/1425
f 1432/1432/1432 1429/1429/1429 1420/1420/1420
f 1432/1432/1432 1420/1420/1420 1423/1423/1423
f 1429/1429/1429 1427/1427/1427 1418/1418/1418
f 1429/1429/1429 1418/1418/1418 1420/1420/1420
f 1427/1427/1427 1428/1428/1428 1419/1419/1419
f 1427/1427/1427 1419/1419/1419 1418/1418/1418
f 1428/1428/1428 1431/1431/1431 1422/1422/1422
f 1428/1428/1428 1422/1422/1422 1419/1419/1419
f 1421/1421/1421 1424/1424/1424 1383/1383/1383
f 1421/1421/1421 1383/1383/1383 1385/1385/1385
f 1424/1424/1424 1426/1426/1426 1382/1382/1382
f 1424/1424/1424 1382/1382/1382 1383/1383/1383
f 1426/1426/1426 1425/1425/1425 1384/1384/1384
f 1426/1426/1426 1384/1384/1384 1382/1382/1382
f 1425/1425/1425 1423/1423/1423 1387/1387/1387
f 1425/1425/1425 1387/1387/1387 1384/1384/1384
f 1423/1423/1423 1420/1420/1420 1389/1389/1389
f 1423/1423/1423 1389/1389/1389 1387/1387/1387
f 1420/1420/1420 1418/1418/1418 1390/1390/1390
f 1420/1420/1420 1390/1390/1390 1389/1389/1389
f 1418/1418/1418 1419/1419/1419 1388/1388/1388
f 1418/1418/1418 1388/1388/1388 1390/1390/1390
f 1419/1419/1419 1422/1422/1422 1386/1386/1386
f 1419/1419/1419 1386/1386/1386 1388/1388/1388
f 1385/1385/1385 1383/1383/1383 1349/1349/1349
f 1385/1385/1385 1349/1349/1349 1351/1351/1351
f 1383/1383/1383 1382/1382/1382 1348/1348/1348
f 1383/1383/1383 1348/1348/1348 1349/1349/1349
f 1382/1382/1382 1384/1384/1384 1350/1350/1350
f 1382/1382/1382 1350/1350/1350 1348/1348/1348
f 1384/1384/1384 1387/1387/1387 1353/1353/1353
f 1384/1384/1384 1353/1353/1353 1350/1350/1350
f 1387/1387/1387 1389/1389/1389 1355/1355/1355
f 1387/1387/1387 1355/1355/1355 1353/1353/1353
f 1389/1389/1389 1390/1390/1390 1356/1356/1356
f 1389/1389/1389 1356/1356/1356 1355/1355/1355
f 1390/1390/1390 1388/1388/1388 1354/1354/1354
f 1390/1390/1390 1354/1354/1354 1356/1356/1356
f 1388/1388/1388 1386/1386/1386 1352/1352/1352
f 1388/1388/1388 1352/1352/1352 1354/1354/1354
f 1351/1351/1351 1349/1349/1349 1340/1340/1340
f 1351/1351/1351 1340/1340/1340 1342/1342/1342
f 1349/1349/1349 1348/1348/1348 1339/1339/1339
f 1349/1349/1349 1339/1339/1339 1340/1340/1340
f 1348/1348/1348 1350/1350/1350 1341/1341/1341
f 1348/1348/1348 1341/1341/1341 1339/1339/1339
f 1350/1350/1350 1353/1353/1353 1344/1344/1344
f 1350/1350/1350 1344/1344/1344 1341/1341/1341
f 1353/1353/1353 1355/1355/1355 1346/1346/1346
f 1353/1353/1353 1346/1346/1346 1344/1344/1344
f 1355/1355/1355 1356/1356/1356 1347/1347/1347
f 1355/1355/1355 1347/1347/1347 1346/1346/1346
f 1356/1356/1356 1354/1354/1354 1345/1345/1345
f 1356/1356/1356 1345/1345/1345 1347/1347/1347
f 1354/1354/1354 1352/1352/1352 1343/1343/1343
f 1354/1354/1354 1343/1343/1343 1345/1345/1345
f 1342/1342/1342 1340/1340/1340 1321/1321/1321
f 1342/1342/1342 1321/1321/1321 1330/1330/1330
f 1340/1340/1340 1339/1339/1339 1318/1318/1318
f 1340/1340/1340 1318/1318/1318 1321/1321/1321
f 1339/1339/1339 1341/1341/1341 1322/1322/1322
f 1339/1339/1339 1322/1322/1322 1318/1318/1318
f 1341/1341/1341 1344/1344/1344 1332/1332/1332
f 1341/1341/1341 1332/1332/1332 1322/1322/1322
f 1344/1344/1344 1346/1346/1346 1337/1337/1337
f 1344/1344/1344 1337/1337/1337 1332/1332/1332
f 1346/1346/1346 1347/1347/1347 1338/1338/1338
f 1346/1346/1346 1338/1338/1338 1337/1337/1337
f 1347/1347/1347 1345/1345/1345 1336/1336/1336
f 1347/1347/1347 1336/1336/1336 1338/1338/1338
f 1345/1345/1345 1343/1343/1343 1331/1331/1331
f 1345/1345/1345 1331/1331/1331 1336/1336/1336
f 1330/1330/1330 1321/1321/1321 1297/1297/1297
f 1330/1330/1330 1297/1297/1297 1306/1306/1306
f 1321/1321/1321 1318/1318/1318 1292/1292/1292
f 1321/1321/1321 1292/1292/1292 1297/1297/1297
f 1318/1318/1318 1322/1322/1322 1298/1298/1298
f 1318/1318/1318 1298/1298/1298 1292/1292/1292
f 1322/1322/1322 1332/1332/1332 1308/1308/1308
f 1322/1322/1322 1308/1308/1308 1298/1298/1298
f 1332/1332/1332 1337/1337/1337 1320/1320/1320
f 1332/1332/1332 1320/1320/1320 1308/1308/1308
f 1337/1337/1337 1338/1338/1338 1323/1323/1323
f 1337/1337/1337 1323/1323/1323 1320/1320/1320
f 1338/1338/1338 1336/1336/1336 1319/1319/1319
f 1338/1338/1338 1319/1319/1319 1323/1323/1323
f 1336/1336/1336 1331/1331/1331 1307/1307/1307
f 1336/1336/1336 1307/1307/1307 1319/1319/1319
f 1306/1306/1306 1297/1297/1297 1261/1261/1261
f 1306/1306/1306 1261/1261/1261 1274/1274/1274
f 1297/1297/1297 1292/1292/1292 1254/1254/1254
f 1297/1297/1297 1254/1254/1254 1261/1261/1261
f 1292/1292/1292 1298/1298/1298 1262/1262/1262
f 1292/1292/1292 1262/1262/1262 1254/1254/1254
f 1298/1298/1298 1308/1308/1308 1276/1276/1276
f 1298/1298/1298 1276/1276/1276 1262/1262/1262
f 1308/1308/1308 1320/1320/1320 1302/1302/1302
f 1308/1308/1308 1302/1302/1302 1276/1276/1276
f 1320/1320/1320 1323/1323/1323 1305/1305/1305
f 1320/1320/1320 1305/1305/1305 1302/1302/1302
f 1323/1323/1323 1319/1319/1319 1301/1301/1301
f 1323/1323/1323 1301/1301/1301 1305/1305/1305
f 1319/1319/1319 1307/1307/1307 1275/1275/1275
f 1319/1319/1319 1275/1275/1275 1301/1301/1301
f 1274/1274/1274 1261/1261/1261 1282/1282/1282
f 1274/1274/1274 1282/1282/1282 1295/1295/1295
f 1261/1261/1261 1254/1254/1254 1257/1257/1257
f 1261/1261/1261 1257/1257/1257 1282/1282/1282
f 1254/1254/1254 1262/1262/1262 1245/1245/1245
f 1254/1254/1254 1245/1245/1245 1257/1257/1257
f 1262/1262/1262 1276/1276/1276 1242/1242/1242
f 1262/1262/1262 1242/1242/1242 1245/1245/1245
f 1276/1276/1276 1302/1302/1302 1246/1246/1246
f 1276/1276/1276 1246/1246/1246 1242/1242/1242
f 1302/1302/1302 1305/1305/1305 1258/1258/1258
f 1302/1302/1302 1258/1258/1258 1246/1246/1246
f 1305/1305/1305 1301/1301/1301 1283/1283/1283
f 1305/1305/1305 1283/1283/1283 1258/1258/1258
f 1301/1301/1301 1275/1275/1275 1296/1296/1296
f 1301/1301/1301 1296/1296/1296 1283/1283/1283
f 1295/1295/1295 1282/1282/1282 1265/1265/1265
f 1295/1295/1295 1265/1265/1265 1280/1280/1280
f 1282/1282/1282 1257/1257/1257 1250/1250/1250
f 1282/1282/1282 1250/1250/1250 1265/1265/1265
f 1257/1257/1257 1245/1245/1245 1239/1239/1239
f 1257/1257/1257 1239/1239/1239 1250/1250/1250
f 1245/1245/1245 1242/1242/1242 1234/1234/1234
f 1245/1245/1245 1234/1234/1234 1239/1239/1239
f 1242/1242/1242 1246/1246/1246 1240/1240/1240
f 1242/1242/1242 1240/1240/1240 1234/1234/1234
f 1246/1246/1246 1258/1258/1258 1251/1251/1251
f 1246/1246/1246 1251/1251/1251 1240/1240/1240
f 1258/1258/1258 1283/1283/1283 1266/1266/1266
f 1258/1258/1258 1266/1266/1266 1251/1251/1251
f 1283/1283/1283 1296/1296/1296 1281/1281/1281
f 1283/1283/1283 1281/1281/1281 1266/1266/1266
f 1280/1280/1280 1265/1265/1265 1263/1263/1263
f 1280/1280/1280 1263/1263/1263 1272/1272/1272
f 1265/1265/1265 1250/1250/1250 1247/1247/1247
f 1265/1265/1265 1247/1247/1247 1263/1263/1263
f 1250/1250/1250 1239/1239/1239 1235/1235/1235
f 1250/1250/1250 1235/1235/1235 1247/1247/1247
f 1239/1239/1239 1234/1234/1234 1232/1232/1232
f 1239/1239/1239 1232/1232/1232 1235/1235/1235
f 1234/1234/1234 1240/1240/1240 1236/1236/1236
f 1234/1234/1234 1236/1236/1236 1232/1232/1232
f 1240/1240/1240 1251/1251/1251 1248/1248/1248
f 1240/1240/1240 1248/1248/1248 1236/1236/1236
f 1251/1251/1251 1266/1266/1266 1264/1264/1264
f 1251/1251/1251 1264/1264/1264 1248/1248/1248
f 1266/1266/1266 1281/1281/1281 1273/1273/1273
f 1266/1266/1266 1273/1273/1273 1264/1264/1264
f 1272/1272/1272 1263/1263/1263 1267/1267/1267
f 1272/1272/1272 1267/1267/1267 1290/1290/1290
f 1263/1263/1263 1247/1247/1247 1252/1252/1252
f 1263/1263/1263 1252/1252/1252 1267/1267/1267
f 1247/1247/1247 1235/1235/1235 1237/1237/1237
f 1247/1247/1247 1237/1237/1237 1252/1252/1252
f 1235/1235/1235 1232/1232/1232 1233/1233/1233
f 1235/1235/1235 1233/1233/1233 1237/1237/1237
f 1232/1232/1232 1236/1236/1236 1238/1238/1238
f 1232/1232/1232 1238/1238/1238 1233/1233/1233
f 1236/1236/1236 1248/1248/1248 1253/1253/1253
f 1236/1236/1236 1253/1253/1253 1238/1238/1238
f 1248/1248/1248 1264/1264/1264 1268/1268/1268
f 1248/1248/1248 1268/1268/1268 1253/1253/1253
f 1264/1264/1264 1273/1273/1273 1291/1291/1291
f 1264/1264/1264 1291/1291/1291 1268/1268/1268
f 1290/1290/1290 1267/1267/1267 1293/1293/1293
f 1290/1290/1290 1293/1293/1293 1299/1299/1299
f 1267/1267/1267 1252/1252/1252 1259/1259/1259
f 1267/1267/1267 1259/1259/1259 1293/1293/1293
f 1252/1252/1252 1237/1237/1237 1243/1243/1243
f 1252/1252/1252 1243/1243/1243 1259/1259/1259
f 1237/1237/1237 1233/1233/1233 1241/1241/1241
f 1237/1237/1237 1241/1241/1241 1243/1243/1243
f 1233/1233/1233 1238/1238/1238 1244/1244/1244
f 1233/1233/1233 1244/1244/1244 1241/1241/1241
f 1238/1238/1238 1253/1253/1253 1260/1260/1260
f 1238/1238/1238 1260/1260/1260 1244/1244/1244
f 1253/1253/1253 1268/1268/1268 1294/1294/1294
f 1253/1253/1253 1294/1294/1294 1260/1260/1260
f 1268/1268/1268 1291/1291/1291 1300/1300/1300
f 1268/1268/1268 1300/1300/1300 1294/1294/1294
f 1299/1299/1299 1293/1293/1293 1304/1304/1304
f 1299/1299/1299 1304/1304/1304 1278/1278/1278
f 1293/1293/1293 1259/1259/1259 1317/1317/1317
f 1293/1293/1293 1317/1317/1317 1304/1304/1304
f 1259/1259/1259 1243/1243/1243 1303/1303/1303
f 1259/1259/1259 1303/1303/1303 1317/1317/1317
f 1243/1243/1243 1241/1241/1241 1277/1277/1277
f 1243/1243/1243 1277/1277/1277 1303/1303/1303
f 1241/1241/1241 1244/1244/1244 1255/1255/1255
f 1241/1241/1241 1255/1255/1255 1277/1277/1277
f 1244/1244/1244 1260/1260/1260 1249/1249/1249
f 1244/1244/1244 1249/1249/1249 1255/1255/1255
f 1260/1260/1260 1294/1294/1294 1256/1256/1256
f 1260/1260/1260 1256/1256/1256 1249/1249/1249
f 1294/1294/1294 1300/1300/1300 1279/1279/1279
f 1294/1294/1294 1279/1279/1279 1256/1256/1256
f 1278/1278/1278 1304/1304/1304 1329/1329/1329
f 1278/1278/1278 1329/1329/1329 1313/1313/1313
f 1304/1304/1304 1317/1317/1317 1335/1335/1335
f 1304/1304/1304 1335/1335/1335 1329/1329/1329
f 1317/1317/1317 1303/1303/1303 1326/1326/1326
f 1317/1317/1317 1326/1326/1326 1335/1335/1335
f 1303/1303/1303 1277/1277/1277 1309/1309/1309
f 1303/1303/1303 1309/1309/1309 1326/1326/1326
f 1277/1277/1277 1255/1255/1255 1284/1284/1284
f 1277/1277/1277 1284/1284/1284 1309/1309/1309
f 1255/1255/1255 1249/1249/1249 1269/1269/1269
f 1255/1255/1255 1269/1269/1269 1284/1284/1284
f 1249/1249/1249 1256/1256/1256 1287/1287/1287
f 1249/1249/1249 1287/1287/1287 1269/1269/1269
f 1256/1256/1256 1279/1279/1279 1314/1314/1314
f 1256/1256/1256 1314/1314/1314 1287/1287/1287
f 1463/1463/1463 1456/1456/1456 1464/1464/1464
f 1463/1463/1463 1450/1450/1450 1455/1455/1455
f 1463/1463/1463 1453/1453/1453 1449/1449/1449
f 1463/1463/1463 1461/1461/1461 1452/1452/1452
f 1463/1463/1463 1469/1469/1469 1460/1460/1460
f 1463/1463/1463 1475/1475/1475 1468/1468/1468
f 1463/1463/1463 1472/1472/1472 1474/1474/1474
f 1463/1463/1463 1465/1465/1465 1471/1471/1471
f 1312/1312/1312 1315/1315/1315 1328/1328/1328
f 1312/1312/1312 1327/1327/1327 1334/1334/1334
f 1312/1312/1312 1333/1333/1333 1325/1325/1325
f 1312/1312/1312 1324/1324/1324 1311/1311/1311
f 1312/1312/1312 1310/1310/1310 1286/1286/1286
f 1312/1312/1312 1285/1285/1285 1271/1271/1271
f 1312/1312/1312 1270/1270/1270 1289/1289/1289
f 1312/1312/1312 1288/1288/1288 1316/1316/1316
