# Y up, metres; named parts; full animation hierarchy is in the Unity prefab
mtllib Materials.mtl
o Arco_transitable
v -2.670000 0.160000 0.000000
v -2.659048 0.160000 -0.111201
v -2.659048 0.160000 0.111201
v -2.630000 0.000000 0.000000
v -2.630000 0.000000 0.000000
v -2.626611 0.160000 -0.218130
v -2.626611 0.160000 0.218130
v -2.619816 0.000000 -0.103398
v -2.619816 0.000000 -0.103398
v -2.619816 0.000000 0.103398
v -2.619816 0.000000 0.103398
v -2.600000 3.100000 0.000000
v -2.600000 3.100000 0.000000
v -2.590393 3.100000 -0.097545
v -2.590393 3.100000 -0.097545
v -2.590393 3.100000 0.097545
v -2.590393 3.100000 0.097545
v -2.589656 0.000000 -0.202822
v -2.589656 0.000000 -0.202822
v -2.589656 0.000000 0.202822
v -2.589656 0.000000 0.202822
v -2.573938 0.160000 -0.316675
v -2.573938 0.160000 0.316675
v -2.561940 3.100000 -0.191342
v -2.561940 3.100000 -0.191342
v -2.561940 3.100000 0.191342
v -2.561940 3.100000 0.191342
v -2.540679 0.000000 -0.294452
v -2.540679 0.000000 -0.294452
v -2.540679 0.000000 0.294452
v -2.540679 0.000000 0.294452
v -2.515735 3.100000 -0.277785
v -2.515735 3.100000 -0.277785
v -2.515735 3.100000 0.277785
v -2.515735 3.100000 0.277785
v -2.503051 0.160000 -0.403051
v -2.503051 0.160000 0.403051
v -2.480000 0.450000 0.000000
v -2.474767 0.000000 -0.374767
v -2.474767 0.000000 -0.374767
v -2.474767 0.000000 0.374767
v -2.474767 0.000000 0.374767
v -2.472698 0.450000 -0.074134
v -2.472698 0.450000 0.074134
v -2.453553 3.100000 -0.353553
v -2.453553 3.100000 -0.353553
v -2.453553 3.100000 0.353553
v -2.453553 3.100000 0.353553
v -2.451074 0.450000 -0.145420
v -2.451074 0.450000 0.145420
v -2.416675 0.160000 -0.473938
v -2.416675 0.160000 0.473938
v -2.415958 0.450000 -0.211117
v -2.415958 0.450000 0.211117
v -2.394452 0.000000 -0.440679
v -2.394452 0.000000 -0.440679
v -2.394452 0.000000 0.440679
v -2.394452 0.000000 0.440679
v -2.390000 2.900000 0.000000
v -2.384428 2.900000 -0.056576
v -2.384428 2.900000 0.056576
v -2.377785 3.100000 -0.415735
v -2.377785 3.100000 -0.415735
v -2.377785 3.100000 0.415735
v -2.377785 3.100000 0.415735
v -2.368701 0.450000 -0.268701
v -2.368701 0.450000 0.268701
v -2.367925 2.900000 -0.110978
v -2.367925 2.900000 0.110978
v -2.341126 2.900000 -0.161115
v -2.341126 2.900000 0.161115
v -2.319715 2.731189 0.000000
v -2.319715 2.731189 0.000000
v -2.319715 2.731189 0.000000
v -2.319715 2.731189 0.000000
v -2.318130 0.160000 -0.526611
v -2.318130 0.160000 0.526611
v -2.314369 2.830609 0.000000
v -2.314369 2.830609 0.000000
v -2.311117 0.450000 -0.315958
v -2.311117 0.450000 0.315958
v -2.305061 2.900000 -0.205061
v -2.305061 2.900000 0.205061
v -2.302822 0.000000 -0.489656
v -2.302822 0.000000 -0.489656
v -2.302822 0.000000 0.489656
v -2.302822 0.000000 0.489656
v -2.297561 2.940349 0.000000
v -2.297561 2.940349 0.000000
v -2.291342 3.100000 -0.461940
v -2.291342 3.100000 -0.461940
v -2.291342 3.100000 0.461940
v -2.291342 3.100000 0.461940
v -2.290279 2.729690 -0.110000
v -2.290279 2.729690 -0.110000
v -2.290279 2.729690 -0.110000
v -2.290279 2.729690 0.110000
v -2.290279 2.729690 0.110000
v -2.290279 2.729690 0.110000
v -2.285047 2.827619 -0.110000
v -2.285047 2.827619 0.110000
v -2.269818 3.048402 0.000000
v -2.269818 3.048402 0.000000
v -2.268686 2.934435 -0.110000
v -2.268686 2.934435 0.110000
v -2.261115 2.900000 -0.241126
v -2.261115 2.900000 0.241126
v -2.245420 0.450000 -0.351074
v -2.245420 0.450000 0.351074
v -2.241661 3.039690 -0.110000
v -2.241661 3.039690 0.110000
v -2.231511 3.154046 0.000000
v -2.211201 0.160000 -0.559048
v -2.211201 0.160000 0.559048
v -2.210978 2.900000 -0.267925
v -2.210978 2.900000 0.267925
v -2.209858 2.725594 -0.190526
v -2.209858 2.725594 -0.190526
v -2.209858 2.725594 -0.190526
v -2.209858 2.725594 0.190526
v -2.209858 2.725594 0.190526
v -2.209858 2.725594 0.190526
v -2.204936 2.819452 -0.190526
v -2.204936 2.819452 0.190526
v -2.204305 3.142706 -0.110000
v -2.204305 3.142706 0.110000
v -2.203398 0.000000 -0.519816
v -2.203398 0.000000 -0.519816
v -2.203398 0.000000 0.519816
v -2.203398 0.000000 0.519816
v -2.197545 3.100000 -0.490393
v -2.197545 3.100000 -0.490393
v -2.197545 3.100000 0.490393
v -2.197545 3.100000 0.490393
v -2.189798 2.918280 -0.190526
v -2.189798 2.918280 0.190526
v -2.183097 3.256670 0.000000
v -2.174134 0.450000 -0.372698
v -2.174134 0.450000 0.372698
v -2.164734 3.015887 -0.190526
v -2.164734 3.015887 0.190526
v -2.157033 3.242907 -0.110000
v -2.157033 3.242907 0.110000
v -2.156576 2.900000 -0.284428
v -2.156576 2.900000 0.284428
v -2.154929 2.922797 0.000000
v -2.154929 2.922797 0.000000
v -2.154929 2.922797 0.000000
v -2.154929 2.922797 0.000000
v -2.150220 3.013873 0.000000
v -2.150220 3.013873 0.000000
v -2.138841 2.921978 -0.038891
v -2.138841 2.921978 -0.038891
v -2.138841 2.921978 -0.038891
v -2.138841 2.921978 0.038891
v -2.138841 2.921978 0.038891
v -2.138841 2.921978 0.038891
v -2.135916 3.107245 0.000000
v -2.135916 3.107245 0.000000
v -2.134194 3.012239 -0.038891
v -2.134194 3.012239 0.038891
v -2.129978 3.111726 -0.190526
v -2.129978 3.111726 0.190526
v -2.125082 3.355782 0.000000
v -2.120134 3.104013 -0.038891
v -2.120134 3.104013 0.038891
v -2.112191 3.199630 0.000000
v -2.112191 3.199630 0.000000
v -2.100305 3.339818 -0.110000
v -2.100305 3.339818 0.110000
v -2.100000 0.000000 -0.530000
v -2.100000 0.000000 -0.530000
v -2.100000 0.000000 0.000000
v -2.100000 0.000000 0.530000
v -2.100000 0.000000 0.530000
v -2.100000 0.160000 -0.570000
v -2.100000 0.160000 0.570000
v -2.100000 0.450000 -0.380000
v -2.100000 0.450000 0.380000
v -2.100000 2.720000 -0.220000
v -2.100000 2.720000 -0.220000
v -2.100000 2.720000 -0.220000
v -2.100000 2.720000 0.000000
v -2.100000 2.720000 0.220000
v -2.100000 2.720000 0.220000
v -2.100000 2.720000 0.220000
v -2.100000 2.900000 -0.290000
v -2.100000 2.900000 0.290000
v -2.100000 2.920000 -0.055000
v -2.100000 2.920000 -0.055000
v -2.100000 2.920000 -0.055000
v -2.100000 2.920000 0.000000
v -2.100000 2.920000 0.055000
v -2.100000 2.920000 0.055000
v -2.100000 2.920000 0.055000
v -2.100000 3.100000 -0.500000
v -2.100000 3.100000 -0.500000
v -2.100000 3.100000 0.000000
v -2.100000 3.100000 0.500000
v -2.100000 3.100000 0.500000
v -2.096802 3.194868 -0.038891
v -2.096802 3.194868 0.038891
v -2.095504 2.808294 -0.220000
v -2.095504 2.808294 0.220000
v -2.095504 3.008294 -0.055000
v -2.095504 3.008294 0.055000
v -2.085825 3.205307 -0.190526
v -2.085825 3.205307 0.190526
v -2.082034 2.896210 -0.220000
v -2.082034 2.896210 0.220000
v -2.082034 3.096210 -0.055000
v -2.082034 3.096210 0.055000
v -2.079211 3.290566 0.000000
v -2.064342 3.284368 -0.038891
v -2.064342 3.284368 0.038891
v -2.061159 2.918022 -0.038891
v -2.061159 2.918022 -0.038891
v -2.061159 2.918022 -0.038891
v -2.061159 2.918022 0.038891
v -2.061159 2.918022 0.038891
v -2.061159 2.918022 0.038891
v -2.059649 2.983372 -0.220000
v -2.059649 2.983372 0.220000
v -2.059649 3.183372 -0.055000
v -2.059649 3.183372 0.055000
v -2.057988 3.450994 0.000000
v -2.056813 3.004349 -0.038891
v -2.056813 3.004349 0.038891
v -2.045071 2.917203 0.000000
v -2.045071 2.917203 0.000000
v -2.045071 2.917203 0.000000
v -2.043934 3.088408 -0.038891
v -2.043934 3.088408 0.038891
v -2.043424 2.900000 -0.284428
v -2.043424 2.900000 0.284428
v -2.040787 3.002716 0.000000
v -2.037189 3.379625 0.000000
v -2.034602 3.433054 -0.110000
v -2.034602 3.433054 0.110000
v -2.032615 3.296202 -0.190526
v -2.032615 3.296202 0.190526
v -2.028444 3.069406 -0.220000
v -2.028444 3.069406 -0.220000
v -2.028444 3.069406 0.220000
v -2.028444 3.269406 -0.055000
v -2.028444 3.269406 -0.055000
v -2.028444 3.269406 0.055000
v -2.028153 3.085176 0.000000
v -2.025866 0.450000 -0.372698
v -2.025866 0.450000 0.372698
v -2.022944 3.372103 -0.038891
v -2.022944 3.372103 0.038891
v -2.022496 3.171876 -0.038891
v -2.022496 3.171876 0.038891
v -2.007107 3.167114 0.000000
v -2.002455 3.100000 -0.490393
v -2.002455 3.100000 -0.490393
v -2.002455 3.100000 0.490393
v -2.002455 3.100000 0.490393
v -1.996602 0.000000 -0.519816
v -1.996602 0.000000 -0.519816
v -1.996602 0.000000 0.519816
v -1.996602 0.000000 0.519816
v -1.992547 3.254443 -0.038891
v -1.992547 3.254443 0.038891
v -1.990142 2.714406 -0.190526
v -1.990142 2.714406 -0.190526
v -1.990142 2.714406 -0.190526
v -1.990142 2.714406 0.190526
v -1.990142 2.714406 0.190526
v -1.990142 2.714406 0.190526
v -1.989022 2.900000 -0.267925
v -1.989022 2.900000 0.267925
v -1.988799 0.160000 -0.559048
v -1.988799 0.160000 0.559048
v -1.988553 3.153943 -0.220000
v -1.988553 3.153943 -0.220000
v -1.988553 3.153943 0.220000
v -1.988553 3.353943 -0.055000
v -1.988553 3.353943 -0.055000
v -1.988553 3.353943 0.055000
v -1.986381 3.466413 0.000000
v -1.986071 2.797137 -0.190526
v -1.986071 2.797137 0.190526
v -1.982333 3.542000 0.000000
v -1.977678 3.248246 0.000000
v -1.974271 2.874141 -0.190526
v -1.974271 2.874141 0.190526
v -1.972839 3.457687 -0.038891
v -1.972839 3.457687 0.038891
v -1.970711 3.384042 -0.190526
v -1.970711 3.384042 0.190526
v -1.960404 3.522306 -0.110000
v -1.960404 3.522306 0.110000
v -1.954580 0.450000 -0.351074
v -1.954580 0.450000 0.351074
v -1.954565 2.950857 -0.190526
v -1.954565 2.950857 0.190526
v -1.954162 3.335784 -0.038891
v -1.954162 3.335784 0.038891
v -1.940147 3.236623 -0.220000
v -1.940147 3.236623 -0.220000
v -1.940147 3.236623 0.220000
v -1.940147 3.436623 -0.055000
v -1.940147 3.436623 -0.055000
v -1.940147 3.436623 0.055000
v -1.939917 3.328262 0.000000
v -1.938885 2.900000 -0.241126
v -1.938885 2.900000 0.241126
v -1.927072 3.550566 0.000000
v -1.926911 3.027086 -0.190526
v -1.926911 3.027086 0.190526
v -1.914290 3.540761 -0.038891
v -1.914290 3.540761 0.038891
v -1.909721 2.710310 -0.110000
v -1.909721 2.710310 -0.110000
v -1.909721 2.710310 -0.110000
v -1.909721 2.710310 0.110000
v -1.909721 2.710310 0.110000
v -1.909721 2.710310 0.110000
v -1.908658 3.100000 -0.461940
v -1.908658 3.100000 -0.461940
v -1.908658 3.100000 0.461940
v -1.908658 3.100000 0.461940
v -1.907455 3.415558 -0.038891
v -1.907455 3.415558 0.038891
v -1.905961 2.788969 -0.110000
v -1.905961 2.788969 0.110000
v -1.900493 3.468500 -0.190526
v -1.900493 3.468500 0.190526
v -1.898617 3.628558 0.000000
v -1.897178 0.000000 -0.489656
v -1.897178 0.000000 -0.489656
v -1.897178 0.000000 0.489656
v -1.897178 0.000000 0.489656
v -1.895383 2.857985 -0.110000
v -1.895383 2.857985 0.110000
v -1.894939 2.900000 -0.205061
v -1.894939 2.900000 0.205061
v -1.893913 3.406833 0.000000
v -1.891281 3.102580 -0.190526
v -1.891281 3.102580 0.190526
v -1.888883 0.450000 -0.315958
v -1.888883 0.450000 0.315958
v -1.883433 3.317090 -0.220000
v -1.883433 3.317090 -0.220000
v -1.883433 3.317090 0.220000
v -1.883433 3.517090 -0.055000
v -1.883433 3.517090 -0.055000
v -1.883433 3.517090 0.055000
v -1.881870 0.160000 -0.526611
v -1.881870 0.160000 0.526611
v -1.880285 2.708811 0.000000
v -1.880285 2.708811 0.000000
v -1.880285 2.708811 0.000000
v -1.878181 3.607318 -0.110000
v -1.878181 3.607318 0.110000
v -1.877637 2.927054 -0.110000
v -1.877637 2.927054 0.110000
v -1.876638 2.785979 0.000000
v -1.866507 2.852072 0.000000
v -1.859573 3.631750 0.000000
v -1.858874 2.900000 -0.161115
v -1.858874 2.900000 0.161115
v -1.852583 2.996105 -0.110000
v -1.852583 2.996105 0.110000
v -1.852575 3.493419 -0.038891
v -1.852575 3.493419 0.038891
v -1.849480 2.918342 0.000000
v -1.847679 3.177043 -0.190526
v -1.847679 3.177043 0.190526
v -1.847588 3.620986 -0.038891
v -1.847588 3.620986 0.038891
v -1.839794 3.483614 0.000000
v -1.832075 2.900000 -0.110978
v -1.832075 2.900000 0.110978
v -1.831299 0.450000 -0.268701
v -1.831299 0.450000 0.268701
v -1.825378 2.984766 0.000000
v -1.822351 3.549289 -0.190526
v -1.822351 3.549289 0.190526
v -1.822215 3.100000 -0.415735
v -1.822215 3.100000 -0.415735
v -1.822215 3.100000 0.415735
v -1.822215 3.100000 0.415735
v -1.820074 3.064979 -0.110000
v -1.820074 3.064979 0.110000
v -1.818653 3.395000 -0.220000
v -1.818653 3.395000 -0.220000
v -1.818653 3.395000 0.220000
v -1.818653 3.595000 -0.055000
v -1.818653 3.595000 -0.055000
v -1.818653 3.595000 0.055000
v -1.815572 2.900000 -0.056576
v -1.815572 2.900000 0.056576
v -1.810000 2.900000 0.000000
v -1.810000 2.900000 0.000000
v -1.807325 3.710467 0.000000
v -1.805548 0.000000 -0.440679
v -1.805548 0.000000 -0.440679
v -1.805548 0.000000 0.440679
v -1.805548 0.000000 0.440679
v -1.796155 3.250138 -0.190526
v -1.796155 3.250138 0.190526
v -1.794010 3.051216 0.000000
v -1.789719 3.569014 -0.038891
v -1.789719 3.569014 0.038891
v -1.788397 3.687873 -0.110000
v -1.788397 3.687873 0.110000
v -1.784219 3.709654 0.000000
v -1.784042 0.450000 -0.211117
v -1.784042 0.450000 0.211117
v -1.783325 0.160000 -0.473938
v -1.783325 0.160000 0.473938
v -1.779989 3.133427 -0.110000
v -1.779989 3.133427 0.110000
v -1.777734 3.558250 0.000000
v -1.773050 3.698046 -0.038891
v -1.773050 3.698046 0.038891
v -1.755212 3.117463 0.000000
v -1.748926 0.450000 -0.145420
v -1.748926 0.450000 0.145420
v -1.746447 3.100000 -0.353553
v -1.746447 3.100000 -0.353553
v -1.746447 3.100000 0.353553
v -1.746447 3.100000 0.353553
v -1.746086 3.470020 -0.220000
v -1.746086 3.470020 -0.220000
v -1.746086 3.470020 0.220000
v -1.746086 3.670020 -0.055000
v -1.746086 3.670020 -0.055000
v -1.746086 3.670020 0.055000
v -1.736814 3.321500 -0.190526
v -1.736814 3.321500 0.190526
v -1.736684 3.626147 -0.190526
v -1.736684 3.626147 0.190526
v -1.732263 3.201125 -0.110000
v -1.732263 3.201125 0.110000
v -1.727302 0.450000 -0.074134
v -1.727302 0.450000 0.074134
v -1.725233 0.000000 -0.374767
v -1.725233 0.000000 -0.374767
v -1.725233 0.000000 0.374767
v -1.725233 0.000000 0.374767
v -1.720000 0.450000 0.000000
v -1.720000 0.450000 0.000000
v -1.719122 3.641994 -0.038891
v -1.719122 3.641994 0.038891
v -1.708930 3.787551 0.000000
v -1.708877 3.183185 0.000000
v -1.707954 3.630385 0.000000
v -1.701363 3.783988 0.000000
v -1.696949 0.160000 -0.403051
v -1.696949 0.160000 0.403051
v -1.691504 3.763779 -0.110000
v -1.691504 3.763779 0.110000
v -1.691018 3.771639 -0.038891
v -1.691018 3.771639 0.038891
v -1.684265 3.100000 -0.277785
v -1.684265 3.100000 -0.277785
v -1.684265 3.100000 0.277785
v -1.684265 3.100000 0.277785
v -1.676903 3.267694 -0.110000
v -1.676903 3.267694 0.110000
v -1.669821 3.390751 -0.190526
v -1.669821 3.390751 0.190526
v -1.666042 3.541828 -0.220000
v -1.666042 3.541828 -0.220000
v -1.666042 3.541828 0.220000
v -1.666042 3.741828 -0.055000
v -1.666042 3.741828 -0.055000
v -1.666042 3.741828 0.055000
v -1.659321 0.000000 -0.294452
v -1.659321 0.000000 -0.294452
v -1.659321 0.000000 0.294452
v -1.659321 0.000000 0.294452
v -1.654974 3.248000 0.000000
v -1.643897 3.698834 -0.190526
v -1.643897 3.698834 0.190526
v -1.641066 3.712017 -0.038891
v -1.641066 3.712017 0.038891
v -1.638060 3.100000 -0.191342
v -1.638060 3.100000 -0.191342
v -1.638060 3.100000 0.191342
v -1.638060 3.100000 0.191342
v -1.630721 3.699668 0.000000
v -1.626062 0.160000 -0.316675
v -1.626062 0.160000 0.316675
v -1.613991 3.332721 -0.110000
v -1.613991 3.332721 0.110000
v -1.611380 3.854475 0.000000
v -1.610344 0.000000 -0.202822
v -1.610344 0.000000 -0.202822
v -1.610344 0.000000 0.202822
v -1.610344 0.000000 0.202822
v -1.609607 3.100000 -0.097545
v -1.609607 3.100000 -0.097545
v -1.609607 3.100000 0.097545
v -1.609607 3.100000 0.097545
v -1.603891 3.859653 0.000000
v -1.601856 3.841483 -0.038891
v -1.601856 3.841483 0.038891
v -1.600000 3.100000 0.000000
v -1.600000 3.100000 0.000000
v -1.600000 3.100000 0.000000
v -1.595400 3.457509 -0.190526
v -1.595400 3.457509 0.190526
v -1.593556 3.311481 0.000000
v -1.587952 3.834860 -0.110000
v -1.587952 3.834860 0.110000
v -1.580184 0.000000 -0.103398
v -1.580184 0.000000 -0.103398
v -1.580184 0.000000 0.103398
v -1.580184 0.000000 0.103398
v -1.578864 3.610117 -0.220000
v -1.578864 3.610117 -0.220000
v -1.578864 3.610117 0.220000
v -1.578864 3.810117 -0.055000
v -1.578864 3.810117 -0.055000
v -1.578864 3.810117 0.055000
v -1.573389 0.160000 -0.218130
v -1.573389 0.160000 0.218130
v -1.570000 0.000000 0.000000
v -1.570000 0.000000 0.000000
v -1.570000 0.000000 0.000000
v -1.555871 3.778751 -0.038891
v -1.555871 3.778751 0.038891
v -1.546347 3.765758 0.000000
v -1.544408 3.767124 -0.190526
v -1.544408 3.767124 0.190526
v -1.543687 3.395783 -0.110000
v -1.543687 3.395783 0.110000
v -1.540952 0.160000 -0.111201
v -1.540952 0.160000 0.111201
v -1.530000 0.160000 0.000000
v -1.530000 0.160000 0.000000
v -1.524759 3.373189 0.000000
v -1.514666 3.920859 0.000000
v -1.513831 3.521400 -0.190526
v -1.513831 3.521400 0.190526
v -1.505955 3.907308 -0.038891
v -1.505955 3.907308 0.038891
v -1.492669 3.926626 0.000000
v -1.484924 3.674594 -0.220000
v -1.484924 3.674594 -0.220000
v -1.484924 3.674594 0.220000
v -1.484924 3.874594 -0.055000
v -1.484924 3.874594 -0.055000
v -1.484924 3.874594 0.055000
v -1.478194 3.900951 -0.110000
v -1.478194 3.900951 0.110000
v -1.466223 3.456454 -0.110000
v -1.466223 3.456454 0.110000
v -1.463894 3.841880 -0.038891
v -1.463894 3.841880 0.038891
v -1.455183 3.828329 0.000000
v -1.448798 3.432683 0.000000
v -1.438647 3.830805 -0.190526
v -1.438647 3.830805 0.190526
v -1.425441 3.582065 -0.190526
v -1.425441 3.582065 0.190526
v -1.411637 3.982894 0.000000
v -1.403726 3.968862 -0.038891
v -1.403726 3.968862 0.038891
v -1.384626 3.734984 -0.220000
v -1.384626 3.734984 -0.220000
v -1.384626 3.734984 0.220000
v -1.384626 3.934984 -0.055000
v -1.384626 3.934984 -0.055000
v -1.384626 3.934984 0.055000
v -1.381896 3.514328 -0.110000
v -1.381896 3.514328 0.110000
v -1.375724 3.988328 0.000000
v -1.365958 3.489535 0.000000
v -1.365527 3.901106 -0.038891
v -1.365527 3.901106 0.038891
v -1.362685 3.961895 -0.110000
v -1.362685 3.961895 0.110000
v -1.357616 3.887073 0.000000
v -1.330605 3.639162 -0.190526
v -1.330605 3.639162 0.190526
v -1.327062 3.889678 -0.190526
v -1.327062 3.889678 0.190526
v -1.302730 4.040352 0.000000
v -1.295604 4.025905 -0.038891
v -1.295604 4.025905 0.038891
v -1.291059 3.569016 -0.110000
v -1.291059 3.569016 0.110000
v -1.278399 3.791027 -0.220000
v -1.278399 3.791027 -0.220000
v -1.278399 3.791027 0.220000
v -1.278399 3.991027 -0.055000
v -1.278399 3.991027 -0.055000
v -1.278399 3.991027 0.055000
v -1.276584 3.543341 0.000000
v -1.261194 3.956149 -0.038891
v -1.261194 3.956149 0.038891
v -1.254068 3.941702 0.000000
v -1.253526 4.044625 0.000000
v -1.241893 4.017543 -0.110000
v -1.241893 4.017543 0.110000
v -1.229736 3.692376 -0.190526
v -1.229736 3.692376 0.190526
v -1.210112 3.943554 -0.190526
v -1.210112 3.943554 0.190526
v -1.194113 3.620159 -0.110000
v -1.194113 3.620159 0.110000
v -1.188405 4.093019 0.000000
v -1.182047 4.078218 -0.038891
v -1.182047 4.078218 0.038891
v -1.181074 3.593726 0.000000
v -1.166697 3.842484 -0.220000
v -1.166697 3.842484 -0.220000
v -1.166697 3.842484 0.220000
v -1.166697 4.042484 -0.055000
v -1.166697 4.042484 -0.055000
v -1.166697 4.042484 0.055000
v -1.151348 4.006750 -0.038891
v -1.151348 4.006750 0.038891
v -1.144990 3.991949 0.000000
v -1.126551 4.095386 0.000000
v -1.123283 3.741414 -0.190526
v -1.123283 3.741414 0.190526
v -1.116295 4.067754 -0.110000
v -1.116295 4.067754 0.110000
v -1.091502 3.667425 -0.110000
v -1.091502 3.667425 0.110000
v -1.088276 3.992260 -0.190526
v -1.088276 3.992260 0.190526
v -1.079869 3.640343 0.000000
v -1.069138 4.140697 0.000000
v -1.063532 4.125595 -0.038891
v -1.063532 4.125595 0.038891
v -1.050000 3.889134 -0.220000
v -1.050000 3.889134 -0.220000
v -1.050000 3.889134 0.220000
v -1.050000 4.089134 -0.055000
v -1.050000 4.089134 -0.055000
v -1.050000 4.089134 0.055000
v -1.036468 4.052674 -0.038891
v -1.036468 4.052674 0.038891
v -1.030862 4.037571 0.000000
v -1.011724 3.786008 -0.190526
v -1.011724 3.786008 0.190526
v -0.995290 4.140492 0.000000
v -0.986383 4.112396 -0.110000
v -0.986383 4.112396 0.110000
v -0.983705 3.710515 -0.110000
v -0.983705 3.710515 0.110000
v -0.973449 3.682882 0.000000
v -0.962048 4.035635 -0.190526
v -0.962048 4.035635 0.190526
v -0.945427 4.183207 0.000000
v -0.940559 4.167851 -0.038891
v -0.940559 4.167851 0.038891
v -0.928806 3.930778 -0.220000
v -0.928806 3.930778 -0.220000
v -0.928806 3.930778 0.220000
v -0.928806 4.130778 -0.055000
v -0.928806 4.130778 -0.055000
v -0.928806 4.130778 0.055000
v -0.917053 4.093706 -0.038891
v -0.917053 4.093706 0.038891
v -0.912185 4.078350 0.000000
v -0.895564 3.825921 -0.190526
v -0.895564 3.825921 0.190526
v -0.871229 3.749161 -0.110000
v -0.871229 3.749161 0.110000
v -0.862322 3.721064 0.000000
v -0.860244 4.179829 0.000000
v -0.852660 4.151348 -0.110000
v -0.852660 4.151348 0.110000
v -0.831940 4.073533 -0.190526
v -0.831940 4.073533 0.190526
v -0.817787 4.220385 0.000000
v -0.813642 4.204819 -0.038891
v -0.813642 4.204819 0.038891
v -0.803635 3.967237 -0.220000
v -0.803635 3.967237 -0.220000
v -0.803635 3.967237 0.220000
v -0.803635 4.167237 -0.055000
v -0.803635 4.167237 -0.055000
v -0.803635 4.167237 0.055000
v -0.793628 4.129656 -0.038891
v -0.793628 4.129656 0.038891
v -0.789483 4.114089 0.000000
v -0.775331 3.860941 -0.190526
v -0.775331 3.860941 0.190526
v -0.754610 3.783127 -0.110000
v -0.754610 3.783127 0.110000
v -0.747026 3.754645 0.000000
v -0.721928 4.213297 0.000000
v -0.715644 4.184501 -0.110000
v -0.715644 4.184501 0.110000
v -0.698475 4.105827 -0.190526
v -0.698475 4.105827 0.190526
v -0.686749 4.252091 0.000000
v -0.683315 4.236352 -0.038891
v -0.683315 4.236352 0.038891
v -0.675023 3.998356 -0.220000
v -0.675023 3.998356 -0.220000
v -0.675023 3.998356 0.220000
v -0.675023 4.198356 -0.055000
v -0.675023 4.198356 -0.055000
v -0.675023 4.198356 0.055000
v -0.666731 4.160359 -0.038891
v -0.666731 4.160359 0.038891
v -0.663297 4.144620 0.000000
v -0.651571 3.890885 -0.190526
v -0.651571 3.890885 0.190526
v -0.634402 3.812211 -0.110000
v -0.634402 3.812211 0.110000
v -0.628118 3.783414 0.000000
v -0.580866 4.240807 0.000000
v -0.575862 4.211760 -0.110000
v -0.575862 4.211760 0.110000
v -0.562193 4.132403 -0.190526
v -0.562193 4.132403 0.190526
v -0.552856 4.278202 0.000000
v -0.550122 4.262326 -0.038891
v -0.550122 4.262326 0.038891
v -0.543520 4.024000 -0.220000
v -0.543520 4.024000 -0.220000
v -0.543520 4.024000 0.220000
v -0.543520 4.224000 -0.055000
v -0.543520 4.224000 -0.055000
v -0.543520 4.224000 0.055000
v -0.536918 4.185673 -0.038891
v -0.536918 4.185673 0.038891
v -0.534184 4.169798 0.000000
v -0.524847 3.915596 -0.190526
v -0.524847 3.915596 0.190526
v -0.511178 3.836239 -0.110000
v -0.511178 3.836239 0.110000
v -0.506174 3.807193 0.000000
v -0.437594 4.262283 0.000000
v -0.433856 4.233047 -0.110000
v -0.433856 4.233047 0.110000
v -0.423642 4.153172 -0.190526
v -0.423642 4.153172 0.190526
v -0.416666 4.298616 0.000000
v -0.414623 4.282637 -0.038891
v -0.414623 4.282637 0.038891
v -0.409690 4.044060 -0.220000
v -0.409690 4.044060 -0.220000
v -0.409690 4.044060 0.220000
v -0.409690 4.244060 -0.055000
v -0.409690 4.244060 -0.055000
v -0.409690 4.244060 0.055000
v -0.404757 4.205483 -0.038891
v -0.404757 4.205483 0.038891
v -0.402714 4.189504 0.000000
v -0.395737 3.934949 -0.190526
v -0.395737 3.934949 0.190526
v -0.385524 3.855073 -0.110000
v -0.385524 3.855073 0.110000
v -0.381785 3.825837 0.000000
v -0.292658 4.277667 0.000000
v -0.290172 4.248297 -0.110000
v -0.290172 4.248297 0.110000
v -0.283382 4.168059 -0.190526
v -0.283382 4.168059 0.190526
v -0.278743 4.313255 0.000000
v -0.277385 4.297203 -0.038891
v -0.277385 4.297203 0.038891
v -0.274105 4.058451 -0.220000
v -0.274105 4.058451 -0.220000
v -0.274105 4.058451 0.220000
v -0.274105 4.258451 -0.055000
v -0.274105 4.258451 -0.055000
v -0.274105 4.258451 0.055000
v -0.270825 4.219698 -0.038891
v -0.270825 4.219698 0.038891
v -0.269467 4.203646 0.000000
v -0.264828 3.948842 -0.190526
v -0.264828 3.948842 0.190526
v -0.258038 3.868604 -0.110000
v -0.258038 3.868604 0.110000
v -0.255552 3.839234 0.000000
v -0.146608 4.286915 0.000000
v -0.145367 4.257466 -0.110000
v -0.145367 4.257466 0.110000
v -0.141977 4.177012 -0.190526
v -0.141977 4.177012 0.190526
v -0.139662 4.322061 0.000000
v -0.138984 4.305966 -0.038891
v -0.138984 4.305966 0.038891
v -0.137347 4.067110 -0.220000
v -0.137347 4.067110 -0.220000
v -0.137347 4.067110 0.220000
v -0.137347 4.267110 -0.055000
v -0.137347 4.267110 -0.055000
v -0.137347 4.267110 0.055000
v -0.135709 4.228253 -0.038891
v -0.135709 4.228253 0.038891
v -0.135031 4.212158 0.000000
v -0.132716 3.957207 -0.190526
v -0.132716 3.957207 0.190526
v -0.129326 3.876753 -0.110000
v -0.129326 3.876753 0.110000
v -0.128085 3.847305 0.000000
v 0.000000 3.850000 0.000000
v 0.000000 3.879474 -0.110000
v 0.000000 3.879474 0.110000
v 0.000000 3.960000 -0.190526
v 0.000000 3.960000 0.190526
v 0.000000 4.070000 -0.220000
v 0.000000 4.070000 -0.220000
v 0.000000 4.070000 0.220000
v 0.000000 4.180000 -0.190526
v 0.000000 4.180000 0.190526
v 0.000000 4.215000 0.000000
v 0.000000 4.231109 -0.038891
v 0.000000 4.231109 0.038891
v 0.000000 4.260526 -0.110000
v 0.000000 4.260526 0.110000
v 0.000000 4.270000 -0.055000
v 0.000000 4.270000 -0.055000
v 0.000000 4.270000 0.055000
v 0.000000 4.290000 0.000000
v 0.000000 4.308891 -0.038891
v 0.000000 4.308891 0.038891
v 0.000000 4.325000 0.000000
v 0.128085 3.847305 0.000000
v 0.129326 3.876753 -0.110000
v 0.129326 3.876753 0.110000
v 0.132716 3.957207 -0.190526
v 0.132716 3.957207 0.190526
v 0.135031 4.212158 0.000000
v 0.135709 4.228253 -0.038891
v 0.135709 4.228253 0.038891
v 0.137347 4.067110 -0.220000
v 0.137347 4.067110 -0.220000
v 0.137347 4.067110 0.220000
v 0.137347 4.267110 -0.055000
v 0.137347 4.267110 -0.055000
v 0.137347 4.267110 0.055000
v 0.138984 4.305966 -0.038891
v 0.138984 4.305966 0.038891
v 0.139662 4.322061 0.000000
v 0.141977 4.177012 -0.190526
v 0.141977 4.177012 0.190526
v 0.145367 4.257466 -0.110000
v 0.145367 4.257466 0.110000
v 0.146608 4.286915 0.000000
v 0.255552 3.839234 0.000000
v 0.258038 3.868604 -0.110000
v 0.258038 3.868604 0.110000
v 0.264828 3.948842 -0.190526
v 0.264828 3.948842 0.190526
v 0.269467 4.203646 0.000000
v 0.270825 4.219698 -0.038891
v 0.270825 4.219698 0.038891
v 0.274105 4.058451 -0.220000
v 0.274105 4.058451 -0.220000
v 0.274105 4.058451 0.220000
v 0.274105 4.258451 -0.055000
v 0.274105 4.258451 -0.055000
v 0.274105 4.258451 0.055000
v 0.277385 4.297203 -0.038891
v 0.277385 4.297203 0.038891
v 0.278743 4.313255 0.000000
v 0.283382 4.168059 -0.190526
v 0.283382 4.168059 0.190526
v 0.290172 4.248297 -0.110000
v 0.290172 4.248297 0.110000
v 0.292658 4.277667 0.000000
v 0.381785 3.825837 0.000000
v 0.385524 3.855073 -0.110000
v 0.385524 3.855073 0.110000
v 0.395737 3.934949 -0.190526
v 0.395737 3.934949 0.190526
v 0.402714 4.189504 0.000000
v 0.404757 4.205483 -0.038891
v 0.404757 4.205483 0.038891
v 0.409690 4.044060 -0.220000
v 0.409690 4.044060 -0.220000
v 0.409690 4.044060 0.220000
v 0.409690 4.244060 -0.055000
v 0.409690 4.244060 -0.055000
v 0.409690 4.244060 0.055000
v 0.414623 4.282637 -0.038891
v 0.414623 4.282637 0.038891
v 0.416666 4.298616 0.000000
v 0.423642 4.153172 -0.190526
v 0.423642 4.153172 0.190526
v 0.433856 4.233047 -0.110000
v 0.433856 4.233047 0.110000
v 0.437594 4.262283 0.000000
v 0.506174 3.807193 0.000000
v 0.511178 3.836239 -0.110000
v 0.511178 3.836239 0.110000
v 0.524847 3.915596 -0.190526
v 0.524847 3.915596 0.190526
v 0.534184 4.169798 0.000000
v 0.536918 4.185673 -0.038891
v 0.536918 4.185673 0.038891
v 0.543520 4.024000 -0.220000
v 0.543520 4.024000 -0.220000
v 0.543520 4.024000 0.220000
v 0.543520 4.224000 -0.055000
v 0.543520 4.224000 -0.055000
v 0.543520 4.224000 0.055000
v 0.550122 4.262326 -0.038891
v 0.550122 4.262326 0.038891
v 0.552856 4.278202 0.000000
v 0.562193 4.132403 -0.190526
v 0.562193 4.132403 0.190526
v 0.575862 4.211760 -0.110000
v 0.575862 4.211760 0.110000
v 0.580866 4.240807 0.000000
v 0.628118 3.783414 0.000000
v 0.634402 3.812211 -0.110000
v 0.634402 3.812211 0.110000
v 0.651571 3.890885 -0.190526
v 0.651571 3.890885 0.190526
v 0.663297 4.144620 0.000000
v 0.666731 4.160359 -0.038891
v 0.666731 4.160359 0.038891
v 0.675023 3.998356 -0.220000
v 0.675023 3.998356 -0.220000
v 0.675023 3.998356 0.220000
v 0.675023 4.198356 -0.055000
v 0.675023 4.198356 -0.055000
v 0.675023 4.198356 0.055000
v 0.683315 4.236352 -0.038891
v 0.683315 4.236352 0.038891
v 0.686749 4.252091 0.000000
v 0.698475 4.105827 -0.190526
v 0.698475 4.105827 0.190526
v 0.715644 4.184501 -0.110000
v 0.715644 4.184501 0.110000
v 0.721928 4.213297 0.000000
v 0.747026 3.754645 0.000000
v 0.754610 3.783127 -0.110000
v 0.754610 3.783127 0.110000
v 0.775331 3.860941 -0.190526
v 0.775331 3.860941 0.190526
v 0.789483 4.114089 0.000000
v 0.793628 4.129656 -0.038891
v 0.793628 4.129656 0.038891
v 0.803635 3.967237 -0.220000
v 0.803635 3.967237 -0.220000
v 0.803635 3.967237 0.220000
v 0.803635 4.167237 -0.055000
v 0.803635 4.167237 -0.055000
v 0.803635 4.167237 0.055000
v 0.813642 4.204819 -0.038891
v 0.813642 4.204819 0.038891
v 0.817787 4.220385 0.000000
v 0.831940 4.073533 -0.190526
v 0.831940 4.073533 0.190526
v 0.852660 4.151348 -0.110000
v 0.852660 4.151348 0.110000
v 0.860244 4.179829 0.000000
v 0.862322 3.721064 0.000000
v 0.871229 3.749161 -0.110000
v 0.871229 3.749161 0.110000
v 0.895564 3.825921 -0.190526
v 0.895564 3.825921 0.190526
v 0.912185 4.078350 0.000000
v 0.917053 4.093706 -0.038891
v 0.917053 4.093706 0.038891
v 0.928806 3.930778 -0.220000
v 0.928806 3.930778 -0.220000
v 0.928806 3.930778 0.220000
v 0.928806 4.130778 -0.055000
v 0.928806 4.130778 -0.055000
v 0.928806 4.130778 0.055000
v 0.940559 4.167851 -0.038891
v 0.940559 4.167851 0.038891
v 0.945427 4.183207 0.000000
v 0.962048 4.035635 -0.190526
v 0.962048 4.035635 0.190526
v 0.973449 3.682882 0.000000
v 0.983705 3.710515 -0.110000
v 0.983705 3.710515 0.110000
v 0.986383 4.112396 -0.110000
v 0.986383 4.112396 0.110000
v 0.995290 4.140492 0.000000
v 1.011724 3.786008 -0.190526
v 1.011724 3.786008 0.190526
v 1.030862 4.037571 0.000000
v 1.036468 4.052674 -0.038891
v 1.036468 4.052674 0.038891
v 1.050000 3.889134 -0.220000
v 1.050000 3.889134 -0.220000
v 1.050000 3.889134 0.220000
v 1.050000 4.089134 -0.055000
v 1.050000 4.089134 -0.055000
v 1.050000 4.089134 0.055000
v 1.063532 4.125595 -0.038891
v 1.063532 4.125595 0.038891
v 1.069138 4.140697 0.000000
v 1.079869 3.640343 0.000000
v 1.088276 3.992260 -0.190526
v 1.088276 3.992260 0.190526
v 1.091502 3.667425 -0.110000
v 1.091502 3.667425 0.110000
v 1.116295 4.067754 -0.110000
v 1.116295 4.067754 0.110000
v 1.123283 3.741414 -0.190526
v 1.123283 3.741414 0.190526
v 1.126551 4.095386 0.000000
v 1.144990 3.991949 0.000000
v 1.151348 4.006750 -0.038891
v 1.151348 4.006750 0.038891
v 1.166697 3.842484 -0.220000
v 1.166697 3.842484 -0.220000
v 1.166697 3.842484 0.220000
v 1.166697 4.042484 -0.055000
v 1.166697 4.042484 -0.055000
v 1.166697 4.042484 0.055000
v 1.181074 3.593726 0.000000
v 1.182047 4.078218 -0.038891
v 1.182047 4.078218 0.038891
v 1.188405 4.093019 0.000000
v 1.194113 3.620159 -0.110000
v 1.194113 3.620159 0.110000
v 1.210112 3.943554 -0.190526
v 1.210112 3.943554 0.190526
v 1.229736 3.692376 -0.190526
v 1.229736 3.692376 0.190526
v 1.241893 4.017543 -0.110000
v 1.241893 4.017543 0.110000
v 1.253526 4.044625 0.000000
v 1.254068 3.941702 0.000000
v 1.261194 3.956149 -0.038891
v 1.261194 3.956149 0.038891
v 1.276584 3.543341 0.000000
v 1.278399 3.791027 -0.220000
v 1.278399 3.791027 -0.220000
v 1.278399 3.791027 0.220000
v 1.278399 3.991027 -0.055000
v 1.278399 3.991027 -0.055000
v 1.278399 3.991027 0.055000
v 1.291059 3.569016 -0.110000
v 1.291059 3.569016 0.110000
v 1.295604 4.025905 -0.038891
v 1.295604 4.025905 0.038891
v 1.302730 4.040352 0.000000
v 1.327062 3.889678 -0.190526
v 1.327062 3.889678 0.190526
v 1.330605 3.639162 -0.190526
v 1.330605 3.639162 0.190526
v 1.357616 3.887073 0.000000
v 1.362685 3.961895 -0.110000
v 1.362685 3.961895 0.110000
v 1.365527 3.901106 -0.038891
v 1.365527 3.901106 0.038891
v 1.365958 3.489535 0.000000
v 1.375724 3.988328 0.000000
v 1.381896 3.514328 -0.110000
v 1.381896 3.514328 0.110000
v 1.384626 3.734984 -0.220000
v 1.384626 3.734984 -0.220000
v 1.384626 3.734984 0.220000
v 1.384626 3.934984 -0.055000
v 1.384626 3.934984 -0.055000
v 1.384626 3.934984 0.055000
v 1.403726 3.968862 -0.038891
v 1.403726 3.968862 0.038891
v 1.411637 3.982894 0.000000
v 1.425441 3.582065 -0.190526
v 1.425441 3.582065 0.190526
v 1.438647 3.830805 -0.190526
v 1.438647 3.830805 0.190526
v 1.448798 3.432683 0.000000
v 1.455183 3.828329 0.000000
v 1.463894 3.841880 -0.038891
v 1.463894 3.841880 0.038891
v 1.466223 3.456454 -0.110000
v 1.466223 3.456454 0.110000
v 1.478194 3.900951 -0.110000
v 1.478194 3.900951 0.110000
v 1.484924 3.674594 -0.220000
v 1.484924 3.674594 -0.220000
v 1.484924 3.674594 0.220000
v 1.484924 3.874594 -0.055000
v 1.484924 3.874594 -0.055000
v 1.484924 3.874594 0.055000
v 1.492669 3.926626 0.000000
v 1.505955 3.907308 -0.038891
v 1.505955 3.907308 0.038891
v 1.513831 3.521400 -0.190526
v 1.513831 3.521400 0.190526
v 1.514666 3.920859 0.000000
v 1.524759 3.373189 0.000000
v 1.530000 0.160000 0.000000
v 1.540952 0.160000 -0.111201
v 1.540952 0.160000 0.111201
v 1.543687 3.395783 -0.110000
v 1.543687 3.395783 0.110000
v 1.544408 3.767124 -0.190526
v 1.544408 3.767124 0.190526
v 1.546347 3.765758 0.000000
v 1.555871 3.778751 -0.038891
v 1.555871 3.778751 0.038891
v 1.570000 0.000000 0.000000
v 1.570000 0.000000 0.000000
v 1.573389 0.160000 -0.218130
v 1.573389 0.160000 0.218130
v 1.578864 3.610117 -0.220000
v 1.578864 3.610117 -0.220000
v 1.578864 3.610117 0.220000
v 1.578864 3.810117 -0.055000
v 1.578864 3.810117 -0.055000
v 1.578864 3.810117 0.055000
v 1.580184 0.000000 -0.103398
v 1.580184 0.000000 -0.103398
v 1.580184 0.000000 0.103398
v 1.580184 0.000000 0.103398
v 1.587952 3.834860 -0.110000
v 1.587952 3.834860 0.110000
v 1.593556 3.311481 0.000000
v 1.595400 3.457509 -0.190526
v 1.595400 3.457509 0.190526
v 1.600000 3.100000 0.000000
v 1.600000 3.100000 0.000000
v 1.601856 3.841483 -0.038891
v 1.601856 3.841483 0.038891
v 1.603891 3.859653 0.000000
v 1.609607 3.100000 -0.097545
v 1.609607 3.100000 -0.097545
v 1.609607 3.100000 0.097545
v 1.609607 3.100000 0.097545
v 1.610344 0.000000 -0.202822
v 1.610344 0.000000 -0.202822
v 1.610344 0.000000 0.202822
v 1.610344 0.000000 0.202822
v 1.611380 3.854475 0.000000
v 1.613991 3.332721 -0.110000
v 1.613991 3.332721 0.110000
v 1.626062 0.160000 -0.316675
v 1.626062 0.160000 0.316675
v 1.630721 3.699668 0.000000
v 1.638060 3.100000 -0.191342
v 1.638060 3.100000 -0.191342
v 1.638060 3.100000 0.191342
v 1.638060 3.100000 0.191342
v 1.641066 3.712017 -0.038891
v 1.641066 3.712017 0.038891
v 1.643897 3.698834 -0.190526
v 1.643897 3.698834 0.190526
v 1.654974 3.248000 0.000000
v 1.659321 0.000000 -0.294452
v 1.659321 0.000000 -0.294452
v 1.659321 0.000000 0.294452
v 1.659321 0.000000 0.294452
v 1.666042 3.541828 -0.220000
v 1.666042 3.541828 -0.220000
v 1.666042 3.541828 0.220000
v 1.666042 3.741828 -0.055000
v 1.666042 3.741828 -0.055000
v 1.666042 3.741828 0.055000
v 1.669821 3.390751 -0.190526
v 1.669821 3.390751 0.190526
v 1.676903 3.267694 -0.110000
v 1.676903 3.267694 0.110000
v 1.684265 3.100000 -0.277785
v 1.684265 3.100000 -0.277785
v 1.684265 3.100000 0.277785
v 1.684265 3.100000 0.277785
v 1.691018 3.771639 -0.038891
v 1.691018 3.771639 0.038891
v 1.691504 3.763779 -0.110000
v 1.691504 3.763779 0.110000
v 1.696949 0.160000 -0.403051
v 1.696949 0.160000 0.403051
v 1.701363 3.783988 0.000000
v 1.707954 3.630385 0.000000
v 1.708877 3.183185 0.000000
v 1.708930 3.787551 0.000000
v 1.719122 3.641994 -0.038891
v 1.719122 3.641994 0.038891
v 1.720000 0.450000 0.000000
v 1.725233 0.000000 -0.374767
v 1.725233 0.000000 -0.374767
v 1.725233 0.000000 0.374767
v 1.725233 0.000000 0.374767
v 1.727302 0.450000 -0.074134
v 1.727302 0.450000 0.074134
v 1.732263 3.201125 -0.110000
v 1.732263 3.201125 0.110000
v 1.736684 3.626147 -0.190526
v 1.736684 3.626147 0.190526
v 1.736814 3.321500 -0.190526
v 1.736814 3.321500 0.190526
v 1.746086 3.470020 -0.220000
v 1.746086 3.470020 -0.220000
v 1.746086 3.470020 0.220000
v 1.746086 3.670020 -0.055000
v 1.746086 3.670020 -0.055000
v 1.746086 3.670020 0.055000
v 1.746447 3.100000 -0.353553
v 1.746447 3.100000 -0.353553
v 1.746447 3.100000 0.353553
v 1.746447 3.100000 0.353553
v 1.748926 0.450000 -0.145420
v 1.748926 0.450000 0.145420
v 1.755212 3.117463 0.000000
v 1.773050 3.698046 -0.038891
v 1.773050 3.698046 0.038891
v 1.777734 3.558250 0.000000
v 1.779989 3.133427 -0.110000
v 1.779989 3.133427 0.110000
v 1.783325 0.160000 -0.473938
v 1.783325 0.160000 0.473938
v 1.784042 0.450000 -0.211117
v 1.784042 0.450000 0.211117
v 1.784219 3.709654 0.000000
v 1.788397 3.687873 -0.110000
v 1.788397 3.687873 0.110000
v 1.789719 3.569014 -0.038891
v 1.789719 3.569014 0.038891
v 1.794010 3.051216 0.000000
v 1.796155 3.250138 -0.190526
v 1.796155 3.250138 0.190526
v 1.805548 0.000000 -0.440679
v 1.805548 0.000000 -0.440679
v 1.805548 0.000000 0.440679
v 1.805548 0.000000 0.440679
v 1.807325 3.710467 0.000000
v 1.810000 2.900000 0.000000
v 1.815572 2.900000 -0.056576
v 1.815572 2.900000 0.056576
v 1.818653 3.395000 -0.220000
v 1.818653 3.395000 -0.220000
v 1.818653 3.395000 0.220000
v 1.818653 3.595000 -0.055000
v 1.818653 3.595000 -0.055000
v 1.818653 3.595000 0.055000
v 1.820074 3.064979 -0.110000
v 1.820074 3.064979 0.110000
v 1.822215 3.100000 -0.415735
v 1.822215 3.100000 -0.415735
v 1.822215 3.100000 0.415735
v 1.822215 3.100000 0.415735
v 1.822351 3.549289 -0.190526
v 1.822351 3.549289 0.190526
v 1.825378 2.984766 0.000000
v 1.831299 0.450000 -0.268701
v 1.831299 0.450000 0.268701
v 1.832075 2.900000 -0.110978
v 1.832075 2.900000 0.110978
v 1.839794 3.483614 0.000000
v 1.847588 3.620986 -0.038891
v 1.847588 3.620986 0.038891
v 1.847679 3.177043 -0.190526
v 1.847679 3.177043 0.190526
v 1.849480 2.918342 0.000000
v 1.852575 3.493419 -0.038891
v 1.852575 3.493419 0.038891
v 1.852583 2.996105 -0.110000
v 1.852583 2.996105 0.110000
v 1.858874 2.900000 -0.161115
v 1.858874 2.900000 0.161115
v 1.859573 3.631750 0.000000
v 1.866507 2.852072 0.000000
v 1.876638 2.785979 0.000000
v 1.877637 2.927054 -0.110000
v 1.877637 2.927054 0.110000
v 1.878181 3.607318 -0.110000
v 1.878181 3.607318 0.110000
v 1.880285 2.708811 0.000000
v 1.880285 2.708811 0.000000
v 1.880285 2.708811 0.000000
v 1.881870 0.160000 -0.526611
v 1.881870 0.160000 0.526611
v 1.883433 3.317090 -0.220000
v 1.883433 3.317090 -0.220000
v 1.883433 3.317090 0.220000
v 1.883433 3.517090 -0.055000
v 1.883433 3.517090 -0.055000
v 1.883433 3.517090 0.055000
v 1.888883 0.450000 -0.315958
v 1.888883 0.450000 0.315958
v 1.891281 3.102580 -0.190526
v 1.891281 3.102580 0.190526
v 1.893913 3.406833 0.000000
v 1.894939 2.900000 -0.205061
v 1.894939 2.900000 0.205061
v 1.895383 2.857985 -0.110000
v 1.895383 2.857985 0.110000
v 1.897178 0.000000 -0.489656
v 1.897178 0.000000 -0.489656
v 1.897178 0.000000 0.489656
v 1.897178 0.000000 0.489656
v 1.898617 3.628558 0.000000
v 1.900493 3.468500 -0.190526
v 1.900493 3.468500 0.190526
v 1.905961 2.788969 -0.110000
v 1.905961 2.788969 0.110000
v 1.907455 3.415558 -0.038891
v 1.907455 3.415558 0.038891
v 1.908658 3.100000 -0.461940
v 1.908658 3.100000 -0.461940
v 1.908658 3.100000 0.461940
v 1.908658 3.100000 0.461940
v 1.909721 2.710310 -0.110000
v 1.909721 2.710310 -0.110000
v 1.909721 2.710310 -0.110000
v 1.909721 2.710310 0.110000
v 1.909721 2.710310 0.110000
v 1.909721 2.710310 0.110000
v 1.914290 3.540761 -0.038891
v 1.914290 3.540761 0.038891
v 1.926911 3.027086 -0.190526
v 1.926911 3.027086 0.190526
v 1.927072 3.550566 0.000000
v 1.938885 2.900000 -0.241126
v 1.938885 2.900000 0.241126
v 1.939917 3.328262 0.000000
v 1.940147 3.236623 -0.220000
v 1.940147 3.236623 -0.220000
v 1.940147 3.236623 0.220000
v 1.940147 3.436623 -0.055000
v 1.940147 3.436623 -0.055000
v 1.940147 3.436623 0.055000
v 1.954162 3.335784 -0.038891
v 1.954162 3.335784 0.038891
v 1.954565 2.950857 -0.190526
v 1.954565 2.950857 0.190526
v 1.954580 0.450000 -0.351074
v 1.954580 0.450000 0.351074
v 1.960404 3.522306 -0.110000
v 1.960404 3.522306 0.110000
v 1.970711 3.384042 -0.190526
v 1.970711 3.384042 0.190526
v 1.972839 3.457687 -0.038891
v 1.972839 3.457687 0.038891
v 1.974271 2.874141 -0.190526
v 1.974271 2.874141 0.190526
v 1.977678 3.248246 0.000000
v 1.982333 3.542000 0.000000
v 1.986071 2.797137 -0.190526
v 1.986071 2.797137 0.190526
v 1.986381 3.466413 0.000000
v 1.988553 3.153943 -0.220000
v 1.988553 3.153943 -0.220000
v 1.988553 3.153943 0.220000
v 1.988553 3.353943 -0.055000
v 1.988553 3.353943 -0.055000
v 1.988553 3.353943 0.055000
v 1.988799 0.160000 -0.559048
v 1.988799 0.160000 0.559048
v 1.989022 2.900000 -0.267925
v 1.989022 2.900000 0.267925
v 1.990142 2.714406 -0.190526
v 1.990142 2.714406 -0.190526
v 1.990142 2.714406 -0.190526
v 1.990142 2.714406 0.190526
v 1.990142 2.714406 0.190526
v 1.990142 2.714406 0.190526
v 1.992547 3.254443 -0.038891
v 1.992547 3.254443 0.038891
v 1.996602 0.000000 -0.519816
v 1.996602 0.000000 -0.519816
v 1.996602 0.000000 0.519816
v 1.996602 0.000000 0.519816
v 2.002455 3.100000 -0.490393
v 2.002455 3.100000 -0.490393
v 2.002455 3.100000 0.490393
v 2.002455 3.100000 0.490393
v 2.007107 3.167114 0.000000
v 2.022496 3.171876 -0.038891
v 2.022496 3.171876 0.038891
v 2.022944 3.372103 -0.038891
v 2.022944 3.372103 0.038891
v 2.025866 0.450000 -0.372698
v 2.025866 0.450000 0.372698
v 2.028153 3.085176 0.000000
v 2.028444 3.069406 -0.220000
v 2.028444 3.069406 -0.220000
v 2.028444 3.069406 0.220000
v 2.028444 3.269406 -0.055000
v 2.028444 3.269406 -0.055000
v 2.028444 3.269406 0.055000
v 2.032615 3.296202 -0.190526
v 2.032615 3.296202 0.190526
v 2.034602 3.433054 -0.110000
v 2.034602 3.433054 0.110000
v 2.037189 3.379625 0.000000
v 2.040787 3.002716 0.000000
v 2.043424 2.900000 -0.284428
v 2.043424 2.900000 0.284428
v 2.043934 3.088408 -0.038891
v 2.043934 3.088408 0.038891
v 2.045071 2.917203 0.000000
v 2.045071 2.917203 0.000000
v 2.045071 2.917203 0.000000
v 2.056813 3.004349 -0.038891
v 2.056813 3.004349 0.038891
v 2.057988 3.450994 0.000000
v 2.059649 2.983372 -0.220000
v 2.059649 2.983372 0.220000
v 2.059649 3.183372 -0.055000
v 2.059649 3.183372 0.055000
v 2.061159 2.918022 -0.038891
v 2.061159 2.918022 -0.038891
v 2.061159 2.918022 -0.038891
v 2.061159 2.918022 0.038891
v 2.061159 2.918022 0.038891
v 2.061159 2.918022 0.038891
v 2.064342 3.284368 -0.038891
v 2.064342 3.284368 0.038891
v 2.079211 3.290566 0.000000
v 2.082034 2.896210 -0.220000
v 2.082034 2.896210 0.220000
v 2.082034 3.096210 -0.055000
v 2.082034 3.096210 0.055000
v 2.085825 3.205307 -0.190526
v 2.085825 3.205307 0.190526
v 2.095504 2.808294 -0.220000
v 2.095504 2.808294 0.220000
v 2.095504 3.008294 -0.055000
v 2.095504 3.008294 0.055000
v 2.096802 3.194868 -0.038891
v 2.096802 3.194868 0.038891
v 2.100000 0.000000 -0.530000
v 2.100000 0.000000 -0.530000
v 2.100000 0.000000 0.000000
v 2.100000 0.000000 0.530000
v 2.100000 0.000000 0.530000
v 2.100000 0.160000 -0.570000
v 2.100000 0.160000 0.570000
v 2.100000 0.450000 -0.380000
v 2.100000 0.450000 0.380000
v 2.100000 2.720000 -0.220000
v 2.100000 2.720000 -0.220000
v 2.100000 2.720000 -0.220000
v 2.100000 2.720000 0.000000
v 2.100000 2.720000 0.220000
v 2.100000 2.720000 0.220000
v 2.100000 2.720000 0.220000
v 2.100000 2.900000 -0.290000
v 2.100000 2.900000 0.290000
v 2.100000 2.920000 -0.055000
v 2.100000 2.920000 -0.055000
v 2.100000 2.920000 -0.055000
v 2.100000 2.920000 0.000000
v 2.100000 2.920000 0.055000
v 2.100000 2.920000 0.055000
v 2.100000 2.920000 0.055000
v 2.100000 3.100000 -0.500000
v 2.100000 3.100000 -0.500000
v 2.100000 3.100000 0.000000
v 2.100000 3.100000 0.500000
v 2.100000 3.100000 0.500000
v 2.100305 3.339818 -0.110000
v 2.100305 3.339818 0.110000
v 2.112191 3.199630 0.000000
v 2.112191 3.199630 0.000000
v 2.120134 3.104013 -0.038891
v 2.120134 3.104013 0.038891
v 2.125082 3.355782 0.000000
v 2.129978 3.111726 -0.190526
v 2.129978 3.111726 0.190526
v 2.134194 3.012239 -0.038891
v 2.134194 3.012239 0.038891
v 2.135916 3.107245 0.000000
v 2.135916 3.107245 0.000000
v 2.138841 2.921978 -0.038891
v 2.138841 2.921978 -0.038891
v 2.138841 2.921978 -0.038891
v 2.138841 2.921978 0.038891
v 2.138841 2.921978 0.038891
v 2.138841 2.921978 0.038891
v 2.150220 3.013873 0.000000
v 2.150220 3.013873 0.000000
v 2.154929 2.922797 0.000000
v 2.154929 2.922797 0.000000
v 2.154929 2.922797 0.000000
v 2.154929 2.922797 0.000000
v 2.156576 2.900000 -0.284428
v 2.156576 2.900000 0.284428
v 2.157033 3.242907 -0.110000
v 2.157033 3.242907 0.110000
v 2.164734 3.015887 -0.190526
v 2.164734 3.015887 0.190526
v 2.174134 0.450000 -0.372698
v 2.174134 0.450000 0.372698
v 2.183097 3.256670 0.000000
v 2.189798 2.918280 -0.190526
v 2.189798 2.918280 0.190526
v 2.197545 3.100000 -0.490393
v 2.197545 3.100000 -0.490393
v 2.197545 3.100000 0.490393
v 2.197545 3.100000 0.490393
v 2.203398 0.000000 -0.519816
v 2.203398 0.000000 -0.519816
v 2.203398 0.000000 0.519816
v 2.203398 0.000000 0.519816
v 2.204305 3.142706 -0.110000
v 2.204305 3.142706 0.110000
v 2.204936 2.819452 -0.190526
v 2.204936 2.819452 0.190526
v 2.209858 2.725594 -0.190526
v 2.209858 2.725594 -0.190526
v 2.209858 2.725594 -0.190526
v 2.209858 2.725594 0.190526
v 2.209858 2.725594 0.190526
v 2.209858 2.725594 0.190526
v 2.210978 2.900000 -0.267925
v 2.210978 2.900000 0.267925
v 2.211201 0.160000 -0.559048
v 2.211201 0.160000 0.559048
v 2.231511 3.154046 0.000000
v 2.241661 3.039690 -0.110000
v 2.241661 3.039690 0.110000
v 2.245420 0.450000 -0.351074
v 2.245420 0.450000 0.351074
v 2.261115 2.900000 -0.241126
v 2.261115 2.900000 0.241126
v 2.268686 2.934435 -0.110000
v 2.268686 2.934435 0.110000
v 2.269818 3.048402 0.000000
v 2.269818 3.048402 0.000000
v 2.285047 2.827619 -0.110000
v 2.285047 2.827619 0.110000
v 2.290279 2.729690 -0.110000
v 2.290279 2.729690 -0.110000
v 2.290279 2.729690 -0.110000
v 2.290279 2.729690 0.110000
v 2.290279 2.729690 0.110000
v 2.290279 2.729690 0.110000
v 2.291342 3.100000 -0.461940
v 2.291342 3.100000 -0.461940
v 2.291342 3.100000 0.461940
v 2.291342 3.100000 0.461940
v 2.297561 2.940349 0.000000
v 2.297561 2.940349 0.000000
v 2.302822 0.000000 -0.489656
v 2.302822 0.000000 -0.489656
v 2.302822 0.000000 0.489656
v 2.302822 0.000000 0.489656
v 2.305061 2.900000 -0.205061
v 2.305061 2.900000 0.205061
v 2.311117 0.450000 -0.315958
v 2.311117 0.450000 0.315958
v 2.314369 2.830609 0.000000
v 2.314369 2.830609 0.000000
v 2.318130 0.160000 -0.526611
v 2.318130 0.160000 0.526611
v 2.319715 2.731189 0.000000
v 2.319715 2.731189 0.000000
v 2.319715 2.731189 0.000000
v 2.319715 2.731189 0.000000
v 2.341126 2.900000 -0.161115
v 2.341126 2.900000 0.161115
v 2.367925 2.900000 -0.110978
v 2.367925 2.900000 0.110978
v 2.368701 0.450000 -0.268701
v 2.368701 0.450000 0.268701
v 2.377785 3.100000 -0.415735
v 2.377785 3.100000 -0.415735
v 2.377785 3.100000 0.415735
v 2.377785 3.100000 0.415735
v 2.384428 2.900000 -0.056576
v 2.384428 2.900000 0.056576
v 2.390000 2.900000 0.000000
v 2.390000 2.900000 0.000000
v 2.394452 0.000000 -0.440679
v 2.394452 0.000000 -0.440679
v 2.394452 0.000000 0.440679
v 2.394452 0.000000 0.440679
v 2.415958 0.450000 -0.211117
v 2.415958 0.450000 0.211117
v 2.416675 0.160000 -0.473938
v 2.416675 0.160000 0.473938
v 2.451074 0.450000 -0.145420
v 2.451074 0.450000 0.145420
v 2.453553 3.100000 -0.353553
v 2.453553 3.100000 -0.353553
v 2.453553 3.100000 0.353553
v 2.453553 3.100000 0.353553
v 2.472698 0.450000 -0.074134
v 2.472698 0.450000 0.074134
v 2.474767 0.000000 -0.374767
v 2.474767 0.000000 -0.374767
v 2.474767 0.000000 0.374767
v 2.474767 0.000000 0.374767
v 2.480000 0.450000 0.000000
v 2.480000 0.450000 0.000000
v 2.503051 0.160000 -0.403051
v 2.503051 0.160000 0.403051
v 2.515735 3.100000 -0.277785
v 2.515735 3.100000 -0.277785
v 2.515735 3.100000 0.277785
v 2.515735 3.100000 0.277785
v 2.540679 0.000000 -0.294452
v 2.540679 0.000000 -0.294452
v 2.540679 0.000000 0.294452
v 2.540679 0.000000 0.294452
v 2.561940 3.100000 -0.191342
v 2.561940 3.100000 -0.191342
v 2.561940 3.100000 0.191342
v 2.561940 3.100000 0.191342
v 2.573938 0.160000 -0.316675
v 2.573938 0.160000 0.316675
v 2.589656 0.000000 -0.202822
v 2.589656 0.000000 -0.202822
v 2.589656 0.000000 0.202822
v 2.589656 0.000000 0.202822
v 2.590393 3.100000 -0.097545
v 2.590393 3.100000 -0.097545
v 2.590393 3.100000 0.097545
v 2.590393 3.100000 0.097545
v 2.600000 3.100000 0.000000
v 2.600000 3.100000 0.000000
v 2.600000 3.100000 0.000000
v 2.619816 0.000000 -0.103398
v 2.619816 0.000000 -0.103398
v 2.619816 0.000000 0.103398
v 2.619816 0.000000 0.103398
v 2.626611 0.160000 -0.218130
v 2.626611 0.160000 0.218130
v 2.630000 0.000000 0.000000
v 2.630000 0.000000 0.000000
v 2.630000 0.000000 0.000000
v 2.659048 0.160000 -0.111201
v 2.659048 0.160000 0.111201
v 2.670000 0.160000 0.000000
v 2.670000 0.160000 0.000000
vt 0.500000 0.100000
vt 0.531250 0.100000
vt 0.468750 0.100000
vt 0.500000 0.000000
vt 0.035088 0.500000
vt 0.562500 0.100000
vt 0.437500 0.100000
vt 0.531250 0.000000
vt 0.044021 0.409300
vt 0.468750 0.000000
vt 0.044021 0.590700
vt 0.500000 1.937500
vt 0.061404 0.500000
vt 0.531250 1.937500
vt 0.069831 0.414434
vt 0.468750 1.937500
vt 0.069831 0.585566
vt 0.562500 0.000000
vt 0.070477 0.322086
vt 0.437500 0.000000
vt 0.070477 0.677914
vt 0.593750 0.100000
vt 0.406250 0.100000
vt 0.562500 1.937500
vt 0.094790 0.332156
vt 0.437500 1.937500
vt 0.094790 0.667844
vt 0.593750 0.000000
vt 0.113440 0.241709
vt 0.406250 0.000000
vt 0.113440 0.758291
vt 0.593750 1.937500
vt 0.135320 0.256329
vt 0.406250 1.937500
vt 0.135320 0.743671
vt 0.625000 0.100000
vt 0.375000 0.100000
vt 0.500000 0.281250
vt 0.625000 0.000000
vt 0.171257 0.171257
vt 0.375000 0.000000
vt 0.171257 0.828743
vt 0.531250 0.281250
vt 0.468750 0.281250
vt 0.625000 1.937500
vt 0.189865 0.189865
vt 0.375000 1.937500
vt 0.189865 0.810135
vt 0.562500 0.281250
vt 0.437500 0.281250
vt 0.656250 0.100000
vt 0.343750 0.100000
vt 0.593750 0.281250
vt 0.406250 0.281250
vt 0.656250 0.000000
vt 0.241709 0.113440
vt 0.343750 0.000000
vt 0.241709 0.886560
vt 0.500000 1.812500
vt 0.531250 1.812500
vt 0.468750 1.812500
vt 0.656250 1.937500
vt 0.256329 0.135320
vt 0.343750 1.937500
vt 0.256329 0.864680
vt 0.625000 0.281250
vt 0.375000 0.281250
vt 0.562500 1.812500
vt 0.437500 1.812500
vt 0.593750 1.812500
vt 0.406250 1.812500
vt 0.000000 9.600000
vt 1.000000 9.600000
vt 0.000000 0.000000
vt 1.000000 0.000000
vt 0.687500 0.100000
vt 0.312500 0.100000
vt 0.000000 9.400000
vt 1.000000 9.400000
vt 0.656250 0.281250
vt 0.343750 0.281250
vt 0.625000 1.812500
vt 0.375000 1.812500
vt 0.687500 0.000000
vt 0.322086 0.070477
vt 0.312500 0.000000
vt 0.322086 0.929523
vt 0.000000 9.200000
vt 1.000000 9.200000
vt 0.687500 1.937500
vt 0.332156 0.094790
vt 0.312500 1.937500
vt 0.332156 0.905210
vt 0.083333 9.600000
vt 0.000000 0.000000
vt 1.000000 0.000000
vt 0.916667 9.600000
vt 0.000000 0.000000
vt 1.000000 0.000000
vt 0.083333 9.400000
vt 0.916667 9.400000
vt 0.000000 9.000000
vt 1.000000 9.000000
vt 0.083333 9.200000
vt 0.916667 9.200000
vt 0.656250 1.812500
vt 0.343750 1.812500
vt 0.687500 0.281250
vt 0.312500 0.281250
vt 0.083333 9.000000
vt 0.916667 9.000000
vt 0.750000 8.800000
vt 0.718750 0.100000
vt 0.281250 0.100000
vt 0.687500 1.812500
vt 0.312500 1.812500
vt 0.166667 9.600000
vt 0.000000 0.000000
vt 1.000000 0.000000
vt 0.833333 9.600000
vt 0.000000 0.000000
vt 1.000000 0.000000
vt 0.166667 9.400000
vt 0.833333 9.400000
vt 0.833333 8.800000
vt 0.666667 8.800000
vt 0.718750 0.000000
vt 0.409300 0.044021
vt 0.281250 0.000000
vt 0.409300 0.955979
vt 0.718750 1.937500
vt 0.414434 0.069831
vt 0.281250 1.937500
vt 0.414434 0.930169
vt 0.166667 9.200000
vt 0.833333 9.200000
vt 0.750000 8.600000
vt 0.718750 0.281250
vt 0.281250 0.281250
vt 0.166667 9.000000
vt 0.833333 9.000000
vt 0.833333 8.600000
vt 0.666667 8.600000
vt 0.718750 1.812500
vt 0.281250 1.812500
vt 0.000000 9.600000
vt 1.000000 9.600000
vt 0.000000 0.000000
vt 1.000000 0.000000
vt 0.000000 9.400000
vt 1.000000 9.400000
vt 0.125000 9.600000
vt 0.000000 0.000000
vt 1.000000 0.000000
vt 0.875000 9.600000
vt 0.000000 0.000000
vt 1.000000 0.000000
vt 0.000000 9.200000
vt 1.000000 9.200000
vt 0.125000 9.400000
vt 0.875000 9.400000
vt 0.916667 8.800000
vt 0.583333 8.800000
vt 0.750000 8.400000
vt 0.125000 9.200000
vt 0.875000 9.200000
vt 0.000000 9.000000
vt 1.000000 9.000000
vt 0.833333 8.400000
vt 0.666667 8.400000
vt 0.500000 0.035088
vt 0.750000 0.000000
vt 0.500000 0.500000
vt 0.500000 0.964912
vt 0.250000 0.000000
vt 0.750000 0.100000
vt 0.250000 0.100000
vt 0.750000 0.281250
vt 0.250000 0.281250
vt 0.000000 0.000000
vt 1.000000 0.000000
vt 0.250000 9.600000
vt 0.500000 0.500000
vt 0.000000 0.000000
vt 1.000000 0.000000
vt 0.750000 9.600000
vt 0.750000 1.812500
vt 0.250000 1.812500
vt 0.000000 0.000000
vt 1.000000 0.000000
vt 0.250000 9.600000
vt 0.500000 0.500000
vt 0.000000 0.000000
vt 1.000000 0.000000
vt 0.750000 9.600000
vt 0.750000 1.937500
vt 0.500000 0.061404
vt 0.500000 0.500000
vt 0.250000 1.937500
vt 0.500000 0.938596
vt 0.125000 9.000000
vt 0.875000 9.000000
vt 0.250000 9.400000
vt 0.750000 9.400000
vt 0.250000 9.400000
vt 0.750000 9.400000
vt 0.916667 8.600000
vt 0.583333 8.600000
vt 0.250000 9.200000
vt 0.750000 9.200000
vt 0.250000 9.200000
vt 0.750000 9.200000
vt 0.750000 8.800000
vt 0.875000 8.800000
vt 0.625000 8.800000
vt 0.000000 0.000000
vt 1.000000 0.000000
vt 0.375000 9.600000
vt 0.000000 0.000000
vt 1.000000 0.000000
vt 0.625000 9.600000
vt 0.250000 9.000000
vt 0.750000 9.000000
vt 0.250000 9.000000
vt 0.750000 9.000000
vt 0.750000 8.200000
vt 0.375000 9.400000
vt 0.625000 9.400000
vt 0.000000 0.000000
vt 1.000000 0.000000
vt 0.500000 9.600000
vt 0.375000 9.200000
vt 0.625000 9.200000
vt 0.781250 1.812500
vt 0.218750 1.812500
vt 0.500000 9.400000
vt 0.750000 8.600000
vt 0.833333 8.200000
vt 0.666667 8.200000
vt 0.916667 8.400000
vt 0.583333 8.400000
vt 0.000000 8.800000
vt 1.000000 8.800000
vt 0.500000 8.800000
vt 0.000000 8.800000
vt 1.000000 8.800000
vt 0.500000 8.800000
vt 0.500000 9.200000
vt 0.781250 0.281250
vt 0.218750 0.281250
vt 0.875000 8.600000
vt 0.625000 8.600000
vt 0.375000 9.000000
vt 0.625000 9.000000
vt 0.500000 9.000000
vt 0.585566 0.069831
vt 0.781250 1.937500
vt 0.585566 0.930169
vt 0.218750 1.937500
vt 0.590700 0.044021
vt 0.781250 0.000000
vt 0.590700 0.955979
vt 0.218750 0.000000
vt 0.125000 8.800000
vt 0.375000 8.800000
vt 0.000000 0.000000
vt 1.000000 0.000000
vt 0.333333 9.600000
vt 0.000000 0.000000
vt 1.000000 0.000000
vt 0.666667 9.600000
vt 0.812500 1.812500
vt 0.187500 1.812500
vt 0.781250 0.100000
vt 0.218750 0.100000
vt 0.000000 8.600000
vt 1.000000 8.600000
vt 0.500000 8.600000
vt 0.000000 8.600000
vt 1.000000 8.600000
vt 0.500000 8.600000
vt 0.750000 8.400000
vt 0.333333 9.400000
vt 0.666667 9.400000
vt 0.750000 8.000000
vt 0.250000 8.800000
vt 0.333333 9.200000
vt 0.666667 9.200000
vt 0.875000 8.400000
vt 0.625000 8.400000
vt 0.916667 8.200000
vt 0.583333 8.200000
vt 0.833333 8.000000
vt 0.666667 8.000000
vt 0.812500 0.281250
vt 0.187500 0.281250
vt 0.333333 9.000000
vt 0.666667 9.000000
vt 0.125000 8.600000
vt 0.375000 8.600000
vt 0.000000 8.400000
vt 1.000000 8.400000
vt 0.500000 8.400000
vt 0.000000 8.400000
vt 1.000000 8.400000
vt 0.500000 8.400000
vt 0.250000 8.600000
vt 0.843750 1.812500
vt 0.156250 1.812500
vt 0.750000 8.200000
vt 0.083333 8.800000
vt 0.416667 8.800000
vt 0.875000 8.200000
vt 0.625000 8.200000
vt 0.000000 0.000000
vt 1.000000 0.000000
vt 0.416667 9.600000
vt 0.000000 0.000000
vt 1.000000 0.000000
vt 0.583333 9.600000
vt 0.667844 0.094790
vt 0.812500 1.937500
vt 0.667844 0.905210
vt 0.187500 1.937500
vt 0.125000 8.400000
vt 0.375000 8.400000
vt 0.416667 9.400000
vt 0.583333 9.400000
vt 0.916667 8.000000
vt 0.583333 8.000000
vt 0.750000 7.800000
vt 0.677914 0.070477
vt 0.812500 0.000000
vt 0.677914 0.929523
vt 0.187500 0.000000
vt 0.416667 9.200000
vt 0.583333 9.200000
vt 0.875000 1.812500
vt 0.125000 1.812500
vt 0.250000 8.400000
vt 0.083333 8.600000
vt 0.416667 8.600000
vt 0.843750 0.281250
vt 0.156250 0.281250
vt 0.000000 8.200000
vt 1.000000 8.200000
vt 0.500000 8.200000
vt 0.000000 8.200000
vt 1.000000 8.200000
vt 0.500000 8.200000
vt 0.812500 0.100000
vt 0.187500 0.100000
vt 0.000000 0.000000
vt 1.000000 0.000000
vt 0.500000 9.600000
vt 0.833333 7.800000
vt 0.666667 7.800000
vt 0.416667 9.000000
vt 0.583333 9.000000
vt 0.500000 9.400000
vt 0.500000 9.200000
vt 0.750000 8.000000
vt 0.906250 1.812500
vt 0.093750 1.812500
vt 0.166667 8.800000
vt 0.333333 8.800000
vt 0.125000 8.200000
vt 0.375000 8.200000
vt 0.500000 9.000000
vt 0.083333 8.400000
vt 0.416667 8.400000
vt 0.875000 8.000000
vt 0.625000 8.000000
vt 0.250000 8.200000
vt 0.937500 1.812500
vt 0.062500 1.812500
vt 0.875000 0.281250
vt 0.125000 0.281250
vt 0.250000 8.800000
vt 0.916667 7.800000
vt 0.583333 7.800000
vt 0.743671 0.135320
vt 0.843750 1.937500
vt 0.743671 0.864680
vt 0.156250 1.937500
vt 0.166667 8.600000
vt 0.333333 8.600000
vt 0.000000 8.000000
vt 1.000000 8.000000
vt 0.500000 8.000000
vt 0.000000 8.000000
vt 1.000000 8.000000
vt 0.500000 8.000000
vt 0.968750 1.812500
vt 0.031250 1.812500
vt 0.000000 1.812500
vt 1.000000 1.812500
vt 0.750000 7.600000
vt 0.758291 0.113440
vt 0.843750 0.000000
vt 0.758291 0.886560
vt 0.156250 0.000000
vt 0.083333 8.200000
vt 0.416667 8.200000
vt 0.250000 8.600000
vt 0.125000 8.000000
vt 0.375000 8.000000
vt 0.833333 7.600000
vt 0.666667 7.600000
vt 0.750000 7.800000
vt 0.906250 0.281250
vt 0.093750 0.281250
vt 0.843750 0.100000
vt 0.156250 0.100000
vt 0.166667 8.400000
vt 0.333333 8.400000
vt 0.250000 8.000000
vt 0.875000 7.800000
vt 0.625000 7.800000
vt 0.250000 8.400000
vt 0.937500 0.281250
vt 0.062500 0.281250
vt 0.810135 0.189865
vt 0.875000 1.937500
vt 0.810135 0.810135
vt 0.125000 1.937500
vt 0.000000 7.800000
vt 1.000000 7.800000
vt 0.500000 7.800000
vt 0.000000 7.800000
vt 1.000000 7.800000
vt 0.500000 7.800000
vt 0.083333 8.000000
vt 0.416667 8.000000
vt 0.916667 7.600000
vt 0.583333 7.600000
vt 0.166667 8.200000
vt 0.333333 8.200000
vt 0.968750 0.281250
vt 0.031250 0.281250
vt 0.828743 0.171257
vt 0.875000 0.000000
vt 0.828743 0.828743
vt 0.125000 0.000000
vt 0.000000 0.281250
vt 1.000000 0.281250
vt 0.125000 7.800000
vt 0.375000 7.800000
vt 0.750000 7.400000
vt 0.250000 8.200000
vt 0.250000 7.800000
vt 0.750000 7.600000
vt 0.875000 0.100000
vt 0.125000 0.100000
vt 0.833333 7.400000
vt 0.666667 7.400000
vt 0.875000 7.600000
vt 0.625000 7.600000
vt 0.864680 0.256329
vt 0.906250 1.937500
vt 0.864680 0.743671
vt 0.093750 1.937500
vt 0.166667 8.000000
vt 0.333333 8.000000
vt 0.083333 7.800000
vt 0.416667 7.800000
vt 0.000000 7.600000
vt 1.000000 7.600000
vt 0.500000 7.600000
vt 0.000000 7.600000
vt 1.000000 7.600000
vt 0.500000 7.600000
vt 0.886560 0.241709
vt 0.906250 0.000000
vt 0.886560 0.758291
vt 0.093750 0.000000
vt 0.250000 8.000000
vt 0.916667 7.400000
vt 0.583333 7.400000
vt 0.125000 7.600000
vt 0.375000 7.600000
vt 0.905210 0.332156
vt 0.937500 1.937500
vt 0.905210 0.667844
vt 0.062500 1.937500
vt 0.250000 7.600000
vt 0.906250 0.100000
vt 0.093750 0.100000
vt 0.166667 7.800000
vt 0.333333 7.800000
vt 0.750000 7.400000
vt 0.929523 0.322086
vt 0.937500 0.000000
vt 0.929523 0.677914
vt 0.062500 0.000000
vt 0.930169 0.414434
vt 0.968750 1.937500
vt 0.930169 0.585566
vt 0.031250 1.937500
vt 0.750000 7.200000
vt 0.875000 7.400000
vt 0.625000 7.400000
vt 0.938596 0.500000
vt 0.000000 1.937500
vt 1.000000 1.937500
vt 0.083333 7.600000
vt 0.416667 7.600000
vt 0.250000 7.800000
vt 0.833333 7.200000
vt 0.666667 7.200000
vt 0.955979 0.409300
vt 0.968750 0.000000
vt 0.955979 0.590700
vt 0.031250 0.000000
vt 0.000000 7.400000
vt 1.000000 7.400000
vt 0.500000 7.400000
vt 0.000000 7.400000
vt 1.000000 7.400000
vt 0.500000 7.400000
vt 0.937500 0.100000
vt 0.062500 0.100000
vt 0.964912 0.500000
vt 0.000000 0.000000
vt 1.000000 0.000000
vt 0.125000 7.400000
vt 0.375000 7.400000
vt 0.250000 7.400000
vt 0.916667 7.200000
vt 0.583333 7.200000
vt 0.166667 7.600000
vt 0.333333 7.600000
vt 0.968750 0.100000
vt 0.031250 0.100000
vt 0.000000 0.100000
vt 1.000000 0.100000
vt 0.250000 7.600000
vt 0.750000 7.200000
vt 0.083333 7.400000
vt 0.416667 7.400000
vt 0.875000 7.200000
vt 0.625000 7.200000
vt 0.750000 7.000000
vt 0.000000 7.200000
vt 1.000000 7.200000
vt 0.500000 7.200000
vt 0.000000 7.200000
vt 1.000000 7.200000
vt 0.500000 7.200000
vt 0.833333 7.000000
vt 0.666667 7.000000
vt 0.166667 7.400000
vt 0.333333 7.400000
vt 0.125000 7.200000
vt 0.375000 7.200000
vt 0.250000 7.200000
vt 0.250000 7.400000
vt 0.916667 7.000000
vt 0.583333 7.000000
vt 0.083333 7.200000
vt 0.416667 7.200000
vt 0.750000 7.000000
vt 0.875000 7.000000
vt 0.625000 7.000000
vt 0.000000 7.000000
vt 1.000000 7.000000
vt 0.500000 7.000000
vt 0.000000 7.000000
vt 1.000000 7.000000
vt 0.500000 7.000000
vt 0.166667 7.200000
vt 0.333333 7.200000
vt 0.750000 6.800000
vt 0.250000 7.200000
vt 0.125000 7.000000
vt 0.375000 7.000000
vt 0.833333 6.800000
vt 0.666667 6.800000
vt 0.250000 7.000000
vt 0.083333 7.000000
vt 0.416667 7.000000
vt 0.916667 6.800000
vt 0.583333 6.800000
vt 0.750000 6.800000
vt 0.875000 6.800000
vt 0.625000 6.800000
vt 0.166667 7.000000
vt 0.333333 7.000000
vt 0.000000 6.800000
vt 1.000000 6.800000
vt 0.500000 6.800000
vt 0.000000 6.800000
vt 1.000000 6.800000
vt 0.500000 6.800000
vt 0.250000 7.000000
vt 0.125000 6.800000
vt 0.375000 6.800000
vt 0.250000 6.800000
vt 0.750000 6.600000
vt 0.833333 6.600000
vt 0.666667 6.600000
vt 0.083333 6.800000
vt 0.416667 6.800000
vt 0.916667 6.600000
vt 0.583333 6.600000
vt 0.166667 6.800000
vt 0.333333 6.800000
vt 0.750000 6.600000
vt 0.875000 6.600000
vt 0.625000 6.600000
vt 0.250000 6.800000
vt 0.000000 6.600000
vt 1.000000 6.600000
vt 0.500000 6.600000
vt 0.000000 6.600000
vt 1.000000 6.600000
vt 0.500000 6.600000
vt 0.125000 6.600000
vt 0.375000 6.600000
vt 0.250000 6.600000
vt 0.750000 6.400000
vt 0.083333 6.600000
vt 0.416667 6.600000
vt 0.833333 6.400000
vt 0.666667 6.400000
vt 0.166667 6.600000
vt 0.333333 6.600000
vt 0.916667 6.400000
vt 0.583333 6.400000
vt 0.250000 6.600000
vt 0.750000 6.400000
vt 0.875000 6.400000
vt 0.625000 6.400000
vt 0.000000 6.400000
vt 1.000000 6.400000
vt 0.500000 6.400000
vt 0.000000 6.400000
vt 1.000000 6.400000
vt 0.500000 6.400000
vt 0.125000 6.400000
vt 0.375000 6.400000
vt 0.250000 6.400000
vt 0.083333 6.400000
vt 0.416667 6.400000
vt 0.750000 6.200000
vt 0.833333 6.200000
vt 0.666667 6.200000
vt 0.166667 6.400000
vt 0.333333 6.400000
vt 0.250000 6.400000
vt 0.916667 6.200000
vt 0.583333 6.200000
vt 0.750000 6.200000
vt 0.875000 6.200000
vt 0.625000 6.200000
vt 0.000000 6.200000
vt 1.000000 6.200000
vt 0.500000 6.200000
vt 0.000000 6.200000
vt 1.000000 6.200000
vt 0.500000 6.200000
vt 0.125000 6.200000
vt 0.375000 6.200000
vt 0.250000 6.200000
vt 0.083333 6.200000
vt 0.416667 6.200000
vt 0.166667 6.200000
vt 0.333333 6.200000
vt 0.250000 6.200000
vt 0.750000 6.000000
vt 0.833333 6.000000
vt 0.666667 6.000000
vt 0.916667 6.000000
vt 0.583333 6.000000
vt 0.750000 6.000000
vt 0.875000 6.000000
vt 0.625000 6.000000
vt 0.000000 6.000000
vt 1.000000 6.000000
vt 0.500000 6.000000
vt 0.000000 6.000000
vt 1.000000 6.000000
vt 0.500000 6.000000
vt 0.125000 6.000000
vt 0.375000 6.000000
vt 0.250000 6.000000
vt 0.083333 6.000000
vt 0.416667 6.000000
vt 0.166667 6.000000
vt 0.333333 6.000000
vt 0.250000 6.000000
vt 0.750000 5.800000
vt 0.833333 5.800000
vt 0.666667 5.800000
vt 0.916667 5.800000
vt 0.583333 5.800000
vt 0.750000 5.800000
vt 0.875000 5.800000
vt 0.625000 5.800000
vt 0.000000 5.800000
vt 1.000000 5.800000
vt 0.500000 5.800000
vt 0.000000 5.800000
vt 1.000000 5.800000
vt 0.500000 5.800000
vt 0.125000 5.800000
vt 0.375000 5.800000
vt 0.250000 5.800000
vt 0.083333 5.800000
vt 0.416667 5.800000
vt 0.166667 5.800000
vt 0.333333 5.800000
vt 0.250000 5.800000
vt 0.750000 5.600000
vt 0.833333 5.600000
vt 0.666667 5.600000
vt 0.916667 5.600000
vt 0.583333 5.600000
vt 0.750000 5.600000
vt 0.875000 5.600000
vt 0.625000 5.600000
vt 0.000000 5.600000
vt 1.000000 5.600000
vt 0.500000 5.600000
vt 0.000000 5.600000
vt 1.000000 5.600000
vt 0.500000 5.600000
vt 0.125000 5.600000
vt 0.375000 5.600000
vt 0.250000 5.600000
vt 0.083333 5.600000
vt 0.416667 5.600000
vt 0.166667 5.600000
vt 0.333333 5.600000
vt 0.250000 5.600000
vt 0.750000 5.400000
vt 0.833333 5.400000
vt 0.666667 5.400000
vt 0.916667 5.400000
vt 0.583333 5.400000
vt 0.750000 5.400000
vt 0.875000 5.400000
vt 0.625000 5.400000
vt 0.000000 5.400000
vt 1.000000 5.400000
vt 0.500000 5.400000
vt 0.000000 5.400000
vt 1.000000 5.400000
vt 0.500000 5.400000
vt 0.125000 5.400000
vt 0.375000 5.400000
vt 0.250000 5.400000
vt 0.083333 5.400000
vt 0.416667 5.400000
vt 0.166667 5.400000
vt 0.333333 5.400000
vt 0.250000 5.400000
vt 0.750000 5.200000
vt 0.833333 5.200000
vt 0.666667 5.200000
vt 0.916667 5.200000
vt 0.583333 5.200000
vt 0.750000 5.200000
vt 0.875000 5.200000
vt 0.625000 5.200000
vt 0.000000 5.200000
vt 1.000000 5.200000
vt 0.500000 5.200000
vt 0.000000 5.200000
vt 1.000000 5.200000
vt 0.500000 5.200000
vt 0.125000 5.200000
vt 0.375000 5.200000
vt 0.250000 5.200000
vt 0.083333 5.200000
vt 0.416667 5.200000
vt 0.166667 5.200000
vt 0.333333 5.200000
vt 0.250000 5.200000
vt 0.750000 5.000000
vt 0.833333 5.000000
vt 0.666667 5.000000
vt 0.916667 5.000000
vt 0.583333 5.000000
vt 0.750000 5.000000
vt 0.875000 5.000000
vt 0.625000 5.000000
vt 0.000000 5.000000
vt 1.000000 5.000000
vt 0.500000 5.000000
vt 0.000000 5.000000
vt 1.000000 5.000000
vt 0.500000 5.000000
vt 0.125000 5.000000
vt 0.375000 5.000000
vt 0.250000 5.000000
vt 0.083333 5.000000
vt 0.416667 5.000000
vt 0.166667 5.000000
vt 0.333333 5.000000
vt 0.250000 5.000000
vt 0.250000 4.800000
vt 0.166667 4.800000
vt 0.333333 4.800000
vt 0.083333 4.800000
vt 0.416667 4.800000
vt 0.000000 4.800000
vt 1.000000 4.800000
vt 0.500000 4.800000
vt 0.916667 4.800000
vt 0.583333 4.800000
vt 0.250000 4.800000
vt 0.125000 4.800000
vt 0.375000 4.800000
vt 0.833333 4.800000
vt 0.666667 4.800000
vt 0.000000 4.800000
vt 1.000000 4.800000
vt 0.500000 4.800000
vt 0.750000 4.800000
vt 0.875000 4.800000
vt 0.625000 4.800000
vt 0.750000 4.800000
vt 0.250000 4.600000
vt 0.166667 4.600000
vt 0.333333 4.600000
vt 0.083333 4.600000
vt 0.416667 4.600000
vt 0.250000 4.600000
vt 0.125000 4.600000
vt 0.375000 4.600000
vt 0.000000 4.600000
vt 1.000000 4.600000
vt 0.500000 4.600000
vt 0.000000 4.600000
vt 1.000000 4.600000
vt 0.500000 4.600000
vt 0.875000 4.600000
vt 0.625000 4.600000
vt 0.750000 4.600000
vt 0.916667 4.600000
vt 0.583333 4.600000
vt 0.833333 4.600000
vt 0.666667 4.600000
vt 0.750000 4.600000
vt 0.250000 4.400000
vt 0.166667 4.400000
vt 0.333333 4.400000
vt 0.083333 4.400000
vt 0.416667 4.400000
vt 0.250000 4.400000
vt 0.125000 4.400000
vt 0.375000 4.400000
vt 0.000000 4.400000
vt 1.000000 4.400000
vt 0.500000 4.400000
vt 0.000000 4.400000
vt 1.000000 4.400000
vt 0.500000 4.400000
vt 0.875000 4.400000
vt 0.625000 4.400000
vt 0.750000 4.400000
vt 0.916667 4.400000
vt 0.583333 4.400000
vt 0.833333 4.400000
vt 0.666667 4.400000
vt 0.750000 4.400000
vt 0.250000 4.200000
vt 0.166667 4.200000
vt 0.333333 4.200000
vt 0.083333 4.200000
vt 0.416667 4.200000
vt 0.250000 4.200000
vt 0.125000 4.200000
vt 0.375000 4.200000
vt 0.000000 4.200000
vt 1.000000 4.200000
vt 0.500000 4.200000
vt 0.000000 4.200000
vt 1.000000 4.200000
vt 0.500000 4.200000
vt 0.875000 4.200000
vt 0.625000 4.200000
vt 0.750000 4.200000
vt 0.916667 4.200000
vt 0.583333 4.200000
vt 0.833333 4.200000
vt 0.666667 4.200000
vt 0.750000 4.200000
vt 0.250000 4.000000
vt 0.166667 4.000000
vt 0.333333 4.000000
vt 0.083333 4.000000
vt 0.416667 4.000000
vt 0.250000 4.000000
vt 0.125000 4.000000
vt 0.375000 4.000000
vt 0.000000 4.000000
vt 1.000000 4.000000
vt 0.500000 4.000000
vt 0.000000 4.000000
vt 1.000000 4.000000
vt 0.500000 4.000000
vt 0.875000 4.000000
vt 0.625000 4.000000
vt 0.750000 4.000000
vt 0.916667 4.000000
vt 0.583333 4.000000
vt 0.833333 4.000000
vt 0.666667 4.000000
vt 0.750000 4.000000
vt 0.250000 3.800000
vt 0.166667 3.800000
vt 0.333333 3.800000
vt 0.083333 3.800000
vt 0.416667 3.800000
vt 0.250000 3.800000
vt 0.125000 3.800000
vt 0.375000 3.800000
vt 0.000000 3.800000
vt 1.000000 3.800000
vt 0.500000 3.800000
vt 0.000000 3.800000
vt 1.000000 3.800000
vt 0.500000 3.800000
vt 0.875000 3.800000
vt 0.625000 3.800000
vt 0.750000 3.800000
vt 0.916667 3.800000
vt 0.583333 3.800000
vt 0.833333 3.800000
vt 0.666667 3.800000
vt 0.750000 3.800000
vt 0.250000 3.600000
vt 0.166667 3.600000
vt 0.333333 3.600000
vt 0.083333 3.600000
vt 0.416667 3.600000
vt 0.250000 3.600000
vt 0.125000 3.600000
vt 0.375000 3.600000
vt 0.000000 3.600000
vt 1.000000 3.600000
vt 0.500000 3.600000
vt 0.000000 3.600000
vt 1.000000 3.600000
vt 0.500000 3.600000
vt 0.875000 3.600000
vt 0.625000 3.600000
vt 0.750000 3.600000
vt 0.916667 3.600000
vt 0.583333 3.600000
vt 0.833333 3.600000
vt 0.666667 3.600000
vt 0.750000 3.600000
vt 0.250000 3.400000
vt 0.166667 3.400000
vt 0.333333 3.400000
vt 0.083333 3.400000
vt 0.416667 3.400000
vt 0.250000 3.400000
vt 0.125000 3.400000
vt 0.375000 3.400000
vt 0.000000 3.400000
vt 1.000000 3.400000
vt 0.500000 3.400000
vt 0.000000 3.400000
vt 1.000000 3.400000
vt 0.500000 3.400000
vt 0.875000 3.400000
vt 0.625000 3.400000
vt 0.750000 3.400000
vt 0.916667 3.400000
vt 0.583333 3.400000
vt 0.250000 3.200000
vt 0.166667 3.200000
vt 0.333333 3.200000
vt 0.833333 3.400000
vt 0.666667 3.400000
vt 0.750000 3.400000
vt 0.083333 3.200000
vt 0.416667 3.200000
vt 0.250000 3.200000
vt 0.125000 3.200000
vt 0.375000 3.200000
vt 0.000000 3.200000
vt 1.000000 3.200000
vt 0.500000 3.200000
vt 0.000000 3.200000
vt 1.000000 3.200000
vt 0.500000 3.200000
vt 0.875000 3.200000
vt 0.625000 3.200000
vt 0.750000 3.200000
vt 0.250000 3.000000
vt 0.916667 3.200000
vt 0.583333 3.200000
vt 0.166667 3.000000
vt 0.333333 3.000000
vt 0.833333 3.200000
vt 0.666667 3.200000
vt 0.083333 3.000000
vt 0.416667 3.000000
vt 0.750000 3.200000
vt 0.250000 3.000000
vt 0.125000 3.000000
vt 0.375000 3.000000
vt 0.000000 3.000000
vt 1.000000 3.000000
vt 0.500000 3.000000
vt 0.000000 3.000000
vt 1.000000 3.000000
vt 0.500000 3.000000
vt 0.250000 2.800000
vt 0.875000 3.000000
vt 0.625000 3.000000
vt 0.750000 3.000000
vt 0.166667 2.800000
vt 0.333333 2.800000
vt 0.916667 3.000000
vt 0.583333 3.000000
vt 0.083333 2.800000
vt 0.416667 2.800000
vt 0.833333 3.000000
vt 0.666667 3.000000
vt 0.750000 3.000000
vt 0.250000 2.800000
vt 0.125000 2.800000
vt 0.375000 2.800000
vt 0.250000 2.600000
vt 0.000000 2.800000
vt 1.000000 2.800000
vt 0.500000 2.800000
vt 0.000000 2.800000
vt 1.000000 2.800000
vt 0.500000 2.800000
vt 0.166667 2.600000
vt 0.333333 2.600000
vt 0.875000 2.800000
vt 0.625000 2.800000
vt 0.750000 2.800000
vt 0.916667 2.800000
vt 0.583333 2.800000
vt 0.083333 2.600000
vt 0.416667 2.600000
vt 0.250000 2.600000
vt 0.833333 2.800000
vt 0.666667 2.800000
vt 0.125000 2.600000
vt 0.375000 2.600000
vt 0.250000 2.400000
vt 0.750000 2.800000
vt 0.166667 2.400000
vt 0.333333 2.400000
vt 0.000000 2.600000
vt 1.000000 2.600000
vt 0.500000 2.600000
vt 0.000000 2.600000
vt 1.000000 2.600000
vt 0.500000 2.600000
vt 0.875000 2.600000
vt 0.625000 2.600000
vt 0.750000 2.600000
vt 0.083333 2.400000
vt 0.416667 2.400000
vt 0.916667 2.600000
vt 0.583333 2.600000
vt 0.250000 2.200000
vt 0.250000 2.400000
vt 0.125000 2.400000
vt 0.375000 2.400000
vt 0.166667 2.200000
vt 0.333333 2.200000
vt 0.833333 2.600000
vt 0.666667 2.600000
vt 0.000000 2.400000
vt 1.000000 2.400000
vt 0.500000 2.400000
vt 0.000000 2.400000
vt 1.000000 2.400000
vt 0.500000 2.400000
vt 0.750000 2.600000
vt 0.875000 2.400000
vt 0.625000 2.400000
vt 0.083333 2.200000
vt 0.416667 2.200000
vt 0.750000 2.400000
vt 0.250000 2.000000
vt 0.500000 0.100000
vt 0.531250 0.100000
vt 0.468750 0.100000
vt 0.166667 2.000000
vt 0.333333 2.000000
vt 0.916667 2.400000
vt 0.583333 2.400000
vt 0.250000 2.200000
vt 0.125000 2.200000
vt 0.375000 2.200000
vt 0.500000 0.000000
vt 0.035088 0.500000
vt 0.562500 0.100000
vt 0.437500 0.100000
vt 0.000000 2.200000
vt 1.000000 2.200000
vt 0.500000 2.200000
vt 0.000000 2.200000
vt 1.000000 2.200000
vt 0.500000 2.200000
vt 0.531250 0.000000
vt 0.044021 0.409300
vt 0.468750 0.000000
vt 0.044021 0.590700
vt 0.833333 2.400000
vt 0.666667 2.400000
vt 0.250000 1.800000
vt 0.083333 2.000000
vt 0.416667 2.000000
vt 0.500000 1.937500
vt 0.061404 0.500000
vt 0.875000 2.200000
vt 0.625000 2.200000
vt 0.750000 2.400000
vt 0.531250 1.937500
vt 0.069831 0.414434
vt 0.468750 1.937500
vt 0.069831 0.585566
vt 0.562500 0.000000
vt 0.070477 0.322086
vt 0.437500 0.000000
vt 0.070477 0.677914
vt 0.750000 2.200000
vt 0.166667 1.800000
vt 0.333333 1.800000
vt 0.593750 0.100000
vt 0.406250 0.100000
vt 0.250000 2.000000
vt 0.562500 1.937500
vt 0.094790 0.332156
vt 0.437500 1.937500
vt 0.094790 0.667844
vt 0.125000 2.000000
vt 0.375000 2.000000
vt 0.916667 2.200000
vt 0.583333 2.200000
vt 0.250000 1.600000
vt 0.593750 0.000000
vt 0.113440 0.241709
vt 0.406250 0.000000
vt 0.113440 0.758291
vt 0.000000 2.000000
vt 1.000000 2.000000
vt 0.500000 2.000000
vt 0.000000 2.000000
vt 1.000000 2.000000
vt 0.500000 2.000000
vt 0.083333 1.800000
vt 0.416667 1.800000
vt 0.166667 1.600000
vt 0.333333 1.600000
vt 0.593750 1.937500
vt 0.135320 0.256329
vt 0.406250 1.937500
vt 0.135320 0.743671
vt 0.875000 2.000000
vt 0.625000 2.000000
vt 0.833333 2.200000
vt 0.666667 2.200000
vt 0.625000 0.100000
vt 0.375000 0.100000
vt 0.750000 2.000000
vt 0.250000 1.800000
vt 0.250000 1.400000
vt 0.750000 2.200000
vt 0.125000 1.800000
vt 0.375000 1.800000
vt 0.500000 0.281250
vt 0.625000 0.000000
vt 0.171257 0.171257
vt 0.375000 0.000000
vt 0.171257 0.828743
vt 0.531250 0.281250
vt 0.468750 0.281250
vt 0.166667 1.400000
vt 0.333333 1.400000
vt 0.916667 2.000000
vt 0.583333 2.000000
vt 0.083333 1.600000
vt 0.416667 1.600000
vt 0.000000 1.800000
vt 1.000000 1.800000
vt 0.500000 1.800000
vt 0.000000 1.800000
vt 1.000000 1.800000
vt 0.500000 1.800000
vt 0.625000 1.937500
vt 0.189865 0.189865
vt 0.375000 1.937500
vt 0.189865 0.810135
vt 0.562500 0.281250
vt 0.437500 0.281250
vt 0.250000 1.200000
vt 0.875000 1.800000
vt 0.625000 1.800000
vt 0.250000 1.600000
vt 0.166667 1.200000
vt 0.333333 1.200000
vt 0.656250 0.100000
vt 0.343750 0.100000
vt 0.593750 0.281250
vt 0.406250 0.281250
vt 0.750000 1.800000
vt 0.833333 2.000000
vt 0.666667 2.000000
vt 0.125000 1.600000
vt 0.375000 1.600000
vt 0.250000 1.000000
vt 0.083333 1.400000
vt 0.416667 1.400000
vt 0.656250 0.000000
vt 0.241709 0.113440
vt 0.343750 0.000000
vt 0.241709 0.886560
vt 0.750000 2.000000
vt 0.500000 1.812500
vt 0.531250 1.812500
vt 0.468750 1.812500
vt 0.000000 1.600000
vt 1.000000 1.600000
vt 0.500000 1.600000
vt 0.000000 1.600000
vt 1.000000 1.600000
vt 0.500000 1.600000
vt 0.166667 1.000000
vt 0.333333 1.000000
vt 0.656250 1.937500
vt 0.256329 0.135320
vt 0.343750 1.937500
vt 0.256329 0.864680
vt 0.916667 1.800000
vt 0.583333 1.800000
vt 0.250000 0.800000
vt 0.625000 0.281250
vt 0.375000 0.281250
vt 0.562500 1.812500
vt 0.437500 1.812500
vt 0.250000 1.400000
vt 0.875000 1.600000
vt 0.625000 1.600000
vt 0.083333 1.200000
vt 0.416667 1.200000
vt 0.500000 0.600000
vt 0.125000 1.400000
vt 0.375000 1.400000
vt 0.166667 0.800000
vt 0.333333 0.800000
vt 0.593750 1.812500
vt 0.406250 1.812500
vt 0.750000 1.600000
vt 0.500000 0.400000
vt 0.500000 0.200000
vt 0.416667 0.600000
vt 0.583333 0.600000
vt 0.833333 1.800000
vt 0.666667 1.800000
vt 0.500000 0.000000
vt 0.000000 0.000000
vt 1.000000 0.000000
vt 0.687500 0.100000
vt 0.312500 0.100000
vt 0.000000 1.400000
vt 1.000000 1.400000
vt 0.500000 1.400000
vt 0.000000 1.400000
vt 1.000000 1.400000
vt 0.500000 1.400000
vt 0.656250 0.281250
vt 0.343750 0.281250
vt 0.083333 1.000000
vt 0.416667 1.000000
vt 0.250000 1.200000
vt 0.625000 1.812500
vt 0.375000 1.812500
vt 0.416667 0.400000
vt 0.583333 0.400000
vt 0.687500 0.000000
vt 0.322086 0.070477
vt 0.312500 0.000000
vt 0.322086 0.929523
vt 0.750000 1.800000
vt 0.916667 1.600000
vt 0.583333 1.600000
vt 0.416667 0.200000
vt 0.583333 0.200000
vt 0.125000 1.200000
vt 0.375000 1.200000
vt 0.687500 1.937500
vt 0.332156 0.094790
vt 0.312500 1.937500
vt 0.332156 0.905210
vt 0.416667 0.000000
vt 0.000000 0.000000
vt 1.000000 0.000000
vt 0.583333 0.000000
vt 0.000000 0.000000
vt 1.000000 0.000000
vt 0.875000 1.400000
vt 0.625000 1.400000
vt 0.083333 0.800000
vt 0.416667 0.800000
vt 0.750000 1.400000
vt 0.656250 1.812500
vt 0.343750 1.812500
vt 0.250000 1.000000
vt 0.000000 1.200000
vt 1.000000 1.200000
vt 0.500000 1.200000
vt 0.000000 1.200000
vt 1.000000 1.200000
vt 0.500000 1.200000
vt 0.125000 1.000000
vt 0.375000 1.000000
vt 0.333333 0.600000
vt 0.666667 0.600000
vt 0.687500 0.281250
vt 0.312500 0.281250
vt 0.833333 1.600000
vt 0.666667 1.600000
vt 0.916667 1.400000
vt 0.583333 1.400000
vt 0.875000 1.200000
vt 0.625000 1.200000
vt 0.333333 0.400000
vt 0.666667 0.400000
vt 0.250000 0.800000
vt 0.750000 1.600000
vt 0.333333 0.200000
vt 0.666667 0.200000
vt 0.750000 1.200000
vt 0.000000 1.000000
vt 1.000000 1.000000
vt 0.500000 1.000000
vt 0.000000 1.000000
vt 1.000000 1.000000
vt 0.500000 1.000000
vt 0.718750 0.100000
vt 0.281250 0.100000
vt 0.687500 1.812500
vt 0.312500 1.812500
vt 0.333333 0.000000
vt 0.000000 0.000000
vt 1.000000 0.000000
vt 0.666667 0.000000
vt 0.000000 0.000000
vt 1.000000 0.000000
vt 0.125000 0.800000
vt 0.375000 0.800000
vt 0.718750 0.000000
vt 0.409300 0.044021
vt 0.281250 0.000000
vt 0.409300 0.955979
vt 0.718750 1.937500
vt 0.414434 0.069831
vt 0.281250 1.937500
vt 0.414434 0.930169
vt 0.500000 0.600000
vt 0.375000 0.600000
vt 0.625000 0.600000
vt 0.875000 1.000000
vt 0.625000 1.000000
vt 0.718750 0.281250
vt 0.281250 0.281250
vt 0.500000 0.400000
vt 0.000000 0.800000
vt 1.000000 0.800000
vt 0.500000 0.800000
vt 0.000000 0.800000
vt 1.000000 0.800000
vt 0.500000 0.800000
vt 0.916667 1.200000
vt 0.583333 1.200000
vt 0.833333 1.400000
vt 0.666667 1.400000
vt 0.750000 1.000000
vt 0.500000 0.200000
vt 0.718750 1.812500
vt 0.281250 1.812500
vt 0.375000 0.400000
vt 0.625000 0.400000
vt 0.500000 0.000000
vt 0.000000 0.000000
vt 1.000000 0.000000
vt 0.375000 0.200000
vt 0.625000 0.200000
vt 0.750000 1.400000
vt 0.250000 0.600000
vt 0.750000 0.600000
vt 0.250000 0.600000
vt 0.750000 0.600000
vt 0.375000 0.000000
vt 0.000000 0.000000
vt 1.000000 0.000000
vt 0.625000 0.000000
vt 0.000000 0.000000
vt 1.000000 0.000000
vt 0.875000 0.800000
vt 0.625000 0.800000
vt 0.750000 0.800000
vt 0.250000 0.400000
vt 0.750000 0.400000
vt 0.250000 0.400000
vt 0.750000 0.400000
vt 0.916667 1.000000
vt 0.583333 1.000000
vt 0.250000 0.200000
vt 0.750000 0.200000
vt 0.250000 0.200000
vt 0.750000 0.200000
vt 0.125000 0.600000
vt 0.875000 0.600000
vt 0.500000 0.035088
vt 0.750000 0.000000
vt 0.500000 0.500000
vt 0.500000 0.964912
vt 0.250000 0.000000
vt 0.750000 0.100000
vt 0.250000 0.100000
vt 0.750000 0.281250
vt 0.250000 0.281250
vt 0.250000 0.000000
vt 0.000000 0.000000
vt 1.000000 0.000000
vt 0.500000 0.500000
vt 0.750000 0.000000
vt 0.000000 0.000000
vt 1.000000 0.000000
vt 0.750000 1.812500
vt 0.250000 1.812500
vt 0.250000 0.000000
vt 0.000000 0.000000
vt 1.000000 0.000000
vt 0.500000 0.500000
vt 0.750000 0.000000
vt 0.000000 0.000000
vt 1.000000 0.000000
vt 0.750000 1.937500
vt 0.500000 0.061404
vt 0.500000 0.500000
vt 0.250000 1.937500
vt 0.500000 0.938596
vt 0.833333 1.200000
vt 0.666667 1.200000
vt 0.000000 0.600000
vt 1.000000 0.600000
vt 0.125000 0.400000
vt 0.875000 0.400000
vt 0.750000 1.200000
vt 0.916667 0.800000
vt 0.583333 0.800000
vt 0.125000 0.200000
vt 0.875000 0.200000
vt 0.000000 0.400000
vt 1.000000 0.400000
vt 0.000000 0.000000
vt 1.000000 0.000000
vt 0.125000 0.000000
vt 0.000000 0.000000
vt 1.000000 0.000000
vt 0.875000 0.000000
vt 0.000000 0.200000
vt 1.000000 0.200000
vt 0.000000 0.000000
vt 1.000000 0.000000
vt 0.000000 0.000000
vt 1.000000 0.000000
vt 0.781250 1.812500
vt 0.218750 1.812500
vt 0.833333 1.000000
vt 0.666667 1.000000
vt 0.166667 0.600000
vt 0.833333 0.600000
vt 0.781250 0.281250
vt 0.218750 0.281250
vt 0.750000 1.000000
vt 0.166667 0.400000
vt 0.833333 0.400000
vt 0.585566 0.069831
vt 0.781250 1.937500
vt 0.585566 0.930169
vt 0.218750 1.937500
vt 0.590700 0.044021
vt 0.781250 0.000000
vt 0.590700 0.955979
vt 0.218750 0.000000
vt 0.833333 0.800000
vt 0.666667 0.800000
vt 0.166667 0.200000
vt 0.833333 0.200000
vt 0.000000 0.000000
vt 1.000000 0.000000
vt 0.166667 0.000000
vt 0.000000 0.000000
vt 1.000000 0.000000
vt 0.833333 0.000000
vt 0.812500 1.812500
vt 0.187500 1.812500
vt 0.781250 0.100000
vt 0.218750 0.100000
vt 0.750000 0.800000
vt 0.083333 0.600000
vt 0.916667 0.600000
vt 0.812500 0.281250
vt 0.187500 0.281250
vt 0.843750 1.812500
vt 0.156250 1.812500
vt 0.083333 0.400000
vt 0.916667 0.400000
vt 0.000000 0.600000
vt 1.000000 0.600000
vt 0.083333 0.200000
vt 0.916667 0.200000
vt 0.000000 0.000000
vt 1.000000 0.000000
vt 0.083333 0.000000
vt 0.000000 0.000000
vt 1.000000 0.000000
vt 0.916667 0.000000
vt 0.667844 0.094790
vt 0.812500 1.937500
vt 0.667844 0.905210
vt 0.187500 1.937500
vt 0.000000 0.400000
vt 1.000000 0.400000
vt 0.677914 0.070477
vt 0.812500 0.000000
vt 0.677914 0.929523
vt 0.187500 0.000000
vt 0.875000 1.812500
vt 0.125000 1.812500
vt 0.843750 0.281250
vt 0.156250 0.281250
vt 0.000000 0.200000
vt 1.000000 0.200000
vt 0.812500 0.100000
vt 0.187500 0.100000
vt 0.000000 0.000000
vt 1.000000 0.000000
vt 0.000000 0.000000
vt 1.000000 0.000000
vt 0.906250 1.812500
vt 0.093750 1.812500
vt 0.937500 1.812500
vt 0.062500 1.812500
vt 0.875000 0.281250
vt 0.125000 0.281250
vt 0.743671 0.135320
vt 0.843750 1.937500
vt 0.743671 0.864680
vt 0.156250 1.937500
vt 0.968750 1.812500
vt 0.031250 1.812500
vt 0.000000 1.812500
vt 1.000000 1.812500
vt 0.758291 0.113440
vt 0.843750 0.000000
vt 0.758291 0.886560
vt 0.156250 0.000000
vt 0.906250 0.281250
vt 0.093750 0.281250
vt 0.843750 0.100000
vt 0.156250 0.100000
vt 0.937500 0.281250
vt 0.062500 0.281250
vt 0.810135 0.189865
vt 0.875000 1.937500
vt 0.810135 0.810135
vt 0.125000 1.937500
vt 0.968750 0.281250
vt 0.031250 0.281250
vt 0.828743 0.171257
vt 0.875000 0.000000
vt 0.828743 0.828743
vt 0.125000 0.000000
vt 0.000000 0.281250
vt 1.000000 0.281250
vt 0.875000 0.100000
vt 0.125000 0.100000
vt 0.864680 0.256329
vt 0.906250 1.937500
vt 0.864680 0.743671
vt 0.093750 1.937500
vt 0.886560 0.241709
vt 0.906250 0.000000
vt 0.886560 0.758291
vt 0.093750 0.000000
vt 0.905210 0.332156
vt 0.937500 1.937500
vt 0.905210 0.667844
vt 0.062500 1.937500
vt 0.906250 0.100000
vt 0.093750 0.100000
vt 0.929523 0.322086
vt 0.937500 0.000000
vt 0.929523 0.677914
vt 0.062500 0.000000
vt 0.930169 0.414434
vt 0.968750 1.937500
vt 0.930169 0.585566
vt 0.031250 1.937500
vt 0.938596 0.500000
vt 0.000000 1.937500
vt 1.000000 1.937500
vt 0.955979 0.409300
vt 0.968750 0.000000
vt 0.955979 0.590700
vt 0.031250 0.000000
vt 0.937500 0.100000
vt 0.062500 0.100000
vt 0.964912 0.500000
vt 0.000000 0.000000
vt 1.000000 0.000000
vt 0.968750 0.100000
vt 0.031250 0.100000
vt 0.000000 0.100000
vt 1.000000 0.100000
vn -0.986003 0.166730 0.000000
vn -0.967057 0.166730 -0.192360
vn -0.967057 0.166730 0.192360
vn -0.970142 -0.242536 0.000000
vn 0.000000 -1.000000 0.000000
vn -0.910948 0.166730 -0.377327
vn -0.910948 0.166730 0.377327
vn -0.951501 -0.242536 -0.189265
vn 0.000000 -1.000000 0.000000
vn -0.951501 -0.242536 0.189265
vn 0.000000 -1.000000 0.000000
vn -0.689655 -0.724138 0.000000
vn 0.000000 1.000000 0.000000
vn -0.676404 -0.724138 -0.134545
vn 0.000000 1.000000 0.000000
vn -0.676404 -0.724138 0.134545
vn 0.000000 1.000000 0.000000
vn -0.896295 -0.242536 -0.371257
vn 0.000000 -1.000000 0.000000
vn -0.896295 -0.242536 0.371257
vn 0.000000 -1.000000 0.000000
vn -0.819831 0.166730 -0.547794
vn -0.819831 0.166730 0.547794
vn -0.637158 -0.724138 -0.263920
vn 0.000000 1.000000 0.000000
vn -0.637158 -0.724138 0.263920
vn 0.000000 1.000000 0.000000
vn -0.806644 -0.242536 -0.538982
vn 0.000000 -1.000000 0.000000
vn -0.806644 -0.242536 0.538982
vn 0.000000 -1.000000 0.000000
vn -0.573427 -0.724138 -0.383152
vn 0.000000 1.000000 0.000000
vn -0.573427 -0.724138 0.383152
vn 0.000000 1.000000 0.000000
vn -0.697209 0.166730 -0.697209
vn -0.697209 0.166730 0.697209
vn -0.952832 0.303497 0.000000
vn -0.685994 -0.242536 -0.685994
vn 0.000000 -1.000000 0.000000
vn -0.685994 -0.242536 0.685994
vn 0.000000 -1.000000 0.000000
vn -0.934524 0.303497 -0.185888
vn -0.934524 0.303497 0.185888
vn -0.487660 -0.724138 -0.487660
vn 0.000000 1.000000 0.000000
vn -0.487660 -0.724138 0.487660
vn 0.000000 1.000000 0.000000
vn -0.880302 0.303497 -0.364633
vn -0.880302 0.303497 0.364633
vn -0.547794 0.166730 -0.819831
vn -0.547794 0.166730 0.819831
vn -0.792251 0.303497 -0.529365
vn -0.792251 0.303497 0.529365
vn -0.538982 -0.242536 -0.806644
vn 0.000000 -1.000000 0.000000
vn -0.538982 -0.242536 0.806644
vn 0.000000 -1.000000 0.000000
vn -0.926222 -0.376979 0.000000
vn -0.908425 -0.376979 -0.180697
vn -0.908425 -0.376979 0.180697
vn -0.383152 -0.724138 -0.573427
vn 0.000000 1.000000 0.000000
vn -0.383152 -0.724138 0.573427
vn 0.000000 1.000000 0.000000
vn -0.673754 0.303497 -0.673754
vn -0.673754 0.303497 0.673754
vn -0.855717 -0.376979 -0.354450
vn -0.855717 -0.376979 0.354450
vn -0.770125 -0.376979 -0.514581
vn -0.770125 -0.376979 0.514581
vn -0.998706 0.050858 0.000000
vn -0.998706 0.050858 0.000000
vn -0.050858 -0.998706 0.000000
vn -0.050858 -0.998706 0.000000
vn -0.377327 0.166730 -0.910948
vn -0.377327 0.166730 0.910948
vn -0.994843 0.101431 0.000000
vn -0.994843 0.101431 0.000000
vn -0.529365 0.303497 -0.792251
vn -0.529365 0.303497 0.792251
vn -0.654938 -0.376979 -0.654938
vn -0.654938 -0.376979 0.654938
vn -0.371257 -0.242536 -0.896295
vn 0.000000 -1.000000 0.000000
vn -0.371257 -0.242536 0.896295
vn 0.000000 -1.000000 0.000000
vn -0.979667 0.200629 0.000000
vn -0.979667 0.200629 0.000000
vn -0.263920 -0.724138 -0.637158
vn 0.000000 1.000000 0.000000
vn -0.263920 -0.724138 0.637158
vn 0.000000 1.000000 0.000000
vn -0.864905 0.044044 -0.500000
vn -0.050858 -0.998706 0.000000
vn -0.050858 -0.998706 0.000000
vn -0.864905 0.044044 0.500000
vn -0.050858 -0.998706 0.000000
vn -0.050858 -0.998706 0.000000
vn -0.861559 0.087842 -0.500000
vn -0.861559 0.087842 0.500000
vn -0.955314 0.295593 0.000000
vn -0.955314 0.295593 0.000000
vn -0.848417 0.173750 -0.500000
vn -0.848417 0.173750 0.500000
vn -0.514581 -0.376979 -0.770125
vn -0.514581 -0.376979 0.770125
vn -0.364633 0.303497 -0.880302
vn -0.364633 0.303497 0.880302
vn -0.827326 0.255991 -0.500000
vn -0.827326 0.255991 0.500000
vn -0.923030 0.384728 0.000000
vn -0.192360 0.166730 -0.967057
vn -0.192360 0.166730 0.967057
vn -0.354450 -0.376979 -0.855717
vn -0.354450 -0.376979 0.855717
vn -0.499353 0.025429 -0.866025
vn -0.050858 -0.998706 0.000000
vn -0.050858 -0.998706 0.000000
vn -0.499353 0.025429 0.866025
vn -0.050858 -0.998706 0.000000
vn -0.050858 -0.998706 0.000000
vn -0.497421 0.050715 -0.866025
vn -0.497421 0.050715 0.866025
vn -0.799367 0.333184 -0.500000
vn -0.799367 0.333184 0.500000
vn -0.189265 -0.242536 -0.951501
vn 0.000000 -1.000000 0.000000
vn -0.189265 -0.242536 0.951501
vn 0.000000 -1.000000 0.000000
vn -0.134545 -0.724138 -0.676404
vn 0.000000 1.000000 0.000000
vn -0.134545 -0.724138 0.676404
vn 0.000000 1.000000 0.000000
vn -0.489834 0.100314 -0.866025
vn -0.489834 0.100314 0.866025
vn -0.884289 0.466940 0.000000
vn -0.185888 0.303497 -0.934524
vn -0.185888 0.303497 0.934524
vn -0.477657 0.147796 -0.866025
vn -0.477657 0.147796 0.866025
vn -0.765817 0.404382 -0.500000
vn -0.765817 0.404382 0.500000
vn -0.180697 -0.376979 -0.908425
vn -0.180697 -0.376979 0.908425
vn -0.998706 0.050858 0.000000
vn -0.998706 0.050858 0.000000
vn -0.050858 -0.998706 0.000000
vn -0.050858 -0.998706 0.000000
vn -0.994843 0.101431 0.000000
vn -0.994843 0.101431 0.000000
vn -0.706192 0.035962 -0.707107
vn -0.050858 -0.998706 0.000000
vn -0.050858 -0.998706 0.000000
vn -0.706192 0.035962 0.707107
vn -0.050858 -0.998706 0.000000
vn -0.050858 -0.998706 0.000000
vn -0.979667 0.200629 0.000000
vn -0.979667 0.200629 0.000000
vn -0.703460 0.071722 -0.707107
vn -0.703460 0.071722 0.707107
vn -0.461515 0.192364 -0.866025
vn -0.461515 0.192364 0.866025
vn -0.840614 0.541635 0.000000
vn -0.692729 0.141866 -0.707107
vn -0.692729 0.141866 0.707107
vn -0.955314 0.295593 0.000000
vn -0.955314 0.295593 0.000000
vn -0.727993 0.469069 -0.500000
vn -0.727993 0.469069 0.500000
vn 0.000000 -1.000000 0.000000
vn 0.000000 -0.242536 -0.970142
vn 0.000000 -1.000000 0.000000
vn 0.000000 -1.000000 0.000000
vn 0.000000 -0.242536 0.970142
vn 0.000000 0.166730 -0.986003
vn 0.000000 0.166730 0.986003
vn 0.000000 0.303497 -0.952832
vn 0.000000 0.303497 0.952832
vn -0.050858 -0.998706 0.000000
vn -0.050858 -0.998706 0.000000
vn 0.000000 0.000000 -1.000000
vn -0.050858 -0.998706 0.000000
vn -0.050858 -0.998706 0.000000
vn -0.050858 -0.998706 0.000000
vn 0.000000 0.000000 1.000000
vn 0.000000 -0.376979 -0.926222
vn 0.000000 -0.376979 0.926222
vn -0.050858 -0.998706 0.000000
vn -0.050858 -0.998706 0.000000
vn 0.000000 0.000000 -1.000000
vn -0.050858 -0.998706 0.000000
vn -0.050858 -0.998706 0.000000
vn -0.050858 -0.998706 0.000000
vn 0.000000 0.000000 1.000000
vn 0.000000 -0.724138 -0.689655
vn 0.000000 1.000000 0.000000
vn 0.000000 1.000000 0.000000
vn 0.000000 -0.724138 0.689655
vn 0.000000 1.000000 0.000000
vn -0.675509 0.209016 -0.707107
vn -0.675509 0.209016 0.707107
vn 0.000000 0.000000 -1.000000
vn 0.000000 0.000000 1.000000
vn 0.000000 0.000000 -1.000000
vn 0.000000 0.000000 1.000000
vn -0.442145 0.233470 -0.866025
vn -0.442145 0.233470 0.866025
vn 0.000000 0.000000 -1.000000
vn 0.000000 0.000000 1.000000
vn 0.000000 0.000000 -1.000000
vn 0.000000 0.000000 1.000000
vn -0.923030 0.384728 0.000000
vn -0.652681 0.272044 -0.707107
vn -0.652681 0.272044 0.707107
vn -0.050858 -0.998706 0.000000
vn -0.050858 -0.998706 0.000000
vn 0.706192 -0.035962 -0.707107
vn -0.050858 -0.998706 0.000000
vn -0.050858 -0.998706 0.000000
vn 0.706192 -0.035962 0.707107
vn 0.000000 0.000000 -1.000000
vn 0.000000 0.000000 1.000000
vn 0.000000 0.000000 -1.000000
vn 0.000000 0.000000 1.000000
vn -0.793435 0.608656 0.000000
vn 0.703460 -0.071722 -0.707107
vn 0.703460 -0.071722 0.707107
vn -0.050858 -0.998706 0.000000
vn -0.050858 -0.998706 0.000000
vn 0.998706 -0.050858 0.000000
vn 0.692729 -0.141866 -0.707107
vn 0.692729 -0.141866 0.707107
vn 0.180697 -0.376979 -0.908425
vn 0.180697 -0.376979 0.908425
vn 0.994843 -0.101431 0.000000
vn -0.884289 0.466940 0.000000
vn -0.687134 0.527111 -0.500000
vn -0.687134 0.527111 0.500000
vn -0.420307 0.270817 -0.866025
vn -0.420307 0.270817 0.866025
vn 0.000000 0.000000 -1.000000
vn 0.000000 0.000000 -1.000000
vn 0.000000 0.000000 1.000000
vn 0.000000 0.000000 -1.000000
vn 0.000000 0.000000 -1.000000
vn 0.000000 0.000000 1.000000
vn 0.979667 -0.200629 0.000000
vn 0.185888 0.303497 -0.934524
vn 0.185888 0.303497 0.934524
vn -0.625287 0.330176 -0.707107
vn -0.625287 0.330176 0.707107
vn 0.675509 -0.209016 -0.707107
vn 0.675509 -0.209016 0.707107
vn 0.955314 -0.295593 0.000000
vn 0.000000 1.000000 0.000000
vn 0.134545 -0.724138 -0.676404
vn 0.000000 1.000000 0.000000
vn 0.134545 -0.724138 0.676404
vn 0.000000 -1.000000 0.000000
vn 0.189265 -0.242536 -0.951501
vn 0.000000 -1.000000 0.000000
vn 0.189265 -0.242536 0.951501
vn 0.652681 -0.272044 -0.707107
vn 0.652681 -0.272044 0.707107
vn -0.050858 -0.998706 0.000000
vn -0.050858 -0.998706 0.000000
vn 0.499353 -0.025429 -0.866025
vn -0.050858 -0.998706 0.000000
vn -0.050858 -0.998706 0.000000
vn 0.499353 -0.025429 0.866025
vn 0.354450 -0.376979 -0.855717
vn 0.354450 -0.376979 0.855717
vn 0.192360 0.166730 -0.967057
vn 0.192360 0.166730 0.967057
vn 0.000000 0.000000 -1.000000
vn 0.000000 0.000000 -1.000000
vn 0.000000 0.000000 1.000000
vn 0.000000 0.000000 -1.000000
vn 0.000000 0.000000 -1.000000
vn 0.000000 0.000000 1.000000
vn -0.840614 0.541635 0.000000
vn 0.497421 -0.050715 -0.866025
vn 0.497421 -0.050715 0.866025
vn -0.743996 0.668184 0.000000
vn 0.923030 -0.384728 0.000000
vn 0.489834 -0.100314 -0.866025
vn 0.489834 -0.100314 0.866025
vn -0.594404 0.382994 -0.707107
vn -0.594404 0.382994 0.707107
vn -0.396717 0.304328 -0.866025
vn -0.396717 0.304328 0.866025
vn -0.644320 0.578664 -0.500000
vn -0.644320 0.578664 0.500000
vn 0.364633 0.303497 -0.880302
vn 0.364633 0.303497 0.880302
vn 0.477657 -0.147796 -0.866025
vn 0.477657 -0.147796 0.866025
vn 0.625287 -0.330176 -0.707107
vn 0.625287 -0.330176 0.707107
vn 0.000000 0.000000 -1.000000
vn 0.000000 0.000000 -1.000000
vn 0.000000 0.000000 1.000000
vn 0.000000 0.000000 -1.000000
vn 0.000000 0.000000 -1.000000
vn 0.000000 0.000000 1.000000
vn 0.884289 -0.466940 0.000000
vn 0.514581 -0.376979 -0.770125
vn 0.514581 -0.376979 0.770125
vn -0.793435 0.608656 0.000000
vn 0.461515 -0.192364 -0.866025
vn 0.461515 -0.192364 0.866025
vn -0.561043 0.430385 -0.707107
vn -0.561043 0.430385 0.707107
vn -0.050858 -0.998706 0.000000
vn -0.050858 -0.998706 0.000000
vn 0.864905 -0.044044 -0.500000
vn -0.050858 -0.998706 0.000000
vn -0.050858 -0.998706 0.000000
vn 0.864905 -0.044044 0.500000
vn 0.000000 1.000000 0.000000
vn 0.263920 -0.724138 -0.637158
vn 0.000000 1.000000 0.000000
vn 0.263920 -0.724138 0.637158
vn 0.594404 -0.382994 -0.707107
vn 0.594404 -0.382994 0.707107
vn 0.861559 -0.087842 -0.500000
vn 0.861559 -0.087842 0.500000
vn -0.371998 0.334092 -0.866025
vn -0.371998 0.334092 0.866025
vn -0.693320 0.720630 0.000000
vn 0.000000 -1.000000 0.000000
vn 0.371257 -0.242536 -0.896295
vn 0.000000 -1.000000 0.000000
vn 0.371257 -0.242536 0.896295
vn 0.848417 -0.173750 -0.500000
vn 0.848417 -0.173750 0.500000
vn 0.654938 -0.376979 -0.654938
vn 0.654938 -0.376979 0.654938
vn 0.840614 -0.541635 0.000000
vn 0.442145 -0.233470 -0.866025
vn 0.442145 -0.233470 0.866025
vn 0.529365 0.303497 -0.792251
vn 0.529365 0.303497 0.792251
vn 0.000000 0.000000 -1.000000
vn 0.000000 0.000000 -1.000000
vn 0.000000 0.000000 1.000000
vn 0.000000 0.000000 -1.000000
vn 0.000000 0.000000 -1.000000
vn 0.000000 0.000000 1.000000
vn 0.377327 0.166730 -0.910948
vn 0.377327 0.166730 0.910948
vn -0.050858 -0.998706 0.000000
vn -0.050858 -0.998706 0.000000
vn 0.998706 -0.050858 0.000000
vn -0.600433 0.624083 -0.500000
vn -0.600433 0.624083 0.500000
vn 0.827326 -0.255991 -0.500000
vn 0.827326 -0.255991 0.500000
vn 0.994843 -0.101431 0.000000
vn 0.979667 -0.200629 0.000000
vn -0.743996 0.668184 0.000000
vn 0.770125 -0.376979 -0.514581
vn 0.770125 -0.376979 0.514581
vn 0.799367 -0.333184 -0.500000
vn 0.799367 -0.333184 0.500000
vn 0.561043 -0.430385 -0.707107
vn 0.561043 -0.430385 0.707107
vn 0.955314 -0.295593 0.000000
vn 0.420307 -0.270817 -0.866025
vn 0.420307 -0.270817 0.866025
vn -0.526085 0.472477 -0.707107
vn -0.526085 0.472477 0.707107
vn 0.793435 -0.608656 0.000000
vn 0.855717 -0.376979 -0.354450
vn 0.855717 -0.376979 0.354450
vn 0.673754 0.303497 -0.673754
vn 0.673754 0.303497 0.673754
vn 0.923030 -0.384728 0.000000
vn -0.346660 0.360315 -0.866025
vn -0.346660 0.360315 0.866025
vn 0.000000 1.000000 0.000000
vn 0.383152 -0.724138 -0.573427
vn 0.000000 1.000000 0.000000
vn 0.383152 -0.724138 0.573427
vn 0.765817 -0.404382 -0.500000
vn 0.765817 -0.404382 0.500000
vn 0.000000 0.000000 -1.000000
vn 0.000000 0.000000 -1.000000
vn 0.000000 0.000000 1.000000
vn 0.000000 0.000000 -1.000000
vn 0.000000 0.000000 -1.000000
vn 0.000000 0.000000 1.000000
vn 0.908425 -0.376979 -0.180697
vn 0.908425 -0.376979 0.180697
vn 0.926222 -0.376979 0.000000
vn 0.926222 -0.376979 0.000000
vn -0.642197 0.766539 0.000000
vn 0.000000 -1.000000 0.000000
vn 0.538982 -0.242536 -0.806644
vn 0.000000 -1.000000 0.000000
vn 0.538982 -0.242536 0.806644
vn 0.396717 -0.304328 -0.866025
vn 0.396717 -0.304328 0.866025
vn 0.884289 -0.466940 0.000000
vn 0.526085 -0.472477 -0.707107
vn 0.526085 -0.472477 0.707107
vn -0.556159 0.663843 -0.500000
vn -0.556159 0.663843 0.500000
vn -0.693320 0.720630 0.000000
vn 0.792251 0.303497 -0.529365
vn 0.792251 0.303497 0.529365
vn 0.547794 0.166730 -0.819831
vn 0.547794 0.166730 0.819831
vn 0.727993 -0.469069 -0.500000
vn 0.727993 -0.469069 0.500000
vn 0.743996 -0.668184 0.000000
vn -0.490252 0.509562 -0.707107
vn -0.490252 0.509562 0.707107
vn 0.840614 -0.541635 0.000000
vn 0.880302 0.303497 -0.364633
vn 0.880302 0.303497 0.364633
vn 0.000000 1.000000 0.000000
vn 0.487660 -0.724138 -0.487660
vn 0.000000 1.000000 0.000000
vn 0.487660 -0.724138 0.487660
vn 0.000000 0.000000 -1.000000
vn 0.000000 0.000000 -1.000000
vn 0.000000 0.000000 1.000000
vn 0.000000 0.000000 -1.000000
vn 0.000000 0.000000 -1.000000
vn 0.000000 0.000000 1.000000
vn 0.371998 -0.334092 -0.866025
vn 0.371998 -0.334092 0.866025
vn -0.321099 0.383270 -0.866025
vn -0.321099 0.383270 0.866025
vn 0.687134 -0.527111 -0.500000
vn 0.687134 -0.527111 0.500000
vn 0.934524 0.303497 -0.185888
vn 0.934524 0.303497 0.185888
vn 0.000000 -1.000000 0.000000
vn 0.685994 -0.242536 -0.685994
vn 0.000000 -1.000000 0.000000
vn 0.685994 -0.242536 0.685994
vn 0.952832 0.303497 0.000000
vn 0.952832 0.303497 0.000000
vn 0.490252 -0.509562 -0.707107
vn 0.490252 -0.509562 0.707107
vn -0.591209 0.806519 0.000000
vn 0.793435 -0.608656 0.000000
vn 0.693320 -0.720630 0.000000
vn -0.642197 0.766539 0.000000
vn 0.697209 0.166730 -0.697209
vn 0.697209 0.166730 0.697209
vn -0.512002 0.698466 -0.500000
vn -0.512002 0.698466 0.500000
vn -0.454102 0.542025 -0.707107
vn -0.454102 0.542025 0.707107
vn 0.000000 1.000000 0.000000
vn 0.573427 -0.724138 -0.383152
vn 0.000000 1.000000 0.000000
vn 0.573427 -0.724138 0.383152
vn 0.644320 -0.578664 -0.500000
vn 0.644320 -0.578664 0.500000
vn 0.346660 -0.360315 -0.866025
vn 0.346660 -0.360315 0.866025
vn 0.000000 0.000000 -1.000000
vn 0.000000 0.000000 -1.000000
vn 0.000000 0.000000 1.000000
vn 0.000000 0.000000 -1.000000
vn 0.000000 0.000000 -1.000000
vn 0.000000 0.000000 1.000000
vn 0.000000 -1.000000 0.000000
vn 0.806644 -0.242536 -0.538982
vn 0.000000 -1.000000 0.000000
vn 0.806644 -0.242536 0.538982
vn 0.743996 -0.668184 0.000000
vn -0.295604 0.403259 -0.866025
vn -0.295604 0.403259 0.866025
vn 0.454102 -0.542025 -0.707107
vn 0.454102 -0.542025 0.707107
vn 0.000000 1.000000 0.000000
vn 0.637158 -0.724138 -0.263920
vn 0.000000 1.000000 0.000000
vn 0.637158 -0.724138 0.263920
vn 0.642197 -0.766539 0.000000
vn 0.819831 0.166730 -0.547794
vn 0.819831 0.166730 0.547794
vn 0.600433 -0.624083 -0.500000
vn 0.600433 -0.624083 0.500000
vn -0.591209 0.806519 0.000000
vn 0.000000 -1.000000 0.000000
vn 0.896295 -0.242536 -0.371257
vn 0.000000 -1.000000 0.000000
vn 0.896295 -0.242536 0.371257
vn 0.000000 1.000000 0.000000
vn 0.676404 -0.724138 -0.134545
vn 0.000000 1.000000 0.000000
vn 0.676404 -0.724138 0.134545
vn -0.540758 0.841178 0.000000
vn -0.418048 0.570295 -0.707107
vn -0.418048 0.570295 0.707107
vn 0.000000 1.000000 0.000000
vn 0.689655 -0.724138 0.000000
vn 0.689655 -0.724138 0.000000
vn 0.321099 -0.383270 -0.866025
vn 0.321099 -0.383270 0.866025
vn 0.693320 -0.720630 0.000000
vn -0.468310 0.728482 -0.500000
vn -0.468310 0.728482 0.500000
vn 0.000000 -1.000000 0.000000
vn 0.951501 -0.242536 -0.189265
vn 0.000000 -1.000000 0.000000
vn 0.951501 -0.242536 0.189265
vn 0.000000 0.000000 -1.000000
vn 0.000000 0.000000 -1.000000
vn 0.000000 0.000000 1.000000
vn 0.000000 0.000000 -1.000000
vn 0.000000 0.000000 -1.000000
vn 0.000000 0.000000 1.000000
vn 0.910948 0.166730 -0.377327
vn 0.910948 0.166730 0.377327
vn 0.000000 -1.000000 0.000000
vn 0.970142 -0.242536 0.000000
vn 0.970142 -0.242536 0.000000
vn 0.418048 -0.570295 -0.707107
vn 0.418048 -0.570295 0.707107
vn 0.591209 -0.806519 0.000000
vn -0.270379 0.420589 -0.866025
vn -0.270379 0.420589 0.866025
vn 0.556159 -0.663843 -0.500000
vn 0.556159 -0.663843 0.500000
vn 0.967057 0.166730 -0.192360
vn 0.967057 0.166730 0.192360
vn 0.986003 0.166730 0.000000
vn 0.986003 0.166730 0.000000
vn 0.642197 -0.766539 0.000000
vn -0.540758 0.841178 0.000000
vn 0.295604 -0.403259 -0.866025
vn 0.295604 -0.403259 0.866025
vn -0.382373 0.594803 -0.707107
vn -0.382373 0.594803 0.707107
vn -0.491102 0.871102 0.000000
vn 0.000000 0.000000 -1.000000
vn 0.000000 0.000000 -1.000000
vn 0.000000 0.000000 1.000000
vn 0.000000 0.000000 -1.000000
vn 0.000000 0.000000 -1.000000
vn 0.000000 0.000000 1.000000
vn -0.425307 0.754397 -0.500000
vn -0.425307 0.754397 0.500000
vn 0.512002 -0.698466 -0.500000
vn 0.512002 -0.698466 0.500000
vn 0.382373 -0.594803 -0.707107
vn 0.382373 -0.594803 0.707107
vn 0.540758 -0.841178 0.000000
vn 0.591209 -0.806519 0.000000
vn -0.245551 0.435551 -0.866025
vn -0.245551 0.435551 0.866025
vn 0.270379 -0.420589 -0.866025
vn 0.270379 -0.420589 0.866025
vn -0.491102 0.871102 0.000000
vn -0.347261 0.615962 -0.707107
vn -0.347261 0.615962 0.707107
vn 0.000000 0.000000 -1.000000
vn 0.000000 0.000000 -1.000000
vn 0.000000 0.000000 1.000000
vn 0.000000 0.000000 -1.000000
vn 0.000000 0.000000 -1.000000
vn 0.000000 0.000000 1.000000
vn 0.468310 -0.728482 -0.500000
vn 0.468310 -0.728482 0.500000
vn -0.442387 0.896824 0.000000
vn 0.540758 -0.841178 0.000000
vn 0.347261 -0.615962 -0.707107
vn 0.347261 -0.615962 0.707107
vn -0.383118 0.776673 -0.500000
vn -0.383118 0.776673 0.500000
vn 0.491102 -0.871102 0.000000
vn 0.245551 -0.435551 -0.866025
vn 0.245551 -0.435551 0.866025
vn -0.221193 0.448412 -0.866025
vn -0.221193 0.448412 0.866025
vn -0.442387 0.896824 0.000000
vn -0.312815 0.634151 -0.707107
vn -0.312815 0.634151 0.707107
vn 0.425307 -0.754397 -0.500000
vn 0.425307 -0.754397 0.500000
vn 0.000000 0.000000 -1.000000
vn 0.000000 0.000000 -1.000000
vn 0.000000 0.000000 1.000000
vn 0.000000 0.000000 -1.000000
vn 0.000000 0.000000 -1.000000
vn 0.000000 0.000000 1.000000
vn 0.491102 -0.871102 0.000000
vn 0.312815 -0.634151 -0.707107
vn 0.312815 -0.634151 0.707107
vn 0.442387 -0.896824 0.000000
vn -0.394674 0.918821 0.000000
vn -0.341797 0.795723 -0.500000
vn -0.341797 0.795723 0.500000
vn 0.221193 -0.448412 -0.866025
vn 0.221193 -0.448412 0.866025
vn -0.197337 0.459411 -0.866025
vn -0.197337 0.459411 0.866025
vn 0.383118 -0.776673 -0.500000
vn 0.383118 -0.776673 0.500000
vn -0.394674 0.918821 0.000000
vn -0.279076 0.649705 -0.707107
vn -0.279076 0.649705 0.707107
vn 0.442387 -0.896824 0.000000
vn 0.000000 0.000000 -1.000000
vn 0.000000 0.000000 -1.000000
vn 0.000000 0.000000 1.000000
vn 0.000000 0.000000 -1.000000
vn 0.000000 0.000000 -1.000000
vn 0.000000 0.000000 1.000000
vn 0.279076 -0.649705 -0.707107
vn 0.279076 -0.649705 0.707107
vn 0.394674 -0.918821 0.000000
vn -0.347960 0.937509 0.000000
vn 0.197337 -0.459411 -0.866025
vn 0.197337 -0.459411 0.866025
vn -0.301342 0.811907 -0.500000
vn -0.301342 0.811907 0.500000
vn 0.341797 -0.795723 -0.500000
vn 0.341797 -0.795723 0.500000
vn -0.173980 0.468755 -0.866025
vn -0.173980 0.468755 0.866025
vn 0.394674 -0.918821 0.000000
vn -0.347960 0.937509 0.000000
vn -0.246045 0.662919 -0.707107
vn -0.246045 0.662919 0.707107
vn 0.000000 0.000000 -1.000000
vn 0.000000 0.000000 -1.000000
vn 0.000000 0.000000 1.000000
vn 0.000000 0.000000 -1.000000
vn 0.000000 0.000000 -1.000000
vn 0.000000 0.000000 1.000000
vn 0.246045 -0.662919 -0.707107
vn 0.246045 -0.662919 0.707107
vn 0.347960 -0.937509 0.000000
vn 0.173980 -0.468755 -0.866025
vn 0.173980 -0.468755 0.866025
vn -0.302200 0.953245 0.000000
vn -0.261713 0.825534 -0.500000
vn -0.261713 0.825534 0.500000
vn 0.301342 -0.811907 -0.500000
vn 0.301342 -0.811907 0.500000
vn 0.347960 -0.937509 0.000000
vn -0.151100 0.476622 -0.866025
vn -0.151100 0.476622 0.866025
vn -0.302200 0.953245 0.000000
vn -0.213687 0.674046 -0.707107
vn -0.213687 0.674046 0.707107
vn 0.000000 0.000000 -1.000000
vn 0.000000 0.000000 -1.000000
vn 0.000000 0.000000 1.000000
vn 0.000000 0.000000 -1.000000
vn 0.000000 0.000000 -1.000000
vn 0.000000 0.000000 1.000000
vn 0.213687 -0.674046 -0.707107
vn 0.213687 -0.674046 0.707107
vn 0.302200 -0.953245 0.000000
vn 0.151100 -0.476622 -0.866025
vn 0.151100 -0.476622 0.866025
vn 0.261713 -0.825534 -0.500000
vn 0.261713 -0.825534 0.500000
vn 0.302200 -0.953245 0.000000
vn -0.257314 0.966328 0.000000
vn -0.222840 0.836864 -0.500000
vn -0.222840 0.836864 0.500000
vn -0.128657 0.483164 -0.866025
vn -0.128657 0.483164 0.866025
vn -0.257314 0.966328 0.000000
vn -0.181948 0.683297 -0.707107
vn -0.181948 0.683297 0.707107
vn 0.000000 0.000000 -1.000000
vn 0.000000 0.000000 -1.000000
vn 0.000000 0.000000 1.000000
vn 0.000000 0.000000 -1.000000
vn 0.000000 0.000000 -1.000000
vn 0.000000 0.000000 1.000000
vn 0.181948 -0.683297 -0.707107
vn 0.181948 -0.683297 0.707107
vn 0.257314 -0.966328 0.000000
vn 0.128657 -0.483164 -0.866025
vn 0.128657 -0.483164 0.866025
vn 0.222840 -0.836864 -0.500000
vn 0.222840 -0.836864 0.500000
vn 0.257314 -0.966328 0.000000
vn -0.213203 0.977008 0.000000
vn -0.184639 0.846114 -0.500000
vn -0.184639 0.846114 0.500000
vn -0.106602 0.488504 -0.866025
vn -0.106602 0.488504 0.866025
vn -0.213203 0.977008 0.000000
vn -0.150757 0.690849 -0.707107
vn -0.150757 0.690849 0.707107
vn 0.000000 0.000000 -1.000000
vn 0.000000 0.000000 -1.000000
vn 0.000000 0.000000 1.000000
vn 0.000000 0.000000 -1.000000
vn 0.000000 0.000000 -1.000000
vn 0.000000 0.000000 1.000000
vn 0.150757 -0.690849 -0.707107
vn 0.150757 -0.690849 0.707107
vn 0.213203 -0.977008 0.000000
vn 0.106602 -0.488504 -0.866025
vn 0.106602 -0.488504 0.866025
vn 0.184639 -0.846114 -0.500000
vn 0.184639 -0.846114 0.500000
vn 0.213203 -0.977008 0.000000
vn -0.169753 0.985487 0.000000
vn -0.147010 0.853456 -0.500000
vn -0.147010 0.853456 0.500000
vn -0.084877 0.492743 -0.866025
vn -0.084877 0.492743 0.866025
vn -0.169753 0.985487 0.000000
vn -0.120034 0.696844 -0.707107
vn -0.120034 0.696844 0.707107
vn 0.000000 0.000000 -1.000000
vn 0.000000 0.000000 -1.000000
vn 0.000000 0.000000 1.000000
vn 0.000000 0.000000 -1.000000
vn 0.000000 0.000000 -1.000000
vn 0.000000 0.000000 1.000000
vn 0.120034 -0.696844 -0.707107
vn 0.120034 -0.696844 0.707107
vn 0.169753 -0.985487 0.000000
vn 0.084877 -0.492743 -0.866025
vn 0.084877 -0.492743 0.866025
vn 0.147010 -0.853456 -0.500000
vn 0.147010 -0.853456 0.500000
vn 0.169753 -0.985487 0.000000
vn -0.126839 0.991923 0.000000
vn -0.109846 0.859031 -0.500000
vn -0.109846 0.859031 0.500000
vn -0.063420 0.495962 -0.866025
vn -0.063420 0.495962 0.866025
vn -0.126839 0.991923 0.000000
vn -0.089689 0.701396 -0.707107
vn -0.089689 0.701396 0.707107
vn 0.000000 0.000000 -1.000000
vn 0.000000 0.000000 -1.000000
vn 0.000000 0.000000 1.000000
vn 0.000000 0.000000 -1.000000
vn 0.000000 0.000000 -1.000000
vn 0.000000 0.000000 1.000000
vn 0.089689 -0.701396 -0.707107
vn 0.089689 -0.701396 0.707107
vn 0.126839 -0.991923 0.000000
vn 0.063420 -0.495962 -0.866025
vn 0.063420 -0.495962 0.866025
vn 0.109846 -0.859031 -0.500000
vn 0.109846 -0.859031 0.500000
vn 0.126839 -0.991923 0.000000
vn -0.084332 0.996438 0.000000
vn -0.073034 0.862940 -0.500000
vn -0.073034 0.862940 0.500000
vn -0.042166 0.498219 -0.866025
vn -0.042166 0.498219 0.866025
vn -0.084332 0.996438 0.000000
vn -0.059632 0.704588 -0.707107
vn -0.059632 0.704588 0.707107
vn 0.000000 0.000000 -1.000000
vn 0.000000 0.000000 -1.000000
vn 0.000000 0.000000 1.000000
vn 0.000000 0.000000 -1.000000
vn 0.000000 0.000000 -1.000000
vn 0.000000 0.000000 1.000000
vn 0.059632 -0.704588 -0.707107
vn 0.059632 -0.704588 0.707107
vn 0.084332 -0.996438 0.000000
vn 0.042166 -0.498219 -0.866025
vn 0.042166 -0.498219 0.866025
vn 0.073034 -0.862940 -0.500000
vn 0.073034 -0.862940 0.500000
vn 0.084332 -0.996438 0.000000
vn -0.042098 0.999113 0.000000
vn -0.036458 0.865258 -0.500000
vn -0.036458 0.865258 0.500000
vn -0.021049 0.499557 -0.866025
vn -0.021049 0.499557 0.866025
vn -0.042098 0.999113 0.000000
vn -0.029768 0.706480 -0.707107
vn -0.029768 0.706480 0.707107
vn 0.000000 0.000000 -1.000000
vn 0.000000 0.000000 -1.000000
vn 0.000000 0.000000 1.000000
vn 0.000000 0.000000 -1.000000
vn 0.000000 0.000000 -1.000000
vn 0.000000 0.000000 1.000000
vn 0.029768 -0.706480 -0.707107
vn 0.029768 -0.706480 0.707107
vn 0.042098 -0.999113 0.000000
vn 0.021049 -0.499557 -0.866025
vn 0.021049 -0.499557 0.866025
vn 0.036458 -0.865258 -0.500000
vn 0.036458 -0.865258 0.500000
vn 0.042098 -0.999113 0.000000
vn 0.000000 -1.000000 0.000000
vn 0.000000 -0.866025 -0.500000
vn 0.000000 -0.866025 0.500000
vn 0.000000 -0.500000 -0.866025
vn 0.000000 -0.500000 0.866025
vn 0.000000 0.000000 -1.000000
vn 0.000000 0.000000 -1.000000
vn 0.000000 0.000000 1.000000
vn 0.000000 0.500000 -0.866025
vn 0.000000 0.500000 0.866025
vn 0.000000 -1.000000 0.000000
vn 0.000000 -0.707107 -0.707107
vn 0.000000 -0.707107 0.707107
vn 0.000000 0.866025 -0.500000
vn 0.000000 0.866025 0.500000
vn 0.000000 0.000000 -1.000000
vn 0.000000 0.000000 -1.000000
vn 0.000000 0.000000 1.000000
vn 0.000000 1.000000 0.000000
vn 0.000000 0.707107 -0.707107
vn 0.000000 0.707107 0.707107
vn 0.000000 1.000000 0.000000
vn -0.042098 -0.999113 0.000000
vn -0.036458 -0.865258 -0.500000
vn -0.036458 -0.865258 0.500000
vn -0.021049 -0.499557 -0.866025
vn -0.021049 -0.499557 0.866025
vn -0.042098 -0.999113 0.000000
vn -0.029768 -0.706480 -0.707107
vn -0.029768 -0.706480 0.707107
vn 0.000000 0.000000 -1.000000
vn 0.000000 0.000000 -1.000000
vn 0.000000 0.000000 1.000000
vn 0.000000 0.000000 -1.000000
vn 0.000000 0.000000 -1.000000
vn 0.000000 0.000000 1.000000
vn 0.029768 0.706480 -0.707107
vn 0.029768 0.706480 0.707107
vn 0.042098 0.999113 0.000000
vn 0.021049 0.499557 -0.866025
vn 0.021049 0.499557 0.866025
vn 0.036458 0.865258 -0.500000
vn 0.036458 0.865258 0.500000
vn 0.042098 0.999113 0.000000
vn -0.084332 -0.996438 0.000000
vn -0.073034 -0.862940 -0.500000
vn -0.073034 -0.862940 0.500000
vn -0.042166 -0.498219 -0.866025
vn -0.042166 -0.498219 0.866025
vn -0.084332 -0.996438 0.000000
vn -0.059632 -0.704588 -0.707107
vn -0.059632 -0.704588 0.707107
vn 0.000000 0.000000 -1.000000
vn 0.000000 0.000000 -1.000000
vn 0.000000 0.000000 1.000000
vn 0.000000 0.000000 -1.000000
vn 0.000000 0.000000 -1.000000
vn 0.000000 0.000000 1.000000
vn 0.059632 0.704588 -0.707107
vn 0.059632 0.704588 0.707107
vn 0.084332 0.996438 0.000000
vn 0.042166 0.498219 -0.866025
vn 0.042166 0.498219 0.866025
vn 0.073034 0.862940 -0.500000
vn 0.073034 0.862940 0.500000
vn 0.084332 0.996438 0.000000
vn -0.126839 -0.991923 0.000000
vn -0.109846 -0.859031 -0.500000
vn -0.109846 -0.859031 0.500000
vn -0.063420 -0.495962 -0.866025
vn -0.063420 -0.495962 0.866025
vn -0.126839 -0.991923 0.000000
vn -0.089689 -0.701396 -0.707107
vn -0.089689 -0.701396 0.707107
vn 0.000000 0.000000 -1.000000
vn 0.000000 0.000000 -1.000000
vn 0.000000 0.000000 1.000000
vn 0.000000 0.000000 -1.000000
vn 0.000000 0.000000 -1.000000
vn 0.000000 0.000000 1.000000
vn 0.089689 0.701396 -0.707107
vn 0.089689 0.701396 0.707107
vn 0.126839 0.991923 0.000000
vn 0.063420 0.495962 -0.866025
vn 0.063420 0.495962 0.866025
vn 0.109846 0.859031 -0.500000
vn 0.109846 0.859031 0.500000
vn 0.126839 0.991923 0.000000
vn -0.169753 -0.985487 0.000000
vn -0.147010 -0.853456 -0.500000
vn -0.147010 -0.853456 0.500000
vn -0.084877 -0.492743 -0.866025
vn -0.084877 -0.492743 0.866025
vn -0.169753 -0.985487 0.000000
vn -0.120034 -0.696844 -0.707107
vn -0.120034 -0.696844 0.707107
vn 0.000000 0.000000 -1.000000
vn 0.000000 0.000000 -1.000000
vn 0.000000 0.000000 1.000000
vn 0.000000 0.000000 -1.000000
vn 0.000000 0.000000 -1.000000
vn 0.000000 0.000000 1.000000
vn 0.120034 0.696844 -0.707107
vn 0.120034 0.696844 0.707107
vn 0.169753 0.985487 0.000000
vn 0.084877 0.492743 -0.866025
vn 0.084877 0.492743 0.866025
vn 0.147010 0.853456 -0.500000
vn 0.147010 0.853456 0.500000
vn 0.169753 0.985487 0.000000
vn -0.213203 -0.977008 0.000000
vn -0.184639 -0.846114 -0.500000
vn -0.184639 -0.846114 0.500000
vn -0.106602 -0.488504 -0.866025
vn -0.106602 -0.488504 0.866025
vn -0.213203 -0.977008 0.000000
vn -0.150757 -0.690849 -0.707107
vn -0.150757 -0.690849 0.707107
vn 0.000000 0.000000 -1.000000
vn 0.000000 0.000000 -1.000000
vn 0.000000 0.000000 1.000000
vn 0.000000 0.000000 -1.000000
vn 0.000000 0.000000 -1.000000
vn 0.000000 0.000000 1.000000
vn 0.150757 0.690849 -0.707107
vn 0.150757 0.690849 0.707107
vn 0.213203 0.977008 0.000000
vn 0.106602 0.488504 -0.866025
vn 0.106602 0.488504 0.866025
vn 0.184639 0.846114 -0.500000
vn 0.184639 0.846114 0.500000
vn 0.213203 0.977008 0.000000
vn -0.257314 -0.966328 0.000000
vn -0.222840 -0.836864 -0.500000
vn -0.222840 -0.836864 0.500000
vn -0.128657 -0.483164 -0.866025
vn -0.128657 -0.483164 0.866025
vn -0.257314 -0.966328 0.000000
vn -0.181948 -0.683297 -0.707107
vn -0.181948 -0.683297 0.707107
vn 0.000000 0.000000 -1.000000
vn 0.000000 0.000000 -1.000000
vn 0.000000 0.000000 1.000000
vn 0.000000 0.000000 -1.000000
vn 0.000000 0.000000 -1.000000
vn 0.000000 0.000000 1.000000
vn 0.181948 0.683297 -0.707107
vn 0.181948 0.683297 0.707107
vn 0.257314 0.966328 0.000000
vn 0.128657 0.483164 -0.866025
vn 0.128657 0.483164 0.866025
vn 0.222840 0.836864 -0.500000
vn 0.222840 0.836864 0.500000
vn 0.257314 0.966328 0.000000
vn -0.302200 -0.953245 0.000000
vn -0.261713 -0.825534 -0.500000
vn -0.261713 -0.825534 0.500000
vn -0.151100 -0.476622 -0.866025
vn -0.151100 -0.476622 0.866025
vn -0.302200 -0.953245 0.000000
vn -0.213687 -0.674046 -0.707107
vn -0.213687 -0.674046 0.707107
vn 0.000000 0.000000 -1.000000
vn 0.000000 0.000000 -1.000000
vn 0.000000 0.000000 1.000000
vn 0.000000 0.000000 -1.000000
vn 0.000000 0.000000 -1.000000
vn 0.000000 0.000000 1.000000
vn 0.213687 0.674046 -0.707107
vn 0.213687 0.674046 0.707107
vn 0.302200 0.953245 0.000000
vn 0.151100 0.476622 -0.866025
vn 0.151100 0.476622 0.866025
vn -0.347960 -0.937509 0.000000
vn -0.301342 -0.811907 -0.500000
vn -0.301342 -0.811907 0.500000
vn 0.261713 0.825534 -0.500000
vn 0.261713 0.825534 0.500000
vn 0.302200 0.953245 0.000000
vn -0.173980 -0.468755 -0.866025
vn -0.173980 -0.468755 0.866025
vn -0.347960 -0.937509 0.000000
vn -0.246045 -0.662919 -0.707107
vn -0.246045 -0.662919 0.707107
vn 0.000000 0.000000 -1.000000
vn 0.000000 0.000000 -1.000000
vn 0.000000 0.000000 1.000000
vn 0.000000 0.000000 -1.000000
vn 0.000000 0.000000 -1.000000
vn 0.000000 0.000000 1.000000
vn 0.246045 0.662919 -0.707107
vn 0.246045 0.662919 0.707107
vn 0.347960 0.937509 0.000000
vn -0.394674 -0.918821 0.000000
vn 0.173980 0.468755 -0.866025
vn 0.173980 0.468755 0.866025
vn -0.341797 -0.795723 -0.500000
vn -0.341797 -0.795723 0.500000
vn 0.301342 0.811907 -0.500000
vn 0.301342 0.811907 0.500000
vn -0.197337 -0.459411 -0.866025
vn -0.197337 -0.459411 0.866025
vn 0.347960 0.937509 0.000000
vn -0.394674 -0.918821 0.000000
vn -0.279076 -0.649705 -0.707107
vn -0.279076 -0.649705 0.707107
vn 0.000000 0.000000 -1.000000
vn 0.000000 0.000000 -1.000000
vn 0.000000 0.000000 1.000000
vn 0.000000 0.000000 -1.000000
vn 0.000000 0.000000 -1.000000
vn 0.000000 0.000000 1.000000
vn -0.442387 -0.896824 0.000000
vn 0.279076 0.649705 -0.707107
vn 0.279076 0.649705 0.707107
vn 0.394674 0.918821 0.000000
vn -0.383118 -0.776673 -0.500000
vn -0.383118 -0.776673 0.500000
vn 0.197337 0.459411 -0.866025
vn 0.197337 0.459411 0.866025
vn -0.221193 -0.448412 -0.866025
vn -0.221193 -0.448412 0.866025
vn 0.341797 0.795723 -0.500000
vn 0.341797 0.795723 0.500000
vn 0.394674 0.918821 0.000000
vn -0.442387 -0.896824 0.000000
vn -0.312815 -0.634151 -0.707107
vn -0.312815 -0.634151 0.707107
vn -0.491102 -0.871102 0.000000
vn 0.000000 0.000000 -1.000000
vn 0.000000 0.000000 -1.000000
vn 0.000000 0.000000 1.000000
vn 0.000000 0.000000 -1.000000
vn 0.000000 0.000000 -1.000000
vn 0.000000 0.000000 1.000000
vn -0.425307 -0.754397 -0.500000
vn -0.425307 -0.754397 0.500000
vn 0.312815 0.634151 -0.707107
vn 0.312815 0.634151 0.707107
vn 0.442387 0.896824 0.000000
vn 0.221193 0.448412 -0.866025
vn 0.221193 0.448412 0.866025
vn -0.245551 -0.435551 -0.866025
vn -0.245551 -0.435551 0.866025
vn -0.491102 -0.871102 0.000000
vn 0.383118 0.776673 -0.500000
vn 0.383118 0.776673 0.500000
vn -0.347261 -0.615962 -0.707107
vn -0.347261 -0.615962 0.707107
vn -0.540758 -0.841178 0.000000
vn 0.442387 0.896824 0.000000
vn -0.468310 -0.728482 -0.500000
vn -0.468310 -0.728482 0.500000
vn 0.000000 0.000000 -1.000000
vn 0.000000 0.000000 -1.000000
vn 0.000000 0.000000 1.000000
vn 0.000000 0.000000 -1.000000
vn 0.000000 0.000000 -1.000000
vn 0.000000 0.000000 1.000000
vn 0.347261 0.615962 -0.707107
vn 0.347261 0.615962 0.707107
vn 0.491102 0.871102 0.000000
vn -0.270379 -0.420589 -0.866025
vn -0.270379 -0.420589 0.866025
vn 0.245551 0.435551 -0.866025
vn 0.245551 0.435551 0.866025
vn -0.591209 -0.806519 0.000000
vn -0.540758 -0.841178 0.000000
vn -0.382373 -0.594803 -0.707107
vn -0.382373 -0.594803 0.707107
vn -0.512002 -0.698466 -0.500000
vn -0.512002 -0.698466 0.500000
vn 0.425307 0.754397 -0.500000
vn 0.425307 0.754397 0.500000
vn 0.000000 0.000000 -1.000000
vn 0.000000 0.000000 -1.000000
vn 0.000000 0.000000 1.000000
vn 0.000000 0.000000 -1.000000
vn 0.000000 0.000000 -1.000000
vn 0.000000 0.000000 1.000000
vn 0.491102 0.871102 0.000000
vn 0.382373 0.594803 -0.707107
vn 0.382373 0.594803 0.707107
vn -0.295604 -0.403259 -0.866025
vn -0.295604 -0.403259 0.866025
vn 0.540758 0.841178 0.000000
vn -0.642197 -0.766539 0.000000
vn -0.986003 0.166730 0.000000
vn -0.967057 0.166730 -0.192360
vn -0.967057 0.166730 0.192360
vn -0.556159 -0.663843 -0.500000
vn -0.556159 -0.663843 0.500000
vn 0.270379 0.420589 -0.866025
vn 0.270379 0.420589 0.866025
vn -0.591209 -0.806519 0.000000
vn -0.418048 -0.570295 -0.707107
vn -0.418048 -0.570295 0.707107
vn -0.970142 -0.242536 0.000000
vn 0.000000 -1.000000 0.000000
vn -0.910948 0.166730 -0.377327
vn -0.910948 0.166730 0.377327
vn 0.000000 0.000000 -1.000000
vn 0.000000 0.000000 -1.000000
vn 0.000000 0.000000 1.000000
vn 0.000000 0.000000 -1.000000
vn 0.000000 0.000000 -1.000000
vn 0.000000 0.000000 1.000000
vn -0.951501 -0.242536 -0.189265
vn 0.000000 -1.000000 0.000000
vn -0.951501 -0.242536 0.189265
vn 0.000000 -1.000000 0.000000
vn 0.468310 0.728482 -0.500000
vn 0.468310 0.728482 0.500000
vn -0.693320 -0.720630 0.000000
vn -0.321099 -0.383270 -0.866025
vn -0.321099 -0.383270 0.866025
vn -0.689655 -0.724138 0.000000
vn 0.000000 1.000000 0.000000
vn 0.418048 0.570295 -0.707107
vn 0.418048 0.570295 0.707107
vn 0.540758 0.841178 0.000000
vn -0.676404 -0.724138 -0.134545
vn 0.000000 1.000000 0.000000
vn -0.676404 -0.724138 0.134545
vn 0.000000 1.000000 0.000000
vn -0.896295 -0.242536 -0.371257
vn 0.000000 -1.000000 0.000000
vn -0.896295 -0.242536 0.371257
vn 0.000000 -1.000000 0.000000
vn 0.591209 0.806519 0.000000
vn -0.600433 -0.624083 -0.500000
vn -0.600433 -0.624083 0.500000
vn -0.819831 0.166730 -0.547794
vn -0.819831 0.166730 0.547794
vn -0.642197 -0.766539 0.000000
vn -0.637158 -0.724138 -0.263920
vn 0.000000 1.000000 0.000000
vn -0.637158 -0.724138 0.263920
vn 0.000000 1.000000 0.000000
vn -0.454102 -0.542025 -0.707107
vn -0.454102 -0.542025 0.707107
vn 0.295604 0.403259 -0.866025
vn 0.295604 0.403259 0.866025
vn -0.743996 -0.668184 0.000000
vn -0.806644 -0.242536 -0.538982
vn 0.000000 -1.000000 0.000000
vn -0.806644 -0.242536 0.538982
vn 0.000000 -1.000000 0.000000
vn 0.000000 0.000000 -1.000000
vn 0.000000 0.000000 -1.000000
vn 0.000000 0.000000 1.000000
vn 0.000000 0.000000 -1.000000
vn 0.000000 0.000000 -1.000000
vn 0.000000 0.000000 1.000000
vn -0.346660 -0.360315 -0.866025
vn -0.346660 -0.360315 0.866025
vn -0.644320 -0.578664 -0.500000
vn -0.644320 -0.578664 0.500000
vn -0.573427 -0.724138 -0.383152
vn 0.000000 1.000000 0.000000
vn -0.573427 -0.724138 0.383152
vn 0.000000 1.000000 0.000000
vn 0.454102 0.542025 -0.707107
vn 0.454102 0.542025 0.707107
vn 0.512002 0.698466 -0.500000
vn 0.512002 0.698466 0.500000
vn -0.697209 0.166730 -0.697209
vn -0.697209 0.166730 0.697209
vn 0.642197 0.766539 0.000000
vn -0.693320 -0.720630 0.000000
vn -0.793435 -0.608656 0.000000
vn 0.591209 0.806519 0.000000
vn -0.490252 -0.509562 -0.707107
vn -0.490252 -0.509562 0.707107
vn -0.952832 0.303497 0.000000
vn -0.685994 -0.242536 -0.685994
vn 0.000000 -1.000000 0.000000
vn -0.685994 -0.242536 0.685994
vn 0.000000 -1.000000 0.000000
vn -0.934524 0.303497 -0.185888
vn -0.934524 0.303497 0.185888
vn -0.687134 -0.527111 -0.500000
vn -0.687134 -0.527111 0.500000
vn 0.321099 0.383270 -0.866025
vn 0.321099 0.383270 0.866025
vn -0.371998 -0.334092 -0.866025
vn -0.371998 -0.334092 0.866025
vn 0.000000 0.000000 -1.000000
vn 0.000000 0.000000 -1.000000
vn 0.000000 0.000000 1.000000
vn 0.000000 0.000000 -1.000000
vn 0.000000 0.000000 -1.000000
vn 0.000000 0.000000 1.000000
vn -0.487660 -0.724138 -0.487660
vn 0.000000 1.000000 0.000000
vn -0.487660 -0.724138 0.487660
vn 0.000000 1.000000 0.000000
vn -0.880302 0.303497 -0.364633
vn -0.880302 0.303497 0.364633
vn -0.840614 -0.541635 0.000000
vn 0.490252 0.509562 -0.707107
vn 0.490252 0.509562 0.707107
vn -0.743996 -0.668184 0.000000
vn -0.727993 -0.469069 -0.500000
vn -0.727993 -0.469069 0.500000
vn -0.547794 0.166730 -0.819831
vn -0.547794 0.166730 0.819831
vn -0.792251 0.303497 -0.529365
vn -0.792251 0.303497 0.529365
vn 0.693320 0.720630 0.000000
vn 0.556159 0.663843 -0.500000
vn 0.556159 0.663843 0.500000
vn -0.526085 -0.472477 -0.707107
vn -0.526085 -0.472477 0.707107
vn -0.884289 -0.466940 0.000000
vn -0.396717 -0.304328 -0.866025
vn -0.396717 -0.304328 0.866025
vn -0.538982 -0.242536 -0.806644
vn 0.000000 -1.000000 0.000000
vn -0.538982 -0.242536 0.806644
vn 0.000000 -1.000000 0.000000
vn 0.642197 0.766539 0.000000
vn -0.926222 -0.376979 0.000000
vn -0.908425 -0.376979 -0.180697
vn -0.908425 -0.376979 0.180697
vn 0.000000 0.000000 -1.000000
vn 0.000000 0.000000 -1.000000
vn 0.000000 0.000000 1.000000
vn 0.000000 0.000000 -1.000000
vn 0.000000 0.000000 -1.000000
vn 0.000000 0.000000 1.000000
vn -0.765817 -0.404382 -0.500000
vn -0.765817 -0.404382 0.500000
vn -0.383152 -0.724138 -0.573427
vn 0.000000 1.000000 0.000000
vn -0.383152 -0.724138 0.573427
vn 0.000000 1.000000 0.000000
vn 0.346660 0.360315 -0.866025
vn 0.346660 0.360315 0.866025
vn -0.923030 -0.384728 0.000000
vn -0.673754 0.303497 -0.673754
vn -0.673754 0.303497 0.673754
vn -0.855717 -0.376979 -0.354450
vn -0.855717 -0.376979 0.354450
vn -0.793435 -0.608656 0.000000
vn 0.526085 0.472477 -0.707107
vn 0.526085 0.472477 0.707107
vn -0.420307 -0.270817 -0.866025
vn -0.420307 -0.270817 0.866025
vn -0.955314 -0.295593 0.000000
vn -0.561043 -0.430385 -0.707107
vn -0.561043 -0.430385 0.707107
vn -0.799367 -0.333184 -0.500000
vn -0.799367 -0.333184 0.500000
vn -0.770125 -0.376979 -0.514581
vn -0.770125 -0.376979 0.514581
vn 0.743996 0.668184 0.000000
vn -0.979667 -0.200629 0.000000
vn -0.994843 -0.101431 0.000000
vn -0.827326 -0.255991 -0.500000
vn -0.827326 -0.255991 0.500000
vn 0.600433 0.624083 -0.500000
vn 0.600433 0.624083 0.500000
vn -0.998706 -0.050858 0.000000
vn 0.050858 -0.998706 0.000000
vn 0.050858 -0.998706 0.000000
vn -0.377327 0.166730 -0.910948
vn -0.377327 0.166730 0.910948
vn 0.000000 0.000000 -1.000000
vn 0.000000 0.000000 -1.000000
vn 0.000000 0.000000 1.000000
vn 0.000000 0.000000 -1.000000
vn 0.000000 0.000000 -1.000000
vn 0.000000 0.000000 1.000000
vn -0.529365 0.303497 -0.792251
vn -0.529365 0.303497 0.792251
vn -0.442145 -0.233470 -0.866025
vn -0.442145 -0.233470 0.866025
vn -0.840614 -0.541635 0.000000
vn -0.654938 -0.376979 -0.654938
vn -0.654938 -0.376979 0.654938
vn -0.848417 -0.173750 -0.500000
vn -0.848417 -0.173750 0.500000
vn -0.371257 -0.242536 -0.896295
vn 0.000000 -1.000000 0.000000
vn -0.371257 -0.242536 0.896295
vn 0.000000 -1.000000 0.000000
vn 0.693320 0.720630 0.000000
vn 0.371998 0.334092 -0.866025
vn 0.371998 0.334092 0.866025
vn -0.861559 -0.087842 -0.500000
vn -0.861559 -0.087842 0.500000
vn -0.594404 -0.382994 -0.707107
vn -0.594404 -0.382994 0.707107
vn -0.263920 -0.724138 -0.637158
vn 0.000000 1.000000 0.000000
vn -0.263920 -0.724138 0.637158
vn 0.000000 1.000000 0.000000
vn -0.864905 -0.044044 -0.500000
vn 0.050858 -0.998706 0.000000
vn 0.050858 -0.998706 0.000000
vn -0.864905 -0.044044 0.500000
vn 0.050858 -0.998706 0.000000
vn 0.050858 -0.998706 0.000000
vn 0.561043 0.430385 -0.707107
vn 0.561043 0.430385 0.707107
vn -0.461515 -0.192364 -0.866025
vn -0.461515 -0.192364 0.866025
vn 0.793435 0.608656 0.000000
vn -0.514581 -0.376979 -0.770125
vn -0.514581 -0.376979 0.770125
vn -0.884289 -0.466940 0.000000
vn 0.000000 0.000000 -1.000000
vn 0.000000 0.000000 -1.000000
vn 0.000000 0.000000 1.000000
vn 0.000000 0.000000 -1.000000
vn 0.000000 0.000000 -1.000000
vn 0.000000 0.000000 1.000000
vn -0.625287 -0.330176 -0.707107
vn -0.625287 -0.330176 0.707107
vn -0.477657 -0.147796 -0.866025
vn -0.477657 -0.147796 0.866025
vn -0.364633 0.303497 -0.880302
vn -0.364633 0.303497 0.880302
vn 0.644320 0.578664 -0.500000
vn 0.644320 0.578664 0.500000
vn 0.396717 0.304328 -0.866025
vn 0.396717 0.304328 0.866025
vn 0.594404 0.382994 -0.707107
vn 0.594404 0.382994 0.707107
vn -0.489834 -0.100314 -0.866025
vn -0.489834 -0.100314 0.866025
vn -0.923030 -0.384728 0.000000
vn 0.743996 0.668184 0.000000
vn -0.497421 -0.050715 -0.866025
vn -0.497421 -0.050715 0.866025
vn 0.840614 0.541635 0.000000
vn 0.000000 0.000000 -1.000000
vn 0.000000 0.000000 -1.000000
vn 0.000000 0.000000 1.000000
vn 0.000000 0.000000 -1.000000
vn 0.000000 0.000000 -1.000000
vn 0.000000 0.000000 1.000000
vn -0.192360 0.166730 -0.967057
vn -0.192360 0.166730 0.967057
vn -0.354450 -0.376979 -0.855717
vn -0.354450 -0.376979 0.855717
vn -0.499353 -0.025429 -0.866025
vn 0.050858 -0.998706 0.000000
vn 0.050858 -0.998706 0.000000
vn -0.499353 -0.025429 0.866025
vn 0.050858 -0.998706 0.000000
vn 0.050858 -0.998706 0.000000
vn -0.652681 -0.272044 -0.707107
vn -0.652681 -0.272044 0.707107
vn -0.189265 -0.242536 -0.951501
vn 0.000000 -1.000000 0.000000
vn -0.189265 -0.242536 0.951501
vn 0.000000 -1.000000 0.000000
vn -0.134545 -0.724138 -0.676404
vn 0.000000 1.000000 0.000000
vn -0.134545 -0.724138 0.676404
vn 0.000000 1.000000 0.000000
vn -0.955314 -0.295593 0.000000
vn -0.675509 -0.209016 -0.707107
vn -0.675509 -0.209016 0.707107
vn 0.625287 0.330176 -0.707107
vn 0.625287 0.330176 0.707107
vn -0.185888 0.303497 -0.934524
vn -0.185888 0.303497 0.934524
vn -0.979667 -0.200629 0.000000
vn 0.000000 0.000000 -1.000000
vn 0.000000 0.000000 -1.000000
vn 0.000000 0.000000 1.000000
vn 0.000000 0.000000 -1.000000
vn 0.000000 0.000000 -1.000000
vn 0.000000 0.000000 1.000000
vn 0.420307 0.270817 -0.866025
vn 0.420307 0.270817 0.866025
vn 0.687134 0.527111 -0.500000
vn 0.687134 0.527111 0.500000
vn 0.884289 0.466940 0.000000
vn -0.994843 -0.101431 0.000000
vn -0.180697 -0.376979 -0.908425
vn -0.180697 -0.376979 0.908425
vn -0.692729 -0.141866 -0.707107
vn -0.692729 -0.141866 0.707107
vn -0.998706 -0.050858 0.000000
vn 0.050858 -0.998706 0.000000
vn 0.050858 -0.998706 0.000000
vn -0.703460 -0.071722 -0.707107
vn -0.703460 -0.071722 0.707107
vn 0.793435 0.608656 0.000000
vn 0.000000 0.000000 -1.000000
vn 0.000000 0.000000 1.000000
vn 0.000000 0.000000 -1.000000
vn 0.000000 0.000000 1.000000
vn -0.706192 -0.035962 -0.707107
vn 0.050858 -0.998706 0.000000
vn 0.050858 -0.998706 0.000000
vn -0.706192 -0.035962 0.707107
vn 0.050858 -0.998706 0.000000
vn 0.050858 -0.998706 0.000000
vn 0.652681 0.272044 -0.707107
vn 0.652681 0.272044 0.707107
vn 0.923030 0.384728 0.000000
vn 0.000000 0.000000 -1.000000
vn 0.000000 0.000000 1.000000
vn 0.000000 0.000000 -1.000000
vn 0.000000 0.000000 1.000000
vn 0.442145 0.233470 -0.866025
vn 0.442145 0.233470 0.866025
vn 0.000000 0.000000 -1.000000
vn 0.000000 0.000000 1.000000
vn 0.000000 0.000000 -1.000000
vn 0.000000 0.000000 1.000000
vn 0.675509 0.209016 -0.707107
vn 0.675509 0.209016 0.707107
vn 0.000000 -1.000000 0.000000
vn 0.000000 -0.242536 -0.970142
vn 0.000000 -1.000000 0.000000
vn 0.000000 -1.000000 0.000000
vn 0.000000 -0.242536 0.970142
vn 0.000000 0.166730 -0.986003
vn 0.000000 0.166730 0.986003
vn 0.000000 0.303497 -0.952832
vn 0.000000 0.303497 0.952832
vn 0.000000 0.000000 -1.000000
vn 0.050858 -0.998706 0.000000
vn 0.050858 -0.998706 0.000000
vn 0.050858 -0.998706 0.000000
vn 0.000000 0.000000 1.000000
vn 0.050858 -0.998706 0.000000
vn 0.050858 -0.998706 0.000000
vn 0.000000 -0.376979 -0.926222
vn 0.000000 -0.376979 0.926222
vn 0.000000 0.000000 -1.000000
vn 0.050858 -0.998706 0.000000
vn 0.050858 -0.998706 0.000000
vn 0.050858 -0.998706 0.000000
vn 0.000000 0.000000 1.000000
vn 0.050858 -0.998706 0.000000
vn 0.050858 -0.998706 0.000000
vn 0.000000 -0.724138 -0.689655
vn 0.000000 1.000000 0.000000
vn 0.000000 1.000000 0.000000
vn 0.000000 -0.724138 0.689655
vn 0.000000 1.000000 0.000000
vn 0.727993 0.469069 -0.500000
vn 0.727993 0.469069 0.500000
vn 0.955314 0.295593 0.000000
vn 0.955314 0.295593 0.000000
vn 0.692729 0.141866 -0.707107
vn 0.692729 0.141866 0.707107
vn 0.840614 0.541635 0.000000
vn 0.461515 0.192364 -0.866025
vn 0.461515 0.192364 0.866025
vn 0.703460 0.071722 -0.707107
vn 0.703460 0.071722 0.707107
vn 0.979667 0.200629 0.000000
vn 0.979667 0.200629 0.000000
vn 0.050858 -0.998706 0.000000
vn 0.050858 -0.998706 0.000000
vn 0.706192 0.035962 -0.707107
vn 0.050858 -0.998706 0.000000
vn 0.050858 -0.998706 0.000000
vn 0.706192 0.035962 0.707107
vn 0.994843 0.101431 0.000000
vn 0.994843 0.101431 0.000000
vn 0.050858 -0.998706 0.000000
vn 0.050858 -0.998706 0.000000
vn 0.998706 0.050858 0.000000
vn 0.998706 0.050858 0.000000
vn 0.180697 -0.376979 -0.908425
vn 0.180697 -0.376979 0.908425
vn 0.765817 0.404382 -0.500000
vn 0.765817 0.404382 0.500000
vn 0.477657 0.147796 -0.866025
vn 0.477657 0.147796 0.866025
vn 0.185888 0.303497 -0.934524
vn 0.185888 0.303497 0.934524
vn 0.884289 0.466940 0.000000
vn 0.489834 0.100314 -0.866025
vn 0.489834 0.100314 0.866025
vn 0.000000 1.000000 0.000000
vn 0.134545 -0.724138 -0.676404
vn 0.000000 1.000000 0.000000
vn 0.134545 -0.724138 0.676404
vn 0.000000 -1.000000 0.000000
vn 0.189265 -0.242536 -0.951501
vn 0.000000 -1.000000 0.000000
vn 0.189265 -0.242536 0.951501
vn 0.799367 0.333184 -0.500000
vn 0.799367 0.333184 0.500000
vn 0.497421 0.050715 -0.866025
vn 0.497421 0.050715 0.866025
vn 0.050858 -0.998706 0.000000
vn 0.050858 -0.998706 0.000000
vn 0.499353 0.025429 -0.866025
vn 0.050858 -0.998706 0.000000
vn 0.050858 -0.998706 0.000000
vn 0.499353 0.025429 0.866025
vn 0.354450 -0.376979 -0.855717
vn 0.354450 -0.376979 0.855717
vn 0.192360 0.166730 -0.967057
vn 0.192360 0.166730 0.967057
vn 0.923030 0.384728 0.000000
vn 0.827326 0.255991 -0.500000
vn 0.827326 0.255991 0.500000
vn 0.364633 0.303497 -0.880302
vn 0.364633 0.303497 0.880302
vn 0.514581 -0.376979 -0.770125
vn 0.514581 -0.376979 0.770125
vn 0.848417 0.173750 -0.500000
vn 0.848417 0.173750 0.500000
vn 0.955314 0.295593 0.000000
vn 0.955314 0.295593 0.000000
vn 0.861559 0.087842 -0.500000
vn 0.861559 0.087842 0.500000
vn 0.050858 -0.998706 0.000000
vn 0.050858 -0.998706 0.000000
vn 0.864905 0.044044 -0.500000
vn 0.050858 -0.998706 0.000000
vn 0.050858 -0.998706 0.000000
vn 0.864905 0.044044 0.500000
vn 0.000000 1.000000 0.000000
vn 0.263920 -0.724138 -0.637158
vn 0.000000 1.000000 0.000000
vn 0.263920 -0.724138 0.637158
vn 0.979667 0.200629 0.000000
vn 0.979667 0.200629 0.000000
vn 0.000000 -1.000000 0.000000
vn 0.371257 -0.242536 -0.896295
vn 0.000000 -1.000000 0.000000
vn 0.371257 -0.242536 0.896295
vn 0.654938 -0.376979 -0.654938
vn 0.654938 -0.376979 0.654938
vn 0.529365 0.303497 -0.792251
vn 0.529365 0.303497 0.792251
vn 0.994843 0.101431 0.000000
vn 0.994843 0.101431 0.000000
vn 0.377327 0.166730 -0.910948
vn 0.377327 0.166730 0.910948
vn 0.050858 -0.998706 0.000000
vn 0.050858 -0.998706 0.000000
vn 0.998706 0.050858 0.000000
vn 0.998706 0.050858 0.000000
vn 0.770125 -0.376979 -0.514581
vn 0.770125 -0.376979 0.514581
vn 0.855717 -0.376979 -0.354450
vn 0.855717 -0.376979 0.354450
vn 0.673754 0.303497 -0.673754
vn 0.673754 0.303497 0.673754
vn 0.000000 1.000000 0.000000
vn 0.383152 -0.724138 -0.573427
vn 0.000000 1.000000 0.000000
vn 0.383152 -0.724138 0.573427
vn 0.908425 -0.376979 -0.180697
vn 0.908425 -0.376979 0.180697
vn 0.926222 -0.376979 0.000000
vn 0.926222 -0.376979 0.000000
vn 0.000000 -1.000000 0.000000
vn 0.538982 -0.242536 -0.806644
vn 0.000000 -1.000000 0.000000
vn 0.538982 -0.242536 0.806644
vn 0.792251 0.303497 -0.529365
vn 0.792251 0.303497 0.529365
vn 0.547794 0.166730 -0.819831
vn 0.547794 0.166730 0.819831
vn 0.880302 0.303497 -0.364633
vn 0.880302 0.303497 0.364633
vn 0.000000 1.000000 0.000000
vn 0.487660 -0.724138 -0.487660
vn 0.000000 1.000000 0.000000
vn 0.487660 -0.724138 0.487660
vn 0.934524 0.303497 -0.185888
vn 0.934524 0.303497 0.185888
vn 0.000000 -1.000000 0.000000
vn 0.685994 -0.242536 -0.685994
vn 0.000000 -1.000000 0.000000
vn 0.685994 -0.242536 0.685994
vn 0.952832 0.303497 0.000000
vn 0.952832 0.303497 0.000000
vn 0.697209 0.166730 -0.697209
vn 0.697209 0.166730 0.697209
vn 0.000000 1.000000 0.000000
vn 0.573427 -0.724138 -0.383152
vn 0.000000 1.000000 0.000000
vn 0.573427 -0.724138 0.383152
vn 0.000000 -1.000000 0.000000
vn 0.806644 -0.242536 -0.538982
vn 0.000000 -1.000000 0.000000
vn 0.806644 -0.242536 0.538982
vn 0.000000 1.000000 0.000000
vn 0.637158 -0.724138 -0.263920
vn 0.000000 1.000000 0.000000
vn 0.637158 -0.724138 0.263920
vn 0.819831 0.166730 -0.547794
vn 0.819831 0.166730 0.547794
vn 0.000000 -1.000000 0.000000
vn 0.896295 -0.242536 -0.371257
vn 0.000000 -1.000000 0.000000
vn 0.896295 -0.242536 0.371257
vn 0.000000 1.000000 0.000000
vn 0.676404 -0.724138 -0.134545
vn 0.000000 1.000000 0.000000
vn 0.676404 -0.724138 0.134545
vn 0.000000 1.000000 0.000000
vn 0.689655 -0.724138 0.000000
vn 0.689655 -0.724138 0.000000
vn 0.000000 -1.000000 0.000000
vn 0.951501 -0.242536 -0.189265
vn 0.000000 -1.000000 0.000000
vn 0.951501 -0.242536 0.189265
vn 0.910948 0.166730 -0.377327
vn 0.910948 0.166730 0.377327
vn 0.000000 -1.000000 0.000000
vn 0.970142 -0.242536 0.000000
vn 0.970142 -0.242536 0.000000
vn 0.967057 0.166730 -0.192360
vn 0.967057 0.166730 0.192360
vn 0.986003 0.166730 0.000000
vn 0.986003 0.166730 0.000000
usemtl Stone
s 1
f 173/173/173 523/523/523 513/513/513
f 173/173/173 513/513/513 494/494/494
f 173/173/173 494/494/494 475/475/475
f 173/173/173 475/475/475 443/443/443
f 173/173/173 443/443/443 401/401/401
f 173/173/173 401/401/401 334/334/334
f 173/173/173 334/334/334 262/262/262
f 173/173/173 262/262/262 174/174/174
f 173/173/173 174/174/174 130/130/130
f 173/173/173 130/130/130 87/87/87
f 173/173/173 87/87/87 58/58/58
f 173/173/173 58/58/58 42/42/42
f 173/173/173 42/42/42 31/31/31
f 173/173/173 31/31/31 21/21/21
f 173/173/173 21/21/21 11/11/11
f 173/173/173 11/11/11 5/5/5
f 173/173/173 5/5/5 9/9/9
f 173/173/173 9/9/9 19/19/19
f 173/173/173 19/19/19 29/29/29
f 173/173/173 29/29/29 40/40/40
f 173/173/173 40/40/40 56/56/56
f 173/173/173 56/56/56 85/85/85
f 173/173/173 85/85/85 128/128/128
f 173/173/173 128/128/128 171/171/171
f 173/173/173 171/171/171 260/260/260
f 173/173/173 260/260/260 332/332/332
f 173/173/173 332/332/332 399/399/399
f 173/173/173 399/399/399 441/441/441
f 173/173/173 441/441/441 473/473/473
f 173/173/173 473/473/473 492/492/492
f 173/173/173 492/492/492 511/511/511
f 173/173/173 511/511/511 523/523/523
f 524/524/524 534/534/534 514/514/514
f 524/524/524 535/535/535 534/534/534
f 514/514/514 522/522/522 495/495/495
f 514/514/514 534/534/534 522/522/522
f 495/495/495 488/488/488 476/476/476
f 495/495/495 522/522/522 488/488/488
f 476/476/476 454/454/454 444/444/444
f 476/476/476 488/488/488 454/454/454
f 444/444/444 414/414/414 402/402/402
f 444/444/444 454/454/454 414/414/414
f 402/402/402 352/352/352 335/335/335
f 402/402/402 414/414/414 352/352/352
f 335/335/335 275/275/275 263/263/263
f 335/335/335 352/352/352 275/275/275
f 263/263/263 177/177/177 175/175/175
f 263/263/263 275/275/275 177/177/177
f 175/175/175 114/114/114 129/129/129
f 175/175/175 177/177/177 114/114/114
f 129/129/129 77/77/77 86/86/86
f 129/129/129 114/114/114 77/77/77
f 86/86/86 52/52/52 57/57/57
f 86/86/86 77/77/77 52/52/52
f 57/57/57 37/37/37 41/41/41
f 57/57/57 52/52/52 37/37/37
f 41/41/41 23/23/23 30/30/30
f 41/41/41 37/37/37 23/23/23
f 30/30/30 7/7/7 20/20/20
f 30/30/30 23/23/23 7/7/7
f 20/20/20 3/3/3 10/10/10
f 20/20/20 7/7/7 3/3/3
f 10/10/10 1/1/1 4/4/4
f 10/10/10 3/3/3 1/1/1
f 4/4/4 2/2/2 8/8/8
f 4/4/4 1/1/1 2/2/2
f 8/8/8 6/6/6 18/18/18
f 8/8/8 2/2/2 6/6/6
f 18/18/18 22/22/22 28/28/28
f 18/18/18 6/6/6 22/22/22
f 28/28/28 36/36/36 39/39/39
f 28/28/28 22/22/22 36/36/36
f 39/39/39 51/51/51 55/55/55
f 39/39/39 36/36/36 51/51/51
f 55/55/55 76/76/76 84/84/84
f 55/55/55 51/51/51 76/76/76
f 84/84/84 113/113/113 127/127/127
f 84/84/84 76/76/76 113/113/113
f 127/127/127 176/176/176 172/172/172
f 127/127/127 113/113/113 176/176/176
f 172/172/172 274/274/274 261/261/261
f 172/172/172 176/176/176 274/274/274
f 261/261/261 351/351/351 333/333/333
f 261/261/261 274/274/274 351/351/351
f 333/333/333 413/413/413 400/400/400
f 333/333/333 351/351/351 413/413/413
f 400/400/400 453/453/453 442/442/442
f 400/400/400 413/413/413 453/453/453
f 442/442/442 487/487/487 474/474/474
f 442/442/442 453/453/453 487/487/487
f 474/474/474 521/521/521 493/493/493
f 474/474/474 487/487/487 521/521/521
f 493/493/493 533/533/533 512/512/512
f 493/493/493 521/521/521 533/533/533
f 512/512/512 536/536/536 525/525/525
f 512/512/512 533/533/533 536/536/536
f 535/535/535 440/440/440 534/534/534
f 535/535/535 445/445/445 440/440/440
f 534/534/534 422/422/422 522/522/522
f 534/534/534 440/440/440 422/422/422
f 522/522/522 412/412/412 488/488/488
f 522/522/522 422/422/422 412/412/412
f 488/488/488 378/378/378 454/454/454
f 488/488/488 412/412/412 378/378/378
f 454/454/454 344/344/344 414/414/414
f 454/454/454 378/378/378 344/344/344
f 414/414/414 296/296/296 352/352/352
f 414/414/414 344/344/344 296/296/296
f 352/352/352 250/250/250 275/275/275
f 352/352/352 296/296/296 250/250/250
f 275/275/275 179/179/179 177/177/177
f 275/275/275 250/250/250 179/179/179
f 177/177/177 139/139/139 114/114/114
f 177/177/177 179/179/179 139/139/139
f 114/114/114 109/109/109 77/77/77
f 114/114/114 139/139/139 109/109/109
f 77/77/77 81/81/81 52/52/52
f 77/77/77 109/109/109 81/81/81
f 52/52/52 67/67/67 37/37/37
f 52/52/52 81/81/81 67/67/67
f 37/37/37 54/54/54 23/23/23
f 37/37/37 67/67/67 54/54/54
f 23/23/23 50/50/50 7/7/7
f 23/23/23 54/54/54 50/50/50
f 7/7/7 44/44/44 3/3/3
f 7/7/7 50/50/50 44/44/44
f 3/3/3 38/38/38 1/1/1
f 3/3/3 44/44/44 38/38/38
f 1/1/1 43/43/43 2/2/2
f 1/1/1 38/38/38 43/43/43
f 2/2/2 49/49/49 6/6/6
f 2/2/2 43/43/43 49/49/49
f 6/6/6 53/53/53 22/22/22
f 6/6/6 49/49/49 53/53/53
f 22/22/22 66/66/66 36/36/36
f 22/22/22 53/53/53 66/66/66
f 36/36/36 80/80/80 51/51/51
f 36/36/36 66/66/66 80/80/80
f 51/51/51 108/108/108 76/76/76
f 51/51/51 80/80/80 108/108/108
f 76/76/76 138/138/138 113/113/113
f 76/76/76 108/108/108 138/138/138
f 113/113/113 178/178/178 176/176/176
f 113/113/113 138/138/138 178/178/178
f 176/176/176 249/249/249 274/274/274
f 176/176/176 178/178/178 249/249/249
f 274/274/274 295/295/295 351/351/351
f 274/274/274 249/249/249 295/295/295
f 351/351/351 343/343/343 413/413/413
f 351/351/351 295/295/295 343/343/343
f 413/413/413 377/377/377 453/453/453
f 413/413/413 343/343/343 377/377/377
f 453/453/453 411/411/411 487/487/487
f 453/453/453 377/377/377 411/411/411
f 487/487/487 421/421/421 521/521/521
f 487/487/487 411/411/411 421/421/421
f 521/521/521 439/439/439 533/533/533
f 521/521/521 421/421/421 439/439/439
f 533/533/533 446/446/446 536/536/536
f 533/533/533 439/439/439 446/446/446
f 445/445/445 395/395/395 440/440/440
f 445/445/445 396/396/396 395/395/395
f 440/440/440 376/376/376 422/422/422
f 440/440/440 395/395/395 376/376/376
f 422/422/422 364/364/364 412/412/412
f 422/422/422 376/376/376 364/364/364
f 412/412/412 339/339/339 378/378/378
f 412/412/412 364/364/364 339/339/339
f 378/378/378 309/309/309 344/344/344
f 378/378/378 339/339/339 309/309/309
f 344/344/344 273/273/273 296/296/296
f 344/344/344 309/309/309 273/273/273
f 296/296/296 235/235/235 250/250/250
f 296/296/296 273/273/273 235/235/235
f 250/250/250 188/188/188 179/179/179
f 250/250/250 235/235/235 188/188/188
f 179/179/179 145/145/145 139/139/139
f 179/179/179 188/188/188 145/145/145
f 139/139/139 116/116/116 109/109/109
f 139/139/139 145/145/145 116/116/116
f 109/109/109 107/107/107 81/81/81
f 109/109/109 116/116/116 107/107/107
f 81/81/81 83/83/83 67/67/67
f 81/81/81 107/107/107 83/83/83
f 67/67/67 71/71/71 54/54/54
f 67/67/67 83/83/83 71/71/71
f 54/54/54 69/69/69 50/50/50
f 54/54/54 71/71/71 69/69/69
f 50/50/50 61/61/61 44/44/44
f 50/50/50 69/69/69 61/61/61
f 44/44/44 59/59/59 38/38/38
f 44/44/44 61/61/61 59/59/59
f 38/38/38 60/60/60 43/43/43
f 38/38/38 59/59/59 60/60/60
f 43/43/43 68/68/68 49/49/49
f 43/43/43 60/60/60 68/68/68
f 49/49/49 70/70/70 53/53/53
f 49/49/49 68/68/68 70/70/70
f 53/53/53 82/82/82 66/66/66
f 53/53/53 70/70/70 82/82/82
f 66/66/66 106/106/106 80/80/80
f 66/66/66 82/82/82 106/106/106
f 80/80/80 115/115/115 108/108/108
f 80/80/80 106/106/106 115/115/115
f 108/108/108 144/144/144 138/138/138
f 108/108/108 115/115/115 144/144/144
f 138/138/138 187/187/187 178/178/178
f 138/138/138 144/144/144 187/187/187
f 178/178/178 234/234/234 249/249/249
f 178/178/178 187/187/187 234/234/234
f 249/249/249 272/272/272 295/295/295
f 249/249/249 234/234/234 272/272/272
f 295/295/295 308/308/308 343/343/343
f 295/295/295 272/272/272 308/308/308
f 343/343/343 338/338/338 377/377/377
f 343/343/343 308/308/308 338/338/338
f 377/377/377 363/363/363 411/411/411
f 377/377/377 338/338/338 363/363/363
f 411/411/411 375/375/375 421/421/421
f 411/411/411 363/363/363 375/375/375
f 421/421/421 394/394/394 439/439/439
f 421/421/421 375/375/375 394/394/394
f 439/439/439 397/397/397 446/446/446
f 439/439/439 394/394/394 397/397/397
f 396/396/396 499/499/499 395/395/395
f 396/396/396 504/504/504 499/499/499
f 395/395/395 485/485/485 376/376/376
f 395/395/395 499/499/499 485/485/485
f 376/376/376 462/462/462 364/364/364
f 376/376/376 485/485/485 462/462/462
f 364/364/364 426/426/426 339/339/339
f 364/364/364 462/462/462 426/426/426
f 339/339/339 385/385/385 309/309/309
f 339/339/339 426/426/426 385/385/385
f 309/309/309 324/324/324 273/273/273
f 309/309/309 385/385/385 324/324/324
f 273/273/273 259/259/259 235/235/235
f 273/273/273 324/324/324 259/259/259
f 235/235/235 199/199/199 188/188/188
f 235/235/235 259/259/259 199/199/199
f 188/188/188 133/133/133 145/145/145
f 188/188/188 199/199/199 133/133/133
f 145/145/145 92/92/92 116/116/116
f 145/145/145 133/133/133 92/92/92
f 116/116/116 64/64/64 107/107/107
f 116/116/116 92/92/92 64/64/64
f 107/107/107 47/47/47 83/83/83
f 107/107/107 64/64/64 47/47/47
f 83/83/83 34/34/34 71/71/71
f 83/83/83 47/47/47 34/34/34
f 71/71/71 26/26/26 69/69/69
f 71/71/71 34/34/34 26/26/26
f 69/69/69 16/16/16 61/61/61
f 69/69/69 26/26/26 16/16/16
f 61/61/61 12/12/12 59/59/59
f 61/61/61 16/16/16 12/12/12
f 59/59/59 14/14/14 60/60/60
f 59/59/59 12/12/12 14/14/14
f 60/60/60 24/24/24 68/68/68
f 60/60/60 14/14/14 24/24/24
f 68/68/68 32/32/32 70/70/70
f 68/68/68 24/24/24 32/32/32
f 70/70/70 45/45/45 82/82/82
f 70/70/70 32/32/32 45/45/45
f 82/82/82 62/62/62 106/106/106
f 82/82/82 45/45/45 62/62/62
f 106/106/106 90/90/90 115/115/115
f 106/106/106 62/62/62 90/90/90
f 115/115/115 131/131/131 144/144/144
f 115/115/115 90/90/90 131/131/131
f 144/144/144 196/196/196 187/187/187
f 144/144/144 131/131/131 196/196/196
f 187/187/187 257/257/257 234/234/234
f 187/187/187 196/196/196 257/257/257
f 234/234/234 322/322/322 272/272/272
f 234/234/234 257/257/257 322/322/322
f 272/272/272 383/383/383 308/308/308
f 272/272/272 322/322/322 383/383/383
f 308/308/308 424/424/424 338/338/338
f 308/308/308 383/383/383 424/424/424
f 338/338/338 460/460/460 363/363/363
f 338/338/338 424/424/424 460/460/460
f 363/363/363 483/483/483 375/375/375
f 363/363/363 460/460/460 483/483/483
f 375/375/375 497/497/497 394/394/394
f 375/375/375 483/483/483 497/497/497
f 394/394/394 505/505/505 397/397/397
f 394/394/394 497/497/497 505/505/505
f 503/503/503 198/198/198 498/498/498
f 498/498/498 198/198/198 484/484/484
f 484/484/484 198/198/198 461/461/461
f 461/461/461 198/198/198 425/425/425
f 425/425/425 198/198/198 384/384/384
f 384/384/384 198/198/198 323/323/323
f 323/323/323 198/198/198 258/258/258
f 258/258/258 198/198/198 200/200/200
f 200/200/200 198/198/198 134/134/134
f 134/134/134 198/198/198 93/93/93
f 93/93/93 198/198/198 65/65/65
f 65/65/65 198/198/198 48/48/48
f 48/48/48 198/198/198 35/35/35
f 35/35/35 198/198/198 27/27/27
f 27/27/27 198/198/198 17/17/17
f 17/17/17 198/198/198 13/13/13
f 13/13/13 198/198/198 15/15/15
f 15/15/15 198/198/198 25/25/25
f 25/25/25 198/198/198 33/33/33
f 33/33/33 198/198/198 46/46/46
f 46/46/46 198/198/198 63/63/63
f 63/63/63 198/198/198 91/91/91
f 91/91/91 198/198/198 132/132/132
f 132/132/132 198/198/198 197/197/197
f 197/197/197 198/198/198 256/256/256
f 256/256/256 198/198/198 321/321/321
f 321/321/321 198/198/198 382/382/382
f 382/382/382 198/198/198 423/423/423
f 423/423/423 198/198/198 459/459/459
f 459/459/459 198/198/198 482/482/482
f 482/482/482 198/198/198 496/496/496
f 496/496/496 198/198/198 503/503/503
f 1422/1422/1422 1618/1618/1618 1614/1614/1614
f 1422/1422/1422 1614/1614/1614 1603/1603/1603
f 1422/1422/1422 1603/1603/1603 1593/1593/1593
f 1422/1422/1422 1593/1593/1593 1581/1581/1581
f 1422/1422/1422 1581/1581/1581 1565/1565/1565
f 1422/1422/1422 1565/1565/1565 1535/1535/1535
f 1422/1422/1422 1535/1535/1535 1492/1492/1492
f 1422/1422/1422 1492/1492/1492 1423/1423/1423
f 1422/1422/1422 1423/1423/1423 1360/1360/1360
f 1422/1422/1422 1360/1360/1360 1288/1288/1288
f 1422/1422/1422 1288/1288/1288 1222/1222/1222
f 1422/1422/1422 1222/1222/1222 1180/1180/1180
f 1422/1422/1422 1180/1180/1180 1149/1149/1149
f 1422/1422/1422 1149/1149/1149 1130/1130/1130
f 1422/1422/1422 1130/1130/1130 1112/1112/1112
f 1422/1422/1422 1112/1112/1112 1100/1100/1100
f 1422/1422/1422 1100/1100/1100 1110/1110/1110
f 1422/1422/1422 1110/1110/1110 1128/1128/1128
f 1422/1422/1422 1128/1128/1128 1147/1147/1147
f 1422/1422/1422 1147/1147/1147 1178/1178/1178
f 1422/1422/1422 1178/1178/1178 1220/1220/1220
f 1422/1422/1422 1220/1220/1220 1286/1286/1286
f 1422/1422/1422 1286/1286/1286 1358/1358/1358
f 1422/1422/1422 1358/1358/1358 1420/1420/1420
f 1422/1422/1422 1420/1420/1420 1490/1490/1490
f 1422/1422/1422 1490/1490/1490 1533/1533/1533
f 1422/1422/1422 1533/1533/1533 1563/1563/1563
f 1422/1422/1422 1563/1563/1563 1579/1579/1579
f 1422/1422/1422 1579/1579/1579 1591/1591/1591
f 1422/1422/1422 1591/1591/1591 1601/1601/1601
f 1422/1422/1422 1601/1601/1601 1612/1612/1612
f 1422/1422/1422 1612/1612/1612 1618/1618/1618
f 1619/1619/1619 1622/1622/1622 1615/1615/1615
f 1619/1619/1619 1623/1623/1623 1622/1622/1622
f 1615/1615/1615 1617/1617/1617 1604/1604/1604
f 1615/1615/1615 1622/1622/1622 1617/1617/1617
f 1604/1604/1604 1600/1600/1600 1594/1594/1594
f 1604/1604/1604 1617/1617/1617 1600/1600/1600
f 1594/1594/1594 1586/1586/1586 1582/1582/1582
f 1594/1594/1594 1600/1600/1600 1586/1586/1586
f 1582/1582/1582 1570/1570/1570 1566/1566/1566
f 1582/1582/1582 1586/1586/1586 1570/1570/1570
f 1566/1566/1566 1544/1544/1544 1536/1536/1536
f 1566/1566/1566 1570/1570/1570 1544/1544/1544
f 1536/1536/1536 1507/1507/1507 1493/1493/1493
f 1536/1536/1536 1544/1544/1544 1507/1507/1507
f 1493/1493/1493 1426/1426/1426 1424/1424/1424
f 1493/1493/1493 1507/1507/1507 1426/1426/1426
f 1424/1424/1424 1346/1346/1346 1359/1359/1359
f 1424/1424/1424 1426/1426/1426 1346/1346/1346
f 1359/1359/1359 1269/1269/1269 1287/1287/1287
f 1359/1359/1359 1346/1346/1346 1269/1269/1269
f 1287/1287/1287 1208/1208/1208 1221/1221/1221
f 1287/1287/1287 1269/1269/1269 1208/1208/1208
f 1221/1221/1221 1169/1169/1169 1179/1179/1179
f 1221/1221/1221 1208/1208/1208 1169/1169/1169
f 1179/1179/1179 1135/1135/1135 1148/1148/1148
f 1179/1179/1179 1169/1169/1169 1135/1135/1135
f 1148/1148/1148 1102/1102/1102 1129/1129/1129
f 1148/1148/1148 1135/1135/1135 1102/1102/1102
f 1129/1129/1129 1091/1091/1091 1111/1111/1111
f 1129/1129/1129 1102/1102/1102 1091/1091/1091
f 1111/1111/1111 1089/1089/1089 1099/1099/1099
f 1111/1111/1111 1091/1091/1091 1089/1089/1089
f 1099/1099/1099 1090/1090/1090 1109/1109/1109
f 1099/1099/1099 1089/1089/1089 1090/1090/1090
f 1109/1109/1109 1101/1101/1101 1127/1127/1127
f 1109/1109/1109 1090/1090/1090 1101/1101/1101
f 1127/1127/1127 1134/1134/1134 1146/1146/1146
f 1127/1127/1127 1101/1101/1101 1134/1134/1134
f 1146/1146/1146 1168/1168/1168 1177/1177/1177
f 1146/1146/1146 1134/1134/1134 1168/1168/1168
f 1177/1177/1177 1207/1207/1207 1219/1219/1219
f 1177/1177/1177 1168/1168/1168 1207/1207/1207
f 1219/1219/1219 1268/1268/1268 1285/1285/1285
f 1219/1219/1219 1207/1207/1207 1268/1268/1268
f 1285/1285/1285 1345/1345/1345 1357/1357/1357
f 1285/1285/1285 1268/1268/1268 1345/1345/1345
f 1357/1357/1357 1425/1425/1425 1421/1421/1421
f 1357/1357/1357 1345/1345/1345 1425/1425/1425
f 1421/1421/1421 1506/1506/1506 1491/1491/1491
f 1421/1421/1421 1425/1425/1425 1506/1506/1506
f 1491/1491/1491 1543/1543/1543 1534/1534/1534
f 1491/1491/1491 1506/1506/1506 1543/1543/1543
f 1534/1534/1534 1569/1569/1569 1564/1564/1564
f 1534/1534/1534 1543/1543/1543 1569/1569/1569
f 1564/1564/1564 1585/1585/1585 1580/1580/1580
f 1564/1564/1564 1569/1569/1569 1585/1585/1585
f 1580/1580/1580 1599/1599/1599 1592/1592/1592
f 1580/1580/1580 1585/1585/1585 1599/1599/1599
f 1592/1592/1592 1616/1616/1616 1602/1602/1602
f 1592/1592/1592 1599/1599/1599 1616/1616/1616
f 1602/1602/1602 1621/1621/1621 1613/1613/1613
f 1602/1602/1602 1616/1616/1616 1621/1621/1621
f 1613/1613/1613 1624/1624/1624 1620/1620/1620
f 1613/1613/1613 1621/1621/1621 1624/1624/1624
f 1623/1623/1623 1578/1578/1578 1622/1622/1622
f 1623/1623/1623 1583/1583/1583 1578/1578/1578
f 1622/1622/1622 1572/1572/1572 1617/1617/1617
f 1622/1622/1622 1578/1578/1578 1572/1572/1572
f 1617/1617/1617 1568/1568/1568 1600/1600/1600
f 1617/1617/1617 1572/1572/1572 1568/1568/1568
f 1600/1600/1600 1554/1554/1554 1586/1586/1586
f 1600/1600/1600 1568/1568/1568 1554/1554/1554
f 1586/1586/1586 1540/1540/1540 1570/1570/1570
f 1586/1586/1586 1554/1554/1554 1540/1540/1540
f 1570/1570/1570 1512/1512/1512 1544/1544/1544
f 1570/1570/1570 1540/1540/1540 1512/1512/1512
f 1544/1544/1544 1482/1482/1482 1507/1507/1507
f 1544/1544/1544 1512/1512/1512 1482/1482/1482
f 1507/1507/1507 1428/1428/1428 1426/1426/1426
f 1507/1507/1507 1482/1482/1482 1428/1428/1428
f 1426/1426/1426 1371/1371/1371 1346/1346/1346
f 1426/1426/1426 1428/1428/1428 1371/1371/1371
f 1346/1346/1346 1325/1325/1325 1269/1269/1269
f 1346/1346/1346 1371/1371/1371 1325/1325/1325
f 1269/1269/1269 1277/1277/1277 1208/1208/1208
f 1269/1269/1269 1325/1325/1325 1277/1277/1277
f 1208/1208/1208 1243/1243/1243 1169/1169/1169
f 1208/1208/1208 1277/1277/1277 1243/1243/1243
f 1169/1169/1169 1210/1210/1210 1135/1135/1135
f 1169/1169/1169 1243/1243/1243 1210/1210/1210
f 1135/1135/1135 1200/1200/1200 1102/1102/1102
f 1135/1135/1135 1210/1210/1210 1200/1200/1200
f 1102/1102/1102 1182/1182/1182 1091/1091/1091
f 1102/1102/1102 1200/1200/1200 1182/1182/1182
f 1091/1091/1091 1176/1176/1176 1089/1089/1089
f 1091/1091/1091 1182/1182/1182 1176/1176/1176
f 1089/1089/1089 1181/1181/1181 1090/1090/1090
f 1089/1089/1089 1176/1176/1176 1181/1181/1181
f 1090/1090/1090 1199/1199/1199 1101/1101/1101
f 1090/1090/1090 1181/1181/1181 1199/1199/1199
f 1101/1101/1101 1209/1209/1209 1134/1134/1134
f 1101/1101/1101 1199/1199/1199 1209/1209/1209
f 1134/1134/1134 1242/1242/1242 1168/1168/1168
f 1134/1134/1134 1209/1209/1209 1242/1242/1242
f 1168/1168/1168 1276/1276/1276 1207/1207/1207
f 1168/1168/1168 1242/1242/1242 1276/1276/1276
f 1207/1207/1207 1324/1324/1324 1268/1268/1268
f 1207/1207/1207 1276/1276/1276 1324/1324/1324
f 1268/1268/1268 1370/1370/1370 1345/1345/1345
f 1268/1268/1268 1324/1324/1324 1370/1370/1370
f 1345/1345/1345 1427/1427/1427 1425/1425/1425
f 1345/1345/1345 1370/1370/1370 1427/1427/1427
f 1425/1425/1425 1481/1481/1481 1506/1506/1506
f 1425/1425/1425 1427/1427/1427 1481/1481/1481
f 1506/1506/1506 1511/1511/1511 1543/1543/1543
f 1506/1506/1506 1481/1481/1481 1511/1511/1511
f 1543/1543/1543 1539/1539/1539 1569/1569/1569
f 1543/1543/1543 1511/1511/1511 1539/1539/1539
f 1569/1569/1569 1553/1553/1553 1585/1585/1585
f 1569/1569/1569 1539/1539/1539 1553/1553/1553
f 1585/1585/1585 1567/1567/1567 1599/1599/1599
f 1585/1585/1585 1553/1553/1553 1567/1567/1567
f 1599/1599/1599 1571/1571/1571 1616/1616/1616
f 1599/1599/1599 1567/1567/1567 1571/1571/1571
f 1616/1616/1616 1577/1577/1577 1621/1621/1621
f 1616/1616/1616 1571/1571/1571 1577/1577/1577
f 1621/1621/1621 1584/1584/1584 1624/1624/1624
f 1621/1621/1621 1577/1577/1577 1584/1584/1584
f 1583/1583/1583 1560/1560/1560 1578/1578/1578
f 1583/1583/1583 1561/1561/1561 1560/1560/1560
f 1578/1578/1578 1552/1552/1552 1572/1572/1572
f 1578/1578/1578 1560/1560/1560 1552/1552/1552
f 1572/1572/1572 1550/1550/1550 1568/1568/1568
f 1572/1572/1572 1552/1552/1552 1550/1550/1550
f 1568/1568/1568 1538/1538/1538 1554/1554/1554
f 1568/1568/1568 1550/1550/1550 1538/1538/1538
f 1554/1554/1554 1514/1514/1514 1540/1540/1540
f 1554/1554/1554 1538/1538/1538 1514/1514/1514
f 1540/1540/1540 1505/1505/1505 1512/1512/1512
f 1540/1540/1540 1514/1514/1514 1505/1505/1505
f 1512/1512/1512 1476/1476/1476 1482/1482/1482
f 1512/1512/1512 1505/1505/1505 1476/1476/1476
f 1482/1482/1482 1437/1437/1437 1428/1428/1428
f 1482/1482/1482 1476/1476/1476 1437/1437/1437
f 1428/1428/1428 1386/1386/1386 1371/1371/1371
f 1428/1428/1428 1437/1437/1437 1386/1386/1386
f 1371/1371/1371 1348/1348/1348 1325/1325/1325
f 1371/1371/1371 1386/1386/1386 1348/1348/1348
f 1325/1325/1325 1312/1312/1312 1277/1277/1277
f 1325/1325/1325 1348/1348/1348 1312/1312/1312
f 1277/1277/1277 1282/1282/1282 1243/1243/1243
f 1277/1277/1277 1312/1312/1312 1282/1282/1282
f 1243/1243/1243 1257/1257/1257 1210/1210/1210
f 1243/1243/1243 1282/1282/1282 1257/1257/1257
f 1210/1210/1210 1245/1245/1245 1200/1200/1200
f 1210/1210/1210 1257/1257/1257 1245/1245/1245
f 1200/1200/1200 1226/1226/1226 1182/1182/1182
f 1200/1200/1200 1245/1245/1245 1226/1226/1226
f 1182/1182/1182 1224/1224/1224 1176/1176/1176
f 1182/1182/1182 1226/1226/1226 1224/1224/1224
f 1176/1176/1176 1225/1225/1225 1181/1181/1181
f 1176/1176/1176 1224/1224/1224 1225/1225/1225
f 1181/1181/1181 1244/1244/1244 1199/1199/1199
f 1181/1181/1181 1225/1225/1225 1244/1244/1244
f 1199/1199/1199 1256/1256/1256 1209/1209/1209
f 1199/1199/1199 1244/1244/1244 1256/1256/1256
f 1209/1209/1209 1281/1281/1281 1242/1242/1242
f 1209/1209/1209 1256/1256/1256 1281/1281/1281
f 1242/1242/1242 1311/1311/1311 1276/1276/1276
f 1242/1242/1242 1281/1281/1281 1311/1311/1311
f 1276/1276/1276 1347/1347/1347 1324/1324/1324
f 1276/1276/1276 1311/1311/1311 1347/1347/1347
f 1324/1324/1324 1385/1385/1385 1370/1370/1370
f 1324/1324/1324 1347/1347/1347 1385/1385/1385
f 1370/1370/1370 1436/1436/1436 1427/1427/1427
f 1370/1370/1370 1385/1385/1385 1436/1436/1436
f 1427/1427/1427 1475/1475/1475 1481/1481/1481
f 1427/1427/1427 1436/1436/1436 1475/1475/1475
f 1481/1481/1481 1504/1504/1504 1511/1511/1511
f 1481/1481/1481 1475/1475/1475 1504/1504/1504
f 1511/1511/1511 1513/1513/1513 1539/1539/1539
f 1511/1511/1511 1504/1504/1504 1513/1513/1513
f 1539/1539/1539 1537/1537/1537 1553/1553/1553
f 1539/1539/1539 1513/1513/1513 1537/1537/1537
f 1553/1553/1553 1549/1549/1549 1567/1567/1567
f 1553/1553/1553 1537/1537/1537 1549/1549/1549
f 1567/1567/1567 1551/1551/1551 1571/1571/1571
f 1567/1567/1567 1549/1549/1549 1551/1551/1551
f 1571/1571/1571 1559/1559/1559 1577/1577/1577
f 1571/1571/1571 1551/1551/1551 1559/1559/1559
f 1577/1577/1577 1562/1562/1562 1584/1584/1584
f 1577/1577/1577 1559/1559/1559 1562/1562/1562
f 1561/1561/1561 1608/1608/1608 1560/1560/1560
f 1561/1561/1561 1610/1610/1610 1608/1608/1608
f 1560/1560/1560 1598/1598/1598 1552/1552/1552
f 1560/1560/1560 1608/1608/1608 1598/1598/1598
f 1552/1552/1552 1590/1590/1590 1550/1550/1550
f 1552/1552/1552 1598/1598/1598 1590/1590/1590
f 1550/1550/1550 1576/1576/1576 1538/1538/1538
f 1550/1550/1550 1590/1590/1590 1576/1576/1576
f 1538/1538/1538 1558/1558/1558 1514/1514/1514
f 1538/1538/1538 1576/1576/1576 1558/1558/1558
f 1514/1514/1514 1530/1530/1530 1505/1505/1505
f 1514/1514/1514 1558/1558/1558 1530/1530/1530
f 1505/1505/1505 1489/1489/1489 1476/1476/1476
f 1505/1505/1505 1530/1530/1530 1489/1489/1489
f 1476/1476/1476 1448/1448/1448 1437/1437/1437
f 1476/1476/1476 1489/1489/1489 1448/1448/1448
f 1437/1437/1437 1363/1363/1363 1386/1386/1386
f 1437/1437/1437 1448/1448/1448 1363/1363/1363
f 1386/1386/1386 1298/1298/1298 1348/1348/1348
f 1386/1386/1386 1363/1363/1363 1298/1298/1298
f 1348/1348/1348 1237/1237/1237 1312/1312/1312
f 1348/1348/1348 1298/1298/1298 1237/1237/1237
f 1312/1312/1312 1197/1197/1197 1282/1282/1282
f 1312/1312/1312 1237/1237/1237 1197/1197/1197
f 1282/1282/1282 1162/1162/1162 1257/1257/1257
f 1282/1282/1282 1197/1197/1197 1162/1162/1162
f 1257/1257/1257 1139/1139/1139 1245/1245/1245
f 1257/1257/1257 1162/1162/1162 1139/1139/1139
f 1245/1245/1245 1125/1125/1125 1226/1226/1226
f 1245/1245/1245 1139/1139/1139 1125/1125/1125
f 1226/1226/1226 1118/1118/1118 1224/1224/1224
f 1226/1226/1226 1125/1125/1125 1118/1118/1118
f 1224/1224/1224 1123/1123/1123 1225/1225/1225
f 1224/1224/1224 1118/1118/1118 1123/1123/1123
f 1225/1225/1225 1137/1137/1137 1244/1244/1244
f 1225/1225/1225 1123/1123/1123 1137/1137/1137
f 1244/1244/1244 1160/1160/1160 1256/1256/1256
f 1244/1244/1244 1137/1137/1137 1160/1160/1160
f 1256/1256/1256 1195/1195/1195 1281/1281/1281
f 1256/1256/1256 1160/1160/1160 1195/1195/1195
f 1281/1281/1281 1235/1235/1235 1311/1311/1311
f 1281/1281/1281 1195/1195/1195 1235/1235/1235
f 1311/1311/1311 1296/1296/1296 1347/1347/1347
f 1311/1311/1311 1235/1235/1235 1296/1296/1296
f 1347/1347/1347 1361/1361/1361 1385/1385/1385
f 1347/1347/1347 1296/1296/1296 1361/1361/1361
f 1385/1385/1385 1445/1445/1445 1436/1436/1436
f 1385/1385/1385 1361/1361/1361 1445/1445/1445
f 1436/1436/1436 1487/1487/1487 1475/1475/1475
f 1436/1436/1436 1445/1445/1445 1487/1487/1487
f 1475/1475/1475 1528/1528/1528 1504/1504/1504
f 1475/1475/1475 1487/1487/1487 1528/1528/1528
f 1504/1504/1504 1556/1556/1556 1513/1513/1513
f 1504/1504/1504 1528/1528/1528 1556/1556/1556
f 1513/1513/1513 1574/1574/1574 1537/1537/1537
f 1513/1513/1513 1556/1556/1556 1574/1574/1574
f 1537/1537/1537 1588/1588/1588 1549/1549/1549
f 1537/1537/1537 1574/1574/1574 1588/1588/1588
f 1549/1549/1549 1596/1596/1596 1551/1551/1551
f 1549/1549/1549 1588/1588/1588 1596/1596/1596
f 1551/1551/1551 1606/1606/1606 1559/1559/1559
f 1551/1551/1551 1596/1596/1596 1606/1606/1606
f 1559/1559/1559 1611/1611/1611 1562/1562/1562
f 1559/1559/1559 1606/1606/1606 1611/1611/1611
f 1609/1609/1609 1447/1447/1447 1607/1607/1607
f 1607/1607/1607 1447/1447/1447 1597/1597/1597
f 1597/1597/1597 1447/1447/1447 1589/1589/1589
f 1589/1589/1589 1447/1447/1447 1575/1575/1575
f 1575/1575/1575 1447/1447/1447 1557/1557/1557
f 1557/1557/1557 1447/1447/1447 1529/1529/1529
f 1529/1529/1529 1447/1447/1447 1488/1488/1488
f 1488/1488/1488 1447/1447/1447 1449/1449/1449
f 1449/1449/1449 1447/1447/1447 1364/1364/1364
f 1364/1364/1364 1447/1447/1447 1299/1299/1299
f 1299/1299/1299 1447/1447/1447 1238/1238/1238
f 1238/1238/1238 1447/1447/1447 1198/1198/1198
f 1198/1198/1198 1447/1447/1447 1163/1163/1163
f 1163/1163/1163 1447/1447/1447 1140/1140/1140
f 1140/1140/1140 1447/1447/1447 1126/1126/1126
f 1126/1126/1126 1447/1447/1447 1119/1119/1119
f 1119/1119/1119 1447/1447/1447 1124/1124/1124
f 1124/1124/1124 1447/1447/1447 1138/1138/1138
f 1138/1138/1138 1447/1447/1447 1161/1161/1161
f 1161/1161/1161 1447/1447/1447 1196/1196/1196
f 1196/1196/1196 1447/1447/1447 1236/1236/1236
f 1236/1236/1236 1447/1447/1447 1297/1297/1297
f 1297/1297/1297 1447/1447/1447 1362/1362/1362
f 1362/1362/1362 1447/1447/1447 1446/1446/1446
f 1446/1446/1446 1447/1447/1447 1486/1486/1486
f 1486/1486/1486 1447/1447/1447 1527/1527/1527
f 1527/1527/1527 1447/1447/1447 1555/1555/1555
f 1555/1555/1555 1447/1447/1447 1573/1573/1573
f 1573/1573/1573 1447/1447/1447 1587/1587/1587
f 1587/1587/1587 1447/1447/1447 1595/1595/1595
f 1595/1595/1595 1447/1447/1447 1605/1605/1605
f 1605/1605/1605 1447/1447/1447 1609/1609/1609
f 1547/1547/1547 1523/1523/1523 1519/1519/1519
f 1547/1547/1547 1519/1519/1519 1541/1541/1541
f 1523/1523/1523 1500/1500/1500 1496/1496/1496
f 1523/1523/1523 1496/1496/1496 1519/1519/1519
f 1500/1500/1500 1429/1429/1429 1414/1414/1414
f 1500/1500/1500 1414/1414/1414 1496/1496/1496
f 1429/1429/1429 1349/1349/1349 1336/1336/1336
f 1429/1429/1429 1336/1336/1336 1414/1414/1414
f 1349/1349/1349 1300/1300/1300 1292/1292/1292
f 1349/1349/1349 1292/1292/1292 1336/1336/1336
f 1300/1300/1300 1265/1265/1265 1260/1260/1260
f 1300/1300/1300 1260/1260/1260 1292/1292/1292
f 1265/1265/1265 1303/1303/1303 1293/1293/1293
f 1265/1265/1265 1293/1293/1293 1260/1260/1260
f 1303/1303/1303 1352/1352/1352 1337/1337/1337
f 1303/1303/1303 1337/1337/1337 1293/1293/1293
f 1352/1352/1352 1433/1433/1433 1415/1415/1415
f 1352/1352/1352 1415/1415/1415 1337/1337/1337
f 1433/1433/1433 1503/1503/1503 1497/1497/1497
f 1433/1433/1433 1497/1497/1497 1415/1415/1415
f 1503/1503/1503 1526/1526/1526 1520/1520/1520
f 1503/1503/1503 1520/1520/1520 1497/1497/1497
f 1526/1526/1526 1548/1548/1548 1542/1542/1542
f 1526/1526/1526 1542/1542/1542 1520/1520/1520
f 1541/1541/1541 1519/1519/1519 1515/1515/1515
f 1541/1541/1541 1515/1515/1515 1531/1531/1531
f 1519/1519/1519 1496/1496/1496 1484/1484/1484
f 1519/1519/1519 1484/1484/1484 1515/1515/1515
f 1496/1496/1496 1414/1414/1414 1408/1408/1408
f 1496/1496/1496 1408/1408/1408 1484/1484/1484
f 1414/1414/1414 1336/1336/1336 1332/1332/1332
f 1414/1414/1414 1332/1332/1332 1408/1408/1408
f 1336/1336/1336 1292/1292/1292 1283/1283/1283
f 1336/1336/1336 1283/1283/1283 1332/1332/1332
f 1292/1292/1292 1260/1260/1260 1259/1259/1259
f 1292/1292/1292 1259/1259/1259 1283/1283/1283
f 1260/1260/1260 1293/1293/1293 1284/1284/1284
f 1260/1260/1260 1284/1284/1284 1259/1259/1259
f 1293/1293/1293 1337/1337/1337 1333/1333/1333
f 1293/1293/1293 1333/1333/1333 1284/1284/1284
f 1337/1337/1337 1415/1415/1415 1409/1409/1409
f 1337/1337/1337 1409/1409/1409 1333/1333/1333
f 1415/1415/1415 1497/1497/1497 1485/1485/1485
f 1415/1415/1415 1485/1485/1485 1409/1409/1409
f 1497/1497/1497 1520/1520/1520 1516/1516/1516
f 1497/1497/1497 1516/1516/1516 1485/1485/1485
f 1520/1520/1520 1542/1542/1542 1532/1532/1532
f 1520/1520/1520 1532/1532/1532 1516/1516/1516
f 1531/1531/1531 1515/1515/1515 1509/1509/1509
f 1531/1531/1531 1509/1509/1509 1517/1517/1517
f 1515/1515/1515 1484/1484/1484 1479/1479/1479
f 1515/1515/1515 1479/1479/1479 1509/1509/1509
f 1484/1484/1484 1408/1408/1408 1395/1395/1395
f 1484/1484/1484 1395/1395/1395 1479/1479/1479
f 1408/1408/1408 1332/1332/1332 1322/1322/1322
f 1408/1408/1408 1322/1322/1322 1395/1395/1395
f 1332/1332/1332 1283/1283/1283 1261/1261/1261
f 1332/1332/1332 1261/1261/1261 1322/1322/1322
f 1283/1283/1283 1259/1259/1259 1251/1251/1251
f 1283/1283/1283 1251/1251/1251 1261/1261/1261
f 1259/1259/1259 1284/1284/1284 1262/1262/1262
f 1259/1259/1259 1262/1262/1262 1251/1251/1251
f 1284/1284/1284 1333/1333/1333 1323/1323/1323
f 1284/1284/1284 1323/1323/1323 1262/1262/1262
f 1333/1333/1333 1409/1409/1409 1396/1396/1396
f 1333/1333/1333 1396/1396/1396 1323/1323/1323
f 1409/1409/1409 1485/1485/1485 1480/1480/1480
f 1409/1409/1409 1480/1480/1480 1396/1396/1396
f 1485/1485/1485 1516/1516/1516 1510/1510/1510
f 1485/1485/1485 1510/1510/1510 1480/1480/1480
f 1516/1516/1516 1532/1532/1532 1518/1518/1518
f 1516/1516/1516 1518/1518/1518 1510/1510/1510
f 1517/1517/1517 1509/1509/1509 1308/1308/1308
f 1517/1517/1517 1308/1308/1308 1373/1373/1373
f 1509/1509/1509 1479/1479/1479 1254/1254/1254
f 1509/1509/1509 1254/1254/1254 1308/1308/1308
f 1479/1479/1479 1395/1395/1395 1241/1241/1241
f 1479/1479/1479 1241/1241/1241 1254/1254/1254
f 1395/1395/1395 1322/1322/1322 1255/1255/1255
f 1395/1395/1395 1255/1255/1255 1241/1241/1241
f 1322/1322/1322 1261/1261/1261 1309/1309/1309
f 1322/1322/1322 1309/1309/1309 1255/1255/1255
f 1261/1261/1261 1251/1251/1251 1375/1375/1375
f 1261/1261/1261 1375/1375/1375 1309/1309/1309
f 1251/1251/1251 1262/1262/1262 1458/1458/1458
f 1251/1251/1251 1458/1458/1458 1375/1375/1375
f 1262/1262/1262 1323/1323/1323 1495/1495/1495
f 1262/1262/1262 1495/1495/1495 1458/1458/1458
f 1323/1323/1323 1396/1396/1396 1508/1508/1508
f 1323/1323/1323 1508/1508/1508 1495/1495/1495
f 1396/1396/1396 1480/1480/1480 1494/1494/1494
f 1396/1396/1396 1494/1494/1494 1508/1508/1508
f 1480/1480/1480 1510/1510/1510 1457/1457/1457
f 1480/1480/1480 1457/1457/1457 1494/1494/1494
f 1510/1510/1510 1518/1518/1518 1374/1374/1374
f 1510/1510/1510 1374/1374/1374 1457/1457/1457
f 1373/1373/1373 1308/1308/1308 1278/1278/1278
f 1373/1373/1373 1278/1278/1278 1339/1339/1339
f 1308/1308/1308 1254/1254/1254 1233/1233/1233
f 1308/1308/1308 1233/1233/1233 1278/1278/1278
f 1254/1254/1254 1241/1241/1241 1216/1216/1216
f 1254/1254/1254 1216/1216/1216 1233/1233/1233
f 1241/1241/1241 1255/1255/1255 1234/1234/1234
f 1241/1241/1241 1234/1234/1234 1216/1216/1216
f 1255/1255/1255 1309/1309/1309 1279/1279/1279
f 1255/1255/1255 1279/1279/1279 1234/1234/1234
f 1309/1309/1309 1375/1375/1375 1341/1341/1341
f 1309/1309/1309 1341/1341/1341 1279/1279/1279
f 1375/1375/1375 1458/1458/1458 1413/1413/1413
f 1375/1375/1375 1413/1413/1413 1341/1341/1341
f 1458/1458/1458 1495/1495/1495 1478/1478/1478
f 1458/1458/1458 1478/1478/1478 1413/1413/1413
f 1495/1495/1495 1508/1508/1508 1483/1483/1483
f 1495/1495/1495 1483/1483/1483 1478/1478/1478
f 1508/1508/1508 1494/1494/1494 1477/1477/1477
f 1508/1508/1508 1477/1477/1477 1483/1483/1483
f 1494/1494/1494 1457/1457/1457 1412/1412/1412
f 1494/1494/1494 1412/1412/1412 1477/1477/1477
f 1457/1457/1457 1374/1374/1374 1340/1340/1340
f 1457/1457/1457 1340/1340/1340 1412/1412/1412
f 1339/1339/1339 1278/1278/1278 1249/1249/1249
f 1339/1339/1339 1249/1249/1249 1314/1314/1314
f 1278/1278/1278 1233/1233/1233 1205/1205/1205
f 1278/1278/1278 1205/1205/1205 1249/1249/1249
f 1233/1233/1233 1216/1216/1216 1201/1201/1201
f 1233/1233/1233 1201/1201/1201 1205/1205/1205
f 1216/1216/1216 1234/1234/1234 1206/1206/1206
f 1216/1216/1216 1206/1206/1206 1201/1201/1201
f 1234/1234/1234 1279/1279/1279 1250/1250/1250
f 1234/1234/1234 1250/1250/1250 1206/1206/1206
f 1279/1279/1279 1341/1341/1341 1316/1316/1316
f 1279/1279/1279 1316/1316/1316 1250/1250/1250
f 1341/1341/1341 1413/1413/1413 1380/1380/1380
f 1341/1341/1341 1380/1380/1380 1316/1316/1316
f 1413/1413/1413 1478/1478/1478 1451/1451/1451
f 1413/1413/1413 1451/1451/1451 1380/1380/1380
f 1478/1478/1478 1483/1483/1483 1456/1456/1456
f 1478/1478/1478 1456/1456/1456 1451/1451/1451
f 1483/1483/1483 1477/1477/1477 1450/1450/1450
f 1483/1483/1483 1450/1450/1450 1456/1456/1456
f 1477/1477/1477 1412/1412/1412 1379/1379/1379
f 1477/1477/1477 1379/1379/1379 1450/1450/1450
f 1412/1412/1412 1340/1340/1340 1315/1315/1315
f 1412/1412/1412 1315/1315/1315 1379/1379/1379
f 1314/1314/1314 1249/1249/1249 1217/1217/1217
f 1314/1314/1314 1217/1217/1217 1270/1270/1270
f 1249/1249/1249 1205/1205/1205 1183/1183/1183
f 1249/1249/1249 1183/1183/1183 1217/1217/1217
f 1205/1205/1205 1201/1201/1201 1172/1172/1172
f 1205/1205/1205 1172/1172/1172 1183/1183/1183
f 1201/1201/1201 1206/1206/1206 1184/1184/1184
f 1201/1201/1201 1184/1184/1184 1172/1172/1172
f 1206/1206/1206 1250/1250/1250 1218/1218/1218
f 1206/1206/1206 1218/1218/1218 1184/1184/1184
f 1250/1250/1250 1316/1316/1316 1272/1272/1272
f 1250/1250/1250 1272/1272/1272 1218/1218/1218
f 1316/1316/1316 1380/1380/1380 1329/1329/1329
f 1316/1316/1316 1329/1329/1329 1272/1272/1272
f 1380/1380/1380 1451/1451/1451 1382/1382/1382
f 1380/1380/1380 1382/1382/1382 1329/1329/1329
f 1451/1451/1451 1456/1456/1456 1394/1394/1394
f 1451/1451/1451 1394/1394/1394 1382/1382/1382
f 1456/1456/1456 1450/1450/1450 1381/1381/1381
f 1456/1456/1456 1381/1381/1381 1394/1394/1394
f 1450/1450/1450 1379/1379/1379 1328/1328/1328
f 1450/1450/1450 1328/1328/1328 1381/1381/1381
f 1379/1379/1379 1315/1315/1315 1271/1271/1271
f 1379/1379/1379 1271/1271/1271 1328/1328/1328
f 1270/1270/1270 1217/1217/1217 1187/1187/1187
f 1270/1270/1270 1187/1187/1187 1227/1227/1227
f 1217/1217/1217 1183/1183/1183 1158/1158/1158
f 1217/1217/1217 1158/1158/1158 1187/1187/1187
f 1183/1183/1183 1172/1172/1172 1145/1145/1145
f 1183/1183/1183 1145/1145/1145 1158/1158/1158
f 1172/1172/1172 1184/1184/1184 1159/1159/1159
f 1172/1172/1172 1159/1159/1159 1145/1145/1145
f 1184/1184/1184 1218/1218/1218 1188/1188/1188
f 1184/1184/1184 1188/1188/1188 1159/1159/1159
f 1218/1218/1218 1272/1272/1272 1229/1229/1229
f 1218/1218/1218 1229/1229/1229 1188/1188/1188
f 1272/1272/1272 1329/1329/1329 1291/1291/1291
f 1272/1272/1272 1291/1291/1291 1229/1229/1229
f 1329/1329/1329 1382/1382/1382 1327/1327/1327
f 1329/1329/1329 1327/1327/1327 1291/1291/1291
f 1382/1382/1382 1394/1394/1394 1335/1335/1335
f 1382/1382/1382 1335/1335/1335 1327/1327/1327
f 1394/1394/1394 1381/1381/1381 1326/1326/1326
f 1394/1394/1394 1326/1326/1326 1335/1335/1335
f 1381/1381/1381 1328/1328/1328 1290/1290/1290
f 1381/1381/1381 1290/1290/1290 1326/1326/1326
f 1328/1328/1328 1271/1271/1271 1228/1228/1228
f 1328/1328/1328 1228/1228/1228 1290/1290/1290
f 1227/1227/1227 1187/1187/1187 1156/1156/1156
f 1227/1227/1227 1156/1156/1156 1189/1189/1189
f 1187/1187/1187 1158/1158/1158 1132/1132/1132
f 1187/1187/1187 1132/1132/1132 1156/1156/1156
f 1158/1158/1158 1145/1145/1145 1115/1115/1115
f 1158/1158/1158 1115/1115/1115 1132/1132/1132
f 1145/1145/1145 1159/1159/1159 1133/1133/1133
f 1145/1145/1145 1133/1133/1133 1115/1115/1115
f 1159/1159/1159 1188/1188/1188 1157/1157/1157
f 1159/1159/1159 1157/1157/1157 1133/1133/1133
f 1188/1188/1188 1229/1229/1229 1191/1191/1191
f 1188/1188/1188 1191/1191/1191 1157/1157/1157
f 1229/1229/1229 1291/1291/1291 1240/1240/1240
f 1229/1229/1229 1240/1240/1240 1191/1191/1191
f 1291/1291/1291 1327/1327/1327 1264/1264/1264
f 1291/1291/1291 1264/1264/1264 1240/1240/1240
f 1327/1327/1327 1335/1335/1335 1289/1289/1289
f 1327/1327/1327 1289/1289/1289 1264/1264/1264
f 1335/1335/1335 1326/1326/1326 1263/1263/1263
f 1335/1335/1335 1263/1263/1263 1289/1289/1289
f 1326/1326/1326 1290/1290/1290 1239/1239/1239
f 1326/1326/1326 1239/1239/1239 1263/1263/1263
f 1290/1290/1290 1228/1228/1228 1190/1190/1190
f 1290/1290/1290 1190/1190/1190 1239/1239/1239
f 1189/1189/1189 1156/1156/1156 1116/1116/1116
f 1189/1189/1189 1116/1116/1116 1150/1150/1150
f 1156/1156/1156 1132/1132/1132 1092/1092/1092
f 1156/1156/1156 1092/1092/1092 1116/1116/1116
f 1132/1132/1132 1115/1115/1115 1088/1088/1088
f 1132/1132/1132 1088/1088/1088 1092/1092/1092
f 1115/1115/1115 1133/1133/1133 1093/1093/1093
f 1115/1115/1115 1093/1093/1093 1088/1088/1088
f 1133/1133/1133 1157/1157/1157 1117/1117/1117
f 1133/1133/1133 1117/1117/1117 1093/1093/1093
f 1157/1157/1157 1191/1191/1191 1152/1152/1152
f 1157/1157/1157 1152/1152/1152 1117/1117/1117
f 1191/1191/1191 1240/1240/1240 1186/1186/1186
f 1191/1191/1191 1186/1186/1186 1152/1152/1152
f 1240/1240/1240 1264/1264/1264 1213/1213/1213
f 1240/1240/1240 1213/1213/1213 1186/1186/1186
f 1264/1264/1264 1289/1289/1289 1223/1223/1223
f 1264/1264/1264 1223/1223/1223 1213/1213/1213
f 1289/1289/1289 1263/1263/1263 1212/1212/1212
f 1289/1289/1289 1212/1212/1212 1223/1223/1223
f 1263/1263/1263 1239/1239/1239 1185/1185/1185
f 1263/1263/1263 1185/1185/1185 1212/1212/1212
f 1239/1239/1239 1190/1190/1190 1151/1151/1151
f 1239/1239/1239 1151/1151/1151 1185/1185/1185
f 1150/1150/1150 1116/1116/1116 1085/1085/1085
f 1150/1150/1150 1085/1085/1085 1103/1103/1103
f 1116/1116/1116 1092/1092/1092 1072/1072/1072
f 1116/1116/1116 1072/1072/1072 1085/1085/1085
f 1092/1092/1092 1088/1088/1088 1068/1068/1068
f 1092/1092/1092 1068/1068/1068 1072/1072/1072
f 1088/1088/1088 1093/1093/1093 1073/1073/1073
f 1088/1088/1088 1073/1073/1073 1068/1068/1068
f 1093/1093/1093 1117/1117/1117 1086/1086/1086
f 1093/1093/1093 1086/1086/1086 1073/1073/1073
f 1117/1117/1117 1152/1152/1152 1105/1105/1105
f 1117/1117/1117 1105/1105/1105 1086/1086/1086
f 1152/1152/1152 1186/1186/1186 1144/1144/1144
f 1152/1152/1152 1144/1144/1144 1105/1105/1105
f 1186/1186/1186 1213/1213/1213 1167/1167/1167
f 1186/1186/1186 1167/1167/1167 1144/1144/1144
f 1213/1213/1213 1223/1223/1223 1173/1173/1173
f 1213/1213/1213 1173/1173/1173 1167/1167/1167
f 1223/1223/1223 1212/1212/1212 1166/1166/1166
f 1223/1223/1223 1166/1166/1166 1173/1173/1173
f 1212/1212/1212 1185/1185/1185 1143/1143/1143
f 1212/1212/1212 1143/1143/1143 1166/1166/1166
f 1185/1185/1185 1151/1151/1151 1104/1104/1104
f 1185/1185/1185 1104/1104/1104 1143/1143/1143
f 1103/1103/1103 1085/1085/1085 1064/1064/1064
f 1103/1103/1103 1064/1064/1064 1076/1076/1076
f 1085/1085/1085 1072/1072/1072 1053/1053/1053
f 1085/1085/1085 1053/1053/1053 1064/1064/1064
f 1072/1072/1072 1068/1068/1068 1051/1051/1051
f 1072/1072/1072 1051/1051/1051 1053/1053/1053
f 1068/1068/1068 1073/1073/1073 1054/1054/1054
f 1068/1068/1068 1054/1054/1054 1051/1051/1051
f 1073/1073/1073 1086/1086/1086 1065/1065/1065
f 1073/1073/1073 1065/1065/1065 1054/1054/1054
f 1086/1086/1086 1105/1105/1105 1078/1078/1078
f 1086/1086/1086 1078/1078/1078 1065/1065/1065
f 1105/1105/1105 1144/1144/1144 1095/1095/1095
f 1105/1105/1105 1095/1095/1095 1078/1078/1078
f 1144/1144/1144 1167/1167/1167 1114/1114/1114
f 1144/1144/1144 1114/1114/1114 1095/1095/1095
f 1167/1167/1167 1173/1173/1173 1122/1122/1122
f 1167/1167/1167 1122/1122/1122 1114/1114/1114
f 1173/1173/1173 1166/1166/1166 1113/1113/1113
f 1173/1173/1173 1113/1113/1113 1122/1122/1122
f 1166/1166/1166 1143/1143/1143 1094/1094/1094
f 1166/1166/1166 1094/1094/1094 1113/1113/1113
f 1143/1143/1143 1104/1104/1104 1077/1077/1077
f 1143/1143/1143 1077/1077/1077 1094/1094/1094
f 1076/1076/1076 1064/1064/1064 1044/1044/1044
f 1076/1076/1076 1044/1044/1044 1055/1055/1055
f 1064/1064/1064 1053/1053/1053 1037/1037/1037
f 1064/1064/1064 1037/1037/1037 1044/1044/1044
f 1053/1053/1053 1051/1051/1051 1030/1030/1030
f 1053/1053/1053 1030/1030/1030 1037/1037/1037
f 1051/1051/1051 1054/1054/1054 1038/1038/1038
f 1051/1051/1051 1038/1038/1038 1030/1030/1030
f 1054/1054/1054 1065/1065/1065 1045/1045/1045
f 1054/1054/1054 1045/1045/1045 1038/1038/1038
f 1065/1065/1065 1078/1078/1078 1057/1057/1057
f 1065/1065/1065 1057/1057/1057 1045/1045/1045
f 1078/1078/1078 1095/1095/1095 1067/1067/1067
f 1078/1078/1078 1067/1067/1067 1057/1057/1057
f 1095/1095/1095 1114/1114/1114 1075/1075/1075
f 1095/1095/1095 1075/1075/1075 1067/1067/1067
f 1114/1114/1114 1122/1122/1122 1082/1082/1082
f 1114/1114/1114 1082/1082/1082 1075/1075/1075
f 1122/1122/1122 1113/1113/1113 1074/1074/1074
f 1122/1122/1122 1074/1074/1074 1082/1082/1082
f 1113/1113/1113 1094/1094/1094 1066/1066/1066
f 1113/1113/1113 1066/1066/1066 1074/1074/1074
f 1094/1094/1094 1077/1077/1077 1056/1056/1056
f 1094/1094/1094 1056/1056/1056 1066/1066/1066
f 1055/1055/1055 1044/1044/1044 1022/1022/1022
f 1055/1055/1055 1022/1022/1022 1031/1031/1031
f 1044/1044/1044 1037/1037/1037 1018/1018/1018
f 1044/1044/1044 1018/1018/1018 1022/1022/1022
f 1037/1037/1037 1030/1030/1030 1014/1014/1014
f 1037/1037/1037 1014/1014/1014 1018/1018/1018
f 1030/1030/1030 1038/1038/1038 1019/1019/1019
f 1030/1030/1030 1019/1019/1019 1014/1014/1014
f 1038/1038/1038 1045/1045/1045 1023/1023/1023
f 1038/1038/1038 1023/1023/1023 1019/1019/1019
f 1045/1045/1045 1057/1057/1057 1033/1033/1033
f 1045/1045/1045 1033/1033/1033 1023/1023/1023
f 1057/1057/1057 1067/1067/1067 1043/1043/1043
f 1057/1057/1057 1043/1043/1043 1033/1033/1033
f 1067/1067/1067 1075/1075/1075 1048/1048/1048
f 1067/1067/1067 1048/1048/1048 1043/1043/1043
f 1075/1075/1075 1082/1082/1082 1052/1052/1052
f 1075/1075/1075 1052/1052/1052 1048/1048/1048
f 1082/1082/1082 1074/1074/1074 1047/1047/1047
f 1082/1082/1082 1047/1047/1047 1052/1052/1052
f 1074/1074/1074 1066/1066/1066 1042/1042/1042
f 1074/1074/1074 1042/1042/1042 1047/1047/1047
f 1066/1066/1066 1056/1056/1056 1032/1032/1032
f 1066/1066/1066 1032/1032/1032 1042/1042/1042
f 1031/1031/1031 1022/1022/1022 1002/1002/1002
f 1031/1031/1031 1002/1002/1002 1008/1008/1008
f 1022/1022/1022 1018/1018/1018 998/998/998
f 1022/1022/1022 998/998/998 1002/1002/1002
f 1018/1018/1018 1014/1014/1014 995/995/995
f 1018/1018/1018 995/995/995 998/998/998
f 1014/1014/1014 1019/1019/1019 999/999/999
f 1014/1014/1014 999/999/999 995/995/995
f 1019/1019/1019 1023/1023/1023 1003/1003/1003
f 1019/1019/1019 1003/1003/1003 999/999/999
f 1023/1023/1023 1033/1033/1033 1010/1010/1010
f 1023/1023/1023 1010/1010/1010 1003/1003/1003
f 1033/1033/1033 1043/1043/1043 1021/1021/1021
f 1033/1033/1033 1021/1021/1021 1010/1010/1010
f 1043/1043/1043 1048/1048/1048 1025/1025/1025
f 1043/1043/1043 1025/1025/1025 1021/1021/1021
f 1048/1048/1048 1052/1052/1052 1026/1026/1026
f 1048/1048/1048 1026/1026/1026 1025/1025/1025
f 1052/1052/1052 1047/1047/1047 1024/1024/1024
f 1052/1052/1052 1024/1024/1024 1026/1026/1026
f 1047/1047/1047 1042/1042/1042 1020/1020/1020
f 1047/1047/1047 1020/1020/1020 1024/1024/1024
f 1042/1042/1042 1032/1032/1032 1009/1009/1009
f 1042/1042/1042 1009/1009/1009 1020/1020/1020
f 1008/1008/1008 1002/1002/1002 981/981/981
f 1008/1008/1008 981/981/981 986/986/986
f 1002/1002/1002 998/998/998 976/976/976
f 1002/1002/1002 976/976/976 981/981/981
f 998/998/998 995/995/995 975/975/975
f 998/998/998 975/975/975 976/976/976
f 995/995/995 999/999/999 977/977/977
f 995/995/995 977/977/977 975/975/975
f 999/999/999 1003/1003/1003 982/982/982
f 999/999/999 982/982/982 977/977/977
f 1003/1003/1003 1010/1010/1010 988/988/988
f 1003/1003/1003 988/988/988 982/982/982
f 1010/1010/1010 1021/1021/1021 997/997/997
f 1010/1010/1010 997/997/997 988/988/988
f 1021/1021/1021 1025/1025/1025 1001/1001/1001
f 1021/1021/1021 1001/1001/1001 997/997/997
f 1025/1025/1025 1026/1026/1026 1004/1004/1004
f 1025/1025/1025 1004/1004/1004 1001/1001/1001
f 1026/1026/1026 1024/1024/1024 1000/1000/1000
f 1026/1026/1026 1000/1000/1000 1004/1004/1004
f 1024/1024/1024 1020/1020/1020 996/996/996
f 1024/1024/1024 996/996/996 1000/1000/1000
f 1020/1020/1020 1009/1009/1009 987/987/987
f 1020/1020/1020 987/987/987 996/996/996
f 986/986/986 981/981/981 959/959/959
f 986/986/986 959/959/959 964/964/964
f 981/981/981 976/976/976 957/957/957
f 981/981/981 957/957/957 959/959/959
f 976/976/976 975/975/975 956/956/956
f 976/976/976 956/956/956 957/957/957
f 975/975/975 977/977/977 958/958/958
f 975/975/975 958/958/958 956/956/956
f 977/977/977 982/982/982 960/960/960
f 977/977/977 960/960/960 958/958/958
f 982/982/982 988/988/988 966/966/966
f 982/982/982 966/966/966 960/960/960
f 988/988/988 997/997/997 974/974/974
f 988/988/988 974/974/974 966/966/966
f 997/997/997 1001/1001/1001 979/979/979
f 997/997/997 979/979/979 974/974/974
f 1001/1001/1001 1004/1004/1004 980/980/980
f 1001/1001/1001 980/980/980 979/979/979
f 1004/1004/1004 1000/1000/1000 978/978/978
f 1004/1004/1004 978/978/978 980/980/980
f 1000/1000/1000 996/996/996 973/973/973
f 1000/1000/1000 973/973/973 978/978/978
f 996/996/996 987/987/987 965/965/965
f 996/996/996 965/965/965 973/973/973
f 964/964/964 959/959/959 937/937/937
f 964/964/964 937/937/937 942/942/942
f 959/959/959 957/957/957 935/935/935
f 959/959/959 935/935/935 937/937/937
f 957/957/957 956/956/956 934/934/934
f 957/957/957 934/934/934 935/935/935
f 956/956/956 958/958/958 936/936/936
f 956/956/956 936/936/936 934/934/934
f 958/958/958 960/960/960 938/938/938
f 958/958/958 938/938/938 936/936/936
f 960/960/960 966/966/966 944/944/944
f 960/960/960 944/944/944 938/938/938
f 966/966/966 974/974/974 952/952/952
f 966/966/966 952/952/952 944/944/944
f 974/974/974 979/979/979 954/954/954
f 974/974/974 954/954/954 952/952/952
f 979/979/979 980/980/980 955/955/955
f 979/979/979 955/955/955 954/954/954
f 980/980/980 978/978/978 953/953/953
f 980/980/980 953/953/953 955/955/955
f 978/978/978 973/973/973 951/951/951
f 978/978/978 951/951/951 953/953/953
f 973/973/973 965/965/965 943/943/943
f 973/973/973 943/943/943 951/951/951
f 942/942/942 937/937/937 915/915/915
f 942/942/942 915/915/915 920/920/920
f 937/937/937 935/935/935 913/913/913
f 937/937/937 913/913/913 915/915/915
f 935/935/935 934/934/934 912/912/912
f 935/935/935 912/912/912 913/913/913
f 934/934/934 936/936/936 914/914/914
f 934/934/934 914/914/914 912/912/912
f 936/936/936 938/938/938 916/916/916
f 936/936/936 916/916/916 914/914/914
f 938/938/938 944/944/944 922/922/922
f 938/938/938 922/922/922 916/916/916
f 944/944/944 952/952/952 930/930/930
f 944/944/944 930/930/930 922/922/922
f 952/952/952 954/954/954 932/932/932
f 952/952/952 932/932/932 930/930/930
f 954/954/954 955/955/955 933/933/933
f 954/954/954 933/933/933 932/932/932
f 955/955/955 953/953/953 931/931/931
f 955/955/955 931/931/931 933/933/933
f 953/953/953 951/951/951 929/929/929
f 953/953/953 929/929/929 931/931/931
f 951/951/951 943/943/943 921/921/921
f 951/951/951 921/921/921 929/929/929
f 920/920/920 915/915/915 893/893/893
f 920/920/920 893/893/893 898/898/898
f 915/915/915 913/913/913 891/891/891
f 915/915/915 891/891/891 893/893/893
f 913/913/913 912/912/912 890/890/890
f 913/913/913 890/890/890 891/891/891
f 912/912/912 914/914/914 892/892/892
f 912/912/912 892/892/892 890/890/890
f 914/914/914 916/916/916 894/894/894
f 914/914/914 894/894/894 892/892/892
f 916/916/916 922/922/922 900/900/900
f 916/916/916 900/900/900 894/894/894
f 922/922/922 930/930/930 908/908/908
f 922/922/922 908/908/908 900/900/900
f 930/930/930 932/932/932 910/910/910
f 930/930/930 910/910/910 908/908/908
f 932/932/932 933/933/933 911/911/911
f 932/932/932 911/911/911 910/910/910
f 933/933/933 931/931/931 909/909/909
f 933/933/933 909/909/909 911/911/911
f 931/931/931 929/929/929 907/907/907
f 931/931/931 907/907/907 909/909/909
f 929/929/929 921/921/921 899/899/899
f 929/929/929 899/899/899 907/907/907
f 898/898/898 893/893/893 871/871/871
f 898/898/898 871/871/871 876/876/876
f 893/893/893 891/891/891 869/869/869
f 893/893/893 869/869/869 871/871/871
f 891/891/891 890/890/890 868/868/868
f 891/891/891 868/868/868 869/869/869
f 890/890/890 892/892/892 870/870/870
f 890/890/890 870/870/870 868/868/868
f 892/892/892 894/894/894 872/872/872
f 892/892/892 872/872/872 870/870/870
f 894/894/894 900/900/900 878/878/878
f 894/894/894 878/878/878 872/872/872
f 900/900/900 908/908/908 886/886/886
f 900/900/900 886/886/886 878/878/878
f 908/908/908 910/910/910 888/888/888
f 908/908/908 888/888/888 886/886/886
f 910/910/910 911/911/911 889/889/889
f 910/910/910 889/889/889 888/888/888
f 911/911/911 909/909/909 887/887/887
f 911/911/911 887/887/887 889/889/889
f 909/909/909 907/907/907 885/885/885
f 909/909/909 885/885/885 887/887/887
f 907/907/907 899/899/899 877/877/877
f 907/907/907 877/877/877 885/885/885
f 876/876/876 871/871/871 849/849/849
f 876/876/876 849/849/849 854/854/854
f 871/871/871 869/869/869 847/847/847
f 871/871/871 847/847/847 849/849/849
f 869/869/869 868/868/868 846/846/846
f 869/869/869 846/846/846 847/847/847
f 868/868/868 870/870/870 848/848/848
f 868/868/868 848/848/848 846/846/846
f 870/870/870 872/872/872 850/850/850
f 870/870/870 850/850/850 848/848/848
f 872/872/872 878/878/878 856/856/856
f 872/872/872 856/856/856 850/850/850
f 878/878/878 886/886/886 864/864/864
f 878/878/878 864/864/864 856/856/856
f 886/886/886 888/888/888 866/866/866
f 886/886/886 866/866/866 864/864/864
f 888/888/888 889/889/889 867/867/867
f 888/888/888 867/867/867 866/866/866
f 889/889/889 887/887/887 865/865/865
f 889/889/889 865/865/865 867/867/867
f 887/887/887 885/885/885 863/863/863
f 887/887/887 863/863/863 865/865/865
f 885/885/885 877/877/877 855/855/855
f 885/885/885 855/855/855 863/863/863
f 854/854/854 849/849/849 827/827/827
f 854/854/854 827/827/827 832/832/832
f 849/849/849 847/847/847 825/825/825
f 849/849/849 825/825/825 827/827/827
f 847/847/847 846/846/846 824/824/824
f 847/847/847 824/824/824 825/825/825
f 846/846/846 848/848/848 826/826/826
f 846/846/846 826/826/826 824/824/824
f 848/848/848 850/850/850 828/828/828
f 848/848/848 828/828/828 826/826/826
f 850/850/850 856/856/856 834/834/834
f 850/850/850 834/834/834 828/828/828
f 856/856/856 864/864/864 842/842/842
f 856/856/856 842/842/842 834/834/834
f 864/864/864 866/866/866 844/844/844
f 864/864/864 844/844/844 842/842/842
f 866/866/866 867/867/867 845/845/845
f 866/866/866 845/845/845 844/844/844
f 867/867/867 865/865/865 843/843/843
f 867/867/867 843/843/843 845/845/845
f 865/865/865 863/863/863 841/841/841
f 865/865/865 841/841/841 843/843/843
f 863/863/863 855/855/855 833/833/833
f 863/863/863 833/833/833 841/841/841
f 832/832/832 827/827/827 805/805/805
f 832/832/832 805/805/805 807/807/807
f 827/827/827 825/825/825 803/803/803
f 827/827/827 803/803/803 805/805/805
f 825/825/825 824/824/824 802/802/802
f 825/825/825 802/802/802 803/803/803
f 824/824/824 826/826/826 804/804/804
f 824/824/824 804/804/804 802/802/802
f 826/826/826 828/828/828 806/806/806
f 826/826/826 806/806/806 804/804/804
f 828/828/828 834/834/834 809/809/809
f 828/828/828 809/809/809 806/806/806
f 834/834/834 842/842/842 811/811/811
f 834/834/834 811/811/811 809/809/809
f 842/842/842 844/844/844 816/816/816
f 842/842/842 816/816/816 811/811/811
f 844/844/844 845/845/845 820/820/820
f 844/844/844 820/820/820 816/816/816
f 845/845/845 843/843/843 815/815/815
f 845/845/845 815/815/815 820/820/820
f 843/843/843 841/841/841 810/810/810
f 843/843/843 810/810/810 815/815/815
f 841/841/841 833/833/833 808/808/808
f 841/841/841 808/808/808 810/810/810
f 807/807/807 805/805/805 797/797/797
f 807/807/807 797/797/797 788/788/788
f 805/805/805 803/803/803 799/799/799
f 805/805/805 799/799/799 797/797/797
f 803/803/803 802/802/802 801/801/801
f 803/803/803 801/801/801 799/799/799
f 802/802/802 804/804/804 800/800/800
f 802/802/802 800/800/800 801/801/801
f 804/804/804 806/806/806 798/798/798
f 804/804/804 798/798/798 800/800/800
f 806/806/806 809/809/809 790/790/790
f 806/806/806 790/790/790 798/798/798
f 809/809/809 811/811/811 784/784/784
f 809/809/809 784/784/784 790/790/790
f 811/811/811 816/816/816 782/782/782
f 811/811/811 782/782/782 784/784/784
f 816/816/816 820/820/820 780/780/780
f 816/816/816 780/780/780 782/782/782
f 820/820/820 815/815/815 781/781/781
f 820/820/820 781/781/781 780/780/780
f 815/815/815 810/810/810 783/783/783
f 815/815/815 783/783/783 781/781/781
f 810/810/810 808/808/808 789/789/789
f 810/810/810 789/789/789 783/783/783
f 788/788/788 797/797/797 775/775/775
f 788/788/788 775/775/775 766/766/766
f 797/797/797 799/799/799 777/777/777
f 797/797/797 777/777/777 775/775/775
f 799/799/799 801/801/801 779/779/779
f 799/799/799 779/779/779 777/777/777
f 801/801/801 800/800/800 778/778/778
f 801/801/801 778/778/778 779/779/779
f 800/800/800 798/798/798 776/776/776
f 800/800/800 776/776/776 778/778/778
f 798/798/798 790/790/790 768/768/768
f 798/798/798 768/768/768 776/776/776
f 790/790/790 784/784/784 762/762/762
f 790/790/790 762/762/762 768/768/768
f 784/784/784 782/782/782 760/760/760
f 784/784/784 760/760/760 762/762/762
f 782/782/782 780/780/780 758/758/758
f 782/782/782 758/758/758 760/760/760
f 780/780/780 781/781/781 759/759/759
f 780/780/780 759/759/759 758/758/758
f 781/781/781 783/783/783 761/761/761
f 781/781/781 761/761/761 759/759/759
f 783/783/783 789/789/789 767/767/767
f 783/783/783 767/767/767 761/761/761
f 766/766/766 775/775/775 753/753/753
f 766/766/766 753/753/753 744/744/744
f 775/775/775 777/777/777 755/755/755
f 775/775/775 755/755/755 753/753/753
f 777/777/777 779/779/779 757/757/757
f 777/777/777 757/757/757 755/755/755
f 779/779/779 778/778/778 756/756/756
f 779/779/779 756/756/756 757/757/757
f 778/778/778 776/776/776 754/754/754
f 778/778/778 754/754/754 756/756/756
f 776/776/776 768/768/768 746/746/746
f 776/776/776 746/746/746 754/754/754
f 768/768/768 762/762/762 740/740/740
f 768/768/768 740/740/740 746/746/746
f 762/762/762 760/760/760 738/738/738
f 762/762/762 738/738/738 740/740/740
f 760/760/760 758/758/758 736/736/736
f 760/760/760 736/736/736 738/738/738
f 758/758/758 759/759/759 737/737/737
f 758/758/758 737/737/737 736/736/736
f 759/759/759 761/761/761 739/739/739
f 759/759/759 739/739/739 737/737/737
f 761/761/761 767/767/767 745/745/745
f 761/761/761 745/745/745 739/739/739
f 744/744/744 753/753/753 731/731/731
f 744/744/744 731/731/731 722/722/722
f 753/753/753 755/755/755 733/733/733
f 753/753/753 733/733/733 731/731/731
f 755/755/755 757/757/757 735/735/735
f 755/755/755 735/735/735 733/733/733
f 757/757/757 756/756/756 734/734/734
f 757/757/757 734/734/734 735/735/735
f 756/756/756 754/754/754 732/732/732
f 756/756/756 732/732/732 734/734/734
f 754/754/754 746/746/746 724/724/724
f 754/754/754 724/724/724 732/732/732
f 746/746/746 740/740/740 718/718/718
f 746/746/746 718/718/718 724/724/724
f 740/740/740 738/738/738 716/716/716
f 740/740/740 716/716/716 718/718/718
f 738/738/738 736/736/736 714/714/714
f 738/738/738 714/714/714 716/716/716
f 736/736/736 737/737/737 715/715/715
f 736/736/736 715/715/715 714/714/714
f 737/737/737 739/739/739 717/717/717
f 737/737/737 717/717/717 715/715/715
f 739/739/739 745/745/745 723/723/723
f 739/739/739 723/723/723 717/717/717
f 722/722/722 731/731/731 709/709/709
f 722/722/722 709/709/709 700/700/700
f 731/731/731 733/733/733 711/711/711
f 731/731/731 711/711/711 709/709/709
f 733/733/733 735/735/735 713/713/713
f 733/733/733 713/713/713 711/711/711
f 735/735/735 734/734/734 712/712/712
f 735/735/735 712/712/712 713/713/713
f 734/734/734 732/732/732 710/710/710
f 734/734/734 710/710/710 712/712/712
f 732/732/732 724/724/724 702/702/702
f 732/732/732 702/702/702 710/710/710
f 724/724/724 718/718/718 696/696/696
f 724/724/724 696/696/696 702/702/702
f 718/718/718 716/716/716 694/694/694
f 718/718/718 694/694/694 696/696/696
f 716/716/716 714/714/714 692/692/692
f 716/716/716 692/692/692 694/694/694
f 714/714/714 715/715/715 693/693/693
f 714/714/714 693/693/693 692/692/692
f 715/715/715 717/717/717 695/695/695
f 715/715/715 695/695/695 693/693/693
f 717/717/717 723/723/723 701/701/701
f 717/717/717 701/701/701 695/695/695
f 700/700/700 709/709/709 687/687/687
f 700/700/700 687/687/687 678/678/678
f 709/709/709 711/711/711 689/689/689
f 709/709/709 689/689/689 687/687/687
f 711/711/711 713/713/713 691/691/691
f 711/711/711 691/691/691 689/689/689
f 713/713/713 712/712/712 690/690/690
f 713/713/713 690/690/690 691/691/691
f 712/712/712 710/710/710 688/688/688
f 712/712/712 688/688/688 690/690/690
f 710/710/710 702/702/702 680/680/680
f 710/710/710 680/680/680 688/688/688
f 702/702/702 696/696/696 674/674/674
f 702/702/702 674/674/674 680/680/680
f 696/696/696 694/694/694 672/672/672
f 696/696/696 672/672/672 674/674/674
f 694/694/694 692/692/692 670/670/670
f 694/694/694 670/670/670 672/672/672
f 692/692/692 693/693/693 671/671/671
f 692/692/692 671/671/671 670/670/670
f 693/693/693 695/695/695 673/673/673
f 693/693/693 673/673/673 671/671/671
f 695/695/695 701/701/701 679/679/679
f 695/695/695 679/679/679 673/673/673
f 678/678/678 687/687/687 665/665/665
f 678/678/678 665/665/665 656/656/656
f 687/687/687 689/689/689 667/667/667
f 687/687/687 667/667/667 665/665/665
f 689/689/689 691/691/691 669/669/669
f 689/689/689 669/669/669 667/667/667
f 691/691/691 690/690/690 668/668/668
f 691/691/691 668/668/668 669/669/669
f 690/690/690 688/688/688 666/666/666
f 690/690/690 666/666/666 668/668/668
f 688/688/688 680/680/680 658/658/658
f 688/688/688 658/658/658 666/666/666
f 680/680/680 674/674/674 652/652/652
f 680/680/680 652/652/652 658/658/658
f 674/674/674 672/672/672 647/647/647
f 674/674/674 647/647/647 652/652/652
f 672/672/672 670/670/670 645/645/645
f 672/672/672 645/645/645 647/647/647
f 670/670/670 671/671/671 646/646/646
f 670/670/670 646/646/646 645/645/645
f 671/671/671 673/673/673 651/651/651
f 671/671/671 651/651/651 646/646/646
f 673/673/673 679/679/679 657/657/657
f 673/673/673 657/657/657 651/651/651
f 656/656/656 665/665/665 643/643/643
f 656/656/656 643/643/643 634/634/634
f 665/665/665 667/667/667 648/648/648
f 665/665/665 648/648/648 643/643/643
f 667/667/667 669/669/669 650/650/650
f 667/667/667 650/650/650 648/648/648
f 669/669/669 668/668/668 649/649/649
f 669/669/669 649/649/649 650/650/650
f 668/668/668 666/666/666 644/644/644
f 668/668/668 644/644/644 649/649/649
f 666/666/666 658/658/658 636/636/636
f 666/666/666 636/636/636 644/644/644
f 658/658/658 652/652/652 629/629/629
f 658/658/658 629/629/629 636/636/636
f 652/652/652 647/647/647 625/625/625
f 652/652/652 625/625/625 629/629/629
f 647/647/647 645/645/645 621/621/621
f 647/647/647 621/621/621 625/625/625
f 645/645/645 646/646/646 624/624/624
f 645/645/645 624/624/624 621/621/621
f 646/646/646 651/651/651 628/628/628
f 646/646/646 628/628/628 624/624/624
f 651/651/651 657/657/657 635/635/635
f 651/651/651 635/635/635 628/628/628
f 634/634/634 643/643/643 622/622/622
f 634/634/634 622/622/622 612/612/612
f 643/643/643 648/648/648 626/626/626
f 643/643/643 626/626/626 622/622/622
f 648/648/648 650/650/650 630/630/630
f 648/648/648 630/630/630 626/626/626
f 650/650/650 649/649/649 627/627/627
f 650/650/650 627/627/627 630/630/630
f 649/649/649 644/644/644 623/623/623
f 649/649/649 623/623/623 627/627/627
f 644/644/644 636/636/636 614/614/614
f 644/644/644 614/614/614 623/623/623
f 636/636/636 629/629/629 605/605/605
f 636/636/636 605/605/605 614/614/614
f 629/629/629 625/625/625 601/601/601
f 629/629/629 601/601/601 605/605/605
f 625/625/625 621/621/621 599/599/599
f 625/625/625 599/599/599 601/601/601
f 621/621/621 624/624/624 600/600/600
f 621/621/621 600/600/600 599/599/599
f 624/624/624 628/628/628 604/604/604
f 624/624/624 604/604/604 600/600/600
f 628/628/628 635/635/635 613/613/613
f 628/628/628 613/613/613 604/604/604
f 612/612/612 622/622/622 602/602/602
f 612/612/612 602/602/602 589/589/589
f 622/622/622 626/626/626 606/606/606
f 622/622/622 606/606/606 602/602/602
f 626/626/626 630/630/630 611/611/611
f 626/626/626 611/611/611 606/606/606
f 630/630/630 627/627/627 607/607/607
f 630/630/630 607/607/607 611/611/611
f 627/627/627 623/623/623 603/603/603
f 627/627/627 603/603/603 607/607/607
f 623/623/623 614/614/614 591/591/591
f 623/623/623 591/591/591 603/603/603
f 614/614/614 605/605/605 583/583/583
f 614/614/614 583/583/583 591/591/591
f 605/605/605 601/601/601 578/578/578
f 605/605/605 578/578/578 583/583/583
f 601/601/601 599/599/599 573/573/573
f 601/601/601 573/573/573 578/578/578
f 599/599/599 600/600/600 577/577/577
f 599/599/599 577/577/577 573/573/573
f 600/600/600 604/604/604 582/582/582
f 600/600/600 582/582/582 577/577/577
f 604/604/604 613/613/613 590/590/590
f 604/604/604 590/590/590 582/582/582
f 589/589/589 602/602/602 580/580/580
f 589/589/589 580/580/580 565/565/565
f 602/602/602 606/606/606 587/587/587
f 602/602/602 587/587/587 580/580/580
f 606/606/606 611/611/611 595/595/595
f 606/606/606 595/595/595 587/587/587
f 611/611/611 607/607/607 588/588/588
f 611/611/611 588/588/588 595/595/595
f 607/607/607 603/603/603 581/581/581
f 607/607/607 581/581/581 588/588/588
f 603/603/603 591/591/591 567/567/567
f 603/603/603 567/567/567 581/581/581
f 591/591/591 583/583/583 559/559/559
f 591/591/591 559/559/559 567/567/567
f 583/583/583 578/578/578 551/551/551
f 583/583/583 551/551/551 559/559/559
f 578/578/578 573/573/573 543/543/543
f 578/578/578 543/543/543 551/551/551
f 573/573/573 577/577/577 550/550/550
f 573/573/573 550/550/550 543/543/543
f 577/577/577 582/582/582 558/558/558
f 577/577/577 558/558/558 550/550/550
f 582/582/582 590/590/590 566/566/566
f 582/582/582 566/566/566 558/558/558
f 565/565/565 580/580/580 560/560/560
f 565/565/565 560/560/560 544/544/544
f 580/580/580 587/587/587 571/571/571
f 580/580/580 571/571/571 560/560/560
f 587/587/587 595/595/595 574/574/574
f 587/587/587 574/574/574 571/571/571
f 595/595/595 588/588/588 572/572/572
f 595/595/595 572/572/572 574/574/574
f 588/588/588 581/581/581 561/561/561
f 588/588/588 561/561/561 572/572/572
f 581/581/581 567/567/567 546/546/546
f 581/581/581 546/546/546 561/561/561
f 567/567/567 559/559/559 530/530/530
f 567/567/567 530/530/530 546/546/546
f 559/559/559 551/551/551 510/510/510
f 559/559/559 510/510/510 530/530/530
f 551/551/551 543/543/543 500/500/500
f 551/551/551 500/500/500 510/510/510
f 543/543/543 550/550/550 509/509/509
f 543/543/543 509/509/509 500/500/500
f 550/550/550 558/558/558 529/529/529
f 550/550/550 529/529/529 509/509/509
f 558/558/558 566/566/566 545/545/545
f 558/558/558 545/545/545 529/529/529
f 544/544/544 560/560/560 539/539/539
f 544/544/544 539/539/539 515/515/515
f 560/560/560 571/571/571 552/552/552
f 560/560/560 552/552/552 539/539/539
f 571/571/571 574/574/574 557/557/557
f 571/571/571 557/557/557 552/552/552
f 574/574/574 572/572/572 553/553/553
f 574/574/574 553/553/553 557/557/557
f 572/572/572 561/561/561 540/540/540
f 572/572/572 540/540/540 553/553/553
f 561/561/561 546/546/546 517/517/517
f 561/561/561 517/517/517 540/540/540
f 546/546/546 530/530/530 479/479/479
f 546/546/546 479/479/479 517/517/517
f 530/530/530 510/510/510 456/456/456
f 530/530/530 456/456/456 479/479/479
f 510/510/510 500/500/500 449/449/449
f 510/510/510 449/449/449 456/456/456
f 500/500/500 509/509/509 455/455/455
f 500/500/500 455/455/455 449/449/449
f 509/509/509 529/529/529 478/478/478
f 509/509/509 478/478/478 455/455/455
f 529/529/529 545/545/545 516/516/516
f 529/529/529 516/516/516 478/478/478
f 515/515/515 539/539/539 506/506/506
f 515/515/515 506/506/506 467/467/467
f 539/539/539 552/552/552 531/531/531
f 539/539/539 531/531/531 506/506/506
f 552/552/552 557/557/557 537/537/537
f 552/552/552 537/537/537 531/531/531
f 557/557/557 553/553/553 532/532/532
f 557/557/557 532/532/532 537/537/537
f 553/553/553 540/540/540 507/507/507
f 553/553/553 507/507/507 532/532/532
f 540/540/540 517/517/517 469/469/469
f 540/540/540 469/469/469 507/507/507
f 517/517/517 479/479/479 436/436/436
f 517/517/517 436/436/436 469/469/469
f 479/479/479 456/456/456 409/409/409
f 479/479/479 409/409/409 436/436/436
f 456/456/456 449/449/449 398/398/398
f 456/456/456 398/398/398 409/409/409
f 449/449/449 455/455/455 408/408/408
f 449/449/449 408/408/408 398/398/398
f 455/455/455 478/478/478 435/435/435
f 455/455/455 435/435/435 408/408/408
f 478/478/478 516/516/516 468/468/468
f 478/478/478 468/468/468 435/435/435
f 467/467/467 506/506/506 465/465/465
f 467/467/467 465/465/465 427/427/427
f 506/506/506 531/531/531 489/489/489
f 506/506/506 489/489/489 465/465/465
f 531/531/531 537/537/537 508/508/508
f 531/531/531 508/508/508 489/489/489
f 537/537/537 532/532/532 490/490/490
f 537/537/537 490/490/490 508/508/508
f 532/532/532 507/507/507 466/466/466
f 532/532/532 466/466/466 490/490/490
f 507/507/507 469/469/469 429/429/429
f 507/507/507 429/429/429 466/466/466
f 469/469/469 436/436/436 381/381/381
f 469/469/469 381/381/381 429/429/429
f 436/436/436 409/409/409 357/357/357
f 436/436/436 357/357/357 381/381/381
f 409/409/409 398/398/398 331/331/331
f 409/409/409 331/331/331 357/357/357
f 398/398/398 408/408/408 356/356/356
f 398/398/398 356/356/356 331/331/331
f 408/408/408 435/435/435 380/380/380
f 408/408/408 380/380/380 356/356/356
f 435/435/435 468/468/468 428/428/428
f 435/435/435 428/428/428 380/380/380
f 427/427/427 465/465/465 433/433/433
f 427/427/427 433/433/433 388/388/388
f 465/465/465 489/489/489 463/463/463
f 465/465/465 463/463/463 433/433/433
f 489/489/489 508/508/508 477/477/477
f 489/489/489 477/477/477 463/463/463
f 508/508/508 490/490/490 464/464/464
f 508/508/508 464/464/464 477/477/477
f 490/490/490 466/466/466 434/434/434
f 490/490/490 434/434/434 464/464/464
f 466/466/466 429/429/429 390/390/390
f 466/466/466 390/390/390 434/434/434
f 429/429/429 381/381/381 330/330/330
f 429/429/429 330/330/330 390/390/390
f 381/381/381 357/357/357 294/294/294
f 381/381/381 294/294/294 330/330/330
f 357/357/357 331/331/331 285/285/285
f 357/357/357 285/285/285 294/294/294
f 331/331/331 356/356/356 293/293/293
f 331/331/331 293/293/293 285/285/285
f 356/356/356 380/380/380 329/329/329
f 356/356/356 329/329/329 293/293/293
f 380/380/380 428/428/428 389/389/389
f 380/380/380 389/389/389 329/329/329
f 388/388/388 433/433/433 403/403/403
f 388/388/388 403/403/403 345/345/345
f 433/433/433 463/463/463 437/437/437
f 433/433/433 437/437/437 403/403/403
f 463/463/463 477/477/477 450/450/450
f 463/463/463 450/450/450 437/437/437
f 477/477/477 464/464/464 438/438/438
f 477/477/477 438/438/438 450/450/450
f 464/464/464 434/434/434 404/404/404
f 464/464/464 404/404/404 438/438/438
f 434/434/434 390/390/390 347/347/347
f 434/434/434 347/347/347 404/404/404
f 390/390/390 330/330/330 292/292/292
f 390/390/390 292/292/292 347/347/347
f 330/330/330 294/294/294 239/239/239
f 330/330/330 239/239/239 292/292/292
f 294/294/294 285/285/285 226/226/226
f 294/294/294 226/226/226 239/239/239
f 285/285/285 293/293/293 238/238/238
f 285/285/285 238/238/238 226/226/226
f 293/293/293 329/329/329 291/291/291
f 293/293/293 291/291/291 238/238/238
f 329/329/329 389/389/389 346/346/346
f 329/329/329 346/346/346 291/291/291
f 345/345/345 403/403/403 370/370/370
f 345/345/345 370/370/370 301/301/301
f 403/403/403 437/437/437 415/415/415
f 403/403/403 415/415/415 370/370/370
f 437/437/437 450/450/450 420/420/420
f 437/437/437 420/420/420 415/415/415
f 450/450/450 438/438/438 416/416/416
f 450/450/450 416/416/416 420/420/420
f 438/438/438 404/404/404 371/371/371
f 438/438/438 371/371/371 416/416/416
f 404/404/404 347/347/347 303/303/303
f 404/404/404 303/303/303 371/371/371
f 347/347/347 292/292/292 241/241/241
f 347/347/347 241/241/241 303/303/303
f 292/292/292 239/239/239 170/170/170
f 292/292/292 170/170/170 241/241/241
f 239/239/239 226/226/226 164/164/164
f 239/239/239 164/164/164 170/170/170
f 226/226/226 238/238/238 169/169/169
f 226/226/226 169/169/169 164/164/164
f 238/238/238 291/291/291 240/240/240
f 238/238/238 240/240/240 169/169/169
f 291/291/291 346/346/346 302/302/302
f 291/291/291 302/302/302 240/240/240
f 301/301/301 370/370/370 341/341/341
f 301/301/301 341/341/341 276/276/276
f 370/370/370 415/415/415 386/386/386
f 370/370/370 386/386/386 341/341/341
f 415/415/415 420/420/420 405/405/405
f 415/415/415 405/405/405 386/386/386
f 420/420/420 416/416/416 387/387/387
f 420/420/420 387/387/387 405/405/405
f 416/416/416 371/371/371 342/342/342
f 416/416/416 342/342/342 387/387/387
f 371/371/371 303/303/303 278/278/278
f 371/371/371 278/278/278 342/342/342
f 303/303/303 241/241/241 208/208/208
f 303/303/303 208/208/208 278/278/278
f 241/241/241 170/170/170 143/143/143
f 241/241/241 143/143/143 208/208/208
f 170/170/170 164/164/164 137/137/137
f 170/170/170 137/137/137 143/143/143
f 164/164/164 169/169/169 142/142/142
f 164/164/164 142/142/142 137/137/137
f 169/169/169 240/240/240 207/207/207
f 169/169/169 207/207/207 142/142/142
f 240/240/240 302/302/302 277/277/277
f 240/240/240 277/277/277 207/207/207
f 276/276/276 341/341/341 311/311/311
f 276/276/276 311/311/311 242/242/242
f 341/341/341 386/386/386 365/365/365
f 341/341/341 365/365/365 311/311/311
f 386/386/386 405/405/405 379/379/379
f 386/386/386 379/379/379 365/365/365
f 405/405/405 387/387/387 366/366/366
f 405/405/405 366/366/366 379/379/379
f 387/387/387 342/342/342 312/312/312
f 387/387/387 312/312/312 366/366/366
f 342/342/342 278/278/278 244/244/244
f 342/342/342 244/244/244 312/312/312
f 278/278/278 208/208/208 163/163/163
f 278/278/278 163/163/163 244/244/244
f 208/208/208 143/143/143 126/126/126
f 208/208/208 126/126/126 163/163/163
f 143/143/143 137/137/137 112/112/112
f 143/143/143 112/112/112 126/126/126
f 137/137/137 142/142/142 125/125/125
f 137/137/137 125/125/125 112/112/112
f 142/142/142 207/207/207 162/162/162
f 142/142/142 162/162/162 125/125/125
f 207/207/207 277/277/277 243/243/243
f 207/207/207 243/243/243 162/162/162
f 242/242/242 311/311/311 110/110/110
f 242/242/242 110/110/110 102/102/102
f 311/311/311 365/365/365 140/140/140
f 311/311/311 140/140/140 110/110/110
f 365/365/365 379/379/379 222/222/222
f 365/365/365 222/222/222 140/140/140
f 379/379/379 366/366/366 297/297/297
f 379/379/379 297/297/297 222/222/222
f 366/366/366 312/312/312 358/358/358
f 366/366/366 358/358/358 297/297/297
f 312/312/312 244/244/244 369/369/369
f 312/312/312 369/369/369 358/358/358
f 244/244/244 163/163/163 359/359/359
f 244/244/244 359/359/359 369/369/369
f 163/163/163 126/126/126 298/298/298
f 163/163/163 298/298/298 359/359/359
f 126/126/126 112/112/112 223/223/223
f 126/126/126 223/223/223 298/298/298
f 112/112/112 125/125/125 141/141/141
f 112/112/112 141/141/141 223/223/223
f 125/125/125 162/162/162 111/111/111
f 125/125/125 111/111/111 141/141/141
f 162/162/162 243/243/243 103/103/103
f 162/162/162 103/103/103 111/111/111
f 102/102/102 110/110/110 104/104/104
f 102/102/102 104/104/104 88/88/88
f 110/110/110 140/140/140 135/135/135
f 110/110/110 135/135/135 104/104/104
f 140/140/140 222/222/222 209/209/209
f 140/140/140 209/209/209 135/135/135
f 222/222/222 297/297/297 287/287/287
f 222/222/222 287/287/287 209/209/209
f 297/297/297 358/358/358 336/336/336
f 297/297/297 336/336/336 287/287/287
f 358/358/358 369/369/369 361/361/361
f 358/358/358 361/361/361 336/336/336
f 369/369/369 359/359/359 337/337/337
f 369/369/369 337/337/337 361/361/361
f 359/359/359 298/298/298 288/288/288
f 359/359/359 288/288/288 337/337/337
f 298/298/298 223/223/223 210/210/210
f 298/298/298 210/210/210 288/288/288
f 223/223/223 141/141/141 136/136/136
f 223/223/223 136/136/136 210/210/210
f 141/141/141 111/111/111 105/105/105
f 141/141/141 105/105/105 136/136/136
f 111/111/111 103/103/103 89/89/89
f 111/111/111 89/89/89 105/105/105
f 88/88/88 104/104/104 100/100/100
f 88/88/88 100/100/100 78/78/78
f 104/104/104 135/135/135 123/123/123
f 104/104/104 123/123/123 100/100/100
f 135/135/135 209/209/209 203/203/203
f 135/135/135 203/203/203 123/123/123
f 209/209/209 287/287/287 283/283/283
f 209/209/209 283/283/283 203/203/203
f 287/287/287 336/336/336 327/327/327
f 287/287/287 327/327/327 283/283/283
f 336/336/336 361/361/361 360/360/360
f 336/336/336 360/360/360 327/327/327
f 361/361/361 337/337/337 328/328/328
f 361/361/361 328/328/328 360/360/360
f 337/337/337 288/288/288 284/284/284
f 337/337/337 284/284/284 328/328/328
f 288/288/288 210/210/210 204/204/204
f 288/288/288 204/204/204 284/284/284
f 210/210/210 136/136/136 124/124/124
f 210/210/210 124/124/124 204/204/204
f 136/136/136 105/105/105 101/101/101
f 136/136/136 101/101/101 124/124/124
f 105/105/105 89/89/89 79/79/79
f 105/105/105 79/79/79 101/101/101
f 78/78/78 100/100/100 94/94/94
f 78/78/78 94/94/94 72/72/72
f 100/100/100 123/123/123 117/117/117
f 100/100/100 117/117/117 94/94/94
f 123/123/123 203/203/203 182/182/182
f 123/123/123 182/182/182 117/117/117
f 203/203/203 283/283/283 268/268/268
f 203/203/203 268/268/268 182/182/182
f 283/283/283 327/327/327 317/317/317
f 283/283/283 317/317/317 268/268/268
f 327/327/327 360/360/360 355/355/355
f 327/327/327 355/355/355 317/317/317
f 360/360/360 328/328/328 320/320/320
f 360/360/360 320/320/320 355/355/355
f 328/328/328 284/284/284 271/271/271
f 328/328/328 271/271/271 320/320/320
f 284/284/284 204/204/204 186/186/186
f 284/284/284 186/186/186 271/271/271
f 204/204/204 124/124/124 120/120/120
f 204/204/204 120/120/120 186/186/186
f 124/124/124 101/101/101 97/97/97
f 124/124/124 97/97/97 120/120/120
f 101/101/101 79/79/79 73/73/73
f 101/101/101 73/73/73 97/97/97
f 1432/1432/1432 1522/1522/1522 1545/1545/1545
f 1432/1432/1432 1499/1499/1499 1521/1521/1521
f 1432/1432/1432 1431/1431/1431 1498/1498/1498
f 1432/1432/1432 1351/1351/1351 1430/1430/1430
f 1432/1432/1432 1302/1302/1302 1350/1350/1350
f 1432/1432/1432 1267/1267/1267 1301/1301/1301
f 1432/1432/1432 1305/1305/1305 1266/1266/1266
f 1432/1432/1432 1354/1354/1354 1304/1304/1304
f 1432/1432/1432 1435/1435/1435 1353/1353/1353
f 1432/1432/1432 1502/1502/1502 1434/1434/1434
f 1432/1432/1432 1525/1525/1525 1501/1501/1501
f 1432/1432/1432 1546/1546/1546 1524/1524/1524
f 183/183/183 74/74/74 96/96/96
f 183/183/183 95/95/95 119/119/119
f 183/183/183 118/118/118 181/181/181
f 183/183/183 180/180/180 267/267/267
f 183/183/183 266/266/266 316/316/316
f 183/183/183 315/315/315 354/354/354
f 183/183/183 353/353/353 319/319/319
f 183/183/183 318/318/318 270/270/270
f 183/183/183 269/269/269 185/185/185
f 183/183/183 184/184/184 122/122/122
f 183/183/183 121/121/121 99/99/99
f 183/183/183 98/98/98 75/75/75
usemtl Trim
s 1
f 1473/1473/1473 1465/1465/1465 1459/1459/1459
f 1473/1473/1473 1459/1459/1459 1469/1469/1469
f 1465/1465/1465 1438/1438/1438 1416/1416/1416
f 1465/1465/1465 1416/1416/1416 1459/1459/1459
f 1438/1438/1438 1399/1399/1399 1392/1392/1392
f 1438/1438/1438 1392/1392/1392 1416/1416/1416
f 1399/1399/1399 1389/1389/1389 1384/1384/1384
f 1399/1399/1399 1384/1384/1384 1392/1392/1392
f 1389/1389/1389 1402/1402/1402 1393/1393/1393
f 1389/1389/1389 1393/1393/1393 1384/1384/1384
f 1402/1402/1402 1442/1442/1442 1417/1417/1417
f 1402/1402/1402 1417/1417/1417 1393/1393/1393
f 1442/1442/1442 1468/1468/1468 1460/1460/1460
f 1442/1442/1442 1460/1460/1460 1417/1417/1417
f 1468/1468/1468 1474/1474/1474 1470/1470/1470
f 1468/1468/1468 1470/1470/1470 1460/1460/1460
f 1469/1469/1469 1459/1459/1459 1454/1454/1454
f 1469/1469/1469 1454/1454/1454 1461/1461/1461
f 1459/1459/1459 1416/1416/1416 1410/1410/1410
f 1459/1459/1459 1410/1410/1410 1454/1454/1454
f 1416/1416/1416 1392/1392/1392 1387/1387/1387
f 1416/1416/1416 1387/1387/1387 1410/1410/1410
f 1392/1392/1392 1384/1384/1384 1372/1372/1372
f 1392/1392/1392 1372/1372/1372 1387/1387/1387
f 1384/1384/1384 1393/1393/1393 1388/1388/1388
f 1384/1384/1384 1388/1388/1388 1372/1372/1372
f 1393/1393/1393 1417/1417/1417 1411/1411/1411
f 1393/1393/1393 1411/1411/1411 1388/1388/1388
f 1417/1417/1417 1460/1460/1460 1455/1455/1455
f 1417/1417/1417 1455/1455/1455 1411/1411/1411
f 1460/1460/1460 1470/1470/1470 1462/1462/1462
f 1460/1460/1460 1462/1462/1462 1455/1455/1455
f 1461/1461/1461 1454/1454/1454 1418/1418/1418
f 1461/1461/1461 1418/1418/1418 1452/1452/1452
f 1454/1454/1454 1410/1410/1410 1397/1397/1397
f 1454/1454/1454 1397/1397/1397 1418/1418/1418
f 1410/1410/1410 1387/1387/1387 1366/1366/1366
f 1410/1410/1410 1366/1366/1366 1397/1397/1397
f 1387/1387/1387 1372/1372/1372 1365/1365/1365
f 1387/1387/1387 1365/1365/1365 1366/1366/1366
f 1372/1372/1372 1388/1388/1388 1367/1367/1367
f 1372/1372/1372 1367/1367/1367 1365/1365/1365
f 1388/1388/1388 1411/1411/1411 1398/1398/1398
f 1388/1388/1388 1398/1398/1398 1367/1367/1367
f 1411/1411/1411 1455/1455/1455 1419/1419/1419
f 1411/1411/1411 1419/1419/1419 1398/1398/1398
f 1455/1455/1455 1462/1462/1462 1453/1453/1453
f 1455/1455/1455 1453/1453/1453 1419/1419/1419
f 1452/1452/1452 1418/1418/1418 1355/1355/1355
f 1452/1452/1452 1355/1355/1355 1376/1376/1376
f 1418/1418/1418 1397/1397/1397 1334/1334/1334
f 1418/1418/1418 1334/1334/1334 1355/1355/1355
f 1397/1397/1397 1366/1366/1366 1356/1356/1356
f 1397/1397/1397 1356/1356/1356 1334/1334/1334
f 1366/1366/1366 1365/1365/1365 1378/1378/1378
f 1366/1366/1366 1378/1378/1378 1356/1356/1356
f 1365/1365/1365 1367/1367/1367 1406/1406/1406
f 1365/1365/1365 1406/1406/1406 1378/1378/1378
f 1367/1367/1367 1398/1398/1398 1407/1407/1407
f 1367/1367/1367 1407/1407/1407 1406/1406/1406
f 1398/1398/1398 1419/1419/1419 1405/1405/1405
f 1398/1398/1398 1405/1405/1405 1407/1407/1407
f 1419/1419/1419 1453/1453/1453 1377/1377/1377
f 1419/1419/1419 1377/1377/1377 1405/1405/1405
f 1376/1376/1376 1355/1355/1355 1320/1320/1320
f 1376/1376/1376 1320/1320/1320 1342/1342/1342
f 1355/1355/1355 1334/1334/1334 1313/1313/1313
f 1355/1355/1355 1313/1313/1313 1320/1320/1320
f 1334/1334/1334 1356/1356/1356 1321/1321/1321
f 1334/1334/1334 1321/1321/1321 1313/1313/1313
f 1356/1356/1356 1378/1378/1378 1344/1344/1344
f 1356/1356/1356 1344/1344/1344 1321/1321/1321
f 1378/1378/1378 1406/1406/1406 1369/1369/1369
f 1378/1378/1378 1369/1369/1369 1344/1344/1344
f 1406/1406/1406 1407/1407/1407 1383/1383/1383
f 1406/1406/1406 1383/1383/1383 1369/1369/1369
f 1407/1407/1407 1405/1405/1405 1368/1368/1368
f 1407/1407/1407 1368/1368/1368 1383/1383/1383
f 1405/1405/1405 1377/1377/1377 1343/1343/1343
f 1405/1405/1405 1343/1343/1343 1368/1368/1368
f 1342/1342/1342 1320/1320/1320 1294/1294/1294
f 1342/1342/1342 1294/1294/1294 1317/1317/1317
f 1320/1320/1320 1313/1313/1313 1280/1280/1280
f 1320/1320/1320 1280/1280/1280 1294/1294/1294
f 1313/1313/1313 1321/1321/1321 1295/1295/1295
f 1313/1313/1313 1295/1295/1295 1280/1280/1280
f 1321/1321/1321 1344/1344/1344 1319/1319/1319
f 1321/1321/1321 1319/1319/1319 1295/1295/1295
f 1344/1344/1344 1369/1369/1369 1331/1331/1331
f 1344/1344/1344 1331/1331/1331 1319/1319/1319
f 1369/1369/1369 1383/1383/1383 1338/1338/1338
f 1369/1369/1369 1338/1338/1338 1331/1331/1331
f 1383/1383/1383 1368/1368/1368 1330/1330/1330
f 1383/1383/1383 1330/1330/1330 1338/1338/1338
f 1368/1368/1368 1343/1343/1343 1318/1318/1318
f 1368/1368/1368 1318/1318/1318 1330/1330/1330
f 1317/1317/1317 1294/1294/1294 1252/1252/1252
f 1317/1317/1317 1252/1252/1252 1273/1273/1273
f 1294/1294/1294 1280/1280/1280 1246/1246/1246
f 1294/1294/1294 1246/1246/1246 1252/1252/1252
f 1280/1280/1280 1295/1295/1295 1253/1253/1253
f 1280/1280/1280 1253/1253/1253 1246/1246/1246
f 1295/1295/1295 1319/1319/1319 1275/1275/1275
f 1295/1295/1295 1275/1275/1275 1253/1253/1253
f 1319/1319/1319 1331/1331/1331 1307/1307/1307
f 1319/1319/1319 1307/1307/1307 1275/1275/1275
f 1331/1331/1331 1338/1338/1338 1310/1310/1310
f 1331/1331/1331 1310/1310/1310 1307/1307/1307
f 1338/1338/1338 1330/1330/1330 1306/1306/1306
f 1338/1338/1338 1306/1306/1306 1310/1310/1310
f 1330/1330/1330 1318/1318/1318 1274/1274/1274
f 1330/1330/1330 1274/1274/1274 1306/1306/1306
f 1273/1273/1273 1252/1252/1252 1214/1214/1214
f 1273/1273/1273 1214/1214/1214 1230/1230/1230
f 1252/1252/1252 1246/1246/1246 1204/1204/1204
f 1252/1252/1252 1204/1204/1204 1214/1214/1214
f 1246/1246/1246 1253/1253/1253 1215/1215/1215
f 1246/1246/1246 1215/1215/1215 1204/1204/1204
f 1253/1253/1253 1275/1275/1275 1232/1232/1232
f 1253/1253/1253 1232/1232/1232 1215/1215/1215
f 1275/1275/1275 1307/1307/1307 1248/1248/1248
f 1275/1275/1275 1248/1248/1248 1232/1232/1232
f 1307/1307/1307 1310/1310/1310 1258/1258/1258
f 1307/1307/1307 1258/1258/1258 1248/1248/1248
f 1310/1310/1310 1306/1306/1306 1247/1247/1247
f 1310/1310/1310 1247/1247/1247 1258/1258/1258
f 1306/1306/1306 1274/1274/1274 1231/1231/1231
f 1306/1306/1306 1231/1231/1231 1247/1247/1247
f 1230/1230/1230 1214/1214/1214 1174/1174/1174
f 1230/1230/1230 1174/1174/1174 1192/1192/1192
f 1214/1214/1214 1204/1204/1204 1171/1171/1171
f 1214/1214/1214 1171/1171/1171 1174/1174/1174
f 1204/1204/1204 1215/1215/1215 1175/1175/1175
f 1204/1204/1204 1175/1175/1175 1171/1171/1171
f 1215/1215/1215 1232/1232/1232 1194/1194/1194
f 1215/1215/1215 1194/1194/1194 1175/1175/1175
f 1232/1232/1232 1248/1248/1248 1203/1203/1203
f 1232/1232/1232 1203/1203/1203 1194/1194/1194
f 1248/1248/1248 1258/1258/1258 1211/1211/1211
f 1248/1248/1248 1211/1211/1211 1203/1203/1203
f 1258/1258/1258 1247/1247/1247 1202/1202/1202
f 1258/1258/1258 1202/1202/1202 1211/1211/1211
f 1247/1247/1247 1231/1231/1231 1193/1193/1193
f 1247/1247/1247 1193/1193/1193 1202/1202/1202
f 1192/1192/1192 1174/1174/1174 1141/1141/1141
f 1192/1192/1192 1141/1141/1141 1153/1153/1153
f 1174/1174/1174 1171/1171/1171 1136/1136/1136
f 1174/1174/1174 1136/1136/1136 1141/1141/1141
f 1171/1171/1171 1175/1175/1175 1142/1142/1142
f 1171/1171/1171 1142/1142/1142 1136/1136/1136
f 1175/1175/1175 1194/1194/1194 1155/1155/1155
f 1175/1175/1175 1155/1155/1155 1142/1142/1142
f 1194/1194/1194 1203/1203/1203 1165/1165/1165
f 1194/1194/1194 1165/1165/1165 1155/1155/1155
f 1203/1203/1203 1211/1211/1211 1170/1170/1170
f 1203/1203/1203 1170/1170/1170 1165/1165/1165
f 1211/1211/1211 1202/1202/1202 1164/1164/1164
f 1211/1211/1211 1164/1164/1164 1170/1170/1170
f 1202/1202/1202 1193/1193/1193 1154/1154/1154
f 1202/1202/1202 1154/1154/1154 1164/1164/1164
f 1153/1153/1153 1141/1141/1141 1097/1097/1097
f 1153/1153/1153 1097/1097/1097 1106/1106/1106
f 1141/1141/1141 1136/1136/1136 1096/1096/1096
f 1141/1141/1141 1096/1096/1096 1097/1097/1097
f 1136/1136/1136 1142/1142/1142 1098/1098/1098
f 1136/1136/1136 1098/1098/1098 1096/1096/1096
f 1142/1142/1142 1155/1155/1155 1108/1108/1108
f 1142/1142/1142 1108/1108/1108 1098/1098/1098
f 1155/1155/1155 1165/1165/1165 1121/1121/1121
f 1155/1155/1155 1121/1121/1121 1108/1108/1108
f 1165/1165/1165 1170/1170/1170 1131/1131/1131
f 1165/1165/1165 1131/1131/1131 1121/1121/1121
f 1170/1170/1170 1164/1164/1164 1120/1120/1120
f 1170/1170/1170 1120/1120/1120 1131/1131/1131
f 1164/1164/1164 1154/1154/1154 1107/1107/1107
f 1164/1164/1164 1107/1107/1107 1120/1120/1120
f 1106/1106/1106 1097/1097/1097 1070/1070/1070
f 1106/1106/1106 1070/1070/1070 1079/1079/1079
f 1097/1097/1097 1096/1096/1096 1069/1069/1069
f 1097/1097/1097 1069/1069/1069 1070/1070/1070
f 1096/1096/1096 1098/1098/1098 1071/1071/1071
f 1096/1096/1096 1071/1071/1071 1069/1069/1069
f 1098/1098/1098 1108/1108/1108 1081/1081/1081
f 1098/1098/1098 1081/1081/1081 1071/1071/1071
f 1108/1108/1108 1121/1121/1121 1084/1084/1084
f 1108/1108/1108 1084/1084/1084 1081/1081/1081
f 1121/1121/1121 1131/1131/1131 1087/1087/1087
f 1121/1121/1121 1087/1087/1087 1084/1084/1084
f 1131/1131/1131 1120/1120/1120 1083/1083/1083
f 1131/1131/1131 1083/1083/1083 1087/1087/1087
f 1120/1120/1120 1107/1107/1107 1080/1080/1080
f 1120/1120/1120 1080/1080/1080 1083/1083/1083
f 1079/1079/1079 1070/1070/1070 1049/1049/1049
f 1079/1079/1079 1049/1049/1049 1058/1058/1058
f 1070/1070/1070 1069/1069/1069 1046/1046/1046
f 1070/1070/1070 1046/1046/1046 1049/1049/1049
f 1069/1069/1069 1071/1071/1071 1050/1050/1050
f 1069/1069/1069 1050/1050/1050 1046/1046/1046
f 1071/1071/1071 1081/1081/1081 1060/1060/1060
f 1071/1071/1071 1060/1060/1060 1050/1050/1050
f 1081/1081/1081 1084/1084/1084 1062/1062/1062
f 1081/1081/1081 1062/1062/1062 1060/1060/1060
f 1084/1084/1084 1087/1087/1087 1063/1063/1063
f 1084/1084/1084 1063/1063/1063 1062/1062/1062
f 1087/1087/1087 1083/1083/1083 1061/1061/1061
f 1087/1087/1087 1061/1061/1061 1063/1063/1063
f 1083/1083/1083 1080/1080/1080 1059/1059/1059
f 1083/1083/1083 1059/1059/1059 1061/1061/1061
f 1058/1058/1058 1049/1049/1049 1028/1028/1028
f 1058/1058/1058 1028/1028/1028 1034/1034/1034
f 1049/1049/1049 1046/1046/1046 1027/1027/1027
f 1049/1049/1049 1027/1027/1027 1028/1028/1028
f 1046/1046/1046 1050/1050/1050 1029/1029/1029
f 1046/1046/1046 1029/1029/1029 1027/1027/1027
f 1050/1050/1050 1060/1060/1060 1036/1036/1036
f 1050/1050/1050 1036/1036/1036 1029/1029/1029
f 1060/1060/1060 1062/1062/1062 1040/1040/1040
f 1060/1060/1060 1040/1040/1040 1036/1036/1036
f 1062/1062/1062 1063/1063/1063 1041/1041/1041
f 1062/1062/1062 1041/1041/1041 1040/1040/1040
f 1063/1063/1063 1061/1061/1061 1039/1039/1039
f 1063/1063/1063 1039/1039/1039 1041/1041/1041
f 1061/1061/1061 1059/1059/1059 1035/1035/1035
f 1061/1061/1061 1035/1035/1035 1039/1039/1039
f 1034/1034/1034 1028/1028/1028 1006/1006/1006
f 1034/1034/1034 1006/1006/1006 1011/1011/1011
f 1028/1028/1028 1027/1027/1027 1005/1005/1005
f 1028/1028/1028 1005/1005/1005 1006/1006/1006
f 1027/1027/1027 1029/1029/1029 1007/1007/1007
f 1027/1027/1027 1007/1007/1007 1005/1005/1005
f 1029/1029/1029 1036/1036/1036 1013/1013/1013
f 1029/1029/1029 1013/1013/1013 1007/1007/1007
f 1036/1036/1036 1040/1040/1040 1016/1016/1016
f 1036/1036/1036 1016/1016/1016 1013/1013/1013
f 1040/1040/1040 1041/1041/1041 1017/1017/1017
f 1040/1040/1040 1017/1017/1017 1016/1016/1016
f 1041/1041/1041 1039/1039/1039 1015/1015/1015
f 1041/1041/1041 1015/1015/1015 1017/1017/1017
f 1039/1039/1039 1035/1035/1035 1012/1012/1012
f 1039/1039/1039 1012/1012/1012 1015/1015/1015
f 1011/1011/1011 1006/1006/1006 984/984/984
f 1011/1011/1011 984/984/984 989/989/989
f 1006/1006/1006 1005/1005/1005 983/983/983
f 1006/1006/1006 983/983/983 984/984/984
f 1005/1005/1005 1007/1007/1007 985/985/985
f 1005/1005/1005 985/985/985 983/983/983
f 1007/1007/1007 1013/1013/1013 991/991/991
f 1007/1007/1007 991/991/991 985/985/985
f 1013/1013/1013 1016/1016/1016 993/993/993
f 1013/1013/1013 993/993/993 991/991/991
f 1016/1016/1016 1017/1017/1017 994/994/994
f 1016/1016/1016 994/994/994 993/993/993
f 1017/1017/1017 1015/1015/1015 992/992/992
f 1017/1017/1017 992/992/992 994/994/994
f 1015/1015/1015 1012/1012/1012 990/990/990
f 1015/1015/1015 990/990/990 992/992/992
f 989/989/989 984/984/984 962/962/962
f 989/989/989 962/962/962 967/967/967
f 984/984/984 983/983/983 961/961/961
f 984/984/984 961/961/961 962/962/962
f 983/983/983 985/985/985 963/963/963
f 983/983/983 963/963/963 961/961/961
f 985/985/985 991/991/991 969/969/969
f 985/985/985 969/969/969 963/963/963
f 991/991/991 993/993/993 971/971/971
f 991/991/991 971/971/971 969/969/969
f 993/993/993 994/994/994 972/972/972
f 993/993/993 972/972/972 971/971/971
f 994/994/994 992/992/992 970/970/970
f 994/994/994 970/970/970 972/972/972
f 992/992/992 990/990/990 968/968/968
f 992/992/992 968/968/968 970/970/970
f 967/967/967 962/962/962 940/940/940
f 967/967/967 940/940/940 945/945/945
f 962/962/962 961/961/961 939/939/939
f 962/962/962 939/939/939 940/940/940
f 961/961/961 963/963/963 941/941/941
f 961/961/961 941/941/941 939/939/939
f 963/963/963 969/969/969 947/947/947
f 963/963/963 947/947/947 941/941/941
f 969/969/969 971/971/971 949/949/949
f 969/969/969 949/949/949 947/947/947
f 971/971/971 972/972/972 950/950/950
f 971/971/971 950/950/950 949/949/949
f 972/972/972 970/970/970 948/948/948
f 972/972/972 948/948/948 950/950/950
f 970/970/970 968/968/968 946/946/946
f 970/970/970 946/946/946 948/948/948
f 945/945/945 940/940/940 918/918/918
f 945/945/945 918/918/918 923/923/923
f 940/940/940 939/939/939 917/917/917
f 940/940/940 917/917/917 918/918/918
f 939/939/939 941/941/941 919/919/919
f 939/939/939 919/919/919 917/917/917
f 941/941/941 947/947/947 925/925/925
f 941/941/941 925/925/925 919/919/919
f 947/947/947 949/949/949 927/927/927
f 947/947/947 927/927/927 925/925/925
f 949/949/949 950/950/950 928/928/928
f 949/949/949 928/928/928 927/927/927
f 950/950/950 948/948/948 926/926/926
f 950/950/950 926/926/926 928/928/928
f 948/948/948 946/946/946 924/924/924
f 948/948/948 924/924/924 926/926/926
f 923/923/923 918/918/918 896/896/896
f 923/923/923 896/896/896 901/901/901
f 918/918/918 917/917/917 895/895/895
f 918/918/918 895/895/895 896/896/896
f 917/917/917 919/919/919 897/897/897
f 917/917/917 897/897/897 895/895/895
f 919/919/919 925/925/925 903/903/903
f 919/919/919 903/903/903 897/897/897
f 925/925/925 927/927/927 905/905/905
f 925/925/925 905/905/905 903/903/903
f 927/927/927 928/928/928 906/906/906
f 927/927/927 906/906/906 905/905/905
f 928/928/928 926/926/926 904/904/904
f 928/928/928 904/904/904 906/906/906
f 926/926/926 924/924/924 902/902/902
f 926/926/926 902/902/902 904/904/904
f 901/901/901 896/896/896 874/874/874
f 901/901/901 874/874/874 879/879/879
f 896/896/896 895/895/895 873/873/873
f 896/896/896 873/873/873 874/874/874
f 895/895/895 897/897/897 875/875/875
f 895/895/895 875/875/875 873/873/873
f 897/897/897 903/903/903 881/881/881
f 897/897/897 881/881/881 875/875/875
f 903/903/903 905/905/905 883/883/883
f 903/903/903 883/883/883 881/881/881
f 905/905/905 906/906/906 884/884/884
f 905/905/905 884/884/884 883/883/883
f 906/906/906 904/904/904 882/882/882
f 906/906/906 882/882/882 884/884/884
f 904/904/904 902/902/902 880/880/880
f 904/904/904 880/880/880 882/882/882
f 879/879/879 874/874/874 852/852/852
f 879/879/879 852/852/852 857/857/857
f 874/874/874 873/873/873 851/851/851
f 874/874/874 851/851/851 852/852/852
f 873/873/873 875/875/875 853/853/853
f 873/873/873 853/853/853 851/851/851
f 875/875/875 881/881/881 859/859/859
f 875/875/875 859/859/859 853/853/853
f 881/881/881 883/883/883 861/861/861
f 881/881/881 861/861/861 859/859/859
f 883/883/883 884/884/884 862/862/862
f 883/883/883 862/862/862 861/861/861
f 884/884/884 882/882/882 860/860/860
f 884/884/884 860/860/860 862/862/862
f 882/882/882 880/880/880 858/858/858
f 882/882/882 858/858/858 860/860/860
f 857/857/857 852/852/852 830/830/830
f 857/857/857 830/830/830 835/835/835
f 852/852/852 851/851/851 829/829/829
f 852/852/852 829/829/829 830/830/830
f 851/851/851 853/853/853 831/831/831
f 851/851/851 831/831/831 829/829/829
f 853/853/853 859/859/859 837/837/837
f 853/853/853 837/837/837 831/831/831
f 859/859/859 861/861/861 839/839/839
f 859/859/859 839/839/839 837/837/837
f 861/861/861 862/862/862 840/840/840
f 861/861/861 840/840/840 839/839/839
f 862/862/862 860/860/860 838/838/838
f 862/862/862 838/838/838 840/840/840
f 860/860/860 858/858/858 836/836/836
f 860/860/860 836/836/836 838/838/838
f 835/835/835 830/830/830 813/813/813
f 835/835/835 813/813/813 817/817/817
f 830/830/830 829/829/829 812/812/812
f 830/830/830 812/812/812 813/813/813
f 829/829/829 831/831/831 814/814/814
f 829/829/829 814/814/814 812/812/812
f 831/831/831 837/837/837 819/819/819
f 831/831/831 819/819/819 814/814/814
f 837/837/837 839/839/839 822/822/822
f 837/837/837 822/822/822 819/819/819
f 839/839/839 840/840/840 823/823/823
f 839/839/839 823/823/823 822/822/822
f 840/840/840 838/838/838 821/821/821
f 840/840/840 821/821/821 823/823/823
f 838/838/838 836/836/836 818/818/818
f 838/838/838 818/818/818 821/821/821
f 817/817/817 813/813/813 794/794/794
f 817/817/817 794/794/794 791/791/791
f 813/813/813 812/812/812 796/796/796
f 813/813/813 796/796/796 794/794/794
f 812/812/812 814/814/814 795/795/795
f 812/812/812 795/795/795 796/796/796
f 814/814/814 819/819/819 793/793/793
f 814/814/814 793/793/793 795/795/795
f 819/819/819 822/822/822 787/787/787
f 819/819/819 787/787/787 793/793/793
f 822/822/822 823/823/823 785/785/785
f 822/822/822 785/785/785 787/787/787
f 823/823/823 821/821/821 786/786/786
f 823/823/823 786/786/786 785/785/785
f 821/821/821 818/818/818 792/792/792
f 821/821/821 792/792/792 786/786/786
f 791/791/791 794/794/794 772/772/772
f 791/791/791 772/772/772 769/769/769
f 794/794/794 796/796/796 774/774/774
f 794/794/794 774/774/774 772/772/772
f 796/796/796 795/795/795 773/773/773
f 796/796/796 773/773/773 774/774/774
f 795/795/795 793/793/793 771/771/771
f 795/795/795 771/771/771 773/773/773
f 793/793/793 787/787/787 765/765/765
f 793/793/793 765/765/765 771/771/771
f 787/787/787 785/785/785 763/763/763
f 787/787/787 763/763/763 765/765/765
f 785/785/785 786/786/786 764/764/764
f 785/785/785 764/764/764 763/763/763
f 786/786/786 792/792/792 770/770/770
f 786/786/786 770/770/770 764/764/764
f 769/769/769 772/772/772 750/750/750
f 769/769/769 750/750/750 747/747/747
f 772/772/772 774/774/774 752/752/752
f 772/772/772 752/752/752 750/750/750
f 774/774/774 773/773/773 751/751/751
f 774/774/774 751/751/751 752/752/752
f 773/773/773 771/771/771 749/749/749
f 773/773/773 749/749/749 751/751/751
f 771/771/771 765/765/765 743/743/743
f 771/771/771 743/743/743 749/749/749
f 765/765/765 763/763/763 741/741/741
f 765/765/765 741/741/741 743/743/743
f 763/763/763 764/764/764 742/742/742
f 763/763/763 742/742/742 741/741/741
f 764/764/764 770/770/770 748/748/748
f 764/764/764 748/748/748 742/742/742
f 747/747/747 750/750/750 728/728/728
f 747/747/747 728/728/728 725/725/725
f 750/750/750 752/752/752 730/730/730
f 750/750/750 730/730/730 728/728/728
f 752/752/752 751/751/751 729/729/729
f 752/752/752 729/729/729 730/730/730
f 751/751/751 749/749/749 727/727/727
f 751/751/751 727/727/727 729/729/729
f 749/749/749 743/743/743 721/721/721
f 749/749/749 721/721/721 727/727/727
f 743/743/743 741/741/741 719/719/719
f 743/743/743 719/719/719 721/721/721
f 741/741/741 742/742/742 720/720/720
f 741/741/741 720/720/720 719/719/719
f 742/742/742 748/748/748 726/726/726
f 742/742/742 726/726/726 720/720/720
f 725/725/725 728/728/728 706/706/706
f 725/725/725 706/706/706 703/703/703
f 728/728/728 730/730/730 708/708/708
f 728/728/728 708/708/708 706/706/706
f 730/730/730 729/729/729 707/707/707
f 730/730/730 707/707/707 708/708/708
f 729/729/729 727/727/727 705/705/705
f 729/729/729 705/705/705 707/707/707
f 727/727/727 721/721/721 699/699/699
f 727/727/727 699/699/699 705/705/705
f 721/721/721 719/719/719 697/697/697
f 721/721/721 697/697/697 699/699/699
f 719/719/719 720/720/720 698/698/698
f 719/719/719 698/698/698 697/697/697
f 720/720/720 726/726/726 704/704/704
f 720/720/720 704/704/704 698/698/698
f 703/703/703 706/706/706 684/684/684
f 703/703/703 684/684/684 681/681/681
f 706/706/706 708/708/708 686/686/686
f 706/706/706 686/686/686 684/684/684
f 708/708/708 707/707/707 685/685/685
f 708/708/708 685/685/685 686/686/686
f 707/707/707 705/705/705 683/683/683
f 707/707/707 683/683/683 685/685/685
f 705/705/705 699/699/699 677/677/677
f 705/705/705 677/677/677 683/683/683
f 699/699/699 697/697/697 675/675/675
f 699/699/699 675/675/675 677/677/677
f 697/697/697 698/698/698 676/676/676
f 697/697/697 676/676/676 675/675/675
f 698/698/698 704/704/704 682/682/682
f 698/698/698 682/682/682 676/676/676
f 681/681/681 684/684/684 662/662/662
f 681/681/681 662/662/662 659/659/659
f 684/684/684 686/686/686 664/664/664
f 684/684/684 664/664/664 662/662/662
f 686/686/686 685/685/685 663/663/663
f 686/686/686 663/663/663 664/664/664
f 685/685/685 683/683/683 661/661/661
f 685/685/685 661/661/661 663/663/663
f 683/683/683 677/677/677 655/655/655
f 683/683/683 655/655/655 661/661/661
f 677/677/677 675/675/675 653/653/653
f 677/677/677 653/653/653 655/655/655
f 675/675/675 676/676/676 654/654/654
f 675/675/675 654/654/654 653/653/653
f 676/676/676 682/682/682 660/660/660
f 676/676/676 660/660/660 654/654/654
f 659/659/659 662/662/662 640/640/640
f 659/659/659 640/640/640 637/637/637
f 662/662/662 664/664/664 642/642/642
f 662/662/662 642/642/642 640/640/640
f 664/664/664 663/663/663 641/641/641
f 664/664/664 641/641/641 642/642/642
f 663/663/663 661/661/661 639/639/639
f 663/663/663 639/639/639 641/641/641
f 661/661/661 655/655/655 633/633/633
f 661/661/661 633/633/633 639/639/639
f 655/655/655 653/653/653 631/631/631
f 655/655/655 631/631/631 633/633/633
f 653/653/653 654/654/654 632/632/632
f 653/653/653 632/632/632 631/631/631
f 654/654/654 660/660/660 638/638/638
f 654/654/654 638/638/638 632/632/632
f 637/637/637 640/640/640 618/618/618
f 637/637/637 618/618/618 615/615/615
f 640/640/640 642/642/642 620/620/620
f 640/640/640 620/620/620 618/618/618
f 642/642/642 641/641/641 619/619/619
f 642/642/642 619/619/619 620/620/620
f 641/641/641 639/639/639 617/617/617
f 641/641/641 617/617/617 619/619/619
f 639/639/639 633/633/633 610/610/610
f 639/639/639 610/610/610 617/617/617
f 633/633/633 631/631/631 608/608/608
f 633/633/633 608/608/608 610/610/610
f 631/631/631 632/632/632 609/609/609
f 631/631/631 609/609/609 608/608/608
f 632/632/632 638/638/638 616/616/616
f 632/632/632 616/616/616 609/609/609
f 615/615/615 618/618/618 596/596/596
f 615/615/615 596/596/596 592/592/592
f 618/618/618 620/620/620 598/598/598
f 618/618/618 598/598/598 596/596/596
f 620/620/620 619/619/619 597/597/597
f 620/620/620 597/597/597 598/598/598
f 619/619/619 617/617/617 594/594/594
f 619/619/619 594/594/594 597/597/597
f 617/617/617 610/610/610 586/586/586
f 617/617/617 586/586/586 594/594/594
f 610/610/610 608/608/608 584/584/584
f 610/610/610 584/584/584 586/586/586
f 608/608/608 609/609/609 585/585/585
f 608/608/608 585/585/585 584/584/584
f 609/609/609 616/616/616 593/593/593
f 609/609/609 593/593/593 585/585/585
f 592/592/592 596/596/596 575/575/575
f 592/592/592 575/575/575 568/568/568
f 596/596/596 598/598/598 579/579/579
f 596/596/596 579/579/579 575/575/575
f 598/598/598 597/597/597 576/576/576
f 598/598/598 576/576/576 579/579/579
f 597/597/597 594/594/594 570/570/570
f 597/597/597 570/570/570 576/576/576
f 594/594/594 586/586/586 564/564/564
f 594/594/594 564/564/564 570/570/570
f 586/586/586 584/584/584 562/562/562
f 586/586/586 562/562/562 564/564/564
f 584/584/584 585/585/585 563/563/563
f 584/584/584 563/563/563 562/562/562
f 585/585/585 593/593/593 569/569/569
f 585/585/585 569/569/569 563/563/563
f 568/568/568 575/575/575 554/554/554
f 568/568/568 554/554/554 547/547/547
f 575/575/575 579/579/579 556/556/556
f 575/575/575 556/556/556 554/554/554
f 579/579/579 576/576/576 555/555/555
f 579/579/579 555/555/555 556/556/556
f 576/576/576 570/570/570 549/549/549
f 576/576/576 549/549/549 555/555/555
f 570/570/570 564/564/564 542/542/542
f 570/570/570 542/542/542 549/549/549
f 564/564/564 562/562/562 538/538/538
f 564/564/564 538/538/538 542/542/542
f 562/562/562 563/563/563 541/541/541
f 562/562/562 541/541/541 538/538/538
f 563/563/563 569/569/569 548/548/548
f 563/563/563 548/548/548 541/541/541
f 547/547/547 554/554/554 526/526/526
f 547/547/547 526/526/526 518/518/518
f 554/554/554 556/556/556 528/528/528
f 554/554/554 528/528/528 526/526/526
f 556/556/556 555/555/555 527/527/527
f 556/556/556 527/527/527 528/528/528
f 555/555/555 549/549/549 520/520/520
f 555/555/555 520/520/520 527/527/527
f 549/549/549 542/542/542 502/502/502
f 549/549/549 502/502/502 520/520/520
f 542/542/542 538/538/538 491/491/491
f 542/542/542 491/491/491 502/502/502
f 538/538/538 541/541/541 501/501/501
f 538/538/538 501/501/501 491/491/491
f 541/541/541 548/548/548 519/519/519
f 541/541/541 519/519/519 501/501/501
f 518/518/518 526/526/526 480/480/480
f 518/518/518 480/480/480 470/470/470
f 526/526/526 528/528/528 486/486/486
f 526/526/526 486/486/486 480/480/480
f 528/528/528 527/527/527 481/481/481
f 528/528/528 481/481/481 486/486/486
f 527/527/527 520/520/520 472/472/472
f 527/527/527 472/472/472 481/481/481
f 520/520/520 502/502/502 458/458/458
f 520/520/520 458/458/458 472/472/472
f 502/502/502 491/491/491 452/452/452
f 502/502/502 452/452/452 458/458/458
f 491/491/491 501/501/501 457/457/457
f 491/491/491 457/457/457 452/452/452
f 501/501/501 519/519/519 471/471/471
f 501/501/501 471/471/471 457/457/457
f 470/470/470 480/480/480 447/447/447
f 470/470/470 447/447/447 430/430/430
f 480/480/480 486/486/486 451/451/451
f 480/480/480 451/451/451 447/447/447
f 486/486/486 481/481/481 448/448/448
f 486/486/486 448/448/448 451/451/451
f 481/481/481 472/472/472 432/432/432
f 481/481/481 432/432/432 448/448/448
f 472/472/472 458/458/458 419/419/419
f 472/472/472 419/419/419 432/432/432
f 458/458/458 452/452/452 410/410/410
f 458/458/458 410/410/410 419/419/419
f 452/452/452 457/457/457 418/418/418
f 452/452/452 418/418/418 410/410/410
f 457/457/457 471/471/471 431/431/431
f 457/457/457 431/431/431 418/418/418
f 430/430/430 447/447/447 406/406/406
f 430/430/430 406/406/406 391/391/391
f 447/447/447 451/451/451 417/417/417
f 447/447/447 417/417/417 406/406/406
f 451/451/451 448/448/448 407/407/407
f 451/451/451 407/407/407 417/417/417
f 448/448/448 432/432/432 393/393/393
f 448/448/448 393/393/393 407/407/407
f 432/432/432 419/419/419 373/373/373
f 432/432/432 373/373/373 393/393/393
f 419/419/419 410/410/410 362/362/362
f 419/419/419 362/362/362 373/373/373
f 410/410/410 418/418/418 372/372/372
f 410/410/410 372/372/372 362/362/362
f 418/418/418 431/431/431 392/392/392
f 418/418/418 392/392/392 372/372/372
f 391/391/391 406/406/406 367/367/367
f 391/391/391 367/367/367 348/348/348
f 406/406/406 417/417/417 374/374/374
f 406/406/406 374/374/374 367/367/367
f 417/417/417 407/407/407 368/368/368
f 417/417/417 368/368/368 374/374/374
f 407/407/407 393/393/393 350/350/350
f 407/407/407 350/350/350 368/368/368
f 393/393/393 373/373/373 314/314/314
f 393/393/393 314/314/314 350/350/350
f 373/373/373 362/362/362 310/310/310
f 373/373/373 310/310/310 314/314/314
f 362/362/362 372/372/372 313/313/313
f 362/362/362 313/313/313 310/310/310
f 372/372/372 392/392/392 349/349/349
f 372/372/372 349/349/349 313/313/313
f 348/348/348 367/367/367 325/325/325
f 348/348/348 325/325/325 304/304/304
f 367/367/367 374/374/374 340/340/340
f 367/367/367 340/340/340 325/325/325
f 374/374/374 368/368/368 326/326/326
f 374/374/374 326/326/326 340/340/340
f 368/368/368 350/350/350 306/306/306
f 368/368/368 306/306/306 326/326/326
f 350/350/350 314/314/314 290/290/290
f 350/350/350 290/290/290 306/306/306
f 314/314/314 310/310/310 282/282/282
f 314/314/314 282/282/282 290/290/290
f 310/310/310 313/313/313 289/289/289
f 310/310/310 289/289/289 282/282/282
f 313/313/313 349/349/349 305/305/305
f 313/313/313 305/305/305 289/289/289
f 304/304/304 325/325/325 299/299/299
f 304/304/304 299/299/299 279/279/279
f 325/325/325 340/340/340 307/307/307
f 325/325/325 307/307/307 299/299/299
f 340/340/340 326/326/326 300/300/300
f 340/340/340 300/300/300 307/307/307
f 326/326/326 306/306/306 281/281/281
f 326/326/326 281/281/281 300/300/300
f 306/306/306 290/290/290 252/252/252
f 306/306/306 252/252/252 281/281/281
f 290/290/290 282/282/282 237/237/237
f 290/290/290 237/237/237 252/252/252
f 282/282/282 289/289/289 251/251/251
f 282/282/282 251/251/251 237/237/237
f 289/289/289 305/305/305 280/280/280
f 289/289/289 280/280/280 251/251/251
f 279/279/279 299/299/299 264/264/264
f 279/279/279 264/264/264 245/245/245
f 299/299/299 307/307/307 286/286/286
f 299/299/299 286/286/286 264/264/264
f 307/307/307 300/300/300 265/265/265
f 307/307/307 265/265/265 286/286/286
f 300/300/300 281/281/281 247/247/247
f 300/300/300 247/247/247 265/265/265
f 281/281/281 252/252/252 215/215/215
f 281/281/281 215/215/215 247/247/247
f 252/252/252 237/237/237 213/213/213
f 252/252/252 213/213/213 215/215/215
f 237/237/237 251/251/251 214/214/214
f 237/237/237 214/214/214 213/213/213
f 251/251/251 280/280/280 246/246/246
f 251/251/251 246/246/246 214/214/214
f 245/245/245 264/264/264 201/201/201
f 245/245/245 201/201/201 167/167/167
f 264/264/264 286/286/286 224/224/224
f 264/264/264 224/224/224 201/201/201
f 286/286/286 265/265/265 253/253/253
f 286/286/286 253/253/253 224/224/224
f 265/265/265 247/247/247 255/255/255
f 265/265/265 255/255/255 253/253/253
f 247/247/247 215/215/215 254/254/254
f 247/247/247 254/254/254 255/255/255
f 215/215/215 213/213/213 225/225/225
f 215/215/215 225/225/225 254/254/254
f 213/213/213 214/214/214 202/202/202
f 213/213/213 202/202/202 225/225/225
f 214/214/214 246/246/246 168/168/168
f 214/214/214 168/168/168 202/202/202
f 167/167/167 201/201/201 165/165/165
f 167/167/167 165/165/165 158/158/158
f 201/201/201 224/224/224 211/211/211
f 201/201/201 211/211/211 165/165/165
f 224/224/224 253/253/253 232/232/232
f 224/224/224 232/232/232 211/211/211
f 253/253/253 255/255/255 248/248/248
f 253/253/253 248/248/248 232/232/232
f 255/255/255 254/254/254 233/233/233
f 255/255/255 233/233/233 248/248/248
f 254/254/254 225/225/225 212/212/212
f 254/254/254 212/212/212 233/233/233
f 225/225/225 202/202/202 166/166/166
f 225/225/225 166/166/166 212/212/212
f 202/202/202 168/168/168 159/159/159
f 202/202/202 159/159/159 166/166/166
f 158/158/158 165/165/165 160/160/160
f 158/158/158 160/160/160 150/150/150
f 165/165/165 211/211/211 205/205/205
f 165/165/165 205/205/205 160/160/160
f 211/211/211 232/232/232 227/227/227
f 211/211/211 227/227/227 205/205/205
f 232/232/232 248/248/248 236/236/236
f 232/232/232 236/236/236 227/227/227
f 248/248/248 233/233/233 228/228/228
f 248/248/248 228/228/228 236/236/236
f 233/233/233 212/212/212 206/206/206
f 233/233/233 206/206/206 228/228/228
f 212/212/212 166/166/166 161/161/161
f 212/212/212 161/161/161 206/206/206
f 166/166/166 159/159/159 151/151/151
f 166/166/166 151/151/151 161/161/161
f 150/150/150 160/160/160 152/152/152
f 150/150/150 152/152/152 146/146/146
f 160/160/160 205/205/205 191/191/191
f 160/160/160 191/191/191 152/152/152
f 205/205/205 227/227/227 218/218/218
f 205/205/205 218/218/218 191/191/191
f 227/227/227 236/236/236 231/231/231
f 227/227/227 231/231/231 218/218/218
f 236/236/236 228/228/228 221/221/221
f 236/236/236 221/221/221 231/231/231
f 228/228/228 206/206/206 195/195/195
f 228/228/228 195/195/195 221/221/221
f 206/206/206 161/161/161 155/155/155
f 206/206/206 155/155/155 195/195/195
f 161/161/161 151/151/151 147/147/147
f 161/161/161 147/147/147 155/155/155
f 1441/1441/1441 1464/1464/1464 1471/1471/1471
f 1441/1441/1441 1440/1440/1440 1463/1463/1463
f 1441/1441/1441 1401/1401/1401 1439/1439/1439
f 1441/1441/1441 1391/1391/1391 1400/1400/1400
f 1441/1441/1441 1404/1404/1404 1390/1390/1390
f 1441/1441/1441 1444/1444/1444 1403/1403/1403
f 1441/1441/1441 1467/1467/1467 1443/1443/1443
f 1441/1441/1441 1472/1472/1472 1466/1466/1466
f 192/192/192 148/148/148 154/154/154
f 192/192/192 153/153/153 190/190/190
f 192/192/192 189/189/189 217/217/217
f 192/192/192 216/216/216 230/230/230
f 192/192/192 229/229/229 220/220/220
f 192/192/192 219/219/219 194/194/194
f 192/192/192 193/193/193 157/157/157
f 192/192/192 156/156/156 149/149/149
o Emblema
v -0.371667 4.520000 0.000000
v -0.366863 4.603014 0.000000
v -0.362753 4.437674 0.000000
v -0.356534 4.520000 -0.036534
v -0.356534 4.520000 0.036534
v -0.351336 4.600413 -0.038007
v -0.351336 4.600413 0.038007
v -0.348430 4.440074 -0.035061
v -0.348430 4.440074 0.035061
v -0.348360 4.683808 0.000000
v -0.340491 4.358936 0.000000
v -0.332919 4.678423 -0.039480
v -0.332919 4.678423 0.039480
v -0.327355 4.363518 -0.033588
v -0.327355 4.363518 0.033588
v -0.320000 4.520000 -0.051667
v -0.320000 4.520000 0.051667
v -0.316545 4.759518 0.000000
v -0.313851 4.445866 -0.049583
v -0.313851 4.445866 0.049583
v -0.313851 4.594134 -0.053750
v -0.313851 4.594134 0.053750
v -0.305651 4.286612 0.000000
v -0.301761 4.751199 -0.040953
v -0.301761 4.751199 0.040953
v -0.295641 4.374580 -0.047500
v -0.295641 4.374580 0.047500
v -0.295641 4.665420 -0.055833
v -0.295641 4.665420 0.055833
v -0.294058 4.293135 -0.032114
v -0.294058 4.293135 0.032114
v -0.283466 4.520000 -0.036534
v -0.283466 4.520000 0.036534
v -0.279272 4.451658 -0.035061
v -0.279272 4.451658 0.035061
v -0.276367 4.587855 -0.038007
v -0.276367 4.587855 0.038007
v -0.275634 4.822813 0.000000
v -0.275634 4.822813 0.000000
v -0.275634 4.822813 0.000000
v -0.268333 4.520000 0.000000
v -0.268333 4.520000 0.000000
v -0.266070 4.308883 -0.045417
v -0.266070 4.308883 -0.045417
v -0.266070 4.308883 0.045417
v -0.266070 4.731117 -0.057917
v -0.266070 4.731117 0.057917
v -0.266070 4.731117 0.057917
v -0.264949 4.454057 0.000000
v -0.264949 4.454057 0.000000
v -0.263928 4.385642 -0.033588
v -0.263928 4.385642 0.033588
v -0.261177 4.812822 -0.042426
v -0.261177 4.812822 -0.042426
v -0.261177 4.812822 -0.042426
v -0.261177 4.812822 0.042426
v -0.261177 4.812822 0.042426
v -0.261177 4.812822 0.042426
v -0.260840 4.585255 0.000000
v -0.260840 4.585255 0.000000
v -0.259420 4.223387 0.000000
v -0.258364 4.652417 -0.039480
v -0.258364 4.652417 0.039480
v -0.250792 4.390224 0.000000
v -0.250792 4.390224 0.000000
v -0.249712 4.231562 -0.030641
v -0.249712 4.231562 0.030641
v -0.242923 4.647031 0.000000
v -0.242923 4.647031 0.000000
v -0.238082 4.324632 -0.032114
v -0.238082 4.324632 0.032114
v -0.230379 4.711034 -0.040953
v -0.230379 4.711034 0.040953
v -0.226489 4.331155 0.000000
v -0.226274 4.251299 -0.043333
v -0.226274 4.251299 -0.043333
v -0.226274 4.251299 0.043333
v -0.226274 4.788701 -0.060000
v -0.226274 4.788701 -0.060000
v -0.226274 4.788701 -0.060000
v -0.226274 4.788701 0.000000
v -0.226274 4.788701 0.060000
v -0.226274 4.788701 0.060000
v -0.226274 4.788701 0.060000
v -0.226274 4.788701 0.060000
v -0.215595 4.702716 0.000000
v -0.203422 4.171728 0.000000
v -0.202836 4.271037 -0.030641
v -0.202836 4.271037 0.030641
v -0.195912 4.181192 -0.029168
v -0.195912 4.181192 0.029168
v -0.193128 4.279212 0.000000
v -0.191372 4.764580 -0.042426
v -0.191372 4.764580 -0.042426
v -0.191372 4.764580 -0.042426
v -0.191372 4.764580 0.042426
v -0.191372 4.764580 0.042426
v -0.191372 4.764580 0.042426
v -0.177782 4.204042 -0.041250
v -0.177782 4.204042 -0.041250
v -0.177782 4.204042 0.041250
v -0.176915 4.754588 0.000000
v -0.176915 4.754588 0.000000
v -0.176915 4.754588 0.000000
v -0.159653 4.226891 -0.029168
v -0.159653 4.226891 0.029168
v -0.152143 4.236355 0.000000
v -0.139746 4.133781 0.000000
v -0.134683 4.144074 -0.027695
v -0.134683 4.144074 0.027695
v -0.122459 4.168926 -0.039167
v -0.122459 4.168926 -0.039167
v -0.122459 4.168926 0.039167
v -0.110235 4.193777 -0.027695
v -0.110235 4.193777 0.027695
v -0.105172 4.204071 0.000000
v -0.070954 4.111211 0.000000
v -0.068457 4.121782 -0.026222
v -0.068457 4.121782 0.026222
v -0.062429 4.147302 -0.037083
v -0.062429 4.147302 -0.037083
v -0.062429 4.147302 0.037083
v -0.056401 4.172821 -0.026222
v -0.056401 4.172821 0.026222
v -0.053904 4.183392 0.000000
v -0.028000 3.900000 0.000000
v -0.028000 3.900000 0.000000
v -0.028000 3.900000 0.000000
v -0.028000 4.400000 0.000000
v -0.028000 4.400000 0.000000
v -0.028000 4.400000 0.000000
v -0.019799 3.900000 -0.019799
v -0.019799 3.900000 -0.019799
v -0.019799 3.900000 -0.019799
v -0.019799 3.900000 0.019799
v -0.019799 3.900000 0.019799
v -0.019799 3.900000 0.019799
v -0.019799 4.400000 -0.019799
v -0.019799 4.400000 -0.019799
v -0.019799 4.400000 -0.019799
v -0.019799 4.400000 0.019799
v -0.019799 4.400000 0.019799
v -0.019799 4.400000 0.019799
v 0.000000 3.900000 -0.028000
v 0.000000 3.900000 -0.028000
v 0.000000 3.900000 -0.028000
v 0.000000 3.900000 0.000000
v 0.000000 3.900000 0.028000
v 0.000000 3.900000 0.028000
v 0.000000 3.900000 0.028000
v 0.000000 4.105000 0.000000
v 0.000000 4.115251 -0.024749
v 0.000000 4.115251 0.024749
v 0.000000 4.140000 -0.035000
v 0.000000 4.140000 -0.035000
v 0.000000 4.140000 0.035000
v 0.000000 4.164749 -0.024749
v 0.000000 4.164749 0.024749
v 0.000000 4.175000 0.000000
v 0.000000 4.400000 -0.028000
v 0.000000 4.400000 -0.028000
v 0.000000 4.400000 -0.028000
v 0.000000 4.400000 0.000000
v 0.000000 4.400000 0.028000
v 0.000000 4.400000 0.028000
v 0.000000 4.400000 0.028000
v 0.019799 3.900000 -0.019799
v 0.019799 3.900000 -0.019799
v 0.019799 3.900000 -0.019799
v 0.019799 3.900000 0.019799
v 0.019799 3.900000 0.019799
v 0.019799 3.900000 0.019799
v 0.019799 4.400000 -0.019799
v 0.019799 4.400000 -0.019799
v 0.019799 4.400000 -0.019799
v 0.019799 4.400000 0.019799
v 0.019799 4.400000 0.019799
v 0.019799 4.400000 0.019799
v 0.028000 3.900000 0.000000
v 0.028000 3.900000 0.000000
v 0.028000 3.900000 0.000000
v 0.028000 3.900000 0.000000
v 0.028000 4.400000 0.000000
v 0.028000 4.400000 0.000000
v 0.028000 4.400000 0.000000
v 0.028000 4.400000 0.000000
v 0.054862 4.179337 0.000000
v 0.057078 4.169954 -0.023276
v 0.057078 4.169954 0.023276
v 0.062429 4.147302 -0.032917
v 0.062429 4.147302 -0.032917
v 0.062429 4.147302 0.032917
v 0.067780 4.124649 -0.023276
v 0.067780 4.124649 0.023276
v 0.069996 4.115266 0.000000
v 0.108850 4.196593 0.000000
v 0.112836 4.188490 -0.021802
v 0.112836 4.188490 0.021802
v 0.122459 4.168926 -0.030833
v 0.122459 4.168926 -0.030833
v 0.122459 4.168926 0.030833
v 0.132082 4.149362 -0.021802
v 0.132082 4.149362 0.021802
v 0.136068 4.141258 0.000000
v 0.159912 4.226563 0.000000
v 0.165146 4.219967 -0.020329
v 0.165146 4.219967 0.020329
v 0.177782 4.204042 -0.028750
v 0.177782 4.204042 -0.028750
v 0.177782 4.204042 0.028750
v 0.190419 4.188116 -0.020329
v 0.190419 4.188116 0.020329
v 0.195653 4.181520 0.000000
v 0.205877 4.268476 0.000000
v 0.211851 4.263445 -0.018856
v 0.211851 4.263445 0.018856
v 0.218048 4.783015 0.000000
v 0.218048 4.783015 0.000000
v 0.218048 4.783015 0.000000
v 0.220457 4.784680 -0.007071
v 0.220457 4.784680 -0.007071
v 0.220457 4.784680 -0.007071
v 0.220457 4.784680 0.007071
v 0.220457 4.784680 0.007071
v 0.220457 4.784680 0.007071
v 0.226274 4.251299 -0.026667
v 0.226274 4.251299 -0.026667
v 0.226274 4.251299 0.026667
v 0.226274 4.788701 -0.010000
v 0.226274 4.788701 -0.010000
v 0.226274 4.788701 -0.010000
v 0.226274 4.788701 0.000000
v 0.226274 4.788701 0.010000
v 0.226274 4.788701 0.010000
v 0.226274 4.788701 0.010000
v 0.226274 4.788701 0.010000
v 0.232091 4.792721 -0.007071
v 0.232091 4.792721 -0.007071
v 0.232091 4.792721 -0.007071
v 0.232091 4.792721 0.007071
v 0.232091 4.792721 0.007071
v 0.232091 4.792721 0.007071
v 0.234501 4.794386 0.000000
v 0.234501 4.794386 0.000000
v 0.234501 4.794386 0.000000
v 0.240697 4.239153 -0.018856
v 0.240697 4.239153 0.018856
v 0.244646 4.320938 0.000000
v 0.246672 4.234122 0.000000
v 0.250921 4.317408 -0.017383
v 0.250921 4.317408 0.017383
v 0.255540 4.725191 0.000000
v 0.258624 4.726927 -0.008544
v 0.258624 4.726927 0.008544
v 0.266070 4.308883 -0.024583
v 0.266070 4.308883 -0.024583
v 0.266070 4.308883 0.024583
v 0.266070 4.731117 -0.012083
v 0.266070 4.731117 0.012083
v 0.266070 4.731117 0.012083
v 0.273517 4.735307 -0.008544
v 0.273517 4.735307 0.008544
v 0.274397 4.381991 0.000000
v 0.274397 4.381991 0.000000
v 0.276601 4.737042 0.000000
v 0.280619 4.379820 -0.015910
v 0.280619 4.379820 0.015910
v 0.281220 4.300359 -0.017383
v 0.281220 4.300359 0.017383
v 0.282265 4.660754 0.000000
v 0.282265 4.660754 0.000000
v 0.286183 4.662120 -0.010017
v 0.286183 4.662120 0.010017
v 0.287495 4.296828 0.000000
v 0.293715 4.449239 0.000000
v 0.293715 4.449239 0.000000
v 0.295641 4.374580 -0.022500
v 0.295641 4.374580 0.022500
v 0.295641 4.665420 -0.014167
v 0.295641 4.665420 0.014167
v 0.297825 4.591450 0.000000
v 0.297825 4.591450 0.000000
v 0.299613 4.448251 -0.014437
v 0.299613 4.448251 0.014437
v 0.301667 4.520000 0.000000
v 0.301667 4.520000 0.000000
v 0.302519 4.592236 -0.011490
v 0.302519 4.592236 0.011490
v 0.305100 4.668719 -0.010017
v 0.305100 4.668719 0.010017
v 0.307036 4.520000 -0.012964
v 0.307036 4.520000 0.012964
v 0.309018 4.670086 0.000000
v 0.310664 4.369340 -0.015910
v 0.310664 4.369340 0.015910
v 0.313851 4.445866 -0.020417
v 0.313851 4.445866 0.020417
v 0.313851 4.594134 -0.016250
v 0.313851 4.594134 0.016250
v 0.316886 4.367170 0.000000
v 0.320000 4.520000 -0.018333
v 0.320000 4.520000 0.018333
v 0.325184 4.596033 -0.011490
v 0.325184 4.596033 0.011490
v 0.328090 4.443481 -0.014437
v 0.328090 4.443481 0.014437
v 0.329878 4.596819 0.000000
v 0.332964 4.520000 -0.012964
v 0.332964 4.520000 0.012964
v 0.333987 4.442493 0.000000
v 0.338333 4.520000 0.000000
vt 0.500000 4.000000
vt 0.500000 4.200000
vt 0.500000 3.800000
vt 0.375000 4.000000
vt 0.625000 4.000000
vt 0.375000 4.200000
vt 0.625000 4.200000
vt 0.375000 3.800000
vt 0.625000 3.800000
vt 0.500000 4.400000
vt 0.500000 3.600000
vt 0.375000 4.400000
vt 0.625000 4.400000
vt 0.375000 3.600000
vt 0.625000 3.600000
vt 0.250000 4.000000
vt 0.750000 4.000000
vt 0.750000 4.600000
vt 0.250000 3.800000
vt 0.750000 3.800000
vt 0.250000 4.200000
vt 0.750000 4.200000
vt 0.250000 3.400000
vt 0.625000 4.600000
vt 0.875000 4.600000
vt 0.250000 3.600000
vt 0.750000 3.600000
vt 0.250000 4.400000
vt 0.750000 4.400000
vt 0.125000 3.400000
vt 0.375000 3.400000
vt 0.125000 4.000000
vt 0.875000 4.000000
vt 0.125000 3.800000
vt 0.875000 3.800000
vt 0.125000 4.200000
vt 0.875000 4.200000
vt 0.750000 4.800000
vt 0.000000 0.000000
vt 1.000000 0.000000
vt 0.000000 4.000000
vt 1.000000 4.000000
vt 0.000000 3.400000
vt 1.000000 3.400000
vt 0.500000 3.400000
vt 0.500000 4.600000
vt 0.000000 4.600000
vt 1.000000 4.600000
vt 0.000000 3.800000
vt 1.000000 3.800000
vt 0.125000 3.600000
vt 0.875000 3.600000
vt 0.625000 4.800000
vt 0.000000 0.000000
vt 1.000000 0.000000
vt 0.875000 4.800000
vt 0.000000 0.000000
vt 1.000000 0.000000
vt 0.000000 4.200000
vt 1.000000 4.200000
vt 0.250000 3.200000
vt 0.125000 4.400000
vt 0.875000 4.400000
vt 0.000000 3.600000
vt 1.000000 3.600000
vt 0.125000 3.200000
vt 0.375000 3.200000
vt 0.000000 4.400000
vt 1.000000 4.400000
vt 0.875000 3.400000
vt 0.625000 3.400000
vt 0.375000 4.600000
vt 0.125000 4.600000
vt 0.750000 3.400000
vt 0.000000 3.200000
vt 1.000000 3.200000
vt 0.500000 3.200000
vt 0.500000 4.800000
vt 0.000000 0.000000
vt 1.000000 0.000000
vt 0.500000 0.500000
vt 0.000000 4.800000
vt 1.000000 4.800000
vt 0.000000 0.000000
vt 1.000000 0.000000
vt 0.250000 4.600000
vt 0.250000 3.000000
vt 0.875000 3.200000
vt 0.625000 3.200000
vt 0.125000 3.000000
vt 0.375000 3.000000
vt 0.750000 3.200000
vt 0.000000 0.000000
vt 1.000000 0.000000
vt 0.375000 4.800000
vt 0.000000 0.000000
vt 1.000000 0.000000
vt 0.125000 4.800000
vt 0.000000 3.000000
vt 1.000000 3.000000
vt 0.500000 3.000000
vt 0.000000 0.000000
vt 1.000000 0.000000
vt 0.250000 4.800000
vt 0.875000 3.000000
vt 0.625000 3.000000
vt 0.750000 3.000000
vt 0.250000 2.800000
vt 0.125000 2.800000
vt 0.375000 2.800000
vt 0.000000 2.800000
vt 1.000000 2.800000
vt 0.500000 2.800000
vt 0.875000 2.800000
vt 0.625000 2.800000
vt 0.750000 2.800000
vt 0.250000 2.600000
vt 0.125000 2.600000
vt 0.375000 2.600000
vt 0.000000 2.600000
vt 1.000000 2.600000
vt 0.500000 2.600000
vt 0.875000 2.600000
vt 0.625000 2.600000
vt 0.750000 2.600000
vt 0.500000 0.000000
vt 0.000000 0.000000
vt 1.000000 0.000000
vt 0.500000 0.200000
vt 0.000000 0.000000
vt 1.000000 0.000000
vt 0.375000 0.000000
vt 0.000000 0.000000
vt 1.000000 0.000000
vt 0.625000 0.000000
vt 0.000000 0.000000
vt 1.000000 0.000000
vt 0.375000 0.200000
vt 0.000000 0.000000
vt 1.000000 0.000000
vt 0.625000 0.200000
vt 0.000000 0.000000
vt 1.000000 0.000000
vt 0.000000 0.000000
vt 1.000000 0.000000
vt 0.250000 0.000000
vt 0.500000 0.500000
vt 0.000000 0.000000
vt 1.000000 0.000000
vt 0.750000 0.000000
vt 0.250000 2.400000
vt 0.125000 2.400000
vt 0.375000 2.400000
vt 0.000000 2.400000
vt 1.000000 2.400000
vt 0.500000 2.400000
vt 0.875000 2.400000
vt 0.625000 2.400000
vt 0.750000 2.400000
vt 0.250000 0.200000
vt 0.000000 0.000000
vt 1.000000 0.000000
vt 0.500000 0.500000
vt 0.750000 0.200000
vt 0.000000 0.000000
vt 1.000000 0.000000
vt 0.000000 0.000000
vt 1.000000 0.000000
vt 0.125000 0.000000
vt 0.000000 0.000000
vt 1.000000 0.000000
vt 0.875000 0.000000
vt 0.000000 0.000000
vt 1.000000 0.000000
vt 0.125000 0.200000
vt 0.000000 0.000000
vt 1.000000 0.000000
vt 0.875000 0.200000
vt 0.000000 0.000000
vt 1.000000 0.000000
vt 0.000000 0.000000
vt 1.000000 0.000000
vt 0.000000 0.000000
vt 1.000000 0.000000
vt 0.000000 0.200000
vt 1.000000 0.200000
vt 0.750000 2.200000
vt 0.875000 2.200000
vt 0.625000 2.200000
vt 0.000000 2.200000
vt 1.000000 2.200000
vt 0.500000 2.200000
vt 0.125000 2.200000
vt 0.375000 2.200000
vt 0.250000 2.200000
vt 0.750000 2.000000
vt 0.875000 2.000000
vt 0.625000 2.000000
vt 0.000000 2.000000
vt 1.000000 2.000000
vt 0.500000 2.000000
vt 0.125000 2.000000
vt 0.375000 2.000000
vt 0.250000 2.000000
vt 0.750000 1.800000
vt 0.875000 1.800000
vt 0.625000 1.800000
vt 0.000000 1.800000
vt 1.000000 1.800000
vt 0.500000 1.800000
vt 0.125000 1.800000
vt 0.375000 1.800000
vt 0.250000 1.800000
vt 0.750000 1.600000
vt 0.875000 1.600000
vt 0.625000 1.600000
vt 0.250000 0.000000
vt 0.000000 0.000000
vt 1.000000 0.000000
vt 0.375000 0.000000
vt 0.000000 0.000000
vt 1.000000 0.000000
vt 0.125000 0.000000
vt 0.000000 0.000000
vt 1.000000 0.000000
vt 0.000000 1.600000
vt 1.000000 1.600000
vt 0.500000 1.600000
vt 0.000000 0.000000
vt 1.000000 0.000000
vt 0.500000 0.000000
vt 0.500000 0.500000
vt 0.000000 0.000000
vt 1.000000 0.000000
vt 0.000000 0.000000
vt 1.000000 0.000000
vt 0.000000 0.000000
vt 1.000000 0.000000
vt 0.625000 0.000000
vt 0.000000 0.000000
vt 1.000000 0.000000
vt 0.875000 0.000000
vt 0.000000 0.000000
vt 1.000000 0.000000
vt 0.750000 0.000000
vt 0.125000 1.600000
vt 0.375000 1.600000
vt 0.750000 1.400000
vt 0.250000 1.600000
vt 0.875000 1.400000
vt 0.625000 1.400000
vt 0.250000 0.200000
vt 0.375000 0.200000
vt 0.125000 0.200000
vt 0.000000 1.400000
vt 1.000000 1.400000
vt 0.500000 1.400000
vt 0.500000 0.200000
vt 0.000000 0.200000
vt 1.000000 0.200000
vt 0.625000 0.200000
vt 0.875000 0.200000
vt 0.000000 1.200000
vt 1.000000 1.200000
vt 0.750000 0.200000
vt 0.125000 1.200000
vt 0.875000 1.200000
vt 0.125000 1.400000
vt 0.375000 1.400000
vt 0.000000 0.400000
vt 1.000000 0.400000
vt 0.125000 0.400000
vt 0.875000 0.400000
vt 0.250000 1.400000
vt 0.000000 1.000000
vt 1.000000 1.000000
vt 0.250000 1.200000
vt 0.750000 1.200000
vt 0.250000 0.400000
vt 0.750000 0.400000
vt 0.000000 0.600000
vt 1.000000 0.600000
vt 0.125000 1.000000
vt 0.875000 1.000000
vt 0.000000 0.800000
vt 1.000000 0.800000
vt 0.125000 0.600000
vt 0.875000 0.600000
vt 0.375000 0.400000
vt 0.625000 0.400000
vt 0.125000 0.800000
vt 0.875000 0.800000
vt 0.500000 0.400000
vt 0.375000 1.200000
vt 0.625000 1.200000
vt 0.250000 1.000000
vt 0.750000 1.000000
vt 0.250000 0.600000
vt 0.750000 0.600000
vt 0.500000 1.200000
vt 0.250000 0.800000
vt 0.750000 0.800000
vt 0.375000 0.600000
vt 0.625000 0.600000
vt 0.375000 1.000000
vt 0.625000 1.000000
vt 0.500000 0.600000
vt 0.375000 0.800000
vt 0.625000 0.800000
vt 0.500000 1.000000
vt 0.500000 0.800000
vn -1.000000 0.000000 0.000000
vn -0.986259 0.165204 0.000000
vn -0.986259 -0.165204 0.000000
vn -0.707107 0.000000 -0.707107
vn -0.707107 0.000000 0.707107
vn -0.697391 0.116817 -0.707107
vn -0.697391 0.116817 0.707107
vn -0.697391 -0.116817 -0.707107
vn -0.697391 -0.116817 0.707107
vn -0.944208 0.329350 0.000000
vn -0.944208 -0.329350 0.000000
vn -0.667656 0.232886 -0.707107
vn -0.667656 0.232886 0.707107
vn -0.667656 -0.232886 -0.707107
vn -0.667656 -0.232886 0.707107
vn 0.000000 0.000000 -1.000000
vn 0.000000 0.000000 1.000000
vn -0.871510 0.490378 0.000000
vn 0.000000 0.000000 -1.000000
vn 0.000000 0.000000 1.000000
vn 0.000000 0.000000 -1.000000
vn 0.000000 0.000000 1.000000
vn -0.871510 -0.490378 0.000000
vn -0.616250 0.346750 -0.707107
vn -0.616250 0.346750 0.707107
vn 0.000000 0.000000 -1.000000
vn 0.000000 0.000000 1.000000
vn 0.000000 0.000000 -1.000000
vn 0.000000 0.000000 1.000000
vn -0.616250 -0.346750 -0.707107
vn -0.616250 -0.346750 0.707107
vn 0.707107 0.000000 -0.707107
vn 0.707107 0.000000 0.707107
vn 0.697391 0.116817 -0.707107
vn 0.697391 0.116817 0.707107
vn 0.697391 -0.116817 -0.707107
vn 0.697391 -0.116817 0.707107
vn -0.822658 0.568537 0.000000
vn 0.568537 0.822658 0.000000
vn 0.568537 0.822658 0.000000
vn 1.000000 0.000000 0.000000
vn 1.000000 0.000000 0.000000
vn 0.000000 0.000000 -1.000000
vn 0.000000 0.000000 -1.000000
vn 0.000000 0.000000 1.000000
vn 0.000000 0.000000 -1.000000
vn 0.000000 0.000000 1.000000
vn 0.000000 0.000000 1.000000
vn 0.986259 0.165204 0.000000
vn 0.986259 0.165204 0.000000
vn 0.667656 0.232886 -0.707107
vn 0.667656 0.232886 0.707107
vn -0.581707 0.402016 -0.707107
vn 0.568537 0.822658 0.000000
vn 0.568537 0.822658 0.000000
vn -0.581707 0.402016 0.707107
vn 0.568537 0.822658 0.000000
vn 0.568537 0.822658 0.000000
vn 0.986259 -0.165204 0.000000
vn 0.986259 -0.165204 0.000000
vn -0.764911 -0.644136 0.000000
vn 0.667656 -0.232886 -0.707107
vn 0.667656 -0.232886 0.707107
vn 0.944208 0.329350 0.000000
vn 0.944208 0.329350 0.000000
vn -0.540874 -0.455473 -0.707107
vn -0.540874 -0.455473 0.707107
vn 0.944208 -0.329350 0.000000
vn 0.944208 -0.329350 0.000000
vn 0.616250 0.346750 -0.707107
vn 0.616250 0.346750 0.707107
vn 0.616250 -0.346750 -0.707107
vn 0.616250 -0.346750 0.707107
vn 0.871510 0.490378 0.000000
vn 0.000000 0.000000 -1.000000
vn 0.000000 0.000000 -1.000000
vn 0.000000 0.000000 1.000000
vn 0.000000 0.000000 -1.000000
vn 0.568537 0.822658 0.000000
vn 0.568537 0.822658 0.000000
vn 0.568537 0.822658 0.000000
vn 0.000000 0.000000 1.000000
vn 0.000000 0.000000 1.000000
vn 0.568537 0.822658 0.000000
vn 0.568537 0.822658 0.000000
vn 0.871510 -0.490378 0.000000
vn -0.621567 -0.783361 0.000000
vn 0.540874 0.455473 -0.707107
vn 0.540874 0.455473 0.707107
vn -0.439514 -0.553920 -0.707107
vn -0.439514 -0.553920 0.707107
vn 0.764911 0.644136 0.000000
vn 0.568537 0.822658 0.000000
vn 0.568537 0.822658 0.000000
vn 0.581707 -0.402016 -0.707107
vn 0.568537 0.822658 0.000000
vn 0.568537 0.822658 0.000000
vn 0.581707 -0.402016 0.707107
vn 0.000000 0.000000 -1.000000
vn 0.000000 0.000000 -1.000000
vn 0.000000 0.000000 1.000000
vn 0.568537 0.822658 0.000000
vn 0.568537 0.822658 0.000000
vn 0.822658 -0.568537 0.000000
vn 0.439514 0.553920 -0.707107
vn 0.439514 0.553920 0.707107
vn 0.621567 0.783361 0.000000
vn -0.441374 -0.897323 0.000000
vn -0.312099 -0.634503 -0.707107
vn -0.312099 -0.634503 0.707107
vn 0.000000 0.000000 -1.000000
vn 0.000000 0.000000 -1.000000
vn 0.000000 0.000000 1.000000
vn 0.312099 0.634503 -0.707107
vn 0.312099 0.634503 0.707107
vn 0.441374 0.897323 0.000000
vn -0.229882 -0.973218 0.000000
vn -0.162551 -0.688169 -0.707107
vn -0.162551 -0.688169 0.707107
vn 0.000000 0.000000 -1.000000
vn 0.000000 0.000000 -1.000000
vn 0.000000 0.000000 1.000000
vn 0.162551 0.688169 -0.707107
vn 0.162551 0.688169 0.707107
vn 0.229882 0.973218 0.000000
vn -1.000000 0.000000 0.000000
vn 0.000000 -1.000000 0.000000
vn 0.000000 -1.000000 0.000000
vn -1.000000 0.000000 0.000000
vn 0.000000 1.000000 0.000000
vn 0.000000 1.000000 0.000000
vn -0.707107 0.000000 -0.707107
vn 0.000000 -1.000000 0.000000
vn 0.000000 -1.000000 0.000000
vn -0.707107 0.000000 0.707107
vn 0.000000 -1.000000 0.000000
vn 0.000000 -1.000000 0.000000
vn -0.707107 0.000000 -0.707107
vn 0.000000 1.000000 0.000000
vn 0.000000 1.000000 0.000000
vn -0.707107 0.000000 0.707107
vn 0.000000 1.000000 0.000000
vn 0.000000 1.000000 0.000000
vn 0.000000 -1.000000 0.000000
vn 0.000000 -1.000000 0.000000
vn 0.000000 0.000000 -1.000000
vn 0.000000 -1.000000 0.000000
vn 0.000000 -1.000000 0.000000
vn 0.000000 -1.000000 0.000000
vn 0.000000 0.000000 1.000000
vn 0.000000 -1.000000 0.000000
vn 0.000000 -0.707107 -0.707107
vn 0.000000 -0.707107 0.707107
vn 0.000000 0.000000 -1.000000
vn 0.000000 0.000000 -1.000000
vn 0.000000 0.000000 1.000000
vn 0.000000 0.707107 -0.707107
vn 0.000000 0.707107 0.707107
vn 0.000000 1.000000 0.000000
vn 0.000000 0.000000 -1.000000
vn 0.000000 1.000000 0.000000
vn 0.000000 1.000000 0.000000
vn 0.000000 1.000000 0.000000
vn 0.000000 0.000000 1.000000
vn 0.000000 1.000000 0.000000
vn 0.000000 1.000000 0.000000
vn 0.000000 -1.000000 0.000000
vn 0.000000 -1.000000 0.000000
vn 0.707107 0.000000 -0.707107
vn 0.000000 -1.000000 0.000000
vn 0.000000 -1.000000 0.000000
vn 0.707107 0.000000 0.707107
vn 0.000000 1.000000 0.000000
vn 0.000000 1.000000 0.000000
vn 0.707107 0.000000 -0.707107
vn 0.000000 1.000000 0.000000
vn 0.000000 1.000000 0.000000
vn 0.707107 0.000000 0.707107
vn 0.000000 -1.000000 0.000000
vn 0.000000 -1.000000 0.000000
vn 1.000000 0.000000 0.000000
vn 1.000000 0.000000 0.000000
vn 0.000000 1.000000 0.000000
vn 0.000000 1.000000 0.000000
vn 1.000000 0.000000 0.000000
vn 1.000000 0.000000 0.000000
vn -0.229882 0.973218 0.000000
vn -0.162551 0.688169 -0.707107
vn -0.162551 0.688169 0.707107
vn 0.000000 0.000000 -1.000000
vn 0.000000 0.000000 -1.000000
vn 0.000000 0.000000 1.000000
vn 0.162551 -0.688169 -0.707107
vn 0.162551 -0.688169 0.707107
vn 0.229882 -0.973218 0.000000
vn -0.441374 0.897323 0.000000
vn -0.312099 0.634503 -0.707107
vn -0.312099 0.634503 0.707107
vn 0.000000 0.000000 -1.000000
vn 0.000000 0.000000 -1.000000
vn 0.000000 0.000000 1.000000
vn 0.312099 -0.634503 -0.707107
vn 0.312099 -0.634503 0.707107
vn 0.441374 -0.897323 0.000000
vn -0.621567 0.783361 0.000000
vn -0.439514 0.553920 -0.707107
vn -0.439514 0.553920 0.707107
vn 0.000000 0.000000 -1.000000
vn 0.000000 0.000000 -1.000000
vn 0.000000 0.000000 1.000000
vn 0.439514 -0.553920 -0.707107
vn 0.439514 -0.553920 0.707107
vn 0.621567 -0.783361 0.000000
vn -0.764911 0.644136 0.000000
vn -0.540874 0.455473 -0.707107
vn -0.540874 0.455473 0.707107
vn -0.822658 -0.568537 0.000000
vn -0.568537 0.822658 0.000000
vn -0.568537 0.822658 0.000000
vn -0.581707 -0.402016 -0.707107
vn -0.568537 0.822658 0.000000
vn -0.568537 0.822658 0.000000
vn -0.581707 -0.402016 0.707107
vn -0.568537 0.822658 0.000000
vn -0.568537 0.822658 0.000000
vn 0.000000 0.000000 -1.000000
vn 0.000000 0.000000 -1.000000
vn 0.000000 0.000000 1.000000
vn -0.568537 0.822658 0.000000
vn -0.568537 0.822658 0.000000
vn 0.000000 0.000000 -1.000000
vn -0.568537 0.822658 0.000000
vn -0.568537 0.822658 0.000000
vn -0.568537 0.822658 0.000000
vn 0.000000 0.000000 1.000000
vn 0.000000 0.000000 1.000000
vn -0.568537 0.822658 0.000000
vn -0.568537 0.822658 0.000000
vn 0.581707 0.402016 -0.707107
vn -0.568537 0.822658 0.000000
vn -0.568537 0.822658 0.000000
vn 0.581707 0.402016 0.707107
vn -0.568537 0.822658 0.000000
vn -0.568537 0.822658 0.000000
vn 0.822658 0.568537 0.000000
vn 0.540874 -0.455473 -0.707107
vn 0.540874 -0.455473 0.707107
vn -0.871510 0.490378 0.000000
vn 0.764911 -0.644136 0.000000
vn -0.616250 0.346750 -0.707107
vn -0.616250 0.346750 0.707107
vn -0.871510 -0.490378 0.000000
vn -0.616250 -0.346750 -0.707107
vn -0.616250 -0.346750 0.707107
vn 0.000000 0.000000 -1.000000
vn 0.000000 0.000000 -1.000000
vn 0.000000 0.000000 1.000000
vn 0.000000 0.000000 -1.000000
vn 0.000000 0.000000 1.000000
vn 0.000000 0.000000 1.000000
vn 0.616250 0.346750 -0.707107
vn 0.616250 0.346750 0.707107
vn -0.944208 0.329350 0.000000
vn -0.944208 0.329350 0.000000
vn 0.871510 0.490378 0.000000
vn -0.667656 0.232886 -0.707107
vn -0.667656 0.232886 0.707107
vn 0.616250 -0.346750 -0.707107
vn 0.616250 -0.346750 0.707107
vn -0.944208 -0.329350 0.000000
vn -0.944208 -0.329350 0.000000
vn -0.667656 -0.232886 -0.707107
vn -0.667656 -0.232886 0.707107
vn 0.871510 -0.490378 0.000000
vn -0.986259 0.165204 0.000000
vn -0.986259 0.165204 0.000000
vn 0.000000 0.000000 -1.000000
vn 0.000000 0.000000 1.000000
vn 0.000000 0.000000 -1.000000
vn 0.000000 0.000000 1.000000
vn -0.986259 -0.165204 0.000000
vn -0.986259 -0.165204 0.000000
vn -0.697391 0.116817 -0.707107
vn -0.697391 0.116817 0.707107
vn -1.000000 0.000000 0.000000
vn -1.000000 0.000000 0.000000
vn -0.697391 -0.116817 -0.707107
vn -0.697391 -0.116817 0.707107
vn 0.667656 0.232886 -0.707107
vn 0.667656 0.232886 0.707107
vn -0.707107 0.000000 -0.707107
vn -0.707107 0.000000 0.707107
vn 0.944208 0.329350 0.000000
vn 0.667656 -0.232886 -0.707107
vn 0.667656 -0.232886 0.707107
vn 0.000000 0.000000 -1.000000
vn 0.000000 0.000000 1.000000
vn 0.000000 0.000000 -1.000000
vn 0.000000 0.000000 1.000000
vn 0.944208 -0.329350 0.000000
vn 0.000000 0.000000 -1.000000
vn 0.000000 0.000000 1.000000
vn 0.697391 0.116817 -0.707107
vn 0.697391 0.116817 0.707107
vn 0.697391 -0.116817 -0.707107
vn 0.697391 -0.116817 0.707107
vn 0.986259 0.165204 0.000000
vn 0.707107 0.000000 -0.707107
vn 0.707107 0.000000 0.707107
vn 0.986259 -0.165204 0.000000
vn 1.000000 0.000000 0.000000
usemtl Trim
s 1
f 1805/1805/1805 1793/1793/1793 1799/1799/1799
f 1805/1805/1805 1799/1799/1799 1809/1809/1809
f 1793/1793/1793 1770/1770/1770 1784/1784/1784
f 1793/1793/1793 1784/1784/1784 1799/1799/1799
f 1770/1770/1770 1756/1756/1756 1762/1762/1762
f 1770/1770/1770 1762/1762/1762 1784/1784/1784
f 1756/1756/1756 1750/1750/1750 1753/1753/1753
f 1756/1756/1756 1753/1753/1753 1762/1762/1762
f 1750/1750/1750 1759/1759/1759 1765/1765/1765
f 1750/1750/1750 1765/1765/1765 1753/1753/1753
f 1759/1759/1759 1774/1774/1774 1788/1788/1788
f 1759/1759/1759 1788/1788/1788 1765/1765/1765
f 1774/1774/1774 1796/1796/1796 1802/1802/1802
f 1774/1774/1774 1802/1802/1802 1788/1788/1788
f 1796/1796/1796 1806/1806/1806 1810/1810/1810
f 1796/1796/1796 1810/1810/1810 1802/1802/1802
f 1771/1771/1771 1792/1792/1792 1803/1803/1803
f 1771/1771/1771 1769/1769/1769 1791/1791/1791
f 1771/1771/1771 1758/1758/1758 1768/1768/1768
f 1771/1771/1771 1752/1752/1752 1757/1757/1757
f 1771/1771/1771 1761/1761/1761 1751/1751/1751
f 1771/1771/1771 1773/1773/1773 1760/1760/1760
f 1771/1771/1771 1795/1795/1795 1772/1772/1772
f 1771/1771/1771 1804/1804/1804 1794/1794/1794
f 1787/1787/1787 1807/1807/1807 1798/1798/1798
f 1787/1787/1787 1797/1797/1797 1786/1786/1786
f 1787/1787/1787 1785/1785/1785 1764/1764/1764
f 1787/1787/1787 1763/1763/1763 1755/1755/1755
f 1787/1787/1787 1754/1754/1754 1767/1767/1767
f 1787/1787/1787 1766/1766/1766 1790/1790/1790
f 1787/1787/1787 1789/1789/1789 1801/1801/1801
f 1787/1787/1787 1800/1800/1800 1808/1808/1808
f 1859/1859/1859 1847/1847/1847 1878/1878/1878
f 1859/1859/1859 1878/1878/1878 1883/1883/1883
f 1847/1847/1847 1841/1841/1841 1876/1876/1876
f 1847/1847/1847 1876/1876/1876 1878/1878/1878
f 1841/1841/1841 1844/1844/1844 1877/1877/1877
f 1841/1841/1841 1877/1877/1877 1876/1876/1876
f 1844/1844/1844 1855/1855/1855 1882/1882/1882
f 1844/1844/1844 1882/1882/1882 1877/1877/1877
f 1855/1855/1855 1863/1863/1863 1885/1885/1885
f 1855/1855/1855 1885/1885/1885 1882/1882/1882
f 1863/1863/1863 1869/1869/1869 1889/1889/1889
f 1863/1863/1863 1889/1889/1889 1885/1885/1885
f 1869/1869/1869 1866/1866/1866 1886/1886/1886
f 1869/1869/1869 1886/1886/1886 1889/1889/1889
f 1866/1866/1866 1860/1860/1860 1884/1884/1884
f 1866/1866/1866 1884/1884/1884 1886/1886/1886
f 1883/1883/1883 1878/1878/1878 1896/1896/1896
f 1883/1883/1883 1896/1896/1896 1894/1894/1894
f 1878/1878/1878 1876/1876/1876 1903/1903/1903
f 1878/1878/1878 1903/1903/1903 1896/1896/1896
f 1876/1876/1876 1877/1877/1877 1913/1913/1913
f 1876/1876/1876 1913/1913/1913 1903/1903/1903
f 1877/1877/1877 1882/1882/1882 1917/1917/1917
f 1877/1877/1877 1917/1917/1917 1913/1913/1913
f 1882/1882/1882 1885/1885/1885 1914/1914/1914
f 1882/1882/1882 1914/1914/1914 1917/1917/1917
f 1885/1885/1885 1889/1889/1889 1904/1904/1904
f 1885/1885/1885 1904/1904/1904 1914/1914/1914
f 1889/1889/1889 1886/1886/1886 1897/1897/1897
f 1889/1889/1889 1897/1897/1897 1904/1904/1904
f 1886/1886/1886 1884/1884/1884 1895/1895/1895
f 1886/1886/1886 1895/1895/1895 1897/1897/1897
f 1894/1894/1894 1896/1896/1896 1911/1911/1911
f 1894/1894/1894 1911/1911/1911 1905/1905/1905
f 1896/1896/1896 1903/1903/1903 1922/1922/1922
f 1896/1896/1896 1922/1922/1922 1911/1911/1911
f 1903/1903/1903 1913/1913/1913 1927/1927/1927
f 1903/1903/1903 1927/1927/1927 1922/1922/1922
f 1913/1913/1913 1917/1917/1917 1931/1931/1931
f 1913/1913/1913 1931/1931/1931 1927/1927/1927
f 1917/1917/1917 1914/1914/1914 1928/1928/1928
f 1917/1917/1917 1928/1928/1928 1931/1931/1931
f 1914/1914/1914 1904/1904/1904 1923/1923/1923
f 1914/1914/1914 1923/1923/1923 1928/1928/1928
f 1904/1904/1904 1897/1897/1897 1912/1912/1912
f 1904/1904/1904 1912/1912/1912 1923/1923/1923
f 1897/1897/1897 1895/1895/1895 1906/1906/1906
f 1897/1897/1897 1906/1906/1906 1912/1912/1912
f 1905/1905/1905 1911/1911/1911 1915/1915/1915
f 1905/1905/1905 1915/1915/1915 1909/1909/1909
f 1911/1911/1911 1922/1922/1922 1925/1925/1925
f 1911/1911/1911 1925/1925/1925 1915/1915/1915
f 1922/1922/1922 1927/1927/1927 1932/1932/1932
f 1922/1922/1922 1932/1932/1932 1925/1925/1925
f 1927/1927/1927 1931/1931/1931 1935/1935/1935
f 1927/1927/1927 1935/1935/1935 1932/1932/1932
f 1931/1931/1931 1928/1928/1928 1933/1933/1933
f 1931/1931/1931 1933/1933/1933 1935/1935/1935
f 1928/1928/1928 1923/1923/1923 1926/1926/1926
f 1928/1928/1928 1926/1926/1926 1933/1933/1933
f 1923/1923/1923 1912/1912/1912 1916/1916/1916
f 1923/1923/1923 1916/1916/1916 1926/1926/1926
f 1912/1912/1912 1906/1906/1906 1910/1910/1910
f 1912/1912/1912 1910/1910/1910 1916/1916/1916
f 1909/1909/1909 1915/1915/1915 1907/1907/1907
f 1909/1909/1909 1907/1907/1907 1899/1899/1899
f 1915/1915/1915 1925/1925/1925 1920/1920/1920
f 1915/1915/1915 1920/1920/1920 1907/1907/1907
f 1925/1925/1925 1932/1932/1932 1929/1929/1929
f 1925/1925/1925 1929/1929/1929 1920/1920/1920
f 1932/1932/1932 1935/1935/1935 1934/1934/1934
f 1932/1932/1932 1934/1934/1934 1929/1929/1929
f 1935/1935/1935 1933/1933/1933 1930/1930/1930
f 1935/1935/1935 1930/1930/1930 1934/1934/1934
f 1933/1933/1933 1926/1926/1926 1921/1921/1921
f 1933/1933/1933 1921/1921/1921 1930/1930/1930
f 1926/1926/1926 1916/1916/1916 1908/1908/1908
f 1926/1926/1926 1908/1908/1908 1921/1921/1921
f 1916/1916/1916 1910/1910/1910 1900/1900/1900
f 1916/1916/1916 1900/1900/1900 1908/1908/1908
f 1899/1899/1899 1907/1907/1907 1890/1890/1890
f 1899/1899/1899 1890/1890/1890 1887/1887/1887
f 1907/1907/1907 1920/1920/1920 1901/1901/1901
f 1907/1907/1907 1901/1901/1901 1890/1890/1890
f 1920/1920/1920 1929/1929/1929 1918/1918/1918
f 1920/1920/1920 1918/1918/1918 1901/1901/1901
f 1929/1929/1929 1934/1934/1934 1924/1924/1924
f 1929/1929/1929 1924/1924/1924 1918/1918/1918
f 1934/1934/1934 1930/1930/1930 1919/1919/1919
f 1934/1934/1934 1919/1919/1919 1924/1924/1924
f 1930/1930/1930 1921/1921/1921 1902/1902/1902
f 1930/1930/1930 1902/1902/1902 1919/1919/1919
f 1921/1921/1921 1908/1908/1908 1891/1891/1891
f 1921/1921/1921 1891/1891/1891 1902/1902/1902
f 1908/1908/1908 1900/1900/1900 1888/1888/1888
f 1908/1908/1908 1888/1888/1888 1891/1891/1891
f 1887/1887/1887 1890/1890/1890 1892/1892/1892
f 1887/1887/1887 1892/1892/1892 1879/1879/1879
f 1890/1890/1890 1901/1901/1901 1898/1898/1898
f 1890/1890/1890 1898/1898/1898 1892/1892/1892
f 1901/1901/1901 1918/1918/1918 1893/1893/1893
f 1901/1901/1901 1893/1893/1893 1898/1898/1898
f 1918/1918/1918 1924/1924/1924 1881/1881/1881
f 1918/1918/1918 1881/1881/1881 1893/1893/1893
f 1924/1924/1924 1919/1919/1919 1875/1875/1875
f 1924/1924/1924 1875/1875/1875 1881/1881/1881
f 1919/1919/1919 1902/1902/1902 1872/1872/1872
f 1919/1919/1919 1872/1872/1872 1875/1875/1875
f 1902/1902/1902 1891/1891/1891 1874/1874/1874
f 1902/1902/1902 1874/1874/1874 1872/1872/1872
f 1891/1891/1891 1888/1888/1888 1880/1880/1880
f 1891/1891/1891 1880/1880/1880 1874/1874/1874
f 1879/1879/1879 1892/1892/1892 1870/1870/1870
f 1879/1879/1879 1870/1870/1870 1850/1850/1850
f 1892/1892/1892 1898/1898/1898 1873/1873/1873
f 1892/1892/1892 1873/1873/1873 1870/1870/1870
f 1898/1898/1898 1893/1893/1893 1871/1871/1871
f 1898/1898/1898 1871/1871/1871 1873/1873/1873
f 1893/1893/1893 1881/1881/1881 1852/1852/1852
f 1893/1893/1893 1852/1852/1852 1871/1871/1871
f 1881/1881/1881 1875/1875/1875 1840/1840/1840
f 1881/1881/1881 1840/1840/1840 1852/1852/1852
f 1875/1875/1875 1872/1872/1872 1838/1838/1838
f 1875/1875/1875 1838/1838/1838 1840/1840/1840
f 1872/1872/1872 1874/1874/1874 1839/1839/1839
f 1872/1872/1872 1839/1839/1839 1838/1838/1838
f 1874/1874/1874 1880/1880/1880 1851/1851/1851
f 1874/1874/1874 1851/1851/1851 1839/1839/1839
f 1850/1850/1850 1870/1870/1870 1835/1835/1835
f 1850/1850/1850 1835/1835/1835 1832/1832/1832
f 1870/1870/1870 1873/1873/1873 1837/1837/1837
f 1870/1870/1870 1837/1837/1837 1835/1835/1835
f 1873/1873/1873 1871/1871/1871 1836/1836/1836
f 1873/1873/1873 1836/1836/1836 1837/1837/1837
f 1871/1871/1871 1852/1852/1852 1834/1834/1834
f 1871/1871/1871 1834/1834/1834 1836/1836/1836
f 1852/1852/1852 1840/1840/1840 1831/1831/1831
f 1852/1852/1852 1831/1831/1831 1834/1834/1834
f 1840/1840/1840 1838/1838/1838 1829/1829/1829
f 1840/1840/1840 1829/1829/1829 1831/1831/1831
f 1838/1838/1838 1839/1839/1839 1830/1830/1830
f 1838/1838/1838 1830/1830/1830 1829/1829/1829
f 1839/1839/1839 1851/1851/1851 1833/1833/1833
f 1839/1839/1839 1833/1833/1833 1830/1830/1830
f 1832/1832/1832 1835/1835/1835 1826/1826/1826
f 1832/1832/1832 1826/1826/1826 1823/1823/1823
f 1835/1835/1835 1837/1837/1837 1828/1828/1828
f 1835/1835/1835 1828/1828/1828 1826/1826/1826
f 1837/1837/1837 1836/1836/1836 1827/1827/1827
f 1837/1837/1837 1827/1827/1827 1828/1828/1828
f 1836/1836/1836 1834/1834/1834 1825/1825/1825
f 1836/1836/1836 1825/1825/1825 1827/1827/1827
f 1834/1834/1834 1831/1831/1831 1822/1822/1822
f 1834/1834/1834 1822/1822/1822 1825/1825/1825
f 1831/1831/1831 1829/1829/1829 1820/1820/1820
f 1831/1831/1831 1820/1820/1820 1822/1822/1822
f 1829/1829/1829 1830/1830/1830 1821/1821/1821
f 1829/1829/1829 1821/1821/1821 1820/1820/1820
f 1830/1830/1830 1833/1833/1833 1824/1824/1824
f 1830/1830/1830 1824/1824/1824 1821/1821/1821
f 1823/1823/1823 1826/1826/1826 1817/1817/1817
f 1823/1823/1823 1817/1817/1817 1814/1814/1814
f 1826/1826/1826 1828/1828/1828 1819/1819/1819
f 1826/1826/1826 1819/1819/1819 1817/1817/1817
f 1828/1828/1828 1827/1827/1827 1818/1818/1818
f 1828/1828/1828 1818/1818/1818 1819/1819/1819
f 1827/1827/1827 1825/1825/1825 1816/1816/1816
f 1827/1827/1827 1816/1816/1816 1818/1818/1818
f 1825/1825/1825 1822/1822/1822 1813/1813/1813
f 1825/1825/1825 1813/1813/1813 1816/1816/1816
f 1822/1822/1822 1820/1820/1820 1811/1811/1811
f 1822/1822/1822 1811/1811/1811 1813/1813/1813
f 1820/1820/1820 1821/1821/1821 1812/1812/1812
f 1820/1820/1820 1812/1812/1812 1811/1811/1811
f 1821/1821/1821 1824/1824/1824 1815/1815/1815
f 1821/1821/1821 1815/1815/1815 1812/1812/1812
f 1814/1814/1814 1817/1817/1817 1776/1776/1776
f 1814/1814/1814 1776/1776/1776 1778/1778/1778
f 1817/1817/1817 1819/1819/1819 1775/1775/1775
f 1817/1817/1817 1775/1775/1775 1776/1776/1776
f 1819/1819/1819 1818/1818/1818 1777/1777/1777
f 1819/1819/1819 1777/1777/1777 1775/1775/1775
f 1818/1818/1818 1816/1816/1816 1780/1780/1780
f 1818/1818/1818 1780/1780/1780 1777/1777/1777
f 1816/1816/1816 1813/1813/1813 1782/1782/1782
f 1816/1816/1816 1782/1782/1782 1780/1780/1780
f 1813/1813/1813 1811/1811/1811 1783/1783/1783
f 1813/1813/1813 1783/1783/1783 1782/1782/1782
f 1811/1811/1811 1812/1812/1812 1781/1781/1781
f 1811/1811/1811 1781/1781/1781 1783/1783/1783
f 1812/1812/1812 1815/1815/1815 1779/1779/1779
f 1812/1812/1812 1779/1779/1779 1781/1781/1781
f 1778/1778/1778 1776/1776/1776 1742/1742/1742
f 1778/1778/1778 1742/1742/1742 1744/1744/1744
f 1776/1776/1776 1775/1775/1775 1741/1741/1741
f 1776/1776/1776 1741/1741/1741 1742/1742/1742
f 1775/1775/1775 1777/1777/1777 1743/1743/1743
f 1775/1775/1775 1743/1743/1743 1741/1741/1741
f 1777/1777/1777 1780/1780/1780 1746/1746/1746
f 1777/1777/1777 1746/1746/1746 1743/1743/1743
f 1780/1780/1780 1782/1782/1782 1748/1748/1748
f 1780/1780/1780 1748/1748/1748 1746/1746/1746
f 1782/1782/1782 1783/1783/1783 1749/1749/1749
f 1782/1782/1782 1749/1749/1749 1748/1748/1748
f 1783/1783/1783 1781/1781/1781 1747/1747/1747
f 1783/1783/1783 1747/1747/1747 1749/1749/1749
f 1781/1781/1781 1779/1779/1779 1745/1745/1745
f 1781/1781/1781 1745/1745/1745 1747/1747/1747
f 1744/1744/1744 1742/1742/1742 1733/1733/1733
f 1744/1744/1744 1733/1733/1733 1735/1735/1735
f 1742/1742/1742 1741/1741/1741 1732/1732/1732
f 1742/1742/1742 1732/1732/1732 1733/1733/1733
f 1741/1741/1741 1743/1743/1743 1734/1734/1734
f 1741/1741/1741 1734/1734/1734 1732/1732/1732
f 1743/1743/1743 1746/1746/1746 1737/1737/1737
f 1743/1743/1743 1737/1737/1737 1734/1734/1734
f 1746/1746/1746 1748/1748/1748 1739/1739/1739
f 1746/1746/1746 1739/1739/1739 1737/1737/1737
f 1748/1748/1748 1749/1749/1749 1740/1740/1740
f 1748/1748/1748 1740/1740/1740 1739/1739/1739
f 1749/1749/1749 1747/1747/1747 1738/1738/1738
f 1749/1749/1749 1738/1738/1738 1740/1740/1740
f 1747/1747/1747 1745/1745/1745 1736/1736/1736
f 1747/1747/1747 1736/1736/1736 1738/1738/1738
f 1735/1735/1735 1733/1733/1733 1714/1714/1714
f 1735/1735/1735 1714/1714/1714 1723/1723/1723
f 1733/1733/1733 1732/1732/1732 1711/1711/1711
f 1733/1733/1733 1711/1711/1711 1714/1714/1714
f 1732/1732/1732 1734/1734/1734 1715/1715/1715
f 1732/1732/1732 1715/1715/1715 1711/1711/1711
f 1734/1734/1734 1737/1737/1737 1725/1725/1725
f 1734/1734/1734 1725/1725/1725 1715/1715/1715
f 1737/1737/1737 1739/1739/1739 1730/1730/1730
f 1737/1737/1737 1730/1730/1730 1725/1725/1725
f 1739/1739/1739 1740/1740/1740 1731/1731/1731
f 1739/1739/1739 1731/1731/1731 1730/1730/1730
f 1740/1740/1740 1738/1738/1738 1729/1729/1729
f 1740/1740/1740 1729/1729/1729 1731/1731/1731
f 1738/1738/1738 1736/1736/1736 1724/1724/1724
f 1738/1738/1738 1724/1724/1724 1729/1729/1729
f 1723/1723/1723 1714/1714/1714 1690/1690/1690
f 1723/1723/1723 1690/1690/1690 1699/1699/1699
f 1714/1714/1714 1711/1711/1711 1685/1685/1685
f 1714/1714/1714 1685/1685/1685 1690/1690/1690
f 1711/1711/1711 1715/1715/1715 1691/1691/1691
f 1711/1711/1711 1691/1691/1691 1685/1685/1685
f 1715/1715/1715 1725/1725/1725 1701/1701/1701
f 1715/1715/1715 1701/1701/1701 1691/1691/1691
f 1725/1725/1725 1730/1730/1730 1713/1713/1713
f 1725/1725/1725 1713/1713/1713 1701/1701/1701
f 1730/1730/1730 1731/1731/1731 1716/1716/1716
f 1730/1730/1730 1716/1716/1716 1713/1713/1713
f 1731/1731/1731 1729/1729/1729 1712/1712/1712
f 1731/1731/1731 1712/1712/1712 1716/1716/1716
f 1729/1729/1729 1724/1724/1724 1700/1700/1700
f 1729/1729/1729 1700/1700/1700 1712/1712/1712
f 1699/1699/1699 1690/1690/1690 1654/1654/1654
f 1699/1699/1699 1654/1654/1654 1667/1667/1667
f 1690/1690/1690 1685/1685/1685 1647/1647/1647
f 1690/1690/1690 1647/1647/1647 1654/1654/1654
f 1685/1685/1685 1691/1691/1691 1655/1655/1655
f 1685/1685/1685 1655/1655/1655 1647/1647/1647
f 1691/1691/1691 1701/1701/1701 1669/1669/1669
f 1691/1691/1691 1669/1669/1669 1655/1655/1655
f 1701/1701/1701 1713/1713/1713 1695/1695/1695
f 1701/1701/1701 1695/1695/1695 1669/1669/1669
f 1713/1713/1713 1716/1716/1716 1698/1698/1698
f 1713/1713/1713 1698/1698/1698 1695/1695/1695
f 1716/1716/1716 1712/1712/1712 1694/1694/1694
f 1716/1716/1716 1694/1694/1694 1698/1698/1698
f 1712/1712/1712 1700/1700/1700 1668/1668/1668
f 1712/1712/1712 1668/1668/1668 1694/1694/1694
f 1667/1667/1667 1654/1654/1654 1675/1675/1675
f 1667/1667/1667 1675/1675/1675 1688/1688/1688
f 1654/1654/1654 1647/1647/1647 1650/1650/1650
f 1654/1654/1654 1650/1650/1650 1675/1675/1675
f 1647/1647/1647 1655/1655/1655 1638/1638/1638
f 1647/1647/1647 1638/1638/1638 1650/1650/1650
f 1655/1655/1655 1669/1669/1669 1635/1635/1635
f 1655/1655/1655 1635/1635/1635 1638/1638/1638
f 1669/1669/1669 1695/1695/1695 1639/1639/1639
f 1669/1669/1669 1639/1639/1639 1635/1635/1635
f 1695/1695/1695 1698/1698/1698 1651/1651/1651
f 1695/1695/1695 1651/1651/1651 1639/1639/1639
f 1698/1698/1698 1694/1694/1694 1676/1676/1676
f 1698/1698/1698 1676/1676/1676 1651/1651/1651
f 1694/1694/1694 1668/1668/1668 1689/1689/1689
f 1694/1694/1694 1689/1689/1689 1676/1676/1676
f 1688/1688/1688 1675/1675/1675 1658/1658/1658
f 1688/1688/1688 1658/1658/1658 1673/1673/1673
f 1675/1675/1675 1650/1650/1650 1643/1643/1643
f 1675/1675/1675 1643/1643/1643 1658/1658/1658
f 1650/1650/1650 1638/1638/1638 1632/1632/1632
f 1650/1650/1650 1632/1632/1632 1643/1643/1643
f 1638/1638/1638 1635/1635/1635 1627/1627/1627
f 1638/1638/1638 1627/1627/1627 1632/1632/1632
f 1635/1635/1635 1639/1639/1639 1633/1633/1633
f 1635/1635/1635 1633/1633/1633 1627/1627/1627
f 1639/1639/1639 1651/1651/1651 1644/1644/1644
f 1639/1639/1639 1644/1644/1644 1633/1633/1633
f 1651/1651/1651 1676/1676/1676 1659/1659/1659
f 1651/1651/1651 1659/1659/1659 1644/1644/1644
f 1676/1676/1676 1689/1689/1689 1674/1674/1674
f 1676/1676/1676 1674/1674/1674 1659/1659/1659
f 1673/1673/1673 1658/1658/1658 1656/1656/1656
f 1673/1673/1673 1656/1656/1656 1665/1665/1665
f 1658/1658/1658 1643/1643/1643 1640/1640/1640
f 1658/1658/1658 1640/1640/1640 1656/1656/1656
f 1643/1643/1643 1632/1632/1632 1628/1628/1628
f 1643/1643/1643 1628/1628/1628 1640/1640/1640
f 1632/1632/1632 1627/1627/1627 1625/1625/1625
f 1632/1632/1632 1625/1625/1625 1628/1628/1628
f 1627/1627/1627 1633/1633/1633 1629/1629/1629
f 1627/1627/1627 1629/1629/1629 1625/1625/1625
f 1633/1633/1633 1644/1644/1644 1641/1641/1641
f 1633/1633/1633 1641/1641/1641 1629/1629/1629
f 1644/1644/1644 1659/1659/1659 1657/1657/1657
f 1644/1644/1644 1657/1657/1657 1641/1641/1641
f 1659/1659/1659 1674/1674/1674 1666/1666/1666
f 1659/1659/1659 1666/1666/1666 1657/1657/1657
f 1665/1665/1665 1656/1656/1656 1660/1660/1660
f 1665/1665/1665 1660/1660/1660 1683/1683/1683
f 1656/1656/1656 1640/1640/1640 1645/1645/1645
f 1656/1656/1656 1645/1645/1645 1660/1660/1660
f 1640/1640/1640 1628/1628/1628 1630/1630/1630
f 1640/1640/1640 1630/1630/1630 1645/1645/1645
f 1628/1628/1628 1625/1625/1625 1626/1626/1626
f 1628/1628/1628 1626/1626/1626 1630/1630/1630
f 1625/1625/1625 1629/1629/1629 1631/1631/1631
f 1625/1625/1625 1631/1631/1631 1626/1626/1626
f 1629/1629/1629 1641/1641/1641 1646/1646/1646
f 1629/1629/1629 1646/1646/1646 1631/1631/1631
f 1641/1641/1641 1657/1657/1657 1661/1661/1661
f 1641/1641/1641 1661/1661/1661 1646/1646/1646
f 1657/1657/1657 1666/1666/1666 1684/1684/1684
f 1657/1657/1657 1684/1684/1684 1661/1661/1661
f 1683/1683/1683 1660/1660/1660 1686/1686/1686
f 1683/1683/1683 1686/1686/1686 1692/1692/1692
f 1660/1660/1660 1645/1645/1645 1652/1652/1652
f 1660/1660/1660 1652/1652/1652 1686/1686/1686
f 1645/1645/1645 1630/1630/1630 1636/1636/1636
f 1645/1645/1645 1636/1636/1636 1652/1652/1652
f 1630/1630/1630 1626/1626/1626 1634/1634/1634
f 1630/1630/1630 1634/1634/1634 1636/1636/1636
f 1626/1626/1626 1631/1631/1631 1637/1637/1637
f 1626/1626/1626 1637/1637/1637 1634/1634/1634
f 1631/1631/1631 1646/1646/1646 1653/1653/1653
f 1631/1631/1631 1653/1653/1653 1637/1637/1637
f 1646/1646/1646 1661/1661/1661 1687/1687/1687
f 1646/1646/1646 1687/1687/1687 1653/1653/1653
f 1661/1661/1661 1684/1684/1684 1693/1693/1693
f 1661/1661/1661 1693/1693/1693 1687/1687/1687
f 1692/1692/1692 1686/1686/1686 1697/1697/1697
f 1692/1692/1692 1697/1697/1697 1671/1671/1671
f 1686/1686/1686 1652/1652/1652 1710/1710/1710
f 1686/1686/1686 1710/1710/1710 1697/1697/1697
f 1652/1652/1652 1636/1636/1636 1696/1696/1696
f 1652/1652/1652 1696/1696/1696 1710/1710/1710
f 1636/1636/1636 1634/1634/1634 1670/1670/1670
f 1636/1636/1636 1670/1670/1670 1696/1696/1696
f 1634/1634/1634 1637/1637/1637 1648/1648/1648
f 1634/1634/1634 1648/1648/1648 1670/1670/1670
f 1637/1637/1637 1653/1653/1653 1642/1642/1642
f 1637/1637/1637 1642/1642/1642 1648/1648/1648
f 1653/1653/1653 1687/1687/1687 1649/1649/1649
f 1653/1653/1653 1649/1649/1649 1642/1642/1642
f 1687/1687/1687 1693/1693/1693 1672/1672/1672
f 1687/1687/1687 1672/1672/1672 1649/1649/1649
f 1671/1671/1671 1697/1697/1697 1722/1722/1722
f 1671/1671/1671 1722/1722/1722 1706/1706/1706
f 1697/1697/1697 1710/1710/1710 1728/1728/1728
f 1697/1697/1697 1728/1728/1728 1722/1722/1722
f 1710/1710/1710 1696/1696/1696 1719/1719/1719
f 1710/1710/1710 1719/1719/1719 1728/1728/1728
f 1696/1696/1696 1670/1670/1670 1702/1702/1702
f 1696/1696/1696 1702/1702/1702 1719/1719/1719
f 1670/1670/1670 1648/1648/1648 1677/1677/1677
f 1670/1670/1670 1677/1677/1677 1702/1702/1702
f 1648/1648/1648 1642/1642/1642 1662/1662/1662
f 1648/1648/1648 1662/1662/1662 1677/1677/1677
f 1642/1642/1642 1649/1649/1649 1680/1680/1680
f 1642/1642/1642 1680/1680/1680 1662/1662/1662
f 1649/1649/1649 1672/1672/1672 1707/1707/1707
f 1649/1649/1649 1707/1707/1707 1680/1680/1680
f 1856/1856/1856 1849/1849/1849 1857/1857/1857
f 1856/1856/1856 1843/1843/1843 1848/1848/1848
f 1856/1856/1856 1846/1846/1846 1842/1842/1842
f 1856/1856/1856 1854/1854/1854 1845/1845/1845
f 1856/1856/1856 1862/1862/1862 1853/1853/1853
f 1856/1856/1856 1868/1868/1868 1861/1861/1861
f 1856/1856/1856 1865/1865/1865 1867/1867/1867
f 1856/1856/1856 1858/1858/1858 1864/1864/1864
f 1705/1705/1705 1708/1708/1708 1721/1721/1721
f 1705/1705/1705 1720/1720/1720 1727/1727/1727
f 1705/1705/1705 1726/1726/1726 1718/1718/1718
f 1705/1705/1705 1717/1717/1717 1704/1704/1704
f 1705/1705/1705 1703/1703/1703 1679/1679/1679
f 1705/1705/1705 1678/1678/1678 1664/1664/1664
f 1705/1705/1705 1663/1663/1663 1682/1682/1682
f 1705/1705/1705 1681/1681/1681 1709/1709/1709
